# timestamp workers_connected workers_init workers_idle workers_busy workers_able workers_joined workers_removed workers_released workers_idled_out workers_blocked workers_slow workers_lost tasks_waiting tasks_on_workers tasks_running tasks_with_results tasks_submitted tasks_dispatched tasks_done tasks_failed tasks_successful tasks_cancelled tasks_exhausted_attempts tasks_recovery time_send time_receive time_send_good time_receive_good time_status_msgs time_internal time_polling time_application time_scheduling time_execute time_execute_good time_execute_exhaustion bytes_sent bytes_received bandwidth capacity_tasks capacity_cores capacity_memory capacity_disk capacity_instantaneous capacity_weighted total_cores total_memory total_disk committed_cores committed_memory committed_disk max_cores max_memory max_disk min_cores min_memory min_disk inuse_cache
1790010024164196 0 0 0 0 0 0 0 0 0 0 0 0 0 0 0 0 0 0 0 0 0 0 0 0 0 0 0 0 0 0 0 0 0 0 0 0 0 0 1.000000 0 0 0 0 0 0 0 0 0 0 0 0 0 0 0 0 0 0 0
1790010024165326 0 0 0 0 0 0 0 0 0 0 0 0 0 0 0 0 0 0 0 0 0 0 0 0 0 0 0 0 0 0 0 0 0 0 0 0 0 0 1.000000 10 10 5120 10240 10 10 0 0 0 0 0 0 0 0 0 0 0 0 0
1790010036505665 0 0 0 0 0 0 0 0 0 0 0 0 226 0 0 0 225 0 0 0 0 0 0 0 0 0 0 0 0 0 0 0 0 0 0 0 0 0 1.000000 10 10 5120 10240 10 10 0 0 0 0 0 0 0 0 0 0 0 0 0
1790010043369843 0 0 0 0 0 0 0 0 0 0 0 0 451 0 0 0 450 0 0 0 0 0 0 0 0 0 0 0 0 0 0 0 0 0 0 0 0 0 1.000000 10 10 5120 10240 10 10 0 0 0 0 0 0 0 0 0 0 0 0 0
1790010051109839 6 0 6 0 6 6 0 0 0 0 0 0 674 1 1 0 675 0 0 0 0 0 0 0 0 3 0 0 1526 8387 8 19293660 97 0 0 0 328856177 0 1.000000 10 10 5120 10240 10 10 72 96000 150000 0 0 0 12 16000 25000 12 16000 25000 314
1790010057439392 6 0 5 1 6 6 0 0 0 0 0 0 673 2 2 0 675 1 0 0 0 0 0 0 0 3 0 0 1526 8387 8 19293660 210 0 0 0 648634789 0 1.000000 10 10 5120 10240 10 10 72 96000 150000 12 16000 2314 12 16000 25000 12 16000 25000 619
1790010057439459 6 0 4 2 6 6 0 0 0 0 0 0 673 2 2 0 675 2 0 0 0 0 0 0 13970507 3 0 0 1526 8387 8 19293660 210 0 0 0 648634789 0 44.278007 10 10 5120 10240 10 10 72 96000 150000 24 32000 4619 12 16000 25000 12 16000 25000 619
1790010057444393 6 0 5 1 6 6 0 0 0 0 0 0 673 1 1 0 675 2 1 0 1 0 0 0 13970507 1181 0 1096 5103 8430 14 19293773 210 2601847 2601847 0 648634789 0 44.274274 10 10 5120 10240 10 10 72 96000 150000 12 16000 2740 12 16000 25000 12 16000 25000 306
1790010059406137 10 0 0 10 10 10 0 0 0 0 0 0 637 36 36 0 675 38 2 0 2 0 0 0 15929243 1315 0 1126 6456 8924 726 19293904 263499 3616993 3616993 0 702859815 0 42.076326 10 120 160000 20000 1 10 120 160000 250000 117 156000 37874 12 16000 25000 12 16000 25000 358
1790010059522338 10 0 0 10 10 10 0 0 0 0 0 0 636 36 36 0 675 39 3 0 3 0 0 0 16044540 1396 0 1139 6621 9096 996 19294030 364096 4509464 4509464 0 704141728 0 41.849966 10 75 100000 15000 273 37 120 160000 250000 117 156000 37867 12 16000 25000 12 16000 25000 358
1790010059946295 10 0 1 9 10 10 0 0 0 0 0 0 635 36 36 0 675 40 4 0 4 0 0 0 16464941 2616 0 2258 6973 9745 2008 19294141 732435 7002746 7002746 0 705706876 0 40.869118 10 60 80000 13334 11 35 120 160000 250000 108 144000 36132 12 16000 25000 12 16000 25000 55
1790010060055712 10 0 0 10 10 10 0 0 0 0 0 0 631 39 39 0 675 44 5 0 5 0 0 0 16573784 2698 0 2272 7146 9810 2122 19294238 783153 9563557 9563557 0 712023440 0 40.963967 10 75 100000 15000 1 33 120 160000 250000 117 156000 39141 12 16000 25000 12 16000 25000 62
1790010060847207 10 0 0 10 10 10 0 0 0 0 0 0 630 39 39 0 675 45 6 0 6 0 0 0 17362300 2848 0 2286 7501 10577 3369 19294392 1390085 12015963 12015963 0 713253460 0 39.171074 10 66 88000 14000 51 35 120 160000 250000 117 156000 39143 12 16000 25000 12 16000 25000 65
1790010061441717 10 0 0 10 10 10 0 0 0 0 0 0 629 39 39 0 675 46 7 0 7 0 0 0 17954285 2974 0 2306 7878 11186 4457 19294478 1920033 14728850 14728850 0 714817611 0 37.962542 10 60 80000 13334 396 72 120 160000 250000 117 156000 39138 12 16000 25000 12 16000 25000 68
1790010062211130 10 0 0 10 10 10 0 0 0 0 0 0 628 39 39 0 675 47 8 0 8 0 0 0 18720721 3113 0 2323 8267 11941 5749 19294587 2551540 15431954 15431954 0 716368914 0 36.487326 10 56 74286 12858 315 97 120 160000 250000 117 156000 39138 12 16000 25000 12 16000 25000 68
1790010062977771 10 0 0 10 10 10 0 0 0 0 0 0 627 39 39 0 675 48 9 0 9 0 0 0 19484145 3261 0 2340 8656 12801 7137 19294690 3233209 20913033 20913033 0 717928903 0 35.133991 10 53 70000 12500 11 89 120 160000 250000 117 156000 39145 12 16000 25000 12 16000 25000 75
1790010063072441 10 0 0 10 10 10 0 0 0 0 0 0 626 39 39 0 675 49 10 0 10 0 0 0 19578091 3368 0 2355 8788 12906 7317 19294840 3316107 25255720 25255720 0 719488376 0 35.041188 10 50 66667 12223 110 93 120 160000 250000 117 156000 39144 12 16000 25000 12 16000 25000 82
1790010063155143 10 0 0 10 10 10 0 0 0 0 0 0 625 39 39 0 675 50 11 0 11 0 0 0 19660160 3451 0 2370 8914 13006 7472 19294957 3388191 29743620 29743620 0 721047112 0 34.970388 10 48 64000 12000 866 169 120 160000 250000 117 156000 39144 12 16000 25000 12 16000 25000 89
1790010063336699 10 0 0 10 10 10 0 0 0 0 0 0 624 39 39 0 675 51 12 0 12 0 0 0 19840758 3543 0 2383 9069 13210 7808 19295026 3548400 34392845 34392845 0 722573783 0 34.725338 10 47 61819 11819 1196 270 120 160000 250000 117 156000 39151 12 16000 25000 12 16000 25000 96
1790010063744148 10 0 0 10 10 10 0 0 0 0 0 0 623 39 39 0 675 52 13 0 13 0 0 0 20246366 3657 0 2395 9323 13681 8547 19295128 3908491 39747950 39747950 0 724102752 0 34.101601 10 45 60000 11667 205 264 120 160000 250000 117 156000 39159 12 16000 25000 12 16000 25000 105
1790010063767976 10 0 0 10 10 10 0 0 0 0 0 0 622 39 38 1 675 53 14 0 14 0 0 0 20269916 3728 0 2407 9421 13689 8554 19295204 3909510 49467336 45119209 0 725666108 0 34.135409 10 44 58462 11539 1647 400 120 160000 250000 114 152000 39174 12 16000 25000 12 16000 25000 120
1790010063768129 10 0 0 10 10 10 0 0 0 0 0 0 622 38 38 0 675 53 15 0 15 0 0 0 20269916 3798 0 2421 9421 13696 8557 19295261 3909510 49467336 49467336 0 725666108 0 34.135291 10 43 57143 11429 83 370 120 160000 250000 114 152000 38173 12 16000 25000 12 16000 25000 119
1790010063821915 10 0 0 10 10 10 0 0 0 0 0 0 620 39 39 0 675 55 16 0 16 0 0 0 20323486 3869 0 2432 9500 13704 8564 19295296 3910527 54900693 54900693 0 728714410 0 34.188226 10 42 56000 11334 319 366 120 160000 250000 117 156000 39183 12 16000 25000 12 16000 25000 128
1790010063948224 10 0 0 10 10 10 0 0 0 0 0 0 619 39 39 0 675 56 17 0 17 0 0 0 20449085 3957 0 2447 9621 13838 8799 19295361 4021318 60154286 60154286 0 730232993 0 34.048942 10 42 55000 11250 1323 460 120 160000 250000 117 156000 39182 12 16000 25000 12 16000 25000 135
1790010063958777 10 0 0 10 10 10 0 0 0 0 0 0 618 39 39 0 675 57 18 0 18 0 0 0 20459371 4027 0 2458 9703 13856 8819 19295419 4029252 66547170 66547170 0 731459090 0 34.088852 10 41 54118 11177 911 505 120 160000 250000 117 156000 39189 12 16000 25000 12 16000 25000 143
1790010064020818 10 0 0 10 10 10 0 0 0 0 0 0 617 39 39 0 675 58 19 0 19 0 0 0 20520961 4107 0 2470 9803 13928 8931 19295468 4082572 71902764 71902764 0 733011661 0 34.058567 10 40 53334 11112 59 462 120 160000 250000 117 156000 39198 12 16000 25000 12 16000 25000 151
1790010064069400 10 0 0 10 10 10 0 0 0 0 0 0 616 39 39 0 675 59 20 0 20 0 0 0 20569122 4182 0 2482 9899 14000 9027 19295521 4124244 77319691 77319691 0 734623679 0 34.053438 10 40 52632 11053 1707 585 120 160000 250000 117 156000 39206 12 16000 25000 12 16000 25000 158
1790010064153926 10 0 0 10 10 10 0 0 0 0 0 0 615 39 38 1 675 60 21 0 21 0 0 0 20653385 4252 0 2493 10005 14008 9033 19295576 4125279 88201706 82722597 0 736185581 0 33.986524 10 39 52000 11000 224 550 120 160000 250000 117 156000 39224 12 16000 25000 12 16000 25000 175
1790010064154073 10 0 0 10 10 10 0 0 0 0 0 0 615 38 38 0 675 60 22 0 22 0 0 0 20653385 4322 0 2507 10005 14015 9036 19295627 4125279 88201706 88201706 0 736185581 0 33.986409 10 39 51429 10953 219 519 120 160000 250000 114 152000 38219 12 16000 25000 12 16000 25000 173
1790010064218018 10 0 0 10 10 10 0 0 0 0 0 0 613 39 39 0 675 62 23 0 23 0 0 0 20716879 4399 0 2520 10122 14089 9150 19295656 4178596 93685412 93685412 0 739223947 0 34.021979 10 39 50910 10910 217 490 120 160000 250000 117 156000 39228 12 16000 25000 12 16000 25000 181
1790010064293069 10 0 0 10 10 10 0 0 0 0 0 0 612 39 39 0 675 63 24 0 24 0 0 0 20791431 4476 0 2531 10223 14166 9270 19295723 4234888 99134654 99134654 0 740793161 0 33.971849 10 38 50435 10870 482 490 120 160000 250000 117 156000 39237 12 16000 25000 12 16000 25000 190
1790010064401592 10 0 0 10 10 10 0 0 0 0 0 0 611 39 39 0 675 64 25 0 25 0 0 0 20899316 4559 0 2545 10350 14284 9463 19295779 4329262 105735359 105735359 0 742358558 0 33.867802 10 38 50000 10834 58 449 120 160000 250000 117 156000 39245 12 16000 25000 12 16000 25000 198
1790010064420308 10 0 0 10 10 10 0 0 0 0 0 0 610 39 39 0 675 65 26 0 26 0 0 0 20917726 4636 0 2556 10429 14313 9499 19295833 4344117 111240362 111240362 0 743924338 0 33.909247 10 38 49600 10800 28 408 120 160000 250000 117 156000 39253 12 16000 25000 12 16000 25000 206
1790010064813225 10 0 0 10 10 10 0 0 0 0 0 0 609 39 39 0 675 66 27 0 27 0 0 0 21308943 4742 0 2571 10681 14721 10208 19295888 4688718 117891576 117891576 0 745437415 0 33.354369 10 37 49231 10770 76 377 120 160000 250000 117 156000 39253 12 16000 25000 12 16000 25000 214
1790010064817562 10 0 0 10 10 10 0 0 0 0 0 0 608 39 39 0 675 67 28 0 28 0 0 0 21312992 4817 0 2582 10737 14734 10217 19296005 4690734 124689998 124689998 0 747009444 0 33.418243 10 37 48889 10741 46 346 120 160000 250000 117 156000 39261 12 16000 25000 12 16000 25000 222
1790010064855761 10 0 0 10 10 10 0 0 0 0 0 0 607 39 39 0 675 68 29 0 29 0 0 0 21350918 4890 0 2594 10824 14755 10229 19296067 4694751 125391299 125391299 0 748272313 0 33.415176 10 37 48572 10715 31 316 120 160000 250000 117 156000 39261 12 16000 25000 12 16000 25000 223
1790010064933026 10 0 0 10 10 10 0 0 0 0 0 0 606 39 39 0 675 69 30 0 30 0 0 0 21427669 4969 0 2606 10929 14841 10371 19296122 4761361 131990622 131990622 0 749829601 0 33.364686 10 37 48276 10690 9 287 120 160000 250000 117 156000 39269 12 16000 25000 12 16000 25000 231
1790010064977373 10 0 0 10 10 10 0 0 0 0 0 0 605 39 39 0 675 70 31 0 31 0 0 0 21471606 5050 0 2617 11026 14883 10454 19296192 4799037 132560887 132560887 0 751379952 0 33.365146 10 36 48000 10667 79 268 120 160000 250000 117 156000 39270 12 16000 25000 12 16000 25000 231
1790010064993640 10 0 0 10 10 10 0 0 0 0 0 0 604 39 39 0 675 71 32 0 32 0 0 0 21487554 5135 0 2640 11111 14912 10484 19296252 4811988 139006175 139006175 0 752898044 0 33.407617 10 36 47742 10646 107 253 120 160000 250000 117 156000 39279 12 16000 25000 12 16000 25000 239
1790010065104838 10 0 0 10 10 10 0 0 0 0 0 0 603 39 39 0 675 72 33 0 33 0 0 0 21598419 5207 0 2650 11194 14953 10540 19296305 4837784 145857959 145857959 0 754420575 0 33.303276 10 36 47500 10625 42 233 120 160000 250000 117 156000 39287 12 16000 25000 12 16000 25000 248
1790010065180132 10 0 0 10 10 10 0 0 0 0 0 0 602 39 38 1 675 73 34 0 34 0 0 0 21673455 5282 0 2664 11288 14961 10547 19296362 4838801 158731241 152294106 0 755974726 0 33.256258 10 36 47273 10607 73 218 120 160000 250000 114 152000 39304 12 16000 25000 12 16000 25000 264
1790010065180325 10 0 0 10 10 10 0 0 0 0 0 0 602 38 38 0 675 73 35 0 35 0 0 0 21673455 5356 0 2678 11288 14968 10550 19296453 4838801 158731241 158731241 0 755974726 0 33.256145 10 36 47059 10589 126 210 120 160000 250000 114 152000 38302 12 16000 25000 12 16000 25000 263
1790010065283206 10 0 0 10 10 10 0 0 0 0 0 0 600 39 39 0 675 75 36 0 36 0 0 0 21775721 5447 0 2691 11420 15083 10730 19296488 4925151 165315960 165315960 0 759096583 0 33.236552 10 36 46858 10572 134 204 120 160000 250000 117 156000 39312 12 16000 25000 12 16000 25000 273
1790010065290367 10 0 0 10 10 10 0 0 0 0 0 0 599 39 39 0 675 76 37 0 37 0 0 0 21782613 5519 0 2703 11493 15095 10747 19296561 4930146 166447569 166447569 0 760655330 0 33.294155 10 35 46667 10556 897 272 120 160000 250000 117 156000 39313 12 16000 25000 12 16000 25000 274
1790010065325440 10 0 0 10 10 10 0 0 0 0 0 0 598 39 39 0 675 77 38 0 38 0 0 0 21817464 5594 0 2715 11548 15102 10754 19296621 4931159 167448795 167448795 0 762193983 0 33.308110 10 35 46487 10541 385 284 120 160000 250000 117 156000 39314 12 16000 25000 12 16000 25000 275
1790010065337399 10 0 0 10 10 10 0 0 0 0 0 0 597 39 39 0 675 78 39 0 39 0 0 0 21829192 5665 0 2726 11618 15118 10760 19296668 4932183 169438974 169438974 0 763753374 0 33.358221 10 35 46316 10527 33 261 120 160000 250000 117 156000 39317 12 16000 25000 12 16000 25000 277
1790010065344671 10 0 0 10 10 10 0 0 0 0 0 0 596 39 39 0 675 79 40 0 40 0 0 0 21836217 5738 0 2738 11696 15130 10774 19296718 4937224 176051346 176051346 0 765299749 0 33.414899 10 35 46154 10513 194 255 120 160000 250000 117 156000 39325 12 16000 25000 12 16000 25000 285
1790010065377663 10 0 0 10 10 10 0 0 0 0 0 0 595 39 39 0 675 80 41 0 41 0 0 0 21868905 5818 0 2751 11779 15158 10819 19296763 4956208 182392522 182392522 0 766810475 0 33.430707 10 35 46000 10500 617 292 120 160000 250000 117 156000 39325 12 16000 25000 12 16000 25000 294
1790010065380324 10 0 0 10 10 10 0 0 0 0 0 0 594 39 39 0 675 81 42 0 42 0 0 0 21871387 5878 0 2757 11821 15165 10825 19296811 4957218 188847127 188847127 0 768349349 0 33.493905 10 35 45854 10488 54 270 120 160000 250000 117 156000 39333 12 16000 25000 12 16000 25000 302
1790010065481539 10 0 0 10 10 10 0 0 0 0 0 0 593 39 39 0 675 82 43 0 43 0 0 0 21971966 5973 0 2770 11962 15273 11018 19296854 5043984 194157902 194157902 0 769900880 0 33.407805 10 35 45715 10477 692 312 120 160000 250000 117 156000 39342 12 16000 25000 12 16000 25000 309
1790010065488840 10 0 0 10 10 10 0 0 0 0 0 0 592 39 39 0 675 83 44 0 44 0 0 0 21978980 6045 0 2780 12047 15286 11032 19296936 5049038 200726141 200726141 0 771415978 0 33.462760 10 35 45582 10466 47 287 120 160000 250000 117 156000 39348 12 16000 25000 12 16000 25000 317
1790010065590949 10 0 0 10 10 10 0 0 0 0 0 0 591 39 38 1 675 84 45 0 45 0 0 0 22080840 6118 0 2793 12137 15295 11038 19296991 5050052 213960725 207500427 0 772922446 0 33.373373 11 38 50000 11500 1037 361 120 160000 250000 117 156000 39366 12 16000 25000 12 16000 25000 334
1790010065591103 10 0 0 10 10 10 0 0 0 0 0 0 591 38 38 0 675 84 46 0 46 0 0 0 22080840 6192 0 2807 12137 15302 11040 19297043 5050052 213960725 213960725 0 772922446 0 33.373261 11 38 49867 11489 57 332 120 160000 250000 114 152000 38361 12 16000 25000 12 16000 25000 332
1790010065868236 10 0 0 10 10 10 0 0 0 0 0 0 589 39 39 0 675 86 47 0 47 0 0 0 22356892 6282 0 2820 12327 15539 11455 19297075 5252841 216003257 216003257 0 776002054 0 33.092495 11 38 49740 11479 68 307 120 160000 250000 117 156000 39368 12 16000 25000 12 16000 25000 337
1790010066224556 10 0 0 10 10 10 0 0 0 0 0 0 588 39 39 0 675 87 48 0 48 0 0 0 22711769 6382 0 2835 12524 15881 12017 19297165 5534883 216840415 216840415 0 777554195 0 32.640573 11 38 49618 11469 565 333 120 160000 250000 117 156000 39369 12 16000 25000 12 16000 25000 337
1790010066329147 10 0 0 10 10 10 0 0 0 0 0 0 587 39 38 1 675 88 49 0 49 0 0 0 22816080 6454 0 2847 12620 15889 12023 19297244 5535908 226074476 219350025 0 779095491 0 32.555691 11 38 49500 11459 121 313 120 160000 250000 117 156000 39382 12 16000 25000 12 16000 25000 349
1790010066329307 10 0 0 10 10 10 0 0 0 0 0 0 587 38 38 0 675 88 50 0 50 0 0 0 22816080 6526 0 2865 12620 15896 12026 19297305 5535908 226074476 226074476 0 779095491 0 32.555588 11 38 49388 11449 34 287 120 160000 250000 114 152000 38376 12 16000 25000 12 16000 25000 348
1790010066569885 10 0 0 10 10 10 0 0 0 0 0 0 585 39 38 1 675 90 51 0 51 0 0 0 23056412 6601 0 2876 12729 15903 12032 19297336 5536956 239110983 232620065 0 782129225 0 32.341679 26 83 110368 26531 82 268 120 160000 250000 114 152000 39387 12 16000 25000 12 16000 25000 365
1790010066570038 10 0 0 10 10 10 0 0 0 0 0 0 585 38 38 0 675 90 52 0 52 0 0 0 23056412 6670 0 2889 12729 15910 12035 19297394 5536956 239110983 239110983 0 782129225 0 32.341582 26 83 110368 26531 87 251 120 160000 250000 114 152000 38386 12 16000 25000 12 16000 25000 363
1790010066608167 10 0 0 10 10 10 0 0 0 0 0 0 583 39 39 0 675 92 53 0 53 0 0 0 23094223 6743 0 2900 12832 15947 12084 19297426 5558972 245718537 245718537 0 784960968 0 32.405446 27 86 114613 27552 80 235 120 160000 250000 117 156000 39395 12 16000 25000 12 16000 25000 373
1790010066652150 10 0 0 10 10 10 0 0 0 0 0 0 582 39 39 0 675 93 54 0 54 0 0 0 23137920 6819 0 2911 12904 15964 12106 19297491 5567976 252369802 252369802 0 786483386 0 32.406890 89 267 356000 89000 123 225 120 160000 250000 117 156000 39404 12 16000 25000 12 16000 25000 381
1790010066807481 10 0 0 10 10 10 0 0 0 0 0 0 581 39 39 0 675 94 55 0 55 0 0 0 23292447 6910 0 2927 13052 16131 12383 19297546 5700530 253580031 253580031 0 788004124 0 32.254079 90 270 360000 90000 126 217 120 160000 250000 117 156000 39405 12 16000 25000 12 16000 25000 382
1790010066877528 10 0 0 10 10 10 0 0 0 0 0 0 580 39 39 0 675 95 56 0 56 0 0 0 23361993 6988 0 2940 13163 16200 12505 19297612 5759415 255380176 255380176 0 789531714 0 32.220323 90 270 360000 90000 202 217 120 160000 250000 117 156000 39406 12 16000 25000 12 16000 25000 384
1790010067434109 10 0 0 10 10 10 0 0 0 0 0 0 579 39 39 0 675 96 57 0 57 0 0 0 23916448 7113 0 2953 13419 16779 13404 19297667 6201960 261962237 261962237 0 791045961 0 31.533776 87 261 348000 87000 22 199 120 160000 250000 117 156000 39415 12 16000 25000 12 16000 25000 393
1790010067592509 10 0 0 10 10 10 0 0 0 0 0 0 578 39 39 0 675 97 58 0 58 0 0 0 24074172 7196 0 2965 13563 16896 13602 19297740 6299958 264266337 264266337 0 792604042 0 31.388836 91 273 364000 91000 1420 319 120 160000 250000 117 156000 39417 12 16000 25000 12 16000 25000 395
1790010068260075 10 0 0 10 10 10 0 0 0 0 0 0 577 39 39 0 675 98 59 0 59 0 0 0 24739238 7331 0 2980 13917 17514 14666 19297804 6827394 269542366 269542366 0 794122747 0 30.603615 92 276 368000 92000 459 333 120 160000 250000 117 156000 39424 12 16000 25000 12 16000 25000 402
1790010068534862 10 0 0 10 10 10 0 0 0 0 0 0 576 39 39 0 675 99 60 0 60 0 0 0 25012769 7424 0 2995 14096 17779 15129 19297948 7052717 275000827 275000827 0 795356528 0 30.315957 92 276 368000 92000 879 412 120 160000 250000 117 156000 39431 12 16000 25000 12 16000 25000 409
1790010068598238 10 0 0 10 10 10 0 0 0 0 0 0 575 39 39 0 675 100 61 0 61 0 0 0 25075665 7502 0 3007 14199 17845 15243 19298019 7105890 280439766 280439766 0 796868598 0 30.297335 92 276 368000 92000 1462 515 120 160000 250000 117 156000 39439 12 16000 25000 12 16000 25000 417
1790010068792522 10 0 0 10 10 10 0 0 0 0 0 0 574 39 39 0 675 101 62 0 62 0 0 0 25268993 7589 0 3021 14373 18063 15586 19298075 7271149 287014044 287014044 0 798383829 0 30.122671 93 279 372000 93000 1368 599 120 160000 250000 117 156000 39448 12 16000 25000 12 16000 25000 425
1790010069026161 10 0 0 10 10 10 0 0 0 0 0 0 573 39 39 0 675 102 63 0 63 0 0 0 25501526 7683 0 3034 14558 18311 15994 19298142 7470033 292086149 292086149 0 799937831 0 29.906069 94 282 376000 94000 953 634 120 160000 250000 117 156000 39455 12 16000 25000 12 16000 25000 432
1790010069176030 10 0 0 10 10 10 0 0 0 0 0 0 572 39 39 0 675 103 64 0 64 0 0 0 25650590 7778 0 3047 14669 18491 16252 19298224 7596218 297441160 297441160 0 801495919 0 29.790128 96 288 384000 96000 895 661 120 160000 250000 117 156000 39463 12 16000 25000 12 16000 25000 440
1790010069189010 10 0 0 10 10 10 0 0 0 0 0 0 571 39 39 0 675 104 65 0 65 0 0 0 25663286 7858 0 3057 14743 18507 16275 19298293 7605241 299973570 299973570 0 803055047 0 29.833223 95 285 380000 95000 102 608 120 160000 250000 117 156000 39465 12 16000 25000 12 16000 25000 443
1790010069222428 10 0 0 10 10 10 0 0 0 0 0 0 570 39 39 0 675 105 66 0 66 0 0 0 25696344 7942 0 3068 14828 18552 16334 19298354 7632249 305373731 305373731 0 804573301 0 29.851088 93 279 372000 93000 592 608 120 160000 250000 117 156000 39474 12 16000 25000 12 16000 25000 451
1790010069272791 10 0 0 10 10 10 0 0 0 0 0 0 569 39 39 0 675 106 67 0 67 0 0 0 25746455 8015 0 3079 14902 18564 16349 19298411 7637299 307833878 307833878 0 806142663 0 29.851034 94 282 376000 94000 1903 735 120 160000 250000 117 156000 39478 12 16000 25000 12 16000 25000 455
1790010069318949 10 0 0 10 10 10 0 0 0 0 0 0 568 39 39 0 675 107 68 0 68 0 0 0 25792205 8093 0 3091 14994 18623 16435 19298464 7675369 313128695 313128695 0 807641922 0 29.853429 96 288 384000 96000 493 712 120 160000 250000 117 156000 39485 12 16000 25000 12 16000 25000 462
1790010069687976 10 0 0 10 10 10 0 0 0 0 0 0 567 39 39 0 675 108 69 0 69 0 0 0 26159672 8201 0 3104 15240 19000 17069 19298518 7988673 318659100 318659100 0 809151146 0 29.489086 96 288 384000 96000 1682 808 120 160000 250000 117 156000 39494 12 16000 25000 12 16000 25000 471
1790010069854927 10 0 0 10 10 10 0 0 0 0 0 0 566 39 39 0 675 109 70 0 70 0 0 0 26325861 8284 0 3116 15368 19155 17315 19298585 8113916 324090971 324090971 0 810704355 0 29.359143 97 291 388000 97000 1646 890 120 160000 250000 117 156000 39502 12 16000 25000 12 16000 25000 479
1790010070090084 10 0 0 10 10 10 0 0 0 0 0 0 565 39 39 0 675 110 71 0 71 0 0 0 26559927 8382 0 3128 15542 19388 17737 19298647 8312795 324903063 324903063 0 812222650 0 29.154881 97 291 388000 97000 2103 1009 120 160000 250000 117 156000 39503 12 16000 25000 12 16000 25000 480
1790010070187306 10 0 0 10 10 10 0 0 0 0 0 0 564 39 39 0 675 111 72 0 72 0 0 0 26656543 8465 0 3142 15659 19500 17907 19298717 8394432 330235202 330235202 0 813740866 0 29.103451 96 288 384000 96000 162 927 120 160000 250000 117 156000 39509 12 16000 25000 12 16000 25000 487
1790010070264692 10 0 0 10 10 10 0 0 0 0 0 0 563 39 39 0 675 112 73 0 73 0 0 0 26733409 8548 0 3155 15764 19602 18038 19298775 8458670 331231250 331231250 0 815242343 0 29.073253 95 285 380000 95000 143 851 120 160000 250000 117 156000 39510 12 16000 25000 12 16000 25000 488
1790010070425729 10 0 0 10 10 10 0 0 0 0 0 0 562 39 39 0 675 113 74 0 74 0 0 0 26893780 8633 0 3168 15877 19741 18252 19298836 8559724 332334004 332334004 0 816795652 0 28.954913 95 285 380000 95000 22 771 120 160000 250000 117 156000 39512 12 16000 25000 12 16000 25000 489
1790010070458007 10 0 0 10 10 10 0 0 0 0 0 0 561 39 39 0 675 114 75 0 75 0 0 0 26925694 8715 0 3184 15958 19783 18309 19298910 8585777 337407372 337407372 0 818291018 0 28.973464 103 309 412000 103000 286 724 120 160000 250000 117 156000 39518 12 16000 25000 12 16000 25000 495
1790010070588089 10 0 0 10 10 10 0 0 0 0 0 0 560 39 39 0 675 115 76 0 76 0 0 0 27055067 8801 0 3195 16086 19927 18536 19298970 8694956 343762516 343762516 0 819850055 0 28.889808 106 318 424000 106000 744 726 120 160000 250000 117 156000 39527 12 16000 25000 12 16000 25000 503
1790010070623433 10 0 0 10 10 10 0 0 0 0 0 0 559 39 39 0 675 116 77 0 77 0 0 0 27090181 8880 0 3208 16147 19935 18542 19299030 8695986 350403925 350403925 0 821421771 0 28.907601 113 339 452000 113000 432 698 120 160000 250000 117 156000 39534 12 16000 25000 12 16000 25000 511
1790010070655806 10 0 0 10 10 10 0 0 0 0 0 0 558 39 39 0 675 117 78 0 78 0 0 0 27122194 8964 0 3221 16248 19974 18599 19299084 8722311 355719236 355719236 0 822979530 0 28.928159 125 375 500000 125000 288 659 120 160000 250000 117 156000 39543 12 16000 25000 12 16000 25000 519
1790010070685844 10 0 0 10 10 10 0 0 0 0 0 0 557 39 39 0 675 118 79 0 79 0 0 0 27151891 9046 0 3236 16337 20008 18651 19299136 8746532 357866751 357866751 0 824542641 0 28.951326 133 399 532000 133000 1809 772 120 160000 250000 117 156000 39546 12 16000 25000 12 16000 25000 522
1790010070746045 10 0 0 10 10 10 0 0 0 0 0 0 556 39 39 0 675 119 80 0 80 0 0 0 27211614 9128 0 3250 16467 20074 18754 19299196 8795973 363287711 363287711 0 826112847 0 28.942731 137 411 548000 137000 653 762 120 160000 250000 117 156000 39554 12 16000 25000 12 16000 25000 530
1790010071072004 10 0 0 10 10 10 0 0 0 0 0 0 555 39 39 0 675 120 81 0 81 0 0 0 27535868 9231 0 3262 16953 20423 19321 19299257 9059379 368767490 368767490 0 827682155 0 28.656249 137 411 548000 137000 157 704 120 160000 250000 117 156000 39560 12 16000 25000 12 16000 25000 537
1790010071223348 10 0 0 10 10 10 0 0 0 0 0 0 554 39 39 0 675 121 82 0 82 0 0 0 27686407 9320 0 3276 17093 20574 19579 19299340 9185881 374090304 374090304 0 829243253 0 28.554152 141 423 564000 141000 54 642 120 160000 250000 117 156000 39567 12 16000 25000 12 16000 25000 545
1790010071268368 10 0 0 10 10 10 0 0 0 0 0 0 553 39 39 0 675 122 83 0 83 0 0 0 27731186 9396 0 3287 17150 20582 19586 19299414 9186904 380005908 380005908 0 830770692 0 28.560492 146 438 584000 146000 166 597 120 160000 250000 117 156000 39576 12 16000 25000 12 16000 25000 554
1790010071413343 10 0 0 10 10 10 0 0 0 0 0 0 552 39 39 0 675 123 84 0 84 0 0 0 27875544 9475 0 3300 17272 20712 19764 19299464 9272281 386557543 386557543 0 832341849 0 28.466290 148 444 592000 148000 218 561 120 160000 250000 117 156000 39585 12 16000 25000 12 16000 25000 562
1790010071506997 10 0 0 10 10 10 0 0 0 0 0 0 551 39 39 0 675 124 85 0 85 0 0 0 27968750 9552 0 3312 17373 20774 19871 19299528 9322757 393245185 393245185 0 833615096 0 28.414780 152 456 608000 152000 1134 618 120 160000 250000 117 156000 39592 12 16000 25000 12 16000 25000 570
1790010071515554 10 0 0 10 10 10 0 0 0 0 0 0 550 39 39 0 675 125 86 0 86 0 0 0 27977046 9625 0 3325 17449 20786 19890 19299583 9328858 399574199 399574199 0 834896148 0 28.449937 152 456 608000 152000 1133 669 120 160000 250000 117 156000 39601 12 16000 25000 12 16000 25000 578
1790010071571736 10 0 0 10 10 10 0 0 0 0 0 0 549 39 39 0 675 126 87 0 87 0 0 0 28032778 9730 0 3345 17540 20859 19991 19299631 9374997 406207970 406207970 0 836406825 0 28.444664 155 465 620000 155000 1043 706 120 160000 250000 117 156000 39609 12 16000 25000 12 16000 25000 586
1790010071725146 10 0 0 10 10 10 0 0 0 0 0 0 548 39 38 1 675 127 88 0 88 0 0 0 28185928 9805 0 3358 17640 20867 19998 19299684 9376044 419332304 412852041 0 837928039 0 28.341538 162 486 648000 162000 1397 774 120 160000 250000 117 156000 39627 12 16000 25000 12 16000 25000 602
1790010071725303 10 0 0 10 10 10 0 0 0 0 0 0 548 38 38 0 675 127 89 0 89 0 0 0 28185928 9875 0 3372 17640 20875 20001 19299745 9376044 419332304 419332304 0 837928039 0 28.341468 155 465 620000 155000 65 706 120 160000 250000 114 152000 38621 12 16000 25000 12 16000 25000 601
1790010071815160 10 0 0 10 10 10 0 0 0 0 0 0 546 39 39 0 675 129 90 0 90 0 0 0 28275399 9954 0 3386 17745 20928 20089 19299774 9415312 425660902 425660902 0 841099012 0 28.358654 150 450 600000 150000 104 648 120 160000 250000 117 156000 39634 12 16000 25000 12 16000 25000 611
1790010071859422 10 0 0 10 10 10 0 0 0 0 0 0 545 39 38 1 675 130 91 0 91 0 0 0 28319383 10035 0 3398 17842 20936 20096 19299843 9416341 437582085 432327822 0 842658180 0 28.367030 162 486 648000 162000 1309 714 120 160000 250000 117 156000 39649 12 16000 25000 12 16000 25000 625
1790010071859573 10 0 0 10 10 10 0 0 0 0 0 0 545 38 38 0 675 130 92 0 92 0 0 0 28319383 10105 0 3411 17842 20943 20099 19299897 9416341 437582085 437582085 0 842658180 0 28.366960 154 462 616000 154000 77 653 120 160000 250000 114 152000 38644 12 16000 25000 12 16000 25000 624
1790010071907086 10 0 0 10 10 10 0 0 0 0 0 0 543 39 39 0 675 132 93 0 93 0 0 0 28366521 10184 0 3424 17948 20995 20178 19299927 9454117 442919949 442919949 0 845774634 0 28.424496 163 489 652000 163000 217 612 120 160000 250000 117 156000 39657 12 16000 25000 12 16000 25000 634
1790010072062866 10 0 0 10 10 10 0 0 0 0 0 0 542 39 39 0 675 133 94 0 94 0 0 0 28521616 10263 0 3435 18074 21122 20397 19299996 9558253 449623436 449623436 0 847297031 0 28.320792 147 441 588000 147000 33 557 120 160000 250000 117 156000 39665 12 16000 25000 12 16000 25000 642
1790010072130684 10 0 0 10 10 10 0 0 0 0 0 0 541 39 39 0 675 134 95 0 95 0 0 0 28588939 10340 0 3446 18196 21194 20519 19300060 9613774 456117837 456117837 0 848826052 0 28.305035 156 468 624000 156000 461 549 120 160000 250000 117 156000 39673 12 16000 25000 12 16000 25000 650
1790010072514691 10 0 0 10 10 10 0 0 0 0 0 0 540 39 39 0 675 135 96 0 96 0 0 0 28971388 10451 0 3462 18402 21564 21161 19300119 9924531 462303209 462303209 0 850345953 0 27.981423 162 486 648000 162000 152 512 120 160000 250000 117 156000 39681 12 16000 25000 12 16000 25000 658
1790010072544279 10 0 0 10 10 10 0 0 0 0 0 0 539 39 39 0 675 136 97 0 97 0 0 0 29000615 10534 0 3474 18488 21601 21211 19300192 9947823 464418159 464418159 0 851887924 0 28.003842 154 462 616000 154000 60 469 120 160000 250000 117 156000 39684 12 16000 25000 12 16000 25000 661
1790010072863189 10 0 0 10 10 10 0 0 0 0 0 0 538 39 39 0 675 137 98 0 98 0 0 0 29318161 10634 0 3488 18691 21923 21754 19300255 10212850 466621761 466621761 0 853440869 0 27.751043 155 465 620000 155000 620 485 120 160000 250000 117 156000 39687 12 16000 25000 12 16000 25000 664
1790010072922941 10 0 0 10 10 10 0 0 0 0 0 0 537 39 39 0 675 138 99 0 99 0 0 0 29377449 10718 0 3500 18793 21983 21856 19300326 10261412 468783938 468783938 0 854948331 0 27.743897 163 489 652000 163000 610 498 120 160000 250000 117 156000 39689 12 16000 25000 12 16000 25000 667
1790010073131612 10 0 0 10 10 10 0 0 0 0 0 0 536 39 39 0 675 139 100 0 100 0 0 0 29585098 10822 0 3514 19001 22178 22208 19300385 10433542 475510845 475510845 0 856505929 0 27.599335 167 501 668000 167000 149 465 120 160000 250000 117 156000 39697 12 16000 25000 12 16000 25000 675
1790010073169874 10 0 0 10 10 10 0 0 0 0 0 0 535 39 39 0 675 140 101 0 101 0 0 0 29622936 10902 0 3526 19087 22225 22273 19300492 10464115 476161530 476161530 0 858057777 0 27.613962 167 501 668000 167000 90 430 120 160000 250000 117 156000 39697 12 16000 25000 12 16000 25000 675
1790010073205607 10 0 0 10 10 10 0 0 0 0 0 0 534 39 39 0 675 141 102 0 102 0 0 0 29658283 10977 0 3537 19183 22264 22335 19300573 10492682 482782155 482782155 0 859283637 0 27.620397 172 516 688000 172000 151 404 120 160000 250000 117 156000 39704 12 16000 25000 12 16000 25000 683
1790010073252587 10 0 0 10 10 10 0 0 0 0 0 0 533 39 39 0 675 142 103 0 103 0 0 0 29704864 11059 0 3550 19276 22313 22417 19300632 10530128 489390796 489390796 0 860844025 0 27.627102 177 531 708000 177000 448 410 120 160000 250000 117 156000 39713 12 16000 25000 12 16000 25000 692
1790010073346922 10 0 0 10 10 10 0 0 0 0 0 0 532 39 39 0 675 143 104 0 104 0 0 0 29798611 11148 0 3565 19385 22410 22577 19300704 10607356 494462465 494462465 0 862407047 0 27.590141 179 537 716000 179000 186 389 120 160000 250000 117 156000 39720 12 16000 25000 12 16000 25000 698
1790010073372988 10 0 0 10 10 10 0 0 0 0 0 0 531 39 39 0 675 144 105 0 105 0 0 0 29824280 11225 0 3577 19496 22456 22624 19300792 10627733 500912798 500912798 0 863925423 0 27.614866 181 543 724000 181000 340 383 120 160000 250000 117 156000 39728 12 16000 25000 12 16000 25000 707
1790010074022968 10 0 0 10 10 10 0 0 0 0 0 0 530 39 39 0 675 145 106 0 106 0 0 0 30471706 11361 0 3591 19843 23128 23720 19300850 11166615 506333451 506333451 0 865452186 0 27.076000 190 570 760000 190000 144 361 120 160000 250000 117 156000 39736 12 16000 25000 12 16000 25000 715
1790010074137194 10 0 0 10 10 10 0 0 0 0 0 0 529 39 39 0 675 146 107 0 107 0 0 0 30585256 11446 0 3602 19974 23248 23912 19300944 11259961 512989825 512989825 0 867016123 0 27.024187 189 567 756000 189000 1388 462 120 160000 250000 117 156000 39744 12 16000 25000 12 16000 25000 723
1790010074173715 10 0 0 10 10 10 0 0 0 0 0 0 528 39 39 0 675 147 108 0 108 0 0 0 30621377 11547 0 3638 20071 23287 23976 19301015 11287335 518365331 518365331 0 868521503 0 27.039099 187 561 748000 187000 144 432 120 160000 250000 117 156000 39751 12 16000 25000 12 16000 25000 730
1790010074192650 10 0 0 10 10 10 0 0 0 0 0 0 527 39 39 0 675 148 109 0 109 0 0 0 30640006 11631 0 3652 20152 23309 24013 19301075 11301532 524907873 524907873 0 870033673 0 27.069640 187 561 748000 187000 976 486 120 160000 250000 117 156000 39760 12 16000 25000 12 16000 25000 738
1790010074266512 10 0 0 10 10 10 0 0 0 0 0 0 526 39 39 0 675 149 110 0 110 0 0 0 30713641 11709 0 3665 20209 23323 24019 19301128 11302581 525857775 525857775 0 871597259 0 27.053229 180 540 720000 180000 114 451 120 160000 250000 117 156000 39759 12 16000 25000 12 16000 25000 739
1790010074338796 10 0 0 10 10 10 0 0 0 0 0 0 525 39 39 0 675 150 111 0 111 0 0 0 30785495 11788 0 3676 20320 23383 24110 19301181 11345161 528128321 528128321 0 873110399 0 27.036897 170 510 680000 170000 15 410 120 160000 250000 117 156000 39763 12 16000 25000 12 16000 25000 741
1790010074484482 10 0 0 10 10 10 0 0 0 0 0 0 524 39 39 0 675 151 112 0 112 0 0 0 30930508 11875 0 3690 20447 23506 24317 19301239 11447516 533432630 533432630 0 874733435 0 26.960135 167 501 668000 167000 436 414 120 160000 250000 117 156000 39771 12 16000 25000 12 16000 25000 750
1790010074591574 10 0 0 10 10 10 0 0 0 0 0 0 523 39 39 0 675 152 113 0 113 0 0 0 31037020 11956 0 3702 20577 23612 24461 19301307 11518421 538164775 538164775 0 876284984 0 26.915235 168 504 672000 168000 1337 505 120 160000 250000 117 156000 39778 12 16000 25000 12 16000 25000 756
1790010074968901 10 0 0 10 10 10 0 0 0 0 0 0 522 39 39 0 675 153 114 0 114 0 0 0 31413303 12045 0 3715 20741 23840 24860 19301367 11711591 539780991 539780991 0 877850420 0 26.640386 173 519 692000 173000 1093 563 120 160000 250000 117 156000 39779 12 16000 25000 12 16000 25000 758
1790010075097340 10 0 0 10 10 10 0 0 0 0 0 0 521 39 39 0 675 154 115 0 115 0 0 0 31541021 12134 0 3727 20880 23966 25086 19301445 11816106 545169359 545169359 0 879414788 0 26.579760 172 516 688000 172000 291 538 120 160000 250000 117 156000 39788 12 16000 25000 12 16000 25000 767
1790010075294952 10 0 0 10 10 10 0 0 0 0 0 0 520 39 39 0 675 155 116 0 116 0 0 0 31737686 12223 0 3741 21049 24167 25417 19301520 11977281 549999611 549999611 0 880681107 0 26.453082 170 510 680000 170000 259 512 120 160000 250000 117 156000 39794 12 16000 25000 12 16000 25000 772
1790010075435984 10 0 0 10 10 10 0 0 0 0 0 0 519 39 39 0 675 156 117 0 117 0 0 0 31877990 12312 0 3756 21185 24303 25648 19301580 12092076 556404163 556404163 0 882244637 0 26.383383 171 513 684000 171000 741 535 120 160000 250000 117 156000 39803 12 16000 25000 12 16000 25000 781
1790010075558893 10 0 0 10 10 10 0 0 0 0 0 0 518 39 38 1 675 157 118 0 118 0 0 0 32000309 12394 0 3767 21329 24395 25804 19301643 12165743 563835955 561654354 0 883805884 0 26.329016 172 516 688000 172000 1260 607 120 160000 250000 117 156000 39816 12 16000 25000 12 16000 25000 791
1790010075559073 10 0 0 10 10 10 0 0 0 0 0 0 518 38 38 0 675 157 119 0 119 0 0 0 32000309 12465 0 3780 21329 24411 25807 19301713 12165743 563835955 563835955 0 883805884 0 26.328958 167 501 668000 167000 120 560 120 160000 250000 114 152000 38811 12 16000 25000 12 16000 25000 790
1790010075795407 10 0 0 10 10 10 0 0 0 0 0 0 516 39 39 0 675 159 120 0 120 0 0 0 32235702 12579 0 3795 21502 24614 26135 19301745 12329445 569006971 569006971 0 886628691 0 26.220158 165 495 660000 165000 506 556 120 160000 250000 117 156000 39821 12 16000 25000 12 16000 25000 798
1790010075958127 10 0 0 10 10 10 0 0 0 0 0 0 515 39 39 0 675 160 121 0 121 0 0 0 32397556 12673 0 3811 21658 24780 26409 19301837 12461545 575770486 575770486 0 888145631 0 26.133776 164 492 656000 164000 144 517 120 160000 250000 117 156000 39829 12 16000 25000 12 16000 25000 806
1790010076090754 10 0 0 10 10 10 0 0 0 0 0 0 514 39 39 0 675 161 122 0 122 0 0 0 32529497 12759 0 3824 21800 24895 26616 19301911 12560220 581668218 581668218 0 889413779 0 26.064913 169 507 676000 169000 1246 589 120 160000 250000 117 156000 39835 12 16000 25000 12 16000 25000 813
1790010076139624 10 0 0 10 10 10 0 0 0 0 0 0 513 39 39 0 675 162 123 0 123 0 0 0 32577953 12837 0 3838 21894 24948 26697 19301985 12597927 587117976 587117976 0 890958415 0 26.071297 177 531 708000 177000 1064 636 120 160000 250000 117 156000 39844 12 16000 25000 12 16000 25000 821
1790010076240550 10 0 0 10 10 10 0 0 0 0 0 0 512 39 39 0 675 163 124 0 124 0 0 0 32678277 12929 0 3851 22002 25059 26869 19302051 12679313 587771744 587771744 0 892540812 0 26.037377 180 540 720000 180000 1413 712 120 160000 250000 117 156000 39845 12 16000 25000 12 16000 25000 822
1790010076326248 10 0 0 10 10 10 0 0 0 0 0 0 511 39 39 0 675 164 125 0 125 0 0 0 32763527 13010 0 3863 22107 25120 26955 19302129 12722153 592829785 592829785 0 894120251 0 26.015546 174 522 696000 174000 24 646 120 160000 250000 117 156000 39853 12 16000 25000 12 16000 25000 829
1790010076411496 10 0 0 10 10 10 0 0 0 0 0 0 510 39 39 0 675 165 126 0 126 0 0 0 32848385 13089 0 3873 22200 25166 27029 19302195 12755714 593941959 593941959 0 895633233 0 25.992212 170 510 680000 170000 114 595 120 160000 250000 117 156000 39854 12 16000 25000 12 16000 25000 830
1790010076556522 10 0 0 10 10 10 0 0 0 0 0 0 509 39 39 0 675 166 127 0 127 0 0 0 32992657 13177 0 3884 22331 25323 27275 19302251 12872750 600403325 600403325 0 897193254 0 25.923604 168 504 672000 168000 265 564 120 160000 250000 117 156000 39863 12 16000 25000 12 16000 25000 839
1790010076620100 10 0 0 10 10 10 0 0 0 0 0 0 508 39 39 0 675 167 128 0 128 0 0 0 33055763 13256 0 3896 22438 25397 27379 19302312 12922671 602288012 602288012 0 898743465 0 25.918778 169 507 676000 169000 1322 638 120 160000 250000 117 156000 39865 12 16000 25000 12 16000 25000 842
1790010076757224 10 0 0 10 10 10 0 0 0 0 0 0 507 39 39 0 675 168 129 0 129 0 0 0 33192176 13343 0 3909 22566 25535 27614 19302374 13032862 607732388 607732388 0 900296654 0 25.856840 154 462 616000 154000 14 578 120 160000 250000 117 156000 39873 12 16000 25000 12 16000 25000 850
1790010076863355 10 0 0 10 10 10 0 0 0 0 0 0 506 39 39 0 675 169 130 0 130 0 0 0 33297694 13442 0 3922 22686 25634 27786 19302443 13117418 613146784 613146784 0 901824056 0 25.818586 153 459 612000 153000 123 535 120 160000 250000 117 156000 39880 12 16000 25000 12 16000 25000 856
1790010076881013 10 0 0 10 10 10 0 0 0 0 0 0 505 39 39 0 675 170 131 0 131 0 0 0 33315034 13524 0 3933 22770 25658 27814 19302519 13129717 618515489 618515489 0 903351268 0 25.848790 160 480 640000 160000 153 498 120 160000 250000 117 156000 39886 12 16000 25000 12 16000 25000 863
1790010077286798 10 0 0 10 10 10 0 0 0 0 0 0 504 39 39 0 675 171 132 0 132 0 0 0 33719229 13624 0 3948 23005 26030 28461 19302578 13458808 623863049 623863049 0 904928995 0 25.583592 162 486 648000 162000 1044 552 120 160000 250000 117 156000 39894 12 16000 25000 12 16000 25000 871
1790010077302202 10 0 0 10 10 10 0 0 0 0 0 0 503 39 39 0 675 172 133 0 133 0 0 0 33734323 13702 0 3960 23091 26054 28488 19302655 13470087 624602804 624602804 0 906459289 0 25.615334 162 486 648000 162000 168 515 120 160000 250000 117 156000 39895 12 16000 25000 12 16000 25000 872
1790010077346677 10 0 0 10 10 10 0 0 0 0 0 0 502 39 39 0 675 173 134 0 134 0 0 0 33778566 13774 0 3971 23155 26062 28494 19302719 13471143 631317262 631317262 0 908009514 0 25.625492 158 474 632000 158000 129 478 120 160000 250000 117 156000 39904 12 16000 25000 12 16000 25000 880
1790010077505855 10 0 0 10 10 10 0 0 0 0 0 0 501 39 39 0 675 174 135 0 135 0 0 0 33937271 13854 0 3983 23250 26152 28610 19302773 13525527 631954501 631954501 0 909535178 0 25.548501 157 471 628000 157000 779 509 120 160000 250000 117 156000 39904 12 16000 25000 12 16000 25000 880
1790010077655541 10 0 0 10 10 10 0 0 0 0 0 0 500 39 39 0 675 175 136 0 136 0 0 0 34086220 13942 0 3995 23382 26291 28856 19302836 13645911 638532233 638532233 0 911057040 0 25.479401 154 462 616000 154000 126 472 120 160000 250000 117 156000 39912 12 16000 25000 12 16000 25000 888
1790010077709923 10 0 0 10 10 10 0 0 0 0 0 0 499 39 39 0 675 176 137 0 137 0 0 0 34140176 14018 0 4007 23479 26349 28946 19302903 13688886 639480921 639480921 0 912565305 0 25.481207 154 462 616000 154000 1172 541 120 160000 250000 117 156000 39913 12 16000 25000 12 16000 25000 889
1790010077787278 10 0 0 10 10 10 0 0 0 0 0 0 498 39 39 0 675 177 138 0 138 0 0 0 34217021 14106 0 4022 23590 26422 29069 19302964 13750179 645747907 645747907 0 914118026 0 25.467198 160 480 640000 160000 248 514 120 160000 250000 117 156000 39921 12 16000 25000 12 16000 25000 898
1790010077882657 10 0 0 10 10 10 0 0 0 0 0 0 497 39 39 0 675 178 139 0 139 0 0 0 34312166 14182 0 4036 23655 26430 29075 19303025 13751250 651037674 651037674 0 915640754 0 25.438857 167 501 668000 167000 1369 598 120 160000 250000 117 156000 39930 12 16000 25000 12 16000 25000 906
1790010078149321 10 0 0 10 10 10 0 0 0 0 0 0 496 39 39 0 675 179 140 0 140 0 0 0 34577710 14280 0 4052 23826 26691 29500 19303081 13966089 657325648 657325648 0 917208317 0 25.286721 161 483 644000 161000 110 551 120 160000 250000 117 156000 39938 12 16000 25000 12 16000 25000 914
1790010078270036 10 0 0 10 10 10 0 0 0 0 0 0 495 39 39 0 675 180 141 0 141 0 0 0 34697750 14376 0 4068 23966 26805 29705 19303148 14062230 663825325 663825325 0 918798054 0 25.242882 166 498 664000 166000 137 512 120 160000 250000 117 156000 39945 12 16000 25000 12 16000 25000 922
1790010078302105 10 0 0 10 10 10 0 0 0 0 0 0 494 39 39 0 675 181 142 0 142 0 0 0 34729416 14459 0 4079 24055 26838 29760 19303254 14086974 669201599 669201599 0 920066710 0 25.254638 164 492 656000 164000 145 477 120 160000 250000 117 156000 39952 12 16000 25000 12 16000 25000 930
1790010078342907 10 0 0 10 10 10 0 0 0 0 0 0 493 39 39 0 675 182 143 0 143 0 0 0 34769837 14537 0 4091 24156 26878 29831 19303316 14118765 674370463 674370463 0 921628057 0 25.268042 186 558 744000 186000 1978 625 120 160000 250000 117 156000 39959 12 16000 25000 12 16000 25000 937
1790010078345573 10 0 0 10 10 10 0 0 0 0 0 0 492 39 39 0 675 183 144 0 144 0 0 0 34772288 14613 0 4105 24202 26886 29837 19303377 14119823 679848501 679848501 0 923153991 0 25.308039 187 561 748000 187000 1298 691 120 160000 250000 117 156000 39966 12 16000 25000 12 16000 25000 945
1790010078401699 10 0 0 10 10 10 0 0 0 0 0 0 491 39 39 0 675 184 145 0 145 0 0 0 34827970 14694 0 4118 24329 26948 29928 19303427 14163849 686524427 686524427 0 924673612 0 25.309129 192 576 768000 192000 1315 753 120 160000 250000 117 156000 39976 12 16000 25000 12 16000 25000 953
1790010078527207 10 0 0 10 10 10 0 0 0 0 0 0 490 39 39 0 675 185 146 0 146 0 0 0 34952967 14776 0 4130 24436 27023 30053 19303506 14222174 693279609 693279609 0 926235809 0 25.261204 184 552 736000 184000 44 653 120 160000 250000 117 156000 39985 12 16000 25000 12 16000 25000 961
1790010078559680 10 0 0 10 10 10 0 0 0 0 0 0 489 39 39 0 675 186 147 0 147 0 0 0 34985213 14848 0 4141 24490 27030 30060 19303574 14223226 699968407 699968407 0 927751362 0 25.279174 188 564 752000 188000 1381 725 120 160000 250000 117 156000 39991 12 16000 25000 12 16000 25000 970
1790010078572611 10 0 0 10 10 10 0 0 0 0 0 0 488 39 39 0 675 187 148 0 148 0 0 0 34997856 14927 0 4152 24585 27048 30081 19303625 14232446 706677097 706677097 0 929266870 0 25.311268 191 573 764000 191000 666 721 120 160000 250000 117 156000 40002 12 16000 25000 12 16000 25000 978
1790010078747132 10 0 0 10 10 10 0 0 0 0 0 0 487 39 39 0 675 188 149 0 149 0 0 0 35171537 15010 0 4166 24721 27240 30373 19303680 14371737 713279406 713279406 0 930784186 0 25.227396 196 588 784000 196000 1594 807 120 160000 250000 117 156000 40010 12 16000 25000 12 16000 25000 986
1790010078998432 10 0 0 10 10 10 0 0 0 0 0 0 486 39 39 0 675 189 150 0 150 0 0 0 35421692 15113 0 4179 24921 27496 30778 19303750 14572093 714987715 714987715 0 932348000 0 25.091324 206 618 824000 206000 473 776 120 160000 250000 117 156000 40011 12 16000 25000 12 16000 25000 988
1790010079235401 10 0 0 10 10 10 0 0 0 0 0 0 485 39 39 0 675 190 151 0 151 0 0 0 35657947 15203 0 4191 25034 27642 30990 19303828 14678497 715764509 715764509 0 933903038 0 24.966658 207 621 828000 207000 546 755 120 160000 250000 117 156000 40012 12 16000 25000 12 16000 25000 989
1790010079405564 10 0 0 10 10 10 0 0 0 0 0 0 484 39 39 0 675 191 152 0 152 0 0 0 35827262 15288 0 4204 25162 27831 31263 19303916 14813607 720068383 720068383 0 935415574 0 24.888905 195 585 780000 195000 14 683 120 160000 250000 117 156000 40019 12 16000 25000 12 16000 25000 996
1790010079487927 10 0 0 10 10 10 0 0 0 0 0 0 483 39 39 0 675 192 153 0 153 0 0 0 35909197 15381 0 4217 25251 27889 31347 19303988 14853678 725529279 725529279 0 936990095 0 24.873873 199 597 796000 199000 1036 718 120 160000 250000 117 156000 40027 12 16000 25000 12 16000 25000 1004
1790010079541660 10 0 0 10 10 10 0 0 0 0 0 0 482 39 39 0 675 193 154 0 154 0 0 0 35962690 15458 0 4231 25319 27897 31354 19304051 14854738 726712683 726712683 0 938509396 0 24.877109 201 603 804000 201000 1419 788 120 160000 250000 117 156000 40029 12 16000 25000 12 16000 25000 1005
1790010079576767 10 0 0 10 10 10 0 0 0 0 0 0 481 39 39 0 675 194 155 0 155 0 0 0 35997592 15531 0 4243 25368 27905 31361 19304102 14855787 733151717 733151717 0 940035327 0 24.893358 201 603 804000 201000 78 720 120 160000 250000 117 156000 40034 12 16000 25000 12 16000 25000 1013
1790010079828657 10 0 0 10 10 10 0 0 0 0 0 0 480 39 39 0 675 195 156 0 156 0 0 0 36248325 15625 0 4256 25627 28139 31770 19304161 15054298 739770203 739770203 0 941601147 0 24.762356 202 606 808000 202000 1090 757 120 160000 250000 117 156000 40044 12 16000 25000 12 16000 25000 1021
1790010079881007 10 0 0 10 10 10 0 0 0 0 0 0 479 39 39 0 675 196 157 0 157 0 0 0 36300225 15706 0 4269 25722 28201 31857 19304240 15094354 745144609 745144609 0 943123985 0 24.766902 210 630 840000 210000 1506 831 120 160000 250000 117 156000 40053 12 16000 25000 12 16000 25000 1029
1790010079894150 10 0 0 10 10 10 0 0 0 0 0 0 478 39 39 0 675 197 158 0 158 0 0 0 36313079 15786 0 4280 25799 28221 31880 19304307 15103510 746474015 746474015 0 944694621 0 24.799316 207 621 828000 207000 246 775 120 160000 250000 117 156000 40054 12 16000 25000 12 16000 25000 1031
1790010079915368 10 0 0 10 10 10 0 0 0 0 0 0 477 39 39 0 675 198 159 0 159 0 0 0 36333981 15861 0 4291 25883 28252 31916 19304373 15118681 747827397 747827397 0 946251352 0 24.825847 212 636 848000 212000 272 727 120 160000 250000 117 156000 40055 12 16000 25000 12 16000 25000 1032
1790010079955074 10 0 0 10 10 10 0 0 0 0 0 0 476 39 39 0 675 199 160 0 160 0 0 0 36373367 15935 0 4302 25969 28288 31949 19304436 15132879 749030708 749030708 0 947821886 0 24.840086 219 657 876000 219000 40 661 120 160000 250000 117 156000 40057 12 16000 25000 12 16000 25000 1033
1790010080242075 10 0 0 10 10 10 0 0 0 0 0 0 475 39 38 1 675 200 161 0 161 0 0 0 36660097 16013 0 4315 26072 28296 31957 19304495 15133918 754330873 753460471 0 949331477 0 24.685089 218 654 872000 218000 271 624 120 160000 250000 117 156000 40065 12 16000 25000 12 16000 25000 1041
1790010080242244 10 0 0 10 10 10 0 0 0 0 0 0 475 38 38 0 675 200 162 0 162 0 0 0 36660097 16084 0 4329 26072 28303 31960 19304567 15133918 754330873 754330873 0 949331477 0 24.685041 178 534 712000 178000 20 566 120 160000 250000 114 152000 39060 12 16000 25000 12 16000 25000 1039
1790010080597498 10 0 0 10 10 10 0 0 0 0 0 0 473 39 39 0 675 202 163 0 163 0 0 0 37014044 16188 0 4342 26310 28603 32477 19304597 15414309 758304313 758304313 0 952105198 0 24.520459 158 474 632000 158000 7 513 120 160000 250000 117 156000 40069 12 16000 25000 12 16000 25000 1046
1790010080682162 10 0 0 10 10 10 0 0 0 0 0 0 472 39 39 0 675 203 164 0 164 0 0 0 37098447 16270 0 4360 26370 28610 32484 19304684 15415485 764764493 764764493 0 953661563 0 24.504634 160 480 640000 160000 1053 566 120 160000 250000 117 156000 40076 12 16000 25000 12 16000 25000 1054
1790010080699551 10 0 0 10 10 10 0 0 0 0 0 0 471 39 39 0 675 204 165 0 165 0 0 0 37115528 16348 0 4374 26459 28636 32512 19304748 15428040 771284389 771284389 0 955220349 0 24.533345 154 462 616000 154000 77 519 120 160000 250000 117 156000 40084 12 16000 25000 12 16000 25000 1062
1790010080861938 10 0 0 10 10 10 0 0 0 0 0 0 470 39 39 0 675 205 166 0 166 0 0 0 37277390 16427 0 4387 26567 28737 32646 19304805 15498899 772563553 772563553 0 956769635 0 24.466432 155 465 620000 155000 1129 579 120 160000 250000 117 156000 40086 12 16000 25000 12 16000 25000 1063
1790010080956864 10 0 0 10 10 10 0 0 0 0 0 0 469 39 39 0 675 206 167 0 167 0 0 0 37371816 16507 0 4400 26673 28812 32766 19304878 15563999 779158278 779158278 0 958336929 0 24.444566 151 453 604000 151000 220 545 120 160000 250000 117 156000 40093 12 16000 25000 12 16000 25000 1071
1790010080975364 10 0 0 10 10 10 0 0 0 0 0 0 468 39 39 0 675 207 168 0 168 0 0 0 37389981 16585 0 4413 26770 28835 32794 19304962 15577419 784161027 784161027 0 959855836 0 24.471368 154 462 616000 154000 285 520 120 160000 250000 117 156000 40100 12 16000 25000 12 16000 25000 1078
1790010080989015 10 0 0 10 10 10 0 0 0 0 0 0 467 39 39 0 675 208 169 0 169 0 0 0 37403404 16659 0 4425 26822 28843 32801 19305032 15578564 790880270 790880270 0 961417808 0 24.502350 155 465 620000 155000 350 504 120 160000 250000 117 156000 40106 12 16000 25000 12 16000 25000 1086
1790010080994067 10 0 0 10 10 10 0 0 0 0 0 0 466 39 39 0 675 209 170 0 170 0 0 0 37408218 16732 0 4436 26900 28850 32807 19305087 15579713 797581641 797581641 0 962978713 0 24.538926 152 456 608000 152000 88 465 120 160000 250000 117 156000 40117 12 16000 25000 12 16000 25000 1095
1790010081407799 10 0 0 10 10 10 0 0 0 0 0 0 465 39 39 0 675 210 171 0 171 0 0 0 37820581 16844 0 4456 27142 29175 33326 19305140 15855509 802891704 802891704 0 964487547 0 24.309450 150 450 600000 150000 258 446 120 160000 250000 117 156000 40124 12 16000 25000 12 16000 25000 1101
1790010081465225 10 0 0 10 10 10 0 0 0 0 0 0 464 39 39 0 675 211 172 0 172 0 0 0 37877718 16922 0 4470 27207 29183 33332 19305252 15856654 809364913 809364913 0 966045464 0 24.311954 149 447 596000 149000 783 479 120 160000 250000 117 156000 40131 12 16000 25000 12 16000 25000 1109
1790010081574536 10 0 0 10 10 10 0 0 0 0 0 0 463 39 39 0 675 212 173 0 173 0 0 0 37986437 17012 0 4485 27320 29290 33500 19305323 15941313 811398188 811398188 0 967314149 0 24.274183 148 444 592000 148000 283 461 120 160000 250000 117 156000 40134 12 16000 25000 12 16000 25000 1112
1790010081678103 10 0 0 10 10 10 0 0 0 0 0 0 462 39 39 0 675 213 174 0 174 0 0 0 38089768 17088 0 4499 27381 29299 33507 19305389 15942447 816913233 816913233 0 968824081 0 24.246100 146 438 584000 146000 39 420 120 160000 250000 117 156000 40143 12 16000 25000 12 16000 25000 1120
1790010081686672 10 0 0 10 10 10 0 0 0 0 0 0 461 39 39 0 675 214 175 0 175 0 0 0 38098061 17174 0 4512 27449 29312 33522 19305461 15947971 817605465 817605465 0 970343574 0 24.278789 149 447 596000 149000 238 403 120 160000 250000 117 156000 40143 12 16000 25000 12 16000 25000 1120
1790010081762386 10 0 0 10 10 10 0 0 0 0 0 0 460 39 39 0 675 215 176 0 176 0 0 0 38173321 17259 0 4524 27550 29368 33625 19305520 15997955 823897134 823897134 0 971897299 0 24.269689 148 444 592000 148000 133 378 120 160000 250000 117 156000 40151 12 16000 25000 12 16000 25000 1128
1790010081882238 10 0 0 10 10 10 0 0 0 0 0 0 459 39 39 0 675 216 177 0 177 0 0 0 38292503 17345 0 4538 27712 29478 33807 19305600 16090187 829407132 829407132 0 973415671 0 24.231929 146 438 584000 146000 183 360 120 160000 250000 117 156000 40159 12 16000 25000 12 16000 25000 1136
1790010082066398 10 0 0 10 10 10 0 0 0 0 0 0 458 39 39 0 675 217 178 0 178 0 0 0 38475801 17435 0 4551 27863 29663 34091 19305678 16232283 831588718 831588718 0 974660707 0 24.147330 158 474 632000 158000 121 338 120 160000 250000 117 156000 40161 12 16000 25000 12 16000 25000 1139
1790010082098317 10 0 0 10 10 10 0 0 0 0 0 0 457 39 39 0 675 218 179 0 179 0 0 0 38507351 17512 0 4563 27953 29702 34143 19305759 16255962 837886124 837886124 0 975925422 0 24.158814 160 480 640000 160000 603 365 120 160000 250000 117 156000 40170 12 16000 25000 12 16000 25000 1147
1790010082420457 10 0 0 10 10 10 0 0 0 0 0 0 456 39 39 0 675 219 180 0 180 0 0 0 38828166 17622 0 4576 28178 30010 34629 19305836 16504967 842593086 842593086 0 977492426 0 23.997696 164 492 656000 164000 1188 447 120 160000 250000 117 156000 40177 12 16000 25000 12 16000 25000 1154
1790010082448426 10 0 0 10 10 10 0 0 0 0 0 0 455 39 39 0 675 220 181 0 181 0 0 0 38855702 17717 0 4588 28280 30036 34677 19305970 16525333 843342013 843342013 0 978986842 0 24.017301 164 492 656000 164000 1389 540 120 160000 250000 117 156000 40178 12 16000 25000 12 16000 25000 1155
1790010082568625 10 0 0 10 10 10 0 0 0 0 0 0 454 39 39 0 675 221 182 0 182 0 0 0 38975233 17805 0 4602 28431 30140 34860 19306052 16617531 848562664 848562664 0 980483314 0 23.980223 163 489 652000 163000 60 494 120 160000 250000 117 156000 40186 12 16000 25000 12 16000 25000 1161
1790010082655048 10 0 0 10 10 10 0 0 0 0 0 0 453 39 39 0 675 222 183 0 183 0 0 0 39061381 17882 0 4616 28504 30151 34870 19306136 16619796 854800340 854800340 0 981990353 0 23.964090 161 483 644000 161000 115 458 120 160000 250000 117 156000 40196 12 16000 25000 12 16000 25000 1169
1790010082966088 10 0 0 10 10 10 0 0 0 0 0 0 452 39 39 0 675 223 184 0 184 0 0 0 39371139 17998 0 4640 28710 30449 35350 19306211 16860554 861487255 861487255 0 983485839 0 23.811773 161 483 644000 161000 1092 521 120 160000 250000 117 156000 40205 12 16000 25000 12 16000 25000 1178
1790010083032140 10 0 0 10 10 10 0 0 0 0 0 0 451 39 39 0 675 224 185 0 185 0 0 0 39436793 18076 0 4652 28810 30479 35392 19306333 16879403 862751448 862751448 0 984698829 0 23.801422 162 486 648000 162000 174 488 120 160000 250000 117 156000 40206 12 16000 25000 12 16000 25000 1179
1790010083395076 10 0 0 10 10 10 0 0 0 0 0 0 450 39 39 0 675 225 186 0 186 0 0 0 39798288 18194 0 4667 29054 30801 35941 19306410 17159796 868259989 868259989 0 986200760 0 23.621231 158 474 632000 158000 236 464 120 160000 250000 117 156000 40213 12 16000 25000 12 16000 25000 1187
1790010083518637 10 0 0 10 10 10 0 0 0 0 0 0 449 39 39 0 675 226 187 0 187 0 0 0 39921194 18286 0 4681 29186 30902 36093 19306531 17239310 873504404 873504404 0 987695348 0 23.584175 161 483 644000 161000 1486 565 120 160000 250000 117 156000 40221 12 16000 25000 12 16000 25000 1194
1790010083523119 10 0 0 10 10 10 0 0 0 0 0 0 448 39 39 0 675 227 188 0 188 0 0 0 39925366 18365 0 4693 29255 30912 36102 19306654 17241560 880141225 880141225 0 988913134 0 23.610740 161 483 644000 161000 1325 675 120 160000 250000 117 156000 40229 12 16000 25000 12 16000 25000 1201
1790010083751706 10 0 0 10 10 10 0 0 0 0 0 0 447 39 39 0 675 228 189 0 189 0 0 0 40152952 18463 0 4709 29430 31132 36453 19306721 17416950 885543942 885543942 0 990416436 0 23.512608 167 501 668000 167000 1298 737 120 160000 250000 117 156000 40236 12 16000 25000 12 16000 25000 1209
1790010083865771 10 0 0 10 10 10 0 0 0 0 0 0 446 39 38 1 675 229 190 0 190 0 0 0 40266704 18541 0 4723 29533 31141 36461 19306818 17418081 892342156 891014000 0 991917832 0 23.481713 172 516 688000 172000 1659 828 120 160000 250000 117 156000 40246 12 16000 25000 12 16000 25000 1219
1790010083865947 10 0 0 10 10 10 0 0 0 0 0 0 446 38 38 0 675 229 191 0 191 0 0 0 40266704 18618 0 4738 29534 31149 36463 19306888 17418081 892342156 892342156 0 991917832 0 23.481668 165 495 660000 165000 59 754 120 160000 250000 114 152000 39242 12 16000 25000 12 16000 25000 1217
1790010083993046 10 0 0 10 10 10 0 0 0 0 0 0 444 39 39 0 675 231 192 0 192 0 0 0 40393583 18695 0 4752 29605 31157 36470 19306927 17419204 893194825 893194825 0 994898396 0 23.478237 152 456 608000 152000 15 683 120 160000 250000 117 156000 40247 12 16000 25000 12 16000 25000 1219
1790010084137287 10 0 0 10 10 10 0 0 0 0 0 0 443 39 39 0 675 232 193 0 193 0 0 0 40537092 18794 0 4769 29719 31303 36694 19307007 17528483 899671733 899671733 0 996397219 0 23.430346 140 420 560000 140000 8 618 120 160000 250000 117 156000 40254 12 16000 25000 12 16000 25000 1228
1790010084161330 10 0 0 10 10 10 0 0 0 0 0 0 442 39 39 0 675 233 194 0 194 0 0 0 40560767 18873 0 4781 29811 31344 36734 19307098 17545531 906322796 906322796 0 997894840 0 23.451827 140 420 560000 140000 1392 694 120 160000 250000 117 156000 40261 12 16000 25000 12 16000 25000 1236
1790010084184928 10 0 0 10 10 10 0 0 0 0 0 0 441 39 39 0 675 234 195 0 195 0 0 0 40584033 18951 0 4792 29901 31372 36771 19307173 17562529 912624464 912624464 0 999122787 0 23.467185 155 465 620000 155000 1575 781 120 160000 250000 117 156000 40269 12 16000 25000 12 16000 25000 1244
1790010084269616 10 0 0 10 10 10 0 0 0 0 0 0 440 39 39 0 675 235 196 0 196 0 0 0 40668222 19035 0 4805 30019 31445 36892 19307236 17618258 919451742 919451742 0 1000620518 0 23.453684 145 435 580000 145000 66 712 120 160000 250000 117 156000 40278 12 16000 25000 12 16000 25000 1252
1790010084381781 10 0 0 10 10 10 0 0 0 0 0 0 439 39 39 0 675 236 197 0 197 0 0 0 40779960 19116 0 4817 30132 31490 36975 19307305 17656515 924729552 924729552 0 1002111282 0 23.424251 138 414 552000 138000 72 650 120 160000 250000 117 156000 40286 12 16000 25000 12 16000 25000 1260
1790010084418260 10 0 0 10 10 10 0 0 0 0 0 0 438 39 39 0 675 237 198 0 198 0 0 0 40816055 19201 0 4832 30226 31533 37034 19307378 17682852 926494104 926494104 0 1003608602 0 23.438466 129 387 516000 129000 51 593 120 160000 250000 117 156000 40289 12 16000 25000 12 16000 25000 1263
1790010084496083 10 0 0 10 10 10 0 0 0 0 0 0 437 39 39 0 675 238 199 0 199 0 0 0 40893364 19286 0 4848 30334 31604 37174 19307442 17740232 932835038 932835038 0 1005111699 0 23.429165 121 363 484000 121000 21 538 120 160000 250000 117 156000 40295 12 16000 25000 12 16000 25000 1270
1790010084794162 10 0 0 10 10 10 0 0 0 0 0 0 436 39 39 0 675 239 200 0 200 0 0 0 41190141 19390 0 4861 30550 31882 37660 19307531 17963398 933667936 933667936 0 1006330884 0 23.288591 123 369 492000 123000 1122 596 120 160000 250000 117 156000 40296 12 16000 25000 12 16000 25000 1271
1790010084807856 10 0 0 10 10 10 0 0 0 0 0 0 435 39 39 0 675 240 201 0 201 0 0 0 41203489 19468 0 4875 30638 31897 37693 19307637 17972450 939035630 939035630 0 1007844104 0 23.316014 121 363 484000 121000 9 540 120 160000 250000 117 156000 40303 12 16000 25000 12 16000 25000 1279
1790010085127680 10 0 0 10 10 10 0 0 0 0 0 0 434 39 39 0 675 241 202 0 202 0 0 0 41522005 19567 0 4889 30859 32183 38202 19307705 18211291 939830123 939830123 0 1009350026 0 23.171757 119 357 476000 119000 156 503 120 160000 250000 117 156000 40304 12 16000 25000 12 16000 25000 1279
1790010085304070 10 0 0 10 10 10 0 0 0 0 0 0 433 39 39 0 675 242 203 0 203 0 0 0 41697485 19676 0 4903 31029 32346 38487 19307804 18342280 940990110 940990110 0 1010842046 0 23.108334 113 339 452000 113000 13 456 120 160000 250000 117 156000 40305 12 16000 25000 12 16000 25000 1280
1790010085394207 10 0 0 10 10 10 0 0 0 0 0 0 432 39 39 0 675 243 204 0 204 0 0 0 41786953 19778 0 4926 31192 32447 38639 19307919 18408487 941997608 941997608 0 1012343316 0 23.093071 114 342 456000 114000 183 430 120 160000 250000 117 156000 40304 12 16000 25000 12 16000 25000 1281
1790010085407808 10 0 0 10 10 10 0 0 0 0 0 0 431 39 39 0 675 244 205 0 205 0 0 0 41800176 19878 0 4943 31284 32457 38650 19308064 18409758 948817581 948817581 0 1013847321 0 23.120012 111 333 444000 111000 224 411 120 160000 250000 117 156000 40312 12 16000 25000 12 16000 25000 1290
1790010085604740 10 0 0 10 10 10 0 0 0 0 0 0 430 39 39 0 675 245 206 0 206 0 0 0 41996117 19975 0 4959 31444 32642 38965 19308200 18554604 954175091 954175091 0 1015342246 0 23.046071 110 330 440000 110000 454 416 120 160000 250000 117 156000 40321 12 16000 25000 12 16000 25000 1298
1790010085626098 10 0 0 10 10 10 0 0 0 0 0 0 429 39 39 0 675 246 207 0 207 0 0 0 42017117 20058 0 4977 31525 32669 39001 19308300 18569285 959554778 959554778 0 1016841722 0 23.068530 111 333 444000 111000 1430 516 120 160000 250000 117 156000 40327 12 16000 25000 12 16000 25000 1305
1790010085942802 10 0 0 10 10 10 0 0 0 0 0 0 428 39 39 0 675 247 208 0 208 0 0 0 42332466 20167 0 4991 31740 32972 39523 19308372 18803641 965918580 965918580 0 1018345337 0 22.930565 114 342 456000 114000 1336 596 120 160000 250000 117 156000 40336 12 16000 25000 12 16000 25000 1314
1790010086039629 10 0 0 10 10 10 0 0 0 0 0 0 427 39 39 0 675 248 209 0 209 0 0 0 42428684 20253 0 5002 31853 33076 39685 19308462 18874432 968428848 968428848 0 1019848979 0 22.912324 116 348 464000 116000 172 555 120 160000 250000 117 156000 40339 12 16000 25000 12 16000 25000 1316
1790010086105791 10 0 0 10 10 10 0 0 0 0 0 0 426 39 39 0 675 249 210 0 210 0 0 0 42494398 20334 0 5016 31950 33136 39776 19308538 18915201 973852080 973852080 0 1021357547 0 22.910704 117 351 468000 117000 430 544 120 160000 250000 117 156000 40346 12 16000 25000 12 16000 25000 1324
1790010086117771 10 0 0 10 10 10 0 0 0 0 0 0 425 39 39 0 675 250 211 0 211 0 0 0 42506072 20409 0 5028 32046 33156 39797 19308611 18922982 974555455 974555455 0 1022856445 0 22.937988 127 381 508000 127000 64 498 120 160000 250000 117 156000 40347 12 16000 25000 12 16000 25000 1325
1790010086227538 10 0 0 10 10 10 0 0 0 0 0 0 424 39 39 0 675 251 212 0 212 0 0 0 42615206 20500 0 5040 32160 33282 39974 19308676 19002963 978897280 978897280 0 1024361244 0 22.912885 137 411 548000 137000 118 461 120 160000 250000 117 156000 40354 12 16000 25000 12 16000 25000 1332
1790010086398899 10 0 0 10 10 10 0 0 0 0 0 0 423 39 39 0 675 252 213 0 213 0 0 0 42785660 20586 0 5053 32327 33465 40263 19308776 19128367 985354850 985354850 0 1025876712 0 22.855363 137 411 548000 137000 1321 545 120 160000 250000 117 156000 40363 12 16000 25000 12 16000 25000 1340
1790010086417550 10 0 0 10 10 10 0 0 0 0 0 0 422 39 39 0 675 253 214 0 214 0 0 0 42803984 20670 0 5066 32401 33488 40295 19308863 19140973 991874620 991874620 0 1027375439 0 22.878914 142 426 568000 142000 251 517 120 160000 250000 117 156000 40370 12 16000 25000 12 16000 25000 1348
1790010086521182 10 0 0 10 10 10 0 0 0 0 0 0 421 39 39 0 675 254 215 0 215 0 0 0 42907003 20760 0 5082 32538 33591 40452 19308933 19208817 996326953 996326953 0 1028884427 0 22.857484 143 429 572000 143000 1890 652 120 160000 250000 117 156000 40377 12 16000 25000 12 16000 25000 1354
1790010086524159 10 0 0 10 10 10 0 0 0 0 0 0 420 39 39 0 675 255 216 0 216 0 0 0 42909696 20833 0 5093 32606 33599 40459 19309042 19209814 1003017448 1003017448 0 1030378747 0 22.889207 145 435 580000 145000 1974 782 120 160000 250000 117 156000 40386 12 16000 25000 12 16000 25000 1363
1790010086739315 10 0 0 10 10 10 0 0 0 0 0 0 419 39 39 0 675 256 217 0 217 0 0 0 43123918 20919 0 5106 32749 33845 40792 19309095 19350723 1009514418 1009514418 0 1031882952 0 22.808761 147 441 588000 147000 1389 842 120 160000 250000 117 156000 40393 12 16000 25000 12 16000 25000 1371
1790010086778782 10 0 0 10 10 10 0 0 0 0 0 0 418 39 39 0 675 257 218 0 218 0 0 0 43162972 21004 0 5124 32839 33897 40854 19309192 19378133 1010885554 1010885554 0 1033373740 0 22.821011 125 375 500000 125000 23 764 120 160000 250000 117 156000 40395 12 16000 25000 12 16000 25000 1373
1790010086850224 10 0 0 10 10 10 0 0 0 0 0 0 417 39 39 0 675 258 219 0 219 0 0 0 43233912 21085 0 5136 32959 33971 40968 19309263 19427891 1016264871 1016264871 0 1034883669 0 22.816831 127 381 508000 127000 106 701 120 160000 250000 117 156000 40402 12 16000 25000 12 16000 25000 1379
1790010086976005 10 0 0 10 10 10 0 0 0 0 0 0 416 39 39 0 675 259 220 0 220 0 0 0 43359187 21167 0 5148 33064 34047 41092 19309332 19481172 1022552930 1022552930 0 1036380862 0 22.783812 128 384 512000 128000 978 729 120 160000 250000 117 156000 40411 12 16000 25000 12 16000 25000 1387
1790010087101254 10 0 0 10 10 10 0 0 0 0 0 0 415 39 39 0 675 260 221 0 221 0 0 0 43483719 21254 0 5160 33196 34190 41301 19309408 19571204 1027975776 1027975776 0 1037882685 0 22.751469 128 384 512000 128000 1121 768 120 160000 250000 117 156000 40419 12 16000 25000 12 16000 25000 1396
1790010087233862 10 0 0 10 10 10 0 0 0 0 0 0 414 39 39 0 675 261 222 0 222 0 0 0 43615608 21344 0 5173 33340 34323 41519 19309477 19666401 1033528450 1033528450 0 1039390176 0 22.715604 122 366 488000 122000 53 699 120 160000 250000 117 156000 40427 12 16000 25000 12 16000 25000 1404
1790010087361349 10 0 0 10 10 10 0 0 0 0 0 0 413 39 39 0 675 262 223 0 223 0 0 0 43742378 21431 0 5185 33470 34461 41729 19309569 19757563 1038465685 1038465685 0 1040891135 0 22.682467 128 384 512000 128000 1915 818 120 160000 250000 117 156000 40434 12 16000 25000 12 16000 25000 1411
1790010087446086 10 0 0 10 10 10 0 0 0 0 0 0 412 39 38 1 675 263 224 0 224 0 0 0 43826803 21507 0 5198 33566 34473 41735 19309672 19758543 1051599503 1045092364 0 1042386691 0 22.671282 129 387 516000 129000 1540 890 120 160000 250000 117 156000 40452 12 16000 25000 12 16000 25000 1428
1790010087446277 10 0 0 10 10 10 0 0 0 0 0 0 412 38 38 0 675 263 225 0 225 0 0 0 43826803 21592 0 5224 33566 34481 41738 19309750 19758543 1051599503 1051599503 0 1042386691 0 22.671238 124 372 496000 124000 56 810 120 160000 250000 114 152000 39447 12 16000 25000 12 16000 25000 1426
1790010087510126 10 0 0 10 10 10 0 0 0 0 0 0 410 39 39 0 675 265 226 0 226 0 0 0 43890434 21671 0 5237 33642 34489 41745 19309782 19759496 1058130613 1058130613 0 1045399393 0 22.703775 121 363 484000 121000 85 740 120 160000 250000 117 156000 40459 12 16000 25000 12 16000 25000 1436
1790010087660048 10 0 0 10 10 10 0 0 0 0 0 0 409 39 39 0 675 266 227 0 227 0 0 0 44039546 21777 0 5264 33804 34647 42004 19309839 19866170 1064731211 1064731211 0 1046896558 0 22.659291 123 369 492000 123000 298 697 120 160000 250000 117 156000 40467 12 16000 25000 12 16000 25000 1444
1790010087684197 10 0 0 10 10 10 0 0 0 0 0 0 408 39 39 0 675 267 228 0 228 0 0 0 44063395 21852 0 5276 33863 34655 42011 19309970 19867138 1071401466 1071401466 0 1048393805 0 22.679384 122 366 488000 122000 102 640 120 160000 250000 117 156000 40475 12 16000 25000 12 16000 25000 1452
1790010087761023 10 0 0 10 10 10 0 0 0 0 0 0 407 39 39 0 675 268 229 0 229 0 0 0 44139664 21933 0 5289 33981 34743 42142 19310050 19920932 1075745654 1075745654 0 1049895518 0 22.672604 120 360 480000 120000 174 595 120 160000 250000 117 156000 40482 12 16000 25000 12 16000 25000 1458
1790010088043834 10 0 0 10 10 10 0 0 0 0 0 0 406 39 39 0 675 269 230 0 230 0 0 0 44421222 22029 0 5301 34192 35037 42602 19310122 20114122 1082324102 1082324102 0 1051414744 0 22.561519 119 357 476000 119000 204 558 120 160000 250000 117 156000 40490 12 16000 25000 12 16000 25000 1467
1790010088307915 10 0 0 10 10 10 0 0 0 0 0 0 405 39 39 0 675 270 231 0 231 0 0 0 44684069 22142 0 5314 34398 35318 43058 19310202 20301412 1084683684 1084683684 0 1052909593 0 22.460701 119 357 476000 119000 115 515 120 160000 250000 117 156000 40492 12 16000 25000 12 16000 25000 1469
1790010088402390 10 0 0 10 10 10 0 0 0 0 0 0 404 39 39 0 675 271 232 0 232 0 0 0 44777934 22227 0 5330 34508 35431 43226 19310288 20367064 1090074911 1090074911 0 1054415612 0 22.445658 120 360 480000 120000 464 511 120 160000 250000 117 156000 40499 12 16000 25000 12 16000 25000 1476
1790010088499531 10 0 0 10 10 10 0 0 0 0 0 0 403 39 39 0 675 272 233 0 233 0 0 0 44874482 22310 0 5342 34636 35525 43384 19310374 20427814 1096470514 1096470514 0 1055913990 0 22.429176 117 351 468000 117000 121 474 120 160000 250000 117 156000 40507 12 16000 25000 12 16000 25000 1484
1790010088709611 10 0 0 10 10 10 0 0 0 0 0 0 402 39 39 0 675 273 234 0 234 0 0 0 45083630 22404 0 5357 34806 35700 43690 19310474 20587039 1097668688 1097668688 0 1057422551 0 22.357025 119 357 476000 119000 1179 544 120 160000 250000 117 156000 40508 12 16000 25000 12 16000 25000 1485
1790010088798383 10 0 0 10 10 10 0 0 0 0 0 0 401 39 39 0 675 274 235 0 235 0 0 0 45171865 22484 0 5369 34906 35767 43792 19310622 20639069 1102942890 1102942890 0 1058954525 0 22.345664 117 351 468000 117000 36 473 120 160000 250000 117 156000 40516 12 16000 25000 12 16000 25000 1492
1790010088945187 10 0 0 10 10 10 0 0 0 0 0 0 400 39 39 0 675 275 236 0 236 0 0 0 45318034 22587 0 5382 35041 35878 43944 19310706 20718541 1109227379 1109227379 0 1060461194 0 22.305266 117 351 468000 117000 1035 529 120 160000 250000 117 156000 40523 12 16000 25000 12 16000 25000 1501
1790010089289849 10 0 0 10 10 10 0 0 0 0 0 0 399 39 39 0 675 276 237 0 237 0 0 0 45661358 22680 0 5398 35255 36192 44432 19310801 20979011 1114650085 1114650085 0 1061968080 0 22.169049 117 351 468000 117000 1203 595 120 160000 250000 117 156000 40532 12 16000 25000 12 16000 25000 1509
1790010089452350 10 0 0 10 10 10 0 0 0 0 0 0 398 39 39 0 675 277 238 0 238 0 0 0 45823064 22774 0 5416 35411 36328 44672 19310902 21100802 1119935932 1119935932 0 1063459815 0 22.121840 111 333 444000 111000 48 542 120 160000 250000 117 156000 40539 12 16000 25000 12 16000 25000 1516
1790010089555125 10 0 0 10 10 10 0 0 0 0 0 0 397 39 39 0 675 278 239 0 239 0 0 0 45925478 22854 0 5429 35499 36346 44692 19311037 21107704 1125497047 1125497047 0 1064965462 0 22.103745 111 333 444000 111000 1110 598 120 160000 250000 117 156000 40547 12 16000 25000 12 16000 25000 1524
1790010089648352 10 0 0 10 10 10 0 0 0 0 0 0 396 39 38 1 675 279 240 0 240 0 0 0 46018383 22929 0 5440 35600 36354 44699 19311149 21108887 1128917782 1127690283 0 1066467922 0 22.090228 114 342 456000 114000 161 557 120 160000 250000 117 156000 40552 12 16000 25000 12 16000 25000 1528
1790010089648538 10 0 0 10 10 10 0 0 0 0 0 0 396 38 38 0 675 279 241 0 241 0 0 0 46018383 23001 0 5454 35600 36361 44702 19311235 21108887 1128917782 1128917782 0 1066467922 0 22.090193 114 342 456000 114000 24 506 120 160000 250000 114 152000 39548 12 16000 25000 12 16000 25000 1526
1790010089741163 10 0 0 10 10 10 0 0 0 0 0 0 394 39 39 0 675 281 242 0 242 0 0 0 46110485 23094 0 5467 35730 36448 44835 19311270 21176330 1131178790 1131178790 0 1069456092 0 22.107819 119 357 476000 119000 68 465 120 160000 250000 117 156000 40553 12 16000 25000 12 16000 25000 1530
1790010089804259 10 0 0 10 10 10 0 0 0 0 0 0 393 39 39 0 675 282 243 0 243 0 0 0 46173082 23172 0 5480 35834 36524 44930 19311374 21222625 1136481161 1136481161 0 1070961237 0 22.108897 116 348 464000 116000 68 428 120 160000 250000 117 156000 40560 12 16000 25000 12 16000 25000 1537
1790010090040713 10 0 0 10 10 10 0 0 0 0 0 0 392 39 39 0 675 283 244 0 244 0 0 0 46408542 23263 0 5492 36026 36738 45272 19311448 21399438 1139006377 1139006377 0 1072479175 0 22.027915 115 345 460000 115000 989 484 120 160000 250000 117 156000 40563 12 16000 25000 12 16000 25000 1540
1790010090064926 10 0 0 10 10 10 0 0 0 0 0 0 391 39 39 0 675 284 245 0 245 0 0 0 46432423 23339 0 5503 36111 36761 45295 19311552 21409558 1144259591 1144259591 0 1073988265 0 22.047535 118 354 472000 118000 516 488 120 160000 250000 117 156000 40571 12 16000 25000 12 16000 25000 1548
1790010090343150 10 0 0 10 10 10 0 0 0 0 0 0 390 39 39 0 675 285 246 0 246 0 0 0 46709541 23436 0 5516 36303 37001 45708 19311621 21617077 1146917288 1146917288 0 1075487613 0 21.947348 123 369 492000 123000 1518 589 120 160000 250000 117 156000 40574 12 16000 25000 12 16000 25000 1551
1790010090392594 10 0 0 10 10 10 0 0 0 0 0 0 389 39 39 0 675 286 247 0 247 0 0 0 46758541 23524 0 5529 36389 37050 45781 19311734 21652473 1153110200 1153110200 0 1076983516 0 21.954814 128 384 512000 128000 107 543 120 160000 250000 117 156000 40583 12 16000 25000 12 16000 25000 1559
1790010090609290 10 0 0 10 10 10 0 0 0 0 0 0 388 39 39 0 675 287 248 0 248 0 0 0 46974296 23615 0 5541 36570 37255 46094 19311811 21813300 1159720721 1159720721 0 1078484538 0 21.884441 135 405 540000 135000 432 533 120 160000 250000 117 156000 40591 12 16000 25000 12 16000 25000 1567
1790010090769344 10 0 0 10 10 10 0 0 0 0 0 0 387 39 39 0 675 288 249 0 249 0 0 0 47133525 23725 0 5557 36723 37422 46330 19311905 21931569 1165356897 1165356897 0 1080042440 0 21.842002 136 408 544000 136000 1254 605 120 160000 250000 117 156000 40597 12 16000 25000 12 16000 25000 1574
1790010090950408 10 0 0 10 10 10 0 0 0 0 0 0 386 39 39 0 675 289 250 0 250 0 0 0 47313720 23820 0 5570 36867 37587 46592 19312024 22065436 1171508041 1171508041 0 1081547794 0 21.789141 146 438 584000 146000 1117 656 120 160000 250000 117 156000 40606 12 16000 25000 12 16000 25000 1582
1790010091075010 10 0 0 10 10 10 0 0 0 0 0 0 385 39 39 0 675 290 251 0 251 0 0 0 47438047 23905 0 5583 36926 37595 46599 19312122 22066586 1176896508 1176896508 0 1083046501 0 21.762140 150 450 600000 150000 1324 722 120 160000 250000 117 156000 40613 12 16000 25000 12 16000 25000 1590
1790010091533844 10 0 0 10 10 10 0 0 0 0 0 0 384 39 38 1 675 291 252 0 252 0 0 0 47895240 24022 0 5596 37209 38009 47192 19312206 22368767 1189429870 1184006358 0 1084552937 0 21.584437 151 453 604000 151000 67 659 120 160000 250000 117 156000 40632 12 16000 25000 12 16000 25000 1607
1790010091534056 10 0 0 10 10 10 0 0 0 0 0 0 384 38 38 0 675 291 253 0 253 0 0 0 47895240 24095 0 5611 37209 38016 47195 19312317 22368767 1189429870 1189429870 0 1084552937 0 21.584404 155 465 620000 155000 1337 726 120 160000 250000 114 152000 39627 12 16000 25000 12 16000 25000 1605
1790010091599315 10 0 0 10 10 10 0 0 0 0 0 0 382 39 39 0 675 293 254 0 254 0 0 0 47960271 24177 0 5624 37282 38023 47201 19312358 22369950 1194739739 1194739739 0 1087549062 0 21.614662 158 474 632000 158000 1246 777 120 160000 250000 117 156000 40638 12 16000 25000 12 16000 25000 1615
1790010091791818 10 0 0 10 10 10 0 0 0 0 0 0 381 39 39 0 675 294 255 0 255 0 0 0 48151883 24270 0 5638 37448 38211 47491 19312442 22511120 1201221212 1201221212 0 1089058413 0 21.558530 152 456 608000 152000 87 711 120 160000 250000 117 156000 40646 12 16000 25000 12 16000 25000 1623
1790010091808061 10 0 0 10 10 10 0 0 0 0 0 0 380 39 39 0 675 295 256 0 256 0 0 0 48167821 24348 0 5650 37522 38229 47517 19312528 22521971 1203381140 1203381140 0 1090562219 0 21.581124 153 459 612000 153000 1117 752 120 160000 250000 117 156000 40649 12 16000 25000 12 16000 25000 1626
1790010091848815 10 0 0 10 10 10 0 0 0 0 0 0 379 39 39 0 675 296 257 0 257 0 0 0 48208275 24427 0 5664 37592 38250 47547 19312603 22534792 1208704598 1208704598 0 1092066870 0 21.592739 143 429 572000 143000 24 682 120 160000 250000 117 156000 40657 12 16000 25000 12 16000 25000 1634
1790010091961183 10 0 0 10 10 10 0 0 0 0 0 0 378 39 39 0 675 297 258 0 258 0 0 0 48320177 24507 0 5676 37699 38307 47644 19312680 22578031 1211115629 1211115629 0 1093565289 0 21.572281 145 435 580000 145000 1431 756 120 160000 250000 117 156000 40660 12 16000 25000 12 16000 25000 1637
1790010092019990 10 0 0 10 10 10 0 0 0 0 0 0 377 39 39 0 675 298 259 0 259 0 0 0 48378525 24603 0 5689 37800 38368 47737 19312754 22619194 1216390830 1216390830 0 1095068099 0 21.575844 138 414 552000 138000 25 686 120 160000 250000 117 156000 40666 12 16000 25000 12 16000 25000 1643
1790010092236832 10 0 0 10 10 10 0 0 0 0 0 0 376 39 39 0 675 299 260 0 260 0 0 0 48594446 24691 0 5705 37959 38557 48064 19312822 22776959 1221844295 1221844295 0 1096561378 0 21.509276 144 432 576000 144000 1050 723 120 160000 250000 117 156000 40674 12 16000 25000 12 16000 25000 1652
1790010092283555 10 0 0 10 10 10 0 0 0 0 0 0 375 39 39 0 675 300 261 0 261 0 0 0 48640765 24766 0 5717 38047 38618 48134 19312904 22809550 1228496368 1228496368 0 1097779227 0 21.512636 147 441 588000 147000 1307 781 120 160000 250000 117 156000 40682 12 16000 25000 12 16000 25000 1660
1790010092420641 10 0 0 10 10 10 0 0 0 0 0 0 374 39 39 0 675 301 262 0 262 0 0 0 48777166 24857 0 5734 38180 38741 48346 19312980 22908415 1233811475 1233811475 0 1099281013 0 21.481816 148 444 592000 148000 1338 836 120 160000 250000 117 156000 40690 12 16000 25000 12 16000 25000 1668
1790010092533150 10 0 0 10 10 10 0 0 0 0 0 0 373 39 39 0 675 302 263 0 263 0 0 0 48889056 24940 0 5745 38300 38851 48524 19313051 22989436 1234377249 1234377249 0 1100774435 0 21.461757 149 447 596000 149000 1377 890 120 160000 250000 117 156000 40690 12 16000 25000 12 16000 25000 1668
1790010092674209 10 0 0 10 10 10 0 0 0 0 0 0 372 39 39 0 675 303 264 0 264 0 0 0 49029396 25034 0 5758 38427 38999 48741 19313129 23090913 1240997587 1240997587 0 1102279163 0 21.429570 146 438 584000 146000 104 814 120 160000 250000 117 156000 40699 12 16000 25000 12 16000 25000 1676
1790010092697228 10 0 0 10 10 10 0 0 0 0 0 0 371 39 39 0 675 304 265 0 265 0 0 0 49052073 25117 0 5774 38515 39025 48781 19313207 23106538 1246457439 1246457439 0 1103781805 0 21.448831 146 438 584000 146000 479 783 120 160000 250000 117 156000 40707 12 16000 25000 12 16000 25000 1685
1790010092778534 10 0 0 10 10 10 0 0 0 0 0 0 370 39 39 0 675 305 266 0 266 0 0 0 49132975 25199 0 5786 38614 39067 48842 19313299 23134243 1253112439 1253112439 0 1105272250 0 21.442411 145 435 580000 145000 1775 881 120 160000 250000 117 156000 40715 12 16000 25000 12 16000 25000 1693
1790010092966787 10 0 0 10 10 10 0 0 0 0 0 0 369 39 39 0 675 306 267 0 267 0 0 0 49320475 25287 0 5798 38763 39206 49084 19313371 23247869 1259647829 1259647829 0 1106810006 0 21.390617 175 525 700000 175000 1240 917 120 160000 250000 117 156000 40723 12 16000 25000 12 16000 25000 1701
1790010092979715 10 0 0 10 10 10 0 0 0 0 0 0 368 39 39 0 675 307 268 0 268 0 0 0 49333093 25372 0 5810 38841 39228 49107 19313452 23256081 1266223102 1266223102 0 1108307228 0 21.414040 178 534 712000 178000 487 876 120 160000 250000 117 156000 40731 12 16000 25000 12 16000 25000 1709
1790010093072605 10 0 0 10 10 10 0 0 0 0 0 0 367 39 39 0 675 308 269 0 269 0 0 0 49425414 25468 0 5822 38961 39310 49251 19313522 23322189 1272746422 1272746422 0 1109524149 0 21.397489 179 537 716000 179000 1288 917 120 160000 250000 117 156000 40739 12 16000 25000 12 16000 25000 1717
1790010093085363 10 0 0 10 10 10 0 0 0 0 0 0 366 39 39 0 675 309 270 0 270 0 0 0 49437862 25543 0 5833 39048 39328 49275 19313609 23330266 1278057167 1278057167 0 1111027344 0 21.421053 177 531 708000 177000 265 854 120 160000 250000 117 156000 40747 12 16000 25000 12 16000 25000 1724
1790010093342063 10 0 0 10 10 10 0 0 0 0 0 0 365 39 39 0 675 310 271 0 271 0 0 0 49693481 25642 0 5848 39237 39551 49665 19313681 23513969 1284493469 1284493469 0 1112523948 0 21.339586 189 567 756000 189000 404 811 120 160000 250000 117 156000 40755 12 16000 25000 12 16000 25000 1732
1790010093428499 10 0 0 10 10 10 0 0 0 0 0 0 364 39 39 0 675 311 272 0 272 0 0 0 49779561 25721 0 5860 39330 39571 49689 19313780 23523130 1290940989 1290940989 0 1114014501 0 21.331212 182 546 728000 182000 117 744 120 160000 250000 117 156000 40763 12 16000 25000 12 16000 25000 1740
1790010093452406 10 0 0 10 10 10 0 0 0 0 0 0 363 39 39 0 675 312 273 0 273 0 0 0 49803126 25810 0 5880 39407 39603 49727 19313864 23539082 1291651006 1291651006 0 1115527678 0 21.350046 183 549 732000 183000 1415 810 120 160000 250000 117 156000 40764 12 16000 25000 12 16000 25000 1741
1790010093711973 10 0 0 10 10 10 0 0 0 0 0 0 362 39 39 0 675 313 274 0 274 0 0 0 50061603 25906 0 5894 39594 39843 50117 19313932 23716374 1296856567 1296856567 0 1116747193 0 21.263048 189 567 756000 189000 16 734 120 160000 250000 117 156000 40771 12 16000 25000 12 16000 25000 1747
1790010093894040 10 0 0 10 10 10 0 0 0 0 0 0 361 39 39 0 675 314 275 0 275 0 0 0 50242826 25996 0 5909 39720 40030 50357 19314064 23822120 1301096067 1301096067 0 1118248815 0 21.214843 199 597 796000 199000 851 752 120 160000 250000 117 156000 40777 12 16000 25000 12 16000 25000 1754
1790010094167515 10 0 0 10 10 10 0 0 0 0 0 0 360 39 39 0 675 315 276 0 276 0 0 0 50515087 26091 0 5922 39929 40305 50786 19314167 24016019 1302291922 1302291922 0 1119751020 0 21.128866 200 600 800000 200000 1064 783 120 160000 250000 117 156000 40778 12 16000 25000 12 16000 25000 1755
1790010094205392 10 0 0 10 10 10 0 0 0 0 0 0 359 39 39 0 675 316 277 0 277 0 0 0 50552536 26171 0 5935 40036 40350 50845 19314271 24041588 1303406529 1303406529 0 1121277354 0 21.141968 206 618 824000 206000 289 736 120 160000 250000 117 156000 40780 12 16000 25000 12 16000 25000 1756
1790010094337561 10 0 0 10 10 10 0 0 0 0 0 0 358 39 39 0 675 317 278 0 278 0 0 0 50683964 26263 0 5948 40167 40519 51055 19314357 24134243 1308090993 1308090993 0 1122754177 0 21.114909 207 621 828000 207000 237 689 120 160000 250000 117 156000 40785 12 16000 25000 12 16000 25000 1762
1790010094371189 10 0 0 10 10 10 0 0 0 0 0 0 357 39 39 0 675 318 279 0 279 0 0 0 50717248 26343 0 5959 40257 40544 51093 19314443 24149793 1314772449 1314772449 0 1124257884 0 21.129286 211 633 844000 211000 1222 742 120 160000 250000 117 156000 40792 12 16000 25000 12 16000 25000 1770
1790010094521416 10 0 0 10 10 10 0 0 0 0 0 0 356 39 39 0 675 319 280 0 280 0 0 0 50866698 26445 0 5973 40395 40692 51336 19314536 24254851 1321245376 1321245376 0 1125760727 0 21.095358 221 663 884000 221000 1325 800 120 160000 250000 117 156000 40800 12 16000 25000 12 16000 25000 1778
1790010094685442 10 0 0 10 10 10 0 0 0 0 0 0 355 39 37 2 675 320 281 0 281 0 0 0 51030383 26532 0 5986 40533 40700 51343 19314616 24255950 1335123315 1326633192 0 1127263446 0 21.055761 226 678 904000 226000 1538 873 120 160000 250000 114 152000 40819 12 16000 25000 12 16000 25000 1797
1790010094685649 10 0 0 10 10 10 0 0 0 0 0 0 355 38 37 1 675 320 282 0 282 0 0 0 51030383 26609 0 6002 40534 40707 51346 19314718 24255950 1335123315 1328802309 0 1127263446 0 21.055729 234 702 936000 234000 768 863 120 160000 250000 114 152000 39818 12 16000 25000 12 16000 25000 1795
1790010094685782 10 0 0 10 10 10 0 0 0 0 0 0 355 37 37 0 675 320 283 0 283 0 0 0 51030383 26682 0 6019 40534 40714 51349 19314752 24255950 1335123315 1335123315 0 1127263446 0 21.055699 211 633 844000 211000 23 782 120 160000 250000 111 148000 38815 12 16000 25000 12 16000 25000 1794
1790010095239410 10 0 0 10 10 10 0 0 0 0 0 0 352 39 39 0 675 323 284 0 284 0 0 0 51582290 26801 0 6033 40817 41166 52020 19314783 24551099 1341630770 1341630770 0 1131761778 0 20.913605 211 633 844000 211000 113 718 120 160000 250000 117 156000 40830 12 16000 25000 12 16000 25000 1805
1790010095292588 10 0 0 10 10 10 0 0 0 0 0 0 351 39 39 0 675 324 285 0 285 0 0 0 51634939 26896 0 6046 40931 41229 52104 19314915 24587174 1347972236 1347972236 0 1133258058 0 20.919874 209 627 836000 209000 302 679 120 160000 250000 117 156000 40838 12 16000 25000 12 16000 25000 1813
1790010095353463 10 0 0 10 10 10 0 0 0 0 0 0 350 39 39 0 675 325 286 0 286 0 0 0 51695311 26986 0 6064 41031 41294 52200 19315019 24628659 1354481553 1354481553 0 1134749933 0 20.922927 209 627 836000 209000 1224 733 120 160000 250000 117 156000 40847 12 16000 25000 12 16000 25000 1821
1790010095482237 10 0 0 10 10 10 0 0 0 0 0 0 349 39 39 0 675 326 287 0 287 0 0 0 51823349 27083 0 6078 41158 41435 52403 19315112 24717346 1359894549 1359894549 0 1136253596 0 20.898878 224 672 896000 224000 145 677 120 160000 250000 117 156000 40854 12 16000 25000 12 16000 25000 1830
1790010096127657 10 0 0 10 10 10 0 0 0 0 0 0 348 39 39 0 675 327 288 0 288 0 0 0 52466507 27209 0 6093 41507 41982 53348 19315198 25122336 1360723347 1360723347 0 1137737204 0 20.669726 225 675 900000 225000 1512 759 120 160000 250000 117 156000 40854 12 16000 25000 12 16000 25000 1830
1790010096416544 10 0 0 10 10 10 0 0 0 0 0 0 347 39 39 0 675 328 289 0 289 0 0 0 52754073 27312 0 6107 41718 42271 53816 19315326 25321581 1367392668 1367392668 0 1138955787 0 20.579090 226 678 904000 226000 151 701 120 160000 250000 117 156000 40862 12 16000 25000 12 16000 25000 1838
1790010096426346 10 0 0 10 10 10 0 0 0 0 0 0 346 39 39 0 675 329 290 0 290 0 0 0 52763517 27393 0 6121 41800 42289 53833 19315464 25327194 1372689498 1372689498 0 1140462900 0 20.602603 252 756 1008000 252000 1259 756 120 160000 250000 117 156000 40870 12 16000 25000 12 16000 25000 1846
1790010096519388 10 0 0 10 10 10 0 0 0 0 0 0 345 39 39 0 675 330 291 0 291 0 0 0 52855955 27483 0 6134 41928 42375 53977 19315548 25390499 1376968198 1376968198 0 1141966374 0 20.593669 247 741 988000 247000 99 693 120 160000 250000 117 156000 40877 12 16000 25000 12 16000 25000 1853
1790010096550276 10 0 0 10 10 10 0 0 0 0 0 0 344 39 39 0 675 331 292 0 292 0 0 0 52886450 27566 0 6147 42035 42408 54027 19315640 25410747 1383707161 1383707161 0 1143459891 0 20.608686 257 771 1028000 257000 1378 761 120 160000 250000 117 156000 40884 12 16000 25000 12 16000 25000 1862
1790010096591688 10 0 0 10 10 10 0 0 0 0 0 0 343 39 39 0 675 332 293 0 293 0 0 0 52927578 27642 0 6158 42110 42422 54047 19315714 25418075 1390243138 1390243138 0 1144955741 0 20.619589 258 774 1032000 258000 1065 792 120 160000 250000 117 156000 40893 12 16000 25000 12 16000 25000 1870
1790010096751460 10 0 0 10 10 10 0 0 0 0 0 0 342 39 39 0 675 333 294 0 294 0 0 0 53086530 27739 0 6172 42275 42588 54300 19315781 25526633 1396595795 1396595795 0 1146449370 0 20.584663 260 780 1040000 260000 459 761 120 160000 250000 117 156000 40900 12 16000 25000 12 16000 25000 1878
1790010096916628 10 0 0 10 10 10 0 0 0 0 0 0 341 39 39 0 675 334 295 0 295 0 0 0 53250925 27835 0 6195 42427 42725 54533 19315868 25624977 1403163849 1403163849 0 1147960166 0 20.548153 260 780 1040000 260000 1158 800 120 160000 250000 117 156000 40909 12 16000 25000 12 16000 25000 1886
1790010097028482 10 0 0 10 10 10 0 0 0 0 0 0 340 39 39 0 675 335 296 0 296 0 0 0 53362092 27922 0 6207 42564 42845 54712 19315978 25700325 1408588722 1408588722 0 1149176502 0 20.527062 270 810 1080000 270000 1410 860 120 160000 250000 117 156000 40917 12 16000 25000 12 16000 25000 1894
1790010097082089 10 0 0 10 10 10 0 0 0 0 0 0 339 39 39 0 675 336 297 0 297 0 0 0 53415440 28006 0 6220 42625 42853 54718 19316058 25701262 1415024111 1415024111 0 1150676775 0 20.533311 272 816 1088000 272000 1548 928 120 160000 250000 117 156000 40924 12 16000 25000 12 16000 25000 1902
1790010097177464 10 0 0 10 10 10 0 0 0 0 0 0 338 39 39 0 675 337 298 0 298 0 0 0 53510569 28092 0 6234 42683 42863 54724 19316126 25702222 1420551140 1420551140 0 1152190241 0 20.523753 263 789 1052000 263000 176 856 120 160000 250000 117 156000 40933 12 16000 25000 12 16000 25000 1910
1790010097212960 10 0 0 10 10 10 0 0 0 0 0 0 337 39 39 0 675 338 299 0 299 0 0 0 53545687 28173 0 6250 42776 42907 54786 19316198 25725306 1425859722 1425859722 0 1153689046 0 20.536949 248 744 992000 248000 88 782 120 160000 250000 117 156000 40941 12 16000 25000 12 16000 25000 1918
1790010097306809 10 0 0 10 10 10 0 0 0 0 0 0 336 39 39 0 675 339 300 0 300 0 0 0 53639017 28256 0 6266 42894 42981 54905 19316282 25772868 1428479298 1428479298 0 1155189421 0 20.527864 236 708 944000 236000 97 716 120 160000 250000 117 156000 40943 12 16000 25000 12 16000 25000 1921
1790010097323943 10 0 0 10 10 10 0 0 0 0 0 0 335 39 39 0 675 340 301 0 301 0 0 0 53655823 28336 0 6279 42978 43005 54936 19316367 25783454 1435028051 1435028051 0 1156698734 0 20.548219 217 651 868000 217000 16 648 120 160000 250000 117 156000 40951 12 16000 25000 12 16000 25000 1929
1790010097371000 10 0 0 10 10 10 0 0 0 0 0 0 334 39 39 0 675 341 302 0 302 0 0 0 53702460 28422 0 6293 43070 43062 55013 19316442 25814183 1440566572 1440566572 0 1158203561 0 20.557060 216 648 864000 216000 1287 711 120 160000 250000 117 156000 40959 12 16000 25000 12 16000 25000 1937
1790010097418150 10 0 0 10 10 10 0 0 0 0 0 0 333 39 39 0 675 342 303 0 303 0 0 0 53749262 28502 0 6307 43154 43099 55059 19316515 25832494 1446908682 1446908682 0 1159709488 0 20.565845 213 639 852000 213000 234 666 120 160000 250000 117 156000 40967 12 16000 25000 12 16000 25000 1946
1790010097792033 10 0 0 10 10 10 0 0 0 0 0 0 332 39 39 0 675 343 304 0 304 0 0 0 54121527 28611 0 6321 43403 43523 55670 19316593 26082485 1453111742 1453111742 0 1161211944 0 20.450881 203 609 812000 203000 51 607 120 160000 250000 117 156000 40974 12 16000 25000 12 16000 25000 1954
1790010097878288 10 0 0 10 10 10 0 0 0 0 0 0 331 39 39 0 675 344 305 0 305 0 0 0 54207187 28700 0 6336 43529 43609 55812 19316694 26138370 1457523704 1457523704 0 1162710373 0 20.444895 195 585 780000 195000 115 560 120 160000 250000 117 156000 40982 12 16000 25000 12 16000 25000 1961
1790010098296036 10 0 0 10 10 10 0 0 0 0 0 0 330 39 39 0 675 345 306 0 306 0 0 0 54623179 28823 0 6361 43785 44023 56509 19316789 26416628 1464022442 1464022442 0 1164214841 0 20.315483 210 630 840000 210000 335 539 120 160000 250000 117 156000 40990 12 16000 25000 12 16000 25000 1969
1790010098438982 10 0 0 10 10 10 0 0 0 0 0 0 329 39 39 0 675 346 307 0 307 0 0 0 54765664 28904 0 6374 43888 44082 56597 19316889 26448990 1469476678 1469476678 0 1165720720 0 20.288834 210 630 840000 210000 1373 621 120 160000 250000 117 156000 40998 12 16000 25000 12 16000 25000 1976
1790010098487646 10 0 0 10 10 10 0 0 0 0 0 0 328 39 39 0 675 347 308 0 308 0 0 0 54814012 28983 0 6388 43961 44109 56624 19316975 26458392 1475938467 1475938467 0 1167226172 0 20.297098 230 690 920000 230000 1263 685 120 160000 250000 117 156000 41005 12 16000 25000 12 16000 25000 1984
1790010098729021 10 0 0 10 10 10 0 0 0 0 0 0 327 39 39 0 675 348 309 0 309 0 0 0 55054233 29078 0 6401 44164 44373 57033 19317053 26617653 1477892606 1477892606 0 1168722712 0 20.234456 231 693 924000 231000 1255 742 120 160000 250000 117 156000 41008 12 16000 25000 12 16000 25000 1986
1790010098841068 10 0 0 10 10 10 0 0 0 0 0 0 326 39 39 0 675 349 310 0 310 0 0 0 55165792 29159 0 6413 44267 44438 57114 19317176 26649784 1484444793 1484444793 0 1170213852 0 20.219293 225 675 900000 225000 87 650 120 160000 250000 117 156000 41016 12 16000 25000 12 16000 25000 1994
1790010098887546 10 0 0 10 10 10 0 0 0 0 0 0 325 39 39 0 675 350 311 0 311 0 0 0 55211991 29235 0 6426 44341 44449 57126 19317263 26652360 1486734649 1486734649 0 1171708336 0 20.228156 225 675 900000 225000 1422 726 120 160000 250000 117 156000 41019 12 16000 25000 12 16000 25000 1997
1790010099342559 10 0 0 10 10 10 0 0 0 0 0 0 324 39 39 0 675 351 312 0 312 0 0 0 55665078 29360 0 6447 44659 44940 57880 19317330 26951467 1493397639 1493397639 0 1173213214 0 20.089319 222 666 888000 222000 433 699 120 160000 250000 117 156000 41026 12 16000 25000 12 16000 25000 2005
1790010099376255 10 0 0 10 10 10 0 0 0 0 0 0 323 39 39 0 675 352 313 0 313 0 0 0 55698336 29443 0 6459 44762 44988 57941 19317449 26972287 1500235079 1500235079 0 1174703434 0 20.102802 227 681 908000 227000 1441 773 120 160000 250000 117 156000 41035 12 16000 25000 12 16000 25000 2013
1790010099449396 10 0 0 10 10 10 0 0 0 0 0 0 322 39 39 0 675 353 314 0 314 0 0 0 55770909 29528 0 6472 44911 45083 58063 19317529 27019230 1506872018 1506872018 0 1176201400 0 20.102227 229 687 916000 229000 1385 834 120 160000 250000 117 156000 41043 12 16000 25000 12 16000 25000 2021
1790010099493711 10 0 0 10 10 10 0 0 0 0 0 0 321 39 38 1 675 354 315 0 315 0 0 0 55814944 29605 0 6484 45002 45090 58070 19317601 27020106 1517729810 1512465642 0 1177701714 0 20.111970 224 672 896000 224000 200 773 120 160000 250000 117 156000 41060 12 16000 25000 12 16000 25000 2038
1790010099493899 10 0 0 10 10 10 0 0 0 0 0 0 321 38 38 0 675 354 316 0 316 0 0 0 55814944 29675 0 6497 45016 45098 58074 19317676 27020106 1517729810 1517729810 0 1177701714 0 20.111944 223 669 892000 223000 1058 802 120 160000 250000 114 152000 40057 12 16000 25000 12 16000 25000 2036
1790010099516736 10 0 0 10 10 10 0 0 0 0 0 0 319 39 39 0 675 356 317 0 317 0 0 0 55837463 29762 0 6516 45123 45125 58112 19317708 27033093 1518452090 1518452090 0 1180420643 0 20.150220 220 660 880000 220000 223 747 120 160000 250000 117 156000 41060 12 16000 25000 12 16000 25000 2038
1790010099677020 10 0 0 10 10 10 0 0 0 0 0 0 318 39 39 0 675 357 318 0 318 0 0 0 55996894 29856 0 6528 45280 45286 58391 19317792 27135938 1524695277 1524695277 0 1181929050 0 20.118522 205 615 820000 205000 12 677 120 160000 250000 117 156000 41068 12 16000 25000 12 16000 25000 2046
1790010099741335 10 0 0 10 10 10 0 0 0 0 0 0 317 39 39 0 675 358 319 0 319 0 0 0 56060805 29935 0 6539 45371 45337 58448 19317889 27155932 1531358287 1531358287 0 1183451109 0 20.121448 208 624 832000 208000 1355 744 120 160000 250000 117 156000 41076 12 16000 25000 12 16000 25000 2054
1790010099807496 10 0 0 10 10 10 0 0 0 0 0 0 316 39 39 0 675 359 320 0 320 0 0 0 56126547 30033 0 6559 45461 45391 58509 19317976 27178172 1532689405 1532689405 0 1184949601 0 20.123305 211 633 844000 211000 1336 803 120 160000 250000 117 156000 41077 12 16000 25000 12 16000 25000 2055
1790010099900302 10 0 0 10 10 10 0 0 0 0 0 0 315 39 39 0 675 360 321 0 321 0 0 0 56218743 30117 0 6571 45598 45485 58673 19318052 27236810 1535277194 1535277194 0 1186444062 0 20.115630 210 630 840000 210000 37 729 120 160000 250000 117 156000 41080 12 16000 25000 12 16000 25000 2058
1790010099933809 10 0 0 10 10 10 0 0 0 0 0 0 314 39 39 0 675 361 322 0 322 0 0 0 56251898 30195 0 6583 45687 45514 58720 19318135 27250945 1537328429 1537328429 0 1187937058 0 20.129050 206 618 824000 206000 523 710 120 160000 250000 117 156000 41084 12 16000 25000 12 16000 25000 2061
1790010100079742 10 0 0 10 10 10 0 0 0 0 0 0 313 39 39 0 675 362 323 0 323 0 0 0 56397568 30274 0 6596 45757 45522 58728 19318205 27251826 1542669867 1542669867 0 1189462511 0 20.102839 215 645 860000 215000 580 698 120 160000 250000 117 156000 41092 12 16000 25000 12 16000 25000 2070
1790010100120746 10 0 0 10 10 10 0 0 0 0 0 0 312 39 39 0 675 363 324 0 324 0 0 0 56438119 30358 0 6609 45867 45571 58798 19318310 27276909 1543267224 1543267224 0 1190958226 0 20.113634 212 636 848000 212000 247 655 120 160000 250000 117 156000 41093 12 16000 25000 12 16000 25000 2070
1790010100139280 10 0 0 10 10 10 0 0 0 0 0 0 311 39 39 0 675 364 325 0 325 0 0 0 56456314 30439 0 6621 45965 45596 58831 19318386 27287762 1549658238 1549658238 0 1192456798 0 20.132427 209 627 836000 209000 102 602 120 160000 250000 117 156000 41101 12 16000 25000 12 16000 25000 2078
1790010100327459 10 0 0 10 10 10 0 0 0 0 0 0 310 39 39 0 675 365 326 0 326 0 0 0 56643586 30544 0 6633 46130 45767 59147 19318455 27399582 1555166247 1555166247 0 1193693137 0 20.086669 207 621 828000 207000 181 561 120 160000 250000 117 156000 41108 12 16000 25000 12 16000 25000 2086
1790010100669673 10 0 0 10 10 10 0 0 0 0 0 0 309 39 39 0 675 366 327 0 327 0 0 0 56984282 30644 0 6645 46375 46095 59733 19318557 27608424 1562416745 1562416745 0 1195190709 0 19.991654 198 594 792000 198000 67 514 120 160000 250000 117 156000 41116 12 16000 25000 12 16000 25000 2094
1790010100790840 10 0 0 10 10 10 0 0 0 0 0 0 308 39 39 0 675 367 328 0 328 0 0 0 57104712 30736 0 6660 46532 46209 59943 19318658 27683796 1568855194 1568855194 0 1196408127 0 19.969804 190 570 760000 190000 95 475 120 160000 250000 117 156000 41124 12 16000 25000 12 16000 25000 2102
1790010100797355 10 0 0 10 10 10 0 0 0 0 0 0 307 39 39 0 675 368 329 0 329 0 0 0 57110914 30815 0 6672 46621 46222 59956 19318744 27686877 1574105196 1574105196 0 1197910778 0 19.992688 188 564 752000 188000 457 475 120 160000 250000 117 156000 41131 12 16000 25000 12 16000 25000 2110
1790010100921639 10 0 0 10 10 10 0 0 0 0 0 0 306 39 39 0 675 369 330 0 330 0 0 0 57234937 30900 0 6687 46682 46229 59963 19318825 27687690 1580753974 1580753974 0 1199129189 0 19.969650 179 537 716000 179000 82 438 120 160000 250000 117 156000 41139 12 16000 25000 12 16000 25000 2117
1790010100951821 10 0 0 10 10 10 0 0 0 0 0 0 305 39 39 0 675 370 331 0 331 0 0 0 57264757 30980 0 6702 46761 46272 60020 19318900 27705622 1587329772 1587329772 0 1200691938 0 19.985240 169 507 676000 169000 64 403 120 160000 250000 117 156000 41147 12 16000 25000 12 16000 25000 2125
1790010100999932 10 0 0 10 10 10 0 0 0 0 0 0 304 39 39 0 675 371 332 0 332 0 0 0 57312407 31062 0 6715 46883 46330 60108 19318973 27734552 1593611530 1593611530 0 1202178301 0 19.993324 182 546 728000 182000 1607 522 120 160000 250000 117 156000 41154 12 16000 25000 12 16000 25000 2133
1790010101260642 10 0 0 10 10 10 0 0 0 0 0 0 303 39 39 0 675 372 333 0 333 0 0 0 57572109 31157 0 6732 47052 46531 60465 19319070 27857067 1598739682 1598739682 0 1203675986 0 19.927948 186 558 744000 186000 199 491 120 160000 250000 117 156000 41161 12 16000 25000 12 16000 25000 2140
1790010101630999 10 0 0 10 10 10 0 0 0 0 0 0 302 39 39 0 675 373 334 0 334 0 0 0 57940744 31272 0 6747 47361 46900 61131 19319163 28085225 1599413282 1599413282 0 1205172540 0 19.825809 187 561 748000 187000 1264 567 120 160000 250000 117 156000 41161 12 16000 25000 12 16000 25000 2141
1790010101684278 10 0 0 10 10 10 0 0 0 0 0 0 301 39 39 0 675 374 335 0 335 0 0 0 57993682 31351 0 6760 47445 46924 61158 19319269 28091841 1604666822 1604666822 0 1206680000 0 19.832470 183 549 732000 183000 140 526 120 160000 250000 117 156000 41170 12 16000 25000 12 16000 25000 2149
1790010101902659 10 0 0 10 10 10 0 0 0 0 0 0 300 39 39 0 675 375 336 0 336 0 0 0 58211000 31439 0 6774 47638 47136 61535 19319364 28219498 1611324584 1611324584 0 1208180200 0 19.783004 188 564 752000 188000 1437 616 120 160000 250000 117 156000 41178 12 16000 25000 12 16000 25000 2156
1790010101928270 10 0 0 10 10 10 0 0 0 0 0 0 299 39 39 0 675 376 337 0 337 0 0 0 58236290 31515 0 6786 47718 47159 61564 19319453 28228201 1617893730 1617893730 0 1209683814 0 19.799002 188 564 752000 188000 1415 694 120 160000 250000 117 156000 41186 12 16000 25000 12 16000 25000 2165
1790010101959126 10 0 0 10 10 10 0 0 0 0 0 0 298 39 39 0 675 377 338 0 338 0 0 0 58266766 31595 0 6799 47811 47201 61626 19319528 28246124 1623330312 1623330312 0 1211171582 0 19.812962 193 579 772000 193000 1337 758 120 160000 250000 117 156000 41194 12 16000 25000 12 16000 25000 2173
1790010102249275 10 0 0 10 10 10 0 0 0 0 0 0 297 39 39 0 675 378 339 0 339 0 0 0 58555528 31715 0 6812 48048 47512 62159 19319598 28421857 1628658529 1628658529 0 1212389514 0 19.735094 192 576 768000 192000 2248 904 120 160000 250000 117 156000 41200 12 16000 25000 12 16000 25000 2180
1790010102389605 10 0 0 10 10 10 0 0 0 0 0 0 296 39 39 0 675 379 340 0 340 0 0 0 58695012 31803 0 6824 48248 47649 62423 19319680 28506054 1633965558 1633965558 0 1213887056 0 19.712510 200 600 800000 200000 1457 959 120 160000 250000 117 156000 41208 12 16000 25000 12 16000 25000 2188
1790010102594671 10 0 0 10 10 10 0 0 0 0 0 0 295 39 39 0 675 380 341 0 341 0 0 0 58899813 31881 0 6836 48315 47657 62431 19319764 28506820 1636636346 1636636346 0 1215114016 0 19.663834 193 579 772000 193000 100 877 120 160000 250000 117 156000 41210 12 16000 25000 12 16000 25000 2190
1790010102618810 10 0 0 10 10 10 0 0 0 0 0 0 294 39 39 0 675 381 342 0 342 0 0 0 58923637 31963 0 6850 48386 47677 62457 19319854 28514591 1642017258 1642017258 0 1216616647 0 19.680167 188 564 752000 188000 117 803 120 160000 250000 117 156000 41219 12 16000 25000 12 16000 25000 2199
1790010102755397 10 0 0 10 10 10 0 0 0 0 0 0 293 39 39 0 675 382 343 0 343 0 0 0 59059398 32057 0 6865 48539 47836 62718 19319933 28595717 1647590799 1647590799 0 1218117621 0 19.659145 185 555 740000 185000 223 747 120 160000 250000 117 156000 41227 12 16000 25000 12 16000 25000 2207
1790010102836673 10 0 0 10 10 10 0 0 0 0 0 0 292 39 39 0 675 383 344 0 344 0 0 0 59140063 32146 0 6878 48683 47932 62869 19320019 28643296 1650613026 1650613026 0 1219628941 0 19.656674 185 555 740000 185000 1541 825 120 160000 250000 117 156000 41230 12 16000 25000 12 16000 25000 2210
1790010102888310 10 0 0 10 10 10 0 0 0 0 0 0 291 39 39 0 675 384 345 0 345 0 0 0 59191285 32225 0 6889 48777 47983 62947 19320100 28666672 1656108660 1656108660 0 1221138988 0 19.663963 182 546 728000 182000 487 793 120 160000 250000 117 156000 41239 12 16000 25000 12 16000 25000 2219
1790010102943655 10 0 0 10 10 10 0 0 0 0 0 0 290 39 38 1 675 385 346 0 346 0 0 0 59246317 32308 0 6904 48879 47991 62954 19320191 28667437 1668064921 1662588751 0 1222366480 0 19.665428 180 540 720000 180000 263 742 120 160000 250000 117 156000 41255 12 16000 25000 12 16000 25000 2233
1790010102943857 10 0 0 10 10 10 0 0 0 0 0 0 290 38 38 0 675 385 347 0 347 0 0 0 59246317 32380 0 6919 48879 47999 62957 19320293 28667437 1668064921 1668064921 0 1222366480 0 19.665404 179 537 716000 179000 141 684 120 160000 250000 114 152000 40251 12 16000 25000 12 16000 25000 2232
1790010102947966 10 0 0 10 10 10 0 0 0 0 0 0 288 39 39 0 675 387 348 0 348 0 0 0 59250216 32464 0 6933 48944 48007 62964 19320324 28668192 1668757491 1668757491 0 1225365386 0 19.712326 181 543 724000 181000 113 629 120 160000 250000 117 156000 41252 12 16000 25000 12 16000 25000 2234
1790010103217325 10 0 0 10 10 10 0 0 0 0 0 0 287 39 39 0 675 388 349 0 349 0 0 0 59493132 32595 0 6963 49212 73380 63453 19320387 28810791 1670058546 1670058546 0 1226875326 0 19.656030 184 552 736000 184000 130 560 120 160000 250000 117 156000 41256 12 16000 25000 12 16000 25000 2235
1790010103613794 10 0 0 10 10 10 0 0 0 0 0 0 286 39 39 0 675 389 350 0 350 0 0 0 59887545 32724 0 6978 49542 73820 64228 19320589 29042389 1677088654 1677088654 0 1228379598 0 19.550548 207 621 828000 207000 102 517 120 160000 250000 117 156000 41263 12 16000 25000 12 16000 25000 2243
1790010103719491 10 0 0 10 10 10 0 0 0 0 0 0 285 39 39 0 675 390 351 0 351 0 0 0 59992470 32821 0 6991 49690 73971 64439 19320697 29103320 1677857860 1677857860 0 1229879987 0 19.540179 202 606 808000 202000 216 488 120 160000 250000 117 156000 41265 12 16000 25000 12 16000 25000 2244
1790010103742567 10 0 0 10 10 10 0 0 0 0 0 0 284 39 39 0 675 391 352 0 352 0 0 0 60015163 32898 0 7003 49782 74009 64484 19320800 29115909 1684421716 1684421716 0 1231379819 0 19.556590 201 603 804000 201000 137 455 120 160000 250000 117 156000 41273 12 16000 25000 12 16000 25000 2252
1790010103977761 10 0 0 10 10 10 0 0 0 0 0 0 283 39 39 0 675 392 353 0 353 0 0 0 60249043 33003 0 7017 49994 74320 64945 19320914 29245630 1691070097 1691070097 0 1232871404 0 19.504278 207 621 828000 207000 69 401 120 160000 250000 117 156000 41281 12 16000 25000 12 16000 25000 2260
1790010104038234 10 0 0 10 10 10 0 0 0 0 0 0 282 39 39 0 675 393 354 0 354 0 0 0 60309148 33087 0 7032 50081 74349 64985 19321022 29256058 1695609296 1695609296 0 1234104618 0 19.504314 216 648 864000 216000 1418 501 120 160000 250000 117 156000 41288 12 16000 25000 12 16000 25000 2267
1790010104209488 10 0 0 10 10 10 0 0 0 0 0 0 281 39 39 0 675 394 355 0 355 0 0 0 60479918 33166 0 7043 50191 74413 65080 19321105 29284383 1702020685 1702020685 0 1235600265 0 19.472817 218 654 872000 218000 1510 600 120 160000 250000 117 156000 41296 12 16000 25000 12 16000 25000 2275
1790010104352311 10 0 0 10 10 10 0 0 0 0 0 0 280 39 39 0 675 395 356 0 356 0 0 0 60622149 33252 0 7058 50309 74521 65222 19321201 29324685 1707487318 1707487318 0 1237095453 0 19.450637 218 654 872000 218000 1211 660 120 160000 250000 117 156000 41302 12 16000 25000 12 16000 25000 2282
1790010104467532 10 0 0 10 10 10 0 0 0 0 0 0 279 39 39 0 675 396 357 0 357 0 0 0 60737093 33330 0 7071 50377 74531 65230 19321297 29325352 1708168211 1708168211 0 1238600865 0 19.437446 211 633 844000 211000 125 609 120 160000 250000 117 156000 41302 12 16000 25000 12 16000 25000 2282
1790010104688812 10 0 0 10 10 10 0 0 0 0 0 0 278 39 39 0 675 397 358 0 358 0 0 0 60957153 33445 0 7089 50589 74791 65668 19321375 29450730 1710096974 1710096974 0 1240100477 0 19.390726 199 597 796000 199000 16 552 120 160000 250000 117 156000 41305 12 16000 25000 12 16000 25000 2285
1790010104916507 10 0 0 10 10 10 0 0 0 0 0 0 277 39 39 0 675 398 359 0 359 0 0 0 61183533 33560 0 7102 50794 75094 66125 19321503 29579207 1716620742 1716620742 0 1241603050 0 19.342391 202 606 808000 202000 497 548 120 160000 250000 117 156000 41314 12 16000 25000 12 16000 25000 2293
1790010104919421 10 0 0 10 10 10 0 0 0 0 0 0 276 39 39 0 675 399 360 0 360 0 0 0 61186157 33650 0 7113 50853 75108 66131 19321603 29579915 1722040802 1722040802 0 1243107124 0 19.364964 187 561 748000 187000 69 503 120 160000 250000 117 156000 41321 12 16000 25000 12 16000 25000 2301
1790010105084259 10 0 0 10 10 10 0 0 0 0 0 0 275 39 39 0 675 400 361 0 361 0 0 0 61350006 33745 0 7125 51059 75310 66455 19321680 29672086 1728631675 1728631675 0 1244608417 0 19.336568 190 570 760000 190000 1155 567 120 160000 250000 117 156000 41331 12 16000 25000 12 16000 25000 2309
1790010105130454 10 0 0 10 10 10 0 0 0 0 0 0 274 39 39 0 675 401 362 0 362 0 0 0 61395782 33833 0 7137 51163 75369 66512 19321766 29686274 1730810812 1730810812 0 1246106433 0 19.345387 190 570 760000 190000 1319 641 120 160000 250000 117 156000 41334 12 16000 25000 12 16000 25000 2312
1790010105259955 10 0 0 10 10 10 0 0 0 0 0 0 273 39 39 0 675 402 363 0 363 0 0 0 61524465 33920 0 7149 51305 75538 66753 19321874 29752124 1735916602 1735916602 0 1247610714 0 19.328225 186 558 744000 186000 396 618 120 160000 250000 117 156000 41341 12 16000 25000 12 16000 25000 2319
1790010105315986 10 0 0 10 10 10 0 0 0 0 0 0 272 39 39 0 675 403 364 0 364 0 0 0 61579977 34002 0 7160 51420 75611 66872 19321966 29782495 1740310325 1740310325 0 1249112652 0 19.334032 187 561 748000 187000 362 594 120 160000 250000 117 156000 41347 12 16000 25000 12 16000 25000 2326
1790010105420751 10 0 0 10 10 10 0 0 0 0 0 0 271 39 39 0 675 404 365 0 365 0 0 0 61684425 34078 0 7173 51539 75619 66879 19322053 29783138 1745626885 1745626885 0 1250635749 0 19.324824 170 510 680000 170000 36 541 120 160000 250000 117 156000 41355 12 16000 25000 12 16000 25000 2334
1790010105420966 10 0 0 10 10 10 0 0 0 0 0 0 271 38 38 0 675 404 366 0 366 0 0 0 61684425 34150 0 7185 51587 75626 66881 19322120 29783138 1750968468 1750968468 0 1250635749 0 19.324801 170 510 680000 170000 226 511 120 160000 250000 114 152000 40359 12 16000 25000 12 16000 25000 2340
1790010105477790 10 0 0 10 10 10 0 0 0 0 0 0 269 39 39 0 675 406 367 0 367 0 0 0 61740765 34232 0 7198 51723 75713 66991 19322152 29812791 1757553253 1757553253 0 1253626865 0 19.353327 164 492 656000 164000 37 466 120 160000 250000 117 156000 41371 12 16000 25000 12 16000 25000 2350
1790010105532322 10 0 0 10 10 10 0 0 0 0 0 0 268 39 39 0 675 407 368 0 368 0 0 0 61794796 34318 0 7210 51847 75778 67086 19322250 29836452 1762411241 1762411241 0 1255128731 0 19.359553 164 492 656000 164000 1394 558 120 160000 250000 117 156000 41378 12 16000 25000 12 16000 25000 2356
1790010105609772 10 0 0 10 10 10 0 0 0 0 0 0 267 39 39 0 675 408 369 0 369 0 0 0 61871767 34403 0 7224 51951 75837 67184 19322350 29861029 1763552439 1763552439 0 1256637414 0 19.358698 163 489 652000 163000 1249 626 120 160000 250000 117 156000 41379 12 16000 25000 12 16000 25000 2357
1790010105699724 10 0 0 10 10 10 0 0 0 0 0 0 266 39 39 0 675 409 370 0 370 0 0 0 61960962 34501 0 7245 52148 75950 67367 19322451 29909217 1768910570 1768910570 0 1258142987 0 19.353975 154 462 616000 154000 10 567 120 160000 250000 117 156000 41386 12 16000 25000 12 16000 25000 2365
1790010105888913 10 0 0 10 10 10 0 0 0 0 0 0 265 39 39 0 675 410 371 0 371 0 0 0 62149005 34594 0 7258 52344 76184 67761 19322589 30010830 1769875784 1769875784 0 1259643697 0 19.318435 155 465 620000 155000 401 552 120 160000 250000 117 156000 41387 12 16000 25000 12 16000 25000 2366
1790010105961439 10 0 0 10 10 10 0 0 0 0 0 0 264 39 39 0 675 411 372 0 372 0 0 0 62220888 34679 0 7271 52470 76301 67921 19322691 30049220 1776454784 1776454784 0 1261131352 0 19.318892 154 462 616000 154000 276 526 120 160000 250000 117 156000 41396 12 16000 25000 12 16000 25000 2374
1790010106007414 10 0 0 10 10 10 0 0 0 0 0 0 263 39 39 0 675 412 373 0 373 0 0 0 62266363 34770 0 7283 52582 76367 68014 19322788 30073053 1783114186 1783114186 0 1262347886 0 19.323385 157 471 628000 157000 1211 594 120 160000 250000 117 156000 41404 12 16000 25000 12 16000 25000 2382
1790010106130150 10 0 0 10 10 10 0 0 0 0 0 0 262 39 39 0 675 413 374 0 374 0 0 0 62388306 34856 0 7295 52744 76523 68265 19322869 30137567 1789748807 1789748807 0 1263552698 0 19.304017 161 483 644000 161000 1427 676 120 160000 250000 117 156000 41412 12 16000 25000 12 16000 25000 2390
1790010106235442 10 0 0 10 10 10 0 0 0 0 0 0 261 39 39 0 675 414 375 0 375 0 0 0 62492850 34949 0 7309 52892 76666 68486 19322948 30192401 1794020392 1794020392 0 1265054818 0 19.294623 160 480 640000 160000 147 625 120 160000 250000 117 156000 41419 12 16000 25000 12 16000 25000 2397
1790010106300685 10 0 0 10 10 10 0 0 0 0 0 0 260 39 39 0 675 415 376 0 376 0 0 0 62557521 35037 0 7321 53002 76757 68639 19323037 30226184 1800608808 1800608808 0 1266563805 0 19.297652 168 504 672000 168000 1071 670 120 160000 250000 117 156000 41427 12 16000 25000 12 16000 25000 2405
1790010106382659 10 0 0 10 10 10 0 0 0 0 0 0 259 39 39 0 675 416 377 0 377 0 0 0 62638846 35125 0 7336 53150 76862 68809 19323128 30268652 1807215266 1807215266 0 1268060787 0 19.295363 173 519 692000 173000 192 625 120 160000 250000 117 156000 41434 12 16000 25000 12 16000 25000 2413
1790010106385296 10 0 0 10 10 10 0 0 0 0 0 0 258 39 39 0 675 417 378 0 378 0 0 0 62641230 35205 0 7349 53200 76870 68816 19323217 30269246 1813474585 1813474585 0 1269557684 0 19.317381 170 510 680000 170000 194 584 120 160000 250000 117 156000 41441 12 16000 25000 12 16000 25000 2421
1790010106549026 10 0 0 10 10 10 0 0 0 0 0 0 257 39 39 0 675 418 379 0 379 0 0 0 62804079 35297 0 7361 53396 77028 69109 19323277 30336784 1814408319 1814408319 0 1271062950 0 19.290136 179 537 716000 179000 1394 664 120 160000 250000 117 156000 41445 12 16000 25000 12 16000 25000 2422
1790010106907454 10 0 0 10 10 10 0 0 0 0 0 0 256 39 39 0 675 419 380 0 380 0 0 0 63160520 35421 0 7375 53711 77495 69922 19323385 30520774 1818721260 1818721260 0 1272552379 0 19.203773 189 567 756000 189000 197 619 120 160000 250000 117 156000 41452 12 16000 25000 12 16000 25000 2429
1790010107021973 10 0 0 10 10 10 0 0 0 0 0 0 255 39 39 0 675 420 381 0 381 0 0 0 63274196 35511 0 7387 53857 77648 70182 19323503 30578669 1824047198 1824047198 0 1273788740 0 19.187889 161 483 644000 161000 22 562 120 160000 250000 117 156000 41459 12 16000 25000 12 16000 25000 2437
1790010107196633 10 0 0 10 10 10 0 0 0 0 0 0 254 39 39 0 675 421 382 0 382 0 0 0 63447751 35633 0 7405 54063 77874 70552 19323594 30666193 1829310887 1829310887 0 1275284510 0 19.157865 163 489 652000 163000 485 556 120 160000 250000 117 156000 41466 12 16000 25000 12 16000 25000 2443
1790010107209198 10 0 0 10 10 10 0 0 0 0 0 0 253 39 39 0 675 422 383 0 383 0 0 0 63459913 35716 0 7419 54180 77898 70581 19323718 30671531 1829964586 1829964586 0 1276810847 0 19.177095 163 489 652000 163000 1344 634 120 160000 250000 117 156000 41466 12 16000 25000 12 16000 25000 2443
1790010107300535 10 0 0 10 10 10 0 0 0 0 0 0 252 39 39 0 675 423 384 0 384 0 0 0 63550518 35814 0 7432 54326 78006 70777 19323841 30716222 1836198327 1836198327 0 1278322259 0 19.172408 163 489 652000 163000 115 585 120 160000 250000 117 156000 41475 12 16000 25000 12 16000 25000 2452
1790010107373942 10 0 0 10 10 10 0 0 0 0 0 0 251 39 39 0 675 424 385 0 385 0 0 0 63623312 35903 0 7444 54459 78099 70936 19323932 30751710 1842775693 1842775693 0 1279822395 0 19.172931 156 468 624000 156000 95 538 120 160000 250000 117 156000 41483 12 16000 25000 12 16000 25000 2460
1790010107473449 10 0 0 10 10 10 0 0 0 0 0 0 250 39 39 0 675 425 386 0 386 0 0 0 63629837 35992 0 7456 54565 78116 163578 19324020 30754308 1847304741 1847304741 0 1281317292 0 19.193332 156 468 624000 156000 1321 616 120 160000 250000 117 156000 41489 12 16000 25000 12 16000 25000 2467
1790010107492998 10 0 0 10 10 10 0 0 0 0 0 0 249 39 39 0 675 426 387 0 387 0 0 0 63635212 36071 0 7470 54645 78128 177479 19324103 30756369 1853870343 1853870343 0 1282824508 0 19.214263 150 450 600000 150000 82 565 120 160000 250000 117 156000 41497 12 16000 25000 12 16000 25000 2475
1790010107553454 10 0 0 10 10 10 0 0 0 0 0 0 248 39 39 0 675 427 388 0 388 0 0 0 63682546 36165 0 7482 54734 78142 190309 19324177 30758433 1860157761 1860157761 0 1284324807 0 19.222416 150 450 600000 150000 1320 639 120 160000 250000 117 156000 41506 12 16000 25000 12 16000 25000 2483
1790010107954761 10 0 0 10 10 10 0 0 0 0 0 0 247 39 39 0 675 428 389 0 389 0 0 0 63720793 36256 0 7497 54832 78167 553059 19324251 30760987 1862543981 1862543981 0 1285538283 0 19.229009 151 453 604000 151000 1359 710 120 160000 250000 117 156000 41508 12 16000 25000 12 16000 25000 2485
1790010108059588 10 0 0 10 10 10 0 0 0 0 0 0 246 39 39 0 675 429 390 0 390 0 0 0 63825349 36335 0 7510 54902 78175 553066 19324338 30761520 1867961735 1867961735 0 1287045059 0 19.220004 151 453 604000 151000 68 648 120 160000 250000 117 156000 41517 12 16000 25000 12 16000 25000 2493
1790010108290724 10 0 0 10 10 10 0 0 0 0 0 0 245 39 39 0 675 430 391 0 391 0 0 0 63830863 36419 0 7525 55008 78189 778386 19324416 30763535 1874575076 1874575076 0 1288278512 0 19.236737 153 459 612000 153000 244 609 120 160000 250000 117 156000 41525 12 16000 25000 12 16000 25000 2501
1790010108844426 10 0 0 10 10 10 0 0 0 0 0 0 244 39 39 0 675 431 392 0 392 0 0 0 63837294 36509 0 7538 55103 78204 1325365 19324487 30766021 1875880612 1875880612 0 1289782990 0 19.257236 151 453 604000 151000 146 564 120 160000 250000 117 156000 41526 12 16000 25000 12 16000 25000 2503
1790010109336945 10 0 0 10 10 10 0 0 0 0 0 0 243 39 39 0 675 432 393 0 393 0 0 0 63843700 36603 0 7551 55203 78221 1811120 19324612 30768432 1882609030 1882609030 0 1291280811 0 19.277638 145 435 580000 145000 29 489 120 160000 250000 117 156000 41534 12 16000 25000 12 16000 25000 2511
1790010109377132 10 0 0 10 10 10 0 0 0 0 0 0 242 39 39 0 675 433 394 0 394 0 0 0 63850173 36698 0 7566 55317 78238 1844490 19324708 30770884 1887963329 1887963329 0 1292769907 0 19.297884 146 438 584000 146000 518 493 120 160000 250000 117 156000 41540 12 16000 25000 12 16000 25000 2518
1790010109486871 10 0 0 10 10 10 0 0 0 0 0 0 241 39 39 0 675 434 395 0 395 0 0 0 63856816 36775 0 7578 55411 78265 1947263 19324814 30773309 1894597528 1894597528 0 1294270811 0 19.318257 144 432 576000 144000 121 458 120 160000 250000 117 156000 41548 12 16000 25000 12 16000 25000 2526
1790010109590191 10 0 0 10 10 10 0 0 0 0 0 0 240 39 39 0 675 435 396 0 396 0 0 0 63863447 36853 0 7590 55504 78280 2043655 19324905 30775704 1901234442 1901234442 0 1295770029 0 19.338604 147 441 588000 147000 436 456 120 160000 250000 117 156000 41557 12 16000 25000 12 16000 25000 2534
1790010109694569 10 0 0 10 10 10 0 0 0 0 0 0 239 39 39 0 675 436 397 0 397 0 0 0 63967577 36928 0 7602 55562 78288 2043663 19324985 30776193 1906736900 1906736900 0 1297271038 0 19.329484 152 456 608000 152000 1459 555 120 160000 250000 117 156000 41565 12 16000 25000 12 16000 25000 2542
1790010109852628 10 0 0 10 10 10 0 0 0 0 0 0 239 38 38 0 675 436 398 0 398 0 0 0 63970670 37007 0 7615 55637 78301 2198370 19325057 30777603 1911164199 1911164199 0 1297271038 0 19.328526 142 426 568000 142000 36 506 120 160000 250000 114 152000 40568 12 16000 25000 12 16000 25000 2548
1790010109864612 10 0 0 10 10 10 0 0 0 0 0 0 239 37 37 0 675 436 399 0 399 0 0 0 63972697 37081 0 7626 55694 78312 2208095 19325115 30778549 1917805787 1917805787 0 1297271038 0 19.327892 144 432 576000 144000 1219 576 120 160000 250000 111 148000 39573 12 16000 25000 12 16000 25000 2555
1790010110029002 10 0 0 10 10 10 0 0 0 0 0 0 239 36 36 0 675 436 400 0 400 0 0 0 63974790 37172 0 7642 55756 78324 2370169 19325155 30779502 1918985047 1918985047 0 1297271038 0 19.327232 146 438 584000 146000 1379 656 120 160000 250000 108 144000 38570 12 16000 25000 12 16000 25000 2554
1790010110302881 10 0 0 10 10 10 0 0 0 0 0 0 239 35 35 0 675 436 401 0 401 0 0 0 63976880 37250 0 7655 55817 78339 2641727 19325210 30780465 1924594685 1924594685 0 1297271038 0 19.326578 147 441 588000 147000 262 619 120 160000 250000 105 140000 37577 12 16000 25000 12 16000 25000 2561
1790010110340285 10 0 0 10 10 10 0 0 0 0 0 0 239 34 34 0 675 436 402 0 402 0 0 0 63979968 37328 0 7668 55885 78352 2675788 19325276 30781922 1931208966 1931208966 0 1297271038 0 19.325622 155 465 620000 155000 1546 710 120 160000 250000 102 136000 36582 12 16000 25000 12 16000 25000 2568
1790010110396476 10 0 0 10 10 10 0 0 0 0 0 0 239 33 33 0 675 436 403 0 403 0 0 0 63982029 37409 0 7686 55945 78374 2729691 19325321 30782892 1937986144 1937986144 0 1297271038 0 19.324975 155 465 620000 155000 1153 754 120 160000 250000 99 132000 35587 12 16000 25000 12 16000 25000 2575
1790010110696390 10 0 0 10 10 10 0 0 0 0 0 0 239 32 32 0 675 436 404 0 404 0 0 0 63984157 37503 0 7699 56013 78386 3027238 19325362 30783891 1944396373 1944396373 0 1297271038 0 19.324305 156 468 624000 156000 1437 822 120 160000 250000 96 128000 34593 12 16000 25000 12 16000 25000 2582
1790010110696599 10 0 0 10 10 10 0 0 0 0 0 0 239 31 31 0 675 436 405 0 405 0 0 0 63984157 37571 0 7710 56064 78403 3027241 19325415 30783891 1949672356 1949672356 0 1297271038 0 19.324284 149 447 596000 149000 85 751 120 160000 250000 93 124000 33600 12 16000 25000 12 16000 25000 2588
1790010110807753 10 0 0 10 10 10 0 0 0 0 0 0 239 30 30 0 675 436 406 0 406 0 0 0 63986257 37647 0 7722 56138 78415 3136085 19325447 30784869 1955053327 1955053327 0 1297271038 0 19.323627 144 432 576000 144000 51 683 120 160000 250000 90 120000 32607 12 16000 25000 12 16000 25000 2595
1790010110810490 10 0 0 10 10 10 0 0 0 0 0 0 239 29 29 0 675 436 407 0 407 0 0 0 63988329 37723 0 7734 56208 78435 3136522 19325491 30785832 1956371260 1956371260 0 1297271038 0 19.322979 150 450 600000 150000 1456 759 120 160000 250000 87 116000 31606 12 16000 25000 12 16000 25000 2594
1790010110837683 10 0 0 10 10 10 0 0 0 0 0 0 239 28 28 0 675 436 408 0 408 0 0 0 63990612 37808 0 7750 56277 78446 3161210 19325530 30786811 1960968974 1960968974 0 1297271038 0 19.322265 150 450 600000 150000 269 712 120 160000 250000 84 112000 30609 12 16000 25000 12 16000 25000 2600
1790010111103777 10 0 0 10 10 10 0 0 0 0 0 0 239 27 27 0 675 436 409 0 409 0 0 0 63993720 37887 0 7765 56354 78458 3423915 19325622 30788246 1967598789 1967598789 0 1297271038 0 19.321303 157 471 628000 157000 1219 763 120 160000 250000 81 108000 29614 12 16000 25000 12 16000 25000 2607
1790010111184500 10 0 0 10 10 10 0 0 0 0 0 0 239 26 26 0 675 436 410 0 410 0 0 0 63995792 37963 0 7778 56420 78471 3502345 19325671 30789205 1973079131 1973079131 0 1297271038 0 19.320655 158 474 632000 158000 1176 804 120 160000 250000 78 104000 28620 12 16000 25000 12 16000 25000 2613
1790010111205579 10 0 1 9 10 10 0 0 0 0 0 0 239 25 25 0 675 436 411 0 411 0 0 0 63997857 38035 0 7789 56476 78482 3521159 19325713 30790178 1978391504 1978391504 0 1297271038 0 19.320010 157 471 628000 157000 1511 874 120 160000 250000 75 100000 27627 12 16000 25000 12 16000 25000 2620
1790010111280303 10 0 0 10 10 10 0 0 0 0 0 0 238 25 25 0 675 437 412 0 412 0 0 0 64018384 38122 0 7806 56831 78529 3574799 19325750 30794405 1982760149 1982760149 0 1297271038 0 19.313793 160 480 640000 160000 1510 937 120 160000 250000 84 112000 32948 12 16000 25000 12 16000 25000 3862
1790010111312698 10 0 0 10 10 10 0 0 0 0 0 0 238 24 24 0 675 437 413 0 413 0 0 0 64027919 38201 0 7819 57106 78567 3597163 19325825 30796980 1988105923 1988105923 0 1297271038 0 19.310894 160 480 640000 160000 1277 971 120 160000 250000 81 108000 32001 12 16000 25000 12 16000 25000 3867
1790010111384181 10 0 0 10 10 10 0 0 0 0 0 0 238 23 23 0 675 437 414 0 414 0 0 0 64045808 38289 0 7836 57605 78619 3650039 19325869 30801768 1993477807 1993477807 0 1297271038 0 19.305477 174 522 696000 174000 1131 987 120 160000 250000 78 104000 31107 12 16000 25000 12 16000 25000 3873
1790010111492794 10 0 0 10 10 10 0 0 0 0 0 0 238 22 22 0 675 437 415 0 415 0 0 0 64070113 38372 0 7850 58263 78696 3733416 19325935 30808323 2000048652 2000048652 0 1297271038 0 19.298133 177 531 708000 177000 1298 1018 120 160000 250000 75 100000 30252 12 16000 25000 12 16000 25000 3880
1790010111523582 10 0 0 10 10 10 0 0 0 0 0 0 238 21 21 0 675 437 416 0 416 0 0 0 64076548 38446 0 7862 58451 78719 3757410 19325987 30810093 2006428095 2006428095 0 1297271038 0 19.296174 197 591 788000 197000 1408 1057 120 160000 250000 72 96000 29292 12 16000 25000 12 16000 25000 3886
1790010111651104 10 0 0 10 10 10 0 0 0 0 0 0 238 20 20 0 675 437 417 0 417 0 0 0 64108220 38556 0 7879 59316 78809 3852115 19326028 30818627 2012972014 2012972014 0 1297271038 0 19.286613 196 588 784000 196000 494 1003 120 160000 250000 69 92000 28488 12 16000 25000 12 16000 25000 3893
1790010111698886 10 0 0 10 10 10 0 0 0 0 0 0 238 19 19 0 675 437 418 0 418 0 0 0 64118575 38640 0 7892 59632 78840 3888986 19326123 30821428 2019405742 2019405742 0 1297271038 0 19.283475 194 582 776000 194000 296 935 120 160000 250000 66 88000 27552 12 16000 25000 12 16000 25000 3900
1790010111827822 10 0 0 10 10 10 0 0 0 0 0 0 238 18 18 0 675 437 419 0 419 0 0 0 64148915 38730 0 7905 60418 78925 3986510 19326192 30829700 2024927776 2024927776 0 1297271038 0 19.274333 217 651 868000 217000 1452 986 120 160000 250000 63 84000 26739 12 16000 25000 12 16000 25000 3906
1790010111938428 10 0 1 9 10 10 0 0 0 0 0 0 238 17 17 0 675 437 420 0 420 0 0 0 64174876 38839 0 7919 61107 78997 4070192 19326254 30836690 2031374800 2031374800 0 1297271038 0 19.266508 219 657 876000 219000 1270 1015 120 160000 250000 60 80000 25896 12 16000 25000 12 16000 25000 3912
1790010118322275 10 0 1 9 10 10 0 0 0 0 0 0 237 18 18 0 675 437 420 0 420 0 0 0 64174876 38839 0 7919 61107 78997 4070195 19326319 30836872 2031374800 2031374800 0 1644474346 0 24.423022 222 666 888000 222000 503 990 120 160000 250000 60 80000 25896 12 16000 25000 12 16000 25000 4243
1790010118322508 10 0 0 10 10 10 0 0 0 0 0 0 237 18 18 0 675 438 420 0 420 0 0 0 70558867 38839 0 7919 61107 78997 4070195 19326319 30836872 2031374800 2031374800 0 1644474346 0 22.214503 222 666 888000 222000 503 966 120 160000 250000 72 96000 28227 12 16000 25000 12 16000 25000 4243
1790010118326349 10 0 1 9 10 10 0 0 0 0 0 0 237 17 1 16 675 438 421 0 421 0 0 0 70558867 38922 0 7934 64739 79007 4070201 19326413 30836872 2128314504 2036769259 0 1644474346 0 22.214477 222 666 888000 222000 503 901 120 160000 250000 69 92000 28335 12 16000 25000 12 16000 25000 4367
1790010118326532 10 0 2 8 10 10 0 0 0 0 0 0 237 16 1 15 675 438 422 0 422 0 0 0 70558867 38998 0 7950 64739 79016 4070204 19326491 30836872 2128314504 2043331796 0 1644474346 0 22.214453 40 120 160000 40000 1 814 120 160000 250000 63 84000 27332 12 16000 25000 12 16000 25000 4366
1790010118326663 10 0 2 8 10 10 0 0 0 0 0 0 237 15 1 14 675 438 423 0 423 0 0 0 70558867 39069 0 7965 64739 79023 4070207 19326524 30836872 2128314504 2049575036 0 1644474346 0 22.214431 25 75 100000 25000 2 736 120 160000 250000 63 84000 26331 12 16000 25000 12 16000 25000 4364
1790010118326863 10 0 3 7 10 10 0 0 0 0 0 0 237 14 1 13 675 438 424 0 424 0 0 0 70558867 39156 0 7982 64739 79086 4070209 19326554 30836872 2128314504 2049776641 0 1644474346 0 22.214403 20 60 80000 20000 3 666 120 160000 250000 51 68000 19822 12 16000 25000 12 16000 25000 4364
1790010118327005 10 0 4 6 10 10 0 0 0 0 0 0 237 13 1 12 675 438 425 0 425 0 0 0 70558867 39234 0 8001 64739 79093 4070212 19326592 30836872 2128314504 2055215384 0 1644474346 0 22.214379 13 42 55184 14062 1 602 120 160000 250000 45 60000 18818 12 16000 25000 12 16000 25000 4363
1790010118327124 10 0 4 6 10 10 0 0 0 0 0 0 237 12 1 11 675 438 426 0 426 0 0 0 70558867 39303 0 8014 64739 79100 4070215 19326616 30836872 2128314504 2059540346 0 1644474346 0 22.214357 10 32 42449 10817 1 544 120 160000 250000 45 60000 17817 12 16000 25000 12 16000 25000 4362
1790010118327254 10 0 5 5 10 10 0 0 0 0 0 0 237 11 1 10 675 438 427 0 427 0 0 0 70558867 39375 0 8028 64739 79107 4070218 19326645 30836872 2128314504 2066135318 0 1644474346 0 22.214334 10 32 42449 10817 1 492 120 160000 250000 36 48000 16810 12 16000 25000 12 16000 25000 4360
1790010118327446 10 0 5 5 10 10 0 0 0 0 0 0 237 9 1 8 675 438 429 0 429 0 0 0 70558867 39513 0 8051 64739 79114 4070221 19326674 30836872 2128314504 2078142271 0 1644474346 0 22.214291 10 32 42449 10817 2 423 120 160000 250000 36 48000 14807 12 16000 25000 12 16000 25000 4357
1790010118327604 10 0 6 4 10 10 0 0 0 0 0 0 237 8 1 7 675 438 430 0 430 0 0 0 70558867 39584 0 8066 64739 79129 4070224 19326726 30836872 2128314504 2084572493 0 1644474346 0 22.214269 10 32 42449 10817 2 382 120 160000 250000 30 40000 13802 12 16000 25000 12 16000 25000 4356
1790010118327733 10 0 6 4 10 10 0 0 0 0 0 0 237 7 1 6 675 438 431 0 431 0 0 0 70558867 39660 0 8083 64739 79136 4070226 19326753 30836872 2128314504 2089767991 0 1644474346 0 22.214245 10 32 42449 10817 2 345 120 160000 250000 30 40000 12801 12 16000 25000 12 16000 25000 4355
1790010118327857 10 0 7 3 10 10 0 0 0 0 0 0 237 6 1 5 675 438 432 0 432 0 0 0 70558867 39730 0 8098 64739 79144 4070228 19326782 30836872 2128314504 2096133590 0 1644474346 0 22.214223 10 32 42449 10817 1 312 120 160000 250000 24 32000 11797 12 16000 25000 12 16000 25000 4353
1790010118327978 10 0 7 3 10 10 0 0 0 0 0 0 237 5 1 4 675 438 433 0 433 0 0 0 70558867 39797 0 8111 64739 79151 4070230 19326810 30836872 2128314504 2102608165 0 1644474346 0 22.214202 10 32 42449 10817 2 283 120 160000 250000 24 32000 10796 12 16000 25000 12 16000 25000 4352
1790010118328106 10 0 8 2 10 10 0 0 0 0 0 0 237 4 1 3 675 438 434 0 434 0 0 0 70558867 39866 0 8125 64739 79164 4070233 19326837 30836872 2128314504 2109056838 0 1644474346 0 22.214180 10 32 42449 10817 2 256 120 160000 250000 15 20000 9791 12 16000 25000 12 16000 25000 4351
1790010118328296 10 0 8 2 10 10 0 0 0 0 0 0 237 2 1 1 675 438 436 0 436 0 0 0 70558867 40002 0 8149 64739 79171 4070235 19326865 30836872 2128314504 2121883822 0 1644474346 0 22.214137 10 32 42449 10817 2 221 120 160000 250000 15 20000 7788 12 16000 25000 12 16000 25000 4348
1790010118328466 10 0 9 1 10 10 0 0 0 0 0 0 237 1 1 0 675 438 437 0 437 0 0 0 70558867 40085 0 8174 64739 79187 4070238 19326917 30836872 2128314504 2128314504 0 1644474346 0 22.214111 10 32 42449 10817 3 201 120 160000 250000 12 16000 6785 12 16000 25000 12 16000 25000 4346
1790010118509154 10 0 8 2 10 10 0 0 0 0 0 0 235 2 2 0 675 440 438 0 438 0 0 0 70591758 40172 0 8174 65770 79292 4216734 19326946 30837881 2128493641 2128493641 0 1644474346 0 22.203739 10 32 42449 10817 2 183 120 160000 250000 24 32000 13237 12 16000 25000 12 16000 25000 5574
1790010119637215 10 0 7 3 10 10 0 0 0 0 0 0 233 3 3 0 675 442 439 0 439 0 0 0 70705043 40325 0 8187 71404 79817 5224932 19327040 30838305 2128696227 2128696227 0 1644474346 0 22.168136 10 34 44898 11633 129 179 120 160000 250000 36 48000 15013 12 16000 25000 12 16000 25000 5574
1790010119864946 10 0 7 3 10 10 0 0 0 0 0 0 232 3 3 0 675 443 440 0 440 0 0 0 70709724 40393 0 8188 71490 79832 5447671 19327160 30838700 2128915991 2128915991 0 1644474346 0 22.166648 10 36 47347 12449 1 163 120 160000 250000 36 48000 12014 12 16000 25000 12 16000 25000 5574
1790010121800132 10 0 1 9 10 10 0 0 0 0 0 0 204 30 30 0 675 471 441 0 441 0 0 0 71384536 41576 0 9303 71995 79868 6706059 19327399 30840207 2131706560 2131706560 0 1689485573 0 22.557843 10 38 49796 13266 27 151 120 160000 250000 108 144000 37355 12 16000 25000 12 16000 25000 5287
1790010121884004 10 0 0 10 10 10 0 0 0 0 0 0 200 33 33 0 675 475 442 0 442 0 0 0 71451766 41662 0 9319 72153 79889 6722271 19327541 30847130 2132457724 2132457724 0 1695962100 0 22.622995 10 40 52245 13470 1 137 120 160000 250000 117 156000 40359 12 16000 25000 12 16000 25000 5292
1790010122410410 10 0 0 10 10 10 0 0 0 0 0 0 199 33 33 0 675 476 443 0 443 0 0 0 71469450 41752 0 9334 72241 79903 7230579 19327739 30850575 2133096815 2133096815 0 1697571440 0 22.638835 10 40 52245 13470 94 133 120 160000 250000 117 156000 40352 12 16000 25000 12 16000 25000 5292
1790010122471693 10 0 0 10 10 10 0 0 0 0 0 0 198 33 33 0 675 477 444 0 444 0 0 0 71475716 41835 0 9351 72323 79917 7285294 19327835 30853951 2133810608 2133810608 0 1699165064 0 22.658076 10 40 52245 13470 139 135 120 160000 250000 117 156000 40353 12 16000 25000 12 16000 25000 5293
1790010122672630 10 0 0 10 10 10 0 0 0 0 0 0 197 33 33 0 675 478 445 0 445 0 0 0 71482430 41915 0 9367 72418 79934 7479223 19327916 30858186 2135064052 2135064052 0 1700481359 0 22.673474 10 40 52245 13470 7 123 120 160000 250000 117 156000 40347 12 16000 25000 12 16000 25000 5294
1790010122890001 10 0 0 10 10 10 0 0 0 0 0 0 196 33 33 0 675 479 446 0 446 0 0 0 71489171 41995 0 9385 72504 79947 7689577 19327993 30861523 2136415684 2136415684 0 1701770134 0 22.688495 10 40 52245 13470 38 115 120 160000 250000 117 156000 40340 12 16000 25000 12 16000 25000 5294
1790010123002706 10 0 0 10 10 10 0 0 0 0 0 0 195 33 33 0 675 480 447 0 447 0 0 0 71496024 42073 0 9399 72602 79964 7795140 19328070 30865711 2137836985 2137836985 0 1703402820 0 22.708062 10 40 52245 13470 195 123 120 160000 250000 117 156000 40335 12 16000 25000 12 16000 25000 5296
1790010123138220 10 0 0 10 10 10 0 0 0 0 0 0 194 33 33 0 675 481 448 0 448 0 0 0 71501779 42152 0 9412 72699 79979 7924602 19328152 30869070 2139115699 2139115699 0 1704999784 0 22.727497 10 40 52245 13470 33 115 120 160000 250000 117 156000 40331 12 16000 25000 12 16000 25000 5298
1790010123160510 10 0 0 10 10 10 0 0 0 0 0 0 193 33 33 0 675 482 449 0 449 0 0 0 71518558 42229 0 9425 72789 79994 7929833 19328232 30873200 2141121680 2141121680 0 1706729272 0 22.745192 10 40 52245 13470 22 107 120 160000 250000 117 156000 40333 12 16000 25000 12 16000 25000 5300
1790010123601048 10 0 0 10 10 10 0 0 0 0 0 0 192 33 33 0 675 483 450 0 450 0 0 0 71525966 42320 0 9437 72878 80006 8362676 19328306 30875690 2141827076 2141827076 0 1708361872 0 22.764564 10 40 52245 13470 81 105 120 160000 250000 117 156000 40334 12 16000 25000 12 16000 25000 5301
1790010124242025 10 0 0 10 10 10 0 0 0 0 0 0 191 33 33 0 675 484 451 0 451 0 0 0 71551918 42411 0 9456 72978 80021 8977351 19328420 30879021 2144289708 2144289708 0 1709978343 0 22.777816 10 40 52245 13470 134 111 120 160000 250000 117 156000 40329 12 16000 25000 12 16000 25000 5303
1790010125914336 10 0 0 10 10 10 0 0 0 0 0 0 190 33 33 0 675 485 452 0 452 0 0 0 71560488 42502 0 9469 73113 80041 10640706 19328540 30884020 2148610115 2148610115 0 1711600611 0 22.796667 10 40 52245 13470 276 128 120 160000 250000 117 156000 40336 12 16000 25000 12 16000 25000 5310
1790010126969532 10 0 0 10 10 10 0 0 0 0 0 0 189 33 33 0 675 486 453 0 453 0 0 0 71566766 42584 0 9484 73208 80056 11689263 19328688 30887290 2153935417 2153935417 0 1713238551 0 22.816456 10 40 52245 13470 306 146 120 160000 250000 117 156000 40344 12 16000 25000 12 16000 25000 5318
1790010127040764 10 0 0 10 10 10 0 0 0 0 0 0 188 33 33 0 675 487 454 0 454 0 0 0 71603017 42665 0 9501 73285 80070 11723963 19328778 30890527 2159433997 2159433997 0 1714890231 0 22.826871 10 40 52245 13470 101 142 120 160000 250000 117 156000 40352 12 16000 25000 12 16000 25000 5326
1790010127073635 10 0 0 10 10 10 0 0 0 0 0 0 187 33 33 0 675 488 455 0 455 0 0 0 71635630 42749 0 9514 73342 80078 11723969 19328862 30891356 2164961489 2164961489 0 1716545023 0 22.838475 10 40 52245 13470 579 185 120 160000 250000 117 156000 40359 12 16000 25000 12 16000 25000 5334
1790010127350309 10 0 0 10 10 10 0 0 0 0 0 0 186 33 33 0 675 489 456 0 456 0 0 0 71650197 42825 0 9526 73426 80093 11985820 19328924 30893781 2171171694 2171171694 0 1718143224 0 22.855070 10 40 52245 13470 560 222 120 160000 250000 117 156000 40368 12 16000 25000 12 16000 25000 5342
1790010127629023 10 0 0 10 10 10 0 0 0 0 0 0 185 33 33 0 675 490 457 0 457 0 0 0 71666241 42909 0 9542 73534 80110 12248184 19328998 30897742 2177664021 2177664021 0 1719739952 0 22.871165 10 40 52245 13470 532 253 120 160000 250000 117 156000 40376 12 16000 25000 12 16000 25000 5350
1790010127865956 10 0 0 10 10 10 0 0 0 0 0 0 184 33 33 0 675 491 458 0 458 0 0 0 71673376 42986 0 9554 73632 80125 12477644 19329117 30901668 2183053396 2183053396 0 1721414700 0 22.891136 10 40 52245 13470 615 290 120 160000 250000 117 156000 40383 12 16000 25000 12 16000 25000 5357
1790010127948147 10 0 0 10 10 10 0 0 0 0 0 0 183 33 33 0 675 492 459 0 459 0 0 0 71680688 43077 0 9581 73740 80154 12552189 19329199 30905548 2189826656 2189826656 0 1722703386 0 22.905908 10 40 52245 13470 1196 379 120 160000 250000 117 156000 40391 12 16000 25000 12 16000 25000 5365
1790010127975334 10 0 0 10 10 10 0 0 0 0 0 0 182 33 33 0 675 493 460 0 460 0 0 0 71687250 43161 0 9594 73834 80171 12572524 19329273 30909412 2196270363 2196270363 0 1724356126 0 22.925759 10 40 52245 13470 291 371 120 160000 250000 117 156000 40392 12 16000 25000 12 16000 25000 5373
1790010127992570 10 0 0 10 10 10 0 0 0 0 0 0 181 33 33 0 675 494 461 0 461 0 0 0 71693758 43235 0 9605 73926 80187 12582968 19329354 30913272 2202875006 2202875006 0 1726011267 0 22.945660 10 40 52245 13470 122 348 120 160000 250000 117 156000 40400 12 16000 25000 12 16000 25000 5381
1790010128000356 10 0 0 10 10 10 0 0 0 0 0 0 180 33 33 0 675 495 462 0 462 0 0 0 71700392 43307 0 9616 74008 80202 12583856 19329427 30917042 2209629808 2209629808 0 1727667247 0 22.965527 10 40 52245 13470 46 319 120 160000 250000 117 156000 40408 12 16000 25000 12 16000 25000 5390
1790010128068098 10 0 0 10 10 10 0 0 0 0 0 0 179 33 33 0 675 496 463 0 463 0 0 0 71707182 43390 0 9630 74133 80217 12644497 19329496 30920871 2215019562 2215019562 0 1729328965 0 22.985414 10 40 52245 13470 93 298 120 160000 250000 117 156000 40415 12 16000 25000 12 16000 25000 5397
1790010128080883 10 0 0 10 10 10 0 0 0 0 0 0 178 33 33 0 675 497 464 0 464 0 0 0 71713769 43465 0 9641 74218 80231 12650381 19329612 30924621 2221678040 2221678040 0 1730986769 0 23.005313 10 40 52245 13470 1010 368 120 160000 250000 117 156000 40424 12 16000 25000 12 16000 25000 5405
1790010128103551 10 0 0 10 10 10 0 0 0 0 0 0 177 33 33 0 675 498 465 0 465 0 0 0 71736191 43539 0 9652 74281 80242 12650388 19329684 30925410 2227997310 2227997310 0 1732622488 0 23.019835 10 40 52245 13470 1211 451 120 160000 250000 117 156000 40432 12 16000 25000 12 16000 25000 5413
1790010128131888 10 0 0 10 10 10 0 0 0 0 0 0 176 33 33 0 675 499 466 0 466 0 0 0 71744431 43618 0 9664 74375 80258 12670210 19329752 30929852 2234227971 2234227971 0 1734264933 0 23.038987 10 40 52245 13470 515 458 120 160000 250000 117 156000 40441 12 16000 25000 12 16000 25000 5421
1790010128134916 10 0 0 10 10 10 0 0 0 0 0 0 175 33 33 0 675 500 467 0 467 0 0 0 71747230 43695 0 9678 74429 80266 12670217 19329816 30930613 2240818663 2240818663 0 1735920944 0 23.060063 10 40 52245 13470 373 450 120 160000 250000 117 156000 40447 12 16000 25000 12 16000 25000 5429
1790010128158198 10 0 0 10 10 10 0 0 0 0 0 0 174 33 32 1 675 501 468 0 468 0 0 0 71770235 43770 0 9691 74542 80275 12670223 19329873 30931378 2253716059 2247095650 0 1737559437 0 23.074410 10 40 52245 13470 627 468 120 160000 250000 117 156000 40466 12 16000 25000 12 16000 25000 5446
1790010128158352 10 0 0 10 10 10 0 0 0 0 0 0 174 32 32 0 675 501 469 0 469 0 0 0 71770235 43844 0 9704 74542 80283 12670226 19329926 30931378 2253716059 2253716059 0 1737559437 0 23.074386 10 40 52245 13470 83 431 120 160000 250000 114 152000 39462 12 16000 25000 12 16000 25000 5444
1790010128185539 10 0 0 10 10 10 0 0 0 0 0 0 172 33 33 0 675 503 470 0 470 0 0 0 71787900 43926 0 9715 74648 80301 12679488 19329963 30935020 2260039979 2260039979 0 1740737619 0 23.110881 10 40 52245 13470 790 467 120 160000 250000 117 156000 40474 12 16000 25000 12 16000 25000 5453
1790010128198405 10 0 0 10 10 10 0 0 0 0 0 0 171 33 33 0 675 504 471 0 471 0 0 0 71794253 44005 0 9726 74736 80318 12685718 19330043 30938611 2266757823 2266757823 0 1742317171 0 23.129780 10 40 52245 13470 108 433 120 160000 250000 117 156000 40481 12 16000 25000 12 16000 25000 5462
1790010128221818 10 0 0 10 10 10 0 0 0 0 0 0 170 33 31 2 675 505 472 0 472 0 0 0 71817360 44081 0 9737 74870 80326 12685725 19330106 30939336 2286408776 2273431676 0 1743969922 0 23.144252 10 40 52245 13470 109 402 120 160000 250000 117 156000 40509 12 16000 25000 12 16000 25000 5486
1790010128221986 10 0 0 10 10 10 0 0 0 0 0 0 170 32 31 1 675 505 473 0 473 0 0 0 71817360 44158 0 9752 74870 80333 12685728 19330167 30939336 2286408776 2279851597 0 1743969922 0 23.144228 10 40 52245 13470 515 414 120 160000 250000 114 152000 39504 12 16000 25000 12 16000 25000 5485
1790010128222115 10 0 0 10 10 10 0 0 0 0 0 0 170 31 31 0 675 505 474 0 474 0 0 0 71817360 44231 0 9766 74870 80340 12685731 19330197 30939336 2286408776 2286408776 0 1743969922 0 23.144204 10 38 49796 12654 235 398 120 160000 250000 111 148000 38499 12 16000 25000 12 16000 25000 5483
1790010128285582 10 0 0 10 10 10 0 0 0 0 0 0 167 33 33 0 675 508 475 0 475 0 0 0 71826386 44307 0 9777 75003 80357 12739899 19330227 30942912 2292925880 2292925880 0 1748951000 0 23.207368 10 38 49796 12654 294 389 120 160000 250000 117 156000 40514 12 16000 25000 12 16000 25000 5494
1790010128289066 10 0 0 10 10 10 0 0 0 0 0 0 166 33 33 0 675 509 476 0 476 0 0 0 71829600 44380 0 9787 75071 80369 12739909 19330316 30944324 2299440576 2299440576 0 1750594270 0 23.228111 10 38 49796 12654 504 401 120 160000 250000 117 156000 40522 12 16000 25000 12 16000 25000 5503
1790010128360738 10 0 0 10 10 10 0 0 0 0 0 0 165 33 33 0 675 510 477 0 477 0 0 0 71835920 44459 0 9802 75180 80383 12804977 19330378 30947735 2304794598 2304794598 0 1752270864 0 23.248288 10 38 49796 12654 1014 462 120 160000 250000 117 156000 40530 12 16000 25000 12 16000 25000 5511
1790010128381870 10 0 0 10 10 10 0 0 0 0 0 0 164 33 33 0 675 511 478 0 478 0 0 0 71841187 44538 0 9814 75272 80395 12820568 19330449 30950450 2311310756 2311310756 0 1753857951 0 23.267614 10 38 49796 12654 1480 562 120 160000 250000 117 156000 40538 12 16000 25000 12 16000 25000 5519
1790010128413094 10 0 0 10 10 10 0 0 0 0 0 0 163 33 33 0 675 512 479 0 479 0 0 0 71847311 44616 0 9829 75353 80409 12845403 19330520 30953811 2316556995 2316556995 0 1755437593 0 23.286561 10 38 49796 12654 749 581 120 160000 250000 117 156000 40544 12 16000 25000 12 16000 25000 5525
1790010128596504 10 0 0 10 10 10 0 0 0 0 0 0 162 33 33 0 675 513 480 0 480 0 0 0 71853361 44696 0 9842 75461 80424 13022478 19330582 30957128 2317155700 2317155700 0 1757032944 0 23.305737 10 38 49796 12654 877 611 120 160000 250000 117 156000 40545 12 16000 25000 12 16000 25000 5526
1790010128667672 10 0 0 10 10 10 0 0 0 0 0 0 161 33 33 0 675 514 481 0 481 0 0 0 71876768 44779 0 9855 75533 80436 13069966 19330667 30959161 2317841590 2317841590 0 1758681150 0 23.319980 10 38 49796 12654 124 564 120 160000 250000 117 156000 40546 12 16000 25000 12 16000 25000 5526
1790010129002754 10 0 0 10 10 10 0 0 0 0 0 0 160 33 33 0 675 515 482 0 482 0 0 0 71883259 44867 0 9870 75647 80452 13398211 19330773 30962582 2318670264 2318670264 0 1760279081 0 23.339034 10 38 49796 12654 114 501 120 160000 250000 117 156000 40546 12 16000 25000 12 16000 25000 5527
1790010129123396 10 0 0 10 10 10 0 0 0 0 0 0 159 33 33 0 675 516 483 0 483 0 0 0 71889435 44949 0 9882 75735 80473 13512339 19330897 30965863 2325377797 2325377797 0 1761860750 0 23.357972 10 38 49796 12654 55 458 120 160000 250000 117 156000 40555 12 16000 25000 12 16000 25000 5535
1790010129242903 10 0 0 10 10 10 0 0 0 0 0 0 158 33 33 0 675 517 484 0 484 0 0 0 71895485 45030 0 9898 75826 80487 13625512 19330974 30969145 2326547270 2326547270 0 1763505906 0 23.377791 11 42 54776 13919 1332 544 120 160000 250000 117 156000 40556 12 16000 25000 12 16000 25000 5536
1790010129315468 10 0 0 10 10 10 0 0 0 0 0 0 157 33 33 0 675 518 485 0 485 0 0 0 71967790 45117 0 9920 75883 80495 13625519 19331057 30969841 2327901190 2327901190 0 1765149999 0 23.376063 14 53 69715 17715 240 515 120 160000 250000 117 156000 40557 12 16000 25000 12 16000 25000 5538
1790010129440055 10 0 0 10 10 10 0 0 0 0 0 0 156 33 33 0 675 519 486 0 486 0 0 0 71973747 45192 0 9931 75979 80512 13743869 19331127 30973066 2329111237 2329111237 0 1766746929 0 23.395251 15 57 74694 18980 104 476 120 160000 250000 117 156000 40558 12 16000 25000 12 16000 25000 5539
1790010129682651 10 0 0 10 10 10 0 0 0 0 0 0 155 33 33 0 675 520 487 0 487 0 0 0 71979715 45269 0 9943 76079 80527 13980208 19331199 30976265 2335640832 2335640832 0 1768384476 0 23.414970 22 83 109552 27837 243 454 120 160000 250000 117 156000 40566 12 16000 25000 12 16000 25000 5547
1790010129825248 10 0 0 10 10 10 0 0 0 0 0 0 154 33 33 0 675 521 488 0 488 0 0 0 71985710 45354 0 9955 76166 80544 14116511 19331287 30979441 2336457974 2336457974 0 1770019248 0 23.434638 23 82 108898 27225 452 454 120 160000 250000 117 156000 40567 12 16000 25000 12 16000 25000 5547
1790010130384622 10 0 0 10 10 10 0 0 0 0 0 0 153 33 33 0 675 522 489 0 489 0 0 0 71991627 45439 0 9968 76289 80558 14669642 19331370 30982612 2343217883 2343217883 0 1771383004 0 23.450740 26 88 116735 28654 167 427 120 160000 250000 117 156000 40575 12 16000 25000 12 16000 25000 5556
1790010130434991 10 0 0 10 10 10 0 0 0 0 0 0 152 33 33 0 675 523 490 0 490 0 0 0 72007434 45517 0 9982 76389 80573 14703885 19331474 30985762 2345288302 2345288302 0 1773025440 0 23.467308 27 86 114613 27552 291 415 120 160000 250000 117 156000 40577 12 16000 25000 12 16000 25000 5558
1790010130548868 10 0 0 10 10 10 0 0 0 0 0 0 151 33 33 0 675 524 491 0 491 0 0 0 72012595 45595 0 9994 76512 80587 14812285 19331558 30988261 2347614398 2347614398 0 1774668589 0 23.487349 184 552 736000 184000 597 434 120 160000 250000 117 156000 40580 12 16000 25000 12 16000 25000 5561
1790010130671431 10 0 0 10 10 10 0 0 0 0 0 0 150 33 33 0 675 525 492 0 492 0 0 0 72134899 45684 0 10010 76566 80594 14812292 19331641 30988937 2350026677 2350026677 0 1776316531 0 23.469296 183 549 732000 183000 97 402 120 160000 250000 117 156000 40583 12 16000 25000 12 16000 25000 5564
1790010130866803 10 0 0 10 10 10 0 0 0 0 0 0 149 33 33 0 675 526 493 0 493 0 0 0 72141742 45766 0 10025 76681 80612 15000518 19331707 30992671 2356644838 2356644838 0 1777916581 0 23.488183 175 525 700000 175000 33 367 120 160000 250000 117 156000 40592 12 16000 25000 12 16000 25000 5572
1790010131344897 10 0 0 10 10 10 0 0 0 0 0 0 148 33 33 0 675 527 494 0 494 0 0 0 72147747 45852 0 10041 76786 80629 15472298 19331786 30995771 2362071053 2362071053 0 1779559396 0 23.507903 195 585 780000 195000 1068 437 120 160000 250000 117 156000 40600 12 16000 25000 12 16000 25000 5580
1790010132279180 10 0 0 10 10 10 0 0 0 0 0 0 147 33 33 0 675 528 495 0 495 0 0 0 72152866 45933 0 10053 76881 80644 16401137 19331899 30998230 2367346929 2367346929 0 1780843808 0 23.523175 203 609 812000 203000 1411 533 120 160000 250000 117 156000 40608 12 16000 25000 12 16000 25000 5588
1790010132461623 10 0 0 10 10 10 0 0 0 0 0 0 146 33 33 0 675 529 496 0 496 0 0 0 72178896 46019 0 10068 76963 80658 16557250 19331999 31000081 2372721900 2372721900 0 1782483161 0 23.536316 202 606 808000 202000 159 498 120 160000 250000 117 156000 40617 12 16000 25000 12 16000 25000 5596
1790010132491005 10 0 1 9 10 10 0 0 0 0 0 0 145 33 33 0 675 530 497 0 497 0 0 0 72183943 46102 0 10081 77043 80733 16581253 19332069 31002479 2386691354 2386691354 0 1784147634 0 23.556621 211 633 844000 211000 427 492 120 160000 250000 108 144000 39621 12 16000 25000 12 16000 25000 5598
1790010132835977 10 0 0 10 10 10 0 0 0 0 0 0 144 33 33 0 675 531 498 0 498 0 0 0 72187706 46190 0 10102 77111 80749 16922203 19332138 31004885 2388850533 2388850533 0 1784147634 0 23.555365 232 739 984817 236735 1198 562 120 160000 250000 117 156000 40620 12 16000 25000 12 16000 25000 5599
1790010133299057 10 0 1 9 10 10 0 0 0 0 0 0 143 33 33 0 675 532 499 0 499 0 0 0 72252746 46262 0 10102 77205 80763 17319993 19332188 31007593 2389653718 2389653718 0 1785750008 0 23.555287 237 755 1006041 241837 438 551 120 160000 250000 108 144000 39624 12 16000 25000 12 16000 25000 5601
1790010133327063 10 0 0 10 10 10 0 0 0 0 0 0 142 33 33 0 675 533 500 0 500 0 0 0 72260166 46338 0 10115 77281 80779 17340293 19332283 31010927 2395108362 2395108362 0 1785750008 0 23.552846 237 799 1064082 246674 172 515 120 160000 250000 117 156000 40627 12 16000 25000 12 16000 25000 5606
1790010133377772 10 0 0 10 10 10 0 0 0 0 0 0 141 33 33 0 675 534 501 0 501 0 0 0 72266513 46410 0 10126 77367 80795 17384415 19332325 31013880 2400259002 2400259002 0 1787421980 0 23.572805 241 812 1082041 250837 896 554 120 160000 250000 117 156000 40634 12 16000 25000 12 16000 25000 5613
1790010133441001 10 0 0 10 10 10 0 0 0 0 0 0 140 33 33 0 675 535 502 0 502 0 0 0 72272531 46486 0 10139 77459 80812 17441353 19332390 31017374 2401233798 2401233798 0 1789035135 0 23.592091 244 822 1095511 253960 1115 610 120 160000 250000 117 156000 40635 12 16000 25000 12 16000 25000 5614
1790010133666397 10 0 0 10 10 10 0 0 0 0 0 0 139 33 33 0 675 536 503 0 503 0 0 0 72276937 46571 0 10151 77564 80833 17662052 19332445 31019716 2407535744 2407535744 0 1790640217 0 23.611791 251 846 1126939 261245 231 574 120 160000 250000 117 156000 40643 12 16000 25000 12 16000 25000 5622
1790010133683624 10 0 1 9 10 10 0 0 0 0 0 0 138 33 33 0 675 537 504 0 504 0 0 0 72282135 46664 0 10161 77655 80897 17673743 19332514 31022558 2421346624 2421346624 0 1792247540 0 23.631257 251 846 1126939 261245 458 564 120 160000 250000 108 144000 39645 12 16000 25000 12 16000 25000 5624
1790010133817490 10 0 0 10 10 10 0 0 0 0 0 0 137 33 33 0 675 538 505 0 505 0 0 0 72286420 46765 0 10180 77743 80914 17803004 19332607 31025490 2428088541 2428088541 0 1792247540 0 23.629824 259 920 1226286 274858 1274 666 120 160000 250000 117 156000 40650 12 16000 25000 12 16000 25000 5631
1790010134134549 10 0 0 10 10 10 0 0 0 0 0 0 136 33 33 0 675 539 506 0 506 0 0 0 72291774 46842 0 10193 77841 80930 18114295 19332808 31028403 2434588496 2434588496 0 1793834354 0 23.648970 254 902 1202613 269552 196 621 120 160000 250000 117 156000 40658 12 16000 25000 12 16000 25000 5639
1790010134356454 10 0 0 10 10 10 0 0 0 0 0 0 135 33 33 0 675 540 507 0 507 0 0 0 72297019 46938 0 10206 77932 80944 18330658 19332881 31031223 2440835847 2440835847 0 1795429566 0 23.668253 255 906 1207347 270613 1263 685 120 160000 250000 117 156000 40667 12 16000 25000 12 16000 25000 5647
1790010134394794 10 0 0 10 10 10 0 0 0 0 0 0 134 33 33 0 675 541 508 0 508 0 0 0 72302300 47014 0 10218 78044 80959 18363424 19332948 31033997 2441786030 2441786030 0 1797027945 0 23.687569 256 910 1212082 271674 1224 738 120 160000 250000 117 156000 40668 12 16000 25000 12 16000 25000 5648
1790010134448760 10 0 0 10 10 10 0 0 0 0 0 0 133 33 33 0 675 542 509 0 509 0 0 0 72356025 47089 0 10230 78107 80968 18363430 19333019 31034586 2447563977 2447563977 0 1798634635 0 23.691131 255 906 1207347 270613 284 695 120 160000 250000 117 156000 40675 12 16000 25000 12 16000 25000 5655
1790010134490868 10 0 1 9 10 10 0 0 0 0 0 0 132 33 33 0 675 543 510 0 510 0 0 0 72393573 47158 0 10231 78177 80984 18367759 19333072 31037688 2448366126 2448366126 0 1800292667 0 23.700656 249 885 1178939 264245 79 636 120 160000 250000 108 144000 39678 12 16000 25000 12 16000 25000 5657
1790010134522338 10 0 0 10 10 10 0 0 0 0 0 0 131 33 33 0 675 544 511 0 511 0 0 0 72399890 47231 0 10242 78255 80997 18392665 19333135 31040248 2454751696 2454751696 0 1800292667 0 23.698566 283 1057 1409225 306103 165 591 120 160000 250000 117 156000 40683 12 16000 25000 12 16000 25000 5663
1790010134559884 10 0 0 10 10 10 0 0 0 0 0 0 130 33 33 0 675 545 512 0 512 0 0 0 72405000 47305 0 10253 78343 81010 18424848 19333192 31042989 2461152639 2461152639 0 1801942542 0 23.718587 306 1143 1523756 330980 1410 671 120 160000 250000 117 156000 40690 12 16000 25000 12 16000 25000 5672
1790010134707812 10 0 0 10 10 10 0 0 0 0 0 0 129 33 33 0 675 546 513 0 513 0 0 0 72409572 47378 0 10265 78430 81025 18567960 19333242 31045702 2467632124 2467632124 0 1803575258 0 23.738556 301 1125 1498858 325572 271 632 120 160000 250000 117 156000 40698 12 16000 25000 12 16000 25000 5679
1790010134728196 10 0 0 10 10 10 0 0 0 0 0 0 128 33 33 0 675 547 514 0 514 0 0 0 72414026 47459 0 10277 78508 81041 18583646 19333292 31048389 2474355061 2474355061 0 1805167352 0 23.758025 301 1125 1498858 325572 1419 710 120 160000 250000 117 156000 40707 12 16000 25000 12 16000 25000 5688
1790010134739594 10 0 0 10 10 10 0 0 0 0 0 0 127 33 33 0 675 548 515 0 515 0 0 0 72419129 47536 0 10291 78602 81058 18589682 19333340 31051555 2480918670 2480918670 0 1806820225 0 23.778078 304 1136 1513796 328817 1481 786 120 160000 250000 117 156000 40714 12 16000 25000 12 16000 25000 5696
1790010134783093 10 0 0 10 10 10 0 0 0 0 0 0 126 33 33 0 675 549 516 0 516 0 0 0 72423607 47610 0 10302 78684 81076 18628456 19333393 31054231 2487597568 2487597568 0 1808403985 0 23.797426 309 1155 1538694 334225 1092 817 120 160000 250000 117 156000 40722 12 16000 25000 12 16000 25000 5704
1790010134805492 10 0 0 10 10 10 0 0 0 0 0 0 125 33 33 0 675 550 517 0 517 0 0 0 72428051 47692 0 10313 78767 81126 18646123 19333443 31056923 2494112622 2494112622 0 1810032946 0 23.817375 304 1136 1513796 328817 292 767 120 160000 250000 117 156000 40730 12 16000 25000 12 16000 25000 5712
1790010134894270 10 0 0 10 10 10 0 0 0 0 0 0 124 33 33 0 675 551 518 0 518 0 0 0 72433231 47775 0 10328 78865 81144 18729453 19333492 31060091 2500619327 2500619327 0 1811642848 0 23.836828 334 1248 1663184 361266 1471 837 120 160000 250000 117 156000 40738 12 16000 25000 12 16000 25000 5720
1790010134915978 10 0 0 10 10 10 0 0 0 0 0 0 123 33 33 0 675 552 519 0 519 0 0 0 72437631 47853 0 10341 78979 81159 18746451 19333574 31062696 2507241444 2507241444 0 1813318698 0 23.857404 335 1252 1668164 362347 1221 876 120 160000 250000 117 156000 40747 12 16000 25000 12 16000 25000 5728
1790010134925024 10 0 0 10 10 10 0 0 0 0 0 0 122 33 33 0 675 553 520 0 520 0 0 0 72441981 47931 0 10352 79061 81176 18750895 19333630 31065262 2512336585 2512336585 0 1814938807 0 23.877261 362 1352 1802613 391552 1493 937 120 160000 250000 117 156000 40754 12 16000 25000 12 16000 25000 5735
1790010134999128 10 0 0 10 10 10 0 0 0 0 0 0 121 33 33 0 675 554 521 0 521 0 0 0 72446358 48006 0 10363 79149 81192 18820374 19333677 31067835 2518917910 2518917910 0 1816540713 0 23.896868 393 1468 1956980 425082 1199 964 120 160000 250000 117 156000 40762 12 16000 25000 12 16000 25000 5744
1790010135022256 10 0 0 10 10 10 0 0 0 0 0 0 120 33 33 0 675 555 522 0 522 0 0 0 72460205 48081 0 10376 79224 81204 18829422 19333728 31069865 2523501457 2523501457 0 1818157187 0 23.913540 398 1487 1981878 430490 1510 1018 120 160000 250000 117 156000 40769 12 16000 25000 12 16000 25000 5750
1790010135274086 10 0 0 10 10 10 0 0 0 0 0 0 119 33 33 0 675 556 523 0 523 0 0 0 72603990 48158 0 10388 79306 81220 18937225 19333778 31071870 2530102466 2530102466 0 1819799307 0 23.887743 411 1535 2046613 444552 1372 1053 120 160000 250000 117 156000 40778 12 16000 25000 12 16000 25000 5758
1790010135633650 10 0 0 10 10 10 0 0 0 0 0 0 118 33 33 0 675 557 524 0 524 0 0 0 72628482 48236 0 10400 79399 81234 19272033 19333835 31074357 2534387657 2534387657 0 1821456623 0 23.901415 423 1580 2106368 457531 1319 1080 120 160000 250000 117 156000 40784 12 16000 25000 12 16000 25000 5765
1790010135679663 10 0 0 10 10 10 0 0 0 0 0 0 117 33 33 0 675 558 525 0 525 0 0 0 72642489 48323 0 10416 79478 81247 19303780 19333893 31076315 2535055159 2535055159 0 1823048559 0 23.917666 427 1595 2126286 461858 1361 1109 120 160000 250000 117 156000 40785 12 16000 25000 12 16000 25000 5766
1790010135681836 10 0 0 10 10 10 0 0 0 0 0 0 116 33 33 0 675 559 526 0 526 0 0 0 72644448 48394 0 10428 79532 81254 19303786 19333950 31076836 2536003712 2536003712 0 1824683853 0 23.938452 412 1539 2051592 445633 52 1007 120 160000 250000 117 156000 40784 12 16000 25000 12 16000 25000 5767
1790010135740490 10 0 1 9 10 10 0 0 0 0 0 0 115 33 33 0 675 560 527 0 527 0 0 0 72648774 48498 0 10452 79626 81330 19357763 19334008 31079239 2538432776 2538432776 0 1826323505 0 23.958503 403 1506 2006776 435898 193 929 120 160000 250000 108 144000 41181 12 16000 25000 12 16000 25000 7160
1790010135752804 10 0 0 10 10 10 0 0 0 0 0 0 114 33 33 0 675 561 528 0 528 0 0 0 72651388 48581 0 10464 79713 81344 19367200 19334069 31081173 2545057172 2545057172 0 1826323505 0 23.957614 394 1544 2058449 434205 209 859 120 160000 250000 117 156000 42186 12 16000 25000 12 16000 25000 7167
1790010135768334 10 0 0 10 10 10 0 0 0 0 0 0 113 33 33 0 675 562 529 0 529 0 0 0 72666376 48653 0 10476 79794 81358 19367523 19334099 31083568 2550153021 2550153021 0 1827956696 0 23.974072 397 1556 2074123 437511 1429 916 120 160000 250000 117 156000 42192 12 16000 25000 12 16000 25000 7173
1790010135946184 10 0 1 9 10 10 0 0 0 0 0 0 112 33 33 0 675 563 530 0 530 0 0 0 72670591 48725 0 10477 79868 81374 19540917 19334158 31085979 2550352557 2550352557 0 1829596272 0 23.994161 336 1317 1755429 370286 42 832 120 160000 250000 108 144000 41195 12 16000 25000 12 16000 25000 7175
1790010135950950 10 0 0 10 10 10 0 0 0 0 0 0 111 33 33 0 675 564 531 0 531 0 0 0 72672593 48798 0 10489 79947 81383 19543436 19334225 31087402 2556983353 2556983353 0 1829596272 0 23.993476 335 1375 1832245 376021 34 756 120 160000 250000 117 156000 42200 12 16000 25000 12 16000 25000 7182
1790010135972435 10 0 0 10 10 10 0 0 0 0 0 0 110 33 33 0 675 565 532 0 532 0 0 0 72687399 48880 0 10501 80022 81396 19549899 19334255 31089298 2559284544 2559284544 0 1831267769 0 24.010481 349 1432 1908817 391735 1551 834 120 160000 250000 117 156000 42203 12 16000 25000 12 16000 25000 7184
1790010136105376 10 0 0 10 10 10 0 0 0 0 0 0 109 33 32 1 675 566 533 0 533 0 0 0 72820058 48957 0 10514 80137 81403 19549906 19334312 31089777 2567274562 2565921137 0 1832871289 0 23.987730 343 1407 1876000 385000 504 803 120 160000 250000 117 156000 42213 12 16000 25000 12 16000 25000 7193
1790010136105540 10 0 0 10 10 10 0 0 0 0 0 0 109 32 32 0 675 566 534 0 534 0 0 0 72820058 49026 0 10526 80147 81410 19549909 19334363 31089777 2567274562 2567274562 0 1832871289 0 23.987708 340 1395 1859592 381633 235 748 120 160000 250000 114 152000 41209 12 16000 25000 12 16000 25000 7192
1790010136109924 10 0 0 10 10 10 0 0 0 0 0 0 107 33 33 0 675 568 535 0 535 0 0 0 72824244 49102 0 10540 80197 81421 19549924 19334392 31091212 2574068280 2574068280 0 1836035197 0 24.027710 340 1395 1859592 381633 110 687 120 160000 250000 117 156000 42217 12 16000 25000 12 16000 25000 7202
1790010136319673 10 0 0 10 10 10 0 0 0 0 0 0 106 33 33 0 675 569 536 0 536 0 0 0 72828373 49177 0 10552 80332 81436 19755237 19334451 31093472 2580700327 2580700327 0 1837681143 0 24.047863 317 1301 1733796 355817 94 630 120 160000 250000 117 156000 42230 12 16000 25000 12 16000 25000 7210
1790010136809193 10 0 1 9 10 10 0 0 0 0 0 0 105 33 33 0 675 570 537 0 537 0 0 0 72832465 49272 0 10574 80426 81512 20240329 19334503 31095749 2583005065 2583005065 0 1839025839 0 24.064077 321 1317 1755674 360307 1447 710 120 160000 250000 108 144000 42617 12 16000 25000 12 16000 25000 8595
1790010137012928 10 0 0 10 10 10 0 0 0 0 0 0 104 33 32 1 675 571 538 0 538 0 0 0 72834983 49352 0 10592 80525 81524 20441275 19334562 31097572 2589816627 2589618795 0 1839025839 0 24.063219 320 1372 1828572 365715 179 659 120 160000 250000 117 156000 43622 12 16000 25000 12 16000 25000 8602
1790010137013270 10 0 1 9 10 10 0 0 0 0 0 0 104 32 32 0 675 571 539 0 539 0 0 0 72834983 49419 0 10592 80525 81531 20441278 19334810 31097572 2589816627 2589816627 0 1839025839 0 24.063197 324 1389 1851429 370286 467 641 120 160000 250000 105 140000 41622 12 16000 25000 12 16000 25000 8602
1790010137088524 10 0 0 10 10 10 0 0 0 0 0 0 102 33 33 0 675 573 540 0 540 0 0 0 72842059 49497 0 10604 80614 81544 20509224 19334841 31099385 2591975528 2591975528 0 1840669791 0 24.082344 320 1431 1906939 372245 33 583 120 160000 250000 117 156000 43625 12 16000 25000 12 16000 25000 8605
1790010137503658 10 0 0 10 10 10 0 0 0 0 0 0 101 33 33 0 675 574 541 0 541 0 0 0 72846649 49576 0 10618 80718 81562 20919495 19334894 31102041 2598606559 2598606559 0 1842313461 0 24.102305 328 1466 1954613 381552 487 575 120 160000 250000 117 156000 43633 12 16000 25000 12 16000 25000 8613
1790010137542547 10 0 0 10 10 10 0 0 0 0 0 0 100 33 33 0 675 575 542 0 542 0 0 0 72859470 49650 0 10629 80799 81574 20945321 19334951 31103765 2603845282 2603845282 0 1843938688 0 24.119300 367 1641 2187021 426919 1216 639 120 160000 250000 117 156000 43641 12 16000 25000 12 16000 25000 8621
1790010138409715 10 0 0 10 10 10 0 0 0 0 0 0 99 33 33 0 675 576 543 0 543 0 0 0 72934242 49740 0 10648 80886 81587 21737457 19334996 31105147 2608872207 2608872207 0 1845296182 0 24.112299 356 1592 2121470 414123 217 598 120 160000 250000 117 156000 43647 12 16000 25000 12 16000 25000 8627
1790010139760152 10 0 1 9 10 10 0 0 0 0 0 0 98 33 33 0 675 577 544 0 544 0 0 0 72938366 1299379 0 1260170 80964 81604 21833921 19335085 31107309 2611429885 2611429885 0 1846943331 414780480 29.054599 355 1587 2115511 412960 1061 644 120 160000 250000 108 144000 42650 12 16000 25000 12 16000 25000 8629
1790010139760635 10 0 1 9 10 10 0 0 0 0 0 0 98 32 29 3 675 577 545 0 545 0 0 0 72938366 1299468 0 1260187 81148 81612 21833930 19335257 31107309 2628051156 2617724566 0 1846943331 414780480 29.054564 128 596 794123 151511 3 554 120 160000 250000 105 140000 42064 12 16000 25000 12 16000 25000 9042
1790010139760769 10 0 1 9 10 10 0 0 0 0 0 0 98 31 29 2 675 577 546 0 546 0 0 0 72938366 1299546 0 1260202 81148 81619 21833933 19335287 31107309 2628051156 2622993395 0 1846943331 414780480 29.054534 97 452 601796 114817 10 502 120 160000 250000 102 136000 41059 12 16000 25000 12 16000 25000 9041
1790010141291290 10 0 2 8 10 10 0 0 0 0 0 0 98 30 29 1 675 577 547 0 547 0 0 0 72938366 2829990 0 2790550 81148 81629 21833936 19335319 31107309 2628051156 2625555748 0 1846943331 829560960 33.688383 91 407 542286 105858 55 459 120 160000 250000 90 120000 38663 12 16000 25000 12 16000 25000 8645
1790010141292065 10 0 2 8 10 10 0 0 0 0 0 0 98 29 17 12 675 577 548 0 548 0 0 0 72938366 2830095 0 2790568 81634 81637 21833944 19335467 31107309 2701836070 2630918554 0 1846943331 829560960 33.688336 55 256 341225 65103 2 416 120 160000 250000 84 112000 37770 12 16000 25000 12 16000 25000 8739
1790010141292279 10 0 2 8 10 10 0 0 0 0 0 0 98 28 17 11 675 577 549 0 549 0 0 0 72938366 2830175 0 2790584 81670 81645 21833948 19335536 31107309 2701836070 2636402078 0 1846943331 829560960 33.688301 47 211 280082 54674 6 377 120 160000 250000 84 112000 36779 12 16000 25000 12 16000 25000 8745
1790010141292460 10 0 2 8 10 10 0 0 0 0 0 0 98 27 16 11 675 577 550 0 550 0 0 0 72938366 2830272 0 2790598 81694 81653 21833951 19335568 31107309 2708318641 2643078539 0 1846943331 829560960 33.688258 45 202 268164 52347 32 344 120 160000 250000 75 100000 35771 12 16000 25000 12 16000 25000 8744
1790010141292657 10 0 2 8 10 10 0 0 0 0 0 0 98 25 16 9 675 577 552 0 552 0 0 0 72938366 2830409 0 2790624 81694 81660 21833954 19335599 31107309 2708318641 2655168377 0 1846943331 829560960 33.688197 33 148 196654 38388 6 297 120 160000 250000 75 100000 33768 12 16000 25000 12 16000 25000 8741
1790010141292817 10 0 2 8 10 10 0 0 0 0 0 0 98 24 16 8 675 577 553 0 553 0 0 0 72938366 2830482 0 2790639 81694 81676 21833957 19335651 31107309 2708318641 2661915347 0 1846943331 829560960 33.688164 33 148 196654 38388 1459 412 120 160000 250000 69 92000 32761 12 16000 25000 12 16000 25000 8739
1790010141292948 10 0 2 8 10 10 0 0 0 0 0 0 98 23 16 7 675 577 554 0 554 0 0 0 72938366 2830559 0 2790653 81694 81683 21833959 19335678 31107309 2708318641 2668308973 0 1846943331 829560960 33.688130 29 125 165715 33143 10 373 120 160000 250000 69 92000 31759 12 16000 25000 12 16000 25000 8737
1790010141293076 10 0 2 8 10 10 0 0 0 0 0 0 98 22 16 6 675 577 555 0 555 0 0 0 72938366 2830632 0 2790668 81695 81690 21833961 19335705 31107309 2708318641 2674823413 0 1846943331 829560960 33.688098 28 120 160000 32000 19 340 120 160000 250000 66 88000 30755 12 16000 25000 12 16000 25000 8736
1790010141293214 10 0 2 8 10 10 0 0 0 0 0 0 98 21 16 5 675 577 556 0 556 0 0 0 72938366 2830717 0 2790695 81695 81697 21833963 19335731 31107309 2708318641 2681129789 0 1846943331 829560960 33.688060 27 116 154286 30858 20 309 120 160000 250000 63 84000 29750 12 16000 25000 12 16000 25000 8734
1790010141293351 10 0 3 7 10 10 0 0 0 0 0 0 98 20 16 4 675 577 557 0 557 0 0 0 72938366 2830789 0 2790711 81695 81704 21833966 19335770 31107309 2708318641 2687655504 0 1846943331 829560960 33.688028 25 108 142858 28572 11 281 120 160000 250000 51 68000 28740 12 16000 25000 12 16000 25000 8733
1790010141293621 10 0 3 7 10 10 0 0 0 0 0 0 98 17 16 1 675 577 560 0 560 0 0 0 72938366 2830987 0 2790748 81695 81718 21833969 19335804 31107309 2708318641 2701824879 0 1846943331 829560960 33.687940 24 99 131266 26939 28 234 120 160000 250000 51 68000 25735 12 16000 25000 12 16000 25000 8728
1790010141293819 10 0 3 7 10 10 0 0 0 0 0 0 98 16 16 0 675 577 561 0 561 0 0 0 72938366 2831064 0 2790763 81695 81742 21833972 19335882 31107309 2708318641 2708318641 0 1846943331 829560960 33.687906 19 78 103919 21327 1 212 120 160000 250000 48 64000 24731 12 16000 25000 12 16000 25000 8727
1790010141979291 10 0 0 10 10 10 0 0 0 0 0 0 74 39 36 3 675 601 562 0 562 0 0 0 73623174 2831157 0 2790781 82200 81750 21833983 19335909 31108123 2733278866 2714849907 0 1884744890 829560960 33.857647 19 78 103919 21327 387 230 120 160000 250000 114 152000 47846 12 16000 25000 12 16000 25000 8792
1790010141979539 10 0 0 10 10 10 0 0 0 0 0 0 74 38 36 2 675 601 563 0 563 0 0 0 73623174 2831235 0 2790797 82201 81757 21833986 19336050 31108123 2733278866 2720240422 0 1884744890 829560960 33.857613 18 74 98449 20205 12 210 120 160000 250000 114 152000 46844 12 16000 25000 12 16000 25000 8791
1790010141979733 10 0 0 10 10 10 0 0 0 0 0 0 74 37 35 2 675 601 564 0 564 0 0 0 73623174 2831308 0 2790811 82253 81765 21833989 19336093 31108123 2737642382 2724603938 0 1884744890 829560960 33.857580 17 70 92980 19082 21 192 120 160000 250000 111 148000 45843 12 16000 25000 12 16000 25000 8796
1790010141979867 10 0 0 10 10 10 0 0 0 0 0 0 74 36 35 1 675 601 565 0 565 0 0 0 73623174 2831380 0 2790825 82253 81772 21833992 19336128 31108123 2737642382 2731043339 0 1884744890 829560960 33.857549 17 70 92980 19082 60 180 120 160000 250000 108 144000 44839 12 16000 25000 12 16000 25000 8795
1790010141980003 10 0 0 10 10 10 0 0 0 0 0 0 74 35 35 0 675 601 566 0 566 0 0 0 73623174 2831459 0 2790842 82253 81780 21833995 19336159 31108123 2737642382 2737642382 0 1884744890 829560960 33.857514 17 70 92980 19082 11 164 120 160000 250000 105 140000 43834 12 16000 25000 12 16000 25000 8793
1790010142353076 10 0 0 10 10 10 0 0 0 0 0 0 69 39 39 0 675 606 567 0 567 0 0 0 73632436 2831554 0 2790856 82429 81802 22197460 19336188 31110349 2744227643 2744227643 0 1892846885 829560960 33.954420 16 66 87511 17960 62 155 120 160000 250000 117 156000 47855 12 16000 25000 12 16000 25000 8807
1790010142396123 10 0 0 10 10 10 0 0 0 0 0 0 68 39 37 2 675 607 568 0 568 0 0 0 73675140 2831636 0 2790870 82557 81810 22197468 19336286 31110668 2762821722 2749510189 0 1894525959 829560960 33.956361 16 66 87511 17960 444 184 120 160000 250000 117 156000 47880 12 16000 25000 12 16000 25000 8830
1790010142396291 10 0 0 10 10 10 0 0 0 0 0 0 68 38 37 1 675 607 569 0 569 0 0 0 73675140 2831723 0 2790885 82558 81818 22197470 19336335 31110668 2762821722 2756206619 0 1894525959 829560960 33.956323 16 66 87511 17960 213 188 120 160000 250000 114 152000 46875 12 16000 25000 12 16000 25000 8829
1790010142396443 10 0 0 10 10 10 0 0 0 0 0 0 68 37 37 0 675 607 570 0 570 0 0 0 73675140 2831800 0 2790899 82567 81833 22197473 19336366 31110668 2762821722 2762821722 0 1894525959 829560960 33.956289 16 66 87511 17960 376 207 120 160000 250000 111 148000 45869 12 16000 25000 12 16000 25000 8827
1790010142712155 10 0 0 10 10 10 0 0 0 0 0 0 65 39 35 4 675 610 571 0 571 0 0 0 73990449 2831900 0 2790916 82807 81842 22197482 19336396 31111055 2784228764 2769297405 0 1899404623 829560960 33.877438 16 66 87511 17960 516 238 120 160000 250000 117 156000 47906 12 16000 25000 12 16000 25000 8856
1790010142712397 10 0 0 10 10 10 0 0 0 0 0 0 65 38 35 3 675 610 572 0 572 0 0 0 73990449 2831976 0 2790930 82817 81850 22197485 19336503 31111055 2784228764 2776022978 0 1899404623 829560960 33.877405 16 66 87511 17960 50 221 120 160000 250000 111 148000 46899 12 16000 25000 12 16000 25000 8854
1790010142712532 10 0 0 10 10 10 0 0 0 0 0 0 65 37 35 2 675 610 573 0 573 0 0 0 73990449 2832052 0 2790947 82817 81857 22197488 19336535 31111055 2784228764 2782598249 0 1899404623 829560960 33.877371 16 66 87511 17960 189 219 120 160000 250000 111 148000 45898 12 16000 25000 12 16000 25000 8853
1790010142712666 10 0 0 10 10 10 0 0 0 0 0 0 65 36 35 1 675 610 574 0 574 0 0 0 73990449 2832126 0 2790964 82817 81865 22197490 19336564 31111055 2784228764 2783467215 0 1899404623 829560960 33.877339 16 66 87511 17960 243 223 120 160000 250000 105 140000 44891 12 16000 25000 12 16000 25000 8851
1790010142712807 10 0 0 10 10 10 0 0 0 0 0 0 65 35 35 0 675 610 575 0 575 0 0 0 73990449 2832209 0 2790979 82817 81877 22197493 19336592 31111055 2784228764 2784228764 0 1899404623 829560960 33.877302 16 66 87511 17960 15 204 120 160000 250000 105 140000 43890 12 16000 25000 12 16000 25000 8850
1790010142791284 10 0 0 10 10 10 0 0 0 0 0 0 60 39 39 0 675 615 576 0 576 0 0 0 74000270 2832291 0 2790994 82970 81910 22265828 19336625 31112990 2790908714 2790908714 0 1907663689 829560960 33.975450 16 66 87511 17960 5 186 120 160000 250000 117 156000 47911 12 16000 25000 12 16000 25000 8864
1790010142811488 10 0 0 10 10 10 0 0 0 0 0 0 59 39 39 0 675 616 577 0 577 0 0 0 74005315 2832390 0 2791016 83056 81923 22280686 19336707 31114235 2791918926 2791918926 0 1909288811 829560960 33.993346 17 67 88817 18735 1186 284 120 160000 250000 117 156000 47912 12 16000 25000 12 16000 25000 8865
1790010143063883 10 0 0 10 10 10 0 0 0 0 0 0 58 39 39 0 675 617 578 0 578 0 0 0 74028805 2832476 0 2791032 83148 81938 22509329 19336758 31115008 2793684448 2793684448 0 1910916783 829560960 34.003118 16 63 83592 17633 341 290 120 160000 250000 117 156000 47915 12 16000 25000 12 16000 25000 8867
1790010143394763 10 0 0 10 10 10 0 0 0 0 0 0 57 39 39 0 675 618 579 0 579 0 0 0 74032318 2832556 0 2791046 83236 81953 22836410 19336840 31116221 2794244529 2794244529 0 1912586150 829560960 34.022241 16 63 83592 17633 404 302 120 160000 250000 117 156000 47915 12 16000 25000 12 16000 25000 8868
1790010143519936 10 0 0 10 10 10 0 0 0 0 0 0 56 39 39 0 675 619 580 0 580 0 0 0 74035903 2832639 0 2791063 83329 81971 22957726 19336900 31117391 2800744664 2800744664 0 1914240989 829560960 34.041148 16 60 79674 17307 25 276 120 160000 250000 117 156000 47923 12 16000 25000 12 16000 25000 8876
1790010143948830 10 0 0 10 10 10 0 0 0 0 0 0 55 39 39 0 675 620 581 0 581 0 0 0 74179783 2832734 0 2791083 83437 81991 23242445 19336954 31118646 2807176703 2807176703 0 1915877070 829560960 33.997769 16 60 79674 17307 1044 352 120 160000 250000 117 156000 47930 12 16000 25000 12 16000 25000 8884
1790010144095155 10 0 0 10 10 10 0 0 0 0 0 0 54 39 39 0 675 621 582 0 582 0 0 0 74183928 2832822 0 2791098 83569 82008 23384249 19337074 31120022 2809314616 2809314616 0 1917467665 829560960 34.015596 16 60 79674 17307 497 367 120 160000 250000 117 156000 47927 12 16000 25000 12 16000 25000 8887
1790010144172265 10 0 0 10 10 10 0 0 0 0 0 0 53 39 39 0 675 622 583 0 583 0 0 0 74206885 2832899 0 2791110 83642 82020 23438162 19337134 31120789 2811853671 2811853671 0 1919057235 829560960 34.025103 16 60 79674 17307 392 371 120 160000 250000 117 156000 47929 12 16000 25000 12 16000 25000 8890
1790010144220625 10 0 0 10 10 10 0 0 0 0 0 0 52 39 39 0 675 623 584 0 584 0 0 0 74210840 2832982 0 2791125 83733 82034 23482292 19337192 31122089 2814118723 2814118723 0 1920659532 829560960 34.043153 16 60 79674 17307 42 340 120 160000 250000 117 156000 47925 12 16000 25000 12 16000 25000 8893
1790010144233806 10 0 0 10 10 10 0 0 0 0 0 0 51 39 39 0 675 624 585 0 585 0 0 0 74214716 2833059 0 2791138 83827 82050 23491338 19337244 31123134 2816363489 2816363489 0 1922272716 829560960 34.061374 16 60 79674 17307 459 352 120 160000 250000 117 156000 47928 12 16000 25000 12 16000 25000 8895
1790010144675333 10 0 0 10 10 10 0 0 0 0 0 0 50 39 39 0 675 625 586 0 586 0 0 0 74237957 2833137 0 2791151 83919 82069 23909369 19337289 31124177 2822624458 2822624458 0 1923608588 829560960 34.067599 16 60 79674 17307 412 358 120 160000 250000 117 156000 47935 12 16000 25000 12 16000 25000 8903
1790010145251303 10 0 0 10 10 10 0 0 0 0 0 0 49 39 39 0 675 626 587 0 587 0 0 0 74350506 2833229 0 2791166 83998 82083 24372521 19337353 31125005 2823922326 2823922326 0 1925224442 829560960 34.037846 16 57 75756 16980 1408 461 120 160000 250000 117 156000 47937 12 16000 25000 12 16000 25000 8904
1790010145942310 10 0 0 10 10 10 0 0 0 0 0 0 48 39 39 0 675 627 588 0 588 0 0 0 74353854 2833343 0 2791188 84133 82100 25059785 19337459 31126110 2827896930 2827896930 0 1926870874 829560960 34.056662 16 57 75756 16980 298 439 120 160000 250000 117 156000 47943 12 16000 25000 12 16000 25000 8911
1790010146057328 10 0 0 10 10 10 0 0 0 0 0 0 47 39 39 0 675 628 589 0 589 0 0 0 74357913 2833424 0 2791203 84226 82118 25170382 19337607 31127378 2832411743 2832411743 0 1928526989 829560960 34.075296 16 54 71837 16654 317 428 120 160000 250000 117 156000 47943 12 16000 25000 12 16000 25000 8916
1790010146166267 10 0 0 10 10 10 0 0 0 0 0 0 46 39 39 0 675 629 590 0 590 0 0 0 74361163 2833509 0 2791217 84338 82136 25275768 19337676 31128501 2836778236 2836778236 0 1929820567 829560960 34.089805 16 54 71837 16654 32 391 120 160000 250000 117 156000 47949 12 16000 25000 12 16000 25000 8923
1790010146233772 10 0 0 10 10 10 0 0 0 0 0 0 45 39 39 0 675 630 591 0 591 0 0 0 74383809 2833586 0 2791229 84420 82152 25320342 19337761 31129451 2841209442 2841209442 0 1931460203 829560960 34.100023 16 54 71837 16654 360 389 120 160000 250000 117 156000 47956 12 16000 25000 12 16000 25000 8930
1790010146391514 10 0 0 10 10 10 0 0 0 0 0 0 44 39 39 0 675 631 592 0 592 0 0 0 74387103 2833662 0 2791242 84537 82166 25474498 19337826 31130325 2845663536 2845663536 0 1933113969 829560960 34.118959 16 54 71837 16654 1463 494 120 160000 250000 117 156000 47963 12 16000 25000 12 16000 25000 8936
1790010146404004 10 0 0 10 10 10 0 0 0 0 0 0 43 39 39 0 675 632 593 0 593 0 0 0 74399392 2833732 0 2791253 84585 82174 25474504 19337876 31130509 2850109845 2850109845 0 1934699360 829560960 34.133076 15 51 67347 15613 40 451 120 160000 250000 117 156000 47967 12 16000 25000 12 16000 25000 8943
1790010147059792 10 0 0 10 10 10 0 0 0 0 0 0 42 39 39 0 675 633 594 0 594 0 0 0 74402677 2833831 0 2791271 84712 82189 26126705 19337921 31131457 2855443064 2855443064 0 1936041950 829560960 34.148158 17 55 72164 17347 1122 517 120 160000 250000 117 156000 47976 12 16000 25000 12 16000 25000 8950
1790010147299050 10 0 0 10 10 10 0 0 0 0 0 0 41 39 39 0 675 634 595 0 595 0 0 0 74406582 2833926 0 2791284 84816 82208 26361719 19338021 31132359 2860763313 2860763313 0 1937754622 829560960 34.167535 17 55 72164 17347 57 473 120 160000 250000 117 156000 47984 12 16000 25000 12 16000 25000 8958
1790010147388981 10 0 0 10 10 10 0 0 0 0 0 0 40 39 39 0 675 635 596 0 596 0 0 0 74409776 2834008 0 2791298 84923 82225 26448146 19338106 31133281 2866163443 2866163443 0 1939342207 829560960 34.185687 18 58 76409 18368 432 470 120 160000 250000 117 156000 47992 12 16000 25000 12 16000 25000 8967
1790010147411905 10 0 0 10 10 10 0 0 0 0 0 0 39 39 39 0 675 636 597 0 597 0 0 0 74432448 2834086 0 2791311 84982 82233 26448152 19338189 31133469 2871607667 2871607667 0 1940994296 829560960 34.196013 20 60 80000 20000 1349 556 120 160000 250000 117 156000 48001 12 16000 25000 12 16000 25000 8975
1790010147496314 10 0 0 10 10 10 0 0 0 0 0 0 38 39 39 0 675 637 598 0 598 0 0 0 74516650 2834160 0 2791323 85037 82240 26448159 19338235 31133649 2877144842 2877144842 0 1942592658 829560960 34.178462 22 66 88000 22000 299 532 120 160000 250000 117 156000 48010 12 16000 25000 12 16000 25000 8983
1790010147721546 10 0 0 10 10 10 0 0 0 0 0 0 37 39 39 0 675 638 599 0 599 0 0 0 74560170 2834264 0 2791358 85121 82254 26629604 19338282 31134162 2883527359 2883527359 0 1944187671 829560960 34.178851 22 66 88000 22000 244 505 120 160000 250000 117 156000 48018 12 16000 25000 12 16000 25000 8992
1790010147811405 10 0 0 10 10 10 0 0 0 0 0 0 36 39 39 0 675 639 600 0 600 0 0 0 74563031 2834354 0 2791370 85212 82270 26716327 19338340 31134893 2889938282 2889938282 0 1945833598 829560960 34.197829 25 75 100000 25000 147 471 120 160000 250000 117 156000 48026 12 16000 25000 12 16000 25000 9000
1790010148126684 10 0 0 10 10 10 0 0 0 0 0 0 35 39 39 0 675 640 601 0 601 0 0 0 74566245 2834436 0 2791383 85315 82284 27028125 19338388 31135578 2896492174 2896492174 0 1947184136 829560960 34.213013 27 81 108000 27000 102 436 120 160000 250000 117 156000 48034 12 16000 25000 12 16000 25000 9008
1790010148145376 10 0 0 10 10 10 0 0 0 0 0 0 34 39 39 0 675 641 602 0 602 0 0 0 74578959 2834511 0 2791394 85398 82300 27033844 19338447 31136250 2902068191 2902068191 0 1948778088 829560960 34.226997 27 81 108000 27000 199 414 120 160000 250000 117 156000 48041 12 16000 25000 12 16000 25000 9015
1790010148207348 10 0 0 10 10 10 0 0 0 0 0 0 33 39 39 0 675 642 603 0 603 0 0 0 74601109 2834588 0 2791408 85477 82315 27073425 19338492 31136767 2908488815 2908488815 0 1950373014 829560960 34.236815 29 87 116000 29000 33 377 120 160000 250000 117 156000 48046 12 16000 25000 12 16000 25000 9023
1790010148313781 10 0 0 10 10 10 0 0 0 0 0 0 32 39 39 0 675 643 604 0 604 0 0 0 74663856 2834668 0 2791423 85561 82332 27116857 19338548 31137394 2914994984 2914994984 0 1952042645 829560960 34.229606 30 90 120000 30000 103 351 120 160000 250000 117 156000 48055 12 16000 25000 12 16000 25000 9031
1790010148450248 10 0 0 10 10 10 0 0 0 0 0 0 31 39 39 0 675 644 605 0 605 0 0 0 74666496 2834753 0 2791437 85668 82349 27250395 19338608 31137988 2921618557 2921618557 0 1953642881 829560960 34.248093 31 93 124000 31000 961 411 120 160000 250000 117 156000 48060 12 16000 25000 12 16000 25000 9039
1790010148454287 10 0 0 10 10 10 0 0 0 0 0 0 30 39 39 0 675 645 606 0 606 0 0 0 74668790 2834830 0 2791448 85741 82364 27251904 19338656 31138472 2922346715 2922346715 0 1955000719 829560960 34.263754 34 102 136000 34000 548 425 120 160000 250000 117 156000 48060 12 16000 25000 12 16000 25000 9039
1790010148507575 10 0 0 10 10 10 0 0 0 0 0 0 29 39 39 0 675 646 607 0 607 0 0 0 74721860 2834909 0 2791462 85799 82371 27251912 19338704 31138602 2929019452 2929019452 0 1956670207 829560960 34.260802 36 108 144000 36000 166 401 120 160000 250000 117 156000 48069 12 16000 25000 12 16000 25000 9047
1790010148509891 10 0 0 10 10 10 0 0 0 0 0 0 28 39 39 0 675 647 608 0 608 0 0 0 74723958 2834984 0 2791474 85848 82378 27251918 19338768 31138723 2935539876 2935539876 0 1958020842 829560960 34.276450 39 117 156000 39000 204 383 120 160000 250000 117 156000 48076 12 16000 25000 12 16000 25000 9055
1790010148550209 10 0 0 10 10 10 0 0 0 0 0 0 27 39 39 0 675 648 609 0 609 0 0 0 74726873 2835061 0 2791488 85953 82393 27289066 19338807 31139345 2936550353 2936550353 0 1959600845 829560960 34.294555 40 120 160000 40000 799 424 120 160000 250000 117 156000 48079 12 16000 25000 12 16000 25000 9056
1790010148602796 10 0 0 10 10 10 0 0 0 0 0 0 26 39 38 1 675 649 610 0 610 0 0 0 74779207 2835136 0 2791500 86058 82400 27289072 19338849 31139464 2949726642 2943119992 0 1961241781 829560960 34.291560 74 222 296000 74000 24 385 120 160000 250000 117 156000 48097 12 16000 25000 12 16000 25000 9073
1790010148602932 10 0 0 10 10 10 0 0 0 0 0 0 26 38 38 0 675 649 611 0 611 0 0 0 74779207 2835204 0 2791515 86058 82407 27289075 19338892 31139464 2949726642 2949726642 0 1961241781 829560960 34.291530 73 219 292000 73000 124 360 120 160000 250000 114 152000 47092 12 16000 25000 12 16000 25000 9071
1790010148845531 10 0 0 10 10 10 0 0 0 0 0 0 24 39 39 0 675 651 612 0 612 0 0 0 74783592 2835297 0 2791540 86166 82435 27527009 19338920 31140110 2955174243 2955174243 0 1964515370 829560960 34.329773 88 264 352000 88000 478 372 120 160000 250000 117 156000 48105 12 16000 25000 12 16000 25000 9081
1790010148979984 10 0 0 10 10 10 0 0 0 0 0 0 23 39 39 0 675 652 613 0 613 0 0 0 74857040 2835383 0 2791555 86256 82448 27587711 19339012 31140462 2961757308 2961757308 0 1966119388 829560960 34.316970 97 291 388000 97000 1819 514 120 160000 250000 117 156000 48112 12 16000 25000 12 16000 25000 9089
1790010149123653 10 0 0 10 10 10 0 0 0 0 0 0 22 39 39 0 675 653 614 0 614 0 0 0 74980565 2835462 0 2791570 86330 82462 27607581 19339098 31140806 2968160957 2968160957 0 1967761461 829560960 34.282585 100 300 400000 100000 151 479 120 160000 250000 117 156000 48120 12 16000 25000 12 16000 25000 9097
1790010149294474 10 0 0 10 10 10 0 0 0 0 0 0 21 39 39 0 675 654 615 0 615 0 0 0 74993114 2835562 0 2791583 86445 82476 27765534 19339162 31141223 2974854558 2974854558 0 1969070316 829560960 34.293051 134 402 536000 134000 1453 575 120 160000 250000 117 156000 48128 12 16000 25000 12 16000 25000 9105
1790010149349755 10 0 0 10 10 10 0 0 0 0 0 0 20 39 39 0 675 655 616 0 616 0 0 0 74995493 2835643 0 2791595 86533 82490 27818182 19339211 31141587 2981406470 2981406470 0 1970719804 829560960 34.312179 140 420 560000 140000 204 540 120 160000 250000 117 156000 48136 12 16000 25000 12 16000 25000 9113
1790010149367844 10 0 0 10 10 10 0 0 0 0 0 0 19 39 39 0 675 656 617 0 617 0 0 0 74998033 2835731 0 2791607 86640 82509 27833443 19339260 31141920 2988056266 2988056266 0 1972407635 829560960 34.331701 141 423 564000 141000 1031 589 120 160000 250000 117 156000 48145 12 16000 25000 12 16000 25000 9121
1790010149390842 10 0 0 10 10 10 0 0 0 0 0 0 18 39 39 0 675 657 618 0 618 0 0 0 75020776 2835810 0 2791621 86722 82529 27833456 19339300 31142122 2994378425 2994378425 0 1974026433 829560960 34.341466 143 429 572000 143000 1310 661 120 160000 250000 117 156000 48153 12 16000 25000 12 16000 25000 9129
1790010149411985 10 0 0 10 10 10 0 0 0 0 0 0 17 39 38 1 675 658 619 0 619 0 0 0 75041671 2835887 0 2791632 86820 82536 27833463 19339341 31142193 3007749081 3001058973 0 1975678853 829560960 34.352453 144 432 576000 144000 1375 731 120 160000 250000 117 156000 48171 12 16000 25000 12 16000 25000 9145
1790010149412138 10 0 0 10 10 10 0 0 0 0 0 0 17 38 38 0 675 658 620 0 620 0 0 0 75041671 2835959 0 2791646 86820 82553 27833466 19339383 31142193 3007749081 3007749081 0 1975678853 829560960 34.352421 144 432 576000 144000 514 711 120 160000 250000 114 152000 47165 12 16000 25000 12 16000 25000 9144
1790010149454103 10 0 0 10 10 10 0 0 0 0 0 0 15 39 39 0 675 660 621 0 621 0 0 0 75046048 2836056 0 2791658 86941 82575 27870765 19339412 31142534 3014480468 3014480468 0 1978959047 829560960 34.390614 156 468 624000 156000 861 727 120 160000 250000 117 156000 48178 12 16000 25000 12 16000 25000 9154
1790010149464745 10 0 0 10 10 10 0 0 0 0 0 0 14 39 39 0 675 661 622 0 622 0 0 0 75048774 2836139 0 2791672 87041 82591 27878400 19339475 31142810 3019825439 3019825439 0 1980297627 829560960 34.405764 159 477 636000 159000 1229 777 120 160000 250000 117 156000 48185 12 16000 25000 12 16000 25000 9162
1790010149485073 10 0 0 10 10 10 0 0 0 0 0 0 13 39 39 0 675 662 623 0 623 0 0 0 75051567 2836220 0 2791687 87132 82608 27895686 19339518 31143037 3025084226 3025084226 0 1981959662 829560960 34.424845 158 474 632000 158000 219 724 120 160000 250000 117 156000 48194 12 16000 25000 12 16000 25000 9170
1790010149488074 10 0 0 10 10 10 0 0 0 0 0 0 12 39 39 0 675 663 624 0 624 0 0 0 75053914 2836298 0 2791699 87212 82631 27896095 19339560 31143190 3026302127 3026302127 0 1983524538 829560960 34.442933 167 501 668000 167000 957 748 120 160000 250000 117 156000 48195 12 16000 25000 12 16000 25000 9171
1790010149501442 10 0 0 10 10 10 0 0 0 0 0 0 11 39 39 0 675 664 625 0 625 0 0 0 75056356 2836389 0 2791710 87308 82647 27906746 19339612 31143326 3031545141 3031545141 0 1985119979 829560960 34.461347 180 540 720000 180000 20 678 120 160000 250000 117 156000 48201 12 16000 25000 12 16000 25000 9178
1790010149574374 10 0 0 10 10 10 0 0 0 0 0 0 10 39 39 0 675 665 626 0 626 0 0 0 75129075 2836467 0 2791722 87365 82656 27906753 19339658 31143361 3038347683 3038347683 0 1986775280 829560960 34.449418 176 528 704000 176000 215 633 120 160000 250000 117 156000 48208 12 16000 25000 12 16000 25000 9186
1790010149805139 10 0 0 10 10 10 0 0 0 0 0 0 9 39 39 0 675 666 627 0 627 0 0 0 75241630 2836548 0 2791734 87453 82671 28024696 19339712 31143428 3043365002 3043365002 0 1988363912 829560960 34.419125 161 483 644000 161000 40 576 120 160000 250000 117 156000 48214 12 16000 25000 12 16000 25000 9192
1790010149837343 10 0 0 10 10 10 0 0 0 0 0 0 8 39 39 0 675 667 628 0 628 0 0 0 75243899 2836630 0 2791748 87546 82686 28054364 19339761 31143475 3044687980 3044687980 0 1990048906 829560960 34.438669 152 456 608000 152000 45 525 120 160000 250000 117 156000 48215 12 16000 25000 12 16000 25000 9193
1790010150199992 10 0 0 10 10 10 0 0 0 0 0 0 7 39 39 0 675 668 629 0 629 0 0 0 75277719 2836712 0 2791761 87664 82700 28382906 19339812 31143489 3045400073 3045400073 0 1991677654 829560960 34.443608 154 462 616000 154000 307 505 120 160000 250000 117 156000 48217 12 16000 25000 12 16000 25000 9194
1790010150295468 10 0 0 10 10 10 0 0 0 0 0 0 7 38 38 0 675 668 630 0 630 0 0 0 75278148 2836793 0 2791783 87721 82711 28477729 19339869 31143489 3052032487 3052032487 0 1991677654 829560960 34.443383 151 453 604000 151000 267 483 120 160000 250000 114 152000 47221 12 16000 25000 12 16000 25000 9201
1790010150536804 10 0 0 10 10 10 0 0 0 0 0 0 7 37 37 0 675 668 631 0 631 0 0 0 75278803 2836874 0 2791798 87859 82727 28718101 19339921 31143489 3054401327 3054401327 0 1991677654 829560960 34.443058 140 420 560000 140000 47 423 120 160000 250000 111 148000 46220 12 16000 25000 12 16000 25000 9202
1790010150571103 10 0 0 10 10 10 0 0 0 0 0 0 7 36 36 0 675 668 632 0 632 0 0 0 75279240 2836945 0 2791811 87917 82738 28751767 19339958 31143489 3060795824 3060795824 0 1991677654 829560960 34.442834 139 417 556000 139000 106 393 120 160000 250000 108 144000 45225 12 16000 25000 12 16000 25000 9209
1790010150742420 10 0 0 10 10 10 0 0 0 0 0 0 7 35 35 0 675 668 633 0 633 0 0 0 75279710 2837035 0 2791829 87975 82751 28922384 19339999 31143489 3065349401 3065349401 0 1991677654 829560960 34.442587 146 438 584000 146000 1530 504 120 160000 250000 105 140000 44229 12 16000 25000 12 16000 25000 9214
1790010150745201 10 0 0 10 10 10 0 0 0 0 0 0 7 34 34 0 675 668 634 0 634 0 0 0 75280150 2837106 0 2791841 88036 82761 28924510 19340051 31143489 3069688008 3069688008 0 1991677654 829560960 34.442362 146 438 584000 146000 204 475 120 160000 250000 102 136000 43232 12 16000 25000 12 16000 25000 9219
1790010151118590 10 0 0 10 10 10 0 0 0 0 0 0 7 33 33 0 675 668 635 0 635 0 0 0 75280827 2837185 0 2791858 88096 82773 29297021 19340082 31143489 3074743490 3074743490 0 1991677654 829560960 34.442029 147 441 588000 147000 1776 603 120 160000 250000 99 132000 42235 12 16000 25000 12 16000 25000 9224
1790010151208596 10 0 0 10 10 10 0 0 0 0 0 0 7 32 32 0 675 668 636 0 636 0 0 0 75281279 2837258 0 2791870 88159 82788 29386365 19340123 31143489 3080006459 3080006459 0 1991677654 829560960 34.441797 146 438 584000 146000 902 633 120 160000 250000 96 128000 41241 12 16000 25000 12 16000 25000 9231
1790010151579037 10 0 0 10 10 10 0 0 0 0 0 0 7 31 31 0 675 668 637 0 637 0 0 0 75282160 2837360 0 2791892 88281 82802 29755629 19340160 31143489 3085348144 3085348144 0 1991677654 829560960 34.441364 149 447 596000 149000 1723 740 120 160000 250000 93 124000 40247 12 16000 25000 12 16000 25000 9237
1790010151674754 10 0 0 10 10 10 0 0 0 0 0 0 7 30 30 0 675 668 638 0 638 0 0 0 75282627 2837435 0 2791905 88346 82815 29850581 19340285 31143489 3087555224 3087555224 0 1991677654 829560960 34.441125 150 450 600000 150000 1577 822 120 160000 250000 90 120000 39249 12 16000 25000 12 16000 25000 9239
1790010151757760 10 0 0 10 10 10 0 0 0 0 0 0 7 29 29 0 675 668 639 0 639 0 0 0 75283087 2837509 0 2791918 88440 82826 29932893 19340323 31143489 3092907880 3092907880 0 1991677654 829560960 34.440889 162 486 648000 162000 795 820 120 160000 250000 87 116000 38255 12 16000 25000 12 16000 25000 9245
1790010151842910 10 0 0 10 10 10 0 0 0 0 0 0 7 28 28 0 675 668 640 0 640 0 0 0 75283539 2837588 0 2791930 88501 82837 30017387 19340359 31143489 3099495276 3099495276 0 1991677654 829560960 34.440655 163 489 652000 163000 399 779 120 160000 250000 84 112000 37261 12 16000 25000 12 16000 25000 9252
1790010151867891 10 0 0 10 10 10 0 0 0 0 0 0 7 27 27 0 675 668 641 0 641 0 0 0 75284009 2837662 0 2791942 88559 82863 30041687 19340394 31143489 3101870747 3101870747 0 1991677654 829560960 34.440415 164 492 656000 164000 1650 865 120 160000 250000 81 108000 36261 12 16000 25000 12 16000 25000 9253
1790010151921613 10 0 0 10 10 10 0 0 0 0 0 0 7 26 26 0 675 668 642 0 642 0 0 0 75284494 2837737 0 2791955 88614 82884 30094722 19340428 31143489 3104401159 3104401159 0 1991677654 829560960 34.440169 175 525 700000 175000 569 837 120 160000 250000 78 104000 35260 12 16000 25000 12 16000 25000 9254
1790010151956583 10 0 0 10 10 10 0 0 0 0 0 0 7 25 25 0 675 668 643 0 643 0 0 0 75285181 2837812 0 2791969 88665 82896 30128807 19340463 31143489 3107057394 3107057394 0 1991677654 829560960 34.439833 171 513 684000 171000 110 767 120 160000 250000 75 100000 34260 12 16000 25000 12 16000 25000 9256
1790010152350884 10 0 0 10 10 10 0 0 0 0 0 0 7 24 24 0 675 668 644 0 644 0 0 0 75285648 2837891 0 2791981 88730 82908 30522435 19340496 31143489 3109995384 3109995384 0 1991677654 829560960 34.439592 180 540 720000 180000 465 738 120 160000 250000 72 96000 33262 12 16000 25000 12 16000 25000 9258
1790010152754845 10 0 1 9 10 10 0 0 0 0 0 0 7 23 23 0 675 668 645 0 645 0 0 0 75286122 2837970 0 2791995 88790 82920 30925701 19340548 31143489 3115448307 3115448307 0 1991677654 829560960 34.439348 177 531 708000 177000 135 680 120 160000 250000 69 92000 32269 12 16000 25000 12 16000 25000 9265
1790010152764077 10 0 1 9 10 10 0 0 0 0 0 0 7 22 22 0 675 668 646 0 646 0 0 0 75286586 2838045 0 2792007 88845 82931 30934267 19340587 31143489 3120800214 3120800214 0 1991677654 829560960 34.439111 177 531 708000 177000 2037 813 120 160000 250000 66 88000 31276 12 16000 25000 12 16000 25000 9272
1790010152900753 10 0 1 9 10 10 0 0 0 0 0 0 7 21 21 0 675 668 647 0 647 0 0 0 75287063 2838120 0 2792020 88907 82941 31070268 19340620 31143489 3126204360 3126204360 0 1991677654 829560960 34.438867 177 531 708000 177000 233 757 120 160000 250000 63 84000 30283 12 16000 25000 12 16000 25000 9278
1790010153100658 10 0 1 9 10 10 0 0 0 0 0 0 7 20 20 0 675 668 648 0 648 0 0 0 75287657 2838211 0 2792037 88987 82953 31269341 19340659 31143489 3131489159 3131489159 0 1991677654 829560960 34.438565 169 507 676000 169000 64 691 120 160000 250000 60 80000 29288 12 16000 25000 12 16000 25000 9284
1790010153501782 10 0 1 9 10 10 0 0 0 0 0 0 7 19 19 0 675 668 649 0 649 0 0 0 75288383 2838290 0 2792050 89075 82965 31669456 19340743 31143489 3137924033 3137924033 0 1991677654 829560960 34.438210 173 519 692000 173000 1233 745 120 160000 250000 57 76000 28294 12 16000 25000 12 16000 25000 9290
1790010153740855 10 0 1 9 10 10 0 0 0 0 0 0 7 18 18 0 675 668 650 0 650 0 0 0 75289101 2838367 0 2792064 89145 82978 31907584 19340790 31143489 3143151572 3143151572 0 1991677654 829560960 34.437860 180 540 720000 180000 932 764 120 160000 250000 54 72000 27300 12 16000 25000 12 16000 25000 9295
1790010153858509 10 0 1 9 10 10 0 0 0 0 0 0 7 17 17 0 675 668 651 0 651 0 0 0 75289817 2838441 0 2792077 89209 83001 32024296 19340836 31143489 3148554155 3148554155 0 1991677654 829560960 34.437512 183 549 732000 183000 939 782 120 160000 250000 51 68000 26306 12 16000 25000 12 16000 25000 9301
1790010153905968 10 0 2 8 10 10 0 0 0 0 0 0 7 16 16 0 675 668 652 0 652 0 0 0 75290286 2838514 0 2792090 89271 83012 32071087 19340870 31143489 3153857057 3153857057 0 1991677654 829560960 34.437273 208 624 832000 208000 980 802 120 160000 250000 48 64000 25313 12 16000 25000 12 16000 25000 9307
1790010154301013 10 0 3 7 10 10 0 0 0 0 0 0 7 15 15 0 675 668 653 0 653 0 0 0 75290843 2838597 0 2792104 89353 83026 32465347 19340902 31143489 3159239247 3159239247 0 1991677654 829560960 34.436991 209 627 836000 209000 101 734 120 160000 250000 45 60000 24320 12 16000 25000 12 16000 25000 9314
1790010154389754 10 0 3 7 10 10 0 0 0 0 0 0 7 14 14 0 675 668 654 0 654 0 0 0 75291580 2838672 0 2792118 89424 83040 32553093 19340983 31143489 3164490363 3164490363 0 1991677654 829560960 34.436633 197 591 788000 197000 74 670 120 160000 250000 42 56000 23325 12 16000 25000 12 16000 25000 9319
1790010154516877 10 0 3 7 10 10 0 0 0 0 0 0 7 13 13 0 675 668 655 0 655 0 0 0 75292057 2838746 0 2792131 89479 83052 32679530 19341022 31143489 3170688904 3170688904 0 1991677654 829560960 34.436390 196 588 784000 196000 355 640 120 160000 250000 39 52000 22331 12 16000 25000 12 16000 25000 9325
1790010154590946 10 0 3 7 10 10 0 0 0 0 0 0 7 12 12 0 675 668 656 0 656 0 0 0 75292543 2838818 0 2792143 89538 83064 32752914 19341055 31143489 3177139153 3177139153 0 1991677654 829560960 34.436144 200 600 800000 200000 1412 716 120 160000 250000 36 48000 21338 12 16000 25000 12 16000 25000 9332
1790010154716907 10 0 3 7 10 10 0 0 0 0 0 0 7 11 11 0 675 668 657 0 657 0 0 0 75293044 2838894 0 2792156 89598 83076 32878172 19341089 31143489 3182397859 3182397859 0 1991677654 829560960 34.435890 203 609 812000 203000 466 693 120 160000 250000 33 44000 20343 12 16000 25000 12 16000 25000 9337
1790010154772272 10 0 4 6 10 10 0 0 0 0 0 0 7 10 10 0 675 668 658 0 658 0 0 0 75293543 2838966 0 2792168 89654 83087 32932846 19341122 31143489 3188661783 3188661783 0 1991677654 829560960 34.435638 203 609 812000 203000 1340 757 120 160000 250000 30 40000 19350 12 16000 25000 12 16000 25000 9344
1790010154980102 10 0 4 6 10 10 0 0 0 0 0 0 7 9 9 0 675 668 659 0 659 0 0 0 75294288 2839049 0 2792188 89723 83098 33139712 19341157 31143489 3195031997 3195031997 0 1991677654 829560960 34.435273 205 615 820000 205000 117 695 120 160000 250000 27 36000 18357 12 16000 25000 12 16000 25000 9350
1790010155067311 10 0 4 6 10 10 0 0 0 0 0 0 7 8 8 0 675 668 660 0 660 0 0 0 75295026 2839122 0 2792201 89786 83118 33225966 19341200 31143489 3201490479 3201490479 0 1991677654 829560960 34.434916 213 639 852000 213000 1134 738 120 160000 250000 24 32000 17364 12 16000 25000 12 16000 25000 9357
1790010155655569 10 0 5 5 10 10 0 0 0 0 0 0 7 7 7 0 675 668 661 0 661 0 0 0 75295568 2839213 0 2792214 89850 83129 33813463 19341236 31143489 3208042144 3208042144 0 1991677654 829560960 34.434637 214 642 856000 214000 1122 777 120 160000 250000 21 28000 16371 12 16000 25000 12 16000 25000 9363
1790010155737155 10 0 6 4 10 10 0 0 0 0 0 0 7 6 6 0 675 668 662 0 662 0 0 0 75296064 2839287 0 2792227 89909 83140 33894333 19341295 31143489 3214361495 3214361495 0 1991677654 829560960 34.434386 195 585 780000 195000 53 675 120 160000 250000 18 24000 15377 12 16000 25000 12 16000 25000 9370
1790010155823045 10 0 6 4 10 10 0 0 0 0 0 0 7 5 5 0 675 668 663 0 663 0 0 0 75296576 2839361 0 2792240 89967 83152 33979517 19341328 31143489 3220829269 3220829269 0 1991677654 829560960 34.434127 201 603 804000 201000 1504 757 120 160000 250000 15 20000 14384 12 16000 25000 12 16000 25000 9376
1790010156005414 10 0 7 3 10 10 0 0 0 0 0 0 7 4 4 0 675 668 664 0 664 0 0 0 75297079 2839453 0 2792260 90026 83162 34161169 19341363 31143489 3227024978 3227024978 0 1991677654 829560960 34.433865 201 603 804000 201000 1206 802 120 160000 250000 12 16000 13390 12 16000 25000 12 16000 25000 9383
1790010156060744 10 0 8 2 10 10 0 0 0 0 0 0 7 3 3 0 675 668 665 0 665 0 0 0 75297587 2839524 0 2792273 90081 83173 34215803 19341398 31143489 3233510357 3233510357 0 1991677654 829560960 34.433610 205 615 820000 205000 1407 862 120 160000 250000 9 12000 12396 12 16000 25000 12 16000 25000 9389
1790010156119929 10 0 8 2 10 10 0 0 0 0 0 0 7 2 2 0 675 668 666 0 666 0 0 0 75298098 2839597 0 2792285 90139 83193 34274263 19341440 31143489 3240213704 3240213704 0 1991677654 829560960 34.433353 195 585 780000 195000 88 788 120 160000 250000 6 8000 11403 12 16000 25000 12 16000 25000 9396
1790010156202268 10 0 9 1 10 10 0 0 0 0 0 0 7 1 1 0 675 668 667 0 667 0 0 0 75298619 2839670 0 2792297 90202 83213 34355874 19341472 31143489 3246728423 3246728423 0 1991677654 829560960 34.433091 195 585 780000 195000 1559 864 120 160000 250000 3 4000 10409 12 16000 25000 12 16000 25000 9402
1790010156378035 10 0 10 0 10 10 0 0 0 0 0 0 7 0 0 0 675 668 668 0 668 0 0 0 75299135 2839743 0 2792309 90258 83223 34530929 19341509 31143489 3253234694 3253234694 0 1991677654 829560960 34.432831 180 540 720000 180000 58 786 120 160000 250000 0 0 9415 12 16000 25000 12 16000 25000 9409
1790010157671663 10 0 9 1 10 10 0 0 0 0 0 0 5 1 1 0 675 670 669 0 669 0 0 0 75373382 2839937 0 2792319 96472 83843 35743034 19341542 31144291 3253436346 3253436346 0 1991677654 829560960 34.400059 177 531 708000 177000 190 729 120 160000 250000 12 16000 15625 12 16000 25000 12 16000 25000 10619
1790010157882696 10 0 9 1 10 10 0 0 0 0 0 0 4 1 1 0 675 671 670 0 670 0 0 0 75377951 2840011 0 2792319 96550 83854 35949169 19341680 31144761 3253638404 3253638404 0 1991677654 829560960 34.398017 98 312 416000 106000 1 659 120 160000 250000 12 16000 12625 12 16000 25000 12 16000 25000 10619
1790010172010700 10 0 9 1 10 10 0 0 0 0 0 0 3 2 2 0 675 671 670 0 670 0 0 0 75381347 2840022 0 2792319 99241 97761 50056487 19342086 31144824 3253638404 3253638404 0 1991677654 829560960 34.396519 96 324 431021 111674 22 543 120 160000 250000 12 16000 12627 12 16000 25000 12 16000 25000 10620
1790010172010824 10 0 8 2 10 10 0 0 0 0 0 0 3 2 2 0 675 672 670 0 670 0 0 0 75381702 2840022 0 2792319 99241 97761 50056487 19342086 31144824 3253638404 3253638404 0 1991677654 829560960 34.396363 96 324 431021 111674 22 517 120 160000 250000 24 32000 14627 12 16000 25000 12 16000 25000 10620
1790010172012350 10 0 9 1 10 10 0 0 0 0 0 0 3 1 1 0 675 672 671 0 671 0 0 0 75381792 2840130 0 2792343 99276 97822 50057663 19342123 31144824 3267758916 3267758916 0 1991677654 829560960 34.396276 96 324 431021 111674 22 470 120 160000 250000 12 16000 12625 12 16000 25000 12 16000 25000 10620
1790010173015367 10 0 9 1 10 10 0 0 0 0 0 0 2 1 1 0 675 673 672 0 672 0 0 0 75385266 2840207 0 2792344 99367 97834 51056890 19342241 31145346 3268755179 3268755179 0 1991677654 829560960 34.394714 100 356 473470 118368 1124 535 120 160000 250000 12 16000 12625 12 16000 25000 12 16000 25000 10620
1790010175719548 10 0 9 1 10 10 0 0 0 0 0 0 1 1 1 0 675 674 673 0 673 0 0 0 75385495 2840324 0 2792369 99477 97915 53760254 19342486 31145412 3271450904 3271450904 0 1991677654 829560960 34.394562 98 366 488000 118000 118 478 120 160000 250000 12 16000 15401 12 16000 25000 12 16000 25000 13395
1790010178064859 10 0 9 1 10 10 0 0 0 0 0 0 0 1 1 0 675 675 674 0 674 0 0 0 75385729 2840415 0 2792370 99582 97932 56104968 19342614 31145459 3271725185 3271725185 0 1991677654 829560960 34.394419 100 392 522449 122449 247 456 120 160000 250000 12 16000 15401 12 16000 25000 12 16000 25000 13395
1790010182183612 10 0 10 0 10 10 0 0 0 0 0 0 0 0 0 0 675 675 675 0 675 0 0 0 75385732 3933540 0 3885370 100113 97966 59129661 19342954 31145459 3274743157 3274743157 0 1991677654 1244341440 38.907421 54 222 295347 67225 1 393 120 160000 250000 0 0 13401 12 16000 25000 12 16000 25000 13395
1790010182210655 0 0 0 0 0 10 10 10 0 0 0 0 0 0 0 0 675 675 675 0 675 0 0 0 75385732 3933540 0 3885370 100113 97966 59129661 19342954 31145459 3274743157 3274743157 0 1991677654 1244341440 38.907421 44 189 251429 55674 3 374 0 0 0 0 0 0 0 0 0 0 0 0 0
