# timestamp workers_connected workers_init workers_idle workers_busy workers_able workers_joined workers_removed workers_released workers_idled_out workers_blocked workers_slow workers_lost tasks_waiting tasks_on_workers tasks_running tasks_with_results tasks_submitted tasks_dispatched tasks_done tasks_failed tasks_successful tasks_cancelled tasks_exhausted_attempts tasks_recovery time_send time_receive time_send_good time_receive_good time_status_msgs time_internal time_polling time_application time_scheduling time_execute time_execute_good time_execute_exhaustion bytes_sent bytes_received bandwidth capacity_tasks capacity_cores capacity_memory capacity_disk capacity_instantaneous capacity_weighted total_cores total_memory total_disk committed_cores committed_memory committed_disk max_cores max_memory max_disk min_cores min_memory min_disk inuse_cache
1790009540804893 0 0 0 0 0 0 0 0 0 0 0 0 0 0 0 0 0 0 0 0 0 0 0 0 0 0 0 0 0 0 0 0 0 0 0 0 0 0 1.000000 0 0 0 0 0 0 0 0 0 0 0 0 0 0 0 0 0 0 0
1790009540806167 0 0 0 0 0 0 0 0 0 0 0 0 0 0 0 0 0 0 0 0 0 0 0 0 0 0 0 0 0 0 0 0 0 0 0 0 0 0 1.000000 10 10 5120 10240 10 10 0 0 0 0 0 0 0 0 0 0 0 0 0
1790009547547751 4 1 4 0 4 4 0 0 0 0 0 0 674 1 1 0 675 0 0 0 0 0 0 0 0 6084 0 0 23706 82819 1637427 136513 71 0 0 0 328856177 0 1.000000 10 10 5120 10240 10 10 48 64000 100000 0 0 0 12 16000 25000 12 16000 25000 314
1790009550601620 4 1 2 2 4 4 0 0 0 0 0 0 673 2 2 0 675 2 0 0 0 0 0 0 7877667 6084 0 0 23706 82819 1637427 136513 155 0 0 0 648634789 0 78.463455 10 10 5120 10240 10 10 48 64000 100000 24 32000 4619 12 16000 25000 12 16000 25000 619
1790009550606621 5 0 4 1 5 5 0 0 0 0 0 0 673 1 1 0 675 2 1 0 1 0 0 0 7877667 7209 0 1044 27402 82861 1637432 136627 155 2593187 2593187 0 648634789 0 78.452260 10 10 5120 10240 10 10 60 80000 125000 12 16000 2740 12 16000 25000 12 16000 25000 306
1790009551757866 5 0 0 5 5 5 0 0 0 0 0 0 657 16 16 0 675 18 2 0 2 0 0 0 9022000 7420 0 1066 28538 84902 1640068 136770 708254 3492976 3492976 0 672756059 0 71.055525 10 120 160000 20000 1 10 60 80000 125000 57 76000 17793 12 16000 25000 12 16000 25000 328
1790009551822673 5 0 0 5 5 5 0 0 0 0 0 0 656 16 16 0 675 19 3 0 3 0 0 0 9086065 7503 0 1079 28674 85042 1640256 136901 758764 4512267 4512267 0 674272551 0 70.713323 10 75 100000 15000 40 14 60 80000 125000 57 76000 17786 12 16000 25000 12 16000 25000 329
1790009553133853 5 0 1 4 5 5 0 0 0 0 0 0 655 16 16 0 675 20 4 0 4 0 0 0 10386479 8850 0 2180 29958 88130 1644054 136997 1807290 7029577 7029577 0 675855900 0 62.003465 10 60 80000 13334 351 47 60 80000 125000 48 64000 16052 12 16000 25000 12 16000 25000 26
1790009553253763 5 0 0 5 5 5 0 0 0 0 0 0 651 19 19 0 675 24 5 0 5 0 0 0 10505569 8933 0 2192 30201 88265 1644210 137137 1858909 9467052 9467052 0 681438873 0 61.807088 10 75 100000 15000 1 43 60 80000 125000 57 76000 19066 12 16000 25000 12 16000 25000 33
1790009553343694 5 0 0 5 5 5 0 0 0 0 0 0 650 19 19 0 675 25 6 0 6 0 0 0 10594725 9012 0 2205 30326 88413 1644398 137293 1922547 12151225 12151225 0 683001084 0 61.427456 10 66 88000 14000 172 57 60 80000 125000 57 76000 19063 12 16000 25000 12 16000 25000 36
1790009556088408 5 0 0 5 5 5 0 0 0 0 0 0 649 19 19 0 675 26 7 0 7 0 0 0 13323056 9433 0 2219 32583 93541 1650996 137366 4179182 17438072 17438072 0 684552031 0 48.966078 10 60 80000 13334 51 57 60 80000 125000 57 76000 19070 12 16000 25000 12 16000 25000 44
1790009556096114 5 0 0 5 5 5 0 0 0 0 0 0 648 19 19 0 675 27 8 0 8 0 0 0 13330378 9510 0 2232 32666 93557 1651013 137535 4183736 22874016 22874016 0 686131403 0 49.051828 10 56 74286 12858 1403 250 60 80000 125000 57 76000 19078 12 16000 25000 12 16000 25000 51
1790009556142946 5 0 0 5 5 5 0 0 0 0 0 0 647 19 19 0 675 28 9 0 9 0 0 0 13376762 9587 0 2243 32777 93630 1651103 137594 4212977 28217658 28217658 0 687693672 0 48.992880 10 53 70000 12500 107 237 60 80000 125000 57 76000 19086 12 16000 25000 12 16000 25000 59
1790009556190626 5 0 0 5 5 5 0 0 0 0 0 0 646 19 19 0 675 29 10 0 10 0 0 0 13424124 9661 0 2253 32851 93668 1651145 137657 4226049 33606438 33606438 0 689253164 0 48.930591 10 50 66667 12223 99 225 60 80000 125000 57 76000 19094 12 16000 25000 12 16000 25000 68
1790009556212999 5 0 0 5 5 5 0 0 0 0 0 0 645 19 19 0 675 30 11 0 11 0 0 0 13446281 9731 0 2265 32907 93675 1651150 137713 4226564 38934512 38934512 0 690804557 0 48.959719 10 48 64000 12000 1911 391 60 80000 125000 57 76000 19101 12 16000 25000 12 16000 25000 75
1790009557126814 5 0 0 5 5 5 0 0 0 0 0 0 644 19 19 0 675 31 12 0 12 0 0 0 14355024 9888 0 2277 33504 95299 1653177 137758 4905870 45399252 45399252 0 692096851 0 45.947723 10 47 61819 11819 189 372 60 80000 125000 57 76000 19109 12 16000 25000 12 16000 25000 82
1790009557188742 5 0 0 5 5 5 0 0 0 0 0 0 643 19 19 0 675 32 13 0 13 0 0 0 14416306 9970 0 2289 33624 95433 1653321 137862 4954662 51863252 51863252 0 693649216 0 45.854900 10 45 60000 11667 155 352 60 80000 125000 57 76000 19108 12 16000 25000 12 16000 25000 90
1790009557206100 5 0 0 5 5 5 0 0 0 0 0 0 642 19 19 0 675 33 14 0 14 0 0 0 14433332 10045 0 2301 33708 95470 1653358 137932 4967318 57243514 57243514 0 695166295 0 45.900778 10 44 58462 11539 200 338 60 80000 125000 57 76000 19117 12 16000 25000 12 16000 25000 99
1790009557211159 5 0 0 5 5 5 0 0 0 0 0 0 641 19 19 0 675 34 15 0 15 0 0 0 14438150 10117 0 2311 33778 95481 1653369 137989 4969857 63790542 63790542 0 696726221 0 45.988208 10 43 57143 11429 1810 482 60 80000 125000 57 76000 19126 12 16000 25000 12 16000 25000 107
1790009557338597 5 0 0 5 5 5 0 0 0 0 0 0 640 19 19 0 675 35 16 0 16 0 0 0 14564626 10201 0 2323 33936 95738 1653671 138044 5071025 70382450 70382450 0 698294228 0 45.691470 10 42 56000 11334 988 532 60 80000 125000 57 76000 19134 12 16000 25000 12 16000 25000 115
1790009557394462 5 0 0 5 5 5 0 0 0 0 0 0 639 19 19 0 675 36 17 0 17 0 0 0 14619933 10284 0 2333 34048 95845 1653802 138110 5114839 77083142 77083142 0 699814031 0 45.617551 10 42 55000 11250 301 510 60 80000 125000 57 76000 19142 12 16000 25000 12 16000 25000 123
1790009557409041 5 0 0 5 5 5 0 0 0 0 0 0 638 19 19 0 675 37 18 0 18 0 0 0 14634190 10374 0 2347 34135 95873 1653838 138168 5125004 83655126 83655126 0 701334748 0 45.671891 10 41 54118 11177 193 480 60 80000 125000 57 76000 19150 12 16000 25000 12 16000 25000 131
1790009557507165 5 0 0 5 5 5 0 0 0 0 0 0 637 19 19 0 675 38 19 0 19 0 0 0 14731498 10465 0 2365 34287 96067 1654074 138229 5202819 90434227 90434227 0 702859523 0 45.468780 10 40 53334 11112 289 462 60 80000 125000 57 76000 19159 12 16000 25000 12 16000 25000 140
1790009558524263 5 0 0 5 5 5 0 0 0 0 0 0 636 19 19 0 675 39 20 0 20 0 0 0 15742645 10673 0 2383 35046 97880 1656475 138305 6015233 97195366 97195366 0 704141436 0 42.627312 11 44 57895 12158 1420 556 60 80000 125000 57 76000 19167 12 16000 25000 12 16000 25000 148
1790009558664945 5 0 0 5 5 5 0 0 0 0 0 0 635 19 19 0 675 40 21 0 21 0 0 0 15882289 10759 0 2394 35218 98109 1656783 138432 6118567 102665568 102665568 0 705706584 0 42.346455 12 47 62400 13200 1347 634 60 80000 125000 57 76000 19166 12 16000 25000 12 16000 25000 155
1790009558694374 5 0 0 5 5 5 0 0 0 0 0 0 634 19 19 0 675 41 22 0 22 0 0 0 15911302 10830 0 2405 35310 98173 1656859 138515 6140972 108167168 108167168 0 707256594 0 42.361943 12 47 61715 13143 99 583 60 80000 125000 57 76000 19173 12 16000 25000 12 16000 25000 162
1790009558784420 5 0 0 5 5 5 0 0 0 0 0 0 633 19 19 0 675 42 23 0 23 0 0 0 16000573 10919 0 2417 35446 98356 1657067 138582 6212247 110840869 110840869 0 708825610 0 42.218975 13 50 66182 14182 94 536 60 80000 125000 57 76000 19175 12 16000 25000 12 16000 25000 165
1790009558973888 5 0 0 5 5 5 0 0 0 0 0 0 632 19 19 0 675 43 24 0 24 0 0 0 16188792 11011 0 2427 35648 98689 1657496 138647 6354886 116621446 116621446 0 710415620 0 41.821813 13 50 65566 14131 186 503 60 80000 125000 57 76000 19182 12 16000 25000 12 16000 25000 172
1790009559871214 5 0 0 5 5 5 0 0 0 0 0 0 631 19 19 0 675 44 25 0 25 0 0 0 17080806 11204 0 2444 36321 100384 1659559 138715 7065190 123296530 123296530 0 712023148 0 39.728399 14 53 70000 15167 103 464 60 80000 125000 57 76000 19190 12 16000 25000 12 16000 25000 181
1790009559895504 5 0 0 5 5 5 0 0 0 0 0 0 630 19 19 0 675 45 26 0 26 0 0 0 17104786 11276 0 2456 36391 100403 1659563 138842 7065704 129821597 129821597 0 713253168 0 39.741106 14 53 69440 15120 148 434 60 80000 125000 57 76000 19199 12 16000 25000 12 16000 25000 188
1790009560002916 5 0 0 5 5 5 0 0 0 0 0 0 629 19 19 0 675 46 27 0 27 0 0 0 17211514 11360 0 2468 36536 100544 1659735 138908 7123467 136556545 136556545 0 714817319 0 39.581252 15 56 73847 16154 246 417 60 80000 125000 57 76000 19208 12 16000 25000 12 16000 25000 197
1790009560575144 5 0 0 5 5 5 0 0 0 0 0 0 628 19 19 0 675 47 28 0 28 0 0 0 17780239 11500 0 2482 37021 101576 1661076 139008 7578099 140918326 140918326 0 716368622 0 38.398852 16 59 78223 17186 484 425 60 80000 125000 57 76000 19215 12 16000 25000 12 16000 25000 203
1790009560708821 5 0 0 5 5 5 0 0 0 0 0 0 627 19 19 0 675 48 29 0 29 0 0 0 17913022 11582 0 2493 37154 101794 1661340 139117 7664981 141619721 141619721 0 717928611 0 38.197222 16 59 77715 17143 194 403 60 80000 125000 57 76000 19215 12 16000 25000 12 16000 25000 204
1790009561438259 5 0 0 5 5 5 0 0 0 0 0 0 626 19 19 0 675 49 30 0 30 0 0 0 18638215 11753 0 2517 37672 103084 1662983 139199 8225919 146882096 146882096 0 719488084 0 36.791340 16 58 77242 17104 163 380 60 80000 125000 57 76000 19223 12 16000 25000 12 16000 25000 212
1790009561568946 5 0 0 5 5 5 0 0 0 0 0 0 625 19 19 0 675 50 31 0 31 0 0 0 18767858 11846 0 2530 37838 103317 1663277 139340 8328179 152155091 152155091 0 721046820 0 36.616330 17 62 81600 18134 161 351 60 80000 125000 57 76000 19229 12 16000 25000 12 16000 25000 219
1790009561612065 5 0 0 5 5 5 0 0 0 0 0 0 624 19 19 0 675 51 32 0 32 0 0 0 18810622 11919 0 2541 37916 103366 1663340 139405 8345238 157675724 157675724 0 722573491 0 36.610348 17 61 81162 18097 64 324 60 80000 125000 57 76000 19238 12 16000 25000 12 16000 25000 227
1790009562635154 5 0 0 5 5 5 0 0 0 0 0 0 623 19 19 0 675 52 33 0 33 0 0 0 19827711 12130 0 2561 38687 105188 1665720 139460 9153560 163101359 163101359 0 724102460 0 34.806626 18 65 85500 19125 2005 489 60 80000 125000 57 76000 19246 12 16000 25000 12 16000 25000 235
1790009562900255 5 0 0 5 5 5 0 0 0 0 0 0 622 19 19 0 675 53 34 0 34 0 0 0 20090979 12241 0 2572 38931 105722 1666329 139582 9361731 168481847 168481847 0 725665816 0 34.424776 18 64 85091 19091 1672 606 60 80000 125000 57 76000 19253 12 16000 25000 12 16000 25000 242
1790009563580699 5 0 0 5 5 5 0 0 0 0 0 0 621 19 19 0 675 54 35 0 35 0 0 0 20767553 12398 0 2587 39437 106874 1667803 139679 9866088 170447932 170447932 0 727191240 0 33.373688 19 68 89412 20118 434 590 60 80000 125000 57 76000 19256 12 16000 25000 12 16000 25000 245
1790009563684532 5 0 0 5 5 5 0 0 0 0 0 0 620 19 19 0 675 55 36 0 36 0 0 0 20870588 12486 0 2601 39577 107035 1668010 139793 9938423 176999951 176999951 0 728714118 0 33.278431 19 67 89029 20086 823 614 60 80000 125000 57 76000 19264 12 16000 25000 12 16000 25000 253
1790009563804077 5 0 0 5 5 5 0 0 0 0 0 0 619 19 19 0 675 56 37 0 37 0 0 0 20989262 12586 0 2613 39726 107243 1668251 139869 10023493 183609442 183609442 0 730232701 0 33.159185 20 70 93334 21112 1193 671 60 80000 125000 57 76000 19273 12 16000 25000 12 16000 25000 261
1790009563944013 5 0 0 5 5 5 0 0 0 0 0 0 618 19 19 0 675 57 38 0 38 0 0 0 21128237 12669 0 2624 39897 107479 1668547 139932 10123527 190337691 190337691 0 731458798 0 32.996385 20 70 92973 21082 1168 720 60 80000 125000 57 76000 19280 12 16000 25000 12 16000 25000 269
1790009564042047 5 0 0 5 5 5 0 0 0 0 0 0 617 19 19 0 675 58 39 0 39 0 0 0 21225499 12748 0 2636 40039 107663 1668776 139992 10199163 196965073 196965073 0 733011369 0 32.914869 21 73 97264 22106 1512 798 60 80000 125000 57 76000 19289 12 16000 25000 12 16000 25000 278
1790009564083599 5 0 0 5 5 5 0 0 0 0 0 0 616 19 19 0 675 59 40 0 40 0 0 0 21266576 12824 0 2646 40152 107755 1668867 140050 10230429 203705107 203705107 0 734623387 0 32.923459 22 77 101539 23129 1213 839 60 80000 125000 57 76000 19297 12 16000 25000 12 16000 25000 286
1790009564158309 5 0 0 5 5 5 0 0 0 0 0 0 615 19 19 0 675 60 41 0 41 0 0 0 21340934 12902 0 2659 40264 107802 1668898 140112 10240522 210464447 210464447 0 736185289 0 32.878449 23 80 105800 24150 1407 895 60 80000 125000 57 76000 19305 12 16000 25000 12 16000 25000 294
1790009564845804 5 0 0 5 5 5 0 0 0 0 0 0 614 19 19 0 675 61 42 0 42 0 0 0 22024677 13052 0 2671 40777 108928 1670329 140177 10727633 211163608 211163608 0 737706305 0 31.923959 23 80 105464 24122 1558 961 60 80000 125000 57 76000 19305 12 16000 25000 12 16000 25000 295
1790009565127902 5 0 0 5 5 5 0 0 0 0 0 0 613 19 19 0 675 62 43 0 43 0 0 0 22304893 13165 0 2684 41027 109467 1670966 140307 10946174 213652886 213652886 0 739223655 0 31.587812 23 79 105143 24096 12 869 60 80000 125000 57 76000 19309 12 16000 25000 12 16000 25000 298
1790009565270937 5 0 0 5 5 5 0 0 0 0 0 0 612 19 19 0 675 63 44 0 44 0 0 0 22446909 13256 0 2696 41197 109714 1671288 140388 11056354 220254408 220254408 0 740792869 0 31.454583 23 79 104838 24070 767 860 60 80000 125000 57 76000 19316 12 16000 25000 12 16000 25000 306
1790009565285168 5 0 0 5 5 5 0 0 0 0 0 0 611 19 19 0 675 64 45 0 45 0 0 0 22460916 13326 0 2707 41252 109722 1671292 140458 11056870 225636704 225636704 0 742358266 0 31.501308 24 82 109091 25091 1541 928 60 80000 125000 57 76000 19323 12 16000 25000 12 16000 25000 313
1790009565338610 5 0 0 5 5 5 0 0 0 0 0 0 610 19 19 0 675 65 46 0 46 0 0 0 22513870 13416 0 2718 41365 109814 1671390 140512 11089304 232176291 232176291 0 743924046 0 31.493419 25 85 113334 26112 172 856 60 80000 125000 57 76000 19331 12 16000 25000 12 16000 25000 321
1790009565363559 5 0 0 5 5 5 0 0 0 0 0 0 609 19 19 0 675 66 47 0 47 0 0 0 22538456 13491 0 2729 41456 109864 1671445 140573 11107435 239000902 239000902 0 745437123 0 31.522965 25 85 113044 26087 454 817 60 80000 125000 57 76000 19340 12 16000 25000 12 16000 25000 329
1790009565372151 5 0 0 5 5 5 0 0 0 0 0 0 608 19 19 0 675 67 48 0 48 0 0 0 22546777 13567 0 2739 41535 109884 1671464 140626 11112977 245674387 245674387 0 747009152 0 31.577685 26 88 117277 27107 473 784 60 80000 125000 57 76000 19348 12 16000 25000 12 16000 25000 338
1790009565655795 5 0 0 5 5 5 0 0 0 0 0 0 607 19 19 0 675 68 49 0 49 0 0 0 22828654 13663 0 2751 41797 110389 1672111 140676 11331507 252343192 252343192 0 748272021 0 31.240605 27 92 121500 28125 1622 866 60 80000 125000 57 76000 19355 12 16000 25000 12 16000 25000 346
1790009565866474 5 0 0 5 5 5 0 0 0 0 0 0 606 19 19 0 675 69 50 0 50 0 0 0 23037921 13754 0 2762 42015 110771 1672580 140750 11493347 252909651 252909651 0 749829309 0 31.021301 27 91 121225 28103 516 833 60 80000 125000 57 76000 19356 12 16000 25000 12 16000 25000 346
1790009565949237 5 0 0 5 5 5 0 0 0 0 0 0 605 19 19 0 675 70 51 0 51 0 0 0 23119981 13844 0 2773 42140 110922 1672773 140819 11556032 258258698 258258698 0 751379660 0 30.975054 62 198 263184 63266 39 757 60 80000 125000 57 76000 19364 12 16000 25000 12 16000 25000 354
1790009566182327 5 0 0 5 5 5 0 0 0 0 0 0 604 19 19 0 675 71 52 0 52 0 0 0 23351564 13945 0 2784 42378 111334 1673291 140885 11733617 259591013 259591013 0 752897752 0 30.729878 63 201 267429 64286 216 705 60 80000 125000 57 76000 19365 12 16000 25000 12 16000 25000 356
1790009566206870 5 0 0 5 5 5 0 0 0 0 0 0 603 19 19 0 675 72 53 0 53 0 0 0 23375732 14017 0 2794 42471 111376 1673350 140959 11751299 262099090 262099090 0 754420283 0 30.760110 63 201 267429 64286 336 670 60 80000 125000 57 76000 19367 12 16000 25000 12 16000 25000 358
1790009566239662 5 0 0 5 5 5 0 0 0 0 0 0 602 19 19 0 675 73 54 0 54 0 0 0 23408151 14091 0 2804 42576 111425 1673400 141017 11767442 267604712 267604712 0 755974434 0 30.780717 244 732 976000 244000 179 623 60 80000 125000 57 76000 19375 12 16000 25000 12 16000 25000 365
1790009566454573 5 0 0 5 5 5 0 0 0 0 0 0 601 19 19 0 675 74 55 0 55 0 0 0 23621688 14195 0 2820 42816 111791 1673857 141071 11922293 268773097 268773097 0 757528880 0 30.565215 244 732 976000 244000 220 584 60 80000 125000 57 76000 19376 12 16000 25000 12 16000 25000 366
1790009566549683 5 0 0 5 5 5 0 0 0 0 0 0 600 19 19 0 675 75 56 0 56 0 0 0 23715953 14279 0 2832 42977 111953 1674057 141216 11993691 275390492 275390492 0 759096291 0 30.506682 251 753 1004000 251000 78 513 60 80000 125000 57 76000 19383 12 16000 25000 12 16000 25000 374
1790009566770438 5 0 0 5 5 5 0 0 0 0 0 0 599 19 19 0 675 76 57 0 57 0 0 0 23935308 14377 0 2843 43181 112333 1674548 141274 12161155 280718719 280718719 0 760655038 0 30.289216 245 735 980000 245000 181 482 60 80000 125000 57 76000 19392 12 16000 25000 12 16000 25000 382
1790009568024272 5 0 0 5 5 5 0 0 0 0 0 0 598 19 19 0 675 77 58 0 58 0 0 0 25182146 14595 0 2857 44060 114507 1677342 141331 13118050 287151345 287151345 0 762193691 0 28.848356 256 768 1024000 256000 1439 576 60 80000 125000 57 76000 19400 12 16000 25000 12 16000 25000 390
1790009568097934 5 0 0 5 5 5 0 0 0 0 0 0 597 19 19 0 675 78 59 0 59 0 0 0 25255516 14673 0 2869 44124 114515 1677348 141450 13118582 288992291 288992291 0 763753082 0 28.823358 266 798 1064000 266000 286 549 60 80000 125000 57 76000 19402 12 16000 25000 12 16000 25000 392
1790009568905076 5 0 0 5 5 5 0 0 0 0 0 0 596 19 19 0 675 79 60 0 60 0 0 0 26058007 14842 0 2883 44765 115943 1679111 141549 13724043 291342206 291342206 0 765299457 0 27.992585 244 732 976000 244000 25 499 60 80000 125000 57 76000 19404 12 16000 25000 12 16000 25000 395
1790009569030156 5 0 0 5 5 5 0 0 0 0 0 0 595 19 19 0 675 80 61 0 61 0 0 0 26182110 14937 0 2894 44920 116167 1679398 141686 13817759 296778838 296778838 0 766810183 0 27.914871 247 741 988000 247000 443 495 60 80000 125000 57 76000 19412 12 16000 25000 12 16000 25000 403
1790009569092664 5 0 0 5 5 5 0 0 0 0 0 0 594 19 19 0 675 81 62 0 62 0 0 0 26244021 15015 0 2906 45020 116300 1679539 141766 13864008 302052534 302052534 0 768349057 0 27.904861 253 759 1012000 253000 432 489 60 80000 125000 57 76000 19420 12 16000 25000 12 16000 25000 410
1790009569605512 5 0 0 5 5 5 0 0 0 0 0 0 593 19 19 0 675 82 63 0 63 0 0 0 26753904 15153 0 2920 45453 117165 1680663 141828 14251877 308714725 308714725 0 769900588 0 27.428475 256 768 1024000 256000 359 477 60 80000 125000 57 76000 19428 12 16000 25000 12 16000 25000 418
1790009569948720 5 0 0 5 5 5 0 0 0 0 0 0 592 19 19 0 675 83 64 0 64 0 0 0 27095467 15244 0 2932 45667 117638 1681222 141930 14442190 309566137 309566137 0 771415686 0 27.136113 247 741 988000 247000 156 446 60 80000 125000 57 76000 19428 12 16000 25000 12 16000 25000 418
1790009570524653 5 0 0 5 5 5 0 0 0 0 0 0 591 19 19 0 675 84 65 0 65 0 0 0 27668087 15389 0 2949 46126 118612 1682466 142009 14876306 314959945 314959945 0 772922154 0 26.626570 242 726 968000 242000 191 422 60 80000 125000 57 76000 19436 12 16000 25000 12 16000 25000 426
1790009570580223 5 0 0 5 5 5 0 0 0 0 0 0 590 19 19 0 675 85 66 0 66 0 0 0 27723046 15472 0 2963 46232 118712 1682594 142142 14916949 321492635 321492635 0 774438990 0 26.625884 246 738 984000 246000 1959 572 60 80000 125000 57 76000 19444 12 16000 25000 12 16000 25000 434
1790009570610835 5 0 0 5 5 5 0 0 0 0 0 0 589 19 19 0 675 86 67 0 67 0 0 0 27753235 15548 0 2975 46355 118767 1682655 142207 14938810 328154789 328154789 0 776001762 0 26.650536 253 759 1012000 253000 1228 637 60 80000 125000 57 76000 19453 12 16000 25000 12 16000 25000 442
1790009570721422 5 0 0 5 5 5 0 0 0 0 0 0 588 19 19 0 675 87 68 0 68 0 0 0 27863003 15636 0 2987 46514 118955 1682880 142265 15020412 333498805 333498805 0 777553903 0 26.598615 258 774 1032000 258000 1478 720 60 80000 125000 57 76000 19460 12 16000 25000 12 16000 25000 449
1790009570995099 5 0 0 5 5 5 0 0 0 0 0 0 587 19 19 0 675 88 69 0 69 0 0 0 28135011 15736 0 2998 46772 119419 1683472 142322 15225191 340269673 340269673 0 779095199 0 26.393725 257 771 1028000 257000 1049 753 60 80000 125000 57 76000 19468 12 16000 25000 12 16000 25000 458
1790009571330638 5 0 0 5 5 5 0 0 0 0 0 0 586 19 19 0 675 89 70 0 70 0 0 0 28468500 15857 0 3011 47062 120006 1684188 142397 15476098 345647497 345647497 0 780617579 0 26.135571 241 723 964000 241000 103 691 60 80000 125000 57 76000 19475 12 16000 25000 12 16000 25000 466
1790009571537268 5 0 0 5 5 5 0 0 0 0 0 0 585 19 19 0 675 90 71 0 71 0 0 0 28673769 15961 0 3027 47271 120372 1684647 142480 15629040 346657055 346657055 0 782128933 0 25.998721 254 762 1016000 254000 1581 779 60 80000 125000 57 76000 19477 12 16000 25000 12 16000 25000 467
1790009572036886 5 0 0 5 5 5 0 0 0 0 0 0 584 19 19 0 675 91 72 0 72 0 0 0 29170424 16104 0 3039 47699 121224 1685708 142619 16002648 353325293 353325293 0 783687422 0 25.607108 265 795 1060000 265000 359 720 60 80000 125000 57 76000 19485 12 16000 25000 12 16000 25000 475
1790009572151591 5 0 0 5 5 5 0 0 0 0 0 0 583 19 19 0 675 92 73 0 73 0 0 0 29284222 16190 0 3051 47846 121414 1685958 142760 16087068 358703560 358703560 0 784960676 0 25.549021 272 816 1088000 272000 1353 783 60 80000 125000 57 76000 19493 12 16000 25000 12 16000 25000 483
1790009572212855 5 0 0 5 5 5 0 0 0 0 0 0 582 19 19 0 675 93 74 0 74 0 0 0 29344940 16265 0 3062 47959 121521 1686093 142825 16131397 365255977 365255977 0 786483094 0 25.545570 289 867 1156000 289000 1973 900 60 80000 125000 57 76000 19501 12 16000 25000 12 16000 25000 491
1790009572279287 5 0 0 5 5 5 0 0 0 0 0 0 581 19 19 0 675 94 75 0 75 0 0 0 29410802 16342 0 3073 48079 121623 1686230 142884 16179676 372192259 372192259 0 788003832 0 25.537613 304 912 1216000 304000 1466 956 60 80000 125000 57 76000 19509 12 16000 25000 12 16000 25000 499
1790009572408072 5 0 0 5 5 5 0 0 0 0 0 0 580 19 19 0 675 95 76 0 76 0 0 0 29538679 16424 0 3084 48232 121857 1686510 142945 16274390 378729872 378729872 0 789531422 0 25.476340 313 939 1252000 313000 1638 1024 60 80000 125000 57 76000 19518 12 16000 25000 12 16000 25000 507
1790009572886233 5 0 0 5 5 5 0 0 0 0 0 0 579 19 19 0 675 96 77 0 77 0 0 0 30014101 16571 0 3101 48633 122643 1687540 143008 16629363 385395010 385395010 0 791045669 0 25.120981 317 951 1268000 317000 1713 1092 60 80000 125000 57 76000 19525 12 16000 25000 12 16000 25000 515
1790009572935994 5 0 0 5 5 5 0 0 0 0 0 0 578 19 19 0 675 97 78 0 78 0 0 0 30063295 16650 0 3112 48747 122742 1687644 143130 16665103 392076143 392076143 0 792603750 0 25.129229 323 969 1292000 323000 475 1033 60 80000 125000 57 76000 19534 12 16000 25000 12 16000 25000 524
1790009573077209 5 0 0 5 5 5 0 0 0 0 0 0 577 19 19 0 675 98 79 0 79 0 0 0 30203532 16742 0 3124 48928 122975 1687940 143193 16769143 398693628 398693628 0 794122455 0 25.060467 327 981 1308000 327000 445 977 60 80000 125000 57 76000 19542 12 16000 25000 12 16000 25000 532
1790009573321004 5 0 0 5 5 5 0 0 0 0 0 0 576 19 19 0 675 99 80 0 80 0 0 0 30445849 16844 0 3138 49201 123343 1688425 143262 16942053 402981479 402981479 0 795356236 0 24.899664 341 1023 1364000 341000 1351 1014 60 80000 125000 57 76000 19548 12 16000 25000 12 16000 25000 538
1790009574631910 5 0 0 5 5 5 0 0 0 0 0 0 575 19 19 0 675 100 81 0 81 0 0 0 31749720 17090 0 3152 50108 125474 1691219 143346 17916003 409514598 409514598 0 796868306 0 23.922856 380 1140 1520000 380000 1524 1065 60 80000 125000 57 76000 19557 12 16000 25000 12 16000 25000 546
1790009574683094 5 0 0 5 5 5 0 0 0 0 0 0 574 19 19 0 675 101 82 0 82 0 0 0 31800306 17179 0 3166 50235 125578 1691321 143472 17951995 416084695 416084695 0 798383537 0 23.930172 345 1035 1380000 345000 88 971 60 80000 125000 57 76000 19566 12 16000 25000 12 16000 25000 554
1790009574753495 5 0 0 5 5 5 0 0 0 0 0 0 573 19 19 0 675 102 83 0 83 0 0 0 31870066 17258 0 3177 50353 125716 1691484 143571 18002967 418620686 418620686 0 799937539 0 23.924237 341 1023 1364000 341000 443 920 60 80000 125000 57 76000 19568 12 16000 25000 12 16000 25000 557
1790009574845593 5 0 0 5 5 5 0 0 0 0 0 0 572 19 19 0 675 103 84 0 84 0 0 0 31961431 17341 0 3189 50490 125876 1691681 143656 18069886 421181744 421181744 0 801495627 0 23.902287 341 1023 1364000 341000 565 887 60 80000 125000 57 76000 19571 12 16000 25000 12 16000 25000 560
1790009575415214 5 0 0 5 5 5 0 0 0 0 0 0 571 19 19 0 675 104 85 0 85 0 0 0 32527975 17484 0 3203 50902 126784 1692854 143723 18475727 423273056 423273056 0 803054755 0 23.531783 340 1020 1360000 340000 504 850 60 80000 125000 57 76000 19574 12 16000 25000 12 16000 25000 563
1790009575524597 5 0 0 5 5 5 0 0 0 0 0 0 570 19 19 0 675 105 86 0 86 0 0 0 32636718 17563 0 3214 51020 126910 1693012 143821 18526041 428843642 428843642 0 804573009 0 23.497704 335 1005 1340000 335000 772 844 60 80000 125000 57 76000 19580 12 16000 25000 12 16000 25000 570
1790009575644218 5 0 0 5 5 5 0 0 0 0 0 0 569 19 19 0 675 106 87 0 87 0 0 0 32755470 17652 0 3228 51170 127113 1693269 143901 18613136 435578357 435578357 0 806142371 0 23.458164 334 1002 1336000 334000 1093 869 60 80000 125000 57 76000 19589 12 16000 25000 12 16000 25000 578
1790009576324039 5 0 0 5 5 5 0 0 0 0 0 0 568 19 19 0 675 107 88 0 88 0 0 0 33431563 17800 0 3241 51648 128258 1694665 143974 19112932 442202986 442202986 0 807641630 0 23.026659 334 1002 1336000 334000 1609 942 60 80000 125000 57 76000 19597 12 16000 25000 12 16000 25000 586
1790009576500859 5 0 0 5 5 5 0 0 0 0 0 0 567 19 19 0 675 108 89 0 89 0 0 0 33607210 17898 0 3254 51850 128545 1695014 144082 19234819 443054630 443054630 0 809150854 0 22.949113 299 897 1196000 299000 71 858 60 80000 125000 57 76000 19597 12 16000 25000 12 16000 25000 587
1790009576660426 5 0 0 5 5 5 0 0 0 0 0 0 566 19 19 0 675 109 90 0 90 0 0 0 33765881 17994 0 3267 52003 128744 1695259 144190 19322389 448379798 448379798 0 810704063 0 22.885108 291 873 1164000 291000 177 792 60 80000 125000 57 76000 19606 12 16000 25000 12 16000 25000 595
1790009576764528 5 0 0 5 5 5 0 0 0 0 0 0 565 19 19 0 675 110 91 0 91 0 0 0 33869707 18070 0 3278 52070 128752 1695266 144292 19322931 449564552 449564552 0 812222358 0 22.857669 290 870 1160000 290000 1203 852 60 80000 125000 57 76000 19607 12 16000 25000 12 16000 25000 596
1790009577010828 5 0 0 5 5 5 0 0 0 0 0 0 564 19 19 0 675 111 92 0 92 0 0 0 34114465 18173 0 3292 52294 129176 1695792 144402 19501594 455034655 455034655 0 813740574 0 22.736112 293 879 1172000 293000 22 772 60 80000 125000 57 76000 19615 12 16000 25000 12 16000 25000 604
1790009577127556 5 0 0 5 5 5 0 0 0 0 0 0 563 19 19 0 675 112 93 0 93 0 0 0 34230341 18252 0 3304 52441 129367 1696029 144495 19585596 461575888 461575888 0 815242051 0 22.700944 297 891 1188000 297000 1706 864 60 80000 125000 57 76000 19623 12 16000 25000 12 16000 25000 612
1790009577182247 5 0 0 5 5 5 0 0 0 0 0 0 562 19 19 0 675 113 94 0 94 0 0 0 34284551 18339 0 3317 52536 129451 1696132 144564 19617199 468142062 468142062 0 816795360 0 22.708196 296 888 1184000 296000 1103 888 60 80000 125000 57 76000 19631 12 16000 25000 12 16000 25000 620
1790009577213896 5 0 0 5 5 5 0 0 0 0 0 0 561 19 19 0 675 114 95 0 95 0 0 0 34315841 18417 0 3330 52631 129495 1696184 144627 19632271 474629052 474629052 0 818290726 0 22.728985 307 921 1228000 307000 1295 929 60 80000 125000 57 76000 19639 12 16000 25000 12 16000 25000 628
1790009577376921 5 0 0 5 5 5 0 0 0 0 0 0 560 19 19 0 675 115 96 0 96 0 0 0 34477735 18509 0 3342 52809 129803 1696512 144728 19749883 479964593 479964593 0 819849763 0 22.665356 311 933 1244000 311000 1219 958 60 80000 125000 57 76000 19646 12 16000 25000 12 16000 25000 635
1790009577477919 5 0 0 5 5 5 0 0 0 0 0 0 559 19 19 0 675 116 97 0 97 0 0 0 34577937 18596 0 3354 52981 129966 1696722 144815 19821265 485287553 485287553 0 821421479 0 22.642979 313 939 1252000 313000 1257 988 60 80000 125000 57 76000 19653 12 16000 25000 12 16000 25000 643
1790009577635840 5 0 0 5 5 5 0 0 0 0 0 0 558 19 19 0 675 117 98 0 98 0 0 0 34734815 18687 0 3365 53156 130216 1697057 144898 19935073 491923614 491923614 0 822979238 0 22.583455 312 936 1248000 312000 1663 1055 60 80000 125000 57 76000 19662 12 16000 25000 12 16000 25000 652
1790009577697123 5 0 0 5 5 5 0 0 0 0 0 0 557 19 19 0 675 118 99 0 99 0 0 0 34795519 18768 0 3375 53263 130333 1697189 144980 19978086 493282767 493282767 0 824542349 0 22.586844 315 945 1260000 315000 1477 1097 60 80000 125000 57 76000 19663 12 16000 25000 12 16000 25000 653
1790009578412364 5 0 0 5 5 5 0 0 0 0 0 0 556 19 19 0 675 119 100 0 100 0 0 0 35506904 18912 0 3390 53790 131507 1698658 145057 20494394 498604428 498604428 0 826112555 0 22.176614 316 948 1264000 316000 100 1001 60 80000 125000 57 76000 19670 12 16000 25000 12 16000 25000 660
1790009578989942 5 0 0 5 5 5 0 0 0 0 0 0 555 19 19 0 675 120 101 0 101 0 0 0 36081477 19043 0 3404 54172 132394 1699797 145165 20888777 505181572 505181572 0 827681863 0 21.865030 321 963 1284000 321000 400 943 60 80000 125000 57 76000 19678 12 16000 25000 12 16000 25000 668
1790009579462297 5 0 0 5 5 5 0 0 0 0 0 0 554 19 19 0 675 121 102 0 102 0 0 0 36551106 19179 0 3417 54576 133186 1700771 145272 21228016 511752377 511752377 0 829242961 0 21.624872 328 984 1312000 328000 1443 992 60 80000 125000 57 76000 19687 12 16000 25000 12 16000 25000 676
1790009579616074 5 0 0 5 5 5 0 0 0 0 0 0 553 19 19 0 675 122 103 0 103 0 0 0 36703927 19273 0 3427 54722 133408 1701042 145400 21321763 514171976 514171976 0 830770400 0 21.574492 338 1014 1352000 338000 1309 1024 60 80000 125000 57 76000 19689 12 16000 25000 12 16000 25000 679
1790009579682671 5 0 0 5 5 5 0 0 0 0 0 0 552 19 19 0 675 123 104 0 104 0 0 0 36769975 19355 0 3438 54841 133507 1701162 145481 21361864 520914455 520914455 0 832341557 0 21.576440 338 1014 1352000 338000 173 942 60 80000 125000 57 76000 19698 12 16000 25000 12 16000 25000 688
1790009580082647 5 0 0 5 5 5 0 0 0 0 0 0 551 19 19 0 675 124 105 0 105 0 0 0 37167703 19466 0 3452 55163 134159 1701984 145546 21648268 526308525 526308525 0 833614804 0 21.378262 351 1053 1404000 351000 1672 1014 60 80000 125000 57 76000 19704 12 16000 25000 12 16000 25000 694
1790009580329229 5 0 0 5 5 5 0 0 0 0 0 0 550 19 19 0 675 125 106 0 106 0 0 0 37412824 19561 0 3464 55386 134571 1702485 145631 21816304 528996899 528996899 0 834895856 0 21.270852 366 1098 1464000 366000 1024 1016 60 80000 125000 57 76000 19707 12 16000 25000 12 16000 25000 697
1790009581015464 5 0 0 5 5 5 0 0 0 0 0 0 549 19 19 0 675 126 107 0 107 0 0 0 38095411 19745 0 3480 55892 135673 1703863 145715 22292513 534554582 534554582 0 836406533 0 20.927618 361 1083 1444000 361000 558 973 60 80000 125000 57 76000 19715 12 16000 25000 12 16000 25000 705
1790009581158960 5 0 0 5 5 5 0 0 0 0 0 0 548 19 19 0 675 127 108 0 108 0 0 0 38238600 19820 0 3493 55957 135682 1703868 145851 22293045 537192175 537192175 0 837927747 0 20.887171 350 1050 1400000 350000 132 892 60 80000 125000 57 76000 19717 12 16000 25000 12 16000 25000 708
1790009581212244 5 0 0 5 5 5 0 0 0 0 0 0 547 19 19 0 675 128 109 0 109 0 0 0 38291670 19890 0 3503 56015 135690 1703873 145908 22293586 543764632 543764632 0 839512311 0 20.897644 335 1005 1340000 335000 25 808 60 80000 125000 57 76000 19726 12 16000 25000 12 16000 25000 716
1790009581398850 5 0 0 5 5 5 0 0 0 0 0 0 546 19 19 0 675 129 110 0 110 0 0 0 38477700 19973 0 3516 56118 135834 1704015 145955 22338554 548398790 548398790 0 841098720 0 20.835915 339 1017 1356000 339000 860 814 60 80000 125000 57 76000 19734 12 16000 25000 12 16000 25000 723
1790009581429961 5 0 0 5 5 5 0 0 0 0 0 0 545 19 19 0 675 130 111 0 111 0 0 0 38508460 20045 0 3527 56208 135876 1704057 146034 22351050 554961225 554961225 0 842657888 0 20.857835 301 903 1204000 301000 45 740 60 80000 125000 57 76000 19742 12 16000 25000 12 16000 25000 731
1790009581501982 5 0 0 5 5 5 0 0 0 0 0 0 544 19 19 0 675 131 112 0 112 0 0 0 38579966 20127 0 3539 56298 135980 1704179 146094 22391779 561705068 561705068 0 844213328 0 20.857581 300 900 1200000 300000 302 699 60 80000 125000 57 76000 19750 12 16000 25000 12 16000 25000 740
1790009581783974 5 0 0 5 5 5 0 0 0 0 0 0 543 19 19 0 675 132 113 0 113 0 0 0 38860303 20239 0 3552 56538 136467 1704764 146159 22591007 566475465 566475465 0 845774342 0 20.745422 315 945 1260000 315000 1515 779 60 80000 125000 57 76000 19757 12 16000 25000 12 16000 25000 747
1790009582374571 5 0 0 5 5 5 0 0 0 0 0 0 542 19 19 0 675 133 114 0 114 0 0 0 39447730 20390 0 3565 56932 137425 1705933 146301 22999826 571630113 571630113 0 847296739 0 20.473363 320 960 1280000 320000 1871 936 60 80000 125000 57 76000 19763 12 16000 25000 12 16000 25000 753
1790009582801353 5 0 0 5 5 5 0 0 0 0 0 0 541 19 19 0 675 134 115 0 115 0 0 0 39872196 20509 0 3581 57249 138079 1706775 146422 23287323 577048743 577048743 0 848825760 0 20.292014 319 957 1276000 319000 888 932 60 80000 125000 57 76000 19769 12 16000 25000 12 16000 25000 760
1790009582894297 5 0 0 5 5 5 0 0 0 0 0 0 540 19 19 0 675 135 116 0 116 0 0 0 39964411 20591 0 3592 57373 138225 1706962 146531 23351596 582461987 582461987 0 850345661 0 20.281425 317 951 1268000 317000 967 936 60 80000 125000 57 76000 19777 12 16000 25000 12 16000 25000 768
1790009583202013 5 0 0 5 5 5 0 0 0 0 0 0 539 19 19 0 675 136 117 0 117 0 0 0 40270318 20717 0 3611 57664 138712 1707575 146611 23567979 589120893 589120893 0 851887632 0 20.163874 316 948 1264000 316000 1836 1024 60 80000 125000 57 76000 19786 12 16000 25000 12 16000 25000 776
1790009583413582 5 0 0 5 5 5 0 0 0 0 0 0 538 19 19 0 675 137 118 0 118 0 0 0 40480740 20807 0 3624 57842 138997 1707924 146726 23687870 595765154 595765154 0 853440577 0 20.095636 304 912 1216000 304000 159 940 60 80000 125000 57 76000 19794 12 16000 25000 12 16000 25000 784
1790009583467824 5 0 0 5 5 5 0 0 0 0 0 0 537 19 19 0 675 138 119 0 119 0 0 0 40534708 20880 0 3634 57918 139007 1707930 146816 23688932 596335033 596335033 0 854948039 0 20.104307 328 984 1312000 328000 1455 991 60 80000 125000 57 76000 19793 12 16000 25000 12 16000 25000 785
1790009583639589 5 0 0 5 5 5 0 0 0 0 0 0 536 19 19 0 675 139 120 0 120 0 0 0 40705425 20969 0 3646 58094 139276 1708249 146885 23801920 602832515 602832515 0 856505637 0 20.056463 322 966 1288000 322000 165 911 60 80000 125000 57 76000 19802 12 16000 25000 12 16000 25000 793
1790009584352066 5 0 0 5 5 5 0 0 0 0 0 0 535 19 19 0 675 140 121 0 121 0 0 0 41414840 21108 0 3658 58506 140191 1709368 146972 24197553 609482413 609482413 0 858057485 0 19.748731 324 972 1296000 324000 452 868 60 80000 125000 57 76000 19810 12 16000 25000 12 16000 25000 801
1790009584689884 5 0 0 5 5 5 0 0 0 0 0 0 534 19 19 0 675 141 122 0 122 0 0 0 41750661 21242 0 3671 58830 140731 1710035 147082 24433451 611773327 611773327 0 859283345 0 19.617887 324 972 1296000 324000 1373 918 60 80000 125000 57 76000 19813 12 16000 25000 12 16000 25000 803
1790009585127706 5 0 0 5 5 5 0 0 0 0 0 0 533 19 19 0 675 142 123 0 123 0 0 0 42186090 21371 0 3686 59143 141419 1710903 147194 24739310 617213948 617213948 0 860843733 0 19.450698 312 936 1248000 312000 95 838 60 80000 125000 57 76000 19821 12 16000 25000 12 16000 25000 810
1790009585525731 5 0 0 5 5 5 0 0 0 0 0 0 532 19 19 0 675 143 124 0 124 0 0 0 42581854 21501 0 3703 59471 142074 1711677 147294 25017042 622641747 622641747 0 862406755 0 19.304939 310 930 1240000 310000 1282 883 60 80000 125000 57 76000 19827 12 16000 25000 12 16000 25000 817
1790009585595146 5 0 0 5 5 5 0 0 0 0 0 0 531 19 19 0 675 144 125 0 125 0 0 0 42650687 21582 0 3714 59574 142179 1711807 147411 25057436 629242296 629242296 0 863925131 0 19.307696 304 912 1216000 304000 360 833 60 80000 125000 57 76000 19835 12 16000 25000 12 16000 25000 825
1790009585637582 5 0 0 5 5 5 0 0 0 0 0 0 530 19 19 0 675 145 126 0 126 0 0 0 42692660 21660 0 3727 59682 142247 1711891 147486 25086235 635389799 635389799 0 865451894 0 19.322776 304 912 1216000 304000 1489 898 60 80000 125000 57 76000 19842 12 16000 25000 12 16000 25000 833
1790009586080239 5 0 0 5 5 5 0 0 0 0 0 0 529 19 19 0 675 146 127 0 127 0 0 0 43132941 21780 0 3740 60036 142936 1712756 147551 25394810 636337201 636337201 0 867015831 0 19.160145 299 897 1196000 299000 224 833 60 80000 125000 57 76000 19844 12 16000 25000 12 16000 25000 834
1790009586195647 5 0 0 5 5 5 0 0 0 0 0 0 528 19 19 0 675 147 128 0 128 0 0 0 43247527 21862 0 3751 60170 143128 1712993 147644 25474092 642902612 642902612 0 868521211 0 19.142548 295 885 1180000 295000 193 771 60 80000 125000 57 76000 19851 12 16000 25000 12 16000 25000 842
1790009586585894 5 0 0 5 5 5 0 0 0 0 0 0 527 19 19 0 675 148 129 0 129 0 0 0 43636012 21973 0 3764 60438 143628 1713609 147718 25689855 648328636 648328636 0 870033381 0 19.005194 292 876 1168000 292000 470 742 60 80000 125000 57 76000 19860 12 16000 25000 12 16000 25000 850
1790009586748185 5 0 0 5 5 5 0 0 0 0 0 0 526 19 19 0 675 149 130 0 130 0 0 0 43797243 22064 0 3775 60614 143886 1713930 147821 25801797 653662650 653662650 0 871596967 0 18.969256 251 753 1004000 251000 38 674 60 80000 125000 57 76000 19868 12 16000 25000 12 16000 25000 858
1790009586962323 5 0 0 5 5 5 0 0 0 0 0 0 525 19 19 0 675 150 131 0 131 0 0 0 44010082 22158 0 3787 60803 144243 1714366 147909 25948838 660272220 660272220 0 873110107 0 18.910296 266 798 1064000 266000 353 643 60 80000 125000 57 76000 19876 12 16000 25000 12 16000 25000 866
1790009587164574 5 0 0 5 5 5 0 0 0 0 0 0 524 19 19 0 675 151 132 0 132 0 0 0 44211075 22251 0 3799 60979 144574 1714761 148028 26088302 665637617 665637617 0 874733143 0 18.859322 264 792 1056000 264000 284 593 60 80000 125000 57 76000 19884 12 16000 25000 12 16000 25000 874
1790009587253346 5 0 0 5 5 5 0 0 0 0 0 0 523 19 19 0 675 152 133 0 133 0 0 0 44299110 22350 0 3812 61120 144726 1714952 148112 26148266 667352336 667352336 0 876284692 0 18.855205 264 792 1056000 264000 359 571 60 80000 125000 57 76000 19886 12 16000 25000 12 16000 25000 876
1790009587754205 5 0 0 5 5 5 0 0 0 0 0 0 522 19 19 0 675 153 134 0 134 0 0 0 44797294 22484 0 3825 61469 145501 1715937 148226 26493948 673892579 673892579 0 877850128 0 18.678877 261 783 1044000 261000 136 530 60 80000 125000 57 76000 19893 12 16000 25000 12 16000 25000 884
1790009587819016 5 0 0 5 5 5 0 0 0 0 0 0 521 19 19 0 675 154 135 0 135 0 0 0 44861505 22563 0 3837 61595 145612 1716066 148329 26537649 676111600 676111600 0 879414496 0 18.685361 252 756 1008000 252000 120 491 60 80000 125000 57 76000 19896 12 16000 25000 12 16000 25000 887
1790009587950276 5 0 0 5 5 5 0 0 0 0 0 0 520 19 19 0 675 155 136 0 136 0 0 0 44991857 22660 0 3850 61760 145839 1716327 148400 26627078 682723501 682723501 0 880680815 0 18.658040 248 744 992000 248000 476 491 60 80000 125000 57 76000 19904 12 16000 25000 12 16000 25000 895
1790009588224847 5 0 0 5 5 5 0 0 0 0 0 0 519 19 19 0 675 156 137 0 137 0 0 0 45265000 22769 0 3863 61981 146209 1716805 148463 26802015 689502463 689502463 0 882244345 0 18.578389 221 663 884000 221000 53 450 60 80000 125000 57 76000 19912 12 16000 25000 12 16000 25000 903
1790009588283517 5 0 0 5 5 5 0 0 0 0 0 0 518 19 19 0 675 157 138 0 138 0 0 0 45323248 22848 0 3874 62080 146275 1716878 148534 26826875 696279039 696279039 0 883805592 0 18.587327 238 714 952000 238000 431 450 60 80000 125000 57 76000 19920 12 16000 25000 12 16000 25000 911
1790009588864927 5 0 0 5 5 5 0 0 0 0 0 0 517 19 19 0 675 158 139 0 139 0 0 0 45901633 22976 0 3889 62472 147233 1718026 148597 27226953 701663020 701663020 0 885353481 0 18.385325 244 732 976000 244000 1415 545 60 80000 125000 57 76000 19929 12 16000 25000 12 16000 25000 919
1790009588960775 5 0 0 5 5 5 0 0 0 0 0 0 516 19 19 0 675 159 140 0 140 0 0 0 45996745 23066 0 3900 62617 147382 1718211 148691 27291325 702334466 702334466 0 886628399 0 18.373712 242 726 968000 242000 416 533 60 80000 125000 57 76000 19929 12 16000 25000 12 16000 25000 919
1790009589143646 5 0 0 5 5 5 0 0 0 0 0 0 515 19 19 0 675 160 141 0 141 0 0 0 46178502 23163 0 3915 62802 147677 1718557 148759 27415669 703505493 703505493 0 888145339 0 18.332703 253 759 1012000 253000 119 494 60 80000 125000 57 76000 19930 12 16000 25000 12 16000 25000 920
1790009589489221 5 0 0 5 5 5 0 0 0 0 0 0 514 19 19 0 675 161 142 0 142 0 0 0 46522163 23291 0 3928 63074 148221 1719223 148844 27649543 710188115 710188115 0 889413487 0 18.223279 244 732 976000 244000 53 452 60 80000 125000 57 76000 19938 12 16000 25000 12 16000 25000 928
1790009589576187 5 0 0 5 5 5 0 0 0 0 0 0 513 19 19 0 675 162 143 0 143 0 0 0 46608805 23375 0 3939 63159 148239 1719235 148948 27652181 712506044 712506044 0 890958123 0 18.220977 245 735 980000 245000 1330 538 60 80000 125000 57 76000 19941 12 16000 25000 12 16000 25000 931
1790009589759703 5 0 0 5 5 5 0 0 0 0 0 0 512 19 19 0 675 163 144 0 144 0 0 0 46791190 23467 0 3953 63358 148515 1719587 149015 27776490 719020257 719020257 0 892540520 0 18.182190 240 720 960000 240000 496 534 60 80000 125000 57 76000 19949 12 16000 25000 12 16000 25000 939
1790009589807358 5 0 0 5 5 5 0 0 0 0 0 0 511 19 19 0 675 164 145 0 145 0 0 0 46838355 23561 0 3964 63459 148597 1719684 149084 27807929 724470963 724470963 0 894119959 0 18.195996 232 696 928000 232000 151 497 60 80000 125000 57 76000 19955 12 16000 25000 12 16000 25000 946
1790009590179021 5 0 0 5 5 5 0 0 0 0 0 0 510 19 19 0 675 165 146 0 146 0 0 0 47208365 23677 0 3976 63699 149044 1720254 149151 28012632 731181051 731181051 0 895632941 0 18.083955 232 696 928000 232000 1251 571 60 80000 125000 57 76000 19964 12 16000 25000 12 16000 25000 954
1790009590375975 5 0 0 5 5 5 0 0 0 0 0 0 509 19 19 0 675 166 147 0 147 0 0 0 47404140 23789 0 3990 63879 149340 1720628 149232 28146074 737765135 737765135 0 897192962 0 18.040633 222 666 888000 222000 122 528 60 80000 125000 57 76000 19972 12 16000 25000 12 16000 25000 963
1790009591235126 5 0 0 5 5 5 0 0 0 0 0 0 508 19 19 0 675 167 148 0 148 0 0 0 48259299 23948 0 4004 64384 150610 1722163 149314 28682671 738552546 738552546 0 898743173 0 17.751670 196 588 784000 196000 44 481 60 80000 125000 57 76000 19972 12 16000 25000 12 16000 25000 963
1790009591485639 5 0 0 5 5 5 0 0 0 0 0 0 507 19 19 0 675 168 149 0 149 0 0 0 48508274 24058 0 4020 64613 151033 1722666 149436 28850963 745342824 745342824 0 900296362 0 17.691083 187 561 748000 187000 12 436 60 80000 125000 57 76000 19981 12 16000 25000 12 16000 25000 971
1790009592205922 5 0 0 5 5 5 0 0 0 0 0 0 506 19 19 0 675 169 150 0 150 0 0 0 49225022 24207 0 4032 65053 152074 1724006 149566 29308251 750958684 750958684 0 901823764 0 17.463140 189 567 756000 189000 1293 520 60 80000 125000 57 76000 19989 12 16000 25000 12 16000 25000 980
1790009592378531 5 0 0 5 5 5 0 0 0 0 0 0 505 19 19 0 675 170 151 0 151 0 0 0 49396497 24293 0 4044 65227 152357 1724342 149704 29423559 757693661 757693661 0 903350976 0 17.431988 189 567 756000 189000 1422 650 60 80000 125000 57 76000 19998 12 16000 25000 12 16000 25000 988
1790009592396106 5 0 0 5 5 5 0 0 0 0 0 0 504 19 19 0 675 171 152 0 152 0 0 0 49413725 24370 0 4054 65325 152393 1724375 149778 29434381 763338638 763338638 0 904928703 0 17.456321 189 567 756000 189000 1161 701 60 80000 125000 57 76000 20006 12 16000 25000 12 16000 25000 996
1790009592529268 5 0 0 5 5 5 0 0 0 0 0 0 503 19 19 0 675 172 153 0 153 0 0 0 49546099 24462 0 4068 65454 152592 1724600 149843 29510296 768700116 768700116 0 906458997 0 17.439114 193 579 772000 193000 2059 834 60 80000 125000 57 76000 20014 12 16000 25000 12 16000 25000 1004
1790009592682751 5 0 0 5 5 5 0 0 0 0 0 0 502 19 19 0 675 173 154 0 154 0 0 0 49698632 24559 0 4082 65607 152836 1724876 149919 29604397 769852461 769852461 0 908009222 0 17.415316 192 576 768000 192000 1771 926 60 80000 125000 57 76000 20015 12 16000 25000 12 16000 25000 1005
1790009592739485 5 0 0 5 5 5 0 0 0 0 0 0 501 19 19 0 675 174 155 0 155 0 0 0 49754863 24639 0 4094 65704 152922 1724969 150023 29634297 770383086 770383086 0 909534886 0 17.424844 183 549 732000 183000 26 839 60 80000 125000 57 76000 20015 12 16000 25000 12 16000 25000 1006
1790009592774358 5 0 0 5 5 5 0 0 0 0 0 0 500 19 19 0 675 175 156 0 156 0 0 0 49789293 24719 0 4105 65822 152986 1725036 150100 29655673 777071107 777071107 0 911056748 0 17.441908 182 546 728000 182000 198 777 60 80000 125000 57 76000 20022 12 16000 25000 12 16000 25000 1014
1790009592874601 5 0 0 5 5 5 0 0 0 0 0 0 499 19 19 0 675 176 157 0 157 0 0 0 49888813 24805 0 4117 65962 153150 1725232 150165 29721539 783667309 783667309 0 912565013 0 17.435919 188 564 752000 188000 1134 812 60 80000 125000 57 76000 20031 12 16000 25000 12 16000 25000 1021
1790009593180071 5 0 0 5 5 5 0 0 0 0 0 0 498 19 19 0 675 177 158 0 158 0 0 0 50192576 24922 0 4131 66214 153628 1725833 150234 29923965 789023127 789023127 0 914117734 0 17.359897 195 585 780000 195000 80 742 60 80000 125000 57 76000 20038 12 16000 25000 12 16000 25000 1028
1790009593349863 5 0 0 5 5 5 0 0 0 0 0 0 497 19 19 0 675 178 159 0 159 0 0 0 50361376 25011 0 4142 66374 153864 1726119 150344 30022544 793504768 793504768 0 915640462 0 17.330530 194 582 776000 194000 1060 774 60 80000 125000 57 76000 20045 12 16000 25000 12 16000 25000 1035
1790009593654611 5 0 0 5 5 5 0 0 0 0 0 0 496 19 19 0 675 179 160 0 160 0 0 0 50664386 25143 0 4157 66648 154348 1726710 150422 30224205 800192014 800192014 0 917208025 0 17.256379 211 633 844000 211000 1448 840 60 80000 125000 57 76000 20053 12 16000 25000 12 16000 25000 1043
1790009594113149 5 0 0 5 5 5 0 0 0 0 0 0 495 19 19 0 675 180 161 0 161 0 0 0 51120859 25254 0 4169 66929 154924 1727436 150550 30466585 805155585 805155585 0 918797762 0 17.131973 214 642 856000 214000 1395 895 60 80000 125000 57 76000 20059 12 16000 25000 12 16000 25000 1050
1790009594122015 5 0 0 5 5 5 0 0 0 0 0 0 494 19 19 0 675 181 162 0 162 0 0 0 51129417 25328 0 4180 67013 154939 1727453 150648 30470667 806860452 806860452 0 920066418 0 17.152734 212 636 848000 212000 865 893 60 80000 125000 57 76000 20061 12 16000 25000 12 16000 25000 1052
1790009594517962 5 0 0 5 5 5 0 0 0 0 0 0 493 19 19 0 675 182 163 0 163 0 0 0 51523345 25445 0 4195 67318 155511 1728168 150708 30718956 813619244 813619244 0 921627765 0 17.050502 206 618 824000 206000 82 815 60 80000 125000 57 76000 20070 12 16000 25000 12 16000 25000 1060
1790009594851308 5 0 0 5 5 5 0 0 0 0 0 0 492 19 19 0 675 183 164 0 164 0 0 0 51854853 25554 0 4207 67597 156016 1728807 150801 30938057 820221786 820221786 0 923153699 0 16.969566 208 624 832000 208000 1422 875 60 80000 125000 57 76000 20078 12 16000 25000 12 16000 25000 1068
1790009594884341 5 0 0 5 5 5 0 0 0 0 0 0 491 19 19 0 675 184 165 0 165 0 0 0 51887458 25631 0 4218 67692 156077 1728867 150891 30958927 825532171 825532171 0 924673320 0 16.986799 206 618 824000 206000 279 818 60 80000 125000 57 76000 20085 12 16000 25000 12 16000 25000 1074
1790009595627723 5 0 0 5 5 5 0 0 0 0 0 0 490 19 19 0 675 185 166 0 166 0 0 0 52627092 25800 0 4235 68225 157190 1730284 150963 31449868 832193717 832193717 0 926235517 0 16.776420 193 579 772000 193000 63 746 60 80000 125000 57 76000 20093 12 16000 25000 12 16000 25000 1083
1790009595665662 5 0 0 5 5 5 0 0 0 0 0 0 489 19 19 0 675 186 167 0 167 0 0 0 52664548 25882 0 4246 68327 157256 1730357 151086 31473818 832969870 832969870 0 927751070 0 16.791899 198 594 792000 198000 1276 799 60 80000 125000 57 76000 20093 12 16000 25000 12 16000 25000 1083
1790009595780270 5 0 0 5 5 5 0 0 0 0 0 0 488 19 19 0 675 187 168 0 168 0 0 0 52778419 25963 0 4257 68461 157431 1730560 151155 31541414 834227344 834227344 0 929266578 0 16.783033 193 579 772000 193000 156 737 60 80000 125000 57 76000 20095 12 16000 25000 12 16000 25000 1084
1790009595988307 5 0 0 5 5 5 0 0 0 0 0 0 487 19 19 0 675 188 169 0 169 0 0 0 52985266 26067 0 4280 68667 157737 1730931 151223 31670317 838975907 838975907 0 930783894 0 16.744810 194 582 776000 194000 272 692 60 80000 125000 57 76000 20101 12 16000 25000 12 16000 25000 1090
1790009596262239 5 0 0 5 5 5 0 0 0 0 0 0 486 19 19 0 675 189 170 0 170 0 0 0 53258938 26142 0 4293 68734 157754 1730936 151302 31670861 845655354 845655354 0 932347708 0 16.686774 194 582 776000 194000 1082 731 60 80000 125000 57 76000 20109 12 16000 25000 12 16000 25000 1098
1790009596431765 5 0 0 5 5 5 0 0 0 0 0 0 485 19 19 0 675 190 171 0 171 0 0 0 53427430 26234 0 4304 68901 158023 1731264 151368 31780753 852322585 852322585 0 933902746 0 16.661890 194 582 776000 194000 1040 762 60 80000 125000 57 76000 20116 12 16000 25000 12 16000 25000 1106
1790009596641297 5 0 0 5 5 5 0 0 0 0 0 0 484 19 19 0 675 191 172 0 172 0 0 0 53635733 26331 0 4317 69094 158339 1731664 151439 31917171 859083027 859083027 0 935415282 0 16.624063 200 600 800000 200000 1432 828 60 80000 125000 57 76000 20125 12 16000 25000 12 16000 25000 1114
1790009596762898 5 0 0 5 5 5 0 0 0 0 0 0 483 19 19 0 675 192 173 0 173 0 0 0 53756472 26424 0 4328 69240 158542 1731906 151532 31995418 865662081 865662081 0 936989803 0 16.614634 191 573 764000 191000 93 758 60 80000 125000 57 76000 20133 12 16000 25000 12 16000 25000 1122
1790009597003877 5 0 0 5 5 5 0 0 0 0 0 0 482 19 19 0 675 193 174 0 174 0 0 0 53996047 26537 0 4340 69480 158914 1732343 151603 32151372 870122094 870122094 0 938509104 0 16.567738 193 579 772000 193000 1422 824 60 80000 125000 57 76000 20140 12 16000 25000 12 16000 25000 1129
1790009597011119 5 0 0 5 5 5 0 0 0 0 0 0 481 19 19 0 675 194 175 0 175 0 0 0 54002967 26616 0 4353 69556 158932 1732357 151719 32154942 871452124 871452124 0 940035035 0 16.592526 190 570 760000 190000 310 775 60 80000 125000 57 76000 20141 12 16000 25000 12 16000 25000 1131
1790009597073732 5 0 0 5 5 5 0 0 0 0 0 0 480 19 19 0 675 195 176 0 176 0 0 0 54065333 26691 0 4365 69619 158943 1732361 151788 32155469 872859468 872859468 0 941600855 0 16.600979 188 564 752000 188000 88 709 60 80000 125000 57 76000 20142 12 16000 25000 12 16000 25000 1132
1790009597297760 5 0 0 5 5 5 0 0 0 0 0 0 479 19 19 0 675 196 177 0 177 0 0 0 54288588 26773 0 4378 69759 159144 1732573 151843 32226653 873719219 873719219 0 943123693 0 16.559456 183 549 732000 183000 37 645 60 80000 125000 57 76000 20143 12 16000 25000 12 16000 25000 1133
1790009597484345 5 0 0 5 5 5 0 0 0 0 0 0 478 19 19 0 675 197 178 0 178 0 0 0 54474015 26879 0 4393 69940 159444 1732926 151944 32343049 874940551 874940551 0 944694329 0 16.530568 180 540 720000 180000 142 575 60 80000 125000 57 76000 20144 12 16000 25000 12 16000 25000 1134
1790009598153366 5 0 0 5 5 5 0 0 0 0 0 0 477 19 19 0 675 198 179 0 179 0 0 0 55139673 27035 0 4406 70453 160395 1734154 152037 32758986 880350299 880350299 0 946251060 0 16.357970 161 483 644000 161000 5 520 60 80000 125000 57 76000 20152 12 16000 25000 12 16000 25000 1142
1790009598408904 5 0 0 5 5 5 0 0 0 0 0 0 476 19 19 0 675 199 180 0 180 0 0 0 55393667 27146 0 4425 70686 160811 1734627 152164 32916370 881684609 881684609 0 947821594 0 16.309994 162 486 648000 162000 1371 604 60 80000 125000 57 76000 20154 12 16000 25000 12 16000 25000 1144
1790009598517097 5 0 0 5 5 5 0 0 0 0 0 0 475 19 19 0 675 200 181 0 181 0 0 0 55501048 27238 0 4438 70843 160987 1734830 152266 32982533 887321852 887321852 0 949331185 0 16.304353 154 462 616000 154000 22 548 60 80000 125000 57 76000 20161 12 16000 25000 12 16000 25000 1151
1790009598901972 5 0 0 5 5 5 0 0 0 0 0 0 474 19 19 0 675 201 182 0 182 0 0 0 55885658 27316 0 4450 70903 160995 1734835 152363 32983065 892726857 892726857 0 950580024 0 16.213478 155 465 620000 155000 1111 604 60 80000 125000 57 76000 20169 12 16000 25000 12 16000 25000 1158
1790009599019325 5 0 0 5 5 5 0 0 0 0 0 0 473 19 19 0 675 202 183 0 183 0 0 0 56002434 27408 0 4465 71016 161111 1734956 152434 33032556 899362639 899362639 0 952104906 0 16.205614 144 432 576000 144000 37 550 60 80000 125000 57 76000 20177 12 16000 25000 12 16000 25000 1166
1790009599250910 5 0 0 5 5 5 0 0 0 0 0 0 472 19 19 0 675 203 184 0 184 0 0 0 56232767 27511 0 4476 71234 161424 1735339 152519 33181262 901845786 901845786 0 953661271 0 16.165620 149 447 596000 149000 1375 632 60 80000 125000 57 76000 20179 12 16000 25000 12 16000 25000 1169
1790009599342285 5 0 0 5 5 5 0 0 0 0 0 0 471 19 19 0 675 204 185 0 185 0 0 0 56323585 27589 0 4488 71335 161544 1735471 152601 33227164 908409265 908409265 0 955220057 0 16.165925 149 447 596000 149000 531 623 60 80000 125000 57 76000 20187 12 16000 25000 12 16000 25000 1177
1790009599428458 5 0 0 5 5 5 0 0 0 0 0 0 470 19 19 0 675 205 186 0 186 0 0 0 56409120 27682 0 4500 71470 161663 1735617 152679 33281725 913718949 913718949 0 956769343 0 16.167577 162 486 648000 162000 1534 713 60 80000 125000 57 76000 20194 12 16000 25000 12 16000 25000 1184
1790009599462296 5 0 0 5 5 5 0 0 0 0 0 0 469 19 19 0 675 206 187 0 187 0 0 0 56442649 27760 0 4513 71543 161695 1735645 152753 33290169 920484733 920484733 0 958336637 0 16.184424 162 486 648000 162000 981 740 60 80000 125000 57 76000 20202 12 16000 25000 12 16000 25000 1192
1790009599658582 5 0 0 5 5 5 0 0 0 0 0 0 468 19 19 0 675 207 188 0 188 0 0 0 56637824 27858 0 4528 71752 161984 1735967 152821 33415000 925998368 925998368 0 959855544 0 16.154214 161 483 644000 161000 500 717 60 80000 125000 57 76000 20210 12 16000 25000 12 16000 25000 1201
1790009599824184 5 0 0 5 5 5 0 0 0 0 0 0 467 19 19 0 675 208 189 0 189 0 0 0 56802734 27941 0 4539 71858 162134 1736140 152935 33474593 932619491 932619491 0 961417516 0 16.133526 160 480 640000 160000 243 672 60 80000 125000 57 76000 20218 12 16000 25000 12 16000 25000 1209
1790009599975077 5 0 0 5 5 5 0 0 0 0 0 0 466 19 19 0 675 209 190 0 190 0 0 0 56952696 28027 0 4552 72009 162359 1736410 153044 33569688 935291683 935291683 0 962978421 0 16.117166 162 486 648000 162000 291 635 60 80000 125000 57 76000 20221 12 16000 25000 12 16000 25000 1212
1790009600406332 5 0 0 5 5 5 0 0 0 0 0 0 465 19 19 0 675 210 191 0 191 0 0 0 57301242 28166 0 4573 72313 243724 1737015 153116 33791164 941948479 941948479 0 964487255 0 16.044239 166 498 664000 166000 543 623 60 80000 125000 57 76000 20229 12 16000 25000 12 16000 25000 1220
1790009600538269 5 0 0 5 5 5 0 0 0 0 0 0 464 19 19 0 675 211 192 0 192 0 0 0 57432202 28267 0 4585 72478 243918 1737234 153325 33873161 942657791 942657791 0 966045172 0 16.033501 156 468 624000 156000 71 570 60 80000 125000 57 76000 20229 12 16000 25000 12 16000 25000 1220
1790009601487833 5 0 0 5 5 5 0 0 0 0 0 0 463 19 19 0 675 212 193 0 193 0 0 0 58377474 28441 0 4599 73019 245195 1738883 153421 34467232 949289493 949289493 0 967313857 0 15.794674 155 465 620000 155000 157 531 60 80000 125000 57 76000 20238 12 16000 25000 12 16000 25000 1228
1790009602382494 5 0 0 5 5 5 0 0 0 0 0 0 462 19 19 0 675 213 194 0 194 0 0 0 59267968 28610 0 4618 73581 246457 1740428 153550 35031480 954663766 954663766 0 968823789 0 15.581715 159 477 636000 159000 1439 621 60 80000 125000 57 76000 20246 12 16000 25000 12 16000 25000 1236
1790009602582854 5 0 0 5 5 5 0 0 0 0 0 0 461 19 19 0 675 214 195 0 195 0 0 0 59467120 28700 0 4631 73756 246753 1740777 153718 35155978 961450634 961450634 0 970343282 0 15.553890 159 477 636000 159000 1312 721 60 80000 125000 57 76000 20255 12 16000 25000 12 16000 25000 1245
1790009602875179 5 0 0 5 5 5 0 0 0 0 0 0 460 19 19 0 675 215 196 0 196 0 0 0 59757872 28826 0 4645 74002 247179 1741305 153817 35338985 968057776 968057776 0 971897007 0 15.503001 163 489 652000 163000 438 694 60 80000 125000 57 76000 20263 12 16000 25000 12 16000 25000 1253
1790009603283086 5 0 0 5 5 5 0 0 0 0 0 0 459 19 19 0 675 216 197 0 197 0 0 0 60164133 28950 0 4661 74251 247616 1741820 153933 35531609 974695244 974695244 0 973415379 0 15.422391 182 546 728000 182000 1178 742 60 80000 125000 57 76000 20271 12 16000 25000 12 16000 25000 1261
1790009603362232 5 0 0 5 5 5 0 0 0 0 0 0 458 19 19 0 675 217 198 0 198 0 0 0 60242622 29044 0 4673 74380 247729 1741956 154051 35580266 975469718 975469718 0 974660415 0 15.421983 197 591 788000 197000 1617 828 60 80000 125000 57 76000 20271 12 16000 25000 12 16000 25000 1261
1790009603490402 5 0 0 5 5 5 0 0 0 0 0 0 457 19 19 0 675 218 199 0 199 0 0 0 60369942 29135 0 4686 74530 247940 1742189 154131 35659579 980803419 980803419 0 975925130 0 15.409420 192 576 768000 192000 166 764 60 80000 125000 57 76000 20278 12 16000 25000 12 16000 25000 1269
1790009603871356 5 0 0 5 5 5 0 0 0 0 0 0 456 19 19 0 675 219 200 0 200 0 0 0 60749639 29256 0 4702 74727 248255 1742555 154242 35789235 987488367 987488367 0 977492134 0 15.337711 192 576 768000 192000 1731 859 60 80000 125000 57 76000 20287 12 16000 25000 12 16000 25000 1277
1790009604075340 5 0 0 5 5 5 0 0 0 0 0 0 455 19 19 0 675 220 201 0 201 0 0 0 60952377 29375 0 4734 74928 248567 1742927 154380 35914620 994072776 994072776 0 978986550 0 15.310061 176 528 704000 176000 60 782 60 80000 125000 57 76000 20296 12 16000 25000 12 16000 25000 1285
1790009604323666 5 0 0 5 5 5 0 0 0 0 0 0 454 19 19 0 675 221 202 0 202 0 0 0 61199296 29474 0 4747 75134 248937 1743376 154510 36068780 999452024 999452024 0 980483022 0 15.271603 177 531 708000 177000 1033 807 60 80000 125000 57 76000 20305 12 16000 25000 12 16000 25000 1294
1790009604326246 5 0 0 5 5 5 0 0 0 0 0 0 453 19 19 0 675 222 203 0 203 0 0 0 61201604 29549 0 4757 75194 248945 1743380 154619 36069415 1000799939 1000799939 0 981990061 0 15.294481 171 513 684000 171000 128 742 60 80000 125000 57 76000 20306 12 16000 25000 12 16000 25000 1295
1790009604338795 5 0 0 5 5 5 0 0 0 0 0 0 452 19 19 0 675 223 204 0 204 0 0 0 61213793 29625 0 4768 75322 248980 1743403 154683 36076277 1006235065 1006235065 0 983485547 0 15.314705 165 495 660000 165000 14 672 60 80000 125000 57 76000 20315 12 16000 25000 12 16000 25000 1302
1790009604994266 5 0 0 5 5 5 0 0 0 0 0 0 451 19 19 0 675 224 205 0 205 0 0 0 61866176 29786 0 4783 75730 249929 1744534 154744 36481580 1012815983 1012815983 0 984698537 0 15.171938 132 396 528000 132000 15 609 60 80000 125000 57 76000 20323 12 16000 25000 12 16000 25000 1310
1790009605092837 5 0 0 5 5 5 0 0 0 0 0 0 450 19 19 0 675 225 206 0 206 0 0 0 61963991 29881 0 4802 75859 250079 1744703 154870 36540916 1018176844 1018176844 0 986200468 0 15.171081 132 396 528000 132000 1560 703 60 80000 125000 57 76000 20330 12 16000 25000 12 16000 25000 1318
1790009605484157 5 0 0 5 5 5 0 0 0 0 0 0 449 19 19 0 675 226 207 0 207 0 0 0 62353330 30006 0 4815 76175 250626 1745368 154981 36781923 1019580040 1019580040 0 987695056 0 15.099215 132 396 528000 132000 74 643 60 80000 125000 57 76000 20331 12 16000 25000 12 16000 25000 1320
1790009605609238 5 0 0 5 5 5 0 0 0 0 0 0 448 19 19 0 675 227 208 0 208 0 0 0 62477559 30095 0 4827 76323 250817 1745594 155096 36857833 1026164857 1026164857 0 988912842 0 15.087765 130 390 520000 130000 273 608 60 80000 125000 57 76000 20338 12 16000 25000 12 16000 25000 1327
1790009605821694 5 0 0 5 5 5 0 0 0 0 0 0 447 19 19 0 675 228 209 0 209 0 0 0 62689014 30191 0 4841 76478 251060 1745898 155186 36961841 1032713681 1032713681 0 990416144 0 15.059732 131 393 524000 131000 1346 681 60 80000 125000 57 76000 20345 12 16000 25000 12 16000 25000 1335
1790009605847137 5 0 0 5 5 5 0 0 0 0 0 0 446 19 19 0 675 229 210 0 210 0 0 0 62714130 30267 0 4852 76559 251094 1745928 155270 36970283 1034233893 1034233893 0 991917540 0 15.076506 130 390 520000 130000 301 644 60 80000 125000 57 76000 20347 12 16000 25000 12 16000 25000 1337
1790009605857213 5 0 0 5 5 5 0 0 0 0 0 0 445 19 19 0 675 230 211 0 211 0 0 0 62723910 30347 0 4864 76641 251112 1745944 155349 36974551 1035091352 1035091352 0 993407226 0 15.096776 128 384 512000 128000 540 635 60 80000 125000 57 76000 20348 12 16000 25000 12 16000 25000 1338
1790009605950992 5 0 0 5 5 5 0 0 0 0 0 0 444 19 19 0 675 231 212 0 212 0 0 0 62816977 30434 0 4875 76789 251255 1746117 155440 37030598 1040491954 1040491954 0 994898104 0 15.097022 129 387 516000 129000 172 590 60 80000 125000 57 76000 20355 12 16000 25000 12 16000 25000 1345
1790009605964612 5 0 0 5 5 5 0 0 0 0 0 0 443 19 19 0 675 232 213 0 213 0 0 0 62830279 30513 0 4885 76878 251280 1746142 155516 37037986 1047109365 1047109365 0 996396927 0 15.116548 127 381 508000 127000 454 578 60 80000 125000 57 76000 20363 12 16000 25000 12 16000 25000 1353
1790009606064416 5 0 0 5 5 5 0 0 0 0 0 0 442 19 19 0 675 233 214 0 214 0 0 0 62929571 30610 0 4896 76988 251367 1746248 155580 37072599 1053706828 1053706828 0 997894548 0 15.115370 129 387 516000 129000 1401 660 60 80000 125000 57 76000 20371 12 16000 25000 12 16000 25000 1361
1790009606111730 5 0 0 5 5 5 0 0 0 0 0 0 441 19 19 0 675 234 215 0 215 0 0 0 62976423 30690 0 4909 77094 251452 1746335 155649 37100209 1060367592 1060367592 0 999122495 0 15.122697 136 408 544000 136000 1480 740 60 80000 125000 57 76000 20379 12 16000 25000 12 16000 25000 1369
1790009606553001 5 0 0 5 5 5 0 0 0 0 0 0 440 19 19 0 675 235 216 0 216 0 0 0 63415493 30816 0 4923 77390 252091 1747142 155712 37363321 1066940776 1066940776 0 1000620226 0 15.040525 134 402 536000 134000 299 698 60 80000 125000 57 76000 20387 12 16000 25000 12 16000 25000 1377
1790009606646171 5 0 0 5 5 5 0 0 0 0 0 0 439 19 19 0 675 236 217 0 217 0 0 0 63508397 30899 0 4934 77445 252099 1747147 155810 37363865 1067669007 1067669007 0 1002110990 0 15.040889 138 414 552000 138000 1449 772 60 80000 125000 57 76000 20387 12 16000 25000 12 16000 25000 1378
1790009606991509 5 0 0 5 5 5 0 0 0 0 0 0 438 19 19 0 675 237 218 0 218 0 0 0 63852587 30996 0 4948 77623 252401 1747499 155902 37478930 1074248033 1074248033 0 1003608310 0 14.982182 132 396 528000 132000 11 698 60 80000 125000 57 76000 20395 12 16000 25000 12 16000 25000 1386
1790009607189091 5 0 0 5 5 5 0 0 0 0 0 0 437 19 19 0 675 238 219 0 219 0 0 0 64049003 31092 0 4961 77806 252695 1747842 156016 37595452 1075427998 1075427998 0 1005111407 0 14.958607 133 399 532000 133000 1129 741 60 80000 125000 57 76000 20396 12 16000 25000 12 16000 25000 1387
1790009607431825 5 0 0 5 5 5 0 0 0 0 0 0 436 19 19 0 675 239 220 0 220 0 0 0 64290643 31195 0 4974 77973 252970 1748183 156113 37702891 1076212311 1076212311 0 1006330592 0 14.920464 127 381 508000 127000 27 673 60 80000 125000 57 76000 20396 12 16000 25000 12 16000 25000 1387
1790009607806892 5 0 0 5 5 5 0 0 0 0 0 0 435 19 19 0 675 240 221 0 221 0 0 0 64663707 31327 0 4987 78275 253523 1748859 156246 37923662 1077218965 1077218965 0 1007843812 0 14.856701 118 354 472000 118000 9 579 60 80000 125000 57 76000 20398 12 16000 25000 12 16000 25000 1388
1790009608120204 5 0 0 5 5 5 0 0 0 0 0 0 434 19 19 0 675 241 222 0 222 0 0 0 64976698 31409 0 4998 78336 253532 1748866 156391 37924239 1082793041 1082793041 0 1009349734 0 14.807244 111 333 444000 111000 7 524 60 80000 125000 57 76000 20406 12 16000 25000 12 16000 25000 1397
1790009608159083 5 0 0 5 5 5 0 0 0 0 0 0 433 19 19 0 675 242 223 0 223 0 0 0 65015104 31485 0 5009 78437 253593 1748931 156518 37946003 1085297918 1085297918 0 1010841754 0 14.820359 102 306 408000 102000 35 477 60 80000 125000 57 76000 20409 12 16000 25000 12 16000 25000 1399
1790009608285476 5 0 0 5 5 5 0 0 0 0 0 0 432 19 19 0 675 243 224 0 224 0 0 0 65141198 31580 0 5025 78510 253607 1748942 156605 37948044 1092089831 1092089831 0 1012343024 0 14.813632 100 300 400000 100000 57 437 60 80000 125000 57 76000 20417 12 16000 25000 12 16000 25000 1408
1790009608635820 5 0 0 5 5 5 0 0 0 0 0 0 431 19 19 0 675 244 225 0 225 0 0 0 65489694 31699 0 5040 78792 254116 1749596 156679 38152657 1097437130 1097437130 0 1013847029 0 14.756705 103 309 412000 103000 1240 517 60 80000 125000 57 76000 20425 12 16000 25000 12 16000 25000 1414
1790009608771705 5 0 0 5 5 5 0 0 0 0 0 0 430 19 19 0 675 245 226 0 226 0 0 0 65625119 31791 0 5052 78894 254176 1749663 156783 38171697 1102841035 1102841035 0 1015341954 0 14.747961 106 318 424000 106000 1028 568 60 80000 125000 57 76000 20432 12 16000 25000 12 16000 25000 1421
1790009609284196 5 0 0 5 5 5 0 0 0 0 0 0 429 19 19 0 675 246 227 0 227 0 0 0 66135044 31920 0 5066 79226 254928 1750596 156868 38469568 1108461324 1108461324 0 1016841430 0 14.655887 108 324 432000 108000 1007 611 60 80000 125000 57 76000 20439 12 16000 25000 12 16000 25000 1429
1790009609440269 5 0 0 5 5 5 0 0 0 0 0 0 428 19 19 0 675 247 228 0 228 0 0 0 66290188 32022 0 5089 79381 255124 1750834 157011 38568951 1112805578 1112805578 0 1018345045 0 14.643202 116 348 464000 116000 33 556 60 80000 125000 57 76000 20446 12 16000 25000 12 16000 25000 1436
1790009609583422 5 0 0 5 5 5 0 0 0 0 0 0 427 19 19 0 675 248 229 0 229 0 0 0 66433008 32110 0 5101 79460 255132 1750839 157145 38569640 1113514911 1113514911 0 1019848687 0 14.633292 115 345 460000 115000 1594 658 60 80000 125000 57 76000 20446 12 16000 25000 12 16000 25000 1436
1790009609692052 5 0 0 5 5 5 0 0 0 0 0 0 426 19 19 0 675 249 230 0 230 0 0 0 66540966 32203 0 5114 79598 255255 1750985 157250 38632231 1118861167 1118861167 0 1021357255 0 14.631152 106 318 424000 106000 3 595 60 80000 125000 57 76000 20453 12 16000 25000 12 16000 25000 1443
1790009609777569 5 0 0 5 5 5 0 0 0 0 0 0 425 19 19 0 675 250 231 0 231 0 0 0 66626191 32285 0 5126 79653 255263 1750989 157365 38632918 1124747901 1124747901 0 1022856153 0 14.633873 106 318 424000 106000 809 617 60 80000 125000 57 76000 20461 12 16000 25000 12 16000 25000 1450
1790009609910358 5 0 0 5 5 5 0 0 0 0 0 0 424 19 19 0 675 251 232 0 232 0 0 0 66758144 32384 0 5139 79839 255447 1751190 157458 38716809 1126367156 1126367156 0 1024360952 0 14.626426 113 339 452000 113000 310 588 60 80000 125000 57 76000 20462 12 16000 25000 12 16000 25000 1452
1790009610921430 5 0 0 5 5 5 0 0 0 0 0 0 423 19 19 0 675 252 233 0 233 0 0 0 67765009 32563 0 5159 80405 256760 1752769 157556 39361589 1132956071 1132956071 0 1025876420 0 14.430487 110 330 440000 110000 312 562 60 80000 125000 57 76000 20470 12 16000 25000 12 16000 25000 1460
1790009611087396 5 0 0 5 5 5 0 0 0 0 0 0 422 19 19 0 675 253 234 0 234 0 0 0 67929972 32660 0 5175 80565 257010 1753025 157696 39464000 1138552955 1138552955 0 1027375147 0 14.416471 112 336 448000 112000 1138 619 60 80000 125000 57 76000 20477 12 16000 25000 12 16000 25000 1467
1790009611390636 5 0 0 5 5 5 0 0 0 0 0 0 421 19 19 0 675 254 235 0 235 0 0 0 68231682 32789 0 5188 80775 257452 1753514 157806 39654416 1143874735 1143874735 0 1028884135 0 14.373808 111 333 444000 111000 952 652 60 80000 125000 57 76000 20483 12 16000 25000 12 16000 25000 1474
1790009611629553 5 0 0 5 5 5 0 0 0 0 0 0 420 19 19 0 675 255 236 0 236 0 0 0 68469336 32889 0 5202 80977 257786 1753899 157919 39803342 1145921017 1145921017 0 1030378455 0 14.344723 112 336 448000 112000 1330 719 60 80000 125000 57 76000 20487 12 16000 25000 12 16000 25000 1477
1790009612461438 5 0 0 5 5 5 0 0 0 0 0 0 419 19 19 0 675 256 237 0 237 0 0 0 69297860 33053 0 5217 81486 258740 1755098 158049 40286960 1152519884 1152519884 0 1031882660 0 14.193957 103 309 412000 103000 15 651 60 80000 125000 57 76000 20495 12 16000 25000 12 16000 25000 1485
1790009612575045 5 0 0 5 5 5 0 0 0 0 0 0 418 19 18 1 675 257 238 0 238 0 0 0 69411096 33135 0 5229 81575 258748 1755104 158215 40287600 1164507604 1157825741 0 1033373448 0 14.191268 104 312 416000 104000 1345 751 60 80000 125000 57 76000 20511 12 16000 25000 12 16000 25000 1500
1790009612575256 5 0 0 5 5 5 0 0 0 0 0 0 418 18 18 0 675 257 239 0 239 0 0 0 69411096 33214 0 5243 81585 258756 1755105 158310 40287600 1164507604 1164507604 0 1033373448 0 14.191252 101 303 404000 101000 67 685 60 80000 125000 54 72000 19506 12 16000 25000 12 16000 25000 1498
1790009612607244 5 0 0 5 5 5 0 0 0 0 0 0 416 19 19 0 675 259 240 0 240 0 0 0 69442725 33296 0 5256 81699 258804 1755158 158346 40305443 1170998488 1170998488 0 1036380570 0 14.226053 100 300 400000 100000 94 628 60 80000 125000 57 76000 20518 12 16000 25000 12 16000 25000 1508
1790009612665644 5 0 0 5 5 5 0 0 0 0 0 0 415 19 19 0 675 260 241 0 241 0 0 0 69500616 33387 0 5270 81819 258883 1755251 158427 40340472 1175539488 1175539488 0 1037882393 0 14.234788 104 312 416000 104000 1535 718 60 80000 125000 57 76000 20524 12 16000 25000 12 16000 25000 1515
1790009612829107 5 0 0 5 5 5 0 0 0 0 0 0 414 19 19 0 675 261 242 0 242 0 0 0 69663797 33465 0 5282 81879 258891 1755256 158540 40341110 1182298298 1182298298 0 1039389884 0 14.222071 106 318 424000 106000 1181 764 60 80000 125000 57 76000 20533 12 16000 25000 12 16000 25000 1523
1790009613456725 5 0 0 5 5 5 0 0 0 0 0 0 413 19 19 0 675 262 243 0 243 0 0 0 70288660 33604 0 5295 82295 259684 1756230 158626 40729176 1187634281 1187634281 0 1040890843 0 14.116025 101 303 404000 101000 57 696 60 80000 125000 57 76000 20541 12 16000 25000 12 16000 25000 1531
1790009613704570 5 0 0 5 5 5 0 0 0 0 0 0 412 19 19 0 675 263 244 0 244 0 0 0 70535704 33696 0 5309 82427 259859 1756439 158751 40806790 1194341079 1194341079 0 1042386399 0 14.086802 89 267 356000 89000 18 631 60 80000 125000 57 76000 20549 12 16000 25000 12 16000 25000 1540
1790009613970368 5 0 0 5 5 5 0 0 0 0 0 0 411 19 19 0 675 264 245 0 245 0 0 0 70800133 33826 0 5322 82650 260210 1756853 158856 40968791 1200873751 1200873751 0 1043893730 0 14.054483 89 267 356000 89000 1155 683 60 80000 125000 57 76000 20558 12 16000 25000 12 16000 25000 1547
1790009614650985 5 0 0 5 5 5 0 0 0 0 0 0 410 19 19 0 675 265 246 0 246 0 0 0 71477760 33983 0 5335 83041 261083 1757935 158980 41387592 1206236470 1206236470 0 1045399101 0 13.941350 89 267 356000 89000 1218 736 60 80000 125000 57 76000 20566 12 16000 25000 12 16000 25000 1556
1790009614871809 5 0 0 5 5 5 0 0 0 0 0 0 409 19 19 0 675 266 247 0 247 0 0 0 71697368 34090 0 5349 83248 261385 1758273 159117 41522301 1212823229 1212823229 0 1046896266 0 13.918553 89 267 356000 89000 1583 820 60 80000 125000 57 76000 20574 12 16000 25000 12 16000 25000 1564
1790009615225233 5 0 0 5 5 5 0 0 0 0 0 0 408 19 19 0 675 267 248 0 248 0 0 0 72049086 34207 0 5362 83510 261841 1758849 159231 41737473 1214072053 1214072053 0 1048393513 0 13.870426 87 261 348000 87000 53 746 60 80000 125000 57 76000 20575 12 16000 25000 12 16000 25000 1565
1790009615435123 5 0 0 5 5 5 0 0 0 0 0 0 407 19 19 0 675 268 249 0 249 0 0 0 72257805 34341 0 5375 83706 262107 1759166 159350 41864924 1220728701 1220728701 0 1049895226 0 13.850164 85 255 340000 85000 232 697 60 80000 125000 57 76000 20584 12 16000 25000 12 16000 25000 1573
1790009615647691 5 0 0 5 5 5 0 0 0 0 0 0 406 19 19 0 675 269 250 0 250 0 0 0 72469230 34452 0 5397 83911 262360 1759503 159460 41993830 1222796231 1222796231 0 1051414452 0 13.829738 89 267 356000 89000 1054 732 60 80000 125000 57 76000 20586 12 16000 25000 12 16000 25000 1576
1790009615990105 5 0 0 5 5 5 0 0 0 0 0 0 405 19 19 0 675 270 251 0 251 0 0 0 72810052 34556 0 5409 84160 262775 1760030 159577 42195308 1225075781 1225075781 0 1052909301 0 13.784583 83 249 332000 83000 17 663 60 80000 125000 57 76000 20589 12 16000 25000 12 16000 25000 1578
1790009616201571 5 0 0 5 5 5 0 0 0 0 0 0 404 19 19 0 675 271 252 0 252 0 0 0 73020397 34652 0 5421 84321 263074 1760379 159679 42322004 1231498723 1231498723 0 1054415320 0 13.764535 83 249 332000 83000 424 641 60 80000 125000 57 76000 20596 12 16000 25000 12 16000 25000 1587
1790009616224455 5 0 0 5 5 5 0 0 0 0 0 0 403 19 19 0 675 272 253 0 253 0 0 0 73042982 34743 0 5432 84378 263084 1760384 159789 42322638 1238125407 1238125407 0 1055913698 0 13.779818 86 258 344000 86000 75 587 60 80000 125000 57 76000 20603 12 16000 25000 12 16000 25000 1595
1790009616396083 5 0 0 5 5 5 0 0 0 0 0 0 402 19 19 0 675 273 254 0 254 0 0 0 73213650 34847 0 5443 84557 263330 1760648 159854 42425544 1244605393 1244605393 0 1057422259 0 13.767333 100 300 400000 100000 486 578 60 80000 125000 57 76000 20613 12 16000 25000 12 16000 25000 1603
1790009616459215 5 0 0 5 5 5 0 0 0 0 0 0 401 19 19 0 675 274 255 0 255 0 0 0 73276242 34954 0 5455 84669 263427 1760747 159930 42462483 1251281482 1251281482 0 1058954233 0 13.775487 100 300 400000 100000 1264 646 60 80000 125000 57 76000 20621 12 16000 25000 12 16000 25000 1611
1790009616719148 5 0 0 5 5 5 0 0 0 0 0 0 400 19 19 0 675 275 256 0 256 0 0 0 73534854 35056 0 5467 84881 263780 1761155 160027 42618000 1253345370 1253345370 0 1060460902 0 13.746576 103 309 412000 103000 1363 717 60 80000 125000 57 76000 20623 12 16000 25000 12 16000 25000 1614
1790009616936864 5 0 0 5 5 5 0 0 0 0 0 0 399 19 19 0 675 276 257 0 257 0 0 0 73751917 35148 0 5478 85008 263905 1761306 160122 42674162 1258587617 1258587617 0 1061967788 0 13.725595 104 312 416000 104000 569 703 60 80000 125000 57 76000 20631 12 16000 25000 12 16000 25000 1622
1790009617456916 5 0 0 5 5 5 0 0 0 0 0 0 398 19 19 0 675 277 258 0 258 0 0 0 74269606 35289 0 5491 85334 264592 1762132 160218 42985149 1259817429 1259817429 0 1063459523 0 13.649088 100 300 400000 100000 82 643 60 80000 125000 57 76000 20633 12 16000 25000 12 16000 25000 1623
1790009617536597 5 0 0 5 5 5 0 0 0 0 0 0 397 19 19 0 675 278 259 0 259 0 0 0 74348707 35384 0 5503 85428 264685 1762254 160338 43025602 1262477008 1262477008 0 1064965170 0 13.653860 98 294 392000 98000 50 586 60 80000 125000 57 76000 20636 12 16000 25000 12 16000 25000 1626
1790009617550416 5 0 0 5 5 5 0 0 0 0 0 0 396 19 19 0 675 279 260 0 260 0 0 0 74362173 35469 0 5514 85511 264712 1762274 160454 43032364 1269098340 1269098340 0 1066467630 0 13.670632 98 294 392000 98000 581 586 60 80000 125000 57 76000 20644 12 16000 25000 12 16000 25000 1634
1790009617780825 5 0 0 5 5 5 0 0 0 0 0 0 395 19 19 0 675 280 261 0 261 0 0 0 74591719 35577 0 5538 85662 264913 1762518 160526 43119531 1275786369 1275786369 0 1067958850 0 13.647619 101 303 404000 101000 945 622 60 80000 125000 57 76000 20653 12 16000 25000 12 16000 25000 1642
1790009617871812 5 0 0 5 5 5 0 0 0 0 0 0 394 19 19 0 675 281 262 0 262 0 0 0 74682118 35663 0 5551 85787 265002 1762634 160645 43160498 1281082743 1281082743 0 1069455800 0 13.650198 102 306 408000 102000 1399 698 60 80000 125000 57 76000 20659 12 16000 25000 12 16000 25000 1649
1790009618105870 5 0 0 5 5 5 0 0 0 0 0 0 393 19 19 0 675 282 263 0 263 0 0 0 74914931 35770 0 5564 85975 265334 1763036 160738 43298085 1287792244 1287792244 0 1070960945 0 13.626930 97 291 388000 97000 47 636 60 80000 125000 57 76000 20667 12 16000 25000 12 16000 25000 1657
1790009618197628 5 0 0 5 5 5 0 0 0 0 0 0 392 19 19 0 675 283 264 0 264 0 0 0 75006032 35861 0 5576 86096 265456 1763185 160843 43350921 1293159272 1293159272 0 1072478883 0 13.629661 97 291 388000 97000 1314 703 60 80000 125000 57 76000 20674 12 16000 25000 12 16000 25000 1665
1790009619075975 5 0 0 5 5 5 0 0 0 0 0 0 391 19 19 0 675 284 265 0 265 0 0 0 75880481 36028 0 5592 86648 266651 1764628 160941 43867358 1299653587 1299653587 0 1073987973 0 13.491594 91 273 364000 91000 33 639 60 80000 125000 57 76000 20683 12 16000 25000 12 16000 25000 1673
1790009619159629 5 0 0 5 5 5 0 0 0 0 0 0 390 19 19 0 675 285 266 0 266 0 0 0 75963544 36114 0 5605 86751 266747 1764748 161069 43909373 1306200954 1306200954 0 1075487321 0 13.495648 91 273 364000 91000 1464 721 60 80000 125000 57 76000 20691 12 16000 25000 12 16000 25000 1681
1790009619349258 5 0 0 5 5 5 0 0 0 0 0 0 389 19 19 0 675 286 267 0 267 0 0 0 76152796 36196 0 5618 86852 266783 1764791 161153 43923526 1312968198 1312968198 0 1076983224 0 13.480835 95 285 380000 95000 1477 795 60 80000 125000 57 76000 20699 12 16000 25000 12 16000 25000 1689
1790009619405227 5 0 0 5 5 5 0 0 0 0 0 0 388 19 19 0 675 287 268 0 268 0 0 0 76208301 36291 0 5630 86954 266847 1764862 161240 43949041 1319538617 1319538617 0 1078484246 0 13.489779 96 288 384000 96000 1100 826 60 80000 125000 57 76000 20707 12 16000 25000 12 16000 25000 1697
1790009619887369 5 0 0 5 5 5 0 0 0 0 0 0 387 19 19 0 675 288 269 0 269 0 0 0 76689197 36391 0 5643 87153 267174 1765255 161339 44083080 1321953774 1321953774 0 1080042148 0 13.424576 99 297 396000 99000 1306 873 60 80000 125000 57 76000 20710 12 16000 25000 12 16000 25000 1700
1790009620202349 5 0 0 5 5 5 0 0 0 0 0 0 386 19 19 0 675 289 270 0 270 0 0 0 77002603 36505 0 5656 87373 267604 1765795 161447 44265303 1324613655 1324613655 0 1081547502 0 13.388578 103 309 412000 103000 165 805 60 80000 125000 57 76000 20713 12 16000 25000 12 16000 25000 1703
1790009620917244 5 0 0 5 5 5 0 0 0 0 0 0 385 19 19 0 675 290 271 0 271 0 0 0 77714289 36642 0 5669 87818 268536 1766971 161567 44679166 1329869204 1329869204 0 1083046209 0 13.284386 111 333 444000 111000 508 777 60 80000 125000 57 76000 20720 12 16000 25000 12 16000 25000 1711
1790009621716352 5 0 0 5 5 5 0 0 0 0 0 0 384 19 19 0 675 291 272 0 272 0 0 0 78509796 36802 0 5684 88306 269639 1768278 161706 45141104 1335356230 1335356230 0 1084552645 0 13.168107 118 354 472000 118000 393 740 60 80000 125000 57 76000 20727 12 16000 25000 12 16000 25000 1718
1790009621901563 5 0 0 5 5 5 0 0 0 0 0 0 383 19 19 0 675 292 273 0 273 0 0 0 78694633 36879 0 5695 88393 269672 1768302 161834 45148043 1342026933 1342026933 0 1086048707 0 13.155301 122 366 488000 122000 1282 794 60 80000 125000 57 76000 20736 12 16000 25000 12 16000 25000 1726
1790009621957270 5 0 0 5 5 5 0 0 0 0 0 0 382 19 19 0 675 293 274 0 274 0 0 0 78749829 36966 0 5708 88498 269762 1768396 161924 45178937 1348542241 1348542241 0 1087548770 0 13.164228 122 366 488000 122000 1337 848 60 80000 125000 57 76000 20744 12 16000 25000 12 16000 25000 1734
1790009622242802 5 0 0 5 5 5 0 0 0 0 0 0 381 19 19 0 675 294 275 0 275 0 0 0 79033912 37072 0 5721 88728 270162 1768865 162002 45341848 1353940119 1353940119 0 1089058121 0 13.135119 123 369 492000 123000 1049 869 60 80000 125000 57 76000 20752 12 16000 25000 12 16000 25000 1742
1790009622286191 5 0 0 5 5 5 0 0 0 0 0 0 380 19 19 0 675 295 276 0 276 0 0 0 79077011 37148 0 5733 88794 270170 1768870 162119 45342446 1359257672 1359257672 0 1090561927 0 13.146078 116 348 464000 116000 44 789 60 80000 125000 57 76000 20760 12 16000 25000 12 16000 25000 1750
1790009622378030 5 0 0 5 5 5 0 0 0 0 0 0 379 19 19 0 675 296 277 0 277 0 0 0 79168205 37250 0 5747 88934 270283 1769018 162194 45393627 1363999057 1363999057 0 1092066578 0 13.149042 124 372 496000 124000 171 730 60 80000 125000 57 76000 20765 12 16000 25000 12 16000 25000 1756
1790009622590850 5 0 0 5 5 5 0 0 0 0 0 0 378 19 19 0 675 297 278 0 278 0 0 0 79379857 37352 0 5762 89126 270600 1769377 162270 45513597 1370593926 1370593926 0 1093564997 0 13.131976 119 357 476000 119000 56 665 60 80000 125000 57 76000 20773 12 16000 25000 12 16000 25000 1764
1790009622886444 5 0 0 5 5 5 0 0 0 0 0 0 377 19 19 0 675 298 279 0 279 0 0 0 79673915 37475 0 5778 89346 271001 1769872 162414 45680353 1375674032 1375674032 0 1095067807 0 13.101491 137 411 548000 137000 1258 751 60 80000 125000 57 76000 20779 12 16000 25000 12 16000 25000 1770
1790009622906684 5 0 0 5 5 5 0 0 0 0 0 0 376 19 19 0 675 299 280 0 280 0 0 0 79693783 37553 0 5790 89437 271045 1769909 162509 45690768 1382179261 1382179261 0 1096561086 0 13.116075 136 408 544000 136000 205 699 60 80000 125000 57 76000 20787 12 16000 25000 12 16000 25000 1778
1790009623108023 5 0 0 5 5 5 0 0 0 0 0 0 375 19 19 0 675 300 281 0 281 0 0 0 79894036 37650 0 5802 89626 271319 1770252 162584 45803670 1388822216 1388822216 0 1097778935 0 13.097729 137 411 548000 137000 1362 765 60 80000 125000 57 76000 20795 12 16000 25000 12 16000 25000 1786
1790009623285124 5 0 0 5 5 5 0 0 0 0 0 0 374 19 19 0 675 301 282 0 282 0 0 0 80070870 37738 0 5814 89671 271328 1770256 162686 45804224 1389383708 1389383708 0 1099280721 0 13.086681 140 420 560000 140000 1272 816 60 80000 125000 57 76000 20794 12 16000 25000 12 16000 25000 1786
1790009623565282 5 0 0 5 5 5 0 0 0 0 0 0 373 19 19 0 675 302 283 0 283 0 0 0 80349538 37859 0 5839 89966 271686 1770719 162763 45960813 1394746742 1394746742 0 1100774143 0 13.059013 128 384 512000 128000 5 738 60 80000 125000 57 76000 20805 12 16000 25000 12 16000 25000 1794
1790009624603430 5 0 0 5 5 5 0 0 0 0 0 0 372 19 19 0 675 303 284 0 284 0 0 0 81384521 38002 0 5853 90410 272617 1771837 162910 46344280 1401473285 1401473285 0 1102278871 0 12.910617 128 384 512000 128000 1337 797 60 80000 125000 57 76000 20813 12 16000 25000 12 16000 25000 1803
1790009624869088 5 0 0 5 5 5 0 0 0 0 0 0 371 19 19 0 675 304 285 0 285 0 0 0 81648837 38117 0 5868 90614 272955 1772263 163038 46480984 1408230851 1408230851 0 1103781513 0 12.886367 129 387 516000 129000 1505 867 60 80000 125000 57 76000 20822 12 16000 25000 12 16000 25000 1811
1790009625824357 5 0 0 5 5 5 0 0 0 0 0 0 370 19 19 0 675 305 286 0 286 0 0 0 82600198 38302 0 5885 91128 274145 1773711 163165 46963542 1409093181 1409093181 0 1105271958 0 12.755186 140 420 560000 140000 1346 914 60 80000 125000 57 76000 20822 12 16000 25000 12 16000 25000 1812
1790009626078284 5 0 0 5 5 5 0 0 0 0 0 0 369 19 18 1 675 306 287 0 287 0 0 0 82853776 38381 0 5899 91231 274153 1773717 163300 46964089 1418330372 1415670544 0 1106809714 0 12.733846 131 393 524000 131000 10 827 60 80000 125000 57 76000 20835 12 16000 25000 12 16000 25000 1823
1790009626078488 5 0 0 5 5 5 0 0 0 0 0 0 369 18 18 0 675 306 288 0 288 0 0 0 82853776 38454 0 5916 91231 274160 1773720 163404 46964089 1418330372 1418330372 0 1106809714 0 12.733835 116 348 464000 116000 20 749 60 80000 125000 54 72000 19830 12 16000 25000 12 16000 25000 1821
1790009626525400 5 0 0 5 5 5 0 0 0 0 0 0 367 19 16 3 675 308 289 0 289 0 0 0 83300342 38536 0 5929 91423 274174 1773725 163436 46964649 1445522281 1424889359 0 1109523857 0 12.696648 112 336 448000 112000 21 679 60 80000 125000 57 76000 20869 12 16000 25000 12 16000 25000 1855
1790009626525622 5 0 0 5 5 5 0 0 0 0 0 0 367 18 16 2 675 308 290 0 290 0 0 0 83300342 38606 0 5942 91433 274182 1773728 163551 46964649 1445522281 1432214672 0 1109523857 0 12.696637 108 324 432000 108000 84 622 60 80000 125000 54 72000 19864 12 16000 25000 12 16000 25000 1854
1790009626525752 5 0 0 5 5 5 0 0 0 0 0 0 367 17 16 1 675 308 291 0 291 0 0 0 83300342 38675 0 5956 91433 274189 1773730 163587 46964649 1445522281 1438969069 0 1109523857 0 12.696627 104 312 416000 104000 60 568 60 80000 125000 51 68000 18859 12 16000 25000 12 16000 25000 1852
1790009626525879 5 0 0 5 5 5 0 0 0 0 0 0 367 16 16 0 675 308 292 0 292 0 0 0 83300342 38742 0 5970 91433 274196 1773732 163616 46964649 1445522281 1445522281 0 1109523857 0 12.696617 93 279 372000 93000 17 515 60 80000 125000 48 64000 17855 12 16000 25000 12 16000 25000 1851
1790009627761479 5 0 0 5 5 5 0 0 0 0 0 0 363 19 15 4 675 312 293 0 293 0 0 0 84535550 38831 0 5990 91677 274205 1773737 163644 46965269 1470856942 1452206716 0 1115527386 0 12.578866 85 255 340000 85000 12 467 60 80000 125000 57 76000 20904 12 16000 25000 12 16000 25000 1888
1790009627761771 5 0 0 5 5 5 0 0 0 0 0 0 363 18 15 3 675 312 294 0 294 0 0 0 84535550 38902 0 6005 91689 274213 1773739 163822 46965269 1470856942 1453368015 0 1115527386 0 12.578856 67 201 268000 67000 8 404 60 80000 125000 54 72000 19900 12 16000 25000 12 16000 25000 1887
1790009627761909 5 0 0 5 5 5 0 0 0 0 0 0 363 17 15 2 675 312 295 0 295 0 0 0 84535550 38980 0 6022 91689 274221 1773741 163856 46965269 1470856942 1460011820 0 1115527386 0 12.578844 58 174 232000 58000 3 365 60 80000 125000 45 60000 18893 12 16000 25000 12 16000 25000 1886
1790009627762108 5 0 0 5 5 5 0 0 0 0 0 0 363 15 15 0 675 312 297 0 297 0 0 0 84535550 39110 0 6046 91689 274228 1773743 163900 46965269 1470856942 1470856942 0 1115527386 0 12.578825 55 165 220000 55000 53 320 60 80000 125000 45 60000 16890 12 16000 25000 12 16000 25000 1883
1790009628143795 5 0 0 5 5 5 0 0 0 0 0 0 358 19 19 0 675 317 298 0 298 0 0 0 84915926 39222 0 6060 91938 274572 1774165 163952 47092212 1476089399 1476089399 0 1122753885 0 12.603610 56 168 224000 56000 119 301 60 80000 125000 57 76000 20909 12 16000 25000 12 16000 25000 1895
1790009628352246 5 0 0 5 5 5 0 0 0 0 0 0 357 19 19 0 675 318 299 0 299 0 0 0 85123276 39319 0 6074 92107 274842 1774499 164081 47192889 1482550531 1482550531 0 1124257592 0 12.589748 56 168 224000 56000 1289 398 60 80000 125000 57 76000 20917 12 16000 25000 12 16000 25000 1903
1790009628430353 5 0 0 5 5 5 0 0 0 0 0 0 356 19 19 0 675 319 300 0 300 0 0 0 85200808 39405 0 6086 92237 274923 1774608 164175 47227563 1489073759 1489073759 0 1125760435 0 12.595098 56 168 224000 56000 38 363 60 80000 125000 57 76000 20926 12 16000 25000 12 16000 25000 1911
1790009628516854 5 0 0 5 5 5 0 0 0 0 0 0 355 19 19 0 675 320 301 0 301 0 0 0 85286672 39503 0 6100 92356 275060 1774745 164260 47272271 1490395476 1490395476 0 1127263154 0 12.599204 57 171 228000 57000 1316 457 60 80000 125000 57 76000 20927 12 16000 25000 12 16000 25000 1913
1790009628783278 5 0 0 5 5 5 0 0 0 0 0 0 354 19 19 0 675 321 302 0 302 0 0 0 85552846 39578 0 6112 92418 275069 1774750 164342 47272782 1497146344 1497146344 0 1128762341 0 12.576717 53 159 212000 53000 5 414 60 80000 125000 57 76000 20935 12 16000 25000 12 16000 25000 1921
1790009629077376 5 0 0 5 5 5 0 0 0 0 0 0 353 19 19 0 675 322 303 0 303 0 0 0 85846686 39658 0 6125 92479 275077 1774756 164427 47273312 1503687832 1503687832 0 1130256987 0 12.550273 53 159 212000 53000 91 383 60 80000 125000 57 76000 20943 12 16000 25000 12 16000 25000 1929
1790009629364308 5 0 0 5 5 5 0 0 0 0 0 0 352 19 19 0 675 323 304 0 304 0 0 0 86133170 39735 0 6137 92589 275126 1774817 164534 47291808 1509130336 1509130336 0 1131761486 0 12.525188 51 153 204000 51000 42 350 60 80000 125000 57 76000 20947 12 16000 25000 12 16000 25000 1938
1790009629418012 5 0 0 5 5 5 0 0 0 0 0 0 351 19 19 0 675 324 305 0 305 0 0 0 86186347 39825 0 6153 92723 275203 1774903 164629 47319127 1515656586 1515656586 0 1133257766 0 12.534000 48 144 192000 48000 16 319 60 80000 125000 57 76000 20956 12 16000 25000 12 16000 25000 1946
1790009629852335 5 0 0 5 5 5 0 0 0 0 0 0 350 19 19 0 675 325 306 0 306 0 0 0 86618828 39944 0 6166 92999 275732 1775556 164700 47519263 1522221910 1522221910 0 1134749641 0 12.487848 48 144 192000 48000 1383 424 60 80000 125000 57 76000 20964 12 16000 25000 12 16000 25000 1954
1790009630350752 5 0 0 5 5 5 0 0 0 0 0 0 349 19 19 0 675 326 307 0 307 0 0 0 87114876 40073 0 6183 93317 276429 1776413 164800 47780754 1523096691 1523096691 0 1136253304 0 12.433208 48 144 192000 48000 37 387 60 80000 125000 57 76000 20964 12 16000 25000 12 16000 25000 1954
1790009631063977 5 0 0 5 5 5 0 0 0 0 0 0 348 19 19 0 675 327 308 0 308 0 0 0 87824811 40238 0 6201 93748 277411 1777646 164915 48154164 1525722415 1525722415 0 1137736912 0 12.348829 47 141 188000 47000 16 352 60 80000 125000 57 76000 20968 12 16000 25000 12 16000 25000 1957
1790009631440087 5 0 0 5 5 5 0 0 0 0 0 0 347 19 19 0 675 328 309 0 309 0 0 0 88200606 40317 0 6214 93812 277420 1777651 165046 48154684 1532362911 1532362911 0 1138955495 0 12.309398 47 141 188000 47000 361 354 60 80000 125000 57 76000 20976 12 16000 25000 12 16000 25000 1965
1790009631981490 5 0 0 5 5 5 0 0 0 0 0 0 346 19 19 0 675 329 310 0 310 0 0 0 88739857 40468 0 6231 94115 278024 1778418 165128 48383575 1537817660 1537817660 0 1140462608 0 12.250799 46 138 184000 46000 34 323 60 80000 125000 57 76000 20983 12 16000 25000 12 16000 25000 1972
1790009632783042 5 0 0 5 5 5 0 0 0 0 0 0 345 19 19 0 675 330 311 0 311 0 0 0 89537883 40628 0 6247 94593 279089 1779749 165235 48787925 1544518390 1544518390 0 1141966082 0 12.157645 43 129 172000 43000 17 294 60 80000 125000 57 76000 20991 12 16000 25000 12 16000 25000 1980
1790009633156135 5 0 0 5 5 5 0 0 0 0 0 0 344 19 19 0 675 331 312 0 312 0 0 0 89910552 40714 0 6259 94678 279130 1779786 165385 48797584 1549763939 1549763939 0 1143459599 0 12.123098 42 126 168000 42000 27 257 60 80000 125000 57 76000 20998 12 16000 25000 12 16000 25000 1988
1790009633233707 5 0 0 5 5 5 0 0 0 0 0 0 343 19 19 0 675 332 313 0 313 0 0 0 89987763 40791 0 6271 94763 279156 1779816 165497 48805336 1555099528 1555099528 0 1144955449 0 12.128537 42 126 168000 42000 389 271 60 80000 125000 57 76000 21006 12 16000 25000 12 16000 25000 1996
1790009633328855 5 0 0 5 5 5 0 0 0 0 0 0 342 19 19 0 675 333 314 0 314 0 0 0 90082202 40885 0 6284 94897 279300 1779980 165608 48853118 1560601098 1560601098 0 1146449078 0 12.131620 43 129 172000 43000 104 256 60 80000 125000 57 76000 21013 12 16000 25000 12 16000 25000 2003
1790009633383701 5 0 0 5 5 5 0 0 0 0 0 0 341 19 19 0 675 334 315 0 315 0 0 0 90136803 40963 0 6295 94956 279310 1779984 165685 48853609 1566129281 1566129281 0 1147959874 0 12.140241 42 126 168000 42000 86 240 60 80000 125000 57 76000 21022 12 16000 25000 12 16000 25000 2012
1790009633611846 5 0 0 5 5 5 0 0 0 0 0 0 340 19 19 0 675 335 316 0 316 0 0 0 90363663 41086 0 6319 95138 279672 1780377 165764 48969500 1572858574 1572858574 0 1149176210 0 12.122591 42 126 168000 42000 528 269 60 80000 125000 57 76000 21030 12 16000 25000 12 16000 25000 2020
1790009633967670 5 0 0 5 5 5 0 0 0 0 0 0 339 19 19 0 675 336 317 0 317 0 0 0 90717661 41211 0 6333 95426 280147 1781024 165844 49150507 1579417905 1579417905 0 1150676483 0 12.091056 40 120 160000 40000 19 246 60 80000 125000 57 76000 21037 12 16000 25000 12 16000 25000 2028
1790009633981001 5 0 0 5 5 5 0 0 0 0 0 0 338 19 19 0 675 337 318 0 318 0 0 0 90730725 41288 0 6346 95481 280155 1781029 165947 49150988 1585624168 1585624168 0 1152189949 0 12.105207 39 117 156000 39000 31 226 60 80000 125000 57 76000 21045 12 16000 25000 12 16000 25000 2035
1790009634449788 5 0 0 5 5 5 0 0 0 0 0 0 337 19 19 0 675 338 319 0 319 0 0 0 91198445 41392 0 6362 95660 280424 1781362 166022 49245987 1592227383 1592227383 0 1153688754 0 12.058804 37 111 148000 37000 17 207 60 80000 125000 57 76000 21054 12 16000 25000 12 16000 25000 2043
1790009634687915 5 0 0 5 5 5 0 0 0 0 0 0 336 19 19 0 675 339 320 0 320 0 0 0 91435237 41507 0 6374 95872 280771 1781780 166125 49365439 1598746763 1598746763 0 1155189129 0 12.043216 38 114 152000 38000 302 217 60 80000 125000 57 76000 21062 12 16000 25000 12 16000 25000 2051
1790009634943674 5 0 0 5 5 5 0 0 0 0 0 0 335 19 19 0 675 340 321 0 321 0 0 0 91690732 41586 0 6387 95929 280779 1781784 166222 49365923 1604087245 1604087245 0 1156698442 0 12.025354 38 114 152000 38000 271 223 60 80000 125000 57 76000 21069 12 16000 25000 12 16000 25000 2059
1790009635026079 5 0 0 5 5 5 0 0 0 0 0 0 334 19 19 0 675 341 322 0 322 0 0 0 91772867 41663 0 6400 95994 280788 1781788 166319 49366406 1610725940 1610725940 0 1158203269 0 12.030217 37 111 148000 37000 23 204 60 80000 125000 57 76000 21078 12 16000 25000 12 16000 25000 2067
1790009635140504 5 0 0 5 5 5 0 0 0 0 0 0 333 19 19 0 675 342 323 0 323 0 0 0 91886548 41762 0 6412 96137 280960 1781980 166383 49422746 1612628658 1612628658 0 1159709196 0 12.030950 37 111 148000 37000 193 204 60 80000 125000 57 76000 21080 12 16000 25000 12 16000 25000 2070
1790009635449276 5 0 0 5 5 5 0 0 0 0 0 0 332 19 19 0 675 343 324 0 324 0 0 0 92193659 41877 0 6428 96402 281433 1782515 166473 49575160 1619293504 1619293504 0 1161211652 0 12.006411 36 108 144000 36000 553 239 60 80000 125000 57 76000 21088 12 16000 25000 12 16000 25000 2078
1790009635662855 5 0 0 5 5 5 0 0 0 0 0 0 331 19 19 0 675 344 325 0 325 0 0 0 92406947 41953 0 6441 96448 281442 1782520 166607 49575616 1621370454 1621370454 0 1162710081 0 11.994158 35 105 140000 35000 25 219 60 80000 125000 57 76000 21088 12 16000 25000 12 16000 25000 2080
1790009635738448 5 0 0 5 5 5 0 0 0 0 0 0 330 19 19 0 675 345 326 0 326 0 0 0 92482156 42044 0 6452 96551 281480 1782561 166683 49587736 1628030496 1628030496 0 1164214549 0 11.999904 34 102 136000 34000 9 199 60 80000 125000 57 76000 21098 12 16000 25000 12 16000 25000 2088
1790009636112240 5 0 0 5 5 5 0 0 0 0 0 0 329 19 19 0 675 346 327 0 327 0 0 0 92763897 42177 0 6481 187321 281867 1783079 166766 49726720 1634720373 1634720373 0 1165720428 0 11.978932 33 99 132000 33000 23 183 60 80000 125000 57 76000 21106 12 16000 25000 12 16000 25000 2097
1790009636554231 5 0 0 5 5 5 0 0 0 0 0 0 328 19 19 0 675 347 328 0 328 0 0 0 93203680 42313 0 6493 187619 282501 1783881 166883 49943175 1641416533 1641416533 0 1167225880 0 11.937814 32 96 128000 32000 20 168 60 80000 125000 57 76000 21115 12 16000 25000 12 16000 25000 2105
1790009636796400 5 0 0 5 5 5 0 0 0 0 0 0 327 19 19 0 675 348 329 0 329 0 0 0 93445196 42397 0 6505 187742 282628 1784027 166996 49981658 1646769857 1646769857 0 1168722420 0 11.922230 32 96 128000 32000 1311 281 60 80000 125000 57 76000 21123 12 16000 25000 12 16000 25000 2112
1790009637448892 5 0 0 5 5 5 0 0 0 0 0 0 326 19 19 0 675 349 330 0 330 0 0 0 94094545 42543 0 6522 188173 283589 1785149 167092 50298343 1648100622 1648100622 0 1170213560 0 11.855079 31 93 124000 31000 15 256 60 80000 125000 57 76000 21124 12 16000 25000 12 16000 25000 2113
1790009637566534 5 0 0 5 5 5 0 0 0 0 0 0 325 19 19 0 675 350 331 0 331 0 0 0 94211361 42629 0 6534 188320 283773 1785366 167214 50354509 1650722598 1650722598 0 1171708044 0 11.855497 30 90 120000 30000 254 256 60 80000 125000 57 76000 21127 12 16000 25000 12 16000 25000 2116
1790009637789733 5 0 0 5 5 5 0 0 0 0 0 0 324 19 17 2 675 351 332 0 332 0 0 0 94434169 42760 0 6567 188450 283782 1785372 167310 50354983 1663041479 1651487816 0 1173212922 0 11.842712 30 90 120000 30000 11 233 60 80000 125000 57 76000 21145 12 16000 25000 12 16000 25000 2131
1790009637790005 5 0 0 5 5 5 0 0 0 0 0 0 324 18 17 1 675 351 333 0 333 0 0 0 94434169 42853 0 6583 188460 283790 1785375 167451 50354983 1663041479 1658735078 0 1173212922 0 11.842700 29 87 116000 29000 4 202 60 80000 125000 54 72000 20139 12 16000 25000 12 16000 25000 2130
1790009637790134 5 0 0 5 5 5 0 0 0 0 0 0 324 17 17 0 675 351 334 0 334 0 0 0 94434169 42923 0 6598 188460 283797 1785376 167486 50354983 1663041479 1663041479 0 1173212922 0 11.842691 28 84 112000 28000 38 187 60 80000 125000 51 68000 19135 12 16000 25000 12 16000 25000 2129
1790009638122082 5 0 0 5 5 5 0 0 0 0 0 0 321 19 19 0 675 354 335 0 335 0 0 0 94764630 43038 0 6616 188729 284226 1785875 167516 50487528 1669618884 1669618884 0 1177701422 0 11.846548 28 84 112000 28000 44 174 60 80000 125000 57 76000 21150 12 16000 25000 12 16000 25000 2140
1790009638235567 5 0 0 5 5 5 0 0 0 0 0 0 320 19 19 0 675 355 336 0 336 0 0 0 94877762 43114 0 6627 188805 284265 1785902 167626 50493350 1672138436 1672138436 0 1179200480 0 11.847480 28 84 112000 28000 64 164 60 80000 125000 57 76000 21153 12 16000 25000 12 16000 25000 2142
1790009638490680 5 0 0 5 5 5 0 0 0 0 0 0 319 19 19 0 675 356 337 0 337 0 0 0 95131555 43219 0 6641 189025 284607 1786329 167709 50609316 1678620267 1678620267 0 1180420351 0 11.828098 29 87 116000 29000 49 154 60 80000 125000 57 76000 21160 12 16000 25000 12 16000 25000 2150
1790009638493289 5 0 0 5 5 5 0 0 0 0 0 0 318 19 19 0 675 357 338 0 338 0 0 0 95133910 43303 0 6653 189070 284615 1786335 167804 50609742 1683894075 1683894075 0 1181928758 0 11.842909 30 90 120000 30000 243 164 60 80000 125000 57 76000 21167 12 16000 25000 12 16000 25000 2158
1790009639104624 5 0 0 5 5 5 0 0 0 0 0 0 317 19 19 0 675 358 339 0 339 0 0 0 95742297 43439 0 6666 189505 285477 1787415 167877 50897109 1684502951 1684502951 0 1183450817 0 11.782826 29 87 116000 29000 85 158 60 80000 125000 57 76000 21169 12 16000 25000 12 16000 25000 2159
1790009639790792 5 0 0 5 5 5 0 0 0 0 0 0 316 19 19 0 675 359 340 0 340 0 0 0 96425227 43575 0 6681 189946 286432 1788608 167998 51210127 1689147823 1689147823 0 1184949309 0 11.714209 29 87 116000 29000 137 156 60 80000 125000 57 76000 21176 12 16000 25000 12 16000 25000 2166
1790009639871087 5 0 0 5 5 5 0 0 0 0 0 0 315 19 19 0 675 360 341 0 341 0 0 0 96504769 43684 0 6718 190085 286595 1788755 168129 51246528 1695877628 1695877628 0 1186443770 0 11.719307 30 90 120000 30000 967 236 60 80000 125000 57 76000 21184 12 16000 25000 12 16000 25000 2174
1790009640185321 5 0 0 5 5 5 0 0 0 0 0 0 314 19 19 0 675 361 342 0 342 0 0 0 96817305 43814 0 6734 190345 287049 1789311 168241 51392200 1702445990 1702445990 0 1187936766 0 11.696177 31 93 124000 31000 19 216 60 80000 125000 57 76000 21192 12 16000 25000 12 16000 25000 2182
1790009640359180 5 0 0 5 5 5 0 0 0 0 0 0 313 19 19 0 675 362 343 0 343 0 0 0 96990064 43919 0 6745 190502 287322 1789631 168377 51472104 1707779029 1707779029 0 1189462219 0 11.690333 35 105 140000 35000 1460 339 60 80000 125000 57 76000 21200 12 16000 25000 12 16000 25000 2191
1790009640588088 5 0 0 5 5 5 0 0 0 0 0 0 312 19 19 0 675 363 344 0 344 0 0 0 97217680 44026 0 6757 190697 287652 1790044 168476 51577018 1714385523 1714385523 0 1190957934 0 11.677628 37 111 148000 37000 66 313 60 80000 125000 57 76000 21209 12 16000 25000 12 16000 25000 2199
1790009640942641 5 0 0 5 5 5 0 0 0 0 0 0 311 19 19 0 675 364 345 0 345 0 0 0 97571529 44121 0 6770 190832 287784 1790216 168580 51618777 1721064010 1721064010 0 1192456506 0 11.649926 38 114 152000 38000 498 332 60 80000 125000 57 76000 21217 12 16000 25000 12 16000 25000 2207
1790009641107280 5 0 0 5 5 5 0 0 0 0 0 0 310 19 19 0 675 365 346 0 346 0 0 0 97735904 44197 0 6783 190891 287792 1790222 168679 51619196 1727692537 1727692537 0 1193692845 0 11.642391 38 114 152000 38000 24 303 60 80000 125000 57 76000 21225 12 16000 25000 12 16000 25000 2215
1790009641639868 5 0 0 5 5 5 0 0 0 0 0 0 309 19 19 0 675 366 347 0 347 0 0 0 98265924 44333 0 6796 191253 288588 1791129 168755 51852833 1734300588 1734300588 0 1195190417 0 11.594135 38 114 152000 38000 234 297 60 80000 125000 57 76000 21233 12 16000 25000 12 16000 25000 2223
1790009642264943 5 0 0 5 5 5 0 0 0 0 0 0 308 19 19 0 675 367 348 0 348 0 0 0 98887922 44495 0 6814 191702 289535 1792214 168862 52127717 1736770545 1736770545 0 1196407835 0 11.532958 38 114 152000 38000 1293 395 60 80000 125000 57 76000 21236 12 16000 25000 12 16000 25000 2226
1790009642412418 5 0 0 5 5 5 0 0 0 0 0 0 307 19 19 0 675 368 349 0 349 0 0 0 99035080 44586 0 6832 191762 289544 1792219 168995 52128125 1743386538 1743386538 0 1197910486 0 11.530282 38 114 152000 38000 701 426 60 80000 125000 57 76000 21244 12 16000 25000 12 16000 25000 2234
1790009642425960 5 0 0 5 5 5 0 0 0 0 0 0 306 19 19 0 675 369 350 0 350 0 0 0 99048294 44662 0 6844 191852 289566 1792241 169089 52133109 1750147828 1750147828 0 1199128897 0 11.540461 38 114 152000 38000 116 397 60 80000 125000 57 76000 21252 12 16000 25000 12 16000 25000 2243
1790009642573889 5 0 0 5 5 5 0 0 0 0 0 0 305 19 19 0 675 370 351 0 351 0 0 0 99195353 44774 0 6868 191995 289785 1792485 169147 52192722 1752845332 1752845332 0 1200691646 0 11.538365 40 120 160000 40000 32 362 60 80000 125000 57 76000 21256 12 16000 25000 12 16000 25000 2246
1790009643010534 5 0 0 5 5 5 0 0 0 0 0 0 304 19 19 0 675 371 352 0 352 0 0 0 99629849 44898 0 6885 192305 290395 1793268 169234 52382873 1758401386 1758401386 0 1202178009 0 11.502274 39 117 156000 39000 582 384 60 80000 125000 57 76000 21262 12 16000 25000 12 16000 25000 2252
1790009643161102 5 0 0 5 5 5 0 0 0 0 0 0 303 19 19 0 675 372 353 0 353 0 0 0 99779430 44993 0 6898 192456 290616 1793552 169363 52449194 1763717064 1763717064 0 1203675694 0 11.499336 40 120 160000 40000 1125 492 60 80000 125000 57 76000 21270 12 16000 25000 12 16000 25000 2260
1790009643279019 5 0 0 5 5 5 0 0 0 0 0 0 302 19 19 0 675 373 354 0 354 0 0 0 99896532 45090 0 6910 192593 290810 1793764 169462 52500675 1764406493 1764406493 0 1205172248 0 11.500132 42 126 168000 42000 1769 617 60 80000 125000 57 76000 21270 12 16000 25000 12 16000 25000 2261
1790009643389567 5 0 0 5 5 5 0 0 0 0 0 0 301 19 19 0 675 374 355 0 355 0 0 0 100006351 45209 0 6922 192739 290956 1793916 169553 52539680 1771074902 1771074902 0 1206679708 0 11.501864 41 123 164000 41000 46 562 60 80000 125000 57 76000 21278 12 16000 25000 12 16000 25000 2269
1790009643614721 5 0 0 5 5 5 0 0 0 0 0 0 300 19 19 0 675 375 356 0 356 0 0 0 100230173 45352 0 6946 192978 291283 1794297 169662 52632745 1776438917 1776438917 0 1208179908 0 11.490442 42 126 168000 42000 41 512 60 80000 125000 57 76000 21285 12 16000 25000 12 16000 25000 2275
1790009643762680 5 0 0 5 5 5 0 0 0 0 0 0 299 19 19 0 675 376 357 0 357 0 0 0 100377165 45444 0 6958 193166 291516 1794553 169765 52696648 1781703788 1781703788 0 1209683522 0 11.487892 43 129 172000 43000 370 499 60 80000 125000 57 76000 21293 12 16000 25000 12 16000 25000 2283
1790009644415243 5 0 0 5 5 5 0 0 0 0 0 0 298 19 19 0 675 377 358 0 358 0 0 0 101026610 45603 0 6972 193581 292438 1795717 169872 52971182 1788328454 1788328454 0 1211171290 0 11.428096 43 129 172000 43000 1350 583 60 80000 125000 57 76000 21301 12 16000 25000 12 16000 25000 2291
1790009644441494 5 0 0 5 5 5 0 0 0 0 0 0 297 19 19 0 675 378 359 0 359 0 0 0 101052412 45689 0 6983 193680 292489 1795766 170005 52981823 1794924528 1794924528 0 1212389222 0 11.436659 43 129 172000 43000 30 530 60 80000 125000 57 76000 21309 12 16000 25000 12 16000 25000 2299
1790009644505553 5 0 0 5 5 5 0 0 0 0 0 0 296 19 19 0 675 379 360 0 360 0 0 0 101116213 45778 0 6996 193736 292496 1795770 170086 52982230 1801552441 1801552441 0 1213886764 0 11.443553 45 135 180000 45000 121 491 60 80000 125000 57 76000 21316 12 16000 25000 12 16000 25000 2307
1790009644872640 5 0 0 5 5 5 0 0 0 0 0 0 295 19 19 0 675 380 361 0 361 0 0 0 101481593 45910 0 7016 194020 292964 1796344 170152 53118258 1808199572 1808199572 0 1215113724 0 11.413880 47 141 188000 47000 198 464 60 80000 125000 57 76000 21325 12 16000 25000 12 16000 25000 2315
1790009644930733 5 0 0 5 5 5 0 0 0 0 0 0 294 19 19 0 675 381 362 0 362 0 0 0 101539143 46002 0 7029 194135 293042 1796441 170254 53142247 1809510015 1809510015 0 1216616355 0 11.421510 46 138 184000 46000 65 426 60 80000 125000 57 76000 21326 12 16000 25000 12 16000 25000 2317
1790009645202104 5 0 0 5 5 5 0 0 0 0 0 0 293 19 19 0 675 382 363 0 363 0 0 0 101808988 46121 0 7042 194365 293474 1796946 170343 53257254 1810205656 1810205656 0 1218117329 0 11.405292 46 138 184000 46000 266 411 60 80000 125000 57 76000 21327 12 16000 25000 12 16000 25000 2317
1790009645626446 5 0 0 5 5 5 0 0 0 0 0 0 292 19 19 0 675 383 364 0 364 0 0 0 102231245 46247 0 7056 194659 294064 1797683 170447 53423721 1815467825 1815467825 0 1219628649 0 11.372282 45 135 180000 45000 11 372 60 80000 125000 57 76000 21335 12 16000 25000 12 16000 25000 2325
1790009645827959 5 0 0 5 5 5 0 0 0 0 0 0 291 19 19 0 675 384 365 0 365 0 0 0 102432455 46325 0 7070 194720 294072 1797688 170579 53424096 1822084560 1822084560 0 1221138696 0 11.363998 45 135 180000 45000 1180 452 60 80000 125000 57 76000 21343 12 16000 25000 12 16000 25000 2333
1790009646450170 5 0 0 5 5 5 0 0 0 0 0 0 290 19 19 0 675 385 366 0 366 0 0 0 103051763 46476 0 7087 195120 294936 1798749 170658 53664002 1827426541 1827426541 0 1222366188 0 11.307072 47 141 188000 47000 63 415 60 80000 125000 57 76000 21349 12 16000 25000 12 16000 25000 2340
1790009646594946 5 0 0 5 5 5 0 0 0 0 0 0 289 19 19 0 675 386 367 0 367 0 0 0 103195726 46579 0 7101 195268 295105 1798945 170787 53707025 1832356137 1832356137 0 1223863980 0 11.305130 47 141 188000 47000 33 378 60 80000 125000 57 76000 21356 12 16000 25000 12 16000 25000 2346
1790009646819356 5 0 0 5 5 5 0 0 0 0 0 0 288 19 19 0 675 387 368 0 368 0 0 0 103419833 46661 0 7115 195335 295113 1798951 170907 53707424 1838963574 1838963574 0 1225365094 0 11.294470 50 150 200000 50000 199 362 60 80000 125000 57 76000 21364 12 16000 25000 12 16000 25000 2354
1790009647266282 5 0 0 5 5 5 0 0 0 0 0 0 287 19 19 0 675 388 369 0 369 0 0 0 103864338 46804 0 7138 195711 295784 1799745 171051 53891922 1839735753 1839735753 0 1226875034 0 11.259998 50 150 200000 50000 255 352 60 80000 125000 57 76000 21364 12 16000 25000 12 16000 25000 2355
1790009647441693 5 0 0 5 5 5 0 0 0 0 0 0 286 19 19 0 675 389 370 0 370 0 0 0 104038610 46902 0 7152 195896 296064 1800087 171187 53963411 1846321736 1846321736 0 1228379306 0 11.254917 49 147 196000 49000 18 321 60 80000 125000 57 76000 21372 12 16000 25000 12 16000 25000 2363
1790009647776466 5 0 0 5 5 5 0 0 0 0 0 0 285 19 19 0 675 390 371 0 371 0 0 0 104373083 47007 0 7165 195953 296072 1800092 171284 53963793 1848716680 1848716680 0 1229879695 0 11.232558 49 147 196000 49000 25 293 60 80000 125000 57 76000 21375 12 16000 25000 12 16000 25000 2366
1790009647780146 5 0 0 5 5 5 0 0 0 0 0 0 284 19 19 0 675 391 372 0 372 0 0 0 104376469 47084 0 7178 196015 296082 1800108 171392 53964551 1855364028 1855364028 0 1231379527 0 11.245883 47 141 188000 47000 14 267 60 80000 125000 57 76000 21382 12 16000 25000 12 16000 25000 2374
1790009647848128 5 0 0 5 5 5 0 0 0 0 0 0 283 19 19 0 675 392 373 0 373 0 0 0 104443935 47168 0 7191 196132 296176 1800219 171456 53987532 1860799149 1860799149 0 1232871112 0 11.252226 47 141 188000 47000 268 268 60 80000 125000 57 76000 21392 12 16000 25000 12 16000 25000 2382
1790009647895658 5 0 0 5 5 5 0 0 0 0 0 0 282 19 19 0 675 393 374 0 374 0 0 0 104491064 47248 0 7203 196215 296242 1800279 171544 53997843 1866276983 1866276983 0 1234104326 0 11.258395 48 144 192000 48000 37 246 60 80000 125000 57 76000 21398 12 16000 25000 12 16000 25000 2388
1790009648051317 5 0 0 5 5 5 0 0 0 0 0 0 281 19 19 0 675 394 375 0 375 0 0 0 104646251 47329 0 7215 196390 296296 1800340 171612 54010379 1870540733 1870540733 0 1235599973 0 11.255322 52 156 208000 52000 1154 336 60 80000 125000 57 76000 21405 12 16000 25000 12 16000 25000 2395
1790009648493161 5 0 0 5 5 5 0 0 0 0 0 0 280 19 19 0 675 395 376 0 376 0 0 0 105085679 47472 0 7231 196741 297013 1801165 171742 54187823 1871238831 1871238831 0 1237095161 0 11.221826 54 162 216000 54000 176 314 60 80000 125000 57 76000 21406 12 16000 25000 12 16000 25000 2395
1790009648616722 5 0 0 5 5 5 0 0 0 0 0 0 279 19 19 0 675 396 377 0 377 0 0 0 105208946 47552 0 7244 196787 297021 1801171 171876 54188178 1876593520 1876593520 0 1238600573 0 11.222315 57 171 228000 57000 49 289 60 80000 125000 57 76000 21412 12 16000 25000 12 16000 25000 2403
1790009649045256 5 0 0 5 5 5 0 0 0 0 0 0 278 19 19 0 675 397 378 0 378 0 0 0 105635243 47682 0 7258 197118 297694 1801926 171978 54350984 1883195236 1883195236 0 1240100185 0 11.190566 55 165 220000 55000 54 267 60 80000 125000 57 76000 21422 12 16000 25000 12 16000 25000 2411
1790009649095815 5 0 0 5 5 5 0 0 0 0 0 0 277 19 19 0 675 398 379 0 379 0 0 0 105685385 47761 0 7270 197217 297742 1801979 172081 54361946 1885470972 1885470972 0 1241602758 0 11.198803 61 183 244000 61000 389 280 60 80000 125000 57 76000 21425 12 16000 25000 12 16000 25000 2414
1790009649630853 5 0 0 5 5 5 0 0 0 0 0 0 276 19 19 0 675 399 380 0 380 0 0 0 106217780 47892 0 7285 197551 298538 1802946 172165 54565381 1892086113 1892086113 0 1243106832 0 11.156181 58 174 232000 58000 11 255 60 80000 125000 57 76000 21433 12 16000 25000 12 16000 25000 2422
1790009649763984 5 0 0 5 5 5 0 0 0 0 0 0 275 19 19 0 675 400 381 0 381 0 0 0 106350200 47990 0 7299 197681 298670 1803108 172280 54600587 1893231310 1893231310 0 1244608125 0 11.155742 62 186 248000 62000 1463 374 60 80000 125000 57 76000 21434 12 16000 25000 12 16000 25000 2423
1790009649898976 5 0 0 5 5 5 0 0 0 0 0 0 274 19 18 1 675 401 382 0 382 0 0 0 106484891 48068 0 7312 197777 298678 1803113 172376 54600932 1903893194 1898579983 0 1246106141 0 11.155040 64 192 256000 64000 10 339 60 80000 125000 57 76000 21449 12 16000 25000 12 16000 25000 2436
1790009649899170 5 0 0 5 5 5 0 0 0 0 0 0 274 18 18 0 675 401 383 0 383 0 0 0 106484891 48140 0 7327 197777 298685 1803115 172471 54600932 1903893194 1903893194 0 1246106141 0 11.155032 65 195 260000 65000 40 311 60 80000 125000 54 72000 20444 12 16000 25000 12 16000 25000 2435
1790009649919844 5 0 0 5 5 5 0 0 0 0 0 0 272 19 19 0 675 403 384 0 384 0 0 0 106505222 48227 0 7339 197896 298724 1803152 172503 54607569 1910509297 1910509297 0 1249112360 0 11.179801 65 195 260000 65000 67 288 60 80000 125000 57 76000 21455 12 16000 25000 12 16000 25000 2445
1790009649930864 5 0 0 5 5 5 0 0 0 0 0 0 271 19 19 0 675 404 385 0 385 0 0 0 106515933 48311 0 7350 197975 298746 1803173 172582 54610750 1917033473 1917033473 0 1250635457 0 11.192299 67 201 268000 67000 275 288 60 80000 125000 57 76000 21463 12 16000 25000 12 16000 25000 2453
1790009650838777 5 0 0 5 5 5 0 0 0 0 0 0 270 19 19 0 675 405 386 0 386 0 0 0 107419280 48516 0 7369 198614 300152 1804886 172651 54958456 1918196012 1918196012 0 1252125990 0 11.111425 69 207 276000 69000 396 300 60 80000 125000 57 76000 21464 12 16000 25000 12 16000 25000 2454
1790009651203907 5 0 0 5 5 5 0 0 0 0 0 0 269 19 19 0 675 406 387 0 387 0 0 0 107782440 48637 0 7383 198898 300689 1805560 172787 55093023 1923570814 1923570814 0 1253626573 0 11.087263 67 201 268000 67000 26 274 60 80000 125000 57 76000 21472 12 16000 25000 12 16000 25000 2462
1790009651648820 5 0 0 5 5 5 0 0 0 0 0 0 268 19 17 2 675 407 388 0 388 0 0 0 108226985 48715 0 7396 199035 300698 1805565 172907 55093368 1942279392 1930251954 0 1255128439 0 11.054962 64 192 256000 64000 27 251 60 80000 125000 57 76000 21499 12 16000 25000 12 16000 25000 2485
1790009651649043 5 0 0 5 5 5 0 0 0 0 0 0 268 18 17 1 675 407 389 0 389 0 0 0 108226985 48793 0 7412 199035 300706 1805567 173026 55093368 1942279392 1936912905 0 1255128439 0 11.054954 65 195 260000 65000 184 245 60 80000 125000 51 68000 20492 12 16000 25000 12 16000 25000 2484
1790009651649168 5 0 0 5 5 5 0 0 0 0 0 0 268 17 17 0 675 407 390 0 390 0 0 0 108226985 48862 0 7426 199035 300713 1805569 173058 55093368 1942279392 1942279392 0 1255128439 0 11.054947 64 192 256000 64000 59 228 60 80000 125000 51 68000 19491 12 16000 25000 12 16000 25000 2483
1790009652206310 5 0 0 5 5 5 0 0 0 0 0 0 265 19 19 0 675 410 391 0 391 0 0 0 108781209 49013 0 7441 199503 301571 1806637 173087 55299086 1946613503 1946613503 0 1259643405 0 11.038198 62 186 248000 62000 12 208 60 80000 125000 57 76000 21505 12 16000 25000 12 16000 25000 2492
1790009652607839 5 0 0 5 5 5 0 0 0 0 0 0 264 19 19 0 675 411 392 0 392 0 0 0 109180525 49138 0 7458 199815 302239 1807388 173220 55443676 1947563283 1947563283 0 1261131060 0 11.010821 61 183 244000 61000 185 206 60 80000 125000 57 76000 21504 12 16000 25000 12 16000 25000 2493
1790009653441010 5 0 0 5 5 5 0 0 0 0 0 0 263 19 19 0 675 412 393 0 393 0 0 0 110010582 49300 0 7481 200214 303153 1808528 173353 55660666 1952949038 1952949038 0 1262347594 0 10.938304 61 183 244000 61000 140 200 60 80000 125000 57 76000 21512 12 16000 25000 12 16000 25000 2501
1790009653609006 5 0 0 5 5 5 0 0 0 0 0 0 262 19 19 0 675 413 394 0 394 0 0 0 110177340 49402 0 7495 200444 303445 1808852 173525 55721571 1959732511 1959732511 0 1263552406 0 10.932170 61 183 244000 61000 1642 407 60 80000 125000 57 76000 21520 12 16000 25000 12 16000 25000 2509
1790009653961428 5 0 0 5 5 5 0 0 0 0 0 0 261 19 19 0 675 414 395 0 395 0 0 0 110527831 49518 0 7511 200719 304020 1809515 173626 55845670 1966421958 1966421958 0 1265054526 0 10.910462 66 198 264000 66000 1267 491 60 80000 125000 57 76000 21528 12 16000 25000 12 16000 25000 2518
1790009654039963 5 0 0 5 5 5 0 0 0 0 0 0 260 19 19 0 675 415 396 0 396 0 0 0 110605698 49607 0 7525 200850 304157 1809664 173724 55873116 1971822736 1971822736 0 1266563513 0 10.915781 66 198 264000 66000 1331 573 60 80000 125000 57 76000 21536 12 16000 25000 12 16000 25000 2526
1790009654192365 5 0 0 5 5 5 0 0 0 0 0 0 259 19 19 0 675 416 397 0 397 0 0 0 110757817 49683 0 7536 200921 304166 1809670 173827 55873437 1974230714 1974230714 0 1268060495 0 10.913672 66 198 264000 66000 249 542 60 80000 125000 57 76000 21539 12 16000 25000 12 16000 25000 2529
1790009654529792 5 0 0 5 5 5 0 0 0 0 0 0 258 19 19 0 675 417 398 0 398 0 0 0 111093398 49814 0 7553 201196 304704 1810266 173922 55986627 1980981499 1980981499 0 1269557392 0 10.893551 63 189 252000 63000 18 492 60 80000 125000 57 76000 21548 12 16000 25000 12 16000 25000 2537
1790009654555586 5 0 0 5 5 5 0 0 0 0 0 0 257 19 19 0 675 418 399 0 399 0 0 0 111118728 49919 0 7565 201292 304755 1810316 174057 55995121 1987755322 1987755322 0 1271062658 0 10.903972 59 177 236000 59000 21 447 60 80000 125000 57 76000 21556 12 16000 25000 12 16000 25000 2545
1790009654939324 5 0 0 5 5 5 0 0 0 0 0 0 256 19 19 0 675 419 400 0 400 0 0 0 111502206 49997 0 7578 201348 304768 1810320 174146 55995442 1994359419 1994359419 0 1272552087 0 10.879214 62 186 248000 62000 1489 550 60 80000 125000 57 76000 21564 12 16000 25000 12 16000 25000 2553
1790009655450679 5 0 0 5 5 5 0 0 0 0 0 0 255 19 19 0 675 420 401 0 401 0 0 0 112010929 50140 0 7593 201762 305537 1811254 174248 56162298 1999873257 1999873257 0 1273788448 0 10.840333 57 171 228000 57000 16 499 60 80000 125000 57 76000 21570 12 16000 25000 12 16000 25000 2560
1790009655604335 5 0 0 5 5 5 0 0 0 0 0 0 254 19 19 0 675 421 402 0 402 0 0 0 112163554 50247 0 7608 201936 305773 1811566 174349 56214187 2000537226 2000537226 0 1275284218 0 10.838291 57 171 228000 57000 1026 551 60 80000 125000 57 76000 21571 12 16000 25000 12 16000 25000 2560
1790009655868418 5 0 0 5 5 5 0 0 0 0 0 0 253 19 18 1 675 422 403 0 403 0 0 0 112427308 50339 0 7621 202027 305781 1811572 174462 56214498 2013843839 2007236959 0 1276810555 0 10.825808 51 153 204000 51000 2 498 60 80000 125000 54 72000 21587 12 16000 25000 12 16000 25000 2577
1790009655868615 5 0 0 5 5 5 0 0 0 0 0 0 253 18 18 0 675 422 404 0 404 0 0 0 112427308 50421 0 7636 202027 305788 1811574 174550 56214498 2013843839 2013843839 0 1276810555 0 10.825800 51 153 204000 51000 55 455 60 80000 125000 54 72000 20585 12 16000 25000 12 16000 25000 2575
1790009656505280 5 0 0 5 5 5 0 0 0 0 0 0 251 19 19 0 675 424 405 0 405 0 0 0 113062167 50532 0 7654 202326 306335 1812185 174583 56318428 2020449049 2020449049 0 1279822103 0 10.790419 51 153 204000 51000 40 416 60 80000 125000 57 76000 21595 12 16000 25000 12 16000 25000 2585
1790009656759892 5 0 0 5 5 5 0 0 0 0 0 0 250 19 17 2 675 425 406 0 406 0 0 0 113316401 50618 0 7666 202452 306344 1812191 174715 56318723 2040389942 2027075976 0 1281317000 0 10.778788 50 150 200000 50000 49 381 60 80000 125000 57 76000 21622 12 16000 25000 12 16000 25000 2610
1790009656760090 5 0 0 5 5 5 0 0 0 0 0 0 250 18 17 1 675 425 407 0 407 0 0 0 113316401 50691 0 7682 202452 306351 1812192 174813 56318723 2040389942 2033794706 0 1281317000 0 10.778782 48 144 192000 48000 29 348 60 80000 125000 54 72000 20617 12 16000 25000 12 16000 25000 2608
1790009656760222 5 0 0 5 5 5 0 0 0 0 0 0 250 17 17 0 675 425 408 0 408 0 0 0 113316401 50758 0 7694 202462 306358 1812194 174844 56318723 2040389942 2040389942 0 1281317000 0 10.778775 49 147 196000 49000 49 320 60 80000 125000 51 68000 19613 12 16000 25000 12 16000 25000 2607
1790009656933968 5 0 0 5 5 5 0 0 0 0 0 0 247 19 19 0 675 428 409 0 409 0 0 0 113327117 50848 0 7707 202599 306377 1974930 174874 56320395 2045673682 2045673682 0 1285537991 0 10.813253 47 141 188000 47000 27 293 60 80000 125000 57 76000 21628 12 16000 25000 12 16000 25000 2618
1790009657434095 5 0 0 5 5 5 0 0 0 0 0 0 246 19 19 0 675 429 410 0 410 0 0 0 113332522 50933 0 7723 202690 306391 2469329 174987 56321455 2052254607 2052254607 0 1287044767 0 10.825403 44 132 176000 44000 12 266 60 80000 125000 57 76000 21636 12 16000 25000 12 16000 25000 2626
1790009657600481 5 0 0 5 5 5 0 0 0 0 0 0 245 19 19 0 675 430 411 0 411 0 0 0 113398671 51029 0 7743 202782 306408 2569247 175083 56322758 2057634926 2057634926 0 1288278220 0 10.829450 44 132 176000 44000 480 288 60 80000 125000 57 76000 21645 12 16000 25000 12 16000 25000 2634
1790009657760788 5 0 0 5 5 5 0 0 0 0 0 0 244 19 19 0 675 431 412 0 412 0 0 0 113403689 51105 0 7754 202881 306421 2724225 175185 56323821 2061950557 2061950557 0 1289782698 0 10.841610 45 135 180000 45000 408 300 60 80000 125000 57 76000 21652 12 16000 25000 12 16000 25000 2641
1790009658093847 5 0 0 5 5 5 0 0 0 0 0 0 243 19 19 0 675 432 413 0 413 0 0 0 113408784 51194 0 7768 202976 306435 3051867 175286 56324891 2063276051 2063276051 0 1291280519 0 10.853704 46 138 184000 46000 1253 394 60 80000 125000 57 76000 21653 12 16000 25000 12 16000 25000 2642
1790009658272512 5 0 0 5 5 5 0 0 0 0 0 0 242 19 19 0 675 433 414 0 414 0 0 0 113415075 51280 0 7782 203068 306450 3223935 175378 56326204 2068693422 2068693422 0 1292769615 0 10.865610 46 138 184000 46000 261 382 60 80000 125000 57 76000 21660 12 16000 25000 12 16000 25000 2649
1790009658296277 5 0 0 5 5 5 0 0 0 0 0 0 241 19 19 0 675 434 415 0 415 0 0 0 113438583 51367 0 7793 203113 306459 3223941 175466 56326489 2075323691 2075323691 0 1294270519 0 10.875963 44 132 176000 44000 22 347 60 80000 125000 57 76000 21668 12 16000 25000 12 16000 25000 2657
1790009658698203 5 0 0 5 5 5 0 0 0 0 0 0 240 19 19 0 675 435 416 0 416 0 0 0 113445258 51453 0 7806 203251 306475 3618818 175574 56327787 2079828367 2079828367 0 1295769737 0 10.887913 46 138 184000 46000 532 366 60 80000 125000 57 76000 21676 12 16000 25000 12 16000 25000 2663
1790009658754386 5 0 0 5 5 5 0 0 0 0 0 0 239 19 19 0 675 436 417 0 417 0 0 0 113450272 51531 0 7818 203355 306487 3669596 175744 56328789 2080817735 2080817735 0 1297270746 0 10.900036 45 135 180000 45000 30 319 60 80000 125000 57 76000 21677 12 16000 25000 12 16000 25000 2665
1790009659620280 5 0 0 5 5 5 0 0 0 0 0 0 239 18 18 0 675 436 418 0 418 0 0 0 113452050 51623 0 7832 203428 306499 4533420 175839 56329299 2082134974 2082134974 0 1297270746 0 10.899857 44 132 176000 44000 276 315 60 80000 125000 54 72000 20673 12 16000 25000 12 16000 25000 2664
1790009659751126 5 0 0 5 5 5 0 0 0 0 0 0 239 17 17 0 675 436 419 0 419 0 0 0 113453674 51697 0 7844 203489 306510 4662380 175935 56329803 2087918605 2087918605 0 1297270746 0 10.899694 44 132 176000 44000 219 307 60 80000 125000 51 68000 19678 12 16000 25000 12 16000 25000 2670
1790009660724935 5 0 0 5 5 5 0 0 0 0 0 0 239 16 15 1 675 436 420 0 420 0 0 0 113455464 61981 0 7866 203704 704044 5226281 175993 56330313 2099988176 2094612176 0 1297270746 0 10.898535 46 138 184000 46000 1062 416 60 80000 125000 48 64000 18690 12 16000 25000 12 16000 25000 2683
1790009660725265 5 0 0 5 5 5 0 0 0 0 0 0 239 15 15 0 675 436 421 0 421 0 0 0 113455464 62062 0 7886 203704 704052 5226284 176206 56330313 2099988176 2099988176 0 1297270746 0 10.898527 45 135 180000 45000 18 379 60 80000 125000 45 60000 17685 12 16000 25000 12 16000 25000 2682
1790009660728301 5 0 0 5 5 5 0 0 0 0 0 0 239 14 14 0 675 436 422 0 422 0 0 0 113458048 62148 0 7905 203762 704064 5226524 176244 56330862 2106500413 2106500413 0 1297270746 0 10.898270 42 126 168000 42000 14 344 60 80000 125000 42 56000 16692 12 16000 25000 12 16000 25000 2689
1790009661264458 5 0 0 5 5 5 0 0 0 0 0 0 239 13 13 0 675 436 423 0 423 0 0 0 113459706 62248 0 7926 203824 704076 5760787 176288 56331372 2113229290 2113229290 0 1297270746 0 10.898102 43 129 172000 43000 284 339 60 80000 125000 39 52000 15699 12 16000 25000 12 16000 25000 2695
1790009662154566 5 0 0 5 5 5 0 0 0 0 0 0 239 12 12 0 675 436 424 0 424 0 0 0 113462371 62341 0 7944 203913 704091 6647963 176342 56332150 2118613094 2118613094 0 1297270746 0 10.897837 43 129 172000 43000 1321 436 60 80000 125000 36 48000 14705 12 16000 25000 12 16000 25000 2701
1790009662230167 5 0 0 5 5 5 0 0 0 0 0 0 239 11 11 0 675 436 425 0 425 0 0 0 113464005 62426 0 7959 204004 704107 6721619 176441 56332669 2125386857 2125386857 0 1297270746 0 10.897672 44 132 176000 44000 907 483 60 80000 125000 33 44000 13712 12 16000 25000 12 16000 25000 2708
1790009662418722 5 0 0 5 5 5 0 0 0 0 0 0 239 10 10 0 675 436 426 0 426 0 0 0 113465654 62507 0 7973 204066 704123 6908301 176488 56333182 2131935806 2131935806 0 1297270746 0 10.897506 45 135 180000 45000 1330 567 60 80000 125000 30 40000 12719 12 16000 25000 12 16000 25000 2714
1790009662437349 5 0 0 5 5 5 0 0 0 0 0 0 239 9 9 0 675 436 427 0 427 0 0 0 113468096 62588 0 7986 204133 704139 6924258 176535 56333934 2137434137 2137434137 0 1297270746 0 10.897264 44 132 176000 44000 25 515 60 80000 125000 27 36000 11726 12 16000 25000 12 16000 25000 2721
1790009662569482 5 0 0 5 5 5 0 0 0 0 0 0 239 8 8 0 675 436 428 0 428 0 0 0 113469747 62665 0 7997 204229 704151 7054486 176582 56334441 2144031764 2144031764 0 1297270746 0 10.897098 44 132 176000 44000 1249 587 60 80000 125000 24 32000 10730 12 16000 25000 12 16000 25000 2727
1790009662854783 5 0 0 5 5 5 0 0 0 0 0 0 239 7 7 0 675 436 429 0 429 0 0 0 113471407 62748 0 8010 204402 704162 7337791 176633 56334954 2150688454 2150688454 0 1297270746 0 10.896930 45 135 180000 45000 65 537 60 80000 125000 21 28000 9737 12 16000 25000 12 16000 25000 2734
1790009662865430 5 0 0 5 5 5 0 0 0 0 0 0 239 6 6 0 675 436 430 0 430 0 0 0 113473870 62835 0 8024 204645 704174 7345571 176677 56335718 2156053922 2156053922 0 1297270746 0 10.896686 44 132 176000 44000 30 488 60 80000 125000 18 24000 8742 12 16000 25000 12 16000 25000 2740
1790009662927559 5 0 0 5 5 5 0 0 0 0 0 0 239 5 5 0 675 436 431 0 431 0 0 0 113475547 62920 0 8041 204703 704190 7405808 176718 56336233 2161376743 2161376743 0 1297270746 0 10.896517 45 135 180000 45000 83 449 60 80000 125000 15 20000 7749 12 16000 25000 12 16000 25000 2746
1790009663267620 5 0 1 4 5 5 0 0 0 0 0 0 239 4 4 0 675 436 432 0 432 0 0 0 113477219 63007 0 8054 204768 704204 7743964 176768 56336754 2167877594 2167877594 0 1297270746 0 10.896348 46 138 184000 46000 1468 549 60 80000 125000 12 16000 6755 12 16000 25000 12 16000 25000 2753
1790009663348892 5 0 1 4 5 5 0 0 0 0 0 0 238 4 4 0 675 437 433 0 433 0 0 0 113496432 63089 0 8068 205163 704249 7805428 176813 56339201 2174465571 2174465571 0 1297270746 0 10.894496 47 141 188000 47000 1103 604 60 80000 125000 21 28000 11971 12 16000 25000 12 16000 25000 3882
1790009684929541 5 0 1 4 5 5 0 0 0 0 0 0 237 5 5 0 675 437 433 0 433 0 0 0 113496432 63089 0 8068 205163 704249 7805431 176877 56339301 2174465571 2174465571 0 1644474054 0 13.810314 45 135 180000 45000 26 576 60 80000 125000 21 28000 11971 12 16000 25000 12 16000 25000 4213
1790009684929761 5 0 0 5 5 5 0 0 0 0 0 0 237 5 5 0 675 438 433 0 433 0 0 0 135077215 63089 0 8068 205163 704249 7805431 176877 56339301 2174465571 2174465571 0 1644474054 0 11.604922 45 135 180000 45000 26 549 60 80000 125000 33 44000 14302 12 16000 25000 12 16000 25000 4213
1790009684934862 5 0 1 4 5 5 0 0 0 0 0 0 237 4 1 3 675 438 434 0 434 0 0 0 135077215 63176 0 8082 209982 704322 7805435 176977 56339301 2191604068 2174694364 0 1644474054 0 11.604914 45 135 180000 45000 26 476 60 80000 125000 21 28000 9676 12 16000 25000 12 16000 25000 4236
1790009684935040 5 0 2 3 5 5 0 0 0 0 0 0 237 3 1 2 675 438 435 0 435 0 0 0 135077215 63251 0 8098 209982 704329 7805438 177054 56339301 2191604068 2180947634 0 1644474054 0 11.604908 10 32 42449 10817 1 431 60 80000 125000 18 24000 8674 12 16000 25000 12 16000 25000 4235
1790009684935167 5 0 3 2 5 5 0 0 0 0 0 0 237 2 1 1 675 438 436 0 436 0 0 0 135077215 63325 0 8112 209982 704336 7805440 177083 56339301 2191604068 2186254983 0 1644474054 0 11.604902 10 32 42449 10817 1 390 60 80000 125000 15 20000 7670 12 16000 25000 12 16000 25000 4233
1790009684935302 5 0 4 1 5 5 0 0 0 0 0 0 237 1 1 0 675 438 437 0 437 0 0 0 135077215 63399 0 8127 209982 704343 7805443 177119 56339301 2191604068 2191604068 0 1644474054 0 11.604895 10 32 42449 10817 1 353 60 80000 125000 12 16000 6667 12 16000 25000 12 16000 25000 4232
1790009685160211 5 0 3 2 5 5 0 0 0 0 0 0 235 2 2 0 675 440 438 0 438 0 0 0 135116705 63474 0 8128 211239 704458 7989321 177153 56339981 2191821422 2191821422 0 1644474054 0 11.601499 10 32 42449 10817 1 320 60 80000 125000 24 32000 13010 12 16000 25000 12 16000 25000 5292
1790009686271807 5 0 2 3 5 5 0 0 0 0 0 0 233 3 3 0 675 442 439 0 439 0 0 0 135306659 63594 0 8138 215372 704842 8906119 177221 56340247 2192199742 2192199742 0 1644474054 0 11.585209 10 34 44898 11633 30 293 60 80000 125000 36 48000 14728 12 16000 25000 12 16000 25000 5292
1790009686623719 5 0 2 3 5 5 0 0 0 0 0 0 232 3 3 0 675 443 440 0 440 0 0 0 135311098 63663 0 8138 215453 704854 9253315 177317 56340489 2192544787 2192544787 0 1644474054 0 11.584823 10 36 47347 12449 1 266 60 80000 125000 36 48000 11729 12 16000 25000 12 16000 25000 5293
1790009688036419 5 0 1 4 5 5 0 0 0 0 0 0 224 10 10 0 675 451 441 0 441 0 0 0 135628495 64887 0 9292 215680 704904 10346921 177485 56341263 2195322063 2195322063 0 1657344146 0 11.648074 10 38 49796 13266 47 246 60 80000 125000 48 64000 16989 12 16000 25000 12 16000 25000 4974
1790009688515885 5 0 0 5 5 5 0 0 0 0 0 0 220 13 13 0 675 455 442 0 442 0 0 0 135791882 64982 0 9309 215869 704925 10662532 177628 56344041 2196112371 2196112371 0 1663969305 0 11.680564 10 40 52245 13470 1 223 60 80000 125000 57 76000 19999 12 16000 25000 12 16000 25000 4979
1790009689286781 5 0 0 5 5 5 0 0 0 0 0 0 219 13 13 0 675 456 443 0 443 0 0 0 135796959 65074 0 9325 215965 704943 11427949 177802 56346395 2197355189 2197355189 0 1665601947 0 11.691580 10 40 52245 13470 135 215 60 80000 125000 57 76000 19993 12 16000 25000 12 16000 25000 4981
1790009689849941 5 0 0 5 5 5 0 0 0 0 0 0 218 13 13 0 675 457 444 0 444 0 0 0 135912277 65165 0 9342 216078 704960 11875423 177925 56348747 2198683008 2198683008 0 1666891692 0 11.690702 10 40 52245 13470 116 207 60 80000 125000 57 76000 19994 12 16000 25000 12 16000 25000 4981
1790009690035576 5 0 0 5 5 5 0 0 0 0 0 0 217 13 13 0 675 458 445 0 445 0 0 0 136007625 65242 0 9355 216160 704972 11965383 178058 56350576 2200727240 2200727240 0 1668543852 0 11.694083 10 40 52245 13470 231 211 60 80000 125000 57 76000 19996 12 16000 25000 12 16000 25000 4984
1790009693961676 5 0 0 5 5 5 0 0 0 0 0 0 216 13 13 0 675 459 446 0 446 0 0 0 136085054 65333 0 9372 216267 704993 15813704 178162 56353715 2206919978 2206919978 0 1670190803 0 11.698961 10 40 52245 13470 10 183 60 80000 125000 57 76000 20004 12 16000 25000 12 16000 25000 4992
1790009694075816 5 0 0 5 5 5 0 0 0 0 0 0 215 13 13 0 675 460 447 0 447 0 0 0 136169672 65419 0 9387 216342 705008 15842897 178290 56355480 2213266477 2213266477 0 1671837257 0 11.703213 10 40 52245 13470 139 179 60 80000 125000 57 76000 20013 12 16000 25000 12 16000 25000 5000
1790009694492361 5 0 0 5 5 5 0 0 0 0 0 0 214 13 13 0 675 461 448 0 448 0 0 0 136184960 65502 0 9401 216435 705023 16243855 178376 56357284 2219656400 2219656400 0 1673427893 0 11.713026 10 40 52245 13470 828 243 60 80000 125000 57 76000 20015 12 16000 25000 12 16000 25000 5008
1790009694496368 5 0 0 5 5 5 0 0 0 0 0 0 213 13 13 0 675 462 449 0 449 0 0 0 136188661 65576 0 9412 216501 705036 16243864 178501 56358618 2225954644 2225954644 0 1674746713 0 11.721932 10 40 52245 13470 98 230 60 80000 125000 57 76000 20023 12 16000 25000 12 16000 25000 5016
1790009694710140 5 0 0 5 5 5 0 0 0 0 0 0 212 13 13 0 675 463 450 0 450 0 0 0 136402170 65658 0 9425 216571 705044 16243869 178575 56359090 2232608792 2232608792 0 1676406685 0 11.715186 10 40 52245 13470 1211 327 60 80000 125000 57 76000 20031 12 16000 25000 12 16000 25000 5024
1790009694743555 5 0 0 5 5 5 0 0 0 0 0 0 211 13 13 0 675 464 451 0 451 0 0 0 136407453 65740 0 9436 216665 705059 16271695 178671 56361281 2239310666 2239310666 0 1678053229 0 11.726232 10 40 52245 13470 266 322 60 80000 125000 57 76000 20039 12 16000 25000 12 16000 25000 5033
1790009694756007 5 0 0 5 5 5 0 0 0 0 0 0 210 13 13 0 675 465 452 0 452 0 0 0 136412285 65817 0 9448 216753 705074 16279037 178751 56363439 2246030485 2246030485 0 1679701907 0 11.737330 10 40 52245 13470 699 359 60 80000 125000 57 76000 20047 12 16000 25000 12 16000 25000 5041
1790009694818207 5 0 0 5 5 5 0 0 0 0 0 0 209 13 13 0 675 466 453 0 453 0 0 0 136467591 65895 0 9462 216823 705087 16285683 178817 56365175 2252647455 2252647455 0 1681342385 0 11.744028 10 40 52245 13470 144 339 60 80000 125000 57 76000 20056 12 16000 25000 12 16000 25000 5049
1790009694901036 5 0 0 5 5 5 0 0 0 0 0 0 208 13 13 0 675 467 454 0 454 0 0 0 136550182 65971 0 9474 216876 705095 16285688 178895 56365631 2258122741 2258122741 0 1682946192 0 11.748117 10 40 52245 13470 957 400 60 80000 125000 57 76000 20062 12 16000 25000 12 16000 25000 5056
1790009694913733 5 0 0 5 5 5 0 0 0 0 0 0 207 13 13 0 675 468 455 0 455 0 0 0 136555327 66049 0 9489 216974 705114 16292956 178958 56367764 2264841734 2264841734 0 1684605783 0 11.759253 10 40 52245 13470 40 365 60 80000 125000 57 76000 20071 12 16000 25000 12 16000 25000 5064
1790009695479466 5 0 0 5 5 5 0 0 0 0 0 0 206 13 13 0 675 469 456 0 456 0 0 0 136560103 66155 0 9502 217074 705130 16853596 179032 56369888 2265572760 2265572760 0 1686204201 0 11.769990 10 40 52245 13470 72 338 60 80000 125000 57 76000 20072 12 16000 25000 12 16000 25000 5065
1790009695536295 5 0 0 5 5 5 0 0 0 0 0 0 205 13 13 0 675 470 457 0 457 0 0 0 136566435 66233 0 9515 217179 705148 16903763 179143 56372012 2266206879 2266206879 0 1687837180 0 11.780835 10 40 52245 13470 163 315 60 80000 125000 57 76000 20071 12 16000 25000 12 16000 25000 5065
1790009695680027 5 0 0 5 5 5 0 0 0 0 0 0 204 13 13 0 675 471 458 0 458 0 0 0 136571694 66326 0 9534 217283 705162 17041915 179234 56374197 2267796270 2267796270 0 1689485281 0 11.791877 10 40 52245 13470 8 286 60 80000 125000 57 76000 20073 12 16000 25000 12 16000 25000 5067
1790009696732656 5 0 0 5 5 5 0 0 0 0 0 0 203 13 13 0 675 472 459 0 459 0 0 0 136577755 66414 0 9547 217419 705187 18088086 179356 56376730 2274584256 2274584256 0 1691068469 0 11.802396 10 40 52245 13470 111 270 60 80000 125000 57 76000 20082 12 16000 25000 12 16000 25000 5075
1790009696814993 5 0 0 5 5 5 0 0 0 0 0 0 202 13 13 0 675 473 460 0 460 0 0 0 136659805 66494 0 9559 217471 705194 18088090 179480 56377174 2281227678 2281227678 0 1692721509 0 11.806836 10 40 52245 13470 72 252 60 80000 125000 57 76000 20090 12 16000 25000 12 16000 25000 5083
1790009696939210 5 0 0 5 5 5 0 0 0 0 0 0 201 13 13 0 675 474 461 0 461 0 0 0 136705191 66572 0 9571 217572 705207 18166649 179541 56379183 2282481601 2282481601 0 1694318825 0 11.814049 10 40 52245 13470 49 233 60 80000 125000 57 76000 20091 12 16000 25000 12 16000 25000 5085
1790009697433679 5 0 0 5 5 5 0 0 0 0 0 0 200 13 13 0 675 475 462 0 462 0 0 0 136710114 66666 0 9583 218234 705224 18655321 179622 56381189 2284996056 2284996056 0 1695961808 0 11.825072 10 40 52245 13470 262 237 60 80000 125000 57 76000 20094 12 16000 25000 12 16000 25000 5087
1790009699583246 5 0 0 5 5 5 0 0 0 0 0 0 199 13 13 0 675 476 463 0 463 0 0 0 136727058 66762 0 9599 218370 705246 20787554 179735 56384103 2290080504 2290080504 0 1697571148 0 11.834818 10 40 52245 13470 492 263 60 80000 125000 57 76000 20101 12 16000 25000 12 16000 25000 5094
1790009700268062 5 0 1 4 5 5 0 0 0 0 0 0 198 13 13 0 675 477 464 0 464 0 0 0 136732075 66857 0 9611 218479 705320 21466909 179876 56386150 2303716735 2303716735 0 1699164772 0 11.845486 10 40 52245 13470 847 321 60 80000 125000 48 64000 19103 12 16000 25000 12 16000 25000 5096
1790009700393221 5 0 0 5 5 5 0 0 0 0 0 0 197 13 13 0 675 478 465 0 465 0 0 0 136735748 66934 0 9624 218567 705336 21588065 180006 56388205 2310061279 2310061279 0 1699164772 0 11.845161 10 42 54694 13674 1232 411 60 80000 125000 57 76000 20107 12 16000 25000 12 16000 25000 5102
1790009701066465 5 0 0 5 5 5 0 0 0 0 0 0 196 13 13 0 675 479 466 0 466 0 0 0 136780471 67029 0 9638 218669 705350 22216212 180149 56389851 2316416337 2316416337 0 1700481067 0 11.850455 10 42 54694 13674 74 379 60 80000 125000 57 76000 20116 12 16000 25000 12 16000 25000 5111
1790009701160906 5 0 1 4 5 5 0 0 0 0 0 0 195 13 13 0 675 480 467 0 467 0 0 0 136785382 67109 0 9639 218748 705368 22305412 180284 56392016 2317303543 2317303543 0 1701769842 0 11.859004 10 42 54694 13674 30 331 60 80000 125000 48 64000 19119 12 16000 25000 12 16000 25000 5112
1790009701356241 5 0 0 5 5 5 0 0 0 0 0 0 194 13 13 0 675 481 468 0 468 0 0 0 136791217 67202 0 9650 218821 705383 22494625 180370 56393862 2323849262 2323849262 0 1701769842 0 11.858490 10 43 57143 13878 168 316 60 80000 125000 57 76000 20124 12 16000 25000 12 16000 25000 5118
1790009701470642 5 0 0 5 5 5 0 0 0 0 0 0 193 13 13 0 675 482 469 0 469 0 0 0 136804288 67290 0 9663 218903 705404 22595688 180428 56395520 2330413646 2330413646 0 1703402528 0 11.868726 10 43 57143 13878 121 298 60 80000 125000 57 76000 20132 12 16000 25000 12 16000 25000 5126
1790009701512359 5 0 0 5 5 5 0 0 0 0 0 0 192 13 13 0 675 483 470 0 470 0 0 0 136808590 67377 0 9675 219002 705421 22632812 180496 56397533 2337210570 2337210570 0 1704999492 0 11.879472 10 43 57143 13878 1385 405 60 80000 125000 57 76000 20140 12 16000 25000 12 16000 25000 5135
1790009701641136 5 0 1 4 5 5 0 0 0 0 0 0 191 13 13 0 675 484 471 0 471 0 0 0 136822776 67461 0 9688 219080 705487 22747077 180571 56399156 2353559562 2353559562 0 1706728980 0 11.890283 10 43 57143 13878 1450 508 60 80000 125000 48 64000 19144 12 16000 25000 12 16000 25000 5137
1790009702067546 5 0 0 5 5 5 0 0 0 0 0 0 190 13 13 0 675 485 472 0 472 0 0 0 136825648 67556 0 9707 219198 705512 23170283 180646 56400776 2354257948 2354257948 0 1706728980 0 11.890025 10 45 59592 14082 125 471 60 80000 125000 57 76000 20141 12 16000 25000 12 16000 25000 5135
1790009702130517 5 0 0 5 5 5 0 0 0 0 0 0 189 13 13 0 675 486 473 0 473 0 0 0 136839824 67634 0 9719 219281 705537 23218755 180764 56402399 2360903103 2360903103 0 1708361580 0 11.900159 10 45 59592 14082 56 432 60 80000 125000 57 76000 20149 12 16000 25000 12 16000 25000 5143
1790009702425013 5 0 0 5 5 5 0 0 0 0 0 0 188 13 13 0 675 487 474 0 474 0 0 0 137134087 67713 0 9731 219337 705546 23218761 180830 56402845 2367743277 2367743277 0 1709978051 0 11.885866 10 45 59592 14082 1213 510 60 80000 125000 57 76000 20157 12 16000 25000 12 16000 25000 5152
1790009702639534 5 0 1 4 5 5 0 0 0 0 0 0 187 13 13 0 675 488 475 0 475 0 0 0 137208849 67796 0 9731 219425 705568 23358237 180902 56404999 2368732818 2368732818 0 1711600319 0 11.890655 10 45 59592 14082 143 475 60 80000 125000 48 64000 19161 12 16000 25000 12 16000 25000 5153
1790009703211003 5 0 0 5 5 5 0 0 0 0 0 0 186 13 13 0 675 489 476 0 476 0 0 0 137213911 67877 0 9746 219493 705582 23924365 180996 56406804 2374999755 2374999755 0 1711600319 0 11.890210 10 47 62041 14286 115 440 60 80000 125000 57 76000 20165 12 16000 25000 12 16000 25000 5160
1790009703435012 5 0 1 4 5 5 0 0 0 0 0 0 185 13 13 0 675 490 477 0 477 0 0 0 137407553 67974 0 9768 219567 705655 23954416 181050 56408421 2377261394 2377261394 0 1713238259 0 11.884816 10 47 62041 14286 1401 535 60 80000 125000 48 64000 20554 12 16000 25000 12 16000 25000 6546
1790009703440277 5 0 0 5 5 5 0 0 0 0 0 0 184 13 13 0 675 491 478 0 478 0 0 0 137409159 68051 0 9781 219617 705665 23957852 181117 56409568 2383885698 2383885698 0 1713238259 0 11.884670 10 49 64490 14490 192 502 60 80000 125000 57 76000 21558 12 16000 25000 12 16000 25000 6552
1790009703534064 5 0 0 5 5 5 0 0 0 0 0 0 183 13 13 0 675 492 479 0 479 0 0 0 137502505 68125 0 9793 219676 705673 23957855 181392 56409977 2390490735 2390490735 0 1714889939 0 11.888050 10 49 64490 14490 80 461 60 80000 125000 57 76000 21567 12 16000 25000 12 16000 25000 6561
1790009703738030 5 0 1 4 5 5 0 0 0 0 0 0 182 13 13 0 675 493 480 0 480 0 0 0 137706265 68205 0 9794 219724 705680 23957860 181440 56410404 2390691997 2390691997 0 1716544731 0 11.881916 10 49 64490 14490 59 422 60 80000 125000 48 64000 20568 12 16000 25000 12 16000 25000 6562
1790009703972095 5 0 0 5 5 5 0 0 0 0 0 0 181 13 13 0 675 494 481 0 481 0 0 0 137709371 68292 0 9808 219809 705697 24188540 181509 56412698 2397217131 2397217131 0 1716544731 0 11.881640 10 51 66939 14694 2 382 60 80000 125000 57 76000 21574 12 16000 25000 12 16000 25000 6569
1790009705622084 5 0 0 5 5 5 0 0 0 0 0 0 180 13 13 0 675 495 482 0 482 0 0 0 137714203 68394 0 9825 219923 705721 25833374 181574 56415464 2402400543 2402400543 0 1718142932 0 11.892277 10 51 66939 14694 508 395 60 80000 125000 57 76000 21582 12 16000 25000 12 16000 25000 6576
1790009705890127 5 0 1 4 5 5 0 0 0 0 0 0 179 13 13 0 675 496 483 0 483 0 0 0 137788758 68492 0 9848 219996 705795 26026479 181692 56416959 2405623826 2405623826 0 1719739660 0 11.896883 10 51 66939 14694 116 369 60 80000 125000 48 64000 21977 12 16000 25000 12 16000 25000 7969
1790009705980362 5 0 0 5 5 5 0 0 0 0 0 0 178 13 13 0 675 497 484 0 484 0 0 0 137791334 68573 0 9861 220074 705809 26113881 181756 56418843 2412014237 2412014237 0 1719739660 0 11.896653 10 51 66939 14082 121 346 60 80000 125000 57 76000 22981 12 16000 25000 12 16000 25000 7976
1790009706138623 5 0 1 4 5 5 0 0 0 0 0 0 177 13 13 0 675 498 485 0 485 0 0 0 137795686 68647 0 9862 220149 705826 26267556 181788 56420774 2412251248 2412251248 0 1721414408 0 11.907857 10 51 66939 14082 1020 412 60 80000 125000 48 64000 21985 12 16000 25000 12 16000 25000 7978
1790009706191550 5 0 0 5 5 5 0 0 0 0 0 0 176 13 13 0 675 499 486 0 486 0 0 0 137797758 68724 0 9873 220216 705839 26318147 181878 56422252 2417371757 2417371757 0 1721414408 0 11.907671 10 53 69388 14286 21 358 60 80000 125000 57 76000 22988 12 16000 25000 12 16000 25000 7983
1790009713514965 5 0 0 5 5 5 0 0 0 0 0 0 175 13 13 0 675 500 487 0 487 0 0 0 137801335 68726 0 7303602 220288 705846 26344041 181907 56424124 2419847780 2419847780 0 1722703094 414780480 14.785394 10 53 69388 14286 1239 403 60 80000 125000 60 80000 24388 12 16000 25000 12 16000 25000 7984
1790009713514993 5 0 1 4 5 5 0 0 0 0 0 0 175 13 13 0 675 500 487 0 487 0 0 0 137801335 7362569 0 7303602 220288 705846 26344041 181907 56424124 2419847780 2419847780 0 1722703094 414780480 14.042494 10 53 69388 14286 1239 485 60 80000 125000 48 64000 21992 12 16000 25000 12 16000 25000 7984
1790009719962706 5 0 1 4 5 5 0 0 0 0 0 0 175 12 0 12 675 500 488 0 488 0 0 0 137801335 7362569 0 13750499 220788 705859 26344047 182090 56424124 2499251535 2423001956 0 1722703094 829560960 16.767451 10 53 69388 13674 1 438 60 80000 125000 48 64000 22500 12 16000 25000 12 16000 25000 8080
1790009719962739 5 0 2 3 5 5 0 0 0 0 0 0 175 12 0 12 675 500 488 0 488 0 0 0 137801335 13809597 0 13750499 220788 705859 26344047 182090 56424124 2499251535 2423001956 0 1722703094 829560960 16.054440 10 53 69388 13674 1 397 60 80000 125000 36 48000 20104 12 16000 25000 12 16000 25000 8080
1790009719963043 5 0 3 2 5 5 0 0 0 0 0 0 175 11 0 11 675 500 489 0 489 0 0 0 137801335 13809685 0 13750518 220788 705877 26344054 182264 56424124 2499251535 2429472402 0 1722703094 829560960 16.054431 10 53 69388 13062 1 343 60 80000 125000 24 32000 19093 12 16000 25000 12 16000 25000 8078
1790009719963308 5 0 3 2 5 5 0 0 0 0 0 0 175 8 0 8 675 500 492 0 492 0 0 0 137801335 13809899 0 13750551 220788 705884 26344056 182290 56424124 2499251535 2449191707 0 1722703094 829560960 16.054408 10 49 64490 12041 1 281 60 80000 125000 24 32000 16089 12 16000 25000 12 16000 25000 8074
1790009719963541 5 0 4 1 5 5 0 0 0 0 0 0 175 7 0 7 675 500 493 0 493 0 0 0 137801335 13809978 0 13750568 220788 705918 26344058 182391 56424124 2499251535 2455912636 0 1722703094 829560960 16.054400 10 49 64490 12041 1 254 60 80000 125000 12 16000 15081 12 16000 25000 12 16000 25000 8072
1790009719963790 5 0 4 1 5 5 0 0 0 0 0 0 175 4 0 4 675 500 496 0 496 0 0 0 137801335 13810172 0 13750601 220788 705925 26344060 182421 56424124 2499251535 2473820204 0 1722703094 829560960 16.054380 10 49 64490 12041 1 209 60 80000 125000 12 16000 12076 12 16000 25000 12 16000 25000 8068
1790009719963980 5 0 5 0 5 5 0 0 0 0 0 0 175 3 0 3 675 500 497 0 497 0 0 0 137801335 13810244 0 13750617 220788 705949 26344062 182496 56424124 2499251535 2480402121 0 1722703094 829560960 16.054372 10 49 64490 12041 1 190 60 80000 125000 0 0 11068 12 16000 25000 12 16000 25000 8066
1790009719964225 5 0 5 0 5 5 0 0 0 0 0 0 175 0 0 0 675 500 500 0 500 0 0 0 137801335 13810436 0 13750653 220788 705956 26344064 182524 56424124 2499251535 2499251535 0 1722703094 829560960 16.054352 10 49 64490 12041 1 156 60 80000 125000 0 0 8063 12 16000 25000 12 16000 25000 8061
1790009721167261 5 0 0 5 5 5 0 0 0 0 0 0 155 19 18 1 675 520 501 0 501 0 0 0 138725004 13810575 0 13750671 452392 753475 26344073 182598 56424783 2500512200 2499926635 0 1755437301 829560960 16.161780 10 49 64490 12041 1 135 60 80000 125000 54 72000 27127 12 16000 25000 12 16000 25000 8092
1790009721167588 5 0 0 5 5 5 0 0 0 0 0 0 155 18 18 0 675 520 502 0 502 0 0 0 138725004 13810664 0 13750689 452392 753482 26344077 182803 56424783 2500512200 2500512200 0 1755437301 829560960 16.161770 10 49 64490 12041 2 123 60 80000 125000 54 72000 26126 12 16000 25000 12 16000 25000 8090
1790009721221462 5 0 0 5 5 5 0 0 0 0 0 0 153 19 19 0 675 522 503 0 503 0 0 0 138778632 13810763 0 13750705 452468 753491 26344082 182840 56425216 2501347183 2501347183 0 1758680858 829560960 16.176352 10 49 64490 12041 1 112 60 80000 125000 57 76000 27125 12 16000 25000 12 16000 25000 8093
1790009721395905 5 0 0 5 5 5 0 0 0 0 0 0 152 19 19 0 675 523 504 0 504 0 0 0 138952830 13810850 0 13750717 452531 753499 26344088 182905 56425562 2502690866 2502690866 0 1760278789 829560960 16.167872 10 49 64490 12041 31 105 60 80000 125000 57 76000 27124 12 16000 25000 12 16000 25000 8094
1790009721542092 5 0 0 5 5 5 0 0 0 0 0 0 151 19 19 0 675 524 505 0 505 0 0 0 138956129 13810938 0 13750733 452615 753522 26486478 182949 56427134 2503875007 2503875007 0 1761860458 829560960 16.177388 10 49 64490 12041 16 97 60 80000 125000 57 76000 27119 12 16000 25000 12 16000 25000 8095
1790009722090694 5 0 0 5 5 5 0 0 0 0 0 0 150 19 19 0 675 525 506 0 506 0 0 0 138959750 13811040 0 13750750 452703 753541 27031178 182999 56428694 2505102386 2505102386 0 1763505614 829560960 16.187263 10 49 64490 12041 256 113 60 80000 125000 57 76000 27112 12 16000 25000 12 16000 25000 8096
1790009722269095 5 0 0 5 5 5 0 0 0 0 0 0 149 19 19 0 675 526 507 0 507 0 0 0 138963626 13811128 0 13750765 452790 753561 27205428 183060 56430582 2505968924 2505968924 0 1765149707 829560960 16.197106 10 49 64490 12041 103 113 60 80000 125000 57 76000 27113 12 16000 25000 12 16000 25000 8097
1790009722967188 5 0 0 5 5 5 0 0 0 0 0 0 148 19 19 0 675 527 508 0 508 0 0 0 138966887 13811223 0 13750781 452882 753585 27899979 183112 56432113 2508058677 2508058677 0 1766746637 829560960 16.206719 10 49 64490 12041 134 116 60 80000 125000 57 76000 27109 12 16000 25000 12 16000 25000 8100
1790009723289305 5 0 0 5 5 5 0 0 0 0 0 0 147 19 19 0 675 528 509 0 509 0 0 0 139288767 13811306 0 13750795 452941 753593 27899985 183176 56432439 2510297201 2510297201 0 1768384184 829560960 16.182837 10 49 64490 12041 712 175 60 80000 125000 57 76000 27112 12 16000 25000 12 16000 25000 8102
1790009723574061 5 0 0 5 5 5 0 0 0 0 0 0 146 19 19 0 675 529 510 0 510 0 0 0 139573298 13811397 0 13750811 452997 753602 27899990 183224 56432773 2512832785 2512832785 0 1770018956 829560960 16.162972 10 49 64490 12041 9 160 60 80000 125000 57 76000 27114 12 16000 25000 12 16000 25000 8105
1790009726171005 5 0 0 5 5 5 0 0 0 0 0 0 145 19 19 0 675 530 511 0 511 0 0 0 139789643 13811508 0 13750831 453111 753630 30280264 183277 56434949 2518146577 2518146577 0 1771382712 829560960 16.148663 10 49 64490 12041 8 146 60 80000 125000 57 76000 27121 12 16000 25000 12 16000 25000 8111
1790009726288217 5 0 0 5 5 5 0 0 0 0 0 0 144 19 19 0 675 531 512 0 512 0 0 0 139834308 13811595 0 13750849 453194 753652 30352446 183431 56436474 2523560327 2523560327 0 1773025148 829560960 16.154154 10 49 64490 12041 144 146 60 80000 125000 57 76000 27130 12 16000 25000 12 16000 25000 8120
1790009726339582 5 0 0 5 5 5 0 0 0 0 0 0 143 19 19 0 675 532 513 0 513 0 0 0 139837826 13811683 0 13750860 453275 753665 30400036 183487 56437689 2529011638 2529011638 0 1774668297 829560960 16.163973 10 49 64490 12041 433 175 60 80000 125000 57 76000 27138 12 16000 25000 12 16000 25000 8128
1790009726378966 5 0 0 5 5 5 0 0 0 0 0 0 142 19 19 0 675 533 514 0 514 0 0 0 139841281 13811765 0 13750872 453358 753680 30435719 183537 56438889 2534514685 2534514685 0 1776316239 829560960 16.173829 10 47 62041 11837 438 202 60 80000 125000 57 76000 27146 12 16000 25000 12 16000 25000 8136
1790009726897341 5 0 0 5 5 5 0 0 0 0 0 0 141 19 19 0 675 534 515 0 515 0 0 0 139844660 13811848 0 13750884 453445 753696 30950468 183581 56440369 2541055579 2541055579 0 1777916289 829560960 16.183396 10 47 62041 11837 1868 366 60 80000 125000 57 76000 27154 12 16000 25000 12 16000 25000 8144
1790009726910124 5 0 0 5 5 5 0 0 0 0 0 0 140 19 19 0 675 535 516 0 516 0 0 0 139848627 13811930 0 13750898 453531 753715 30959015 183644 56441816 2547602512 2547602512 0 1779559104 829560960 16.193165 10 47 62041 11837 37 335 60 80000 125000 57 76000 27161 12 16000 25000 12 16000 25000 8152
1790009726989500 5 0 0 5 5 5 0 0 0 0 0 0 139 19 19 0 675 536 517 0 517 0 0 0 139862797 13812015 0 13750910 453610 753729 31023968 183696 56442950 2553369924 2553369924 0 1780843516 829560960 16.199634 10 45 59592 11633 1254 425 60 80000 125000 57 76000 27169 12 16000 25000 12 16000 25000 8159
1790009727017119 5 0 0 5 5 5 0 0 0 0 0 0 138 19 19 0 675 537 518 0 518 0 0 0 139866468 13812092 0 13750921 453697 753743 31047675 183740 56444379 2560022434 2560022434 0 1782482869 829560960 16.209412 10 45 59592 11633 110 395 60 80000 125000 57 76000 27177 12 16000 25000 12 16000 25000 8167
1790009727097969 5 0 0 5 5 5 0 0 0 0 0 0 137 19 19 0 675 538 519 0 519 0 0 0 139869581 13812174 0 13750934 453777 753760 31125171 183785 56445788 2566423622 2566423622 0 1784147342 829560960 16.219404 10 45 59592 11633 734 429 60 80000 125000 57 76000 27185 12 16000 25000 12 16000 25000 8176
1790009727102075 5 0 0 5 5 5 0 0 0 0 0 0 136 19 19 0 675 539 520 0 520 0 0 0 139872383 13812251 0 13750945 453850 753775 31126248 183829 56446934 2573157723 2573157723 0 1785749716 829560960 16.229044 10 45 59592 11633 20 390 60 80000 125000 57 76000 27194 12 16000 25000 12 16000 25000 8184
1790009727124027 5 0 0 5 5 5 0 0 0 0 0 0 135 19 19 0 675 540 521 0 521 0 0 0 139886119 13812332 0 13750959 453932 753789 31134227 183873 56448049 2579920590 2579920590 0 1787421688 829560960 16.237959 10 43 57143 11429 596 411 60 80000 125000 57 76000 27202 12 16000 25000 12 16000 25000 8192
1790009727478686 5 0 0 5 5 5 0 0 0 0 0 0 134 19 19 0 675 541 522 0 522 0 0 0 139909361 13812412 0 13750972 454019 753803 31465401 183917 56449182 2586543992 2586543992 0 1789034843 829560960 16.245503 10 43 57143 11429 997 469 60 80000 125000 57 76000 27209 12 16000 25000 12 16000 25000 8200
1790009727862007 5 0 0 5 5 5 0 0 0 0 0 0 133 19 19 0 675 542 523 0 523 0 0 0 139913614 13812489 0 13750986 454122 753821 31844203 183963 56450876 2593231024 2593231024 0 1790639925 829560960 16.255003 10 43 57143 11429 1281 549 60 80000 125000 57 76000 27218 12 16000 25000 12 16000 25000 8208
1790009727920880 5 0 0 5 5 5 0 0 0 0 0 0 132 19 19 0 675 543 524 0 524 0 0 0 139916885 13812565 0 13750998 454207 753837 31899557 184017 56452246 2599754995 2599754995 0 1792247248 829560960 16.264620 10 43 57143 11429 928 586 60 80000 125000 57 76000 27226 12 16000 25000 12 16000 25000 8217
1790009728208855 5 0 0 5 5 5 0 0 0 0 0 0 131 19 19 0 675 544 525 0 525 0 0 0 139920286 13812646 0 13751013 454300 753855 32183876 184061 56453608 2600941783 2600941783 0 1793834062 829560960 16.274096 10 42 54694 11225 38 533 60 80000 125000 57 76000 27228 12 16000 25000 12 16000 25000 8217
1790009728216739 5 0 0 5 5 5 0 0 0 0 0 0 130 19 19 0 675 545 526 0 526 0 0 0 139924214 13812726 0 13751026 454386 753873 32187571 184119 56455239 2602774448 2602774448 0 1795429274 829560960 16.283567 10 42 54694 11225 248 506 60 80000 125000 57 76000 27231 12 16000 25000 12 16000 25000 8220
1790009728236176 5 0 0 5 5 5 0 0 0 0 0 0 129 19 19 0 675 546 527 0 527 0 0 0 139927440 13812802 0 13751038 454465 753887 32203544 184169 56456320 2609463714 2609463714 0 1797027653 829560960 16.293132 10 40 52245 11021 370 494 60 80000 125000 57 76000 27239 12 16000 25000 12 16000 25000 8228
1790009728631920 5 0 0 5 5 5 0 0 0 0 0 0 128 19 19 0 675 547 528 0 528 0 0 0 139940028 13812889 0 13751051 454557 753904 32586446 184209 56457678 2610611981 2610611981 0 1798634343 829560960 16.301755 10 40 52245 11021 1434 586 60 80000 125000 57 76000 27240 12 16000 25000 12 16000 25000 8229
1790009728681575 5 0 0 5 5 5 0 0 0 0 0 0 127 19 19 0 675 548 529 0 529 0 0 0 139982615 13812965 0 13751063 454640 753917 32593253 184282 56458709 2616003835 2616003835 0 1800292375 829560960 16.307514 10 40 52245 11021 239 553 60 80000 125000 57 76000 27249 12 16000 25000 12 16000 25000 8237
1790009728856955 5 0 0 5 5 5 0 0 0 0 0 0 126 19 19 0 675 549 530 0 530 0 0 0 140157779 13813042 0 13751075 454697 753925 32593260 184332 56458999 2622748078 2622748078 0 1801942250 829560960 16.299173 10 38 49796 10817 17 502 60 80000 125000 57 76000 27257 12 16000 25000 12 16000 25000 8246
1790009729119139 5 0 0 5 5 5 0 0 0 0 0 0 125 19 19 0 675 550 531 0 531 0 0 0 140419728 13813124 0 13751087 454752 753934 32593265 184396 56459276 2629361560 2629361560 0 1803574966 829560960 16.281577 10 38 49796 10817 309 484 60 80000 125000 57 76000 27265 12 16000 25000 12 16000 25000 8254
1790009729162345 5 0 0 5 5 5 0 0 0 0 0 0 124 19 19 0 675 551 532 0 532 0 0 0 140433949 13813205 0 13751100 454844 753949 32621990 184449 56460826 2634733299 2634733299 0 1805167060 829560960 16.289911 10 38 49796 10817 28 441 60 80000 125000 57 76000 27271 12 16000 25000 12 16000 25000 8261
1790009730104120 5 0 0 5 5 5 0 0 0 0 0 0 123 19 19 0 675 552 533 0 533 0 0 0 140437293 13813301 0 13751116 454959 753965 33560123 184501 56462121 2641262074 2641262074 0 1806819933 829560960 16.299767 10 36 47347 10613 25 402 60 80000 125000 57 76000 27279 12 16000 25000 12 16000 25000 8269
1790009730176950 5 0 0 5 5 5 0 0 0 0 0 0 122 19 19 0 675 553 534 0 534 0 0 0 140509829 13813383 0 13751130 455017 753984 33560127 184613 56462399 2642232060 2642232060 0 1808403693 829560960 16.301884 10 36 47347 10613 23 366 60 80000 125000 57 76000 27280 12 16000 25000 12 16000 25000 8270
1790009730290811 5 0 0 5 5 5 0 0 0 0 0 0 121 19 19 0 675 554 535 0 535 0 0 0 140513073 13813460 0 13751143 455097 754000 33670502 184666 56463658 2644656132 2644656132 0 1810032654 829560960 16.311600 10 34 44898 10409 22 333 60 80000 125000 57 76000 27283 12 16000 25000 12 16000 25000 8272
1790009730487817 5 0 0 5 5 5 0 0 0 0 0 0 120 19 19 0 675 555 536 0 536 0 0 0 140516967 13813544 0 13751157 455174 754016 33863369 184714 56464904 2648801244 2648801244 0 1811642556 829560960 16.321128 10 34 44898 10409 530 353 60 80000 125000 57 76000 27290 12 16000 25000 12 16000 25000 8279
1790009730756643 5 0 0 5 5 5 0 0 0 0 0 0 119 19 19 0 675 556 537 0 537 0 0 0 140520388 13813629 0 13751169 455261 754028 34128524 184758 56466139 2653266462 2653266462 0 1813318406 829560960 16.331112 10 32 42449 10205 1399 456 60 80000 125000 57 76000 27296 12 16000 25000 12 16000 25000 8285
1790009731540797 5 0 0 5 5 5 0 0 0 0 0 0 118 19 19 0 675 557 538 0 538 0 0 0 140674958 13813712 0 13751184 455341 754042 34757854 184814 56467165 2654623624 2654623624 0 1814938515 829560960 16.324765 10 30 40000 10000 1469 556 60 80000 125000 57 76000 27298 12 16000 25000 12 16000 25000 8286
1790009732328836 5 0 0 5 5 5 0 0 0 0 0 0 117 19 19 0 675 558 539 0 539 0 0 0 140779680 13813797 0 13751201 455428 754060 35440863 184912 56468126 2660028235 2660028235 0 1816540421 829560960 16.323580 10 30 40000 10000 18 481 60 80000 125000 57 76000 27304 12 16000 25000 12 16000 25000 8293
1790009732518769 5 0 0 5 5 5 0 0 0 0 0 0 116 19 19 0 675 559 540 0 540 0 0 0 140783387 13813875 0 13751214 455528 754075 35626814 184973 56469563 2665398052 2665398052 0 1818156895 829560960 16.333152 10 30 40000 10000 388 473 60 80000 125000 57 76000 27309 12 16000 25000 12 16000 25000 8300
1790009732806270 5 0 0 5 5 5 0 0 0 0 0 0 115 19 19 0 675 560 541 0 541 0 0 0 140897509 13813963 0 13751229 455600 754090 35799940 185032 56470515 2671988497 2671988497 0 1819799015 829560960 16.331217 10 30 40000 10000 217 449 60 80000 125000 57 76000 27318 12 16000 25000 12 16000 25000 8308
1790009733022667 5 0 0 5 5 5 0 0 0 0 0 0 114 19 19 0 675 561 542 0 542 0 0 0 140900630 13814039 0 13751242 455685 754103 36012963 185092 56471690 2672677572 2672677572 0 1821456331 829560960 16.341095 10 30 40000 10000 148 420 60 80000 125000 57 76000 27319 12 16000 25000 12 16000 25000 8308
1790009733540569 5 0 0 5 5 5 0 0 0 0 0 0 113 19 19 0 675 562 543 0 543 0 0 0 140905055 13814122 0 13751254 455771 754120 36526177 185152 56472855 2679115556 2679115556 0 1823048267 829560960 16.350431 10 30 40000 10000 151 395 60 80000 125000 57 76000 27327 12 16000 25000 12 16000 25000 8316
1790009733563203 5 0 0 5 5 5 0 0 0 0 0 0 112 19 19 0 675 563 544 0 544 0 0 0 140918292 13814201 0 13751267 455863 754136 36535313 185207 56474250 2685682734 2685682734 0 1824683561 829560960 16.359103 10 30 40000 10000 1443 498 60 80000 125000 57 76000 27335 12 16000 25000 12 16000 25000 8324
1790009733606592 5 0 0 5 5 5 0 0 0 0 0 0 111 19 19 0 675 564 545 0 545 0 0 0 140921349 13814277 0 13751279 455949 754152 36575395 185256 56475377 2692386893 2692386893 0 1826323213 829560960 16.368878 10 30 40000 10000 1030 551 60 80000 125000 57 76000 27343 12 16000 25000 12 16000 25000 8333
1790009733669736 5 0 0 5 5 5 0 0 0 0 0 0 110 19 19 0 675 565 546 0 546 0 0 0 140984292 13814350 0 13751291 456002 754160 36575401 185301 56475621 2697787173 2697787173 0 1827956404 829560960 16.372276 10 30 40000 10000 1361 631 60 80000 125000 57 76000 27352 12 16000 25000 12 16000 25000 8341
1790009733770557 5 0 0 5 5 5 0 0 0 0 0 0 109 19 19 0 675 566 547 0 547 0 0 0 140987455 13814430 0 13751308 456087 754174 36672820 185342 56476735 2704441965 2704441965 0 1829595980 829560960 16.382034 10 30 40000 10000 103 580 60 80000 125000 57 76000 27360 12 16000 25000 12 16000 25000 8349
1790009733956116 5 0 0 5 5 5 0 0 0 0 0 0 108 19 19 0 675 567 548 0 548 0 0 0 141020478 13814512 0 13751319 456162 754185 36825125 185385 56477625 2706752643 2706752643 0 1831267477 829560960 16.388826 10 30 40000 10000 492 572 60 80000 125000 57 76000 27362 12 16000 25000 12 16000 25000 8352
1790009734210048 5 0 0 5 5 5 0 0 0 0 0 0 107 19 19 0 675 568 549 0 549 0 0 0 141024246 13814590 0 13751333 456250 754201 37075036 185440 56478720 2712105402 2712105402 0 1832870997 829560960 16.398295 15 45 60000 15000 23 519 60 80000 125000 57 76000 27370 12 16000 25000 12 16000 25000 8360
1790009734476320 5 0 0 5 5 5 0 0 0 0 0 0 106 19 19 0 675 569 550 0 550 0 0 0 141028566 13814678 0 13751347 456348 754225 37336710 185488 56480061 2718654280 2718654280 0 1834453582 829560960 16.407576 49 147 196000 49000 31 472 60 80000 125000 57 76000 27378 12 16000 25000 12 16000 25000 8368
1790009734852993 5 0 0 5 5 5 0 0 0 0 0 0 105 19 19 0 675 570 551 0 551 0 0 0 141093743 13814762 0 13751362 456432 754238 37647910 185583 56480920 2724373050 2724373050 0 1836034905 829560960 16.410399 57 171 228000 57000 1024 527 60 80000 125000 57 76000 27384 12 16000 25000 12 16000 25000 8375
1790009734956015 5 0 0 5 5 5 0 0 0 0 0 0 104 19 18 1 675 571 552 0 552 0 0 0 141196495 13814840 0 13751376 456520 754247 37647915 185656 56481157 2737648224 2731030297 0 1837680851 829560960 16.409639 68 204 272000 68000 384 514 60 80000 125000 54 72000 27401 12 16000 25000 12 16000 25000 8392
1790009734956185 5 0 0 5 5 5 0 0 0 0 0 0 104 18 18 0 675 571 553 0 553 0 0 0 141196495 13814923 0 13751389 456520 754254 37647918 185716 56481157 2737648224 2737648224 0 1837680851 829560960 16.409630 69 207 276000 69000 75 473 60 80000 125000 54 72000 26399 12 16000 25000 12 16000 25000 8390
1790009735436472 5 0 0 5 5 5 0 0 0 0 0 0 102 19 19 0 675 573 554 0 554 0 0 0 141676554 13815015 0 13751412 456597 754261 37647923 185746 56481404 2743955898 2743955898 0 1840669499 829560960 16.377288 70 210 280000 70000 65 434 60 80000 125000 57 76000 27410 12 16000 25000 12 16000 25000 8399
1790009735480057 5 0 0 5 5 5 0 0 0 0 0 0 101 19 19 0 675 574 555 0 555 0 0 0 141719893 13815090 0 13751426 456666 754273 37647933 185807 56482034 2750315833 2750315833 0 1842313169 829560960 16.382795 63 189 252000 63000 13 393 60 80000 125000 57 76000 27419 12 16000 25000 12 16000 25000 8407
1790009735888781 5 0 0 5 5 5 0 0 0 0 0 0 100 19 19 0 675 575 556 0 556 0 0 0 141723869 13815176 0 13751439 456773 754286 38052409 185853 56483076 2755713535 2755713535 0 1843938396 829560960 16.392332 60 180 240000 60000 25 358 60 80000 125000 57 76000 27427 12 16000 25000 12 16000 25000 8415
1790009736147808 5 0 0 5 5 5 0 0 0 0 0 0 99 19 19 0 675 576 557 0 557 0 0 0 141729007 13815270 0 13751452 456897 754300 38305962 185935 56484189 2760950457 2760950457 0 1845295890 829560960 16.400104 61 183 244000 61000 1739 494 60 80000 125000 57 76000 27435 12 16000 25000 12 16000 25000 8423
1790009736595672 5 0 0 5 5 5 0 0 0 0 0 0 98 19 19 0 675 577 558 0 558 0 0 0 142035577 13815354 0 13751466 457006 754313 38446908 186057 56485057 2763580733 2763580733 0 1846943039 829560960 16.377914 60 180 240000 60000 34 450 60 80000 125000 57 76000 27438 12 16000 25000 12 16000 25000 8426
1790009736853834 5 0 0 5 5 5 0 0 0 0 0 0 97 19 18 1 675 578 559 0 559 0 0 0 142293393 13815431 0 13751480 457113 754320 38446912 186184 56485294 2776617669 2770107977 0 1848538635 829560960 16.360605 64 192 256000 64000 289 428 60 80000 125000 57 76000 27454 12 16000 25000 12 16000 25000 8442
1790009736853998 5 0 0 5 5 5 0 0 0 0 0 0 97 18 18 0 675 578 560 0 560 0 0 0 142293393 13815507 0 13751495 457113 754327 38446915 186246 56485294 2776617669 2776617669 0 1848538635 829560960 16.360597 70 210 280000 70000 184 405 60 80000 125000 54 72000 26451 12 16000 25000 12 16000 25000 8441
1790009738735260 5 0 0 5 5 5 0 0 0 0 0 0 95 19 19 0 675 580 561 0 561 0 0 0 142300424 13815596 0 13751511 457228 754347 40320864 186276 56486671 2778497996 2778497996 0 1851779418 829560960 16.379648 68 204 272000 68000 39 370 60 80000 125000 57 76000 27456 12 16000 25000 12 16000 25000 8444
1790009738942878 5 0 0 5 5 5 0 0 0 0 0 0 94 19 19 0 675 581 562 0 562 0 0 0 142313446 13815676 0 13751526 457324 754360 40515145 186383 56487440 2783886209 2783886209 0 1853419651 829560960 16.388292 63 189 252000 63000 8 335 60 80000 125000 57 76000 27462 12 16000 25000 12 16000 25000 8451
1790009739060543 5 0 0 5 5 5 0 0 0 0 0 0 93 19 19 0 675 582 563 0 563 0 0 0 142317009 13815755 0 13751540 457403 754378 40628986 186446 56488582 2789271833 2789271833 0 1855059746 829560960 16.397928 63 189 252000 63000 387 341 60 80000 125000 57 76000 27471 12 16000 25000 12 16000 25000 8459
1790009739377338 5 0 0 5 5 5 0 0 0 0 0 0 92 19 19 0 675 583 564 0 564 0 0 0 142370145 13815852 0 13751556 457491 754394 40892381 186489 56489370 2796014275 2796014275 0 1856715479 829560960 16.402449 63 189 252000 63000 1069 413 60 80000 125000 57 76000 27477 12 16000 25000 12 16000 25000 8467
1790009739560515 5 0 0 5 5 5 0 0 0 0 0 0 91 19 19 0 675 584 565 0 565 0 0 0 142434612 13815936 0 13751570 457572 754416 41010777 186596 56490289 2802763843 2802763843 0 1858051159 829560960 16.403825 64 192 256000 64000 59 380 60 80000 125000 57 76000 27485 12 16000 25000 12 16000 25000 8475
1790009739735629 5 0 0 5 5 5 0 0 0 0 0 0 90 19 19 0 675 585 566 0 566 0 0 0 142609515 13816011 0 13751583 457620 754424 41010781 186653 56490490 2808234553 2808234553 0 1859684014 829560960 16.395431 64 192 256000 64000 1498 490 60 80000 125000 57 76000 27492 12 16000 25000 12 16000 25000 8483
1790009739807284 5 0 0 5 5 5 0 0 0 0 0 0 89 19 19 0 675 586 567 0 567 0 0 0 142622929 13816090 0 13751596 457730 754440 41068751 186702 56491571 2815012153 2815012153 0 1861321290 829560960 16.403998 64 192 256000 64000 100 453 60 80000 125000 57 76000 27503 12 16000 25000 12 16000 25000 8492
1790009740169143 5 0 0 5 5 5 0 0 0 0 0 0 88 19 19 0 675 587 568 0 568 0 0 0 142636302 13816178 0 13751609 457818 754458 41416976 186748 56492657 2821611416 2821611416 0 1862958418 829560960 16.412566 64 192 256000 64000 989 506 60 80000 125000 57 76000 27511 12 16000 25000 12 16000 25000 8500
1790009740191023 5 0 0 5 5 5 0 0 0 0 0 0 87 19 19 0 675 588 569 0 569 0 0 0 142657970 13816257 0 13751620 457871 754466 41416980 186797 56492841 2828128240 2828128240 0 1864304050 829560960 16.418486 69 207 276000 69000 1014 557 60 80000 125000 57 76000 27518 12 16000 25000 12 16000 25000 8508
1790009740307702 5 0 0 5 5 5 0 0 0 0 0 0 86 19 19 0 675 589 570 0 570 0 0 0 142774437 13816332 0 13751633 457936 754473 41416985 186840 56493036 2832483146 2832483146 0 1865960499 829560960 16.416355 68 204 272000 68000 97 513 60 80000 125000 57 76000 27525 12 16000 25000 12 16000 25000 8515
1790009740520757 5 0 0 5 5 5 0 0 0 0 0 0 85 19 18 1 675 590 571 0 571 0 0 0 142987248 13816411 0 13751645 458029 754481 41416990 186883 56493226 2839919366 2833225896 0 1867594486 829560960 16.404004 67 201 268000 67000 69 470 60 80000 125000 57 76000 27535 12 16000 25000 12 16000 25000 8523
1790009740520907 5 0 0 5 5 5 0 0 0 0 0 0 85 18 18 0 675 590 572 0 572 0 0 0 142987248 13816492 0 13751663 458029 754488 41416992 186927 56493226 2839919366 2839919366 0 1867594486 829560960 16.403996 65 195 260000 65000 18 427 60 80000 125000 54 72000 26530 12 16000 25000 12 16000 25000 8522
1790009740652618 5 0 0 5 5 5 0 0 0 0 0 0 83 19 18 1 675 592 573 0 573 0 0 0 143118705 13816572 0 13751677 458138 754497 41416997 186960 56493428 2846117122 2840680420 0 1870817025 829560960 16.409829 64 192 256000 64000 118 398 60 80000 125000 57 76000 27542 12 16000 25000 12 16000 25000 8531
1790009740652778 5 0 0 5 5 5 0 0 0 0 0 0 83 18 18 0 675 592 574 0 574 0 0 0 143118705 13816643 0 13751691 458139 754504 41416999 187022 56493428 2846117122 2846117122 0 1870817025 829560960 16.409822 64 192 256000 64000 10 361 60 80000 125000 54 72000 26538 12 16000 25000 12 16000 25000 8529
1790009740770369 5 0 0 5 5 5 0 0 0 0 0 0 81 19 19 0 675 594 575 0 575 0 0 0 143123519 13816721 0 13751703 458242 754520 41529530 187051 56494420 2851406596 2851406596 0 1873768764 829560960 16.427247 61 183 244000 61000 21 328 60 80000 125000 57 76000 27548 12 16000 25000 12 16000 25000 8537
1790009741055522 5 0 0 5 5 5 0 0 0 0 0 0 80 19 19 0 675 595 576 0 576 0 0 0 143198955 13816805 0 13751717 458313 754541 41738990 187099 56495071 2857920528 2857920528 0 1875441640 829560960 16.429507 61 183 244000 61000 120 309 60 80000 125000 57 76000 27555 12 16000 25000 12 16000 25000 8545
1790009741300015 5 0 0 5 5 5 0 0 0 0 0 0 79 19 19 0 675 596 577 0 577 0 0 0 143415156 13816882 0 13751730 458389 754555 41767049 187146 56495712 2860107435 2860107435 0 1877089586 829560960 16.416903 60 180 240000 60000 101 290 60 80000 125000 57 76000 27558 12 16000 25000 12 16000 25000 8548
1790009741523184 5 0 0 5 5 5 0 0 0 0 0 0 78 19 19 0 675 597 578 0 578 0 0 0 143638107 13816960 0 13751742 458447 754563 41767056 187197 56495896 2861319762 2861319762 0 1878740590 829560960 16.403649 60 180 240000 60000 42 267 60 80000 125000 57 76000 27559 12 16000 25000 12 16000 25000 8549
1790009741729541 5 0 0 5 5 5 0 0 0 0 0 0 77 19 19 0 675 598 579 0 579 0 0 0 143844225 13817040 0 13751756 458491 754572 41767062 187280 56496085 2867983316 2867983316 0 1880415579 829560960 16.392327 62 186 248000 62000 11 243 60 80000 125000 57 76000 27568 12 16000 25000 12 16000 25000 8558
1790009741742285 5 0 0 5 5 5 0 0 0 0 0 0 76 19 19 0 675 599 580 0 580 0 0 0 143848025 13817119 0 13751770 458590 754589 41775679 187391 56497009 2874234898 2874234898 0 1881757436 829560960 16.400040 59 177 236000 59000 32 214 60 80000 125000 57 76000 27578 12 16000 25000 12 16000 25000 8565
1790009741766115 5 0 0 5 5 5 0 0 0 0 0 0 75 19 19 0 675 600 581 0 581 0 0 0 143852088 13817195 0 13751783 458666 754606 41795216 187433 56497769 2879547280 2879547280 0 1883097761 829560960 16.407717 62 186 248000 62000 596 253 60 80000 125000 57 76000 27586 12 16000 25000 12 16000 25000 8573
1790009742023135 5 0 0 5 5 5 0 0 0 0 0 0 74 19 19 0 675 601 582 0 582 0 0 0 143885216 13817270 0 13751796 458754 754619 42018874 187473 56498233 2886132905 2886132905 0 1884744598 829560960 16.414221 61 183 244000 61000 18 231 60 80000 125000 57 76000 27593 12 16000 25000 12 16000 25000 8581
1790009743385881 5 0 0 5 5 5 0 0 0 0 0 0 73 19 19 0 675 602 583 0 583 0 0 0 144080274 13817350 0 13751808 458836 754639 43186315 187519 56498969 2892657018 2892657018 0 1886343482 829560960 16.403593 61 183 244000 61000 26 212 60 80000 125000 57 76000 27599 12 16000 25000 12 16000 25000 8589
1790009743509372 5 0 0 5 5 5 0 0 0 0 0 0 72 19 19 0 675 603 584 0 584 0 0 0 144203540 13817422 0 13751818 458898 754647 43186319 187581 56499126 2897412169 2897412169 0 1887930367 829560960 16.400366 63 189 252000 63000 1427 331 60 80000 125000 57 76000 27605 12 16000 25000 12 16000 25000 8595
1790009743602799 5 0 0 5 5 5 0 0 0 0 0 0 71 19 19 0 675 604 585 0 585 0 0 0 144296731 13817498 0 13751833 458957 754655 43186323 187628 56499282 2904132226 2904132226 0 1889524787 829560960 16.400309 64 192 256000 64000 254 325 60 80000 125000 57 76000 27613 12 16000 25000 12 16000 25000 8603
1790009743825165 5 0 0 5 5 5 0 0 0 0 0 0 70 19 19 0 675 605 586 0 586 0 0 0 144518894 13817573 0 13751845 459014 754662 43186328 187672 56499434 2906314276 2906314276 0 1891175102 829560960 16.387230 64 192 256000 64000 235 317 60 80000 125000 57 76000 27617 12 16000 25000 12 16000 25000 8606
1790009744299915 5 0 0 5 5 5 0 0 0 0 0 0 69 19 19 0 675 606 587 0 587 0 0 0 144744135 13817658 0 13751858 459090 754678 43435583 187725 56499984 2908882186 2908882186 0 1892846593 829560960 16.373996 58 174 232000 58000 7 288 60 80000 125000 57 76000 27619 12 16000 25000 12 16000 25000 8609
1790009744795981 5 0 0 5 5 5 0 0 0 0 0 0 68 19 19 0 675 607 588 0 588 0 0 0 144850860 13817746 0 13751872 459184 754694 43824650 187783 56500667 2914233193 2914233193 0 1894525667 829560960 16.373065 57 171 228000 57000 13 262 60 80000 125000 57 76000 27626 12 16000 25000 12 16000 25000 8616
1790009745304013 5 0 0 5 5 5 0 0 0 0 0 0 67 19 19 0 675 608 589 0 589 0 0 0 145358636 13817822 0 13751884 459236 754703 43824654 187880 56500813 2918682666 2918682666 0 1896096479 829560960 16.330238 56 168 224000 56000 80 245 60 80000 125000 57 76000 27633 12 16000 25000 12 16000 25000 8623
1790009745618745 5 0 0 5 5 5 0 0 0 0 0 0 66 19 19 0 675 609 590 0 590 0 0 0 145372914 13817903 0 13751899 459326 754716 44124846 187935 56501597 2924107292 2924107292 0 1897759387 829560960 16.338727 50 150 200000 50000 9 223 60 80000 125000 57 76000 27640 12 16000 25000 12 16000 25000 8629
1790009746017113 5 0 0 5 5 5 0 0 0 0 0 0 65 19 18 1 675 610 591 0 591 0 0 0 145771010 13817982 0 13751912 459427 754723 44124852 187996 56501756 2936267365 2930926415 0 1899404331 829560960 16.307792 50 150 200000 50000 219 223 60 80000 125000 57 76000 27659 12 16000 25000 12 16000 25000 8646
1790009746017306 5 0 0 5 5 5 0 0 0 0 0 0 65 18 18 0 675 610 592 0 592 0 0 0 145771010 13818052 0 13751927 459427 754730 44124855 188091 56501756 2936267365 2936267365 0 1899404331 829560960 16.307785 49 147 196000 49000 27 205 60 80000 125000 54 72000 26654 12 16000 25000 12 16000 25000 8644
1790009746357052 5 0 0 5 5 5 0 0 0 0 0 0 63 19 17 2 675 612 593 0 593 0 0 0 146110459 13818133 0 13751941 459581 754738 44124861 188121 56501931 2950523555 2942817203 0 1902751505 829560960 16.293123 48 144 192000 48000 47 191 60 80000 125000 57 76000 27676 12 16000 25000 12 16000 25000 8663
1790009746357243 5 0 0 5 5 5 0 0 0 0 0 0 63 18 17 1 675 612 594 0 594 0 0 0 146110459 13818204 0 13751956 459581 754746 44124863 188214 56501931 2950523555 2945113133 0 1902751505 829560960 16.293116 46 138 184000 46000 27 176 60 80000 125000 54 72000 26671 12 16000 25000 12 16000 25000 8662
1790009746357375 5 0 0 5 5 5 0 0 0 0 0 0 63 17 17 0 675 612 595 0 595 0 0 0 146110459 13818275 0 13751971 459581 754753 44124866 188250 56501931 2950523555 2950523555 0 1902751505 829560960 16.293109 42 126 168000 42000 6 160 60 80000 125000 51 68000 25666 12 16000 25000 12 16000 25000 8661
1790009746588260 5 0 0 5 5 5 0 0 0 0 0 0 60 19 19 0 675 615 596 0 596 0 0 0 146157453 13818357 0 13751984 459697 754766 44308486 188282 56502435 2955363945 2955363945 0 1907663397 829560960 16.317596 40 120 160000 40000 19 147 60 80000 125000 57 76000 27681 12 16000 25000 12 16000 25000 8670
1790009747135069 5 0 0 5 5 5 0 0 0 0 0 0 59 19 19 0 675 616 597 0 597 0 0 0 146401115 13818440 0 13751997 459769 754779 44611370 188358 56502898 2961936293 2961936293 0 1909288519 829560960 16.302445 40 120 160000 40000 891 221 60 80000 125000 57 76000 27688 12 16000 25000 12 16000 25000 8678
1790009747226875 5 0 0 5 5 5 0 0 0 0 0 0 58 19 18 1 675 617 598 0 598 0 0 0 146492634 13818515 0 13752010 459862 754786 44611374 188446 56503033 2972753555 2967409771 0 1910916491 829560960 16.302815 41 123 164000 41000 158 213 60 80000 125000 57 76000 27705 12 16000 25000 12 16000 25000 8693
1790009747227017 5 0 0 5 5 5 0 0 0 0 0 0 58 18 18 0 675 617 599 0 599 0 0 0 146492634 13818585 0 13752024 459862 754793 44611376 188492 56503033 2972753555 2972753555 0 1910916491 829560960 16.302808 42 126 168000 42000 232 215 60 80000 125000 54 72000 26700 12 16000 25000 12 16000 25000 8692
1790009747577087 5 0 0 5 5 5 0 0 0 0 0 0 56 19 18 1 675 619 600 0 600 0 0 0 146842459 13818664 0 13752039 459969 754801 44611382 188522 56503171 2985957434 2979347509 0 1914240697 829560960 16.287034 41 123 164000 41000 46 199 60 80000 125000 57 76000 27721 12 16000 25000 12 16000 25000 8710
1790009747577265 5 0 0 5 5 5 0 0 0 0 0 0 56 18 18 0 675 619 601 0 601 0 0 0 146842459 13818737 0 13752055 459969 754808 44611384 188594 56503171 2985957434 2985957434 0 1914240697 829560960 16.287027 40 120 160000 40000 32 184 60 80000 125000 54 72000 26715 12 16000 25000 12 16000 25000 8708
1790009747897042 5 0 0 5 5 5 0 0 0 0 0 0 54 19 19 0 675 621 602 0 602 0 0 0 146856334 13818842 0 13752070 460091 754825 44916988 188625 56503816 2986626583 2986626583 0 1917467373 829560960 16.304761 39 117 156000 39000 22 169 60 80000 125000 57 76000 27722 12 16000 25000 12 16000 25000 8710
1790009747951596 5 0 0 5 5 5 0 0 0 0 0 0 53 19 19 0 675 622 603 0 603 0 0 0 146910668 13818918 0 13752083 460143 754833 44916993 188688 56503934 2993285748 2993285748 0 1919056943 829560960 16.308673 38 114 152000 38000 8 154 60 80000 125000 57 76000 27730 12 16000 25000 12 16000 25000 8718
1790009748896443 5 0 0 5 5 5 0 0 0 0 0 0 52 19 19 0 675 623 604 0 604 0 0 0 147045621 13819015 0 13752098 460237 754848 45726613 188738 56504351 2999963950 2999963950 0 1920659240 829560960 16.304481 39 117 156000 39000 29 143 60 80000 125000 57 76000 27738 12 16000 25000 12 16000 25000 8727
1790009749302334 5 0 0 5 5 5 0 0 0 0 0 0 51 19 19 0 675 624 605 0 605 0 0 0 147451279 13819092 0 13752110 460294 754855 45726618 188800 56504464 3001293094 3001293094 0 1922272424 829560960 16.273000 40 120 160000 40000 35 133 60 80000 125000 57 76000 27739 12 16000 25000 12 16000 25000 8728
1790009749506883 5 0 0 5 5 5 0 0 0 0 0 0 50 19 19 0 675 625 606 0 606 0 0 0 147637315 13819174 0 13752125 460391 754868 45744860 188862 56504983 3006745326 3006745326 0 1923608296 829560960 16.262132 37 111 148000 37000 4 121 60 80000 125000 57 76000 27746 12 16000 25000 12 16000 25000 8736
1790009749989977 5 0 0 5 5 5 0 0 0 0 0 0 49 19 19 0 675 626 607 0 607 0 0 0 147690459 13819253 0 13752137 460468 754880 46174518 188967 56505274 3013225099 3013225099 0 1925224150 829560960 16.266315 37 111 148000 37000 24 113 60 80000 125000 57 76000 27754 12 16000 25000 12 16000 25000 8744
1790009750301633 5 0 0 5 5 5 0 0 0 0 0 0 48 19 19 0 675 627 608 0 608 0 0 0 147694650 13819333 0 13752150 460551 754895 46481724 189029 56505729 3019922810 3019922810 0 1926870582 829560960 16.275606 37 111 148000 37000 53 108 60 80000 125000 57 76000 27762 12 16000 25000 12 16000 25000 8752
1790009750742182 5 0 0 5 5 5 0 0 0 0 0 0 47 19 19 0 675 628 609 0 609 0 0 0 147707745 13819424 0 13752171 460634 754912 46908912 189084 56506188 3025346875 3025346875 0 1928526697 829560960 16.284055 36 108 144000 36000 71 106 60 80000 125000 57 76000 27770 12 16000 25000 12 16000 25000 8760
1790009750899685 5 0 0 5 5 5 0 0 0 0 0 0 46 19 19 0 675 629 610 0 610 0 0 0 147723612 13819502 0 13752184 460721 754928 47050269 189161 56506623 3031837753 3031837753 0 1929820275 829560960 16.290085 37 111 148000 37000 390 135 60 80000 125000 57 76000 27778 12 16000 25000 12 16000 25000 8768
1790009751177537 5 0 0 5 5 5 0 0 0 0 0 0 45 19 19 0 675 630 611 0 611 0 0 0 147736595 13819584 0 13752198 460803 754942 47314883 189219 56507056 3037710227 3037710227 0 1931459911 829560960 16.298446 39 117 156000 39000 60 129 60 80000 125000 57 76000 27786 12 16000 25000 12 16000 25000 8775
1790009751730585 5 0 0 5 5 5 0 0 0 0 0 0 44 19 19 0 675 631 612 0 612 0 0 0 147772272 13819669 0 13752213 460889 754956 47832002 189266 56507417 3043083493 3043083493 0 1933113677 829560960 16.304599 36 108 144000 36000 12 119 60 80000 125000 57 76000 27793 12 16000 25000 12 16000 25000 8783
1790009752664262 5 0 0 5 5 5 0 0 0 0 0 0 43 19 19 0 675 632 613 0 613 0 0 0 148058509 13819752 0 13752224 460984 754971 48479130 189367 56507678 3049729572 3049729572 0 1934699068 829560960 16.285101 35 105 140000 35000 46 113 60 80000 125000 57 76000 27801 12 16000 25000 12 16000 25000 8791
1790009752788081 5 0 0 5 5 5 0 0 0 0 0 0 42 19 19 0 675 633 614 0 614 0 0 0 148062967 13819830 0 13752237 461061 754988 48598148 189520 56508074 3055115515 3055115515 0 1936041658 829560960 16.292554 34 102 136000 34000 17 101 60 80000 125000 57 76000 27809 12 16000 25000 12 16000 25000 8799
1790009753035711 5 0 0 5 5 5 0 0 0 0 0 0 41 19 18 1 675 634 615 0 615 0 0 0 148310343 13819906 0 13752250 461154 754996 48598154 189570 56508164 3068335167 3061653503 0 1937754330 829560960 16.277761 33 99 132000 33000 31 95 60 80000 125000 57 76000 27827 12 16000 25000 12 16000 25000 8815
1790009753035867 5 0 0 5 5 5 0 0 0 0 0 0 41 18 18 0 675 634 616 0 616 0 0 0 148310343 13819977 0 13752264 461167 755003 48598157 189616 56508164 3068335167 3068335167 0 1937754330 829560960 16.277754 33 99 132000 33000 47 91 60 80000 125000 54 72000 26822 12 16000 25000 12 16000 25000 8814
1790009753412294 5 0 0 5 5 5 0 0 0 0 0 0 39 19 17 2 675 636 617 0 617 0 0 0 148686482 13820060 0 13752276 461305 755011 48598163 189654 56508270 3088226667 3074832979 0 1940994004 829560960 16.259082 32 96 128000 32000 20 85 60 80000 125000 57 76000 27853 12 16000 25000 12 16000 25000 8840
1790009753412485 5 0 0 5 5 5 0 0 0 0 0 0 39 18 17 1 675 636 618 0 618 0 0 0 148686482 13820141 0 13752303 461305 755031 48598165 189723 56508270 3088226667 3081517093 0 1940994004 829560960 16.259073 30 90 120000 30000 20 79 60 80000 125000 54 72000 26848 12 16000 25000 12 16000 25000 8838
1790009753412616 5 0 0 5 5 5 0 0 0 0 0 0 39 17 17 0 675 636 619 0 619 0 0 0 148686482 13820216 0 13752317 461305 755038 48598168 189754 56508270 3088226667 3088226667 0 1940994004 829560960 16.259066 29 87 116000 29000 19 74 60 80000 125000 51 68000 25843 12 16000 25000 12 16000 25000 8837
1790009753916921 5 0 0 5 5 5 0 0 0 0 0 0 36 19 19 0 675 639 620 0 620 0 0 0 148987863 13820315 0 13752343 461413 755056 48800819 189784 56508629 3092583479 3092583479 0 1945833306 829560960 16.257305 29 87 116000 29000 20 70 60 80000 125000 57 76000 27858 12 16000 25000 12 16000 25000 8846
1790009754112614 5 0 0 5 5 5 0 0 0 0 0 0 35 19 19 0 675 640 621 0 621 0 0 0 149053989 13820393 0 13752358 461493 755068 48930125 189855 56508889 3099104897 3099104897 0 1947183844 829560960 16.258605 29 87 116000 29000 83 72 60 80000 125000 57 76000 27865 12 16000 25000 12 16000 25000 8854
1790009754281892 5 0 0 5 5 5 0 0 0 0 0 0 34 19 19 0 675 641 622 0 622 0 0 0 149057815 13820472 0 13752369 461587 755085 49095321 189902 56509202 3105807844 3105807844 0 1948777796 829560960 16.267548 29 87 116000 29000 473 112 60 80000 125000 57 76000 27873 12 16000 25000 12 16000 25000 8862
1790009754496550 5 0 0 5 5 5 0 0 0 0 0 0 33 19 19 0 675 642 623 0 623 0 0 0 149070726 13820567 0 13752385 461683 755103 49296778 189964 56509531 3106587028 3106587028 0 1950372722 829560960 16.275587 30 90 120000 30000 38 106 60 80000 125000 57 76000 27873 12 16000 25000 12 16000 25000 8863
1790009754596890 5 0 0 5 5 5 0 0 0 0 0 0 32 19 19 0 675 643 624 0 624 0 0 0 149164012 13820653 0 13752399 461770 755118 49303531 190054 56509799 3113231270 3113231270 0 1952042353 829560960 16.276032 30 90 120000 30000 114 108 60 80000 125000 57 76000 27882 12 16000 25000 12 16000 25000 8871
1790009754743928 5 0 0 5 5 5 0 0 0 0 0 0 31 19 19 0 675 644 625 0 625 0 0 0 149250275 13820744 0 13752414 461853 755136 49363959 190186 56510083 3119888382 3119888382 0 1953642589 829560960 16.276772 30 90 120000 30000 120 110 60 80000 125000 57 76000 27889 12 16000 25000 12 16000 25000 8879
1790009754823788 5 0 0 5 5 5 0 0 0 0 0 0 30 19 19 0 675 645 626 0 626 0 0 0 149253140 13820821 0 13752426 461940 755153 49440653 190285 56510349 3125223930 3125223930 0 1955000427 829560960 16.284419 30 90 120000 30000 50 105 60 80000 125000 57 76000 27896 12 16000 25000 12 16000 25000 8886
1790009754945769 5 0 0 5 5 5 0 0 0 0 0 0 29 19 19 0 675 646 627 0 627 0 0 0 149275934 13820906 0 13752437 462023 755168 49539593 190330 56510611 3126456393 3126456393 0 1956669915 829560960 16.291896 30 90 120000 30000 29 99 60 80000 125000 57 76000 27897 12 16000 25000 12 16000 25000 8887
1790009755066743 5 0 0 5 5 5 0 0 0 0 0 0 28 19 19 0 675 647 628 0 628 0 0 0 149278890 13820988 0 13752451 462122 755191 49657338 190376 56510908 3130763359 3130763359 0 1958020550 829560960 16.299490 30 90 120000 30000 72 97 60 80000 125000 57 76000 27903 12 16000 25000 12 16000 25000 8894
1790009755804795 5 0 0 5 5 5 0 0 0 0 0 0 27 19 19 0 675 648 629 0 629 0 0 0 149282081 13821074 0 13752465 462221 755204 50391933 190419 56511154 3131977909 3131977909 0 1959600553 829560960 16.308401 31 93 124000 31000 248 113 60 80000 125000 57 76000 27905 12 16000 25000 12 16000 25000 8894
1790009756039707 5 0 0 5 5 5 0 0 0 0 0 0 26 19 19 0 675 649 630 0 630 0 0 0 149516754 13821156 0 13752477 462273 755211 50391938 190492 56511213 3138645478 3138645478 0 1961241489 829560960 16.294543 30 90 120000 30000 13 104 60 80000 125000 57 76000 27913 12 16000 25000 12 16000 25000 8903
1790009756367203 5 0 0 5 5 5 0 0 0 0 0 0 25 19 19 0 675 650 631 0 631 0 0 0 149844028 13821239 0 13752494 462332 755219 50391942 190541 56511267 3139743382 3139743382 0 1962875608 829560960 16.271473 29 87 116000 29000 15 96 60 80000 125000 57 76000 27913 12 16000 25000 12 16000 25000 8904
1790009756572189 5 0 0 5 5 5 0 0 0 0 0 0 24 19 19 0 675 651 632 0 632 0 0 0 149917575 13821322 0 13752508 462430 755236 50523110 190592 56511512 3145399021 3145399021 0 1964515078 829560960 16.273705 29 87 116000 29000 6 88 60 80000 125000 57 76000 27920 12 16000 25000 12 16000 25000 8911
1790009756669729 5 0 0 5 5 5 0 0 0 0 0 0 23 19 19 0 675 652 633 0 633 0 0 0 149920947 13821399 0 13752520 462547 755253 50616995 190645 56511709 3152073171 3152073171 0 1966119096 829560960 16.282705 29 87 116000 29000 339 113 60 80000 125000 57 76000 27928 12 16000 25000 12 16000 25000 8919
1790009756707266 5 0 0 5 5 5 0 0 0 0 0 0 22 19 19 0 675 653 634 0 634 0 0 0 149956596 13821478 0 13752531 462619 755267 50618636 190706 56511891 3154485573 3154485573 0 1967761169 829560960 16.288714 29 87 116000 29000 1228 222 60 80000 125000 57 76000 27931 12 16000 25000 12 16000 25000 8922
1790009756798717 5 0 0 5 5 5 0 0 0 0 0 0 21 19 19 0 675 654 635 0 635 0 0 0 149960090 13821555 0 13752542 462707 755285 50706342 190751 56512064 3160967769 3160967769 0 1969070024 829560960 16.295980 29 87 116000 29000 189 220 60 80000 125000 57 76000 27938 12 16000 25000 12 16000 25000 8929
1790009757346082 5 0 0 5 5 5 0 0 0 0 0 0 20 19 19 0 675 655 636 0 636 0 0 0 149964113 13821636 0 13752557 462788 755301 51249447 190794 56512226 3166297074 3166297074 0 1970719512 829560960 16.305177 30 90 120000 30000 441 243 60 80000 125000 57 76000 27947 12 16000 25000 12 16000 25000 8938
1790009757861843 5 0 0 5 5 5 0 0 0 0 0 0 19 19 19 0 675 656 637 0 637 0 0 0 149967650 13821718 0 13752569 462873 755317 51761424 190840 56512370 3171489073 3171489073 0 1972407343 829560960 16.314644 30 90 120000 30000 19 222 60 80000 125000 57 76000 27954 12 16000 25000 12 16000 25000 8945
1790009757880621 5 0 0 5 5 5 0 0 0 0 0 0 18 19 19 0 675 657 638 0 638 0 0 0 149970682 13821801 0 13752583 462958 755335 51776884 190920 56512533 3178155926 3178155926 0 1974026141 829560960 16.323759 30 90 120000 30000 976 330 60 80000 125000 57 76000 27962 12 16000 25000 12 16000 25000 8952
1790009758301933 5 0 0 5 5 5 0 0 0 0 0 0 17 19 19 0 675 658 639 0 639 0 0 0 149983442 13821878 0 13752596 463048 755349 52185192 190966 56512662 3183421730 3183421730 0 1975678561 829560960 16.332100 32 96 128000 32000 185 317 60 80000 125000 57 76000 27970 12 16000 25000 12 16000 25000 8960
1790009758369629 5 0 0 5 5 5 0 0 0 0 0 0 16 19 19 0 675 659 640 0 640 0 0 0 149986721 13821954 0 13752607 463125 755365 52249377 191009 56512776 3187808446 3187808446 0 1977275308 829560960 16.341062 32 96 128000 32000 22 289 60 80000 125000 57 76000 27976 12 16000 25000 12 16000 25000 8967
1790009759332688 5 0 0 5 5 5 0 0 0 0 0 0 15 19 19 0 675 660 641 0 641 0 0 0 150000061 13822042 0 13752622 463224 755382 53198833 191051 56512903 3190330335 3190330335 0 1978958755 829560960 16.349522 32 96 128000 32000 67 268 60 80000 125000 57 76000 27979 12 16000 25000 12 16000 25000 8970
1790009759762780 5 0 0 5 5 5 0 0 0 0 0 0 14 19 19 0 675 661 642 0 642 0 0 0 150346712 13822127 0 13752636 463319 755397 53281964 191148 56512991 3196890774 3196890774 0 1980297335 829560960 16.322767 32 96 128000 32000 212 264 60 80000 125000 57 76000 27988 12 16000 25000 12 16000 25000 8979
1790009760055591 5 0 0 5 5 5 0 0 0 0 0 0 13 19 19 0 675 662 643 0 643 0 0 0 150349507 13822214 0 13752650 463439 755411 53571632 191251 56513082 3203533018 3203533018 0 1981959370 829560960 16.332135 32 96 128000 32000 40 243 60 80000 125000 57 76000 27996 12 16000 25000 12 16000 25000 8987
1790009760320453 5 0 0 5 5 5 0 0 0 0 0 0 12 19 19 0 675 663 644 0 644 0 0 0 150614073 13822300 0 13752661 463512 755418 53571637 191357 56513111 3208952552 3208952552 0 1983524246 829560960 16.314925 34 102 136000 34000 32 223 60 80000 125000 57 76000 28007 12 16000 25000 12 16000 25000 8997
1790009760320634 5 0 0 5 5 5 0 0 0 0 0 0 12 18 18 0 675 663 645 0 645 0 0 0 150614073 13822379 0 13752674 463535 755425 53571639 191411 56513111 3211407769 3211407769 0 1983524246 829560960 16.314917 35 105 140000 35000 35 206 60 80000 125000 54 72000 27002 12 16000 25000 12 16000 25000 8995
1790009760695321 5 0 0 5 5 5 0 0 0 0 0 0 10 19 18 1 675 665 646 0 646 0 0 0 150988511 13822457 0 13752687 463644 755432 53571645 191442 56513144 3223572511 3218117317 0 1986774988 829560960 16.296654 34 102 136000 34000 725 257 60 80000 125000 57 76000 28023 12 16000 25000 12 16000 25000 9012
1790009760695502 5 0 0 5 5 5 0 0 0 0 0 0 10 18 18 0 675 665 647 0 647 0 0 0 150988511 13822529 0 13752702 463644 755440 53571647 191525 56513144 3223572511 3223572511 0 1986774988 829560960 16.296647 32 96 128000 32000 12 234 60 80000 125000 54 72000 27018 12 16000 25000 12 16000 25000 9010
1790009760992445 5 0 0 5 5 5 0 0 0 0 0 0 8 19 17 2 675 667 648 0 648 0 0 0 151285160 13822618 0 13752715 463791 755448 53571652 191555 56513171 3239503839 3230221348 0 1990048614 829560960 16.286266 31 93 124000 31000 19 214 60 80000 125000 57 76000 28042 12 16000 25000 12 16000 25000 9031
1790009760992598 5 0 0 5 5 5 0 0 0 0 0 0 8 18 17 1 675 667 649 0 649 0 0 0 151285160 13822690 0 13752730 463791 755456 53571654 191610 56513171 3239503839 3236450436 0 1990048614 829560960 16.286259 31 93 124000 31000 29 197 60 80000 125000 51 68000 27038 12 16000 25000 12 16000 25000 9030
1790009760992719 5 0 0 5 5 5 0 0 0 0 0 0 8 17 17 0 675 667 650 0 650 0 0 0 151285160 13822759 0 13752744 463791 755463 53571656 191638 56513171 3239503839 3239503839 0 1990048614 829560960 16.286252 31 93 124000 31000 38 183 60 80000 125000 51 68000 26036 12 16000 25000 12 16000 25000 9028
1790009761244564 5 0 0 5 5 5 0 0 0 0 0 0 7 17 17 0 675 668 651 0 651 0 0 0 151287747 13822839 0 13752760 463873 755479 53820691 191665 56513185 3240426841 3240426841 0 1991677362 829560960 16.295397 31 93 124000 31000 53 171 60 80000 125000 51 68000 26037 12 16000 25000 12 16000 25000 9029
1790009761338429 5 0 0 5 5 5 0 0 0 0 0 0 7 16 16 0 675 668 652 0 652 0 0 0 151288214 13822917 0 13752772 463936 755490 53913870 191716 56513185 3246917220 3246917220 0 1991677362 829560960 16.295343 31 93 124000 31000 4 156 60 80000 125000 48 64000 25043 12 16000 25000 12 16000 25000 9035
1790009761793514 5 0 0 5 5 5 0 0 0 0 0 0 7 15 15 0 675 668 653 0 653 0 0 0 151289018 13822994 0 13752785 464007 755502 54367937 191752 56513185 3252267520 3252267520 0 1991677362 829560960 16.295256 32 96 128000 32000 270 168 60 80000 125000 45 60000 24048 12 16000 25000 12 16000 25000 9042
1790009762110823 5 0 0 5 5 5 0 0 0 0 0 0 7 14 14 0 675 668 654 0 654 0 0 0 151289733 13823077 0 13752800 464063 755514 54684286 191827 56513185 3257664344 3257664344 0 1991677362 829560960 16.295177 32 96 128000 32000 71 160 60 80000 125000 42 56000 23051 12 16000 25000 12 16000 25000 9047
1790009762413634 5 0 0 5 5 5 0 0 0 0 0 0 7 13 13 0 675 668 655 0 655 0 0 0 151290358 13823164 0 13752818 464134 755525 54986243 191869 56513185 3260310359 3260310359 0 1991677362 829560960 16.295107 34 102 136000 34000 821 226 60 80000 125000 39 52000 22050 12 16000 25000 12 16000 25000 9049
1790009762545659 5 0 0 5 5 5 0 0 0 0 0 0 7 12 12 0 675 668 656 0 656 0 0 0 151290847 13823237 0 13752832 464199 755535 55117517 191964 56513185 3266815090 3266815090 0 1991677362 829560960 16.295052 35 105 140000 35000 573 261 60 80000 125000 36 48000 21057 12 16000 25000 12 16000 25000 9055
1790009762731397 5 0 0 5 5 5 0 0 0 0 0 0 7 11 11 0 675 668 657 0 657 0 0 0 151291328 13823308 0 13752844 464261 755556 55302563 192001 56513185 3272196555 3272196555 0 1991677362 829560960 16.294997 34 102 136000 34000 28 239 60 80000 125000 33 44000 20063 12 16000 25000 12 16000 25000 9062
1790009762797602 5 0 0 5 5 5 0 0 0 0 0 0 7 10 10 0 675 668 658 0 658 0 0 0 151291820 13823377 0 13752856 464341 755567 55368063 192037 56513185 3274569204 3274569204 0 1991677362 829560960 16.294942 34 102 136000 34000 1456 358 60 80000 125000 30 40000 19064 12 16000 25000 12 16000 25000 9063
1790009762966814 5 0 1 4 5 5 0 0 0 0 0 0 7 9 9 0 675 668 659 0 659 0 0 0 151292299 13823444 0 13752868 464394 755580 55536610 192071 56513185 3281167722 3281167722 0 1991677362 829560960 16.294888 34 102 136000 34000 23 327 60 80000 125000 27 36000 18071 12 16000 25000 12 16000 25000 9069
1790009763077226 5 0 1 4 5 5 0 0 0 0 0 0 7 8 8 0 675 668 660 0 660 0 0 0 151292786 13823518 0 13752880 464450 755591 55646322 192126 56513185 3287667977 3287667977 0 1991677362 829560960 16.294833 33 99 132000 33000 21 285 60 80000 125000 24 32000 17078 12 16000 25000 12 16000 25000 9076
1790009763333311 5 0 1 4 5 5 0 0 0 0 0 0 7 7 7 0 675 668 661 0 661 0 0 0 151293281 13823588 0 13752892 464508 755611 55901711 192160 56513185 3294294171 3294294171 0 1991677362 829560960 16.294777 35 105 140000 35000 1405 395 60 80000 125000 21 28000 16085 12 16000 25000 12 16000 25000 9083
1790009763667176 5 0 1 4 5 5 0 0 0 0 0 0 7 6 6 0 675 668 662 0 662 0 0 0 151293789 13823658 0 13752905 464570 755622 56234873 192193 56513185 3299655786 3299655786 0 1991677362 829560960 16.294720 35 105 140000 35000 179 375 60 80000 125000 18 24000 15092 12 16000 25000 12 16000 25000 9090
1790009763756787 5 0 2 3 5 5 0 0 0 0 0 0 7 5 5 0 675 668 663 0 663 0 0 0 151294297 13823730 0 13752917 464626 755632 56323785 192231 56513185 3305029504 3305029504 0 1991677362 829560960 16.294663 37 111 148000 37000 1538 490 60 80000 125000 15 20000 14098 12 16000 25000 12 16000 25000 9096
1790009764884923 5 0 2 3 5 5 0 0 0 0 0 0 7 4 4 0 675 668 664 0 664 0 0 0 151295365 13823817 0 13752932 464742 755649 57450574 192271 56513185 3310228183 3310228183 0 1991677362 829560960 16.294549 38 114 152000 38000 404 482 60 80000 125000 12 16000 13103 12 16000 25000 12 16000 25000 9101
1790009767024075 5 0 2 3 5 5 0 0 0 0 0 0 7 3 3 0 675 668 665 0 665 0 0 0 151296384 13823894 0 13752944 464808 755665 59588448 192350 56513185 3316551148 3316551148 0 1991677362 829560960 16.294440 37 111 148000 37000 15 437 60 80000 125000 9 12000 12110 12 16000 25000 12 16000 25000 9107
1790009767028395 5 0 3 2 5 5 0 0 0 0 0 0 7 2 2 0 675 668 666 0 666 0 0 0 151297138 13823965 0 13752957 464862 755686 59591777 192422 56513185 3322881158 3322881158 0 1991677362 829560960 16.294359 39 117 156000 39000 1155 508 60 80000 125000 6 8000 11116 12 16000 25000 12 16000 25000 9114
1790009767378207 5 0 4 1 5 5 0 0 0 0 0 0 7 1 1 0 675 668 667 0 667 0 0 0 151297883 13824037 0 13752970 464945 755700 59940624 192456 56513185 3329263736 3329263736 0 1991677362 829560960 16.294278 39 117 156000 39000 24 461 60 80000 125000 3 4000 10123 12 16000 25000 12 16000 25000 9120
1790009767607659 5 0 5 0 5 5 0 0 0 0 0 0 7 0 0 0 675 668 668 0 668 0 0 0 151298422 13824109 0 13752982 465004 755711 60169343 192492 56513185 3335873943 3335873943 0 1991677362 829560960 16.294218 39 117 156000 39000 22 420 60 80000 125000 0 0 9129 12 16000 25000 12 16000 25000 9127
1790009768859764 5 0 4 1 5 5 0 0 0 0 0 0 5 1 1 0 675 670 669 0 669 0 0 0 151362952 13824242 0 13752990 469690 756228 61351365 192535 56513739 3336151413 3336151413 0 1991677362 829560960 16.287840 41 123 164000 41000 1435 520 60 80000 125000 12 16000 15195 12 16000 25000 12 16000 25000 10193
1790009769070638 5 0 4 1 5 5 0 0 0 0 0 0 4 1 1 0 675 671 670 0 670 0 0 0 151366168 13824307 0 13752991 469765 756240 61558738 192649 56514011 3336355540 3336355540 0 1991677362 829560960 16.287516 35 112 148572 37858 1 448 60 80000 125000 12 16000 12195 12 16000 25000 12 16000 25000 10193
1790009785251398 5 0 4 1 5 5 0 0 0 0 0 0 3 2 2 0 675 671 670 0 670 0 0 0 151369876 13824326 0 13752991 470315 795982 77694750 193117 56514062 3336355540 3336355540 0 1991677362 829560960 16.287149 35 118 157143 40715 29 355 60 80000 125000 12 16000 12196 12 16000 25000 12 16000 25000 10194
1790009785255604 5 0 4 1 5 5 0 0 0 0 0 0 3 1 1 0 675 672 671 0 671 0 0 0 151370322 13824440 0 13753018 470347 796040 77698531 193117 56514062 3352517798 3352517798 0 1991677362 829560960 16.287093 35 118 157143 40715 29 324 60 80000 125000 12 16000 12196 12 16000 25000 12 16000 25000 10194
1790009786290755 5 0 4 1 5 5 0 0 0 0 0 0 2 1 1 0 675 673 672 0 672 0 0 0 151373557 13824518 0 13753019 470445 796055 78730107 193246 56514401 3353547860 3353547860 0 1991677362 829560960 16.286767 37 132 175184 43796 648 357 60 80000 125000 12 16000 12196 12 16000 25000 12 16000 25000 10194
1790009789506544 5 0 4 1 5 5 0 0 0 0 0 0 1 1 1 0 675 674 673 0 673 0 0 0 151373804 13824631 0 13753043 470543 796145 81945101 193462 56514475 3356744169 3356744169 0 1991677362 829560960 16.286731 37 139 184245 44552 110 334 60 80000 125000 12 16000 14971 12 16000 25000 12 16000 25000 12969
1790009791779722 5 0 4 1 5 5 0 0 0 0 0 0 0 1 1 0 675 675 674 0 674 0 0 0 151384216 13824716 0 13753044 470686 796159 84207453 193614 56514519 3357018995 3357018995 0 1991677362 829560960 16.285697 36 142 188082 44082 147 309 60 80000 125000 12 16000 14972 12 16000 25000 12 16000 25000 12969
1790009800861522 5 0 4 1 5 5 0 0 0 0 0 0 0 0 0 0 675 675 675 0 675 0 0 0 151384220 13824718 0 19903964 470776 796170 87137785 193953 56514519 3359942313 3359942313 0 1991677362 1244341440 18.680031 28 115 153143 34858 1 294 60 80000 125000 12 16000 15368 12 16000 25000 12 16000 25000 12969
1790009800861562 5 0 5 0 5 5 0 0 0 0 0 0 0 0 0 0 675 675 675 0 675 0 0 0 151384220 19975757 0 19903964 470776 796170 87137785 193953 56514519 3359942313 3359942313 0 1991677362 1244341440 18.009503 28 115 153143 34858 1 267 60 80000 125000 0 0 12971 12 16000 25000 12 16000 25000 12969
1790009801200556 0 0 0 0 0 5 5 5 0 0 0 0 0 0 0 0 675 675 675 0 675 0 0 0 151384220 19975757 0 19903964 470776 796181 87137785 194046 56514519 3359942313 3359942313 0 1991677362 1244341440 18.009503 17 73 97143 21511 1 242 0 0 0 0 0 0 0 0 0 0 0 0 0
