time,workflow_completion_percentage,Waiting,Committing,Executing,Retrieving,Done
-6.4,0.0,0,0,0,0,0
-6.39,0.0,222,0,0,0,0
-6.38,0.0,225,0,0,0,0
-6.06,0.0,311,0,0,0,0
-6.05,0.0,447,0,0,0,0
-6.04,0.0,450,0,0,0,0
-5.9,0.0,509,0,0,0,0
-5.89,0.0,668,0,0,0,0
-5.88,0.0,675,0,0,0,0
-5.81,0.0,723,0,0,0,0
-5.8,0.0,893,0,0,0,0
-5.79,0.0,900,0,0,0,0
-5.73,0.0,1012,0,0,0,0
-5.72,0.0,1125,0,0,0,0
-5.55,0.0,1225,0,0,0,0
-5.54,0.0,1348,0,0,0,0
-5.53,0.0,1350,0,0,0,0
-5.22,0.0,1482,0,0,0,0
-5.21,0.0,1575,0,0,0,0
-4.96,0.0,1623,0,0,0,0
-4.95,0.0,1792,0,0,0,0
-4.94,0.0,1800,0,0,0,0
0.0,0.0,1799,0,1,0,0
2.94,0.0,1799,0,0,1,0
4.28,0.0,1798,0,1,1,0
6.98,0.0,1798,0,0,2,0
8.34,0.0,1797,0,1,2,0
11.34,0.0,1797,0,0,3,0
11.54,0.0,1796,1,0,3,0
11.55,0.0,1796,0,1,3,0
14.21,0.0,1796,0,0,4,0
16.28,0.0,1795,1,0,3,0
16.29,0.0,1795,0,1,0,2
16.3,0.1111111111111111,1795,0,1,0,4
19.47,0.2222222222222222,1795,0,0,1,4
20.14,0.2222222222222222,1794,1,0,1,4
20.15,0.2222222222222222,1794,0,1,1,4
22.77,0.2222222222222222,1794,0,0,2,4
24.98,0.2222222222222222,1793,0,1,2,4
27.66,0.2222222222222222,1793,0,0,3,4
32.0,0.2222222222222222,1783,5,5,3,4
32.01,0.2222222222222222,1780,3,10,3,4
32.02,0.2222222222222222,1780,0,13,0,6
32.03,0.3333333333333333,1780,0,13,0,7
32.07,0.3888888888888889,1777,1,15,0,7
32.09,0.3888888888888889,1771,2,20,0,7
32.1,0.3888888888888889,1765,1,27,0,7
32.11,0.3888888888888889,1759,1,33,0,7
32.12,0.3888888888888889,1754,1,38,0,7
32.13,0.3888888888888889,1748,2,43,0,7
32.14,0.3888888888888889,1744,2,47,0,7
32.15,0.3888888888888889,1740,2,51,0,7
32.16,0.3888888888888889,1735,3,55,0,7
32.17,0.3888888888888889,1731,2,60,0,7
32.18,0.3888888888888889,1725,1,67,0,7
32.19,0.3888888888888889,1720,1,72,0,7
32.2,0.3888888888888889,1714,2,77,0,7
32.21,0.3888888888888889,1709,2,82,0,7
32.22,0.3888888888888889,1707,1,85,0,7
32.23,0.3888888888888889,1704,2,87,0,7
32.24,0.3888888888888889,1704,0,89,0,7
32.25,0.3888888888888889,1698,1,94,0,7
32.26,0.3888888888888889,1695,0,98,0,7
32.27,0.3888888888888889,1692,1,100,0,7
32.28,0.3888888888888889,1689,0,104,0,7
32.29,0.3888888888888889,1684,2,107,0,7
32.3,0.3888888888888889,1684,0,109,0,7
32.73,0.3888888888888889,1684,0,108,0,7
32.74,0.3888888888888889,1683,0,109,0,8
32.79,0.4444444444444444,1683,0,108,1,8
32.8,0.4444444444444444,1682,0,109,0,9
32.81,0.5,1681,0,109,0,10
33.12,0.5555555555555556,1680,1,108,0,11
33.13,0.6111111111111112,1680,0,109,0,11
33.27,0.6111111111111112,1679,0,109,0,12
33.28,0.6666666666666666,1678,0,109,0,13
33.3,0.7222222222222222,1678,0,108,1,13
33.31,0.7222222222222222,1677,1,108,0,14
33.34,0.7777777777777778,1676,0,109,0,15
33.42,0.8333333333333334,1676,0,108,0,16
33.43,0.8888888888888888,1675,0,109,0,16
33.47,0.8888888888888888,1674,0,109,0,17
33.48,0.9444444444444444,1673,0,109,0,18
33.5,1.0,1671,0,109,0,20
33.66,1.1111111111111112,1670,1,108,0,21
33.67,1.1666666666666667,1670,0,109,0,21
33.73,1.1666666666666667,1670,0,108,0,22
33.76,1.2222222222222223,1669,1,107,1,22
33.77,1.2222222222222223,1668,0,109,0,23
33.85,1.277777777777778,1667,0,109,0,24
33.88,1.3333333333333333,1666,0,109,0,25
34.05,1.3888888888888888,1666,0,108,1,25
34.06,1.3888888888888888,1665,0,109,0,26
34.31,1.4444444444444444,1665,0,108,0,27
34.32,1.5,1664,0,109,0,27
34.44,1.5,1663,0,109,0,28
34.63,1.5555555555555556,1662,0,109,0,29
34.65,1.6111111111111112,1662,0,108,0,30
34.66,1.6666666666666667,1662,0,107,1,30
34.68,1.6666666666666667,1660,2,107,1,30
34.69,1.6666666666666667,1658,0,111,1,30
34.71,1.6666666666666667,1657,0,112,1,30
34.72,1.6666666666666667,1654,0,115,1,30
34.73,1.6666666666666667,1653,0,116,1,30
34.74,1.6666666666666667,1652,0,116,2,30
34.75,1.6666666666666667,1651,0,117,2,30
34.76,1.6666666666666667,1650,0,118,0,32
34.79,1.7777777777777777,1649,1,118,0,32
34.8,1.7777777777777777,1649,0,119,0,32
34.82,1.7777777777777777,1648,0,120,0,32
35.39,1.7777777777777777,1647,0,120,0,33
35.48,1.8333333333333333,1646,0,120,0,34
35.76,1.8888888888888888,1645,1,119,0,35
35.77,1.9444444444444444,1645,0,120,0,35
35.92,1.9444444444444444,1644,0,120,0,36
36.03,2.0,1644,0,119,1,36
36.04,2.0,1643,0,120,0,37
36.5,2.055555555555556,1642,0,120,0,38
36.63,2.111111111111111,1642,0,119,1,38
36.64,2.111111111111111,1641,0,120,0,39
36.72,2.166666666666667,1641,0,119,1,39
36.73,2.166666666666667,1640,0,120,0,40
36.88,2.2222222222222223,1640,0,119,1,40
36.89,2.2222222222222223,1639,0,120,0,41
36.98,2.2777777777777777,1639,0,119,0,42
36.99,2.3333333333333335,1638,0,120,0,42
37.25,2.3333333333333335,1636,0,120,0,44
37.45,2.4444444444444446,1636,0,119,0,45
37.46,2.5,1635,0,120,0,45
37.61,2.5,1634,0,120,0,46
37.62,2.555555555555556,1633,0,120,0,47
37.63,2.611111111111111,1633,0,119,1,47
37.64,2.611111111111111,1632,0,120,0,48
37.67,2.6666666666666665,1632,0,119,0,49
37.68,2.722222222222222,1631,0,120,0,49
37.69,2.722222222222222,1630,0,120,0,50
37.7,2.7777777777777777,1630,0,119,0,51
37.71,2.833333333333333,1628,0,120,0,52
37.73,2.888888888888889,1628,0,119,0,53
37.74,2.944444444444444,1628,0,118,1,53
37.75,2.944444444444444,1627,0,118,0,55
37.77,3.0555555555555554,1625,0,120,0,55
37.79,3.0555555555555554,1624,0,120,0,56
37.8,3.111111111111111,1623,0,120,0,57
37.98,3.166666666666667,1623,0,119,1,57
37.99,3.166666666666667,1622,0,120,0,58
38.1,3.2222222222222223,1622,0,119,0,59
38.11,3.277777777777778,1621,0,120,0,59
38.36,3.277777777777778,1620,0,120,0,60
38.54,3.3333333333333335,1620,0,119,0,61
38.55,3.3888888888888893,1619,0,120,0,61
38.59,3.3888888888888893,1619,0,119,1,61
38.6,3.3888888888888893,1618,0,120,0,62
38.62,3.4444444444444446,1617,0,120,0,63
38.65,3.5000000000000004,1616,0,120,0,64
38.66,3.5555555555555554,1615,0,120,0,65
38.67,3.6111111111111107,1614,0,120,0,66
38.68,3.6666666666666665,1613,0,120,0,67
38.69,3.722222222222222,1612,0,120,0,68
38.7,3.7777777777777777,1612,0,119,0,69
38.71,3.833333333333333,1611,0,120,0,69
38.74,3.833333333333333,1611,0,119,0,70
38.75,3.888888888888889,1610,0,120,0,70
38.76,3.888888888888889,1608,0,120,0,72
38.79,4.0,1606,1,119,0,74
38.8,4.111111111111112,1606,0,120,0,74
38.81,4.111111111111112,1606,0,118,2,74
38.82,4.111111111111112,1604,1,119,0,76
38.84,4.222222222222222,1604,0,120,0,76
38.85,4.222222222222222,1602,1,119,0,78
38.86,4.333333333333334,1602,0,120,0,78
38.88,4.333333333333334,1602,0,119,0,79
38.89,4.388888888888888,1601,0,119,1,79
38.9,4.388888888888888,1598,1,118,1,82
38.91,4.555555555555555,1597,0,120,0,83
38.96,4.611111111111111,1596,0,120,0,84
38.97,4.666666666666667,1595,0,118,2,85
38.98,4.722222222222222,1593,0,120,0,87
38.99,4.833333333333333,1593,0,119,1,87
39.0,4.888888888888889,1592,0,120,0,88
39.01,4.888888888888889,1591,0,120,0,89
39.09,4.944444444444445,1591,0,119,0,90
39.1,5.0,1589,0,120,0,91
39.11,5.055555555555555,1589,0,119,0,92
39.12,5.111111111111112,1588,0,120,0,92
39.17,5.111111111111112,1588,0,119,0,92
39.18,5.111111111111112,1587,0,120,0,93
39.2,5.166666666666667,1586,0,120,0,94
39.22,5.222222222222222,1585,0,119,0,96
39.23,5.333333333333333,1584,0,120,0,96
39.29,5.333333333333333,1584,0,119,1,96
39.3,5.333333333333333,1583,0,120,0,97
39.35,5.388888888888889,1582,0,119,1,98
39.36,5.444444444444444,1581,0,120,0,99
39.38,5.5,1581,0,119,0,100
39.39,5.555555555555555,1580,0,120,0,100
39.41,5.555555555555555,1580,0,119,0,101
39.42,5.611111111111111,1579,0,120,0,101
39.48,5.611111111111111,1579,0,119,1,101
39.49,5.611111111111111,1578,0,120,0,102
39.53,5.666666666666666,1578,0,119,0,103
39.54,5.722222222222222,1577,0,120,0,103
39.56,5.722222222222222,1576,0,120,0,104
39.6,5.777777777777778,1575,1,119,0,105
39.61,5.833333333333333,1574,0,120,0,106
39.87,5.888888888888888,1573,0,120,0,107
40.0,6.0,1572,0,120,0,108
40.01,6.0,1571,1,119,0,109
40.02,6.055555555555555,1571,0,120,0,109
40.05,6.055555555555555,1570,1,119,0,110
40.06,6.111111111111111,1569,0,120,0,111
40.1,6.166666666666667,1569,0,119,0,112
40.11,6.222222222222222,1567,0,120,0,113
40.13,6.277777777777778,1567,0,119,0,114
40.14,6.333333333333334,1566,0,120,0,114
40.17,6.333333333333334,1565,0,120,0,115
40.18,6.388888888888888,1564,1,119,0,116
40.19,6.444444444444445,1564,0,120,0,116
40.2,6.444444444444445,1564,0,119,1,116
40.21,6.444444444444445,1563,0,120,0,117
40.25,6.5,1562,0,120,0,118
40.26,6.555555555555556,1562,0,119,1,118
40.27,6.555555555555556,1561,0,120,0,119
40.31,6.611111111111111,1560,1,119,0,120
40.32,6.666666666666667,1559,0,120,0,121
40.36,6.722222222222222,1558,1,119,0,122
40.37,6.777777777777779,1558,0,120,0,122
40.4,6.777777777777779,1557,0,120,0,123
40.59,6.833333333333333,1556,1,119,0,124
40.6,6.888888888888889,1556,0,120,0,124
40.94,6.888888888888889,1555,0,120,0,125
40.99,6.944444444444445,1554,0,120,0,126
41.0,7.055555555555555,1553,0,120,0,127
41.04,7.055555555555555,1553,0,119,0,128
41.05,7.111111111111111,1552,0,120,0,128
41.14,7.111111111111111,1552,0,119,1,128
41.15,7.111111111111111,1551,0,120,0,129
41.21,7.166666666666667,1550,1,119,0,130
41.22,7.222222222222221,1550,0,120,0,130
41.35,7.222222222222221,1550,0,119,1,130
41.36,7.222222222222221,1549,0,120,0,131
41.38,7.277777777777778,1549,0,118,0,133
41.39,7.388888888888889,1547,0,120,0,133
41.45,7.388888888888889,1546,0,120,0,134
41.46,7.444444444444444,1545,1,119,0,135
41.47,7.5,1545,0,120,0,135
41.57,7.5,1545,0,119,1,135
41.59,7.5,1544,0,119,0,137
41.6,7.611111111111112,1543,0,120,0,137
41.73,7.611111111111112,1542,0,120,0,138
41.84,7.666666666666666,1541,0,119,1,139
41.85,7.722222222222222,1540,0,120,0,140
41.97,7.777777777777778,1539,0,120,0,141
42.03,7.833333333333334,1539,0,119,1,141
42.04,7.833333333333334,1538,0,120,0,142
42.19,7.888888888888888,1537,1,119,0,143
42.2,7.944444444444445,1537,0,120,0,143
42.25,7.944444444444445,1536,0,120,0,144
42.42,8.0,1535,1,119,0,145
42.43,8.055555555555555,1535,0,120,0,145
42.48,8.055555555555555,1535,0,119,0,146
42.5,8.11111111111111,1534,0,120,0,146
42.6,8.11111111111111,1533,0,120,0,147
42.61,8.166666666666666,1532,1,119,0,148
42.62,8.222222222222223,1532,0,119,0,149
42.64,8.277777777777779,1532,0,118,1,149
42.65,8.277777777777779,1531,1,118,1,149
42.66,8.277777777777779,1531,0,119,0,150
42.68,8.333333333333332,1530,0,120,0,150
42.76,8.333333333333332,1529,1,119,0,151
42.77,8.38888888888889,1529,0,120,0,151
42.9,8.38888888888889,1528,0,120,0,152
42.92,8.444444444444445,1528,0,119,0,153
42.93,8.5,1527,0,120,0,153
42.97,8.5,1527,0,119,0,154
42.98,8.555555555555555,1526,0,120,0,154
43.0,8.61111111111111,1525,0,120,0,155
43.15,8.61111111111111,1525,0,119,1,155
43.16,8.61111111111111,1524,0,120,0,156
43.2,8.666666666666668,1524,0,118,2,156
43.21,8.666666666666668,1523,1,118,0,158
43.23,8.777777777777777,1522,1,119,0,158
43.24,8.777777777777777,1522,0,120,0,158
43.25,8.833333333333334,1521,0,120,0,159
43.27,8.833333333333334,1520,1,119,0,160
43.28,8.88888888888889,1519,0,120,0,161
43.34,8.944444444444443,1519,0,119,1,161
43.35,8.944444444444443,1519,0,118,1,162
43.37,9.0,1518,0,119,0,163
43.38,9.055555555555555,1518,0,118,1,163
43.39,9.055555555555555,1517,0,119,0,164
43.42,9.11111111111111,1517,0,118,1,164
43.46,9.11111111111111,1517,0,117,2,164
43.47,9.11111111111111,1517,0,116,3,164
43.54,9.11111111111111,1517,0,115,4,164
43.57,9.11111111111111,1517,0,114,5,164
43.59,9.11111111111111,1516,0,115,5,164
43.6,9.11111111111111,1516,0,115,0,169
43.67,9.388888888888888,1512,1,118,0,169
43.68,9.388888888888888,1511,0,120,0,169
43.92,9.388888888888888,1511,0,119,1,169
43.93,9.388888888888888,1509,0,120,0,171
43.99,9.5,1508,0,120,0,172
44.03,9.555555555555555,1508,0,119,1,172
44.04,9.555555555555555,1507,0,120,0,173
44.1,9.61111111111111,1507,0,119,1,173
44.11,9.61111111111111,1505,1,118,0,176
44.12,9.777777777777779,1504,0,120,0,176
44.27,9.777777777777779,1504,0,118,1,177
44.28,9.833333333333332,1503,0,118,1,178
44.3,9.88888888888889,1502,0,119,1,178
44.31,9.88888888888889,1502,0,119,0,179
44.32,9.944444444444445,1501,0,120,0,179
44.34,9.944444444444445,1501,0,116,3,180
44.37,10.0,1498,1,117,0,184
44.38,10.222222222222223,1495,0,119,1,185
44.39,10.277777777777777,1494,0,120,0,186
44.4,10.333333333333334,1494,0,119,0,187
44.41,10.38888888888889,1493,0,120,0,187
44.42,10.38888888888889,1492,0,120,0,188
44.44,10.444444444444445,1492,0,119,1,188
44.45,10.444444444444445,1491,0,120,0,189
44.56,10.5,1490,0,120,0,190
44.73,10.555555555555555,1489,0,120,0,191
44.74,10.61111111111111,1489,0,119,1,191
44.75,10.666666666666666,1488,0,119,0,193
44.76,10.722222222222221,1487,0,120,0,193
44.8,10.722222222222221,1487,0,119,1,193
44.81,10.722222222222221,1485,0,120,0,195
44.9,10.833333333333334,1484,0,120,0,196
44.94,10.888888888888888,1483,0,120,0,197
44.95,10.944444444444445,1483,0,119,1,197
44.96,10.944444444444445,1482,0,120,0,198
45.02,11.0,1481,0,120,0,199
45.03,11.055555555555555,1480,0,120,0,200
45.04,11.11111111111111,1480,0,119,1,200
45.05,11.11111111111111,1479,0,120,0,201
45.06,11.166666666666666,1479,0,118,1,202
45.07,11.222222222222221,1477,1,119,0,203
45.09,11.277777777777779,1477,0,120,0,203
45.2,11.277777777777779,1475,0,119,0,206
45.21,11.444444444444445,1474,0,120,0,206
45.24,11.444444444444445,1474,0,119,1,206
45.25,11.555555555555555,1470,0,120,0,210
45.28,11.666666666666666,1469,1,119,0,211
45.29,11.722222222222223,1468,0,120,0,212
45.3,11.777777777777777,1468,0,119,1,212
45.31,11.777777777777777,1466,1,119,0,214
45.32,11.88888888888889,1466,0,120,0,214
45.35,11.88888888888889,1466,0,119,1,214
45.36,11.88888888888889,1465,0,120,0,215
45.38,11.944444444444445,1464,0,120,0,216
45.41,12.0,1463,1,118,1,217
45.42,12.055555555555555,1462,0,119,0,219
45.43,12.166666666666668,1461,0,120,0,219
45.46,12.166666666666668,1460,0,119,1,220
45.47,12.222222222222221,1459,0,118,1,222
45.48,12.333333333333334,1457,0,120,0,223
45.49,12.38888888888889,1455,1,118,0,225
45.5,12.555555555555555,1452,1,119,0,228
45.51,12.666666666666668,1452,0,120,0,228
45.52,12.666666666666668,1449,1,119,0,231
45.53,12.833333333333332,1448,0,119,1,232
45.54,12.88888888888889,1447,0,120,0,233
45.55,12.944444444444445,1446,1,119,0,234
45.56,13.0,1445,1,119,0,235
45.57,13.055555555555557,1445,0,120,0,235
45.61,13.055555555555557,1445,0,119,0,236
45.62,13.111111111111112,1444,0,119,1,236
45.63,13.111111111111112,1443,0,120,0,237
45.64,13.166666666666666,1443,0,118,2,237
45.65,13.166666666666666,1441,0,120,0,239
45.71,13.277777777777777,1440,1,119,0,240
45.72,13.333333333333334,1440,0,120,0,240
45.73,13.333333333333334,1440,0,119,0,241
45.74,13.38888888888889,1439,0,119,1,241
45.75,13.444444444444445,1437,1,119,0,243
45.76,13.5,1437,0,120,0,243
45.79,13.5,1436,0,120,0,244
45.86,13.555555555555557,1435,1,119,0,245
45.87,13.61111111111111,1435,0,120,0,245
45.91,13.61111111111111,1434,0,120,0,246
46.09,13.666666666666666,1434,0,119,0,247
46.1,13.722222222222221,1433,0,120,0,247
46.16,13.722222222222221,1433,0,119,0,248
46.17,13.777777777777779,1432,0,120,0,248
46.19,13.777777777777779,1432,0,119,0,249
46.2,13.833333333333334,1431,0,120,0,249
46.25,13.88888888888889,1430,0,120,0,250
46.29,13.88888888888889,1430,0,119,1,250
46.3,13.88888888888889,1429,0,119,1,251
46.31,13.944444444444445,1428,0,120,0,252
46.34,14.000000000000002,1426,1,119,0,254
46.35,14.11111111111111,1426,0,120,0,254
46.41,14.11111111111111,1426,0,119,1,254
46.42,14.11111111111111,1425,0,120,0,255
46.51,14.166666666666666,1425,0,119,1,255
46.52,14.166666666666666,1424,0,120,0,256
46.61,14.222222222222221,1423,1,119,0,257
46.63,14.277777777777779,1423,0,120,0,257
46.65,14.277777777777779,1423,0,119,1,257
46.66,14.277777777777779,1422,0,120,0,258
46.69,14.333333333333334,1421,0,120,0,259
46.87,14.38888888888889,1420,1,119,0,260
46.88,14.444444444444443,1420,0,120,0,260
46.93,14.444444444444443,1419,0,120,0,261
47.22,14.499999999999998,1418,1,119,0,262
47.24,14.555555555555555,1418,0,120,0,262
47.31,14.555555555555555,1417,0,120,0,263
47.5,14.666666666666666,1416,0,119,0,265
47.51,14.722222222222223,1414,1,119,0,266
47.52,14.777777777777779,1414,0,120,0,266
47.59,14.777777777777779,1414,0,119,0,267
47.6,14.833333333333334,1413,0,120,0,267
47.75,14.888888888888888,1412,0,120,0,268
47.77,14.888888888888888,1411,1,119,0,269
47.78,14.944444444444443,1411,0,120,0,269
48.02,14.944444444444443,1410,0,120,0,270
48.03,15.0,1410,0,119,0,271
48.04,15.055555555555555,1409,0,119,1,271
48.05,15.055555555555555,1407,1,119,0,273
48.06,15.166666666666668,1406,0,120,0,274
48.09,15.222222222222223,1406,0,119,1,274
48.1,15.222222222222223,1405,0,120,0,275
48.16,15.277777777777779,1404,0,120,0,276
48.2,15.333333333333332,1404,0,119,1,276
48.21,15.333333333333332,1403,0,120,0,277
48.22,15.388888888888888,1402,1,119,0,278
48.23,15.444444444444445,1402,0,120,0,278
48.3,15.444444444444445,1402,0,119,1,278
48.31,15.444444444444445,1401,0,120,0,279
48.34,15.5,1400,1,119,0,280
48.35,15.555555555555555,1400,0,120,0,280
48.36,15.555555555555555,1399,0,120,0,281
48.46,15.611111111111112,1399,0,119,1,281
48.47,15.611111111111112,1398,0,120,0,282
48.52,15.666666666666668,1398,0,119,1,282
48.53,15.666666666666668,1398,0,119,0,283
48.56,15.722222222222223,1398,0,118,1,283
48.73,15.722222222222223,1398,0,117,2,283
48.75,15.722222222222223,1398,0,116,3,283
48.77,15.722222222222223,1398,0,115,4,283
48.79,15.722222222222223,1395,2,116,0,287
48.8,15.944444444444445,1393,0,120,0,287
48.82,15.944444444444445,1392,0,120,0,288
48.85,16.0,1391,1,119,0,289
48.86,16.055555555555557,1391,0,120,0,289
48.87,16.055555555555557,1390,0,120,0,290
48.94,16.11111111111111,1389,0,120,0,291
49.14,16.166666666666664,1389,0,119,1,291
49.15,16.166666666666664,1388,0,120,0,292
49.29,16.22222222222222,1388,0,119,1,292
49.3,16.22222222222222,1387,0,120,0,293
49.31,16.27777777777778,1387,0,119,0,293
49.32,16.27777777777778,1387,0,119,0,294
49.34,16.333333333333332,1386,0,120,0,294
49.38,16.333333333333332,1386,0,119,1,294
49.39,16.333333333333332,1385,0,120,0,295
49.44,16.38888888888889,1385,0,119,0,296
49.45,16.444444444444446,1384,0,120,0,296
49.63,16.444444444444446,1383,1,119,0,297
49.64,16.5,1383,0,120,0,297
49.65,16.5,1382,1,119,0,298
49.66,16.555555555555557,1382,0,120,0,298
49.67,16.555555555555557,1381,1,119,0,299
49.68,16.61111111111111,1381,0,120,0,299
49.72,16.61111111111111,1380,1,119,0,300
49.73,16.666666666666664,1379,1,119,0,301
49.74,16.72222222222222,1379,0,120,0,301
49.76,16.72222222222222,1379,0,119,1,301
49.77,16.72222222222222,1378,0,120,0,302
49.8,16.77777777777778,1378,0,119,0,303
49.82,16.833333333333332,1377,0,119,0,304
49.85,16.88888888888889,1376,0,120,0,304
49.89,16.88888888888889,1375,0,120,0,305
49.99,16.944444444444446,1374,0,120,0,306
50.02,17.0,1373,0,119,0,308
50.03,17.11111111111111,1372,0,120,0,308
50.14,17.11111111111111,1371,0,120,0,309
50.24,17.166666666666668,1371,0,119,0,310
50.25,17.22222222222222,1368,0,120,0,312
50.35,17.333333333333336,1368,0,119,1,312
50.36,17.333333333333336,1367,0,120,0,313
50.37,17.38888888888889,1366,0,120,0,314
50.44,17.444444444444446,1366,0,119,0,315
50.45,17.5,1365,0,120,0,315
50.47,17.5,1364,0,120,0,316
50.52,17.555555555555554,1364,0,119,1,316
50.53,17.555555555555554,1363,0,119,0,318
50.54,17.666666666666668,1362,0,120,0,318
50.62,17.666666666666668,1361,1,119,0,319
50.63,17.72222222222222,1361,0,120,0,319
50.64,17.72222222222222,1360,0,120,0,320
50.65,17.77777777777778,1359,0,120,0,321
50.69,17.833333333333336,1359,0,119,1,321
50.7,17.833333333333336,1358,0,120,0,322
50.75,17.944444444444443,1357,0,120,0,323
50.77,17.944444444444443,1357,0,119,1,323
50.78,17.944444444444443,1356,0,120,0,324
50.8,18.0,1355,0,120,0,325
50.94,18.055555555555554,1354,1,119,0,326
50.95,18.11111111111111,1354,0,120,0,326
50.97,18.11111111111111,1354,0,119,1,326
50.98,18.11111111111111,1353,0,120,0,327
51.0,18.166666666666668,1352,1,119,0,328
51.01,18.22222222222222,1352,0,119,0,329
51.02,18.27777777777778,1351,0,120,0,329
51.04,18.27777777777778,1349,1,119,0,331
51.05,18.38888888888889,1349,0,120,0,331
51.07,18.38888888888889,1349,0,119,0,332
51.09,18.444444444444443,1347,0,120,0,333
51.15,18.5,1346,1,118,1,334
51.16,18.555555555555557,1345,0,120,0,335
51.21,18.61111111111111,1345,0,119,1,335
51.22,18.61111111111111,1344,0,120,0,336
51.3,18.666666666666668,1343,1,119,0,337
51.31,18.722222222222225,1343,0,120,0,337
51.34,18.722222222222225,1342,0,120,0,338
51.36,18.777777777777775,1341,0,120,0,339
51.38,18.833333333333332,1341,0,119,0,340
51.39,18.88888888888889,1340,0,120,0,340
51.68,18.88888888888889,1340,0,118,1,341
51.69,18.944444444444443,1338,0,120,0,342
51.76,19.0,1337,0,120,0,343
51.77,19.055555555555557,1337,0,119,0,344
51.78,19.11111111111111,1336,0,120,0,344
51.88,19.11111111111111,1335,0,120,0,345
51.97,19.166666666666668,1334,0,120,0,346
52.0,19.27777777777778,1333,0,120,0,347
52.09,19.27777777777778,1332,0,120,0,348
52.13,19.333333333333332,1330,1,119,0,350
52.14,19.444444444444446,1330,0,120,0,350
52.2,19.444444444444446,1329,1,118,1,351
52.21,19.5,1328,0,120,0,352
52.22,19.555555555555557,1327,1,118,1,353
52.23,19.61111111111111,1326,0,120,0,354
52.25,19.72222222222222,1325,0,120,0,355
52.26,19.72222222222222,1324,1,119,0,356
52.27,19.77777777777778,1324,0,120,0,356
52.31,19.77777777777778,1323,1,119,0,357
52.32,19.833333333333332,1322,0,120,0,358
52.38,19.88888888888889,1321,0,120,0,359
52.44,19.944444444444446,1320,1,119,0,360
52.45,20.0,1320,0,120,0,360
52.5,20.11111111111111,1318,0,120,0,362
52.81,20.11111111111111,1318,0,119,0,363
52.82,20.166666666666664,1316,1,119,0,364
52.84,20.22222222222222,1316,0,120,0,364
52.85,20.22222222222222,1316,0,119,1,364
52.86,20.22222222222222,1315,0,120,0,365
52.87,20.27777777777778,1314,0,120,0,366
52.91,20.333333333333332,1313,1,119,0,367
52.92,20.38888888888889,1313,0,120,0,367
53.06,20.38888888888889,1312,1,118,1,368
53.07,20.444444444444446,1311,0,120,0,369
53.16,20.5,1310,0,120,0,370
53.23,20.555555555555554,1309,1,119,0,371
53.24,20.61111111111111,1309,0,120,0,371
53.27,20.61111111111111,1309,0,119,1,371
53.28,20.61111111111111,1308,0,120,0,372
53.32,20.666666666666668,1307,1,118,1,373
53.34,20.72222222222222,1306,0,120,0,374
53.47,20.77777777777778,1305,1,119,0,375
53.48,20.833333333333336,1305,0,120,0,375
53.49,20.833333333333336,1305,0,119,1,375
53.5,20.88888888888889,1304,0,120,0,376
53.63,20.88888888888889,1303,0,120,0,377
53.71,20.944444444444443,1302,0,120,0,378
53.81,21.0,1301,0,120,0,379
54.07,21.055555555555554,1301,0,119,1,379
54.09,21.055555555555554,1300,0,120,0,380
54.18,21.11111111111111,1300,0,119,1,380
54.19,21.11111111111111,1299,0,120,0,381
54.31,21.166666666666668,1298,0,120,0,382
54.4,21.22222222222222,1297,0,120,0,383
54.42,21.27777777777778,1297,0,118,0,385
54.43,21.38888888888889,1295,0,120,0,385
54.45,21.38888888888889,1294,0,120,0,386
54.46,21.444444444444443,1293,0,120,0,387
54.55,21.5,1291,1,119,0,389
54.56,21.61111111111111,1291,0,120,0,389
54.71,21.61111111111111,1291,0,119,1,389
54.72,21.61111111111111,1291,0,119,0,390
54.75,21.666666666666668,1290,0,119,0,391
54.76,21.722222222222225,1290,0,118,1,391
54.77,21.722222222222225,1288,1,119,0,392
54.78,21.777777777777775,1287,1,119,0,393
54.79,21.833333333333332,1287,0,120,0,393
54.81,21.833333333333332,1286,0,120,0,394
54.91,21.88888888888889,1285,0,120,0,395
54.92,21.944444444444443,1284,1,119,0,396
54.93,22.0,1284,0,119,1,396
54.94,22.0,1282,0,119,0,399
54.95,22.166666666666668,1281,0,120,0,399
54.98,22.166666666666668,1280,1,119,0,400
54.99,22.22222222222222,1280,0,120,0,400
55.12,22.22222222222222,1279,0,120,0,401
55.19,22.27777777777778,1278,0,120,0,402
55.25,22.333333333333332,1277,0,120,0,403
55.32,22.38888888888889,1277,0,119,1,403
55.34,22.38888888888889,1276,0,120,0,404
55.41,22.444444444444443,1274,0,120,0,406
55.44,22.555555555555557,1273,0,120,0,407
55.45,22.61111111111111,1272,0,120,0,408
55.5,22.666666666666664,1271,0,120,0,409
55.51,22.72222222222222,1270,0,120,0,410
55.52,22.77777777777778,1269,0,120,0,411
55.61,22.833333333333332,1269,0,119,1,411
55.62,22.833333333333332,1268,0,120,0,412
55.63,22.88888888888889,1268,0,119,1,412
55.64,22.88888888888889,1267,0,120,0,413
55.65,22.944444444444446,1266,1,119,0,414
55.66,23.0,1266,0,120,0,414
55.75,23.055555555555557,1265,0,120,0,415
55.8,23.055555555555557,1265,0,119,1,415
55.81,23.055555555555557,1264,0,120,0,416
55.82,23.11111111111111,1263,0,120,0,417
55.94,23.166666666666664,1262,1,119,0,418
55.96,23.22222222222222,1262,0,120,0,418
56.0,23.22222222222222,1262,0,119,1,418
56.01,23.22222222222222,1261,0,120,0,419
56.02,23.27777777777778,1261,0,119,0,420
56.03,23.333333333333332,1260,0,120,0,420
56.14,23.333333333333332,1260,0,119,0,421
56.15,23.38888888888889,1259,0,120,0,421
56.24,23.38888888888889,1258,1,119,0,422
56.25,23.444444444444446,1258,0,120,0,422
56.31,23.444444444444446,1257,0,119,0,423
56.32,23.5,1256,0,120,0,424
56.39,23.555555555555554,1255,0,120,0,425
56.6,23.61111111111111,1255,0,119,0,426
56.61,23.666666666666668,1254,0,120,0,426
56.62,23.666666666666668,1254,0,119,0,427
56.63,23.72222222222222,1253,0,120,0,427
56.72,23.72222222222222,1252,1,119,0,428
56.73,23.77777777777778,1252,0,120,0,428
56.85,23.77777777777778,1251,0,120,0,429
56.99,23.833333333333336,1251,0,119,1,429
57.0,23.88888888888889,1250,0,120,0,430
57.01,23.88888888888889,1249,0,120,0,431
57.04,23.944444444444443,1249,0,119,1,431
57.05,23.944444444444443,1248,0,120,0,432
57.1,24.0,1248,0,119,1,432
57.11,24.0,1247,0,120,0,433
57.16,24.055555555555554,1247,0,119,1,433
57.17,24.055555555555554,1246,0,120,0,434
57.25,24.11111111111111,1245,0,120,0,435
57.3,24.166666666666668,1245,0,119,1,435
57.31,24.166666666666668,1244,0,120,0,436
57.42,24.22222222222222,1244,0,119,1,436
57.43,24.22222222222222,1243,0,120,0,437
57.49,24.27777777777778,1242,1,119,0,438
57.5,24.333333333333336,1242,0,120,0,438
57.52,24.333333333333336,1242,0,118,2,438
57.53,24.333333333333336,1240,0,120,0,440
57.55,24.444444444444443,1240,0,119,0,441
57.56,24.5,1238,0,120,0,442
57.57,24.555555555555557,1237,0,119,0,444
57.59,24.666666666666668,1236,0,120,0,444
57.63,24.666666666666668,1236,0,118,0,446
57.64,24.77777777777778,1233,1,119,0,447
57.65,24.833333333333332,1233,0,120,0,447
57.67,24.833333333333332,1232,0,120,0,448
57.73,24.88888888888889,1231,1,119,0,449
57.74,24.944444444444443,1230,1,119,0,450
57.75,25.055555555555554,1229,0,120,0,451
57.77,25.055555555555554,1228,1,119,0,452
57.78,25.11111111111111,1228,0,120,0,452
57.8,25.11111111111111,1228,0,119,0,453
57.81,25.166666666666664,1227,0,120,0,453
57.87,25.166666666666664,1226,1,118,1,454
57.88,25.222222222222225,1225,0,120,0,455
57.91,25.27777777777778,1224,0,120,0,456
57.92,25.333333333333336,1223,0,120,0,457
57.95,25.38888888888889,1222,0,120,0,458
57.99,25.444444444444443,1221,1,118,0,460
58.0,25.555555555555554,1219,0,120,0,461
58.02,25.61111111111111,1219,0,119,0,462
58.03,25.666666666666664,1218,0,120,0,462
58.04,25.666666666666664,1217,1,119,0,463
58.05,25.722222222222225,1217,0,120,0,463
58.06,25.722222222222225,1217,0,119,1,463
58.07,25.722222222222225,1216,0,120,0,464
58.11,25.77777777777778,1215,0,119,0,466
58.12,25.88888888888889,1214,0,120,0,466
58.15,25.88888888888889,1214,0,119,0,467
58.16,25.944444444444443,1212,0,119,0,469
58.17,26.055555555555554,1211,0,120,0,469
58.31,26.055555555555554,1210,0,120,0,470
58.32,26.111111111111114,1210,0,119,0,471
58.34,26.166666666666664,1209,0,120,0,471
58.35,26.166666666666664,1209,0,119,1,471
58.36,26.166666666666664,1207,1,119,0,473
58.37,26.27777777777778,1207,0,120,0,473
58.48,26.27777777777778,1207,0,119,0,474
58.49,26.333333333333332,1206,0,120,0,474
58.57,26.333333333333332,1206,0,118,1,474
58.59,26.333333333333332,1204,0,120,0,476
58.63,26.444444444444443,1203,1,119,0,477
58.64,26.5,1203,0,120,0,477
58.66,26.5,1201,1,119,0,479
58.67,26.611111111111114,1201,0,120,0,479
58.76,26.611111111111114,1200,1,119,0,480
58.77,26.666666666666668,1200,0,119,1,480
58.78,26.666666666666668,1199,0,120,0,481
58.79,26.722222222222218,1199,0,119,1,481
58.8,26.722222222222218,1196,1,119,0,484
58.82,26.88888888888889,1196,0,120,0,484
58.87,26.88888888888889,1195,1,119,0,485
58.88,26.944444444444443,1194,0,120,0,486
58.96,27.0,1192,0,120,0,488
58.97,27.111111111111114,1191,0,120,0,489
58.99,27.166666666666668,1190,0,120,0,490
59.02,27.22222222222222,1190,0,119,0,491
59.03,27.27777777777778,1189,0,120,0,491
59.07,27.27777777777778,1188,1,119,0,492
59.09,27.333333333333332,1187,0,120,0,493
59.1,27.38888888888889,1187,0,119,0,494
59.11,27.444444444444443,1186,0,120,0,494
59.12,27.444444444444443,1185,0,120,0,495
59.18,27.500000000000004,1185,0,119,1,495
59.19,27.500000000000004,1184,0,120,0,496
59.24,27.555555555555557,1183,1,119,0,497
59.25,27.611111111111107,1183,0,120,0,497
59.29,27.611111111111107,1182,0,120,0,498
59.31,27.666666666666668,1182,0,119,0,499
59.32,27.72222222222222,1181,0,120,0,499
59.43,27.72222222222222,1181,0,119,1,499
59.44,27.72222222222222,1179,0,120,0,501
59.45,27.833333333333332,1178,1,118,1,502
59.46,27.88888888888889,1177,0,120,0,503
59.5,28.000000000000004,1176,0,120,0,504
59.53,28.000000000000004,1176,0,119,0,505
59.54,28.055555555555557,1175,0,120,0,505
59.77,28.055555555555557,1174,1,119,0,506
59.78,28.111111111111107,1174,0,119,1,506
59.79,28.111111111111107,1173,0,120,0,507
59.8,28.166666666666668,1172,1,119,0,508
59.81,28.22222222222222,1172,0,120,0,508
59.85,28.22222222222222,1171,0,120,0,509
59.94,28.27777777777778,1171,0,119,0,510
59.95,28.333333333333332,1170,0,120,0,510
60.04,28.333333333333332,1169,0,119,0,512
60.05,28.444444444444443,1168,0,119,0,513
60.06,28.499999999999996,1167,0,120,0,513
60.12,28.499999999999996,1166,1,119,0,514
60.13,28.555555555555557,1166,0,120,0,514
60.17,28.555555555555557,1166,0,119,0,515
60.18,28.61111111111111,1165,0,120,0,515
60.2,28.61111111111111,1163,1,119,0,517
60.21,28.72222222222222,1162,1,119,0,518
60.22,28.77777777777778,1162,0,120,0,518
60.3,28.77777777777778,1162,0,119,1,518
60.31,28.77777777777778,1161,0,120,0,519
60.36,28.833333333333332,1161,0,119,1,519
60.37,28.833333333333332,1160,0,120,0,520
60.44,28.888888888888886,1160,0,119,0,521
60.45,28.944444444444446,1159,0,120,0,521
60.46,28.944444444444446,1158,0,119,0,523
60.47,29.055555555555557,1157,0,120,0,523
60.51,29.055555555555557,1156,0,120,0,524
60.62,29.11111111111111,1155,0,120,0,525
60.73,29.166666666666668,1155,0,119,0,526
60.74,29.22222222222222,1154,0,120,0,526
60.76,29.22222222222222,1154,0,119,0,527
60.77,29.27777777777778,1153,0,120,0,527
60.79,29.27777777777778,1153,0,119,1,527
60.8,29.27777777777778,1152,0,120,0,528
60.84,29.333333333333332,1152,0,119,1,528
60.85,29.333333333333332,1151,0,120,0,529
60.87,29.388888888888886,1150,0,120,0,530
60.89,29.444444444444446,1149,0,120,0,531
61.03,29.5,1149,0,119,1,531
61.04,29.5,1148,0,120,0,532
61.05,29.555555555555557,1147,1,119,0,533
61.06,29.61111111111111,1147,0,120,0,533
61.14,29.61111111111111,1147,0,119,1,533
61.15,29.61111111111111,1146,0,120,0,534
61.16,29.666666666666668,1145,0,120,0,535
61.2,29.72222222222222,1145,0,119,1,535
61.21,29.72222222222222,1144,0,120,0,536
61.25,29.777777777777775,1143,1,119,0,537
61.26,29.833333333333336,1143,0,120,0,537
61.32,29.833333333333336,1142,1,119,0,538
61.34,29.888888888888886,1142,0,120,0,538
61.36,29.888888888888886,1142,0,119,1,538
61.37,29.888888888888886,1141,0,120,0,539
61.38,29.944444444444446,1141,0,119,0,540
61.39,30.0,1140,0,120,0,540
61.46,30.0,1139,1,119,0,541
61.47,30.055555555555557,1137,0,120,0,543
61.5,30.166666666666668,1136,0,120,0,544
61.54,30.22222222222222,1136,0,119,1,544
61.55,30.22222222222222,1135,0,120,0,545
61.56,30.277777777777775,1134,1,119,0,546
61.57,30.333333333333336,1134,0,120,0,546
61.69,30.333333333333336,1133,0,120,0,547
61.72,30.388888888888886,1133,0,119,0,548
61.73,30.444444444444446,1132,0,120,0,548
61.88,30.444444444444446,1131,0,120,0,549
61.89,30.5,1130,1,118,0,551
61.9,30.61111111111111,1129,0,120,0,551
61.94,30.61111111111111,1128,1,119,0,552
61.95,30.666666666666664,1128,0,119,1,552
61.96,30.666666666666664,1127,0,120,0,553
62.12,30.72222222222222,1127,0,119,0,554
62.13,30.777777777777775,1126,0,120,0,554
62.24,30.777777777777775,1126,0,119,1,554
62.25,30.833333333333336,1125,0,120,0,555
62.26,30.833333333333336,1125,0,119,1,555
62.27,30.833333333333336,1123,1,119,0,557
62.28,30.944444444444446,1123,0,120,0,557
62.29,30.944444444444446,1122,0,119,0,559
62.3,31.055555555555554,1121,0,120,0,559
62.41,31.055555555555554,1120,0,120,0,560
62.54,31.11111111111111,1120,0,119,0,561
62.57,31.166666666666664,1120,0,118,1,561
62.59,31.166666666666664,1119,1,118,1,561
62.6,31.166666666666664,1118,0,120,0,562
62.65,31.222222222222225,1117,0,120,0,563
62.71,31.277777777777775,1116,1,119,0,564
62.72,31.333333333333336,1116,0,120,0,564
62.8,31.333333333333336,1115,0,120,0,565
62.82,31.38888888888889,1115,0,119,1,565
62.84,31.38888888888889,1114,0,120,0,566
62.85,31.444444444444446,1112,1,119,0,568
62.86,31.555555555555554,1112,0,120,0,568
62.88,31.555555555555554,1111,0,120,0,569
62.89,31.61111111111111,1110,0,120,0,570
62.91,31.666666666666664,1109,0,120,0,571
63.02,31.722222222222225,1109,0,119,1,571
63.03,31.722222222222225,1109,0,119,0,572
63.04,31.77777777777778,1108,0,120,0,572
63.11,31.77777777777778,1108,0,119,0,573
63.12,31.833333333333336,1106,1,118,0,575
63.13,31.944444444444443,1105,0,120,0,575
63.16,31.944444444444443,1104,1,119,0,576
63.17,32.0,1104,0,120,0,576
63.25,32.0,1104,0,119,1,576
63.26,32.0,1102,0,120,0,578
63.32,32.111111111111114,1101,1,119,0,579
63.34,32.166666666666664,1101,0,120,0,579
63.42,32.166666666666664,1100,1,119,0,580
63.43,32.22222222222222,1100,0,120,0,580
63.5,32.27777777777778,1098,0,120,0,582
63.51,32.33333333333333,1098,0,119,0,583
63.52,32.388888888888886,1097,0,119,1,583
63.53,32.388888888888886,1096,0,120,0,584
63.55,32.44444444444444,1095,1,119,0,585
63.56,32.5,1095,0,120,0,585
63.64,32.5,1095,0,118,0,587
63.65,32.611111111111114,1093,0,120,0,587
63.7,32.611111111111114,1092,0,120,0,588
63.72,32.666666666666664,1092,0,119,1,588
63.73,32.666666666666664,1091,0,120,0,589
63.82,32.72222222222222,1090,0,120,0,590
63.94,32.77777777777778,1089,1,119,0,591
63.95,32.83333333333333,1089,0,120,0,591
64.03,32.83333333333333,1088,0,120,0,592
64.06,32.88888888888889,1088,0,119,0,593
64.07,32.94444444444444,1087,0,120,0,593
64.16,32.94444444444444,1087,0,119,1,593
64.17,32.94444444444444,1086,0,120,0,594
64.19,33.0,1084,1,119,0,596
64.2,33.111111111111114,1084,0,120,0,596
64.21,33.111111111111114,1084,0,119,1,596
64.22,33.111111111111114,1083,0,120,0,597
64.26,33.166666666666664,1083,0,119,1,597
64.27,33.166666666666664,1082,0,120,0,598
64.28,33.22222222222222,1082,0,119,1,598
64.29,33.22222222222222,1081,0,120,0,599
64.36,33.27777777777778,1081,0,119,0,600
64.37,33.33333333333333,1080,0,120,0,600
64.41,33.33333333333333,1079,0,120,0,601
64.47,33.38888888888889,1078,0,120,0,602
64.5,33.44444444444444,1077,1,119,0,603
64.51,33.5,1076,0,120,0,604
64.54,33.55555555555556,1076,0,119,1,604
64.55,33.55555555555556,1075,0,120,0,605
64.56,33.611111111111114,1074,1,119,0,606
64.57,33.666666666666664,1074,0,120,0,606
64.71,33.666666666666664,1073,1,119,0,607
64.72,33.72222222222222,1073,0,120,0,607
64.82,33.72222222222222,1072,1,119,0,608
64.84,33.77777777777778,1072,0,120,0,608
64.88,33.77777777777778,1071,1,119,0,609
64.89,33.83333333333333,1071,0,120,0,609
64.91,33.83333333333333,1070,0,120,0,610
65.0,33.88888888888889,1069,0,120,0,611
65.05,33.94444444444444,1068,1,119,0,612
65.06,34.0,1068,0,120,0,612
65.23,34.0,1067,0,120,0,613
65.3,34.05555555555556,1066,0,120,0,614
65.36,34.11111111111111,1066,0,119,0,615
65.37,34.166666666666664,1065,0,120,0,615
65.39,34.166666666666664,1064,0,120,0,616
65.4,34.22222222222222,1063,1,119,0,617
65.41,34.27777777777778,1062,1,119,0,618
65.42,34.333333333333336,1062,0,120,0,618
65.68,34.333333333333336,1062,0,119,1,618
65.69,34.333333333333336,1060,0,120,0,620
65.71,34.44444444444444,1059,0,120,0,621
65.78,34.5,1058,1,119,0,622
65.79,34.55555555555556,1058,0,120,0,622
65.85,34.55555555555556,1057,0,120,0,623
65.87,34.61111111111111,1056,0,120,0,624
65.9,34.66666666666667,1056,0,119,0,624
65.91,34.66666666666667,1055,0,120,0,625
65.92,34.72222222222222,1054,0,120,0,626
65.95,34.77777777777778,1053,0,120,0,627
65.98,34.833333333333336,1053,0,118,2,627
65.99,34.833333333333336,1051,0,120,0,629
66.0,35.0,1050,0,120,0,630
66.03,35.0,1049,1,119,0,631
66.04,35.05555555555556,1049,0,120,0,631
66.1,35.05555555555556,1049,0,119,1,631
66.11,35.05555555555556,1048,0,120,0,632
66.13,35.11111111111111,1048,0,119,1,632
66.14,35.11111111111111,1047,0,120,0,633
66.15,35.16666666666667,1045,1,119,0,635
66.16,35.27777777777778,1045,0,120,0,635
66.18,35.27777777777778,1044,1,118,0,637
66.19,35.388888888888886,1042,0,120,0,638
66.29,35.44444444444444,1042,0,119,1,638
66.3,35.44444444444444,1041,0,120,0,639
66.37,35.5,1040,0,120,0,640
66.39,35.55555555555556,1038,0,120,0,642
66.43,35.66666666666667,1038,0,119,1,642
66.44,35.66666666666667,1037,0,120,0,643
66.46,35.72222222222222,1036,1,119,0,644
66.47,35.77777777777777,1036,0,120,0,644
66.59,35.77777777777777,1035,0,120,0,645
66.64,35.833333333333336,1034,1,118,0,647
66.65,35.94444444444444,1033,0,120,0,647
66.71,35.94444444444444,1031,1,119,0,649
66.72,36.05555555555556,1031,0,120,0,649
66.8,36.05555555555556,1031,0,119,1,649
66.81,36.05555555555556,1030,0,120,0,650
66.87,36.11111111111111,1029,0,120,0,651
66.92,36.16666666666667,1028,0,120,0,652
66.93,36.22222222222222,1027,0,120,0,653
66.96,36.27777777777778,1026,1,119,0,654
66.97,36.333333333333336,1026,0,120,0,654
66.98,36.333333333333336,1026,0,119,0,655
66.99,36.388888888888886,1025,0,119,1,655
67.0,36.44444444444444,1022,1,119,0,658
67.01,36.55555555555556,1021,0,120,0,659
67.03,36.611111111111114,1020,0,120,0,660
67.27,36.666666666666664,1019,1,119,0,661
67.28,36.72222222222222,1019,0,120,0,661
67.35,36.72222222222222,1019,0,119,0,662
67.36,36.77777777777778,1018,0,120,0,662
67.48,36.77777777777778,1017,1,119,0,663
67.49,36.833333333333336,1017,0,120,0,663
67.66,36.833333333333336,1016,0,120,0,664
67.8,36.888888888888886,1015,1,119,0,665
67.81,36.94444444444444,1015,0,120,0,665
67.86,36.94444444444444,1014,0,120,0,666
67.88,37.0,1013,1,119,0,667
67.89,37.05555555555556,1013,0,119,0,668
67.9,37.111111111111114,1011,1,119,0,669
67.91,37.166666666666664,1010,1,119,0,670
67.92,37.22222222222222,1010,0,120,0,670
67.93,37.22222222222222,1009,0,120,0,671
67.99,37.27777777777778,1008,1,119,0,672
68.0,37.333333333333336,1008,0,120,0,672
68.02,37.333333333333336,1008,0,119,1,672
68.03,37.333333333333336,1007,0,120,0,673
68.28,37.388888888888886,1006,0,120,0,674
68.31,37.44444444444445,1005,1,119,0,675
68.32,37.5,1005,0,120,0,675
68.37,37.5,1004,1,119,0,676
68.38,37.55555555555555,1004,0,120,0,676
68.56,37.55555555555555,1004,0,119,1,676
68.57,37.55555555555555,1002,0,120,0,678
68.62,37.666666666666664,1001,0,120,0,679
68.64,37.72222222222222,1001,0,119,1,679
68.65,37.72222222222222,1000,0,120,0,680
68.69,37.77777777777778,999,0,120,0,681
68.78,37.833333333333336,998,0,120,0,682
68.89,37.888888888888886,997,1,118,0,684
68.9,38.0,996,0,120,0,684
68.92,38.0,996,0,119,1,684
68.93,38.0,995,0,120,0,685
69.02,38.05555555555556,995,0,119,0,686
69.03,38.111111111111114,994,0,118,0,688
69.04,38.22222222222222,992,0,120,0,688
69.09,38.22222222222222,992,0,119,1,688
69.1,38.22222222222222,991,0,120,0,689
69.12,38.27777777777778,991,0,119,0,690
69.13,38.333333333333336,990,0,119,0,691
69.14,38.388888888888886,989,0,120,0,691
69.23,38.388888888888886,988,1,119,0,692
69.24,38.44444444444444,988,0,120,0,692
69.29,38.44444444444444,987,0,120,0,693
69.55,38.5,986,0,120,0,694
69.64,38.55555555555556,984,1,119,0,696
69.65,38.666666666666664,984,0,120,0,696
69.66,38.666666666666664,983,0,120,0,697
69.68,38.72222222222222,982,0,120,0,698
69.73,38.77777777777778,981,0,120,0,699
69.84,38.83333333333333,980,1,119,0,700
69.85,38.88888888888889,980,0,120,0,700
69.95,38.88888888888889,980,0,119,1,700
69.96,38.88888888888889,979,0,120,0,701
69.97,38.94444444444444,979,0,119,0,702
69.98,39.0,978,0,120,0,702
69.99,39.0,977,0,120,0,703
70.07,39.05555555555556,976,1,119,0,704
70.09,39.111111111111114,976,0,120,0,704
70.11,39.111111111111114,976,0,119,1,704
70.12,39.111111111111114,975,0,120,0,705
70.13,39.166666666666664,974,0,120,0,706
70.23,39.22222222222222,974,0,119,1,706
70.24,39.22222222222222,973,0,120,0,707
70.25,39.27777777777778,973,0,119,1,707
70.26,39.27777777777778,972,0,120,0,708
70.32,39.33333333333333,972,0,118,0,710
70.34,39.44444444444444,970,0,120,0,710
70.52,39.44444444444444,970,0,119,1,710
70.53,39.44444444444444,969,0,120,0,711
70.54,39.5,969,0,119,0,712
70.55,39.55555555555556,968,0,120,0,712
70.69,39.55555555555556,967,1,119,0,713
70.7,39.611111111111114,967,0,120,0,713
70.75,39.72222222222222,964,1,119,0,716
70.76,39.77777777777778,964,0,120,0,716
70.78,39.77777777777778,963,0,119,0,718
70.79,39.88888888888889,962,0,120,0,718
70.95,39.88888888888889,961,0,120,0,719
70.96,39.94444444444444,960,0,120,0,720
71.02,40.0,959,0,120,0,721
71.11,40.05555555555556,958,1,119,0,722
71.12,40.11111111111111,958,0,120,0,722
71.13,40.11111111111111,957,0,120,0,723
71.17,40.166666666666664,956,1,119,0,724
71.18,40.22222222222222,956,0,120,0,724
71.22,40.22222222222222,955,0,120,0,725
71.23,40.27777777777778,954,0,120,0,726
71.25,40.38888888888889,949,1,118,1,731
71.26,40.61111111111111,948,0,120,0,732
71.27,40.666666666666664,948,0,119,0,733
71.28,40.72222222222222,947,0,120,0,733
71.29,40.72222222222222,947,0,119,1,733
71.3,40.72222222222222,946,0,120,0,734
71.32,40.77777777777778,945,0,120,0,735
71.42,40.833333333333336,945,0,119,1,735
71.43,40.833333333333336,944,0,120,0,736
71.47,40.88888888888889,944,0,119,1,736
71.48,40.88888888888889,943,0,119,1,737
71.49,40.94444444444444,942,0,120,0,738
71.5,41.0,941,0,120,0,739
71.52,41.05555555555556,941,0,119,0,739
71.53,41.05555555555556,940,0,120,0,740
71.61,41.11111111111111,939,1,118,1,741
71.62,41.16666666666667,938,0,120,0,742
71.66,41.22222222222222,937,1,119,0,743
71.67,41.27777777777778,937,0,120,0,743
71.68,41.27777777777778,936,0,120,0,744
71.75,41.333333333333336,936,0,119,1,744
71.76,41.333333333333336,935,0,120,0,745
71.87,41.388888888888886,935,0,119,0,746
71.88,41.44444444444444,933,1,119,0,747
71.89,41.5,933,0,120,0,747
71.91,41.5,933,0,119,0,748
71.92,41.55555555555556,932,0,120,0,748
71.93,41.55555555555556,931,0,120,0,749
71.95,41.61111111111111,930,1,119,0,750
71.96,41.66666666666667,929,0,120,0,751
71.97,41.72222222222222,928,0,120,0,752
72.0,41.833333333333336,927,0,120,0,753
72.07,41.833333333333336,926,1,119,0,754
72.09,41.888888888888886,926,0,120,0,754
72.14,41.888888888888886,926,0,119,0,755
72.15,41.94444444444444,925,0,120,0,755
72.21,41.94444444444444,925,0,119,0,756
72.22,42.0,924,0,120,0,756
72.27,42.0,923,0,120,0,757
72.32,42.05555555555556,923,0,119,0,758
72.34,42.11111111111111,922,0,120,0,758
72.5,42.22222222222222,920,0,120,0,760
72.52,42.22222222222222,919,0,120,0,761
72.59,42.27777777777778,918,1,118,1,762
72.6,42.333333333333336,918,0,119,0,763
72.61,42.388888888888886,917,0,119,0,764
72.64,42.44444444444444,916,0,119,1,764
72.65,42.44444444444444,915,0,120,0,765
72.66,42.5,914,1,119,0,766
72.67,42.55555555555556,913,0,120,0,767
72.69,42.611111111111114,912,1,119,0,768
72.71,42.666666666666664,912,0,120,0,768
72.72,42.666666666666664,912,0,119,1,768
72.73,42.666666666666664,911,0,120,0,769
72.75,42.72222222222222,910,0,120,0,770
72.78,42.77777777777778,909,0,120,0,771
72.81,42.833333333333336,908,0,120,0,772
72.86,42.888888888888886,907,0,120,0,773
72.93,42.94444444444444,906,0,120,0,774
72.94,43.0,905,0,120,0,775
72.95,43.05555555555556,905,0,119,1,775
72.96,43.05555555555556,904,0,120,0,776
72.99,43.111111111111114,903,0,120,0,777
73.0,43.22222222222222,902,0,119,1,778
73.01,43.22222222222222,901,0,120,0,779
73.05,43.27777777777778,900,0,120,0,780
73.1,43.333333333333336,899,0,120,0,781
73.15,43.388888888888886,899,0,119,0,781
73.16,43.388888888888886,898,0,120,0,782
73.22,43.44444444444445,897,1,119,0,783
73.23,43.5,896,0,120,0,784
73.27,43.55555555555555,895,1,119,0,785
73.28,43.611111111111114,895,0,120,0,785
73.3,43.611111111111114,894,0,119,0,787
73.31,43.72222222222222,893,0,120,0,787
73.32,43.72222222222222,892,1,119,0,788
73.34,43.77777777777778,892,0,120,0,788
73.35,43.77777777777778,891,0,120,0,789
73.46,43.833333333333336,890,1,119,0,790
73.47,43.888888888888886,889,0,120,0,791
73.48,43.94444444444445,888,1,119,0,792
73.49,44.0,888,0,120,0,792
73.5,44.05555555555555,887,0,120,0,793
73.55,44.05555555555555,886,0,120,0,794
73.6,44.111111111111114,885,0,120,0,795
73.63,44.166666666666664,884,1,119,0,796
73.64,44.22222222222222,884,0,120,0,796
73.65,44.22222222222222,883,0,120,0,797
73.72,44.27777777777778,883,0,119,1,797
73.73,44.27777777777778,882,0,120,0,798
73.76,44.333333333333336,882,0,119,1,798
73.77,44.333333333333336,881,0,120,0,799
73.78,44.388888888888886,880,0,120,0,800
73.93,44.44444444444444,879,0,120,0,801
73.98,44.5,879,0,119,0,802
73.99,44.55555555555556,878,0,120,0,802
74.01,44.55555555555556,877,1,119,0,803
74.02,44.611111111111114,876,1,119,0,804
74.04,44.666666666666664,876,0,120,0,804
74.16,44.666666666666664,875,1,119,0,805
74.17,44.72222222222222,875,0,120,0,805
74.2,44.72222222222222,875,0,119,1,805
74.21,44.72222222222222,874,0,120,0,806
74.34,44.77777777777778,874,0,118,2,806
74.35,44.77777777777778,872,1,119,0,808
74.36,44.888888888888886,872,0,120,0,808
74.41,44.888888888888886,871,0,120,0,809
74.49,44.94444444444444,870,0,120,0,810
74.53,45.0,870,0,119,1,810
74.54,45.0,869,0,120,0,811
74.76,45.05555555555556,869,0,119,0,812
74.77,45.111111111111114,868,1,119,0,812
74.78,45.111111111111114,868,0,120,0,812
75.01,45.111111111111114,868,0,119,0,813
75.02,45.166666666666664,867,0,120,0,813
75.04,45.166666666666664,866,0,119,0,815
75.05,45.27777777777778,865,0,120,0,815
75.06,45.27777777777778,864,0,120,0,816
75.16,45.33333333333333,863,1,119,0,817
75.17,45.38888888888889,863,0,120,0,817
75.2,45.38888888888889,863,0,119,0,818
75.21,45.44444444444444,862,0,120,0,818
75.37,45.44444444444444,862,0,119,1,818
75.38,45.44444444444444,861,0,120,0,819
75.42,45.5,860,0,120,0,820
75.46,45.55555555555556,860,0,119,1,820
75.47,45.55555555555556,859,0,120,0,821
75.57,45.611111111111114,859,0,119,0,822
75.59,45.666666666666664,858,0,120,0,822
75.65,45.666666666666664,858,0,119,0,823
75.68,45.72222222222222,857,1,118,1,823
75.69,45.72222222222222,856,0,119,0,825
75.7,45.83333333333333,855,0,120,0,825
75.74,45.83333333333333,855,0,119,1,825
75.75,45.88888888888889,854,0,119,1,826
75.76,45.88888888888889,853,0,120,0,827
75.79,45.94444444444444,853,0,119,1,827
75.8,45.94444444444444,852,0,120,0,828
75.88,46.0,851,0,120,0,829
75.91,46.05555555555556,851,0,119,0,829
75.92,46.05555555555556,850,0,119,0,831
75.93,46.166666666666664,849,0,120,0,831
75.94,46.166666666666664,848,1,119,0,832
75.95,46.22222222222222,848,0,120,0,832
75.97,46.22222222222222,847,1,118,1,833
75.98,46.27777777777778,846,0,120,0,834
76.0,46.33333333333333,845,0,120,0,835
76.02,46.38888888888889,845,0,119,0,836
76.03,46.44444444444444,844,0,120,0,836
76.06,46.44444444444444,844,0,119,0,837
76.07,46.5,843,0,120,0,837
76.16,46.5,842,1,119,0,838
76.17,46.55555555555556,841,1,118,0,840
76.18,46.666666666666664,840,0,120,0,840
76.22,46.666666666666664,839,1,119,0,841
76.23,46.72222222222222,839,0,120,0,841
76.27,46.72222222222222,839,0,119,0,842
76.28,46.77777777777778,838,0,120,0,842
76.39,46.77777777777778,837,0,120,0,843
76.5,46.833333333333336,836,0,120,0,844
76.53,46.88888888888889,835,1,119,0,845
76.54,46.94444444444444,835,0,120,0,845
76.6,46.94444444444444,834,0,120,0,846
76.71,47.0,834,0,119,1,846
76.72,47.0,833,0,119,0,847
76.73,47.05555555555556,832,0,120,0,848
76.76,47.11111111111111,831,1,119,0,849
76.77,47.16666666666667,831,0,120,0,849
76.82,47.16666666666667,831,0,119,0,850
76.84,47.22222222222222,829,0,120,0,851
76.85,47.27777777777778,828,1,119,0,852
76.86,47.333333333333336,828,0,120,0,852
76.88,47.333333333333336,827,0,120,0,853
76.94,47.38888888888889,827,0,119,1,853
76.95,47.38888888888889,826,0,120,0,854
76.99,47.44444444444444,825,0,119,1,855
77.0,47.55555555555556,823,0,120,0,857
77.01,47.61111111111111,822,1,119,0,858
77.02,47.66666666666667,822,0,120,0,858
77.06,47.66666666666667,822,0,119,0,859
77.07,47.72222222222222,821,0,120,0,859
77.16,47.72222222222222,821,0,119,0,860
77.18,47.77777777777778,820,0,120,0,860
77.21,47.77777777777778,820,0,119,1,860
77.22,47.77777777777778,820,0,119,0,861
77.24,47.833333333333336,820,0,118,1,861
77.28,47.833333333333336,818,0,120,0,862
77.38,47.888888888888886,818,0,119,0,863
77.39,47.94444444444444,817,0,119,1,863
77.4,47.94444444444444,816,0,120,0,864
77.46,48.0,816,0,119,0,865
77.47,48.05555555555556,815,0,120,0,865
77.48,48.05555555555556,815,0,119,0,866
77.49,48.11111111111111,813,1,119,0,867
77.5,48.22222222222222,813,0,119,0,868
77.52,48.22222222222222,812,0,119,0,869
77.54,48.27777777777777,810,0,120,0,870
77.67,48.333333333333336,810,0,119,1,870
77.68,48.333333333333336,809,0,119,0,872
77.69,48.44444444444444,809,0,118,1,872
77.71,48.44444444444444,807,0,120,0,873
77.79,48.5,805,1,119,0,875
77.8,48.61111111111111,805,0,120,0,875
77.88,48.61111111111111,805,0,119,0,876
77.92,48.66666666666667,805,0,118,1,876
77.93,48.66666666666667,803,0,120,0,877
78.02,48.72222222222222,803,0,119,0,878
78.03,48.77777777777778,802,0,120,0,878
78.05,48.77777777777778,801,1,118,0,880
78.06,48.888888888888886,800,0,120,0,880
78.14,48.888888888888886,800,0,119,0,881
78.15,48.94444444444444,799,0,119,1,881
78.16,48.94444444444444,798,0,120,0,882
78.17,49.0,798,0,118,0,884
78.18,49.111111111111114,796,0,120,0,884
78.25,49.166666666666664,795,0,120,0,885
78.29,49.166666666666664,794,1,119,0,886
78.3,49.22222222222222,794,0,120,0,886
78.31,49.22222222222222,794,0,119,0,887
78.32,49.27777777777778,793,0,120,0,887
78.54,49.27777777777778,793,0,119,1,887
78.55,49.27777777777778,792,0,120,0,888
78.56,49.333333333333336,792,0,119,0,889
78.6,49.388888888888886,791,0,120,0,889
78.84,49.388888888888886,790,1,119,0,890
78.85,49.44444444444444,790,0,120,0,890
78.87,49.44444444444444,789,0,120,0,891
78.98,49.5,788,0,120,0,892
79.01,49.55555555555556,787,0,120,0,893
79.02,49.611111111111114,787,0,119,0,894
79.03,49.666666666666664,786,0,120,0,894
79.1,49.666666666666664,785,0,120,0,895
79.37,49.72222222222222,785,0,119,1,895
79.38,49.72222222222222,784,0,120,0,896
79.4,49.77777777777778,783,1,119,0,897
79.41,49.833333333333336,783,0,120,0,897
79.46,49.833333333333336,782,0,120,0,898
79.5,49.888888888888886,781,0,120,0,899
79.51,49.94444444444445,781,0,119,0,900
79.52,50.0,780,0,120,0,900
79.54,50.0,779,0,120,0,901
79.57,50.05555555555555,779,0,119,1,901
79.59,50.05555555555555,778,0,120,0,902
79.63,50.11111111111111,777,0,120,0,903
79.64,50.16666666666667,776,0,119,0,904
79.65,50.22222222222222,775,0,120,0,905
79.75,50.27777777777778,773,0,120,0,907
79.85,50.38888888888889,772,0,120,0,908
79.86,50.44444444444445,772,0,119,0,909
79.87,50.5,771,0,120,0,909
79.88,50.5,771,0,119,0,910
79.89,50.55555555555556,770,0,120,0,910
79.92,50.55555555555556,769,0,119,1,911
79.93,50.61111111111111,768,0,120,0,912
79.95,50.66666666666667,768,0,119,0,913
79.98,50.72222222222222,767,1,118,1,913
79.99,50.72222222222222,766,0,120,0,914
80.0,50.77777777777778,765,0,120,0,915
80.05,50.83333333333333,765,0,119,0,916
80.06,50.888888888888886,764,0,120,0,916
80.1,50.888888888888886,763,1,119,0,917
80.11,50.94444444444445,763,0,120,0,917
80.13,50.94444444444445,762,1,119,0,918
80.14,51.0,762,0,120,0,918
80.16,51.0,762,0,119,0,919
80.17,51.05555555555556,761,0,120,0,919
80.27,51.05555555555556,760,0,120,0,920
80.29,51.11111111111111,760,0,119,0,921
80.3,51.16666666666667,759,0,120,0,921
80.35,51.16666666666667,758,0,120,0,922
80.36,51.22222222222222,757,0,120,0,923
80.41,51.27777777777778,757,0,119,0,924
80.42,51.33333333333333,756,0,120,0,924
80.47,51.33333333333333,756,0,119,1,924
80.48,51.33333333333333,755,0,120,0,925
80.53,51.388888888888886,754,0,120,0,926
80.54,51.44444444444445,753,0,120,0,927
80.55,51.5,752,0,120,0,928
80.57,51.55555555555556,752,0,119,0,929
80.59,51.61111111111111,751,0,120,0,929
80.63,51.61111111111111,751,0,119,1,929
80.64,51.61111111111111,751,0,119,0,930
80.66,51.66666666666667,750,0,120,0,930
80.69,51.66666666666667,750,0,119,0,931
80.72,51.72222222222223,749,0,119,1,931
80.73,51.72222222222223,749,0,119,0,932
80.74,51.77777777777778,748,0,119,0,933
80.76,51.83333333333333,746,0,120,0,934
80.93,51.888888888888886,746,0,119,0,935
80.96,51.94444444444445,745,0,120,0,935
81.0,52.0,743,0,120,0,937
81.1,52.05555555555556,742,0,120,0,938
81.14,52.11111111111111,741,1,119,0,939
81.15,52.166666666666664,741,0,120,0,939
81.25,52.22222222222223,740,1,119,0,940
81.26,52.22222222222223,739,0,120,0,941
81.28,52.27777777777778,738,0,120,0,942
81.31,52.33333333333333,737,0,120,0,943
81.32,52.388888888888886,737,0,119,0,944
81.34,52.44444444444445,736,0,120,0,944
81.37,52.44444444444445,735,1,119,0,945
81.38,52.5,734,1,119,0,946
81.39,52.55555555555556,734,0,120,0,946
81.49,52.55555555555556,733,0,120,0,947
81.5,52.666666666666664,732,0,120,0,948
81.79,52.666666666666664,731,0,120,0,949
81.85,52.72222222222223,730,0,120,0,950
81.92,52.77777777777778,730,0,119,0,951
81.93,52.83333333333333,729,0,120,0,951
81.97,52.83333333333333,728,1,119,0,952
81.98,52.888888888888886,728,0,120,0,952
82.06,52.888888888888886,727,1,119,0,953
82.07,52.94444444444445,727,0,120,0,953
82.18,52.94444444444445,726,0,120,0,954
82.19,53.0,725,0,120,0,955
82.22,53.05555555555556,723,2,118,0,957
82.23,53.166666666666664,723,0,120,0,957
82.3,53.166666666666664,722,0,120,0,958
82.35,53.22222222222223,721,0,120,0,959
82.43,53.27777777777778,721,0,119,1,959
82.44,53.27777777777778,719,0,120,0,961
82.47,53.388888888888886,718,0,118,0,964
82.48,53.55555555555556,716,1,119,0,964
82.49,53.55555555555556,715,0,120,0,965
82.5,53.61111111111111,714,1,119,0,966
82.51,53.666666666666664,714,0,120,0,966
82.52,53.666666666666664,714,0,119,1,966
82.53,53.666666666666664,712,0,120,0,968
82.73,53.77777777777778,712,0,119,1,968
82.74,53.77777777777778,711,0,120,0,969
82.77,53.833333333333336,711,0,119,1,969
82.78,53.833333333333336,710,0,120,0,970
82.82,53.888888888888886,709,1,119,0,971
82.84,53.94444444444444,709,0,120,0,971
82.86,53.94444444444444,707,1,119,0,973
82.87,54.05555555555556,706,1,119,0,974
82.88,54.11111111111111,706,0,120,0,974
82.91,54.11111111111111,705,1,119,0,975
82.92,54.166666666666664,705,0,120,0,975
82.94,54.166666666666664,704,0,120,0,976
82.96,54.22222222222223,704,0,119,1,976
82.97,54.22222222222223,703,0,120,0,977
83.02,54.27777777777778,703,0,119,1,977
83.03,54.27777777777778,702,0,120,0,978
83.06,54.333333333333336,701,1,119,0,979
83.07,54.388888888888886,701,0,120,0,979
83.18,54.388888888888886,700,0,120,0,980
83.21,54.44444444444444,699,1,119,0,981
83.22,54.50000000000001,699,0,120,0,981
83.25,54.50000000000001,699,0,118,2,981
83.26,54.50000000000001,697,0,120,0,983
83.27,54.61111111111111,697,0,119,0,984
83.28,54.666666666666664,696,0,120,0,984
83.39,54.666666666666664,695,1,118,1,985
83.4,54.72222222222223,694,0,120,0,986
83.45,54.77777777777778,694,0,119,1,986
83.46,54.77777777777778,693,0,120,0,987
83.47,54.833333333333336,693,0,119,1,987
83.48,54.833333333333336,692,0,120,0,988
83.63,54.888888888888886,691,0,120,0,989
83.66,54.94444444444444,691,0,119,0,990
83.67,55.00000000000001,690,0,120,0,990
83.72,55.00000000000001,689,0,120,0,991
83.73,55.05555555555556,689,0,119,0,992
83.74,55.111111111111114,688,0,120,0,992
83.77,55.111111111111114,688,0,119,0,993
83.78,55.166666666666664,687,0,120,0,993
83.84,55.166666666666664,686,1,119,0,994
83.85,55.222222222222214,685,0,120,0,995
83.92,55.27777777777778,685,0,119,0,996
83.93,55.333333333333336,684,0,120,0,996
84.0,55.388888888888886,682,0,120,0,998
84.04,55.44444444444444,681,1,119,0,999
84.05,55.50000000000001,681,0,120,0,999
84.09,55.50000000000001,680,0,120,0,1000
84.14,55.55555555555556,680,0,119,1,1000
84.15,55.55555555555556,679,0,120,0,1001
84.19,55.611111111111114,678,0,119,1,1002
84.2,55.666666666666664,677,0,120,0,1003
84.25,55.722222222222214,676,0,119,1,1004
84.26,55.77777777777778,675,0,120,0,1005
84.32,55.833333333333336,675,0,119,1,1005
84.34,55.833333333333336,674,0,120,0,1006
84.39,55.888888888888886,673,1,119,0,1007
84.4,55.94444444444444,673,0,120,0,1007
84.46,55.94444444444444,673,0,119,0,1008
84.47,56.00000000000001,672,0,120,0,1008
84.53,56.00000000000001,672,0,119,0,1008
84.54,56.00000000000001,671,0,119,0,1010
84.55,56.111111111111114,670,0,120,0,1010
84.56,56.111111111111114,670,0,119,0,1011
84.57,56.166666666666664,669,0,120,0,1011
84.6,56.166666666666664,669,0,119,0,1012
84.61,56.222222222222214,668,0,120,0,1012
84.64,56.222222222222214,667,0,120,0,1013
84.75,56.277777777777786,666,0,120,0,1014
84.79,56.333333333333336,666,0,119,1,1014
84.8,56.333333333333336,665,0,119,0,1016
84.81,56.44444444444444,663,0,120,0,1017
84.94,56.49999999999999,663,0,119,1,1017
84.95,56.49999999999999,661,0,120,0,1019
84.99,56.611111111111114,661,0,119,1,1019
85.0,56.72222222222222,659,0,120,0,1021
85.01,56.72222222222222,658,0,120,0,1022
85.07,56.777777777777786,657,1,119,0,1023
85.09,56.833333333333336,657,0,120,0,1023
85.1,56.833333333333336,656,0,120,0,1024
85.19,56.888888888888886,655,1,119,0,1025
85.2,56.94444444444444,654,0,120,0,1026
85.22,56.99999999999999,653,0,120,0,1027
85.27,57.05555555555556,652,1,119,0,1028
85.28,57.111111111111114,652,0,120,0,1028
85.41,57.111111111111114,652,0,118,1,1029
85.42,57.166666666666664,650,0,120,0,1030
85.44,57.22222222222222,650,0,119,0,1031
85.45,57.277777777777786,649,0,120,0,1031
85.69,57.277777777777786,649,0,119,1,1031
85.7,57.277777777777786,648,0,120,0,1032
85.71,57.333333333333336,648,0,119,0,1032
85.72,57.333333333333336,647,0,120,0,1033
85.86,57.388888888888886,646,0,120,0,1034
85.93,57.44444444444444,645,1,119,0,1035
85.94,57.49999999999999,645,0,120,0,1035
86.04,57.49999999999999,645,0,119,0,1036
86.05,57.55555555555556,644,0,120,0,1036
86.12,57.55555555555556,644,0,119,1,1036
86.13,57.55555555555556,643,0,120,0,1037
86.16,57.611111111111114,643,0,119,0,1038
86.17,57.666666666666664,642,0,120,0,1038
86.24,57.666666666666664,642,0,119,0,1039
86.25,57.72222222222222,641,0,119,0,1040
86.26,57.77777777777777,640,0,120,0,1040
86.28,57.77777777777777,640,0,119,0,1041
86.29,57.833333333333336,639,0,120,0,1041
86.31,57.833333333333336,638,0,120,0,1042
86.37,57.88888888888889,638,0,119,1,1042
86.38,57.88888888888889,637,0,120,0,1043
86.46,57.94444444444444,636,1,119,0,1044
86.47,57.99999999999999,636,0,120,0,1044
86.5,58.05555555555556,634,0,120,0,1046
86.51,58.111111111111114,633,0,120,0,1047
86.57,58.166666666666664,632,0,120,0,1048
86.59,58.22222222222222,631,0,120,0,1049
86.79,58.27777777777777,631,0,119,1,1049
86.8,58.27777777777777,630,0,120,0,1050
86.87,58.333333333333336,629,0,120,0,1051
86.88,58.38888888888889,628,0,120,0,1052
86.89,58.44444444444444,627,0,120,0,1053
86.9,58.5,627,0,119,0,1054
86.91,58.55555555555556,626,0,119,0,1055
86.92,58.611111111111114,624,1,119,0,1056
86.93,58.666666666666664,624,0,120,0,1056
86.94,58.666666666666664,623,0,120,0,1057
86.96,58.72222222222222,623,0,119,1,1057
86.97,58.72222222222222,622,0,120,0,1058
87.01,58.77777777777777,622,0,119,0,1059
87.02,58.833333333333336,621,0,120,0,1059
87.03,58.833333333333336,621,0,119,0,1060
87.04,58.88888888888889,620,0,120,0,1060
87.13,58.88888888888889,620,0,119,0,1061
87.14,58.94444444444444,619,0,120,0,1061
87.17,58.94444444444444,619,0,119,1,1061
87.18,58.94444444444444,617,0,120,0,1063
87.22,59.05555555555555,617,0,119,0,1064
87.23,59.111111111111114,616,0,120,0,1064
87.24,59.111111111111114,615,1,119,0,1065
87.25,59.27777777777777,613,0,120,0,1067
87.32,59.27777777777777,612,0,120,0,1068
87.34,59.333333333333336,611,0,120,0,1069
87.36,59.38888888888889,611,0,119,1,1069
87.37,59.38888888888889,609,0,119,0,1072
87.38,59.55555555555555,608,0,120,0,1072
87.39,59.55555555555555,608,0,119,1,1072
87.4,59.55555555555555,607,0,120,0,1073
87.52,59.611111111111114,606,0,120,0,1074
87.53,59.66666666666667,604,1,119,0,1076
87.54,59.77777777777777,604,0,120,0,1076
87.66,59.77777777777777,603,0,120,0,1077
87.71,59.833333333333336,602,1,119,0,1078
87.72,59.88888888888889,602,0,120,0,1078
87.74,59.88888888888889,602,0,119,1,1078
87.75,59.94444444444444,601,0,120,0,1079
87.79,59.94444444444444,600,0,120,0,1080
87.82,60.0,600,0,119,0,1081
87.84,60.05555555555555,599,0,120,0,1081
87.88,60.05555555555555,598,0,120,0,1082
87.92,60.111111111111114,598,0,119,0,1083
87.93,60.16666666666667,597,0,120,0,1083
87.96,60.16666666666667,596,0,120,0,1084
87.98,60.22222222222222,596,0,119,1,1084
87.99,60.22222222222222,594,0,120,0,1086
88.0,60.38888888888889,593,0,120,0,1087
88.12,60.38888888888889,592,0,120,0,1088
88.17,60.44444444444444,592,0,119,1,1088
88.18,60.44444444444444,591,0,120,0,1089
88.25,60.5,591,0,119,1,1089
88.26,60.5,590,0,120,0,1090
88.44,60.55555555555555,589,1,118,1,1091
88.45,60.611111111111114,588,0,120,0,1092
88.47,60.66666666666667,587,0,120,0,1093
88.48,60.72222222222222,586,0,120,0,1094
88.54,60.77777777777777,585,0,120,0,1095
88.57,60.83333333333333,584,0,120,0,1096
88.63,60.88888888888889,583,1,119,0,1097
88.64,60.94444444444444,583,0,120,0,1097
88.68,60.94444444444444,583,0,119,1,1097
88.69,60.94444444444444,582,0,120,0,1098
88.75,61.05555555555555,581,0,120,0,1099
88.81,61.05555555555555,581,0,119,1,1099
88.82,61.05555555555555,580,0,120,0,1100
88.86,61.111111111111114,580,0,119,1,1100
88.87,61.111111111111114,579,0,120,0,1101
88.95,61.16666666666667,579,0,119,1,1101
88.96,61.16666666666667,578,0,120,0,1102
88.98,61.22222222222222,578,0,119,1,1102
88.99,61.22222222222222,577,0,120,0,1103
89.0,61.27777777777778,577,0,119,0,1104
89.01,61.33333333333333,575,1,119,0,1105
89.02,61.38888888888889,575,0,120,0,1105
89.06,61.38888888888889,575,0,119,0,1106
89.07,61.44444444444444,574,0,120,0,1106
89.11,61.44444444444444,573,1,119,0,1107
89.12,61.5,573,0,120,0,1107
89.18,61.5,572,0,120,0,1108
89.2,61.55555555555555,572,0,119,1,1108
89.21,61.55555555555555,571,0,120,0,1109
89.25,61.611111111111114,571,0,119,1,1109
89.26,61.611111111111114,570,0,120,0,1110
89.38,61.66666666666667,569,0,120,0,1111
89.44,61.72222222222222,568,0,120,0,1112
89.47,61.77777777777778,568,0,119,0,1113
89.48,61.83333333333333,567,0,120,0,1113
89.53,61.83333333333333,566,0,119,0,1115
89.54,61.94444444444444,565,0,120,0,1115
89.6,61.94444444444444,564,0,120,0,1116
89.63,62.0,563,1,119,0,1117
89.64,62.05555555555555,563,0,120,0,1117
89.65,62.05555555555555,562,0,120,0,1118
89.7,62.11111111111111,562,0,119,1,1118
89.71,62.11111111111111,561,0,120,0,1119
89.75,62.16666666666667,560,0,119,0,1121
89.76,62.27777777777778,559,0,120,0,1121
89.78,62.27777777777778,559,0,119,0,1122
89.79,62.33333333333333,558,0,120,0,1122
89.94,62.33333333333333,557,0,120,0,1123
89.95,62.38888888888889,556,0,120,0,1124
89.98,62.44444444444445,556,0,119,0,1125
89.99,62.5,555,0,120,0,1125
90.03,62.5,554,0,120,0,1126
90.09,62.55555555555555,554,0,119,1,1126
90.1,62.55555555555555,553,0,120,0,1127
90.14,62.61111111111111,553,0,119,0,1128
90.15,62.66666666666667,552,0,120,0,1128
90.17,62.66666666666667,552,0,119,1,1128
90.18,62.66666666666667,551,0,120,0,1129
90.21,62.72222222222222,551,0,119,0,1130
90.22,62.77777777777778,550,0,120,0,1130
90.45,62.77777777777778,550,0,119,1,1130
90.46,62.77777777777778,549,0,120,0,1131
90.52,62.83333333333333,548,0,120,0,1132
90.55,62.88888888888889,548,0,119,0,1133
90.56,62.94444444444445,547,1,119,0,1133
90.57,62.94444444444445,547,0,120,0,1133
90.66,62.94444444444445,547,0,119,0,1133
90.67,62.94444444444445,546,0,120,0,1134
90.7,63.0,545,0,120,0,1135
90.71,63.05555555555556,545,0,119,1,1135
90.72,63.05555555555556,544,0,120,0,1136
90.76,63.11111111111111,544,0,119,1,1136
90.77,63.11111111111111,543,0,120,0,1137
90.79,63.16666666666667,543,0,119,1,1137
90.8,63.16666666666667,542,0,120,0,1138
90.89,63.22222222222222,542,0,119,0,1139
90.9,63.27777777777778,541,0,120,0,1139
90.91,63.27777777777778,541,0,119,0,1140
90.92,63.33333333333333,540,0,120,0,1140
91.06,63.33333333333333,540,0,119,1,1140
91.07,63.33333333333333,539,0,120,0,1141
91.19,63.388888888888886,539,0,119,1,1141
91.2,63.388888888888886,538,0,120,0,1142
91.25,63.44444444444445,537,0,120,0,1143
91.26,63.5,536,0,120,0,1144
91.27,63.55555555555556,536,0,119,0,1145
91.28,63.61111111111111,535,0,120,0,1145
91.29,63.61111111111111,535,0,119,0,1146
91.3,63.66666666666667,534,0,120,0,1146
91.36,63.66666666666667,534,0,119,1,1146
91.37,63.66666666666667,533,1,119,0,1147
91.38,63.72222222222222,532,1,119,0,1148
91.39,63.77777777777778,532,0,120,0,1148
91.42,63.77777777777778,532,0,118,1,1149
91.43,63.83333333333333,530,0,120,0,1150
91.51,63.888888888888886,529,1,119,0,1151
91.52,63.94444444444445,529,0,120,0,1151
91.54,63.94444444444445,528,0,120,0,1152
91.67,64.0,527,0,120,0,1153
91.7,64.05555555555556,526,0,120,0,1154
91.78,64.11111111111111,526,0,119,1,1154
91.79,64.11111111111111,524,0,120,0,1156
91.8,64.22222222222223,524,0,119,1,1156
91.81,64.22222222222223,522,0,120,0,1158
91.85,64.33333333333333,521,0,120,0,1159
91.87,64.38888888888889,521,0,119,1,1159
91.88,64.38888888888889,520,0,120,0,1160
91.89,64.44444444444444,520,0,119,0,1161
91.9,64.5,519,1,119,0,1161
91.91,64.5,519,0,120,0,1161
92.01,64.5,518,0,120,0,1162
92.07,64.55555555555556,517,0,120,0,1163
92.1,64.61111111111111,517,0,119,0,1164
92.11,64.66666666666666,516,0,120,0,1164
92.17,64.66666666666666,516,0,119,1,1164
92.18,64.66666666666666,515,0,120,0,1165
92.25,64.72222222222223,514,0,120,0,1166
92.37,64.77777777777777,514,0,119,1,1166
92.38,64.77777777777777,513,0,120,0,1167
92.44,64.83333333333333,512,0,120,0,1168
92.51,64.88888888888889,512,0,119,1,1168
92.52,64.88888888888889,511,0,120,0,1169
92.54,64.94444444444444,511,0,119,1,1169
92.55,64.94444444444444,510,0,120,0,1170
92.56,65.0,510,0,119,0,1170
92.57,65.0,509,0,120,0,1171
92.63,65.05555555555556,508,0,120,0,1172
92.65,65.11111111111111,508,0,119,1,1172
92.66,65.11111111111111,507,0,120,0,1173
92.7,65.16666666666666,506,0,120,0,1174
92.77,65.22222222222223,506,0,119,1,1174
92.78,65.22222222222223,505,0,120,0,1175
92.79,65.27777777777779,505,0,119,0,1176
92.8,65.33333333333333,504,0,120,0,1176
92.81,65.33333333333333,504,0,119,0,1177
92.82,65.38888888888889,503,0,120,0,1177
92.86,65.38888888888889,503,0,118,1,1178
92.87,65.44444444444444,500,0,120,0,1180
92.9,65.55555555555556,499,0,120,0,1181
92.92,65.61111111111111,498,0,120,0,1182
92.93,65.66666666666666,497,1,119,0,1183
92.94,65.72222222222223,497,0,120,0,1183
92.98,65.72222222222223,496,0,120,0,1184
93.02,65.77777777777779,495,1,119,0,1185
93.03,65.83333333333333,495,0,120,0,1185
93.04,65.83333333333333,494,1,119,0,1186
93.05,65.88888888888889,494,0,120,0,1186
93.14,65.88888888888889,494,0,119,1,1186
93.15,65.88888888888889,493,0,120,0,1187
93.19,65.94444444444444,492,0,120,0,1188
93.25,66.05555555555556,490,0,120,0,1190
93.27,66.11111111111111,489,1,119,0,1191
93.28,66.16666666666666,488,1,119,0,1192
93.29,66.22222222222223,488,0,119,1,1192
93.3,66.22222222222223,487,0,120,0,1193
93.39,66.27777777777779,485,0,120,0,1195
93.49,66.38888888888889,485,0,119,1,1195
93.5,66.5,483,0,120,0,1197
93.54,66.5,483,0,119,0,1198
93.55,66.55555555555556,482,0,119,1,1198
93.56,66.55555555555556,482,0,119,0,1199
93.57,66.61111111111111,481,0,120,0,1199
93.59,66.61111111111111,480,0,120,0,1200
93.75,66.72222222222223,478,0,119,0,1203
93.76,66.83333333333333,477,0,120,0,1203
93.86,66.83333333333333,477,0,119,1,1203
93.87,66.83333333333333,477,0,119,0,1204
93.93,66.88888888888889,477,0,118,1,1204
93.96,66.88888888888889,477,0,117,2,1204
94.0,66.88888888888889,477,0,116,3,1204
94.01,66.88888888888889,475,1,117,0,1207
94.02,67.05555555555556,473,0,119,0,1208
94.03,67.11111111111111,472,0,120,0,1208
94.05,67.11111111111111,472,0,119,1,1208
94.06,67.11111111111111,471,0,119,0,1210
94.07,67.22222222222223,470,0,120,0,1210
94.09,67.22222222222223,469,1,119,0,1211
94.1,67.27777777777779,469,0,120,0,1211
94.12,67.27777777777779,468,0,120,0,1212
94.16,67.33333333333333,467,0,120,0,1213
94.23,67.38888888888889,467,0,118,2,1213
94.24,67.38888888888889,465,0,120,0,1215
94.36,67.5,465,0,119,1,1215
94.37,67.5,464,0,120,0,1216
94.38,67.55555555555556,464,0,119,1,1216
94.39,67.55555555555556,463,0,120,0,1217
94.4,67.61111111111111,462,0,120,0,1218
94.48,67.66666666666666,462,0,119,0,1219
94.49,67.72222222222221,461,0,120,0,1219
94.51,67.72222222222221,461,0,119,0,1220
94.52,67.77777777777779,460,0,120,0,1220
94.56,67.77777777777779,460,0,119,0,1221
94.57,67.83333333333333,459,0,120,0,1221
94.61,67.83333333333333,458,1,119,0,1222
94.62,67.88888888888889,458,0,120,0,1222
94.66,67.88888888888889,457,0,120,0,1223
94.7,67.94444444444444,456,1,119,0,1224
94.71,68.0,456,0,120,0,1224
94.81,68.0,455,0,120,0,1225
95.02,68.05555555555556,454,0,120,0,1226
95.04,68.11111111111111,454,0,119,0,1227
95.05,68.16666666666666,453,0,119,1,1227
95.06,68.16666666666666,452,0,120,0,1228
95.09,68.22222222222221,452,0,119,0,1229
95.11,68.27777777777779,451,0,120,0,1229
95.12,68.27777777777779,450,0,120,0,1230
95.15,68.33333333333333,450,0,119,0,1231
95.16,68.38888888888889,449,0,120,0,1231
95.18,68.38888888888889,449,0,118,1,1232
95.19,68.44444444444444,447,0,120,0,1233
95.26,68.5,447,0,119,0,1234
95.27,68.55555555555556,445,0,120,0,1235
95.36,68.61111111111111,444,0,120,0,1236
95.43,68.66666666666667,444,0,119,1,1236
95.44,68.66666666666667,443,0,120,0,1237
95.47,68.72222222222221,442,0,120,0,1238
95.53,68.77777777777779,441,0,120,0,1239
95.59,68.83333333333333,440,0,120,0,1240
95.75,68.94444444444444,439,0,120,0,1241
95.8,68.94444444444444,438,1,119,0,1242
95.81,69.0,438,0,120,0,1242
95.86,69.0,437,0,120,0,1243
95.94,69.05555555555556,437,0,119,0,1244
95.95,69.11111111111111,435,0,120,0,1245
95.97,69.16666666666667,435,0,119,0,1246
95.98,69.22222222222221,434,0,120,0,1246
95.99,69.22222222222221,434,0,119,1,1246
96.0,69.33333333333334,432,0,120,0,1248
96.12,69.33333333333334,432,0,118,2,1248
96.13,69.33333333333334,430,0,120,0,1250
96.16,69.44444444444444,430,0,119,0,1251
96.17,69.5,429,0,120,0,1251
96.22,69.5,428,0,120,0,1252
96.25,69.61111111111111,427,0,120,0,1253
96.41,69.61111111111111,427,0,119,1,1253
96.42,69.61111111111111,426,0,119,0,1255
96.43,69.72222222222221,425,0,120,0,1255
96.49,69.72222222222221,425,0,119,0,1256
96.5,69.83333333333334,423,0,120,0,1257
96.52,69.83333333333334,423,0,119,1,1257
96.53,69.83333333333334,422,0,120,0,1258
96.62,69.88888888888889,421,0,120,0,1259
96.74,69.94444444444444,421,0,119,0,1260
96.75,70.05555555555556,419,0,120,0,1261
96.76,70.05555555555556,419,0,119,0,1262
96.77,70.11111111111111,418,0,120,0,1262
96.84,70.11111111111111,418,0,119,0,1263
96.85,70.16666666666667,417,0,120,0,1263
96.91,70.16666666666667,416,0,120,0,1264
96.98,70.22222222222221,415,1,119,0,1265
96.99,70.27777777777777,415,0,120,0,1265
97.17,70.27777777777777,415,0,119,0,1266
97.18,70.33333333333334,414,0,120,0,1266
97.2,70.33333333333334,413,0,120,0,1267
97.26,70.38888888888889,413,0,119,0,1268
97.27,70.44444444444444,412,0,120,0,1268
97.4,70.44444444444444,411,0,120,0,1269
97.44,70.5,411,0,119,1,1269
97.45,70.5,410,0,120,0,1270
97.56,70.55555555555556,409,1,119,0,1271
97.57,70.61111111111111,409,0,119,1,1271
97.59,70.61111111111111,408,0,120,0,1272
97.65,70.66666666666667,408,0,119,1,1272
97.66,70.66666666666667,407,0,120,0,1273
97.69,70.72222222222221,405,0,120,0,1275
97.71,70.83333333333334,405,0,119,0,1276
97.72,70.88888888888889,404,0,120,0,1276
97.74,70.88888888888889,402,1,119,0,1278
97.75,71.0,401,0,119,1,1279
97.76,71.05555555555556,400,0,120,0,1280
97.86,71.11111111111111,399,1,119,0,1281
97.87,71.16666666666667,399,0,119,0,1281
97.88,71.16666666666667,398,0,120,0,1282
97.89,71.22222222222221,398,0,119,1,1282
97.9,71.22222222222221,397,0,120,0,1283
97.91,71.27777777777777,396,0,120,0,1284
97.96,71.33333333333334,395,0,120,0,1285
97.98,71.38888888888889,394,0,120,0,1286
98.02,71.44444444444444,393,0,119,0,1288
98.03,71.55555555555554,392,0,120,0,1288
98.05,71.55555555555554,391,0,120,0,1289
98.07,71.61111111111111,390,0,120,0,1290
98.09,71.66666666666667,390,0,119,0,1291
98.1,71.72222222222221,388,0,120,0,1292
98.11,71.77777777777777,387,1,119,0,1293
98.12,71.83333333333334,387,0,120,0,1293
98.13,71.83333333333334,386,0,120,0,1294
98.3,71.88888888888889,385,0,120,0,1295
98.35,71.94444444444444,384,0,119,0,1297
98.36,72.05555555555556,383,0,120,0,1297
98.48,72.05555555555556,382,0,120,0,1298
98.51,72.11111111111111,381,1,119,0,1299
98.52,72.16666666666667,381,0,120,0,1299
98.59,72.16666666666667,380,0,120,0,1300
98.67,72.22222222222221,379,0,120,0,1301
98.69,72.27777777777777,378,1,119,0,1302
98.7,72.33333333333334,378,0,120,0,1302
98.71,72.33333333333334,378,0,119,0,1303
98.72,72.38888888888889,377,0,120,0,1303
98.76,72.38888888888889,377,0,119,1,1303
98.77,72.38888888888889,376,0,120,0,1304
98.87,72.44444444444444,375,0,120,0,1305
98.88,72.5,375,0,119,0,1306
98.89,72.55555555555556,374,0,120,0,1306
98.91,72.55555555555556,373,1,119,0,1307
98.92,72.61111111111111,373,0,120,0,1307
98.94,72.61111111111111,372,1,119,0,1308
98.95,72.66666666666667,372,0,120,0,1308
98.96,72.66666666666667,371,0,120,0,1309
98.98,72.72222222222223,371,0,119,1,1309
98.99,72.72222222222223,370,0,120,0,1310
99.01,72.77777777777777,370,0,119,0,1311
99.02,72.83333333333334,369,0,120,0,1311
99.12,72.83333333333334,368,1,119,0,1312
99.13,72.88888888888889,368,0,120,0,1312
99.17,72.88888888888889,367,1,119,0,1313
99.18,72.94444444444444,366,0,120,0,1314
99.22,73.0,364,1,119,0,1316
99.23,73.11111111111111,364,0,120,0,1316
99.25,73.11111111111111,363,0,120,0,1317
99.26,73.16666666666667,362,1,119,0,1318
99.27,73.22222222222223,361,0,120,0,1319
99.38,73.27777777777777,360,0,120,0,1320
99.41,73.33333333333333,360,0,119,0,1321
99.42,73.38888888888889,358,1,119,0,1322
99.43,73.44444444444444,357,1,119,0,1323
99.44,73.5,357,0,120,0,1323
99.45,73.5,357,0,119,0,1324
99.46,73.55555555555556,356,0,120,0,1324
99.48,73.55555555555556,355,0,120,0,1325
99.59,73.61111111111111,354,1,119,0,1326
99.6,73.66666666666667,354,0,120,0,1326
99.63,73.66666666666667,353,0,120,0,1327
99.77,73.72222222222223,352,0,120,0,1328
99.88,73.77777777777777,352,0,119,0,1329
99.89,73.83333333333333,351,0,120,0,1329
100.13,73.83333333333333,351,0,119,1,1329
100.14,73.83333333333333,350,0,120,0,1330
100.17,73.88888888888889,350,0,119,0,1331
100.18,73.94444444444444,349,0,119,1,1331
100.19,73.94444444444444,348,0,120,0,1332
100.29,74.0,347,1,119,0,1333
100.3,74.05555555555556,347,0,120,0,1333
100.35,74.05555555555556,346,0,120,0,1334
100.41,74.11111111111111,345,0,120,0,1335
100.46,74.16666666666667,344,0,120,0,1336
100.51,74.22222222222223,344,0,119,1,1336
100.52,74.22222222222223,343,0,119,1,1337
100.53,74.27777777777777,342,0,120,0,1338
100.56,74.33333333333333,341,0,120,0,1339
100.59,74.3888888888889,340,1,119,0,1340
100.6,74.44444444444444,340,0,120,0,1340
100.62,74.44444444444444,339,1,119,0,1341
100.63,74.5,339,0,120,0,1341
100.66,74.5,338,1,119,0,1342
100.67,74.55555555555556,338,0,120,0,1342
100.75,74.55555555555556,338,0,119,0,1343
100.76,74.6111111111111,337,0,120,0,1343
100.82,74.6111111111111,337,0,119,0,1344
100.84,74.66666666666667,336,0,120,0,1344
100.9,74.66666666666667,335,1,119,0,1345
100.91,74.72222222222223,335,0,120,0,1345
100.92,74.72222222222223,334,1,119,0,1346
100.93,74.77777777777777,334,0,120,0,1346
100.95,74.77777777777777,333,1,119,0,1347
100.96,74.83333333333333,333,0,120,0,1347
101.03,74.83333333333333,333,0,119,1,1347
101.04,74.83333333333333,332,0,119,1,1348
101.05,74.8888888888889,330,1,119,0,1350
101.06,75.0,330,0,120,0,1350
101.11,75.0,329,0,120,0,1351
101.17,75.05555555555556,329,0,119,1,1351
101.18,75.05555555555556,328,0,120,0,1352
101.19,75.1111111111111,328,0,119,1,1352
101.2,75.1111111111111,327,0,120,0,1353
101.34,75.16666666666667,327,0,119,0,1354
101.35,75.22222222222223,326,0,120,0,1354
101.38,75.22222222222223,325,1,119,0,1355
101.39,75.27777777777777,325,0,120,0,1355
101.46,75.27777777777777,324,0,120,0,1356
101.55,75.33333333333333,324,0,119,1,1356
101.56,75.33333333333333,323,0,120,0,1357
101.6,75.3888888888889,323,0,119,1,1357
101.61,75.3888888888889,322,0,120,0,1358
101.62,75.44444444444444,322,0,119,1,1358
101.63,75.44444444444444,321,0,120,0,1359
101.64,75.5,321,0,119,0,1360
101.65,75.55555555555556,320,0,120,0,1360
101.75,75.55555555555556,319,1,118,0,1362
101.76,75.66666666666667,318,0,120,0,1362
101.8,75.66666666666667,317,1,119,0,1363
101.81,75.72222222222223,317,0,119,1,1363
101.82,75.72222222222223,316,0,120,0,1364
101.94,75.77777777777777,315,0,120,0,1365
101.95,75.83333333333333,314,1,118,1,1366
101.96,75.88888888888889,313,0,120,0,1367
102.0,75.94444444444444,312,0,120,0,1368
102.25,76.0,312,0,119,1,1368
102.26,76.0,311,0,119,1,1369
102.27,76.05555555555556,310,0,120,0,1370
102.29,76.11111111111111,309,0,120,0,1371
102.3,76.16666666666667,308,1,119,0,1372
102.31,76.22222222222223,308,0,120,0,1372
102.34,76.22222222222223,307,1,119,0,1373
102.35,76.27777777777777,307,0,119,0,1374
102.36,76.33333333333333,306,0,120,0,1374
102.44,76.33333333333333,305,0,120,0,1375
102.48,76.38888888888889,305,0,119,1,1375
102.49,76.38888888888889,304,0,120,0,1376
102.5,76.5,303,0,120,0,1377
102.53,76.5,302,0,120,0,1378
102.55,76.55555555555556,301,0,120,0,1379
102.6,76.61111111111111,301,0,119,1,1379
102.61,76.61111111111111,300,0,120,0,1380
102.65,76.66666666666667,299,0,120,0,1381
102.69,76.72222222222223,299,0,118,2,1381
102.7,76.72222222222223,297,0,120,0,1383
102.73,76.83333333333333,297,0,118,2,1383
102.74,76.83333333333333,295,0,120,0,1385
102.75,76.94444444444444,295,0,119,1,1385
102.76,76.94444444444444,294,0,120,0,1386
102.85,77.0,293,0,120,0,1387
102.91,77.05555555555556,291,1,119,0,1389
102.92,77.16666666666666,291,0,120,0,1389
103.12,77.16666666666666,290,0,120,0,1390
103.16,77.22222222222223,289,0,118,2,1391
103.17,77.27777777777777,287,0,120,0,1393
103.25,77.38888888888889,286,0,120,0,1394
103.26,77.44444444444444,286,0,119,0,1395
103.27,77.5,284,0,120,0,1396
103.29,77.55555555555556,283,1,119,0,1397
103.3,77.61111111111111,283,0,120,0,1397
103.31,77.61111111111111,282,0,120,0,1398
103.34,77.66666666666666,281,1,119,0,1399
103.35,77.72222222222223,281,0,120,0,1399
103.38,77.72222222222223,280,0,120,0,1400
103.42,77.77777777777779,280,0,119,1,1400
103.43,77.77777777777779,279,0,120,0,1401
103.48,77.83333333333333,279,0,119,1,1401
103.49,77.83333333333333,278,0,120,0,1402
103.5,77.88888888888889,278,0,119,0,1403
103.51,77.94444444444444,277,0,120,0,1403
103.54,77.94444444444444,277,0,119,1,1403
103.55,77.94444444444444,275,0,119,0,1406
103.56,78.11111111111111,274,0,120,0,1406
103.66,78.11111111111111,274,0,119,1,1406
103.67,78.11111111111111,273,0,120,0,1407
103.69,78.16666666666666,272,1,119,0,1408
103.7,78.22222222222223,272,0,119,1,1408
103.71,78.22222222222223,271,0,120,0,1409
103.73,78.27777777777779,271,0,119,1,1409
103.74,78.27777777777779,270,0,120,0,1410
103.91,78.33333333333333,270,0,119,0,1411
103.92,78.38888888888889,269,0,120,0,1411
103.99,78.38888888888889,269,0,119,0,1412
104.0,78.44444444444444,268,0,120,0,1412
104.09,78.44444444444444,268,0,119,0,1413
104.1,78.5,267,0,120,0,1413
104.15,78.5,266,0,120,0,1414
104.29,78.55555555555556,266,0,119,0,1415
104.3,78.61111111111111,265,0,120,0,1415
104.34,78.61111111111111,264,0,120,0,1416
104.36,78.66666666666666,264,0,119,1,1416
104.37,78.66666666666666,263,0,120,0,1417
104.42,78.72222222222223,262,0,120,0,1418
104.49,78.77777777777779,262,0,119,1,1418
104.5,78.83333333333333,261,0,120,0,1419
104.6,78.83333333333333,261,0,119,1,1419
104.61,78.83333333333333,260,0,120,0,1420
104.64,78.88888888888889,259,0,120,0,1421
104.66,78.94444444444444,259,0,119,1,1421
104.67,78.94444444444444,258,0,119,1,1422
104.68,79.0,257,0,120,0,1423
104.69,79.05555555555556,256,0,120,0,1424
104.71,79.11111111111111,256,0,119,1,1424
104.72,79.11111111111111,255,0,120,0,1425
104.77,79.16666666666666,254,0,120,0,1426
104.82,79.22222222222223,253,0,120,0,1427
104.92,79.27777777777779,253,0,119,0,1428
104.93,79.33333333333333,251,0,120,0,1429
104.95,79.38888888888889,250,1,119,0,1430
104.96,79.44444444444444,250,0,120,0,1430
104.99,79.44444444444444,249,0,120,0,1431
105.03,79.5,249,0,119,1,1431
105.04,79.5,249,0,118,1,1432
105.05,79.55555555555556,248,0,118,1,1433
105.07,79.61111111111111,246,0,120,0,1434
105.1,79.66666666666666,245,1,119,0,1435
105.11,79.72222222222223,245,0,120,0,1435
105.12,79.72222222222223,244,0,120,0,1436
105.21,79.77777777777779,243,0,120,0,1437
105.24,79.83333333333333,242,1,119,0,1438
105.25,79.88888888888889,241,1,119,0,1439
105.26,79.94444444444444,241,0,120,0,1439
105.35,79.94444444444444,241,0,119,0,1439
105.36,79.94444444444444,240,0,120,0,1440
105.47,80.0,239,1,119,0,1441
105.48,80.05555555555556,239,0,120,0,1441
105.51,80.05555555555556,239,0,119,0,1442
105.52,80.11111111111111,238,0,120,0,1442
105.6,80.11111111111111,238,0,119,1,1442
105.61,80.11111111111111,237,0,120,0,1443
105.63,80.16666666666666,236,0,120,0,1444
105.64,80.22222222222221,236,0,119,1,1444
105.65,80.22222222222221,235,0,120,0,1445
105.66,80.27777777777779,234,0,120,0,1446
105.67,80.33333333333333,233,0,120,0,1447
105.75,80.44444444444444,232,0,120,0,1448
105.8,80.44444444444444,232,0,119,1,1448
105.81,80.44444444444444,231,0,119,0,1450
105.82,80.55555555555556,230,0,120,0,1450
105.92,80.55555555555556,229,0,120,0,1451
105.93,80.61111111111111,229,0,119,0,1452
105.94,80.66666666666666,228,0,120,0,1452
105.95,80.66666666666666,228,0,119,1,1452
105.96,80.66666666666666,227,0,120,0,1453
106.0,80.77777777777779,226,0,120,0,1454
106.03,80.77777777777779,225,1,119,0,1455
106.04,80.83333333333333,225,0,120,0,1455
106.12,80.83333333333333,225,0,119,0,1456
106.13,80.88888888888889,224,0,120,0,1456
106.15,80.88888888888889,223,1,118,1,1457
106.16,80.94444444444444,221,0,120,0,1459
106.17,81.05555555555556,220,0,120,0,1460
106.22,81.11111111111111,220,0,119,0,1461
106.23,81.16666666666667,219,0,120,0,1461
106.24,81.16666666666667,219,0,119,0,1462
106.25,81.22222222222221,218,0,120,0,1462
106.4,81.22222222222221,217,1,119,0,1463
106.41,81.27777777777779,217,0,120,0,1463
106.42,81.27777777777779,216,0,120,0,1464
106.45,81.33333333333333,216,0,119,1,1464
106.46,81.33333333333333,215,0,120,0,1465
106.74,81.38888888888889,214,0,120,0,1466
106.8,81.44444444444444,213,0,120,0,1467
106.94,81.5,213,0,119,1,1467
106.95,81.5,212,0,120,0,1468
107.13,81.55555555555556,211,1,119,0,1469
107.14,81.61111111111111,211,0,120,0,1469
107.17,81.61111111111111,211,0,119,0,1470
107.18,81.66666666666667,210,0,120,0,1470
107.19,81.66666666666667,209,0,120,0,1471
107.23,81.72222222222221,209,0,119,0,1472
107.24,81.77777777777779,209,0,118,1,1472
107.27,81.77777777777779,209,0,117,2,1472
107.28,81.77777777777779,208,0,118,0,1474
107.29,81.88888888888889,206,0,120,0,1474
107.39,81.88888888888889,205,0,119,1,1475
107.4,81.94444444444444,204,0,120,0,1476
107.41,82.0,203,0,119,0,1478
107.42,82.11111111111111,202,0,118,0,1480
107.43,82.22222222222221,200,0,120,0,1480
107.49,82.22222222222221,199,0,120,0,1481
107.59,82.27777777777779,198,0,120,0,1482
107.67,82.33333333333334,198,0,119,1,1482
107.68,82.33333333333334,197,0,120,0,1483
107.77,82.38888888888889,196,1,119,0,1484
107.78,82.44444444444444,196,0,120,0,1484
107.88,82.44444444444444,196,0,119,0,1485
107.89,82.5,194,0,120,0,1486
107.9,82.55555555555556,194,0,119,0,1487
107.91,82.61111111111111,193,0,120,0,1487
107.95,82.61111111111111,193,0,119,0,1488
107.96,82.66666666666667,192,0,120,0,1488
108.0,82.66666666666667,191,1,119,0,1489
108.01,82.72222222222221,190,1,119,0,1490
108.02,82.77777777777777,190,0,120,0,1490
108.15,82.77777777777777,190,0,119,1,1490
108.16,82.77777777777777,189,0,120,0,1491
108.21,82.83333333333334,188,0,120,0,1492
108.22,82.88888888888889,188,0,119,1,1492
108.23,82.88888888888889,187,0,120,0,1493
108.25,82.94444444444444,187,0,119,1,1493
108.26,82.94444444444444,186,0,120,0,1494
108.27,83.0,186,0,119,1,1494
108.28,83.0,185,0,120,0,1495
108.29,83.05555555555556,184,0,120,0,1496
108.3,83.11111111111111,183,1,119,0,1497
108.31,83.16666666666667,182,0,120,0,1498
108.39,83.22222222222221,181,0,120,0,1499
108.47,83.27777777777777,181,0,119,0,1500
108.48,83.33333333333334,180,0,118,0,1502
108.49,83.44444444444444,178,0,120,0,1502
108.5,83.44444444444444,178,0,119,1,1502
108.51,83.44444444444444,177,0,120,0,1503
108.54,83.5,176,0,119,1,1504
108.55,83.55555555555556,175,0,120,0,1505
108.7,83.61111111111111,175,0,119,1,1505
108.71,83.61111111111111,173,1,118,1,1507
108.72,83.72222222222221,172,0,120,0,1508
108.77,83.77777777777777,172,0,119,0,1509
108.78,83.83333333333334,171,0,120,0,1509
108.85,83.83333333333334,170,0,120,0,1510
108.96,83.88888888888889,170,0,118,1,1511
108.98,83.94444444444444,169,0,119,0,1512
108.99,84.0,168,1,119,0,1512
109.0,84.0,168,0,119,0,1513
109.01,84.05555555555554,168,0,118,1,1513
109.09,84.05555555555554,168,0,117,2,1513
109.13,84.05555555555554,167,0,118,0,1515
109.14,84.16666666666667,165,0,119,0,1516
109.17,84.22222222222221,165,0,118,1,1516
109.22,84.22222222222221,164,0,119,0,1517
109.26,84.27777777777777,164,0,118,1,1517
109.27,84.27777777777777,163,0,119,1,1517
109.28,84.27777777777777,163,0,119,0,1518
109.29,84.33333333333334,162,0,120,0,1518
109.32,84.33333333333334,162,0,119,0,1519
109.4,84.38888888888889,162,0,118,1,1519
109.41,84.38888888888889,162,0,117,2,1519
109.42,84.38888888888889,159,1,119,0,1521
109.43,84.5,159,0,120,0,1521
109.45,84.5,158,0,120,0,1522
109.46,84.55555555555556,157,1,119,0,1523
109.47,84.61111111111111,156,0,119,1,1524
109.48,84.66666666666667,155,0,120,0,1525
109.49,84.72222222222221,155,0,119,1,1525
109.5,84.83333333333334,153,0,119,1,1527
109.51,84.83333333333334,153,0,119,0,1528
109.53,84.88888888888889,153,0,118,1,1528
109.54,84.88888888888889,151,1,119,0,1529
109.55,84.94444444444444,151,0,120,0,1529
109.65,84.94444444444444,151,0,119,1,1529
109.66,84.94444444444444,150,0,120,0,1530
109.87,85.0,149,1,119,0,1531
109.88,85.05555555555556,149,0,120,0,1531
109.95,85.05555555555556,149,0,119,1,1531
109.96,85.05555555555556,149,0,119,0,1532
109.98,85.11111111111111,149,0,117,2,1532
110.0,85.11111111111111,147,0,118,1,1534
110.01,85.22222222222223,147,0,117,2,1534
110.02,85.22222222222223,146,0,118,2,1534
110.03,85.22222222222223,144,1,119,0,1536
110.04,85.33333333333333,144,0,120,0,1536
110.06,85.33333333333333,144,0,119,1,1536
110.07,85.33333333333333,143,0,120,0,1537
110.11,85.38888888888889,143,0,119,1,1537
110.12,85.38888888888889,142,0,118,1,1539
110.13,85.5,142,0,117,2,1539
110.14,85.5,142,0,116,3,1539
110.2,85.5,140,1,117,0,1542
110.21,85.66666666666667,139,0,119,0,1542
110.23,85.66666666666667,138,0,120,0,1542
110.38,85.66666666666667,138,0,119,1,1542
110.39,85.66666666666667,137,0,120,0,1543
110.44,85.72222222222223,137,0,119,0,1544
110.45,85.77777777777777,136,0,120,0,1544
110.55,85.77777777777777,136,0,119,1,1544
110.56,85.77777777777777,135,1,119,0,1545
110.57,85.83333333333333,135,0,120,0,1545
110.66,85.83333333333333,135,0,119,1,1545
110.67,85.83333333333333,134,0,120,0,1546
110.68,85.88888888888889,134,0,119,1,1546
110.69,85.88888888888889,133,0,120,0,1547
110.75,86.0,132,0,120,0,1548
110.84,86.0,132,0,119,1,1548
110.85,86.0,131,0,119,1,1549
110.86,86.05555555555556,130,0,120,0,1550
110.87,86.11111111111111,129,1,119,0,1551
110.88,86.16666666666667,129,0,120,0,1551
110.92,86.16666666666667,129,0,119,0,1551
110.93,86.16666666666667,128,0,120,0,1552
110.94,86.22222222222223,127,1,119,0,1553
110.95,86.27777777777777,127,0,120,0,1553
111.02,86.27777777777777,127,0,119,1,1553
111.03,86.27777777777777,126,0,120,0,1554
111.1,86.33333333333333,125,1,119,0,1555
111.11,86.38888888888889,125,0,120,0,1555
111.2,86.38888888888889,125,0,119,1,1555
111.21,86.38888888888889,124,0,120,0,1556
111.28,86.44444444444444,124,0,119,1,1556
111.29,86.44444444444444,123,0,120,0,1557
111.32,86.5,123,0,119,1,1557
111.34,86.5,122,0,120,0,1558
111.35,86.55555555555556,121,1,119,0,1559
111.36,86.61111111111111,121,0,120,0,1559
111.37,86.61111111111111,120,1,119,0,1560
111.38,86.66666666666667,120,0,120,0,1560
111.4,86.66666666666667,120,0,119,1,1560
111.41,86.66666666666667,119,1,119,0,1561
111.42,86.72222222222223,119,0,120,0,1561
111.63,86.72222222222223,118,1,119,0,1562
111.64,86.77777777777777,118,0,120,0,1562
111.66,86.77777777777777,117,1,118,0,1564
111.67,86.8888888888889,116,0,120,0,1564
111.69,86.8888888888889,116,0,119,1,1564
111.7,86.8888888888889,115,0,120,0,1565
111.75,86.94444444444444,114,0,120,0,1566
111.8,87.0,114,0,119,1,1566
111.81,87.0,112,1,119,0,1568
111.82,87.1111111111111,111,1,119,0,1569
111.84,87.16666666666667,111,0,120,0,1569
111.85,87.16666666666667,111,0,118,2,1569
111.86,87.16666666666667,109,0,120,0,1571
111.9,87.27777777777777,109,0,119,1,1571
111.91,87.27777777777777,108,0,120,0,1572
111.96,87.33333333333333,107,1,119,0,1573
111.97,87.3888888888889,107,0,120,0,1573
112.05,87.3888888888889,107,0,119,1,1573
112.06,87.3888888888889,106,0,119,0,1575
112.07,87.5,105,0,120,0,1575
112.12,87.5,105,0,119,1,1575
112.13,87.5,104,0,120,0,1576
112.15,87.55555555555556,104,0,118,0,1578
112.16,87.66666666666667,102,0,120,0,1578
112.17,87.66666666666667,102,0,119,0,1579
112.18,87.72222222222223,101,0,120,0,1579
112.3,87.72222222222223,101,0,119,0,1580
112.31,87.77777777777777,100,0,120,0,1580
112.32,87.77777777777777,100,0,119,1,1580
112.34,87.77777777777777,99,0,120,0,1581
112.4,87.83333333333333,99,0,119,1,1581
112.41,87.83333333333333,98,0,120,0,1582
112.51,87.8888888888889,98,0,119,1,1582
112.52,87.8888888888889,97,0,120,0,1583
112.66,87.94444444444444,96,0,120,0,1584
112.71,88.0,96,0,119,0,1585
112.72,88.05555555555556,95,0,120,0,1585
112.79,88.05555555555556,95,0,119,0,1586
112.8,88.1111111111111,94,0,120,0,1586
112.84,88.1111111111111,94,0,118,2,1586
112.85,88.1111111111111,92,0,120,0,1588
112.98,88.22222222222223,91,1,118,0,1590
112.99,88.33333333333333,90,0,120,0,1590
113.01,88.33333333333333,90,0,118,0,1592
113.02,88.44444444444444,88,0,120,0,1592
113.04,88.44444444444444,88,0,119,1,1592
113.05,88.44444444444444,87,0,120,0,1593
113.1,88.5,87,0,119,1,1593
113.11,88.5,86,0,120,0,1594
113.28,88.55555555555556,85,1,119,0,1595
113.29,88.61111111111111,85,0,120,0,1595
113.3,88.61111111111111,85,0,119,1,1595
113.31,88.61111111111111,84,0,120,0,1596
113.32,88.66666666666667,84,0,119,1,1596
113.34,88.66666666666667,83,0,120,0,1597
113.4,88.72222222222223,83,0,119,0,1598
113.41,88.77777777777777,82,0,120,0,1598
113.51,88.77777777777777,81,1,118,1,1599
113.52,88.83333333333333,80,0,120,0,1600
113.53,88.88888888888889,80,0,119,1,1600
113.54,88.88888888888889,79,0,120,0,1601
113.72,88.94444444444444,79,0,119,1,1601
113.73,88.94444444444444,78,0,120,0,1602
113.74,89.0,78,0,119,1,1602
113.75,89.05555555555556,77,0,120,0,1603
113.8,89.05555555555556,76,1,119,0,1604
113.81,89.11111111111111,75,0,120,0,1605
113.84,89.16666666666667,75,0,118,2,1605
113.85,89.16666666666667,73,0,119,1,1607
113.86,89.27777777777777,72,0,120,0,1608
113.88,89.33333333333333,72,0,119,1,1608
113.89,89.33333333333333,71,0,120,0,1609
113.9,89.38888888888889,71,0,119,1,1609
113.91,89.38888888888889,69,0,120,0,1611
113.94,89.5,69,0,119,0,1612
113.95,89.55555555555556,68,0,120,0,1612
113.96,89.55555555555556,68,0,119,0,1613
113.97,89.61111111111111,66,0,120,0,1614
113.99,89.66666666666666,65,0,120,0,1615
114.0,89.72222222222223,64,0,120,0,1616
114.01,89.77777777777777,64,0,119,0,1617
114.02,89.83333333333333,63,0,120,0,1617
114.03,89.83333333333333,63,0,118,1,1618
114.04,89.88888888888889,61,1,119,0,1619
114.05,89.94444444444444,61,0,120,0,1619
114.14,89.94444444444444,60,1,119,0,1620
114.15,90.0,60,0,120,0,1620
114.25,90.0,59,0,120,0,1621
114.27,90.05555555555556,59,0,119,1,1621
114.28,90.05555555555556,58,0,120,0,1622
114.34,90.11111111111111,58,0,119,1,1622
114.35,90.11111111111111,57,0,120,0,1623
114.36,90.16666666666666,57,0,119,1,1623
114.37,90.16666666666666,56,0,120,0,1624
114.47,90.22222222222223,56,0,119,1,1624
114.48,90.22222222222223,56,0,119,0,1625
114.5,90.27777777777779,56,0,117,0,1627
114.62,90.38888888888889,56,0,116,0,1628
114.7,90.44444444444444,56,0,114,1,1629
114.71,90.5,56,0,114,0,1630
114.75,90.61111111111111,56,0,113,0,1631
114.79,90.61111111111111,56,0,112,0,1632
114.82,90.66666666666666,56,0,111,0,1633
114.87,90.72222222222223,56,0,110,0,1634
114.89,90.77777777777779,56,0,109,0,1635
114.93,90.83333333333333,56,0,108,1,1635
114.94,90.83333333333333,56,0,108,0,1636
114.97,90.88888888888889,56,0,107,1,1636
114.99,90.88888888888889,56,0,106,2,1636
115.0,90.88888888888889,56,0,106,0,1638
115.06,91.0,56,0,105,1,1638
115.07,91.0,56,0,105,0,1639
115.1,91.05555555555556,56,0,104,1,1639
115.11,91.05555555555556,56,0,103,0,1641
115.14,91.16666666666666,56,0,101,0,1643
115.17,91.27777777777779,56,0,100,1,1643
115.18,91.27777777777779,56,0,99,0,1645
115.23,91.38888888888889,56,0,97,1,1646
115.24,91.44444444444444,56,0,97,0,1647
115.27,91.5,56,0,96,0,1648
115.59,91.55555555555556,56,0,95,0,1649
115.7,91.61111111111111,56,0,94,0,1650
115.74,91.66666666666666,56,0,93,1,1650
115.75,91.72222222222223,56,0,93,0,1651
115.81,91.72222222222223,56,0,92,0,1652
115.93,91.77777777777779,56,0,91,0,1653
115.96,91.83333333333333,56,0,88,1,1655
115.97,91.94444444444444,56,0,88,0,1656
116.06,92.0,56,0,87,0,1657
116.15,92.05555555555556,56,0,86,0,1658
116.17,92.11111111111111,56,0,84,0,1660
116.18,92.22222222222223,56,0,83,0,1661
116.21,92.27777777777779,56,0,82,1,1661
116.22,92.27777777777779,56,0,82,0,1662
116.43,92.33333333333333,56,0,81,0,1663
116.45,92.38888888888889,56,0,79,1,1664
116.46,92.44444444444444,56,0,79,0,1665
116.59,92.5,56,0,78,1,1665
116.6,92.5,56,0,78,0,1666
116.7,92.55555555555556,56,0,77,0,1667
116.73,92.61111111111111,56,0,75,2,1667
116.74,92.61111111111111,56,0,75,0,1669
116.75,92.72222222222221,56,0,74,1,1669
116.76,92.72222222222221,56,0,74,0,1670
116.78,92.77777777777779,56,0,73,0,1671
116.86,92.83333333333333,56,0,72,1,1671
116.87,92.83333333333333,56,0,72,0,1672
116.9,92.88888888888889,56,0,71,0,1673
117.0,92.94444444444444,56,0,70,1,1673
117.01,92.94444444444444,56,0,70,0,1674
117.13,93.0,56,0,69,0,1675
117.16,93.05555555555556,56,0,68,0,1676
117.31,93.11111111111111,56,0,67,0,1677
117.4,93.16666666666666,56,0,65,0,1679
117.72,93.27777777777779,56,0,64,1,1679
117.73,93.27777777777779,56,0,64,0,1680
117.87,93.33333333333333,56,0,63,1,1680
117.88,93.33333333333333,56,0,63,0,1681
117.9,93.38888888888889,56,0,61,0,1683
118.06,93.5,56,0,60,1,1683
118.07,93.5,56,0,60,0,1684
118.15,93.55555555555556,56,0,59,0,1685
118.19,93.61111111111111,56,0,58,0,1686
118.25,93.66666666666667,56,0,57,0,1687
118.38,93.72222222222221,56,0,56,1,1687
118.39,93.72222222222221,56,0,56,0,1688
118.46,93.77777777777779,56,0,55,0,1689
118.48,93.83333333333333,56,0,54,1,1689
118.49,93.83333333333333,56,0,54,0,1690
118.51,93.88888888888889,56,0,53,1,1690
118.52,93.88888888888889,56,0,53,0,1691
118.55,93.94444444444444,56,0,51,0,1693
118.81,94.05555555555556,56,0,50,0,1694
118.84,94.11111111111111,56,0,49,0,1695
118.88,94.16666666666667,56,0,48,1,1695
118.89,94.16666666666667,56,0,48,0,1696
118.95,94.22222222222221,56,0,47,1,1696
118.96,94.22222222222221,56,0,47,0,1697
119.03,94.27777777777779,56,0,46,1,1697
119.04,94.27777777777779,56,0,46,0,1698
119.25,94.33333333333334,56,0,45,1,1698
119.26,94.33333333333334,56,0,45,0,1699
119.29,94.38888888888889,56,0,44,0,1700
119.31,94.44444444444444,56,0,43,0,1701
119.32,94.5,56,0,42,1,1701
119.34,94.5,56,0,42,0,1702
119.39,94.55555555555556,56,0,40,2,1702
119.4,94.55555555555556,56,0,40,0,1704
119.41,94.66666666666667,55,1,40,0,1704
119.43,94.66666666666667,55,1,39,1,1704
119.44,94.66666666666667,55,1,35,2,1707
119.45,94.83333333333334,55,1,35,0,1709
119.52,94.94444444444444,55,1,34,0,1710
119.54,95.0,55,1,33,1,1710
119.55,95.0,55,1,33,0,1711
119.67,95.05555555555556,55,1,31,1,1712
119.68,95.11111111111111,55,1,31,0,1713
119.69,95.16666666666667,55,1,30,0,1714
119.75,95.27777777777777,55,1,28,0,1716
119.76,95.33333333333334,55,1,26,0,1718
119.77,95.44444444444444,55,1,25,1,1718
119.78,95.44444444444444,55,1,25,0,1719
119.86,95.5,55,1,24,0,1720
120.02,95.55555555555556,55,1,22,0,1722
120.18,95.66666666666667,55,1,21,1,1722
120.19,95.66666666666667,55,1,20,0,1724
120.2,95.77777777777777,55,1,19,0,1725
120.21,95.83333333333334,55,1,18,0,1726
120.25,95.88888888888889,55,1,17,0,1727
120.29,95.94444444444444,54,2,17,0,1727
120.34,95.94444444444444,54,2,16,0,1728
120.36,96.0,54,2,15,0,1729
120.44,96.05555555555556,54,2,14,0,1730
120.56,96.11111111111111,54,2,13,0,1731
120.59,96.16666666666667,54,1,14,0,1731
120.64,96.16666666666667,54,1,12,0,1733
120.78,96.27777777777777,54,1,11,0,1734
120.8,96.33333333333334,54,1,10,0,1735
120.82,96.38888888888889,53,1,10,0,1736
120.88,96.44444444444444,53,1,9,1,1736
120.89,96.44444444444444,53,1,9,0,1737
121.11,96.5,53,1,8,0,1738
121.12,96.55555555555554,52,2,8,0,1738
121.13,96.55555555555554,52,1,9,0,1738
121.45,96.55555555555554,51,2,9,0,1738
121.68,96.55555555555554,51,2,8,0,1739
121.7,96.61111111111111,51,2,7,1,1739
121.71,96.61111111111111,51,2,7,0,1740
121.95,96.66666666666667,51,1,8,0,1740
122.07,96.66666666666667,51,1,7,0,1741
122.3,96.72222222222221,50,2,6,0,1742
122.31,96.77777777777777,50,1,7,0,1742
122.4,96.77777777777777,49,2,7,0,1742
122.49,96.77777777777777,49,2,6,0,1743
122.52,96.83333333333334,49,2,5,0,1744
122.53,96.88888888888889,48,2,6,0,1744
122.54,96.88888888888889,48,1,7,0,1744
122.74,96.88888888888889,48,1,6,0,1745
122.75,97.0,47,1,6,0,1746
122.94,97.0,47,1,5,1,1746
122.95,97.0,47,1,5,0,1747
122.96,97.05555555555556,46,1,6,0,1747
123.09,97.05555555555556,46,1,5,0,1748
123.25,97.11111111111111,46,1,4,1,1748
123.26,97.11111111111111,46,1,4,0,1749
123.34,97.16666666666667,45,2,4,0,1749
123.52,97.16666666666667,45,1,5,0,1749
123.84,97.16666666666667,44,2,4,0,1750
123.85,97.22222222222221,44,1,5,0,1750
124.12,97.22222222222221,44,1,4,1,1750
124.13,97.22222222222221,44,1,4,0,1751
124.14,97.27777777777777,43,2,4,0,1751
124.15,97.27777777777777,43,1,5,0,1751
124.37,97.27777777777777,42,2,5,0,1751
124.5,97.27777777777777,42,1,6,0,1751
124.75,97.27777777777777,42,1,5,1,1751
124.76,97.27777777777777,41,1,6,0,1752
125.0,97.38888888888889,40,2,5,0,1753
125.01,97.38888888888889,40,1,6,0,1753
125.32,97.38888888888889,39,2,6,0,1753
125.4,97.38888888888889,39,2,5,0,1754
125.55,97.44444444444444,39,1,6,0,1754
125.8,97.44444444444444,38,2,5,0,1755
125.81,97.5,38,1,6,0,1755
126.01,97.5,38,1,5,0,1756
126.02,97.55555555555556,37,2,5,0,1756
126.04,97.55555555555556,37,1,6,0,1756
126.36,97.55555555555556,36,2,6,0,1756
126.5,97.55555555555556,36,1,7,0,1756
127.06,97.55555555555556,35,1,7,0,1757
127.4,97.61111111111111,34,2,6,0,1758
127.5,97.66666666666667,34,1,7,0,1758
127.75,97.72222222222223,33,1,7,0,1759
127.99,97.72222222222223,33,1,6,0,1760
128.0,97.77777777777777,32,1,7,0,1760
128.54,97.77777777777777,32,0,8,0,1760
135.73,97.77777777777777,31,1,7,0,1761
135.74,97.83333333333333,31,0,8,0,1761
136.73,97.83333333333333,31,0,7,0,1762
136.74,97.88888888888889,30,1,7,0,1762
136.75,97.88888888888889,30,0,8,0,1762
137.65,97.88888888888889,29,0,8,0,1763
138.53,97.94444444444444,29,0,7,1,1763
138.54,97.94444444444444,28,1,7,0,1764
139.17,98.0,27,2,6,0,1765
139.18,98.05555555555556,27,1,7,0,1765
139.53,98.05555555555556,26,2,6,0,1766
139.7,98.11111111111111,26,1,7,0,1766
140.24,98.11111111111111,26,1,6,1,1766
140.25,98.16666666666667,25,2,6,0,1767
140.79,98.16666666666667,25,1,7,0,1767
140.85,98.16666666666667,24,1,7,0,1768
141.07,98.22222222222223,23,2,6,0,1769
141.74,98.27777777777777,23,2,5,1,1769
141.75,98.33333333333333,22,2,6,0,1770
141.9,98.33333333333333,22,2,5,0,1771
141.91,98.38888888888889,21,3,5,0,1771
142.5,98.38888888888889,20,3,5,0,1772
142.51,98.44444444444444,20,2,6,0,1772
142.74,98.44444444444444,19,3,5,0,1773
142.75,98.5,19,2,6,0,1773
142.78,98.5,19,1,7,0,1773
143.0,98.5,19,0,8,0,1773
143.07,98.5,18,1,7,1,1773
143.09,98.5,18,1,7,0,1774
143.56,98.55555555555556,18,1,6,1,1774
143.57,98.55555555555556,17,2,6,0,1775
144.36,98.61111111111111,17,1,7,0,1775
144.6,98.61111111111111,16,2,6,0,1776
144.7,98.66666666666667,16,1,7,0,1776
145.27,98.66666666666667,16,1,6,0,1776
145.63,98.66666666666667,16,1,5,1,1776
145.75,98.66666666666667,16,1,4,2,1776
146.1,98.66666666666667,14,2,5,0,1779
146.11,98.83333333333333,14,1,6,0,1779
146.35,98.83333333333333,14,1,5,1,1779
146.36,98.83333333333333,13,2,5,0,1780
146.91,98.88888888888889,13,1,6,0,1780
147.1,98.88888888888889,12,2,5,1,1780
147.11,98.88888888888889,12,2,4,2,1780
147.12,98.88888888888889,11,3,4,0,1782
147.67,99.0,11,2,5,0,1782
147.87,99.0,12,2,4,0,1782
148.19,99.0,12,1,5,0,1782
148.55,99.0,11,2,4,0,1783
148.56,99.05555555555556,11,1,5,0,1783
149.55,99.05555555555556,10,2,4,1,1783
149.56,99.05555555555556,10,2,4,0,1784
149.61,99.11111111111111,9,3,3,0,1785
149.63,99.16666666666667,9,2,4,0,1785
149.7,99.16666666666667,9,1,5,0,1785
149.95,99.16666666666667,8,2,4,0,1786
149.97,99.22222222222223,8,1,5,0,1786
150.23,99.22222222222223,8,1,4,1,1786
150.24,99.22222222222223,8,1,4,0,1786
150.62,99.22222222222223,8,1,3,1,1786
150.85,99.22222222222223,8,0,4,1,1786
151.41,99.22222222222223,7,1,4,0,1788
151.42,99.33333333333333,7,0,5,0,1788
151.49,99.33333333333333,6,1,4,0,1789
151.63,99.3888888888889,5,2,3,0,1790
151.82,99.44444444444444,5,2,2,1,1790
151.84,99.44444444444444,5,2,2,0,1790
152.61,99.44444444444444,5,2,1,1,1790
152.99,99.44444444444444,4,3,1,0,1792
153.0,99.55555555555556,4,2,2,0,1792
153.07,99.55555555555556,5,2,1,0,1792
153.44,99.55555555555556,5,1,2,0,1792
153.49,99.55555555555556,5,1,1,1,1792
153.5,99.6111111111111,4,2,1,0,1793
154.1,99.6111111111111,4,1,2,0,1793
154.82,99.6111111111111,4,0,3,0,1793
156.61,99.6111111111111,4,0,2,1,1793
156.62,99.6111111111111,4,0,2,0,1793
157.25,99.6111111111111,4,0,1,1,1793
158.28,99.6111111111111,4,0,1,0,1794
159.39,99.66666666666667,4,0,1,0,1795
159.93,99.72222222222223,5,0,0,0,1795
162.94,99.72222222222223,4,1,0,0,1795
162.95,99.72222222222223,4,0,1,0,1795
165.32,99.72222222222223,3,0,1,0,1796
165.53,99.77777777777777,2,0,1,0,1797
168.54,99.83333333333333,1,1,1,0,1797
168.55,99.83333333333333,1,0,2,0,1797
169.01,99.83333333333333,1,0,1,0,1797
170.09,99.83333333333333,1,0,1,0,1798
171.75,99.8888888888889,1,0,0,1,1798
171.76,99.8888888888889,1,0,0,0,1798
172.91,99.8888888888889,1,0,0,0,1799
175.92,99.94444444444444,0,0,1,0,1799
180.84,99.94444444444444,0,0,0,1,1799
180.85,99.94444444444444,0,0,0,0,1799
181.9,99.94444444444444,0,0,0,0,1800
