time,10.32.88.251:60140:1,10.32.89.107:53248:1,10.32.89.61:33668:1,10.32.89.69:51864:1,10.32.90.72:52774:1,10.32.90.80:47440:1,10.32.93.112:51550:1,10.32.93.116:37334:1,10.32.93.118:33596:1,10.32.93.120:43918:1
-4.93,,1.0,,,,,,,,
-4.9,,2.0,,,,,,,,
-4.86,,3.0,,,,,,,,
-4.85,,4.0,,,,,,,,
-4.82,,5.0,,,,,,,,
-4.8,,6.0,,,,,,,,
-4.78,,7.0,,,,,,,,
-4.76,,8.0,,,,,,,,
-4.75,,9.0,,,,,,,,
-4.73,,10.0,,,,,,,,
-4.7,,11.0,,,,,,,,
-4.69,,12.0,,,,,,,,
-4.66,,13.0,,,,,,,,
-4.61,,14.0,,,,,,,,
-4.6,,15.0,,,,,,,,
-4.59,,16.0,,,,,,,,
-4.57,,17.0,,,,,,,,
-4.55,,18.0,,,,,,,,
-4.54,,19.0,,,,,,,,
-4.53,,20.0,,,,,,,,
-4.51,,21.0,,,,,,,,
-4.5,,22.0,,,,,,,,
-4.47,,23.0,,,,,,,,
-4.46,,24.0,,,,,,,,
-4.43,,25.0,,,,,,,,
-4.4,,26.0,,,,,,,,
-4.36,,27.0,,,,,,,,
-4.34,,28.0,,,,,,,,
-4.32,,29.0,,,,,,,,
-4.31,,30.0,,,,,,,,
-4.28,,31.0,,,,,,,,
-4.26,,32.0,,,,,,,,
-4.24,,33.0,,,,,,,,
-4.22,,34.0,,,,,,,,
-4.19,,35.0,,,,,,,,
-4.18,,36.0,,,,,,,,
-4.16,,37.0,,,,,,,,
-4.13,,38.0,,,,,,,,
-4.12,,39.0,,,,,,,,
-4.1,,40.0,,,,,,,,
-4.07,,41.0,,,,,,,,
-4.05,,42.0,,,,,,,,
-4.03,,43.0,,,,,,,,
-4.01,,44.0,,,,,,,,
-4.0,,45.0,,,,,,,,
-3.99,,46.0,,,,,,,,
-3.96,,47.0,,,,,,,,
-3.93,,48.0,,,,,,,,
-3.9,,49.0,,,,,,,,
-3.89,,50.0,,,,,,,,
-3.86,,51.0,,,,,,,,
-3.83,,52.0,,,,,,,,
-3.81,,53.0,,,,,,,,
-3.79,,54.0,,,,,,,,
-3.76,,55.0,,,,,,,,
-3.75,,56.0,,,,,,,,
-3.7,,57.0,,,,,,,,
-3.66,,58.0,,,,,,,,
-3.64,,59.0,,,,,,,,
-3.62,,60.0,,,,,,,,
-3.59,,61.0,,,,,,,,
-3.58,,62.0,,,,,,,,
-3.56,,63.0,,,,,,,,
-3.52,,64.0,,,,,,,,
-3.5,,65.0,,,,,,,,
-3.49,,66.0,,,,,,,,
-3.48,,67.0,,,,,,,,
-3.45,,68.0,,,,,,,,
-3.43,,69.0,,,,,,,,
-3.41,,70.0,,,,,,,,
-3.37,,71.0,,,,,,,,
-3.32,,72.0,,,,,,,,
-3.3,,73.0,,,,,,,,
-3.29,,74.0,,,,,,,,
-3.27,,75.0,,,,,,,,
-3.24,,76.0,,,,,,,,
-3.22,,77.0,,,,,,,,
-3.21,,78.0,,,,,,,,
-3.19,,79.0,,,,,,,,
-3.16,,80.0,,,,,,,,
-3.12,,81.0,,,,,,,,
-3.08,,82.0,,,,,,,,
-3.06,,83.0,,,,,,,,
-3.03,,84.0,,,,,,,,
-3.02,,85.0,,,,,,,,
-3.01,,86.0,,,,,,,,
-2.98,,87.0,,,,,,,,
-2.96,,88.0,,,,,,,,
-2.91,,89.0,,,,,,,,
-2.9,,90.0,,,,,,,,
-2.88,,91.0,,,,,,,,
-2.86,,92.0,,,,,,,,
-2.82,,93.0,,,,,,,,
-2.81,,94.0,,,,,,,,
-2.79,,95.0,,,,,,,,
-2.76,,96.0,,,,,,,,
-2.75,,97.0,,,,,,,,
-2.72,,98.0,,,,,,,,
-2.68,,99.0,,,,,,,,
-2.65,,100.0,,,,,,,,
-2.64,,101.0,,,,,,,,
-2.61,,102.0,,,,,,,,
-2.59,,103.0,,,,,,,,
-2.57,,104.0,,,,,,,,
-2.56,,105.0,,,,,,,,
-2.54,,106.0,,,,,,,,
-2.53,,107.0,,,,,,,,
-2.5,,108.0,,,,,,,,
-2.49,,109.0,,,,,,,,
-2.47,,110.0,,,,,,,,
-2.44,,111.0,,,,,,,,
-2.41,,112.0,,,,,,,,
-2.39,,113.0,,,,,,,,
-2.37,,114.0,,,,,,,,
-2.35,,115.0,,,,,,,,
-2.32,,116.0,,,,,,,,
-2.3,,117.0,,,,,,,,
-2.29,,118.0,,,,,,,,
-2.26,,119.0,,,,,,,,
-2.24,,120.0,,,,,,,,
-2.23,,121.0,,,,,,,,
-2.21,,122.0,,,,,,,,
-2.18,,123.0,,,,,,,,
-2.15,,124.0,,,,,,,,
-2.12,,125.0,,,,,,,,
-2.11,,126.0,,,,,,,,
-2.1,,127.0,,,,,,,,
-2.03,,128.0,,,,,,,,
-2.02,,129.0,,,,,,,,
-2.0,,130.0,,,,,,,,
-1.99,,131.0,,,,,,,,
-1.96,,132.0,,,,,,,,
-1.93,,133.0,,,,,,,,
-1.91,,134.0,,,,,,,,
-1.89,,135.0,,,,,,,,
-1.86,,136.0,,,,,,,,
-1.84,,137.0,,,,,,,,
-1.83,,138.0,,,,,,,,
-1.81,,139.0,,,,,,,,
-1.8,,140.0,,,,,,,,
-1.75,,141.0,,,,,,,,
-1.73,,142.0,,,,,,,,
-1.71,,143.0,,,,,,,,
-1.7,,144.0,,,,,,,,
-1.66,,145.0,,,,,,,,
-1.63,,146.0,,,,,,,,
-1.62,,147.0,,,,,,,,
-1.6,,148.0,,,,,,,,
-1.54,,149.0,,,,,,,,
-1.53,,150.0,,,,,,,,
-1.51,,151.0,,,,,,,,
-1.5,,152.0,,,,,,,,
-1.49,,153.0,,,,,,,,
-1.46,,154.0,,,,,,,,
-1.43,,155.0,,,,,,,,
-1.4,,156.0,,,,,,,,
-1.39,,157.0,,,,,,,,
-1.37,,158.0,,,,,,,,
-1.36,,159.0,,,,,,,,
-1.34,,160.0,,,,,,,,
-1.32,,161.0,,,,,,,,
-1.31,,162.0,,,,,,,,
-1.3,,163.0,,,,,,,,
-1.27,,164.0,,,,,,,,
-1.25,,165.0,,,,,,,,
-1.24,,166.0,,,,,,,,
-1.21,,167.0,,,,,,,,
-1.18,,168.0,,,,,,,,
-1.16,,169.0,,,,,,,,
-1.11,,170.0,,,,,,,,
-1.08,,171.0,,,,,,,,
-1.06,,172.0,,,,,,,,
-1.04,,173.0,,,,,,,,
-1.02,,174.0,,,,,,,,
-1.01,,175.0,,,,,,,,
-0.99,,176.0,,,,,,,,
-0.97,,177.0,,,,,,,,
-0.96,,178.0,,,,,,,,
-0.94,,179.0,,,,,,,,
-0.9,,180.0,,,,,,,,
-0.87,,181.0,,,,,,,,
-0.84,,182.0,,,,,,,,
-0.82,,183.0,,,,,,,,
-0.77,,184.0,,,,,,,,
-0.75,,185.0,,,,,,,,
-0.73,,186.0,,,,,,,,
-0.71,,187.0,,,,,,,,
-0.69,,188.0,,,,,,,,
-0.68,,189.0,,,,,,,,
-0.65,,190.0,,,,,,,,
-0.62,,191.0,,,,,,,,
-0.6,,192.0,,,,,,,,
-0.58,,193.0,,,,,,,,
-0.56,,194.0,,,,,,,,
-0.55,,195.0,,,,,,,,
-0.47,,196.0,,,,,,,,
-0.44,,197.0,,,,,,,,
-0.4,,198.0,,,,,,,,
-0.38,,199.0,,,,,,,,
-0.37,,200.0,,,,,,,,
-0.32,,201.0,,,,,,,,
-0.3,,202.0,,,,,,,,
-0.28,,203.0,,,,,,,,
-0.27,,204.0,,,,,,,,
-0.25,,206.0,,,,,,,,
-0.21,,207.0,,,,,,,,
-0.19,,208.0,,,,,,,,
-0.15,,209.0,,,,,,,,
-0.14,,210.0,,,,,,,,
-0.11,,211.0,,,,,,,,
-0.1,,212.0,,,,,,,,
-0.07,,213.0,,,,,,,,
-0.06,,214.0,,,,,,,,
-0.05,,215.0,,,,,,,,
-0.03,,216.0,,,,,,,,
-0.02,,217.0,,,,,,,,
0.0,,,,,2.0,,,,,
0.04,,,,,3.0,,,,,
0.06,,,,,4.0,,,,,
0.07,,,,,5.0,,,,,
0.09,,,,,6.0,,,,,
0.12,,,,,7.0,,,,,
0.14,,,,,8.0,,,,,
0.15,,,,,9.0,,,,,
0.18,,,,,10.0,,,,,
0.2,,,,,11.0,,,,,
0.21,,,,,12.0,,,,,
0.23,,,,,13.0,,,,,
0.24,,,,,14.0,,,,,
0.25,,,,,15.0,,,,,
0.26,,,,,16.0,,,,,
0.28,,,,,17.0,,,,,
0.29,,,,,18.0,,,,,
0.3,,,,,19.0,,,,,
0.32,,,,,20.0,,,,,
0.34,,,,,21.0,,,,,
0.35,,,,,22.0,,,,,
0.38,,,,,23.0,,,,,
0.4,,,,,24.0,,,,,
0.44,,,,,25.0,,,,,
0.46,,,,,26.0,,,,,
0.48,,,,,27.0,,,,,
0.51,,,,,28.0,,,,,
0.53,,,,,29.0,,,,,
0.56,,,,,30.0,,,,,
0.57,,,,,31.0,,,,,
0.61,,,,,32.0,,,,,
0.64,,,,,33.0,,,,,
0.65,,,,,34.0,,,,,
0.67,,,,,35.0,,,,,
0.69,,,,,36.0,,,,,
0.72,,,,,37.0,,,,,
0.74,,,,,38.0,,,,,
0.75,,,,,39.0,,,,,
0.76,,,,,40.0,,,,,
0.78,,,,,41.0,,,,,
0.79,,,,,42.0,,,,,
0.81,,,,,43.0,,,,,
0.84,,,,,44.0,,,,,
0.85,,,,,45.0,,,,,
0.87,,,,,46.0,,,,,
0.88,,,,,47.0,,,,,
0.91,,,,,48.0,,,,,
0.92,,,,,49.0,,,,,
0.96,,,,,50.0,,,,,
0.98,,,,,51.0,,,,,
0.99,,,,,52.0,,,,,
1.01,,,,,53.0,,,,,
1.02,,,,,54.0,,,,,
1.04,,,,,55.0,,,,,
1.06,,,,,56.0,,,,,
1.07,,,,,57.0,,,,,
1.1,,,,,58.0,,,,,
1.12,,,,,59.0,,,,,
1.15,,,,,60.0,,,,,
1.16,,,,,61.0,,,,,
1.18,,,,,62.0,,,,,
1.19,,,,,63.0,,,,,
1.21,,,,,64.0,,,,,
1.24,,,,,65.0,,,,,
1.25,,,,,66.0,,,,,
1.26,,,,,67.0,,,,,
1.29,,,,,68.0,,,,,
1.32,,,,,69.0,,,,,
1.34,,,,,70.0,,,,,
1.36,,,,,71.0,,,,,
1.37,,,,,72.0,,,,,
1.39,,,,,73.0,,,,,
1.4,,,,,74.0,,,,,
1.42,,,,,75.0,,,,,
1.44,,,,,76.0,,,,,
1.45,,,,,77.0,,,,,
1.47,,,,,78.0,,,,,
1.49,,,,,79.0,,,,,
1.5,,,,,80.0,,,,,
1.52,,,,,81.0,,,,,
1.54,,,,,82.0,,,,,
1.56,,,,,83.0,,,,,
1.59,,,,,84.0,,,,,
1.61,,,,,85.0,,,,,
1.62,,,,,86.0,,,,,
1.65,,,,,87.0,,,,,
1.67,,,,,88.0,,,,,
1.68,,,,,89.0,,,,,
1.69,,,,,90.0,,,,,
1.71,,,,,91.0,,,,,
1.73,,,,,92.0,,,,,
1.75,,,,,94.0,,,,,
1.76,,,,,95.0,,,,,
1.78,,,,,96.0,,,,,
1.79,,,,,97.0,,,,,
1.81,,,,,98.0,,,,,
1.85,,,,,99.0,,,,,
1.86,,,,,100.0,,,,,
1.88,,,,,101.0,,,,,
1.89,,,,,102.0,,,,,
1.91,,,,,103.0,,,,,
1.93,,,,,104.0,,,,,
1.94,,,,,105.0,,,,,
1.96,,,,,106.0,,,,,
1.97,,,,,107.0,,,,,
1.99,,,,,108.0,,,,,
2.0,,,,,109.0,,,,,
2.03,,,,,110.0,,,,,
2.06,,,,,111.0,,,,,
2.07,,,,,112.0,,,,,
2.11,,,,,113.0,,,,,
2.12,,,,,114.0,,,,,
2.14,,,,,115.0,,,,,
2.15,,,,,116.0,,,,,
2.16,,,,,117.0,,,,,
2.18,,,,,118.0,,,,,
2.19,,,,,119.0,,,,,
2.21,,,,,120.0,,,,,
2.25,,,,,121.0,,,,,
2.27,,,,,122.0,,,,,
2.29,,,,,123.0,,,,,
2.31,,,,,124.0,,,,,
2.35,,,,,125.0,,,,,
2.36,,,,,126.0,,,,,
2.37,,,,,127.0,,,,,
2.39,,,,,128.0,,,,,
2.41,,,,,129.0,,,,,
2.43,,,,,130.0,,,,,
2.45,,,,,131.0,,,,,
2.46,,,,,132.0,,,,,
2.49,,,,,133.0,,,,,
2.5,,,,,134.0,,,,,
2.51,,,,,135.0,,,,,
2.52,,,,,136.0,,,,,
2.55,,,,,137.0,,,,,
2.57,,,,,138.0,,,,,
2.6,,,,,139.0,,,,,
2.62,,,,,140.0,,,,,
2.64,,,,,141.0,,,,,
2.65,,,,,142.0,,,,,
2.67,,,,,143.0,,,,,
2.68,,,,,144.0,,,,,
2.71,,,,,145.0,,,,,
2.73,,,,,146.0,,,,,
2.75,,,,,148.0,,,,,
2.78,,,,,149.0,,,,,
2.8,,,,,150.0,,,,,
2.82,,,,,151.0,,,,,
2.85,,,,,152.0,,,,,
2.87,,,,,153.0,,,,,
2.9,,,,,154.0,,,,,
2.92,,,,,155.0,,,,,
2.95,,,,,156.0,,,,,
2.96,,,,,157.0,,,,,
2.98,,,,,158.0,,,,,
2.99,,,,,159.0,,,,,
3.0,,,,,160.0,,,,,
3.02,,,,,161.0,,,,,
3.05,,,,,162.0,,,,,
3.07,,,,,163.0,,,,,
3.12,,,,,164.0,,,,,
3.14,,,,,165.0,,,,,
3.15,,,,,166.0,,,,,
3.17,,,,,167.0,,,,,
3.18,,,,,168.0,,,,,
3.21,,,,,169.0,,,,,
3.22,,,,,170.0,,,,,
3.24,,,,,171.0,,,,,
3.25,,,,,172.0,,,,,
3.26,,,,,173.0,,,,,
3.27,,,,,174.0,,,,,
3.28,,,,,175.0,,,,,
3.3,,,,,176.0,,,,,
3.34,,,,,177.0,,,,,
3.35,,,,,178.0,,,,,
3.37,,,,,179.0,,,,,
3.39,,,,,180.0,,,,,
3.4,,,,,181.0,,,,,
3.41,,,,,182.0,,,,,
3.45,,,,,183.0,,,,,
3.47,,,,,184.0,,,,,
3.5,,,,,185.0,,,,,
3.53,,,,,186.0,,,,,
3.56,,,,,187.0,,,,,
3.57,,,,,188.0,,,,,
3.6,,,,,189.0,,,,,
3.61,,,,,190.0,,,,,
3.63,,,,,191.0,,,,,
3.66,,,,,192.0,,,,,
3.67,,,,,193.0,,,,,
3.69,,,,,194.0,,,,,
3.7,,,,,195.0,,,,,
3.74,,,,,196.0,,,,,
3.75,,,,,197.0,,,,,
3.77,,,,,198.0,,,,,
3.79,,,,,199.0,,,,,
3.8,,,,,200.0,,,,,
3.82,,,,,201.0,,,,,
3.87,,,,,202.0,,,,,
3.93,,,,,203.0,,,,,
3.97,,,,,204.0,,,,,
4.0,,,,,205.0,,,,,
4.02,,,,,206.0,,,,,
4.03,,,,,207.0,,,,,
4.07,,,,,208.0,,,,,
4.11,,,,,209.0,,,,,
4.15,,,,,210.0,,,,,
4.16,,,,,211.0,,,,,
4.18,,,,,212.0,,,,,
4.2,,,,,213.0,,,,,
4.21,,,,,214.0,,,,,
4.22,,,,,215.0,,,,,
4.24,,,,,216.0,,,,,
4.25,,,,,217.0,,,,,
4.28,,,,,,1.0,,,,
4.29,,,,,,2.0,,,,
4.31,,,,,,3.0,,,,
4.34,,,,,,4.0,,,,
4.36,,,,,,5.0,,,,
4.37,,,,,,6.0,,,,
4.41,,,,,,7.0,,,,
4.44,,,,,,8.0,,,,
4.45,,,,,,9.0,,,,
4.47,,,,,,10.0,,,,
4.5,,,,,,12.0,,,,
4.52,,,,,,13.0,,,,
4.53,,,,,,14.0,,,,
4.55,,,,,,15.0,,,,
4.57,,,,,,16.0,,,,
4.6,,,,,,17.0,,,,
4.63,,,,,,18.0,,,,
4.66,,,,,,19.0,,,,
4.69,,,,,,20.0,,,,
4.7,,,,,,21.0,,,,
4.71,,,,,,22.0,,,,
4.73,,,,,,23.0,,,,
4.75,,,,,,25.0,,,,
4.77,,,,,,26.0,,,,
4.78,,,,,,27.0,,,,
4.8,,,,,,28.0,,,,
4.82,,,,,,29.0,,,,
4.84,,,,,,30.0,,,,
4.85,,,,,,31.0,,,,
4.87,,,,,,32.0,,,,
4.88,,,,,,33.0,,,,
4.9,,,,,,34.0,,,,
4.91,,,,,,35.0,,,,
4.92,,,,,,36.0,,,,
4.94,,,,,,37.0,,,,
4.95,,,,,,38.0,,,,
4.97,,,,,,39.0,,,,
4.98,,,,,,40.0,,,,
5.0,,,,,,41.0,,,,
5.02,,,,,,42.0,,,,
5.03,,,,,,43.0,,,,
5.04,,,,,,44.0,,,,
5.06,,,,,,45.0,,,,
5.07,,,,,,46.0,,,,
5.1,,,,,,47.0,,,,
5.11,,,,,,48.0,,,,
5.13,,,,,,49.0,,,,
5.14,,,,,,50.0,,,,
5.16,,,,,,51.0,,,,
5.17,,,,,,52.0,,,,
5.19,,,,,,53.0,,,,
5.21,,,,,,54.0,,,,
5.23,,,,,,55.0,,,,
5.25,,,,,,56.0,,,,
5.26,,,,,,57.0,,,,
5.32,,,,,,58.0,,,,
5.36,,,,,,59.0,,,,
5.38,,,,,,60.0,,,,
5.39,,,,,,61.0,,,,
5.4,,,,,,62.0,,,,
5.43,,,,,,63.0,,,,
5.45,,,,,,64.0,,,,
5.46,,,,,,65.0,,,,
5.48,,,,,,66.0,,,,
5.49,,,,,,67.0,,,,
5.51,,,,,,68.0,,,,
5.52,,,,,,69.0,,,,
5.53,,,,,,70.0,,,,
5.56,,,,,,71.0,,,,
5.57,,,,,,72.0,,,,
5.61,,,,,,73.0,,,,
5.63,,,,,,74.0,,,,
5.65,,,,,,75.0,,,,
5.67,,,,,,76.0,,,,
5.68,,,,,,77.0,,,,
5.69,,,,,,78.0,,,,
5.72,,,,,,79.0,,,,
5.74,,,,,,80.0,,,,
5.75,,,,,,81.0,,,,
5.77,,,,,,82.0,,,,
5.78,,,,,,83.0,,,,
5.82,,,,,,84.0,,,,
5.85,,,,,,85.0,,,,
5.89,,,,,,86.0,,,,
5.9,,,,,,87.0,,,,
5.91,,,,,,88.0,,,,
5.94,,,,,,89.0,,,,
5.97,,,,,,90.0,,,,
5.98,,,,,,91.0,,,,
6.0,,,,,,92.0,,,,
6.01,,,,,,93.0,,,,
6.03,,,,,,94.0,,,,
6.06,,,,,,95.0,,,,
6.09,,,,,,96.0,,,,
6.11,,,,,,97.0,,,,
6.12,,,,,,98.0,,,,
6.14,,,,,,99.0,,,,
6.16,,,,,,100.0,,,,
6.18,,,,,,101.0,,,,
6.23,,,,,,102.0,,,,
6.24,,,,,,103.0,,,,
6.25,,,,,,104.0,,,,
6.26,,,,,,105.0,,,,
6.28,,,,,,106.0,,,,
6.29,,,,,,107.0,,,,
6.31,,,,,,108.0,,,,
6.32,,,,,,109.0,,,,
6.36,,,,,,110.0,,,,
6.38,,,,,,111.0,,,,
6.39,,,,,,112.0,,,,
6.41,,,,,,113.0,,,,
6.42,,,,,,114.0,,,,
6.45,,,,,,115.0,,,,
6.46,,,,,,116.0,,,,
6.5,,,,,,118.0,,,,
6.52,,,,,,119.0,,,,
6.53,,,,,,120.0,,,,
6.55,,,,,,121.0,,,,
6.56,,,,,,122.0,,,,
6.59,,,,,,123.0,,,,
6.61,,,,,,124.0,,,,
6.62,,,,,,125.0,,,,
6.64,,,,,,126.0,,,,
6.65,,,,,,127.0,,,,
6.67,,,,,,128.0,,,,
6.69,,,,,,129.0,,,,
6.71,,,,,,130.0,,,,
6.72,,,,,,131.0,,,,
6.74,,,,,,132.0,,,,
6.75,,,,,,133.0,,,,
6.76,,,,,,134.0,,,,
6.77,,,,,,135.0,,,,
6.79,,,,,,136.0,,,,
6.8,,,,,,137.0,,,,
6.81,,,,,,138.0,,,,
6.84,,,,,,139.0,,,,
6.85,,,,,,140.0,,,,
6.87,,,,,,141.0,,,,
6.89,,,,,,142.0,,,,
6.9,,,,,,143.0,,,,
6.92,,,,,,144.0,,,,
6.93,,,,,,145.0,,,,
6.96,,,,,,146.0,,,,
7.0,,,,,,147.0,,,,
7.01,,,,,,148.0,,,,
7.03,,,,,,149.0,,,,
7.05,,,,,,150.0,,,,
7.07,,,,,,151.0,,,,
7.1,,,,,,152.0,,,,
7.12,,,,,,153.0,,,,
7.13,,,,,,154.0,,,,
7.14,,,,,,155.0,,,,
7.16,,,,,,156.0,,,,
7.2,,,,,,157.0,,,,
7.22,,,,,,158.0,,,,
7.23,,,,,,159.0,,,,
7.25,,,,,,160.0,,,,
7.26,,,,,,161.0,,,,
7.28,,,,,,162.0,,,,
7.29,,,,,,163.0,,,,
7.31,,,,,,164.0,,,,
7.35,,,,,,165.0,,,,
7.36,,,,,,166.0,,,,
7.39,,,,,,167.0,,,,
7.41,,,,,,168.0,,,,
7.43,,,,,,169.0,,,,
7.46,,,,,,170.0,,,,
7.47,,,,,,171.0,,,,
7.5,,,,,,172.0,,,,
7.52,,,,,,173.0,,,,
7.53,,,,,,174.0,,,,
7.55,,,,,,175.0,,,,
7.57,,,,,,176.0,,,,
7.59,,,,,,177.0,,,,
7.61,,,,,,178.0,,,,
7.63,,,,,,179.0,,,,
7.64,,,,,,180.0,,,,
7.65,,,,,,181.0,,,,
7.67,,,,,,182.0,,,,
7.69,,,,,,183.0,,,,
7.7,,,,,,184.0,,,,
7.72,,,,,,185.0,,,,
7.73,,,,,,186.0,,,,
7.75,,,,,,187.0,,,,
7.76,,,,,,188.0,,,,
7.77,,,,,,189.0,,,,
7.79,,,,,,190.0,,,,
7.82,,,,,,191.0,,,,
7.84,,,,,,192.0,,,,
7.86,,,,,,193.0,,,,
7.88,,,,,,194.0,,,,
7.9,,,,,,195.0,,,,
7.92,,,,,,196.0,,,,
7.94,,,,,,197.0,,,,
7.96,,,,,,198.0,,,,
7.98,,,,,,199.0,,,,
7.99,,,,,,200.0,,,,
8.0,,,,,,201.0,,,,
8.01,,,,,,202.0,,,,
8.03,,,,,,203.0,,,,
8.04,,,,,,204.0,,,,
8.06,,,,,,205.0,,,,
8.1,,,,,,206.0,,,,
8.11,,,,,,207.0,,,,
8.13,,,,,,208.0,,,,
8.16,,,,,,209.0,,,,
8.19,,,,,,210.0,,,,
8.2,,,,,,211.0,,,,
8.23,,,,,,212.0,,,,
8.24,,,,,,213.0,,,,
8.25,,,,,,214.0,,,,
8.27,,,,,,215.0,,,,
8.29,,,,,,216.0,,,,
8.3,,,,,,217.0,,,,
8.34,,,1.0,,,,,,,
8.36,,,2.0,,,,,,,
8.37,,,3.0,,,,,,,
8.39,,,4.0,,,,,,,
8.4,,,5.0,,,,,,,
8.41,,,6.0,,,,,,,
8.43,,,7.0,,,,,,,
8.45,,,8.0,,,,,,,
8.47,,,9.0,,,,,,,
8.49,,,10.0,,,,,,,
8.5,,,12.0,,,,,,,
8.52,,,13.0,,,,,,,
8.53,,,14.0,,,,,,,
8.54,,,15.0,,,,,,,
8.55,,,16.0,,,,,,,
8.56,,,17.0,,,,,,,
8.59,,,18.0,,,,,,,
8.6,,,19.0,,,,,,,
8.61,,,20.0,,,,,,,
8.63,,,21.0,,,,,,,
8.65,,,22.0,,,,,,,
8.67,,,23.0,,,,,,,
8.68,,,24.0,,,,,,,
8.69,,,25.0,,,,,,,
8.71,,,26.0,,,,,,,
8.73,,,27.0,,,,,,,
8.74,,,28.0,,,,,,,
8.75,,,29.0,,,,,,,
8.76,,,30.0,,,,,,,
8.78,,,31.0,,,,,,,
8.79,,,32.0,,,,,,,
8.8,,,33.0,,,,,,,
8.84,,,34.0,,,,,,,
8.85,,,35.0,,,,,,,
8.86,,,36.0,,,,,,,
8.88,,,37.0,,,,,,,
8.89,,,38.0,,,,,,,
8.9,,,39.0,,,,,,,
8.92,,,40.0,,,,,,,
8.95,,,41.0,,,,,,,
8.96,,,42.0,,,,,,,
8.97,,,43.0,,,,,,,
9.0,,,45.0,,,,,,,
9.01,,,46.0,,,,,,,
9.02,,,47.0,,,,,,,
9.04,,,48.0,,,,,,,
9.05,,,49.0,,,,,,,
9.06,,,50.0,,,,,,,
9.07,,,51.0,,,,,,,
9.1,,,52.0,,,,,,,
9.11,,,53.0,,,,,,,
9.12,,,54.0,,,,,,,
9.13,,,55.0,,,,,,,
9.15,,,56.0,,,,,,,
9.16,,,57.0,,,,,,,
9.17,,,58.0,,,,,,,
9.18,,,59.0,,,,,,,
9.21,,,60.0,,,,,,,
9.23,,,61.0,,,,,,,
9.25,,,62.0,,,,,,,
9.26,,,63.0,,,,,,,
9.27,,,64.0,,,,,,,
9.28,,,65.0,,,,,,,
9.3,,,66.0,,,,,,,
9.32,,,67.0,,,,,,,
9.34,,,68.0,,,,,,,
9.35,,,69.0,,,,,,,
9.36,,,70.0,,,,,,,
9.37,,,71.0,,,,,,,
9.39,,,72.0,,,,,,,
9.4,,,73.0,,,,,,,
9.41,,,74.0,,,,,,,
9.42,,,75.0,,,,,,,
9.44,,,76.0,,,,,,,
9.45,,,77.0,,,,,,,
9.46,,,78.0,,,,,,,
9.47,,,79.0,,,,,,,
9.48,,,80.0,,,,,,,
9.49,,,81.0,,,,,,,
9.5,,,83.0,,,,,,,
9.51,,,84.0,,,,,,,
9.52,,,85.0,,,,,,,
9.53,,,86.0,,,,,,,
9.54,,,87.0,,,,,,,
9.55,,,88.0,,,,,,,
9.57,,,89.0,,,,,,,
9.59,,,90.0,,,,,,,
9.61,,,91.0,,,,,,,
9.63,,,92.0,,,,,,,
9.64,,,93.0,,,,,,,
9.66,,,94.0,,,,,,,
9.67,,,95.0,,,,,,,
9.68,,,96.0,,,,,,,
9.69,,,97.0,,,,,,,
9.7,,,98.0,,,,,,,
9.72,,,99.0,,,,,,,
9.73,,,100.0,,,,,,,
9.74,,,101.0,,,,,,,
9.76,,,102.0,,,,,,,
9.78,,,103.0,,,,,,,
9.79,,,104.0,,,,,,,
9.8,,,105.0,,,,,,,
9.81,,,106.0,,,,,,,
9.85,,,107.0,,,,,,,
9.86,,,108.0,,,,,,,
9.87,,,109.0,,,,,,,
9.88,,,110.0,,,,,,,
9.89,,,111.0,,,,,,,
9.9,,,112.0,,,,,,,
9.92,,,113.0,,,,,,,
9.93,,,114.0,,,,,,,
9.94,,,115.0,,,,,,,
9.95,,,116.0,,,,,,,
9.96,,,117.0,,,,,,,
9.98,,,118.0,,,,,,,
10.0,,,119.0,,,,,,,
10.01,,,120.0,,,,,,,
10.02,,,121.0,,,,,,,
10.03,,,122.0,,,,,,,
10.04,,,123.0,,,,,,,
10.05,,,124.0,,,,,,,
10.06,,,125.0,,,,,,,
10.07,,,126.0,,,,,,,
10.1,,,127.0,,,,,,,
10.13,,,128.0,,,,,,,
10.14,,,129.0,,,,,,,
10.15,,,130.0,,,,,,,
10.17,,,131.0,,,,,,,
10.18,,,132.0,,,,,,,
10.2,,,133.0,,,,,,,
10.21,,,134.0,,,,,,,
10.22,,,135.0,,,,,,,
10.23,,,136.0,,,,,,,
10.24,,,137.0,,,,,,,
10.25,,,139.0,,,,,,,
10.27,,,140.0,,,,,,,
10.3,,,141.0,,,,,,,
10.31,,,142.0,,,,,,,
10.34,,,143.0,,,,,,,
10.35,,,144.0,,,,,,,
10.36,,,145.0,,,,,,,
10.37,,,146.0,,,,,,,
10.38,,,147.0,,,,,,,
10.4,,,148.0,,,,,,,
10.41,,,149.0,,,,,,,
10.43,,,150.0,,,,,,,
10.44,,,151.0,,,,,,,
10.45,,,152.0,,,,,,,
10.46,,,153.0,,,,,,,
10.48,,,154.0,,,,,,,
10.5,,,155.0,,,,,,,
10.52,,,156.0,,,,,,,
10.53,,,157.0,,,,,,,
10.56,,,158.0,,,,,,,
10.59,,,159.0,,,,,,,
10.6,,,160.0,,,,,,,
10.62,,,161.0,,,,,,,
10.63,,,162.0,,,,,,,
10.64,,,163.0,,,,,,,
10.65,,,164.0,,,,,,,
10.66,,,165.0,,,,,,,
10.68,,,166.0,,,,,,,
10.69,,,167.0,,,,,,,
10.71,,,168.0,,,,,,,
10.73,,,169.0,,,,,,,
10.75,,,170.0,,,,,,,
10.76,,,171.0,,,,,,,
10.77,,,172.0,,,,,,,
10.78,,,173.0,,,,,,,
10.8,,,174.0,,,,,,,
10.81,,,175.0,,,,,,,
10.85,,,176.0,,,,,,,
10.86,,,177.0,,,,,,,
10.88,,,178.0,,,,,,,
10.91,,,179.0,,,,,,,
10.92,,,180.0,,,,,,,
10.94,,,181.0,,,,,,,
10.96,,,182.0,,,,,,,
11.0,,,183.0,,,,,,,
11.01,,,184.0,,,,,,,
11.03,,,185.0,,,,,,,
11.04,,,186.0,,,,,,,
11.06,,,187.0,,,,,,,
11.09,,,188.0,,,,,,,
11.1,,,189.0,,,,,,,
11.11,,,190.0,,,,,,,
11.12,,,191.0,,,,,,,
11.14,,,192.0,,,,,,,
11.15,,,193.0,,,,,,,
11.17,,,194.0,,,,,,,
11.18,,,195.0,,,,,,,
11.19,,,196.0,,,,,,,
11.22,,,197.0,,,,,,,
11.25,,,199.0,,,,,,,
11.26,,,200.0,,,,,,,
11.27,,,201.0,,,,,,,
11.28,,,202.0,,,,,,,
11.29,,,203.0,,,,,,,
11.31,,,204.0,,,,,,,
11.34,,,205.0,,,,,,,
11.35,,,206.0,,,,,,,
11.36,,,207.0,,,,,,,
11.37,,,208.0,,,,,,,
11.38,,,209.0,,,,,,,
11.39,,,210.0,,,,,,,
11.42,,,211.0,,,,,,,
11.44,,,212.0,,,,,,,
11.46,,,213.0,,,,,,,
11.47,,,214.0,,,,,,,
11.49,,,215.0,,,,,,,
11.5,,,216.0,,,,,,,
11.51,,,217.0,,,,,,,
11.54,,,,,,,,,,1.0
11.57,,,,,,,,,,2.0
11.76,,,,,,,,,,3.0
11.89,,,,,,,,,,4.0
12.06,,,,,,,,,,5.0
12.1,,,,,,,,,,6.0
12.12,,,,,,,,,,7.0
12.19,,,,,,,,,,8.0
12.2,,,,,,,,,,9.0
12.23,,,,,,,,,,10.0
12.29,,,,,,,,,,11.0
12.36,,,,,,,,,,12.0
12.38,,,,,,,,,,13.0
12.41,,,,,,,,,,14.0
12.46,,,,,,,,,,15.0
12.48,,,,,,,,,,16.0
12.5,,,,,,,,,,17.0
12.54,,,,,,,,,,18.0
12.56,,,,,,,,,,19.0
12.6,,,,,,,,,,20.0
12.64,,,,,,,,,,21.0
12.65,,,,,,,,,,22.0
12.68,,,,,,,,,,23.0
12.71,,,,,,,,,,24.0
12.73,,,,,,,,,,25.0
12.74,,,,,,,,,,26.0
12.75,,,,,,,,,,27.0
12.76,,,,,,,,,,28.0
12.79,,,,,,,,,,29.0
12.82,,,,,,,,,,30.0
12.86,,,,,,,,,,31.0
12.89,,,,,,,,,,32.0
12.94,,,,,,,,,,33.0
13.0,,,,,,,,,,34.0
13.03,,,,,,,,,,35.0
13.04,,,,,,,,,,36.0
13.06,,,,,,,,,,37.0
13.07,,,,,,,,,,38.0
13.1,,,,,,,,,,39.0
13.11,,,,,,,,,,40.0
13.14,,,,,,,,,,41.0
13.17,,,,,,,,,,42.0
13.19,,,,,,,,,,43.0
13.21,,,,,,,,,,44.0
13.23,,,,,,,,,,45.0
13.25,,,,,,,,,,46.0
13.29,,,,,,,,,,47.0
13.32,,,,,,,,,,48.0
13.35,,,,,,,,,,49.0
13.36,,,,,,,,,,50.0
13.41,,,,,,,,,,51.0
13.44,,,,,,,,,,52.0
13.45,,,,,,,,,,53.0
13.47,,,,,,,,,,54.0
13.5,,,,,,,,,,56.0
13.52,,,,,,,,,,57.0
13.54,,,,,,,,,,58.0
13.56,,,,,,,,,,59.0
13.57,,,,,,,,,,60.0
13.6,,,,,,,,,,61.0
13.61,,,,,,,,,,62.0
13.63,,,,,,,,,,63.0
13.65,,,,,,,,,,64.0
13.67,,,,,,,,,,65.0
13.69,,,,,,,,,,66.0
13.7,,,,,,,,,,67.0
13.72,,,,,,,,,,68.0
13.73,,,,,,,,,,69.0
13.75,,,,,,,,,,71.0
13.77,,,,,,,,,,72.0
13.78,,,,,,,,,,73.0
13.8,,,,,,,,,,74.0
13.82,,,,,,,,,,75.0
13.84,,,,,,,,,,76.0
13.86,,,,,,,,,,77.0
13.87,,,,,,,,,,78.0
13.88,,,,,,,,,,79.0
13.9,,,,,,,,,,80.0
13.91,,,,,,,,,,81.0
13.93,,,,,,,,,,82.0
13.94,,,,,,,,,,83.0
13.95,,,,,,,,,,84.0
13.97,,,,,,,,,,85.0
13.99,,,,,,,,,,86.0
14.0,,,,,,,,,,87.0
14.01,,,,,,,,,,88.0
14.03,,,,,,,,,,89.0
14.04,,,,,,,,,,90.0
14.05,,,,,,,,,,91.0
14.07,,,,,,,,,,92.0
14.09,,,,,,,,,,93.0
14.11,,,,,,,,,,94.0
14.12,,,,,,,,,,95.0
14.13,,,,,,,,,,96.0
14.15,,,,,,,,,,97.0
14.16,,,,,,,,,,98.0
14.18,,,,,,,,,,99.0
14.22,,,,,,,,,,100.0
14.31,,,,,,,,,,101.0
14.34,,,,,,,,,,102.0
14.35,,,,,,,,,,103.0
14.37,,,,,,,,,,104.0
14.38,,,,,,,,,,105.0
14.4,,,,,,,,,,106.0
14.41,,,,,,,,,,107.0
14.43,,,,,,,,,,108.0
14.44,,,,,,,,,,109.0
14.45,,,,,,,,,,110.0
14.47,,,,,,,,,,111.0
14.48,,,,,,,,,,112.0
14.5,,,,,,,,,,114.0
14.51,,,,,,,,,,115.0
14.53,,,,,,,,,,116.0
14.54,,,,,,,,,,117.0
14.56,,,,,,,,,,118.0
14.57,,,,,,,,,,119.0
14.6,,,,,,,,,,120.0
14.61,,,,,,,,,,121.0
14.63,,,,,,,,,,122.0
14.65,,,,,,,,,,123.0
14.66,,,,,,,,,,124.0
14.68,,,,,,,,,,125.0
14.7,,,,,,,,,,126.0
14.72,,,,,,,,,,127.0
14.75,,,,,,,,,,128.0
14.77,,,,,,,,,,129.0
14.78,,,,,,,,,,130.0
14.8,,,,,,,,,,131.0
14.81,,,,,,,,,,132.0
14.84,,,,,,,,,,133.0
14.85,,,,,,,,,,134.0
14.87,,,,,,,,,,135.0
14.88,,,,,,,,,,136.0
14.9,,,,,,,,,,137.0
14.92,,,,,,,,,,138.0
14.94,,,,,,,,,,139.0
14.95,,,,,,,,,,140.0
14.97,,,,,,,,,,141.0
14.98,,,,,,,,,,142.0
14.99,,,,,,,,,,143.0
15.0,,,,,,,,,,144.0
15.01,,,,,,,,,,145.0
15.03,,,,,,,,,,146.0
15.04,,,,,,,,,,147.0
15.05,,,,,,,,,,148.0
15.06,,,,,,,,,,149.0
15.09,,,,,,,,,,150.0
15.1,,,,,,,,,,151.0
15.12,,,,,,,,,,152.0
15.14,,,,,,,,,,153.0
15.15,,,,,,,,,,154.0
15.17,,,,,,,,,,155.0
15.2,,,,,,,,,,156.0
15.22,,,,,,,,,,157.0
15.25,,,,,,,,,,158.0
15.32,,,,,,,,,,159.0
15.34,,,,,,,,,,160.0
15.37,,,,,,,,,,161.0
15.39,,,,,,,,,,162.0
15.41,,,,,,,,,,163.0
15.43,,,,,,,,,,164.0
15.46,,,,,,,,,,165.0
15.47,,,,,,,,,,166.0
15.49,,,,,,,,,,167.0
15.5,,,,,,,,,,168.0
15.53,,,,,,,,,,169.0
15.54,,,,,,,,,,170.0
15.56,,,,,,,,,,171.0
15.57,,,,,,,,,,172.0
15.59,,,,,,,,,,173.0
15.61,,,,,,,,,,174.0
15.62,,,,,,,,,,175.0
15.64,,,,,,,,,,176.0
15.65,,,,,,,,,,177.0
15.67,,,,,,,,,,178.0
15.68,,,,,,,,,,179.0
15.7,,,,,,,,,,180.0
15.71,,,,,,,,,,181.0
15.72,,,,,,,,,,182.0
15.74,,,,,,,,,,183.0
15.75,,,,,,,,,,184.0
15.76,,,,,,,,,,185.0
15.77,,,,,,,,,,186.0
15.79,,,,,,,,,,187.0
15.8,,,,,,,,,,188.0
15.82,,,,,,,,,,189.0
15.84,,,,,,,,,,190.0
15.86,,,,,,,,,,191.0
15.88,,,,,,,,,,192.0
15.89,,,,,,,,,,193.0
15.91,,,,,,,,,,194.0
15.92,,,,,,,,,,195.0
15.94,,,,,,,,,,196.0
15.95,,,,,,,,,,197.0
15.97,,,,,,,,,,198.0
15.99,,,,,,,,,,199.0
16.0,,,,,,,,,,201.0
16.02,,,,,,,,,,202.0
16.03,,,,,,,,,,203.0
16.06,,,,,,,,,,204.0
16.07,,,,,,,,,,205.0
16.1,,,,,,,,,,206.0
16.11,,,,,,,,,,207.0
16.13,,,,,,,,,,208.0
16.14,,,,,,,,,,209.0
16.16,,,,,,,,,,210.0
16.17,,,,,,,,,,211.0
16.2,,,,,,,,,,212.0
16.21,,,,,,,,,,213.0
16.23,,,,,,,,,,214.0
16.24,,,,,,,,,,215.0
16.25,,,,,,,,,,216.0
16.27,,,,,,,,,,217.0
16.28,,,152.0,,,27.0,,,,
16.29,,27.0,23.0,,30.0,,,,,16.0
16.3,,28.0,,,,,,,,
16.36,,29.0,,,,,,,,
16.37,,30.0,,,,,,,,
16.4,,31.0,,,,,,,,
16.42,,32.0,,,,,,,,
16.43,,33.0,,,,,,,,
16.45,,34.0,,,,,,,,
16.47,,35.0,,,,,,,,
16.5,,37.0,,,,,,,,
16.52,,38.0,,,,,,,,
16.53,,39.0,,,,,,,,
16.55,,40.0,,,,,,,,
16.57,,41.0,,,,,,,,
16.59,,42.0,,,,,,,,
16.6,,43.0,,,,,,,,
16.61,,44.0,,,,,,,,
16.62,,45.0,,,,,,,,
16.64,,46.0,,,,,,,,
16.66,,47.0,,,,,,,,
16.67,,48.0,,,,,,,,
16.68,,49.0,,,,,,,,
16.69,,50.0,,,,,,,,
16.7,,51.0,,,,,,,,
16.73,,52.0,,,,,,,,
16.75,,53.0,,,,,,,,
16.77,,54.0,,,,,,,,
16.79,,55.0,,,,,,,,
16.8,,56.0,,,,,,,,
16.81,,57.0,,,,,,,,
16.84,,58.0,,,,,,,,
16.85,,59.0,,,,,,,,
16.87,,60.0,,,,,,,,
16.89,,61.0,,,,,,,,
16.91,,62.0,,,,,,,,
16.92,,63.0,,,,,,,,
16.94,,64.0,,,,,,,,
16.95,,65.0,,,,,,,,
16.97,,66.0,,,,,,,,
16.99,,67.0,,,,,,,,
17.0,,69.0,,,,,,,,
17.02,,70.0,,,,,,,,
17.03,,71.0,,,,,,,,
17.04,,72.0,,,,,,,,
17.05,,73.0,,,,,,,,
17.07,,74.0,,,,,,,,
17.09,,75.0,,,,,,,,
17.12,,76.0,,,,,,,,
17.15,,77.0,,,,,,,,
17.18,,78.0,,,,,,,,
17.19,,79.0,,,,,,,,
17.21,,80.0,,,,,,,,
17.23,,81.0,,,,,,,,
17.25,,82.0,,,,,,,,
17.26,,83.0,,,,,,,,
17.27,,84.0,,,,,,,,
17.28,,85.0,,,,,,,,
17.3,,86.0,,,,,,,,
17.32,,87.0,,,,,,,,
17.34,,88.0,,,,,,,,
17.36,,89.0,,,,,,,,
17.4,,90.0,,,,,,,,
17.42,,91.0,,,,,,,,
17.44,,92.0,,,,,,,,
17.46,,93.0,,,,,,,,
17.48,,94.0,,,,,,,,
17.5,,96.0,,,,,,,,
17.51,,97.0,,,,,,,,
17.53,,98.0,,,,,,,,
17.54,,99.0,,,,,,,,
17.56,,100.0,,,,,,,,
17.57,,101.0,,,,,,,,
17.59,,102.0,,,,,,,,
17.61,,103.0,,,,,,,,
17.62,,104.0,,,,,,,,
17.63,,105.0,,,,,,,,
17.65,,106.0,,,,,,,,
17.66,,107.0,,,,,,,,
17.67,,108.0,,,,,,,,
17.68,,109.0,,,,,,,,
17.7,,110.0,,,,,,,,
17.71,,111.0,,,,,,,,
17.72,,112.0,,,,,,,,
17.74,,113.0,,,,,,,,
17.76,,114.0,,,,,,,,
17.77,,115.0,,,,,,,,
17.8,,116.0,,,,,,,,
17.81,,117.0,,,,,,,,
17.84,,118.0,,,,,,,,
17.87,,119.0,,,,,,,,
17.89,,120.0,,,,,,,,
17.91,,121.0,,,,,,,,
17.92,,122.0,,,,,,,,
17.93,,123.0,,,,,,,,
17.96,,124.0,,,,,,,,
17.97,,125.0,,,,,,,,
17.98,,126.0,,,,,,,,
18.0,,128.0,,,,,,,,
18.04,,129.0,,,,,,,,
18.06,,130.0,,,,,,,,
18.07,,131.0,,,,,,,,
18.09,,132.0,,,,,,,,
18.1,,133.0,,,,,,,,
18.11,,134.0,,,,,,,,
18.12,,135.0,,,,,,,,
18.13,,136.0,,,,,,,,
18.15,,137.0,,,,,,,,
18.21,,138.0,,,,,,,,
18.23,,139.0,,,,,,,,
18.24,,140.0,,,,,,,,
18.25,,141.0,,,,,,,,
18.26,,142.0,,,,,,,,
18.29,,143.0,,,,,,,,
18.31,,144.0,,,,,,,,
18.35,,145.0,,,,,,,,
18.37,,146.0,,,,,,,,
18.4,,147.0,,,,,,,,
18.42,,148.0,,,,,,,,
18.43,,149.0,,,,,,,,
18.44,,150.0,,,,,,,,
18.47,,151.0,,,,,,,,
18.48,,152.0,,,,,,,,
18.5,,153.0,,,,,,,,
18.52,,154.0,,,,,,,,
18.53,,155.0,,,,,,,,
18.54,,156.0,,,,,,,,
18.56,,157.0,,,,,,,,
18.61,,158.0,,,,,,,,
18.63,,159.0,,,,,,,,
18.64,,160.0,,,,,,,,
18.65,,161.0,,,,,,,,
18.67,,162.0,,,,,,,,
18.69,,163.0,,,,,,,,
18.7,,164.0,,,,,,,,
18.73,,165.0,,,,,,,,
18.75,,166.0,,,,,,,,
18.77,,167.0,,,,,,,,
18.81,,168.0,,,,,,,,
18.84,,169.0,,,,,,,,
18.86,,170.0,,,,,,,,
18.91,,171.0,,,,,,,,
18.94,,172.0,,,,,,,,
18.95,,173.0,,,,,,,,
18.96,,174.0,,,,,,,,
18.97,,175.0,,,,,,,,
18.98,,176.0,,,,,,,,
19.02,,177.0,,,,,,,,
19.05,,178.0,,,,,,,,
19.06,,179.0,,,,,,,,
19.07,,180.0,,,,,,,,
19.1,,181.0,,,,,,,,
19.11,,182.0,,,,,,,,
19.13,,183.0,,,,,,,,
19.15,,184.0,,,,,,,,
19.17,,185.0,,,,,,,,
19.19,,186.0,,,,,,,,
19.21,,187.0,,,,,,,,
19.23,,188.0,,,,,,,,
19.24,,189.0,,,,,,,,
19.25,,190.0,,,,,,,,
19.26,,191.0,,,,,,,,
19.27,,192.0,,,,,,,,
19.29,,193.0,,,,,,,,
19.3,,194.0,,,,,,,,
19.32,,195.0,,,,,,,,
19.34,,196.0,,,,,,,,
19.35,,197.0,,,,,,,,
19.38,,198.0,,,,,,,,
19.4,,199.0,,,,,,,,
19.41,,200.0,,,,,,,,
19.43,,201.0,,,,,,,,
19.44,,202.0,,,,,,,,
19.48,,203.0,,,,,,,,
19.49,,204.0,,,,,,,,
19.5,,205.0,,,,,,,,
19.53,,206.0,,,,,,,,
19.54,,207.0,,,,,,,,
19.55,,208.0,,,,,,,,
19.57,,209.0,,,,,,,,
19.61,,210.0,,,,,,,,
19.62,,211.0,,,,,,,,
19.64,,212.0,,,,,,,,
19.67,,213.0,,,,,,,,
19.68,,214.0,,,,,,,,
19.69,,215.0,,,,,,,,
19.71,,216.0,,,,,,,,
19.72,,217.0,,,,,,,,
19.73,,218.0,,,,,,,,
19.75,,219.0,,,,,,,,
19.76,,220.0,,,,,,,,
19.77,,221.0,,,,,,,,
19.78,,222.0,,,,,,,,
19.8,,223.0,,,,,,,,
19.85,,224.0,,,,,,,,
19.86,,225.0,,,,,,,,
19.87,,226.0,,,,,,,,
19.88,,227.0,,,,,,,,
19.89,,228.0,,,,,,,,
19.91,,229.0,,,,,,,,
19.92,,230.0,,,,,,,,
19.94,,231.0,,,,,,,,
19.95,,232.0,,,,,,,,
19.96,,233.0,,,,,,,,
19.98,,234.0,,,,,,,,
20.0,,236.0,,,,,,,,
20.01,,237.0,,,,,,,,
20.03,,238.0,,,,,,,,
20.04,,239.0,,,,,,,,
20.05,,240.0,,,,,,,,
20.07,,241.0,,,,,,,,
20.09,,242.0,,,,,,,,
20.11,,243.0,,,,,,,,
20.12,,244.0,,,,,,,,
20.14,,,,,31.0,,,,,
20.18,,,,,32.0,,,,,
20.2,,,,,33.0,,,,,
20.22,,,,,34.0,,,,,
20.24,,,,,35.0,,,,,
20.29,,,,,36.0,,,,,
20.32,,,,,37.0,,,,,
20.36,,,,,38.0,,,,,
20.4,,,,,39.0,,,,,
20.42,,,,,40.0,,,,,
20.47,,,,,41.0,,,,,
20.52,,,,,42.0,,,,,
20.54,,,,,43.0,,,,,
20.56,,,,,44.0,,,,,
20.57,,,,,45.0,,,,,
20.6,,,,,46.0,,,,,
20.62,,,,,47.0,,,,,
20.64,,,,,48.0,,,,,
20.66,,,,,49.0,,,,,
20.69,,,,,50.0,,,,,
20.7,,,,,51.0,,,,,
20.72,,,,,52.0,,,,,
20.74,,,,,53.0,,,,,
20.75,,,,,54.0,,,,,
20.76,,,,,55.0,,,,,
20.77,,,,,56.0,,,,,
20.8,,,,,57.0,,,,,
20.81,,,,,58.0,,,,,
20.84,,,,,59.0,,,,,
20.85,,,,,60.0,,,,,
20.87,,,,,61.0,,,,,
20.89,,,,,62.0,,,,,
20.92,,,,,63.0,,,,,
20.94,,,,,64.0,,,,,
20.95,,,,,65.0,,,,,
20.97,,,,,66.0,,,,,
20.99,,,,,67.0,,,,,
21.0,,,,,68.0,,,,,
21.02,,,,,69.0,,,,,
21.04,,,,,70.0,,,,,
21.05,,,,,71.0,,,,,
21.07,,,,,72.0,,,,,
21.11,,,,,73.0,,,,,
21.12,,,,,74.0,,,,,
21.13,,,,,75.0,,,,,
21.15,,,,,76.0,,,,,
21.18,,,,,77.0,,,,,
21.23,,,,,78.0,,,,,
21.24,,,,,79.0,,,,,
21.27,,,,,80.0,,,,,
21.29,,,,,81.0,,,,,
21.32,,,,,82.0,,,,,
21.35,,,,,83.0,,,,,
21.45,,,,,84.0,,,,,
21.47,,,,,85.0,,,,,
21.5,,,,,86.0,,,,,
21.52,,,,,87.0,,,,,
21.53,,,,,88.0,,,,,
21.66,,,,,89.0,,,,,
21.7,,,,,90.0,,,,,
21.73,,,,,91.0,,,,,
21.75,,,,,92.0,,,,,
21.77,,,,,93.0,,,,,
21.79,,,,,94.0,,,,,
21.81,,,,,95.0,,,,,
21.85,,,,,96.0,,,,,
21.99,,,,,97.0,,,,,
22.04,,,,,98.0,,,,,
22.06,,,,,99.0,,,,,
22.07,,,,,100.0,,,,,
22.11,,,,,101.0,,,,,
22.12,,,,,102.0,,,,,
22.15,,,,,103.0,,,,,
22.16,,,,,104.0,,,,,
22.18,,,,,105.0,,,,,
22.19,,,,,106.0,,,,,
22.22,,,,,107.0,,,,,
22.25,,,,,108.0,,,,,
22.35,,,,,109.0,,,,,
22.37,,,,,110.0,,,,,
22.47,,,,,111.0,,,,,
22.49,,,,,112.0,,,,,
22.5,,,,,113.0,,,,,
22.51,,,,,114.0,,,,,
22.53,,,,,115.0,,,,,
22.55,,,,,116.0,,,,,
22.57,,,,,117.0,,,,,
22.63,,,,,118.0,,,,,
22.64,,,,,119.0,,,,,
22.66,,,,,120.0,,,,,
22.69,,,,,121.0,,,,,
22.71,,,,,122.0,,,,,
22.73,,,,,123.0,,,,,
22.75,,,,,125.0,,,,,
22.76,,,,,126.0,,,,,
22.78,,,,,127.0,,,,,
22.79,,,,,128.0,,,,,
22.81,,,,,129.0,,,,,
22.82,,,,,130.0,,,,,
22.86,,,,,131.0,,,,,
22.87,,,,,132.0,,,,,
22.89,,,,,133.0,,,,,
22.91,,,,,134.0,,,,,
22.93,,,,,135.0,,,,,
22.95,,,,,136.0,,,,,
22.98,,,,,137.0,,,,,
22.99,,,,,138.0,,,,,
23.0,,,,,139.0,,,,,
23.02,,,,,140.0,,,,,
23.04,,,,,141.0,,,,,
23.05,,,,,142.0,,,,,
23.09,,,,,143.0,,,,,
23.11,,,,,144.0,,,,,
23.13,,,,,145.0,,,,,
23.15,,,,,146.0,,,,,
23.16,,,,,147.0,,,,,
23.18,,,,,148.0,,,,,
23.19,,,,,149.0,,,,,
23.21,,,,,150.0,,,,,
23.22,,,,,151.0,,,,,
23.24,,,,,152.0,,,,,
23.25,,,,,153.0,,,,,
23.27,,,,,154.0,,,,,
23.28,,,,,155.0,,,,,
23.29,,,,,156.0,,,,,
23.31,,,,,157.0,,,,,
23.32,,,,,158.0,,,,,
23.34,,,,,159.0,,,,,
23.36,,,,,160.0,,,,,
23.37,,,,,161.0,,,,,
23.39,,,,,162.0,,,,,
23.4,,,,,163.0,,,,,
23.42,,,,,164.0,,,,,
23.43,,,,,165.0,,,,,
23.45,,,,,166.0,,,,,
23.46,,,,,167.0,,,,,
23.47,,,,,168.0,,,,,
23.49,,,,,169.0,,,,,
23.5,,,,,170.0,,,,,
23.51,,,,,171.0,,,,,
23.52,,,,,172.0,,,,,
23.53,,,,,173.0,,,,,
23.55,,,,,174.0,,,,,
23.56,,,,,175.0,,,,,
23.59,,,,,176.0,,,,,
23.6,,,,,177.0,,,,,
23.62,,,,,178.0,,,,,
23.63,,,,,179.0,,,,,
23.64,,,,,180.0,,,,,
23.7,,,,,181.0,,,,,
23.72,,,,,182.0,,,,,
23.73,,,,,183.0,,,,,
23.75,,,,,185.0,,,,,
23.77,,,,,186.0,,,,,
23.78,,,,,187.0,,,,,
23.8,,,,,188.0,,,,,
23.81,,,,,189.0,,,,,
23.82,,,,,190.0,,,,,
23.85,,,,,191.0,,,,,
23.86,,,,,192.0,,,,,
23.87,,,,,193.0,,,,,
23.89,,,,,194.0,,,,,
23.9,,,,,195.0,,,,,
23.92,,,,,196.0,,,,,
23.93,,,,,197.0,,,,,
23.95,,,,,198.0,,,,,
23.97,,,,,199.0,,,,,
23.98,,,,,200.0,,,,,
24.0,,,,,202.0,,,,,
24.02,,,,,203.0,,,,,
24.03,,,,,204.0,,,,,
24.04,,,,,205.0,,,,,
24.06,,,,,206.0,,,,,
24.1,,,,,207.0,,,,,
24.11,,,,,208.0,,,,,
24.2,,,,,209.0,,,,,
24.22,,,,,210.0,,,,,
24.25,,,,,211.0,,,,,
24.27,,,,,212.0,,,,,
24.39,,,,,213.0,,,,,
24.41,,,,,214.0,,,,,
24.43,,,,,215.0,,,,,
24.46,,,,,216.0,,,,,
24.48,,,,,217.0,,,,,
24.49,,,,,218.0,,,,,
24.5,,,,,219.0,,,,,
24.51,,,,,220.0,,,,,
24.52,,,,,221.0,,,,,
24.54,,,,,222.0,,,,,
24.55,,,,,223.0,,,,,
24.57,,,,,224.0,,,,,
24.59,,,,,225.0,,,,,
24.61,,,,,226.0,,,,,
24.62,,,,,227.0,,,,,
24.64,,,,,228.0,,,,,
24.65,,,,,229.0,,,,,
24.66,,,,,230.0,,,,,
24.7,,,,,231.0,,,,,
24.71,,,,,232.0,,,,,
24.73,,,,,233.0,,,,,
24.74,,,,,234.0,,,,,
24.75,,,,,235.0,,,,,
24.76,,,,,236.0,,,,,
24.78,,,,,237.0,,,,,
24.79,,,,,238.0,,,,,
24.81,,,,,239.0,,,,,
24.82,,,,,240.0,,,,,
24.84,,,,,241.0,,,,,
24.86,,,,,242.0,,,,,
24.87,,,,,243.0,,,,,
24.88,,,,,244.0,,,,,
24.9,,,,,245.0,,,,,
24.92,,,,,246.0,,,,,
24.97,,,,,247.0,,,,,
24.98,,,,,,28.0,,,,
25.02,,,,,,29.0,,,,
25.05,,,,,,30.0,,,,
25.17,,,,,,31.0,,,,
25.23,,,,,,32.0,,,,
25.28,,,,,,33.0,,,,
25.32,,,,,,34.0,,,,
25.41,,,,,,35.0,,,,
25.43,,,,,,36.0,,,,
25.49,,,,,,37.0,,,,
25.51,,,,,,38.0,,,,
25.54,,,,,,39.0,,,,
25.61,,,,,,40.0,,,,
25.63,,,,,,41.0,,,,
25.67,,,,,,42.0,,,,
25.69,,,,,,43.0,,,,
25.75,,,,,,44.0,,,,
25.8,,,,,,45.0,,,,
25.86,,,,,,46.0,,,,
25.99,,,,,,47.0,,,,
26.0,,,,,,48.0,,,,
26.09,,,,,,49.0,,,,
26.16,,,,,,50.0,,,,
26.2,,,,,,51.0,,,,
26.26,,,,,,52.0,,,,
26.29,,,,,,53.0,,,,
26.38,,,,,,54.0,,,,
26.43,,,,,,55.0,,,,
26.51,,,,,,56.0,,,,
26.57,,,,,,57.0,,,,
26.63,,,,,,58.0,,,,
26.65,,,,,,59.0,,,,
26.69,,,,,,60.0,,,,
26.73,,,,,,61.0,,,,
26.81,,,,,,62.0,,,,
26.9,,,,,,63.0,,,,
26.97,,,,,,64.0,,,,
27.02,,,,,,65.0,,,,
27.1,,,,,,66.0,,,,
27.19,,,,,,67.0,,,,
27.25,,,,,,68.0,,,,
27.35,,,,,,69.0,,,,
27.44,,,,,,70.0,,,,
27.46,,,,,,71.0,,,,
27.54,,,,,,72.0,,,,
27.63,,,,,,73.0,,,,
27.73,,,,,,74.0,,,,
27.78,,,,,,75.0,,,,
27.81,,,,,,76.0,,,,
27.86,,,,,,77.0,,,,
27.94,,,,,,78.0,,,,
27.97,,,,,,79.0,,,,
28.0,,,,,,80.0,,,,
28.09,,,,,,81.0,,,,
28.22,,,,,,82.0,,,,
28.37,,,,,,83.0,,,,
28.43,,,,,,84.0,,,,
28.5,,,,,,85.0,,,,
28.59,,,,,,86.0,,,,
28.63,,,,,,87.0,,,,
28.67,,,,,,88.0,,,,
28.84,,,,,,89.0,,,,
28.89,,,,,,90.0,,,,
28.95,,,,,,91.0,,,,
29.03,,,,,,92.0,,,,
29.06,,,,,,93.0,,,,
29.15,,,,,,94.0,,,,
29.17,,,,,,95.0,,,,
29.24,,,,,,96.0,,,,
29.25,,,,,,97.0,,,,
29.28,,,,,,98.0,,,,
29.36,,,,,,99.0,,,,
29.4,,,,,,100.0,,,,
29.46,,,,,,101.0,,,,
29.55,,,,,,102.0,,,,
29.62,,,,,,103.0,,,,
29.67,,,,,,104.0,,,,
29.73,,,,,,105.0,,,,
29.82,,,,,,106.0,,,,
29.88,,,,,,107.0,,,,
29.92,,,,,,108.0,,,,
29.97,,,,,,109.0,,,,
30.02,,,,,,110.0,,,,
30.04,,,,,,111.0,,,,
30.11,,,,,,112.0,,,,
30.15,,,,,,113.0,,,,
30.21,,,,,,114.0,,,,
30.22,,,,,,115.0,,,,
30.23,,,,,,116.0,,,,
30.24,,,,,,117.0,,,,
30.25,,,,,,118.0,,,,
30.27,,,,,,119.0,,,,
30.29,,,,,,120.0,,,,
30.3,,,,,,121.0,,,,
30.31,,,,,,122.0,,,,
30.35,,,,,,123.0,,,,
30.36,,,,,,124.0,,,,
30.37,,,,,,125.0,,,,
30.39,,,,,,126.0,,,,
30.4,,,,,,127.0,,,,
30.41,,,,,,128.0,,,,
30.42,,,,,,129.0,,,,
30.44,,,,,,130.0,,,,
30.45,,,,,,131.0,,,,
30.46,,,,,,132.0,,,,
30.47,,,,,,133.0,,,,
30.49,,,,,,134.0,,,,
30.5,,,,,,136.0,,,,
30.51,,,,,,137.0,,,,
30.52,,,,,,138.0,,,,
30.54,,,,,,139.0,,,,
30.55,,,,,,140.0,,,,
30.56,,,,,,141.0,,,,
30.57,,,,,,142.0,,,,
30.59,,,,,,143.0,,,,
30.6,,,,,,144.0,,,,
30.62,,,,,,145.0,,,,
30.63,,,,,,146.0,,,,
30.64,,,,,,147.0,,,,
30.65,,,,,,148.0,,,,
30.66,,,,,,149.0,,,,
30.68,,,,,,150.0,,,,
30.69,,,,,,151.0,,,,
30.7,,,,,,152.0,,,,
30.71,,,,,,153.0,,,,
30.72,,,,,,154.0,,,,
30.73,,,,,,155.0,,,,
30.75,,,,,,157.0,,,,
30.76,,,,,,158.0,,,,
30.77,,,,,,159.0,,,,
30.78,,,,,,160.0,,,,
30.79,,,,,,161.0,,,,
30.81,,,,,,162.0,,,,
30.82,,,,,,163.0,,,,
30.84,,,,,,164.0,,,,
30.85,,,,,,165.0,,,,
30.86,,,,,,166.0,,,,
30.88,,,,,,167.0,,,,
30.89,,,,,,168.0,,,,
30.91,,,,,,169.0,,,,
30.92,,,,,,170.0,,,,
30.93,,,,,,171.0,,,,
30.94,,,,,,172.0,,,,
30.96,,,,,,173.0,,,,
30.97,,,,,,174.0,,,,
30.98,,,,,,175.0,,,,
30.99,,,,,,176.0,,,,
31.0,,,,,,178.0,,,,
31.01,,,,,,179.0,,,,
31.02,,,,,,180.0,,,,
31.03,,,,,,181.0,,,,
31.05,,,,,,182.0,,,,
31.06,,,,,,183.0,,,,
31.07,,,,,,184.0,,,,
31.12,,,,,,185.0,,,,
31.2,,,,,,186.0,,,,
31.21,,,,,,187.0,,,,
31.22,,,,,,188.0,,,,
31.24,,,,,,189.0,,,,
31.25,,,,,,191.0,,,,
31.26,,,,,,192.0,,,,
31.28,,,,,,193.0,,,,
31.29,,,,,,194.0,,,,
31.3,,,,,,195.0,,,,
31.32,,,,,,196.0,,,,
31.35,,,,,,197.0,,,,
31.36,,,,,,198.0,,,,
31.37,,,,,,199.0,,,,
31.38,,,,,,200.0,,,,
31.39,,,,,,201.0,,,,
31.41,,,,,,202.0,,,,
31.42,,,,,,203.0,,,,
31.46,,,,,,204.0,,,,
31.47,,,,,,205.0,,,,
31.48,,,,,,206.0,,,,
31.5,,,,,,208.0,,,,
31.51,,,,,,209.0,,,,
31.52,,,,,,210.0,,,,
31.53,,,,,,211.0,,,,
31.55,,,,,,212.0,,,,
31.56,,,,,,213.0,,,,
31.6,,,,,,214.0,,,,
31.61,,,,,,215.0,,,,
31.62,,,,,,216.0,,,,
31.64,,,,,,217.0,,,,
31.65,,,,,,218.0,,,,
31.66,,,,,,219.0,,,,
31.68,,,,,,220.0,,,,
31.69,,,,,,221.0,,,,
31.7,,,,,,222.0,,,,
31.72,,,,,,223.0,,,,
31.73,,,,,,224.0,,,,
31.75,,,,,,226.0,,,,
31.77,,,,,,227.0,,,,
31.78,,,,,,228.0,,,,
31.79,,,,,,229.0,,,,
31.81,,,,,,230.0,,,,
31.82,,,,,,231.0,,,,
31.84,,,,,,232.0,,,,
31.85,,,,,,233.0,,,,
31.86,,,,,,234.0,,,,
31.87,,,,,,235.0,,,,
31.89,,,,,,236.0,,,,
31.9,,,,,,237.0,,,,
31.91,,,,,,238.0,,,,
31.93,,,,,,239.0,,,,
31.94,,,,,,240.0,,,,
31.95,,,,,,241.0,,,,
31.96,,,,,,242.0,,,,
31.97,,,,,,243.0,,,,
31.98,,,,,,244.0,,,,
32.0,,,34.0,,,,,,,
32.01,,,26.0,,127.0,53.0,,,,
32.02,,47.0,23.0,,56.0,,,,,
32.03,,49.0,,,,,,,,
32.07,,52.0,,,,,,,,
32.09,,58.0,,,,,,,,
32.1,,60.0,,,62.0,,,,,
32.11,,,,,68.0,,,,,
32.12,,,,,70.0,,,,,21.0
32.13,,,,,,,,,,26.0
32.14,,35.0,,,56.0,,,,,18.0
32.15,,,,,,,,,7.0,17.0
32.16,,,,,,,,,12.0,
32.17,,,,,,,,4.0,14.0,
32.18,,,,,,,,10.0,,
32.19,,,,,,,3.0,14.0,,
32.2,,,,,,,8.0,,,
32.21,,,,,,,14.0,,,
32.22,3.0,,,,,,,,,
32.23,7.0,,,,,,,,,
32.25,13.0,,,,,,,,,
32.26,14.0,,,4.0,,,,,,
32.27,,,,7.0,,,,,,
32.28,,,,10.0,,,,,,
32.29,,,,14.0,,,,,,
32.3,0.0,,,0.0,,,0.0,0.0,0.0,16.0
32.74,,34.0,,,,,,,,
32.8,,,23.0,,,,,,,
32.81,,33.0,,,,,,,,
33.12,,,,1.0,,,,,,
33.13,,,,0.0,,,,,,
33.27,,,23.0,,,,,,,
33.28,,,,,,,,,0.0,
33.31,,,,,57.0,,,,,
33.34,,,,0.0,56.0,,,,,
33.43,,32.0,,,,,,,,
33.47,,,,,,,,,,16.0
33.48,0.0,,,,,,,,,
33.5,0.0,,,,,,,,0.0,
33.66,,,,,,,,,1.0,
33.67,,,,,,,,,0.0,
33.75,,,,1.0,,,,,,
33.77,,31.0,,0.0,,,,,,
33.85,,,,,,,,,0.0,
33.88,,,,,,,1.0,,,
33.89,,,,,,,0.0,,,
34.06,,,23.0,,,,,,,
34.31,,,,,57.0,,,,,
34.32,,,,,56.0,,,,,
34.44,,,,,,,,,0.0,
34.63,,,,,,,,0.0,,
34.65,,,,,,56.0,,,,
34.68,,,,,,58.0,,,,
34.69,,,,,,59.0,,,,
34.7,,,,,,60.0,,,,
34.71,,,,,,61.0,,,,
34.72,,,,,,64.0,,,,
34.73,,,,,,65.0,,,,
34.75,,,,,,67.0,,,,
34.76,,,,,,53.0,,,,
34.78,1.0,,,,,,,,,
34.79,,,,1.0,,,,,,
34.82,0.0,,,0.0,,,,,,
35.39,,,,,,53.0,,,,
35.48,,,,,,54.0,,,,
35.49,,,,,,53.0,,,,
35.76,,,,,,54.0,,,,
35.77,,,,,,53.0,,,,
35.92,,,23.0,,,,,,,
36.04,,30.0,,,,,,,,
36.5,,,,,,,0.0,,,
36.64,,,,,56.0,,,,,
36.73,,,,,56.0,,,,,
36.89,,,,,,,,0.0,,
36.98,,,,,,54.0,,,,
36.99,,,,,,53.0,,,,
37.25,,,,,,,,0.0,,
37.45,,31.0,,,,,,,,
37.46,,29.0,,,,,,,,
37.61,,28.0,,,,,,,,
37.62,,,,,56.0,,,,,
37.64,0.0,,,,,,,,,
37.68,0.0,,,,,,,,,
37.69,,,,,56.0,,,,,
37.7,,,,,57.0,,,,,
37.71,,,,,56.0,,,,,
37.73,,,,,57.0,,,,,
37.75,,,,,57.0,,,,,
37.77,,,,,56.0,53.0,,,,
37.79,,,,,56.0,,,,,
37.8,,,,,56.0,,,,,
37.99,,,,,,53.0,,,,
38.1,,,,1.0,,,,,,
38.11,,,,0.0,,,,,,
38.36,,,,,56.0,,,,,
38.55,,,23.0,,,,,,,
38.6,,,,0.0,,,,,,
38.62,,,23.0,,,,,,,
38.65,,,23.0,,,,,,,
38.66,,,23.0,,,,,,,
38.67,,,23.0,,,,,,,
38.68,,,23.0,,,,,,,
38.69,,,23.0,,,,,,,
38.7,,29.0,,,,,,,,
38.71,,27.0,,,,,,,,
38.75,,26.0,,,,,,,,
38.76,,27.0,23.0,,,,,,,
38.77,,25.0,,,,,,,,
38.79,,26.0,23.0,,,,,,,
38.8,,24.0,,,,,,,,
38.82,,24.0,,,,,,,,
38.84,,22.0,,,,,,,,
38.85,1.0,,,0.0,,,,,,
38.86,0.0,,,,,,,,,
38.88,,,,1.0,,,,,,
38.89,,,,0.0,,,,,,
38.9,0.0,,,1.0,56.0,,,,,
38.91,,,,0.0,,53.0,,,,
38.96,0.0,,,,,,,,,
38.97,0.0,,,,,,,,,
38.98,,,,0.0,,,,,,
39.0,0.0,,,,,,,,,
39.01,,,,0.0,,,,,,
39.09,,,,1.0,,,,,,
39.1,0.0,,,0.0,,,,,,
39.11,,,,,,54.0,,,,
39.12,,,,,,53.0,,,,
39.18,,,,,,53.0,,,,
39.2,0.0,,,,,,,,,
39.22,,,,,,54.0,,,,16.0
39.23,,,,,,53.0,,,,
39.3,,,,,,53.0,,,,
39.35,,,,,,,,,1.0,
39.36,,,,0.0,,,,,0.0,
39.38,,,,,,,,1.0,,
39.39,,,,,,,,0.0,,
39.41,,23.0,,,,,,,,
39.42,,21.0,,,,,,,,
39.49,,,,,,,0.0,,,
39.53,,,24.0,,,,,,,
39.54,,,23.0,,,,,,,
39.56,,,,,,,0.0,,,
39.6,,22.0,,,,,,,,
39.61,,20.0,,,,,,,,
39.87,,,23.0,,,,,,,
40.0,,,,,,,,0.0,,
40.01,,,,2.0,,,,,,
40.02,,,,0.0,,,,,,
40.05,,,,,57.0,,,,,
40.06,,21.0,,,55.0,,,,,
40.07,,20.0,,,,,,,,
40.11,0.0,,,,,,,,,
40.14,0.0,,,,,,,,,
40.17,,,,,,53.0,,,,
40.18,1.0,,,,,,,,,
40.19,0.0,,,,,,,,,
40.21,,,,,,53.0,,,,
40.25,,,,,,53.0,,,,
40.27,,,,,,,,0.0,,
40.31,1.0,,,,,,,,,
40.32,0.0,,,,,53.0,,,,
40.36,,21.0,,,,,,,,
40.37,,20.0,,,,,,,,
40.4,,,,,,54.0,,,,
40.41,,,,,,53.0,,,,
40.59,,,,,,,,,2.0,
40.6,,,,,,,,,0.0,
40.94,,20.0,,,,,,,,
40.99,,21.0,,,,,,,,
41.0,,20.0,,,,53.0,,,,
41.04,1.0,,,,,,,,,
41.05,0.0,,,,,,,,,
41.15,,20.0,,,,,,,,
41.21,,,24.0,,,,,,,
41.22,,,23.0,,,,,,,
41.36,,,,,,53.0,,,,
41.38,,,24.0,,,,,,,
41.39,,,23.0,0.0,,,,,,
41.45,,,,,,53.0,,,,
41.46,,,,,,,,,,17.0
41.47,,,,,,,,,,16.0
41.59,,,,0.0,,,,1.0,,
41.6,,,,,,,,0.0,,
41.73,0.0,,,,,,,,,
41.84,,,,,,,,,,16.0
41.85,,20.0,,,,,,,,
41.97,,,,,,53.0,,,,
42.04,,,,0.0,,,,,,
42.19,,,,,56.0,,,,,
42.2,,,,,54.0,,,,,
42.25,,,,,53.0,,,,,
42.42,,,,,,,2.0,,,
42.43,,,,,,,0.0,,,
42.48,,,,,,,,1.0,,
42.5,,,,,,,,0.0,,
42.6,,,,,,,0.0,,,
42.61,,,,,,,,,1.0,
42.62,,,,,,,,1.0,0.0,
42.66,,,,,,,,0.0,,
42.67,1.0,,,,,,,,,
42.68,0.0,,,,,,,,,
42.76,,,,,,,,,1.0,
42.77,,,,,,,,,0.0,
42.9,,,23.0,,,,,,,
42.92,,,,,,,,1.0,,
42.93,,,,,,,,0.0,,
42.97,,,,,,,,,,17.0
42.98,,,,,,,,,,16.0
43.0,,,,,,,,,,16.0
43.16,,,,,,,0.0,,,
43.21,,,,,55.0,,,,,
43.23,,,,,53.0,,,,,
43.24,,,,,51.0,,,,,
43.25,,,,,50.0,,,,,
43.27,,,,,51.0,,,,,
43.28,,,,,48.0,,,,,
43.36,,21.0,,,,,,,,
43.37,,20.0,,,,,,,,
43.39,,,,,,53.0,,,,
43.48,,,,,49.0,,,,,
43.6,,,,,47.0,,,,,
43.67,,,,,48.0,54.0,,3.0,,
43.68,,,,,46.0,53.0,,0.0,,
43.93,,,23.0,0.0,,,,,,
43.99,,,23.0,,,,,,,
44.04,,,,,45.0,,,,,
44.11,,21.0,,,46.0,,,,0.0,
44.12,,20.0,,,44.0,,,,,
44.28,,,,,43.0,,,,,
44.29,,,,1.0,,,,,,
44.31,,,,1.0,,,,,,
44.32,,,,0.0,,,,,,
44.34,,,,,,54.0,,,,
44.37,2.0,,24.0,,,53.0,,,,
44.38,0.0,21.0,23.0,,,,0.0,,,
44.39,0.0,20.0,,,,,,,,
44.4,,,,,,,,,1.0,
44.41,,,,,,,,,0.0,
44.42,,,,,,,,,0.0,
44.45,0.0,,,,,,,,,
44.56,,,,,44.0,,,,,
44.57,,,,,42.0,,,,,
44.73,,,,,,53.0,,,,
44.75,,,,,,54.0,,,,16.0
44.76,,,,,,53.0,,,,
44.81,,,,0.0,,53.0,,,,
44.9,,,,,,,,,1.0,
44.91,,,,,,,,,0.0,
44.94,,,,,,,,,,16.0
44.96,0.0,,,,,,,,,
45.02,,,,,,,,,0.0,
45.03,,,,,,,,,0.0,
45.05,,,,,,,0.0,,,
45.07,,,23.0,,,,,,,17.0
45.09,,,,,,,,,,16.0
45.2,,,,,,,,,0.0,16.0
45.21,,,23.0,,,,,,,
45.25,,,23.0,,,,0.0,0.0,,16.0
45.28,,,,,,,,1.0,,
45.29,,,,,,,,0.0,0.0,
45.31,,21.0,,,,,,,0.0,
45.32,,20.0,,,,,,,,
45.36,,,,,,,,,,16.0
45.38,,,,,,,0.0,,,
45.41,,,24.0,,,,,,,
45.42,,,23.0,,,,,,1.0,
45.43,,,,,,,,,0.0,
45.46,,,23.0,,,,,,,
45.47,,,,,,53.0,1.0,,,
45.48,,,,,,,0.0,,,
45.49,0.0,21.0,,,,,,,,
45.5,1.0,20.0,,,,,0.0,,,16.0
45.51,0.0,,,,,,,,,
45.52,0.0,,,1.0,,,,,,
45.53,,21.0,,0.0,,,,,,
45.54,,20.0,23.0,,,,,,,
45.55,1.0,,,,,,,,,
45.56,0.0,21.0,,,,,,,,
45.57,,20.0,,,,,,,,
45.62,0.0,,,,,,,,,
45.63,,,,,41.0,,,,,
45.65,,,,0.0,,,0.0,,,
45.71,,,,,,54.0,,,,
45.72,,,,,,53.0,,,,
45.74,,,,0.0,,,,,,
45.75,,,,,,54.0,,,,
45.76,,,,,,53.0,,,,
45.79,,,,,,53.0,,,,
45.86,,,,,,,,1.0,,
45.87,,,,,,,,0.0,,
45.91,,,,,,54.0,,,,
45.92,,,,,,53.0,,,,
46.09,,,24.0,,,,,,,
46.1,,,23.0,,,,,,,
46.16,,,,,,,,1.0,,
46.17,,,,,,,,0.0,,
46.19,,21.0,,,,,,,,
46.2,,20.0,,,,,,,,
46.25,,,,,,,0.0,,,
46.3,,20.0,,,,,,,,
46.31,,,,,,53.0,,,,
46.34,,21.0,,,,,1.0,,,
46.35,,20.0,,,,,0.0,,,
46.42,,,,,,53.0,,,,
46.52,,,,,,,,,,16.0
46.61,,,,,42.0,,,,,
46.63,,,,,40.0,,,,,
46.66,,,,0.0,,,,,,
46.69,0.0,,,,,,,,,
46.87,,,24.0,,,,,,,
46.88,,,23.0,,,,,,,
46.93,,,,,,,,0.0,,
47.22,,,,,41.0,,,,,
47.24,,,,,39.0,,,,,
47.31,,,,,,,,,0.0,
47.5,,21.0,,,,,,,0.0,
47.51,,20.0,24.0,,,,,,,
47.52,,,23.0,,,,,,,
47.59,,,,,,54.0,,,,
47.6,,,,,,53.0,,,,
47.75,,20.0,,,,,,,,
47.77,,,,,40.0,,,,,
47.78,,,,,38.0,,,,,
48.02,,,,,,,,,,16.0
48.03,,,,,39.0,,,,,
48.04,,,,,37.0,,,,,
48.05,,,23.0,1.0,,,,,,
48.06,,,,1.0,,,,,,
48.07,,,,0.0,,,,,,
48.1,,,23.0,,,,,,,
48.16,,,,0.0,,,,,,
48.21,,20.0,,,,,,,,
48.22,,,,,,,,1.0,,
48.23,,,,,,,,0.0,,
48.31,0.0,,,,,,,,,
48.34,,,,,38.0,,,,,
48.35,,,,,36.0,,,,,
48.36,,,,,,,,0.0,,
48.47,,,,,,53.0,,,,
48.62,,21.0,,,,,,,,
48.79,,20.0,24.0,,38.0,,,,,
48.8,,,23.0,0.0,34.0,,,,,
48.82,,,23.0,,,,,,,
48.85,,,,,35.0,,,,,
48.86,,,,,33.0,,,,,
48.87,,,,,,53.0,,,,
48.94,,,,,,,,0.0,,
49.15,,,,,,,,0.0,,
49.3,,,,,32.0,,,,,
49.32,,,,,,54.0,,,,
49.34,,,,,,53.0,,,,
49.39,,,,,,,,,0.0,
49.44,,,,,,54.0,,,,
49.45,,,,,,53.0,,,,
49.63,,,,,33.0,,,,,
49.64,,,,,31.0,,,,,
49.65,,,,,32.0,,,,,
49.66,,,,,30.0,,,,,
49.67,,,,,,,,1.0,,
49.68,,,,,,,,0.0,,
49.72,1.0,,,,,,,,,
49.73,0.0,,,,,,,,,17.0
49.74,,,,,,,,,,16.0
49.77,,,,,29.0,,,,,
49.81,,,,,30.0,,,,,
49.82,,,,,28.0,,,,,
49.84,,,,,29.0,,,,,
49.85,,,,,27.0,,,,,
49.89,,,,,,54.0,,,,
49.9,,,,,,53.0,,,,
49.99,,,,,,54.0,,,,
50.0,,,,,,53.0,,,,
50.02,,21.0,,,,,,0.0,,
50.03,,20.0,,,,,,,,
50.14,,,,,26.0,,,,,
50.24,,,,,,54.0,,,,
50.25,,,,0.0,,53.0,,,,16.0
50.36,,,,0.0,,,,,,
50.37,,,,,,,,0.0,,
50.45,,,,,,53.0,,,,
50.47,,,,,,53.0,,,,
50.53,,,23.0,,,,,,,
50.54,,,,,,,,,0.0,
50.62,,,24.0,,,,,,,
50.63,,,23.0,,,,,,,
50.64,,,,,,,,,,16.0
50.65,,,,0.0,,,,,,
50.7,,20.0,,,,,,,,
50.75,,20.0,,,,,,,,
50.78,,,,0.0,,,,,,
50.8,,,,,,,,,0.0,
50.94,,,25.0,,,,,,,
50.95,,,23.0,,,,,,,
50.98,,,,,,52.0,,,,
51.0,2.0,,,,,,,,,
51.01,0.0,,,,,,,,,
51.02,0.0,,,,,,,,,
51.04,,20.0,,,,,,,1.0,
51.05,,,,,,,,,0.0,
51.07,1.0,,,,,,,,,
51.09,0.0,,,0.0,,,,,,
51.15,1.0,,,,,,,,,
51.16,0.0,,,,26.0,,,,,
51.22,0.0,,,,,,,,,
51.3,1.0,,,,,,,,,
51.31,0.0,,,,,,,,,
51.34,,,,,,51.0,,,,
51.36,,,,,,50.0,,,,
51.38,,,,,,,2.0,,,
51.39,,,,,,,0.0,,,
51.68,,,,1.0,,,,,,
51.69,,,,0.0,,,,0.0,,
51.76,,,,,,49.0,,,,
51.77,,21.0,,,,,,,,
51.78,,20.0,,,,,,,,
51.88,,,,,,48.0,,,,
51.97,,,23.0,,,,,,,
52.0,,,,0.0,,,,,,
52.09,,,23.0,,,,,,,
52.13,1.0,,,,,,,,,
52.14,0.0,,,,,,,,,
52.2,1.0,,,,,,,,,
52.21,0.0,,,,,,,,,
52.22,,,,,,,1.0,,,
52.23,,,,0.0,,,0.0,,,
52.25,,,,0.0,,,,,,
52.26,,21.0,,,,,,,,
52.27,,20.0,,,,,,,,
52.31,,21.0,,,,,,,,
52.32,,20.0,23.0,,,,,,,
52.38,0.0,,,,,,,,,
52.44,,,,1.0,,,,,,
52.45,,,,0.0,,,,,,
52.5,,,23.0,,26.0,,,,,
52.82,,,,,,,,1.0,0.0,
52.84,,,,,,,,0.0,,
52.86,,,,,,,,,0.0,
52.87,,,23.0,,,,,,,
52.91,,21.0,,,,,,,,
52.92,,20.0,,,,,,,,
53.06,,,,,,,1.0,,,
53.07,,20.0,,,,,0.0,,,
53.16,,,,,,47.0,,,,
53.23,,,,,27.0,,,,,
53.24,,,,,26.0,,,,,
53.28,,,,0.0,,,,,,
53.32,,,,,,,,,,18.0
53.34,0.0,,,,,,,,,16.0
53.47,,21.0,,,,,,,,
53.48,,20.0,,,,,,,,
53.5,,,23.0,,,,,,,
53.63,,20.0,,,,,,,,
53.71,0.0,,,,,,,,,
53.81,,,,,26.0,,,,,
54.09,,,,,,,,,0.0,
54.19,,,,,26.0,,,,,
54.31,,,,,26.0,,,,,
54.4,,,,,,,,0.0,,
54.43,,,,,,46.0,0.0,,,
54.45,,,,,,45.0,,,,
54.46,,,,,26.0,,,,,
54.55,,21.0,,,27.0,,,,,
54.56,,20.0,,,26.0,,,,,
54.73,,,,1.0,,,,,,
54.75,,,,0.0,,,,,,
54.77,,,24.0,,26.0,,,,,
54.78,,,24.0,,,,,,,
54.79,,,23.0,,,,,,,
54.81,,,,,,,,,0.0,
54.91,,,,,,46.0,,,,
54.92,,,,1.0,,44.0,,,,
54.93,,,,0.0,,,,,,
54.94,,21.0,,,,45.0,,,,17.0
54.95,,20.0,,,,43.0,,,,16.0
54.98,,,,,,44.0,,,,
54.99,,,,,,42.0,,,,
55.12,,,,,,,,1.0,,
55.13,,,,,,,,0.0,,
55.19,,,,,26.0,,,,,
55.25,,,,,26.0,,,,,
55.34,,,,,,,0.0,,,
55.41,,,,,27.0,,0.0,,,
55.42,,,,,26.0,,,,,
55.44,,,,,,,,,0.0,
55.45,,,,,26.0,,,,,
55.5,,,,0.0,,,,,,
55.51,,,23.0,,,,,,,
55.52,,,,,,,,,,16.0
55.62,,20.0,,,,,,,,
55.64,,,23.0,,,,,,,
55.65,,,,,27.0,,,,,
55.66,,,,,26.0,,,,,
55.75,,,,0.0,,,,,,
55.81,,,,,,41.0,,,,
55.82,,,,,,40.0,,,,
55.94,,,,,27.0,,,,,
55.96,,,,,26.0,,,,,
56.01,,,,,,39.0,,,,
56.02,,,24.0,,,,,,,
56.03,,,23.0,,,,,,,
56.15,,,23.0,,,,,,,
56.24,,,,1.0,,,,,,
56.25,,,,0.0,,,,,,
56.31,0.0,,,,,,,,,
56.32,,,,,,38.0,,,,
56.39,,,,,,,,,,16.0
56.6,,,,,,39.0,,,,
56.61,,,,,,37.0,,,,
56.63,,,23.0,,,,,,,
56.72,,21.0,,,,,,,,
56.73,,20.0,,,,,,,,
56.85,,,,,,,0.0,,,
57.0,,,,0.0,,,,,,
57.01,,,,,,36.0,,,,
57.05,,,,,,,0.0,,,
57.11,,,23.0,,,,,,,
57.17,,,,,,,,,0.0,
57.25,,,,0.0,,,,,,
57.31,,20.0,,,,,,,,
57.43,,,,,,,0.0,,,
57.49,,,24.0,,,,,,,
57.5,,,23.0,,,,,,,
57.53,0.0,,,,,,,,,16.0
57.56,0.0,,23.0,,,,,,,
57.57,,,,,,37.0,,,,17.0
57.59,,,,,,35.0,,,,16.0
57.63,1.0,,,,,,,,,
57.64,0.0,,,,,34.0,,,1.0,
57.65,,,,,,,,,0.0,
57.67,0.0,,,,,,,,,
57.73,,21.0,,,,,,,,
57.74,,20.0,,1.0,,,,,,
57.75,0.0,,,0.0,,,,,,
57.77,,,,,27.0,,,,,
57.78,,,,,26.0,,,,,
57.81,0.0,,,,,,,,,
57.87,,,,1.0,,,,,,
57.88,0.0,,,0.0,,,,,,
57.91,,,,,,,,1.0,,
57.92,,,,,,,,0.0,,16.0
57.95,,,,,,,,,0.0,
57.99,,,,,,,,,2.0,
58.0,,,,,,,0.0,,0.0,
58.02,,,,,,,,1.0,,
58.03,,,,,,,,0.0,,
58.04,,,,,27.0,,,,,
58.05,,,,,26.0,,,,,
58.07,,20.0,,,,,,,,
58.11,,,,,,,0.0,,,
58.12,,,,,,,,,,16.0
58.15,,,,,,,,1.0,,
58.16,,,,,,,0.0,0.0,,17.0
58.17,,,,,,,,,,16.0
58.31,,,,,,,,1.0,,
58.32,,,,,,,,0.0,1.0,
58.34,,,,,,,,,0.0,
58.36,,,,0.0,,,,,,17.0
58.37,,,,,,,,,,16.0
58.49,,,23.0,,,,,,,
58.59,,20.0,23.0,,,,,,,
58.63,,21.0,,,,,,,,
58.64,,20.0,,,,,,,,
58.66,,,,,,35.0,0.0,,,
58.67,,,,,,33.0,,,,
58.76,,,,1.0,,,,,,
58.77,,,,0.0,,,,,,
58.78,0.0,,,,,,,,,
58.8,0.0,,,,27.0,,1.0,,,
58.81,,,,,,,0.0,,,
58.82,,,,,26.0,,,,,
58.87,,,,,27.0,,,,,
58.88,,,,,26.0,,0.0,,,
58.96,,,,,,,0.0,1.0,,
58.97,,,23.0,,,,,0.0,,
58.99,,,,,27.0,,,,,
59.0,,,,,26.0,,,,,
59.02,,,,1.0,,,,,,
59.03,,,,0.0,,,,,,
59.07,,21.0,,,,,,,,
59.09,,21.0,,,,,,,,
59.1,,20.0,24.0,,,,,,,
59.11,,,23.0,,,,,,,
59.12,,20.0,,,,,,,,
59.19,,,,,,,,0.0,,
59.24,,,,0.0,,,,,,
59.29,,,,,26.0,,,,,
59.31,,,,1.0,,,,,,
59.32,,,,0.0,,,,,,
59.44,,,,,,,,1.0,,
59.45,,,24.0,,,,,0.0,,
59.46,,,23.0,,,,,,,16.0
59.5,,,,,,,,,0.0,
59.54,,,,,26.0,,,,,
59.77,,,,,,,,1.0,,
59.78,,,,,,,,0.0,,
59.79,,20.0,,,,,,,,
59.8,,21.0,,,,,,,,
59.81,,20.0,,,,,,,,
59.85,,,,,26.0,,,,,
59.94,,,,,,,1.0,,,
59.95,,,,,,,0.0,,,
60.04,,,,,26.0,34.0,,,,
60.05,1.0,,,,,32.0,,,,
60.06,0.0,,,,,,,,,
60.12,,,24.0,,,,,,,
60.13,,,23.0,,,,,,,
60.17,,,,1.0,,,,,,
60.18,,,,0.0,,,,,,
60.2,,,23.0,,,,,1.0,,
60.21,,,,,27.0,,,0.0,,
60.22,,,,,26.0,,,,,
60.31,,,,,26.0,,,,,
60.37,0.0,,,,,,,,,
60.44,,21.0,,,,,,,,
60.45,,20.0,,,,,,,,
60.46,,,,,,34.0,,,,
60.47,,,,,,30.0,,,,
60.51,,,,,,29.0,,,,
60.62,,,,,,28.0,,,,
60.73,,,,,,,,1.0,,
60.75,,,,,,,,0.0,,
60.76,,,,,27.0,,,,,
60.77,,,,,26.0,,,,,
60.8,,,,,26.0,,,,,
60.85,,,,,26.0,,,,,
60.87,,,,,26.0,,,,,
60.89,,,,,27.0,,,,,
60.9,,,,,26.0,,,,,
61.04,,,,,,,,0.0,,
61.05,,21.0,,,,,,,,
61.06,,20.0,,,,,,,,
61.15,,,,,,,,0.0,,
61.16,,21.0,,,,,,,,
61.17,,20.0,,,,,,,,
61.21,,20.0,,,,,,,,
61.25,,21.0,,,,,,,,
61.26,,20.0,,,,,,,,
61.32,,,,,,29.0,,,,
61.34,,,,,,27.0,,,,
61.37,,,,,,26.0,,,,
61.38,,,,2.0,,,,,,
61.39,,,,0.0,,,,,,
61.46,,,,,,,,,,18.0
61.47,,,22.0,,26.0,,,,,16.0
61.5,,,,0.0,,,,,,
61.55,,,,,26.0,,,,,
61.56,,22.0,,,,,,,,
61.57,,20.0,,,,,,,,
61.69,,,,0.0,,,,,,
61.72,,,,,,,,,2.0,
61.73,,,,,,,,,0.0,
61.88,,,,,,26.0,,,,
61.89,,,,,,,2.0,2.0,,
61.9,,,,,,,0.0,0.0,,
61.94,,21.0,,,,,,,,
61.95,,20.0,,,,,,,,
61.96,,,,,,,,,,16.0
62.12,,,23.0,,,,,,,
62.13,,,21.0,,,,,,,
62.25,,,20.0,,,,,,,
62.27,,,,1.0,,,,,0.0,
62.28,,,,0.0,,,,,,
62.29,,,,,27.0,,,,1.0,
62.3,,,,,26.0,,,,0.0,
62.41,,,,0.0,,,,,,
62.54,1.0,,,,,,,,,
62.55,2.0,,,,,,,,,
62.6,0.0,20.0,,,,,,,,
62.65,,,,,,27.0,,,,
62.66,,,,,,26.0,,,,
62.71,,,,1.0,,,,,,
62.72,,,,0.0,,,,,,
62.8,,21.0,,,,,,,,
62.81,,20.0,,,,,,,,
62.84,,,,,,,,0.0,,
62.85,,,21.0,,,,,,,16.0
62.86,,,19.0,,,,,,,
62.88,,,,,,,,,,16.0
62.89,,,,,,,,1.0,,
62.9,,,,,,,,0.0,,
62.91,,,,,,,,,,16.0
63.03,1.0,,,,,,,,,
63.04,0.0,,,,,,,,,
63.11,,,,,,27.0,,,,
63.12,,,,,,26.0,,,,18.0
63.13,,,,,,,,,,16.0
63.16,1.0,,,,,,,,,
63.17,0.0,,,,,,,,,
63.26,,,,,,26.0,,,,
63.32,,,18.0,,,,,,,
63.42,,,,,27.0,,,,,
63.43,,,,,26.0,,,,,
63.5,,,,0.0,,,,,,16.0
63.51,,21.0,,,,,,,,
63.52,,20.0,,,,,,,,
63.53,,,,,,,0.0,,,
63.55,,,,,,,,,1.0,
63.56,,,,,,,,,0.0,
63.64,,,19.0,,,,,,,
63.65,,,17.0,,,,0.0,,,
63.7,,,,,,,0.0,,,
63.73,0.0,,,,,,,,,
63.82,,,16.0,,,,,,,
63.94,,,17.0,,,,,,,
63.95,,,15.0,,,,,,,
64.03,,,,,,,,,0.0,
64.07,,,,,,26.0,,,,
64.17,0.0,,,,,,,,,
64.19,0.0,,,,,,,,,17.0
64.2,,,,,,,,,,16.0
64.22,,,,,,,,,0.0,
64.27,0.0,,,,,,,,,
64.29,0.0,,,,,,,,,
64.36,,,,1.0,,,,,,
64.37,,,,0.0,,,,,,
64.41,,,,,26.0,,,,,
64.47,,21.0,,,,,,,,
64.48,,20.0,,,,,,,,
64.5,1.0,,,,,,,,,
64.51,0.0,,,,,,,,,
64.55,0.0,,,,,,,,,
64.56,,,,,27.0,,,,,
64.57,,,,,26.0,,,,,
64.71,,21.0,,,,,,,,
64.72,,20.0,,,,,,,,
64.82,,,,,27.0,,,,,
64.84,,,,,26.0,,,,,
64.88,,,,,,,1.0,,,
64.89,,,,,,,0.0,,,
64.91,,,,0.0,,,,,,
65.0,,,,,,,,0.0,,
65.05,,,,1.0,,,,,,
65.06,,,,0.0,,,,,,
65.23,,,14.0,,,,,,,
65.3,,,,,,,,,0.0,
65.36,,,15.0,,,,,,,
65.37,,,13.0,,,,,,,
65.39,,,,,,,,,0.0,
65.4,,,,1.0,,,,,,
65.41,,21.0,,0.0,,,,,,
65.42,,20.0,,,,,,,,
65.69,,,,0.0,27.0,,,,,
65.7,,,,,26.0,,,,,
65.71,,,,,,27.0,,,,
65.72,,,,,,26.0,,,,
65.78,,,,,,,1.0,,,
65.79,,,,,,,0.0,,,
65.85,,,,,26.0,,,,,
65.87,,,,,,,,,,16.0
65.91,,,,,,26.0,,,,
65.92,,20.0,,,,,,,,
65.95,,,,,,26.0,,,,
65.99,,20.0,,,,26.0,,,,
66.0,,20.0,,,,,,,,
66.03,,,,1.0,,,,,,
66.04,,,,0.0,,,,,,
66.11,,20.0,,,,,,,,
66.14,,,,,,,0.0,,,
66.15,,,,,,28.0,,,,
66.16,,,,,,26.0,,,,
66.18,,,15.0,,,,,,,
66.19,,,12.0,,,,,,,
66.2,,,10.0,,,,,,,
66.3,,,,,,,,,0.0,
66.37,,,,,27.0,,,,,
66.38,,,,,26.0,,,,,
66.39,,,,,27.0,,,1.0,,
66.4,,,,,26.0,,,0.0,,
66.44,,,,,26.0,,,,,
66.46,,,,,27.0,,,,,
66.47,,,,,26.0,,,,,
66.59,,,,,,,,,0.0,
66.64,,,,,,27.0,,,,
66.65,,20.0,,,,26.0,,,,
66.71,1.0,20.0,,,,,,,,
66.72,0.0,,,,,,,,,
66.81,,,9.0,,,,,,,
66.87,,,8.0,,,,,,,
66.92,,,,0.0,,,,,,
66.93,,,,,,27.0,,,,
66.94,,,,,,26.0,,,,
66.96,1.0,,,,,,,,,
66.97,0.0,,,,,,,,,
66.99,,,,,,26.0,,,,
67.0,0.0,21.0,,,26.0,,,,,
67.01,,20.0,,,,,,,,16.0
67.03,,,,0.0,,,,,,
67.27,,,,1.0,,,,,,
67.28,,,,0.0,,,,,,
67.35,,21.0,,,,,,,,
67.36,,20.0,,,,,,,,
67.48,,,9.0,,,,,,,
67.49,,,7.0,,,,,,,
67.66,,,,,,26.0,,,,
67.8,,,,,,,1.0,,,
67.81,,,,,,,0.0,,,
67.86,,,,,,,,0.0,,
67.88,,21.0,,,,,,,,
67.89,,20.0,,,,,,1.0,,
67.9,,,,,27.0,,,0.0,,
67.91,,,,,,,0.0,,,
67.92,,,,,26.0,,,,,
67.93,,,,,,27.0,,,,
67.94,,,,,,26.0,,,,
67.99,,,,,,,1.0,,,
68.0,,,,,,,0.0,,,
68.03,,,,,,,,,,16.0
68.28,,20.0,,,,,,,,
68.31,,,,,,,,,1.0,
68.32,,,,,,,,,0.0,
68.37,,,,,,,,,1.0,
68.38,,,,,,,,,0.0,
68.57,,,,,26.0,,,,,
68.62,,,,,,27.0,,,,
68.63,,,,,,26.0,,,,
68.65,,,,,26.0,,,,,
68.69,,,,,,27.0,,,,
68.7,,,,,,26.0,,,,
68.78,,,6.0,,,,,,,
68.89,,,,,27.0,27.0,,,,
68.9,,,,,26.0,26.0,,,,
68.93,,20.0,,,,,,,,
69.02,1.0,,,,,,,,,
69.03,0.0,,,,,27.0,,,,
69.04,,,,0.0,,26.0,,,,
69.1,,,,0.0,,,,,,
69.13,0.0,,,,27.0,,,,,
69.14,,,,,26.0,,,,,
69.23,,21.0,,,,,,,,
69.24,,20.0,,,,,,,,
69.29,,,,0.0,,,,,,
69.55,,,,,,,,,,16.0
69.64,0.0,,,1.0,,,,,,
69.65,,,,0.0,,,,,,
69.66,,,,,,,,,,16.0
69.68,1.0,,,,,,,,,
69.69,0.0,,,,,,,,,
69.73,,,,,27.0,,,,,
69.74,,,,,26.0,,,,,
69.84,,,7.0,,,,,,,
69.85,,,5.0,,,,,,,
69.96,,,,,,,0.0,,,
69.98,,,,,,,,0.0,,
69.99,,,,,,,,0.0,,
70.07,,,,,27.0,,,,,
70.1,,,,,26.0,,,,,
70.12,,,,0.0,,,,,,
70.13,,,,,26.0,,,,,
70.24,0.0,,,,,,,,,
70.26,,,,,26.0,,,,,
70.32,,,6.0,,,,,,,
70.34,,,4.0,,26.0,,,,,
70.53,,,,,,26.0,,,,
70.54,,,5.0,,,,,,,
70.55,,,3.0,,,,,,,
70.69,,,,,,,,,1.0,
70.7,,,,,,,,,0.0,
70.75,0.0,,,,,,0.0,,1.0,
70.76,,,,,,,,,0.0,
70.78,0.0,,,,,,,,,
70.79,,,,,26.0,,,,,
70.95,,,,0.0,,,,,,
70.96,,,,,,27.0,,,,
70.97,,,,,,26.0,,,,
71.02,,,,,,,,,0.0,
71.11,,,,,,,1.0,,,
71.12,,,,,,,0.0,,,
71.13,0.0,,,,,,,,,
71.17,,,,,,,,,1.0,
71.18,,,,,,,,,0.0,
71.22,,,,,,26.0,,,,
71.23,,,,,,,,1.0,,
71.24,,,,,,,,0.0,,
71.25,1.0,,4.0,,26.0,,,1.0,1.0,
71.26,0.0,,2.0,,,,,0.0,0.0,
71.27,1.0,,,,,,,,,
71.28,0.0,,,,,,,,,
71.3,,20.0,,,,,,,,
71.32,,,,,,,,,,16.0
71.43,,,,,,,,0.0,,
71.48,,20.0,,,,,,,,
71.49,,,,,,26.0,,,,
71.5,,,,0.0,,,,,,
71.53,,,,,26.0,,,,,
71.61,,,,1.0,,,,,,
71.62,,,,0.0,,,,,,16.0
71.66,,,,,,,,,,17.0
71.67,,,,,,,,,,16.0
71.68,,,,,,26.0,,,,
71.76,,,,,,26.0,,,,
71.87,,,3.0,,,,,,,
71.88,,,1.0,,27.0,,,,,
71.89,,,,,26.0,,,,,
71.91,,,,,,,1.0,,,
71.92,,,,,,,0.0,,,
71.93,,,,,26.0,,,,,
71.95,,,2.0,,,,,,,
71.96,,,0.0,,,27.0,,,,
71.97,,,,0.0,,26.0,,,,
72.0,,,,,,,,0.0,,
72.07,,,,,27.0,,,,,
72.09,,,,,26.0,,,,,
72.14,,21.0,,,,,,,,
72.15,,20.0,,,,,,,,
72.21,,,,,,,,1.0,,
72.22,,,,,,,,0.0,,
72.27,,,,0.0,,,,,,
72.32,,,,,,28.0,,,,
72.34,,,,,,26.0,,,,
72.5,,,,,26.0,,,0.0,,
72.52,0.0,,,,,,,,,
72.59,,,,1.0,,,,,,
72.6,,21.0,,0.0,,,,,,
72.61,,20.0,,,,,,,1.0,
72.63,,,,,,,,,2.0,
72.64,,,,,,,,,0.0,
72.65,,,,,,,,,,15.0
72.66,,,,,,,,,1.0,
72.67,,20.0,,,,,,,0.0,
72.69,,,2.0,,,,,,,
72.71,,,1.0,,,,,,,
72.72,,,0.0,,,,,,,
72.73,,,0.0,,,,,,,
72.75,,,,,,,0.0,,,
72.78,,,,,,,1.0,,,
72.79,,,,,,,0.0,,,
72.81,,,,,,26.0,,,,
72.86,,20.0,,,,,,,,
72.93,,,,0.0,,,,,,
72.94,,,,0.0,,,,,,
72.96,,,,,,,,,0.0,
72.99,,,,,,,0.0,,,
73.0,,,0.0,,,,,,,
73.01,,,,,,,,0.0,,
73.05,,,,,,,0.0,,,
73.1,,,,,,,,,0.0,
73.16,,,,,,26.0,,,,
73.22,,21.0,,,,,,,,
73.23,,20.0,,,,,0.0,,,
73.27,,,,,,27.0,,,,
73.28,,,,,,26.0,,,,
73.3,0.0,,,,,,,,,
73.31,,,0.0,,,,,,,
73.32,,,1.0,,,,,,,
73.34,,,0.0,,,,,,,
73.35,,,,,,,,0.0,,
73.46,,,,1.0,,,,,,
73.47,,,,0.0,,26.0,,,,
73.48,,,,0.0,,,,,,
73.5,,,,,,26.0,,,,
73.55,,20.0,,,,,,,,
73.6,,,0.0,,,,,,,
73.63,1.0,,,,,,,,,
73.64,0.0,,,,,,,,,
73.65,,20.0,,,,,,,,
73.73,,20.0,,,,,,,,
73.77,,,,,,,,,,14.0
73.78,,,,,,26.0,,,,
73.93,,,,0.0,,,,,,
73.98,,,,,,27.0,,,,
73.99,,,,,,26.0,,,,
74.01,,21.0,,,,,,,,
74.02,,20.0,,,27.0,,,,,
74.04,,,,,26.0,,,,,
74.16,,,,1.0,,,,,,
74.17,,,,0.0,,,,,,
74.21,,,,,,26.0,,,,
74.35,,,,,27.0,26.0,,,,
74.36,,,,,26.0,,,,,
74.41,,21.0,,,,,,,,
74.42,,20.0,,,,,,,,
74.49,,,,0.0,,,,,,
74.54,,,,,,,0.0,,,
74.77,,,,,,,1.0,,,
74.78,,,,,,,0.0,,,
75.02,,20.0,,,,,,,,
75.04,1.0,,,,,26.0,,,,
75.05,0.0,,,,,,,,,
75.06,,,,,,,0.0,,,
75.16,,,1.0,,,,,,,
75.17,,,0.0,,,,,,,
75.2,,,,,,,,,,15.0
75.21,,,,,,,,,,13.0
75.38,,,,,,26.0,,,,
75.42,,,0.0,,,,,,,
75.47,,,,0.0,,,,,,
75.59,,,,,,,,,,12.0
75.67,,,,,27.0,,,,,
75.69,1.0,20.0,,,26.0,,,,,
75.7,0.0,,,,,,,,,
75.75,0.0,,,,,,,,,
75.76,,,,,,,,0.0,,
75.8,,,,,26.0,,,,,
75.88,,,,0.0,,,,,,
75.92,,21.0,,,,26.0,,,,
75.93,,20.0,,,,,,,,
75.94,,,,1.0,,,,,,
75.95,,,,0.0,,,,,,
75.97,,,,,,,,,,13.0
75.98,,,,,,,0.0,,,11.0
76.0,,,,,26.0,,,,,
76.02,,,,,27.0,,,,,
76.03,,,,,26.0,,,,,
76.06,,,,,,,,,,12.0
76.07,,,,,,,,,,10.0
76.16,,,,,,,,1.0,,
76.17,1.0,,,,,,,0.0,,
76.18,0.0,,,,,26.0,,,,
76.22,,,,1.0,,,,,,
76.23,,,,0.0,,,,,,
76.27,,,,,27.0,,,,,
76.28,,,,,26.0,,,,,
76.39,,,,,26.0,,,,,
76.5,,,,,26.0,,,,,
76.53,,,,,,,,,,11.0
76.54,,,,,,,,,,9.0
76.6,,20.0,,,,,,,,
76.72,0.0,,,,,,,,,
76.73,,,,,,,0.0,,,
76.76,,,,,,27.0,,,,
76.77,,,,,,26.0,,,,
76.82,,,,,,,1.0,,,
76.84,0.0,,,,,,0.0,,,
76.85,,,,,26.0,,,,,
76.88,,,,,,,,0.0,,
76.95,,,,,,26.0,,,,
76.99,,,,,,,,,,8.0
77.0,,,0.0,,,,,,0.0,
77.01,,,,,27.0,,,,,
77.02,,,,,26.0,,,,,
77.06,,,,,,,,1.0,,
77.07,,,,,,,,0.0,,
77.17,,,,,,27.0,,,,
77.18,,,,,,26.0,,,,
77.24,,,,,,,,,,9.0
77.28,,,0.0,,,,,,,7.0
77.38,,,,,27.0,,,,,
77.39,,,,,26.0,,,,,
77.4,,,,,26.0,,,,,
77.46,1.0,,,,,,,,,
77.47,0.0,,,,,,,,,
77.48,1.0,,,,,,,,,
77.49,1.0,,,,,,,,,
77.5,0.0,,,,,,,,,
77.51,,,,,,,,,1.0,
77.52,,,,,,,,,0.0,
77.53,,,,,,,,1.0,,
77.54,,,,,26.0,,,0.0,,
77.68,,20.0,,,,,,,,
77.69,,,,1.0,,,,,,
77.71,,,,0.0,26.0,,,,,
77.79,,,0.0,,,,,,1.0,
77.8,,,,,,,,,0.0,
77.89,1.0,,,,,,,,,
77.93,0.0,,,,,,,,,
78.02,,21.0,,,,,,,,
78.03,,20.0,,,,,,,,
78.05,1.0,,,,27.0,,,,,
78.06,0.0,,,,26.0,,,,,
78.14,,21.0,,,,,,,,
78.16,,20.0,,0.0,,,,,,
78.17,,,1.0,,,,,,,
78.18,,,0.0,0.0,,,,,,
78.25,,,,,,26.0,,,,
78.29,,,,,,,,1.0,,
78.3,,,,,,,,0.0,,
78.31,,21.0,,,,,,,,
78.32,,20.0,,,,,,,,
78.55,,,,,,,,0.0,,
78.57,,,1.0,,,,,,,
78.6,,,0.0,,,,,,,
78.84,1.0,,,,,,,,,
78.85,0.0,,,,,,,,,
78.87,,,,,,,,,0.0,
78.98,,,,,,26.0,,,,
79.01,,20.0,,,,,,,,
79.02,,,,,,27.0,,,,
79.03,,,,,,26.0,,,,
79.1,,,,,,,,0.0,,
79.38,,,0.0,,,,,,,
79.4,,,,,,,,,1.0,
79.41,,,,,,,,,0.0,
79.46,,,0.0,,,,,,,
79.5,,,,0.0,,,,,,
79.52,,,,,26.0,,,,,
79.54,,,0.0,,,,,,,
79.59,,,,,,26.0,,,,
79.63,,,,,,26.0,,,,
79.64,,,0.0,,,,,,,
79.65,,,,0.0,,,,,,
79.75,,20.0,,,26.0,,,,,
79.85,,,0.0,,,,,,,
79.86,,,,,,,1.0,,,
79.87,,,,,,,0.0,,,
79.88,,,,,,27.0,,,,
79.89,,,,,,26.0,,,,
79.92,,,,0.0,,,,,,
79.93,,,0.0,,,,,,,
79.97,1.0,,,,,,,,,
79.99,0.0,,0.0,,,,,,,
80.0,,,,,,,,,0.0,
80.05,,21.0,,,,,,,,
80.06,,20.0,,,,,,,,
80.1,,,,1.0,,,,,,
80.11,,,,0.0,,,,,,
80.13,1.0,,,,,,,,,
80.14,0.0,,,,,,,,,
80.17,,,,0.0,,,,,,
80.27,,20.0,,,,,,,,
80.29,,,,,,,,1.0,,
80.3,,,,,,,,0.0,,
80.35,,,,,,,0.0,,,
80.36,,,0.0,,,,,,,
80.41,,,,,,,,,,8.0
80.42,,,,,,,,,,6.0
80.48,,20.0,,,,,,,,
80.53,,,0.0,,,,,,,
80.54,,,,,,27.0,,,,
80.55,0.0,,,,,26.0,,,,
80.57,,,,,,,,,,7.0
80.59,,,,,,,,,,5.0
80.65,,,,,,,,1.0,,
80.66,,,,,,,,0.0,,
80.7,,,,1.0,,,,,,
80.73,,,,0.0,,,,,,6.0
80.74,,,,,,,,,,4.0
80.75,,,,,,,1.0,,,
80.76,,20.0,,,,,0.0,,,
80.94,,,,1.0,,,,,,
80.96,,,,0.0,,,,,,
81.0,,,,,,26.0,,0.0,,
81.1,,,,,,,,,0.0,
81.14,,,1.0,,,,,,,
81.15,,,0.0,,,,,,,
81.25,,,,,27.0,,,,,
81.26,,,,,26.0,,,0.0,,
81.28,,,,,26.0,,,,,
81.31,,,,,,,,,,3.0
81.32,1.0,,,,,,,,,
81.34,0.0,,,,,,,,,
81.37,,,,,,,,,,4.0
81.38,,,,,,,1.0,,,2.0
81.39,,,,,,,0.0,,,
81.49,,,,,27.0,,,,,
81.5,,,,,26.0,26.0,,,,
81.79,,20.0,,,,,,,,
81.85,,,,,,26.0,,,,
81.92,,,,,27.0,,,,,
81.93,,,,,26.0,,,,,
81.97,,,,,,27.0,,,,
81.98,,,,,,26.0,,,,
82.06,,,,1.0,,,,,,
82.07,,,,0.0,,,,,,
82.18,,,0.0,,,,,,,
82.19,,,0.0,,,,,,,
82.22,1.0,,,,,,,,,3.0
82.23,0.0,,,,,,,,,1.0
82.3,0.0,,,,,,,,,
82.35,,,,0.0,,,,,,
82.44,,20.0,,,,26.0,,,,
82.47,,,,,27.0,,1.0,,,
82.48,,,,,,,0.0,,0.0,
82.49,,20.0,,,26.0,,,,,
82.5,,,,,27.0,,,,,
82.51,,,,,26.0,,,,,
82.53,,20.0,,0.0,,,,,,
82.74,,,,,,,,,,0.0
82.78,,20.0,,,,,,,,
82.82,1.0,,,,,,,,,
82.84,0.0,,,,,,,,,
82.86,,,,,26.0,27.0,,,,
82.87,,,,,28.0,26.0,,,,
82.88,,,,,26.0,,,,,
82.91,,,,2.0,,,,,,
82.92,,,,0.0,,,,,,
82.94,,,,,,,0.0,,,
82.97,,,,,26.0,,,,,
83.03,,,,0.0,,,,,,
83.06,,,,,,,,,2.0,
83.07,,,,,,,,,0.0,
83.18,,,,,26.0,,,,,
83.21,,,,,,,,2.0,,
83.22,,,,,,,,0.0,,
83.26,,,,,,,0.0,0.0,,
83.28,,,,,,,,,0.0,
83.39,,,,,,,1.0,,,
83.4,,,,,,,0.0,0.0,,
83.46,0.0,,,,,,,,,
83.48,,19.0,,,,,,,,
83.63,0.0,,,,,,,,,
83.67,,,,,,,,,0.0,
83.72,,,,,,,,,,0.0
83.73,,,,,,,1.0,,,
83.74,,,,,,,0.0,,,
83.77,,,,,,,,,,1.0
83.78,,,,,,,,,,0.0
83.84,,20.0,,,,,,,,
83.85,,18.0,,,,26.0,,,,
83.93,,17.0,,,,,,,,
84.0,,,,,,,0.0,,0.0,
84.04,1.0,,,,,,,,,
84.05,0.0,,,,,,,,,
84.09,,,,,,27.0,,,,
84.1,,,,,,26.0,,,,
84.15,0.0,,,,,,,,,
84.19,,,,,,,,,0.0,
84.2,,,,,,,,0.0,,
84.25,,,,,26.0,,,,,
84.26,,,,0.0,,,,,,
84.34,,,,,,,,,,0.0
84.39,,,,,,,,,,0.0
84.46,,,2.0,,,,,,,
84.47,,,0.0,,,,,,,
84.54,,16.0,,,,27.0,,,,
84.55,,,,,,26.0,,,,
84.56,,,1.0,,,,,,,
84.57,,,0.0,,,,,,,
84.61,0.0,,,,,,,,,
84.64,0.0,,,,,,,,,
84.75,0.0,,,,,,,,,
84.8,,,1.0,,,,,,0.0,
84.81,,15.0,0.0,,,,,,,
84.95,,,,0.0,,,,,0.0,
85.0,,,,,26.0,,,,,0.0
85.01,,14.0,,,,,,,,
85.07,,,,,,,,1.0,,
85.09,,,,,,,,0.0,,
85.1,,,,,,,,,0.0,
85.19,,,1.0,,,,,,,
85.2,,,0.0,,,26.0,,,,
85.22,,,,,,,,,0.0,
85.27,,,1.0,,,,,,,
85.28,,,0.0,,,,,,,
85.42,,,,0.0,,26.0,,,,
85.45,0.0,,,,,,,,,
85.7,0.0,,,,,,,,,
85.72,,,,,,,,0.0,,
85.86,,,,,,,,,,0.0
85.93,,,,,,,1.0,,,
85.94,,,,,,,0.0,,,
86.04,,,1.0,,,,,,,
86.05,,,0.0,,,,,,,
86.13,,,0.0,,,,,,,
86.16,,,,,,27.0,,,,
86.17,,,,,,26.0,,,,
86.25,,,,1.0,,26.0,,,,
86.26,,,,0.0,,,,,,
86.28,,,,,,27.0,,,,
86.29,,,,,,26.0,,,,
86.31,,,,0.0,,,,,,
86.38,,,,,,,,,0.0,
86.46,,,1.0,,,,,,,
86.47,,,0.0,,,,,,,
86.5,,,,,,,0.0,,,
86.51,,,,,,26.0,,,,
86.57,,,,0.0,,,,,,
86.59,,13.0,,,,,,,,
86.8,0.0,,,,,,,,,
86.87,,,,0.0,,,,,,
86.88,,,,,,26.0,,,,
86.89,,,,,27.0,,,,,
86.9,,,,,27.0,,,,,
86.91,,,,,26.0,,,,,
86.92,,,,,,,0.0,,,1.0
86.93,,,,,,,,,,0.0
86.94,,,,,26.0,,,,,
86.97,,,,,26.0,,,,,
87.02,,,,,,,,,,0.0
87.03,,,,,,27.0,,,,
87.04,,,,,,26.0,,,,
87.13,,,,,,,,1.0,,
87.14,,,,,,,,0.0,,
87.18,,,0.0,,,,0.0,,,
87.22,,,,1.0,,,,,,
87.23,,,,0.0,,,,,,
87.24,,,,,27.0,,,,,
87.25,,12.0,,,26.0,,,,0.0,
87.32,,,,,,27.0,,,,
87.34,,,,0.0,,26.0,,,,
87.37,,11.0,,,26.0,27.0,,,,
87.38,,,,,,26.0,,,,
87.4,,,,,,,,,0.0,
87.52,,,,,,26.0,,,,
87.53,,12.0,,,27.0,,,,,
87.54,,10.0,,,26.0,,,,,
87.66,,,,,26.0,,,,,
87.71,,,,,,,,,,1.0
87.72,,,,,,,,,,0.0
87.75,,,,0.0,,,,,,
87.79,,,,,26.0,,,,,
87.84,,,0.0,,,,,,,
87.88,0.0,,,,,,,,,
87.93,0.0,,,,,,,,,
87.96,,,,,,,,1.0,,
87.97,,,,,,,,0.0,,
87.99,,,,,26.0,,,,,0.0
88.0,,,,,,,,,,0.0
88.12,0.0,,,,,,,,,
88.18,,,,,,,,0.0,,
88.26,,,,,,,,,0.0,
88.44,,,,1.0,,,,,,
88.45,,,,0.0,,,,0.0,,
88.47,,,,,27.0,,,,,
88.48,,,,,26.0,,,0.0,,
88.54,,,,,,,,,,0.0
88.57,,,,0.0,,,,,,
88.63,,,,1.0,,,,,,
88.64,,,,0.0,,,,,,
88.69,,,,0.0,,,,,,
88.75,,,0.0,,,,,,,
88.82,,9.0,,,,,,,,
88.87,,,0.0,,,,,,,
88.96,,,,,,,,0.0,,
88.99,0.0,,,,,,,,,
89.0,,,,1.0,,,,,,
89.01,,,,0.0,,,1.0,,,
89.02,,,,,,,0.0,,,
89.06,,10.0,,,,,,,,
89.07,,8.0,,,,,,,,
89.11,,,,,,,,1.0,,
89.12,,,,,,,,0.0,,
89.18,,,,,,,,,0.0,
89.21,,7.0,,,,,,,,
89.26,,,,,,26.0,,,,
89.38,,,,,,,0.0,,,
89.44,,,,,,,0.0,,,
89.47,1.0,,,,,,,,,
89.48,0.0,,,,,,,,,
89.53,,8.0,,,,,,,,0.0
89.54,,6.0,,,,,,,,
89.6,,,,,,,,,,0.0
89.63,,7.0,,,,,,,,
89.64,,5.0,,,,,,,,
89.65,,,,,,27.0,,,,
89.66,,,,,,26.0,,,,
89.71,,,,,26.0,,,,,
89.75,0.0,,,,,27.0,,,,
89.76,,,,,,26.0,,,,
89.78,,,,,,,,,1.0,
89.79,,,,,,,,,0.0,
89.94,,,,,,,,,,0.0
89.95,,,,,,27.0,,,,
89.96,,,,,,26.0,,,,
89.98,,,1.0,,,,,,,
89.99,,,0.0,,,,,,,
90.03,,,,,,,,0.0,,
90.1,,,,,,,,0.0,,
90.14,1.0,,,,,,,,,
90.15,0.0,,,,,,,,,
90.18,0.0,,,,,,,,,
90.21,,,1.0,,,,,,,
90.22,,,0.0,,,,,,,
90.46,,4.0,,,,,,,,
90.52,,,,,,,,,,0.0
90.55,,,,,,,1.0,,,
90.57,,,,,,,0.0,,,
90.67,,,0.0,,,,,,,
90.7,,,,,,,,,0.0,
90.72,,,,,,,0.0,,,
90.77,,,,,,,,0.0,,
90.8,0.0,,,,,,,,,
90.89,,,,,,27.0,,,,
90.9,,,,,,26.0,,,,
90.91,,,,1.0,,,,,,
90.92,,,,0.0,,,,,,
91.07,,,0.0,,,,,,,
91.2,0.0,,,,,,,,,
91.25,,,,,,,,0.0,,
91.26,,5.0,,,,,,,,
91.27,,3.0,,,,,,,,
91.28,,,0.0,,,,,,,
91.29,,,,,,,,1.0,,
91.3,,,,,,,,0.0,,
91.37,,,,,27.0,,,,,
91.38,,,1.0,,26.0,,,,,
91.39,,,0.0,,,,,,,
91.43,0.0,,,,,,,,,
91.51,,,1.0,,,,,,,
91.52,,,0.0,,,,,,,
91.54,,,,,,,,0.0,,
91.67,,,,,,27.0,,,,
91.68,,,,,,26.0,,,,
91.7,,,,0.0,,,,,,
91.79,,2.0,,,,,,,0.0,
91.81,,,0.0,,,,,,,
91.85,,,,,,27.0,,,,
91.86,,,,,,26.0,,,,
91.88,,,,,,,0.0,,,
91.89,,,,,,27.0,,,,
91.91,,,,,,26.0,,,,
92.01,1.0,,,,,,,,,
92.02,0.0,,,,,,,,,
92.07,,,,0.0,,,,,,
92.1,,,,,,,,,,1.0
92.11,,,,,,,,,,0.0
92.18,,,,,,26.0,,,,
92.25,,1.0,,,,,,,,
92.38,,,,,26.0,,,,,
92.44,,,,,,,,,,0.0
92.52,,,,,26.0,,,,,
92.55,,,,,26.0,,,,,
92.57,0.0,,,,,,,,,
92.63,,,,,,26.0,,,,
92.66,,,,,,,,0.0,,
92.7,,,,,26.0,,,,,
92.78,,,0.0,,,,,,,
92.79,,,,,,27.0,,,,
92.8,,,,,,26.0,,,,
92.82,,,,,26.0,,,,,
92.86,,,1.0,,,,,,,
92.87,,,0.0,0.0,,26.0,,,,
92.9,,,,0.0,,,,,,
92.92,,,,,,,,,,0.0
92.93,,2.0,,,,,,,,
92.94,,0.0,,,,,,,,
92.98,,,,,,,,0.0,,
93.02,,,,,27.0,,,,,
93.03,,,,,26.0,,,,,
93.04,,,,,,,1.0,,,
93.05,,,,,,,0.0,,,
93.15,,,,,,,,,0.0,
93.19,,,0.0,,,,,,,
93.25,0.0,,,,27.0,,,,,
93.26,,,,,26.0,,,,,
93.27,,2.0,,,,,,,,
93.28,,0.0,,2.0,,,,,,
93.29,,,,0.0,,,,,,
93.3,,,,0.0,,,,,,
93.39,,,1.0,,25.0,,,,,
93.4,,,0.0,,,,,,,
93.5,0.0,,,,,,,0.0,,
93.55,,,,0.0,,,,,,
93.56,,1.0,,,,,,,,
93.57,,0.0,,,,,,,,
93.59,,,,,24.0,,,,,
93.75,,,,,,26.0,,,,1.0
93.76,,,,,,,,,,0.0
93.88,,,,,,27.0,,,,
94.01,,,1.0,,25.0,26.0,,,,
94.02,,,0.0,,23.0,26.0,1.0,,,
94.03,,,,,,,0.0,,,
94.06,,1.0,,,,,,,0.0,
94.09,,0.0,,1.0,,,,,,
94.1,,,,0.0,,,,,,
94.12,,,0.0,,,,,,,
94.16,,,,,24.0,,,,,
94.17,,,,,22.0,,,,,
94.24,,0.0,,,,,,,,0.0
94.37,0.0,,,,,,,,,
94.39,,,,0.0,,,,,,
94.4,,,0.0,,,,,,,
94.48,1.0,,,,,,,,,
94.49,0.0,,,,,,,,,
94.51,,,,1.0,,,,,,
94.53,,,,0.0,,,,,,
94.56,,,,,,,,1.0,,
94.57,,,,,,,,0.0,,
94.61,,,,,,,,,,1.0
94.62,,,,,,,,,,0.0
94.66,,,,0.0,,,,,,
94.7,,,,,,27.0,,,,
94.71,,,,,,26.0,,,,
94.81,,,,,,,,,,0.0
95.02,,,,,,26.0,,,,
95.04,,,,,23.0,,,,,
95.06,,,,0.0,21.0,,,,,
95.1,1.0,,,,,,,,,
95.11,0.0,,,,,,,,,
95.12,,,,,,26.0,,,,
95.15,,,,1.0,,,,,,
95.16,,,,0.0,,,,,,
95.18,,,,,,,,,,1.0
95.19,,,,0.0,,,,,,0.0
95.26,,,,,,,,1.0,,
95.27,,,,,,,0.0,0.0,,
95.36,,,,,,27.0,,,,
95.37,,,,,,26.0,,,,
95.44,,,,0.0,,,,,,
95.47,,,,,,26.0,,,,
95.53,,0.0,,,,,,,,
95.59,,,,,,,,,,0.0
95.75,,0.0,,,,,,,,
95.8,,,,,,,,,1.0,
95.81,,,,,,,,,0.0,
95.86,,,,,20.0,,,,,
95.94,,1.0,,,,,,,,
95.95,,0.0,,,,,,,,
95.97,,1.0,,,,,,,,
95.98,,0.0,,,,,,,,
96.0,,,0.0,,,,,,,0.0
96.13,,0.0,,,,,0.0,,,
96.17,0.0,,,,,,,,,
96.22,,,,,,,,,,0.0
96.25,,0.0,,,,,,,,
96.42,0.0,,,,,,,,,
96.43,,,,,,26.0,,,,
96.5,,,,,,,,0.0,0.0,
96.53,,,,,,,0.0,,,
96.62,,,,,,,0.0,,,
96.74,,,,,,,1.0,,,
96.75,0.0,,,,,,0.0,,,
96.77,0.0,,,,,,,,,
96.84,,,,,21.0,,,,,
96.85,,,,,19.0,,,,,
96.91,,,,,18.0,,,,,
96.98,1.0,,,,,,,,,
96.99,0.0,,,,,,,,,
97.18,,,,,,26.0,,,,
97.2,,,,,17.0,,,,,
97.27,,,,,16.0,,,,,
97.4,,,,,,26.0,,,,
97.45,,,,,,26.0,,,,
97.56,,,,,,,1.0,,,
97.57,,,,,,,0.0,,,
97.59,0.0,,,,,,,,,
97.66,,,,,,,0.0,,,
97.69,,,,,,,,,1.0,1.0
97.7,,,,,,,,,0.0,0.0
97.72,,,,0.0,,,,,,
97.74,1.0,,,,,26.0,,,,
97.75,0.0,,,,,27.0,,,,
97.76,,,,,15.0,26.0,,,,
97.86,1.0,,,,,,,,,
97.87,0.0,,,,,,,,,
97.88,,,,,,,,0.0,,
97.9,,,,,,26.0,,,,
97.91,,,,,,,,,0.0,
97.96,,,0.0,,,,,,,
97.98,,,,0.0,,,,,,
98.02,,,,,16.0,,,,1.0,
98.03,,,,,14.0,,,,0.0,
98.05,,,,,,26.0,,,,
98.07,,,,,13.0,,,,,
98.09,,1.0,,,,,,,,
98.1,,0.0,0.0,,,,,,,
98.11,,,,,,,1.0,,,
98.12,,,,,,,0.0,,,
98.13,0.0,,,,,,,,,
98.3,,,,0.0,,,,,,
98.35,,,1.0,,,,,,,
98.36,,,0.0,,,,,,,
98.48,,,,,,27.0,,,,
98.49,,,,,,26.0,,,,
98.51,,1.0,,,,,,,,
98.52,,0.0,,,,,,,,
98.59,,,,0.0,,,,,,
98.67,,,0.0,,,,,,,
98.69,1.0,,,,,,,,,
98.7,0.0,,,,,,,,,
98.71,,,,,,,,1.0,,
98.72,,,,,,,,0.0,,
98.77,,,0.0,,,,,,,
98.87,,0.0,,,,,,,,
98.89,,,,,12.0,,,,,
98.91,,,,,13.0,,,,,
98.92,,,,,11.0,,,,,
98.94,,,,,,,1.0,,,
98.95,,,,,,,0.0,,,
98.96,,,,,,,,,0.0,
98.99,0.0,,,,,,,,,
99.02,,,,0.0,,,,,,
99.12,,,,,,,,,,1.0
99.13,,,,,,,,,,0.0
99.17,,,,,12.0,,,,,
99.18,,,,,10.0,,0.0,,,
99.22,0.0,,1.0,,,,,,,
99.23,,,0.0,,,,,,,
99.25,,,,,,26.0,,,,
99.26,,1.0,,,,,,,,
99.27,0.0,0.0,,,,,,,,
99.38,,,0.0,,,,,,,
99.42,,,1.0,,,,,0.0,,
99.43,,,0.0,,11.0,,,,,
99.44,,,,,9.0,,,,,
99.45,,,,1.0,,,,,,
99.46,,,,0.0,,,,,,
99.48,,1.0,,,,,,,,
99.49,,0.0,,,,,,,,
99.59,,,,,,,,1.0,,
99.6,,,,,,,,0.0,,
99.63,,0.0,,,,,,,,
99.77,,,0.0,,,,,,,
99.88,,,,,,,,,1.0,
99.89,,,,,,,,,0.0,
100.14,,,0.0,,,,,,,
100.17,,,,,,27.0,,,,
100.18,,,,,,26.0,,,,
100.19,,,,,,,,,0.0,
100.29,,,,,,,,1.0,,
100.3,,,,,,,,0.0,,
100.35,,,,0.0,,,,,,
100.41,,,,,,,0.0,,,
100.46,,,0.0,,,,,,,
100.52,,,,,,26.0,,,,
100.53,,,,,,26.0,,,,
100.56,,,,,8.0,,,,,
100.59,,,,1.0,,,,,,
100.6,,,,0.0,,,,,,
100.62,,1.0,,,,,,,,
100.63,,0.0,,,,,,,,
100.66,,,1.0,,,,,,,
100.67,,,0.0,,,,,,,
100.75,,1.0,,,,,,,,
100.76,,0.0,,,,,,,,
100.82,,,,,,,,,,1.0
100.84,,,,,,,,,,0.0
100.9,1.0,,,,,,,,,
100.91,0.0,,,,,,,,,
100.92,,,,,,,1.0,,,
100.93,,,,,,,0.0,,,
100.95,,1.0,,,,,,,,
100.96,,0.0,,,,,,,,
101.04,,,,,,,,,0.0,
101.05,,,0.0,1.0,,,,,,
101.06,,,,0.0,,,,,,
101.11,,,0.0,,,,,,,
101.18,,,,,,,,0.0,,
101.2,,,,0.0,,,,,,
101.34,,,1.0,,,,,,,
101.35,,,0.0,,,,,,,
101.38,,,,1.0,,,,,,
101.39,,,,0.0,,,,,,
101.46,,,,,,,,0.0,,
101.56,,0.0,,,,,,,,
101.61,,,,,,,0.0,,,
101.63,,,,,,,,,,0.0
101.64,,,,1.0,,,,,,
101.65,,,,0.0,,,,,,
101.75,,,1.0,1.0,,,,,,
101.76,,,0.0,0.0,,,,,,
101.8,,,,1.0,,,,,,
101.81,,,,0.0,,,,,,
101.82,,,,0.0,,,,,,
101.94,,,,,,26.0,,,,
101.95,1.0,,,,,,,,,
101.96,0.0,,,,,,,,,0.0
102.0,,,,,,,,0.0,,
102.26,,,,,7.0,,,,,
102.27,,0.0,,,,,,,,
102.29,,,,,,26.0,,,,
102.3,,1.0,,,,,,,,
102.31,,0.0,,,,,,,,
102.34,,1.0,,,,,,,,
102.35,,0.0,,,,,,,,
102.36,,0.0,,,,,,,,
102.44,,,,,8.0,,,,,
102.45,,,,,6.0,,,,,
102.49,,,,,,,,,,0.0
102.5,,,,,,,0.0,,,
102.53,,,,,,,0.0,,,
102.55,,,,1.0,,,,,,
102.56,,,,0.0,,,,,,
102.61,,0.0,,,,,,,,
102.65,,,,,,26.0,,,,
102.7,,0.0,0.0,,,,,,,
102.74,,,,,4.0,,,,,
102.76,,,,,,26.0,,,,
102.85,,,,,,,0.0,,,
102.91,,,,,,27.0,,1.0,,
102.92,,,,,,26.0,,0.0,,
103.12,,,,,,26.0,,,,
103.16,,,,,,,,1.0,,
103.17,0.0,,,,,,,0.0,,0.0
103.25,,,,,,,,,0.0,
103.26,,1.0,,,,,,,,
103.27,,0.0,,,,26.0,,,,
103.29,,,,,,27.0,,,,
103.3,,,,,,26.0,,,,
103.31,,,,,5.0,,,,,
103.32,,,,,3.0,,,,,
103.34,1.0,,,,,,,,,
103.35,0.0,,,,,,,,,
103.38,,1.0,,,,,,,,
103.39,,0.0,,,,,,,,
103.43,0.0,,,,,,,,,
103.49,,,,,,26.0,,,,
103.5,,,,,4.0,,,,,
103.51,,,,,2.0,,,,,
103.55,,,0.0,,1.0,,,,,
103.56,,,,,,,,0.0,,
103.67,,,,,0.0,,,,,
103.69,,,,,,,,,2.0,
103.7,,,,,,,,,0.0,
103.71,0.0,,,,,,,,,
103.74,,,,,,,,,,0.0
103.91,,,,,,27.0,,,,
103.92,,,,,,25.0,,,,
103.99,,2.0,,,,,,,,
104.0,,0.0,,,,,,,,
104.09,,,,,,,,,1.0,
104.1,,,,,,,,,0.0,
104.15,0.0,,,,,,,,,
104.3,,,,,,24.0,,,,
104.34,,,,,,,,,,0.0
104.37,,,,,0.0,,,,,
104.42,,,,,1.0,,,,,
104.43,,,,,0.0,,,,,
104.5,0.0,,,,,,,,,
104.61,,,0.0,,,,,,,
104.64,,,,,,25.0,,,,
104.65,,,,,,23.0,,,,
104.67,0.0,,,,,,,,,
104.68,,,,,0.0,,,,,
104.69,,,0.0,,,,,,,
104.72,,,,0.0,,,,,,
104.77,,,,,,22.0,,,,
104.82,0.0,,,,,,,,,
104.93,,,,,0.0,,,,,0.0
104.95,,,,1.0,,,,,,
104.96,,,,0.0,,,,,,
104.99,,,,,,,,,0.0,
105.04,1.0,,,,,,,,,
105.05,0.0,,,,,,,2.0,,
105.07,,,0.0,,,,,0.0,,
105.1,,1.0,,,,,,,,
105.11,,0.0,,,,,,,,
105.12,,,,,,,,,,1.0
105.13,,,,,,,,,,0.0
105.21,,,,,0.0,,,,,
105.24,,,1.0,,,,,,,
105.25,,,0.0,,,,,,,1.0
105.26,,,,,,,,,,0.0
105.36,,,,,,,,,0.0,
105.47,,,1.0,,,,,,,
105.48,,,0.0,,,,,,,
105.51,,,,,,23.0,,,,
105.52,,,,,,21.0,,,,
105.61,,,,,,,,0.0,,
105.63,0.0,,,,,,,,,
105.65,,,,,,20.0,,,,
105.66,,,,,,,,,,0.0
105.67,,,,,,,,,,0.0
105.75,0.0,,,,,,,,,
105.81,,,1.0,,,,,0.0,,
105.82,,,0.0,,,,,,,
105.92,0.0,,,,,,,,,
105.93,1.0,,,,,,,,,
105.94,0.0,,,,,,,,,
105.96,,,,1.0,,,,,,
105.97,,,,0.0,,,,,,
106.0,,,,0.0,,,,,,
106.03,,,,1.0,,,,,,
106.04,,,,0.0,,,,,,
106.12,,,,,,,2.0,,,
106.13,,,,,,,0.0,,,
106.15,,,,,1.0,,,,,
106.16,,,0.0,,0.0,19.0,,,,
106.17,,0.0,,,,,,,,
106.23,,,,0.0,,,,,,
106.24,,,,,,,,1.0,,
106.25,,,,,,,,0.0,,
106.4,,,1.0,,,,,,,
106.41,,,0.0,,,,,,,
106.42,,,,,,,,,0.0,
106.46,,,0.0,,,,,,,
106.74,,,,,,,,,,0.0
106.8,,,0.0,,,,,,,
106.95,,,,1.0,,,,,,
106.96,,,,0.0,,,,,,
107.13,,,,,,,,,1.0,
107.14,,,,,,,,,0.0,
107.17,,,,,,,1.0,,,
107.18,,,,,,,0.0,,,
107.19,,,,,1.0,,,,,
107.2,,,,,0.0,,,,,
107.25,,,,1.0,,,,,,
107.28,,,,0.0,,,,1.0,,
107.29,,,,1.0,,,,0.0,,
107.3,,,,0.0,,,,,,
107.39,,,,,,,,,,0.0
107.4,,0.0,,,,,,,,
107.41,,,,,,,,1.0,,0.0
107.42,,,,,,,,0.0,,
107.43,,1.0,,,,18.0,,,,
107.44,,0.0,,,,,,,,
107.49,,1.0,,,,,,,,
107.5,,0.0,,,,,,,,
107.59,0.0,,,,,,,,,
107.68,,,,,,,,,,0.0
107.77,,,,,,19.0,,,,
107.78,,,,,,17.0,,,,
107.89,,,,,0.0,,,,,
107.91,,,,0.0,,,,,,
107.96,,,,,,,,0.0,,
108.0,,,,,,,,,1.0,
108.01,,,,1.0,,,,,0.0,
108.02,,,,0.0,,,,,,
108.16,,,,,,16.0,,,,
108.21,0.0,,,,,,,,,
108.23,,,,,0.0,,,,,
108.26,,,,,,15.0,,,,
108.28,,,,1.0,,,,,,
108.29,,0.0,,0.0,,,,,,
108.3,,,,1.0,,,,,,
108.31,,,,0.0,,16.0,,,,
108.32,,,,,,14.0,,,,
108.39,,,,,0.0,,,,,
108.48,0.0,,,,,,,,,
108.49,,,0.0,,0.0,,,,,
108.51,,,,,,,,,0.0,
108.54,,,,1.0,,,,,,
108.55,,,,0.0,,,,,,
108.71,0.0,,,1.0,,,,,,
108.72,,,,0.0,,13.0,,,,
108.77,,,,,,14.0,,,,
108.78,,,,,,12.0,,,,
108.85,,,,,,,,,0.0,
108.97,,,,,1.0,,,,,
108.98,,,,,0.0,,,,,
108.99,,,,,1.0,,,,,
109.0,,,,,0.0,,,,,
109.03,,1.0,,,,,,,,
109.13,,0.0,,,,,,,,
109.14,,0.0,,,0.0,,,,,
109.19,,,,,,,,,1.0,
109.22,,,,,,,,,0.0,
109.24,,1.0,,,,,,,,
109.28,,0.0,,,,,,,,
109.29,,,,,,,,,,0.0
109.41,,,1.0,,,,,,,
109.42,,1.0,0.0,,,11.0,,,,
109.43,,0.0,,,,,,,,
109.45,,,,,,,0.0,,,
109.46,,,,,,,1.0,,,
109.47,,,,,,10.0,0.0,,,
109.48,,1.0,,,,,,,,
109.49,,0.0,,,,,,,,
109.5,,,0.0,,,,,0.0,,
109.51,,,,1.0,,,,,,
109.54,1.0,,,0.0,,,,,,
109.55,0.0,,,,,,,,,
109.66,,,,,,,1.0,,,
109.67,,,,,,,0.0,,,
109.87,,,,,,,1.0,,,
109.88,,,,,,,0.0,,,
109.98,1.0,,,,,,,,,
110.0,0.0,1.0,,,1.0,,,,,
110.03,,2.0,,,0.0,,,,,
110.04,,0.0,,,,,,,,
110.07,0.0,,,,,,,,,
110.12,,,,,0.0,,,,,
110.13,,,,,,11.0,,,,
110.2,1.0,,,,,9.0,,1.0,,
110.21,,,1.0,,,,,,,
110.23,0.0,,0.0,,,,,0.0,,
110.39,,,,,,8.0,,,,
110.45,,,,,0.0,,,,,
110.56,,,,1.0,,,,,,
110.57,,,,0.0,,,,,,
110.67,,,,,,,0.0,,,
110.69,,,,1.0,,,,,,
110.7,,,,0.0,,,,,,
110.75,,,,,,,,,0.0,
110.85,1.0,,,,,,,,,
110.86,0.0,,,,0.0,,,,,
110.87,,,,,,,,,1.0,
110.88,,,,,,,,,0.0,
110.93,,,,,,7.0,,,,
110.94,,,,,,,1.0,,,
110.95,,,,,,,0.0,,,
111.03,,,,,,6.0,,,,
111.1,1.0,,,,,,,,,
111.11,0.0,,,,,,,,,
111.21,,,,0.0,,,,,,
111.29,,,,,,,1.0,,,
111.3,,,,,,,0.0,,,
111.34,,,,,,,,,1.0,
111.35,,,1.0,,,,,,0.0,
111.36,,,0.0,,,,,,,
111.37,,,,,,,,,,1.0
111.38,,,,,,,,,,0.0
111.41,,1.0,,,,,,,,
111.42,,0.0,,,,,,,,
111.63,,,,,1.0,,,,,
111.64,,,,,0.0,,,,,
111.66,1.0,,,1.0,,,,,,
111.67,0.0,,,0.0,,,,,,
111.7,,,,1.0,,,,,,
111.71,,,,0.0,,,,,,
111.75,,,,,,5.0,,,,
111.81,,,1.0,,,,,1.0,,
111.82,,1.0,0.0,,,,,0.0,,
111.84,,0.0,,,,,,,,
111.86,,1.0,1.0,,,,,,,
111.87,,0.0,0.0,,,,,,,
111.91,,,,,,,,,,1.0
111.92,,,,,,,,,,0.0
111.96,,,,,,,,1.0,,
111.97,,,,,,,,0.0,,
112.06,,,1.0,,,,,,,
112.07,,,0.0,,,,,,,
112.13,1.0,,,,,,,,,
112.14,0.0,,,,,,,,,
112.15,,,,,1.0,,,,,
112.16,,,,0.0,0.0,,,,,
112.18,,,,,,,,,,0.0
112.3,1.0,,,,,,,,,
112.31,0.0,,,,,,,,,
112.34,,,,,,,,1.0,,
112.35,,,,,,,,0.0,,
112.41,,,0.0,,,,,,,
112.52,,,,,,,,,,1.0
112.53,,,,,,,,,,0.0
112.66,,,1.0,,,,,,,
112.67,,,0.0,,,,,,,
112.72,,,,,,,,0.0,,
112.79,,,,,,,,1.0,,
112.8,,,,,,,,0.0,,
112.85,,,1.0,,1.0,,,,,
112.86,,,0.0,,0.0,,,,,
112.98,,,,1.0,,6.0,,,,
112.99,,,,0.0,,4.0,,,,
113.02,0.0,,0.0,,,,,,,
113.05,,,1.0,,,,,,,
113.06,,,0.0,,,,,,,
113.11,,,,,,,0.0,,,
113.28,,,,,,,,,,1.0
113.29,,,,,,,,,,0.0
113.31,,,,,,5.0,,,,
113.32,,,,,,3.0,,,,
113.34,,,,,,,,,0.0,
113.41,,,,,0.0,,,,,
113.51,1.0,,,,,,,,,
113.52,0.0,,,,,,1.0,,,
113.53,,,,,,,0.0,,,
113.54,,,,,,,,1.0,,
113.55,,,,,,,,0.0,,
113.73,,,,,,,,,1.0,
113.74,,,,,,,,,0.0,
113.75,,,,,,2.0,,,,
113.8,,,1.0,,,,,,,
113.81,,,0.0,,,3.0,,,,
113.82,,,,,,1.0,,,,
113.85,,,,,1.0,,,1.0,,
113.86,,1.0,,,0.0,,,0.0,,
113.87,,0.0,,,,,,,,
113.89,,,,1.0,,,,,,
113.9,,,,0.0,,,,,,
113.91,,,,1.0,,,1.0,,,
113.92,,,,0.0,,,0.0,,,
113.94,,,1.0,,,,,,,
113.95,,,0.0,,,,,,,
113.96,,1.0,,,,,,,,
113.97,,0.0,,,1.0,,,,,
113.98,,,,,0.0,,,,,
113.99,,,,,,,,1.0,,
114.0,,,,,1.0,,,0.0,,
114.01,,1.0,,,0.0,,,,,
114.02,,0.0,,,,,,,,
114.03,,,,,,,,,1.0,
114.04,,,,,,,,,0.0,1.0
114.05,,,,,,,,,,0.0
114.14,,1.0,,,,,,,,
114.15,,0.0,,,,,,,,
114.25,,,,,,2.0,,,,
114.26,,,,,,0.0,,,,
114.28,,1.0,,,,,,,,
114.29,,0.0,,,,,,,,
114.35,,,1.0,,,,,,,
114.36,,,0.0,,,,,,,
114.37,1.0,,,,,,,,,
114.38,0.0,,,,,,,,,
119.4,,,,,382.0,,,,,
119.41,,,,,377.0,,,,,
119.42,,,,,375.0,,,,,
119.43,,,,,373.0,,,,,
119.44,,,,,370.0,,,,,
119.45,,,,,367.0,,,,,
119.46,,,,,361.0,,,,,
119.47,,,,,358.0,,,,,
119.48,,,,,354.0,,,,,
119.49,,,,,350.0,,,,,
119.5,,,,,342.0,,,,,
119.51,,,,,340.0,,,,,
119.52,,,,,331.0,,,,,
119.53,,,,,330.0,,,,,
119.54,,,,,328.0,,,,,
119.55,,,,,324.0,,,,,
119.56,,,,,317.0,,,,,
119.57,,,,,315.0,,,,,
119.59,,,,,310.0,,,,,
119.6,,,,,306.0,,,,,
119.61,,,,,302.0,,,,,
119.62,,,,,300.0,,,,,
119.63,,,,,298.0,,,,,
119.64,,,,,291.0,,,,,
119.65,,,,,289.0,,,,,
119.66,,,,,287.0,,,,,
119.67,,,,,282.0,,,,,
119.68,,,,,277.0,,,,,
119.69,,,,,273.0,,,,,
119.7,,,,,269.0,,,,,
119.71,,,,,266.0,,,,,
119.72,,,,,261.0,,,,,
119.73,,,,,260.0,,,,,
119.74,,,,,257.0,,,,,
119.75,,,,,247.0,,,,,
119.76,,,,,246.0,,,,,
119.77,,,,,243.0,,,,,
119.78,,,,,239.0,,,,,
119.79,,,,,237.0,,,,,
119.8,,,,,234.0,,,,,
119.81,,,,,231.0,,,,,
119.82,,,,,229.0,,,,,
119.84,,,,,223.0,,,,,
119.85,,,,,219.0,,,,,
119.86,,,,,217.0,,,,,
119.87,,,,,212.0,,,,,
119.88,,,,,210.0,,,,,
119.89,,,,,204.0,,,,,
119.9,,,,,201.0,,,,,
119.91,,,,,198.0,,,,,
119.92,,,,,195.0,,,,,
119.93,,,,,193.0,,,,,
119.94,,,,,187.0,,,,,
119.96,,,,,184.0,,,,,
119.97,,,,,182.0,,,,,
119.98,,,,,175.0,,,,,
119.99,,,,,171.0,,,,,
120.0,,,,,165.0,,,,,
120.01,,,,,162.0,,,,,
120.02,,,,,158.0,,,,,
120.03,,,,,155.0,,,,,
120.04,,,,,152.0,,,,,
120.05,,,,,149.0,,,,,
120.06,,,,,144.0,,,,,
120.07,,,,,143.0,,,,,
120.09,,,,,139.0,,,,,
120.1,,,,,135.0,,,,,
120.11,,,,,134.0,,,,,
120.12,,,,,132.0,,,,,
120.13,,,,,123.0,,,,,
120.15,,,,,121.0,,,,,
120.16,,,,,115.0,,,,,
120.17,,,,,109.0,,,,,
120.18,,,,,106.0,,,,,
120.19,,,,,103.0,,,,,
120.2,,,,,100.0,,,,,
120.21,,,,,94.0,,,,,
120.22,,,,,92.0,,,,,
120.23,,,,,91.0,,,,,
120.24,,,,,85.0,,,,,
120.25,,,,,81.0,,,,,
120.26,,,,,77.0,,,,,
120.27,,,,,72.0,,,,,
120.28,,,,,71.0,,,,,
120.29,392.0,,,,67.0,,,,,
120.3,387.0,,,,66.0,,,,,
120.31,386.0,,,,61.0,,,,,
120.32,382.0,,,,59.0,,,,,
120.34,378.0,,,,58.0,,,,,
120.35,376.0,,,,52.0,,,,,
120.36,374.0,,,,50.0,,,,,
120.37,371.0,,,,49.0,,,,,
120.38,365.0,,,,48.0,,,,,
120.39,362.0,,,,43.0,,,,,
120.4,361.0,,,,40.0,,,,,
120.41,357.0,,,,37.0,,,,,
120.42,352.0,,,,33.0,,,,,
120.43,348.0,,,,28.0,,,,,
120.44,342.0,,,,26.0,,,,,
120.45,340.0,,,,23.0,,,,,
120.46,339.0,,,,20.0,,,,,
120.47,335.0,,,,18.0,,,,,
120.48,331.0,,,,17.0,,,,,
120.49,326.0,,,,13.0,,,,,
120.5,324.0,,,,11.0,,,,,
120.51,319.0,,,,10.0,,,,,
120.52,314.0,,,,8.0,,,,,
120.53,309.0,,,,6.0,,,,,
120.54,306.0,,,,4.0,,,,,
120.55,302.0,,,,3.0,,,,,
120.56,,,,,1.0,,,,,
120.57,298.0,,,,0.0,,,,,
120.59,294.0,,,,,,,,,
120.6,290.0,,,,,,,,,
120.61,288.0,,,,,,,,,
120.62,283.0,,,,,,,,,
120.63,278.0,,,,,,,,,
120.64,275.0,,,,,,,,,
120.65,273.0,,,,,,,,,
120.66,270.0,,,,,,,,,
120.67,268.0,,,,,,,,,
120.68,264.0,,,,,,,,,
120.69,262.0,,,,,,,,,
120.7,254.0,,,,,,,,,
120.71,250.0,,,,,,,,,
120.72,247.0,,,,,,,,,
120.73,243.0,,,,,,,,,
120.74,240.0,,,,,,,,,
120.75,232.0,,,,,,,,,
120.76,228.0,,,,,,,,,
120.77,225.0,,,,,,,,,
120.78,220.0,,,,,,,,,
120.79,219.0,,,,,,,,,
120.8,214.0,,,,,,,,,
120.81,212.0,,,,,,,,,
120.82,209.0,,,,,,,,,
120.84,203.0,,,,,,,,,
120.85,201.0,,,,,,,,,
120.86,197.0,,,,,,,,,
120.87,192.0,,,,,,,,,
120.88,190.0,,,,,,,,,
120.89,185.0,,,,,,,,,
120.9,181.0,,,,,,,,,
120.91,176.0,,,,,,,,,
120.92,172.0,,,,,,,,,
120.93,169.0,,,,,,,,,
120.94,164.0,,,,,,,,,
120.95,162.0,,,,,,,,,
120.96,158.0,,,,,,,,,
120.97,155.0,,,,,,,,,
120.98,153.0,,,,,,,,,
120.99,147.0,,,,,,,,,
121.0,138.0,,,,,,,,,
121.01,134.0,,,,,,,,,
121.02,132.0,,,,,,,,,
121.03,129.0,,,,,,,,,
121.04,127.0,,,,,,,,,
121.05,122.0,,,,,,,,,
121.06,118.0,,,,,,,,,
121.09,113.0,,,,,,,,,
121.1,108.0,,,,,,,,,
121.11,106.0,,,,,,,,,
121.12,102.0,,,,,,,,,
121.13,99.0,,,,,,,,,
121.14,96.0,,,,,,,,,
121.15,95.0,,,,,,,,,
121.23,89.0,,,,,,,,,
121.24,87.0,,,,,,,,,
121.25,84.0,,,,,,,,,
121.26,83.0,,,,,,,,,
121.27,82.0,,,,,,,,,
121.28,80.0,,,,,,,,,
121.29,78.0,,,,,,,,,
121.3,77.0,,,,,,,,,
121.32,75.0,,,,,,,,,
121.34,73.0,,,,,,,,,
121.35,72.0,,,,,,,,,
121.36,70.0,,,,,,,,,
121.37,69.0,,,,,,,,,
121.38,67.0,,,,,,,,,
121.4,66.0,,,,,,,,,
121.41,65.0,,,,,,,,,
121.42,63.0,,,,,,,,,
121.43,61.0,,,,,,,,,
121.44,59.0,,,,,266.0,,,,
121.45,57.0,,,,,379.0,,,,
121.46,53.0,,,,,377.0,,,,
121.47,52.0,,,,,375.0,,,,
121.48,50.0,,,,,370.0,,,,
121.49,49.0,,,,,367.0,,,,
121.5,47.0,,,,,362.0,,,,
121.51,45.0,,,,,358.0,,,,
121.52,,,,,,356.0,,,,
121.53,42.0,,,,,352.0,,,,
121.54,40.0,,,,,348.0,,,,
121.55,38.0,,,,,344.0,,,,
121.56,37.0,,,,,339.0,,,,
121.57,36.0,,,,,338.0,,,,
121.59,,,,,,335.0,,,,
121.6,,,,,,329.0,,,,
121.61,35.0,,,,,327.0,,,,
121.62,32.0,,,,,321.0,,,,
121.63,30.0,,,,,316.0,,,,
121.64,27.0,,,,,313.0,,,,
121.65,26.0,,,,,306.0,,,,
121.66,25.0,,,,,304.0,,,,
121.67,23.0,,,,,299.0,,,,
121.68,,,,,,296.0,,,,
121.69,21.0,,,,,291.0,,,,
121.7,20.0,,,,,288.0,,,,
121.71,19.0,,,,,286.0,,,,
121.72,18.0,,,,,284.0,,,,
121.73,17.0,,,,,278.0,,,,
121.74,16.0,,,,,276.0,,,,
121.75,14.0,,,,,268.0,,,,
121.76,11.0,,,,,264.0,,,,
121.77,9.0,,,,,260.0,,,,
121.78,,,,,,259.0,,,,
121.79,,,,,,255.0,,,,
121.8,,,,,,250.0,,,,
121.82,7.0,,,,,240.0,,,,
121.84,6.0,,,,,238.0,,,,
121.85,,,,,,233.0,,,,
121.86,,,,,,232.0,,,,
121.87,3.0,,,,,226.0,,,,
121.88,,,,,,225.0,,,,
121.89,2.0,,,,,222.0,,,,
121.9,,,,,,217.0,,,,
121.91,1.0,,,,,213.0,,,,
121.92,,,,,,211.0,,,,
121.93,,,,,,205.0,,,,
121.94,0.0,,,,,199.0,,,,
121.95,,,,,,195.0,,,,
121.96,,,,,,193.0,,,,
121.97,,,,,,192.0,,,,
121.98,,,,,,185.0,,,,
121.99,,,,,,183.0,,,,
122.0,,,,,,174.0,,,,
122.01,,,,,,171.0,,,,
122.02,,,,,,166.0,,,,
122.03,,,,,,164.0,,,,
122.04,,,,,,162.0,,,,
122.05,,,,,,157.0,,,,
122.06,,,,,,153.0,,,,
122.07,,,,,,148.0,,,,
122.09,,,,,,144.0,,,,
122.1,,,,,,139.0,,,,
122.11,,,,,,137.0,,,,
122.12,,,,,,133.0,,,,
122.13,,,,,,131.0,,,,
122.14,,,,,,128.0,,,,
122.15,,,,,,124.0,,,,
122.16,,,,,,120.0,,,,
122.17,,,,,,116.0,,,,
122.18,,,,,,114.0,,,,
122.19,,,,,,110.0,,,,
122.2,,,,,,109.0,,,,
122.21,,,,,,106.0,,,,
122.22,,,,,,102.0,,,,
122.23,,,,,,96.0,,,,
122.25,,,,,,87.0,,,,
122.26,,,,,,85.0,,,,
122.27,,,,,,82.0,,,,
122.28,,,,,,81.0,,,,
122.29,,,,,,76.0,,,,
122.3,,,,,,72.0,,,,
122.31,,,,,,71.0,,,,
122.32,,,,,,68.0,,,,
122.34,,,,,,63.0,,,,
122.35,,,,,,61.0,,,,
122.36,,,,,,59.0,,,,
122.37,,,,,,51.0,,,,
122.38,,,,,,50.0,,,,
122.39,,,,,,42.0,,,,
122.4,,,,384.0,,,,,,
122.41,,,,375.0,,35.0,,,,
122.42,,,,369.0,,33.0,,,,
122.43,,,,367.0,,30.0,,,,
122.44,,,,363.0,,27.0,,,,
122.45,,,,357.0,,21.0,,,,
122.46,,,,353.0,,18.0,,,,
122.47,,,,350.0,,16.0,,,,
122.48,,,,343.0,,12.0,,,,
122.49,,,,341.0,,7.0,,,,
122.5,,,,335.0,,2.0,,,,
122.51,,,,331.0,,1.0,,,,
122.52,,,,330.0,,,,,,
122.53,,,,327.0,,0.0,,,,
122.54,,,,319.0,,,,,,
122.55,,,,315.0,,,,,,
122.56,,,,313.0,,,,,,
122.57,,,,310.0,,,,,,
122.59,,,,308.0,,,,,,
122.6,,,,305.0,,,,,,
122.61,,,,300.0,,,,,,
122.62,,,,299.0,,,,,,
122.63,,,,295.0,,,,,,
122.64,,,,291.0,,,,,,
122.65,,,,288.0,,,,,,
122.66,,,,285.0,,,,,,
122.67,,,,281.0,,,,,,
122.68,,,,280.0,,,,,,
122.69,,,,272.0,,,,,,
122.7,,,,269.0,,,,,,
122.71,,,,267.0,,,,,,
122.72,,,,265.0,,,,,,
122.73,,,,261.0,,,,,,
122.74,,,,257.0,,,,,,
122.75,,,,253.0,,,,,,
122.76,,,,248.0,,,,,,
122.77,,,,245.0,,,,,,
122.78,,,,242.0,,,,,,
122.79,,,,239.0,,,,,,
122.8,,,,234.0,,,,,,
122.81,,,,232.0,,,,,,
122.82,,,,230.0,,,,,,
122.84,,,,226.0,,,,,,
122.85,,,,224.0,,,,,,
122.86,,,,219.0,,,,,,
122.87,,,,215.0,,,,,,
122.88,,,,212.0,,,,,,
122.9,,,,205.0,,,,,,
122.91,,,,202.0,,,,,,
122.92,,,,201.0,,,,,,
122.93,,,,196.0,,,,,,
122.94,,,,191.0,,,,,,
122.95,,,,189.0,,,,,,
122.96,,,,186.0,,,,,,
122.97,,,,181.0,,,,,,
122.99,,,,179.0,,,,,,
123.0,,,,169.0,,,,,,
123.01,,,,165.0,,,,,,
123.02,,,,159.0,,,,,,
123.03,,,,157.0,,,,,,
123.04,,,,151.0,,,,,,
123.05,,,,150.0,,,,,,
123.06,,,,146.0,,,,,,
123.07,,,,141.0,,,,,,
123.09,,,,136.0,,,,,,
123.1,,,,132.0,,,,,,
123.11,,,,131.0,,,,,,
123.12,,,,128.0,,,,,,
123.13,,,,123.0,,,,,,
123.14,,,,121.0,,,,,,
123.15,,,,118.0,,,,,,
123.16,,,,112.0,,,,,,
123.17,,,,108.0,,,,,,
123.18,,,,105.0,,,,,,
123.19,,,,101.0,,,,,,
123.2,,,,97.0,,,,,,
123.21,,,,94.0,,,,,,
123.22,,,,92.0,,,,,,
123.23,,,,88.0,,,,,,
123.24,,,,85.0,,,,,,
123.25,,,,76.0,,,,,,
123.26,,,,74.0,,,,,,
123.27,,,,70.0,,,,,,
123.28,,,,68.0,,,,,,
123.29,,,,64.0,,,,,,
123.3,,,,57.0,,,,,,
123.31,,,,54.0,,,,,,
123.32,,,,51.0,,,,,,
123.34,,,384.0,50.0,,,,,,
123.35,,,380.0,45.0,,,,,,
123.36,,,379.0,41.0,,,,,,
123.37,,,372.0,40.0,,,,,,
123.38,,,369.0,35.0,,,,,,
123.39,,,366.0,33.0,,,,,,
123.4,,,361.0,29.0,,,,,,
123.41,,,358.0,26.0,,,,,,
123.42,,,355.0,21.0,,,,,,
123.43,,,349.0,20.0,,,,,,
123.44,,,346.0,18.0,,,,,,
123.45,,,344.0,14.0,,,,,,
123.46,,,340.0,12.0,,,,,,
123.47,,,336.0,7.0,,,,,,
123.48,,,331.0,4.0,,,,,,
123.49,,,328.0,2.0,,,,,,
123.5,,,325.0,1.0,,,,,,
123.51,,,319.0,0.0,,,,,,
123.52,,,313.0,,,,,,,
123.53,,,310.0,,,,,,,
123.54,,,307.0,,,,,,,
123.55,,,303.0,,,,,,,
123.56,,,300.0,,,,,,,
123.57,,,296.0,,,,,,,
123.59,,,292.0,,,,,,,
123.6,,,287.0,,,,,,,
123.61,,,285.0,,,,,,,
123.62,,,282.0,,,,,,,
123.63,,,280.0,,,,,,,
123.64,,,277.0,,,,,,,
123.65,,,272.0,,,,,,,
123.66,,,268.0,,,,,,,
123.67,,,265.0,,,,,,,
123.68,,,260.0,,,,,,,
123.69,,,258.0,,,,,,,
123.7,,,257.0,,,,,,,
123.71,,,254.0,,,,,,,
123.72,,,249.0,,,,,,,
123.73,,,245.0,,,,,,,
123.74,,,241.0,,,,,,,
123.75,,,233.0,,,,,,,
123.76,,,230.0,,,,,,,
123.77,,,229.0,,,,,,,
123.78,,,226.0,,,,,,,
123.79,,,223.0,,,,,,,
123.8,,,218.0,,,,,,,
123.81,,,215.0,,,,,,,
123.82,,,212.0,,,,,,,
123.84,,,209.0,,,,,,,
123.85,,,207.0,,,,,,,
123.86,,,204.0,,,,,,,
123.87,,,200.0,,,,,,,
123.88,,,195.0,,,,,,,
123.89,,,191.0,,,,,,,
123.9,,,187.0,,,,,,,
123.91,,,185.0,,,,,,,
123.92,,,183.0,,,,,,,
123.93,,,180.0,,,,,,,
123.94,,,176.0,,,,,,,
123.95,,,174.0,,,,,,,
123.96,,,172.0,,,,,,,
123.97,,,166.0,,,,,,,
123.98,,,163.0,,,,,,,
123.99,,,159.0,,,,,,,
124.0,,,154.0,,,,,,,
124.01,,,151.0,,,,,,,
124.02,,,148.0,,,,,,,
124.03,,,143.0,,,,,,,
124.04,,,142.0,,,,,,,
124.05,,,135.0,,,,,,,
124.06,,,132.0,,,,,,,
124.09,,,125.0,,,,,,,
124.1,,,123.0,,,,,,,
124.11,,,122.0,,,,,,,
124.12,,,118.0,,,,,,,
124.13,,,115.0,,,,,,,
124.14,,,112.0,,,,,,,
124.15,,,109.0,,,,,,,
124.16,,,106.0,,,,,,,
124.17,,,103.0,,,,,,,
124.18,,,100.0,,,,,,,
124.19,,,96.0,,,,,,,
124.2,,,92.0,,,,,,,
124.21,,,89.0,,,,,,,
124.22,,,84.0,,,,,,,
124.23,,,82.0,,,,,,,
124.24,,,80.0,,,,,,,
124.25,,,67.0,,,,,,,
124.26,,,65.0,,,,,,,
124.27,,,62.0,,,,,,,
124.28,,,59.0,,,,,,,
124.29,,,56.0,,,,,,,
124.3,,,55.0,,,,,,,
124.31,,,51.0,,,,,,,
124.32,,,47.0,,,,,,,
124.34,,,45.0,,,,,,,
124.35,,,42.0,,,,,,,
124.36,,,38.0,,,,,,,
124.37,,394.0,37.0,,,,,,,
124.38,,390.0,32.0,,,,,,,
124.39,,386.0,30.0,,,,,,,
124.4,,384.0,26.0,,,,,,,
124.41,,381.0,24.0,,,,,,,
124.42,,376.0,18.0,,,,,,,
124.43,,371.0,13.0,,,,,,,
124.44,,368.0,8.0,,,,,,,
124.45,,363.0,7.0,,,,,,,
124.46,,360.0,5.0,,,,,,,
124.47,,356.0,3.0,,,,,,,
124.48,,352.0,2.0,,,,,,,
124.49,,350.0,1.0,,,,,,,
124.5,,343.0,0.0,,,,,,,
124.51,,337.0,,,,,,,,
124.52,,335.0,,,,,,,,
124.53,,332.0,,,,,,,,
124.54,,328.0,,,,,,,,
124.55,,324.0,,,,,,,,
124.56,,321.0,,,,,,,,
124.57,,317.0,,,,,,,,
124.59,,312.0,,,,,,,,
124.6,,309.0,,,,,,,,
124.61,,306.0,,,,,,,,
124.62,,303.0,,,,,,,,
124.63,,300.0,,,,,,,,
124.64,,296.0,,,,,,,,
124.65,,291.0,,,,,,,,
124.66,,290.0,,,,,,,,
124.67,,287.0,,,,,,,,
124.68,,281.0,,,,,,,,
124.69,,275.0,,,,,,,,
124.7,,274.0,,,,,,,,
124.71,,273.0,,,,,,,,
124.72,,265.0,,,,,,,,
124.73,,263.0,,,,,,,,
124.74,,261.0,,,,,,,,
124.75,,251.0,,,,,,,,
124.76,,249.0,,,,,,,,
124.77,,246.0,,,,,,,,
124.78,,241.0,,,,,,,,
124.79,,237.0,,,,,,,,
124.8,,234.0,,,,,,,,
124.81,,232.0,,,,,,,,
124.82,,226.0,,,,,,,,
124.84,,221.0,,,,,,,,
124.85,,217.0,,,,,,,,
124.86,,216.0,,,,,,,,
124.87,,214.0,,,,,,,,
124.88,,209.0,,,,,,,,
124.89,,203.0,,,,,,,,
124.9,,200.0,,,,,,,,
124.91,,197.0,,,,,,,,
124.92,,196.0,,,,,,,,
124.93,,193.0,,,,,,,,
124.94,,187.0,,,,,,,,
124.95,,183.0,,,,,,,,
124.96,,180.0,,,,,,,,
124.97,,177.0,,,,,,,,
124.98,,173.0,,,,,,,,
124.99,,171.0,,,,,,,,
125.0,,163.0,,,,,,,,
125.01,,160.0,,,,,,,,
125.02,,155.0,,,,,,,,
125.03,,153.0,,,,,,,,
125.04,,148.0,,,,,,,,
125.05,,143.0,,,,,,,,
125.06,,142.0,,,,,,,,
125.07,,139.0,,,,,,,,
125.09,,135.0,,,,,,,,
125.1,,132.0,,,,,,,,
125.11,,126.0,,,,,,,,
125.12,,123.0,,,,,,,,
125.13,,121.0,,,,,,,,
125.14,,116.0,,,,,,,,
125.15,,112.0,,,,,,,,
125.16,,111.0,,,,,,,,
125.17,,108.0,,,,,,,,
125.18,,103.0,,,,,,,,
125.19,,99.0,,,,,,,,
125.2,,95.0,,,,,,,,
125.21,,94.0,,,,,,,,
125.22,,89.0,,,,,,,,
125.23,,87.0,,,,,,,,
125.24,,85.0,,,,,,,,
125.25,,77.0,,,,,,,,
125.26,,74.0,,,,,,,,
125.27,,72.0,,,,,,,,
125.28,,68.0,,,,,,,,
125.29,,65.0,,,,,,,,
125.3,,63.0,,,,,,,,
125.31,,58.0,,,,,,,,
125.32,,57.0,,,,,,404.0,,
125.34,,53.0,,,,,,400.0,,
125.35,,50.0,,,,,,399.0,,
125.36,,49.0,,,,,,394.0,,
125.37,,46.0,,,,,,390.0,,
125.38,,43.0,,,,,,389.0,,
125.39,,40.0,,,,,,384.0,,
125.4,,38.0,,,,,,380.0,,
125.41,,37.0,,,,,,375.0,,
125.42,,32.0,,,,,,373.0,,
125.43,,29.0,,,,,,370.0,,
125.44,,27.0,,,,,,367.0,,
125.45,,24.0,,,,,,365.0,,
125.46,,20.0,,,,,,360.0,,
125.47,,18.0,,,,,,355.0,,
125.48,,17.0,,,,,,352.0,,
125.49,,11.0,,,,,,348.0,,
125.5,,6.0,,,,,,340.0,,
125.51,,3.0,,,,,,338.0,,
125.52,,1.0,,,,,,334.0,,
125.53,,0.0,,,,,,332.0,,
125.54,,,,,,,,326.0,,
125.55,,,,,,,,323.0,,
125.56,,,,,,,,321.0,,
125.57,,,,,,,,316.0,,
125.59,,,,,,,,313.0,,
125.6,,,,,,,,306.0,,
125.61,,,,,,,,302.0,,
125.62,,,,,,,,300.0,,
125.63,,,,,,,,299.0,,
125.64,,,,,,,,294.0,,
125.65,,,,,,,,290.0,,
125.66,,,,,,,,289.0,,
125.67,,,,,,,,286.0,,
125.68,,,,,,,,280.0,,
125.69,,,,,,,,277.0,,
125.7,,,,,,,,275.0,,
125.71,,,,,,,,269.0,,
125.72,,,,,,,,266.0,,
125.73,,,,,,,,263.0,,
125.74,,,,,,,,256.0,,
125.75,,,,,,,,250.0,,
125.76,,,,,,,,246.0,,
125.77,,,,,,,,244.0,,
125.78,,,,,,,,239.0,,
125.79,,,,,,,,236.0,,
125.8,,,,,,,,234.0,,
125.81,,,,,,,,229.0,,
125.82,,,,,,,,226.0,,
125.84,,,,,,,,223.0,,
125.85,,,,,,,,221.0,,
125.86,,,,,,,,216.0,,
125.87,,,,,,,,211.0,,
125.88,,,,,,,,208.0,,
125.89,,,,,,,,205.0,,
125.9,,,,,,,,202.0,,
125.91,,,,,,,,199.0,,
125.92,,,,,,,,193.0,,
125.93,,,,,,,,190.0,,
125.94,,,,,,,,186.0,,
125.95,,,,,,,,185.0,,
125.96,,,,,,,,181.0,,
125.97,,,,,,,,178.0,,
125.98,,,,,,,,176.0,,
125.99,,,,,,,,173.0,,
126.0,,,,,,,,166.0,,
126.01,,,,,,,,163.0,,
126.02,,,,,,,,159.0,,
126.03,,,,,,,,157.0,,
126.04,,,,,,,,152.0,,
126.05,,,,,,,,149.0,,
126.06,,,,,,,,146.0,,
126.07,,,,,,,,143.0,,
126.09,,,,,,,,140.0,,
126.1,,,,,,,,137.0,,
126.11,,,,,,,,133.0,,
126.12,,,,,,,,130.0,,
126.13,,,,,,,,122.0,,
126.14,,,,,,,,119.0,,
126.15,,,,,,,,118.0,,
126.16,,,,,,,,113.0,,
126.17,,,,,,,,111.0,,
126.18,,,,,,,,108.0,,
126.19,,,,,,,,101.0,,
126.2,,,,,,,,98.0,,
126.22,,,,,,,,91.0,,
126.23,,,,,,,,89.0,,
126.24,,,,,,,,87.0,,
126.25,,,,,,,,79.0,,
126.26,,,,,,,,76.0,,
126.27,,,,,,,,69.0,,
126.28,,,,,,,,66.0,,
126.29,,,,,,,,65.0,,
126.3,,,,,,,,61.0,,
126.31,,,,,,,,55.0,,
126.32,,,,,,,,51.0,,
126.34,,,,,,,,47.0,,
126.35,,,,,,,,44.0,,
126.36,,,,,,,,42.0,,398.0
126.37,,,,,,,,38.0,,393.0
126.38,,,,,,,,34.0,,391.0
126.39,,,,,,,,29.0,,388.0
126.4,,,,,,,,28.0,,384.0
126.41,,,,,,,,22.0,,381.0
126.42,,,,,,,,17.0,,379.0
126.43,,,,,,,,14.0,,376.0
126.44,,,,,,,,11.0,,373.0
126.45,,,,,,,,7.0,,369.0
126.46,,,,,,,,3.0,,363.0
126.47,,,,,,,,1.0,,360.0
126.48,,,,,,,,0.0,,357.0
126.49,,,,,,,,,,352.0
126.5,,,,,,,,,,346.0
126.51,,,,,,,,,,341.0
126.52,,,,,,,,,,339.0
126.53,,,,,,,,,,333.0
126.54,,,,,,,,,,330.0
126.55,,,,,,,,,,326.0
126.56,,,,,,,,,,321.0
126.57,,,,,,,,,,317.0
126.59,,,,,,,,,,313.0
126.6,,,,,,,,,,312.0
126.61,,,,,,,,,,305.0
126.62,,,,,,,,,,302.0
126.63,,,,,,,,,,298.0
126.64,,,,,,,,,,293.0
126.65,,,,,,,,,,292.0
126.66,,,,,,,,,,287.0
126.67,,,,,,,,,,283.0
126.68,,,,,,,,,,281.0
126.69,,,,,,,,,,278.0
126.7,,,,,,,,,,273.0
126.71,,,,,,,,,,272.0
126.72,,,,,,,,,,267.0
126.73,,,,,,,,,,265.0
126.74,,,,,,,,,,261.0
126.75,,,,,,,,,,255.0
126.76,,,,,,,,,,252.0
126.77,,,,,,,,,,249.0
126.78,,,,,,,,,,246.0
126.79,,,,,,,,,,240.0
126.8,,,,,,,,,,239.0
126.81,,,,,,,,,,237.0
126.82,,,,,,,,,,232.0
126.84,,,,,,,,,,228.0
126.85,,,,,,,,,,226.0
126.86,,,,,,,,,,221.0
126.87,,,,,,,,,,217.0
126.88,,,,,,,,,,216.0
126.89,,,,,,,,,,212.0
126.9,,,,,,,,,,207.0
126.91,,,,,,,,,,205.0
126.92,,,,,,,,,,201.0
126.93,,,,,,,,,,199.0
126.94,,,,,,,,,,197.0
126.95,,,,,,,,,,193.0
126.96,,,,,,,,,,190.0
126.97,,,,,,,,,,187.0
126.98,,,,,,,,,,184.0
126.99,,,,,,,,,,178.0
127.0,,,,,,,,,,174.0
127.01,,,,,,,,,,171.0
127.02,,,,,,,,,,167.0
127.03,,,,,,,,,,166.0
127.04,,,,,,,,,,161.0
127.05,,,,,,,,,,155.0
127.06,,,,,,,,,,151.0
127.07,,,,,,,,,,147.0
127.09,,,,,,,,,,145.0
127.1,,,,,,,,,,143.0
127.11,,,,,,,,,,140.0
127.12,,,,,,,,,,134.0
127.13,,,,,,,,,,133.0
127.14,,,,,,,,,,129.0
127.15,,,,,,,,,,125.0
127.16,,,,,,,,,,122.0
127.17,,,,,,,,,,120.0
127.18,,,,,,,,,,119.0
127.19,,,,,,,,,,113.0
127.2,,,,,,,,,,109.0
127.21,,,,,,,,,,105.0
127.22,,,,,,,,,,99.0
127.23,,,,,,,,,,96.0
127.24,,,,,,,,,,92.0
127.25,,,,,,,,,,85.0
127.26,,,,,,,,,,79.0
127.27,,,,,,,,,,78.0
127.28,,,,,,,,,,75.0
127.29,,,,,,,,,,70.0
127.3,,,,,,,,,,67.0
127.31,,,,,,,,,,62.0
127.32,,,,,,,,,,60.0
127.34,,,,,,,,,,55.0
127.35,,,,,,,,,,53.0
127.36,,,,,,,,,,50.0
127.37,,,,,,,,,,47.0
127.38,,,,,,,,,,42.0
127.39,,,,,,,,,,39.0
127.4,,,,,,,399.0,,,37.0
127.41,,,,,,,396.0,,,31.0
127.42,,,,,,,392.0,,,29.0
127.43,,,,,,,388.0,,,26.0
127.44,,,,,,,384.0,,,20.0
127.45,,,,,,,382.0,,,17.0
127.46,,,,,,,377.0,,,11.0
127.47,,,,,,,374.0,,,9.0
127.48,,,,,,,372.0,,,7.0
127.49,,,,,,,369.0,,,0.0
127.5,,,,,,,361.0,,,
127.51,,,,,,,358.0,,,
127.52,,,,,,,356.0,,,
127.53,,,,,,,348.0,,,
127.54,,,,,,,347.0,,,
127.55,,,,,,,343.0,,,
127.56,,,,,,,337.0,,,
127.57,,,,,,,336.0,,,
127.59,,,,,,,333.0,,,
127.6,,,,,,,328.0,,,
127.61,,,,,,,324.0,,,
127.62,,,,,,,321.0,,,
127.63,,,,,,,316.0,,,
127.64,,,,,,,314.0,,,
127.65,,,,,,,311.0,,,
127.66,,,,,,,305.0,,,
127.67,,,,,,,301.0,,,
127.69,,,,,,,296.0,,,
127.7,,,,,,,292.0,,,
127.71,,,,,,,289.0,,,
127.72,,,,,,,287.0,,,
127.73,,,,,,,285.0,,,
127.74,,,,,,,280.0,,,
127.75,,,,,,,271.0,,,
127.76,,,,,,,269.0,,,
127.77,,,,,,,265.0,,,
127.78,,,,,,,260.0,,,
127.79,,,,,,,256.0,,,
127.8,,,,,,,252.0,,,
127.81,,,,,,,249.0,,,
127.82,,,,,,,245.0,,,
127.84,,,,,,,242.0,,,
127.85,,,,,,,239.0,,,
127.86,,,,,,,235.0,,,
127.87,,,,,,,232.0,,,
127.88,,,,,,,228.0,,,
127.89,,,,,,,225.0,,,
127.9,,,,,,,222.0,,,
127.91,,,,,,,218.0,,,
127.92,,,,,,,217.0,,,
127.93,,,,,,,215.0,,,
127.94,,,,,,,207.0,,,
127.95,,,,,,,205.0,,,
127.96,,,,,,,201.0,,,
127.97,,,,,,,197.0,,,
127.98,,,,,,,194.0,,,
127.99,,,,,,,190.0,,,
128.0,,,,,,,183.0,,,
128.01,,,,,,,180.0,,,
128.02,,,,,,,178.0,,,
128.03,,,,,,,176.0,,,
128.04,,,,,,,171.0,,,
128.05,,,,,,,169.0,,,
128.06,,,,,,,167.0,,,
128.07,,,,,,,161.0,,,
128.09,,,,,,,160.0,,,
128.1,,,,,,,157.0,,,
128.11,,,,,,,152.0,,,
128.12,,,,,,,149.0,,,
128.13,,,,,,,146.0,,,
128.14,,,,,,,144.0,,,
128.15,,,,,,,139.0,,,
128.16,,,,,,,137.0,,,
128.17,,,,,,,136.0,,,
128.18,,,,,,,128.0,,,
128.19,,,,,,,124.0,,,
128.2,,,,,,,120.0,,,
128.21,,,,,,,118.0,,,
128.22,,,,,,,117.0,,,
128.23,,,,,,,113.0,,,
128.24,,,,,,,106.0,,,
128.25,,,,,,,101.0,,,
128.26,,,,,,,97.0,,,
128.27,,,,,,,94.0,,,
128.28,,,,,,,91.0,,,
128.29,,,,,,,86.0,,,
128.3,,,,,,,83.0,,,
128.31,,,,,,,81.0,,,
128.32,,,,,,,76.0,,,
128.34,,,,,,,72.0,,,
128.35,,,,,,,68.0,,,
128.36,,,,,,,66.0,,,
128.37,,,,,,,64.0,,,
128.38,,,,,,,62.0,,,
128.39,,,,,,,57.0,,,
128.4,,,,,,,50.0,,,
128.41,,,,,,,48.0,,,
128.42,,,,,,,46.0,,,
128.43,,,,,,,42.0,,,
128.44,,,,,,,37.0,,,
128.45,,,,,,,34.0,,,
128.46,,,,,,,30.0,,,
128.47,,,,,,,25.0,,,
128.48,,,,,,,24.0,,,
128.49,,,,,,,17.0,,,
128.5,,,,,,,14.0,,,
128.51,,,,,,,8.0,,,
128.52,,,,,,,4.0,,,
128.53,,,,,,,0.0,,,
135.73,,,,,,,,,2.0,
135.74,,,,,,,,,0.0,
136.73,,,,,1.0,,,,,
136.74,,,,,0.0,,,,,
138.53,,,,,,,,402.0,,
138.54,,,,,,,,397.0,,
138.55,,,,,,,,396.0,,
138.56,,,,,,,,393.0,,
138.57,,,,,,,,389.0,,
138.59,,,,,,,,387.0,,
138.6,,,,,,,,385.0,,
138.61,,,,,,,,379.0,,
138.62,,,,,,,,375.0,,
138.63,,,,,,,,372.0,,
138.64,,,,,,,,368.0,,
138.65,,,,,,,,364.0,,
138.66,,,,,,,,361.0,,
138.67,,,,,,,,358.0,,
138.68,,,,,,,,355.0,,
138.69,,,,,,,,351.0,,
138.7,,,,,,,,345.0,,
138.71,,,,,,,,340.0,,
138.72,,,,,,,,337.0,,
138.73,,,,,,,,334.0,,
138.74,,,,,,,,328.0,,
138.75,,,,,,,,325.0,,
138.76,,,,,,,,320.0,,
138.77,,,,,,,,318.0,,
138.78,,,,,,,,316.0,,
138.79,,,,,,,,310.0,,
138.8,,,,,,,,308.0,,
138.81,,,,,,,,305.0,,
138.82,,,,,,,,302.0,,
138.84,,,,,,,,298.0,,
138.85,,,,,,,,296.0,,
138.86,,,,,,,,292.0,,
138.87,,,,,,,,288.0,,
138.88,,,,,,,,284.0,,
138.89,,,,,,,,281.0,,
138.9,,,,,,,,278.0,,
138.91,,,,,,,,274.0,,
138.92,,,,,,,,268.0,,
138.93,,,,,,,,266.0,,
138.94,,,,,,,,263.0,,
138.95,,,,,,,,260.0,,
138.96,,,,,,,,254.0,,
138.97,,,,,,,,249.0,,
138.98,,,,,,,,246.0,,
138.99,,,,,,,,244.0,,
139.0,,,,,,,,236.0,,
139.01,,,,,,,,234.0,,
139.02,,,,,,,,229.0,,
139.03,,,,,,,,225.0,,
139.04,,,,,,,,221.0,,
139.05,,,,,,,,219.0,,
139.06,,,,,,,,215.0,,
139.07,,,,,,,,213.0,,
139.09,,,,,,,,210.0,,
139.1,,,,,,,,206.0,,
139.11,,,,,,,,203.0,,
139.12,,,,,,,,199.0,,
139.13,,,,,,,,195.0,,
139.14,,,,,,,,192.0,,
139.15,,,,,,,,189.0,,
139.16,,,,,,,,186.0,,
139.17,,,,,,,,182.0,,
139.18,,,,,,,,179.0,,
139.19,,,,,,,,174.0,,
139.2,,,,,,,,169.0,,
139.21,,,,,,,,167.0,,
139.22,,,,,,,,164.0,,
139.23,,,,,,,,159.0,,
139.24,,,,,,,,154.0,,
139.25,,,,,,,,147.0,,
139.26,,,,,,,,144.0,,
139.27,,,,,,,,140.0,,
139.28,,,,,,,,136.0,,
139.29,,,,,,,,134.0,,
139.3,,,,,,,,130.0,,
139.31,,,,,,,,128.0,,
139.32,,,,,,,,126.0,,
139.34,,,,,,,,120.0,,
139.35,,,,,,,,117.0,,
139.36,,,,,,,,114.0,,
139.37,,,,,,,,111.0,,
139.38,,,,,,,,107.0,,
139.39,,,,,,,,103.0,,
139.4,,,,,,,,100.0,,
139.41,,,,,,,,95.0,,
139.42,,,,,,,,93.0,,
139.43,,,,,,,,88.0,,
139.44,,,,,,,,85.0,,
139.45,,,,,,,,80.0,,
139.46,,,,,,,,79.0,,
139.47,,,,,,,,76.0,,
139.48,,,,,,,,73.0,,
139.49,,,,,,,,68.0,,
139.5,,,,,,,,62.0,,
139.51,,,,,,,,57.0,,
139.53,,,,,,,,50.0,1.0,
139.54,,,,,,,,49.0,,
139.55,,,,,,,,46.0,,
139.56,,,,,,,,43.0,,
139.57,,,,,,,,39.0,,
139.59,,,,,,,,38.0,,
139.6,,,,,,,,34.0,,
139.61,,,,,,,,29.0,,
139.62,,,,,,,,24.0,,
139.63,,,,,,,,22.0,,
139.64,,,,,,,,18.0,,
139.65,,,,,,,,14.0,,
139.66,,,,,,,,10.0,,
139.67,,,,,,,,7.0,,
139.68,,,,,,,,3.0,,
139.69,,,,,,,,0.0,,
140.24,,,,,312.0,,,,,
140.25,,,,,367.0,,,,,
140.26,,,,,364.0,,,,,
140.27,,,,,363.0,,,,,
140.28,,,,,358.0,,,,,
140.29,,,,,352.0,,,,,
140.3,,,,,351.0,,,,,
140.31,,,,,347.0,,,,,
140.32,,,,,345.0,,,,,
140.34,,,,,340.0,,,,,
140.35,,,,,334.0,,,,,
140.36,,,,,330.0,,,,,
140.37,,,,,328.0,,,,,
140.38,,,,,324.0,,,,,
140.39,,,,,322.0,,,,,
140.4,,,,,318.0,,,,,
140.41,,,,,316.0,,,,,
140.42,,,,,311.0,,,,,
140.43,,,,,309.0,,,,,
140.44,,,,,307.0,,,,,
140.45,,,,,301.0,,,,,
140.46,,,,,299.0,,,,,
140.47,,,,,294.0,,,,,
140.48,,,,,289.0,,,,,
140.49,,,,,287.0,,,,,
140.5,,,,,279.0,,,,,
140.51,,,,,276.0,,,,,
140.52,,,,,272.0,,,,,
140.53,,,,,269.0,,,,,
140.54,,,,,267.0,,,,,
140.55,,,,,265.0,,,,,
140.56,,,,,260.0,,,,,
140.57,,,,,257.0,,,,,
140.59,,,,,254.0,,,,,
140.6,,,,,250.0,,,,,
140.61,,,,,245.0,,,,,
140.62,,,,,243.0,,,,,
140.63,,,,,241.0,,,,,
140.64,,,,,234.0,,,,,
140.65,,,,,231.0,,,,,
140.66,,,,,227.0,,,,,
140.67,,,,,224.0,,,,,
140.68,,,,,221.0,,,,,
140.69,,,,,216.0,,,,,
140.7,,,,,214.0,,,,,
140.71,,,,,211.0,,,,,
140.72,,,,,209.0,,,,,
140.73,,,,,203.0,,,,,
140.74,,,,,200.0,,,,,
140.75,,,,,193.0,,,,,
140.76,,,,,188.0,,,,,
140.77,,,,,185.0,,,,,
140.78,,,,,180.0,,,,,
140.79,,,,,177.0,,,,0.0,
140.8,,,,,175.0,,,,,
140.81,,,,,171.0,,,,,
140.82,,,,,168.0,,,,,
140.84,,,,,166.0,,,,,
140.85,0.0,,,,164.0,,,,,
140.86,,,,,160.0,,,,,
140.87,,,,,157.0,,,,,
140.88,,,,,154.0,,,,,
140.89,,,,,152.0,,,,,
140.9,,,,,148.0,,,,,
140.91,,,,,143.0,,,,,
140.92,,,,,141.0,,,,,
140.93,,,,,139.0,,,,,
140.94,,,,,137.0,,,,,
140.95,,,,,133.0,,,,,
140.96,,,,,130.0,,,,,
140.97,,,,,128.0,,,,,
140.98,,,,,126.0,,,,,
140.99,,,,,125.0,,,,,
141.0,,,,,121.0,,,,,
141.01,,,,,119.0,,,,,
141.02,,,,,117.0,,,,,
141.04,,,,,115.0,,,,,
141.06,,,,,114.0,,,,,
141.07,,,,,112.0,2.0,,,,
141.09,,,,,110.0,1.0,,,,
141.1,,,,,107.0,,,,,
141.12,,,,,106.0,,,,,
141.14,,,,,105.0,,,,,
141.16,,,,,104.0,,,,,
141.17,,,,,103.0,,,,,
141.18,,,,,102.0,,,,,
141.22,,,,,101.0,,,,,
141.24,,,,,100.0,,,,,
141.25,,,,,99.0,,,,,
141.26,,,,,97.0,,,,,
141.27,,,,,96.0,,,,,
141.28,,,,,95.0,,,,,
141.3,,,,,93.0,,,,,
141.31,,,,,91.0,,,,,
141.35,,,,,90.0,,,,,
141.4,,,,,89.0,,,,,
141.41,,,,,88.0,,,,,
141.42,,,,,87.0,,,,,
141.44,,,,,86.0,,,,,
141.47,,,,,85.0,,,,,
141.48,,,,,84.0,,,,,
141.5,,,,,83.0,,,,,
141.52,,,,,81.0,,,,,
141.53,,,,,80.0,,,,,
141.55,,,,,79.0,,,,,
141.57,,,,,78.0,,,,,
141.61,,,,,76.0,,,,,
141.62,,,,,75.0,,,,,
141.66,,,,,74.0,,,,,
141.67,,,,,73.0,,,,,
141.68,,,,,72.0,,,,,
141.7,,,,,71.0,,,,,
141.72,,,,,70.0,,,,,
141.74,,,,,69.0,,,,2.0,
141.75,,,,,67.0,,,,0.0,
141.77,,,,,65.0,,,,,
141.79,,,,,64.0,,,,,
141.8,,,,,63.0,,,,,
141.82,,,,,62.0,,,,,
141.84,,,,,61.0,,,,,
141.86,,,,,60.0,,,,,
141.87,,,,,59.0,,,,,
141.9,86.0,,,,,,,,,
141.91,383.0,,,,58.0,,,,,
141.92,381.0,,,,,,,,,
141.93,379.0,,,,,,,,,
141.94,373.0,,,,57.0,,,,,
141.95,369.0,,,,,,,,,
141.96,365.0,,,,56.0,,,,,
141.97,360.0,,,,55.0,,,,,
141.98,356.0,,,,54.0,,,,,
141.99,353.0,,,,53.0,,,,,
142.0,341.0,,,,52.0,,,,,
142.01,338.0,,,,51.0,,,,,
142.02,334.0,,,,,,,,,
142.03,332.0,,,,,,,,,
142.04,328.0,,,,,,,,,
142.05,324.0,,,,50.0,,,,,
142.06,323.0,,,,,,,,,
142.07,317.0,,,,,,,,,
142.09,313.0,,,,49.0,,,,,
142.1,309.0,,,,,,,,,
142.11,306.0,,,,,,,,,
142.12,304.0,,,,,,,,,
142.13,301.0,,,,48.0,,,,,
142.14,295.0,,,,,,,,,
142.15,292.0,,,,,,,,,
142.16,291.0,,,,,,,,,
142.17,286.0,,,,46.0,,,,,
142.18,285.0,,,,45.0,,,,,
142.19,279.0,,,,44.0,,,,,
142.2,277.0,,,,43.0,,,,,
142.21,271.0,,,,42.0,,,,,
142.22,269.0,,,,,,,,,
142.23,265.0,,,,41.0,,,,,
142.24,264.0,,,,39.0,,,,,
142.25,254.0,,,,38.0,,,,,
142.26,250.0,,,,,,,,,
142.27,249.0,,,,37.0,,,,,
142.28,246.0,,,,36.0,,,,,
142.29,243.0,,,,34.0,,,,,
142.3,237.0,,,,,,,,,
142.31,235.0,,,,33.0,,,,,
142.32,230.0,,,,31.0,,,,,
142.34,,,,,30.0,,,,,
142.35,227.0,,,,29.0,,,,,
142.36,222.0,,,,27.0,,,,,
142.37,220.0,,,,,,,,,
142.38,216.0,,,,24.0,,,,,
142.39,214.0,,,,,,,,,
142.4,210.0,,,,23.0,,,,,
142.41,207.0,,,,22.0,,,,,
142.42,203.0,,,,20.0,,,,,
142.43,201.0,,,,19.0,,,,,
142.44,198.0,,,,,,,,,
142.45,194.0,,,,,,,,,
142.46,189.0,,,,,,,,,
142.47,188.0,,,,,,,,,
142.48,183.0,,,,,,,,,
142.49,181.0,,,,18.0,,,,,
142.5,174.0,,,,16.0,0.0,,,,
142.51,171.0,,,,14.0,,,,,
142.52,168.0,,,,,,,,,
142.53,163.0,,,,12.0,,,,,
142.54,158.0,,,,11.0,,,,,
142.55,153.0,,,,,,,,,
142.56,148.0,,,,9.0,,,,,
142.57,145.0,,,,8.0,,,,,
142.59,141.0,,,,7.0,,,,,
142.6,140.0,,,,,,,,,
142.61,138.0,,,,,,,,,
142.62,130.0,,,,,,,,,
142.63,126.0,,,,,,,,,
142.64,125.0,,,,,,,,,
142.65,118.0,,,,,,,,,
142.66,116.0,,,,6.0,,,,,
142.67,113.0,,,,,,,,,
142.68,109.0,,,,,,,,,
142.69,104.0,,,,5.0,,,,,
142.7,100.0,,,,4.0,,,,,
142.71,97.0,,,,,,,,,
142.72,93.0,,,,,,,,,
142.73,90.0,,,,,,,,,
142.74,86.0,,0.0,,3.0,,,,,
142.75,82.0,,,,2.0,,,,,
142.76,76.0,,,,1.0,,,,,
142.77,71.0,,,,0.0,,,,,
142.78,68.0,,,,,,,,,
142.79,66.0,,,,,,,,,
142.8,57.0,,,,,,,,,
142.81,56.0,,,,,,,,,
142.82,54.0,,,,,,,,,
142.84,50.0,,,,,,,,,
142.85,48.0,,,,,,,,,
142.86,43.0,,,,,,,,,
142.87,40.0,,,,,,,,,
142.88,38.0,,,,,,,,,
142.89,34.0,,,,,,,,,
142.9,31.0,,,,,,,,,
142.91,27.0,,,,,,,,,
142.92,23.0,,,,,,,,,
142.93,19.0,,,,,,,,,
142.94,17.0,,,,,,,,,
142.95,16.0,,,,,,,,,
142.96,10.0,,,,,,,,,
142.97,8.0,,,,,,,,,
142.98,6.0,,,,,,,,,
142.99,0.0,,,,,,,,,
143.07,,,,,,,,,1.0,
143.56,,,,,,,,394.0,,
143.57,,,,,,,,390.0,,
143.59,,,,,,,,385.0,,
143.6,,,,,,,,381.0,,
143.61,,,,,,,,378.0,,
143.62,,,,,,,,373.0,,
143.63,,,,,,,,370.0,,
143.64,,,,,,,,367.0,,
143.65,,,,,,,,364.0,,
143.66,,,,,,,,359.0,,
143.67,,,,,,,,354.0,,
143.68,,,,,,,,351.0,,
143.69,,,,,,,,350.0,,
143.7,,,,,,,,346.0,,
143.71,,,,,,,,345.0,,
143.72,,,,,,,,340.0,,
143.73,,,,,,,,334.0,,
143.74,,,,,,,,332.0,,
143.75,,,,,,,,324.0,,
143.76,,,,,,,,320.0,,
143.77,,,,,,,,316.0,,
143.78,,,,,,,,312.0,,
143.79,,,,,,,,310.0,,
143.8,,,,,,,,306.0,,
143.81,,,,,,,,303.0,,
143.82,,,,,,,,301.0,,
143.84,,,,,,,,298.0,,
143.85,,,,,,,,295.0,,
143.86,,,,,,,,292.0,,
143.87,,,,,,,,284.0,,
143.88,,,,,,,,280.0,,
143.89,,,,,,,,278.0,,
143.9,,,,,,,,276.0,,
143.91,,,,,,,,270.0,,
143.92,,,,,,,,268.0,,
143.93,,,,,,,,265.0,,
143.94,,,,,,,,259.0,,
143.95,,,,,,,,255.0,,
143.96,,,,,,,,251.0,,
143.97,,,,,,,,249.0,,
143.98,,,,,,,,243.0,,
143.99,,,,,,,,242.0,,
144.0,,,,,,,,235.0,,
144.01,,,,,,,,229.0,,
144.02,,,,,,,,225.0,,
144.03,,,,,,,,223.0,,
144.04,,,,,,,,218.0,,
144.05,,,,,,,,216.0,,
144.06,,,,,,,,213.0,,
144.07,,,,,,,,210.0,,
144.09,,,,,,,,206.0,,
144.1,,,,,,,,203.0,,
144.11,,,,,,,,200.0,,
144.12,,,,,,,,196.0,,
144.13,,,,,,,,193.0,,
144.14,,,,,,,,189.0,,
144.15,,,,,,,,186.0,,
144.16,,,,,,,,182.0,,
144.17,,,,,,,,180.0,,
144.18,,,,,,,,176.0,,
144.19,,,,,,,,174.0,,
144.2,,,,,,,,171.0,,
144.21,,,,,,,,166.0,,
144.22,,,,,,,,163.0,,
144.23,,,,,,,,159.0,,
144.24,,,,,,,,153.0,,
144.25,,,,,,,,146.0,,
144.26,,,,,,,,143.0,,
144.27,,,,,,,,140.0,,
144.28,,,,,,,,136.0,,
144.29,,,,,,,,134.0,,
144.3,,,,,,,,131.0,,
144.31,,,,,,,,128.0,,
144.32,,,,,,,,124.0,,
144.34,,,,,,,,117.0,0.0,
144.35,,,,,,,,115.0,,
144.36,,,,,,,,111.0,,
144.37,,,,,,,,107.0,,
144.38,,,,,,,,105.0,,
144.39,,,,,,,,100.0,,
144.4,,,,,,,,95.0,,
144.41,,,,,,,,92.0,,
144.42,,,,,,,,90.0,,
144.43,,,,,,,,86.0,,
144.44,,,,,,,,82.0,,
144.46,,,,,,,,76.0,,
144.47,,,,,,,,71.0,,
144.48,,,,,,,,69.0,,
144.49,,,,,,,,67.0,,
144.5,,,,,,,,61.0,,
144.51,,,,,,,,57.0,,
144.52,,,,,,,,53.0,,
144.53,,,,,,,,48.0,,
144.54,,,,,,,,46.0,,
144.55,,,,,,,,44.0,,
144.56,,,,,,,,41.0,,
144.57,,,,,,,,38.0,,
144.59,,,,,,,,34.0,,
144.6,,,,2.0,,,,32.0,,
144.61,,,,1.0,,,,28.0,,
144.62,,,,,,,,26.0,,
144.63,,,,,,,,22.0,,
144.64,,,,,,,,18.0,,
144.65,,,,,,,,16.0,,
144.66,,,,,,,,12.0,,
144.67,,,,,,,,10.0,,
144.68,,,,,,,,3.0,,
144.69,,,,,,,,0.0,,
146.36,,,,,,,,,1.0,
146.9,,,,0.0,,,,,,
147.1,,,1.0,,,,,,,
147.11,,,,,,203.0,,,,
147.12,,,,,,377.0,,,,
147.13,,,,,,375.0,,,,
147.14,,,,,,372.0,,,,
147.15,,,,,,368.0,,,,
147.16,,,,,,367.0,,,,
147.17,,,,,,361.0,,,,
147.18,,,,,,358.0,,,,
147.19,,,,,,354.0,,,,
147.2,,,,,,348.0,,,,
147.21,,,,,,346.0,,,,
147.22,,,,,,342.0,,,,
147.23,,,,,,339.0,,,,
147.24,,,,,,334.0,,,,
147.25,,,,,,325.0,,,,
147.26,,,,,,321.0,,,,
147.27,,,,,,319.0,,,,
147.28,,,,,,315.0,,,,
147.29,,,,,,313.0,,,,
147.3,,,,,,307.0,,,,
147.31,,,,,,305.0,,,,
147.32,,,,,,298.0,,,,
147.34,,,,,,296.0,,,,
147.35,,,,,,289.0,,,,
147.36,,,,,,288.0,,,,
147.37,,,,,,286.0,,,,
147.38,,,,,,279.0,,,,
147.39,,,,,,274.0,,,,
147.4,,,,,,272.0,,,,
147.41,,,,,,270.0,,,,
147.42,,,,,,267.0,,,,
147.43,,,,,,264.0,,,,
147.44,,,,,,261.0,,,,
147.45,,,,,,256.0,,,,
147.46,,,,,,253.0,,,,
147.47,,,,,,249.0,,,,
147.48,,,,,,248.0,,,,
147.49,,,,,,243.0,,,,
147.5,,,,,,237.0,,,,
147.51,,,,,,232.0,,,,
147.52,,,,,,229.0,,,,
147.53,,,,,,227.0,,,,
147.54,,,,,,222.0,,,,
147.55,,,,,,220.0,,,,
147.56,,,,,,218.0,,,,
147.57,,,,,,212.0,,,,
147.59,,,,,,211.0,,,,
147.6,,,,,,208.0,,,,
147.61,,,,,,202.0,,,,
147.62,,,,,,200.0,,,,
147.63,,,,,,198.0,,,,
147.64,,,,,,193.0,,,,
147.65,,,,,,192.0,,,,
147.66,,,,,,188.0,,,0.0,
147.67,,,,,,186.0,,,,
147.68,,,,,,181.0,,,,
147.69,,,,,,175.0,,,,
147.7,,,,,,173.0,,,,
147.71,,,,,,169.0,,,,
147.73,,,,,,164.0,,,,
147.74,,,,,,159.0,,,,
147.75,,,,,,152.0,,,,
147.76,,,,,,148.0,,,,
147.77,,,,,,146.0,,,,
147.78,,,,,,140.0,,,,
147.79,,,,,,139.0,,,,
147.8,,,,,,135.0,,,,
147.81,,,,,,133.0,,,,
147.82,,,,,,129.0,,,,
147.84,,,,,,124.0,,,,
147.85,,,,,,123.0,,,,
147.86,,,,,,119.0,,,,
147.87,,,,,,118.0,,,,
147.88,,,,,,115.0,,,,
147.89,,,,,,109.0,,,,
147.9,,,,,,107.0,,,,
147.91,,,,,,100.0,,,,
147.92,,,,,,97.0,,,,
147.93,,,,,,93.0,,,,
147.94,,,,,,89.0,,,,
147.95,,,,,,85.0,,,,
147.96,,,,,,80.0,,,,
147.97,,,,,,79.0,,,,
147.98,,,,,,75.0,,,,
147.99,,,,,,70.0,,,,
148.0,,,,,,62.0,,,,
148.01,,,,,,59.0,,,,
148.03,,,,,,53.0,,,,
148.04,,,,,,48.0,,,,
148.05,,,,,,45.0,,,,
148.06,,,,,,43.0,,,,
148.07,,,,,,40.0,,,,
148.09,,,,,,33.0,,,,
148.11,,,,,,30.0,,,,
148.12,,,,,,29.0,,,,
148.13,,,,,,23.0,,,,
148.14,,,,,,18.0,,,,
148.15,,,,,,14.0,,,,
148.16,,,,,,8.0,,,,
148.17,,,,,,7.0,,,,
148.18,,,,,,0.0,,,,
148.55,1.0,,,,,,,,,
148.56,0.0,,,,,,,,,
149.55,,,,,,,1.0,,,
149.61,,,,,,,,0.0,,
149.69,,,0.0,,,,,,,
149.95,1.0,,,,,,,,,
149.96,0.0,,,,,,,,,
151.41,,,,,,,0.0,,,
151.49,,,,2.0,,,,,,
151.5,,,,1.0,,,,,,
151.63,,,2.0,,,,,,,
151.64,,,1.0,,,,,,,
153.43,,,,0.0,,,,,,
153.5,,,,,,,1.0,,,
154.1,,,0.0,,,,,,,
154.82,,,,,,,0.0,,,
