time,workflow_completion_percentage,10.32.88.251:60140:1,10.32.89.107:53248:1,10.32.89.61:33668:1,10.32.89.69:51864:1,10.32.90.72:52774:1,10.32.90.80:47440:1,10.32.93.112:51550:1,10.32.93.116:37334:1,10.32.93.118:33596:1,10.32.93.120:43918:1
16.28,0.0,,,92.33950424194336,,,275.2188425064087,,,,
16.29,0.0,,290.4992256164551,272.56080436706543,,262.7758731842041,,,,,282.89050006866455
32.01,0.2222222222222222,,,286.52054500579834,,432.2387237548828,543.4477787017822,,,,
32.02,0.2222222222222222,,567.1176052093506,291.24407386779785,,531.3044509887695,,,,,
32.14,0.3888888888888889,,603.3134231567383,,,549.3472318649292,,,,,298.5962448120117
32.15,0.3888888888888889,0.0,,,0.0,,,0.0,0.0,0.0,300.11900329589844
32.3,0.3888888888888889,18.28271484375,,,18.70930576324463,,,18.478290557861328,18.72733974456787,18.5189208984375,301.7161674499512
32.74,0.3888888888888889,,606.4455184936523,,,,,,,,
32.8,0.4444444444444444,,,292.824613571167,,,,,,,
32.81,0.5,,609.4818954467773,,,,,,,,
33.13,0.6111111111111112,,,,20.26884365081787,,,,,,
33.27,0.6111111111111112,,,294.38830757141113,,,,,,,
33.28,0.6666666666666666,,,,,,,,,20.07645320892334,
33.34,0.7777777777777778,,,,21.86290740966797,550.9108533859253,,,,,
33.43,0.8888888888888888,,612.5403671264648,,,,,,,,
33.47,0.8888888888888888,,,,,,,,,,303.22543811798096
33.48,0.9444444444444444,19.79078197479248,,,,,,,,,
33.5,1.0,21.360478401184082,,,,,,,,21.35885524749756,
33.67,1.1666666666666667,,,,,,,,,22.926650047302246,
33.77,1.2222222222222223,,615.6402416229248,,23.43043327331543,,,,,,
33.85,1.277777777777778,,,,,,,,,24.221257209777832,
33.89,1.3888888888888888,,,,,,,20.049134254455566,,,
34.06,1.3888888888888888,,,295.9099864959717,,,,,,,
34.32,1.5,,,,,552.4827938079834,,,,,
34.44,1.5,,,,,,,,,25.739968299865723,
34.63,1.5555555555555556,,,,,,,,20.291587829589844,,
34.76,1.6666666666666667,,,,,,561.7133073806763,,,,
34.82,1.7777777777777777,22.592525482177734,,,25.02581214904785,,,,,,
35.39,1.7777777777777777,,,,,,563.2849111557007,,,,
35.49,1.8888888888888888,,,,,,564.8594312667847,,,,
35.77,1.9444444444444444,,,,,,566.4568252563477,,,,
35.92,1.9444444444444444,,,297.1896810531616,,,,,,,
36.04,2.0,,618.1967086791992,,,,,,,,
36.5,2.055555555555556,,,,,,,21.619680404663086,,,
36.64,2.111111111111111,,,,,554.0076084136963,,,,,
36.73,2.166666666666667,,,,,555.5209798812866,,,,,
36.89,2.2222222222222223,,,,,,,,21.812145233154297,,
36.99,2.3333333333333335,,,,,,568.0306882858276,,,,
37.25,2.3333333333333335,,,,,,,,25.007493019104004,,
37.46,2.5,,621.1927947998047,,,,,,,,
37.61,2.5,,624.3645401000977,,,,,,,,
37.62,2.555555555555556,,,,,557.0897207260132,,,,,
37.64,2.611111111111111,24.187240600585938,,,,,,,,,
37.68,2.722222222222222,25.784639358520508,,,,,,,,,
37.69,2.722222222222222,,,,,558.6757049560547,,,,,
37.71,2.833333333333333,,,,,561.7740659713745,,,,,
37.75,2.944444444444444,,,,,563.3239030838013,,,,,
37.77,3.0555555555555554,,,,,564.8764581680298,569.6227207183838,,,,
37.79,3.0555555555555554,,,,,566.4546356201172,,,,,
37.8,3.111111111111111,,,,,568.0149240493774,,,,,
37.99,3.166666666666667,,,,,,571.139630317688,,,,
38.11,3.277777777777778,,,,26.541744232177734,,,,,,
38.36,3.277777777777778,,,,,569.5429935455322,,,,,
38.55,3.3888888888888893,,,298.7281332015991,,,,,,,
38.6,3.3888888888888893,,,,27.815731048583984,,,,,,
38.62,3.4444444444444446,,,300.2691316604614,,,,,,,
38.65,3.5000000000000004,,,301.8392915725708,,,,,,,
38.66,3.5555555555555554,,,303.41868591308594,,,,,,,
38.67,3.6111111111111107,,,304.6523380279541,,,,,,,
38.68,3.6666666666666665,,,306.2160167694092,,,,,,,
38.69,3.722222222222222,,,307.7931709289551,,,,,,,
38.71,3.833333333333333,,627.3884334564209,,,,,,,,
38.75,3.888888888888889,,629.9492206573486,,,,,,,,
38.76,3.888888888888889,,,309.4265022277832,,,,,,,
38.77,4.0,,632.9772987365723,,,,,,,,
38.79,4.0,,,311.0020570755005,,,,,,,
38.8,4.111111111111112,,636.0259323120117,,,,,,,,
38.82,4.111111111111112,,639.0681781768799,,,,,,,,
38.84,4.222222222222222,,642.2075347900391,,,,,,,,
38.85,4.222222222222222,,,,29.10370445251465,,,,,,
38.86,4.333333333333334,27.304750442504883,,,,,,,,,
38.89,4.388888888888888,,,,30.624744415283203,,,,,,
38.9,4.388888888888888,28.897034645080566,,,,571.0690975189209,,,,,
38.91,4.555555555555555,,,,31.919679641723633,,572.7317781448364,,,,
38.96,4.611111111111111,30.185100555419922,,,,,,,,,
38.97,4.666666666666667,31.691908836364746,,,,,,,,,
38.98,4.722222222222222,,,,35.043015480041504,,,,,,
39.0,4.888888888888889,33.2554292678833,,,,,,,,,
39.01,4.888888888888889,,,,36.572726249694824,,,,,,
39.1,5.0,34.5036506652832,,,38.138729095458984,,,,,,
39.12,5.111111111111112,,,,,,574.3048524856567,,,,
39.18,5.111111111111112,,,,,,575.914493560791,,,,
39.2,5.166666666666667,36.04745674133301,,,,,,,,,
39.22,5.222222222222222,,,,,,,,,,304.801308631897
39.23,5.333333333333333,,,,,,577.4372701644897,,,,
39.3,5.333333333333333,,,,,,579.0427303314209,,,,
39.36,5.444444444444444,,,,39.723769187927246,,,,,27.0165376663208,
39.39,5.555555555555555,,,,,,,,26.49987506866455,,
39.42,5.611111111111111,,645.2505970001221,,,,,,,,
39.49,5.611111111111111,,,,,,,23.198298454284668,,,
39.54,5.722222222222222,,,312.5170946121216,,,,,,,
39.56,5.722222222222222,,,,,,,24.8052339553833,,,
39.61,5.833333333333333,,649.8732442855835,,,,,,,,
39.87,5.888888888888888,,,314.03511238098145,,,,,,,
40.0,6.0,,,,,,,,28.02797031402588,,
40.02,6.055555555555555,,,,41.24084663391113,,,,,,
40.06,6.111111111111111,,,,,573.3826923370361,,,,,
40.07,6.166666666666667,,651.3055973052979,,,,,,,,
40.11,6.222222222222222,38.72504901885986,,,,,,,,,
40.14,6.333333333333334,40.15870952606201,,,,,,,,,
40.17,6.333333333333334,,,,,,580.5654439926147,,,,
40.19,6.444444444444445,41.57938480377197,,,,,,,,,
40.21,6.444444444444445,,,,,,581.9872560501099,,,,
40.25,6.5,,,,,,583.4166450500488,,,,
40.27,6.555555555555556,,,,,,,,29.456212997436523,,
40.32,6.666666666666667,42.75044631958008,,,,,584.8449926376343,,,,
40.37,6.777777777777779,,652.7273006439209,,,,,,,,
40.41,6.833333333333333,,,,,,586.2729482650757,,,,
40.6,6.888888888888889,,,,,,,,,28.540873527526855,
40.94,6.888888888888889,,653.8900060653687,,,,,,,,
41.0,7.055555555555555,,655.3331251144409,,,,587.7091073989868,,,,
41.05,7.111111111111111,44.17334747314453,,,,,,,,,
41.15,7.111111111111111,,656.7648477554321,,,,,,,,
41.22,7.222222222222221,,,315.469443321228,,,,,,,
41.36,7.222222222222221,,,,,,589.1347789764404,,,,
41.39,7.388888888888889,,,316.8994550704956,42.674805641174316,,,,,,
41.45,7.388888888888889,,,,,,590.5687637329102,,,,
41.46,7.444444444444444,,,,,,,,,,306.2399911880493
41.47,7.5,,,,,,,,,,306.3308620452881
41.59,7.5,,,,44.10426616668701,,,,,,
41.6,7.611111111111112,,,,,,,,30.891301155090332,,
41.73,7.611111111111112,45.61861038208008,,,,,,,,,
41.84,7.666666666666666,,,,,,,,,,307.7601594924927
41.85,7.722222222222222,,658.2039308547974,,,,,,,,
41.97,7.777777777777778,,,,,,591.9938583374023,,,,
42.04,7.833333333333334,,,,45.538787841796875,,,,,,
42.2,7.944444444444445,,,,,576.2261447906494,,,,,
42.25,7.944444444444445,,,,,579.1061058044434,,,,,
42.43,8.055555555555555,,,,,,,26.323939323425293,,,
42.5,8.11111111111111,,,,,,,,32.323551177978516,,
42.6,8.11111111111111,,,,,,,27.761594772338867,,,
42.62,8.222222222222223,,,,,,,,,29.972299575805664,
42.66,8.277777777777779,,,,,,,,33.74982452392578,,
42.68,8.333333333333332,47.05611324310303,,,,,,,,,
42.77,8.38888888888889,,,,,,,,,31.407933235168457,
42.9,8.38888888888889,,,318.32726287841797,,,,,,,
42.93,8.5,,,,,,,,35.17771053314209,,
42.98,8.555555555555555,,,,,,,,,,309.19230461120605
43.0,8.61111111111111,,,,,,,,,,310.64115142822266
43.16,8.61111111111111,,,,,,,29.187193870544434,,,
43.23,8.777777777777777,,,,,581.978609085083,,,,,
43.24,8.777777777777777,,,,,584.8365383148193,,,,,
43.25,8.833333333333334,,,,,587.7138900756836,,,,,
43.28,8.88888888888889,,,,,593.5096416473389,,,,,
43.37,9.0,,659.6410093307495,,,,,,,,
43.39,9.055555555555555,,,,,,593.4164876937866,,,,
43.6,9.11111111111111,,,,,596.3814353942871,,,,,
43.68,9.388888888888888,,,,,599.2522716522217,594.8641061782837,,39.46030902862549,,
43.93,9.388888888888888,,,319.7664432525635,46.96867752075195,,,,,,
43.99,9.5,,,321.19304752349854,,,,,,,
44.04,9.555555555555555,,,,,602.1152439117432,,,,,
44.11,9.61111111111111,,,,,,,,,32.89366436004639,
44.12,9.777777777777779,,661.0766267776489,,,604.9738006591797,,,,,
44.28,9.833333333333332,,,,,607.8470993041992,,,,,
44.31,9.88888888888889,,,,48.39543342590332,,,,,,
44.32,9.944444444444445,,,,49.82600498199463,,,,,,
44.37,10.0,,,,,,596.3035354614258,,,,
44.38,10.222222222222223,49.925201416015625,,322.6220512390137,,,,30.62038516998291,,,
44.39,10.277777777777777,51.08663272857666,662.5007286071777,,,,,,,,
44.41,10.38888888888889,,,,,,,,,34.32587909698486,
44.42,10.38888888888889,,,,,,,,,35.75011730194092,
44.45,10.444444444444445,52.521653175354004,,,,,,,,,
44.57,10.555555555555555,,,,,610.7131614685059,,,,,
44.73,10.555555555555555,,,,,,597.7249345779419,,,,
44.75,10.666666666666666,,,,,,,,,,312.10766983032227
44.76,10.722222222222221,,,,,,599.1527967453003,,,,
44.81,10.722222222222221,,,,50.98655128479004,,600.5863552093506,,,,
44.91,10.888888888888888,,,,,,,,,37.17739009857178,
44.94,10.888888888888888,,,,,,,,,,313.52917194366455
44.96,10.944444444444445,53.964731216430664,,,,,,,,,
45.02,11.0,,,,,,,,,38.340410232543945,
45.03,11.055555555555555,,,,,,,,,39.77246856689453,
45.05,11.11111111111111,,,,,,,32.05299949645996,,,
45.07,11.222222222222221,,,324.0776767730713,,,,,,,
45.09,11.277777777777779,,,,,,,,,,314.9375801086426
45.2,11.277777777777779,,,,,,,,,41.20569133758545,316.37162685394287
45.21,11.444444444444445,,,325.510781288147,,,,,,,
45.25,11.555555555555555,,,326.94558334350586,,,,33.4827356338501,40.885714530944824,,317.7985906600952
45.29,11.722222222222223,,,,,,,,42.3084774017334,42.63969612121582,
45.31,11.777777777777777,,,,,,,,,44.054574966430664,
45.32,11.88888888888889,,663.662859916687,,,,,,,,
45.36,11.88888888888889,,,,,,,,,,319.2358856201172
45.38,11.944444444444445,,,,,,,34.91656017303467,,,
45.42,12.055555555555555,,,329.79646587371826,,,,,,,
45.43,12.166666666666668,,,,,,,,,45.479010581970215,
45.46,12.166666666666668,,,331.23727321624756,,,,,,,
45.47,12.222222222222221,,,,,,601.7463436126709,,,,
45.48,12.333333333333334,,,,,,,37.79068565368652,,,
45.49,12.38888888888889,55.394103050231934,,,,,,,,,
45.5,12.555555555555555,,665.093729019165,,,,,39.22580051422119,,,320.67527866363525
45.51,12.666666666666668,56.83026695251465,,,,,,,,,
45.52,12.666666666666668,58.26312065124512,,,52.41556453704834,,,,,,
45.53,12.833333333333332,,,,53.85033702850342,,,,,,
45.54,12.88888888888889,,666.5298471450806,332.67298412323,,,,,,,
45.56,13.0,59.69033241271973,,,,,,,,,
45.57,13.055555555555557,,667.9519090652466,,,,,,,,
45.62,13.111111111111112,61.115583419799805,,,,,,,,,
45.63,13.111111111111112,,,,,613.5834884643555,,,,,
45.65,13.166666666666666,,,,55.27890872955322,,,40.64698505401611,,,
45.72,13.333333333333334,,,,,,603.1771545410156,,,,
45.74,13.38888888888889,,,,56.70852184295654,,,,,,
45.75,13.444444444444445,,,,,,604.3405141830444,,,,
45.76,13.5,,,,,,605.7790431976318,,,,
45.79,13.5,,,,,,607.2305917739868,,,,
45.87,13.61111111111111,,,,,,,,43.73755073547363,,
45.92,13.666666666666666,,,,,,608.6558208465576,,,,
46.1,13.722222222222221,,,334.09681606292725,,,,,,,
46.17,13.777777777777779,,,,,,,,45.192336082458496,,
46.2,13.833333333333334,,669.3783340454102,,,,,,,,
46.25,13.88888888888889,,,,,,,42.07613468170166,,,
46.3,13.88888888888889,,670.5573987960815,,,,,,,,
46.31,13.944444444444445,,,,,,610.0840167999268,,,,
46.35,14.11111111111111,,671.9904384613037,,,,,43.237154960632324,,,
46.42,14.11111111111111,,,,,,611.2459840774536,,,,
46.52,14.166666666666666,,,,,,,,,,322.1656322479248
46.63,14.277777777777779,,,,,616.4185009002686,,,,,
46.66,14.277777777777779,,,,58.13682556152344,,,,,,
46.69,14.333333333333334,62.542808532714844,,,,,,,,,
46.88,14.444444444444443,,,335.534441947937,,,,,,,
46.93,14.444444444444443,,,,,,,,46.62303829193115,,
47.24,14.555555555555555,,,,,619.2864170074463,,,,,
47.31,14.555555555555555,,,,,,,,,46.89785671234131,
47.5,14.666666666666666,,,,,,,,,48.059367179870605,
47.51,14.722222222222223,,673.4186058044434,,,,,,,,
47.52,14.777777777777779,,,336.7045621871948,,,,,,,
47.6,14.833333333333334,,,,,,612.6790046691895,,,,
47.75,14.888888888888888,,674.8500461578369,,,,,,,,
47.78,14.944444444444443,,,,,622.1690311431885,,,,,
48.02,14.944444444444443,,,,,,,,,,323.6057252883911
48.04,15.055555555555555,,,,,624.5102863311768,,,,,
48.05,15.055555555555555,,,338.1329679489136,,,,,,,
48.06,15.166666666666668,,,,59.56839942932129,,,,,,
48.07,15.222222222222223,,,,61.00839042663574,,,,,,
48.1,15.222222222222223,,,339.56755352020264,,,,,,,
48.16,15.277777777777779,,,,62.4392728805542,,,,,,
48.21,15.333333333333332,,676.2803974151611,,,,,,,,
48.23,15.444444444444445,,,,,,,,48.04552459716797,,
48.31,15.444444444444445,63.71889305114746,,,,,,,,,
48.35,15.555555555555555,,,,,627.3630065917969,,,,,
48.36,15.555555555555555,,,,,,,,49.4714469909668,,
48.47,15.611111111111112,,,,,,614.1146774291992,,,,
48.79,15.722222222222223,,677.7105388641357,,,,,,,,
48.8,15.944444444444445,,,341.0005187988281,63.867892265319824,633.0952892303467,,,,,
48.82,15.944444444444445,,,342.43511295318604,,,,,,,
48.86,16.055555555555557,,,,,635.9600086212158,,,,,
48.87,16.055555555555557,,,,,,615.5672159194946,,,,
48.94,16.11111111111111,,,,,,,,50.892930030822754,,
49.15,16.166666666666664,,,,,,,,52.323997497558594,,
49.3,16.22222222222222,,,,,638.8245906829834,,,,,
49.34,16.333333333333332,,,,,,617.0060081481934,,,,
49.39,16.333333333333332,,,,,,,,,49.49519348144531,
49.45,16.444444444444446,,,,,,618.4371967315674,,,,
49.64,16.5,,,,,641.6620674133301,,,,,
49.66,16.555555555555557,,,,,643.982421875,,,,,
49.68,16.61111111111111,,,,,,,,53.47299575805664,,
49.73,16.666666666666664,65.15142631530762,,,,,,,,,
49.74,16.72222222222222,,,,,,,,,,325.04480743408203
49.77,16.72222222222222,,,,,646.8376884460449,,,,,
49.82,16.833333333333332,,,,,649.692792892456,,,,,
49.85,16.88888888888889,,,,,652.5638599395752,,,,,
49.9,16.944444444444446,,,,,,619.857626914978,,,,
50.0,17.0,,,,,,621.0367126464844,,,,
50.02,17.0,,,,,,,,54.89947319030762,,
50.03,17.11111111111111,,679.1661672592163,,,,,,,,
50.14,17.11111111111111,,,,,655.4466495513916,,,,,
50.25,17.22222222222222,,,,65.30528545379639,,622.4673538208008,,,,326.4704523086548
50.36,17.333333333333336,,,,66.73608207702637,,,,,,
50.37,17.38888888888889,,,,,,,,56.05673408508301,,
50.45,17.5,,,,,,623.9043273925781,,,,
50.47,17.5,,,,,,625.0806398391724,,,,
50.53,17.555555555555554,,,343.8698949813843,,,,,,,
50.54,17.666666666666668,,,,,,,,,50.92362689971924,
50.63,17.72222222222222,,,345.29000759124756,,,,,,,
50.64,17.72222222222222,,,,,,,,,,327.9018259048462
50.65,17.77777777777778,,,,68.16584777832031,,,,,,
50.7,17.833333333333336,,680.5976409912109,,,,,,,,
50.75,17.944444444444443,,682.1770935058594,,,,,,,,
50.78,17.944444444444443,,,,69.42533588409424,,,,,,
50.8,18.0,,,,,,,,,52.518845558166504,
50.95,18.11111111111111,,,346.86841011047363,,,,,,,
50.98,18.11111111111111,,,,,,628.0363035202026,,,,
51.01,18.22222222222222,66.72030067443848,,,,,,,,,
51.02,18.27777777777778,68.18662929534912,,,,,,,,,
51.04,18.27777777777778,,683.6722784042358,,,,,,,,
51.05,18.38888888888889,,,,,,,,,54.001667976379395,
51.09,18.444444444444443,69.62447547912598,,,70.90945339202881,,,,,,
51.16,18.555555555555557,71.11367511749268,,,,656.9883165359497,,,,,
51.22,18.61111111111111,72.6055679321289,,,,,,,,,
51.31,18.722222222222225,74.03178119659424,,,,,,,,,
51.34,18.722222222222225,,,,,,630.3831167221069,,,,
51.36,18.777777777777775,,,,,,633.275595664978,,,,
51.39,18.88888888888889,,,,,,,44.83802509307861,,,
51.69,18.944444444444443,,,,72.11785411834717,,,,57.63666915893555,,
51.76,19.0,,,,,,635.6203546524048,,,,
51.78,19.11111111111111,,685.1267719268799,,,,,,,,
51.88,19.11111111111111,,,,,,638.6000356674194,,,,
51.97,19.166666666666668,,,348.34750843048096,,,,,,,
52.0,19.27777777777778,,,,73.62406063079834,,,,,,
52.09,19.27777777777778,,,349.83740425109863,,,,,,,
52.13,19.333333333333332,75.51902866363525,,,,,,,,,
52.14,19.444444444444446,76.9985523223877,,,,,,,,,
52.21,19.5,79.71143054962158,,,,,,,,,
52.23,19.61111111111111,,,,75.11172199249268,,,46.28482437133789,,,
52.25,19.72222222222222,,,,76.60708999633789,,,,,,
52.27,19.77777777777778,,686.576169013977,,,,,,,,
52.32,19.833333333333332,,688.0264377593994,351.291543006897,,,,,,,
52.38,19.88888888888889,80.93395805358887,,,,,,,,,
52.45,20.0,,,,78.0997314453125,,,,,,
52.5,20.11111111111111,,,352.7697477340698,,658.4846467971802,,,,,
52.82,20.166666666666664,,,,,,,,,55.518019676208496,
52.84,20.22222222222222,,,,,,,,59.16972732543945,,
52.86,20.22222222222222,,,,,,,,,56.69105815887451,
52.87,20.27777777777778,,,354.261438369751,,,,,,,
52.92,20.38888888888889,,689.5058755874634,,,,,,,,
53.07,20.444444444444446,,690.9931049346924,,,,,47.77254581451416,,,
53.16,20.5,,,,,,641.5730886459351,,,,
53.24,20.61111111111111,,,,,659.9405937194824,,,,,
53.28,20.61111111111111,,,,79.55786991119385,,,,,,
53.34,20.72222222222222,82.38871574401855,,,,,,,,,329.48362922668457
53.48,20.833333333333336,,692.4454345703125,,,,,,,,
53.5,20.88888888888889,,,355.70967197418213,,,,,,,
53.63,20.88888888888889,,693.6147317886353,,,,,,,,
53.71,20.944444444444443,83.86936283111572,,,,,,,,,
53.81,21.0,,,,,661.477933883667,,,,,
54.09,21.055555555555554,,,,,,,,,58.180603981018066,
54.19,21.11111111111111,,,,,662.92848777771,,,,,
54.31,21.166666666666668,,,,,664.375545501709,,,,,
54.4,21.22222222222222,,,,,,,,60.66624641418457,,
54.43,21.38888888888889,,,,,,644.5595769882202,49.265424728393555,,,
54.45,21.38888888888889,,,,,,647.4455423355103,,,,
54.46,21.444444444444443,,,,,665.8747491836548,,,,,
54.56,21.61111111111111,,695.0998773574829,,,667.0791149139404,,,,,
54.75,21.666666666666668,,,,81.0363998413086,,,,,,
54.77,21.722222222222225,,,,,668.5268802642822,,,,,
54.78,21.777777777777775,,,357.16167068481445,,,,,,,
54.79,21.833333333333332,,,358.64382457733154,,,,,,,
54.81,21.833333333333332,,,,,,,,,59.663039207458496,
54.92,21.944444444444443,,,,,,650.4351415634155,,,,
54.93,22.0,,,,82.52293682098389,,,,,,
54.95,22.166666666666668,,696.5672512054443,,,,653.4094438552856,,,,330.9583673477173
54.99,22.22222222222222,,,,,,656.2909250259399,,,,
55.13,22.27777777777778,,,,,,,,62.13383102416992,,
55.19,22.27777777777778,,,,,670.0065355300903,,,,,
55.25,22.333333333333332,,,,,671.4514455795288,,,,,
55.34,22.38888888888889,,,,,,,50.702104568481445,,,
55.41,22.444444444444443,,,,,,,52.148672103881836,,,
55.42,22.555555555555557,,,,,672.9418210983276,,,,,
55.44,22.555555555555557,,,,,,,,,61.14327621459961,
55.45,22.61111111111111,,,,,674.4117155075073,,,,,
55.5,22.666666666666664,,,,83.97479152679443,,,,,,
55.51,22.72222222222222,,,360.0851640701294,,,,,,,
55.52,22.77777777777778,,,,,,,,,,332.44465827941895
55.62,22.833333333333332,,697.7815208435059,,,,,,,,
55.64,22.88888888888889,,,361.53705501556396,,,,,,,
55.66,23.0,,,,,675.8620042800903,,,,,
55.75,23.055555555555557,,,,85.43161487579346,,,,,,
55.81,23.055555555555557,,,,,,659.1791219711304,,,,
55.82,23.11111111111111,,,,,,662.1509256362915,,,,
55.96,23.22222222222222,,,,,677.3103542327881,,,,,
56.01,23.22222222222222,,,,,,664.5041761398315,,,,
56.03,23.333333333333332,,,362.97907733917236,,,,,,,
56.15,23.38888888888889,,,364.4241142272949,,,,,,,
56.25,23.444444444444446,,,,86.9136266708374,,,,,,
56.31,23.444444444444446,85.3552713394165,,,,,,,,,
56.32,23.5,,,,,,667.4779767990112,,,,
56.39,23.555555555555554,,,,,,,,,,333.892578125
56.61,23.666666666666668,,,,,,670.4712972640991,,,,
56.63,23.72222222222222,,,365.85391902923584,,,,,,,
56.73,23.77777777777778,,699.2208290100098,,,,,,,,
56.85,23.77777777777778,,,,,,,53.62992763519287,,,
57.0,23.88888888888889,,,,88.36158561706543,,,,,,
57.01,23.88888888888889,,,,,,673.3670644760132,,,,
57.05,23.944444444444443,,,,,,,55.06184768676758,,,
57.11,24.0,,,367.3352699279785,,,,,,,
57.17,24.055555555555554,,,,,,,,,62.56936836242676,
57.25,24.11111111111111,,,,89.84839916229248,,,,,,
57.31,24.166666666666668,,700.7197341918945,,,,,,,,
57.43,24.22222222222222,,,,,,,56.54744243621826,,,
57.5,24.333333333333336,,,368.8259687423706,,,,,,,
57.53,24.333333333333336,86.8527364730835,,,,,,,,,335.38918685913086
57.56,24.5,88.34151554107666,,370.28264808654785,,,,,,,
57.59,24.666666666666668,,,,,,676.363808631897,,,,336.60344982147217
57.64,24.77777777777778,89.56322193145752,,,,,679.2451963424683,,,,
57.65,24.833333333333332,,,,,,,,,64.02011108398438,
57.67,24.833333333333332,91.07437992095947,,,,,,,,,
57.74,24.944444444444443,,702.2326517105103,,,,,,,,
57.75,25.055555555555554,92.55776309967041,,,91.33533763885498,,,,,,
57.78,25.11111111111111,,,,,678.7990531921387,,,,,
57.81,25.166666666666664,94.00963401794434,,,,,,,,,
57.88,25.222222222222225,95.45912456512451,,,92.79352569580078,,,,,,
57.92,25.333333333333336,,,,,,,,63.604369163513184,,338.0844535827637
57.95,25.38888888888889,,,,,,,,,65.45773887634277,
58.0,25.555555555555554,,,,,,,57.71651363372803,,68.42313766479492,
58.03,25.666666666666664,,,,,,,,65.0924711227417,,
58.05,25.722222222222225,,,,,680.2896671295166,,,,,
58.07,25.722222222222225,,703.6806879043579,,,,,,,,
58.11,25.77777777777778,,,,,,,59.17254829406738,,,
58.12,25.88888888888889,,,,,,,,,,339.5759401321411
58.16,25.944444444444443,,,,,,,60.61466598510742,66.52811336517334,,
58.17,26.055555555555554,,,,,,,,,,341.0670919418335
58.32,26.111111111111114,,,,,,,,67.9711561203003,,
58.34,26.166666666666664,,,,,,,,,69.97098541259766,
58.36,26.166666666666664,,,,94.27319812774658,,,,,,
58.37,26.27777777777778,,,,,,,,,,342.56000804901123
58.49,26.333333333333332,,,371.77454566955566,,,,,,,
58.59,26.333333333333332,,705.1717863082886,372.9822015762329,,,,,,,
58.64,26.5,,706.6607074737549,,,,,,,,
58.66,26.5,,,,,,,62.090847969055176,,,
58.67,26.611111111111114,,,,,,681.6769094467163,,,,
58.77,26.666666666666668,,,,95.71986484527588,,,,,,
58.78,26.666666666666668,96.66852474212646,,,,,,,,,
58.8,26.722222222222218,98.14160442352295,,,,,,,,,
58.81,26.88888888888889,,,,,,,63.59993934631348,,,
58.82,26.88888888888889,,,,,681.795937538147,,,,,
58.88,26.944444444444443,,,,,683.2388296127319,,65.08769130706787,,,
58.96,27.0,,,,,,,66.56892776489258,,,
58.97,27.111111111111114,,,374.43884563446045,,,,,69.44955253601074,,
59.0,27.22222222222222,,,,,684.6952924728394,,,,,
59.03,27.27777777777778,,,,97.22450256347656,,,,,,
59.09,27.333333333333332,,708.1201095581055,,,,,,,,
59.1,27.38888888888889,,709.5985193252563,,,,,,,,
59.11,27.444444444444443,,,375.8938322067261,,,,,,,
59.12,27.444444444444443,,711.049880027771,,,,,,,,
59.19,27.500000000000004,,,,,,,,70.88794612884521,,
59.24,27.555555555555557,,,,98.70529270172119,,,,,,
59.29,27.611111111111107,,,,,686.147479057312,,,,,
59.32,27.72222222222222,,,,100.20023727416992,,,,,,
59.44,27.72222222222222,,,,,,,,72.40403747558594,,
59.45,27.833333333333332,,,,,,,,73.61392211914062,,
59.46,27.88888888888889,,,377.382848739624,,,,,,,344.0152521133423
59.5,28.000000000000004,,,,,,,,,71.42020893096924,
59.54,28.055555555555557,,,,,687.6373062133789,,,,,
59.78,28.111111111111107,,,,,,,,75.05926609039307,,
59.79,28.111111111111107,,712.4951810836792,,,,,,,,
59.81,28.22222222222222,,713.9422063827515,,,,,,,,
59.85,28.22222222222222,,,,,689.1286754608154,,,,,
59.95,28.333333333333332,,,,,,,68.05192756652832,,,
60.04,28.333333333333332,,,,,690.5711421966553,,,,,
60.05,28.444444444444443,,,,,,684.6800699234009,,,,
60.06,28.499999999999996,99.59052276611328,,,,,,,,,
60.13,28.555555555555557,,,378.83808994293213,,,,,,,
60.18,28.61111111111111,,,,101.69351959228516,,,,,,
60.2,28.61111111111111,,,380.2903814315796,,,,,,,
60.21,28.72222222222222,,,,,,,,76.55714130401611,,
60.22,28.77777777777778,,,,,692.0557565689087,,,,,
60.31,28.77777777777778,,,,,693.5535345077515,,,,,
60.37,28.833333333333332,101.03018093109131,,,,,,,,,
60.45,28.944444444444446,,715.1331920623779,,,,,,,,
60.47,29.055555555555557,,,,,,690.5570821762085,,,,
60.51,29.055555555555557,,,,,,693.5302305221558,,,,
60.62,29.11111111111111,,,,,,696.4852590560913,,,,
60.75,29.22222222222222,,,,,,,,78.05182933807373,,
60.77,29.27777777777778,,,,,695.0020771026611,,,,,
60.8,29.27777777777778,,,,,696.4916896820068,,,,,
60.85,29.333333333333332,,,,,697.9802846908569,,,,,
60.87,29.388888888888886,,,,,699.4192209243774,,,,,
60.9,29.5,,,,,700.9049663543701,,,,,
61.04,29.5,,,,,,,,79.2617416381836,,
61.06,29.61111111111111,,716.5731754302979,,,,,,,,
61.15,29.61111111111111,,,,,,,,80.71084308624268,,
61.17,29.72222222222222,,718.0549230575562,,,,,,,,
61.21,29.72222222222222,,719.5029554367065,,,,,,,,
61.26,29.833333333333336,,720.6903142929077,,,,,,,,
61.34,29.888888888888886,,,,,,698.8975114822388,,,,
61.37,29.888888888888886,,,,,,701.8863344192505,,,,
61.39,30.0,,,,103.20957660675049,,,,,,
61.47,30.055555555555557,,,383.1648302078247,,702.422043800354,,,,,345.53326988220215
61.5,30.166666666666668,,,,104.3663740158081,,,,,,
61.55,30.22222222222222,,,,,703.8543968200684,,,,,
61.57,30.333333333333336,,722.2065353393555,,,,,,,,
61.69,30.333333333333336,,,,105.5277452468872,,,,,,
61.73,30.444444444444446,,,,,,,,,72.94474029541016,
61.88,30.444444444444446,,,,,,703.4090480804443,,,,
61.9,30.61111111111111,,,,,,,69.56347370147705,82.22352600097656,,
61.95,30.666666666666664,,723.6359243392944,,,,,,,,
61.96,30.666666666666664,,,,,,,,,,346.9615125656128
62.13,30.777777777777775,,,385.5069532394409,,,,,,,
62.25,30.833333333333336,,,388.3636484146118,,,,,,,
62.27,30.833333333333336,,,,,,,,,74.3664436340332,
62.28,30.944444444444446,,,,106.95570087432861,,,,,,
62.3,31.055555555555554,,,,,705.2878618240356,,,,75.52914905548096,
62.41,31.055555555555554,,,,108.39881992340088,,,,,,
62.6,31.166666666666664,102.55721092224121,725.0588254928589,,,,,,,,
62.66,31.277777777777775,,,,,,704.8433790206909,,,,
62.72,31.333333333333336,,,,109.83054256439209,,,,,,
62.81,31.38888888888889,,726.4844970703125,,,,,,,,
62.84,31.38888888888889,,,,,,,,83.65353775024414,,
62.85,31.444444444444446,,,,,,,,,,348.395471572876
62.86,31.555555555555554,,,391.23161792755127,,,,,,,
62.88,31.555555555555554,,,,,,,,,,349.8341541290283
62.9,31.666666666666664,,,,,,,,85.08299827575684,,
62.91,31.666666666666664,,,,,,,,,,351.26924228668213
63.04,31.77777777777778,104.00247383117676,,,,,,,,,
63.12,31.833333333333336,,,,,,706.2726764678955,,,,
63.13,31.944444444444443,,,,,,,,,,354.13341999053955
63.17,32.0,105.43699550628662,,,,,,,,,
63.26,32.0,,,,,,709.1343832015991,,,,
63.32,32.111111111111114,,,394.0872869491577,,,,,,,
63.43,32.22222222222222,,,,,706.7201118469238,,,,,
63.5,32.27777777777778,,,,111.2619686126709,,,,,,355.5710754394531
63.52,32.388888888888886,,727.9107704162598,,,,,,,,
63.53,32.388888888888886,,,,,,,71.0009765625,,,
63.56,32.5,,,,,,,,,76.96478271484375,
63.65,32.611111111111114,,,396.94290256500244,,,,72.42886257171631,,,
63.7,32.611111111111114,,,,,,,73.86100769042969,,,
63.73,32.666666666666664,106.88584232330322,,,,,,,,,
63.82,32.72222222222222,,,399.7941007614136,,,,,,,
63.95,32.83333333333333,,,402.6666040420532,,,,,,,
64.03,32.83333333333333,,,,,,,,,78.39374732971191,
64.07,32.94444444444444,,,,,,710.5730590820312,,,,
64.17,32.94444444444444,108.34684658050537,,,,,,,,,
64.19,33.0,109.78371810913086,,,,,,,,,
64.2,33.111111111111114,,,,,,,,,,357.0081539154053
64.22,33.111111111111114,,,,,,,,,79.81637668609619,
64.27,33.166666666666664,111.21961498260498,,,,,,,,,
64.29,33.22222222222222,112.65247249603271,,,,,,,,,
64.37,33.33333333333333,,,,112.68410682678223,,,,,,
64.41,33.33333333333333,,,,,708.1477146148682,,,,,
64.48,33.44444444444444,,729.346188545227,,,,,,,,
64.51,33.5,115.5392713546753,,,,,,,,,
64.55,33.55555555555556,116.96916103363037,,,,,,,,,
64.57,33.666666666666664,,,,,709.5743188858032,,,,,
64.72,33.72222222222222,,730.7776746749878,,,,,,,,
64.84,33.77777777777778,,,,,711.0600500106812,,,,,
64.89,33.83333333333333,,,,,,,75.2966251373291,,,
64.91,33.83333333333333,,,,114.11338520050049,,,,,,
65.0,33.88888888888889,,,,,,,,86.5196475982666,,
65.06,34.0,,,,115.54014110565186,,,,,,
65.23,34.0,,,405.52774715423584,,,,,,,
65.3,34.05555555555556,,,,,,,,,81.25580596923828,
65.37,34.166666666666664,,,408.3960294723511,,,,,,,
65.39,34.166666666666664,,,,,,,,,82.69075298309326,
65.41,34.27777777777778,,,,116.96914482116699,,,,,,
65.42,34.333333333333336,,732.2108659744263,,,,,,,,
65.69,34.333333333333336,,,,118.3932466506958,,,,,,
65.7,34.44444444444444,,,,,712.2214813232422,,,,,
65.72,34.5,,,,,,712.0052738189697,,,,
65.79,34.55555555555556,,,,,,,76.72086334228516,,,
65.85,34.55555555555556,,,,,713.6565017700195,,,,,
65.87,34.61111111111111,,,,,,,,,,358.4411849975586
65.91,34.66666666666667,,,,,,713.4266729354858,,,,
65.92,34.72222222222222,,733.6773843765259,,,,,,,,
65.95,34.77777777777778,,,,,,714.8545351028442,,,,
65.99,34.833333333333336,,735.1109428405762,,,,716.0150814056396,,,,
66.0,35.0,,736.538215637207,,,,,,,,
66.04,35.05555555555556,,,,119.81474876403809,,,,,,
66.11,35.05555555555556,,737.9812936782837,,,,,,,,
66.14,35.11111111111111,,,,,,,77.88388347625732,,,
66.16,35.27777777777778,,,,,,718.8797540664673,,,,
66.19,35.388888888888886,,,414.12409687042236,,,,,,,
66.2,35.44444444444444,,,416.99219036102295,,,,,,,
66.3,35.44444444444444,,,,,,,,,84.12397575378418,
66.38,35.55555555555556,,,,,715.0896062850952,,,,,
66.4,35.66666666666667,,,,,716.5150117874146,,,87.94938373565674,,
66.44,35.66666666666667,,,,,717.9498138427734,,,,,
66.47,35.77777777777777,,,,,719.3767776489258,,,,,
66.59,35.77777777777777,,,,,,,,,85.54673862457275,
66.65,35.94444444444444,,739.3961725234985,,,,720.3137588500977,,,,
66.71,35.94444444444444,,740.5583038330078,,,,,,,,
66.72,36.05555555555556,118.40645599365234,,,,,,,,,
66.81,36.05555555555556,,,419.8598394393921,,,,,,,
66.87,36.11111111111111,,,422.7084970474243,,,,,,,
66.92,36.16666666666667,,,,121.24130249023438,,,,,,
66.94,36.27777777777778,,,,,,721.7381944656372,,,,
66.97,36.333333333333336,119.84726333618164,,,,,,,,,
66.99,36.388888888888886,,,,,,722.8981828689575,,,,
67.0,36.44444444444444,121.29061698913574,,,,720.8075494766235,,,,,
67.01,36.55555555555556,,741.9876756668091,,,,,,,,359.8720541000366
67.03,36.611111111111114,,,,122.68069553375244,,,,,,
67.28,36.72222222222222,,,,124.11581039428711,,,,,,
67.36,36.77777777777778,,743.4238395690918,,,,,,,,
67.49,36.833333333333336,,,425.57420444488525,,,,,,,
67.66,36.833333333333336,,,,,,724.3271961212158,,,,
67.81,36.94444444444444,,,,,,,79.3186559677124,,,
67.86,36.94444444444444,,,,,,,,89.38550186157227,,
67.89,37.05555555555556,,744.8595504760742,,,,,,,,
67.9,37.111111111111114,,,,,,,,90.81271362304688,,
67.91,37.166666666666664,,,,,,,80.74390697479248,,,
67.92,37.22222222222222,,,,,722.2296113967896,,,,,
67.94,37.27777777777778,,,,,,725.7623596191406,,,,
68.0,37.333333333333336,,,,,,,82.1650915145874,,,
68.03,37.333333333333336,,,,,,,,,,361.3006258010864
68.28,37.388888888888886,,746.290361404419,,,,,,,,
68.32,37.5,,,,,,,,,86.97635173797607,
68.38,37.55555555555555,,,,,,,,,88.13971138000488,
68.57,37.55555555555555,,,,,725.1196889877319,,,,,
68.63,37.72222222222222,,,,,,727.1914329528809,,,,
68.65,37.72222222222222,,,,,726.5449180603027,,,,,
68.7,37.833333333333336,,,,,,728.6152648925781,,,,
68.78,37.833333333333336,,,428.483775138855,,,,,,,
68.9,38.0,,,,,727.9713430404663,730.0444145202637,,,,
68.93,38.0,,747.4694261550903,,,,,,,,
69.03,38.111111111111114,122.71881294250488,,,,,,,,,
69.04,38.22222222222222,,,,125.54885005950928,,731.2054347991943,,,,
69.1,38.22222222222222,,,,126.71081733703613,,,,,,
69.13,38.333333333333336,124.20916652679443,,,,,,,,,
69.14,38.388888888888886,,,,,729.3888492584229,,,,,
69.24,38.44444444444444,,748.8977298736572,,,,,,,,
69.29,38.44444444444444,,,,128.13804244995117,,,,,,
69.55,38.5,,,,,,,,,,362.7382516860962
69.64,38.55555555555556,125.63986873626709,,,,,,,,,
69.65,38.666666666666664,,,,129.57200050354004,,,,,,
69.66,38.666666666666664,,,,,,,,,,364.1570978164673
69.69,38.77777777777778,126.80137920379639,,,,,,,,,
69.74,38.83333333333333,,,,,730.8170166015625,,,,,
69.85,38.88888888888889,,,430.8240156173706,,,,,,,
69.96,38.88888888888889,,,,,,,83.59811210632324,,,
69.98,39.0,,,,,,,,92.24415397644043,,
69.99,39.0,,,,,,,,93.68546104431152,,
70.1,39.111111111111114,,,,,732.2571096420288,,,,,
70.12,39.111111111111114,,,,130.74262809753418,,,,,,
70.13,39.166666666666664,,,,,733.6855154037476,,,,,
70.24,39.22222222222222,128.23295307159424,,,,,,,,,
70.26,39.27777777777778,,,,,735.125506401062,,,,,
70.34,39.44444444444444,,,433.69318675994873,,736.5563888549805,,,,,
70.53,39.44444444444444,,,,,,732.6357860565186,,,,
70.55,39.55555555555556,,,436.53815937042236,,,,,,,
70.7,39.611111111111114,,,,,,,,,89.3157958984375,
70.75,39.72222222222222,129.65887546539307,,,,,,85.0244722366333,,,
70.76,39.77777777777778,,,,,,,,,90.75146865844727,
70.78,39.77777777777778,131.08901691436768,,,,,,,,,
70.79,39.88888888888889,,,,,737.989354133606,,,,,
70.95,39.88888888888889,,,,132.1770248413086,,,,,,
70.97,40.0,,,,,,734.067530632019,,,,
71.02,40.0,,,,,,,,,92.18008804321289,
71.12,40.11111111111111,,,,,,,86.45906639099121,,,
71.13,40.11111111111111,132.52137660980225,,,,,,,,,
71.18,40.22222222222222,,,,,,,,,93.6326265335083,
71.22,40.22222222222222,,,,,,735.4985980987549,,,,
71.24,40.33333333333333,,,,,,,,95.10694408416748,,
71.25,40.38888888888889,,,,,739.4218873977661,,,,,
71.26,40.61111111111111,133.9490098953247,,439.3932638168335,,,,,97.96645641326904,95.06816005706787,
71.28,40.72222222222222,135.12809562683105,,,,,,,,,
71.3,40.72222222222222,,750.3242073059082,,,,,,,,
71.32,40.77777777777778,,,,,,,,,,365.61272621154785
71.43,40.833333333333336,,,,,,,,99.40785121917725,,
71.48,40.88888888888889,,751.7548484802246,,,,,,,,
71.49,40.94444444444444,,,,,,736.9242429733276,,,,
71.5,41.0,,,,133.61441802978516,,,,,,
71.53,41.05555555555556,,,,,740.5791482925415,,,,,
71.62,41.16666666666667,,,,135.04521465301514,,,,,,367.0496997833252
71.67,41.27777777777778,,,,,,,,,,368.22601222991943
71.68,41.27777777777778,,,,,,738.3590250015259,,,,
71.76,41.333333333333336,,,,,,739.7874584197998,,,,
71.88,41.44444444444444,,,442.23348903656006,,,,,,,
71.89,41.5,,,,,742.0105218887329,,,,,
71.92,41.55555555555556,,,,,,,87.88883209228516,,,
71.93,41.55555555555556,,,,,743.4419956207275,,,,,
71.96,41.66666666666667,,,445.09807109832764,,,,,,,
71.97,41.72222222222222,,,,136.48104095458984,,741.2262506484985,,,,
72.0,41.833333333333336,,,,,,,,100.83903980255127,,
72.09,41.888888888888886,,,,,744.8607339859009,,,,,
72.15,41.94444444444444,,752.9150257110596,,,,,,,,
72.22,42.0,,,,,,,,101.98803806304932,,
72.27,42.0,,,,137.99709796905518,,,,,,
72.34,42.11111111111111,,,,,,742.7442684173584,,,,
72.5,42.22222222222222,,,,,746.3778114318848,,,103.51613330841064,,
72.52,42.22222222222222,136.37576389312744,,,,,,,,,
72.6,42.333333333333336,,,,139.42945098876953,,,,,,
72.61,42.388888888888886,,754.4312467575073,,,,,,,,
72.64,42.44444444444444,,,,,,,,,96.32040214538574,
72.65,42.44444444444444,,,,,,,,,,371.09333324432373
72.67,42.55555555555556,,755.8519220352173,,,,,,,97.75224494934082,
72.71,42.666666666666664,,,446.51988315582275,,,,,,,
72.72,42.666666666666664,,,446.6107540130615,,,,,,,
72.73,42.666666666666664,,,448.0401430130005,,,,,,,
72.75,42.72222222222222,,,,,,,89.40794563293457,,,
72.79,42.833333333333336,,,,,,,90.57900714874268,,,
72.81,42.833333333333336,,,,,,744.1726160049438,,,,
72.86,42.888888888888886,,757.2736253738403,,,,,,,,
72.93,42.94444444444444,,,,140.85740661621094,,,,,,
72.94,43.0,,,,142.29087162017822,,,,,,
72.96,43.05555555555556,,,,,,,,,98.91495037078857,
72.99,43.111111111111114,,,,,,,92.02212619781494,,,
73.0,43.22222222222222,,,449.4763021469116,,,,,,,
73.01,43.22222222222222,,,,,,,,104.9390344619751,,
73.05,43.27777777777778,,,,,,,93.45645713806152,,,
73.1,43.333333333333336,,,,,,,,,100.34667301177979,
73.16,43.388888888888886,,,,,,745.5982875823975,,,,
73.23,43.5,,758.7036371231079,,,,,94.8904161453247,,,
73.28,43.611111111111114,,,,,,747.0322723388672,,,,
73.3,43.611111111111114,137.81444644927979,,,,,,,,,
73.31,43.72222222222222,,,450.9057626724243,,,,,,,
73.34,43.77777777777778,,,452.3408508300781,,,,,,,
73.35,43.77777777777778,,,,,,,,106.38429737091064,,
73.47,43.888888888888886,,,,143.7201690673828,,748.4713554382324,,,,
73.48,43.94444444444445,,,,145.145263671875,,,,,,
73.5,44.05555555555555,,,,,,749.9058771133423,,,,
73.55,44.05555555555555,,760.1253633499146,,,,,,,,
73.6,44.111111111111114,,,453.7808313369751,,,,,,,
73.64,44.22222222222222,139.242280960083,,,,,,,,,
73.65,44.22222222222222,,761.5576133728027,,,,,,,,
73.73,44.27777777777778,,762.9952688217163,,,,,,,,
73.77,44.333333333333336,,,,,,,,,,373.95618534088135
73.78,44.388888888888886,,,,,,751.3321504592896,,,,
73.93,44.44444444444444,,,,146.58276653289795,,,,,,
73.99,44.55555555555556,,,,,,752.7677841186523,,,,
74.02,44.611111111111114,,764.4230766296387,,,,,,,,
74.04,44.666666666666664,,,,,747.8056974411011,,,,,
74.17,44.72222222222222,,,,148.01491165161133,,,,,,
74.21,44.72222222222222,,,,,,754.216630935669,,,,
74.35,44.77777777777778,,,,,,755.6528825759888,,,,
74.36,44.888888888888886,,,,,749.2312965393066,,,,,
74.42,44.94444444444444,,765.8520412445068,,,,,,,,
74.49,44.94444444444444,,,,149.45358753204346,,,,,,
74.54,45.0,,,,,,,96.35142040252686,,,
74.78,45.111111111111114,,,,,,,97.78829193115234,,,
75.02,45.166666666666664,,767.289119720459,,,,,,,,
75.04,45.166666666666664,,,,,,757.075511932373,,,,
75.05,45.27777777777778,140.67817783355713,,,,,,,,,
75.06,45.27777777777778,,,,,,,99.22114944458008,,,
75.17,45.38888888888889,,,455.2029695510864,,,,,,,
75.21,45.44444444444444,,,,,,,,,,376.81139087677
75.38,45.44444444444444,,,,,,758.5109300613403,,,,
75.42,45.5,,,456.6505880355835,,,,,,,
75.47,45.55555555555556,,,,150.89276790618896,,,,,,
75.59,45.666666666666664,,,,,,,,,,379.6711702346802
75.69,45.72222222222222,,768.7206058502197,,,750.6579008102417,,,,,
75.7,45.83333333333333,142.16390895843506,,,,,,,,,
75.75,45.88888888888889,143.59952640533447,,,,,,,,,
75.76,45.88888888888889,,,,,,,,107.8135757446289,,
75.8,45.94444444444444,,,,,752.0945501327515,,,,,
75.88,46.0,,,,152.31952381134033,,,,,,
75.92,46.05555555555556,,,,,,759.9415016174316,,,,
75.93,46.166666666666664,,770.1600351333618,,,,,,,,
75.95,46.22222222222222,,,,153.75366497039795,,,,,,
75.98,46.27777777777778,,,,,,,100.65015316009521,,,382.54106426239014
76.0,46.33333333333333,,,,,753.5277414321899,,,,,
76.03,46.44444444444444,,,,,754.9518432617188,,,,,
76.07,46.5,,,,,,,,,,384.8639268875122
76.17,46.55555555555556,,,,,,,,109.24579048156738,,
76.18,46.666666666666664,145.02376461029053,,,,,761.376522064209,,,,
76.23,46.72222222222222,,,,155.18669605255127,,,,,,
76.28,46.77777777777778,,,,,756.3732423782349,,,,,
76.39,46.77777777777778,,,,,757.8397607803345,,,,,
76.5,46.833333333333336,,,,,759.2676229476929,,,,,
76.54,46.94444444444444,,,,,,,,,,387.185019493103
76.6,46.94444444444444,,771.5935935974121,,,,,,,,
76.72,47.0,146.4510374069214,,,,,,,,,
76.73,47.05555555555556,,,,,,,102.0716552734375,,,
76.77,47.16666666666667,,,,,,762.8196001052856,,,,
76.84,47.22222222222222,147.88309574127197,,,,,,103.23467540740967,,,
76.85,47.27777777777778,,,,,760.7002372741699,,,,,
76.88,47.333333333333336,,,,,,,,110.701416015625,,
76.95,47.38888888888889,,,,,,764.2280082702637,,,,
76.99,47.44444444444444,,,,,,,,,,390.0531129837036
77.0,47.55555555555556,,,458.0836925506592,,,,,,101.7798957824707,
77.02,47.66666666666667,,,,,762.1299734115601,,,,,
77.07,47.72222222222222,,,,,,,,112.12682151794434,,
77.18,47.77777777777778,,,,,,765.6628103256226,,,,
77.28,47.833333333333336,,,459.50645542144775,,,,,,,392.9070405960083
77.39,47.94444444444444,,,,,763.5639781951904,,,,,
77.4,47.94444444444444,,,,,764.9788570404053,,,,,
77.47,48.05555555555556,149.04522705078125,,,,,,,,,
77.49,48.11111111111111,150.48252201080322,,,,,,,,,
77.5,48.22222222222222,151.9163465499878,,,,,,,,,
77.52,48.22222222222222,,,,,,,,,103.20422458648682,
77.54,48.27777777777777,,,,,766.4032926559448,,,113.55337524414062,,
77.68,48.333333333333336,,773.0344009399414,,,,,,,,
77.71,48.44444444444444,,,,156.34668445587158,767.8340644836426,,,,,
77.79,48.5,,,460.94980907440186,,,,,,,
77.8,48.61111111111111,,,,,,,,,104.63359642028809,
77.93,48.66666666666667,154.7866086959839,,,,,,,,,
78.03,48.77777777777778,,774.4695158004761,,,,,,,,
78.06,48.888888888888886,156.2227725982666,,,,769.266918182373,,,,,
78.16,48.94444444444444,,775.8985290527344,,157.78145694732666,,,,,,
78.18,49.111111111111114,,,462.3859272003174,159.21716785430908,,,,,,
78.25,49.166666666666664,,,,,,767.0900220870972,,,,
78.3,49.22222222222222,,,,,,,,114.97543716430664,,
78.32,49.27777777777778,,777.3237800598145,,,,,,,,
78.55,49.27777777777778,,,,,,,,116.41060066223145,,
78.6,49.388888888888886,,,463.8071117401123,,,,,,,
78.85,49.44444444444444,157.6513442993164,,,,,,,,,
78.87,49.44444444444444,,,,,,,,,106.06440734863281,
78.98,49.5,,,,,,768.5196352005005,,,,
79.01,49.55555555555556,,778.4871397018433,,,,,,,,
79.03,49.666666666666664,,,,,,769.9581642150879,,,,
79.1,49.666666666666664,,,,,,,,117.86214923858643,,
79.38,49.72222222222222,,,465.23618507385254,,,,,,,
79.41,49.833333333333336,,,,,,,,,107.48963642120361,
79.46,49.833333333333336,,,466.6600170135498,,,,,,,
79.5,49.888888888888886,,,,160.67195320129395,,,,,,
79.52,50.0,,,,,770.6933431625366,,,,,
79.54,50.0,,,468.08916664123535,,,,,,,
79.59,50.05555555555555,,,,,,771.1372289657593,,,,
79.63,50.11111111111111,,,,,,772.5654249191284,,,,
79.64,50.16666666666667,,,469.250186920166,,,,,,,
79.65,50.22222222222222,,,,162.1049928665161,,,,,,
79.75,50.27777777777778,,779.9774932861328,,,771.8553104400635,,,,,
79.85,50.38888888888889,,,470.66769313812256,,,,,,,
79.87,50.5,,,,,,,104.66297912597656,,,
79.89,50.55555555555556,,,,,,773.9926500320435,,,,
79.92,50.55555555555556,,,,163.54261875152588,,,,,,
79.93,50.61111111111111,,,472.0983953475952,,,,,,,
79.99,50.72222222222222,159.08530235290527,,473.5172414779663,,,,,,,
80.0,50.77777777777778,,,,,,,,,108.65114688873291,
80.06,50.888888888888886,,781.4056606292725,,,,,,,,
80.11,50.94444444444445,,,,164.7127389907837,,,,,,
80.14,51.0,160.5183229446411,,,,,,,,,
80.17,51.05555555555556,,,,166.14417934417725,,,,,,
80.27,51.05555555555556,,782.8469676971436,,,,,,,,
80.3,51.16666666666667,,,,,,,,119.30224227905273,,
80.35,51.16666666666667,,,,,,,105.8336067199707,,,
80.36,51.22222222222222,,,474.94564723968506,,,,,,,
80.42,51.33333333333333,,,,,,,,,,395.770188331604
80.48,51.33333333333333,,784.286958694458,,,,,,,,
80.53,51.388888888888886,,,476.3802328109741,,,,,,,
80.55,51.5,161.94867420196533,,,,,775.4235324859619,,,,
80.59,51.61111111111111,,,,,,,,,,398.61516094207764
80.66,51.66666666666667,,,,,,,,120.47832679748535,,
80.73,51.72222222222223,,,,167.5705394744873,,,,,,
80.74,51.77777777777778,,,,,,,,,,401.4670057296753
80.76,51.83333333333333,,785.7171001434326,,,,,107.26927947998047,,,
80.96,51.94444444444445,,,,169.0035047531128,,,,,,
81.0,52.0,,,,,,776.8579292297363,,121.91007137298584,,
81.1,52.05555555555556,,,,,,,,,110.07976627349854,
81.15,52.166666666666664,,,477.81482696533203,,,,,,,
81.26,52.22222222222223,,,,,773.287670135498,,,123.36260986328125,,
81.28,52.27777777777778,,,,,774.7187376022339,,,,,
81.31,52.33333333333333,,,,,,,,,,404.3099718093872
81.34,52.44444444444445,163.3812074661255,,,,,,,,,
81.38,52.5,,,,,,,,,,407.18813610076904
81.39,52.55555555555556,,,,,,,108.69691276550293,,,
81.5,52.666666666666664,,,,,776.1462898254395,778.2934627532959,,,,
81.79,52.666666666666664,,787.1375303268433,,,,,,,,
81.85,52.72222222222223,,,,,,779.4725484848022,,,,
81.93,52.83333333333333,,,,,777.5727672576904,,,,,
81.98,52.888888888888886,,,,,,780.9281768798828,,,,
82.07,52.94444444444445,,,,170.444899559021,,,,,,
82.18,52.94444444444445,,,479.24546813964844,,,,,,,
82.19,53.0,,,480.6711130142212,,,,,,,
82.23,53.166666666666664,164.81860065460205,,,,,,,,,409.5026578903198
82.3,53.166666666666664,166.24939727783203,,,,,,,,,
82.35,53.22222222222223,,,,171.88187313079834,,,,,,
82.44,53.27777777777778,,788.5723123550415,,,,782.104489326477,,,,
82.48,53.55555555555556,,,,,,,110.12534618377686,,111.51113986968994,
82.49,53.55555555555556,,790.0020780563354,,,778.9928798675537,,,,,
82.51,53.666666666666664,,,,,780.4243535995483,,,,,
82.53,53.666666666666664,,791.4343690872192,,173.32066535949707,,,,,,
82.74,53.77777777777778,,,,,,,,,,412.37431049346924
82.78,53.833333333333336,,792.8655576705933,,,,,,,,
82.84,53.94444444444444,167.66813564300537,,,,,,,,,
82.86,53.94444444444444,,,,,781.5845308303833,,,,,
82.87,54.05555555555556,,,,,,783.2534875869751,,,,
82.88,54.11111111111111,,,,,783.1005878448486,,,,,
82.92,54.166666666666664,,,,174.83868312835693,,,,,,
82.94,54.166666666666664,,,,,,,111.65344142913818,,,
82.97,54.22222222222223,,,,,784.5267944335938,,,,,
83.03,54.27777777777778,,,,175.99548053741455,,,,,,
83.07,54.388888888888886,,,,,,,,,113.03436374664307,
83.18,54.388888888888886,,,,,785.9521446228027,,,,,
83.22,54.50000000000001,,,,,,,,124.61485195159912,,
83.26,54.50000000000001,,,,,,,113.08528423309326,126.04851245880127,,
83.28,54.666666666666664,,,,,,,,,114.45503902435303,
83.4,54.72222222222223,,,,,,,114.50709629058838,127.47790145874023,,
83.46,54.77777777777778,169.18724918365479,,,,,,,,,
83.48,54.833333333333336,,795.2076807022095,,,,,,,,
83.63,54.888888888888886,170.61559677124023,,,,,,,,,
83.67,55.00000000000001,,,,,,,,,115.87674236297607,
83.72,55.00000000000001,,,,,,,,,,413.8931369781494
83.74,55.111111111111114,,,,,,,115.94056129455566,,,
83.78,55.166666666666664,,,,,,,,,,415.05584239959717
83.85,55.222222222222214,,798.093918800354,,,,784.780517578125,,,,
83.93,55.333333333333336,,800.9397211074829,,,,,,,,
84.0,55.388888888888886,,,,,,,117.37228393554688,,117.31107330322266,
84.05,55.50000000000001,172.04126834869385,,,,,,,,,
84.1,55.55555555555556,,,,,,786.2105293273926,,,,
84.15,55.55555555555556,173.47522735595703,,,,,,,,,
84.19,55.611111111111114,,,,,,,,,118.74505805969238,
84.2,55.666666666666664,,,,,,,,128.91658401489258,,
84.25,55.722222222222214,,,,,787.3816051483154,,,,,
84.26,55.77777777777778,,,,177.43056869506836,,,,,,
84.34,55.833333333333336,,,,,,,,,,416.5011053085327
84.39,55.888888888888886,,,,,,,,,,417.9304027557373
84.47,56.00000000000001,,,482.2010669708252,,,,,,,
84.54,56.00000000000001,,803.7899103164673,,,,,,,,
84.55,56.111111111111114,,,,,,787.6450510025024,,,,
84.57,56.166666666666664,,,483.62279319763184,,,,,,,
84.61,56.222222222222214,174.915207862854,,,,,,,,,
84.64,56.222222222222214,176.34304237365723,,,,,,,,,
84.75,56.277777777777786,177.7752923965454,,,,,,,,,
84.8,56.333333333333336,,,,,,,,,120.18271350860596,
84.81,56.44444444444444,,806.6424570083618,485.05421924591064,,,,,,,
84.95,56.49999999999999,,,,178.8680715560913,,,,,121.61834716796875,
85.0,56.72222222222222,,,,,788.8094911575317,,,,,419.35821056365967
85.01,56.72222222222222,,809.5067472457886,,,,,,,,
85.09,56.833333333333336,,,,,,,,130.36543083190918,,
85.1,56.833333333333336,,,,,,,,,123.04394626617432,
85.2,56.94444444444444,,,486.49047088623047,,,789.0740156173706,,,,
85.22,56.99999999999999,,,,,,,,,124.48262214660645,
85.28,57.111111111111114,,,487.9514751434326,,,,,,,
85.42,57.166666666666664,,,,180.30515003204346,,790.5108871459961,,,,
85.45,57.277777777777786,179.1979217529297,,,,,,,,,
85.7,57.277777777777786,180.6338186264038,,,,,,,,,
85.72,57.333333333333336,,,,,,,,131.7982883453369,,
85.86,57.388888888888886,,,,,,,,,,420.780348777771
85.94,57.49999999999999,,,,,,,118.79988670349121,,,
86.05,57.55555555555556,,,489.3868932723999,,,,,,,
86.13,57.55555555555556,,,490.834511756897,,,,,,,
86.17,57.666666666666664,,,,,,791.9500675201416,,,,
86.25,57.72222222222222,,,,,,793.3799571990967,,,,
86.26,57.77777777777777,,,,181.73175430297852,,,,,,
86.29,57.833333333333336,,,,,,794.8114433288574,,,,
86.31,57.833333333333336,,,,183.21748542785645,,,,,,
86.38,57.88888888888889,,,,,,,,,125.91823959350586,
86.47,57.99999999999999,,,492.26379013061523,,,,,,,
86.5,58.05555555555556,,,,,,,121.66329193115234,,,
86.51,58.111111111111114,,,,,,796.2420148849487,,,,
86.57,58.166666666666664,,,,184.65691471099854,,,,,,
86.59,58.22222222222222,,812.3750295639038,,,,,,,,
86.8,58.27777777777777,182.0687656402588,,,,,,,,,
86.87,58.333333333333336,,,,186.08591842651367,,,,,,
86.88,58.38888888888889,,,,,,797.6752061843872,,,,
86.9,58.5,,,,,790.2335929870605,,,,,
86.91,58.55555555555556,,,,,791.3950242996216,,,,,
86.92,58.611111111111114,,,,,,,123.09550666809082,,,
86.93,58.666666666666664,,,,,,,,,,422.20458698272705
86.94,58.666666666666664,,,,,792.8300447463989,,,,,
86.97,58.72222222222222,,,,,794.2630758285522,,,,,
87.02,58.833333333333336,,,,,,,,,,423.62598609924316
87.04,58.88888888888889,,,,,,799.1417245864868,,,,
87.14,58.94444444444444,,,,,,,,133.2261505126953,,
87.18,58.94444444444444,,,493.6973485946655,,,,124.25605297088623,,,
87.23,59.111111111111114,,,,187.51319122314453,,,,,,
87.25,59.27777777777777,,815.2611856460571,,,795.6845779418945,,,,127.08125972747803,
87.34,59.333333333333336,,,,188.94580554962158,,800.5737829208374,,,,
87.37,59.38888888888889,,818.1724367141724,,,797.0929861068726,,,,,
87.38,59.55555555555555,,,,,,802.0078296661377,,,,
87.4,59.55555555555555,,,,,,,,,128.51448249816895,
87.52,59.611111111111114,,,,,,803.4409341812134,,,,
87.54,59.77777777777777,,821.023247718811,,,798.5227222442627,,,,,
87.66,59.77777777777777,,,,,799.9575242996216,,,,,
87.72,59.88888888888889,,,,,,,,,,425.0529499053955
87.75,59.94444444444444,,,,190.36856842041016,,,,,,
87.79,59.94444444444444,,,,,801.391529083252,,,,,
87.84,60.05555555555555,,,495.11222743988037,,,,,,,
87.88,60.05555555555555,183.23089694976807,,,,,,,,,
87.93,60.16666666666667,184.66819190979004,,,,,,,,,
87.97,60.22222222222222,,,,,,,,134.65997505187988,,
87.99,60.22222222222222,,,,,802.8158578872681,,,,,426.4795036315918
88.0,60.38888888888889,,,,,,,,,,427.90393924713135
88.12,60.38888888888889,186.10899925231934,,,,,,,,,
88.18,60.44444444444444,,,,,,,,135.8199634552002,,
88.26,60.5,,,,,,,,,129.9452543258667,
88.45,60.611111111111114,,,,191.81192207336426,,,,137.24933528900146,,
88.48,60.72222222222222,,,,,804.2467269897461,,,138.68872833251953,,
88.54,60.77777777777777,,,,,,,,,,429.339054107666
88.57,60.83333333333333,,,,193.24808597564697,,,,,,
88.64,60.94444444444444,,,,194.68093967437744,,,,,,
88.69,60.94444444444444,,,,196.10995292663574,,,,,,
88.75,61.05555555555555,,,496.54699993133545,,,,,,,
88.82,61.05555555555555,,823.8954839706421,,,,,,,,
88.87,61.111111111111114,,,497.98271083831787,,,,,,,
88.96,61.16666666666667,,,,,,,,140.11594009399414,,
88.99,61.22222222222222,187.53106117248535,,,,,,,,,
89.01,61.33333333333333,,,,197.53520393371582,,,,,,
89.02,61.38888888888889,,,,,,,125.69121646881104,,,
89.07,61.44444444444444,,826.7378530502319,,,,,,,,
89.12,61.5,,,,,,,,141.54451179504395,,
89.18,61.5,,,,,,,,,131.37606525421143,
89.21,61.55555555555555,,829.5970792770386,,,,,,,,
89.26,61.611111111111114,,,,,,804.6042938232422,,,,
89.38,61.66666666666667,,,,,,,127.12974548339844,,,
89.44,61.72222222222222,,,,,,,128.58129405975342,,,
89.48,61.83333333333333,188.9601345062256,,,,,,,,,
89.53,61.83333333333333,,,,,,,,,,430.7642831802368
89.54,61.94444444444444,,832.4447431564331,,,,,,,,
89.6,61.94444444444444,,,,,,,,,,432.2190685272217
89.64,62.05555555555555,,835.2975931167603,,,,,,,,
89.66,62.11111111111111,,,,,,806.0334434509277,,,,
89.71,62.11111111111111,,,,,805.4257917404175,,,,,
89.75,62.16666666666667,190.38833045959473,,,,,,,,,
89.76,62.27777777777778,,,,,,807.1944637298584,,,,
89.79,62.33333333333333,,,,,,,,,132.8091049194336,
89.94,62.33333333333333,,,,,,,,,,433.38103580474854
89.96,62.44444444444445,,,,,,808.684817314148,,,,
89.99,62.5,,,499.4002170562744,,,,,,,
90.03,62.5,,,,,,,,142.97281551361084,,
90.1,62.55555555555555,,,,,,,,144.40004062652588,,
90.15,62.66666666666667,191.8259563446045,,,,,,,,,
90.18,62.66666666666667,193.25665855407715,,,,,,,,,
90.22,62.77777777777778,,,500.8341751098633,,,,,,,
90.46,62.77777777777778,,838.1352853775024,,,,,,,,
90.52,62.83333333333333,,,,,,,,,,434.54254627227783
90.57,62.94444444444445,,,,,,,130.00946140289307,,,
90.67,62.94444444444445,,,502.0042953491211,,,,,,,
90.7,63.0,,,,,,,,,134.24212551116943,
90.72,63.05555555555556,,,,,,,131.44090175628662,,,
90.77,63.11111111111111,,,,,,,,145.84134769439697,,
90.8,63.16666666666667,194.69675159454346,,,,,,,,,
90.9,63.27777777777778,,,,,,809.8554449081421,,,,
90.92,63.33333333333333,,,,198.96360969543457,,,,,,
91.07,63.33333333333333,,,503.43586921691895,,,,,,,
91.2,63.388888888888886,196.1367425918579,,,,,,,,,
91.25,63.44444444444445,,,,,,,,147.27593326568604,,
91.27,63.55555555555556,,840.9970502853394,,,,,,,,
91.28,63.61111111111111,,,504.86622047424316,,,,,,,
91.3,63.66666666666667,,,,,,,,148.69841957092285,,
91.38,63.72222222222222,,,,,806.6018762588501,,,,,
91.39,63.77777777777778,,,506.2925806045532,,,,,,,
91.43,63.83333333333333,198.9983377456665,,,,,,,,,
91.52,63.94444444444445,,,507.72272205352783,,,,,,,
91.54,63.94444444444445,,,,,,,,150.13138484954834,,
91.68,64.05555555555556,,,,,,811.2898416519165,,,,
91.7,64.05555555555556,,,,200.39535427093506,,,,,,
91.79,64.11111111111111,,843.8542890548706,,,,,,,135.67671966552734,
91.81,64.22222222222223,,,510.6076202392578,,,,,,,
91.86,64.38888888888889,,,,,,812.7209091186523,,,,
91.88,64.38888888888889,,,,,,,132.86238479614258,,,
91.91,64.5,,,,,,814.1534423828125,,,,
92.02,64.55555555555556,200.43741989135742,,,,,,,,,
92.07,64.55555555555556,,,,201.82298755645752,,,,,,
92.11,64.66666666666666,,,,,,,,,,435.9700984954834
92.18,64.66666666666666,,,,,,815.5889759063721,,,,
92.25,64.72222222222223,,846.6951494216919,,,,,,,,
92.38,64.77777777777777,,,,,807.7809619903564,,,,,
92.44,64.83333333333333,,,,,,,,,,437.3965759277344
92.52,64.88888888888889,,,,,809.236590385437,,,,,
92.55,64.94444444444444,,,,,810.6779851913452,,,,,
92.57,65.0,201.86806106567383,,,,,,,,,
92.63,65.05555555555556,,,,,,817.0146207809448,,,,
92.66,65.11111111111111,,,,,,,,151.5687780380249,,
92.7,65.16666666666666,,,,,811.8352460861206,,,,,
92.78,65.22222222222223,,,512.0384168624878,,,,,,,
92.8,65.33333333333333,,,,,,818.4515943527222,,,,
92.82,65.38888888888889,,,,,813.0115585327148,,,,,
92.87,65.44444444444444,,,513.473198890686,203.2431001663208,,819.8800277709961,,,,
92.9,65.55555555555556,,,,204.6744737625122,,,,,,
92.92,65.61111111111111,,,,,,,,,,438.8263416290283
92.94,65.72222222222223,,849.5580968856812,,,,,,,,
92.98,65.72222222222223,,,,,,,,153.0010690689087,,
93.03,65.83333333333333,,,,,814.4503507614136,,,,,
93.05,65.88888888888889,,,,,,,134.29821109771729,,,
93.15,65.88888888888889,,,,,,,,,137.10790824890137,
93.19,65.94444444444444,,,514.8919372558594,,,,,,,
93.25,66.05555555555556,203.0282382965088,,,,,,,,,
93.26,66.11111111111111,,,,,815.5993490219116,,,,,
93.28,66.16666666666666,,851.0741539001465,,,,,,,,
93.29,66.22222222222223,,,,206.19249153137207,,,,,,
93.3,66.22222222222223,,,,207.62971591949463,,,,,,
93.39,66.27777777777779,,,516.048734664917,,818.4517621994019,,,,,
93.4,66.38888888888889,,,516.1396055221558,,,,,,,
93.5,66.5,204.5514621734619,,,,,,,154.51729011535645,,
93.55,66.55555555555556,,,,208.79108715057373,,,,,,
93.57,66.61111111111111,,852.5078144073486,,,,,,,,
93.59,66.61111111111111,,,,,821.315447807312,,,,,
93.75,66.72222222222223,,,,,,821.39271068573,,,,440.33788776397705
93.76,66.83333333333333,,,,,,,,,,441.767276763916
94.01,66.88888888888889,,,,,,822.8209533691406,,,,
94.02,67.05555555555556,,,517.3106670379639,,824.1721429824829,824.2426567077637,,,,
94.03,67.11111111111111,,,,,,,135.81703758239746,,,
94.06,67.11111111111111,,,,,,,,,138.63224411010742,
94.09,67.22222222222223,,853.6705198287964,,,,,,,,
94.1,67.27777777777779,,,,210.234206199646,,,,,,
94.12,67.27777777777779,,,518.746826171875,,,,,,,
94.17,67.38888888888889,,,,,827.0179452896118,,,,,
94.24,67.38888888888889,,855.104850769043,,,,,,,,443.1989994049072
94.37,67.5,205.97713375091553,,,,,,,,,
94.39,67.55555555555556,,,,211.66421794891357,,,,,,
94.4,67.61111111111111,,,520.1807851791382,,,,,,,
94.49,67.72222222222221,207.41111850738525,,,,,,,,,
94.53,67.77777777777779,,,,213.10290050506592,,,,,,
94.57,67.83333333333333,,,,,,,,155.94675064086914,,
94.62,67.88888888888889,,,,,,,,,,444.63408756256104
94.66,67.88888888888889,,,,214.54816341400146,,,,,,
94.71,68.0,,,,,,825.6719541549683,,,,
94.81,68.0,,,,,,,,,,446.07317066192627
95.02,68.05555555555556,,,,,,827.0970487594604,,,,
95.06,68.16666666666666,,,,215.9698896408081,829.8869886398315,,,,,
95.11,68.27777777777779,208.85109901428223,,,,,,,,,
95.12,68.27777777777779,,,,,,828.5248832702637,,,,
95.16,68.38888888888889,,,,217.4021396636963,,,,,,
95.19,68.44444444444444,,,,218.8335657119751,,,,,,447.51082611083984
95.27,68.55555555555556,,,,,,,137.2545404434204,157.3730239868164,,
95.37,68.66666666666667,,,,,,829.9605169296265,,,,
95.44,68.66666666666667,,,,220.26137351989746,,,,,,
95.47,68.72222222222221,,,,,,831.3884029388428,,,,
95.53,68.77777777777779,,856.5369958877563,,,,,,,,
95.59,68.83333333333333,,,,,,,,,,448.95967292785645
95.75,68.94444444444444,,857.9625949859619,,,,,,,,
95.81,69.0,,,,,,,,,140.06849575042725,
95.86,69.0,,,,,832.7449178695679,,,,,
95.95,69.11111111111111,,860.8622751235962,,,,,,,,
95.98,69.22222222222221,,862.2991466522217,,,,,,,,
96.0,69.33333333333334,,,521.6178636550903,,,,,,,450.3823022842407
96.13,69.33333333333334,,863.7320041656494,,,,,138.69043731689453,,,
96.17,69.5,210.27323722839355,,,,,,,,,
96.22,69.5,,,,,,,,,,451.80990505218506
96.25,69.61111111111111,,865.1674222946167,,,,,,,,
96.42,69.61111111111111,211.72085571289062,,,,,,,,,
96.43,69.72222222222221,,,,,,832.8275833129883,,,,
96.5,69.83333333333334,,,,,,,,158.79962825775146,141.49838542938232,
96.53,69.83333333333334,,,,,,,140.12192344665527,,,
96.62,69.88888888888889,,,,,,,141.6076545715332,,,
96.75,70.05555555555556,213.1501340866089,,,,,,143.04327201843262,,,
96.77,70.11111111111111,214.58678340911865,,,,,,,,,
96.85,70.16666666666667,,,,,835.5984296798706,,,,,
96.91,70.16666666666667,,,,,838.4595727920532,,,,,
96.99,70.27777777777777,216.02621269226074,,,,,,,,,
97.18,70.33333333333334,,,,,,834.2617244720459,,,,
97.2,70.33333333333334,,,,,841.3294668197632,,,,,
97.27,70.44444444444444,,,,,844.1874742507935,,,,,
97.4,70.44444444444444,,,,,,835.6949157714844,,,,
97.45,70.5,,,,,,837.1190176010132,,,,
97.57,70.61111111111111,,,,,,,144.20470333099365,,,
97.59,70.61111111111111,217.45842742919922,,,,,,,,,
97.66,70.66666666666667,,,,,,,145.6289415359497,,,
97.7,70.83333333333334,,,,,,,,,142.93141651153564,453.2449254989624
97.72,70.88888888888889,,,,221.68277263641357,,,,,,
97.74,70.88888888888889,,,,,,838.5855360031128,,,,
97.75,71.0,218.88628959655762,,,,,,,,,
97.76,71.05555555555556,,,,,847.054591178894,839.7460823059082,,,,
97.87,71.16666666666667,220.31356239318848,,,,,,,,,
97.88,71.16666666666667,,,,,,,,160.22113037109375,,
97.9,71.22222222222221,,,,,,841.1891603469849,,,,
97.91,71.27777777777777,,,,,,,,,144.0944366455078,
97.96,71.33333333333334,,,523.0499219894409,,,,,,,
97.98,71.38888888888889,,,,223.11538696289062,,,,,,
98.03,71.55555555555554,,,,,849.9658422470093,,,,145.50284481048584,
98.05,71.55555555555554,,,,,,842.6232070922852,,,,
98.07,71.61111111111111,,,,,852.8322877883911,,,,,
98.1,71.72222222222221,,866.6005268096924,524.479658126831,,,,,,,
98.12,71.83333333333334,,,,,,,147.05434703826904,,,
98.13,71.83333333333334,221.74836444854736,,,,,,,,,
98.3,71.88888888888889,,,,224.54235076904297,,,,,,
98.35,71.94444444444444,,,525.9024209976196,,,,,,,
98.36,72.05555555555556,,,527.33642578125,,,,,,,
98.49,72.11111111111111,,,,,,844.0380859375,,,,
98.52,72.16666666666667,,867.7626581192017,,,,,,,,
98.59,72.16666666666667,,,,225.97964572906494,,,,,,
98.67,72.22222222222221,,,528.7702503204346,,,,,,,
98.7,72.33333333333334,223.17269325256348,,,,,,,,,
98.72,72.38888888888889,,,,,,,,161.64768409729004,,
98.77,72.38888888888889,,,530.1946859359741,,,,,,,
98.87,72.44444444444444,,869.203465461731,,,,,,,,
98.89,72.55555555555556,,,,,855.1522645950317,,,,,
98.92,72.61111111111111,,,,,858.0138082504272,,,,,
98.95,72.66666666666667,,,,,,,148.49770069122314,,,
98.96,72.66666666666667,,,,,,,,,146.9322166442871,
98.99,72.72222222222223,224.6035623550415,,,,,,,,,
99.02,72.83333333333334,,,,227.419038772583,,,,,,
99.13,72.88888888888889,,,,,,,,,,454.68004035949707
99.18,72.94444444444444,,,,,860.8861360549927,,149.9305543899536,,,
99.22,73.0,226.0325756072998,,,,,,,,,
99.23,73.11111111111111,,,531.6294584274292,,,,,,,
99.25,73.11111111111111,,,,,,845.4742040634155,,,,
99.27,73.22222222222223,227.4597873687744,870.6391763687134,,,,,,,,
99.38,73.27777777777777,,,533.0515203475952,,,,,,,
99.42,73.38888888888889,,,,,,,,163.07293510437012,,
99.43,73.44444444444444,,,534.48668384552,,,,,,,
99.44,73.5,,,,,863.7285051345825,,,,,
99.46,73.55555555555556,,,,228.8476104736328,,,,,,
99.49,73.61111111111111,,872.0699872970581,,,,,,,,
99.6,73.66666666666667,,,,,,,,164.50254821777344,,
99.63,73.66666666666667,,873.2333469390869,,,,,,,,
99.77,73.72222222222223,,,535.9252128601074,,,,,,,
99.89,73.83333333333333,,,,,,,,,148.3837652206421,
100.14,73.83333333333333,,,537.3542861938477,,,,,,,
100.18,73.94444444444444,,,,,,846.8994331359863,,,,
100.19,73.94444444444444,,,,,,,,,149.80759716033936,
100.3,74.05555555555556,,,,,,,,165.9573335647583,,
100.35,74.05555555555556,,,,230.2740354537964,,,,,,
100.41,74.11111111111111,,,,,,,151.35970401763916,,,
100.46,74.16666666666667,,,538.533350944519,,,,,,,
100.52,74.22222222222223,,,,,,848.3276290893555,,,,
100.53,74.27777777777777,,,,,,849.4886493682861,,,,
100.56,74.33333333333333,,,,,866.5945844650269,,,,,
100.6,74.44444444444444,,,,231.43600273132324,,,,,,
100.63,74.5,,874.7237005233765,,,,,,,,
100.67,74.55555555555556,,,539.9508571624756,,,,,,,
100.76,74.6111111111111,,876.1520042419434,,,,,,,,
100.84,74.66666666666667,,,,,,,,,,456.1072654724121
100.91,74.72222222222223,228.89741325378418,,,,,,,,,
100.93,74.77777777777777,,,,,,,152.79040622711182,,,
100.96,74.83333333333333,,877.5859622955322,,,,,,,,
101.04,74.83333333333333,,,,,,,,,151.22644329071045,
101.05,74.8888888888889,,,541.1123676300049,,,,,,,
101.06,75.0,,,,232.8641700744629,,,,,,
101.11,75.0,,,542.2824878692627,,,,,,,
101.18,75.05555555555556,,,,,,,,167.39035415649414,,
101.2,75.1111111111111,,,,234.29561042785645,,,,,,
101.35,75.22222222222223,,,543.7237949371338,,,,,,,
101.39,75.27777777777777,,,,235.73570346832275,,,,,,
101.46,75.27777777777777,,,,,,,,168.56098175048828,,
101.56,75.33333333333333,,879.014368057251,,,,,,,,
101.61,75.3888888888889,,,,,,,154.22198009490967,,,
101.63,75.44444444444444,,,,,,,,,,457.54725646972656
101.65,75.55555555555556,,,,237.17028903961182,,,,,,
101.76,75.66666666666667,,,545.1546773910522,238.60064029693604,,,,,,
101.81,75.72222222222223,,,,240.02312660217285,,,,,,
101.82,75.72222222222223,,,,241.19921112060547,,,,,,
101.94,75.77777777777777,,,,,,850.9150094985962,,,,
101.96,75.88888888888889,230.323335647583,,,,,,,,,458.9829292297363
102.0,75.94444444444444,,,,,,,,169.9911231994629,,
102.26,76.0,,,,,869.4605150222778,,,,,
102.27,76.05555555555556,,880.4487648010254,,,,,,,,
102.29,76.11111111111111,,,,,,852.3467540740967,,,,
102.31,76.22222222222223,,881.877384185791,,,,,,,,
102.35,76.27777777777777,,883.3119783401489,,,,,,,,
102.36,76.33333333333333,,884.7443380355835,,,,,,,,
102.45,76.38888888888889,,,,,872.3655920028687,,,,,
102.49,76.38888888888889,,,,,,,,,,460.41399669647217
102.5,76.5,,,,,,,155.64346313476562,,,
102.53,76.5,,,,,,,157.07599639892578,,,
102.56,76.61111111111111,,,,242.6382932662964,,,,,,
102.61,76.61111111111111,,886.171971321106,,,,,,,,
102.65,76.66666666666667,,,,,,853.7743062973022,,,,
102.7,76.72222222222223,,887.5924015045166,546.5902109146118,,,,,,,
102.74,76.83333333333333,,,,,877.5767183303833,,,,,
102.76,76.94444444444444,,,,,,855.2299346923828,,,,
102.85,77.0,,,,,,,158.51739120483398,,,
102.92,77.16666666666666,,,,,,856.6555795669556,,171.4217643737793,,
103.12,77.16666666666666,,,,,,858.0929727554321,,,,
103.17,77.27777777777777,231.754132270813,,,,,,,172.5790252685547,,461.8509702682495
103.25,77.38888888888889,,,,,,,,,152.4027557373047,
103.27,77.5,,889.0271835327148,,,,859.521406173706,,,,
103.3,77.61111111111111,,,,,,860.9415187835693,,,,
103.32,77.66666666666666,,,,,880.4394655227661,,,,,
103.35,77.72222222222223,233.18389797210693,,,,,,,,,
103.39,77.77777777777779,,890.4586572647095,,,,,,,,
103.43,77.77777777777779,234.61618900299072,,,,,,,,,
103.49,77.83333333333333,,,,,,862.3803110122681,,,,
103.51,77.94444444444444,,,,,883.3111181259155,,,,,
103.55,77.94444444444444,,,548.0089492797852,,886.1734952926636,,,,,
103.56,78.11111111111111,,,,,,,,173.73920249938965,,
103.67,78.11111111111111,,,,,888.4714918136597,,,,,
103.7,78.22222222222223,,,,,,,,,153.91881275177002,
103.71,78.22222222222223,236.1342067718506,,,,,,,,,
103.74,78.27777777777779,,,,,,,,,,463.37906551361084
103.92,78.38888888888889,,,,,,865.2327241897583,,,,
104.0,78.44444444444444,,891.7063255310059,,,,,,,,
104.1,78.5,,,,,,,,,155.35116577148438,
104.15,78.5,237.55955696105957,,,,,,,,,
104.3,78.61111111111111,,,,,,867.5554666519165,,,,
104.34,78.61111111111111,,,,,,,,,,464.812726020813
104.37,78.66666666666666,,,,,889.9942054748535,,,,,
104.43,78.77777777777779,,,,,891.4148807525635,,,,,
104.5,78.83333333333333,238.9813690185547,,,,,,,,,
104.61,78.83333333333333,,,549.5292091369629,,,,,,,
104.65,78.94444444444444,,,,,,870.4119520187378,,,,
104.67,78.94444444444444,240.1524305343628,,,,,,,,,
104.68,79.0,,,,,892.8432283401489,,,,,
104.69,79.05555555555556,,,550.9509124755859,,,,,,,
104.72,79.11111111111111,,,,244.15711975097656,,,,,,
104.77,79.16666666666666,,,,,,873.2788820266724,,,,
104.82,79.22222222222223,241.31513595581055,,,,,,,,,
104.93,79.33333333333333,,,,,894.2863473892212,,,,,466.2488851547241
104.96,79.44444444444444,,,,245.58002090454102,,,,,,
104.99,79.44444444444444,,,,,,,,,156.78549671173096,
105.05,79.55555555555556,242.74685859680176,,,,,,,,,
105.07,79.61111111111111,,,552.3809242248535,,,,,175.25574493408203,,
105.11,79.72222222222223,,893.140284538269,,,,,,,,
105.13,79.77777777777779,,,,,,,,,,467.68286991119385
105.21,79.77777777777779,,,,,895.7250299453735,,,,,
105.25,79.88888888888889,,,553.8103847503662,,,,,,,
105.26,79.94444444444444,,,,,,,,,,469.11795806884766
105.36,79.94444444444444,,,,,,,,,158.2307596206665,
105.48,80.05555555555556,,,555.2396821975708,,,,,,,
105.52,80.11111111111111,,,,,,876.1570482254028,,,,
105.61,80.11111111111111,,,,,,,,176.68083953857422,,
105.63,80.16666666666666,244.18138027191162,,,,,,,,,
105.65,80.22222222222221,,,,,,879.0005006790161,,,,
105.66,80.27777777777779,,,,,,,,,,470.55793857574463
105.67,80.33333333333333,,,,,,,,,,471.98577308654785
105.75,80.44444444444444,245.6136302947998,,,,,,,,,
105.81,80.44444444444444,,,,,,,,178.1184949874878,,
105.82,80.55555555555556,,,556.6711082458496,,,,,,,
105.92,80.55555555555556,247.03990364074707,,,,,,,,,
105.94,80.66666666666666,248.47740650177002,,,,,,,,,
105.97,80.72222222222221,,,,247.0156545639038,,,,,,
106.0,80.77777777777779,,,,248.44346237182617,,,,,,
106.04,80.83333333333333,,,,249.87134838104248,,,,,,
106.13,80.88888888888889,,,,,,,160.04040718078613,,,
106.16,80.94444444444444,,,558.0967073440552,,897.1738767623901,881.8730039596558,,,,
106.17,81.05555555555556,,894.5692491531372,,,,,,,,
106.23,81.16666666666667,,,,251.3100242614746,,,,,,
106.25,81.22222222222221,,,,,,,,179.57949924468994,,
106.41,81.27777777777779,,,559.5335788726807,,,,,,,
106.42,81.27777777777779,,,,,,,,,159.66783809661865,
106.46,81.33333333333333,,,560.9562082290649,,,,,,,
106.74,81.38888888888889,,,,,,,,,,473.421669960022
106.8,81.44444444444444,,,562.3890657424927,,,,,,,
106.96,81.55555555555556,,,,252.73216247558594,,,,,,
107.14,81.61111111111111,,,,,,,,,161.095440864563,
107.18,81.66666666666667,,,,,,,161.47582530975342,,,
107.2,81.72222222222221,,,,,898.6214952468872,,,,,
107.28,81.77777777777779,,,,254.17134284973145,,,,,,
107.29,81.88888888888889,,,,,,,,181.00938892364502,,
107.3,81.88888888888889,,,,255.5979471206665,,,,,,
107.39,81.88888888888889,,,,,,,,,,474.8531560897827
107.4,81.94444444444444,,896.0549802780151,,,,,,,,
107.41,82.0,,,,,,,,,,476.28877353668213
107.42,82.11111111111111,,,,,,,,182.43866729736328,,
107.43,82.22222222222221,,,,,,884.7463026046753,,,,
107.44,82.22222222222221,,897.4817361831665,,,,,,,,
107.5,82.27777777777779,,898.9123077392578,,,,,,,,
107.59,82.27777777777779,249.9168357849121,,,,,,,,,
107.68,82.33333333333334,,,,,,,,,,477.72291469573975
107.78,82.44444444444444,,,,,,887.6161966323853,,,,
107.89,82.5,,,,,901.4836902618408,,,,,
107.91,82.61111111111111,,,,257.0220489501953,,,,,,
107.96,82.66666666666667,,,,,,,,183.60009860992432,,
108.01,82.72222222222221,,,,,,,,,162.52765560150146,
108.02,82.77777777777777,,,,258.44628715515137,,,,,,
108.16,82.77777777777777,,,,,,890.4862375259399,,,,
108.21,82.83333333333334,251.34986686706543,,,,,,,,,
108.23,82.88888888888889,,,,,902.9050893783569,,,,,
108.26,82.94444444444444,,,,,,893.4192743301392,,,,
108.29,83.05555555555556,,900.0728540420532,,259.87414932250977,,,,,,
108.31,83.16666666666667,,,,261.30770778656006,,,,,,
108.32,83.22222222222221,,,,,,896.2738199234009,,,,
108.39,83.22222222222221,,,,,904.3265914916992,,,,,
108.48,83.33333333333334,252.7929449081421,,,,,,,,,
108.49,83.44444444444444,,,563.5520858764648,,905.7586498260498,,,,,
108.51,83.44444444444444,,,,,,,,,163.96026992797852,
108.55,83.55555555555556,,,,264.1717414855957,,,,,,
108.71,83.61111111111111,254.22699165344238,,,,,,,,,
108.72,83.72222222222221,,,,265.6049642562866,,899.1400289535522,,,,
108.78,83.83333333333334,,,,,,901.9995012283325,,,,
108.85,83.83333333333334,,,,,,,,,165.38567543029785,
108.98,83.94444444444444,,,,,907.1934518814087,,,,,
109.0,84.0,,,,,908.620415687561,,,,,
109.13,84.05555555555554,,901.4956169128418,,,,,,,,
109.14,84.16666666666667,,902.9104957580566,,,910.0544204711914,,,,,
109.22,84.22222222222221,,,,,,,,,166.54780673980713,
109.28,84.27777777777777,,904.3477907180786,,,,,,,,
109.29,84.33333333333334,,,,,,,,,,479.1567392349243
109.42,84.38888888888889,,,564.976414680481,,,904.8526086807251,,,,
109.43,84.5,,905.7722263336182,,,,,,,,
109.45,84.5,,,,,,,162.91663265228271,,,
109.47,84.61111111111111,,,,,,907.7141523361206,164.07662105560303,,,
109.49,84.72222222222221,,907.2155799865723,,,,,,,,
109.5,84.83333333333334,,,566.407283782959,,,,,185.0294704437256,,
109.54,84.88888888888889,,,,267.0443572998047,,,,,,
109.55,84.94444444444444,255.66210651397705,,,,,,,,,
109.67,85.0,,,,,,,165.51278495788574,,,
109.88,85.05555555555556,,,,,,,166.9456386566162,,,
110.0,85.11111111111111,257.09111976623535,,,,,,,,,
110.03,85.22222222222223,,908.6516981124878,,,911.4891929626465,,,,,
110.04,85.33333333333333,,911.5146207809448,,,,,,,,
110.07,85.33333333333333,258.51318168640137,,,,,,,,,
110.12,85.38888888888889,,,,,912.9144439697266,,,,,
110.2,85.5,,,,,,910.5844793319702,,,,
110.23,85.66666666666667,259.9417533874512,,567.8380947113037,,,,,186.4506549835205,,
110.39,85.66666666666667,,,,,,913.4437055587769,,,,
110.45,85.77777777777777,,,,,914.0778036117554,,,,,
110.57,85.83333333333333,,,,268.4828863143921,,,,,,
110.67,85.83333333333333,,,,,,,168.3971872329712,,,
110.7,85.94444444444444,,,,269.9119596481323,,,,,,
110.75,86.0,,,,,,,,,167.97303581237793,
110.86,86.05555555555556,261.36558532714844,,,,915.5325889587402,,,,,
110.88,86.16666666666667,,,,,,,,,169.3994607925415,
110.93,86.16666666666667,,,,,,916.302004814148,,,,
110.95,86.27777777777777,,,,,,,169.57625198364258,,,
111.03,86.27777777777777,,,,,,919.1583967208862,,,,
111.11,86.38888888888889,262.5266056060791,,,,,,,,,
111.21,86.38888888888889,,,,271.3449993133545,,,,,,
111.3,86.5,,,,,,,170.73821926116943,,,
111.35,86.55555555555556,,,,,,,,,170.88981437683105,
111.36,86.61111111111111,,,569.2556009292603,,,,,,,
111.38,86.66666666666667,,,,,,,,,,480.5850429534912
111.42,86.72222222222223,,912.9418458938599,,,,,,,,
111.64,86.77777777777777,,,,,916.97021484375,,,,,
111.67,86.8888888888889,263.95730781555176,,,272.77895736694336,,,,,,
111.71,86.94444444444444,,,,274.19780349731445,,,,,,
111.75,86.94444444444444,,,,,,921.4814176559448,,,,
111.82,87.1111111111111,,,570.4257211685181,,,,,187.87882232666016,,
111.84,87.16666666666667,,914.3748664855957,,,,,,,,
111.87,87.27777777777777,,915.8161735534668,571.8571615219116,,,,,,,
111.92,87.33333333333333,,,,,,,,,,482.0251359939575
111.97,87.3888888888889,,,,,,,,189.0494499206543,,
112.06,87.3888888888889,,,573.2855672836304,,,,,,,
112.07,87.5,,,574.7171411514282,,,,,,,
112.14,87.55555555555556,265.3972988128662,,,,,,,,,
112.16,87.66666666666667,,,,275.6286859512329,918.4048004150391,,,,,
112.18,87.72222222222223,,,,,,,,,,483.45548725128174
112.31,87.77777777777777,266.819785118103,,,,,,,,,
112.35,87.83333333333333,,,,,,,,190.2255344390869,,
112.41,87.83333333333333,,,576.1435012817383,,,,,,,
112.53,87.94444444444444,,,,,,,,,,484.88140964508057
112.67,88.0,,,577.579174041748,,,,,,,
112.72,88.05555555555556,,,,,,,,191.65567588806152,,
112.8,88.1111111111111,,,,,,,,193.088641166687,,
112.86,88.22222222222223,,,579.0135707855225,,919.8365449905396,,,,,
112.99,88.33333333333333,,,,277.0632801055908,,924.3386564254761,,,,
113.02,88.44444444444444,268.2521448135376,,580.4661092758179,,,,,,,
113.06,88.5,,,581.8971767425537,,,,,,,
113.11,88.5,,,,,,,172.1597023010254,,,
113.29,88.61111111111111,,,,,,,,,,486.3139429092407
113.32,88.66666666666667,,,,,,927.2168207168579,,,,
113.34,88.66666666666667,,,,,,,,,172.31744766235352,
113.41,88.77777777777777,,,,,921.2640972137451,,,,,
113.52,88.83333333333333,269.68767833709717,,,,,,,,,
113.53,88.88888888888889,,,,,,,173.58013248443604,,,
113.55,88.94444444444444,,,,,,,,194.26772689819336,,
113.74,89.0,,,,,,,,,173.7439250946045,
113.75,89.05555555555556,,,,,,930.128077507019,,,,
113.81,89.11111111111111,,,583.3385715484619,,,,,,,
113.82,89.16666666666667,,,,,,932.9893598556519,,,,
113.86,89.27777777777777,,,,,922.7014904022217,,,195.6933717727661,,
113.87,89.33333333333333,,916.9734344482422,,,,,,,,
113.9,89.38888888888889,,,,278.4940767288208,,,,,,
113.92,89.5,,,,279.67038917541504,,,175.01710605621338,,,
113.95,89.55555555555556,,,584.7733535766602,,,,,,,
113.97,89.61111111111111,,918.4018678665161,,,,,,,,
113.98,89.66666666666666,,,,,924.121603012085,,,,,
114.0,89.72222222222223,,,,,,,,197.12474536895752,,
114.01,89.77777777777777,,,,,925.5513687133789,,,,,
114.02,89.83333333333333,,919.8333415985107,,,,,,,,
114.04,89.88888888888889,,,,,,,,,175.17621612548828,
114.05,89.94444444444444,,,,,,,,,,487.75273513793945
114.15,90.0,,921.2691679000854,,,,,,,,
114.26,90.05555555555556,,,,,,935.8517370223999,,,,
114.29,90.11111111111111,,922.6879062652588,,,,,,,,
114.36,90.16666666666666,,,585.9335308074951,,,,,,,
114.38,90.22222222222223,270.8366765975952,,,,,,,,,
119.41,94.66666666666667,,,,,932.5084609985352,,,,,
119.42,94.66666666666667,,,,,940.7207412719727,,,,,
119.43,94.66666666666667,,,,,948.9687271118164,,,,,
119.44,94.66666666666667,,,,,960.2571792602539,,,,,
119.45,94.83333333333334,,,,,968.2112808227539,,,,,
119.46,94.94444444444444,,,,,987.6296157836914,,,,,
119.47,94.94444444444444,,,,,992.8288955688477,,,,,
119.48,94.94444444444444,,,,,1004.9028701782227,,,,,
119.49,94.94444444444444,,,,,1017.4355239868164,,,,,
119.5,94.94444444444444,,,,,1041.050636291504,,,,,
119.51,94.94444444444444,,,,,1049.345314025879,,,,,
119.52,94.94444444444444,,,,,1071.1614151000977,,,,,
119.53,95.0,,,,,1071.7052383422852,,,,,
119.54,95.0,,,,,1076.3661880493164,,,,,
119.55,95.0,,,,,1092.8127212524414,,,,,
119.56,95.05555555555556,,,,,1110.0173110961914,,,,,
119.57,95.05555555555556,,,,,1118.0785293579102,,,,,
119.59,95.05555555555556,,,,,1128.1447525024414,,,,,
119.6,95.05555555555556,,,,,1137.4309463500977,,,,,
119.61,95.05555555555556,,,,,1153.0480117797852,,,,,
119.62,95.05555555555556,,,,,1161.0597915649414,,,,,
119.63,95.05555555555556,,,,,1169.0660781860352,,,,,
119.64,95.05555555555556,,,,,1189.3083877563477,,,,,
119.65,95.05555555555556,,,,,1197.6634902954102,,,,,
119.66,95.05555555555556,,,,,1202.4535293579102,,,,,
119.67,95.05555555555556,,,,,1216.7357559204102,,,,,
119.68,95.11111111111111,,,,,1229.9523086547852,,,,,
119.69,95.16666666666667,,,,,1241.7735977172852,,,,,
119.7,95.22222222222221,,,,,1257.2560806274414,,,,,
119.71,95.22222222222221,,,,,1263.4056777954102,,,,,
119.72,95.22222222222221,,,,,1279.750587463379,,,,,
119.73,95.22222222222221,,,,,1282.9640884399414,,,,,
119.74,95.22222222222221,,,,,1293.142921447754,,,,,
119.75,95.27777777777777,,,,,1320.9575576782227,,,,,
119.76,95.33333333333334,,,,,1324.937355041504,,,,,
119.77,95.44444444444444,,,,,1337.2145767211914,,,,,
119.78,95.44444444444444,,,,,1353.578712463379,,,,,
119.79,95.5,,,,,1361.7278213500977,,,,,
119.8,95.5,,,,,1373.222267150879,,,,,
119.81,95.5,,,,,1383.7966079711914,,,,,
119.82,95.5,,,,,1392.0445938110352,,,,,
119.84,95.5,,,,,1411.784278869629,,,,,
119.85,95.5,,,,,1420.7518692016602,,,,,
119.86,95.5,,,,,1428.362648010254,,,,,
119.87,95.55555555555556,,,,,1448.149024963379,,,,,
119.88,95.55555555555556,,,,,1449.818946838379,,,,,
119.89,95.55555555555556,,,,,1467.1196670532227,,,,,
119.9,95.55555555555556,,,,,1475.351173400879,,,,,
119.91,95.55555555555556,,,,,1487.567970275879,,,,,
119.92,95.55555555555556,,,,,1499.784767150879,,,,,
119.93,95.55555555555556,,,,,1504.0721817016602,,,,,
119.94,95.55555555555556,,,,,1528.5991592407227,,,,,
119.96,95.55555555555556,,,,,1540.0331802368164,,,,,
119.97,95.55555555555556,,,,,1548.311378479004,,,,,
119.98,95.55555555555556,,,,,1568.6662979125977,,,,,
119.99,95.55555555555556,,,,,1578.677589416504,,,,,
120.0,95.55555555555556,,,,,1601.3725967407227,,,,,
120.01,95.55555555555556,,,,,1609.867774963379,,,,,
120.02,95.55555555555556,,,,,1622.4883193969727,,,,,
120.03,95.66666666666667,,,,,1631.2389297485352,,,,,
120.04,95.66666666666667,,,,,1643.628761291504,,,,,
120.05,95.66666666666667,,,,,1652.1568984985352,,,,,
120.06,95.66666666666667,,,,,1669.3312759399414,,,,,
120.07,95.66666666666667,,,,,1673.3522720336914,,,,,
120.09,95.66666666666667,,,,,1687.9943008422852,,,,,
120.1,95.66666666666667,,,,,1699.856788635254,,,,,
120.11,95.66666666666667,,,,,1703.965675354004,,,,,
120.12,95.66666666666667,,,,,1712.0543594360352,,,,,
120.13,95.66666666666667,,,,,1741.769630432129,,,,,
120.15,95.66666666666667,,,,,1746.5788955688477,,,,,
120.16,95.66666666666667,,,,,1760.1305313110352,,,,,
120.17,95.66666666666667,,,,,1777.5795669555664,,,,,
120.18,95.66666666666667,,,,,1788.5137100219727,,,,,
120.19,95.66666666666667,,,,,1795.646583557129,,,,,
120.2,95.77777777777777,,,,,1807.9567642211914,,,,,
120.21,95.83333333333334,,,,,1825.2355117797852,,,,,
120.22,95.88888888888889,,,,,1832.5688858032227,,,,,
120.23,95.88888888888889,,,,,1833.8844985961914,,,,,
120.24,95.88888888888889,,,,,1855.1100845336914,,,,,
120.25,95.88888888888889,,,,,1868.2607192993164,,,,,
120.26,95.94444444444444,,,,,1881.7931289672852,,,,,
120.27,95.94444444444444,,,,,1898.5939712524414,,,,,
120.28,95.94444444444444,,,,,1899.9095840454102,,,,,
120.29,95.94444444444444,,,,,1914.7466201782227,,,,,
120.3,95.94444444444444,277.71137142181396,,,,1918.7181777954102,,,,,
120.31,95.94444444444444,277.9228582382202,,,,1934.7032852172852,,,,,
120.32,95.94444444444444,293.92719173431396,,,,1940.4518814086914,,,,,
120.34,95.94444444444444,308.1023015975952,,,,1944.5827407836914,,,,,
120.35,96.0,316.15802669525146,,,,1969.032814025879,,,,,
120.36,96.0,324.16156673431396,,,,1977.107765197754,,,,,
120.37,96.05555555555556,335.33466243743896,,,,1978.3656997680664,,,,,
120.38,96.05555555555556,352.96771907806396,,,,1981.601173400879,,,,,
120.39,96.05555555555556,357.9857244491577,,,,2001.101905822754,,,,,
120.4,96.05555555555556,362.0177068710327,,,,2008.385841369629,,,,,
120.41,96.05555555555556,378.6619939804077,,,,2020.0478286743164,,,,,
120.42,96.05555555555556,395.36945247650146,,,,2022.6186294555664,,,,,
120.43,96.05555555555556,401.2443914413452,,,,2039.4579238891602,,,,,
120.44,96.05555555555556,421.18183040618896,,,,2047.0000381469727,,,,,
120.45,96.11111111111111,428.4630193710327,,,,2051.5154190063477,,,,,
120.46,96.11111111111111,432.68451595306396,,,,2059.991371154785,,,,,
120.47,96.11111111111111,448.0955877304077,,,,2064.3804092407227,,,,,
120.48,96.11111111111111,461.0814275741577,,,,2067.637855529785,,,,,
120.49,96.11111111111111,477.4126043319702,,,,2079.214698791504,,,,,
120.5,96.11111111111111,485.66608333587646,,,,2086.6799087524414,,,,,
120.51,96.11111111111111,504.33185482025146,,,,2089.574806213379,,,,,
120.52,96.11111111111111,521.3277044296265,,,,2094.400550842285,,,,,
120.53,96.11111111111111,536.8211736679077,,,,2101.725685119629,,,,,
120.54,96.11111111111111,543.3580389022827,,,,2109.7621841430664,,,,,
120.55,96.11111111111111,555.7698431015015,,,,2113.90128326416,,,,,
120.56,96.11111111111111,,,,,2121.1659927368164,,,,,
120.57,96.16666666666667,570.497015953064,,,,2125.225440979004,,,,,
120.59,96.16666666666667,582.878607749939,,,,,,,,,
120.6,96.16666666666667,595.7738103866577,,,,,,,,,
120.61,96.16666666666667,600.258978843689,,,,,,,,,
120.62,96.16666666666667,616.7110052108765,,,,,,,,,
120.63,96.16666666666667,633.217963218689,,,,,,,,,
120.64,96.16666666666667,642.105902671814,,,,,,,,,
120.65,96.27777777777777,650.1066961288452,,,,,,,,,
120.66,96.27777777777777,662.243842124939,,,,,,,,,
120.67,96.27777777777777,669.593695640564,,,,,,,,,
120.68,96.27777777777777,684.974555015564,,,,,,,,,
120.69,96.27777777777777,689.2647161483765,,,,,,,,,
120.7,96.27777777777777,718.6284246444702,,,,,,,,,
120.71,96.27777777777777,722.525824546814,,,,,,,,,
120.72,96.27777777777777,729.304388999939,,,,,,,,,
120.73,96.27777777777777,741.5816106796265,,,,,,,,,
120.74,96.27777777777777,753.1364812850952,,,,,,,,,
120.75,96.27777777777777,775.161322593689,,,,,,,,,
120.76,96.27777777777777,786.0625066757202,,,,,,,,,
120.77,96.27777777777777,795.4338445663452,,,,,,,,,
120.78,96.27777777777777,814.7697820663452,,,,,,,,,
120.79,96.33333333333334,816.5523138046265,,,,,,,,,
120.8,96.33333333333334,832.7681341171265,,,,,,,,,
120.81,96.38888888888889,840.870551109314,,,,,,,,,
120.82,96.38888888888889,853.043402671814,,,,,,,,,
120.84,96.44444444444444,869.9376287460327,,,,,,,,,
120.85,96.44444444444444,872.027777671814,,,,,,,,,
120.86,96.44444444444444,885.881537437439,,,,,,,,,
120.87,96.44444444444444,901.8693914413452,,,,,,,,,
120.88,96.44444444444444,906.5166082382202,,,,,,,,,
120.89,96.44444444444444,925.0862493515015,,,,,,,,,
120.9,96.5,936.1494817733765,,,,,,,,,
120.91,96.5,942.439154624939,,,,,,,,,
120.92,96.5,958.7675848007202,,,,,,,,,
120.93,96.5,969.7703924179077,,,,,,,,,
120.94,96.5,981.198920249939,,,,,,,,,
120.95,96.5,986.703070640564,,,,,,,,,
120.96,96.5,998.6287298202515,,,,,,,,,
120.97,96.5,1010.8977117538452,,,,,,,,,
120.98,96.5,1015.663031578064,,,,,,,,,
120.99,96.5,1036.6963567733765,,,,,,,,,
121.0,96.5,1061.4595403671265,,,,,,,,,
121.01,96.5,1072.9869451522827,,,,,,,,,
121.02,96.5,1080.4851140975952,,,,,,,,,
121.03,96.5,1088.9445867538452,,,,,,,,,
121.04,96.5,1097.181586265564,,,,,,,,,
121.05,96.5,1113.2573308944702,,,,,,,,,
121.06,96.5,1126.2321844100952,,,,,,,,,
121.09,96.5,1142.9533758163452,,,,,,,,,
121.1,96.5,1159.4713201522827,,,,,,,,,
121.11,96.5,1163.7340154647827,,,,,,,,,
121.12,96.55555555555554,1179.864691734314,,,,,,,,,
121.13,96.55555555555554,1192.2819890975952,,,,,,,,,
121.14,96.55555555555554,1203.9110174179077,,,,,,,,,
121.15,96.55555555555554,1207.8633489608765,,,,,,,,,
121.23,96.55555555555554,1225.2464666366577,,,,,,,,,
121.24,96.55555555555554,1233.466986656189,,,,,,,,,
121.25,96.55555555555554,1241.794623374939,,,,,,,,,
121.26,96.55555555555554,1245.760687828064,,,,,,,,,
121.27,96.55555555555554,1249.7322454452515,,,,,,,,,
121.28,96.55555555555554,1257.9060735702515,,,,,,,,,
121.29,96.55555555555554,1265.9810247421265,,,,,,,,,
121.3,96.55555555555554,1270.0569524765015,,,,,,,,,
121.32,96.55555555555554,1278.2500066757202,,,,,,,,,
121.34,96.55555555555554,1281.9139471054077,,,,,,,,,
121.35,96.55555555555554,1282.5346746444702,,,,,,,,,
121.36,96.55555555555554,1288.145941734314,,,,,,,,,
121.37,96.55555555555554,1292.2410955429077,,,,,,,,,
121.38,96.55555555555554,1300.5797185897827,,,,,,,,,
121.4,96.55555555555554,1304.5842351913452,,,,,,,,,
121.41,96.55555555555554,1308.6601629257202,,,,,,,,,
121.42,96.55555555555554,1316.644476890564,,,,,,,,,
121.43,96.55555555555554,1324.7771062850952,,,,,,,,,
121.44,96.55555555555554,1332.9317083358765,,,,,,,,,
121.45,96.55555555555554,1340.210150718689,,,,,937.3266515731812,,,,
121.46,96.55555555555554,1352.4406805038452,,,,,942.1523962020874,,,,
121.47,96.55555555555554,1356.4397039413452,,,,,950.1449499130249,,,,
121.48,96.55555555555554,1364.6355047225952,,,,,970.0082311630249,,,,
121.49,96.55555555555554,1368.8240423202515,,,,,977.4981603622437,,,,
121.5,96.55555555555554,1377.0061101913452,,,,,997.8585729598999,,,,
121.51,96.55555555555554,1383.518256187439,,,,,1010.4434118270874,,,,
121.52,96.55555555555554,,,,,,1018.6144933700562,,,,
121.53,96.55555555555554,1392.208441734314,,,,,1035.0720129013062,,,,
121.54,96.55555555555554,1400.393256187439,,,,,1047.62663936615,,,,
121.55,96.55555555555554,1404.6806707382202,,,,,1054.43816280365,,,,
121.56,96.55555555555554,1405.8397283554077,,,,,1071.0659704208374,,,,
121.57,96.55555555555554,1406.0374822616577,,,,,1075.125418663025,,,,
121.59,96.55555555555554,,,,,,1083.0767736434937,,,,
121.6,96.55555555555554,,,,,,1104.3105993270874,,,,
121.61,96.55555555555554,1410.0035467147827,,,,,1109.6252355575562,,,,
121.62,96.55555555555554,1417.4275579452515,,,,,1125.9646520614624,,,,
121.63,96.55555555555554,1425.5601873397827,,,,,1141.88933467865,,,,
121.64,96.55555555555554,1434.3877019882202,,,,,1147.4648962020874,,,,
121.65,96.55555555555554,1438.5570135116577,,,,,1166.2542638778687,,,,
121.66,96.55555555555554,1439.867133140564,,,,,1167.3831090927124,,,,
121.67,96.55555555555554,1441.5645208358765,,,,,1185.1150426864624,,,,
121.68,96.55555555555554,,,,,,1188.03191280365,,,,
121.69,96.61111111111111,1449.0681829452515,,,,,1207.5683507919312,,,,
121.7,96.61111111111111,1453.2100286483765,,,,,1212.20183467865,,,,
121.71,96.61111111111111,1457.1623601913452,,,,,1219.4280920028687,,,,
121.72,96.66666666666667,1458.6235418319702,,,,,1227.6293859481812,,,,
121.73,96.66666666666667,1462.8203191757202,,,,,1247.9815587997437,,,,
121.74,96.66666666666667,1462.982367515564,,,,,1256.202078819275,,,,
121.75,96.66666666666667,1470.9419622421265,,,,,1282.9263219833374,,,,
121.76,96.66666666666667,1480.450629234314,,,,,1294.7531042099,,,,
121.77,96.66666666666667,1485.0484075546265,,,,,1303.6794958114624,,,,
121.78,96.66666666666667,,,,,,1307.8048620224,,,,
121.79,96.66666666666667,,,,,,1323.2296667099,,,,
121.8,96.66666666666667,,,,,,1338.445731163025,,,,
121.82,96.66666666666667,1493.084906578064,,,,,1370.0176916122437,,,,
121.84,96.66666666666667,1497.116888999939,,,,,1371.3497838974,,,,
121.85,96.66666666666667,,,,,,1385.752860069275,,,,
121.86,96.66666666666667,,,,,,1389.74089717865,,,,
121.87,96.66666666666667,1503.2170476913452,,,,,1408.055106163025,,,,
121.88,96.66666666666667,,,,,,1412.1502599716187,,,,
121.89,96.66666666666667,1507.1776189804077,,,,,1423.5485754013062,,,,
121.9,96.66666666666667,,,,,,1438.4240636825562,,,,
121.91,96.66666666666667,1511.2398138046265,,,,,1450.791922569275,,,,
121.92,96.66666666666667,,,,,,1456.1257848739624,,,,
121.93,96.66666666666667,,,,,,1472.6821813583374,,,,
121.94,96.66666666666667,1515.3624334335327,,,,,1485.0527868270874,,,,
121.95,96.66666666666667,,,,,,1498.5027990341187,,,,
121.96,96.66666666666667,,,,,,1506.5392980575562,,,,
121.97,96.66666666666667,,,,,,1510.7525548934937,,,,
121.98,96.66666666666667,,,,,,1532.1429357528687,,,,
121.99,96.66666666666667,,,,,,1536.4056310653687,,,,
122.0,96.66666666666667,,,,,,1563.9318761825562,,,,
122.01,96.66666666666667,,,,,,1570.0842199325562,,,,
122.02,96.66666666666667,,,,,,1587.45085811615,,,,
122.03,96.66666666666667,,,,,,1595.0039587020874,,,,
122.04,96.66666666666667,,,,,,1602.4142370224,,,,
122.05,96.66666666666667,,,,,,1618.5009679794312,,,,
122.06,96.66666666666667,,,,,,1628.6111364364624,,,,
122.07,96.66666666666667,,,,,,1643.382254600525,,,,
122.09,96.72222222222221,,,,,,1648.5430822372437,,,,
122.1,96.72222222222221,,,,,,1665.8465490341187,,,,
122.11,96.72222222222221,,,,,,1673.1744298934937,,,,
122.12,96.72222222222221,,,,,,1686.997977256775,,,,
122.13,96.72222222222221,,,,,,1690.6756505966187,,,,
122.14,96.72222222222221,,,,,,1702.3074254989624,,,,
122.15,96.72222222222221,,,,,,1715.4827795028687,,,,
122.16,96.72222222222221,,,,,,1727.6006994247437,,,,
122.17,96.72222222222221,,,,,,1742.9815587997437,,,,
122.18,96.72222222222221,,,,,,1748.7438879013062,,,,
122.19,96.72222222222221,,,,,,1764.4131383895874,,,,
122.2,96.72222222222221,,,,,,1767.6458654403687,,,,
122.21,96.72222222222221,,,,,,1779.9615392684937,,,,
122.22,96.72222222222221,,,,,,1794.7766027450562,,,,
122.23,96.72222222222221,,,,,,1815.5737218856812,,,,
122.25,96.72222222222221,,,,,,1849.4006261825562,,,,
122.26,96.72222222222221,,,,,,1852.2598180770874,,,,
122.27,96.72222222222221,,,,,,1864.0179357528687,,,,
122.28,96.72222222222221,,,,,,1868.1048498153687,,,,
122.29,96.72222222222221,,,,,,1887.6550207138062,,,,
122.3,96.72222222222221,,,,,,1898.5424718856812,,,,
122.31,96.77777777777777,,,,,,1902.637625694275,,,,
122.32,96.77777777777777,,,,,,1914.1485509872437,,,,
122.34,96.77777777777777,,,,,,1930.8340368270874,,,,
122.35,96.77777777777777,,,,,,1939.266043663025,,,,
122.36,96.77777777777777,,,,,,1946.70378780365,,,,
122.37,96.77777777777777,,,,,,1968.2617101669312,,,,
122.38,96.77777777777777,,,,,,1969.6514806747437,,,,
122.39,96.77777777777777,,,,,,1993.9504919052124,,,,
122.41,96.77777777777777,,,,286.69614601135254,,2011.380301475525,,,,
122.42,96.77777777777777,,,,300.3054599761963,,2019.7573766708374,,,,
122.43,96.77777777777777,,,,307.67453956604004,,2031.1447057724,,,,
122.44,96.77777777777777,,,,316.6860752105713,,2039.4970617294312,,,,
122.45,96.77777777777777,,,,331.23472023010254,,2059.9590978622437,,,,
122.46,96.77777777777777,,,,339.5815830230713,,2066.8557653427124,,,,
122.47,96.77777777777777,,,,350.95517921447754,,2075.122977256775,,,,
122.48,96.77777777777777,,,,368.2009677886963,,2088.4905920028687,,,,
122.49,96.77777777777777,,,,374.09238624572754,,2101.8829259872437,,,,
122.5,96.83333333333334,,,,392.29673194885254,,2121.3699254989624,,,,
122.51,96.83333333333334,,,,407.97971534729004,,2125.572196006775,,,,
122.52,96.83333333333334,,,,412.05014991760254,,,,,,
122.53,96.88888888888889,,,,424.1323642730713,,2128.68132686615,,,,
122.54,96.88888888888889,,,,444.3087558746338,,,,,,
122.55,96.88888888888889,,,,453.0868320465088,,,,,,
122.56,96.88888888888889,,,,461.2057285308838,,,,,,
122.57,96.88888888888889,,,,473.37034034729004,,,,,,
122.59,96.88888888888889,,,,481.51120948791504,,,,,,
122.6,96.88888888888889,,,,492.9012851715088,,,,,,
122.61,96.88888888888889,,,,512.6656894683838,,,,,,
122.62,96.88888888888889,,,,514.2092685699463,,,,,,
122.63,96.88888888888889,,,,529.4692783355713,,,,,,
122.64,96.88888888888889,,,,545.5257968902588,,,,,,
122.65,96.88888888888889,,,,549.2364292144775,,,,,,
122.66,96.88888888888889,,,,560.5221347808838,,,,,,
122.67,96.88888888888889,,,,576.1446933746338,,,,,,
122.68,96.88888888888889,,,,580.1876621246338,,,,,,
122.69,96.88888888888889,,,,605.810525894165,,,,,,
122.7,96.88888888888889,,,,611.8118076324463,,,,,,
122.71,96.88888888888889,,,,619.8483066558838,,,,,,
122.72,96.88888888888889,,,,627.3025302886963,,,,,,
122.73,96.88888888888889,,,,643.295877456665,,,,,,
122.74,96.88888888888889,,,,658.764627456665,,,,,,
122.75,97.0,,,,668.4737949371338,,,,,,
122.76,97.0,,,,687.5131015777588,,,,,,
122.77,97.0,,,,696.2087802886963,,,,,,
122.78,97.0,,,,708.4942417144775,,,,,,
122.79,97.0,,,,720.9280185699463,,,,,,
122.8,97.0,,,,734.2461948394775,,,,,,
122.81,97.0,,,,742.4969272613525,,,,,,
122.82,97.0,,,,749.753396987915,,,,,,
122.84,97.0,,,,766.1092929840088,,,,,,
122.85,97.0,,,,773.1020908355713,,,,,,
122.86,97.0,,,,793.5833530426025,,,,,,
122.87,97.0,,,,801.99338722229,,,,,,
122.88,97.0,,,,813.3614902496338,,,,,,
122.9,97.0,,,,836.8063144683838,,,,,,
122.91,97.0,,,,846.3534336090088,,,,,,
122.92,97.0,,,,850.3497104644775,,,,,,
122.93,97.0,,,,869.4851474761963,,,,,,
122.94,97.0,,,,879.2190341949463,,,,,,
122.95,97.0,,,,887.3379306793213,,,,,,
122.96,97.05555555555556,,,,899.2690830230713,,,,,,
122.97,97.05555555555556,,,,915.1003818511963,,,,,,
122.99,97.05555555555556,,,,923.4005527496338,,,,,,
123.0,97.05555555555556,,,,959.73508644104,,,,,,
123.01,97.05555555555556,,,,969.6063022613525,,,,,,
123.02,97.05555555555556,,,,982.38889503479,,,,,,
123.03,97.05555555555556,,,,990.5819492340088,,,,,,
123.04,97.05555555555556,,,,1005.6442050933838,,,,,,
123.05,97.05555555555556,,,,1007.1877841949463,,,,,,
123.06,97.05555555555556,,,,1020.0143222808838,,,,,,
123.07,97.05555555555556,,,,1036.6860752105713,,,,,,
123.09,97.05555555555556,,,,1048.8149814605713,,,,,,
123.1,97.11111111111111,,,,1057.6617221832275,,,,,,
123.11,97.11111111111111,,,,1061.6607456207275,,,,,,
123.12,97.11111111111111,,,,1074.0643100738525,,,,,,
123.13,97.11111111111111,,,,1089.8324375152588,,,,,,
123.14,97.11111111111111,,,,1097.3251132965088,,,,,,
123.15,97.11111111111111,,,,1109.5968418121338,,,,,,
123.16,97.11111111111111,,,,1123.1594638824463,,,,,,
123.17,97.11111111111111,,,,1136.9500522613525,,,,,,
123.18,97.11111111111111,,,,1144.0142612457275,,,,,,
123.19,97.11111111111111,,,,1158.6398105621338,,,,,,
123.2,97.11111111111111,,,,1171.276834487915,,,,,,
123.21,97.11111111111111,,,,1180.7168369293213,,,,,,
123.22,97.11111111111111,,,,1184.95481300354,,,,,,
123.23,97.11111111111111,,,,1200.8163242340088,,,,,,
123.24,97.11111111111111,,,,1212.321756362915,,,,,,
123.25,97.11111111111111,,,,1240.9576206207275,,,,,,
123.26,97.11111111111111,,,,1246.39035987854,,,,,,
123.27,97.16666666666667,,,,1260.29905128479,,,,,,
123.28,97.16666666666667,,,,1267.5115756988525,,,,,,
123.29,97.16666666666667,,,,1279.2971591949463,,,,,,
123.3,97.16666666666667,,,,1292.9586582183838,,,,,,
123.31,97.16666666666667,,,,1304.4723300933838,,,,,,
123.32,97.16666666666667,,,,1316.5984897613525,,,,,,
123.34,97.16666666666667,,,,1320.57004737854,,,,,,
123.35,97.16666666666667,,,589.2678813934326,1337.40110206604,,,,,,
123.36,97.16666666666667,,,592.5747661590576,1350.43088722229,,,,,,
123.37,97.16666666666667,,,609.3563823699951,1354.5013217926025,,,,,,
123.38,97.16666666666667,,,614.5556621551514,1374.8782138824463,,,,,,
123.39,97.16666666666667,,,622.6470928192139,1382.1868686676025,,,,,,
123.4,97.16666666666667,,,639.1952495574951,1394.7579746246338,,,,,,
123.41,97.16666666666667,,,647.4349956512451,1400.3912143707275,,,,,,
123.42,97.16666666666667,,,655.3369121551514,1419.3755893707275,,,,,,
123.43,97.16666666666667,,,676.2631206512451,1423.347146987915,,,,,,
123.44,97.16666666666667,,,683.2119731903076,1431.520975112915,,,,,,
123.45,97.16666666666667,,,691.5505962371826,1447.8960971832275,,,,,,
123.46,97.16666666666667,,,700.3369121551514,1455.94358253479,,,,,,
123.47,97.16666666666667,,,716.1654644012451,1475.5953769683838,,,,,,
123.48,97.16666666666667,,,727.2424297332764,1487.2134189605713,,,,,,
123.49,97.16666666666667,,,738.7753276824951,1495.5328159332275,,,,,,
123.5,97.16666666666667,,,744.7161846160889,1499.5318393707275,,,,,,
123.51,97.16666666666667,,,768.4164409637451,1503.5748081207275,,,,,,
123.52,97.16666666666667,,,784.3273906707764,,,,,,,
123.53,97.16666666666667,,,793.8552837371826,,,,,,,
123.54,97.16666666666667,,,805.1574687957764,,,,,,,
123.55,97.16666666666667,,,816.8112163543701,,,,,,,
123.56,97.16666666666667,,,825.4025249481201,,,,,,,
123.57,97.16666666666667,,,838.8497905731201,,,,,,,
123.59,97.16666666666667,,,852.7859477996826,,,,,,,
123.6,97.16666666666667,,,867.0599346160889,,,,,,,
123.61,97.16666666666667,,,871.5698223114014,,,,,,,
123.62,97.16666666666667,,,882.9406719207764,,,,,,,
123.63,97.16666666666667,,,890.4031352996826,,,,,,,
123.64,97.16666666666667,,,901.7190532684326,,,,,,,
123.65,97.16666666666667,,,920.9973125457764,,,,,,,
123.66,97.16666666666667,,,931.2777690887451,,,,,,,
123.67,97.16666666666667,,,940.6161479949951,,,,,,,
123.68,97.16666666666667,,,953.8189678192139,,,,,,,
123.69,97.16666666666667,,,961.9625835418701,,,,,,,
123.7,97.16666666666667,,,965.9341411590576,,,,,,,
123.71,97.16666666666667,,,977.6483135223389,,,,,,,
123.72,97.16666666666667,,,997.9840068817139,,,,,,,
123.73,97.16666666666667,,,1011.4559917449951,,,,,,,
123.74,97.16666666666667,,,1024.9938945770264,,,,,,,
123.75,97.16666666666667,,,1045.6756572723389,,,,,,,
123.76,97.16666666666667,,,1057.3239116668701,,,,,,,
123.77,97.16666666666667,,,1060.6307964324951,,,,,,,
123.78,97.16666666666667,,,1072.2543315887451,,,,,,,
123.79,97.16666666666667,,,1083.7075786590576,,,,,,,
123.8,97.16666666666667,,,1103.0050640106201,,,,,,,
123.81,97.16666666666667,,,1110.8547954559326,,,,,,,
123.82,97.16666666666667,,,1117.4685649871826,,,,,,,
123.84,97.16666666666667,,,1129.4711284637451,,,,,,,
123.85,97.22222222222221,,,1137.6806621551514,,,,,,,
123.86,97.22222222222221,,,1148.9141826629639,,,,,,,
123.87,97.22222222222221,,,1162.4191265106201,,,,,,,
123.88,97.22222222222221,,,1178.9068584442139,,,,,,,
123.89,97.22222222222221,,,1188.1491069793701,,,,,,,
123.9,97.22222222222221,,,1204.5324687957764,,,,,,,
123.91,97.22222222222221,,,1211.5939311981201,,,,,,,
123.92,97.22222222222221,,,1217.2409038543701,,,,,,,
123.93,97.22222222222221,,,1229.5950298309326,,,,,,,
123.94,97.22222222222221,,,1242.6522808074951,,,,,,,
123.95,97.22222222222221,,,1247.9421977996826,,,,,,,
123.96,97.22222222222221,,,1256.1352519989014,,,,,,,
123.97,97.22222222222221,,,1280.4837017059326,,,,,,,
123.98,97.22222222222221,,,1289.8275737762451,,,,,,,
123.99,97.22222222222221,,,1304.4476299285889,,,,,,,
124.0,97.22222222222221,,,1320.8145122528076,,,,,,,
124.01,97.22222222222221,,,1332.2430400848389,,,,,,,
124.02,97.22222222222221,,,1340.2273540496826,,,,,,,
124.03,97.22222222222221,,,1360.6234722137451,,,,,,,
124.04,97.22222222222221,,,1361.9885234832764,,,,,,,
124.05,97.22222222222221,,,1384.3347148895264,,,,,,,
124.06,97.22222222222221,,,1388.6056499481201,,,,,,,
124.09,97.22222222222221,,,1412.5915508270264,,,,,,,
124.1,97.22222222222221,,,1420.5895977020264,,,,,,,
124.11,97.22222222222221,,,1424.6682720184326,,,,,,,
124.12,97.22222222222221,,,1440.3018169403076,,,,,,,
124.13,97.22222222222221,,,1452.5378398895264,,,,,,,
124.14,97.27777777777777,,,1461.0714702606201,,,,,,,
124.15,97.27777777777777,,,1468.6740093231201,,,,,,,
124.16,97.27777777777777,,,1480.8166484832764,,,,,,,
124.17,97.27777777777777,,,1490.4324321746826,,,,,,,
124.18,97.27777777777777,,,1499.0264873504639,,,,,,,
124.19,97.27777777777777,,,1512.8005962371826,,,,,,,
124.2,97.27777777777777,,,1522.0785503387451,,,,,,,
124.21,97.27777777777777,,,1534.1882305145264,,,,,,,
124.22,97.27777777777777,,,1547.1163921356201,,,,,,,
124.23,97.27777777777777,,,1555.2270488739014,,,,,,,
124.24,97.27777777777777,,,1562.5878887176514,,,,,,,
124.25,97.27777777777777,,,1588.4442119598389,,,,,,,
124.26,97.27777777777777,,,1596.6180400848389,,,,,,,
124.27,97.27777777777777,,,1607.8268413543701,,,,,,,
124.28,97.27777777777777,,,1616.5692119598389,,,,,,,
124.29,97.27777777777777,,,1628.7008647918701,,,,,,,
124.3,97.27777777777777,,,1631.8704204559326,,,,,,,
124.31,97.27777777777777,,,1644.2437725067139,,,,,,,
124.32,97.27777777777777,,,1659.6466045379639,,,,,,,
124.34,97.27777777777777,,,1667.8588848114014,,,,,,,
124.35,97.27777777777777,,,1675.8541851043701,,,,,,,
124.36,97.27777777777777,,,1688.0984477996826,,,,,,,
124.37,97.27777777777777,,,1688.2604961395264,,,,,,,
124.38,97.27777777777777,,925.2889194488525,1708.5769634246826,,,,,,,
124.39,97.27777777777777,,934.2674961090088,1715.9927349090576,,,,,,,
124.4,97.27777777777777,,940.8812656402588,1727.2482280731201,,,,,,,
124.41,97.27777777777777,,952.7080478668213,1734.7189311981201,,,,,,,
124.42,97.27777777777777,,966.7842807769775,1744.3759136199951,,,,,,,
124.43,97.27777777777777,,977.8063144683838,1759.1332988739014,,,,,,,
124.44,97.27777777777777,,986.2850131988525,1775.5056743621826,,,,,,,
124.45,97.27777777777777,,1002.2591342926025,1778.8949565887451,,,,,,,
124.46,97.27777777777777,,1014.5006504058838,1786.4508037567139,,,,,,,
124.47,97.27777777777777,,1022.0537509918213,1793.7896709442139,,,,,,,
124.48,97.27777777777777,,1034.5259799957275,1797.7886943817139,,,,,,,
124.49,97.27777777777777,,1042.8508701324463,1801.5542583465576,,,,,,,
124.5,97.27777777777777,,1066.5401401519775,1805.6576519012451,,,,,,,
124.51,97.27777777777777,,1077.0101108551025,,,,,,,,
124.52,97.27777777777777,,1085.3459873199463,,,,,,,,
124.53,97.27777777777777,,1095.0524082183838,,,,,,,,
124.54,97.27777777777777,,1110.5760898590088,,,,,,,,
124.55,97.27777777777777,,1122.411111831665,,,,,,,,
124.56,97.27777777777777,,1134.5564975738525,,,,,,,,
124.57,97.27777777777777,,1143.8317050933838,,,,,,,,
124.59,97.27777777777777,,1159.7783603668213,,,,,,,,
124.6,97.27777777777777,,1168.0208530426025,,,,,,,,
124.61,97.27777777777777,,1176.9390048980713,,,,,,,,
124.62,97.27777777777777,,1188.60373878479,,,,,,,,
124.63,97.27777777777777,,1198.1590976715088,,,,,,,,
124.64,97.27777777777777,,1213.5619297027588,,,,,,,,
124.65,97.27777777777777,,1230.72532081604,,,,,,,,
124.66,97.27777777777777,,1234.757303237915,,,,,,,,
124.67,97.27777777777777,,1243.7194004058838,,,,,,,,
124.68,97.27777777777777,,1257.2545566558838,,,,,,,,
124.69,97.27777777777777,,1274.0279331207275,,,,,,,,
124.7,97.27777777777777,,1277.19748878479,,,,,,,,
124.71,97.27777777777777,,1281.24045753479,,,,,,,,
124.72,97.27777777777777,,1308.233865737915,,,,,,,,
124.73,97.27777777777777,,1312.5817050933838,,,,,,,,
124.74,97.27777777777777,,1320.5742588043213,,,,,,,,
124.75,97.27777777777777,,1349.850076675415,,,,,,,,
124.76,97.27777777777777,,1357.3509922027588,,,,,,,,
124.77,97.33333333333334,,1364.8271884918213,,,,,,,,
124.78,97.33333333333334,,1381.2105503082275,,,,,,,,
124.79,97.33333333333334,,1392.0952548980713,,,,,,,,
124.8,97.33333333333334,,1403.529275894165,,,,,,,,
124.81,97.33333333333334,,1410.9725131988525,,,,,,,,
124.82,97.33333333333334,,1427.4492588043213,,,,,,,,
124.84,97.33333333333334,,1437.8313388824463,,,,,,,,
124.85,97.33333333333334,,1453.2945957183838,,,,,,,,
124.86,97.33333333333334,,1456.6509189605713,,,,,,,,
124.87,97.33333333333334,,1463.9156284332275,,,,,,,,
124.88,97.33333333333334,,1483.5839023590088,,,,,,,,
124.89,97.33333333333334,,1498.1188144683838,,,,,,,,
124.9,97.33333333333334,,1509.9895420074463,,,,,,,,
124.91,97.33333333333334,,1516.776346206665,,,,,,,,
124.92,97.33333333333334,,1520.8028354644775,,,,,,,,
124.93,97.33333333333334,,1532.78342628479,,,,,,,,
124.94,97.33333333333334,,1552.723611831665,,,,,,,,
124.95,97.33333333333334,,1563.7483921051025,,,,,,,,
124.96,97.33333333333334,,1572.6006259918213,,,,,,,,
124.97,97.33333333333334,,1584.9272861480713,,,,,,,,
124.98,97.33333333333334,,1597.6549472808838,,,,,,,,
124.99,97.33333333333334,,1605.93039894104,,,,,,,,
125.0,97.38888888888889,,1628.3699741363525,,,,,,,,
125.01,97.38888888888889,,1639.7490634918213,,,,,,,,
125.02,97.38888888888889,,1652.8365268707275,,,,,,,,
125.03,97.38888888888889,,1660.147928237915,,,,,,,,
125.04,97.38888888888889,,1672.4224033355713,,,,,,,,
125.05,97.38888888888889,,1685.8971347808838,,,,,,,,
125.06,97.38888888888889,,1689.8686923980713,,,,,,,,
125.07,97.38888888888889,,1702.2942295074463,,,,,,,,
125.09,97.38888888888889,,1716.837381362915,,,,,,,,
125.1,97.38888888888889,,1727.0683994293213,,,,,,,,
125.11,97.38888888888889,,1741.6692295074463,,,,,,,,
125.12,97.38888888888889,,1749.620584487915,,,,,,,,
125.13,97.38888888888889,,1756.9896640777588,,,,,,,,
125.14,97.38888888888889,,1769.8821201324463,,,,,,,,
125.15,97.38888888888889,,1786.0759677886963,,,,,,,,
125.16,97.38888888888889,,1789.3444004058838,,,,,,,,
125.17,97.38888888888889,,1798.224100112915,,,,,,,,
125.18,97.38888888888889,,1818.0516757965088,,,,,,,,
125.19,97.38888888888889,,1823.0916538238525,,,,,,,,
125.2,97.38888888888889,,1835.9566440582275,,,,,,,,
125.21,97.38888888888889,,1840.13694190979,,,,,,,,
125.22,97.38888888888889,,1859.9068393707275,,,,,,,,
125.23,97.38888888888889,,1867.2045078277588,,,,,,,,
125.24,97.38888888888889,,1874.513162612915,,,,,,,,
125.25,97.38888888888889,,1902.4239292144775,,,,,,,,
125.26,97.38888888888889,,1911.1388339996338,,,,,,,,
125.27,97.38888888888889,,1916.3188877105713,,,,,,,,
125.28,97.38888888888889,,1932.5127353668213,,,,,,,,
125.29,97.38888888888889,,1941.0546054840088,,,,,,,,
125.3,97.38888888888889,,1949.1899814605713,,,,,,,,
125.31,97.38888888888889,,1966.7076816558838,,,,,,,,
125.32,97.38888888888889,,1970.6737461090088,,,,,,,,
125.34,97.38888888888889,,1979.5561923980713,,,,,,200.45909595489502,,
125.35,97.38888888888889,,1992.0201816558838,,,,,,200.77495288848877,,
125.36,97.38888888888889,,1996.1290683746338,,,,,,217.69115161895752,,
125.37,97.38888888888889,,2008.3129062652588,,,,,,234.23106861114502,,
125.38,97.38888888888889,,2017.7501621246338,,,,,,238.27403736114502,,
125.39,97.38888888888889,,2030.09055519104,,,,,,256.8464250564575,,
125.4,97.38888888888889,,2037.4925937652588,,,,,,261.8232316970825,,
125.41,97.44444444444444,,2041.5355625152588,,,,,,277.95940113067627,,
125.42,97.44444444444444,,2054.7026767730713,,,,,,285.2460832595825,,
125.43,97.44444444444444,,2066.859048843384,,,,,,297.50133228302,,
125.44,97.44444444444444,,2074.837869644165,,,,,,309.67418384552,,
125.45,97.44444444444444,,2084.3547763824463,,,,,,317.924916267395,,
125.46,97.44444444444444,,2100.66672706604,,,,,,334.74773120880127,,
125.47,97.44444444444444,,2107.0003452301025,,,,,,347.42320728302,,
125.48,97.44444444444444,,2110.9664096832275,,,,,,352.54283618927,,
125.49,97.44444444444444,,2131.810220718384,,,,,,365.9186906814575,,
125.5,97.44444444444444,,2144.993814468384,,,,,,390.87138843536377,,
125.51,97.44444444444444,,2155.982889175415,,,,,,399.08916187286377,,
125.52,97.44444444444444,,2163.2723178863525,,,,,,410.94615650177,,
125.53,97.44444444444444,,2167.4224033355713,,,,,,419.284779548645,,
125.54,97.44444444444444,,,,,,,,433.4296770095825,,
125.55,97.44444444444444,,,,,,,,444.926869392395,,
125.56,97.44444444444444,,,,,,,,449.8102922439575,,
125.57,97.44444444444444,,,,,,,,469.34673023223877,,
125.59,97.44444444444444,,,,,,,,481.115834236145,,
125.6,97.44444444444444,,,,,,,,496.44176197052,,
125.61,97.44444444444444,,,,,,,,506.16740894317627,,
125.62,97.44444444444444,,,,,,,,513.5502214431763,,
125.63,97.44444444444444,,,,,,,,516.7802019119263,,
125.64,97.44444444444444,,,,,,,,535.5915422439575,,
125.65,97.44444444444444,,,,,,,,548.3686418533325,,
125.66,97.44444444444444,,,,,,,,552.4775285720825,,
125.67,97.44444444444444,,,,,,,,564.809681892395,,
125.68,97.44444444444444,,,,,,,,583.4342546463013,,
125.69,97.44444444444444,,,,,,,,591.4652605056763,,
125.7,97.44444444444444,,,,,,,,596.1619157791138,,
125.71,97.44444444444444,,,,,,,,616.1240739822388,,
125.72,97.44444444444444,,,,,,,,624.54234790802,,
125.73,97.44444444444444,,,,,,,,635.7676286697388,,
125.74,97.44444444444444,,,,,,,,649.3741960525513,,
125.75,97.44444444444444,,,,,,,,669.3033952713013,,
125.76,97.44444444444444,,,,,,,,683.0472917556763,,
125.77,97.44444444444444,,,,,,,,688.48277759552,,
125.78,97.44444444444444,,,,,,,,705.4648942947388,,
125.79,97.44444444444444,,,,,,,,714.8197526931763,,
125.8,97.44444444444444,,,,,,,,719.4587297439575,,
125.81,97.5,,,,,,,,739.7037858963013,,
125.82,97.5,,,,,,,,748.4846086502075,,
125.84,97.5,,,,,,,,759.7813005447388,,
125.85,97.5,,,,,,,,767.309681892395,,
125.86,97.5,,,,,,,,784.558217048645,,
125.87,97.5,,,,,,,,795.2231950759888,,
125.88,97.5,,,,,,,,806.8302507400513,,
125.89,97.5,,,,,,,,817.7341814041138,,
125.9,97.5,,,,,,,,825.4850358963013,,
125.91,97.5,,,,,,,,836.8064470291138,,
125.92,97.5,,,,,,,,853.21178150177,,
125.93,97.5,,,,,,,,858.628041267395,,
125.94,97.5,,,,,,,,874.8026628494263,,
125.95,97.5,,,,,,,,878.8813371658325,,
125.96,97.5,,,,,,,,894.8801774978638,,
125.97,97.5,,,,,,,,905.33092212677,,
125.98,97.5,,,,,,,,913.5514421463013,,
125.99,97.5,,,,,,,,924.6586198806763,,
126.0,97.5,,,,,,,,949.5783586502075,,
126.01,97.5,,,,,,,,961.0013933181763,,
126.02,97.55555555555556,,,,,,,,973.9817399978638,,
126.03,97.55555555555556,,,,,,,,980.49937915802,,
126.04,97.55555555555556,,,,,,,,998.23131275177,,
126.05,97.55555555555556,,,,,,,,1006.0343523025513,,
126.06,97.55555555555556,,,,,,,,1017.2294206619263,,
126.07,97.55555555555556,,,,,,,,1029.2045183181763,,
126.09,97.55555555555556,,,,,,,,1038.7104387283325,,
126.1,97.55555555555556,,,,,,,,1047.5846452713013,,
126.11,97.55555555555556,,,,,,,,1063.588978767395,,
126.12,97.55555555555556,,,,,,,,1072.268177986145,,
126.13,97.55555555555556,,,,,,,,1091.15367603302,,
126.14,97.55555555555556,,,,,,,,1098.9786882400513,,
126.15,97.55555555555556,,,,,,,,1102.9832048416138,,
126.16,97.55555555555556,,,,,,,,1120.761830329895,,
126.17,97.55555555555556,,,,,,,,1128.2078142166138,,
126.18,97.55555555555556,,,,,,,,1136.79088306427,,
126.19,97.55555555555556,,,,,,,,1158.137318611145,,
126.2,97.55555555555556,,,,,,,,1165.1877946853638,,
126.22,97.55555555555556,,,,,,,,1192.3652238845825,,
126.23,97.55555555555556,,,,,,,,1194.480092048645,,
126.24,97.55555555555556,,,,,,,,1198.7620134353638,,
126.25,97.55555555555556,,,,,,,,1228.1559343338013,,
126.26,97.55555555555556,,,,,,,,1237.0768327713013,,
126.27,97.55555555555556,,,,,,,,1258.2474870681763,,
126.28,97.55555555555556,,,,,,,,1264.1498918533325,,
126.29,97.55555555555556,,,,,,,,1268.1159563064575,,
126.3,97.55555555555556,,,,,,,,1284.524037361145,,
126.31,97.55555555555556,,,,,,,,1298.7678117752075,,
126.32,97.55555555555556,,,,,,,,1307.8727312088013,,
126.34,97.55555555555556,,,,,,,,1319.7159929275513,,
126.35,97.55555555555556,,,,,,,,1332.0261735916138,,
126.36,97.55555555555556,,,,,,,,1337.3984880447388,,
126.37,97.55555555555556,,,,,,,,1349.145619392395,,493.1607551574707
126.38,97.55555555555556,,,,,,,,1364.2600603103638,,496.9235725402832
126.39,97.55555555555556,,,,,,,,1379.841420173645,,507.5363655090332
126.4,97.55555555555556,,,,,,,,1383.950306892395,,523.991138458252
126.41,97.55555555555556,,,,,,,,1400.0864763259888,,533.626148223877
126.42,97.55555555555556,,,,,,,,1416.45885181427,,541.8082160949707
126.43,97.55555555555556,,,,,,,,1420.908314704895,,554.038745880127
126.44,97.55555555555556,,,,,,,,1432.19127368927,,566.332447052002
126.45,97.55555555555556,,,,,,,,1444.9409074783325,,573.8168830871582
126.46,97.55555555555556,,,,,,,,1460.55797290802,,593.9136238098145
126.47,97.55555555555556,,,,,,,,1468.7702531814575,,601.2552375793457
126.48,97.55555555555556,,,,,,,,1472.77476978302,,610.947925567627
126.49,97.55555555555556,,,,,,,,,,626.5457649230957
126.5,97.55555555555556,,,,,,,,,,643.654224395752
126.51,97.55555555555556,,,,,,,,,,660.3149909973145
126.52,97.55555555555556,,,,,,,,,,664.220630645752
126.53,97.55555555555556,,,,,,,,,,683.2544441223145
126.54,97.55555555555556,,,,,,,,,,688.1653327941895
126.55,97.55555555555556,,,,,,,,,,701.2308235168457
126.56,97.55555555555556,,,,,,,,,,718.185474395752
126.57,97.55555555555556,,,,,,,,,,726.4526863098145
126.59,97.55555555555556,,,,,,,,,,736.4941902160645
126.6,97.55555555555556,,,,,,,,,,740.663501739502
126.61,97.55555555555556,,,,,,,,,,759.4199104309082
126.62,97.55555555555556,,,,,,,,,,767.8574104309082
126.63,97.55555555555556,,,,,,,,,,780.7608528137207
126.64,97.55555555555556,,,,,,,,,,793.8895149230957
126.65,97.55555555555556,,,,,,,,,,794.397632598877
126.66,97.55555555555556,,,,,,,,,,814.6701545715332
126.67,97.55555555555556,,,,,,,,,,827.1671028137207
126.68,97.55555555555556,,,,,,,,,,834.5224494934082
126.69,97.55555555555556,,,,,,,,,,846.1047859191895
126.7,97.55555555555556,,,,,,,,,,863.8394660949707
126.71,97.55555555555556,,,,,,,,,,867.7917976379395
126.72,97.55555555555556,,,,,,,,,,883.859302520752
126.73,97.55555555555556,,,,,,,,,,892.1127815246582
126.74,97.55555555555556,,,,,,,,,,905.6808967590332
126.75,97.55555555555556,,,,,,,,,,926.903736114502
126.76,97.55555555555556,,,,,,,,,,938.2993049621582
126.77,97.55555555555556,,,,,,,,,,947.0142097473145
126.78,97.55555555555556,,,,,,,,,,958.2120246887207
126.79,97.55555555555556,,,,,,,,,,977.671558380127
126.8,97.55555555555556,,,,,,,,,,981.7941780090332
126.81,97.55555555555556,,,,,,,,,,988.8391609191895
126.82,97.55555555555556,,,,,,,,,,1008.103687286377
126.84,97.55555555555556,,,,,,,,,,1017.969409942627
126.85,97.55555555555556,,,,,,,,,,1022.6221199035645
126.86,97.55555555555556,,,,,,,,,,1043.0264778137207
126.87,97.55555555555556,,,,,,,,,,1053.235523223877
126.88,97.55555555555556,,,,,,,,,,1057.4570198059082
126.89,97.55555555555556,,,,,,,,,,1072.1347541809082
126.9,97.55555555555556,,,,,,,,,,1088.1555671691895
126.91,97.55555555555556,,,,,,,,,,1096.192066192627
126.92,97.55555555555556,,,,,,,,,,1108.749439239502
126.93,97.55555555555556,,,,,,,,,,1117.0798225402832
126.94,97.55555555555556,,,,,,,,,,1124.5532722473145
126.95,97.55555555555556,,,,,,,,,,1139.939624786377
126.96,97.55555555555556,,,,,,,,,,1151.2418098449707
126.97,97.55555555555556,,,,,,,,,,1162.8653450012207
126.98,97.55555555555556,,,,,,,,,,1174.381763458252
126.99,97.55555555555556,,,,,,,,,,1186.9583625793457
127.0,97.55555555555556,,,,,,,,,,1203.0038948059082
127.01,97.55555555555556,,,,,,,,,,1215.2426643371582
127.02,97.55555555555556,,,,,,,,,,1229.9149055480957
127.03,97.55555555555556,,,,,,,,,,1233.9139289855957
127.04,97.55555555555556,,,,,,,,,,1252.3544807434082
127.05,97.55555555555556,,,,,,,,,,1265.8813972473145
127.06,97.55555555555556,,,,,,,,,,1274.972583770752
127.07,97.61111111111111,,,,,,,,,,1289.9936408996582
127.09,97.61111111111111,,,,,,,,,,1297.4698371887207
127.1,97.61111111111111,,,,,,,,,,1302.921802520752
127.11,97.61111111111111,,,,,,,,,,1315.0259895324707
127.12,97.61111111111111,,,,,,,,,,1336.067554473877
127.13,97.61111111111111,,,,,,,,,,1337.5452156066895
127.14,97.61111111111111,,,,,,,,,,1353.140308380127
127.15,97.61111111111111,,,,,,,,,,1365.9338874816895
127.16,97.61111111111111,,,,,,,,,,1377.4722785949707
127.17,97.61111111111111,,,,,,,,,,1385.3714485168457
127.18,97.61111111111111,,,,,,,,,,1389.1370124816895
127.19,97.61111111111111,,,,,,,,,,1409.7391242980957
127.2,97.61111111111111,,,,,,,,,,1422.8183479309082
127.21,97.61111111111111,,,,,,,,,,1431.9754524230957
127.22,97.61111111111111,,,,,,,,,,1447.9825325012207
127.23,97.61111111111111,,,,,,,,,,1453.5361213684082
127.24,97.61111111111111,,,,,,,,,,1464.4455451965332
127.25,97.61111111111111,,,,,,,,,,1490.1425666809082
127.26,97.61111111111111,,,,,,,,,,1504.5181770324707
127.27,97.61111111111111,,,,,,,,,,1506.048023223877
127.28,97.61111111111111,,,,,,,,,,1518.1274909973145
127.29,97.61111111111111,,,,,,,,,,1534.151050567627
127.3,97.61111111111111,,,,,,,,,,1540.4160041809082
127.31,97.61111111111111,,,,,,,,,,1559.0707893371582
127.32,97.61111111111111,,,,,,,,,,1563.8196296691895
127.34,97.61111111111111,,,,,,,,,,1580.6506843566895
127.35,97.61111111111111,,,,,,,,,,1588.9041633605957
127.36,97.61111111111111,,,,,,,,,,1598.3496589660645
127.37,97.61111111111111,,,,,,,,,,1609.000904083252
127.38,97.61111111111111,,,,,,,,,,1626.732837677002
127.39,97.61111111111111,,,,,,,,,,1635.0769538879395
127.4,97.61111111111111,,,,,,,175.72775650024414,,,1639.2599983215332
127.41,97.66666666666667,,,,,,,180.93527603149414,,,1658.8705940246582
127.42,97.66666666666667,,,,,,,186.1565284729004,,,1666.0446662902832
127.43,97.66666666666667,,,,,,,201.1254005432129,,,1678.4427375793457
127.44,97.66666666666667,,,,,,,211.70248794555664,,,1692.057544708252
127.45,97.66666666666667,,,,,,,219.12375259399414,,,1699.9869270324707
127.46,97.66666666666667,,,,,,,232.7989845275879,,,1714.3405647277832
127.47,97.66666666666667,,,,,,,240.59103775024414,,,1719.061939239502
127.48,97.66666666666667,,,,,,,248.7950782775879,,,1726.3596076965332
127.49,97.66666666666667,,,,,,,261.0777931213379,,,1753.537036895752
127.5,97.66666666666667,,,,,,,289.31540298461914,,,
127.51,97.66666666666667,,,,,,,297.8050880432129,,,
127.52,97.66666666666667,,,,,,,302.10348892211914,,,
127.53,97.66666666666667,,,,,,,327.5670509338379,,,
127.54,97.66666666666667,,,,,,,328.7261085510254,,,
127.55,97.66666666666667,,,,,,,343.5961036682129,,,
127.56,97.66666666666667,,,,,,,361.01218032836914,,,
127.57,97.66666666666667,,,,,,,365.19797134399414,,,
127.59,97.66666666666667,,,,,,,372.9515724182129,,,
127.6,97.66666666666667,,,,,,,393.3971290588379,,,
127.61,97.66666666666667,,,,,,,399.4286231994629,,,
127.62,97.66666666666667,,,,,,,411.40646743774414,,,
127.63,97.66666666666667,,,,,,,427.7348976135254,,,
127.64,97.66666666666667,,,,,,,433.0907325744629,,,
127.65,97.66666666666667,,,,,,,441.4897804260254,,,
127.66,97.66666666666667,,,,,,,460.86691665649414,,,
127.67,97.66666666666667,,,,,,,470.8342628479004,,,
127.69,97.66666666666667,,,,,,,490.67282485961914,,,
127.7,97.66666666666667,,,,,,,504.42770767211914,,,
127.71,97.66666666666667,,,,,,,512.9915504455566,,,
127.72,97.66666666666667,,,,,,,521.3109474182129,,,
127.73,97.66666666666667,,,,,,,526.0597877502441,,,
127.74,97.66666666666667,,,,,,,546.5849952697754,,,
127.75,97.72222222222223,,,,,,,572.3094825744629,,,
127.76,97.72222222222223,,,,,,,575.8470802307129,,,
127.77,97.72222222222223,,,,,,,587.5997047424316,,,
127.78,97.72222222222223,,,,,,,608.0232887268066,,,
127.79,97.72222222222223,,,,,,,613.4065895080566,,,
127.8,97.72222222222223,,,,,,,624.8021583557129,,,
127.81,97.72222222222223,,,,,,,636.2004737854004,,,
127.82,97.72222222222223,,,,,,,647.3296241760254,,,
127.84,97.72222222222223,,,,,,,658.7801246643066,,,
127.85,97.72222222222223,,,,,,,667.5554542541504,,,
127.86,97.72222222222223,,,,,,,683.6366920471191,,,
127.87,97.72222222222223,,,,,,,692.2005348205566,,,
127.88,97.72222222222223,,,,,,,705.7741432189941,,,
127.89,97.72222222222223,,,,,,,714.4835548400879,,,
127.9,97.72222222222223,,,,,,,723.3852272033691,,,
127.91,97.72222222222223,,,,,,,739.4774513244629,,,
127.92,97.72222222222223,,,,,,,742.8090553283691,,,
127.93,97.72222222222223,,,,,,,751.0021095275879,,,
127.94,97.72222222222223,,,,,,,779.7093849182129,,,
127.95,97.72222222222223,,,,,,,781.4781837463379,,,
127.96,97.72222222222223,,,,,,,794.7276954650879,,,
127.97,97.72222222222223,,,,,,,805.1784400939941,,,
127.98,97.72222222222223,,,,,,,815.6539039611816,,,
127.99,97.72222222222223,,,,,,,827.2801856994629,,,
128.0,97.77777777777777,,,,,,,851.5627174377441,,,
128.01,97.77777777777777,,,,,,,862.0381813049316,,,
128.02,97.77777777777777,,,,,,,870.1872901916504,,,
128.03,97.77777777777777,,,,,,,877.4712257385254,,,
128.04,97.77777777777777,,,,,,,896.9637184143066,,,
128.05,97.77777777777777,,,,,,,904.3108253479004,,,
128.06,97.77777777777777,,,,,,,912.3583106994629,,,
128.07,97.77777777777777,,,,,,,933.0290870666504,,,
128.09,97.77777777777777,,,,,,,936.2206153869629,,,
128.1,97.77777777777777,,,,,,,943.9220314025879,,,
128.11,97.77777777777777,,,,,,,963.6369972229004,,,
128.12,97.77777777777777,,,,,,,973.2308082580566,,,
128.13,97.77777777777777,,,,,,,980.9377174377441,,,
128.14,97.77777777777777,,,,,,,988.9989356994629,,,
128.15,97.77777777777777,,,,,,,1008.3074073791504,,,
128.16,97.77777777777777,,,,,,,1013.6989479064941,,,
128.17,97.77777777777777,,,,,,,1017.6705055236816,,,
128.18,97.77777777777777,,,,,,,1046.0262184143066,,,
128.19,97.77777777777777,,,,,,,1052.093418121338,,,
128.2,97.77777777777777,,,,,,,1067.6363258361816,,,
128.21,97.77777777777777,,,,,,,1073.022373199463,,,
128.22,97.77777777777777,,,,,,,1077.1724586486816,,,
128.23,97.77777777777777,,,,,,,1092.5917701721191,,,
128.24,97.77777777777777,,,,,,,1113.891513824463,,,
128.25,97.77777777777777,,,,,,,1127.6930885314941,,,
128.26,97.77777777777777,,,,,,,1143.884189605713,,,
128.27,97.77777777777777,,,,,,,1150.2040748596191,,,
128.28,97.77777777777777,,,,,,,1158.8667945861816,,,
128.29,97.77777777777777,,,,,,,1178.3785133361816,,,
128.3,97.77777777777777,,,,,,,1187.214267730713,,,
128.31,97.77777777777777,,,,,,,1192.0015602111816,,,
128.32,97.77777777777777,,,,,,,1208.5881690979004,,,
128.34,97.77777777777777,,,,,,,1219.4069557189941,,,
128.35,97.77777777777777,,,,,,,1235.8150367736816,,,
128.36,97.77777777777777,,,,,,,1243.9778785705566,,,
128.37,97.77777777777777,,,,,,,1252.132480621338,,,
128.38,97.77777777777777,,,,,,,1260.2788429260254,,,
128.39,97.77777777777777,,,,,,,1280.510166168213,,,
128.4,97.77777777777777,,,,,,,1291.6420631408691,,,
128.41,97.77777777777777,,,,,,,1296.1464576721191,,,
128.42,97.77777777777777,,,,,,,1303.6006813049316,,,
128.43,97.77777777777777,,,,,,,1319.665439605713,,,
128.44,97.77777777777777,,,,,,,1332.9753761291504,,,
128.45,97.77777777777777,,,,,,,1345.0163917541504,,,
128.46,97.77777777777777,,,,,,,1356.4943580627441,,,
128.47,97.77777777777777,,,,,,,1367.7168922424316,,,
128.48,97.77777777777777,,,,,,,1371.7873268127441,,,
128.49,97.77777777777777,,,,,,,1393.702304840088,,,
128.5,97.77777777777777,,,,,,,1402.700107574463,,,
128.51,97.77777777777777,,,,,,,1423.7526588439941,,,
128.52,97.77777777777777,,,,,,,1438.7187843322754,,,
128.53,97.77777777777777,,,,,,,1454.335849761963,,,
135.74,97.83333333333333,,,,,,,,,175.4901466369629,
136.74,97.88888888888889,,,,,2125.236876487732,,,,,
138.54,97.94444444444444,,,,,,,,1479.1787796020508,,
138.55,98.0,,,,,,,,1482.5296096801758,,
138.56,98.0,,,,,,,,1494.705207824707,,
138.57,98.0,,,,,,,,1511.1325149536133,,
138.59,98.0,,,,,,,,1516.4526443481445,,
138.6,98.0,,,,,,,,1524.730842590332,,
138.61,98.0,,,,,,,,1542.1716384887695,,
138.62,98.0,,,,,,,,1552.1472244262695,,
138.63,98.0,,,,,,,,1561.6284255981445,,
138.64,98.0,,,,,,,,1575.4245071411133,,
138.65,98.0,,,,,,,,1591.8298416137695,,
138.66,98.0,,,,,,,,1598.6386184692383,,
138.67,98.0,,,,,,,,1607.9907302856445,,
138.68,98.0,,,,,,,,1616.7715530395508,,
138.69,98.0,,,,,,,,1629.6255569458008,,
138.7,98.0,,,,,,,,1647.0251541137695,,
138.71,98.0,,,,,,,,1659.6127395629883,,
138.72,98.0,,,,,,,,1665.2542190551758,,
138.73,98.0,,,,,,,,1672.1096878051758,,
138.74,98.0,,,,,,,,1694.1125564575195,,
138.75,98.0,,,,,,,,1703.9151077270508,,
138.76,98.0,,,,,,,,1723.6465530395508,,
138.77,98.0,,,,,,,,1731.954963684082,,
138.78,98.0,,,,,,,,1740.1370315551758,,
138.79,98.0,,,,,,,,1757.388313293457,,
138.8,98.0,,,,,,,,1762.6315383911133,,
138.81,98.0,,,,,,,,1774.9279861450195,,
138.82,98.0,,,,,,,,1787.0129470825195,,
138.84,98.0,,,,,,,,1802.8524856567383,,
138.85,98.0,,,,,,,,1810.452278137207,,
138.86,98.0,,,,,,,,1819.2001419067383,,
138.87,98.0,,,,,,,,1833.8613967895508,,
138.88,98.0,,,,,,,,1845.9765701293945,,
138.89,98.0,,,,,,,,1858.1906204223633,,
138.9,98.0,,,,,,,,1863.6343460083008,,
138.91,98.0,,,,,,,,1876.029670715332,,
138.92,98.0,,,,,,,,1892.7865676879883,,
138.93,98.0,,,,,,,,1900.9631423950195,,
138.94,98.0,,,,,,,,1912.570198059082,,
138.95,98.0,,,,,,,,1921.7739944458008,,
138.96,98.0,,,,,,,,1939.0087966918945,,
138.97,98.0,,,,,,,,1952.9531936645508,,
138.98,98.0,,,,,,,,1957.6883010864258,,
138.99,98.0,,,,,,,,1963.074348449707,,
139.0,98.0,,,,,,,,1990.8999710083008,,
139.01,98.0,,,,,,,,1999.164436340332,,
139.02,98.0,,,,,,,,2017.028205871582,,
139.03,98.0,,,,,,,,2027.8305130004883,,
139.04,98.0,,,,,,,,2040.220344543457,,
139.05,98.0,,,,,,,,2048.427131652832,,
139.06,98.0,,,,,,,,2061.0092239379883,,
139.07,98.0,,,,,,,,2069.202278137207,,
139.09,98.0,,,,,,,,2080.636299133301,,
139.1,98.0,,,,,,,,2090.856330871582,,
139.11,98.0,,,,,,,,2103.1555252075195,,
139.12,98.0,,,,,,,,2116.1935501098633,,
139.13,98.0,,,,,,,,2127.693489074707,,
139.14,98.0,,,,,,,,2135.886543273926,,
139.15,98.0,,,,,,,,2147.784736633301,,
139.16,98.0,,,,,,,,2159.891670227051,,
139.17,98.0,,,,,,,,2170.0293045043945,,
139.18,98.05555555555556,,,,,,,,2180.889289855957,,
139.19,98.05555555555556,,,,,,,,2196.9348220825195,,
139.2,98.05555555555556,,,,,,,,2207.1301345825195,,
139.21,98.05555555555556,,,,,,,,2214.6557693481445,,
139.22,98.05555555555556,,,,,,,,2226.084297180176,,
139.23,98.05555555555556,,,,,,,,2238.1115798950195,,
139.24,98.05555555555556,,,,,,,,2251.748359680176,,
139.25,98.05555555555556,,,,,,,,2272.095039367676,,
139.26,98.05555555555556,,,,,,,,2280.873115539551,,
139.27,98.05555555555556,,,,,,,,2293.8864212036133,,
139.28,98.05555555555556,,,,,,,,2306.7953567504883,,
139.29,98.05555555555556,,,,,,,,2314.768684387207,,
139.3,98.05555555555556,,,,,,,,2331.1218338012695,,
139.31,98.05555555555556,,,,,,,,2337.6037673950195,,
139.32,98.05555555555556,,,,,,,,2345.857246398926,,
139.34,98.05555555555556,,,,,,,,2363.0233840942383,,
139.35,98.05555555555556,,,,,,,,2375.3060989379883,,
139.36,98.05555555555556,,,,,,,,2383.7985305786133,,
139.37,98.05555555555556,,,,,,,,2396.0153274536133,,
139.38,98.05555555555556,,,,,,,,2408.0123977661133,,
139.39,98.05555555555556,,,,,,,,2417.1969680786133,,
139.4,98.05555555555556,,,,,,,,2429.375312805176,,
139.41,98.05555555555556,,,,,,,,2441.9381790161133,,
139.42,98.05555555555556,,,,,,,,2450.194404602051,,
139.43,98.05555555555556,,,,,,,,2465.4818801879883,,
139.44,98.05555555555556,,,,,,,,2474.213264465332,,
139.45,98.05555555555556,,,,,,,,2490.2560501098633,,
139.46,98.05555555555556,,,,,,,,2494.373176574707,,
139.47,98.05555555555556,,,,,,,,2506.8673782348633,,
139.48,98.05555555555556,,,,,,,,2518.4607009887695,,
139.49,98.05555555555556,,,,,,,,2530.054023742676,,
139.5,98.05555555555556,,,,,,,,2547.382209777832,,
139.51,98.05555555555556,,,,,,,,2564.0512161254883,,
139.53,98.05555555555556,,,,,,,,2590.470588684082,,
139.54,98.11111111111111,,,,,,,,2594.6838455200195,,
139.55,98.11111111111111,,,,,,,,2605.774543762207,,
139.56,98.11111111111111,,,,,,,,2618.087471008301,,
139.57,98.11111111111111,,,,,,,,2634.5861892700195,,
139.59,98.11111111111111,,,,,,,,2635.767219543457,,
139.6,98.11111111111111,,,,,,,,2651.419990539551,,
139.61,98.11111111111111,,,,,,,,2670.415351867676,,
139.62,98.11111111111111,,,,,,,,2680.709541320801,,
139.63,98.11111111111111,,,,,,,,2685.2111892700195,,
139.64,98.11111111111111,,,,,,,,2697.9855422973633,,
139.65,98.11111111111111,,,,,,,,2711.317451477051,,
139.66,98.11111111111111,,,,,,,,2720.974433898926,,
139.67,98.11111111111111,,,,,,,,2731.7794876098633,,
139.68,98.11111111111111,,,,,,,,2748.223274230957,,
139.69,98.11111111111111,,,,,,,,2759.8605422973633,,
140.25,98.16666666666667,,,,,2135.7223072052,,,,,
140.26,98.16666666666667,,,,,2147.398027420044,,,,,
140.27,98.16666666666667,,,,,2151.4025440216064,,,,,
140.28,98.16666666666667,,,,,2169.7057666778564,,,,,
140.29,98.16666666666667,,,,,2183.7050952911377,,,,,
140.3,98.16666666666667,,,,,2187.926591873169,,,,,
140.31,98.16666666666667,,,,,2204.2248096466064,,,,,
140.32,98.16666666666667,,,,,2211.602128982544,,,,,
140.34,98.16666666666667,,,,,2230.674394607544,,,,,
140.35,98.16666666666667,,,,,2237.2194995880127,,,,,
140.36,98.16666666666667,,,,,2249.9389209747314,,,,,
140.37,98.16666666666667,,,,,2258.2116260528564,,,,,
140.38,98.16666666666667,,,,,2267.094072341919,,,,,
140.39,98.16666666666667,,,,,2275.5370655059814,,,,,
140.4,98.16666666666667,,,,,2291.593584060669,,,,,
140.41,98.16666666666667,,,,,2299.847063064575,,,,,
140.42,98.16666666666667,,,,,2316.653398513794,,,,,
140.43,98.16666666666667,,,,,2323.1627979278564,,,,,
140.44,98.16666666666667,,,,,2327.576555252075,,,,,
140.45,98.16666666666667,,,,,2351.1147632598877,,,,,
140.46,98.16666666666667,,,,,2359.4396533966064,,,,,
140.47,98.16666666666667,,,,,2371.126359939575,,,,,
140.48,98.16666666666667,,,,,2385.8727588653564,,,,,
140.49,98.16666666666667,,,,,2386.7324390411377,,,,,
140.5,98.16666666666667,,,,,2414.632219314575,,,,,
140.51,98.16666666666667,,,,,2423.179582595825,,,,,
140.52,98.16666666666667,,,,,2436.0583057403564,,,,,
140.53,98.16666666666667,,,,,2448.272356033325,,,,,
140.54,98.16666666666667,,,,,2455.674394607544,,,,,
140.55,98.16666666666667,,,,,2463.8125171661377,,,,,
140.56,98.16666666666667,,,,,2483.228105545044,,,,,
140.57,98.16666666666667,,,,,2492.127031326294,,,,,
140.59,98.16666666666667,,,,,2504.2174854278564,,,,,
140.6,98.16666666666667,,,,,2514.440263748169,,,,,
140.61,98.16666666666667,,,,,2528.74720954895,,,,,
140.62,98.16666666666667,,,,,2532.5622119903564,,,,,
140.63,98.16666666666667,,,,,2540.78822517395,,,,,
140.64,98.16666666666667,,,,,2563.724931716919,,,,,
140.65,98.16666666666667,,,,,2571.272539138794,,,,,
140.66,98.16666666666667,,,,,2586.75502204895,,,,,
140.67,98.16666666666667,,,,,2594.475664138794,,,,,
140.68,98.16666666666667,,,,,2606.6018238067627,,,,,
140.69,98.16666666666667,,,,,2618.129228591919,,,,,
140.7,98.16666666666667,,,,,2622.7187671661377,,,,,
140.71,98.16666666666667,,,,,2633.6913623809814,,,,,
140.72,98.16666666666667,,,,,2641.2169971466064,,,,,
140.73,98.16666666666667,,,,,2658.943437576294,,,,,
140.74,98.16666666666667,,,,,2670.0094165802,,,,,
140.75,98.16666666666667,,,,,2690.2050342559814,,,,,
140.76,98.16666666666667,,,,,2703.880266189575,,,,,
140.77,98.16666666666667,,,,,2711.3235034942627,,,,,
140.78,98.16666666666667,,,,,2723.2189502716064,,,,,
140.79,98.16666666666667,,,,,2735.4055347442627,,,,1563.129306793213,
140.8,98.16666666666667,,,,,2740.8108081817627,,,,,
140.81,98.16666666666667,,,,,2754.3459644317627,,,,,
140.82,98.16666666666667,,,,,2765.4531421661377,,,,,
140.84,98.16666666666667,,,,,2771.124834060669,,,,,
140.85,98.16666666666667,1515.6760864257812,,,,2779.312395095825,,,,,
140.86,98.22222222222223,,,,,2794.229082107544,,,,,
140.87,98.22222222222223,,,,,2806.434892654419,,,,,
140.88,98.22222222222223,,,,,2815.652421951294,,,,,
140.89,98.22222222222223,,,,,2820.3380908966064,,,,,
140.9,98.22222222222223,,,,,2835.625566482544,,,,,
140.91,98.22222222222223,,,,,2844.9611988067627,,,,,
140.92,98.22222222222223,,,,,2852.1572437286377,,,,,
140.93,98.22222222222223,,,,,2859.556535720825,,,,,
140.94,98.22222222222223,,,,,2867.4996509552,,,,,
140.95,98.22222222222223,,,,,2884.2483081817627,,,,,
140.96,98.22222222222223,,,,,2889.491533279419,,,,,
140.97,98.22222222222223,,,,,2897.5719776153564,,,,,
140.98,98.22222222222223,,,,,2903.147539138794,,,,,
140.99,98.22222222222223,,,,,2907.3525562286377,,,,,
141.0,98.22222222222223,,,,,2920.549882888794,,,,,
141.01,98.22222222222223,,,,,2928.5534229278564,,,,,
141.02,98.22222222222223,,,,,2935.8373584747314,,,,,
141.04,98.22222222222223,,,,,2944.03041267395,,,,,
141.06,98.22222222222223,,,,,2944.192461013794,,,,,
141.07,98.22222222222223,,,,,2952.33607673645,,,,,
141.09,98.27777777777777,,,,,2956.716875076294,2128.773241996765,,,,
141.1,98.27777777777777,,,,,2964.3688526153564,,,,,
141.12,98.27777777777777,,,,,2968.518938064575,,,,,
141.14,98.27777777777777,,,,,2972.4987354278564,,,,,
141.16,98.27777777777777,,,,,2976.648820877075,,,,,
141.17,98.27777777777777,,,,,2980.645097732544,,,,,
141.18,98.27777777777777,,,,,2984.7072925567627,,,,,
141.22,98.27777777777777,,,,,2988.7832202911377,,,,,
141.24,98.27777777777777,,,,,2992.7877368927,,,,,
141.25,98.27777777777777,,,,,2996.080888748169,,,,,
141.26,98.27777777777777,,,,,3001.7882862091064,,,,,
141.27,98.27777777777777,,,,,3002.3238697052,,,,,
141.28,98.27777777777777,,,,,3005.718645095825,,,,,
141.3,98.27777777777777,,,,,3013.8622608184814,,,,,
141.31,98.27777777777777,,,,,3017.9958667755127,,,,,
141.35,98.27777777777777,,,,,3021.9619312286377,,,,,
141.4,98.27777777777777,,,,,3026.139482498169,,,,,
141.41,98.27777777777777,,,,,3030.2895679473877,,,,,
141.42,98.27777777777777,,,,,3034.46986579895,,,,,
141.44,98.27777777777777,,,,,3038.5732593536377,,,,,
141.47,98.27777777777777,,,,,3041.795000076294,,,,,
141.48,98.27777777777777,,,,,3045.794023513794,,,,,
141.5,98.27777777777777,,,,,3049.8891773223877,,,,,
141.52,98.27777777777777,,,,,3057.5191822052,,,,,
141.53,98.27777777777777,,,,,3061.4989795684814,,,,,
141.55,98.27777777777777,,,,,3065.712236404419,,,,,
141.57,98.27777777777777,,,,,3069.755205154419,,,,,
141.61,98.27777777777777,,,,,3074.5095386505127,,,,,
141.62,98.27777777777777,,,,,3078.4810962677,,,,,
141.66,98.27777777777777,,,,,3081.8786182403564,,,,,
141.67,98.27777777777777,,,,,3082.1450366973877,,,,,
141.68,98.27777777777777,,,,,3086.157793045044,,,,,
141.7,98.27777777777777,,,,,3090.2529468536377,,,,,
141.72,98.27777777777777,,,,,3094.3618335723877,,,,,
141.74,98.27777777777777,,,,,3095.8230152130127,,,,,
141.75,98.33333333333333,,,,,3104.0188159942627,,,,1563.4429597854614,
141.77,98.33333333333333,,,,,3112.0992603302,,,,,
141.79,98.33333333333333,,,,,3116.175188064575,,,,,
141.8,98.33333333333333,,,,,3119.3969287872314,,,,,
141.82,98.33333333333333,,,,,3123.4728565216064,,,,,
141.84,98.33333333333333,,,,,3127.576250076294,,,,,
141.86,98.33333333333333,,,,,3131.608232498169,,,,,
141.87,98.33333333333333,,,,,3135.6347217559814,,,,,
141.91,98.38888888888889,1517.9612426757812,,,,3138.881181716919,,,,,
141.92,98.38888888888889,1519.3262939453125,,,,,,,,,
141.93,98.38888888888889,1526.8629150390625,,,,,,,,,
141.94,98.38888888888889,1549.3381958007812,,,,3142.847246170044,,,,,
141.95,98.38888888888889,1557.4818115234375,,,,,,,,,
141.96,98.38888888888889,1567.287109375,,,,3144.2068042755127,,,,,
141.97,98.38888888888889,1580.8964233398438,,,,3147.596086502075,,,,,
141.98,98.38888888888889,1590.7127075195312,,,,3150.8645191192627,,,,,
141.99,98.38888888888889,1598.4058837890625,,,,3154.9514331817627,,,,,
142.0,98.38888888888889,1626.8385009765625,,,,3158.7169971466064,,,,,
142.01,98.38888888888889,1637.44580078125,,,,3162.9055347442627,,,,,
142.02,98.38888888888889,1647.9102783203125,,,,,,,,,
142.03,98.38888888888889,1655.122802734375,,,,,,,,,
142.04,98.38888888888889,1667.1610717773438,,,,,,,,,
142.05,98.38888888888889,1679.2734985351562,,,,3167.0913257598877,,,,,
142.06,98.38888888888889,1683.2862548828125,,,,,,,,,
142.07,98.38888888888889,1700.5320434570312,,,,,,,,,
142.09,98.38888888888889,1712.5895385742188,,,,3171.1535205841064,,,,,
142.1,98.38888888888889,1724.6497802734375,,,,,,,,,
142.11,98.38888888888889,1735.5509643554688,,,,,,,,,
142.12,98.38888888888889,1741.1265258789062,,,,,,,,,
142.13,98.38888888888889,1752.6429443359375,,,,3175.3502979278564,,,,,
142.14,98.38888888888889,1775.2885131835938,,,,,,,,,
142.15,98.38888888888889,1779.2326049804688,,,,,,,,,
142.16,98.38888888888889,1783.3909301757812,,,,,,,,,
142.17,98.38888888888889,1802.8147583007812,,,,3179.9096240997314,,,,,
142.18,98.38888888888889,1806.9181518554688,,,,3183.2165088653564,,,,,
142.19,98.38888888888889,1827.4927978515625,,,,3187.1963062286377,,,,,
142.2,98.38888888888889,1834.815185546875,,,,3191.2282886505127,,,,,
142.21,98.38888888888889,1849.6439819335938,,,,3194.4335498809814,,,,,
142.22,98.38888888888889,1854.4175415039062,,,,,,,,,
142.23,98.38888888888889,1869.817626953125,,,,3198.42982673645,,,,,
142.24,98.38888888888889,1873.948486328125,,,,3206.458086013794,,,,,
142.25,98.38888888888889,1906.3663940429688,,,,3206.7135181427,,,,,
142.26,98.38888888888889,1919.00341796875,,,,,,,,,
142.27,98.38888888888889,1923.079345703125,,,,3207.8725757598877,,,,,
142.28,98.38888888888889,1930.9730224609375,,,,3208.0703296661377,,,,,
142.29,98.38888888888889,1943.338134765625,,,,3212.3549976348877,,,,,
142.3,98.38888888888889,1964.1654663085938,,,,,,,,,
142.31,98.38888888888889,1969.0598754882812,,,,3216.367753982544,,,,,
142.32,98.38888888888889,1988.8544921875,,,,3220.916093826294,,,,,
142.34,98.38888888888889,,,,,3222.4596729278564,,,,,
142.35,98.38888888888889,2001.0712890625,,,,3223.7697925567627,,,,,
142.36,98.38888888888889,2017.7210693359375,,,,3228.507646560669,,,,,
142.37,98.38888888888889,2022.461669921875,,,,,,,,,
142.38,98.38888888888889,2037.43603515625,,,,3237.84877204895,,,,,
142.39,98.38888888888889,2044.873779296875,,,,,,,,,
142.4,98.38888888888889,2059.5432739257812,,,,3238.2387866973877,,,,,
142.41,98.38888888888889,2071.779296875,,,,3242.3092212677,,,,,
142.42,98.38888888888889,2085.1661376953125,,,,3250.5654468536377,,,,,
142.43,98.38888888888889,2092.422607421875,,,,3252.0266284942627,,,,,
142.44,98.38888888888889,2102.0109252929688,,,,,,,,,
142.45,98.38888888888889,2113.5026245117188,,,,,,,,,
142.46,98.38888888888889,2129.76513671875,,,,,,,,,
142.47,98.38888888888889,2133.8438110351562,,,,,,,,,
142.48,98.38888888888889,2150.5375366210938,,,,,,,,,
142.49,98.38888888888889,2158.5712890625,,,,3255.3335132598877,,,,,
142.5,98.38888888888889,2178.8135986328125,,,,3259.6923389434814,3516.412402153015,,,,
142.51,98.44444444444444,2191.123779296875,,,,3264.952043533325,,,,,
142.52,98.44444444444444,2199.275634765625,,,,,,,,,
142.53,98.44444444444444,2217.0487670898438,,,,3273.2714405059814,,,,,
142.54,98.44444444444444,2232.8114013671875,,,,3274.7353687286377,,,,,
142.55,98.44444444444444,2243.0149536132812,,,,,,,,,
142.56,98.44444444444444,2254.4434814453125,,,,3279.220537185669,,,,,
142.57,98.44444444444444,2261.0242919921875,,,,3282.5631275177,,,,,
142.59,98.44444444444444,2276.4600830078125,,,,3286.529191970825,,,,,
142.6,98.44444444444444,2280.431640625,,,,,,,,,
142.61,98.44444444444444,2288.0149536132812,,,,,,,,,
142.62,98.44444444444444,2312.8385620117188,,,,,,,,,
142.63,98.44444444444444,2320.7020263671875,,,,,,,,,
142.64,98.44444444444444,2324.904296875,,,,,,,,,
142.65,98.44444444444444,2348.8682250976562,,,,,,,,,
142.66,98.44444444444444,2353.0704956054688,,,,3290.5227222442627,,,,,
142.67,98.44444444444444,2364.6995239257812,,,,,,,,,
142.68,98.44444444444444,2373.7852172851562,,,,,,,,,
142.69,98.44444444444444,2384.6094970703125,,,,3294.5162525177,,,,,
142.7,98.44444444444444,2395.4118041992188,,,,3298.548234939575,,,,,
142.71,98.44444444444444,2407.5736694335938,,,,,,,,,
142.72,98.44444444444444,2420.2628784179688,,,,,,,,,
142.73,98.44444444444444,2429.77978515625,,,,,,,,,
142.74,98.44444444444444,2438.6594848632812,,1805.6690874099731,,3302.610429763794,,,,,
142.75,98.5,2455.1499633789062,,,,3306.62318611145,,,,,
142.76,98.5,2474.6946411132812,,,,3310.66615486145,,,,,
142.77,98.5,2488.9054565429688,,,,3313.8961353302,,,,,
142.78,98.5,2496.7579345703125,,,,,,,,,
142.79,98.5,2504.26708984375,,,,,,,,,
142.8,98.5,2525.8799438476562,,,,,,,,,
142.81,98.5,2530.0657348632812,,,,,,,,,
142.82,98.5,2538.0912475585938,,,,,,,,,
142.84,98.5,2553.4803466796875,,,,,,,,,
142.85,98.5,2560.7670288085938,,,,,,,,,
142.86,98.5,2580.2018432617188,,,,,,,,,
142.87,98.5,2589.16943359375,,,,,,,,,
142.88,98.5,2597.3020629882812,,,,,,,,,
142.89,98.5,2610.1670532226562,,,,,,,,,
142.9,98.5,2618.1266479492188,,,,,,,,,
142.91,98.5,2630.9257202148438,,,,,,,,,
142.92,98.5,2643.2935791015625,,,,,,,,,
142.93,98.5,2658.767822265625,,,,,,,,,
142.94,98.5,2664.0549926757812,,,,,,,,,
142.95,98.5,2668.1583862304688,,,,,,,,,
142.96,98.5,2692.0179443359375,,,,,,,,,
142.97,98.5,2700.1560668945312,,,,,,,,,
142.98,98.5,2708.1980590820312,,,,,,,,,
142.99,98.5,2732.0823364257812,,,,,,,,,
143.57,98.55555555555556,,,,,,,,2761.199854850769,,
143.59,98.61111111111111,,,,,,,,2773.6858167648315,,
143.6,98.61111111111111,,,,,,,,2789.544581413269,,
143.61,98.61111111111111,,,,,,,,2794.697169303894,,
143.62,98.61111111111111,,,,,,,,2810.0368299484253,,
143.63,98.61111111111111,,,,,,,,2818.6638441085815,,
143.64,98.61111111111111,,,,,,,,2830.0786390304565,,
143.65,98.61111111111111,,,,,,,,2838.7221326828003,,
143.66,98.61111111111111,,,,,,,,2854.7539319992065,,
143.67,98.61111111111111,,,,,,,,2868.3330335617065,,
143.68,98.61111111111111,,,,,,,,2876.050929069519,,
143.69,98.61111111111111,,,,,,,,2880.1543226242065,,
143.7,98.61111111111111,,,,,,,,2896.7107191085815,,
143.71,98.61111111111111,,,,,,,,2900.682276725769,,
143.72,98.61111111111111,,,,,,,,2914.731043815613,,
143.73,98.61111111111111,,,,,,,,2931.946619987488,,
143.74,98.61111111111111,,,,,,,,2940.164393424988,,
143.75,98.61111111111111,,,,,,,,2968.061427116394,,
143.76,98.61111111111111,,,,,,,,2977.202052116394,,
143.77,98.61111111111111,,,,,,,,2989.932459831238,,
143.78,98.61111111111111,,,,,,,,3002.2096815109253,,
143.79,98.61111111111111,,,,,,,,3008.916834831238,,
143.8,98.61111111111111,,,,,,,,3021.748866081238,,
143.81,98.61111111111111,,,,,,,,3033.3916273117065,,
143.82,98.61111111111111,,,,,,,,3041.537989616394,,
143.84,98.61111111111111,,,,,,,,3053.9333143234253,,
143.85,98.61111111111111,,,,,,,,3063.301905632019,,
143.86,98.61111111111111,,,,,,,,3073.8734998703003,,
143.87,98.61111111111111,,,,,,,,3095.664881706238,,
143.88,98.61111111111111,,,,,,,,3100.864161491394,,
143.89,98.61111111111111,,,,,,,,3107.9997816085815,,
143.9,98.61111111111111,,,,,,,,3113.3830823898315,,
143.91,98.61111111111111,,,,,,,,3137.522791862488,,
143.92,98.61111111111111,,,,,,,,3139.063624382019,,
143.93,98.61111111111111,,,,,,,,3149.5720472335815,,
143.94,98.61111111111111,,,,,,,,3170.956934928894,,
143.95,98.61111111111111,,,,,,,,3180.2980604171753,,
143.96,98.61111111111111,,,,,,,,3189.512843132019,,
143.97,98.61111111111111,,,,,,,,3193.970545768738,,
143.98,98.61111111111111,,,,,,,,3213.364161491394,,
143.99,98.61111111111111,,,,,,,,3217.473048210144,,
144.0,98.61111111111111,,,,,,,,3241.5495862960815,,
144.01,98.61111111111111,,,,,,,,3260.064295768738,,
144.02,98.61111111111111,,,,,,,,3266.351222038269,,
144.03,98.61111111111111,,,,,,,,3273.690089225769,,
144.04,98.61111111111111,,,,,,,,3291.2709608078003,,
144.05,98.61111111111111,,,,,,,,3298.771876335144,,
144.06,98.61111111111111,,,,,,,,3311.0930433273315,,
144.07,98.61111111111111,,,,,,,,3322.579249382019,,
144.09,98.61111111111111,,,,,,,,3331.752833366394,,
144.1,98.61111111111111,,,,,,,,3343.2692518234253,,
144.11,98.61111111111111,,,,,,,,3355.3651990890503,,
144.12,98.61111111111111,,,,,,,,3368.499354362488,,
144.13,98.61111111111111,,,,,,,,3379.760340690613,,
144.14,98.61111111111111,,,,,,,,3388.714198112488,,
144.15,98.61111111111111,,,,,,,,3397.286280632019,,
144.16,98.61111111111111,,,,,,,,3412.667140007019,,
144.17,98.61111111111111,,,,,,,,3420.884913444519,,
144.18,98.61111111111111,,,,,,,,3435.551661491394,,
144.19,98.61111111111111,,,,,,,,3443.7090101242065,,
144.2,98.61111111111111,,,,,,,,3452.448634147644,,
144.21,98.61111111111111,,,,,,,,3468.5243787765503,,
144.22,98.61111111111111,,,,,,,,3480.683497428894,,
144.23,98.61111111111111,,,,,,,,3493.317774772644,,
144.24,98.61111111111111,,,,,,,,3509.621485710144,,
144.25,98.61111111111111,,,,,,,,3526.9496717453003,,
144.26,98.61111111111111,,,,,,,,3533.154200553894,,
144.27,98.61111111111111,,,,,,,,3545.250147819519,,
144.28,98.61111111111111,,,,,,,,3561.6911878585815,,
144.29,98.61111111111111,,,,,,,,3569.054774284363,,
144.3,98.61111111111111,,,,,,,,3580.087794303894,,
144.31,98.61111111111111,,,,,,,,3590.898341178894,,
144.32,98.61111111111111,,,,,,,,3600.9316053390503,,
144.34,98.61111111111111,,,,,,,,3620.6520643234253,2955.328335762024,
144.35,98.61111111111111,,,,,,,,3628.0046644210815,,
144.36,98.61111111111111,,,,,,,,3633.184718132019,,
144.37,98.61111111111111,,,,,,,,3649.342860221863,,
144.38,98.61111111111111,,,,,,,,3656.7201795578003,,
144.39,98.61111111111111,,,,,,,,3673.9714612960815,,
144.4,98.61111111111111,,,,,,,,3682.4062147140503,,
144.41,98.61111111111111,,,,,,,,3694.7987928390503,,
144.42,98.61111111111111,,,,,,,,3702.307948112488,,
144.43,98.61111111111111,,,,,,,,3715.9721937179565,,
144.44,98.61111111111111,,,,,,,,3730.5043592453003,,
144.46,98.61111111111111,,,,,,,,3750.2165784835815,,
144.47,98.61111111111111,,,,,,,,3764.1444959640503,,
144.48,98.61111111111111,,,,,,,,3771.403712272644,,
144.49,98.61111111111111,,,,,,,,3779.6022596359253,,
144.5,98.61111111111111,,,,,,,,3804.3105115890503,,
144.51,98.61111111111111,,,,,,,,3816.8376722335815,,
144.52,98.61111111111111,,,,,,,,3825.7915296554565,,
144.53,98.61111111111111,,,,,,,,3843.3147230148315,,
144.54,98.61111111111111,,,,,,,,3850.8376111984253,,
144.55,98.61111111111111,,,,,,,,3858.247889518738,,
144.56,98.61111111111111,,,,,,,,3867.7153577804565,,
144.57,98.61111111111111,,,,,,,,3880.0392713546753,,
144.59,98.61111111111111,,,,,,,,3895.823878288269,,
144.6,98.61111111111111,,,,,,,,3903.964747428894,,
144.61,98.66666666666667,,,,1503.6667232513428,,,,3916.486414909363,,
144.62,98.66666666666667,,,,,,,,3924.550379753113,,
144.63,98.66666666666667,,,,,,,,3940.757960319519,,
144.64,98.66666666666667,,,,,,,,3953.466395378113,,
144.65,98.66666666666667,,,,,,,,3961.848963737488,,
144.66,98.66666666666667,,,,,,,,3973.3159437179565,,
144.67,98.66666666666667,,,,,,,,3981.3442029953003,,
144.68,98.66666666666667,,,,,,,,4002.435206413269,,
144.69,98.66666666666667,,,,,,,,4012.795313835144,,
146.36,98.83333333333333,,,,,,,,,2955.420250892639,
146.9,98.88888888888889,,,,2895.5520992279053,,,,,,
147.12,98.88888888888889,,,,,,3520.1659603118896,,,,
147.13,99.0,,,,,,3524.0221614837646,,,,
147.14,99.0,,,,,,3535.3902645111084,,,,
147.15,99.0,,,,,,3548.439275741577,,,,
147.16,99.0,,,,,,3551.746160507202,,,,
147.17,99.0,,,,,,3575.509588241577,,,,
147.18,99.0,,,,,,3581.5767879486084,,,,
147.19,99.0,,,,,,3593.0822200775146,,,,
147.2,99.0,,,,,,3607.2408504486084,,,,
147.21,99.0,,,,,,3615.4036922454834,,,,
147.22,99.0,,,,,,3625.189764022827,,,,
147.23,99.0,,,,,,3637.184087753296,,,,
147.24,99.0,,,,,,3649.763433456421,,,,
147.25,99.0,,,,,,3678.1136531829834,,,,
147.26,99.0,,,,,,3685.3563899993896,,,,
147.27,99.0,,,,,,3692.599126815796,,,,
147.28,99.0,,,,,,3702.819158554077,,,,
147.29,99.0,,,,,,3710.4464168548584,,,,
147.3,99.0,,,,,,3732.7926082611084,,,,
147.31,99.0,,,,,,3734.371892929077,,,,
147.32,99.0,,,,,,3753.880865097046,,,,
147.34,99.0,,,,,,3757.451421737671,,,,
147.35,99.0,,,,,,3777.380620956421,,,,
147.36,99.0,,,,,,3777.9931087493896,,,,
147.37,99.0,,,,,,3786.095525741577,,,,
147.38,99.0,,,,,,3810.8394832611084,,,,
147.39,99.0,,,,,,3819.5626277923584,,,,
147.4,99.0,,,,,,3827.7941341400146,,,,
147.41,99.0,,,,,,3835.168706893921,,,,
147.42,99.0,,,,,,3847.2948665618896,,,,
147.43,99.0,,,,,,3859.459478378296,,,,
147.44,99.0,,,,,,3871.5966243743896,,,,
147.45,99.0,,,,,,3885.892583847046,,,,
147.46,99.0,,,,,,3895.541326522827,,,,
147.47,99.0,,,,,,3908.680974960327,,,,
147.48,99.0,,,,,,3912.6387996673584,,,,
147.49,99.0,,,,,,3931.4583797454834,,,,
147.5,99.0,,,,,,3950.865728378296,,,,
147.51,99.0,,,,,,3965.7357234954834,,,,
147.52,99.0,,,,,,3977.9635066986084,,,,
147.53,99.0,,,,,,3983.484136581421,,,,
147.54,99.0,,,,,,3999.274236679077,,,,
147.55,99.0,,,,,,4006.500494003296,,,,
147.56,99.0,,,,,,4014.721014022827,,,,
147.57,99.0,,,,,,4034.5650691986084,,,,
147.59,99.0,,,,,,4038.7536067962646,,,,
147.6,99.0,,,,,,4049.3004817962646,,,,
147.61,99.0,,,,,,4067.861883163452,,,,
147.62,99.0,,,,,,4073.091375350952,,,,
147.63,99.0,,,,,,4081.232244491577,,,,
147.64,99.0,,,,,,4100.884038925171,,,,
147.65,99.0,,,,,,4104.105779647827,,,,
147.66,99.0,,,,,,4118.849431991577,,,4339.977746009827,
147.67,99.0,,,,,,4126.833745956421,,,,
147.68,99.0,,,,,,4142.912237167358,,,,
147.69,99.0,,,,,,4157.177984237671,,,,
147.7,99.0,,,,,,4165.143072128296,,,,
147.71,99.0,,,,,,4177.69769859314,,,,
147.73,99.0,,,,,,4196.566717147827,,,,
147.74,99.0,,,,,,4212.288152694702,,,,
147.75,99.0,,,,,,4233.436834335327,,,,
147.76,99.0,,,,,,4244.480840682983,,,,
147.77,99.0,,,,,,4251.786748886108,,,,
147.78,99.0,,,,,,4272.962896347046,,,,
147.79,99.0,,,,,,4274.218084335327,,,,
147.8,99.0,,,,,,4286.978704452515,,,,
147.81,99.0,,,,,,4295.18549156189,,,,
147.82,99.0,,,,,,4306.108648300171,,,,
147.84,99.0,,,,,,4326.62836265564,,,,
147.85,99.0,,,,,,4330.816900253296,,,,
147.86,99.0,,,,,,4343.681890487671,,,,
147.87,99.0,,,,,,4347.609502792358,,,,
147.88,99.0,,,,,,4359.903203964233,,,,
147.89,99.0,,,,,,4380.832159042358,,,,
147.9,99.0,,,,,,4383.666631698608,,,,
147.91,99.0,,,,,,4404.408819198608,,,,
147.92,99.0,,,,,,4409.767400741577,,,,
147.93,99.0,,,,,,4421.437627792358,,,,
147.94,99.0,,,,,,4436.016485214233,,,,
147.95,99.0,,,,,,4443.053228378296,,,,
147.96,99.0,,,,,,4461.403142929077,,,,
147.97,99.0,,,,,,4464.679815292358,,,,
147.98,99.0,,,,,,4478.313848495483,,,,
147.99,99.0,,,,,,4491.785833358765,,,,
148.0,99.0,,,,,,4517.419683456421,,,,
148.01,99.0,,,,,,4526.299383163452,,,,
148.03,99.0,,,,,,4546.324712753296,,,,
148.04,99.0,,,,,,4563.18597984314,,,,
148.05,99.0,,,,,,4575.331365585327,,,,
148.06,99.0,,,,,,4577.047979354858,,,,
148.07,99.0,,,,,,4589.080755233765,,,,
148.09,99.0,,,,,,4609.012701034546,,,,
148.11,99.0,,,,,,4621.06195640564,,,,
148.12,99.0,,,,,,4625.165349960327,,,,
148.13,99.0,,,,,,4646.097051620483,,,,
148.14,99.0,,,,,,4658.821966171265,,,,
148.15,99.0,,,,,,4672.546636581421,,,,
148.16,99.0,,,,,,4683.049566268921,,,,
148.17,99.0,,,,,,4687.054082870483,,,,
148.18,99.0,,,,,,4715.135137557983,,,,
148.55,99.0,2732.1742515563965,,,,,,,,,
148.56,99.05555555555556,2732.39598941803,,,,,,,,,
149.61,99.11111111111111,,,,,,,,4012.806749343872,,
149.69,99.16666666666667,,,3190.2265825271606,,,,,,,
149.96,99.22222222222223,2732.487904548645,,,,,,,,,
151.41,99.22222222222223,,,,,,,2838.8933448791504,,,
151.5,99.3888888888889,,,,2895.6440143585205,,,,,,
151.64,99.44444444444444,,,3190.318497657776,,,,,,,
153.43,99.55555555555556,,,,4280.201509475708,,,,,,
153.5,99.6111111111111,,,,,,,2838.9852600097656,,,
154.1,99.6111111111111,,,4574.875992774963,,,,,,,
154.82,99.6111111111111,,,,,,,4223.542755126953,,,
181.92,100.0,,,,,,,0.0,,,
181.93,100.0,0.0,,,,,0.0,,,,
181.94,100.0,,,0.0,,,,,,,
181.95,100.0,,,,,0.0,,,,,
181.96,100.0,,0.0,,,,,,,0.0,0.0
181.97,100.0,,,,0.0,,,,0.0,,
182.01,100.0,0.0,0.0,0.0,0.0,0.0,0.0,0.0,0.0,0.0,0.0
