time,workflow_completion_percentage,10.32.88.251:60140:1,10.32.89.107:53248:1,10.32.89.61:33668:1,10.32.89.69:51864:1,10.32.90.72:52774:1,10.32.90.80:47440:1,10.32.93.112:51550:1,10.32.93.116:37334:1,10.32.93.118:33596:1,10.32.93.120:43918:1
16.28,0.0,,,0.36935801696777343,,,1.1008753700256346,,,,
16.29,0.0,,1.1619969024658203,1.0902432174682617,,1.0511034927368164,,,,,1.1315620002746583
32.01,0.2222222222222222,,,1.1460821800231935,,1.7289548950195313,2.173791114807129,,,,
32.02,0.2222222222222222,,2.2684704208374025,1.1649762954711915,,2.125217803955078,,,,,
32.14,0.3888888888888889,,2.413253692626953,,,2.1973889274597167,,,,,1.194384979248047
32.15,0.3888888888888889,0.0,,,0.0,,,0.0,0.0,0.0,1.2004760131835939
32.3,0.3888888888888889,0.073130859375,,,0.07483722305297852,,,0.07391316223144531,0.07490935897827147,0.07407568359375,1.2068646697998047
32.74,0.3888888888888889,,2.4257820739746094,,,,,,,,
32.8,0.4444444444444444,,,1.171298454284668,,,,,,,
32.81,0.5,,2.4379275817871093,,,,,,,,
33.13,0.6111111111111112,,,,0.0810753746032715,,,,,,
33.27,0.6111111111111112,,,1.1775532302856444,,,,,,,
33.28,0.6666666666666666,,,,,,,,,0.08030581283569337,
33.34,0.7777777777777778,,,,0.08745162963867188,2.203643413543701,,,,,
33.43,0.8888888888888888,,2.4501614685058595,,,,,,,,
33.47,0.8888888888888888,,,,,,,,,,1.2129017524719237
33.48,0.9444444444444444,0.07916312789916992,,,,,,,,,
33.5,1.0,0.08544191360473632,,,,,,,,0.08543542098999024,
33.67,1.1666666666666667,,,,,,,,,0.09170660018920898,
33.77,1.2222222222222223,,2.4625609664916994,,0.09372173309326172,,,,,,
33.85,1.277777777777778,,,,,,,,,0.09688502883911132,
33.89,1.3888888888888888,,,,,,,0.08019653701782227,,,
34.06,1.3888888888888888,,,1.1836399459838867,,,,,,,
34.32,1.5,,,,,2.2099311752319335,,,,,
34.44,1.5,,,,,,,,,0.10295987319946288,
34.63,1.5555555555555556,,,,,,,,0.08116635131835938,,
34.76,1.6666666666666667,,,,,,2.246853229522705,,,,
34.82,1.7777777777777777,0.09037010192871094,,,0.10010324859619142,,,,,,
35.39,1.7777777777777777,,,,,,2.2531396446228027,,,,
35.49,1.8888888888888888,,,,,,2.2594377250671385,,,,
35.77,1.9444444444444444,,,,,,2.2658273010253906,,,,
35.92,1.9444444444444444,,,1.1887587242126465,,,,,,,
36.04,2.0,,2.4727868347167967,,,,,,,,
36.5,2.055555555555556,,,,,,,0.08647872161865235,,,
36.64,2.111111111111111,,,,,2.216030433654785,,,,,
36.73,2.166666666666667,,,,,2.2220839195251463,,,,,
36.89,2.2222222222222223,,,,,,,,0.08724858093261718,,
36.99,2.3333333333333335,,,,,,2.272122753143311,,,,
37.25,2.3333333333333335,,,,,,,,0.10002997207641602,,
37.46,2.5,,2.484771179199219,,,,,,,,
37.61,2.5,,2.4974581604003907,,,,,,,,
37.62,2.555555555555556,,,,,2.2283588829040526,,,,,
37.64,2.611111111111111,0.09674896240234375,,,,,,,,,
37.68,2.722222222222222,0.10313855743408203,,,,,,,,,
37.69,2.722222222222222,,,,,2.2347028198242187,,,,,
37.71,2.833333333333333,,,,,2.247096263885498,,,,,
37.75,2.944444444444444,,,,,2.2532956123352053,,,,,
37.77,3.0555555555555554,,,,,2.259505832672119,2.278490882873535,,,,
37.79,3.0555555555555554,,,,,2.265818542480469,,,,,
37.8,3.111111111111111,,,,,2.2720596961975095,,,,,
37.99,3.166666666666667,,,,,,2.284558521270752,,,,
38.11,3.277777777777778,,,,0.10616697692871094,,,,,,
38.36,3.277777777777778,,,,,2.278171974182129,,,,,
38.55,3.3888888888888893,,,1.1949125328063965,,,,,,,
38.6,3.3888888888888893,,,,0.11126292419433594,,,,,,
38.62,3.4444444444444446,,,1.2010765266418457,,,,,,,
38.65,3.5000000000000004,,,1.2073571662902831,,,,,,,
38.66,3.5555555555555554,,,1.2136747436523436,,,,,,,
38.67,3.6111111111111107,,,1.2186093521118164,,,,,,,
38.68,3.6666666666666665,,,1.2248640670776367,,,,,,,
38.69,3.722222222222222,,,1.2311726837158203,,,,,,,
38.71,3.833333333333333,,2.5095537338256837,,,,,,,,
38.75,3.888888888888889,,2.5197968826293944,,,,,,,,
38.76,3.888888888888889,,,1.237706008911133,,,,,,,
38.77,4.0,,2.531909194946289,,,,,,,,
38.79,4.0,,,1.244008228302002,,,,,,,
38.8,4.111111111111112,,2.544103729248047,,,,,,,,
38.82,4.111111111111112,,2.5562727127075195,,,,,,,,
38.84,4.222222222222222,,2.5688301391601565,,,,,,,,
38.85,4.222222222222222,,,,0.1164148178100586,,,,,,
38.86,4.333333333333334,0.10921900177001953,,,,,,,,,
38.89,4.388888888888888,,,,0.12249897766113281,,,,,,
38.9,4.388888888888888,0.11558813858032226,,,,2.2842763900756835,,,,,
38.91,4.555555555555555,,,,0.12767871856689453,,2.290927112579346,,,,
38.96,4.611111111111111,0.12074040222167969,,,,,,,,,
38.97,4.666666666666667,0.12676763534545898,,,,,,,,,
38.98,4.722222222222222,,,,0.140172061920166,,,,,,
39.0,4.888888888888889,0.1330217170715332,,,,,,,,,
39.01,4.888888888888889,,,,0.1462909049987793,,,,,,
39.1,5.0,0.13801460266113283,,,0.15255491638183594,,,,,,
39.12,5.111111111111112,,,,,,2.297219409942627,,,,
39.18,5.111111111111112,,,,,,2.303657974243164,,,,
39.2,5.166666666666667,0.14418982696533203,,,,,,,,,
39.22,5.222222222222222,,,,,,,,,,1.2192052345275879
39.23,5.333333333333333,,,,,,2.309749080657959,,,,
39.3,5.333333333333333,,,,,,2.3161709213256834,,,,
39.36,5.444444444444444,,,,0.15889507675170897,,,,,0.1080661506652832,
39.39,5.555555555555555,,,,,,,,0.10599950027465821,,
39.42,5.611111111111111,,2.5810023880004884,,,,,,,,
39.49,5.611111111111111,,,,,,,0.09279319381713867,,,
39.54,5.722222222222222,,,1.2500683784484863,,,,,,,
39.56,5.722222222222222,,,,,,,0.0992209358215332,,,
39.61,5.833333333333333,,2.599492977142334,,,,,,,,
39.87,5.888888888888888,,,1.2561404495239257,,,,,,,
40.0,6.0,,,,,,,,0.11211188125610351,,
40.02,6.055555555555555,,,,0.16496338653564452,,,,,,
40.06,6.111111111111111,,,,,2.2935307693481444,,,,,
40.07,6.166666666666667,,2.6052223892211916,,,,,,,,
40.11,6.222222222222222,0.15490019607543945,,,,,,,,,
40.14,6.333333333333334,0.16063483810424803,,,,,,,,,
40.17,6.333333333333334,,,,,,2.3222617759704587,,,,
40.19,6.444444444444445,0.16631753921508788,,,,,,,,,
40.21,6.444444444444445,,,,,,2.3279490242004397,,,,
40.25,6.5,,,,,,2.3336665802001955,,,,
40.27,6.555555555555556,,,,,,,,0.1178248519897461,,
40.32,6.666666666666667,0.1710017852783203,,,,,2.3393799705505374,,,,
40.37,6.777777777777779,,2.6109092025756833,,,,,,,,
40.41,6.833333333333333,,,,,,2.345091793060303,,,,
40.6,6.888888888888889,,,,,,,,,0.11416349411010741,
40.94,6.888888888888889,,2.6155600242614745,,,,,,,,
41.0,7.055555555555555,,2.6213325004577634,,,,2.3508364295959474,,,,
41.05,7.111111111111111,0.17669338989257813,,,,,,,,,
41.15,7.111111111111111,,2.6270593910217284,,,,,,,,
41.22,7.222222222222221,,,1.261877773284912,,,,,,,
41.36,7.222222222222221,,,,,,2.3565391159057616,,,,
41.39,7.388888888888889,,,1.2675978202819824,0.17069922256469727,,,,,,
41.45,7.388888888888889,,,,,,2.3622750549316405,,,,
41.46,7.444444444444444,,,,,,,,,,1.2249599647521974
41.47,7.5,,,,,,,,,,1.2253234481811524
41.59,7.5,,,,0.17641706466674803,,,,,,
41.6,7.611111111111112,,,,,,,,0.12356520462036133,,
41.73,7.611111111111112,0.18247444152832032,,,,,,,,,
41.84,7.666666666666666,,,,,,,,,,1.2310406379699708
41.85,7.722222222222222,,2.6328157234191893,,,,,,,,
41.97,7.777777777777778,,,,,,2.3679754333496095,,,,
42.04,7.833333333333334,,,,0.1821551513671875,,,,,,
42.2,7.944444444444445,,,,,2.3049045791625975,,,,,
42.25,7.944444444444445,,,,,2.3164244232177738,,,,,
42.43,8.055555555555555,,,,,,,0.10529575729370116,,,
42.5,8.11111111111111,,,,,,,,0.12929420471191408,,
42.6,8.11111111111111,,,,,,,0.11104637908935548,,,
42.62,8.222222222222223,,,,,,,,,0.11988919830322264,
42.66,8.277777777777779,,,,,,,,0.13499929809570313,,
42.68,8.333333333333332,0.1882244529724121,,,,,,,,,
42.77,8.38888888888889,,,,,,,,,0.12563173294067384,
42.9,8.38888888888889,,,1.2733090515136718,,,,,,,
42.93,8.5,,,,,,,,0.14071084213256835,,
42.98,8.555555555555555,,,,,,,,,,1.2367692184448242
43.0,8.61111111111111,,,,,,,,,,1.2425646057128905
43.16,8.61111111111111,,,,,,,0.11674877548217774,,,
43.23,8.777777777777777,,,,,2.327914436340332,,,,,
43.24,8.777777777777777,,,,,2.339346153259277,,,,,
43.25,8.833333333333334,,,,,2.3508555603027346,,,,,
43.28,8.88888888888889,,,,,2.3740385665893555,,,,,
43.37,9.0,,2.638564037322998,,,,,,,,
43.39,9.055555555555555,,,,,,2.3736659507751465,,,,
43.6,9.11111111111111,,,,,2.3855257415771485,,,,,
43.68,9.388888888888888,,,,,2.397009086608887,2.3794564247131347,,0.15784123611450193,,
43.93,9.388888888888888,,,1.279065773010254,0.1878747100830078,,,,,,
43.99,9.5,,,1.2847721900939941,,,,,,,
44.04,9.555555555555555,,,,,2.408460975646973,,,,,
44.11,9.61111111111111,,,,,,,,,0.13157465744018554,
44.12,9.777777777777779,,2.6443065071105956,,,2.419895202636719,,,,,
44.28,9.833333333333332,,,,,2.431388397216797,,,,,
44.31,9.88888888888889,,,,0.19358173370361328,,,,,,
44.32,9.944444444444445,,,,0.19930401992797853,,,,,,
44.37,10.0,,,,,,2.385214141845703,,,,
44.38,10.222222222222223,0.1997008056640625,,1.2904882049560547,,,,0.12248154067993164,,,
44.39,10.277777777777777,0.20434653091430666,2.6500029144287107,,,,,,,,
44.41,10.38888888888889,,,,,,,,,0.13730351638793944,
44.42,10.38888888888889,,,,,,,,,0.14300046920776366,
44.45,10.444444444444445,0.21008661270141604,,,,,,,,,
44.57,10.555555555555555,,,,,2.4428526458740234,,,,,
44.73,10.555555555555555,,,,,,2.3908997383117674,,,,
44.75,10.666666666666666,,,,,,,,,,1.248430679321289
44.76,10.722222222222221,,,,,,2.3966111869812012,,,,
44.81,10.722222222222221,,,,0.20394620513916017,,2.402345420837402,,,,
44.91,10.888888888888888,,,,,,,,,0.14870956039428712,
44.94,10.888888888888888,,,,,,,,,,1.2541166877746581
44.96,10.944444444444445,0.21585892486572267,,,,,,,,,
45.02,11.0,,,,,,,,,0.1533616409301758,
45.03,11.055555555555555,,,,,,,,,0.15908987426757812,
45.05,11.11111111111111,,,,,,,0.12821199798583985,,,
45.07,11.222222222222221,,,1.2963107070922852,,,,,,,
45.09,11.277777777777779,,,,,,,,,,1.2597503204345704
45.2,11.277777777777779,,,,,,,,,0.1648227653503418,1.2654865074157715
45.21,11.444444444444445,,,1.302043125152588,,,,,,,
45.25,11.555555555555555,,,1.3077823333740235,,,,0.1339309425354004,0.16354285812377928,,1.271194362640381
45.29,11.722222222222223,,,,,,,,0.1692339096069336,0.17055878448486328,
45.31,11.777777777777777,,,,,,,,,0.17621829986572266,
45.32,11.88888888888889,,2.654651439666748,,,,,,,,
45.36,11.88888888888889,,,,,,,,,,1.2769435424804687
45.38,11.944444444444445,,,,,,,0.13966624069213868,,,
45.42,12.055555555555555,,,1.319185863494873,,,,,,,
45.43,12.166666666666668,,,,,,,,,0.18191604232788086,
45.46,12.166666666666668,,,1.3249490928649903,,,,,,,
45.47,12.222222222222221,,,,,,2.4069853744506835,,,,
45.48,12.333333333333334,,,,,,,0.15116274261474608,,,
45.49,12.38888888888889,0.22157641220092775,,,,,,,,,
45.5,12.555555555555555,,2.66037491607666,,,,,0.15690320205688477,,,1.282701114654541
45.51,12.666666666666668,0.2273210678100586,,,,,,,,,
45.52,12.666666666666668,0.23305248260498046,,,0.20966225814819336,,,,,,
45.53,12.833333333333332,,,,0.21540134811401365,,,,,,
45.54,12.88888888888889,,2.6661193885803223,1.33069193649292,,,,,,,
45.56,13.0,0.2387613296508789,,,,,,,,,
45.57,13.055555555555557,,2.6718076362609864,,,,,,,,
45.62,13.111111111111112,0.24446233367919923,,,,,,,,,
45.63,13.111111111111112,,,,,2.4543339538574216,,,,,
45.65,13.166666666666666,,,,0.2211156349182129,,,0.16258794021606446,,,
45.72,13.333333333333334,,,,,,2.4127086181640625,,,,
45.74,13.38888888888889,,,,0.22683408737182614,,,,,,
45.75,13.444444444444445,,,,,,2.4173620567321774,,,,
45.76,13.5,,,,,,2.423116172790527,,,,
45.79,13.5,,,,,,2.4289223670959474,,,,
45.87,13.61111111111111,,,,,,,,0.17495020294189453,,
45.92,13.666666666666666,,,,,,2.4346232833862302,,,,
46.1,13.722222222222221,,,1.336387264251709,,,,,,,
46.17,13.777777777777779,,,,,,,,0.180769344329834,,
46.2,13.833333333333334,,2.6775133361816406,,,,,,,,
46.25,13.88888888888889,,,,,,,0.16830453872680665,,,
46.3,13.88888888888889,,2.6822295951843262,,,,,,,,
46.31,13.944444444444445,,,,,,2.440336067199707,,,,
46.35,14.11111111111111,,2.6879617538452147,,,,,0.1729486198425293,,,
46.42,14.11111111111111,,,,,,2.4449839363098143,,,,
46.52,14.166666666666666,,,,,,,,,,1.2886625289916993
46.63,14.277777777777779,,,,,2.4656740036010745,,,,,
46.66,14.277777777777779,,,,0.23254730224609374,,,,,,
46.69,14.333333333333334,0.2501712341308594,,,,,,,,,
46.88,14.444444444444443,,,1.342137767791748,,,,,,,
46.93,14.444444444444443,,,,,,,,0.1864921531677246,,
47.24,14.555555555555555,,,,,2.477145668029785,,,,,
47.31,14.555555555555555,,,,,,,,,0.18759142684936525,
47.5,14.666666666666666,,,,,,,,,0.1922374687194824,
47.51,14.722222222222223,,2.6936744232177734,,,,,,,,
47.52,14.777777777777779,,,1.3468182487487794,,,,,,,
47.6,14.833333333333334,,,,,,2.450716018676758,,,,
47.75,14.888888888888888,,2.699400184631348,,,,,,,,
47.78,14.944444444444443,,,,,2.488676124572754,,,,,
48.02,14.944444444444443,,,,,,,,,,1.2944229011535644
48.04,15.055555555555555,,,,,2.498041145324707,,,,,
48.05,15.055555555555555,,,1.3525318717956543,,,,,,,
48.06,15.166666666666668,,,,0.23827359771728518,,,,,,
48.07,15.222222222222223,,,,0.24403356170654297,,,,,,
48.1,15.222222222222223,,,1.3582702140808105,,,,,,,
48.16,15.277777777777779,,,,0.24975709152221678,,,,,,
48.21,15.333333333333332,,2.7051215896606444,,,,,,,,
48.23,15.444444444444445,,,,,,,,0.19218209838867187,,
48.31,15.444444444444445,0.25487557220458984,,,,,,,,,
48.35,15.555555555555555,,,,,2.5094520263671876,,,,,
48.36,15.555555555555555,,,,,,,,0.1978857879638672,,
48.47,15.611111111111112,,,,,,2.456458709716797,,,,
48.79,15.722222222222223,,2.7108421554565427,,,,,,,,
48.8,15.944444444444445,,,1.3640020751953126,0.2554715690612793,2.532381156921387,,,,,
48.82,15.944444444444445,,,1.3697404518127443,,,,,,,
48.86,16.055555555555557,,,,,2.5438400344848633,,,,,
48.87,16.055555555555557,,,,,,2.4622688636779784,,,,
48.94,16.11111111111111,,,,,,,,0.20357172012329103,,
49.15,16.166666666666664,,,,,,,,0.20929598999023438,,
49.3,16.22222222222222,,,,,2.555298362731934,,,,,
49.34,16.333333333333332,,,,,,2.4680240325927736,,,,
49.39,16.333333333333332,,,,,,,,,0.19798077392578126,
49.45,16.444444444444446,,,,,,2.4737487869262695,,,,
49.64,16.5,,,,,2.5666482696533204,,,,,
49.66,16.555555555555557,,,,,2.5759296875,,,,,
49.68,16.61111111111111,,,,,,,,0.2138919830322266,,
49.73,16.666666666666664,0.2606057052612305,,,,,,,,,
49.74,16.72222222222222,,,,,,,,,,1.3001792297363282
49.77,16.72222222222222,,,,,2.58735075378418,,,,,
49.82,16.833333333333332,,,,,2.5987711715698243,,,,,
49.85,16.88888888888889,,,,,2.610255439758301,,,,,
49.9,16.944444444444446,,,,,,2.479430507659912,,,,
50.0,17.0,,,,,,2.484146850585937,,,,
50.02,17.0,,,,,,,,0.21959789276123046,,
50.03,17.11111111111111,,2.716664669036865,,,,,,,,
50.14,17.11111111111111,,,,,2.621786598205566,,,,,
50.25,17.22222222222222,,,,0.2612211418151855,,2.489869415283203,,,,1.3058818092346192
50.36,17.333333333333336,,,,0.2669443283081055,,,,,,
50.37,17.38888888888889,,,,,,,,0.22422693634033203,,
50.45,17.5,,,,,,2.4956173095703122,,,,
50.47,17.5,,,,,,2.5003225593566896,,,,
50.53,17.555555555555554,,,1.375479579925537,,,,,,,
50.54,17.666666666666668,,,,,,,,,0.20369450759887697,
50.63,17.72222222222222,,,1.3811600303649902,,,,,,,
50.64,17.72222222222222,,,,,,,,,,1.3116073036193847
50.65,17.77777777777778,,,,0.27266339111328125,,,,,,
50.7,17.833333333333336,,2.7223905639648436,,,,,,,,
50.75,17.944444444444443,,2.7287083740234372,,,,,,,,
50.78,17.944444444444443,,,,0.27770134353637693,,,,,,
50.8,18.0,,,,,,,,,0.21007538223266603,
50.95,18.11111111111111,,,1.3874736404418946,,,,,,,
50.98,18.11111111111111,,,,,,2.5121452140808103,,,,
51.01,18.22222222222222,0.2668812026977539,,,,,,,,,
51.02,18.27777777777778,0.2727465171813965,,,,,,,,,
51.04,18.27777777777778,,2.7346891136169433,,,,,,,,
51.05,18.38888888888889,,,,,,,,,0.21600667190551756,
51.09,18.444444444444443,0.2784979019165039,,,0.28363781356811524,,,,,,
51.16,18.555555555555557,0.2844547004699707,,,,2.6279532661437988,,,,,
51.22,18.61111111111111,0.29042227172851565,,,,,,,,,
51.31,18.722222222222225,0.296127124786377,,,,,,,,,
51.34,18.722222222222225,,,,,,2.521532466888428,,,,
51.36,18.777777777777775,,,,,,2.533102382659912,,,,
51.39,18.88888888888889,,,,,,,0.17935210037231447,,,
51.69,18.944444444444443,,,,0.2884714164733887,,,,0.2305466766357422,,
51.76,19.0,,,,,,2.542481418609619,,,,
51.78,19.11111111111111,,2.7405070877075195,,,,,,,,
51.88,19.11111111111111,,,,,,2.554400142669678,,,,
51.97,19.166666666666668,,,1.3933900337219238,,,,,,,
52.0,19.27777777777778,,,,0.29449624252319334,,,,,,
52.09,19.27777777777778,,,1.3993496170043946,,,,,,,
52.13,19.333333333333332,0.30207611465454104,,,,,,,,,
52.14,19.444444444444446,0.3079942092895508,,,,,,,,,
52.21,19.5,0.31884572219848634,,,,,,,,,
52.23,19.61111111111111,,,,0.3004468879699707,,,0.18513929748535157,,,
52.25,19.72222222222222,,,,0.30642835998535156,,,,,,
52.27,19.77777777777778,,2.7463046760559084,,,,,,,,
52.32,19.833333333333332,,2.7521057510375977,1.4051661720275879,,,,,,,
52.38,19.88888888888889,0.3237358322143555,,,,,,,,,
52.45,20.0,,,,0.31239892578125,,,,,,
52.5,20.11111111111111,,,1.4110789909362793,,2.633938587188721,,,,,
52.82,20.166666666666664,,,,,,,,,0.222072078704834,
52.84,20.22222222222222,,,,,,,,0.23667890930175783,,
52.86,20.22222222222222,,,,,,,,,0.22676423263549805,
52.87,20.27777777777778,,,1.417045753479004,,,,,,,
52.92,20.38888888888889,,2.7580235023498534,,,,,,,,
53.07,20.444444444444446,,2.7639724197387694,,,,,0.19109018325805663,,,
53.16,20.5,,,,,,2.5662923545837404,,,,
53.24,20.61111111111111,,,,,2.6397623748779298,,,,,
53.28,20.61111111111111,,,,0.3182314796447754,,,,,,
53.34,20.72222222222222,0.3295548629760742,,,,,,,,,1.3179345169067385
53.48,20.833333333333336,,2.76978173828125,,,,,,,,
53.5,20.88888888888889,,,1.4228386878967285,,,,,,,
53.63,20.88888888888889,,2.7744589271545412,,,,,,,,
53.71,20.944444444444443,0.3354774513244629,,,,,,,,,
53.81,21.0,,,,,2.645911735534668,,,,,
54.09,21.055555555555554,,,,,,,,,0.23272241592407228,
54.19,21.11111111111111,,,,,2.65171395111084,,,,,
54.31,21.166666666666668,,,,,2.657502182006836,,,,,
54.4,21.22222222222222,,,,,,,,0.2426649856567383,,
54.43,21.38888888888889,,,,,,2.578238307952881,0.19706169891357422,,,
54.45,21.38888888888889,,,,,,2.589782169342041,,,,
54.46,21.444444444444443,,,,,2.663498996734619,,,,,
54.56,21.61111111111111,,2.7803995094299316,,,2.668316459655762,,,,,
54.75,21.666666666666668,,,,0.3241455993652344,,,,,,
54.77,21.722222222222225,,,,,2.674107521057129,,,,,
54.78,21.777777777777775,,,1.4286466827392577,,,,,,,
54.79,21.833333333333332,,,1.434575298309326,,,,,,,
54.81,21.833333333333332,,,,,,,,,0.23865215682983398,
54.92,21.944444444444443,,,,,,2.601740566253662,,,,
54.93,22.0,,,,0.33009174728393553,,,,,,
54.95,22.166666666666668,,2.786269004821777,,,,2.6136377754211426,,,,1.323833469390869
54.99,22.22222222222222,,,,,,2.62516370010376,,,,
55.13,22.27777777777778,,,,,,,,0.2485353240966797,,
55.19,22.27777777777778,,,,,2.680026142120361,,,,,
55.25,22.333333333333332,,,,,2.6858057823181154,,,,,
55.34,22.38888888888889,,,,,,,0.20280841827392576,,,
55.41,22.444444444444443,,,,,,,0.20859468841552734,,,
55.42,22.555555555555557,,,,,2.6917672843933103,,,,,
55.44,22.555555555555557,,,,,,,,,0.24457310485839845,
55.45,22.61111111111111,,,,,2.6976468620300293,,,,,
55.5,22.666666666666664,,,,0.33589916610717774,,,,,,
55.51,22.72222222222222,,,1.4403406562805177,,,,,,,
55.52,22.77777777777778,,,,,,,,,,1.3297786331176757
55.62,22.833333333333332,,2.7911260833740235,,,,,,,,
55.64,22.88888888888889,,,1.4461482200622557,,,,,,,
55.66,23.0,,,,,2.7034480171203614,,,,,
55.75,23.055555555555557,,,,0.3417264595031738,,,,,,
55.81,23.055555555555557,,,,,,2.6367164878845215,,,,
55.82,23.11111111111111,,,,,,2.6486037025451656,,,,
55.96,23.22222222222222,,,,,2.7092414169311523,,,,,
56.01,23.22222222222222,,,,,,2.658016704559326,,,,
56.03,23.333333333333332,,,1.4519163093566894,,,,,,,
56.15,23.38888888888889,,,1.4576964569091797,,,,,,,
56.25,23.444444444444446,,,,0.3476545066833496,,,,,,
56.31,23.444444444444446,0.341421085357666,,,,,,,,,
56.32,23.5,,,,,,2.669911907196045,,,,
56.39,23.555555555555554,,,,,,,,,,1.3355703125
56.61,23.666666666666668,,,,,,2.6818851890563966,,,,
56.63,23.72222222222222,,,1.4634156761169435,,,,,,,
56.73,23.77777777777778,,2.796883316040039,,,,,,,,
56.85,23.77777777777778,,,,,,,0.21451971054077149,,,
57.0,23.88888888888889,,,,0.3534463424682617,,,,,,
57.01,23.88888888888889,,,,,,2.693468257904053,,,,
57.05,23.944444444444443,,,,,,,0.2202473907470703,,,
57.11,24.0,,,1.469341079711914,,,,,,,
57.17,24.055555555555554,,,,,,,,,0.2502774734497071,
57.25,24.11111111111111,,,,0.3593935966491699,,,,,,
57.31,24.166666666666668,,2.802878936767578,,,,,,,,
57.43,24.22222222222222,,,,,,,0.22618976974487304,,,
57.5,24.333333333333336,,,1.4753038749694825,,,,,,,
57.53,24.333333333333336,0.347410945892334,,,,,,,,,1.3415567474365235
57.56,24.5,0.35336606216430666,,1.4811305923461915,,,,,,,
57.59,24.666666666666668,,,,,,2.705455234527588,,,,1.3464137992858887
57.64,24.77777777777778,0.3582528877258301,,,,,2.716980785369873,,,,
57.65,24.833333333333332,,,,,,,,,0.2560804443359375,
57.67,24.833333333333332,0.3642975196838379,,,,,,,,,
57.74,24.944444444444443,,2.8089306068420408,,,,,,,,
57.75,25.055555555555554,0.37023105239868165,,,0.3653413505554199,,,,,,
57.78,25.11111111111111,,,,,2.715196212768555,,,,,
57.81,25.166666666666664,0.37603853607177734,,,,,,,,,
57.88,25.222222222222225,0.38183649826049804,,,0.3711741027832031,,,,,,
57.92,25.333333333333336,,,,,,,,0.25441747665405273,,1.3523378143310547
57.95,25.38888888888889,,,,,,,,,0.2618309555053711,
58.0,25.555555555555554,,,,,,,0.2308660545349121,,0.2736925506591797,
58.03,25.666666666666664,,,,,,,,0.2603698844909668,,
58.05,25.722222222222225,,,,,2.7211586685180666,,,,,
58.07,25.722222222222225,,2.8147227516174316,,,,,,,,
58.11,25.77777777777778,,,,,,,0.23669019317626955,,,
58.12,25.88888888888889,,,,,,,,,,1.3583037605285644
58.16,25.944444444444443,,,,,,,0.24245866394042967,0.2661124534606934,,
58.17,26.055555555555554,,,,,,,,,,1.364268367767334
58.32,26.111111111111114,,,,,,,,0.2718846244812012,,
58.34,26.166666666666664,,,,,,,,,0.27988394165039066,
58.36,26.166666666666664,,,,0.3770927925109863,,,,,,
58.37,26.27777777777778,,,,,,,,,,1.370240032196045
58.49,26.333333333333332,,,1.4870981826782226,,,,,,,
58.59,26.333333333333332,,2.8206871452331543,1.4919288063049316,,,,,,,
58.64,26.5,,2.8266428298950195,,,,,,,,
58.66,26.5,,,,,,,0.24836339187622072,,,
58.67,26.611111111111114,,,,,,2.726707637786865,,,,
58.77,26.666666666666668,,,,0.3828794593811035,,,,,,
58.78,26.666666666666668,0.38667409896850585,,,,,,,,,
58.8,26.722222222222218,0.39256641769409184,,,,,,,,,
58.81,26.88888888888889,,,,,,,0.2543997573852539,,,
58.82,26.88888888888889,,,,,2.727183750152588,,,,,
58.88,26.944444444444443,,,,,2.732955318450928,,0.2603507652282715,,,
58.96,27.0,,,,,,,0.2662757110595703,,,
58.97,27.111111111111114,,,1.4977553825378418,,,,,0.277798210144043,,
59.0,27.22222222222222,,,,,2.7387811698913573,,,,,
59.03,27.27777777777778,,,,0.38889801025390625,,,,,,
59.09,27.333333333333332,,2.832480438232422,,,,,,,,
59.1,27.38888888888889,,2.838394077301025,,,,,,,,
59.11,27.444444444444443,,,1.5035753288269043,,,,,,,
59.12,27.444444444444443,,2.844199520111084,,,,,,,,
59.19,27.500000000000004,,,,,,,,0.2835517845153809,,
59.24,27.555555555555557,,,,0.3948211708068848,,,,,,
59.29,27.611111111111107,,,,,2.744589916229248,,,,,
59.32,27.72222222222222,,,,0.4008009490966797,,,,,,
59.44,27.72222222222222,,,,,,,,0.28961614990234374,,
59.45,27.833333333333332,,,,,,,,0.2944556884765625,,
59.46,27.88888888888889,,,1.509531394958496,,,,,,,1.376061008453369
59.5,28.000000000000004,,,,,,,,,0.285680835723877,
59.54,28.055555555555557,,,,,2.7505492248535157,,,,,
59.78,28.111111111111107,,,,,,,,0.30023706436157227,,
59.79,28.111111111111107,,2.8499807243347166,,,,,,,,
59.81,28.22222222222222,,2.855768825531006,,,,,,,,
59.85,28.22222222222222,,,,,2.756514701843262,,,,,
59.95,28.333333333333332,,,,,,,0.2722077102661133,,,
60.04,28.333333333333332,,,,,2.762284568786621,,,,,
60.05,28.444444444444443,,,,,,2.738720279693603,,,,
60.06,28.499999999999996,0.39836209106445314,,,,,,,,,
60.13,28.555555555555557,,,1.5153523597717287,,,,,,,
60.18,28.61111111111111,,,,0.40677407836914065,,,,,,
60.2,28.61111111111111,,,1.5211615257263185,,,,,,,
60.21,28.72222222222222,,,,,,,,0.30622856521606445,,
60.22,28.77777777777778,,,,,2.768223026275635,,,,,
60.31,28.77777777777778,,,,,2.774214138031006,,,,,
60.37,28.833333333333332,0.40412072372436525,,,,,,,,,
60.45,28.944444444444446,,2.8605327682495116,,,,,,,,
60.47,29.055555555555557,,,,,,2.762228328704834,,,,
60.51,29.055555555555557,,,,,,2.7741209220886227,,,,
60.62,29.11111111111111,,,,,,2.785941036224365,,,,
60.75,29.22222222222222,,,,,,,,0.31220731735229496,,
60.77,29.27777777777778,,,,,2.780008308410644,,,,,
60.8,29.27777777777778,,,,,2.7859667587280272,,,,,
60.85,29.333333333333332,,,,,2.7919211387634277,,,,,
60.87,29.388888888888886,,,,,2.7976768836975094,,,,,
60.9,29.5,,,,,2.8036198654174806,,,,,
61.04,29.5,,,,,,,,0.31704696655273434,,
61.06,29.61111111111111,,2.8662927017211914,,,,,,,,
61.15,29.61111111111111,,,,,,,,0.3228433723449707,,
61.17,29.72222222222222,,2.8722196922302246,,,,,,,,
61.21,29.72222222222222,,2.8780118217468265,,,,,,,,
61.26,29.833333333333336,,2.882761257171631,,,,,,,,
61.34,29.888888888888886,,,,,,2.795590045928955,,,,
61.37,29.888888888888886,,,,,,2.8075453376770017,,,,
61.39,30.0,,,,0.4128383064270019,,,,,,
61.47,30.055555555555557,,,1.5326593208312989,,2.809688175201416,,,,,1.3821330795288085
61.5,30.166666666666668,,,,0.41746549606323247,,,,,,
61.55,30.22222222222222,,,,,2.8154175872802734,,,,,
61.57,30.333333333333336,,2.8888261413574217,,,,,,,,
61.69,30.333333333333336,,,,0.42211098098754885,,,,,,
61.73,30.444444444444446,,,,,,,,,0.2917789611816406,
61.88,30.444444444444446,,,,,,2.8136361923217774,,,,
61.9,30.61111111111111,,,,,,,0.2782538948059082,0.32889410400390623,,
61.95,30.666666666666664,,2.894543697357178,,,,,,,,
61.96,30.666666666666664,,,,,,,,,,1.3878460502624512
62.13,30.777777777777775,,,1.5420278129577636,,,,,,,
62.25,30.833333333333336,,,1.5534545936584474,,,,,,,
62.27,30.833333333333336,,,,,,,,,0.2974657745361328,
62.28,30.944444444444446,,,,0.42782280349731444,,,,,,
62.3,31.055555555555554,,,,,2.8211514472961428,,,,0.3021165962219238,
62.41,31.055555555555554,,,,0.4335952796936035,,,,,,
62.6,31.166666666666664,0.41022884368896484,2.9002353019714358,,,,,,,,
62.66,31.277777777777775,,,,,,2.8193735160827638,,,,
62.72,31.333333333333336,,,,0.43932217025756837,,,,,,
62.81,31.38888888888889,,2.90593798828125,,,,,,,,
62.84,31.38888888888889,,,,,,,,0.3346141510009766,,
62.85,31.444444444444446,,,,,,,,,,1.393581886291504
62.86,31.555555555555554,,,1.5649264717102052,,,,,,,
62.88,31.555555555555554,,,,,,,,,,1.3993366165161134
62.9,31.666666666666664,,,,,,,,0.34033199310302736,,
62.91,31.666666666666664,,,,,,,,,,1.4050769691467286
63.04,31.77777777777778,0.416009895324707,,,,,,,,,
63.12,31.833333333333336,,,,,,2.825090705871582,,,,
63.13,31.944444444444443,,,,,,,,,,1.4165336799621582
63.17,32.0,0.42174798202514646,,,,,,,,,
63.26,32.0,,,,,,2.836537532806396,,,,
63.32,32.111111111111114,,,1.576349147796631,,,,,,,
63.43,32.22222222222222,,,,,2.8268804473876954,,,,,
63.5,32.27777777777778,,,,0.4450478744506836,,,,,,1.4222843017578126
63.52,32.388888888888886,,2.9116430816650394,,,,,,,,
63.53,32.388888888888886,,,,,,,0.28400390625,,,
63.56,32.5,,,,,,,,,0.307859130859375,
63.65,32.611111111111114,,,1.58777161026001,,,,0.28971545028686524,,,
63.7,32.611111111111114,,,,,,,0.2954440307617187,,,
63.73,32.666666666666664,0.42754336929321285,,,,,,,,,
63.82,32.72222222222222,,,1.5991764030456541,,,,,,,
63.95,32.83333333333333,,,1.610666416168213,,,,,,,
64.03,32.83333333333333,,,,,,,,,0.31357498931884764,
64.07,32.94444444444444,,,,,,2.8422922363281247,,,,
64.17,32.94444444444444,0.4333873863220215,,,,,,,,,
64.19,33.0,0.43913487243652344,,,,,,,,,
64.2,33.111111111111114,,,,,,,,,,1.428032615661621
64.22,33.111111111111114,,,,,,,,,0.31926550674438475,
64.27,33.166666666666664,0.4448784599304199,,,,,,,,,
64.29,33.22222222222222,0.4506098899841308,,,,,,,,,
64.37,33.33333333333333,,,,0.45073642730712893,,,,,,
64.41,33.33333333333333,,,,,2.8325908584594726,,,,,
64.48,33.44444444444444,,2.917384754180908,,,,,,,,
64.51,33.5,0.4621570854187012,,,,,,,,,
64.55,33.55555555555556,0.46787664413452146,,,,,,,,,
64.57,33.666666666666664,,,,,2.838297275543213,,,,,
64.72,33.72222222222222,,2.923110698699951,,,,,,,,
64.84,33.77777777777778,,,,,2.8442402000427247,,,,,
64.89,33.83333333333333,,,,,,,0.3011865005493164,,,
64.91,33.83333333333333,,,,0.45645354080200196,,,,,,
65.0,33.88888888888889,,,,,,,,0.3460785903930664,,
65.06,34.0,,,,0.46216056442260744,,,,,,
65.23,34.0,,,1.6221109886169434,,,,,,,
65.3,34.05555555555556,,,,,,,,,0.3250232238769531,
65.37,34.166666666666664,,,1.6335841178894042,,,,,,,
65.39,34.166666666666664,,,,,,,,,0.330763011932373,
65.41,34.27777777777778,,,,0.46787657928466797,,,,,,
65.42,34.333333333333336,,2.9288434638977052,,,,,,,,
65.69,34.333333333333336,,,,0.4735729866027832,,,,,,
65.7,34.44444444444444,,,,,2.8488859252929686,,,,,
65.72,34.5,,,,,,2.848021095275879,,,,
65.79,34.55555555555556,,,,,,,0.3068834533691406,,,
65.85,34.55555555555556,,,,,2.8546260070800784,,,,,
65.87,34.61111111111111,,,,,,,,,,1.4337647399902345
65.91,34.66666666666667,,,,,,2.853706691741943,,,,
65.92,34.72222222222222,,2.9347095375061034,,,,,,,,
65.95,34.77777777777778,,,,,,2.859418140411377,,,,
65.99,34.833333333333336,,2.940443771362305,,,,2.8640603256225585,,,,
66.0,35.0,,2.946152862548828,,,,,,,,
66.04,35.05555555555556,,,,0.4792589950561523,,,,,,
66.11,35.05555555555556,,2.9519251747131348,,,,,,,,
66.14,35.11111111111111,,,,,,,0.3115355339050293,,,
66.16,35.27777777777778,,,,,,2.8755190162658693,,,,
66.19,35.388888888888886,,,1.6564963874816894,,,,,,,
66.2,35.44444444444444,,,1.6679687614440917,,,,,,,
66.3,35.44444444444444,,,,,,,,,0.3364959030151367,
66.38,35.55555555555556,,,,,2.860358425140381,,,,,
66.4,35.66666666666667,,,,,2.8660600471496585,,,0.35179753494262694,,
66.44,35.66666666666667,,,,,2.8717992553710934,,,,,
66.47,35.77777777777777,,,,,2.877507110595703,,,,,
66.59,35.77777777777777,,,,,,,,,0.342186954498291,
66.65,35.94444444444444,,2.957584690093994,,,,2.8812550354003905,,,,
66.71,35.94444444444444,,2.962233215332031,,,,,,,,
66.72,36.05555555555556,0.4736258239746094,,,,,,,,,
66.81,36.05555555555556,,,1.6794393577575684,,,,,,,
66.87,36.11111111111111,,,1.6908339881896974,,,,,,,
66.92,36.16666666666667,,,,0.4849652099609375,,,,,,
66.94,36.27777777777778,,,,,,2.886952777862549,,,,
66.97,36.333333333333336,0.4793890533447266,,,,,,,,,
66.99,36.388888888888886,,,,,,2.89159273147583,,,,
67.0,36.44444444444444,0.48516246795654294,,,,2.883230197906494,,,,,
67.01,36.55555555555556,,2.9679507026672365,,,,,,,,1.4394882164001466
67.03,36.611111111111114,,,,0.49072278213500975,,,,,,
67.28,36.72222222222222,,,,0.49646324157714844,,,,,,
67.36,36.77777777777778,,2.973695358276367,,,,,,,,
67.49,36.833333333333336,,,1.702296817779541,,,,,,,
67.66,36.833333333333336,,,,,,2.8973087844848635,,,,
67.81,36.94444444444444,,,,,,,0.31727462387084965,,,
67.86,36.94444444444444,,,,,,,,0.35754200744628906,,
67.89,37.05555555555556,,2.979438201904297,,,,,,,,
67.9,37.111111111111114,,,,,,,,0.3632508544921875,,
67.91,37.166666666666664,,,,,,,0.32297562789916995,,,
67.92,37.22222222222222,,,,,2.888918445587158,,,,,
67.94,37.27777777777778,,,,,,2.903049438476563,,,,
68.0,37.333333333333336,,,,,,,0.32866036605834964,,,
68.03,37.333333333333336,,,,,,,,,,1.4452025032043456
68.28,37.388888888888886,,2.985161445617676,,,,,,,,
68.32,37.5,,,,,,,,,0.3479054069519043,
68.38,37.55555555555555,,,,,,,,,0.35255884552001954,
68.57,37.55555555555555,,,,,2.9004787559509277,,,,,
68.63,37.72222222222222,,,,,,2.9087657318115236,,,,
68.65,37.72222222222222,,,,,2.906179672241211,,,,,
68.7,37.833333333333336,,,,,,2.9144610595703124,,,,
68.78,37.833333333333336,,,1.71393510055542,,,,,,,
68.9,38.0,,,,,2.9118853721618656,2.920177658081055,,,,
68.93,38.0,,2.989877704620361,,,,,,,,
69.03,38.111111111111114,0.4908752517700195,,,,,,,,,
69.04,38.22222222222222,,,,0.5021954002380371,,2.9248217391967772,,,,
69.1,38.22222222222222,,,,0.5068432693481445,,,,,,
69.13,38.333333333333336,0.49683666610717775,,,,,,,,,
69.14,38.388888888888886,,,,,2.9175553970336914,,,,,
69.24,38.44444444444444,,2.995590919494629,,,,,,,,
69.29,38.44444444444444,,,,0.5125521697998047,,,,,,
69.55,38.5,,,,,,,,,,1.4509530067443848
69.64,38.55555555555556,0.5025594749450684,,,,,,,,,
69.65,38.666666666666664,,,,0.5182880020141601,,,,,,
69.66,38.666666666666664,,,,,,,,,,1.456628391265869
69.69,38.77777777777778,0.5072055168151856,,,,,,,,,
69.74,38.83333333333333,,,,,2.92326806640625,,,,,
69.85,38.88888888888889,,,1.7232960624694826,,,,,,,
69.96,38.88888888888889,,,,,,,0.334392448425293,,,
69.98,39.0,,,,,,,,0.3689766159057617,,
69.99,39.0,,,,,,,,0.3747418441772461,,
70.1,39.111111111111114,,,,,2.9290284385681153,,,,,
70.12,39.111111111111114,,,,0.5229705123901367,,,,,,
70.13,39.166666666666664,,,,,2.93474206161499,,,,,
70.24,39.22222222222222,0.512931812286377,,,,,,,,,
70.26,39.27777777777778,,,,,2.940502025604248,,,,,
70.34,39.44444444444444,,,1.734772747039795,,2.9462255554199217,,,,,
70.53,39.44444444444444,,,,,,2.9305431442260743,,,,
70.55,39.55555555555556,,,1.7461526374816894,,,,,,,
70.7,39.611111111111114,,,,,,,,,0.35726318359375,
70.75,39.72222222222222,0.5186355018615723,,,,,,0.3400978889465332,,,
70.76,39.77777777777778,,,,,,,,,0.3630058746337891,
70.78,39.77777777777778,0.5243560676574708,,,,,,,,,
70.79,39.88888888888889,,,,,2.951957416534424,,,,,
70.95,39.88888888888889,,,,0.5287080993652344,,,,,,
70.97,40.0,,,,,,2.936270122528076,,,,
71.02,40.0,,,,,,,,,0.36872035217285154,
71.12,40.11111111111111,,,,,,,0.34583626556396485,,,
71.13,40.11111111111111,0.530085506439209,,,,,,,,,
71.18,40.22222222222222,,,,,,,,,0.3745305061340332,
71.22,40.22222222222222,,,,,,2.9419943923950194,,,,
71.24,40.33333333333333,,,,,,,,0.3804277763366699,,
71.25,40.38888888888889,,,,,2.9576875495910646,,,,,
71.26,40.61111111111111,0.5357960395812988,,1.7575730552673339,,,,,0.3918658256530762,0.38027264022827145,
71.28,40.72222222222222,0.5405123825073241,,,,,,,,,
71.3,40.72222222222222,,3.001296829223633,,,,,,,,
71.32,40.77777777777778,,,,,,,,,,1.4624509048461913
71.43,40.833333333333336,,,,,,,,0.397631404876709,,
71.48,40.88888888888889,,3.0070193939208982,,,,,,,,
71.49,40.94444444444444,,,,,,2.947696971893311,,,,
71.5,41.0,,,,0.5344576721191406,,,,,,
71.53,41.05555555555556,,,,,2.962316593170166,,,,,
71.62,41.16666666666667,,,,0.5401808586120606,,,,,,1.4681987991333008
71.67,41.27777777777778,,,,,,,,,,1.4729040489196776
71.68,41.27777777777778,,,,,,2.953436100006104,,,,
71.76,41.333333333333336,,,,,,2.959149833679199,,,,
71.88,41.44444444444444,,,1.7689339561462403,,,,,,,
71.89,41.5,,,,,2.968042087554932,,,,,
71.92,41.55555555555556,,,,,,,0.3515553283691406,,,
71.93,41.55555555555556,,,,,2.97376798248291,,,,,
71.96,41.66666666666667,,,1.7803922843933104,,,,,,,
71.97,41.72222222222222,,,,0.5459241638183594,,2.9649050025939943,,,,
72.0,41.833333333333336,,,,,,,,0.4033561592102051,,
72.09,41.888888888888886,,,,,2.979442935943603,,,,,
72.15,41.94444444444444,,3.0116601028442385,,,,,,,,
72.22,42.0,,,,,,,,0.4079521522521973,,
72.27,42.0,,,,0.5519883918762206,,,,,,
72.34,42.11111111111111,,,,,,2.9709770736694336,,,,
72.5,42.22222222222222,,,,,2.985511245727539,,,0.41406453323364256,,
72.52,42.22222222222222,0.5455030555725098,,,,,,,,,
72.6,42.333333333333336,,,,0.5577178039550781,,,,,,
72.61,42.388888888888886,,3.0177249870300296,,,,,,,,
72.64,42.44444444444444,,,,,,,,,0.385281608581543,
72.65,42.44444444444444,,,,,,,,,,1.484373332977295
72.67,42.55555555555556,,3.023407688140869,,,,,,,0.39100897979736327,
72.71,42.666666666666664,,,1.786079532623291,,,,,,,
72.72,42.666666666666664,,,1.786443016052246,,,,,,,
72.73,42.666666666666664,,,1.792160572052002,,,,,,,
72.75,42.72222222222222,,,,,,,0.3576317825317383,,,
72.79,42.833333333333336,,,,,,,0.3623160285949707,,,
72.81,42.833333333333336,,,,,,2.976690464019775,,,,
72.86,42.888888888888886,,3.0290945014953614,,,,,,,,
72.93,42.94444444444444,,,,0.5634296264648437,,,,,,
72.94,43.0,,,,0.5691634864807129,,,,,,
72.96,43.05555555555556,,,,,,,,,0.39565980148315427,
72.99,43.111111111111114,,,,,,,0.36808850479125976,,,
73.0,43.22222222222222,,,1.7979052085876464,,,,,,,
73.01,43.22222222222222,,,,,,,,0.4197561378479004,,
73.05,43.27777777777778,,,,,,,0.3738258285522461,,,
73.1,43.333333333333336,,,,,,,,,0.40138669204711913,
73.16,43.388888888888886,,,,,,2.9823931503295897,,,,
73.23,43.5,,3.034814548492432,,,,,0.3795616645812988,,,
73.28,43.611111111111114,,,,,,2.9881290893554686,,,,
73.3,43.611111111111114,0.5512577857971191,,,,,,,,,
73.31,43.72222222222222,,,1.8036230506896973,,,,,,,
73.34,43.77777777777778,,,1.8093634033203125,,,,,,,
73.35,43.77777777777778,,,,,,,,0.42553718948364255,,
73.47,43.888888888888886,,,,0.5748806762695313,,2.9938854217529296,,,,
73.48,43.94444444444445,,,,0.5805810546875,,,,,,
73.5,44.05555555555555,,,,,,2.9996235084533693,,,,
73.55,44.05555555555555,,3.040501453399658,,,,,,,,
73.6,44.111111111111114,,,1.8151233253479004,,,,,,,
73.64,44.22222222222222,0.556969123840332,,,,,,,,,
73.65,44.22222222222222,,3.0462304534912112,,,,,,,,
73.73,44.27777777777778,,3.0519810752868652,,,,,,,,
73.77,44.333333333333336,,,,,,,,,,1.4958247413635253
73.78,44.388888888888886,,,,,,3.005328601837158,,,,
73.93,44.44444444444444,,,,0.5863310661315918,,,,,,
73.99,44.55555555555556,,,,,,3.0110711364746092,,,,
74.02,44.611111111111114,,3.057692306518555,,,,,,,,
74.04,44.666666666666664,,,,,2.991222789764404,,,,,
74.17,44.72222222222222,,,,0.5920596466064453,,,,,,
74.21,44.72222222222222,,,,,,3.0168665237426757,,,,
74.35,44.77777777777778,,,,,,3.022611530303955,,,,
74.36,44.888888888888886,,,,,2.9969251861572266,,,,,
74.42,44.94444444444444,,3.063408164978027,,,,,,,,
74.49,44.94444444444444,,,,0.5978143501281739,,,,,,
74.54,45.0,,,,,,,0.3854056816101074,,,
74.78,45.111111111111114,,,,,,,0.39115316772460934,,,
75.02,45.166666666666664,,3.069156478881836,,,,,,,,
75.04,45.166666666666664,,,,,,3.0283020477294924,,,,
75.05,45.27777777777778,0.5627127113342285,,,,,,,,,
75.06,45.27777777777778,,,,,,,0.3968845977783203,,,
75.17,45.38888888888889,,,1.8208118782043456,,,,,,,
75.21,45.44444444444444,,,,,,,,,,1.50724556350708
75.38,45.44444444444444,,,,,,3.0340437202453616,,,,
75.42,45.5,,,1.8266023521423342,,,,,,,
75.47,45.55555555555556,,,,0.6035710716247559,,,,,,
75.59,45.666666666666664,,,,,,,,,,1.5186846809387207
75.69,45.72222222222222,,3.074882423400879,,,3.002631603240967,,,,,
75.7,45.83333333333333,0.5686556358337402,,,,,,,,,
75.75,45.88888888888889,0.5743981056213379,,,,,,,,,
75.76,45.88888888888889,,,,,,,,0.43125430297851564,,
75.8,45.94444444444444,,,,,3.0083782005310056,,,,,
75.88,46.0,,,,0.6092780952453614,,,,,,
75.92,46.05555555555556,,,,,,3.0397660064697263,,,,
75.93,46.166666666666664,,3.080640140533447,,,,,,,,
75.95,46.22222222222222,,,,0.6150146598815919,,,,,,
75.98,46.27777777777778,,,,,,,0.4026006126403809,,,1.5301642570495606
76.0,46.33333333333333,,,,,3.0141109657287597,,,,,
76.03,46.44444444444444,,,,,3.019807373046875,,,,,
76.07,46.5,,,,,,,,,,1.5394557075500488
76.17,46.55555555555556,,,,,,,,0.4369831619262695,,
76.18,46.666666666666664,0.580095058441162,,,,,3.0455060882568357,,,,
76.23,46.72222222222222,,,,0.6207467842102051,,,,,,
76.28,46.77777777777778,,,,,3.0254929695129396,,,,,
76.39,46.77777777777778,,,,,3.0313590431213377,,,,,
76.5,46.833333333333336,,,,,3.037070491790771,,,,,
76.54,46.94444444444444,,,,,,,,,,1.548740077972412
76.6,46.94444444444444,,3.0863743743896483,,,,,,,,
76.72,47.0,0.5858041496276856,,,,,,,,,
76.73,47.05555555555556,,,,,,,0.40828662109375,,,
76.77,47.16666666666667,,,,,,3.051278400421143,,,,
76.84,47.22222222222222,0.5915323829650878,,,,,,0.4129387016296387,,,
76.85,47.27777777777778,,,,,3.0428009490966796,,,,,
76.88,47.333333333333336,,,,,,,,0.4428056640625,,
76.95,47.38888888888889,,,,,,3.056912033081055,,,,
76.99,47.44444444444444,,,,,,,,,,1.5602124519348144
77.0,47.55555555555556,,,1.8323347702026367,,,,,,0.40711958312988283,
77.02,47.66666666666667,,,,,3.0485198936462403,,,,,
77.07,47.72222222222222,,,,,,,,0.44850728607177737,,
77.18,47.77777777777778,,,,,,3.0626512413024902,,,,
77.28,47.833333333333336,,,1.838025821685791,,,,,,,1.5716281623840331
77.39,47.94444444444444,,,,,3.0542559127807616,,,,,
77.4,47.94444444444444,,,,,3.059915428161621,,,,,
77.47,48.05555555555556,0.596180908203125,,,,,,,,,
77.49,48.11111111111111,0.6019300880432129,,,,,,,,,
77.5,48.22222222222222,0.6076653861999513,,,,,,,,,
77.52,48.22222222222222,,,,,,,,,0.41281689834594726,
77.54,48.27777777777777,,,,,3.0656131706237795,,,0.4542135009765625,,
77.68,48.333333333333336,,3.0921376037597654,,,,,,,,
77.71,48.44444444444444,,,,0.6253867378234863,3.07133625793457,,,,,
77.79,48.5,,,1.8437992362976072,,,,,,,
77.8,48.61111111111111,,,,,,,,,0.41853438568115237,
77.93,48.66666666666667,0.6191464347839355,,,,,,,,,
78.03,48.77777777777778,,3.0978780632019043,,,,,,,,
78.06,48.888888888888886,0.6248910903930663,,,,3.077067672729492,,,,,
78.16,48.94444444444444,,3.1035941162109375,,0.6311258277893066,,,,,,
78.18,49.111111111111114,,,1.8495437088012694,0.6368686714172362,,,,,,
78.25,49.166666666666664,,,,,,3.0683600883483884,,,,
78.3,49.22222222222222,,,,,,,,0.45990174865722655,,
78.32,49.27777777777778,,3.109295120239258,,,,,,,,
78.55,49.27777777777778,,,,,,,,0.4656424026489258,,
78.6,49.388888888888886,,,1.8552284469604492,,,,,,,
78.85,49.44444444444444,0.6306053771972656,,,,,,,,,
78.87,49.44444444444444,,,,,,,,,0.4242576293945312,
78.98,49.5,,,,,,3.074078540802002,,,,
79.01,49.55555555555556,,3.113948558807373,,,,,,,,
79.03,49.666666666666664,,,,,,3.0798326568603516,,,,
79.1,49.666666666666664,,,,,,,,0.4714485969543457,,
79.38,49.72222222222222,,,1.8609447402954102,,,,,,,
79.41,49.833333333333336,,,,,,,,,0.4299585456848144,
79.46,49.833333333333336,,,1.866640068054199,,,,,,,
79.5,49.888888888888886,,,,0.6426878128051758,,,,,,
79.52,50.0,,,,,3.0827733726501467,,,,,
79.54,50.0,,,1.8723566665649414,,,,,,,
79.59,50.05555555555555,,,,,,3.084548915863037,,,,
79.63,50.11111111111111,,,,,,3.0902616996765135,,,,
79.64,50.16666666666667,,,1.877000747680664,,,,,,,
79.65,50.22222222222222,,,,0.6484199714660644,,,,,,
79.75,50.27777777777778,,3.119909973144531,,,3.0874212417602536,,,,,
79.85,50.38888888888889,,,1.8826707725524903,,,,,,,
79.87,50.5,,,,,,,0.41865191650390626,,,
79.89,50.55555555555556,,,,,,3.0959706001281737,,,,
79.92,50.55555555555556,,,,0.6541704750061035,,,,,,
79.93,50.61111111111111,,,1.888393581390381,,,,,,,
79.99,50.72222222222222,0.6363412094116211,,1.8940689659118652,,,,,,,
80.0,50.77777777777778,,,,,,,,,0.4346045875549316,
80.06,50.888888888888886,,3.1256226425170897,,,,,,,,
80.11,50.94444444444445,,,,0.6588509559631348,,,,,,
80.14,51.0,0.6420732917785644,,,,,,,,,
80.17,51.05555555555556,,,,0.664576717376709,,,,,,
80.27,51.05555555555556,,3.131387870788574,,,,,,,,
80.3,51.16666666666667,,,,,,,,0.47720896911621097,,
80.35,51.16666666666667,,,,,,,0.42333442687988276,,,
80.36,51.22222222222222,,,1.8997825889587403,,,,,,,
80.42,51.33333333333333,,,,,,,,,,1.5830807533264162
80.48,51.33333333333333,,3.1371478347778323,,,,,,,,
80.53,51.388888888888886,,,1.9055209312438963,,,,,,,
80.55,51.5,0.6477946968078613,,,,,3.101694129943848,,,,
80.59,51.61111111111111,,,,,,,,,,1.5944606437683104
80.66,51.66666666666667,,,,,,,,0.4819133071899414,,
80.73,51.72222222222223,,,,0.6702821578979492,,,,,,
80.74,51.77777777777778,,,,,,,,,,1.6058680229187012
80.76,51.83333333333333,,3.1428684005737306,,,,,0.42907711791992187,,,
80.96,51.94444444444445,,,,0.6760140190124512,,,,,,
81.0,52.0,,,,,,3.1074317169189456,,0.4876402854919434,,
81.1,52.05555555555556,,,,,,,,,0.4403190650939941,
81.15,52.166666666666664,,,1.911259307861328,,,,,,,
81.26,52.22222222222223,,,,,3.093150680541992,,,0.493450439453125,,
81.28,52.27777777777778,,,,,3.0988749504089355,,,,,
81.31,52.33333333333333,,,,,,,,,,1.6172398872375489
81.34,52.44444444444445,0.653524829864502,,,,,,,,,
81.38,52.5,,,,,,,,,,1.6287525444030762
81.39,52.55555555555556,,,,,,,0.4347876510620117,,,
81.5,52.666666666666664,,,,,3.1045851593017577,3.1131738510131837,,,,
81.79,52.666666666666664,,3.148550121307373,,,,,,,,
81.85,52.72222222222223,,,,,,3.117890193939209,,,,
81.93,52.83333333333333,,,,,3.1102910690307617,,,,,
81.98,52.888888888888886,,,,,,3.1237127075195312,,,,
82.07,52.94444444444445,,,,0.681779598236084,,,,,,
82.18,52.94444444444445,,,1.9169818725585936,,,,,,,
82.19,53.0,,,1.9226844520568849,,,,,,,
82.23,53.166666666666664,0.6592744026184082,,,,,,,,,1.6380106315612792
82.3,53.166666666666664,0.6649975891113281,,,,,,,,,
82.35,53.22222222222223,,,,0.6875274925231933,,,,,,
82.44,53.27777777777778,,3.154289249420166,,,,3.128417957305908,,,,
82.48,53.55555555555556,,,,,,,0.4405013847351074,,0.4460445594787598,
82.49,53.55555555555556,,3.1600083122253415,,,3.115971519470215,,,,,
82.51,53.666666666666664,,,,,3.1216974143981933,,,,,
82.53,53.666666666666664,,3.165737476348877,,0.6932826614379882,,,,,,
82.74,53.77777777777778,,,,,,,,,,1.6494972419738767
82.78,53.833333333333336,,3.171462230682373,,,,,,,,
82.84,53.94444444444444,0.6706725425720215,,,,,,,,,
82.86,53.94444444444444,,,,,3.126338123321533,,,,,
82.87,54.05555555555556,,,,,,3.1330139503479,,,,
82.88,54.11111111111111,,,,,3.1324023513793944,,,,,
82.92,54.166666666666664,,,,0.6993547325134277,,,,,,
82.94,54.166666666666664,,,,,,,0.4466137657165527,,,
82.97,54.22222222222223,,,,,3.138107177734375,,,,,
83.03,54.27777777777778,,,,0.7039819221496582,,,,,,
83.07,54.388888888888886,,,,,,,,,0.4521374549865722,
83.18,54.388888888888886,,,,,3.1438085784912113,,,,,
83.22,54.50000000000001,,,,,,,,0.4984594078063965,,
83.26,54.50000000000001,,,,,,,0.45234113693237304,0.5041940498352051,,
83.28,54.666666666666664,,,,,,,,,0.4578201560974121,
83.4,54.72222222222223,,,,,,,0.4580283851623535,0.509911605834961,,
83.46,54.77777777777778,0.6767489967346192,,,,,,,,,
83.48,54.833333333333336,,3.1808307228088375,,,,,,,,
83.63,54.888888888888886,0.682462387084961,,,,,,,,,
83.67,55.00000000000001,,,,,,,,,0.46350696945190434,
83.72,55.00000000000001,,,,,,,,,,1.6555725479125976
83.74,55.111111111111114,,,,,,,0.4637622451782226,,,
83.78,55.166666666666664,,,,,,,,,,1.6602233695983886
83.85,55.222222222222214,,3.192375675201416,,,,3.1391220703125002,,,,
83.93,55.333333333333336,,3.2037588844299316,,,,,,,,
84.0,55.388888888888886,,,,,,,0.4694891357421875,,0.4692442932128906,
84.05,55.50000000000001,0.6881650733947754,,,,,,,,,
84.1,55.55555555555556,,,,,,3.14484211730957,,,,
84.15,55.55555555555556,0.6939009094238282,,,,,,,,,
84.19,55.611111111111114,,,,,,,,,0.47498023223876956,
84.2,55.666666666666664,,,,,,,,0.5156663360595704,,
84.25,55.722222222222214,,,,,3.149526420593262,,,,,
84.26,55.77777777777778,,,,0.7097222747802734,,,,,,
84.34,55.833333333333336,,,,,,,,,,1.666004421234131
84.39,55.888888888888886,,,,,,,,,,1.6717216110229491
84.47,56.00000000000001,,,1.9288042678833008,,,,,,,
84.54,56.00000000000001,,3.2151596412658687,,,,,,,,
84.55,56.111111111111114,,,,,,3.1505802040100095,,,,
84.57,56.166666666666664,,,1.9344911727905274,,,,,,,
84.61,56.222222222222214,0.699660831451416,,,,,,,,,
84.64,56.222222222222214,0.7053721694946289,,,,,,,,,
84.75,56.277777777777786,0.7111011695861816,,,,,,,,,
84.8,56.333333333333336,,,,,,,,,0.4807308540344239,
84.81,56.44444444444444,,3.226569828033447,1.9402168769836425,,,,,,,
84.95,56.49999999999999,,,,0.7154722862243652,,,,,0.486473388671875,
85.0,56.72222222222222,,,,,3.155237964630127,,,,,1.6774328422546387
85.01,56.72222222222222,,3.2380269889831546,,,,,,,,
85.09,56.833333333333336,,,,,,,,0.5214617233276367,,
85.1,56.833333333333336,,,,,,,,,0.4921757850646973,
85.2,56.94444444444444,,,1.9459618835449217,,,3.1562960624694822,,,,
85.22,56.99999999999999,,,,,,,,,0.4979304885864258,
85.28,57.111111111111114,,,1.9518059005737305,,,,,,,
85.42,57.166666666666664,,,,0.7212206001281738,,3.162043548583984,,,,
85.45,57.277777777777786,0.7167916870117187,,,,,,,,,
85.7,57.277777777777786,0.7225352745056152,,,,,,,,,
85.72,57.333333333333336,,,,,,,,0.5271931533813476,,
85.86,57.388888888888886,,,,,,,,,,1.6831213951110842
85.94,57.49999999999999,,,,,,,0.47519954681396487,,,
86.05,57.55555555555556,,,1.9575475730895995,,,,,,,
86.13,57.55555555555556,,,1.9633380470275879,,,,,,,
86.17,57.666666666666664,,,,,,3.1678002700805665,,,,
86.25,57.72222222222222,,,,,,3.173519828796387,,,,
86.26,57.77777777777777,,,,0.7269270172119141,,,,,,
86.29,57.833333333333336,,,,,,3.17924577331543,,,,
86.31,57.833333333333336,,,,0.7328699417114258,,,,,,
86.38,57.88888888888889,,,,,,,,,0.5036729583740235,
86.47,57.99999999999999,,,1.969055160522461,,,,,,,
86.5,58.05555555555556,,,,,,,0.48665316772460937,,,
86.51,58.111111111111114,,,,,,3.1849680595397953,,,,
86.57,58.166666666666664,,,,0.7386276588439942,,,,,,
86.59,58.22222222222222,,3.2495001182556154,,,,,,,,
86.8,58.27777777777777,0.7282750625610351,,,,,,,,,
86.87,58.333333333333336,,,,0.7443436737060547,,,,,,
86.88,58.38888888888889,,,,,,3.190700824737549,,,,
86.9,58.5,,,,,3.160934371948242,,,,,
86.91,58.55555555555556,,,,,3.1655800971984864,,,,,
86.92,58.611111111111114,,,,,,,0.49238202667236325,,,
86.93,58.666666666666664,,,,,,,,,,1.6888183479309082
86.94,58.666666666666664,,,,,3.1713201789855954,,,,,
86.97,58.72222222222222,,,,,3.1770523033142086,,,,,
87.02,58.833333333333336,,,,,,,,,,1.6945039443969727
87.04,58.88888888888889,,,,,,3.1965668983459468,,,,
87.14,58.94444444444444,,,,,,,,0.5329046020507812,,
87.18,58.94444444444444,,,1.974789394378662,,,,0.4970242118835449,,,
87.23,59.111111111111114,,,,0.7500527648925781,,,,,,
87.25,59.27777777777777,,3.2610447425842284,,,3.182738311767578,,,,0.5083250389099121,
87.34,59.333333333333336,,,,0.7557832221984864,,3.20229513168335,,,,
87.37,59.38888888888889,,3.272689746856689,,,3.18837194442749,,,,,
87.38,59.55555555555555,,,,,,3.2080313186645513,,,,
87.4,59.55555555555555,,,,,,,,,0.5140579299926759,
87.52,59.611111111111114,,,,,,3.2137637367248533,,,,
87.54,59.77777777777777,,3.284092990875244,,,3.194090888977051,,,,,
87.66,59.77777777777777,,,,,3.199830097198486,,,,,
87.72,59.88888888888889,,,,,,,,,,1.700211799621582
87.75,59.94444444444444,,,,0.7614742736816407,,,,,,
87.79,59.94444444444444,,,,,3.205566116333008,,,,,
87.84,60.05555555555555,,,1.9804489097595215,,,,,,,
87.88,60.05555555555555,0.7329235877990723,,,,,,,,,
87.93,60.16666666666667,0.7386727676391601,,,,,,,,,
87.97,60.22222222222222,,,,,,,,0.5386399002075195,,
87.99,60.22222222222222,,,,,3.2112634315490727,,,,,1.7059180145263673
88.0,60.38888888888889,,,,,,,,,,1.7116157569885253
88.12,60.38888888888889,0.7444359970092773,,,,,,,,,
88.18,60.44444444444444,,,,,,,,0.5432798538208008,,
88.26,60.5,,,,,,,,,0.5197810173034668,
88.45,60.611111111111114,,,,0.767247688293457,,,,0.5489973411560058,,
88.48,60.72222222222222,,,,,3.2169869079589843,,,0.5547549133300782,,
88.54,60.77777777777777,,,,,,,,,,1.7173562164306642
88.57,60.83333333333333,,,,0.7729923439025879,,,,,,
88.64,60.94444444444444,,,,0.7787237586975098,,,,,,
88.69,60.94444444444444,,,,0.784439811706543,,,,,,
88.75,61.05555555555555,,,1.9861879997253418,,,,,,,
88.82,61.05555555555555,,3.295581935882568,,,,,,,,
88.87,61.111111111111114,,,1.9919308433532714,,,,,,,
88.96,61.16666666666667,,,,,,,,0.5604637603759766,,
88.99,61.22222222222222,0.7501242446899414,,,,,,,,,
89.01,61.33333333333333,,,,0.7901408157348633,,,,,,
89.02,61.38888888888889,,,,,,,0.5027648658752442,,,
89.07,61.44444444444444,,3.306951412200928,,,,,,,,
89.12,61.5,,,,,,,,0.5661780471801758,,
89.18,61.5,,,,,,,,,0.5255042610168457,
89.21,61.55555555555555,,3.318388317108154,,,,,,,,
89.26,61.611111111111114,,,,,,3.2184171752929687,,,,
89.38,61.66666666666667,,,,,,,0.5085189819335937,,,
89.44,61.72222222222222,,,,,,,0.5143251762390136,,,
89.48,61.83333333333333,0.7558405380249023,,,,,,,,,
89.53,61.83333333333333,,,,,,,,,,1.7230571327209472
89.54,61.94444444444444,,3.3297789726257325,,,,,,,,
89.6,61.94444444444444,,,,,,,,,,1.7288762741088866
89.64,62.05555555555555,,3.341190372467041,,,,,,,,
89.66,62.11111111111111,,,,,,3.224133773803711,,,,
89.71,62.11111111111111,,,,,3.22170316696167,,,,,
89.75,62.16666666666667,0.7615533218383789,,,,,,,,,
89.76,62.27777777777778,,,,,,3.228777854919434,,,,
89.79,62.33333333333333,,,,,,,,,0.5312364196777344,
89.94,62.33333333333333,,,,,,,,,,1.733524143218994
89.96,62.44444444444445,,,,,,3.2347392692565915,,,,
89.99,62.5,,,1.9976008682250979,,,,,,,
90.03,62.5,,,,,,,,0.5718912620544434,,
90.1,62.55555555555555,,,,,,,,0.5776001625061036,,
90.15,62.66666666666667,0.7673038253784179,,,,,,,,,
90.18,62.66666666666667,0.7730266342163086,,,,,,,,,
90.22,62.77777777777778,,,2.003336700439453,,,,,,,
90.46,62.77777777777778,,3.35254114151001,,,,,,,,
90.52,62.83333333333333,,,,,,,,,,1.7381701850891114
90.57,62.94444444444445,,,,,,,0.5200378456115723,,,
90.67,62.94444444444445,,,2.008017181396484,,,,,,,
90.7,63.0,,,,,,,,,0.5369685020446777,
90.72,63.05555555555556,,,,,,,0.5257636070251465,,,
90.77,63.11111111111111,,,,,,,,0.5833653907775879,,
90.8,63.16666666666667,0.7787870063781738,,,,,,,,,
90.9,63.27777777777778,,,,,,3.2394217796325684,,,,
90.92,63.33333333333333,,,,0.7958544387817382,,,,,,
91.07,63.33333333333333,,,2.013743476867676,,,,,,,
91.2,63.388888888888886,0.7845469703674316,,,,,,,,,
91.25,63.44444444444445,,,,,,,,0.5891037330627441,,
91.27,63.55555555555556,,3.3639882011413573,,,,,,,,
91.28,63.61111111111111,,,2.019464881896973,,,,,,,
91.3,63.66666666666667,,,,,,,,0.5947936782836915,,
91.38,63.72222222222222,,,,,3.2264075050354,,,,,
91.39,63.77777777777778,,,2.025170322418213,,,,,,,
91.43,63.83333333333333,0.7959933509826661,,,,,,,,,
91.52,63.94444444444445,,,2.0308908882141115,,,,,,,
91.54,63.94444444444445,,,,,,,,0.6005255393981934,,
91.68,64.05555555555556,,,,,,3.245159366607666,,,,
91.7,64.05555555555556,,,,0.8015814170837403,,,,,,
91.79,64.11111111111111,,3.3754171562194824,,,,,,,0.5427068786621094,
91.81,64.22222222222223,,,2.042430480957031,,,,,,,
91.86,64.38888888888889,,,,,,3.2508836364746094,,,,
91.88,64.38888888888889,,,,,,,0.5314495391845703,,,
91.91,64.5,,,,,,3.2566137695312496,,,,
92.02,64.55555555555556,0.8017496795654296,,,,,,,,,
92.07,64.55555555555556,,,,0.80729195022583,,,,,,
92.11,64.66666666666666,,,,,,,,,,1.7438803939819336
92.18,64.66666666666666,,,,,,3.2623559036254886,,,,
92.25,64.72222222222223,,3.386780597686768,,,,,,,,
92.38,64.77777777777777,,,,,3.2311238479614257,,,,,
92.44,64.83333333333333,,,,,,,,,,1.7495863037109376
92.52,64.88888888888889,,,,,3.236946361541748,,,,,
92.55,64.94444444444444,,,,,3.242711940765381,,,,,
92.57,65.0,0.8074722442626954,,,,,,,,,
92.63,65.05555555555556,,,,,,3.268058483123779,,,,
92.66,65.11111111111111,,,,,,,,0.6062751121520996,,
92.7,65.16666666666666,,,,,3.2473409843444823,,,,,
92.78,65.22222222222223,,,2.0481536674499514,,,,,,,
92.8,65.33333333333333,,,,,,3.2738063774108888,,,,
92.82,65.38888888888889,,,,,3.252046234130859,,,,,
92.87,65.44444444444444,,,2.053892795562744,0.8129724006652832,,3.279520111083984,,,,
92.9,65.55555555555556,,,,0.8186978950500489,,,,,,
92.92,65.61111111111111,,,,,,,,,,1.7553053665161134
92.94,65.72222222222223,,3.3982323875427247,,,,,,,,
92.98,65.72222222222223,,,,,,,,0.6120042762756348,,
93.03,65.83333333333333,,,,,3.2578014030456544,,,,,
93.05,65.88888888888889,,,,,,,0.5371928443908691,,,
93.15,65.88888888888889,,,,,,,,,0.5484316329956055,
93.19,65.94444444444444,,,2.0595677490234374,,,,,,,
93.25,66.05555555555556,0.8121129531860352,,,,,,,,,
93.26,66.11111111111111,,,,,3.2623973960876462,,,,,
93.28,66.16666666666666,,3.404296615600586,,,,,,,,
93.29,66.22222222222223,,,,0.8247699661254884,,,,,,
93.3,66.22222222222223,,,,0.8305188636779784,,,,,,
93.39,66.27777777777779,,,2.064194938659668,,3.273807048797608,,,,,
93.4,66.38888888888889,,,2.064558422088623,,,,,,,
93.5,66.5,0.8182058486938476,,,,,,,0.6180691604614258,,
93.55,66.55555555555556,,,,0.835164348602295,,,,,,
93.57,66.61111111111111,,3.4100312576293943,,,,,,,,
93.59,66.61111111111111,,,,,3.2852617912292477,,,,,
93.75,66.72222222222223,,,,,,3.28557084274292,,,,1.7613515510559081
93.76,66.83333333333333,,,,,,,,,,1.767069107055664
94.01,66.88888888888889,,,,,,3.291283813476562,,,,
94.02,67.05555555555556,,,2.069242668151855,,3.2966885719299315,3.296970626831055,,,,
94.03,67.11111111111111,,,,,,,0.5432681503295899,,,
94.06,67.11111111111111,,,,,,,,,0.5545289764404296,
94.09,67.22222222222223,,3.414682079315186,,,,,,,,
94.1,67.27777777777779,,,,0.840936824798584,,,,,,
94.12,67.27777777777779,,,2.0749873046875,,,,,,,
94.17,67.38888888888889,,,,,3.3080717811584477,,,,,
94.24,67.38888888888889,,3.420419403076172,,,,,,,,1.7727959976196288
94.37,67.5,0.8239085350036621,,,,,,,,,
94.39,67.55555555555556,,,,0.8466568717956542,,,,,,
94.4,67.61111111111111,,,2.0807231407165525,,,,,,,
94.49,67.72222222222221,0.829644474029541,,,,,,,,,
94.53,67.77777777777779,,,,0.8524116020202637,,,,,,
94.57,67.83333333333333,,,,,,,,0.6237870025634765,,
94.62,67.88888888888889,,,,,,,,,,1.778536350250244
94.66,67.88888888888889,,,,0.8581926536560058,,,,,,
94.71,68.0,,,,,,3.302687816619873,,,,
94.81,68.0,,,,,,,,,,1.7842926826477052
95.02,68.05555555555556,,,,,,3.3083881950378418,,,,
95.06,68.16666666666666,,,,0.8638795585632325,3.3195479545593267,,,,,
95.11,68.27777777777779,0.8354043960571289,,,,,,,,,
95.12,68.27777777777779,,,,,,3.3140995330810545,,,,
95.16,68.38888888888889,,,,0.8696085586547851,,,,,,
95.19,68.44444444444444,,,,0.8753342628479004,,,,,,1.7900433044433592
95.27,68.55555555555556,,,,,,,0.5490181617736817,0.6294920959472656,,
95.37,68.66666666666667,,,,,,3.319842067718506,,,,
95.44,68.66666666666667,,,,0.8810454940795899,,,,,,
95.47,68.72222222222221,,,,,,3.325553611755371,,,,
95.53,68.77777777777779,,3.426147983551026,,,,,,,,
95.59,68.83333333333333,,,,,,,,,,1.795838691711426
95.75,68.94444444444444,,3.4318503799438473,,,,,,,,
95.81,69.0,,,,,,,,,0.5602739830017089,
95.86,69.0,,,,,3.3309796714782713,,,,,
95.95,69.11111111111111,,3.443449100494385,,,,,,,,
95.98,69.22222222222221,,3.4491965866088865,,,,,,,,
96.0,69.33333333333334,,,2.0864714546203613,,,,,,,1.801529209136963
96.13,69.33333333333334,,3.4549280166625977,,,,,0.5547617492675782,,,
96.17,69.5,0.8410929489135741,,,,,,,,,
96.22,69.5,,,,,,,,,,1.8072396202087404
96.25,69.61111111111111,,3.4606696891784665,,,,,,,,
96.42,69.61111111111111,0.8468834228515625,,,,,,,,,
96.43,69.72222222222221,,,,,,3.331310333251953,,,,
96.5,69.83333333333334,,,,,,,,0.6351985130310058,0.5659935417175294,
96.53,69.83333333333334,,,,,,,0.5604876937866211,,,
96.62,69.88888888888889,,,,,,,0.5664306182861328,,,
96.75,70.05555555555556,0.8526005363464355,,,,,,0.5721730880737305,,,
96.77,70.11111111111111,0.8583471336364745,,,,,,,,,
96.85,70.16666666666667,,,,,3.342393718719482,,,,,
96.91,70.16666666666667,,,,,3.353838291168213,,,,,
96.99,70.27777777777777,0.864104850769043,,,,,,,,,
97.18,70.33333333333334,,,,,,3.3370468978881838,,,,
97.2,70.33333333333334,,,,,3.365317867279053,,,,,
97.27,70.44444444444444,,,,,3.3767498970031737,,,,,
97.4,70.44444444444444,,,,,,3.3427796630859374,,,,
97.45,70.5,,,,,,3.348476070404053,,,,
97.57,70.61111111111111,,,,,,,0.5768188133239747,,,
97.59,70.61111111111111,0.8698337097167969,,,,,,,,,
97.66,70.66666666666667,,,,,,,0.5825157661437989,,,
97.7,70.83333333333334,,,,,,,,,0.5717256660461425,1.8129797019958496
97.72,70.88888888888889,,,,0.8867310905456542,,,,,,
97.74,70.88888888888889,,,,,,3.354342144012451,,,,
97.75,71.0,0.8755451583862305,,,,,,,,,
97.76,71.05555555555556,,,,,3.388218364715576,3.3589843292236328,,,,
97.87,71.16666666666667,0.8812542495727539,,,,,,,,,
97.88,71.16666666666667,,,,,,,,0.640884521484375,,
97.9,71.22222222222221,,,,,,3.364756641387939,,,,
97.91,71.27777777777777,,,,,,,,,0.5763777465820312,
97.96,71.33333333333334,,,2.092199687957764,,,,,,,
97.98,71.38888888888889,,,,0.8924615478515625,,,,,,
98.03,71.55555555555554,,,,,3.399863368988037,,,,0.5820113792419433,
98.05,71.55555555555554,,,,,,3.3704928283691404,,,,
98.07,71.61111111111111,,,,,3.4113291511535646,,,,,
98.1,71.72222222222221,,3.4664021072387694,2.0979186325073242,,,,,,,
98.12,71.83333333333334,,,,,,,0.5882173881530761,,,
98.13,71.83333333333334,0.8869934577941895,,,,,,,,,
98.3,71.88888888888889,,,,0.8981694030761718,,,,,,
98.35,71.94444444444444,,,2.1036096839904785,,,,,,,
98.36,72.05555555555556,,,2.109345703125,,,,,,,
98.49,72.11111111111111,,,,,,3.3761523437500003,,,,
98.52,72.16666666666667,,3.471050632476807,,,,,,,,
98.59,72.16666666666667,,,,0.9039185829162598,,,,,,
98.67,72.22222222222221,,,2.1150810012817383,,,,,,,
98.7,72.33333333333334,0.8926907730102539,,,,,,,,,
98.72,72.38888888888889,,,,,,,,0.6465907363891602,,
98.77,72.38888888888889,,,2.1207787437438967,,,,,,,
98.87,72.44444444444444,,3.476813861846924,,,,,,,,
98.89,72.55555555555556,,,,,3.420609058380127,,,,,
98.92,72.61111111111111,,,,,3.4320552330017087,,,,,
98.95,72.66666666666667,,,,,,,0.5939908027648926,,,
98.96,72.66666666666667,,,,,,,,,0.5877288665771484,
98.99,72.72222222222223,0.8984142494201661,,,,,,,,,
99.02,72.83333333333334,,,,0.909676155090332,,,,,,
99.13,72.88888888888889,,,,,,,,,,1.8187201614379884
99.18,72.94444444444444,,,,,3.443544544219971,,0.5997222175598145,,,
99.22,73.0,0.9041303024291992,,,,,,,,,
99.23,73.11111111111111,,,2.126517833709717,,,,,,,
99.25,73.11111111111111,,,,,,3.3818968162536622,,,,
99.27,73.22222222222223,0.9098391494750977,3.4825567054748534,,,,,,,,
99.38,73.27777777777777,,,2.1322060813903807,,,,,,,
99.42,73.38888888888889,,,,,,,,0.6522917404174804,,
99.43,73.44444444444444,,,2.13794673538208,,,,,,,
99.44,73.5,,,,,3.4549140205383297,,,,,
99.46,73.55555555555556,,,,0.9153904418945311,,,,,,
99.49,73.61111111111111,,3.4882799491882324,,,,,,,,
99.6,73.66666666666667,,,,,,,,0.6580101928710937,,
99.63,73.66666666666667,,3.4929333877563473,,,,,,,,
99.77,73.72222222222223,,,2.1437008514404297,,,,,,,
99.89,73.83333333333333,,,,,,,,,0.5935350608825684,
100.14,73.83333333333333,,,2.1494171447753905,,,,,,,
100.18,73.94444444444444,,,,,,3.3875977325439455,,,,
100.19,73.94444444444444,,,,,,,,,0.5992303886413575,
100.3,74.05555555555556,,,,,,,,0.6638293342590332,,
100.35,74.05555555555556,,,,0.9210961418151855,,,,,,
100.41,74.11111111111111,,,,,,,0.6054388160705566,,,
100.46,74.16666666666667,,,2.154133403778076,,,,,,,
100.52,74.22222222222223,,,,,,3.393310516357422,,,,
100.53,74.27777777777777,,,,,,3.3979545974731447,,,,
100.56,74.33333333333333,,,,,3.4663783378601076,,,,,
100.6,74.44444444444444,,,,0.925744010925293,,,,,,
100.63,74.5,,3.498894802093506,,,,,,,,
100.67,74.55555555555556,,,2.1598034286499024,,,,,,,
100.76,74.6111111111111,,3.5046080169677736,,,,,,,,
100.84,74.66666666666667,,,,,,,,,,1.8244290618896486
100.91,74.72222222222223,0.9155896530151367,,,,,,,,,
100.93,74.77777777777777,,,,,,,0.6111616249084473,,,
100.96,74.83333333333333,,3.5103438491821284,,,,,,,,
101.04,74.83333333333333,,,,,,,,,0.6049057731628418,
101.05,74.8888888888889,,,2.1644494705200192,,,,,,,
101.06,75.0,,,,0.9314566802978516,,,,,,
101.11,75.0,,,2.169129951477051,,,,,,,
101.18,75.05555555555556,,,,,,,,0.6695614166259766,,
101.2,75.1111111111111,,,,0.9371824417114257,,,,,,
101.35,75.22222222222223,,,2.174895179748535,,,,,,,
101.39,75.27777777777777,,,,0.942942813873291,,,,,,
101.46,75.27777777777777,,,,,,,,0.6742439270019531,,
101.56,75.33333333333333,,3.516057472229004,,,,,,,,
101.61,75.3888888888889,,,,,,,0.6168879203796387,,,
101.63,75.44444444444444,,,,,,,,,,1.830189025878906
101.65,75.55555555555556,,,,0.9486811561584473,,,,,,
101.76,75.66666666666667,,,2.180618709564209,0.9544025611877442,,,,,,
101.81,75.72222222222223,,,,0.9600925064086915,,,,,,
101.82,75.72222222222223,,,,0.9647968444824219,,,,,,
101.94,75.77777777777777,,,,,,3.403660037994385,,,,
101.96,75.88888888888889,0.9212933425903321,,,,,,,,,1.8359317169189455
102.0,75.94444444444444,,,,,,,,0.6799644927978515,,
102.26,76.0,,,,,3.4778420600891113,,,,,
102.27,76.05555555555556,,3.5217950592041016,,,,,,,,
102.29,76.11111111111111,,,,,,3.409387016296387,,,,
102.31,76.22222222222223,,3.527509536743164,,,,,,,,
102.35,76.27777777777777,,3.533247913360596,,,,,,,,
102.36,76.33333333333333,,3.538977352142334,,,,,,,,
102.45,76.38888888888889,,,,,3.4894623680114747,,,,,
102.49,76.38888888888889,,,,,,,,,,1.8416559867858888
102.5,76.5,,,,,,,0.6225738525390625,,,
102.53,76.5,,,,,,,0.6283039855957031,,,
102.56,76.61111111111111,,,,0.9705531730651855,,,,,,
102.61,76.61111111111111,,3.544687885284424,,,,,,,,
102.65,76.66666666666667,,,,,,3.4150972251892093,,,,
102.7,76.72222222222223,,3.5503696060180667,2.186360843658447,,,,,,,
102.74,76.83333333333333,,,,,3.510306873321533,,,,,
102.76,76.94444444444444,,,,,,3.420919738769531,,,,
102.85,77.0,,,,,,,0.634069564819336,,,
102.92,77.16666666666666,,,,,,3.4266223182678224,,0.6856870574951172,,
103.12,77.16666666666666,,,,,,3.4323718910217287,,,,
103.17,77.27777777777777,0.9270165290832519,,,,,,,0.6903161010742187,,1.847403881072998
103.25,77.38888888888889,,,,,,,,,0.6096110229492188,
103.27,77.5,,3.5561087341308593,,,,3.438085624694824,,,,
103.3,77.61111111111111,,,,,,3.4437660751342776,,,,
103.32,77.66666666666666,,,,,3.5217578620910643,,,,,
103.35,77.72222222222223,0.9327355918884277,,,,,,,,,
103.39,77.77777777777779,,3.561834629058838,,,,,,,,
103.43,77.77777777777779,0.9384647560119629,,,,,,,,,
103.49,77.83333333333333,,,,,,3.4495212440490723,,,,
103.51,77.94444444444444,,,,,3.533244472503662,,,,,
103.55,77.94444444444444,,,2.1920357971191406,,3.5446939811706546,,,,,
103.56,78.11111111111111,,,,,,,,0.6949568099975586,,
103.67,78.11111111111111,,,,,3.5538859672546383,,,,,
103.7,78.22222222222223,,,,,,,,,0.6156752510070801,
103.71,78.22222222222223,0.9445368270874024,,,,,,,,,
103.74,78.27777777777779,,,,,,,,,,1.8535162620544432
103.92,78.38888888888889,,,,,,3.460930896759033,,,,
104.0,78.44444444444444,,3.5668253021240237,,,,,,,,
104.1,78.5,,,,,,,,,0.6214046630859376,
104.15,78.5,0.9502382278442382,,,,,,,,,
104.3,78.61111111111111,,,,,,3.470221866607666,,,,
104.34,78.61111111111111,,,,,,,,,,1.8592509040832519
104.37,78.66666666666666,,,,,3.559976821899414,,,,,
104.43,78.77777777777779,,,,,3.565659523010254,,,,,
104.5,78.83333333333333,0.9559254760742187,,,,,,,,,
104.61,78.83333333333333,,,2.1981168365478516,,,,,,,
104.65,78.94444444444444,,,,,,3.481647808074951,,,,
104.67,78.94444444444444,0.9606097221374512,,,,,,,,,
104.68,79.0,,,,,3.571372913360596,,,,,
104.69,79.05555555555556,,,2.2038036499023437,,,,,,,
104.72,79.11111111111111,,,,0.9766284790039061,,,,,,
104.77,79.16666666666666,,,,,,3.49311552810669,,,,
104.82,79.22222222222223,0.9652605438232422,,,,,,,,,
104.93,79.33333333333333,,,,,3.577145389556885,,,,,1.8649955406188963
104.96,79.44444444444444,,,,0.982320083618164,,,,,,
104.99,79.44444444444444,,,,,,,,,0.6271419868469239,
105.05,79.55555555555556,0.970987434387207,,,,,,,,,
105.07,79.61111111111111,,,2.209523696899414,,,,,0.7010229797363281,,
105.11,79.72222222222223,,3.5725611381530764,,,,,,,,
105.13,79.77777777777779,,,,,,,,,,1.8707314796447754
105.21,79.77777777777779,,,,,3.5829001197814945,,,,,
105.25,79.88888888888889,,,2.2152415390014646,,,,,,,
105.26,79.94444444444444,,,,,,,,,,1.8764718322753906
105.36,79.94444444444444,,,,,,,,,0.632923038482666,
105.48,80.05555555555556,,,2.220958728790283,,,,,,,
105.52,80.11111111111111,,,,,,3.5046281929016114,,,,
105.61,80.11111111111111,,,,,,,,0.7067233581542969,,
105.63,80.16666666666666,0.9767255210876464,,,,,,,,,
105.65,80.22222222222221,,,,,,3.516002002716064,,,,
105.66,80.27777777777779,,,,,,,,,,1.8822317543029785
105.67,80.33333333333333,,,,,,,,,,1.8879430923461913
105.75,80.44444444444444,0.9824545211791993,,,,,,,,,
105.81,80.44444444444444,,,,,,,,0.7124739799499511,,
105.82,80.55555555555556,,,2.2266844329833986,,,,,,,
105.92,80.55555555555556,0.9881596145629883,,,,,,,,,
105.94,80.66666666666666,0.9939096260070801,,,,,,,,,
105.97,80.72222222222221,,,,0.9880626182556153,,,,,,
106.0,80.77777777777779,,,,0.9937738494873047,,,,,,
106.04,80.83333333333333,,,,0.99948539352417,,,,,,
106.13,80.88888888888889,,,,,,,0.6401616287231445,,,
106.16,80.94444444444444,,,2.2323868293762206,,3.588695507049561,3.527492015838623,,,,
106.17,81.05555555555556,,3.578276996612549,,,,,,,,
106.23,81.16666666666667,,,,1.0052400970458983,,,,,,
106.25,81.22222222222221,,,,,,,,0.7183179969787598,,
106.41,81.27777777777779,,,2.238134315490723,,,,,,,
106.42,81.27777777777779,,,,,,,,,0.6386713523864747,
106.46,81.33333333333333,,,2.2438248329162596,,,,,,,
106.74,81.38888888888889,,,,,,,,,,1.893686679840088
106.8,81.44444444444444,,,2.2495562629699704,,,,,,,
106.96,81.55555555555556,,,,1.0109286499023438,,,,,,
107.14,81.61111111111111,,,,,,,,,0.6443817634582519,
107.18,81.66666666666667,,,,,,,0.6459033012390137,,,
107.2,81.72222222222221,,,,,3.5944859809875487,,,,,
107.28,81.77777777777779,,,,1.016685371398926,,,,,,
107.29,81.88888888888889,,,,,,,,0.7240375556945801,,
107.3,81.88888888888889,,,,1.022391788482666,,,,,,
107.39,81.88888888888889,,,,,,,,,,1.8994126243591307
107.4,81.94444444444444,,3.5842199211120604,,,,,,,,
107.41,82.0,,,,,,,,,,1.9051550941467286
107.42,82.11111111111111,,,,,,,,0.7297546691894532,,
107.43,82.22222222222221,,,,,,3.5389852104187014,,,,
107.44,82.22222222222221,,3.589926944732666,,,,,,,,
107.5,82.27777777777779,,3.595649230957031,,,,,,,,
107.59,82.27777777777779,0.9996673431396483,,,,,,,,,
107.68,82.33333333333334,,,,,,,,,,1.910891658782959
107.78,82.44444444444444,,,,,,3.5504647865295413,,,,
107.89,82.5,,,,,3.6059347610473633,,,,,
107.91,82.61111111111111,,,,1.0280881958007813,,,,,,
107.96,82.66666666666667,,,,,,,,0.7344003944396973,,
108.01,82.72222222222221,,,,,,,,,0.6501106224060058,
108.02,82.77777777777777,,,,1.0337851486206056,,,,,,
108.16,82.77777777777777,,,,,,3.5619449501037597,,,,
108.21,82.83333333333334,1.0053994674682618,,,,,,,,,
108.23,82.88888888888889,,,,,3.611620357513428,,,,,
108.26,82.94444444444444,,,,,,3.5736770973205565,,,,
108.29,83.05555555555556,,3.600291416168213,,1.0394965972900392,,,,,,
108.31,83.16666666666667,,,,1.0452308311462404,,,,,,
108.32,83.22222222222221,,,,,,3.5850952796936038,,,,
108.39,83.22222222222221,,,,,3.617306365966797,,,,,
108.48,83.33333333333334,1.0111717796325683,,,,,,,,,
108.49,83.44444444444444,,,2.2542083435058595,,3.6230345993041992,,,,,
108.51,83.44444444444444,,,,,,,,,0.6558410797119141,
108.55,83.55555555555556,,,,1.0566869659423828,,,,,,
108.71,83.61111111111111,1.0169079666137695,,,,,,,,,
108.72,83.72222222222221,,,,1.0624198570251466,,3.596560115814209,,,,
108.78,83.83333333333334,,,,,,3.60799800491333,,,,
108.85,83.83333333333334,,,,,,,,,0.6615427017211915,
108.98,83.94444444444444,,,,,3.628773807525635,,,,,
109.0,84.0,,,,,3.634481662750244,,,,,
109.13,84.05555555555554,,3.605982467651367,,,,,,,,
109.14,84.16666666666667,,3.611641983032227,,,3.640217681884766,,,,,
109.22,84.22222222222221,,,,,,,,,0.6661912269592285,
109.28,84.27777777777777,,3.6173911628723148,,,,,,,,
109.29,84.33333333333334,,,,,,,,,,1.9166269569396974
109.42,84.38888888888889,,,2.259905658721924,,,3.6194104347229006,,,,
109.43,84.5,,3.623088905334473,,,,,,,,
109.45,84.5,,,,,,,0.6516665306091308,,,
109.47,84.61111111111111,,,,,,3.630856609344482,0.6563064842224121,,,
109.49,84.72222222222221,,3.628862319946289,,,,,,,,
109.5,84.83333333333334,,,2.265629135131836,,,,,0.7401178817749023,,
109.54,84.88888888888889,,,,1.0681774291992188,,,,,,
109.55,84.94444444444444,1.022648426055908,,,,,,,,,
109.67,85.0,,,,,,,0.662051139831543,,,
109.88,85.05555555555556,,,,,,,0.6677825546264649,,,
110.0,85.11111111111111,1.0283644790649413,,,,,,,,,
110.03,85.22222222222223,,3.6346067924499517,,,3.6459567718505856,,,,,
110.04,85.33333333333333,,3.6460584831237792,,,,,,,,
110.07,85.33333333333333,1.0340527267456054,,,,,,,,,
110.12,85.38888888888889,,,,,3.651657775878906,,,,,
110.2,85.5,,,,,,3.6423379173278807,,,,
110.23,85.66666666666667,1.0397670135498047,,2.271352378845215,,,,,0.745802619934082,,
110.39,85.66666666666667,,,,,,3.653774822235108,,,,
110.45,85.77777777777777,,,,,3.6563112144470216,,,,,
110.57,85.83333333333333,,,,1.0739315452575682,,,,,,
110.67,85.83333333333333,,,,,,,0.6735887489318848,,,
110.7,85.94444444444444,,,,1.0796478385925294,,,,,,
110.75,86.0,,,,,,,,,0.6718921432495117,
110.86,86.05555555555556,1.0454623413085937,,,,3.662130355834961,,,,,
110.88,86.16666666666667,,,,,,,,,0.677597843170166,
110.93,86.16666666666667,,,,,,3.6652080192565917,,,,
110.95,86.27777777777777,,,,,,,0.6783050079345704,,,
111.03,86.27777777777777,,,,,,3.676633586883545,,,,
111.11,86.38888888888889,1.0501064224243164,,,,,,,,,
111.21,86.38888888888889,,,,1.085379997253418,,,,,,
111.3,86.5,,,,,,,0.6829528770446778,,,
111.35,86.55555555555556,,,,,,,,,0.6835592575073243,
111.36,86.61111111111111,,,2.2770224037170412,,,,,,,
111.38,86.66666666666667,,,,,,,,,,1.922340171813965
111.42,86.72222222222223,,3.65176738357544,,,,,,,,
111.64,86.77777777777777,,,,,3.667880859375,,,,,
111.67,86.8888888888889,1.055829231262207,,,1.0911158294677734,,,,,,
111.71,86.94444444444444,,,,1.0967912139892577,,,,,,
111.75,86.94444444444444,,,,,,3.685925670623779,,,,
111.82,87.1111111111111,,,2.2817028846740723,,,,,0.7515152893066406,,
111.84,87.16666666666667,,3.657499465942383,,,,,,,,
111.87,87.27777777777777,,3.663264694213867,2.2874286460876467,,,,,,,
111.92,87.33333333333333,,,,,,,,,,1.9281005439758299
111.97,87.3888888888889,,,,,,,,0.7561977996826172,,
112.06,87.3888888888889,,,2.2931422691345213,,,,,,,
112.07,87.5,,,2.298868564605713,,,,,,,
112.14,87.55555555555556,1.0615891952514647,,,,,,,,,
112.16,87.66666666666667,,,,1.1025147438049316,3.673619201660156,,,,,
112.18,87.72222222222223,,,,,,,,,,1.9338219490051272
112.31,87.77777777777777,1.0672791404724122,,,,,,,,,
112.35,87.83333333333333,,,,,,,,0.7609021377563476,,
112.41,87.83333333333333,,,2.304574005126953,,,,,,,
112.53,87.94444444444444,,,,,,,,,,1.9395256385803221
112.67,88.0,,,2.3103166961669923,,,,,,,
112.72,88.05555555555556,,,,,,,,0.7666227035522462,,
112.8,88.1111111111111,,,,,,,,0.772354564666748,,
112.86,88.22222222222223,,,2.31605428314209,,3.6793461799621583,,,,,
112.99,88.33333333333333,,,,1.1082531204223633,,3.6973546257019043,,,,
113.02,88.44444444444444,1.0730085792541504,,2.3218644371032715,,,,,,,
113.06,88.5,,,2.327588706970215,,,,,,,
113.11,88.5,,,,,,,0.6886388092041016,,,
113.29,88.61111111111111,,,,,,,,,,1.945255771636963
113.32,88.66666666666667,,,,,,3.708867282867432,,,,
113.34,88.66666666666667,,,,,,,,,0.6892697906494141,
113.41,88.77777777777777,,,,,3.6850563888549805,,,,,
113.52,88.83333333333333,1.0787507133483887,,,,,,,,,
113.53,88.88888888888889,,,,,,,0.6943205299377442,,,
113.55,88.94444444444444,,,,,,,,0.7770709075927734,,
113.74,89.0,,,,,,,,,0.6949757003784179,
113.75,89.05555555555556,,,,,,3.7205123100280764,,,,
113.81,89.11111111111111,,,2.3333542861938477,,,,,,,
113.82,89.16666666666667,,,,,,3.7319574394226076,,,,
113.86,89.27777777777777,,,,,3.690805961608887,,,0.7827734870910645,,
113.87,89.33333333333333,,3.667893737792969,,,,,,,,
113.9,89.38888888888889,,,,1.113976306915283,,,,,,
113.92,89.5,,,,1.1186815567016601,,,0.7000684242248536,,,
113.95,89.55555555555556,,,2.3390934143066406,,,,,,,
113.97,89.61111111111111,,3.6736074714660645,,,,,,,,
113.98,89.66666666666666,,,,,3.69648641204834,,,,,
114.0,89.72222222222223,,,,,,,,0.7884989814758301,,
114.01,89.77777777777777,,,,,3.702205474853516,,,,,
114.02,89.83333333333333,,3.679333366394043,,,,,,,,
114.04,89.88888888888889,,,,,,,,,0.7007048645019531,
114.05,89.94444444444444,,,,,,,,,,1.951010940551758
114.15,90.0,,3.6850766716003416,,,,,,,,
114.26,90.05555555555556,,,,,,3.7434069480895995,,,,
114.29,90.11111111111111,,3.6907516250610355,,,,,,,,
114.36,90.16666666666666,,,2.3437341232299804,,,,,,,
114.38,90.22222222222223,1.0833467063903808,,,,,,,,,
119.41,94.66666666666667,,,,,3.7300338439941405,,,,,
119.42,94.66666666666667,,,,,3.7628829650878908,,,,,
119.43,94.66666666666667,,,,,3.795874908447266,,,,,
119.44,94.66666666666667,,,,,3.841028717041016,,,,,
119.45,94.83333333333334,,,,,3.8728451232910155,,,,,
119.46,94.94444444444444,,,,,3.9505184631347654,,,,,
119.47,94.94444444444444,,,,,3.9713155822753907,,,,,
119.48,94.94444444444444,,,,,4.01961148071289,,,,,
119.49,94.94444444444444,,,,,4.069742095947266,,,,,
119.5,94.94444444444444,,,,,4.164202545166015,,,,,
119.51,94.94444444444444,,,,,4.197381256103515,,,,,
119.52,94.94444444444444,,,,,4.284645660400391,,,,,
119.53,95.0,,,,,4.286820953369141,,,,,
119.54,95.0,,,,,4.305464752197265,,,,,
119.55,95.0,,,,,4.371250885009766,,,,,
119.56,95.05555555555556,,,,,4.440069244384766,,,,,
119.57,95.05555555555556,,,,,4.472314117431641,,,,,
119.59,95.05555555555556,,,,,4.512579010009766,,,,,
119.6,95.05555555555556,,,,,4.54972378540039,,,,,
119.61,95.05555555555556,,,,,4.612192047119141,,,,,
119.62,95.05555555555556,,,,,4.644239166259766,,,,,
119.63,95.05555555555556,,,,,4.676264312744141,,,,,
119.64,95.05555555555556,,,,,4.757233551025391,,,,,
119.65,95.05555555555556,,,,,4.790653961181641,,,,,
119.66,95.05555555555556,,,,,4.809814117431641,,,,,
119.67,95.05555555555556,,,,,4.866943023681641,,,,,
119.68,95.11111111111111,,,,,4.919809234619141,,,,,
119.69,95.16666666666667,,,,,4.967094390869141,,,,,
119.7,95.22222222222221,,,,,5.029024322509765,,,,,
119.71,95.22222222222221,,,,,5.0536227111816405,,,,,
119.72,95.22222222222221,,,,,5.119002349853516,,,,,
119.73,95.22222222222221,,,,,5.1318563537597655,,,,,
119.74,95.22222222222221,,,,,5.172571685791016,,,,,
119.75,95.27777777777777,,,,,5.283830230712891,,,,,
119.76,95.33333333333334,,,,,5.299749420166015,,,,,
119.77,95.44444444444444,,,,,5.3488583068847655,,,,,
119.78,95.44444444444444,,,,,5.414314849853516,,,,,
119.79,95.5,,,,,5.446911285400391,,,,,
119.8,95.5,,,,,5.492889068603516,,,,,
119.81,95.5,,,,,5.535186431884766,,,,,
119.82,95.5,,,,,5.56817837524414,,,,,
119.84,95.5,,,,,5.6471371154785155,,,,,
119.85,95.5,,,,,5.68300747680664,,,,,
119.86,95.5,,,,,5.713450592041015,,,,,
119.87,95.55555555555556,,,,,5.792596099853515,,,,,
119.88,95.55555555555556,,,,,5.7992757873535155,,,,,
119.89,95.55555555555556,,,,,5.868478668212891,,,,,
119.9,95.55555555555556,,,,,5.901404693603516,,,,,
119.91,95.55555555555556,,,,,5.950271881103516,,,,,
119.92,95.55555555555556,,,,,5.999139068603516,,,,,
119.93,95.55555555555556,,,,,6.016288726806641,,,,,
119.94,95.55555555555556,,,,,6.114396636962891,,,,,
119.96,95.55555555555556,,,,,6.160132720947266,,,,,
119.97,95.55555555555556,,,,,6.193245513916016,,,,,
119.98,95.55555555555556,,,,,6.27466519165039,,,,,
119.99,95.55555555555556,,,,,6.314710357666016,,,,,
120.0,95.55555555555556,,,,,6.4054903869628905,,,,,
120.01,95.55555555555556,,,,,6.439471099853515,,,,,
120.02,95.55555555555556,,,,,6.489953277587891,,,,,
120.03,95.66666666666667,,,,,6.524955718994141,,,,,
120.04,95.66666666666667,,,,,6.574515045166016,,,,,
120.05,95.66666666666667,,,,,6.60862759399414,,,,,
120.06,95.66666666666667,,,,,6.677325103759765,,,,,
120.07,95.66666666666667,,,,,6.693409088134766,,,,,
120.09,95.66666666666667,,,,,6.75197720336914,,,,,
120.1,95.66666666666667,,,,,6.799427154541016,,,,,
120.11,95.66666666666667,,,,,6.815862701416016,,,,,
120.12,95.66666666666667,,,,,6.8482174377441405,,,,,
120.13,95.66666666666667,,,,,6.967078521728516,,,,,
120.15,95.66666666666667,,,,,6.98631558227539,,,,,
120.16,95.66666666666667,,,,,7.040522125244141,,,,,
120.17,95.66666666666667,,,,,7.110318267822266,,,,,
120.18,95.66666666666667,,,,,7.154054840087891,,,,,
120.19,95.66666666666667,,,,,7.1825863342285166,,,,,
120.2,95.77777777777777,,,,,7.231827056884765,,,,,
120.21,95.83333333333334,,,,,7.3009420471191415,,,,,
120.22,95.88888888888889,,,,,7.33027554321289,,,,,
120.23,95.88888888888889,,,,,7.335537994384765,,,,,
120.24,95.88888888888889,,,,,7.420440338134765,,,,,
120.25,95.88888888888889,,,,,7.4730428771972655,,,,,
120.26,95.94444444444444,,,,,7.5271725158691405,,,,,
120.27,95.94444444444444,,,,,7.594375885009766,,,,,
120.28,95.94444444444444,,,,,7.599638336181641,,,,,
120.29,95.94444444444444,,,,,7.658986480712891,,,,,
120.3,95.94444444444444,1.1108454856872558,,,,7.67487271118164,,,,,
120.31,95.94444444444444,1.1116914329528809,,,,7.738813140869142,,,,,
120.32,95.94444444444444,1.175708766937256,,,,7.761807525634766,,,,,
120.34,95.94444444444444,1.2324092063903809,,,,7.778330963134765,,,,,
120.35,96.0,1.2646321067810058,,,,7.876131256103516,,,,,
120.36,96.0,1.2966462669372558,,,,7.908431060791016,,,,,
120.37,96.05555555555556,1.341338649749756,,,,7.913462799072265,,,,,
120.38,96.05555555555556,1.4118708763122558,,,,7.926404693603516,,,,,
120.39,96.05555555555556,1.4319428977966309,,,,8.004407623291016,,,,,
120.4,96.05555555555556,1.4480708274841307,,,,8.033543365478515,,,,,
120.41,96.05555555555556,1.514647975921631,,,,8.080191314697267,,,,,
120.42,96.05555555555556,1.581477809906006,,,,8.090474517822265,,,,,
120.43,96.05555555555556,1.6049775657653809,,,,8.15783169555664,,,,,
120.44,96.05555555555556,1.6847273216247558,,,,8.18800015258789,,,,,
120.45,96.11111111111111,1.713852077484131,,,,8.20606167602539,,,,,
120.46,96.11111111111111,1.7307380638122558,,,,8.239965484619141,,,,,
120.47,96.11111111111111,1.792382350921631,,,,8.25752163696289,,,,,
120.48,96.11111111111111,1.844325710296631,,,,8.27055142211914,,,,,
120.49,96.11111111111111,1.9096504173278808,,,,8.316858795166016,,,,,
120.5,96.11111111111111,1.9426643333435059,,,,8.346719635009766,,,,,
120.51,96.11111111111111,2.017327419281006,,,,8.358299224853516,,,,,
120.52,96.11111111111111,2.0853108177185056,,,,8.37760220336914,,,,,
120.53,96.11111111111111,2.147284694671631,,,,8.406902740478515,,,,,
120.54,96.11111111111111,2.173432155609131,,,,8.439048736572266,,,,,
120.55,96.11111111111111,2.223079372406006,,,,8.45560513305664,,,,,
120.56,96.11111111111111,,,,,8.484663970947267,,,,,
120.57,96.16666666666667,2.281988063812256,,,,8.500901763916016,,,,,
120.59,96.16666666666667,2.3315144309997557,,,,,,,,,
120.6,96.16666666666667,2.383095241546631,,,,,,,,,
120.61,96.16666666666667,2.401035915374756,,,,,,,,,
120.62,96.16666666666667,2.4668440208435056,,,,,,,,,
120.63,96.16666666666667,2.532871852874756,,,,,,,,,
120.64,96.16666666666667,2.568423610687256,,,,,,,,,
120.65,96.27777777777777,2.600426784515381,,,,,,,,,
120.66,96.27777777777777,2.648975368499756,,,,,,,,,
120.67,96.27777777777777,2.678374782562256,,,,,,,,,
120.68,96.27777777777777,2.7398982200622557,,,,,,,,,
120.69,96.27777777777777,2.757058864593506,,,,,,,,,
120.7,96.27777777777777,2.874513698577881,,,,,,,,,
120.71,96.27777777777777,2.890103298187256,,,,,,,,,
120.72,96.27777777777777,2.917217555999756,,,,,,,,,
120.73,96.27777777777777,2.966326442718506,,,,,,,,,
120.74,96.27777777777777,3.0125459251403806,,,,,,,,,
120.75,96.27777777777777,3.100645290374756,,,,,,,,,
120.76,96.27777777777777,3.144250026702881,,,,,,,,,
120.77,96.27777777777777,3.181735378265381,,,,,,,,,
120.78,96.27777777777777,3.2590791282653813,,,,,,,,,
120.79,96.33333333333334,3.266209255218506,,,,,,,,,
120.8,96.33333333333334,3.331072536468506,,,,,,,,,
120.81,96.38888888888889,3.3634822044372554,,,,,,,,,
120.82,96.38888888888889,3.412173610687256,,,,,,,,,
120.84,96.44444444444444,3.4797505149841306,,,,,,,,,
120.85,96.44444444444444,3.4881111106872558,,,,,,,,,
120.86,96.44444444444444,3.543526149749756,,,,,,,,,
120.87,96.44444444444444,3.607477565765381,,,,,,,,,
120.88,96.44444444444444,3.6260664329528813,,,,,,,,,
120.89,96.44444444444444,3.7003449974060056,,,,,,,,,
120.9,96.5,3.7445979270935057,,,,,,,,,
120.91,96.5,3.769756618499756,,,,,,,,,
120.92,96.5,3.8350703392028804,,,,,,,,,
120.93,96.5,3.879081569671631,,,,,,,,,
120.94,96.5,3.9247956809997557,,,,,,,,,
120.95,96.5,3.946812282562256,,,,,,,,,
120.96,96.5,3.9945149192810057,,,,,,,,,
120.97,96.5,4.043590847015381,,,,,,,,,
120.98,96.5,4.062652126312256,,,,,,,,,
120.99,96.5,4.146785427093506,,,,,,,,,
121.0,96.5,4.245838161468505,,,,,,,,,
121.01,96.5,4.291947780609131,,,,,,,,,
121.02,96.5,4.321940456390381,,,,,,,,,
121.03,96.5,4.355778347015381,,,,,,,,,
121.04,96.5,4.388726345062255,,,,,,,,,
121.05,96.5,4.453029323577881,,,,,,,,,
121.06,96.5,4.504928737640381,,,,,,,,,
121.09,96.5,4.571813503265381,,,,,,,,,
121.1,96.5,4.637885280609131,,,,,,,,,
121.11,96.5,4.6549360618591304,,,,,,,,,
121.12,96.55555555555554,4.719458766937256,,,,,,,,,
121.13,96.55555555555554,4.769127956390381,,,,,,,,,
121.14,96.55555555555554,4.815644069671631,,,,,,,,,
121.15,96.55555555555554,4.831453395843506,,,,,,,,,
121.23,96.55555555555554,4.900985866546631,,,,,,,,,
121.24,96.55555555555554,4.933867946624756,,,,,,,,,
121.25,96.55555555555554,4.967178493499755,,,,,,,,,
121.26,96.55555555555554,4.983042751312256,,,,,,,,,
121.27,96.55555555555554,4.998928981781006,,,,,,,,,
121.28,96.55555555555554,5.031624294281006,,,,,,,,,
121.29,96.55555555555554,5.0639240989685055,,,,,,,,,
121.3,96.55555555555554,5.080227809906006,,,,,,,,,
121.32,96.55555555555554,5.113000026702881,,,,,,,,,
121.34,96.55555555555554,5.127655788421631,,,,,,,,,
121.35,96.55555555555554,5.130138698577881,,,,,,,,,
121.36,96.55555555555554,5.152583766937256,,,,,,,,,
121.37,96.55555555555554,5.16896438217163,,,,,,,,,
121.38,96.55555555555554,5.202318874359131,,,,,,,,,
121.4,96.55555555555554,5.218336940765381,,,,,,,,,
121.41,96.55555555555554,5.234640651702881,,,,,,,,,
121.42,96.55555555555554,5.266577907562256,,,,,,,,,
121.43,96.55555555555554,5.299108425140381,,,,,,,,,
121.44,96.55555555555554,5.331726833343506,,,,,,,,,
121.45,96.55555555555554,5.360840602874756,,,,,3.7493066062927247,,,,
121.46,96.55555555555554,5.4097627220153806,,,,,3.7686095848083494,,,,
121.47,96.55555555555554,5.425758815765381,,,,,3.8005797996521,,,,
121.48,96.55555555555554,5.458542018890381,,,,,3.8800329246521,,,,
121.49,96.55555555555554,5.475296169281005,,,,,3.9099926414489747,,,,
121.5,96.55555555555554,5.5080244407653804,,,,,3.9914342918395995,,,,
121.51,96.55555555555554,5.534073024749756,,,,,4.04177364730835,,,,
121.52,96.55555555555554,,,,,,4.074457973480224,,,,
121.53,96.55555555555554,5.5688337669372565,,,,,4.140288051605225,,,,
121.54,96.55555555555554,5.601573024749755,,,,,4.1905065574646,,,,
121.55,96.55555555555554,5.618722682952881,,,,,4.2177526512145995,,,,
121.56,96.55555555555554,5.62335891342163,,,,,4.28426388168335,,,,
121.57,96.55555555555554,5.624149929046631,,,,,4.3005016746521,,,,
121.59,96.55555555555554,,,,,,4.332307094573975,,,,
121.6,96.55555555555554,,,,,,4.41724239730835,,,,
121.61,96.55555555555554,5.640014186859131,,,,,4.438500942230225,,,,
121.62,96.55555555555554,5.669710231781005,,,,,4.503858608245849,,,,
121.63,96.55555555555554,5.702240749359131,,,,,4.567557338714599,,,,
121.64,96.55555555555554,5.73755080795288,,,,,4.589859584808349,,,,
121.65,96.55555555555554,5.7542280540466315,,,,,4.665017055511474,,,,
121.66,96.55555555555554,5.759468532562256,,,,,4.66953243637085,,,,
121.67,96.55555555555554,5.766258083343506,,,,,4.74046017074585,,,,
121.68,96.55555555555554,,,,,,4.752127651214599,,,,
121.69,96.61111111111111,5.7962727317810065,,,,,4.830273403167724,,,,
121.7,96.61111111111111,5.812840114593506,,,,,4.848807338714599,,,,
121.71,96.61111111111111,5.828649440765381,,,,,4.8777123680114745,,,,
121.72,96.66666666666667,5.834494167327882,,,,,4.910517543792724,,,,
121.73,96.66666666666667,5.85128127670288,,,,,4.991926235198975,,,,
121.74,96.66666666666667,5.851929470062256,,,,,5.0248083152771,,,,
121.75,96.66666666666667,5.883767848968506,,,,,5.131705287933349,,,,
121.76,96.66666666666667,5.921802516937256,,,,,5.1790124168395995,,,,
121.77,96.66666666666667,5.940193630218506,,,,,5.2147179832458495,,,,
121.78,96.66666666666667,,,,,,5.2312194480895995,,,,
121.79,96.66666666666667,,,,,,5.2929186668396,,,,
121.8,96.66666666666667,,,,,,5.3537829246521,,,,
121.82,96.66666666666667,5.972339626312255,,,,,5.480070766448975,,,,
121.84,96.66666666666667,5.988467555999756,,,,,5.4853991355896,,,,
121.85,96.66666666666667,,,,,,5.543011440277099,,,,
121.86,96.66666666666667,,,,,,5.558963588714599,,,,
121.87,96.66666666666667,6.012868190765381,,,,,5.6322204246520995,,,,
121.88,96.66666666666667,,,,,,5.648601039886474,,,,
121.89,96.66666666666667,6.028710475921631,,,,,5.694194301605225,,,,
121.9,96.66666666666667,,,,,,5.753696254730225,,,,
121.91,96.66666666666667,6.044959255218505,,,,,5.8031676902771,,,,
121.92,96.66666666666667,,,,,,5.8245031394958495,,,,
121.93,96.66666666666667,,,,,,5.890728725433349,,,,
121.94,96.66666666666667,6.061449733734131,,,,,5.94021114730835,,,,
121.95,96.66666666666667,,,,,,5.994011196136475,,,,
121.96,96.66666666666667,,,,,,6.026157192230225,,,,
121.97,96.66666666666667,,,,,,6.043010219573974,,,,
121.98,96.66666666666667,,,,,,6.128571743011475,,,,
121.99,96.66666666666667,,,,,,6.145622524261475,,,,
122.0,96.66666666666667,,,,,,6.255727504730224,,,,
122.01,96.66666666666667,,,,,,6.280336879730225,,,,
122.02,96.66666666666667,,,,,,6.3498034324646,,,,
122.03,96.66666666666667,,,,,,6.380015834808351,,,,
122.04,96.66666666666667,,,,,,6.4096569480896,,,,
122.05,96.66666666666667,,,,,,6.474003871917724,,,,
122.06,96.66666666666667,,,,,,6.5144445457458495,,,,
122.07,96.66666666666667,,,,,,6.573529018402099,,,,
122.09,96.72222222222221,,,,,,6.594172328948974,,,,
122.1,96.72222222222221,,,,,,6.663386196136474,,,,
122.11,96.72222222222221,,,,,,6.6926977195739745,,,,
122.12,96.72222222222221,,,,,,6.7479919090271,,,,
122.13,96.72222222222221,,,,,,6.762702602386475,,,,
122.14,96.72222222222221,,,,,,6.809229701995849,,,,
122.15,96.72222222222221,,,,,,6.861931118011475,,,,
122.16,96.72222222222221,,,,,,6.910402797698975,,,,
122.17,96.72222222222221,,,,,,6.971926235198975,,,,
122.18,96.72222222222221,,,,,,6.994975551605225,,,,
122.19,96.72222222222221,,,,,,7.057652553558349,,,,
122.2,96.72222222222221,,,,,,7.0705834617614745,,,,
122.21,96.72222222222221,,,,,,7.119846157073975,,,,
122.22,96.72222222222221,,,,,,7.179106410980225,,,,
122.23,96.72222222222221,,,,,,7.262294887542725,,,,
122.25,96.72222222222221,,,,,,7.397602504730225,,,,
122.26,96.72222222222221,,,,,,7.40903927230835,,,,
122.27,96.72222222222221,,,,,,7.456071743011475,,,,
122.28,96.72222222222221,,,,,,7.472419399261475,,,,
122.29,96.72222222222221,,,,,,7.550620082855225,,,,
122.3,96.72222222222221,,,,,,7.594169887542725,,,,
122.31,96.77777777777777,,,,,,7.6105505027771,,,,
122.32,96.77777777777777,,,,,,7.656594203948974,,,,
122.34,96.77777777777777,,,,,,7.723336147308349,,,,
122.35,96.77777777777777,,,,,,7.7570641746521,,,,
122.36,96.77777777777777,,,,,,7.786815151214601,,,,
122.37,96.77777777777777,,,,,,7.873046840667724,,,,
122.38,96.77777777777777,,,,,,7.878605922698975,,,,
122.39,96.77777777777777,,,,,,7.975801967620849,,,,
122.41,96.77777777777777,,,,1.14678458404541,,8.0455212059021,,,,
122.42,96.77777777777777,,,,1.2012218399047851,,8.07902950668335,,,,
122.43,96.77777777777777,,,,1.23069815826416,,8.1245788230896,,,,
122.44,96.77777777777777,,,,1.2667443008422852,,8.157988246917725,,,,
122.45,96.77777777777777,,,,1.3249388809204101,,8.239836391448975,,,,
122.46,96.77777777777777,,,,1.3583263320922851,,8.26742306137085,,,,
122.47,96.77777777777777,,,,1.40382071685791,,8.3004919090271,,,,
122.48,96.77777777777777,,,,1.472803871154785,,8.353962368011475,,,,
122.49,96.77777777777777,,,,1.4963695449829102,,8.407531703948974,,,,
122.5,96.83333333333334,,,,1.56918692779541,,8.48547970199585,,,,
122.51,96.83333333333334,,,,1.6319188613891602,,8.5022887840271,,,,
122.52,96.83333333333334,,,,1.6482005996704103,,,,,,
122.53,96.88888888888889,,,,1.6965294570922853,,8.514725307464598,,,,
122.54,96.88888888888889,,,,1.777235023498535,,,,,,
122.55,96.88888888888889,,,,1.8123473281860352,,,,,,
122.56,96.88888888888889,,,,1.8448229141235353,,,,,,
122.57,96.88888888888889,,,,1.8934813613891603,,,,,,
122.59,96.88888888888889,,,,1.9260448379516601,,,,,,
122.6,96.88888888888889,,,,1.9716051406860353,,,,,,
122.61,96.88888888888889,,,,2.050662757873535,,,,,,
122.62,96.88888888888889,,,,2.056837074279785,,,,,,
122.63,96.88888888888889,,,,2.1178771133422853,,,,,,
122.64,96.88888888888889,,,,2.1821031875610353,,,,,,
122.65,96.88888888888889,,,,2.19694571685791,,,,,,
122.66,96.88888888888889,,,,2.242088539123535,,,,,,
122.67,96.88888888888889,,,,2.3045787734985352,,,,,,
122.68,96.88888888888889,,,,2.320750648498535,,,,,,
122.69,96.88888888888889,,,,2.4232421035766603,,,,,,
122.7,96.88888888888889,,,,2.447247230529785,,,,,,
122.71,96.88888888888889,,,,2.479393226623535,,,,,,
122.72,96.88888888888889,,,,2.5092101211547853,,,,,,
122.73,96.88888888888889,,,,2.57318350982666,,,,,,
122.74,96.88888888888889,,,,2.6350585098266603,,,,,,
122.75,97.0,,,,2.673895179748535,,,,,,
122.76,97.0,,,,2.750052406311035,,,,,,
122.77,97.0,,,,2.784835121154785,,,,,,
122.78,97.0,,,,2.8339769668579105,,,,,,
122.79,97.0,,,,2.883712074279785,,,,,,
122.8,97.0,,,,2.9369847793579105,,,,,,
122.81,97.0,,,,2.96998770904541,,,,,,
122.82,97.0,,,,2.9990135879516604,,,,,,
122.84,97.0,,,,3.064437171936035,,,,,,
122.85,97.0,,,,3.092408363342285,,,,,,
122.86,97.0,,,,3.1743334121704105,,,,,,
122.87,97.0,,,,3.20797354888916,,,,,,
122.88,97.0,,,,3.2534459609985347,,,,,,
122.9,97.0,,,,3.3472252578735353,,,,,,
122.91,97.0,,,,3.3854137344360353,,,,,,
122.92,97.0,,,,3.4013988418579104,,,,,,
122.93,97.0,,,,3.477940589904785,,,,,,
122.94,97.0,,,,3.5168761367797856,,,,,,
122.95,97.0,,,,3.5493517227172853,,,,,,
122.96,97.05555555555556,,,,3.597076332092285,,,,,,
122.97,97.05555555555556,,,,3.660401527404785,,,,,,
122.99,97.05555555555556,,,,3.6936022109985354,,,,,,
123.0,97.05555555555556,,,,3.83894034576416,,,,,,
123.01,97.05555555555556,,,,3.87842520904541,,,,,,
123.02,97.05555555555556,,,,3.9295555801391604,,,,,,
123.03,97.05555555555556,,,,3.9623277969360355,,,,,,
123.04,97.05555555555556,,,,4.022576820373535,,,,,,
123.05,97.05555555555556,,,,4.0287511367797855,,,,,,
123.06,97.05555555555556,,,,4.080057289123535,,,,,,
123.07,97.05555555555556,,,,4.146744300842285,,,,,,
123.09,97.05555555555556,,,,4.195259925842286,,,,,,
123.1,97.11111111111111,,,,4.23064688873291,,,,,,
123.11,97.11111111111111,,,,4.24664298248291,,,,,,
123.12,97.11111111111111,,,,4.29625724029541,,,,,,
123.13,97.11111111111111,,,,4.359329750061035,,,,,,
123.14,97.11111111111111,,,,4.389300453186036,,,,,,
123.15,97.11111111111111,,,,4.438387367248535,,,,,,
123.16,97.11111111111111,,,,4.492637855529785,,,,,,
123.17,97.11111111111111,,,,4.54780020904541,,,,,,
123.18,97.11111111111111,,,,4.57605704498291,,,,,,
123.19,97.11111111111111,,,,4.634559242248535,,,,,,
123.2,97.11111111111111,,,,4.68510733795166,,,,,,
123.21,97.11111111111111,,,,4.722867347717285,,,,,,
123.22,97.11111111111111,,,,4.73981925201416,,,,,,
123.23,97.11111111111111,,,,4.803265296936035,,,,,,
123.24,97.11111111111111,,,,4.849287025451661,,,,,,
123.25,97.11111111111111,,,,4.96383048248291,,,,,,
123.26,97.11111111111111,,,,4.98556143951416,,,,,,
123.27,97.16666666666667,,,,5.04119620513916,,,,,,
123.28,97.16666666666667,,,,5.07004630279541,,,,,,
123.29,97.16666666666667,,,,5.117188636779786,,,,,,
123.3,97.16666666666667,,,,5.171834632873535,,,,,,
123.31,97.16666666666667,,,,5.217889320373535,,,,,,
123.32,97.16666666666667,,,,5.26639395904541,,,,,,
123.34,97.16666666666667,,,,5.28228018951416,,,,,,
123.35,97.16666666666667,,,2.3570715255737307,5.3496044082641605,,,,,,
123.36,97.16666666666667,,,2.3702990646362303,5.40172354888916,,,,,,
123.37,97.16666666666667,,,2.4374255294799805,5.41800528717041,,,,,,
123.38,97.16666666666667,,,2.4582226486206054,5.499512855529785,,,,,,
123.39,97.16666666666667,,,2.4905883712768557,5.528747474670411,,,,,,
123.4,97.16666666666667,,,2.5567809982299803,5.579031898498535,,,,,,
123.41,97.16666666666667,,,2.5897399826049803,5.60156485748291,,,,,,
123.42,97.16666666666667,,,2.6213476486206053,5.67750235748291,,,,,,
123.43,97.16666666666667,,,2.70505248260498,5.69338858795166,,,,,,
123.44,97.16666666666667,,,2.7328478927612307,5.72608390045166,,,,,,
123.45,97.16666666666667,,,2.7662023849487305,5.79158438873291,,,,,,
123.46,97.16666666666667,,,2.8013476486206055,5.82377433013916,,,,,,
123.47,97.16666666666667,,,2.8646618576049803,5.902381507873535,,,,,,
123.48,97.16666666666667,,,2.9089697189331054,5.948853675842285,,,,,,
123.49,97.16666666666667,,,2.9551013107299804,5.98213126373291,,,,,,
123.5,97.16666666666667,,,2.9788647384643556,5.99812735748291,,,,,,
123.51,97.16666666666667,,,3.0736657638549802,6.01429923248291,,,,,,
123.52,97.16666666666667,,,3.1373095626831056,,,,,,,
123.53,97.16666666666667,,,3.1754211349487305,,,,,,,
123.54,97.16666666666667,,,3.2206298751831057,,,,,,,
123.55,97.16666666666667,,,3.2672448654174806,,,,,,,
123.56,97.16666666666667,,,3.3016100997924807,,,,,,,
123.57,97.16666666666667,,,3.3553991622924806,,,,,,,
123.59,97.16666666666667,,,3.4111437911987306,,,,,,,
123.6,97.16666666666667,,,3.4682397384643555,,,,,,,
123.61,97.16666666666667,,,3.486279289245606,,,,,,,
123.62,97.16666666666667,,,3.5317626876831056,,,,,,,
123.63,97.16666666666667,,,3.5616125411987305,,,,,,,
123.64,97.16666666666667,,,3.606876213073731,,,,,,,
123.65,97.16666666666667,,,3.6839892501831053,,,,,,,
123.66,97.16666666666667,,,3.72511107635498,,,,,,,
123.67,97.16666666666667,,,3.76246459197998,,,,,,,
123.68,97.16666666666667,,,3.8152758712768553,,,,,,,
123.69,97.16666666666667,,,3.8478503341674806,,,,,,,
123.7,97.16666666666667,,,3.8637365646362305,,,,,,,
123.71,97.16666666666667,,,3.9105932540893553,,,,,,,
123.72,97.16666666666667,,,3.9919360275268554,,,,,,,
123.73,97.16666666666667,,,4.045823966979981,,,,,,,
123.74,97.16666666666667,,,4.099975578308106,,,,,,,
123.75,97.16666666666667,,,4.182702629089356,,,,,,,
123.76,97.16666666666667,,,4.22929564666748,,,,,,,
123.77,97.16666666666667,,,4.24252318572998,,,,,,,
123.78,97.16666666666667,,,4.289017326354981,,,,,,,
123.79,97.16666666666667,,,4.33483031463623,,,,,,,
123.8,97.16666666666667,,,4.412020256042481,,,,,,,
123.81,97.16666666666667,,,4.44341918182373,,,,,,,
123.82,97.16666666666667,,,4.469874259948731,,,,,,,
123.84,97.16666666666667,,,4.51788451385498,,,,,,,
123.85,97.22222222222221,,,4.550722648620606,,,,,,,
123.86,97.22222222222221,,,4.595656730651855,,,,,,,
123.87,97.22222222222221,,,4.64967650604248,,,,,,,
123.88,97.22222222222221,,,4.715627433776856,,,,,,,
123.89,97.22222222222221,,,4.752596427917481,,,,,,,
123.9,97.22222222222221,,,4.818129875183105,,,,,,,
123.91,97.22222222222221,,,4.84637572479248,,,,,,,
123.92,97.22222222222221,,,4.8689636154174805,,,,,,,
123.93,97.22222222222221,,,4.91838011932373,,,,,,,
123.94,97.22222222222221,,,4.9706091232299805,,,,,,,
123.95,97.22222222222221,,,4.991768791198731,,,,,,,
123.96,97.22222222222221,,,5.024541007995605,,,,,,,
123.97,97.22222222222221,,,5.12193480682373,,,,,,,
123.98,97.22222222222221,,,5.15931029510498,,,,,,,
123.99,97.22222222222221,,,5.217790519714356,,,,,,,
124.0,97.22222222222221,,,5.283258049011231,,,,,,,
124.01,97.22222222222221,,,5.328972160339355,,,,,,,
124.02,97.22222222222221,,,5.36090941619873,,,,,,,
124.03,97.22222222222221,,,5.4424938888549805,,,,,,,
124.04,97.22222222222221,,,5.447954093933106,,,,,,,
124.05,97.22222222222221,,,5.537338859558105,,,,,,,
124.06,97.22222222222221,,,5.554422599792481,,,,,,,
124.09,97.22222222222221,,,5.6503662033081055,,,,,,,
124.1,97.22222222222221,,,5.682358390808105,,,,,,,
124.11,97.22222222222221,,,5.69867308807373,,,,,,,
124.12,97.22222222222221,,,5.761207267761231,,,,,,,
124.13,97.22222222222221,,,5.810151359558105,,,,,,,
124.14,97.27777777777777,,,5.84428588104248,,,,,,,
124.15,97.27777777777777,,,5.87469603729248,,,,,,,
124.16,97.27777777777777,,,5.923266593933105,,,,,,,
124.17,97.27777777777777,,,5.96172972869873,,,,,,,
124.18,97.27777777777777,,,5.996105949401855,,,,,,,
124.19,97.27777777777777,,,6.051202384948731,,,,,,,
124.2,97.27777777777777,,,6.08831420135498,,,,,,,
124.21,97.27777777777777,,,6.136752922058106,,,,,,,
124.22,97.27777777777777,,,6.1884655685424805,,,,,,,
124.23,97.27777777777777,,,6.220908195495606,,,,,,,
124.24,97.27777777777777,,,6.250351554870605,,,,,,,
124.25,97.27777777777777,,,6.353776847839356,,,,,,,
124.26,97.27777777777777,,,6.3864721603393555,,,,,,,
124.27,97.27777777777777,,,6.431307365417481,,,,,,,
124.28,97.27777777777777,,,6.466276847839356,,,,,,,
124.29,97.27777777777777,,,6.51480345916748,,,,,,,
124.3,97.27777777777777,,,6.527481681823731,,,,,,,
124.31,97.27777777777777,,,6.576975090026855,,,,,,,
124.32,97.27777777777777,,,6.6385864181518555,,,,,,,
124.34,97.27777777777777,,,6.671435539245605,,,,,,,
124.35,97.27777777777777,,,6.703416740417481,,,,,,,
124.36,97.27777777777777,,,6.752393791198731,,,,,,,
124.37,97.27777777777777,,,6.753041984558106,,,,,,,
124.38,97.27777777777777,,3.7011556777954104,6.83430785369873,,,,,,,
124.39,97.27777777777777,,3.7370699844360353,6.863970939636231,,,,,,,
124.4,97.27777777777777,,3.763525062561035,6.90899291229248,,,,,,,
124.41,97.27777777777777,,3.810832191467285,6.93887572479248,,,,,,,
124.42,97.27777777777777,,3.86713712310791,6.97750365447998,,,,,,,
124.43,97.27777777777777,,3.911225257873535,7.036533195495605,,,,,,,
124.44,97.27777777777777,,3.94514005279541,7.102022697448731,,,,,,,
124.45,97.27777777777777,,4.00903653717041,7.11557982635498,,,,,,,
124.46,97.27777777777777,,4.058002601623535,7.145803215026855,,,,,,,
124.47,97.27777777777777,,4.088215003967285,7.175158683776855,,,,,,,
124.48,97.27777777777777,,4.1381039199829095,7.191154777526855,,,,,,,
124.49,97.27777777777777,,4.1714034805297855,7.206217033386231,,,,,,,
124.5,97.27777777777777,,4.2661605606079105,7.222630607604981,,,,,,,
124.51,97.27777777777777,,4.30804044342041,,,,,,,,
124.52,97.27777777777777,,4.341383949279785,,,,,,,,
124.53,97.27777777777777,,4.380209632873535,,,,,,,,
124.54,97.27777777777777,,4.442304359436036,,,,,,,,
124.55,97.27777777777777,,4.48964444732666,,,,,,,,
124.56,97.27777777777777,,4.53822599029541,,,,,,,,
124.57,97.27777777777777,,4.575326820373536,,,,,,,,
124.59,97.27777777777777,,4.639113441467285,,,,,,,,
124.6,97.27777777777777,,4.6720834121704105,,,,,,,,
124.61,97.27777777777777,,4.707756019592285,,,,,,,,
124.62,97.27777777777777,,4.75441495513916,,,,,,,,
124.63,97.27777777777777,,4.792636390686035,,,,,,,,
124.64,97.27777777777777,,4.854247718811036,,,,,,,,
124.65,97.27777777777777,,4.92290128326416,,,,,,,,
124.66,97.27777777777777,,4.93902921295166,,,,,,,,
124.67,97.27777777777777,,4.974877601623535,,,,,,,,
124.68,97.27777777777777,,5.029018226623535,,,,,,,,
124.69,97.27777777777777,,5.09611173248291,,,,,,,,
124.7,97.27777777777777,,5.10878995513916,,,,,,,,
124.71,97.27777777777777,,5.12496183013916,,,,,,,,
124.72,97.27777777777777,,5.2329354629516605,,,,,,,,
124.73,97.27777777777777,,5.250326820373536,,,,,,,,
124.74,97.27777777777777,,5.282297035217285,,,,,,,,
124.75,97.27777777777777,,5.39940030670166,,,,,,,,
124.76,97.27777777777777,,5.429403968811035,,,,,,,,
124.77,97.33333333333334,,5.459308753967285,,,,,,,,
124.78,97.33333333333334,,5.52484220123291,,,,,,,,
124.79,97.33333333333334,,5.568381019592286,,,,,,,,
124.8,97.33333333333334,,5.61411710357666,,,,,,,,
124.81,97.33333333333334,,5.643890052795411,,,,,,,,
124.82,97.33333333333334,,5.709797035217285,,,,,,,,
124.84,97.33333333333334,,5.751325355529785,,,,,,,,
124.85,97.33333333333334,,5.813178382873535,,,,,,,,
124.86,97.33333333333334,,5.826603675842286,,,,,,,,
124.87,97.33333333333334,,5.85566251373291,,,,,,,,
124.88,97.33333333333334,,5.934335609436035,,,,,,,,
124.89,97.33333333333334,,5.992475257873535,,,,,,,,
124.9,97.33333333333334,,6.039958168029785,,,,,,,,
124.91,97.33333333333334,,6.06710538482666,,,,,,,,
124.92,97.33333333333334,,6.08321134185791,,,,,,,,
124.93,97.33333333333334,,6.13113370513916,,,,,,,,
124.94,97.33333333333334,,6.21089444732666,,,,,,,,
124.95,97.33333333333334,,6.25499356842041,,,,,,,,
124.96,97.33333333333334,,6.290402503967285,,,,,,,,
124.97,97.33333333333334,,6.339709144592286,,,,,,,,
124.98,97.33333333333334,,6.390619789123535,,,,,,,,
124.99,97.33333333333334,,6.42372159576416,,,,,,,,
125.0,97.38888888888889,,6.51347989654541,,,,,,,,
125.01,97.38888888888889,,6.558996253967285,,,,,,,,
125.02,97.38888888888889,,6.61134610748291,,,,,,,,
125.03,97.38888888888889,,6.64059171295166,,,,,,,,
125.04,97.38888888888889,,6.689689613342285,,,,,,,,
125.05,97.38888888888889,,6.743588539123535,,,,,,,,
125.06,97.38888888888889,,6.759474769592286,,,,,,,,
125.07,97.38888888888889,,6.809176918029785,,,,,,,,
125.09,97.38888888888889,,6.86734952545166,,,,,,,,
125.1,97.38888888888889,,6.908273597717285,,,,,,,,
125.11,97.38888888888889,,6.966676918029785,,,,,,,,
125.12,97.38888888888889,,6.99848233795166,,,,,,,,
125.13,97.38888888888889,,7.027958656311036,,,,,,,,
125.14,97.38888888888889,,7.079528480529786,,,,,,,,
125.15,97.38888888888889,,7.144303871154785,,,,,,,,
125.16,97.38888888888889,,7.157377601623535,,,,,,,,
125.17,97.38888888888889,,7.1928964004516605,,,,,,,,
125.18,97.38888888888889,,7.2722067031860345,,,,,,,,
125.19,97.38888888888889,,7.2923666152954105,,,,,,,,
125.2,97.38888888888889,,7.34382657623291,,,,,,,,
125.21,97.38888888888889,,7.36054776763916,,,,,,,,
125.22,97.38888888888889,,7.43962735748291,,,,,,,,
125.23,97.38888888888889,,7.468818031311035,,,,,,,,
125.24,97.38888888888889,,7.49805265045166,,,,,,,,
125.25,97.38888888888889,,7.60969571685791,,,,,,,,
125.26,97.38888888888889,,7.644555335998534,,,,,,,,
125.27,97.38888888888889,,7.665275550842285,,,,,,,,
125.28,97.38888888888889,,7.730050941467286,,,,,,,,
125.29,97.38888888888889,,7.764218421936035,,,,,,,,
125.3,97.38888888888889,,7.796759925842285,,,,,,,,
125.31,97.38888888888889,,7.866830726623535,,,,,,,,
125.32,97.38888888888889,,7.882694984436036,,,,,,,,
125.34,97.38888888888889,,7.918224769592285,,,,,,0.8018363838195801,,
125.35,97.38888888888889,,7.968080726623534,,,,,,0.8030998115539552,,
125.36,97.38888888888889,,7.984516273498535,,,,,,0.8707646064758301,,
125.37,97.38888888888889,,8.033251625061036,,,,,,0.93692427444458,,
125.38,97.38888888888889,,8.071000648498536,,,,,,0.9530961494445801,,
125.39,97.38888888888889,,8.12036222076416,,,,,,1.02738570022583,,
125.4,97.38888888888889,,8.149970375061036,,,,,,1.0472929267883302,,
125.41,97.44444444444444,,8.166142250061036,,,,,,1.111837604522705,,
125.42,97.44444444444444,,8.218810707092285,,,,,,1.14098433303833,,
125.43,97.44444444444444,,8.267436195373536,,,,,,1.1900053291320802,,
125.44,97.44444444444444,,8.299351478576659,,,,,,1.2386967353820801,,
125.45,97.44444444444444,,8.337419105529785,,,,,,1.27169966506958,,
125.46,97.44444444444444,,8.40266690826416,,,,,,1.338990924835205,,
125.47,97.44444444444444,,8.42800138092041,,,,,,1.38969282913208,,
125.48,97.44444444444444,,8.44386563873291,,,,,,1.41017134475708,,
125.49,97.44444444444444,,8.527240882873535,,,,,,1.4636747627258302,,
125.5,97.44444444444444,,8.579975257873535,,,,,,1.563485553741455,,
125.51,97.44444444444444,,8.62393155670166,,,,,,1.596356647491455,,
125.52,97.44444444444444,,8.65308927154541,,,,,,1.64378462600708,,
125.53,97.44444444444444,,8.669689613342285,,,,,,1.6771391181945803,,
125.54,97.44444444444444,,,,,,,,1.73371870803833,,
125.55,97.44444444444444,,,,,,,,1.7797074775695803,,
125.56,97.44444444444444,,,,,,,,1.7992411689758303,,
125.57,97.44444444444444,,,,,,,,1.8773869209289549,,
125.59,97.44444444444444,,,,,,,,1.92446333694458,,
125.6,97.44444444444444,,,,,,,,1.98576704788208,,
125.61,97.44444444444444,,,,,,,,2.024669635772705,,
125.62,97.44444444444444,,,,,,,,2.0542008857727048,,
125.63,97.44444444444444,,,,,,,,2.0671208076477052,,
125.64,97.44444444444444,,,,,,,,2.1423661689758298,,
125.65,97.44444444444444,,,,,,,,2.19347456741333,,
125.66,97.44444444444444,,,,,,,,2.20991011428833,,
125.67,97.44444444444444,,,,,,,,2.25923872756958,,
125.68,97.44444444444444,,,,,,,,2.333737018585205,,
125.69,97.44444444444444,,,,,,,,2.365861042022705,,
125.7,97.44444444444444,,,,,,,,2.384647663116455,,
125.71,97.44444444444444,,,,,,,,2.464496295928955,,
125.72,97.44444444444444,,,,,,,,2.49816939163208,,
125.73,97.44444444444444,,,,,,,,2.543070514678955,,
125.74,97.44444444444444,,,,,,,,2.597496784210205,,
125.75,97.44444444444444,,,,,,,,2.677213581085205,,
125.76,97.44444444444444,,,,,,,,2.732189167022705,,
125.77,97.44444444444444,,,,,,,,2.75393111038208,,
125.78,97.44444444444444,,,,,,,,2.821859577178955,,
125.79,97.44444444444444,,,,,,,,2.859279010772705,,
125.8,97.44444444444444,,,,,,,,2.87783491897583,,
125.81,97.5,,,,,,,,2.958815143585205,,
125.82,97.5,,,,,,,,2.99393843460083,,
125.84,97.5,,,,,,,,3.0391252021789548,,
125.85,97.5,,,,,,,,3.06923872756958,,
125.86,97.5,,,,,,,,3.13823286819458,,
125.87,97.5,,,,,,,,3.1808927803039553,,
125.88,97.5,,,,,,,,3.2273210029602053,,
125.89,97.5,,,,,,,,3.270936725616455,,
125.9,97.5,,,,,,,,3.301940143585205,,
125.91,97.5,,,,,,,,3.347225788116455,,
125.92,97.5,,,,,,,,3.41284712600708,,
125.93,97.5,,,,,,,,3.43451216506958,,
125.94,97.5,,,,,,,,3.4992106513977053,,
125.95,97.5,,,,,,,,3.51552534866333,,
125.96,97.5,,,,,,,,3.579520709991455,,
125.97,97.5,,,,,,,,3.6213236885070805,,
125.98,97.5,,,,,,,,3.654205768585205,,
125.99,97.5,,,,,,,,3.698634479522705,,
126.0,97.5,,,,,,,,3.79831343460083,,
126.01,97.5,,,,,,,,3.8440055732727054,,
126.02,97.55555555555556,,,,,,,,3.8959269599914554,,
126.03,97.55555555555556,,,,,,,,3.92199751663208,,
126.04,97.55555555555556,,,,,,,,3.9929252510070805,,
126.05,97.55555555555556,,,,,,,,4.024137409210205,,
126.06,97.55555555555556,,,,,,,,4.068917682647705,,
126.07,97.55555555555556,,,,,,,,4.1168180732727055,,
126.09,97.55555555555556,,,,,,,,4.154841754913329,,
126.1,97.55555555555556,,,,,,,,4.190338581085205,,
126.11,97.55555555555556,,,,,,,,4.2543559150695796,,
126.12,97.55555555555556,,,,,,,,4.289072711944581,,
126.13,97.55555555555556,,,,,,,,4.36461470413208,,
126.14,97.55555555555556,,,,,,,,4.395914752960206,,
126.15,97.55555555555556,,,,,,,,4.411932819366455,,
126.16,97.55555555555556,,,,,,,,4.483047321319581,,
126.17,97.55555555555556,,,,,,,,4.512831256866455,,
126.18,97.55555555555556,,,,,,,,4.54716353225708,,
126.19,97.55555555555556,,,,,,,,4.63254927444458,,
126.2,97.55555555555556,,,,,,,,4.660751178741455,,
126.22,97.55555555555556,,,,,,,,4.76946089553833,,
126.23,97.55555555555556,,,,,,,,4.77792036819458,,
126.24,97.55555555555556,,,,,,,,4.795048053741455,,
126.25,97.55555555555556,,,,,,,,4.912623737335205,,
126.26,97.55555555555556,,,,,,,,4.948307331085204,,
126.27,97.55555555555556,,,,,,,,5.032989948272705,,
126.28,97.55555555555556,,,,,,,,5.05659956741333,,
126.29,97.55555555555556,,,,,,,,5.07246382522583,,
126.3,97.55555555555556,,,,,,,,5.13809614944458,,
126.31,97.55555555555556,,,,,,,,5.19507124710083,,
126.32,97.55555555555556,,,,,,,,5.231490924835206,,
126.34,97.55555555555556,,,,,,,,5.278863971710205,,
126.35,97.55555555555556,,,,,,,,5.328104694366455,,
126.36,97.55555555555556,,,,,,,,5.349593952178955,,
126.37,97.55555555555556,,,,,,,,5.39658247756958,,1.9726430206298828
126.38,97.55555555555556,,,,,,,,5.457040241241455,,1.987694290161133
126.39,97.55555555555556,,,,,,,,5.51936568069458,,2.030145462036133
126.4,97.55555555555556,,,,,,,,5.535801227569579,,2.095964553833008
126.41,97.55555555555556,,,,,,,,5.600345905303955,,2.134504592895508
126.42,97.55555555555556,,,,,,,,5.66583540725708,,2.1672328643798826
126.43,97.55555555555556,,,,,,,,5.68363325881958,,2.2161549835205077
126.44,97.55555555555556,,,,,,,,5.7287650947570805,,2.2653297882080077
126.45,97.55555555555556,,,,,,,,5.77976362991333,,2.2952675323486327
126.46,97.55555555555556,,,,,,,,5.84223189163208,,2.375654495239258
126.47,97.55555555555556,,,,,,,,5.87508101272583,,2.405020950317383
126.48,97.55555555555556,,,,,,,,5.89109907913208,,2.4437917022705076
126.49,97.55555555555556,,,,,,,,,,2.5061830596923826
126.5,97.55555555555556,,,,,,,,,,2.574616897583008
126.51,97.55555555555556,,,,,,,,,,2.641259963989258
126.52,97.55555555555556,,,,,,,,,,2.656882522583008
126.53,97.55555555555556,,,,,,,,,,2.7330177764892576
126.54,97.55555555555556,,,,,,,,,,2.752661331176758
126.55,97.55555555555556,,,,,,,,,,2.804923294067383
126.56,97.55555555555556,,,,,,,,,,2.872741897583008
126.57,97.55555555555556,,,,,,,,,,2.9058107452392576
126.59,97.55555555555556,,,,,,,,,,2.9459767608642577
126.6,97.55555555555556,,,,,,,,,,2.9626540069580076
126.61,97.55555555555556,,,,,,,,,,3.0376796417236327
126.62,97.55555555555556,,,,,,,,,,3.0714296417236326
126.63,97.55555555555556,,,,,,,,,,3.123043411254883
126.64,97.55555555555556,,,,,,,,,,3.1755580596923827
126.65,97.55555555555556,,,,,,,,,,3.1775905303955074
126.66,97.55555555555556,,,,,,,,,,3.2586806182861325
126.67,97.55555555555556,,,,,,,,,,3.308668411254883
126.68,97.55555555555556,,,,,,,,,,3.3380897979736326
126.69,97.55555555555556,,,,,,,,,,3.3844191436767574
126.7,97.55555555555556,,,,,,,,,,3.455357864379883
126.71,97.55555555555556,,,,,,,,,,3.471167190551758
126.72,97.55555555555556,,,,,,,,,,3.5354372100830074
126.73,97.55555555555556,,,,,,,,,,3.5684511260986325
126.74,97.55555555555556,,,,,,,,,,3.6227235870361327
126.75,97.55555555555556,,,,,,,,,,3.7076149444580078
126.76,97.55555555555556,,,,,,,,,,3.7531972198486327
126.77,97.55555555555556,,,,,,,,,,3.788056838989258
126.78,97.55555555555556,,,,,,,,,,3.8328480987548827
126.79,97.55555555555556,,,,,,,,,,3.910686233520508
126.8,97.55555555555556,,,,,,,,,,3.927176712036133
126.81,97.55555555555556,,,,,,,,,,3.9553566436767578
126.82,97.55555555555556,,,,,,,,,,4.032414749145508
126.84,97.55555555555556,,,,,,,,,,4.071877639770507
126.85,97.55555555555556,,,,,,,,,,4.090488479614258
126.86,97.55555555555556,,,,,,,,,,4.172105911254883
126.87,97.55555555555556,,,,,,,,,,4.212942092895508
126.88,97.55555555555556,,,,,,,,,,4.2298280792236325
126.89,97.55555555555556,,,,,,,,,,4.288539016723633
126.9,97.55555555555556,,,,,,,,,,4.3526222686767575
126.91,97.55555555555556,,,,,,,,,,4.384768264770508
126.92,97.55555555555556,,,,,,,,,,4.4349977569580075
126.93,97.55555555555556,,,,,,,,,,4.4683192901611335
126.94,97.55555555555556,,,,,,,,,,4.4982130889892575
126.95,97.55555555555556,,,,,,,,,,4.5597584991455085
126.96,97.55555555555556,,,,,,,,,,4.604967239379882
126.97,97.55555555555556,,,,,,,,,,4.651461380004883
126.98,97.55555555555556,,,,,,,,,,4.697527053833008
126.99,97.55555555555556,,,,,,,,,,4.7478334503173825
127.0,97.55555555555556,,,,,,,,,,4.812015579223633
127.01,97.55555555555556,,,,,,,,,,4.860970657348633
127.02,97.55555555555556,,,,,,,,,,4.919659622192383
127.03,97.55555555555556,,,,,,,,,,4.935655715942383
127.04,97.55555555555556,,,,,,,,,,5.009417922973633
127.05,97.55555555555556,,,,,,,,,,5.063525588989258
127.06,97.55555555555556,,,,,,,,,,5.099890335083008
127.07,97.61111111111111,,,,,,,,,,5.159974563598633
127.09,97.61111111111111,,,,,,,,,,5.189879348754882
127.1,97.61111111111111,,,,,,,,,,5.211687210083007
127.11,97.61111111111111,,,,,,,,,,5.260103958129883
127.12,97.61111111111111,,,,,,,,,,5.344270217895508
127.13,97.61111111111111,,,,,,,,,,5.350180862426758
127.14,97.61111111111111,,,,,,,,,,5.412561233520508
127.15,97.61111111111111,,,,,,,,,,5.463735549926758
127.16,97.61111111111111,,,,,,,,,,5.509889114379883
127.17,97.61111111111111,,,,,,,,,,5.541485794067383
127.18,97.61111111111111,,,,,,,,,,5.556548049926758
127.19,97.61111111111111,,,,,,,,,,5.638956497192383
127.2,97.61111111111111,,,,,,,,,,5.691273391723633
127.21,97.61111111111111,,,,,,,,,,5.7279018096923835
127.22,97.61111111111111,,,,,,,,,,5.791930130004882
127.23,97.61111111111111,,,,,,,,,,5.8141444854736335
127.24,97.61111111111111,,,,,,,,,,5.857782180786133
127.25,97.61111111111111,,,,,,,,,,5.960570266723632
127.26,97.61111111111111,,,,,,,,,,6.018072708129883
127.27,97.61111111111111,,,,,,,,,,6.0241920928955075
127.28,97.61111111111111,,,,,,,,,,6.072509963989258
127.29,97.61111111111111,,,,,,,,,,6.136604202270508
127.3,97.61111111111111,,,,,,,,,,6.161664016723633
127.31,97.61111111111111,,,,,,,,,,6.236283157348633
127.32,97.61111111111111,,,,,,,,,,6.255278518676757
127.34,97.61111111111111,,,,,,,,,,6.322602737426758
127.35,97.61111111111111,,,,,,,,,,6.355616653442382
127.36,97.61111111111111,,,,,,,,,,6.393398635864258
127.37,97.61111111111111,,,,,,,,,,6.436003616333008
127.38,97.61111111111111,,,,,,,,,,6.506931350708007
127.39,97.61111111111111,,,,,,,,,,6.540307815551757
127.4,97.61111111111111,,,,,,,0.7029110260009765,,,6.557039993286133
127.41,97.66666666666667,,,,,,,0.7237411041259766,,,6.635482376098632
127.42,97.66666666666667,,,,,,,0.7446261138916016,,,6.664178665161133
127.43,97.66666666666667,,,,,,,0.8045016021728515,,,6.713770950317382
127.44,97.66666666666667,,,,,,,0.8468099517822266,,,6.768230178833008
127.45,97.66666666666667,,,,,,,0.8764950103759765,,,6.799947708129883
127.46,97.66666666666667,,,,,,,0.9311959381103515,,,6.857362258911133
127.47,97.66666666666667,,,,,,,0.9623641510009766,,,6.876247756958008
127.48,97.66666666666667,,,,,,,0.9951803131103516,,,6.905438430786133
127.49,97.66666666666667,,,,,,,1.0443111724853515,,,7.014148147583008
127.5,97.66666666666667,,,,,,,1.1572616119384764,,,
127.51,97.66666666666667,,,,,,,1.1912203521728515,,,
127.52,97.66666666666667,,,,,,,1.2084139556884765,,,
127.53,97.66666666666667,,,,,,,1.3102682037353515,,,
127.54,97.66666666666667,,,,,,,1.3149044342041016,,,
127.55,97.66666666666667,,,,,,,1.3743844146728517,,,
127.56,97.66666666666667,,,,,,,1.4440487213134765,,,
127.57,97.66666666666667,,,,,,,1.4607918853759765,,,
127.59,97.66666666666667,,,,,,,1.4918062896728514,,,
127.6,97.66666666666667,,,,,,,1.5735885162353513,,,
127.61,97.66666666666667,,,,,,,1.5977144927978515,,,
127.62,97.66666666666667,,,,,,,1.6456258697509767,,,
127.63,97.66666666666667,,,,,,,1.7109395904541014,,,
127.64,97.66666666666667,,,,,,,1.7323629302978514,,,
127.65,97.66666666666667,,,,,,,1.7659591217041015,,,
127.66,97.66666666666667,,,,,,,1.8434676666259766,,,
127.67,97.66666666666667,,,,,,,1.8833370513916017,,,
127.69,97.66666666666667,,,,,,,1.9626912994384766,,,
127.7,97.66666666666667,,,,,,,2.017710830688477,,,
127.71,97.66666666666667,,,,,,,2.0519662017822267,,,
127.72,97.66666666666667,,,,,,,2.0852437896728517,,,
127.73,97.66666666666667,,,,,,,2.1042391510009764,,,
127.74,97.66666666666667,,,,,,,2.1863399810791018,,,
127.75,97.72222222222223,,,,,,,2.2892379302978516,,,
127.76,97.72222222222223,,,,,,,2.3033883209228514,,,
127.77,97.72222222222223,,,,,,,2.3503988189697265,,,
127.78,97.72222222222223,,,,,,,2.4320931549072267,,,
127.79,97.72222222222223,,,,,,,2.4536263580322264,,,
127.8,97.72222222222223,,,,,,,2.499208633422852,,,
127.81,97.72222222222223,,,,,,,2.5448018951416014,,,
127.82,97.72222222222223,,,,,,,2.5893184967041014,,,
127.84,97.72222222222223,,,,,,,2.6351204986572263,,,
127.85,97.72222222222223,,,,,,,2.6702218170166017,,,
127.86,97.72222222222223,,,,,,,2.7345467681884768,,,
127.87,97.72222222222223,,,,,,,2.7688021392822266,,,
127.88,97.72222222222223,,,,,,,2.8230965728759765,,,
127.89,97.72222222222223,,,,,,,2.8579342193603514,,,
127.9,97.72222222222223,,,,,,,2.8935409088134767,,,
127.91,97.72222222222223,,,,,,,2.9579098052978514,,,
127.92,97.72222222222223,,,,,,,2.9712362213134766,,,
127.93,97.72222222222223,,,,,,,3.0040084381103513,,,
127.94,97.72222222222223,,,,,,,3.1188375396728514,,,
127.95,97.72222222222223,,,,,,,3.1259127349853517,,,
127.96,97.72222222222223,,,,,,,3.1789107818603517,,,
127.97,97.72222222222223,,,,,,,3.220713760375977,,,
127.98,97.72222222222223,,,,,,,3.2626156158447266,,,
127.99,97.72222222222223,,,,,,,3.3091207427978517,,,
128.0,97.77777777777777,,,,,,,3.406250869750976,,,
128.01,97.77777777777777,,,,,,,3.448152725219727,,,
128.02,97.77777777777777,,,,,,,3.4807491607666017,,,
128.03,97.77777777777777,,,,,,,3.5098849029541017,,,
128.04,97.77777777777777,,,,,,,3.5878548736572267,,,
128.05,97.77777777777777,,,,,,,3.6172433013916017,,,
128.06,97.77777777777777,,,,,,,3.6494332427978518,,,
128.07,97.77777777777777,,,,,,,3.7321163482666018,,,
128.09,97.77777777777777,,,,,,,3.7448824615478515,,,
128.1,97.77777777777777,,,,,,,3.775688125610351,,,
128.11,97.77777777777777,,,,,,,3.8545479888916017,,,
128.12,97.77777777777777,,,,,,,3.8929232330322265,,,
128.13,97.77777777777777,,,,,,,3.923750869750976,,,
128.14,97.77777777777777,,,,,,,3.9559957427978514,,,
128.15,97.77777777777777,,,,,,,4.033229629516601,,,
128.16,97.77777777777777,,,,,,,4.054795791625977,,,
128.17,97.77777777777777,,,,,,,4.070682022094727,,,
128.18,97.77777777777777,,,,,,,4.184104873657227,,,
128.19,97.77777777777777,,,,,,,4.208373672485352,,,
128.2,97.77777777777777,,,,,,,4.2705453033447265,,,
128.21,97.77777777777777,,,,,,,4.292089492797851,,,
128.22,97.77777777777777,,,,,,,4.308689834594726,,,
128.23,97.77777777777777,,,,,,,4.370367080688477,,,
128.24,97.77777777777777,,,,,,,4.455566055297852,,,
128.25,97.77777777777777,,,,,,,4.510772354125977,,,
128.26,97.77777777777777,,,,,,,4.575536758422852,,,
128.27,97.77777777777777,,,,,,,4.600816299438477,,,
128.28,97.77777777777777,,,,,,,4.635467178344727,,,
128.29,97.77777777777777,,,,,,,4.713514053344727,,,
128.3,97.77777777777777,,,,,,,4.748857070922852,,,
128.31,97.77777777777777,,,,,,,4.768006240844726,,,
128.32,97.77777777777777,,,,,,,4.834352676391602,,,
128.34,97.77777777777777,,,,,,,4.877627822875977,,,
128.35,97.77777777777777,,,,,,,4.943260147094727,,,
128.36,97.77777777777777,,,,,,,4.9759115142822266,,,
128.37,97.77777777777777,,,,,,,5.0085299224853514,,,
128.38,97.77777777777777,,,,,,,5.041115371704102,,,
128.39,97.77777777777777,,,,,,,5.122040664672851,,,
128.4,97.77777777777777,,,,,,,5.166568252563477,,,
128.41,97.77777777777777,,,,,,,5.1845858306884764,,,
128.42,97.77777777777777,,,,,,,5.214402725219727,,,
128.43,97.77777777777777,,,,,,,5.278661758422851,,,
128.44,97.77777777777777,,,,,,,5.331901504516601,,,
128.45,97.77777777777777,,,,,,,5.380065567016602,,,
128.46,97.77777777777777,,,,,,,5.425977432250977,,,
128.47,97.77777777777777,,,,,,,5.470867568969727,,,
128.48,97.77777777777777,,,,,,,5.487149307250976,,,
128.49,97.77777777777777,,,,,,,5.574809219360351,,,
128.5,97.77777777777777,,,,,,,5.610800430297851,,,
128.51,97.77777777777777,,,,,,,5.695010635375977,,,
128.52,97.77777777777777,,,,,,,5.754875137329102,,,
128.53,97.77777777777777,,,,,,,5.817343399047852,,,
135.74,97.83333333333333,,,,,,,,,0.7019605865478517,
136.74,97.88888888888889,,,,,8.500947505950927,,,,,
138.54,97.94444444444444,,,,,,,,5.916715118408203,,
138.55,98.0,,,,,,,,5.930118438720703,,
138.56,98.0,,,,,,,,5.978820831298829,,
138.57,98.0,,,,,,,,6.044530059814454,,
138.59,98.0,,,,,,,,6.065810577392578,,
138.6,98.0,,,,,,,,6.098923370361328,,
138.61,98.0,,,,,,,,6.168686553955078,,
138.62,98.0,,,,,,,,6.208588897705078,,
138.63,98.0,,,,,,,,6.246513702392578,,
138.64,98.0,,,,,,,,6.301698028564454,,
138.65,98.0,,,,,,,,6.367319366455078,,
138.66,98.0,,,,,,,,6.394554473876952,,
138.67,98.0,,,,,,,,6.431962921142579,,
138.68,98.0,,,,,,,,6.467086212158203,,
138.69,98.0,,,,,,,,6.518502227783203,,
138.7,98.0,,,,,,,,6.588100616455078,,
138.71,98.0,,,,,,,,6.638450958251953,,
138.72,98.0,,,,,,,,6.661016876220703,,
138.73,98.0,,,,,,,,6.688438751220703,,
138.74,98.0,,,,,,,,6.776450225830079,,
138.75,98.0,,,,,,,,6.815660430908204,,
138.76,98.0,,,,,,,,6.894586212158203,,
138.77,98.0,,,,,,,,6.927819854736327,,
138.78,98.0,,,,,,,,6.960548126220703,,
138.79,98.0,,,,,,,,7.0295532531738285,,
138.8,98.0,,,,,,,,7.050526153564453,,
138.81,98.0,,,,,,,,7.099711944580078,,
138.82,98.0,,,,,,,,7.148051788330079,,
138.84,98.0,,,,,,,,7.211409942626953,,
138.85,98.0,,,,,,,,7.241809112548828,,
138.86,98.0,,,,,,,,7.276800567626954,,
138.87,98.0,,,,,,,,7.335445587158203,,
138.88,98.0,,,,,,,,7.383906280517579,,
138.89,98.0,,,,,,,,7.432762481689453,,
138.9,98.0,,,,,,,,7.454537384033204,,
138.91,98.0,,,,,,,,7.504118682861328,,
138.92,98.0,,,,,,,,7.571146270751954,,
138.93,98.0,,,,,,,,7.603852569580079,,
138.94,98.0,,,,,,,,7.650280792236328,,
138.95,98.0,,,,,,,,7.687095977783204,,
138.96,98.0,,,,,,,,7.756035186767578,,
138.97,98.0,,,,,,,,7.811812774658203,,
138.98,98.0,,,,,,,,7.830753204345703,,
138.99,98.0,,,,,,,,7.852297393798828,,
139.0,98.0,,,,,,,,7.9635998840332025,,
139.01,98.0,,,,,,,,7.996657745361328,,
139.02,98.0,,,,,,,,8.068112823486329,,
139.03,98.0,,,,,,,,8.111322052001952,,
139.04,98.0,,,,,,,,8.160881378173828,,
139.05,98.0,,,,,,,,8.193708526611328,,
139.06,98.0,,,,,,,,8.244036895751954,,
139.07,98.0,,,,,,,,8.276809112548827,,
139.09,98.0,,,,,,,,8.322545196533202,,
139.1,98.0,,,,,,,,8.363425323486329,,
139.11,98.0,,,,,,,,8.412622100830077,,
139.12,98.0,,,,,,,,8.464774200439452,,
139.13,98.0,,,,,,,,8.510773956298829,,
139.14,98.0,,,,,,,,8.543546173095704,,
139.15,98.0,,,,,,,,8.591138946533203,,
139.16,98.0,,,,,,,,8.639566680908203,,
139.17,98.0,,,,,,,,8.680117218017578,,
139.18,98.05555555555556,,,,,,,,8.723557159423828,,
139.19,98.05555555555556,,,,,,,,8.787739288330078,,
139.2,98.05555555555556,,,,,,,,8.828520538330078,,
139.21,98.05555555555556,,,,,,,,8.85862307739258,,
139.22,98.05555555555556,,,,,,,,8.904337188720703,,
139.23,98.05555555555556,,,,,,,,8.952446319580078,,
139.24,98.05555555555556,,,,,,,,9.006993438720704,,
139.25,98.05555555555556,,,,,,,,9.088380157470704,,
139.26,98.05555555555556,,,,,,,,9.123492462158204,,
139.27,98.05555555555556,,,,,,,,9.175545684814452,,
139.28,98.05555555555556,,,,,,,,9.227181427001954,,
139.29,98.05555555555556,,,,,,,,9.259074737548827,,
139.3,98.05555555555556,,,,,,,,9.324487335205077,,
139.31,98.05555555555556,,,,,,,,9.350415069580079,,
139.32,98.05555555555556,,,,,,,,9.383428985595703,,
139.34,98.05555555555556,,,,,,,,9.452093536376953,,
139.35,98.05555555555556,,,,,,,,9.501224395751953,,
139.36,98.05555555555556,,,,,,,,9.535194122314453,,
139.37,98.05555555555556,,,,,,,,9.584061309814453,,
139.38,98.05555555555556,,,,,,,,9.632049591064455,,
139.39,98.05555555555556,,,,,,,,9.668787872314454,,
139.4,98.05555555555556,,,,,,,,9.717501251220703,,
139.41,98.05555555555556,,,,,,,,9.767752716064452,,
139.42,98.05555555555556,,,,,,,,9.800777618408203,,
139.43,98.05555555555556,,,,,,,,9.861927520751953,,
139.44,98.05555555555556,,,,,,,,9.896853057861328,,
139.45,98.05555555555556,,,,,,,,9.961024200439454,,
139.46,98.05555555555556,,,,,,,,9.977492706298827,,
139.47,98.05555555555556,,,,,,,,10.027469512939453,,
139.48,98.05555555555556,,,,,,,,10.073842803955078,,
139.49,98.05555555555556,,,,,,,,10.120216094970704,,
139.5,98.05555555555556,,,,,,,,10.189528839111329,,
139.51,98.05555555555556,,,,,,,,10.256204864501953,,
139.53,98.05555555555556,,,,,,,,10.361882354736327,,
139.54,98.11111111111111,,,,,,,,10.378735382080079,,
139.55,98.11111111111111,,,,,,,,10.423098175048828,,
139.56,98.11111111111111,,,,,,,,10.472349884033202,,
139.57,98.11111111111111,,,,,,,,10.538344757080079,,
139.59,98.11111111111111,,,,,,,,10.543068878173829,,
139.6,98.11111111111111,,,,,,,,10.605679962158202,,
139.61,98.11111111111111,,,,,,,,10.681661407470704,,
139.62,98.11111111111111,,,,,,,,10.722838165283203,,
139.63,98.11111111111111,,,,,,,,10.740844757080078,,
139.64,98.11111111111111,,,,,,,,10.791942169189452,,
139.65,98.11111111111111,,,,,,,,10.845269805908202,,
139.66,98.11111111111111,,,,,,,,10.883897735595703,,
139.67,98.11111111111111,,,,,,,,10.927117950439454,,
139.68,98.11111111111111,,,,,,,,10.992893096923828,,
139.69,98.11111111111111,,,,,,,,11.039442169189453,,
140.25,98.16666666666667,,,,,8.542889228820801,,,,,
140.26,98.16666666666667,,,,,8.589592109680176,,,,,
140.27,98.16666666666667,,,,,8.605610176086426,,,,,
140.28,98.16666666666667,,,,,8.678823066711425,,,,,
140.29,98.16666666666667,,,,,8.734820381164552,,,,,
140.3,98.16666666666667,,,,,8.751706367492677,,,,,
140.31,98.16666666666667,,,,,8.816899238586426,,,,,
140.32,98.16666666666667,,,,,8.846408515930177,,,,,
140.34,98.16666666666667,,,,,8.922697578430176,,,,,
140.35,98.16666666666667,,,,,8.948877998352051,,,,,
140.36,98.16666666666667,,,,,8.999755683898925,,,,,
140.37,98.16666666666667,,,,,9.032846504211426,,,,,
140.38,98.16666666666667,,,,,9.068376289367675,,,,,
140.39,98.16666666666667,,,,,9.102148262023926,,,,,
140.4,98.16666666666667,,,,,9.166374336242676,,,,,
140.41,98.16666666666667,,,,,9.1993882522583,,,,,
140.42,98.16666666666667,,,,,9.266613594055176,,,,,
140.43,98.16666666666667,,,,,9.292651191711427,,,,,
140.44,98.16666666666667,,,,,9.3103062210083,,,,,
140.45,98.16666666666667,,,,,9.40445905303955,,,,,
140.46,98.16666666666667,,,,,9.437758613586427,,,,,
140.47,98.16666666666667,,,,,9.484505439758301,,,,,
140.48,98.16666666666667,,,,,9.543491035461425,,,,,
140.49,98.16666666666667,,,,,9.54692975616455,,,,,
140.5,98.16666666666667,,,,,9.6585288772583,,,,,
140.51,98.16666666666667,,,,,9.692718330383302,,,,,
140.52,98.16666666666667,,,,,9.744233222961427,,,,,
140.53,98.16666666666667,,,,,9.793089424133301,,,,,
140.54,98.16666666666667,,,,,9.822697578430176,,,,,
140.55,98.16666666666667,,,,,9.855250068664551,,,,,
140.56,98.16666666666667,,,,,9.932912422180177,,,,,
140.57,98.16666666666667,,,,,9.968508125305176,,,,,
140.59,98.16666666666667,,,,,10.016869941711427,,,,,
140.6,98.16666666666667,,,,,10.057761054992675,,,,,
140.61,98.16666666666667,,,,,10.114988838195801,,,,,
140.62,98.16666666666667,,,,,10.130248847961425,,,,,
140.63,98.16666666666667,,,,,10.1631529006958,,,,,
140.64,98.16666666666667,,,,,10.254899726867677,,,,,
140.65,98.16666666666667,,,,,10.285090156555174,,,,,
140.66,98.16666666666667,,,,,10.3470200881958,,,,,
140.67,98.16666666666667,,,,,10.377902656555175,,,,,
140.68,98.16666666666667,,,,,10.426407295227051,,,,,
140.69,98.16666666666667,,,,,10.472516914367676,,,,,
140.7,98.16666666666667,,,,,10.49087506866455,,,,,
140.71,98.16666666666667,,,,,10.534765449523926,,,,,
140.72,98.16666666666667,,,,,10.564867988586425,,,,,
140.73,98.16666666666667,,,,,10.635773750305177,,,,,
140.74,98.16666666666667,,,,,10.6800376663208,,,,,
140.75,98.16666666666667,,,,,10.760820137023925,,,,,
140.76,98.16666666666667,,,,,10.8155210647583,,,,,
140.77,98.16666666666667,,,,,10.845294013977052,,,,,
140.78,98.16666666666667,,,,,10.892875801086426,,,,,
140.79,98.16666666666667,,,,,10.941622138977051,,,,6.252517227172852,
140.8,98.16666666666667,,,,,10.96324323272705,,,,,
140.81,98.16666666666667,,,,,11.01738385772705,,,,,
140.82,98.16666666666667,,,,,11.06181256866455,,,,,
140.84,98.16666666666667,,,,,11.084499336242676,,,,,
140.85,98.16666666666667,6.062704345703125,,,,11.117249580383302,,,,,
140.86,98.22222222222223,,,,,11.176916328430176,,,,,
140.87,98.22222222222223,,,,,11.225739570617675,,,,,
140.88,98.22222222222223,,,,,11.262609687805176,,,,,
140.89,98.22222222222223,,,,,11.281352363586427,,,,,
140.9,98.22222222222223,,,,,11.342502265930175,,,,,
140.91,98.22222222222223,,,,,11.37984479522705,,,,,
140.92,98.22222222222223,,,,,11.408628974914551,,,,,
140.93,98.22222222222223,,,,,11.438226142883302,,,,,
140.94,98.22222222222223,,,,,11.469998603820802,,,,,
140.95,98.22222222222223,,,,,11.53699323272705,,,,,
140.96,98.22222222222223,,,,,11.557966133117676,,,,,
140.97,98.22222222222223,,,,,11.590287910461425,,,,,
140.98,98.22222222222223,,,,,11.612590156555177,,,,,
140.99,98.22222222222223,,,,,11.629410224914551,,,,,
141.0,98.22222222222223,,,,,11.682199531555176,,,,,
141.01,98.22222222222223,,,,,11.714213691711425,,,,,
141.02,98.22222222222223,,,,,11.743349433898926,,,,,
141.04,98.22222222222223,,,,,11.776121650695801,,,,,
141.06,98.22222222222223,,,,,11.776769844055176,,,,,
141.07,98.22222222222223,,,,,11.8093443069458,,,,,
141.09,98.27777777777777,,,,,11.826867500305175,8.51509296798706,,,,
141.1,98.27777777777777,,,,,11.857475410461426,,,,,
141.12,98.27777777777777,,,,,11.874075752258301,,,,,
141.14,98.27777777777777,,,,,11.889994941711427,,,,,
141.16,98.27777777777777,,,,,11.9065952835083,,,,,
141.17,98.27777777777777,,,,,11.922580390930177,,,,,
141.18,98.27777777777777,,,,,11.938829170227052,,,,,
141.22,98.27777777777777,,,,,11.955132881164552,,,,,
141.24,98.27777777777777,,,,,11.9711509475708,,,,,
141.25,98.27777777777777,,,,,11.984323554992676,,,,,
141.26,98.27777777777777,,,,,12.007153144836426,,,,,
141.27,98.27777777777777,,,,,12.009295478820802,,,,,
141.28,98.27777777777777,,,,,12.0228745803833,,,,,
141.3,98.27777777777777,,,,,12.055449043273926,,,,,
141.31,98.27777777777777,,,,,12.07198346710205,,,,,
141.35,98.27777777777777,,,,,12.087847724914552,,,,,
141.4,98.27777777777777,,,,,12.104557929992676,,,,,
141.41,98.27777777777777,,,,,12.12115827178955,,,,,
141.42,98.27777777777777,,,,,12.137879463195802,,,,,
141.44,98.27777777777777,,,,,12.15429303741455,,,,,
141.47,98.27777777777777,,,,,12.167180000305176,,,,,
141.48,98.27777777777777,,,,,12.183176094055176,,,,,
141.5,98.27777777777777,,,,,12.199556709289551,,,,,
141.52,98.27777777777777,,,,,12.2300767288208,,,,,
141.53,98.27777777777777,,,,,12.245995918273927,,,,,
141.55,98.27777777777777,,,,,12.262848945617675,,,,,
141.57,98.27777777777777,,,,,12.279020820617676,,,,,
141.61,98.27777777777777,,,,,12.29803815460205,,,,,
141.62,98.27777777777777,,,,,12.313924385070802,,,,,
141.66,98.27777777777777,,,,,12.327514472961425,,,,,
141.67,98.27777777777777,,,,,12.328580146789552,,,,,
141.68,98.27777777777777,,,,,12.344631172180176,,,,,
141.7,98.27777777777777,,,,,12.36101178741455,,,,,
141.72,98.27777777777777,,,,,12.37744733428955,,,,,
141.74,98.27777777777777,,,,,12.383292060852051,,,,,
141.75,98.33333333333333,,,,,12.416075263977051,,,,6.253771839141846,
141.77,98.33333333333333,,,,,12.448397041320801,,,,,
141.79,98.33333333333333,,,,,12.4647007522583,,,,,
141.8,98.33333333333333,,,,,12.477587715148927,,,,,
141.82,98.33333333333333,,,,,12.493891426086426,,,,,
141.84,98.33333333333333,,,,,12.510305000305175,,,,,
141.86,98.33333333333333,,,,,12.526432929992676,,,,,
141.87,98.33333333333333,,,,,12.542538887023927,,,,,
141.91,98.38888888888889,6.071844970703125,,,,12.555524726867676,,,,,
141.92,98.38888888888889,6.07730517578125,,,,,,,,,
141.93,98.38888888888889,6.10745166015625,,,,,,,,,
141.94,98.38888888888889,6.197352783203125,,,,12.571388984680176,,,,,
141.95,98.38888888888889,6.22992724609375,,,,,,,,,
141.96,98.38888888888889,6.269148437499999,,,,12.576827217102052,,,,,
141.97,98.38888888888889,6.323585693359375,,,,12.590384346008301,,,,,
141.98,98.38888888888889,6.362850830078124,,,,12.60345807647705,,,,,
141.99,98.38888888888889,6.39362353515625,,,,12.619805732727052,,,,,
142.0,98.38888888888889,6.50735400390625,,,,12.634867988586427,,,,,
142.01,98.38888888888889,6.549783203124999,,,,12.65162213897705,,,,,
142.02,98.38888888888889,6.59164111328125,,,,,,,,,
142.03,98.38888888888889,6.6204912109375,,,,,,,,,
142.04,98.38888888888889,6.668644287109375,,,,,,,,,
142.05,98.38888888888889,6.717093994140624,,,,12.66836530303955,,,,,
142.06,98.38888888888889,6.73314501953125,,,,,,,,,
142.07,98.38888888888889,6.802128173828124,,,,,,,,,
142.09,98.38888888888889,6.850358154296875,,,,12.684614082336426,,,,,
142.1,98.38888888888889,6.89859912109375,,,,,,,,,
142.11,98.38888888888889,6.942203857421875,,,,,,,,,
142.12,98.38888888888889,6.964506103515625,,,,,,,,,
142.13,98.38888888888889,7.010571777343751,,,,12.701401191711426,,,,,
142.14,98.38888888888889,7.101154052734375,,,,,,,,,
142.15,98.38888888888889,7.116930419921876,,,,,,,,,
142.16,98.38888888888889,7.133563720703124,,,,,,,,,
142.17,98.38888888888889,7.211259033203126,,,,12.719638496398925,,,,,
142.18,98.38888888888889,7.227672607421876,,,,12.732866035461427,,,,,
142.19,98.38888888888889,7.30997119140625,,,,12.748785224914549,,,,,
142.2,98.38888888888889,7.3392607421875,,,,12.76491315460205,,,,,
142.21,98.38888888888889,7.398575927734374,,,,12.777734199523927,,,,,
142.22,98.38888888888889,7.417670166015625,,,,,,,,,
142.23,98.38888888888889,7.479270507812499,,,,12.7937193069458,,,,,
142.24,98.38888888888889,7.495793945312499,,,,12.825832344055177,,,,,
142.25,98.38888888888889,7.625465576171875,,,,12.8268540725708,,,,,
142.26,98.38888888888889,7.676013671874999,,,,,,,,,
142.27,98.38888888888889,7.6923173828125,,,,12.83149030303955,,,,,
142.28,98.38888888888889,7.7238920898437495,,,,12.83228131866455,,,,,
142.29,98.38888888888889,7.7733525390625005,,,,12.849419990539552,,,,,
142.3,98.38888888888889,7.856661865234376,,,,,,,,,
142.31,98.38888888888889,7.876239501953125,,,,12.865471015930178,,,,,
142.32,98.38888888888889,7.95541796875,,,,12.883664375305177,,,,,
142.34,98.38888888888889,,,,,12.889838691711425,,,,,
142.35,98.38888888888889,8.00428515625,,,,12.89507917022705,,,,,
142.36,98.38888888888889,8.07088427734375,,,,12.914030586242674,,,,,
142.37,98.38888888888889,8.0898466796875,,,,,,,,,
142.38,98.38888888888889,8.149744140625,,,,12.951395088195799,,,,,
142.39,98.38888888888889,8.1794951171875,,,,,,,,,
142.4,98.38888888888889,8.238173095703125,,,,12.952955146789552,,,,,
142.41,98.38888888888889,8.2871171875,,,,12.969236885070801,,,,,
142.42,98.38888888888889,8.34066455078125,,,,13.002261787414552,,,,,
142.43,98.38888888888889,8.3696904296875,,,,13.008106513977049,,,,,
142.44,98.38888888888889,8.408043701171874,,,,,,,,,
142.45,98.38888888888889,8.454010498046875,,,,,,,,,
142.46,98.38888888888889,8.519060546875,,,,,,,,,
142.47,98.38888888888889,8.535375244140624,,,,,,,,,
142.48,98.38888888888889,8.602150146484375,,,,,,,,,
142.49,98.38888888888889,8.63428515625,,,,13.021334053039551,,,,,
142.5,98.38888888888889,8.71525439453125,,,,13.038769355773926,14.06564960861206,,,,
142.51,98.44444444444444,8.7644951171875,,,,13.0598081741333,,,,,
142.52,98.44444444444444,8.7971025390625,,,,,,,,,
142.53,98.44444444444444,8.868195068359375,,,,13.093085762023925,,,,,
142.54,98.44444444444444,8.93124560546875,,,,13.09894147491455,,,,,
142.55,98.44444444444444,8.972059814453125,,,,,,,,,
142.56,98.44444444444444,9.01777392578125,,,,13.116882148742675,,,,,
142.57,98.44444444444444,9.044097167968749,,,,13.1302525100708,,,,,
142.59,98.44444444444444,9.10584033203125,,,,13.146116767883301,,,,,
142.6,98.44444444444444,9.121726562500001,,,,,,,,,
142.61,98.44444444444444,9.152059814453125,,,,,,,,,
142.62,98.44444444444444,9.251354248046875,,,,,,,,,
142.63,98.44444444444444,9.28280810546875,,,,,,,,,
142.64,98.44444444444444,9.2996171875,,,,,,,,,
142.65,98.44444444444444,9.395472900390626,,,,,,,,,
142.66,98.44444444444444,9.412281982421874,,,,13.162090888977051,,,,,
142.67,98.44444444444444,9.458798095703125,,,,,,,,,
142.68,98.44444444444444,9.495140869140625,,,,,,,,,
142.69,98.44444444444444,9.538437988281249,,,,13.1780650100708,,,,,
142.7,98.44444444444444,9.581647216796876,,,,13.1941929397583,,,,,
142.71,98.44444444444444,9.630294677734375,,,,,,,,,
142.72,98.44444444444444,9.681051513671875,,,,,,,,,
142.73,98.44444444444444,9.719119140625,,,,,,,,,
142.74,98.44444444444444,9.754637939453124,,7.222676349639892,,13.210441719055178,,,,,
142.75,98.5,9.820599853515626,,,,13.2264927444458,,,,,
142.76,98.5,9.898778564453126,,,,13.2426646194458,,,,,
142.77,98.5,9.955621826171875,,,,13.2555845413208,,,,,
142.78,98.5,9.987031738281251,,,,,,,,,
142.79,98.5,10.017068359375001,,,,,,,,,
142.8,98.5,10.103519775390625,,,,,,,,,
142.81,98.5,10.120262939453124,,,,,,,,,
142.82,98.5,10.152364990234375,,,,,,,,,
142.84,98.5,10.213921386718749,,,,,,,,,
142.85,98.5,10.243068115234374,,,,,,,,,
142.86,98.5,10.320807373046875,,,,,,,,,
142.87,98.5,10.356677734375,,,,,,,,,
142.88,98.5,10.389208251953125,,,,,,,,,
142.89,98.5,10.440668212890625,,,,,,,,,
142.9,98.5,10.472506591796876,,,,,,,,,
142.91,98.5,10.523702880859375,,,,,,,,,
142.92,98.5,10.57317431640625,,,,,,,,,
142.93,98.5,10.6350712890625,,,,,,,,,
142.94,98.5,10.656219970703125,,,,,,,,,
142.95,98.5,10.672633544921876,,,,,,,,,
142.96,98.5,10.768071777343751,,,,,,,,,
142.97,98.5,10.800624267578126,,,,,,,,,
142.98,98.5,10.832792236328125,,,,,,,,,
142.99,98.5,10.928329345703125,,,,,,,,,
143.57,98.55555555555556,,,,,,,,11.044799419403075,,
143.59,98.61111111111111,,,,,,,,11.094743267059325,,
143.6,98.61111111111111,,,,,,,,11.158178325653076,,
143.61,98.61111111111111,,,,,,,,11.178788677215575,,
143.62,98.61111111111111,,,,,,,,11.240147319793701,,
143.63,98.61111111111111,,,,,,,,11.274655376434326,,
143.64,98.61111111111111,,,,,,,,11.320314556121826,,
143.65,98.61111111111111,,,,,,,,11.354888530731202,,
143.66,98.61111111111111,,,,,,,,11.419015727996825,,
143.67,98.61111111111111,,,,,,,,11.473332134246826,,
143.68,98.61111111111111,,,,,,,,11.504203716278075,,
143.69,98.61111111111111,,,,,,,,11.520617290496826,,
143.7,98.61111111111111,,,,,,,,11.586842876434327,,
143.71,98.61111111111111,,,,,,,,11.602729106903077,,
143.72,98.61111111111111,,,,,,,,11.65892417526245,,
143.73,98.61111111111111,,,,,,,,11.727786479949952,,
143.74,98.61111111111111,,,,,,,,11.760657573699952,,
143.75,98.61111111111111,,,,,,,,11.872245708465575,,
143.76,98.61111111111111,,,,,,,,11.908808208465576,,
143.77,98.61111111111111,,,,,,,,11.95972983932495,,
143.78,98.61111111111111,,,,,,,,12.0088387260437,,
143.79,98.61111111111111,,,,,,,,12.035667339324952,,
143.8,98.61111111111111,,,,,,,,12.086995464324952,,
143.81,98.61111111111111,,,,,,,,12.133566509246826,,
143.82,98.61111111111111,,,,,,,,12.166151958465576,,
143.84,98.61111111111111,,,,,,,,12.215733257293701,,
143.85,98.61111111111111,,,,,,,,12.253207622528075,,
143.86,98.61111111111111,,,,,,,,12.2954939994812,,
143.87,98.61111111111111,,,,,,,,12.382659526824952,,
143.88,98.61111111111111,,,,,,,,12.403456645965576,,
143.89,98.61111111111111,,,,,,,,12.431999126434325,,
143.9,98.61111111111111,,,,,,,,12.453532329559327,,
143.91,98.61111111111111,,,,,,,,12.550091167449951,,
143.92,98.61111111111111,,,,,,,,12.556254497528077,,
143.93,98.61111111111111,,,,,,,,12.598288188934326,,
143.94,98.61111111111111,,,,,,,,12.683827739715575,,
143.95,98.61111111111111,,,,,,,,12.721192241668703,,
143.96,98.61111111111111,,,,,,,,12.758051372528076,,
143.97,98.61111111111111,,,,,,,,12.775882183074952,,
143.98,98.61111111111111,,,,,,,,12.853456645965577,,
143.99,98.61111111111111,,,,,,,,12.869892192840576,,
144.0,98.61111111111111,,,,,,,,12.966198345184326,,
144.01,98.61111111111111,,,,,,,,13.040257183074951,,
144.02,98.61111111111111,,,,,,,,13.065404888153076,,
144.03,98.61111111111111,,,,,,,,13.094760356903077,,
144.04,98.61111111111111,,,,,,,,13.165083843231201,,
144.05,98.61111111111111,,,,,,,,13.195087505340577,,
144.06,98.61111111111111,,,,,,,,13.244372173309326,,
144.07,98.61111111111111,,,,,,,,13.290316997528077,,
144.09,98.61111111111111,,,,,,,,13.327011333465578,,
144.1,98.61111111111111,,,,,,,,13.373077007293702,,
144.11,98.61111111111111,,,,,,,,13.421460796356202,,
144.12,98.61111111111111,,,,,,,,13.47399741744995,,
144.13,98.61111111111111,,,,,,,,13.51904136276245,,
144.14,98.61111111111111,,,,,,,,13.554856792449952,,
144.15,98.61111111111111,,,,,,,,13.589145122528077,,
144.16,98.61111111111111,,,,,,,,13.650668560028075,,
144.17,98.61111111111111,,,,,,,,13.683539653778077,,
144.18,98.61111111111111,,,,,,,,13.742206645965577,,
144.19,98.61111111111111,,,,,,,,13.774836040496826,,
144.2,98.61111111111111,,,,,,,,13.809794536590575,,
144.21,98.61111111111111,,,,,,,,13.874097515106202,,
144.22,98.61111111111111,,,,,,,,13.922733989715578,,
144.23,98.61111111111111,,,,,,,,13.973271099090576,,
144.24,98.61111111111111,,,,,,,,14.038485942840575,,
144.25,98.61111111111111,,,,,,,,14.107798686981202,,
144.26,98.61111111111111,,,,,,,,14.132616802215574,,
144.27,98.61111111111111,,,,,,,,14.181000591278076,,
144.28,98.61111111111111,,,,,,,,14.246764751434327,,
144.29,98.61111111111111,,,,,,,,14.276219097137451,,
144.3,98.61111111111111,,,,,,,,14.320351177215576,,
144.31,98.61111111111111,,,,,,,,14.363593364715577,,
144.32,98.61111111111111,,,,,,,,14.4037264213562,,
144.34,98.61111111111111,,,,,,,,14.4826082572937,11.821313343048095,
144.35,98.61111111111111,,,,,,,,14.512018657684326,,
144.36,98.61111111111111,,,,,,,,14.532738872528075,,
144.37,98.61111111111111,,,,,,,,14.597371440887452,,
144.38,98.61111111111111,,,,,,,,14.6268807182312,,
144.39,98.61111111111111,,,,,,,,14.695885845184325,,
144.4,98.61111111111111,,,,,,,,14.729624858856202,,
144.41,98.61111111111111,,,,,,,,14.779195171356202,,
144.42,98.61111111111111,,,,,,,,14.80923179244995,,
144.43,98.61111111111111,,,,,,,,14.863888774871825,,
144.44,98.61111111111111,,,,,,,,14.922017436981202,,
144.46,98.61111111111111,,,,,,,,15.000866313934328,,
144.47,98.61111111111111,,,,,,,,15.0565779838562,,
144.48,98.61111111111111,,,,,,,,15.085614849090575,,
144.49,98.61111111111111,,,,,,,,15.118409038543701,,
144.5,98.61111111111111,,,,,,,,15.217242046356203,,
144.51,98.61111111111111,,,,,,,,15.267350688934325,,
144.52,98.61111111111111,,,,,,,,15.303166118621824,,
144.53,98.61111111111111,,,,,,,,15.373258892059328,,
144.54,98.61111111111111,,,,,,,,15.4033504447937,,
144.55,98.61111111111111,,,,,,,,15.432991558074951,,
144.56,98.61111111111111,,,,,,,,15.470861431121827,,
144.57,98.61111111111111,,,,,,,,15.5201570854187,,
144.59,98.61111111111111,,,,,,,,15.583295513153075,,
144.6,98.61111111111111,,,,,,,,15.615858989715575,,
144.61,98.66666666666667,,,,6.014666893005371,,,,15.665945659637451,,
144.62,98.66666666666667,,,,,,,,15.69820151901245,,
144.63,98.66666666666667,,,,,,,,15.763031841278078,,
144.64,98.66666666666667,,,,,,,,15.81386558151245,,
144.65,98.66666666666667,,,,,,,,15.84739585494995,,
144.66,98.66666666666667,,,,,,,,15.893263774871826,,
144.67,98.66666666666667,,,,,,,,15.9253768119812,,
144.68,98.66666666666667,,,,,,,,16.009740825653076,,
144.69,98.66666666666667,,,,,,,,16.051181255340577,,
146.36,98.83333333333333,,,,,,,,,11.821681003570557,
146.9,98.88888888888889,,,,11.582208396911621,,,,,,
147.12,98.88888888888889,,,,,,14.08066384124756,,,,
147.13,99.0,,,,,,14.09608864593506,,,,
147.14,99.0,,,,,,14.141561058044433,,,,
147.15,99.0,,,,,,14.193757102966309,,,,
147.16,99.0,,,,,,14.206984642028807,,,,
147.17,99.0,,,,,,14.30203835296631,,,,
147.18,99.0,,,,,,14.326307151794435,,,,
147.19,99.0,,,,,,14.372328880310059,,,,
147.2,99.0,,,,,,14.428963401794434,,,,
147.21,99.0,,,,,,14.461614768981935,,,,
147.22,99.0,,,,,,14.500759056091308,,,,
147.23,99.0,,,,,,14.548736351013183,,,,
147.24,99.0,,,,,,14.599053733825684,,,,
147.25,99.0,,,,,,14.712454612731934,,,,
147.26,99.0,,,,,,14.741425559997559,,,,
147.27,99.0,,,,,,14.770396507263184,,,,
147.28,99.0,,,,,,14.81127663421631,,,,
147.29,99.0,,,,,,14.841785667419433,,,,
147.3,99.0,,,,,,14.931170433044432,,,,
147.31,99.0,,,,,,14.937487571716309,,,,
147.32,99.0,,,,,,15.015523460388183,,,,
147.34,99.0,,,,,,15.029805686950684,,,,
147.35,99.0,,,,,,15.109522483825682,,,,
147.36,99.0,,,,,,15.11197243499756,,,,
147.37,99.0,,,,,,15.144382102966308,,,,
147.38,99.0,,,,,,15.243357933044432,,,,
147.39,99.0,,,,,,15.278250511169434,,,,
147.4,99.0,,,,,,15.311176536560058,,,,
147.41,99.0,,,,,,15.340674827575684,,,,
147.42,99.0,,,,,,15.389179466247557,,,,
147.43,99.0,,,,,,15.437837913513183,,,,
147.44,99.0,,,,,,15.48638649749756,,,,
147.45,99.0,,,,,,15.543570335388186,,,,
147.46,99.0,,,,,,15.582165306091309,,,,
147.47,99.0,,,,,,15.634723899841308,,,,
147.48,99.0,,,,,,15.650555198669434,,,,
147.49,99.0,,,,,,15.725833518981933,,,,
147.5,99.0,,,,,,15.803462913513183,,,,
147.51,99.0,,,,,,15.862942893981932,,,,
147.52,99.0,,,,,,15.911854026794433,,,,
147.53,99.0,,,,,,15.933936546325683,,,,
147.54,99.0,,,,,,15.997096946716308,,,,
147.55,99.0,,,,,,16.026001976013184,,,,
147.56,99.0,,,,,,16.05888405609131,,,,
147.57,99.0,,,,,,16.138260276794433,,,,
147.59,99.0,,,,,,16.15501442718506,,,,
147.6,99.0,,,,,,16.19720192718506,,,,
147.61,99.0,,,,,,16.27144753265381,,,,
147.62,99.0,,,,,,16.292365501403808,,,,
147.63,99.0,,,,,,16.32492897796631,,,,
147.64,99.0,,,,,,16.403536155700685,,,,
147.65,99.0,,,,,,16.416423118591307,,,,
147.66,99.0,,,,,,16.47539772796631,,,17.359910984039306,
147.67,99.0,,,,,,16.507334983825682,,,,
147.68,99.0,,,,,,16.571648948669434,,,,
147.69,99.0,,,,,,16.628711936950683,,,,
147.7,99.0,,,,,,16.660572288513183,,,,
147.71,99.0,,,,,,16.71079079437256,,,,
147.73,99.0,,,,,,16.78626686859131,,,,
147.74,99.0,,,,,,16.84915261077881,,,,
147.75,99.0,,,,,,16.93374733734131,,,,
147.76,99.0,,,,,,16.977923362731932,,,,
147.77,99.0,,,,,,17.007146995544435,,,,
147.78,99.0,,,,,,17.091851585388184,,,,
147.79,99.0,,,,,,17.09687233734131,,,,
147.8,99.0,,,,,,17.147914817810058,,,,
147.81,99.0,,,,,,17.18074196624756,,,,
147.82,99.0,,,,,,17.224434593200684,,,,
147.84,99.0,,,,,,17.30651345062256,,,,
147.85,99.0,,,,,,17.323267601013185,,,,
147.86,99.0,,,,,,17.374727561950685,,,,
147.87,99.0,,,,,,17.390438011169433,,,,
147.88,99.0,,,,,,17.439612815856933,,,,
147.89,99.0,,,,,,17.52332863616943,,,,
147.9,99.0,,,,,,17.534666526794435,,,,
147.91,99.0,,,,,,17.617635276794434,,,,
147.92,99.0,,,,,,17.63906960296631,,,,
147.93,99.0,,,,,,17.685750511169434,,,,
147.94,99.0,,,,,,17.744065940856935,,,,
147.95,99.0,,,,,,17.772212913513183,,,,
147.96,99.0,,,,,,17.84561257171631,,,,
147.97,99.0,,,,,,17.858719261169433,,,,
147.98,99.0,,,,,,17.913255393981935,,,,
147.99,99.0,,,,,,17.96714333343506,,,,
148.0,99.0,,,,,,18.069678733825683,,,,
148.01,99.0,,,,,,18.105197532653808,,,,
148.03,99.0,,,,,,18.185298851013183,,,,
148.04,99.0,,,,,,18.25274391937256,,,,
148.05,99.0,,,,,,18.301325462341307,,,,
148.06,99.0,,,,,,18.308191917419432,,,,
148.07,99.0,,,,,,18.356323020935058,,,,
148.09,99.0,,,,,,18.436050804138183,,,,
148.11,99.0,,,,,,18.484247825622557,,,,
148.12,99.0,,,,,,18.50066139984131,,,,
148.13,99.0,,,,,,18.584388206481933,,,,
148.14,99.0,,,,,,18.635287864685058,,,,
148.15,99.0,,,,,,18.690186546325684,,,,
148.16,99.0,,,,,,18.732198265075684,,,,
148.17,99.0,,,,,,18.748216331481935,,,,
148.18,99.0,,,,,,18.86054055023193,,,,
148.55,99.0,10.928697006225587,,,,,,,,,
148.56,99.05555555555556,10.929583957672119,,,,,,,,,
149.61,99.11111111111111,,,,,,,,16.05122699737549,,
149.69,99.16666666666667,,,12.760906330108643,,,,,,,
149.96,99.22222222222223,10.92995161819458,,,,,,,,,
151.41,99.22222222222223,,,,,,,11.355573379516603,,,
151.5,99.3888888888889,,,,11.582576057434082,,,,,,
151.64,99.44444444444444,,,12.761273990631103,,,,,,,
153.43,99.55555555555556,,,,17.120806037902835,,,,,,
153.5,99.6111111111111,,,,,,,11.355941040039061,,,
154.1,99.6111111111111,,,18.299503971099853,,,,,,,
154.82,99.6111111111111,,,,,,,16.894171020507812,,,
181.92,100.0,,,,,,,0.0,,,
181.93,100.0,0.0,,,,,0.0,,,,
181.94,100.0,,,0.0,,,,,,,
181.95,100.0,,,,,0.0,,,,,
181.96,100.0,,0.0,,,,,,,0.0,0.0
181.97,100.0,,,,0.0,,,,0.0,,
182.01,100.0,0.0,0.0,0.0,0.0,0.0,0.0,0.0,0.0,0.0,0.0
