time,workflow_completion_percentage,Waiting,Committing,Executing,Retrieving,Done
-8.09,0.0,0,0,0,0,0
-8.08,0.0,225,0,0,0,0
-6.87,0.0,247,0,0,0,0
-6.86,0.0,417,0,0,0,0
-6.85,0.0,450,0,0,0,0
-6.39,0.0,454,0,0,0,0
-6.38,0.0,621,0,0,0,0
-6.37,0.0,675,0,0,0,0
-5.56,0.0,681,0,0,0,0
-5.55,0.0,851,0,0,0,0
-5.54,0.0,900,0,0,0,0
-4.77,0.0,926,0,0,0,0
-4.76,0.0,1091,0,0,0,0
-4.75,0.0,1125,0,0,0,0
-3.49,0.0,1206,0,0,0,0
-3.48,0.0,1345,0,0,0,0
-3.47,0.0,1350,0,0,0,0
-2.57,0.0,1384,0,0,0,0
-2.56,0.0,1555,0,0,0,0
-2.55,0.0,1575,0,0,0,0
-1.35,0.0,1724,0,0,0,0
-1.34,0.0,1800,0,0,0,0
0.0,0.0,1799,0,1,0,0
2.04,0.0,1799,0,0,1,0
2.9,0.0,1798,1,0,0,0
2.91,0.0,1798,0,1,0,1
2.92,0.05555555555555555,1796,2,1,0,1
2.96,0.05555555555555555,1796,0,3,0,1
2.97,0.05555555555555555,1795,0,4,0,1
2.99,0.05555555555555555,1793,0,6,0,1
3.0,0.05555555555555555,1790,0,9,0,1
3.01,0.05555555555555555,1785,2,12,0,1
3.02,0.05555555555555555,1785,1,13,0,1
3.03,0.05555555555555555,1783,0,16,0,1
3.04,0.05555555555555555,1781,0,18,0,1
3.06,0.05555555555555555,1778,1,20,0,1
3.07,0.05555555555555555,1778,0,21,0,1
3.09,0.05555555555555555,1777,0,22,0,1
3.1,0.05555555555555555,1776,0,23,0,1
3.11,0.05555555555555555,1775,0,24,0,1
3.12,0.05555555555555555,1774,0,25,0,1
3.14,0.05555555555555555,1773,1,25,0,1
3.15,0.05555555555555555,1773,0,26,0,1
3.16,0.05555555555555555,1771,0,28,0,1
3.18,0.05555555555555555,1770,0,29,0,1
3.19,0.05555555555555555,1769,0,30,0,1
3.2,0.05555555555555555,1768,0,31,0,1
3.21,0.05555555555555555,1767,0,32,0,1
3.23,0.05555555555555555,1766,0,33,0,1
3.24,0.05555555555555555,1765,0,34,0,1
3.25,0.05555555555555555,1763,0,36,0,1
3.26,0.05555555555555555,1762,0,37,0,1
3.27,0.05555555555555555,1761,0,38,0,1
3.28,0.05555555555555555,1760,1,38,0,1
3.29,0.05555555555555555,1759,0,40,0,1
3.4,0.05555555555555555,1758,0,41,0,1
3.46,0.05555555555555555,1757,0,42,0,1
3.5,0.05555555555555555,1752,2,45,0,1
3.51,0.05555555555555555,1750,0,48,1,1
3.53,0.05555555555555555,1748,1,48,2,1
3.54,0.05555555555555555,1744,0,53,2,1
3.57,0.05555555555555555,1743,0,53,3,1
3.58,0.05555555555555555,1741,0,55,3,1
3.59,0.05555555555555555,1740,0,56,3,1
3.6,0.05555555555555555,1739,0,57,3,1
3.61,0.05555555555555555,1739,0,56,4,1
3.62,0.05555555555555555,1736,2,57,0,5
3.63,0.2777777777777778,1735,0,60,0,5
3.64,0.2777777777777778,1733,1,61,0,5
3.65,0.2777777777777778,1729,2,64,0,5
3.66,0.2777777777777778,1728,0,67,0,5
3.68,0.2777777777777778,1727,0,68,0,5
3.69,0.2777777777777778,1725,1,69,0,5
3.7,0.2777777777777778,1724,0,71,0,5
3.72,0.2777777777777778,1723,0,72,0,5
3.73,0.2777777777777778,1719,1,75,0,5
3.74,0.2777777777777778,1713,0,82,0,5
3.75,0.2777777777777778,1711,0,84,0,5
3.76,0.2777777777777778,1707,2,86,0,5
3.77,0.2777777777777778,1705,0,90,0,5
3.78,0.2777777777777778,1704,0,90,1,5
3.79,0.2777777777777778,1703,0,91,1,5
3.81,0.2777777777777778,1701,0,93,1,5
3.82,0.2777777777777778,1699,1,94,1,5
3.83,0.2777777777777778,1699,0,95,1,5
3.84,0.2777777777777778,1693,1,100,1,5
3.85,0.2777777777777778,1693,0,101,1,5
3.86,0.2777777777777778,1692,0,102,1,5
3.87,0.2777777777777778,1690,0,104,1,5
3.88,0.2777777777777778,1688,0,106,1,5
3.9,0.2777777777777778,1686,0,108,1,5
3.91,0.2777777777777778,1684,0,109,0,7
3.96,0.3888888888888889,1683,0,109,0,8
4.13,0.4444444444444444,1682,0,109,0,9
4.21,0.5,1682,0,108,1,9
4.22,0.5,1681,0,109,0,10
4.28,0.5555555555555556,1681,0,108,0,11
4.31,0.6111111111111112,1681,0,107,1,11
4.36,0.6111111111111112,1681,0,106,2,11
4.4,0.6111111111111112,1680,0,107,0,13
4.41,0.7222222222222222,1678,0,109,0,13
4.47,0.7222222222222222,1677,0,109,0,14
4.58,0.7777777777777778,1677,0,108,0,15
4.61,0.8333333333333334,1676,0,109,0,15
4.62,0.8333333333333334,1675,0,109,0,16
4.76,0.8888888888888888,1675,0,107,0,18
4.77,1.0,1673,1,108,0,18
4.78,1.0,1673,0,109,0,18
4.95,1.0,1673,0,108,0,18
4.96,1.0,1673,0,108,0,19
5.0,1.0555555555555556,1672,0,109,0,19
5.12,1.0555555555555556,1672,0,108,1,19
5.13,1.0555555555555556,1672,0,107,1,20
5.14,1.1111111111111112,1672,0,105,3,20
5.17,1.1111111111111112,1671,0,106,0,23
5.2,1.277777777777778,1670,0,107,0,23
5.23,1.277777777777778,1670,0,106,1,23
5.24,1.277777777777778,1669,0,107,1,23
5.25,1.277777777777778,1667,1,108,0,24
5.26,1.3333333333333333,1666,1,108,0,25
5.27,1.3888888888888888,1665,2,108,0,25
5.32,1.3888888888888888,1665,2,107,1,25
5.36,1.3888888888888888,1664,0,110,1,25
5.38,1.3888888888888888,1663,0,111,1,25
5.4,1.3888888888888888,1662,0,112,1,25
5.43,1.3888888888888888,1661,0,113,1,25
5.46,1.3888888888888888,1658,2,114,1,25
5.47,1.3888888888888888,1655,1,118,0,26
5.48,1.4444444444444444,1654,0,120,0,26
5.5,1.5,1654,0,119,0,27
5.6,1.5,1653,0,120,0,27
5.66,1.5,1652,1,119,0,28
5.67,1.5555555555555556,1652,0,120,0,28
5.71,1.5555555555555556,1652,0,119,0,29
5.73,1.6111111111111112,1651,0,120,0,29
5.92,1.6111111111111112,1651,0,118,0,31
5.94,1.7222222222222223,1650,0,119,0,31
5.95,1.7222222222222223,1649,0,120,0,31
5.98,1.7222222222222223,1649,0,119,1,31
5.99,1.7222222222222223,1648,0,120,0,32
6.01,1.7777777777777777,1648,0,119,0,33
6.02,1.8333333333333333,1647,0,120,0,33
6.5,1.8333333333333333,1646,0,119,1,34
6.51,1.8888888888888888,1645,0,120,0,35
6.52,1.9444444444444444,1644,0,120,0,36
6.57,2.0,1644,0,119,1,36
6.58,2.0,1643,0,120,0,37
6.62,2.055555555555556,1642,0,120,0,38
6.68,2.111111111111111,1641,0,120,0,39
6.69,2.166666666666667,1640,1,119,0,40
6.7,2.2222222222222223,1640,0,120,0,40
6.77,2.2222222222222223,1640,0,119,0,41
6.82,2.2777777777777777,1639,0,120,0,41
6.91,2.2777777777777777,1639,0,119,0,42
6.92,2.3333333333333335,1638,0,120,0,42
6.93,2.3333333333333335,1638,0,119,0,43
6.95,2.388888888888889,1637,0,120,0,43
7.06,2.388888888888889,1637,0,119,1,43
7.07,2.388888888888889,1637,0,119,0,44
7.08,2.4444444444444446,1636,0,120,0,44
7.1,2.4444444444444446,1636,0,118,2,44
7.11,2.4444444444444446,1635,0,119,0,46
7.13,2.555555555555556,1634,0,120,0,46
7.28,2.555555555555556,1634,0,119,0,47
7.29,2.611111111111111,1633,0,120,0,47
7.32,2.611111111111111,1633,0,119,0,48
7.39,2.6666666666666665,1633,0,118,1,48
7.4,2.6666666666666665,1633,0,116,3,48
7.41,2.6666666666666665,1632,0,116,1,51
7.42,2.833333333333333,1631,0,117,1,51
7.43,2.833333333333333,1630,0,118,1,51
7.47,2.833333333333333,1628,1,119,0,52
7.48,2.888888888888889,1628,0,117,0,54
7.49,3.0,1625,0,120,0,55
7.5,3.0555555555555554,1625,0,119,0,56
7.51,3.111111111111111,1625,0,118,1,56
7.52,3.111111111111111,1624,0,116,4,56
7.53,3.111111111111111,1622,0,118,0,60
7.54,3.3333333333333335,1622,0,117,1,60
7.57,3.3333333333333335,1621,0,117,2,60
7.58,3.3333333333333335,1621,0,116,3,60
7.59,3.3333333333333335,1620,0,114,6,60
7.6,3.3333333333333335,1616,2,116,0,66
7.61,3.6666666666666665,1616,0,118,0,66
7.62,3.6666666666666665,1615,1,118,0,66
7.63,3.6666666666666665,1614,0,120,0,66
7.69,3.6666666666666665,1613,0,120,0,67
7.75,3.7777777777777777,1611,0,120,0,69
7.76,3.833333333333333,1610,0,118,0,72
7.78,4.0,1609,0,118,1,72
7.79,4.0,1608,0,119,0,73
7.84,4.055555555555555,1608,0,118,1,73
7.85,4.055555555555555,1607,0,118,2,73
7.86,4.055555555555555,1607,0,118,0,75
7.87,4.166666666666666,1606,0,117,2,75
7.88,4.166666666666666,1604,1,117,0,78
7.89,4.333333333333334,1602,0,120,0,78
7.9,4.333333333333334,1602,0,117,0,81
7.92,4.5,1601,0,118,0,81
8.01,4.5,1600,0,117,2,81
8.03,4.5,1599,1,117,2,81
8.04,4.5,1596,1,119,0,84
8.06,4.666666666666667,1595,0,120,0,85
8.07,4.722222222222222,1595,0,119,1,85
8.08,4.722222222222222,1594,0,120,0,86
8.16,4.777777777777778,1593,0,119,1,87
8.17,4.833333333333333,1593,0,119,0,88
8.18,4.888888888888889,1591,1,119,0,89
8.19,4.944444444444445,1591,0,120,0,89
8.21,4.944444444444445,1591,0,119,0,90
8.22,5.0,1590,0,120,0,90
8.26,5.0,1589,0,119,1,91
8.27,5.055555555555555,1588,0,120,0,92
8.32,5.111111111111112,1588,0,119,0,93
8.33,5.166666666666667,1587,1,119,0,93
8.34,5.166666666666667,1587,0,120,0,93
8.74,5.166666666666667,1587,0,119,0,94
8.75,5.222222222222222,1586,0,120,0,94
8.76,5.222222222222222,1586,0,119,0,95
8.77,5.277777777777778,1585,0,120,0,95
8.78,5.277777777777778,1584,1,119,0,96
8.79,5.333333333333333,1584,0,119,0,97
8.81,5.388888888888889,1583,0,120,0,97
8.82,5.388888888888889,1583,0,119,1,97
8.83,5.388888888888889,1583,0,119,0,98
8.84,5.444444444444444,1582,0,120,0,98
8.88,5.444444444444444,1582,0,119,0,99
8.89,5.5,1581,0,120,0,99
8.92,5.5,1581,0,119,0,100
8.94,5.555555555555555,1580,0,120,0,100
9.0,5.611111111111111,1579,0,120,0,101
9.02,5.611111111111111,1579,0,119,0,102
9.03,5.666666666666666,1579,0,118,1,102
9.04,5.666666666666666,1576,1,119,0,104
9.06,5.777777777777778,1576,0,119,1,104
9.07,5.777777777777778,1576,0,119,0,105
9.09,5.833333333333333,1575,0,119,0,105
9.1,5.833333333333333,1575,0,119,0,106
9.11,5.888888888888888,1574,0,120,0,106
9.12,5.888888888888888,1574,0,119,0,107
9.14,5.944444444444445,1574,0,118,1,107
9.15,5.944444444444445,1573,0,116,4,107
9.16,5.944444444444445,1571,0,116,2,111
9.17,6.166666666666667,1571,0,114,4,111
9.2,6.166666666666667,1570,0,115,4,111
9.22,6.166666666666667,1569,0,115,5,111
9.23,6.166666666666667,1565,0,119,0,116
9.24,6.444444444444445,1564,1,118,1,116
9.25,6.5,1563,0,120,0,117
9.28,6.5,1562,0,119,1,118
9.29,6.555555555555556,1562,0,118,1,119
9.31,6.611111111111111,1559,0,120,0,121
9.35,6.722222222222222,1558,0,119,0,123
9.36,6.833333333333333,1557,0,120,0,123
9.45,6.833333333333333,1557,0,119,0,124
9.46,6.888888888888889,1556,0,119,0,125
9.47,6.944444444444445,1555,0,120,0,125
9.5,7.000000000000001,1554,0,119,1,126
9.51,7.000000000000001,1553,0,120,0,127
9.53,7.055555555555555,1552,0,120,0,128
9.71,7.111111111111111,1551,1,119,0,129
9.72,7.166666666666667,1551,0,119,1,129
9.73,7.166666666666667,1550,0,120,0,130
9.75,7.222222222222221,1549,0,120,0,131
9.96,7.277777777777778,1548,1,119,0,132
9.97,7.333333333333333,1548,0,120,0,132
9.98,7.333333333333333,1548,0,119,1,132
9.99,7.333333333333333,1548,0,119,0,133
10.0,7.444444444444444,1547,0,119,0,134
10.02,7.444444444444444,1546,0,120,0,134
10.06,7.444444444444444,1546,0,119,0,135
10.07,7.5,1545,0,120,0,135
10.13,7.5,1544,0,120,0,136
10.15,7.555555555555555,1543,0,120,0,137
10.18,7.611111111111112,1542,1,119,0,138
10.19,7.666666666666666,1542,0,120,0,138
10.22,7.666666666666666,1542,0,119,1,138
10.23,7.666666666666666,1541,0,120,0,139
10.24,7.722222222222222,1541,0,118,2,139
10.25,7.833333333333334,1539,0,120,0,141
10.26,7.833333333333334,1538,0,120,0,142
10.27,7.888888888888888,1538,0,119,1,142
10.28,7.888888888888888,1538,0,119,0,143
10.29,7.944444444444445,1538,0,118,1,143
10.31,7.944444444444445,1536,1,119,0,144
10.32,8.0,1534,1,119,0,146
10.33,8.11111111111111,1533,0,120,0,147
10.34,8.166666666666666,1532,0,118,2,148
10.35,8.222222222222223,1530,0,119,0,151
10.37,8.38888888888889,1529,1,117,2,151
10.38,8.38888888888889,1527,1,119,0,153
10.39,8.5,1526,1,119,0,154
10.4,8.555555555555555,1525,0,120,0,155
10.41,8.61111111111111,1524,0,120,0,156
10.42,8.666666666666668,1522,1,118,1,158
10.43,8.777777777777777,1520,1,119,0,160
10.44,8.88888888888889,1520,0,120,0,160
10.46,8.88888888888889,1518,1,118,0,163
10.47,9.055555555555555,1517,0,120,0,163
10.5,9.055555555555555,1516,0,120,0,164
10.51,9.11111111111111,1515,0,120,0,165
10.53,9.166666666666666,1514,0,119,1,166
10.54,9.222222222222221,1512,1,119,0,168
10.56,9.333333333333334,1512,0,119,0,169
10.57,9.388888888888888,1511,0,120,0,169
10.6,9.388888888888888,1511,0,119,0,170
10.61,9.444444444444445,1510,0,120,0,170
10.65,9.444444444444445,1509,0,120,0,171
10.67,9.5,1509,0,119,1,171
10.68,9.5,1509,0,119,0,172
10.69,9.555555555555555,1508,0,120,0,172
10.78,9.555555555555555,1507,0,120,0,173
10.85,9.61111111111111,1507,0,119,1,173
10.86,9.61111111111111,1506,0,119,0,175
10.87,9.722222222222223,1505,1,119,0,175
10.88,9.722222222222223,1505,0,119,1,175
10.89,9.722222222222223,1505,0,119,0,176
10.9,9.777777777777779,1504,0,120,0,176
10.92,9.777777777777779,1504,0,119,0,177
10.93,9.833333333333332,1503,0,120,0,177
11.01,9.833333333333332,1502,0,120,0,178
11.03,9.88888888888889,1502,0,119,0,179
11.04,9.944444444444445,1502,0,118,1,179
11.1,9.944444444444445,1501,1,118,1,179
11.11,9.944444444444445,1501,0,119,0,180
11.16,10.0,1500,0,120,0,180
11.19,10.0,1500,0,119,0,181
11.22,10.055555555555555,1499,0,119,0,182
11.24,10.11111111111111,1498,0,120,0,182
11.32,10.11111111111111,1498,0,119,1,182
11.33,10.11111111111111,1498,0,119,0,183
11.34,10.166666666666666,1497,0,120,0,183
11.36,10.166666666666666,1497,0,119,0,184
11.37,10.222222222222223,1496,0,119,0,185
11.38,10.277777777777777,1495,0,120,0,185
11.41,10.277777777777777,1494,0,119,0,187
11.43,10.38888888888889,1493,0,120,0,187
11.46,10.38888888888889,1493,0,119,0,187
11.47,10.38888888888889,1492,0,120,0,188
11.5,10.5,1492,0,118,1,189
11.52,10.5,1491,0,119,1,189
11.53,10.5,1491,0,119,0,190
11.59,10.555555555555555,1490,0,120,0,190
11.64,10.555555555555555,1490,0,119,1,190
11.65,10.555555555555555,1489,0,120,0,191
11.79,10.61111111111111,1489,0,119,0,192
11.81,10.666666666666666,1488,0,120,0,192
11.85,10.666666666666666,1488,0,119,0,193
11.86,10.722222222222221,1487,0,120,0,193
11.87,10.722222222222221,1487,0,119,1,193
11.88,10.722222222222221,1487,0,117,2,194
11.9,10.777777777777779,1487,0,114,5,194
11.91,10.777777777777779,1487,0,113,6,194
11.92,10.777777777777779,1487,0,112,0,201
11.93,11.166666666666666,1482,1,116,0,201
11.94,11.166666666666666,1479,0,118,0,203
11.95,11.277777777777779,1477,0,120,0,203
11.97,11.277777777777779,1476,0,119,1,204
11.98,11.333333333333332,1476,0,119,0,205
11.99,11.38888888888889,1474,0,120,0,206
12.0,11.444444444444445,1473,0,120,0,207
12.09,11.5,1473,0,119,0,208
12.1,11.555555555555555,1472,0,120,0,208
12.13,11.555555555555555,1472,0,119,0,209
12.15,11.61111111111111,1470,1,119,0,210
12.16,11.666666666666666,1470,0,120,0,210
12.18,11.666666666666666,1469,0,120,0,211
12.19,11.722222222222223,1468,0,120,0,212
12.2,11.777777777777777,1467,1,119,0,213
12.21,11.833333333333334,1467,0,120,0,213
12.23,11.833333333333334,1467,0,119,0,214
12.24,11.88888888888889,1466,0,120,0,214
12.25,11.88888888888889,1465,0,120,0,215
12.27,11.944444444444445,1465,0,118,1,216
12.28,12.0,1465,0,117,2,216
12.29,12.0,1464,0,118,0,218
12.31,12.11111111111111,1462,0,120,0,218
12.32,12.11111111111111,1462,0,118,1,219
12.33,12.166666666666668,1461,0,119,1,219
12.34,12.166666666666668,1460,0,120,0,220
12.38,12.222222222222221,1460,0,118,1,221
12.39,12.277777777777779,1459,0,118,0,223
12.42,12.38888888888889,1458,0,118,1,223
12.43,12.38888888888889,1455,0,120,0,225
12.49,12.5,1455,0,119,0,226
12.5,12.555555555555555,1454,0,120,0,226
12.52,12.555555555555555,1454,0,119,0,227
12.53,12.611111111111112,1453,0,119,0,228
12.57,12.666666666666668,1452,0,120,0,228
12.58,12.666666666666668,1452,0,119,0,229
12.59,12.722222222222221,1450,0,120,0,230
12.69,12.777777777777777,1449,0,120,0,231
12.77,12.833333333333332,1449,0,119,0,232
12.78,12.88888888888889,1448,0,120,0,232
12.81,12.88888888888889,1448,0,119,1,232
12.82,12.88888888888889,1447,0,120,0,233
12.85,12.944444444444445,1447,0,119,0,234
12.86,13.0,1446,0,120,0,234
12.9,13.0,1445,1,119,0,235
12.91,13.055555555555557,1445,0,120,0,235
13.21,13.055555555555557,1445,0,119,1,235
13.22,13.055555555555557,1444,0,120,0,236
13.26,13.111111111111112,1443,0,120,0,237
13.39,13.166666666666666,1442,0,120,0,238
13.47,13.222222222222221,1442,0,118,0,240
13.48,13.333333333333334,1440,0,120,0,240
13.49,13.333333333333334,1439,1,119,0,241
13.5,13.38888888888889,1439,0,120,0,241
13.51,13.38888888888889,1439,0,119,0,242
13.52,13.444444444444445,1438,0,120,0,242
13.56,13.444444444444445,1438,0,119,1,242
13.57,13.444444444444445,1437,0,120,0,243
13.59,13.5,1437,0,119,0,244
13.61,13.555555555555557,1437,0,118,1,244
13.62,13.555555555555557,1437,0,117,2,244
13.64,13.555555555555557,1436,0,116,1,247
13.66,13.722222222222221,1435,0,117,1,247
13.67,13.722222222222221,1433,0,119,0,248
13.68,13.777777777777779,1432,0,120,0,248
13.72,13.777777777777779,1431,0,120,0,249
13.73,13.833333333333334,1430,0,120,0,250
13.78,13.88888888888889,1430,0,119,0,251
13.82,13.944444444444445,1429,0,120,0,251
13.83,13.944444444444445,1428,1,119,0,252
13.84,14.000000000000002,1428,0,119,0,253
13.86,14.055555555555554,1427,0,120,0,253
13.87,14.055555555555554,1426,0,120,0,254
14.0,14.166666666666666,1425,0,120,0,255
14.04,14.166666666666666,1425,0,119,0,256
14.07,14.222222222222221,1424,0,120,0,256
14.09,14.222222222222221,1424,0,119,0,257
14.11,14.277777777777779,1423,0,120,0,257
14.13,14.277777777777779,1423,0,119,0,258
14.15,14.333333333333334,1422,0,118,0,260
14.16,14.444444444444443,1421,1,117,1,260
14.17,14.444444444444443,1419,0,120,0,261
14.32,14.499999999999998,1419,0,119,1,261
14.33,14.499999999999998,1418,0,120,0,262
14.38,14.555555555555555,1417,0,120,0,263
14.39,14.61111111111111,1416,0,120,0,264
14.45,14.666666666666666,1416,0,119,0,265
14.46,14.722222222222223,1416,0,118,1,265
14.5,14.722222222222223,1416,0,116,3,265
14.53,14.722222222222223,1415,0,117,0,268
14.54,14.888888888888888,1414,0,117,1,268
14.56,14.888888888888888,1412,0,119,0,269
14.57,14.944444444444443,1411,0,118,1,270
14.58,15.0,1411,0,117,2,270
14.59,15.0,1411,0,116,3,270
14.61,15.0,1407,1,119,0,273
14.62,15.166666666666668,1407,0,120,0,273
14.65,15.166666666666668,1407,0,119,0,274
14.66,15.222222222222223,1406,0,120,0,274
14.69,15.222222222222223,1405,0,120,0,275
14.71,15.277777777777779,1405,0,119,0,276
14.72,15.333333333333332,1404,0,119,0,277
14.73,15.388888888888888,1403,0,119,0,278
14.74,15.444444444444445,1402,0,120,0,278
14.85,15.444444444444445,1402,0,119,0,279
14.86,15.5,1402,0,117,2,279
14.87,15.5,1400,1,117,1,281
14.88,15.611111111111112,1398,0,120,0,282
14.9,15.666666666666668,1398,0,119,0,283
14.92,15.722222222222223,1397,0,119,1,283
14.93,15.722222222222223,1397,0,118,1,284
14.94,15.777777777777777,1396,0,119,0,285
14.97,15.833333333333332,1395,0,119,0,286
14.98,15.88888888888889,1394,0,120,0,286
15.0,15.88888888888889,1393,1,119,0,287
15.01,15.944444444444445,1393,0,120,0,287
15.09,15.944444444444445,1392,0,120,0,288
15.11,16.0,1392,0,119,1,288
15.12,16.0,1391,0,120,0,289
15.14,16.055555555555557,1391,0,119,1,289
15.15,16.055555555555557,1390,0,120,0,290
15.16,16.11111111111111,1390,0,119,1,290
15.17,16.11111111111111,1390,0,119,0,291
15.18,16.166666666666664,1389,0,120,0,291
15.19,16.166666666666664,1389,0,119,0,292
15.22,16.22222222222222,1388,0,120,0,292
15.4,16.22222222222222,1387,0,120,0,293
15.43,16.27777777777778,1387,0,119,1,293
15.44,16.27777777777778,1386,0,119,0,295
15.47,16.38888888888889,1385,0,119,0,296
15.48,16.444444444444446,1384,0,120,0,296
15.49,16.444444444444446,1383,1,118,1,297
15.5,16.555555555555557,1382,0,119,0,299
15.52,16.61111111111111,1381,0,120,0,299
15.53,16.61111111111111,1381,0,118,0,301
15.54,16.72222222222222,1379,0,120,0,301
15.58,16.72222222222222,1379,0,119,0,302
15.59,16.77777777777778,1378,0,120,0,302
15.61,16.77777777777778,1378,0,119,0,303
15.62,16.833333333333332,1378,0,118,1,303
15.63,16.833333333333332,1378,0,117,2,303
15.65,16.833333333333332,1377,0,117,1,305
15.67,16.944444444444446,1375,1,118,1,305
15.68,16.944444444444446,1374,0,120,0,306
15.69,17.0,1374,0,119,0,307
15.71,17.055555555555554,1373,0,120,0,307
15.73,17.055555555555554,1373,0,118,1,308
15.74,17.11111111111111,1372,0,118,0,310
15.76,17.22222222222222,1371,1,117,1,310
15.77,17.22222222222222,1371,0,118,1,310
15.78,17.22222222222222,1369,0,120,0,311
15.81,17.27777777777778,1369,0,119,0,312
15.82,17.333333333333336,1368,0,120,0,312
15.83,17.333333333333336,1368,0,119,1,312
15.84,17.333333333333336,1368,0,119,0,313
15.85,17.38888888888889,1367,0,120,0,313
15.87,17.38888888888889,1367,0,118,1,314
15.88,17.444444444444446,1366,0,119,0,315
15.89,17.5,1366,0,118,1,315
15.93,17.5,1364,0,120,0,316
15.95,17.555555555555554,1364,0,119,0,317
16.0,17.666666666666668,1364,0,118,0,318
16.02,17.666666666666668,1364,0,116,1,319
16.03,17.72222222222222,1364,0,115,0,321
16.04,17.833333333333336,1364,0,114,0,322
16.07,17.888888888888886,1364,0,113,0,323
16.1,17.944444444444443,1364,0,112,0,324
16.13,18.0,1364,0,111,0,325
16.22,18.055555555555554,1364,0,110,0,326
16.23,18.11111111111111,1364,0,109,0,327
16.27,18.166666666666668,1364,0,108,0,328
16.33,18.22222222222222,1364,0,106,1,329
16.34,18.27777777777778,1364,0,104,0,332
16.35,18.444444444444443,1364,0,103,0,333
16.39,18.5,1364,0,102,0,334
16.46,18.555555555555557,1364,0,101,0,335
16.47,18.61111111111111,1364,0,100,0,336
16.48,18.666666666666668,1364,0,99,0,337
16.6,18.722222222222225,1364,0,98,0,338
16.63,18.777777777777775,1364,0,97,1,338
16.64,18.777777777777775,1364,0,97,0,339
16.67,18.833333333333332,1364,0,96,0,340
16.68,18.88888888888889,1364,0,95,1,340
16.69,18.88888888888889,1364,0,95,0,341
16.7,18.944444444444443,1364,0,94,0,342
16.71,19.0,1364,0,93,0,343
16.73,19.055555555555557,1364,0,92,0,344
16.74,19.11111111111111,1364,0,91,0,345
16.77,19.166666666666668,1364,0,90,0,345
16.78,19.166666666666668,1364,0,90,0,346
16.81,19.22222222222222,1364,0,89,0,347
16.84,19.27777777777778,1364,0,88,0,348
16.88,19.333333333333332,1364,0,87,0,349
16.89,19.38888888888889,1364,0,85,0,351
16.9,19.5,1364,0,84,0,352
16.91,19.555555555555557,1364,0,83,0,353
16.93,19.61111111111111,1364,0,82,0,354
16.95,19.666666666666664,1364,0,81,0,355
17.03,19.72222222222222,1364,0,79,0,357
17.04,19.833333333333332,1364,0,78,1,357
17.06,19.833333333333332,1364,0,78,0,358
17.08,19.88888888888889,1364,0,77,0,359
17.1,19.944444444444446,1364,0,76,0,360
17.12,20.0,1364,0,74,0,362
17.19,20.11111111111111,1364,0,73,0,363
17.21,20.166666666666664,1364,0,72,0,364
17.28,20.22222222222222,1364,0,71,0,365
17.34,20.27777777777778,1364,0,69,0,367
17.35,20.38888888888889,1364,0,68,0,368
17.43,20.444444444444446,1364,0,67,0,369
17.45,20.5,1364,0,66,0,370
17.47,20.555555555555554,1364,0,65,0,371
17.5,20.61111111111111,1364,0,64,0,372
17.56,20.666666666666668,1364,0,63,0,373
17.58,20.72222222222222,1364,0,62,0,374
17.59,20.77777777777778,1364,0,61,0,375
17.62,20.833333333333336,1364,0,60,0,376
17.68,20.88888888888889,1364,0,59,0,377
17.75,21.0,1364,0,58,0,378
17.86,21.0,1364,0,57,0,379
17.89,21.055555555555554,1364,0,56,0,380
17.9,21.11111111111111,1364,0,55,0,381
17.93,21.166666666666668,1364,0,54,0,382
17.96,21.22222222222222,1364,0,53,0,383
18.0,21.333333333333332,1364,0,52,0,384
18.03,21.333333333333332,1364,0,51,1,384
18.04,21.333333333333332,1364,0,51,0,385
18.2,21.38888888888889,1364,0,50,0,386
18.22,21.444444444444443,1364,0,49,0,387
18.36,21.5,1364,0,48,0,388
18.51,21.555555555555557,1364,0,47,0,389
18.67,21.61111111111111,1364,0,46,0,390
18.75,21.666666666666668,1364,0,45,0,391
18.79,21.722222222222225,1364,0,44,1,391
18.81,21.722222222222225,1364,0,44,0,392
18.86,21.777777777777775,1364,0,43,1,392
18.87,21.777777777777775,1364,0,43,0,393
18.9,21.833333333333332,1364,0,42,0,394
19.0,21.88888888888889,1364,0,41,0,395
19.03,21.944444444444443,1364,0,40,0,396
19.11,22.0,1364,0,39,0,397
19.18,22.055555555555557,1364,0,38,0,398
19.2,22.11111111111111,1364,0,37,0,399
19.21,22.166666666666668,1364,0,36,0,400
19.24,22.22222222222222,1364,0,35,0,401
19.25,22.27777777777778,1364,0,34,0,402
19.28,22.333333333333332,1364,0,32,0,404
19.29,22.444444444444443,1364,0,30,1,405
19.31,22.5,1364,0,30,0,406
19.37,22.555555555555557,1364,0,29,0,407
19.46,22.61111111111111,1364,0,28,1,407
19.47,22.61111111111111,1364,0,28,0,408
19.52,22.666666666666664,1364,0,26,0,410
19.64,22.77777777777778,1364,0,25,0,411
19.75,22.88888888888889,1364,0,22,0,414
19.76,23.0,1363,1,22,0,414
19.77,23.0,1363,1,21,0,415
19.78,23.055555555555557,1363,1,20,0,416
19.82,23.11111111111111,1363,1,19,0,417
19.84,23.166666666666664,1363,1,18,0,418
19.89,23.22222222222222,1363,1,17,0,419
19.97,23.27777777777778,1363,1,16,0,420
20.01,23.333333333333332,1363,1,15,0,421
20.2,23.38888888888889,1363,1,14,1,421
20.27,23.38888888888889,1363,1,12,3,421
20.32,23.38888888888889,1363,1,11,4,421
20.54,23.38888888888889,1363,1,10,5,421
20.57,23.38888888888889,1363,1,9,6,421
20.75,23.38888888888889,1363,1,7,8,421
20.78,23.38888888888889,1363,1,6,9,421
20.86,23.38888888888889,1363,0,7,9,421
20.91,23.38888888888889,1363,0,6,10,421
21.02,23.38888888888889,1363,0,5,11,421
21.03,23.38888888888889,1363,0,4,12,421
21.06,23.38888888888889,1363,0,3,13,421
21.11,23.38888888888889,1363,0,2,14,421
21.16,23.38888888888889,1363,0,1,15,421
22.27,23.38888888888889,1363,0,0,16,421
23.23,23.38888888888889,1362,1,0,0,422
23.24,23.444444444444446,1361,0,2,0,437
23.25,24.27777777777778,1360,1,2,0,437
23.39,24.27777777777778,1360,1,1,1,437
24.33,24.27777777777778,1360,0,2,1,437
24.53,24.27777777777778,1360,0,1,2,437
25.27,24.27777777777778,1360,0,0,3,437
25.31,24.27777777777778,1359,1,0,2,437
25.32,24.27777777777778,1356,2,2,0,440
25.33,24.444444444444443,1355,3,2,0,440
25.34,24.444444444444443,1355,2,3,0,440
25.38,24.444444444444443,1350,3,7,0,440
25.39,24.444444444444443,1350,0,10,0,440
25.4,24.444444444444443,1345,2,13,0,440
25.41,24.444444444444443,1343,0,17,0,440
25.42,24.444444444444443,1342,0,18,0,440
25.43,24.444444444444443,1338,0,22,0,440
25.45,24.444444444444443,1337,1,22,0,440
25.46,24.444444444444443,1337,0,23,0,440
25.47,24.444444444444443,1336,0,24,0,440
25.48,24.444444444444443,1334,0,26,0,440
25.49,24.444444444444443,1332,0,28,0,440
25.5,24.444444444444443,1325,2,32,1,440
25.51,24.444444444444443,1324,0,35,1,440
25.52,24.444444444444443,1323,0,36,1,440
25.53,24.444444444444443,1322,0,37,1,440
25.57,24.444444444444443,1320,1,38,1,440
25.58,24.444444444444443,1320,0,39,1,440
25.61,24.444444444444443,1319,0,40,1,440
25.62,24.444444444444443,1317,0,42,1,440
25.63,24.444444444444443,1316,0,43,1,440
25.64,24.444444444444443,1315,0,44,1,440
25.65,24.444444444444443,1313,1,45,1,440
25.66,24.444444444444443,1309,0,50,1,440
25.68,24.444444444444443,1308,0,51,1,440
25.71,24.444444444444443,1307,1,51,1,440
25.72,24.444444444444443,1306,0,53,1,440
25.73,24.444444444444443,1305,0,54,1,440
25.74,24.444444444444443,1304,0,55,1,440
25.75,24.444444444444443,1303,0,56,1,440
25.77,24.444444444444443,1302,1,56,1,440
25.78,24.444444444444443,1301,0,58,1,440
25.79,24.444444444444443,1299,0,60,1,440
25.81,24.444444444444443,1296,0,63,1,440
25.83,24.444444444444443,1293,0,66,1,440
25.84,24.444444444444443,1292,0,67,1,440
25.86,24.444444444444443,1289,0,70,1,440
25.87,24.444444444444443,1283,2,74,1,440
25.88,24.444444444444443,1283,0,76,1,440
25.9,24.444444444444443,1283,0,75,2,440
25.91,24.444444444444443,1277,3,78,2,440
25.92,24.444444444444443,1273,3,81,2,440
25.93,24.444444444444443,1270,2,85,0,443
25.94,24.61111111111111,1270,0,87,0,443
26.0,24.61111111111111,1270,0,86,0,444
26.01,24.666666666666668,1269,0,87,0,444
26.09,24.666666666666668,1269,0,86,0,445
26.1,24.72222222222222,1268,0,87,0,445
26.2,24.72222222222222,1268,0,86,0,446
26.21,24.77777777777778,1267,0,87,0,446
26.38,24.77777777777778,1267,0,86,0,447
26.39,24.833333333333332,1266,0,87,0,447
26.43,24.833333333333332,1265,0,87,0,448
26.44,24.88888888888889,1265,0,86,0,449
26.45,24.944444444444443,1265,0,85,1,449
26.49,24.944444444444443,1265,0,84,2,449
26.5,25.055555555555554,1264,0,85,0,451
26.51,25.055555555555554,1263,0,86,0,451
26.52,25.055555555555554,1262,0,87,0,451
26.53,25.055555555555554,1262,0,86,0,452
26.54,25.11111111111111,1261,0,87,0,452
26.74,25.11111111111111,1260,0,87,0,453
26.97,25.166666666666664,1259,1,86,0,454
26.98,25.222222222222225,1259,0,87,0,454
27.0,25.222222222222225,1259,0,86,0,455
27.01,25.27777777777778,1258,0,87,0,455
27.1,25.27777777777778,1257,0,87,0,456
27.11,25.333333333333336,1257,0,86,0,457
27.12,25.38888888888889,1256,0,87,0,457
27.26,25.38888888888889,1255,0,86,0,459
27.27,25.5,1254,0,87,0,459
27.28,25.5,1253,0,87,0,460
27.38,25.555555555555554,1253,0,85,1,461
27.39,25.61111111111111,1252,0,86,0,462
27.41,25.666666666666664,1251,0,87,0,462
27.77,25.666666666666664,1251,0,86,0,463
27.78,25.722222222222225,1249,2,86,0,463
27.87,25.722222222222225,1247,3,87,0,463
27.88,25.722222222222225,1243,2,92,0,463
27.89,25.722222222222225,1243,0,94,0,463
27.91,25.722222222222225,1242,0,95,0,463
27.92,25.722222222222225,1240,1,96,0,463
27.93,25.722222222222225,1239,0,98,0,463
28.22,25.722222222222225,1238,1,97,0,464
28.23,25.77777777777778,1238,0,98,0,464
28.47,25.77777777777778,1238,0,97,0,465
28.48,25.833333333333336,1237,0,98,0,465
28.5,25.833333333333336,1236,0,98,0,466
28.65,25.88888888888889,1236,0,97,0,467
28.66,25.944444444444443,1235,1,97,0,467
28.67,25.944444444444443,1235,0,98,0,467
28.88,25.944444444444443,1235,0,97,0,468
28.89,26.0,1234,0,97,1,468
28.9,26.0,1232,1,97,0,470
28.91,26.111111111111114,1232,0,97,0,471
28.92,26.166666666666664,1231,0,98,0,471
28.95,26.166666666666664,1231,0,97,1,471
28.96,26.166666666666664,1231,0,97,0,472
29.0,26.222222222222225,1229,0,98,0,473
29.11,26.27777777777778,1229,0,97,0,474
29.12,26.333333333333332,1228,1,97,0,474
29.13,26.333333333333332,1228,0,98,0,474
29.2,26.333333333333332,1228,0,97,1,474
29.21,26.333333333333332,1227,0,98,0,475
29.45,26.38888888888889,1227,0,97,0,476
29.46,26.444444444444443,1226,0,98,0,476
29.66,26.444444444444443,1226,0,97,0,477
29.68,26.5,1226,0,96,1,477
29.7,26.5,1226,0,95,2,477
29.71,26.5,1225,0,96,0,479
29.72,26.611111111111114,1224,0,96,1,479
29.73,26.611111111111114,1223,0,96,2,479
29.74,26.611111111111114,1222,0,97,0,481
29.75,26.722222222222218,1221,0,98,0,481
29.76,26.722222222222218,1221,0,97,0,482
29.77,26.77777777777778,1220,0,98,0,482
29.79,26.77777777777778,1219,1,97,0,483
29.81,26.833333333333332,1218,0,98,0,484
29.86,26.88888888888889,1217,0,98,0,485
29.88,26.944444444444443,1217,0,97,0,486
29.9,27.0,1216,1,97,0,486
29.91,27.0,1216,0,97,1,486
29.92,27.0,1215,0,98,0,487
29.95,27.055555555555554,1214,0,97,1,488
29.96,27.111111111111114,1214,0,97,0,489
29.99,27.166666666666668,1213,0,98,0,489
30.0,27.22222222222222,1211,1,97,0,491
30.01,27.27777777777778,1211,0,98,0,491
30.09,27.27777777777778,1211,0,96,0,493
30.1,27.38888888888889,1210,1,96,0,493
30.11,27.38888888888889,1210,0,97,0,493
30.12,27.38888888888889,1208,0,98,0,494
30.13,27.444444444444443,1208,0,97,1,494
30.14,27.444444444444443,1207,0,98,0,495
30.15,27.500000000000004,1207,0,97,0,496
30.16,27.555555555555557,1206,0,98,0,496
30.17,27.555555555555557,1206,0,97,0,497
30.2,27.611111111111107,1206,0,96,1,497
30.21,27.611111111111107,1206,0,95,2,497
30.22,27.611111111111107,1206,0,94,3,497
30.23,27.611111111111107,1206,0,93,4,497
30.24,27.611111111111107,1206,0,92,5,497
30.28,27.611111111111107,1203,2,92,1,502
30.29,27.88888888888889,1202,0,94,2,502
30.34,27.88888888888889,1201,0,95,2,502
30.41,27.88888888888889,1200,0,96,0,504
30.42,28.000000000000004,1198,0,98,0,504
30.5,28.000000000000004,1198,0,97,0,505
30.52,28.055555555555557,1198,0,96,1,505
30.53,28.055555555555557,1198,0,95,2,505
30.56,28.055555555555557,1197,0,95,3,505
30.57,28.055555555555557,1194,1,96,1,508
30.58,28.22222222222222,1194,0,97,0,509
30.6,28.27777777777778,1193,0,94,4,509
30.61,28.27777777777778,1191,0,96,0,513
30.62,28.499999999999996,1191,0,95,1,513
30.63,28.499999999999996,1189,1,95,2,513
30.64,28.499999999999996,1187,0,98,0,515
30.69,28.61111111111111,1187,0,97,0,516
30.71,28.666666666666668,1186,0,97,1,516
30.72,28.666666666666668,1185,0,98,0,517
30.74,28.72222222222222,1185,0,97,0,518
30.75,28.77777777777778,1184,0,98,0,518
30.79,28.77777777777778,1183,0,98,0,519
30.83,28.833333333333332,1183,0,97,1,519
30.84,28.833333333333332,1183,0,97,0,520
30.85,28.888888888888886,1183,0,96,1,520
30.86,28.888888888888886,1182,0,96,0,521
30.87,28.944444444444446,1181,0,97,0,522
30.88,28.999999999999996,1180,0,98,0,522
30.98,28.999999999999996,1180,0,97,0,523
30.99,29.055555555555557,1179,0,98,0,523
31.06,29.055555555555557,1179,0,97,1,523
31.07,29.055555555555557,1179,0,97,0,524
31.1,29.11111111111111,1178,0,98,0,524
31.19,29.11111111111111,1178,0,96,1,525
31.2,29.166666666666668,1177,0,97,0,526
31.21,29.22222222222222,1176,0,98,0,526
31.22,29.22222222222222,1175,0,98,0,527
31.25,29.333333333333332,1174,0,98,0,528
31.26,29.333333333333332,1173,0,98,0,529
31.32,29.388888888888886,1172,0,98,0,530
31.34,29.444444444444446,1172,0,97,1,530
31.35,29.444444444444446,1172,0,97,0,531
31.37,29.5,1171,0,98,0,531
31.39,29.5,1171,0,97,0,532
31.41,29.555555555555557,1170,1,97,0,532
31.42,29.555555555555557,1170,0,98,0,532
31.5,29.555555555555557,1170,0,97,0,533
31.53,29.61111111111111,1169,0,98,0,533
31.57,29.61111111111111,1169,0,96,0,535
31.58,29.72222222222222,1167,1,97,0,535
31.59,29.72222222222222,1167,0,98,0,535
31.66,29.72222222222222,1167,0,97,0,536
31.68,29.777777777777775,1166,0,98,0,536
31.69,29.777777777777775,1166,0,97,0,537
31.7,29.833333333333336,1165,1,97,0,537
31.71,29.833333333333336,1165,0,98,0,537
31.77,29.833333333333336,1164,0,98,0,538
31.79,29.888888888888886,1163,0,98,0,539
31.84,29.944444444444446,1163,0,97,1,539
31.85,29.944444444444446,1162,0,97,1,540
31.86,30.0,1161,0,98,0,541
31.88,30.055555555555557,1161,0,97,0,542
31.89,30.11111111111111,1160,0,98,0,542
31.94,30.11111111111111,1160,0,97,0,543
31.99,30.166666666666668,1160,0,95,2,543
32.01,30.166666666666668,1160,0,94,3,543
32.07,30.166666666666668,1159,1,94,3,543
32.08,30.166666666666668,1159,0,95,0,546
32.11,30.333333333333336,1158,0,96,0,546
32.12,30.333333333333336,1156,1,97,0,546
32.13,30.333333333333336,1156,0,98,0,546
32.23,30.333333333333336,1155,0,98,0,547
32.24,30.388888888888886,1155,0,97,0,547
32.25,30.444444444444446,1154,0,98,0,548
32.26,30.444444444444446,1154,0,97,1,548
32.27,30.444444444444446,1153,0,98,0,549
32.32,30.5,1153,0,97,1,549
32.33,30.5,1152,0,97,1,550
32.34,30.555555555555557,1151,0,98,0,551
32.35,30.61111111111111,1150,0,96,2,552
32.36,30.666666666666664,1148,0,98,0,554
32.39,30.777777777777775,1147,0,98,0,555
32.42,30.833333333333336,1147,0,97,1,555
32.43,30.833333333333336,1147,0,96,1,556
32.44,30.88888888888889,1147,0,95,2,556
32.45,30.88888888888889,1146,0,96,0,558
32.46,31.0,1144,0,98,0,558
32.48,31.0,1144,0,97,0,559
32.49,31.055555555555554,1144,0,95,2,559
32.5,31.055555555555554,1143,0,95,1,561
32.51,31.166666666666664,1141,0,96,1,562
32.54,31.222222222222225,1141,0,94,3,562
32.57,31.222222222222225,1140,1,93,4,562
32.58,31.222222222222225,1137,2,95,0,566
32.59,31.444444444444446,1137,0,97,0,566
32.61,31.444444444444446,1136,0,98,0,566
32.64,31.444444444444446,1136,0,95,2,567
32.65,31.5,1134,1,96,0,569
32.66,31.61111111111111,1133,0,98,0,569
32.81,31.61111111111111,1133,0,97,1,569
32.82,31.61111111111111,1132,0,98,0,570
32.84,31.666666666666664,1132,0,97,1,570
32.85,31.666666666666664,1131,0,98,0,571
32.89,31.722222222222225,1131,0,96,0,573
32.9,31.833333333333336,1129,0,97,0,574
32.96,31.88888888888889,1128,0,98,0,574
32.97,31.88888888888889,1128,0,97,0,575
32.98,31.944444444444443,1126,0,98,0,576
33.09,32.0,1126,0,97,0,577
33.1,32.05555555555556,1125,0,98,0,577
33.12,32.05555555555556,1125,0,97,0,578
33.13,32.111111111111114,1124,0,98,0,578
33.19,32.111111111111114,1123,0,98,0,579
33.2,32.166666666666664,1123,0,97,0,580
33.21,32.22222222222222,1122,0,98,0,580
33.29,32.22222222222222,1121,0,98,0,581
33.32,32.27777777777778,1121,0,97,1,581
33.33,32.27777777777778,1120,0,97,0,583
33.34,32.388888888888886,1118,0,98,0,584
33.38,32.44444444444444,1118,0,97,1,584
33.39,32.44444444444444,1118,0,97,0,585
33.4,32.5,1117,0,98,0,585
33.54,32.5,1117,0,97,1,585
33.56,32.5,1116,0,98,0,586
33.58,32.55555555555556,1115,0,98,0,587
33.62,32.611111111111114,1115,0,97,1,587
33.63,32.611111111111114,1115,0,97,0,588
33.64,32.666666666666664,1114,0,98,0,588
33.68,32.666666666666664,1114,0,97,0,589
33.69,32.72222222222222,1114,0,96,1,589
33.71,32.72222222222222,1113,1,95,2,589
33.72,32.72222222222222,1112,0,97,0,591
33.73,32.83333333333333,1111,0,98,0,591
33.85,32.83333333333333,1111,0,96,1,592
33.87,32.88888888888889,1109,1,97,0,593
33.88,32.94444444444444,1109,0,98,0,593
33.9,32.94444444444444,1108,1,96,1,594
33.91,33.0,1107,0,98,0,595
33.95,33.05555555555556,1107,0,97,0,596
33.96,33.111111111111114,1106,0,98,0,596
33.97,33.111111111111114,1106,0,97,0,597
33.99,33.166666666666664,1105,0,98,0,597
34.0,33.22222222222222,1104,0,97,0,599
34.02,33.27777777777778,1104,0,96,1,599
34.08,33.27777777777778,1102,0,98,0,600
34.1,33.33333333333333,1101,1,96,1,601
34.11,33.38888888888889,1101,0,97,0,602
34.17,33.44444444444444,1100,0,98,0,602
34.18,33.44444444444444,1100,0,97,0,603
34.21,33.5,1099,0,98,0,603
34.25,33.55555555555556,1098,0,98,0,604
34.26,33.55555555555556,1097,0,98,0,605
34.34,33.611111111111114,1097,0,97,0,606
34.35,33.666666666666664,1097,0,96,1,606
34.36,33.666666666666664,1095,1,97,0,607
34.37,33.72222222222222,1095,0,98,0,607
34.42,33.72222222222222,1095,0,97,0,608
34.43,33.77777777777778,1094,0,98,0,608
34.5,33.77777777777778,1094,0,97,0,609
34.52,33.83333333333333,1093,0,98,0,609
34.53,33.83333333333333,1093,0,97,0,610
34.56,33.88888888888889,1093,0,96,1,610
34.57,33.88888888888889,1092,0,97,1,610
34.58,33.88888888888889,1090,1,97,0,612
34.59,34.0,1090,0,98,0,612
34.61,34.0,1090,0,96,1,613
34.62,34.05555555555556,1090,0,95,2,613
34.63,34.05555555555556,1088,1,94,0,617
34.64,34.27777777777778,1087,0,96,0,617
34.65,34.27777777777778,1087,0,95,1,617
34.67,34.27777777777778,1087,0,94,2,617
34.68,34.27777777777778,1086,0,95,2,617
34.7,34.27777777777778,1086,0,94,3,617
34.73,34.27777777777778,1085,0,95,0,620
34.74,34.44444444444444,1082,0,98,0,620
34.83,34.44444444444444,1082,0,97,1,620
34.84,34.44444444444444,1082,0,97,0,621
34.86,34.5,1081,0,98,0,621
34.96,34.5,1081,0,97,0,622
34.97,34.55555555555556,1080,0,97,1,622
34.98,34.55555555555556,1079,0,97,0,624
34.99,34.66666666666667,1078,0,98,0,624
35.0,34.66666666666667,1077,1,97,0,625
35.01,34.72222222222222,1077,0,98,0,625
35.03,34.72222222222222,1076,0,98,0,626
35.07,34.77777777777778,1075,0,98,0,627
35.1,34.833333333333336,1075,0,97,1,627
35.11,34.833333333333336,1074,0,98,0,628
35.12,34.88888888888889,1074,0,97,1,628
35.13,34.88888888888889,1073,0,98,0,629
35.16,34.94444444444444,1072,0,98,0,630
35.18,35.0,1072,0,97,0,631
35.21,35.05555555555556,1071,1,97,0,631
35.22,35.05555555555556,1071,0,98,0,631
35.46,35.05555555555556,1071,0,97,0,632
35.49,35.11111111111111,1070,0,98,0,632
35.5,35.16666666666667,1070,0,97,0,633
35.52,35.16666666666667,1069,0,98,0,633
35.57,35.16666666666667,1069,0,97,0,634
35.58,35.22222222222222,1068,0,98,0,634
35.59,35.22222222222222,1067,0,98,0,635
35.6,35.27777777777778,1066,0,97,0,637
35.61,35.388888888888886,1065,0,98,0,637
35.67,35.388888888888886,1065,0,96,1,638
35.69,35.44444444444444,1063,0,98,0,639
35.7,35.5,1063,0,97,0,640
35.71,35.55555555555556,1063,0,96,1,640
35.72,35.55555555555556,1062,1,96,1,640
35.73,35.55555555555556,1062,0,97,0,641
35.74,35.61111111111111,1061,0,98,0,641
35.85,35.61111111111111,1061,0,97,0,642
35.86,35.66666666666667,1060,0,98,0,642
35.91,35.66666666666667,1060,0,97,0,643
35.93,35.72222222222222,1059,0,98,0,643
36.04,35.72222222222222,1059,0,96,1,644
36.06,35.77777777777777,1058,0,97,0,645
36.09,35.833333333333336,1057,0,98,0,645
36.11,35.833333333333336,1057,0,97,0,646
36.12,35.888888888888886,1056,0,98,0,646
36.17,35.888888888888886,1055,0,97,0,648
36.18,36.0,1054,0,98,0,648
36.19,36.0,1054,0,97,0,649
36.21,36.05555555555556,1053,1,96,1,649
36.22,36.05555555555556,1052,0,98,0,650
36.23,36.11111111111111,1051,0,97,0,652
36.26,36.22222222222222,1050,0,98,0,652
36.27,36.22222222222222,1050,0,97,0,653
36.28,36.27777777777778,1049,1,96,1,653
36.29,36.27777777777778,1049,0,97,0,654
36.32,36.333333333333336,1048,0,98,0,654
36.33,36.333333333333336,1048,0,97,1,654
36.34,36.333333333333336,1048,0,97,0,655
36.37,36.388888888888886,1047,0,98,0,655
36.5,36.388888888888886,1046,0,98,0,656
36.64,36.44444444444444,1045,1,97,0,657
36.65,36.5,1045,0,98,0,657
36.81,36.5,1045,0,97,0,658
36.82,36.55555555555556,1045,0,96,1,658
36.85,36.55555555555556,1043,0,98,0,659
36.88,36.611111111111114,1042,0,98,0,660
36.9,36.666666666666664,1042,0,97,1,660
36.91,36.666666666666664,1041,0,98,0,661
36.94,36.72222222222222,1041,0,97,0,662
36.95,36.77777777777778,1040,0,98,0,662
37.1,36.77777777777778,1040,0,97,0,663
37.11,36.833333333333336,1039,1,97,0,663
37.12,36.833333333333336,1039,0,98,0,663
37.16,36.833333333333336,1039,0,97,1,663
37.17,36.833333333333336,1039,0,97,0,664
37.18,36.888888888888886,1038,0,98,0,664
37.2,36.888888888888886,1037,1,96,0,666
37.21,37.0,1036,0,98,0,666
37.25,37.0,1036,0,97,0,667
37.26,37.05555555555556,1035,1,97,0,667
37.27,37.05555555555556,1035,0,98,0,667
37.28,37.05555555555556,1034,0,98,0,668
37.31,37.111111111111114,1033,0,98,0,669
37.44,37.166666666666664,1033,0,97,1,669
37.45,37.166666666666664,1032,0,98,0,670
37.48,37.22222222222222,1032,0,97,1,670
37.49,37.22222222222222,1031,0,98,0,671
37.5,37.27777777777778,1030,1,97,0,672
37.51,37.333333333333336,1030,0,98,0,672
37.52,37.333333333333336,1030,0,97,1,672
37.53,37.333333333333336,1030,0,96,1,673
37.54,37.388888888888886,1028,0,98,0,674
37.56,37.44444444444445,1028,0,97,0,675
37.6,37.5,1027,0,97,0,676
37.61,37.55555555555555,1026,0,98,0,676
37.64,37.55555555555555,1025,1,97,0,677
37.65,37.611111111111114,1024,0,98,0,678
37.7,37.666666666666664,1024,0,97,0,679
37.71,37.72222222222222,1023,0,98,0,679
37.74,37.72222222222222,1023,0,97,0,680
37.77,37.77777777777778,1022,0,98,0,680
37.79,37.77777777777778,1021,1,97,0,681
37.81,37.833333333333336,1021,0,97,0,682
37.83,37.888888888888886,1020,0,98,0,682
37.88,37.888888888888886,1019,0,97,1,683
37.89,37.94444444444444,1017,1,97,0,685
37.9,38.05555555555556,1017,0,97,1,685
37.91,38.05555555555556,1016,0,98,0,686
37.94,38.111111111111114,1016,0,96,1,687
37.96,38.166666666666664,1014,0,98,0,688
38.0,38.22222222222222,1013,0,98,0,689
38.04,38.27777777777778,1012,0,97,0,691
38.07,38.388888888888886,1012,0,96,1,691
38.08,38.388888888888886,1010,0,98,0,692
38.11,38.44444444444444,1008,1,97,0,694
38.12,38.55555555555556,1008,0,98,0,694
38.2,38.55555555555556,1008,0,97,0,695
38.21,38.611111111111114,1007,0,98,0,695
38.22,38.611111111111114,1007,0,97,0,696
38.24,38.666666666666664,1006,0,98,0,696
38.34,38.666666666666664,1006,0,97,0,697
38.35,38.72222222222222,1005,0,98,0,697
38.43,38.72222222222222,1005,0,97,0,698
38.45,38.77777777777778,1004,0,98,0,698
38.57,38.77777777777778,1003,0,98,0,699
38.62,38.83333333333333,1003,0,97,0,700
38.65,38.88888888888889,1003,0,96,1,700
38.66,38.88888888888889,1001,1,97,0,701
38.67,38.94444444444444,1001,0,98,0,701
38.69,38.94444444444444,1001,0,96,0,703
38.73,39.05555555555556,1000,0,97,0,703
38.78,39.05555555555556,1000,0,96,1,703
38.79,39.05555555555556,999,0,97,0,704
38.81,39.111111111111114,998,0,97,0,705
38.82,39.166666666666664,997,0,98,0,705
38.85,39.166666666666664,996,0,98,0,706
38.88,39.22222222222222,995,0,98,0,707
38.9,39.27777777777778,994,0,98,0,708
38.93,39.33333333333333,994,0,97,1,708
38.94,39.33333333333333,993,0,98,0,709
38.95,39.38888888888889,993,0,97,1,709
38.96,39.38888888888889,993,0,97,0,710
38.97,39.44444444444444,993,0,96,1,710
38.98,39.44444444444444,991,0,97,0,712
38.99,39.55555555555556,990,0,98,0,712
39.01,39.55555555555556,989,0,96,0,715
39.03,39.72222222222222,989,0,94,2,715
39.09,39.72222222222222,988,0,95,2,715
39.1,39.72222222222222,985,1,97,0,717
39.11,39.83333333333333,984,0,98,0,718
39.15,39.88888888888889,983,0,98,0,719
39.16,39.94444444444444,982,1,97,0,720
39.17,40.0,982,0,98,0,720
39.19,40.0,982,0,97,0,721
39.21,40.05555555555556,981,1,96,1,721
39.22,40.05555555555556,981,0,97,0,722
39.23,40.11111111111111,980,0,98,0,722
39.25,40.166666666666664,978,0,98,0,724
39.29,40.22222222222222,978,0,97,1,724
39.31,40.22222222222222,976,1,97,0,726
39.32,40.33333333333333,976,0,98,0,726
39.34,40.33333333333333,976,0,97,0,727
39.36,40.38888888888889,975,0,98,0,727
39.37,40.38888888888889,975,0,97,0,728
39.38,40.44444444444444,974,0,98,0,728
39.39,40.44444444444444,973,0,98,0,729
39.41,40.5,973,0,96,1,730
39.44,40.55555555555556,973,0,95,2,730
39.45,40.55555555555556,973,0,94,3,730
39.46,40.55555555555556,971,0,96,0,733
39.49,40.72222222222222,970,0,97,0,733
39.5,40.72222222222222,969,1,97,0,733
39.51,40.72222222222222,969,0,97,0,734
39.56,40.77777777777778,968,0,98,0,734
39.63,40.77777777777778,967,0,98,0,735
39.76,40.833333333333336,967,0,97,0,736
39.77,40.88888888888889,965,0,98,0,737
39.78,40.94444444444444,964,1,97,0,738
39.79,41.0,964,0,98,0,738
39.83,41.0,963,1,97,0,739
39.84,41.05555555555556,963,0,98,0,739
39.85,41.05555555555556,963,0,97,1,739
39.86,41.05555555555556,962,0,98,0,740
39.88,41.11111111111111,962,0,97,0,741
39.89,41.16666666666667,960,0,98,0,742
39.92,41.22222222222222,960,0,96,1,743
39.93,41.27777777777778,959,0,97,0,744
39.94,41.333333333333336,958,0,98,0,744
39.96,41.333333333333336,957,0,98,0,745
40.08,41.388888888888886,957,0,97,0,746
40.09,41.44444444444444,956,1,97,0,746
40.1,41.44444444444444,956,0,98,0,746
40.24,41.44444444444444,955,0,98,0,747
40.34,41.5,955,0,97,0,748
40.35,41.55555555555556,954,0,98,0,748
40.4,41.55555555555556,953,0,98,0,749
40.41,41.61111111111111,952,1,97,0,750
40.42,41.66666666666667,952,0,98,0,750
40.45,41.66666666666667,951,0,98,0,751
40.5,41.72222222222222,951,0,97,0,752
40.52,41.77777777777778,950,1,97,0,752
40.53,41.77777777777778,950,0,98,0,752
40.56,41.77777777777778,950,0,97,0,753
40.57,41.833333333333336,949,0,98,0,753
40.59,41.833333333333336,948,0,98,0,754
40.64,41.888888888888886,948,0,97,0,755
40.65,41.94444444444444,947,0,98,0,755
40.74,41.94444444444444,947,0,97,0,756
40.75,42.0,946,0,98,0,756
40.77,42.0,946,0,97,1,756
40.78,42.0,944,1,97,0,758
40.79,42.11111111111111,944,0,98,0,758
40.82,42.11111111111111,944,0,97,0,759
40.83,42.16666666666667,943,1,97,0,759
40.84,42.16666666666667,943,0,98,0,759
40.89,42.16666666666667,943,0,97,1,759
40.9,42.16666666666667,942,0,98,0,760
40.96,42.22222222222222,942,0,97,0,761
40.97,42.27777777777778,941,0,98,0,761
41.0,42.27777777777778,940,0,98,0,762
41.03,42.333333333333336,940,0,97,0,763
41.04,42.388888888888886,939,1,97,0,763
41.06,42.388888888888886,939,0,98,0,763
41.17,42.388888888888886,938,0,98,0,764
41.19,42.44444444444444,938,0,97,0,765
41.2,42.5,937,0,98,0,765
41.22,42.5,936,0,98,0,766
41.25,42.55555555555556,936,0,97,0,767
41.27,42.611111111111114,935,0,98,0,767
41.32,42.611111111111114,935,0,97,0,768
41.33,42.666666666666664,934,1,97,0,768
41.34,42.666666666666664,934,0,98,0,768
41.39,42.666666666666664,933,1,97,0,769
41.4,42.72222222222222,933,0,98,0,769
41.41,42.72222222222222,933,0,97,0,770
41.45,42.77777777777778,932,0,97,0,771
41.46,42.833333333333336,931,1,97,0,771
41.47,42.833333333333336,931,0,98,0,771
41.63,42.833333333333336,930,1,97,0,772
41.64,42.888888888888886,930,0,98,0,772
41.65,42.888888888888886,930,0,97,0,773
41.69,42.94444444444444,929,0,97,0,774
41.72,43.0,929,0,96,1,774
41.75,43.0,928,0,96,1,775
41.76,43.05555555555556,928,0,95,2,775
41.77,43.05555555555556,927,0,96,0,777
41.78,43.166666666666664,925,1,97,0,777
41.79,43.166666666666664,925,0,98,0,777
41.91,43.166666666666664,925,0,97,0,778
41.93,43.22222222222222,924,1,97,0,778
41.94,43.22222222222222,923,0,98,0,779
41.96,43.27777777777778,923,0,96,1,780
41.99,43.333333333333336,923,0,95,2,780
42.04,43.333333333333336,923,0,94,3,780
42.06,43.333333333333336,922,1,94,3,780
42.07,43.333333333333336,922,0,95,0,783
42.1,43.5,921,0,95,1,783
42.11,43.5,918,1,97,0,784
42.12,43.55555555555555,918,0,98,0,784
42.14,43.55555555555555,918,0,97,0,785
42.15,43.611111111111114,918,0,95,1,786
42.16,43.666666666666664,918,0,94,0,788
42.17,43.77777777777778,918,0,93,0,789
42.2,43.833333333333336,918,0,92,0,790
42.21,43.888888888888886,918,0,91,0,791
42.23,43.94444444444445,918,0,90,0,792
42.26,44.0,918,0,89,0,793
42.29,44.05555555555555,918,0,88,1,793
42.31,44.05555555555555,918,0,87,0,795
42.37,44.166666666666664,918,0,86,0,796
42.38,44.22222222222222,918,0,85,0,797
42.45,44.27777777777778,918,0,84,0,798
42.46,44.333333333333336,918,0,83,0,799
42.47,44.388888888888886,918,0,82,0,800
42.66,44.44444444444444,918,0,81,0,801
42.69,44.5,918,0,80,0,802
42.7,44.55555555555556,918,0,79,0,803
42.91,44.611111111111114,918,0,78,0,804
42.92,44.666666666666664,918,0,77,0,805
43.0,44.77777777777778,918,0,76,0,806
43.01,44.77777777777778,918,0,75,0,807
43.07,44.83333333333333,918,0,74,1,807
43.08,44.83333333333333,917,0,74,0,809
43.09,44.94444444444444,917,0,73,0,810
43.1,45.0,917,0,72,0,811
43.11,45.05555555555556,917,0,71,0,812
43.15,45.111111111111114,917,0,70,0,813
43.16,45.166666666666664,917,0,69,0,814
43.23,45.22222222222222,917,0,68,0,815
43.24,45.27777777777778,917,0,67,0,816
43.27,45.33333333333333,916,1,66,0,817
43.28,45.38888888888889,916,0,67,0,817
43.31,45.38888888888889,916,0,66,0,818
43.34,45.44444444444444,916,0,64,1,819
43.35,45.5,916,0,64,0,820
43.39,45.55555555555556,916,0,63,0,821
43.47,45.611111111111114,916,0,62,0,822
43.5,45.72222222222222,916,0,61,0,823
43.51,45.72222222222222,916,0,60,0,824
43.54,45.77777777777778,916,0,59,0,825
43.58,45.83333333333333,916,0,58,1,825
43.59,45.83333333333333,916,0,58,0,826
43.61,45.88888888888889,916,0,57,0,827
43.62,45.94444444444444,916,0,56,0,828
43.63,46.0,916,0,54,0,830
43.65,46.111111111111114,916,0,52,0,832
43.75,46.22222222222222,916,0,51,0,833
43.79,46.27777777777778,916,0,50,0,834
43.81,46.33333333333333,916,0,49,0,835
43.87,46.38888888888889,916,0,48,0,836
44.0,46.5,916,0,47,0,837
44.01,46.5,916,0,46,0,838
44.03,46.55555555555556,916,0,45,0,839
44.04,46.61111111111111,916,0,44,1,839
44.06,46.61111111111111,916,0,44,0,840
44.09,46.666666666666664,916,0,43,1,840
44.1,46.666666666666664,915,1,43,0,841
44.11,46.72222222222222,915,0,44,0,841
44.22,46.72222222222222,915,0,43,0,842
44.25,46.833333333333336,915,0,42,0,843
44.29,46.833333333333336,914,1,40,0,845
44.31,46.94444444444444,914,0,41,0,845
44.36,46.94444444444444,914,0,40,0,845
44.37,46.94444444444444,914,0,39,1,846
44.38,47.0,914,0,39,0,847
44.5,47.11111111111111,914,0,38,0,848
44.53,47.11111111111111,914,0,37,0,849
44.54,47.16666666666667,914,0,36,0,850
44.75,47.27777777777778,914,0,35,0,851
44.85,47.27777777777778,914,0,34,1,851
44.86,47.27777777777778,914,0,34,0,852
44.88,47.333333333333336,914,0,33,0,853
44.95,47.38888888888889,914,0,32,0,854
45.16,47.44444444444444,914,0,31,0,855
45.46,47.5,914,0,30,0,856
45.47,47.55555555555556,913,1,30,0,856
45.62,47.55555555555556,913,1,29,0,857
45.71,47.61111111111111,913,1,28,0,858
45.81,47.66666666666667,913,1,26,1,859
45.82,47.72222222222222,913,1,26,0,860
45.84,47.77777777777778,913,1,25,0,861
45.85,47.833333333333336,913,1,24,0,862
45.9,47.888888888888886,913,1,23,0,863
45.93,47.94444444444444,913,1,22,0,864
45.94,48.0,913,1,21,0,865
46.01,48.05555555555556,913,1,20,0,866
46.02,48.11111111111111,913,1,19,1,866
46.03,48.11111111111111,913,1,19,0,866
46.04,48.11111111111111,913,1,18,1,866
46.07,48.11111111111111,913,1,17,2,866
46.38,48.11111111111111,913,1,16,3,866
46.41,48.11111111111111,913,1,15,4,866
46.43,48.11111111111111,913,1,14,5,866
46.48,48.11111111111111,913,1,13,6,866
46.49,48.11111111111111,913,1,12,7,866
46.54,48.11111111111111,913,0,13,7,866
46.6,48.11111111111111,913,0,12,8,866
46.75,48.11111111111111,913,0,11,9,866
46.77,48.11111111111111,913,0,10,10,866
46.82,48.11111111111111,913,0,9,11,866
46.85,48.11111111111111,913,0,8,12,866
46.89,48.11111111111111,913,0,7,13,866
47.02,48.11111111111111,913,0,6,14,866
47.09,48.11111111111111,913,0,5,15,866
47.11,48.11111111111111,913,0,4,16,866
47.12,48.11111111111111,913,0,3,0,883
48.1,49.05555555555556,913,0,2,1,883
48.22,49.05555555555556,912,1,2,0,885
48.23,49.166666666666664,912,0,3,0,885
48.33,49.166666666666664,912,0,2,1,885
48.35,49.166666666666664,912,0,1,2,885
48.4,49.166666666666664,912,0,0,3,885
51.14,49.166666666666664,911,1,0,3,885
51.15,49.166666666666664,911,0,1,3,885
53.19,49.166666666666664,911,0,0,4,885
54.17,49.166666666666664,910,1,0,1,885
54.18,49.166666666666664,909,1,1,0,889
54.19,49.388888888888886,908,2,1,0,889
54.2,49.388888888888886,908,1,2,0,889
54.21,49.388888888888886,907,1,3,0,889
54.23,49.388888888888886,906,1,4,0,889
54.31,49.388888888888886,905,1,5,0,889
54.32,49.388888888888886,901,2,8,0,889
54.33,49.388888888888886,901,1,9,0,889
54.35,49.388888888888886,896,2,13,0,889
54.36,49.388888888888886,893,1,17,0,889
54.37,49.388888888888886,890,1,20,0,889
54.38,49.388888888888886,888,1,22,0,889
54.39,49.388888888888886,885,2,24,0,889
54.4,49.388888888888886,881,1,29,0,889
54.43,49.388888888888886,880,2,29,0,889
54.44,49.388888888888886,880,1,30,0,889
54.45,49.388888888888886,879,1,31,0,889
54.46,49.388888888888886,875,1,35,0,889
54.47,49.388888888888886,873,1,37,0,889
54.48,49.388888888888886,871,2,38,0,889
54.49,49.388888888888886,870,1,40,0,889
54.5,49.388888888888886,868,1,42,0,889
54.51,49.388888888888886,863,4,44,0,889
54.52,49.388888888888886,859,4,48,0,889
54.53,49.388888888888886,859,1,51,0,889
54.54,49.388888888888886,858,1,52,0,889
54.57,49.388888888888886,853,3,55,0,889
54.58,49.388888888888886,853,1,57,0,889
54.61,49.388888888888886,850,1,60,0,889
54.63,49.388888888888886,849,1,61,0,889
54.64,49.388888888888886,848,1,62,0,889
54.65,49.388888888888886,845,3,63,0,889
54.66,49.388888888888886,845,1,65,0,889
54.67,49.388888888888886,844,1,66,0,889
54.68,49.388888888888886,841,1,69,0,889
54.69,49.388888888888886,840,1,70,0,889
54.7,49.388888888888886,839,1,71,0,889
54.71,49.388888888888886,838,1,72,0,889
54.72,49.388888888888886,836,2,73,0,889
54.73,49.388888888888886,830,3,78,0,889
54.74,49.388888888888886,824,5,82,0,889
54.75,49.388888888888886,824,1,86,0,889
54.82,49.388888888888886,823,1,86,0,890
55.02,49.44444444444444,823,1,85,0,891
55.03,49.5,822,1,85,0,892
55.04,49.55555555555556,821,1,86,0,892
55.06,49.55555555555556,820,2,85,0,893
55.07,49.611111111111114,820,1,86,0,893
55.09,49.611111111111114,819,1,86,0,894
55.31,49.666666666666664,819,0,87,0,894
55.33,49.666666666666664,819,0,86,1,894
55.34,49.666666666666664,818,0,87,0,895
55.35,49.72222222222222,817,0,87,0,896
55.38,49.77777777777778,816,0,87,0,897
55.46,49.833333333333336,815,0,87,0,898
55.51,49.888888888888886,814,0,87,0,899
55.67,49.94444444444445,814,0,86,0,900
55.68,50.0,813,1,86,0,900
55.69,50.0,813,0,87,0,900
55.75,50.0,812,0,87,0,901
55.76,50.05555555555555,811,0,87,0,902
55.79,50.11111111111111,810,1,86,0,903
55.81,50.16666666666667,810,0,85,2,903
55.82,50.16666666666667,808,0,87,0,905
56.02,50.27777777777778,807,0,87,0,906
56.23,50.33333333333333,807,0,86,1,906
56.24,50.33333333333333,806,0,87,0,907
56.41,50.38888888888889,806,0,86,1,907
56.42,50.38888888888889,806,0,85,1,908
56.44,50.44444444444445,806,0,84,2,908
56.45,50.44444444444445,805,0,84,0,911
56.46,50.61111111111111,805,0,82,2,911
56.48,50.61111111111111,804,0,83,2,911
56.5,50.61111111111111,803,0,84,2,911
56.53,50.61111111111111,803,0,83,3,911
56.59,50.61111111111111,801,1,84,3,911
56.6,50.61111111111111,801,0,85,3,911
56.61,50.61111111111111,793,4,89,3,911
56.62,50.61111111111111,791,2,93,0,914
56.63,50.77777777777778,791,0,95,0,914
56.64,50.77777777777778,789,1,96,0,914
56.65,50.77777777777778,788,0,98,0,914
57.06,50.77777777777778,787,0,98,0,915
57.23,50.83333333333333,787,0,97,1,915
57.24,50.83333333333333,786,0,98,0,916
57.31,50.888888888888886,786,0,97,0,917
57.32,50.94444444444445,785,0,98,0,917
58.16,50.94444444444445,784,0,98,0,918
58.21,51.0,783,1,97,0,919
58.22,51.05555555555556,783,0,98,0,919
58.38,51.05555555555556,782,1,97,0,920
58.39,51.11111111111111,782,0,98,0,920
58.5,51.16666666666667,781,0,98,0,921
58.59,51.16666666666667,780,0,98,0,922
58.63,51.22222222222222,780,0,97,1,922
58.64,51.22222222222222,779,0,97,1,923
58.65,51.27777777777778,779,0,97,0,924
58.67,51.33333333333333,778,0,98,0,924
58.68,51.33333333333333,778,0,96,1,925
58.7,51.388888888888886,778,0,95,2,925
58.74,51.388888888888886,778,0,94,3,925
58.75,51.388888888888886,777,0,91,1,931
58.76,51.72222222222223,776,1,91,1,931
58.77,51.72222222222223,775,0,93,1,931
58.78,51.72222222222223,775,0,91,3,931
58.79,51.72222222222223,775,0,90,4,931
58.82,51.72222222222223,774,0,91,4,931
58.83,51.72222222222223,773,0,90,6,931
58.84,51.72222222222223,772,0,91,6,931
58.89,51.72222222222223,771,0,92,0,935
58.9,51.94444444444445,765,3,95,0,937
58.91,52.05555555555556,765,0,98,0,937
58.94,52.05555555555556,764,0,98,0,938
58.95,52.11111111111111,764,0,97,0,939
58.96,52.166666666666664,763,0,98,0,939
59.0,52.22222222222223,762,0,98,0,940
59.01,52.22222222222223,762,0,97,0,941
59.02,52.27777777777778,762,0,95,2,941
59.03,52.27777777777778,761,0,94,0,945
59.04,52.5,757,0,98,0,945
59.07,52.5,757,0,97,0,946
59.08,52.55555555555556,756,0,98,0,946
59.12,52.55555555555556,755,0,98,0,947
59.15,52.61111111111111,754,0,98,0,948
59.2,52.666666666666664,754,0,97,0,949
59.21,52.72222222222223,753,0,98,0,949
59.23,52.72222222222223,753,0,97,0,950
59.25,52.77777777777778,751,1,97,0,951
59.26,52.83333333333333,751,0,98,0,951
59.39,52.83333333333333,750,1,97,0,952
59.4,52.888888888888886,750,0,98,0,952
59.45,52.888888888888886,750,0,97,0,953
59.46,52.94444444444445,749,0,97,1,953
59.47,52.94444444444445,748,0,98,0,954
59.52,53.0,747,0,97,1,955
59.53,53.05555555555556,747,0,97,0,956
59.54,53.11111111111111,745,1,96,0,958
59.56,53.22222222222223,745,0,96,1,958
59.57,53.22222222222223,743,1,97,0,959
59.58,53.27777777777778,743,0,98,0,959
59.64,53.27777777777778,741,0,98,0,961
59.65,53.388888888888886,741,0,96,1,962
59.66,53.444444444444436,740,0,97,0,963
59.69,53.5,740,0,95,2,963
59.7,53.5,739,0,96,2,963
59.71,53.5,739,0,96,0,965
59.73,53.61111111111111,738,0,97,0,965
59.74,53.61111111111111,737,0,98,0,965
59.75,53.61111111111111,736,0,98,0,966
59.76,53.666666666666664,736,0,97,1,966
59.77,53.666666666666664,735,0,97,1,967
59.78,53.72222222222223,734,0,98,0,968
59.83,53.77777777777778,733,0,98,0,969
59.84,53.833333333333336,732,0,98,0,970
59.94,53.888888888888886,732,0,97,1,970
59.95,53.888888888888886,731,0,98,0,971
60.03,53.94444444444444,731,0,97,0,972
60.06,54.0,730,0,98,0,972
60.07,54.0,729,0,98,0,973
60.14,54.05555555555556,728,0,98,0,974
60.18,54.11111111111111,728,0,97,0,975
60.19,54.166666666666664,727,0,98,0,975
60.22,54.166666666666664,726,0,98,0,976
60.25,54.22222222222223,725,1,97,0,977
60.26,54.27777777777778,725,0,98,0,977
60.35,54.27777777777778,724,0,98,0,978
60.42,54.333333333333336,723,0,98,0,979
60.44,54.388888888888886,722,0,98,0,980
60.51,54.44444444444444,721,1,97,0,981
60.52,54.50000000000001,721,0,98,0,981
60.65,54.50000000000001,721,0,97,0,982
60.67,54.55555555555556,720,0,97,1,982
60.68,54.55555555555556,720,0,97,0,983
60.7,54.61111111111111,719,0,98,0,983
60.71,54.61111111111111,719,0,97,1,983
60.72,54.61111111111111,717,1,97,0,985
60.73,54.72222222222223,717,0,97,1,985
60.74,54.72222222222223,716,0,98,0,986
60.83,54.77777777777778,715,0,98,0,987
60.87,54.833333333333336,715,0,97,0,988
60.88,54.888888888888886,714,0,98,0,988
60.95,54.888888888888886,713,0,98,0,989
60.98,54.94444444444444,713,0,97,1,989
60.99,54.94444444444444,712,0,98,0,990
61.06,55.00000000000001,712,0,97,0,991
61.08,55.05555555555556,711,0,98,0,991
61.1,55.05555555555556,710,0,98,0,992
61.15,55.111111111111114,710,0,96,1,993
61.18,55.166666666666664,710,0,94,3,993
61.19,55.166666666666664,709,0,94,1,996
61.2,55.333333333333336,709,0,93,2,996
61.21,55.333333333333336,709,0,92,3,996
61.22,55.333333333333336,708,1,91,4,996
61.23,55.333333333333336,708,0,92,4,996
61.25,55.333333333333336,708,0,91,5,996
61.26,55.333333333333336,707,0,91,6,996
61.27,55.333333333333336,707,0,90,7,996
61.31,55.333333333333336,707,0,89,8,996
61.32,55.333333333333336,707,0,88,9,996
61.34,55.333333333333336,707,0,86,11,996
61.37,55.333333333333336,707,0,85,12,996
61.38,55.333333333333336,707,0,84,13,996
61.4,55.333333333333336,705,1,84,0,1010
61.41,56.111111111111114,705,0,85,0,1010
61.42,56.111111111111114,704,0,85,1,1010
61.43,56.111111111111114,704,0,84,2,1010
61.45,56.111111111111114,704,0,83,3,1010
61.49,56.111111111111114,703,0,84,3,1010
61.5,56.111111111111114,700,2,85,3,1010
61.51,56.111111111111114,696,0,90,4,1010
61.52,56.111111111111114,696,0,89,5,1010
61.54,56.111111111111114,695,0,89,6,1010
61.58,56.111111111111114,694,1,87,8,1010
61.59,56.111111111111114,694,0,87,9,1010
61.61,56.111111111111114,694,0,85,11,1010
61.62,56.111111111111114,694,0,84,12,1010
61.63,56.111111111111114,692,0,86,0,1022
61.65,56.777777777777786,690,0,88,0,1022
61.66,56.777777777777786,689,0,89,0,1022
61.67,56.777777777777786,688,0,90,0,1022
61.72,56.777777777777786,688,0,88,2,1022
61.73,56.777777777777786,687,0,89,2,1022
61.75,56.777777777777786,687,0,88,3,1022
61.78,56.777777777777786,686,0,89,3,1022
61.79,56.777777777777786,685,0,90,3,1022
61.81,56.777777777777786,680,1,94,3,1022
61.82,56.777777777777786,678,0,97,0,1025
61.86,56.94444444444444,677,0,98,0,1025
62.0,56.94444444444444,677,0,97,1,1025
62.01,56.94444444444444,676,0,98,0,1026
62.25,57.05555555555556,675,0,98,0,1027
62.33,57.05555555555556,674,0,97,1,1028
62.34,57.111111111111114,674,0,97,0,1029
62.35,57.166666666666664,673,0,98,0,1029
62.41,57.166666666666664,673,0,97,1,1029
62.42,57.166666666666664,673,0,96,1,1030
62.45,57.22222222222222,671,1,96,0,1032
62.46,57.333333333333336,670,0,98,0,1032
62.5,57.388888888888886,669,0,98,0,1033
62.53,57.388888888888886,669,0,96,1,1034
62.54,57.44444444444444,668,0,97,0,1035
62.56,57.49999999999999,667,0,98,0,1035
62.58,57.49999999999999,667,0,97,0,1035
62.59,57.49999999999999,666,0,98,0,1036
62.61,57.55555555555556,665,0,98,0,1037
62.68,57.611111111111114,664,1,97,0,1038
62.69,57.666666666666664,664,0,98,0,1038
62.72,57.666666666666664,663,0,97,1,1039
62.73,57.72222222222222,662,0,98,0,1040
62.75,57.833333333333336,661,0,98,0,1041
62.85,57.833333333333336,660,1,97,0,1042
62.86,57.88888888888889,660,0,98,0,1042
62.97,57.88888888888889,660,0,97,1,1042
62.98,57.88888888888889,660,0,97,0,1043
62.99,57.94444444444444,659,0,98,0,1043
63.0,57.94444444444444,659,0,97,0,1044
63.01,57.99999999999999,658,0,98,0,1044
63.11,57.99999999999999,658,0,97,0,1045
63.12,58.05555555555556,657,0,97,0,1046
63.13,58.111111111111114,656,0,97,0,1047
63.14,58.166666666666664,655,0,98,0,1047
63.2,58.166666666666664,655,0,97,0,1048
63.21,58.22222222222222,654,0,98,0,1048
63.22,58.22222222222222,654,0,97,0,1049
63.23,58.27777777777777,653,0,97,0,1050
63.24,58.333333333333336,652,0,97,0,1051
63.25,58.44444444444444,650,0,98,0,1052
63.29,58.44444444444444,649,0,97,1,1053
63.31,58.5,648,0,97,0,1055
63.33,58.611111111111114,647,0,98,0,1055
63.43,58.611111111111114,646,0,97,0,1057
63.47,58.72222222222222,646,0,96,1,1057
63.48,58.72222222222222,645,0,97,0,1058
63.5,58.77777777777777,645,0,96,1,1058
63.51,58.77777777777777,644,0,97,0,1059
63.53,58.833333333333336,644,0,96,1,1059
63.6,58.833333333333336,642,0,97,1,1060
63.61,58.88888888888889,642,0,97,0,1061
63.62,58.94444444444444,642,0,96,1,1061
63.63,58.94444444444444,642,0,95,2,1061
63.66,58.94444444444444,642,0,94,3,1061
63.7,58.94444444444444,639,2,95,0,1064
63.71,59.111111111111114,638,0,97,0,1065
63.74,59.166666666666664,637,0,98,0,1065
63.78,59.166666666666664,636,0,98,0,1066
63.9,59.22222222222222,636,0,97,0,1067
63.92,59.27777777777777,635,0,98,0,1067
63.95,59.27777777777777,635,0,97,0,1068
63.96,59.333333333333336,634,0,97,0,1069
63.98,59.38888888888889,633,0,98,0,1069
63.99,59.38888888888889,633,0,97,0,1070
64.0,59.44444444444444,632,0,98,0,1070
64.02,59.44444444444444,632,0,97,0,1071
64.04,59.5,631,0,98,0,1071
64.17,59.5,631,0,97,0,1072
64.19,59.55555555555555,631,0,96,1,1072
64.2,59.55555555555555,630,0,97,1,1072
64.21,59.55555555555555,629,0,97,1,1073
64.22,59.611111111111114,628,0,98,0,1074
64.26,59.66666666666667,628,0,97,0,1075
64.27,59.72222222222222,627,0,98,0,1075
64.36,59.72222222222222,627,0,97,0,1076
64.37,59.77777777777777,626,0,98,0,1076
64.49,59.77777777777777,625,0,97,0,1078
64.5,59.94444444444444,623,0,98,0,1079
64.51,59.94444444444444,623,0,97,1,1079
64.52,59.94444444444444,623,0,97,0,1080
64.57,60.0,622,0,98,0,1080
64.66,60.0,622,0,97,0,1081
64.67,60.05555555555555,621,0,98,0,1081
64.96,60.05555555555555,621,0,97,0,1082
64.97,60.111111111111114,620,0,98,0,1082
65.0,60.16666666666667,619,0,98,0,1083
65.02,60.16666666666667,619,0,97,0,1084
65.03,60.22222222222222,618,0,98,0,1084
65.06,60.22222222222222,617,1,96,1,1085
65.07,60.27777777777777,617,0,97,0,1086
65.08,60.333333333333336,616,0,98,0,1086
65.09,60.333333333333336,615,0,98,0,1087
65.1,60.38888888888889,614,1,97,0,1088
65.11,60.44444444444444,614,0,98,0,1088
65.12,60.44444444444444,613,0,98,0,1089
65.15,60.5,612,0,98,0,1090
65.18,60.55555555555555,611,0,98,0,1091
65.19,60.611111111111114,611,0,97,1,1091
65.2,60.611111111111114,609,1,97,0,1093
65.21,60.72222222222222,609,0,98,0,1093
65.23,60.72222222222222,609,0,97,0,1094
65.24,60.77777777777777,608,0,97,0,1095
65.25,60.83333333333333,606,0,98,0,1096
65.29,60.88888888888889,605,0,98,0,1097
65.34,60.94444444444444,604,1,97,0,1098
65.35,61.0,604,0,98,0,1098
65.4,61.0,604,0,97,0,1099
65.42,61.05555555555555,603,0,98,0,1099
65.49,61.05555555555555,603,0,97,0,1100
65.5,61.111111111111114,602,0,98,0,1100
65.51,61.111111111111114,602,0,97,0,1101
65.52,61.16666666666667,601,0,98,0,1101
65.54,61.16666666666667,601,0,97,0,1102
65.61,61.22222222222222,600,0,98,0,1102
65.68,61.22222222222222,600,0,97,0,1103
65.69,61.27777777777778,599,0,98,0,1103
65.73,61.27777777777778,599,0,97,0,1104
65.74,61.33333333333333,597,1,97,0,1105
65.75,61.38888888888889,596,0,98,0,1106
65.77,61.44444444444444,595,0,98,0,1107
65.81,61.5,595,0,97,0,1108
65.84,61.55555555555555,594,0,98,0,1108
65.9,61.55555555555555,594,0,97,0,1109
65.91,61.611111111111114,592,1,97,0,1110
65.92,61.66666666666667,591,0,98,0,1111
65.93,61.72222222222222,591,0,97,0,1112
65.97,61.77777777777778,590,1,97,0,1112
65.98,61.77777777777778,590,0,98,0,1112
66.04,61.77777777777778,589,1,97,0,1113
66.06,61.83333333333333,589,0,98,0,1113
66.13,61.83333333333333,588,0,97,0,1115
66.15,61.94444444444444,587,1,97,0,1115
66.16,61.94444444444444,587,0,98,0,1115
66.2,61.94444444444444,587,0,97,0,1116
66.23,62.0,586,0,98,0,1116
66.42,62.0,585,0,96,0,1119
66.43,62.16666666666667,583,0,98,0,1119
66.54,62.16666666666667,583,0,97,0,1120
66.56,62.22222222222222,582,0,98,0,1120
66.57,62.22222222222222,581,0,98,0,1121
66.59,62.27777777777778,581,0,97,1,1121
66.6,62.27777777777778,580,0,98,0,1122
66.65,62.33333333333333,580,0,96,1,1123
66.66,62.38888888888889,578,0,98,0,1124
66.76,62.44444444444445,578,0,97,0,1125
66.77,62.5,577,0,98,0,1125
66.85,62.5,577,0,96,1,1126
66.87,62.55555555555555,575,0,98,0,1127
66.88,62.61111111111111,574,0,98,0,1128
66.91,62.66666666666667,573,0,97,0,1130
66.92,62.77777777777778,573,0,96,1,1130
66.93,62.77777777777778,572,0,97,0,1131
66.94,62.83333333333333,571,0,98,0,1131
66.98,62.83333333333333,570,0,98,0,1132
67.04,62.88888888888889,570,0,97,0,1133
67.06,62.94444444444445,569,0,98,0,1133
67.15,62.94444444444445,569,0,97,0,1134
67.16,63.0,568,0,98,0,1134
67.19,63.0,568,0,97,1,1134
67.2,63.0,567,0,97,1,1135
67.21,63.05555555555556,567,0,97,0,1136
67.23,63.11111111111111,566,0,98,0,1136
67.29,63.11111111111111,565,0,98,0,1137
67.4,63.16666666666667,564,0,98,0,1138
67.41,63.22222222222222,563,0,98,0,1139
67.49,63.27777777777778,563,0,97,0,1140
67.5,63.33333333333333,562,0,97,0,1141
67.51,63.388888888888886,561,0,98,0,1141
67.53,63.388888888888886,560,0,98,0,1142
67.54,63.44444444444445,560,0,97,0,1143
67.56,63.5,559,0,98,0,1143
67.57,63.5,559,0,97,0,1144
67.58,63.55555555555556,558,0,98,0,1144
67.63,63.55555555555556,557,1,96,0,1146
67.64,63.66666666666667,556,0,98,0,1146
67.71,63.66666666666667,556,0,97,0,1147
67.72,63.72222222222222,555,0,98,0,1147
67.77,63.72222222222222,555,0,97,1,1147
67.78,63.72222222222222,554,0,98,0,1148
67.79,63.77777777777778,553,0,98,0,1149
67.95,63.83333333333333,553,0,97,0,1150
67.97,63.888888888888886,552,0,97,0,1151
67.98,63.94444444444445,551,0,98,0,1151
68.0,64.05555555555556,549,0,98,0,1153
68.03,64.05555555555556,549,0,97,0,1154
68.04,64.11111111111111,549,0,96,1,1154
68.08,64.11111111111111,549,0,94,3,1154
68.09,64.11111111111111,547,0,96,0,1157
68.1,64.27777777777777,546,0,97,0,1157
68.12,64.27777777777777,545,0,98,0,1157
68.13,64.27777777777777,544,0,98,0,1158
68.16,64.33333333333333,544,0,97,1,1158
68.17,64.33333333333333,543,0,98,0,1159
68.19,64.38888888888889,543,0,97,0,1160
68.2,64.44444444444444,543,0,95,2,1160
68.21,64.44444444444444,543,0,94,3,1160
68.24,64.44444444444444,539,0,98,0,1163
68.25,64.61111111111111,539,0,97,0,1164
68.27,64.66666666666666,538,0,98,0,1164
68.28,64.66666666666666,538,0,97,1,1164
68.29,64.66666666666666,538,0,97,0,1165
68.34,64.72222222222223,535,0,98,0,1167
68.36,64.83333333333333,534,0,98,0,1168
68.4,64.88888888888889,533,0,98,0,1169
68.42,64.94444444444444,533,0,97,0,1170
68.43,65.0,532,0,98,0,1170
68.47,65.0,531,1,97,0,1171
68.48,65.05555555555556,531,0,98,0,1171
68.59,65.05555555555556,531,0,97,0,1172
68.6,65.11111111111111,530,0,98,0,1172
68.62,65.11111111111111,530,0,97,1,1172
68.63,65.11111111111111,529,0,98,0,1173
68.66,65.16666666666666,529,0,97,1,1173
68.67,65.16666666666666,528,0,98,0,1174
68.77,65.22222222222223,528,0,97,0,1175
68.78,65.27777777777779,528,0,96,1,1175
68.79,65.27777777777779,527,0,97,0,1176
68.83,65.33333333333333,526,0,98,0,1176
68.88,65.33333333333333,526,0,97,1,1176
68.89,65.33333333333333,525,1,97,0,1177
68.9,65.38888888888889,525,0,97,0,1178
68.91,65.44444444444444,525,0,96,1,1178
68.92,65.44444444444444,524,0,97,0,1179
68.93,65.5,523,0,98,0,1179
68.95,65.5,522,0,98,0,1180
69.01,65.55555555555556,521,0,98,0,1181
69.08,65.61111111111111,520,0,98,0,1182
69.12,65.66666666666666,520,0,97,0,1183
69.13,65.72222222222223,519,0,98,0,1183
69.2,65.72222222222223,519,0,97,1,1183
69.21,65.72222222222223,519,0,97,0,1184
69.23,65.77777777777779,518,0,98,0,1184
69.27,65.77777777777779,518,0,97,0,1185
69.28,65.83333333333333,517,0,97,0,1186
69.31,65.88888888888889,516,0,98,0,1186
69.34,65.88888888888889,515,0,98,0,1187
69.38,65.94444444444444,514,0,98,0,1188
69.39,66.0,514,0,97,0,1189
69.4,66.05555555555556,513,0,98,0,1189
69.41,66.05555555555556,513,0,97,0,1190
69.42,66.11111111111111,512,0,97,0,1191
69.43,66.16666666666666,511,1,97,0,1191
69.44,66.16666666666666,511,0,98,0,1191
69.46,66.16666666666666,511,0,97,0,1192
69.47,66.22222222222223,510,0,98,0,1192
69.5,66.22222222222223,509,0,98,0,1193
69.51,66.27777777777779,508,0,98,0,1194
69.59,66.33333333333333,507,0,98,0,1195
69.72,66.38888888888889,506,0,98,0,1196
69.75,66.5,505,0,98,0,1197
69.85,66.5,505,0,97,1,1197
69.86,66.5,504,0,98,0,1198
69.88,66.55555555555556,503,0,98,0,1199
69.89,66.61111111111111,502,0,98,0,1200
69.96,66.66666666666666,501,0,98,0,1201
69.99,66.72222222222223,500,1,97,0,1202
70.0,66.83333333333333,499,0,97,0,1204
70.01,66.88888888888889,498,0,97,0,1205
70.02,66.94444444444444,497,0,98,0,1205
70.12,66.94444444444444,497,0,97,0,1206
70.13,67.0,496,0,98,0,1206
70.21,67.0,495,0,98,0,1207
70.25,67.11111111111111,494,0,98,0,1208
70.28,67.11111111111111,494,0,97,1,1208
70.29,67.11111111111111,492,1,97,0,1210
70.31,67.22222222222223,492,0,98,0,1210
70.32,67.22222222222223,492,0,97,0,1211
70.37,67.27777777777779,491,0,98,0,1211
70.41,67.27777777777779,491,0,97,1,1211
70.42,67.27777777777779,489,0,98,0,1213
70.47,67.38888888888889,488,0,98,0,1214
70.48,67.44444444444444,488,0,97,1,1214
70.49,67.44444444444444,487,0,97,0,1216
70.5,67.55555555555556,486,0,98,0,1216
70.53,67.55555555555556,485,0,98,0,1217
70.54,67.61111111111111,484,0,98,0,1218
70.56,67.66666666666666,483,0,97,0,1220
70.57,67.77777777777779,482,0,98,0,1220
70.64,67.77777777777779,482,0,97,0,1221
70.65,67.83333333333333,481,0,98,0,1221
70.66,67.83333333333333,480,0,98,0,1222
70.68,67.88888888888889,480,0,97,0,1223
70.71,67.94444444444444,479,1,97,0,1223
70.72,67.94444444444444,478,1,97,0,1224
70.74,68.0,478,0,98,0,1224
70.75,68.0,477,0,98,0,1225
70.78,68.05555555555556,476,0,98,0,1226
70.87,68.11111111111111,476,0,97,0,1227
70.89,68.16666666666666,475,0,98,0,1227
70.91,68.16666666666666,475,0,97,0,1228
70.93,68.22222222222221,474,0,98,0,1228
70.97,68.22222222222221,474,0,97,0,1229
70.98,68.27777777777779,473,0,98,0,1229
71.03,68.27777777777779,473,0,97,1,1229
71.04,68.27777777777779,473,0,97,0,1230
71.07,68.33333333333333,471,1,97,0,1231
71.08,68.38888888888889,471,0,98,0,1231
71.13,68.38888888888889,471,0,97,0,1232
71.14,68.44444444444444,470,0,98,0,1232
71.18,68.44444444444444,469,1,97,0,1233
71.19,68.5,469,0,97,0,1234
71.35,68.55555555555556,469,0,95,1,1235
71.36,68.61111111111111,469,0,95,0,1236
71.43,68.66666666666667,469,0,94,0,1237
71.44,68.72222222222221,469,0,93,0,1238
71.47,68.77777777777779,469,0,92,0,1239
71.52,68.83333333333333,469,0,91,1,1239
71.53,68.83333333333333,469,0,91,0,1240
71.56,68.88888888888889,469,0,90,0,1241
71.62,68.94444444444444,469,0,89,0,1242
71.64,69.0,469,0,88,0,1243
71.65,69.05555555555556,469,0,87,0,1244
71.7,69.11111111111111,469,0,86,0,1245
71.72,69.16666666666667,468,1,85,0,1246
71.74,69.22222222222221,468,0,85,0,1247
71.77,69.27777777777779,468,0,84,0,1248
71.84,69.33333333333334,468,0,83,0,1249
71.86,69.38888888888889,468,0,82,0,1250
71.87,69.44444444444444,468,0,81,0,1251
71.93,69.5,468,0,79,0,1253
71.95,69.61111111111111,468,0,77,0,1255
71.99,69.72222222222221,468,0,75,0,1257
72.0,69.83333333333334,468,0,73,1,1258
72.01,69.88888888888889,468,0,73,0,1259
72.07,69.94444444444444,468,0,72,0,1260
72.23,70.0,468,0,71,0,1261
72.28,70.05555555555556,468,0,70,1,1261
72.29,70.05555555555556,468,0,70,0,1262
72.41,70.11111111111111,468,0,69,0,1263
72.5,70.16666666666667,468,0,68,0,1264
72.59,70.22222222222221,468,0,67,1,1264
72.6,70.22222222222221,468,0,67,0,1265
72.63,70.27777777777777,468,0,65,0,1267
72.73,70.38888888888889,468,0,64,1,1267
72.74,70.38888888888889,468,0,64,0,1268
72.87,70.44444444444444,468,0,63,0,1269
73.08,70.5,468,0,62,0,1270
73.25,70.55555555555556,468,0,61,0,1271
73.32,70.61111111111111,468,0,60,1,1271
73.33,70.61111111111111,468,0,60,0,1272
73.34,70.66666666666667,468,0,59,0,1273
73.36,70.72222222222221,468,0,58,0,1274
73.5,70.77777777777777,468,0,57,0,1275
73.59,70.83333333333334,468,0,56,0,1276
73.67,70.88888888888889,468,0,55,0,1277
73.7,70.94444444444444,468,0,54,0,1278
73.71,71.0,468,0,53,1,1278
73.72,71.0,468,0,52,0,1280
73.75,71.11111111111111,468,0,50,0,1282
73.82,71.22222222222221,468,0,49,0,1282
73.83,71.22222222222221,468,0,48,0,1284
73.84,71.33333333333334,468,0,46,0,1286
73.91,71.44444444444444,468,0,45,0,1287
73.92,71.5,468,0,44,0,1288
74.07,71.55555555555554,468,0,43,1,1288
74.08,71.55555555555554,467,1,43,0,1289
74.09,71.61111111111111,467,0,44,0,1289
74.23,71.61111111111111,467,0,43,0,1290
74.28,71.66666666666667,466,1,42,0,1291
74.29,71.72222222222221,466,0,43,0,1291
74.31,71.72222222222221,466,0,42,0,1292
74.47,71.77777777777777,466,0,41,0,1293
74.48,71.83333333333334,466,0,40,0,1294
74.5,71.88888888888889,466,0,39,0,1295
74.51,71.94444444444444,466,0,38,0,1296
74.52,72.0,466,0,37,1,1296
74.53,72.0,466,0,37,0,1297
74.61,72.05555555555556,466,0,36,0,1298
74.64,72.11111111111111,466,0,35,0,1299
74.67,72.16666666666667,466,0,34,0,1300
74.69,72.22222222222221,466,0,32,0,1302
74.72,72.33333333333334,466,0,31,0,1303
74.73,72.38888888888889,466,0,30,0,1304
74.83,72.44444444444444,466,0,29,0,1305
74.84,72.5,466,0,28,1,1305
74.85,72.5,466,0,27,0,1307
74.87,72.61111111111111,466,0,25,0,1309
74.95,72.72222222222223,466,0,24,0,1310
74.96,72.77777777777777,466,0,23,0,1311
74.97,72.83333333333334,466,0,22,0,1312
75.02,72.88888888888889,466,0,21,0,1313
75.07,72.94444444444444,465,1,20,0,1314
75.12,73.0,465,1,19,0,1315
75.25,73.11111111111111,465,1,18,0,1316
75.28,73.11111111111111,464,2,17,0,1317
75.29,73.16666666666667,464,1,18,0,1317
75.32,73.16666666666667,464,1,17,0,1318
75.34,73.22222222222223,464,1,16,1,1318
75.5,73.22222222222223,464,1,15,2,1318
75.52,73.22222222222223,464,1,13,4,1318
75.58,73.22222222222223,464,1,12,5,1318
75.66,73.22222222222223,464,1,11,6,1318
75.68,73.22222222222223,464,1,10,7,1318
75.72,73.22222222222223,464,1,9,8,1318
75.92,73.22222222222223,464,1,8,9,1318
75.93,73.22222222222223,464,1,6,11,1318
76.0,73.22222222222223,464,1,4,13,1318
76.02,73.22222222222223,464,1,3,14,1318
76.14,73.22222222222223,464,0,4,14,1318
76.34,73.22222222222223,464,0,3,15,1318
76.43,73.22222222222223,464,0,2,16,1318
76.71,73.22222222222223,463,1,2,12,1318
76.72,73.22222222222223,461,1,4,0,1334
76.73,74.11111111111111,461,0,5,0,1334
76.87,74.11111111111111,461,0,4,1,1334
76.88,74.11111111111111,461,0,3,2,1334
77.2,74.11111111111111,461,0,2,3,1334
78.98,74.11111111111111,461,0,1,4,1334
79.28,74.11111111111111,461,0,0,5,1334
80.11,74.11111111111111,460,1,0,3,1334
80.12,74.11111111111111,460,0,1,0,1334
81.53,74.11111111111111,460,0,1,0,1335
82.41,74.16666666666667,460,0,1,0,1339
82.42,74.3888888888889,459,1,1,0,1339
82.43,74.3888888888889,456,3,2,0,1339
82.5,74.3888888888889,448,5,8,0,1339
82.51,74.3888888888889,446,4,11,0,1339
82.52,74.3888888888889,446,1,14,0,1339
82.69,74.3888888888889,446,1,13,0,1340
82.7,74.44444444444444,445,2,13,0,1340
82.72,74.44444444444444,444,2,14,0,1340
82.73,74.44444444444444,439,1,20,0,1340
82.74,74.44444444444444,438,1,21,0,1340
82.75,74.44444444444444,434,1,25,0,1340
83.14,74.44444444444444,434,1,24,1,1340
83.15,74.44444444444444,433,1,25,0,1341
83.16,74.5,432,1,25,0,1342
83.21,74.55555555555556,431,1,26,0,1342
83.23,74.55555555555556,430,1,27,0,1342
83.24,74.55555555555556,428,1,29,0,1342
83.25,74.55555555555556,425,1,32,0,1342
83.26,74.55555555555556,424,1,33,0,1342
83.27,74.55555555555556,421,1,36,0,1342
83.28,74.55555555555556,418,2,38,0,1342
83.29,74.55555555555556,417,2,39,0,1342
83.31,74.55555555555556,416,1,41,0,1342
83.34,74.55555555555556,414,1,43,0,1342
83.36,74.55555555555556,413,1,44,0,1342
83.37,74.55555555555556,408,2,48,0,1342
83.38,74.55555555555556,408,1,49,0,1342
83.39,74.55555555555556,407,1,50,0,1342
83.4,74.55555555555556,406,1,51,0,1342
83.42,74.55555555555556,405,1,52,0,1342
83.43,74.55555555555556,403,1,54,0,1342
83.45,74.55555555555556,403,1,53,1,1342
83.46,74.55555555555556,401,1,55,1,1342
83.47,74.55555555555556,400,1,56,1,1342
83.48,74.55555555555556,399,0,57,2,1342
83.49,74.55555555555556,394,3,59,2,1342
83.5,74.55555555555556,389,0,66,3,1342
83.52,74.55555555555556,388,1,66,3,1342
83.53,74.55555555555556,388,0,67,3,1342
83.54,74.55555555555556,384,0,71,3,1342
83.57,74.55555555555556,380,2,73,3,1342
83.58,74.55555555555556,380,0,75,3,1342
83.63,74.55555555555556,379,0,76,3,1342
83.68,74.55555555555556,378,0,76,4,1342
83.73,74.55555555555556,376,0,78,4,1342
83.76,74.55555555555556,375,0,79,4,1342
83.77,74.55555555555556,369,1,84,4,1342
83.78,74.55555555555556,368,1,85,4,1342
83.79,74.55555555555556,362,2,90,4,1342
83.81,74.55555555555556,358,2,94,0,1346
83.82,74.77777777777777,356,0,98,0,1346
83.84,74.77777777777777,356,0,97,1,1346
83.85,74.77777777777777,356,0,97,0,1347
83.86,74.83333333333333,355,0,98,0,1347
83.87,74.83333333333333,355,0,97,0,1348
83.88,74.8888888888889,355,0,95,2,1348
83.89,74.8888888888889,354,0,96,2,1348
83.9,74.8888888888889,352,0,98,0,1350
83.92,75.0,352,0,97,0,1351
83.93,75.05555555555556,351,0,98,0,1351
83.96,75.05555555555556,351,0,97,1,1351
83.97,75.05555555555556,350,1,97,0,1352
83.99,75.1111111111111,350,0,98,0,1352
84.02,75.1111111111111,349,0,98,0,1353
84.11,75.16666666666667,349,0,97,1,1353
84.12,75.16666666666667,348,0,98,0,1354
84.21,75.22222222222223,347,0,98,0,1355
84.22,75.27777777777777,347,0,97,0,1356
84.23,75.33333333333333,346,0,98,0,1356
84.24,75.33333333333333,346,0,97,1,1356
84.25,75.3888888888889,346,0,96,1,1357
84.26,75.3888888888889,345,0,97,1,1357
84.27,75.3888888888889,344,0,98,0,1358
84.38,75.44444444444444,344,0,97,0,1359
84.39,75.5,343,0,98,0,1359
84.41,75.5,342,1,97,0,1360
84.42,75.55555555555556,342,0,98,0,1360
84.62,75.55555555555556,341,0,98,0,1361
84.67,75.6111111111111,341,0,97,0,1362
84.68,75.66666666666667,340,0,98,0,1362
84.79,75.66666666666667,340,0,97,1,1362
84.81,75.66666666666667,340,0,96,1,1363
84.82,75.72222222222223,339,0,97,0,1364
84.83,75.77777777777777,338,0,98,0,1364
85.32,75.77777777777777,338,0,97,0,1365
85.33,75.83333333333333,337,0,98,0,1365
85.48,75.83333333333333,336,0,98,0,1366
85.83,75.88888888888889,336,0,97,1,1366
85.84,75.88888888888889,335,0,97,0,1368
85.85,76.0,334,0,97,1,1368
85.86,76.0,333,0,98,0,1369
85.96,76.05555555555556,332,1,97,0,1370
85.97,76.11111111111111,332,0,98,0,1370
86.07,76.11111111111111,332,0,97,0,1371
86.08,76.16666666666667,331,0,98,0,1371
86.1,76.16666666666667,331,0,97,0,1372
86.11,76.22222222222223,330,0,98,0,1372
86.21,76.22222222222223,330,0,97,1,1372
86.22,76.22222222222223,330,0,97,0,1373
86.24,76.27777777777777,329,0,98,0,1373
86.6,76.27777777777777,329,0,97,1,1373
86.61,76.27777777777777,328,0,97,0,1375
86.62,76.38888888888889,327,0,97,1,1375
86.63,76.38888888888889,326,0,98,0,1376
86.75,76.44444444444444,326,0,97,0,1377
86.76,76.5,325,0,98,0,1377
86.84,76.5,325,0,97,1,1377
86.85,76.5,324,0,98,0,1378
86.96,76.55555555555556,323,0,98,0,1379
86.98,76.61111111111111,323,0,97,1,1379
86.99,76.61111111111111,323,0,97,0,1380
87.0,76.66666666666667,322,0,98,0,1380
87.06,76.66666666666667,321,0,98,0,1381
87.08,76.72222222222223,320,0,98,0,1382
87.1,76.77777777777777,320,0,97,1,1382
87.11,76.77777777777777,319,0,98,0,1383
87.14,76.83333333333333,319,0,97,0,1384
87.16,76.88888888888889,318,0,98,0,1384
87.18,76.88888888888889,318,0,97,1,1384
87.19,76.88888888888889,317,0,98,0,1385
87.2,76.94444444444444,316,0,98,0,1386
87.25,77.0,316,0,97,0,1387
87.28,77.05555555555556,315,0,98,0,1387
87.29,77.05555555555556,315,0,97,1,1387
87.31,77.05555555555556,315,0,97,0,1388
87.33,77.11111111111111,314,0,98,0,1388
87.35,77.11111111111111,314,0,97,1,1388
87.36,77.11111111111111,313,0,98,0,1389
87.39,77.16666666666666,312,0,98,0,1390
87.5,77.22222222222223,312,0,97,0,1391
87.51,77.27777777777777,312,0,96,1,1391
87.52,77.27777777777777,311,0,97,1,1391
87.53,77.27777777777777,311,0,96,1,1392
87.56,77.33333333333333,310,0,96,1,1392
87.57,77.33333333333333,308,0,97,0,1395
87.58,77.5,307,0,98,0,1395
87.61,77.5,306,0,98,0,1396
87.64,77.55555555555556,306,0,97,0,1396
87.65,77.55555555555556,306,0,97,0,1397
87.67,77.61111111111111,305,0,98,0,1397
87.83,77.61111111111111,305,0,97,1,1397
87.84,77.61111111111111,304,0,98,0,1398
87.87,77.66666666666666,304,0,97,1,1398
87.88,77.66666666666666,303,0,97,0,1400
87.89,77.77777777777779,303,0,96,1,1400
87.9,77.77777777777779,303,0,95,2,1400
87.92,77.77777777777779,302,0,96,2,1400
87.93,77.77777777777779,300,0,98,0,1402
87.99,77.88888888888889,300,0,97,1,1402
88.0,77.94444444444444,299,0,98,0,1403
88.01,77.94444444444444,299,0,97,1,1403
88.02,77.94444444444444,299,0,97,0,1404
88.03,78.0,299,0,96,1,1404
88.04,78.0,298,0,96,0,1406
88.06,78.11111111111111,297,0,96,1,1406
88.07,78.11111111111111,297,0,93,4,1406
88.08,78.11111111111111,296,0,93,0,1411
88.09,78.38888888888889,294,0,95,0,1411
88.1,78.38888888888889,294,0,94,1,1411
88.13,78.38888888888889,294,0,92,3,1411
88.15,78.38888888888889,293,0,92,4,1411
88.16,78.38888888888889,292,0,92,5,1411
88.17,78.38888888888889,292,0,90,7,1411
88.19,78.38888888888889,292,0,89,8,1411
88.2,78.38888888888889,291,0,90,8,1411
88.21,78.38888888888889,288,0,92,0,1420
88.22,78.88888888888889,287,0,93,0,1420
88.23,78.88888888888889,282,0,98,0,1420
88.25,78.88888888888889,282,0,97,1,1420
88.26,78.88888888888889,282,0,96,0,1422
88.28,79.0,280,0,98,0,1422
88.31,79.0,280,0,97,1,1422
88.32,79.0,280,0,97,0,1423
88.34,79.05555555555556,279,0,98,0,1423
88.36,79.05555555555556,279,0,97,0,1424
88.38,79.11111111111111,278,0,98,0,1424
88.39,79.11111111111111,278,0,97,0,1424
88.4,79.11111111111111,277,0,98,0,1425
88.45,79.16666666666666,277,0,97,1,1425
88.46,79.16666666666666,276,0,98,0,1426
88.5,79.27777777777779,274,0,98,0,1428
88.51,79.33333333333333,274,0,97,1,1428
88.52,79.33333333333333,273,0,98,0,1429
88.54,79.38888888888889,273,0,97,1,1429
88.56,79.38888888888889,272,0,96,1,1431
88.57,79.5,270,0,98,0,1432
88.63,79.55555555555556,270,0,97,1,1432
88.64,79.55555555555556,269,0,98,0,1433
88.69,79.61111111111111,269,0,97,0,1434
88.7,79.66666666666666,268,0,98,0,1434
88.73,79.66666666666666,268,0,97,1,1434
88.74,79.66666666666666,267,0,98,0,1435
88.78,79.72222222222223,266,0,97,1,1436
88.79,79.77777777777779,265,0,98,0,1437
88.83,79.83333333333333,264,1,97,0,1438
88.84,79.88888888888889,264,0,98,0,1438
88.87,79.88888888888889,263,1,97,0,1439
88.88,79.94444444444444,263,0,98,0,1439
88.9,79.94444444444444,263,0,97,1,1439
88.91,79.94444444444444,262,0,98,0,1440
88.92,80.0,262,0,97,1,1440
88.93,80.0,261,0,98,0,1441
88.99,80.05555555555556,261,0,96,0,1443
89.0,80.16666666666666,260,0,96,1,1443
89.03,80.16666666666666,258,1,97,0,1444
89.04,80.22222222222221,258,0,98,0,1444
89.08,80.22222222222221,258,0,97,1,1444
89.09,80.22222222222221,257,0,98,0,1445
89.17,80.27777777777779,257,0,97,1,1445
89.18,80.27777777777779,256,0,98,0,1446
89.2,80.33333333333333,256,0,97,1,1446
89.21,80.33333333333333,255,0,98,0,1447
89.24,80.38888888888889,255,0,97,1,1447
89.25,80.44444444444444,254,0,98,0,1448
89.31,80.44444444444444,254,0,97,1,1448
89.32,80.44444444444444,254,0,97,0,1449
89.33,80.5,253,0,98,0,1449
89.42,80.5,252,0,98,0,1450
89.52,80.55555555555556,251,0,98,0,1451
89.63,80.61111111111111,251,0,97,1,1451
89.64,80.61111111111111,250,0,98,0,1452
89.65,80.66666666666666,250,0,97,0,1453
89.66,80.72222222222221,249,0,98,0,1453
89.74,80.72222222222221,248,0,98,0,1454
89.88,80.77777777777779,248,0,97,0,1455
89.89,80.83333333333333,247,0,98,0,1455
89.93,80.83333333333333,246,1,96,0,1457
89.94,80.94444444444444,246,0,97,0,1457
89.95,80.94444444444444,245,0,98,0,1457
90.0,81.0,245,0,95,2,1458
90.01,81.0,244,0,96,0,1460
90.02,81.11111111111111,243,0,95,2,1460
90.04,81.11111111111111,242,0,96,2,1460
90.06,81.11111111111111,242,0,96,0,1462
90.07,81.22222222222221,240,1,97,0,1462
90.08,81.22222222222221,240,0,98,0,1462
90.09,81.22222222222221,240,0,97,1,1462
90.1,81.22222222222221,238,1,97,0,1464
90.11,81.33333333333333,237,0,97,0,1466
90.13,81.44444444444444,236,0,98,0,1466
90.15,81.44444444444444,236,0,95,3,1466
90.16,81.44444444444444,233,1,96,1,1469
90.17,81.61111111111111,232,0,96,2,1470
90.18,81.66666666666667,230,0,98,0,1472
90.19,81.77777777777779,229,0,98,0,1473
90.25,81.83333333333334,228,1,97,0,1474
90.26,81.88888888888889,228,0,98,0,1474
90.29,81.88888888888889,228,0,97,0,1475
90.31,81.94444444444444,227,0,98,0,1475
90.39,81.94444444444444,227,0,97,0,1476
90.4,82.0,226,0,98,0,1476
90.48,82.0,226,0,97,0,1477
90.51,82.05555555555556,225,0,98,0,1477
90.65,82.05555555555556,225,0,97,1,1477
90.66,82.05555555555556,225,0,97,0,1478
90.68,82.11111111111111,224,0,98,0,1478
90.74,82.11111111111111,224,0,97,0,1479
90.75,82.16666666666667,223,0,98,0,1479
90.83,82.16666666666667,223,0,97,1,1479
90.84,82.16666666666667,222,0,98,0,1480
90.85,82.22222222222221,222,0,97,1,1480
90.86,82.22222222222221,222,0,97,0,1481
90.87,82.27777777777779,221,0,98,0,1481
90.95,82.27777777777779,221,0,97,0,1482
90.96,82.33333333333334,220,0,98,0,1482
91.11,82.33333333333334,220,0,95,3,1482
91.12,82.33333333333334,217,0,98,0,1485
91.17,82.5,216,0,98,0,1486
91.33,82.55555555555556,216,0,97,1,1486
91.34,82.55555555555556,215,0,98,0,1487
91.43,82.61111111111111,215,0,97,1,1487
91.44,82.61111111111111,215,0,97,0,1488
91.48,82.66666666666667,215,0,96,1,1488
91.49,82.66666666666667,214,0,97,0,1489
91.5,82.72222222222221,213,0,98,0,1489
91.52,82.72222222222221,213,0,97,0,1490
91.53,82.77777777777777,213,0,96,1,1490
91.56,82.77777777777777,212,1,96,1,1490
91.57,82.77777777777777,212,0,97,0,1491
91.59,82.83333333333334,211,0,98,0,1491
91.62,82.83333333333334,211,0,97,1,1491
91.63,82.83333333333334,211,0,96,1,1492
91.64,82.88888888888889,210,0,96,0,1494
91.65,83.0,208,0,98,0,1494
91.68,83.0,208,0,97,0,1495
91.69,83.05555555555556,207,0,98,0,1495
91.75,83.05555555555556,207,0,97,0,1496
91.77,83.11111111111111,206,0,98,0,1496
92.0,83.16666666666667,205,0,98,0,1497
92.18,83.16666666666667,205,0,97,0,1498
92.19,83.22222222222221,204,0,98,0,1498
92.29,83.22222222222221,204,0,97,1,1498
92.31,83.22222222222221,203,0,98,0,1499
92.35,83.27777777777777,202,1,97,0,1500
92.36,83.33333333333334,202,0,98,0,1500
92.4,83.33333333333334,201,1,97,0,1501
92.41,83.38888888888889,201,0,96,0,1503
92.42,83.5,199,1,97,0,1503
92.43,83.5,199,0,98,0,1503
92.46,83.5,198,0,98,0,1504
92.47,83.55555555555556,198,0,96,1,1505
92.48,83.61111111111111,197,0,97,0,1506
92.49,83.66666666666667,196,0,98,0,1506
92.5,83.72222222222221,196,0,96,1,1507
92.51,83.72222222222221,196,0,95,2,1507
92.52,83.72222222222221,195,0,96,2,1507
92.53,83.72222222222221,194,0,97,0,1509
92.56,83.83333333333334,193,0,97,0,1509
92.57,83.83333333333334,192,0,98,0,1510
92.58,83.88888888888889,192,0,96,2,1510
92.59,83.88888888888889,190,0,97,1,1512
92.6,84.0,189,0,98,0,1513
92.62,84.05555555555554,188,0,96,2,1514
92.63,84.11111111111111,186,0,97,1,1516
92.64,84.22222222222221,185,0,96,0,1519
92.65,84.38888888888889,183,0,98,0,1519
92.66,84.38888888888889,183,0,97,1,1519
92.67,84.38888888888889,183,0,97,0,1520
92.68,84.44444444444444,182,0,98,0,1520
92.71,84.44444444444444,182,0,97,0,1521
92.72,84.5,181,0,97,1,1521
92.73,84.5,179,0,98,0,1523
92.74,84.61111111111111,179,0,97,1,1523
92.75,84.66666666666667,178,0,98,0,1524
92.77,84.66666666666667,177,1,97,0,1525
92.78,84.72222222222221,177,0,98,0,1525
92.83,84.72222222222221,176,1,97,0,1526
92.84,84.77777777777777,176,0,98,0,1526
92.87,84.77777777777777,175,1,97,0,1527
92.88,84.83333333333334,175,0,98,0,1527
92.9,84.83333333333334,175,0,97,1,1527
92.91,84.83333333333334,174,0,98,0,1528
92.92,84.88888888888889,173,0,98,0,1529
92.95,84.94444444444444,173,0,97,1,1529
92.96,84.94444444444444,171,1,97,0,1531
92.97,85.05555555555556,171,0,98,0,1531
93.0,85.05555555555556,170,0,98,0,1532
93.02,85.11111111111111,169,1,97,0,1533
93.03,85.16666666666667,169,0,98,0,1533
93.07,85.16666666666667,168,1,97,0,1534
93.08,85.22222222222223,168,0,98,0,1534
93.15,85.22222222222223,167,0,98,0,1535
93.16,85.27777777777777,167,0,97,1,1535
93.17,85.27777777777777,166,0,98,0,1536
93.2,85.33333333333333,166,0,97,0,1537
93.21,85.38888888888889,166,0,96,1,1537
93.27,85.38888888888889,165,0,97,0,1538
93.28,85.44444444444444,164,0,98,0,1538
93.32,85.44444444444444,164,0,97,0,1539
93.34,85.5,163,0,97,1,1539
93.35,85.5,162,0,98,0,1540
93.39,85.55555555555556,161,0,98,0,1541
93.44,85.61111111111111,160,0,98,0,1542
93.5,85.72222222222223,158,0,98,0,1544
93.52,85.77777777777777,158,0,96,0,1546
93.56,85.88888888888889,156,0,98,0,1546
93.57,85.88888888888889,156,0,97,1,1546
93.58,85.88888888888889,155,0,98,0,1547
93.71,85.94444444444444,155,0,97,1,1547
93.72,85.94444444444444,154,0,98,0,1548
93.75,86.0,154,0,97,0,1549
93.76,86.05555555555556,153,0,98,0,1549
93.77,86.05555555555556,152,0,98,0,1550
93.79,86.11111111111111,152,0,97,0,1551
93.81,86.16666666666667,151,0,98,0,1551
93.84,86.16666666666667,150,0,98,0,1552
93.89,86.22222222222223,150,0,97,1,1552
93.9,86.22222222222223,150,0,97,0,1553
93.92,86.27777777777777,150,0,96,1,1553
93.93,86.27777777777777,149,0,97,0,1554
93.94,86.33333333333333,148,0,98,0,1554
93.95,86.33333333333333,148,0,96,2,1554
93.96,86.33333333333333,147,0,96,1,1556
93.98,86.44444444444444,145,0,98,0,1557
94.0,86.5,145,0,97,0,1558
94.03,86.55555555555556,144,0,98,0,1558
94.09,86.55555555555556,144,0,97,1,1558
94.1,86.55555555555556,143,0,98,0,1559
94.13,86.61111111111111,143,0,97,0,1560
94.14,86.66666666666667,143,0,96,1,1560
94.15,86.66666666666667,141,0,98,0,1561
94.17,86.72222222222223,141,0,97,0,1562
94.21,86.77777777777777,141,0,96,1,1562
94.23,86.77777777777777,140,0,97,0,1563
94.25,86.83333333333333,138,1,97,0,1564
94.26,86.8888888888889,138,0,98,0,1564
94.41,86.8888888888889,138,0,97,0,1564
94.42,86.8888888888889,137,0,98,0,1565
94.46,86.94444444444444,137,0,97,0,1566
94.48,87.0,137,0,96,1,1566
94.5,87.05555555555556,135,0,98,0,1567
94.63,87.05555555555556,135,0,97,0,1568
94.68,87.1111111111111,134,0,98,0,1568
94.72,87.1111111111111,133,0,98,0,1569
94.76,87.16666666666667,133,0,97,1,1569
94.77,87.16666666666667,133,0,97,0,1570
94.79,87.22222222222223,132,0,98,0,1570
94.81,87.22222222222223,132,0,97,0,1571
94.82,87.27777777777777,131,0,97,0,1572
94.84,87.33333333333333,130,0,98,0,1572
94.86,87.33333333333333,130,0,97,1,1572
94.87,87.33333333333333,129,0,98,0,1573
94.94,87.3888888888889,129,0,97,0,1574
94.95,87.44444444444444,128,0,98,0,1574
95.06,87.44444444444444,128,0,97,1,1574
95.07,87.44444444444444,127,0,98,0,1575
95.14,87.5,127,0,97,1,1575
95.15,87.5,126,0,98,0,1576
95.26,87.55555555555556,125,0,98,0,1577
95.35,87.6111111111111,124,0,98,0,1578
95.42,87.66666666666667,124,0,97,0,1579
95.43,87.72222222222223,123,0,98,0,1579
95.45,87.72222222222223,123,0,97,0,1580
95.46,87.77777777777777,121,1,96,0,1582
95.47,87.8888888888889,120,0,98,0,1582
95.56,87.8888888888889,119,0,98,0,1583
95.66,87.94444444444444,118,0,98,0,1584
95.73,88.0,117,0,98,0,1585
95.74,88.05555555555556,117,0,97,1,1585
95.75,88.1111111111111,116,0,98,0,1586
95.78,88.1111111111111,116,0,97,0,1587
95.79,88.16666666666667,115,0,98,0,1587
95.86,88.16666666666667,114,1,97,0,1588
95.87,88.22222222222223,114,0,98,0,1588
95.93,88.22222222222223,113,0,98,0,1589
95.96,88.27777777777777,112,0,97,0,1591
95.99,88.38888888888889,111,0,98,0,1591
96.07,88.38888888888889,111,0,97,0,1592
96.13,88.44444444444444,110,0,98,0,1592
96.24,88.44444444444444,110,0,97,0,1593
96.27,88.5,109,0,98,0,1593
96.37,88.5,109,0,97,1,1593
96.38,88.5,108,0,98,0,1594
96.41,88.55555555555556,108,0,97,1,1594
96.42,88.55555555555556,107,0,98,0,1595
96.48,88.61111111111111,106,1,97,0,1596
96.49,88.66666666666667,106,0,98,0,1596
96.65,88.66666666666667,106,0,97,0,1597
96.66,88.72222222222223,104,0,98,0,1598
96.69,88.77777777777777,103,1,97,0,1599
96.7,88.83333333333333,103,0,98,0,1599
96.71,88.83333333333333,103,0,97,0,1600
96.72,88.88888888888889,102,0,98,0,1600
96.73,88.88888888888889,102,0,96,1,1601
96.74,88.94444444444444,100,0,98,0,1602
96.75,89.05555555555556,98,0,95,2,1605
96.76,89.16666666666667,97,0,95,3,1605
96.77,89.16666666666667,96,0,95,1,1608
96.78,89.33333333333333,94,1,94,0,1611
96.79,89.5,92,0,97,0,1611
96.81,89.5,92,0,96,1,1611
96.82,89.5,91,0,95,1,1613
96.83,89.61111111111111,88,0,98,0,1614
96.88,89.66666666666666,88,0,97,0,1615
96.9,89.72222222222223,86,0,97,1,1616
96.91,89.77777777777777,85,0,98,0,1617
96.92,89.83333333333333,84,1,96,1,1618
96.93,89.88888888888889,83,0,98,0,1619
96.96,89.94444444444444,82,0,98,0,1620
96.97,90.0,81,0,98,0,1621
97.02,90.05555555555556,80,0,97,0,1623
97.04,90.16666666666666,79,0,98,0,1623
97.06,90.16666666666666,78,0,98,0,1624
97.1,90.22222222222223,78,0,97,0,1625
97.11,90.27777777777779,77,0,98,0,1625
97.19,90.27777777777779,77,0,97,0,1626
97.21,90.33333333333333,76,0,98,0,1626
97.31,90.33333333333333,75,0,98,0,1627
97.33,90.38888888888889,75,0,97,0,1628
97.34,90.44444444444444,74,0,98,0,1628
97.38,90.44444444444444,73,0,98,0,1629
97.42,90.5,73,0,97,1,1629
97.43,90.5,72,0,98,0,1630
97.47,90.55555555555556,72,0,97,1,1630
97.48,90.55555555555556,72,0,97,0,1631
97.5,90.61111111111111,72,0,96,1,1631
97.53,90.61111111111111,69,1,97,0,1633
97.54,90.72222222222223,69,0,98,0,1633
97.57,90.72222222222223,69,0,97,0,1634
97.58,90.77777777777779,68,0,98,0,1634
97.61,90.77777777777779,68,0,97,0,1635
97.63,90.83333333333333,68,0,96,1,1635
97.7,90.83333333333333,68,0,95,2,1635
97.71,90.83333333333333,68,0,94,3,1635
97.72,90.83333333333333,67,0,95,0,1638
97.75,91.0,66,0,94,2,1638
97.76,91.0,66,0,93,3,1638
97.77,91.0,65,0,94,3,1638
97.78,91.0,62,1,95,0,1642
97.79,91.22222222222223,61,0,97,0,1642
97.82,91.22222222222223,60,0,98,0,1642
97.92,91.22222222222223,60,0,97,0,1643
97.93,91.27777777777779,59,0,98,0,1643
97.96,91.27777777777779,59,0,97,0,1644
97.97,91.33333333333333,59,0,96,1,1644
97.98,91.33333333333333,59,0,95,2,1644
97.99,91.33333333333333,58,0,96,0,1646
98.0,91.44444444444444,56,0,97,0,1647
98.01,91.5,55,0,98,0,1647
98.03,91.5,54,0,98,0,1648
98.17,91.55555555555556,54,0,96,1,1649
98.18,91.61111111111111,52,1,97,0,1650
98.2,91.66666666666666,52,0,98,0,1650
98.22,91.66666666666666,52,0,97,1,1650
98.23,91.66666666666666,51,0,98,0,1651
98.24,91.72222222222223,50,0,98,0,1652
98.36,91.77777777777779,48,0,98,0,1654
98.39,91.88888888888889,47,0,98,0,1655
98.41,91.94444444444444,47,0,96,0,1657
98.42,92.05555555555556,47,0,94,2,1657
98.43,92.05555555555556,45,0,95,0,1658
98.44,92.11111111111111,42,0,98,0,1660
98.49,92.22222222222223,42,0,96,1,1661
98.5,92.27777777777779,40,1,97,0,1662
98.51,92.33333333333333,40,0,98,0,1662
98.52,92.33333333333333,40,0,97,0,1663
98.54,92.38888888888889,39,0,98,0,1663
98.69,92.38888888888889,39,0,97,1,1663
98.7,92.38888888888889,39,0,97,0,1664
98.71,92.44444444444444,38,0,98,0,1664
98.72,92.44444444444444,38,0,97,0,1665
98.73,92.5,38,0,96,1,1665
98.75,92.55555555555556,36,0,98,0,1666
98.77,92.55555555555556,35,1,97,0,1667
98.78,92.61111111111111,35,0,98,0,1667
98.81,92.61111111111111,35,0,97,0,1668
98.82,92.66666666666666,34,0,98,0,1668
98.91,92.66666666666666,34,0,97,0,1669
98.93,92.72222222222221,34,0,96,1,1669
98.94,92.72222222222221,32,0,98,0,1670
98.96,92.77777777777779,32,0,97,0,1671
98.97,92.83333333333333,31,0,98,0,1671
99.03,92.83333333333333,31,0,97,0,1672
99.04,92.88888888888889,30,0,98,0,1672
99.19,92.88888888888889,29,0,97,0,1674
99.21,93.0,29,0,96,1,1674
99.22,93.0,29,0,94,3,1674
99.23,93.0,28,0,94,1,1677
99.28,93.16666666666666,28,0,93,2,1677
99.29,93.16666666666666,27,0,94,2,1677
99.31,93.16666666666666,26,0,95,2,1677
99.37,93.16666666666666,24,1,96,0,1679
99.38,93.27777777777779,24,0,97,0,1679
99.4,93.27777777777779,23,1,96,0,1680
99.41,93.33333333333333,22,0,97,0,1681
99.42,93.38888888888889,21,0,98,0,1681
99.51,93.38888888888889,21,0,96,1,1682
99.52,93.44444444444444,20,1,96,1,1682
99.53,93.44444444444444,19,0,97,0,1684
99.72,93.55555555555556,19,0,96,0,1685
99.75,93.61111111111111,19,0,95,0,1686
99.78,93.66666666666667,19,0,93,1,1687
99.79,93.72222222222221,19,0,93,0,1688
99.93,93.77777777777779,19,0,92,0,1689
99.94,93.83333333333333,19,0,91,0,1690
99.96,93.88888888888889,19,0,90,0,1691
100.0,94.0,18,1,88,0,1693
100.02,94.05555555555556,18,0,89,0,1693
100.1,94.05555555555556,18,0,88,0,1694
100.15,94.11111111111111,18,0,87,0,1695
100.26,94.16666666666667,18,0,86,0,1696
100.28,94.22222222222221,18,0,85,0,1697
100.29,94.27777777777779,18,0,84,0,1698
100.31,94.33333333333334,18,0,83,1,1698
100.32,94.33333333333334,18,0,83,0,1699
100.35,94.38888888888889,18,0,82,0,1700
100.43,94.44444444444444,18,0,81,0,1701
100.5,94.5,18,0,80,0,1702
100.52,94.55555555555556,18,0,79,0,1703
100.66,94.61111111111111,18,0,78,1,1703
100.67,94.61111111111111,18,0,78,0,1704
100.75,94.66666666666667,18,0,77,0,1705
100.76,94.72222222222221,18,0,75,0,1707
101.0,94.94444444444444,18,0,72,0,1710
101.11,95.0,18,0,70,0,1712
101.13,95.11111111111111,18,0,69,0,1713
101.17,95.16666666666667,18,0,68,1,1713
101.18,95.16666666666667,18,0,67,0,1715
101.23,95.27777777777777,17,1,66,0,1716
101.24,95.33333333333334,17,0,66,0,1717
101.25,95.44444444444444,17,0,65,0,1718
101.35,95.44444444444444,17,0,64,0,1719
101.44,95.5,16,1,63,0,1720
101.45,95.55555555555556,16,0,63,0,1721
101.48,95.61111111111111,16,0,62,0,1722
101.7,95.66666666666667,16,0,60,0,1724
101.74,95.77777777777777,16,0,59,0,1725
101.75,95.83333333333334,16,0,58,0,1726
101.76,95.88888888888889,16,0,57,0,1727
101.82,95.94444444444444,16,0,56,1,1727
101.83,95.94444444444444,16,0,56,0,1728
101.86,96.0,16,0,55,0,1729
101.9,96.05555555555556,16,0,54,0,1730
102.01,96.11111111111111,16,0,53,1,1730
102.02,96.11111111111111,16,0,53,0,1731
102.12,96.16666666666667,16,0,52,0,1732
102.16,96.22222222222221,16,0,50,0,1734
102.23,96.33333333333334,16,0,49,0,1735
102.25,96.44444444444444,16,0,48,0,1736
102.28,96.44444444444444,16,0,47,0,1737
102.36,96.5,16,0,46,0,1738
102.51,96.55555555555554,16,0,45,0,1739
102.63,96.61111111111111,16,0,44,0,1740
102.77,96.66666666666667,16,0,42,0,1742
102.83,96.77777777777777,16,0,40,2,1742
102.84,96.77777777777777,16,0,40,0,1744
102.85,96.88888888888889,16,0,39,1,1744
102.86,96.88888888888889,16,0,39,0,1745
102.89,96.94444444444444,16,0,38,0,1746
102.9,97.0,16,0,36,0,1748
102.95,97.11111111111111,16,0,35,0,1749
103.0,97.16666666666667,16,0,34,0,1750
103.01,97.22222222222221,16,0,33,0,1751
103.03,97.27777777777777,16,0,32,0,1752
103.04,97.33333333333334,16,0,31,0,1753
103.07,97.38888888888889,16,0,30,0,1754
103.08,97.44444444444444,15,1,30,0,1754
103.12,97.44444444444444,14,2,28,0,1756
103.13,97.55555555555556,14,1,29,0,1756
103.32,97.55555555555556,14,1,28,0,1757
103.33,97.61111111111111,13,2,27,0,1758
103.34,97.66666666666667,13,1,28,0,1758
103.35,97.66666666666667,13,1,27,0,1759
103.37,97.72222222222223,13,1,25,0,1761
103.39,97.83333333333333,13,1,24,0,1762
103.4,97.88888888888889,13,1,22,0,1764
103.44,98.0,13,1,21,0,1765
103.47,98.05555555555556,13,1,19,0,1767
103.58,98.16666666666667,13,1,18,0,1768
103.6,98.22222222222223,13,1,17,0,1769
103.62,98.27777777777777,13,1,16,0,1770
103.63,98.33333333333333,13,1,15,0,1771
103.71,98.38888888888889,13,1,14,0,1772
103.79,98.44444444444444,13,1,13,0,1773
103.82,98.5,13,1,12,0,1774
103.89,98.55555555555556,13,1,11,0,1775
103.97,98.61111111111111,13,1,9,2,1775
103.98,98.61111111111111,13,1,9,0,1776
104.18,98.66666666666667,13,0,9,1,1776
104.28,98.66666666666667,13,0,8,2,1776
104.38,98.66666666666667,13,0,7,3,1776
104.56,98.66666666666667,13,0,6,4,1776
104.61,98.66666666666667,13,0,5,5,1776
104.7,98.66666666666667,13,0,4,6,1776
104.71,98.66666666666667,13,0,3,7,1776
104.89,98.66666666666667,13,0,2,8,1776
105.11,98.66666666666667,13,0,1,9,1776
105.31,98.66666666666667,13,0,1,0,1777
105.32,98.72222222222223,11,1,2,0,1786
105.49,99.22222222222223,11,1,1,1,1786
105.5,99.27777777777777,10,1,2,0,1787
105.89,99.27777777777777,10,1,1,0,1787
106.41,99.27777777777777,10,0,2,0,1787
106.61,99.27777777777777,10,0,1,1,1787
106.96,99.27777777777777,9,1,1,0,1789
106.97,99.3888888888889,9,0,2,0,1789
107.11,99.3888888888889,9,0,1,1,1789
107.12,99.3888888888889,8,1,1,0,1790
108.18,99.44444444444444,8,0,2,0,1790
120.75,99.44444444444444,7,0,2,0,1791
121.61,99.5,6,1,1,0,1792
121.63,99.55555555555556,6,0,2,0,1792
121.85,99.55555555555556,5,1,1,0,1793
121.86,99.6111111111111,5,0,2,0,1793
122.5,99.66666666666667,4,0,2,0,1794
124.85,99.66666666666667,5,0,1,0,1794
125.17,99.66666666666667,4,1,0,0,1795
127.34,99.72222222222223,4,0,1,0,1795
127.54,99.72222222222223,3,1,0,0,1796
127.57,99.77777777777777,3,0,1,0,1796
130.47,99.77777777777777,3,0,0,0,1796
131.46,99.77777777777777,3,0,0,0,1797
140.56,99.83333333333333,2,1,0,0,1797
140.57,99.83333333333333,2,0,1,0,1797
143.64,99.83333333333333,1,1,0,1,1797
143.65,99.83333333333333,1,1,0,0,1798
144.54,99.8888888888889,1,0,1,0,1798
144.75,99.94444444444444,0,0,1,0,1799
147.32,99.94444444444444,0,0,0,0,1799
148.26,99.94444444444444,0,0,0,0,1800
