time,workflow_completion_percentage,10.32.89.61:39268:1,10.32.89.7:52128:1,10.32.90.219:50618:1,10.32.90.243:42632:1,10.32.93.116:59184:1,10.32.93.120:44742:1,10.32.93.196:35480:1,10.32.93.196:59804:1,10.32.93.198:52202:1,10.32.93.220:48980:1,10.32.93.222:46558:1
2.9,0.0,,,,1.254486759185791,,,,0.05503450012207032,,,
2.91,0.0,,,,,,,,0.0,,,
3.62,0.05555555555555555,,,0.06123530578613281,,,,,0.05498750686645507,0.06931188201904297,0.06908658981323242,0.06345118713378907
3.64,0.2777777777777778,0.0,0.0,0.06697697830200196,,0.0,0.0,,0.06638647079467774,,,0.06924166107177734
3.91,0.2777777777777778,0.06694441223144532,0.06934593582153321,0.06696175003051759,,0.06788154983520507,0.06805643463134765,,0.06638409805297851,,,
3.96,0.3888888888888889,,,0.06701315689086915,,,,,,,,
4.13,0.4444444444444444,,,,,,,,0.06527515411376954,,,
4.22,0.5,,,,,,0.06804675674438476,,,,,
4.28,0.5555555555555556,,,,,,,,,,0.06334405517578125,
4.4,0.6111111111111112,,,0.061275833129882815,,,,,,0.06359602355957031,0.06911746978759765,
4.41,0.7222222222222222,,,0.06699332046508788,,,,,,0.06931949996948243,,
4.47,0.7222222222222222,,,,,,0.06811873245239258,,,,,
4.58,0.7777777777777778,,,,,0.06219049835205078,,,,,,
4.61,0.8333333333333334,,,,,0.06793095779418945,,,,,,
4.62,0.8333333333333334,,,,,,,,0.0652851676940918,,,
4.76,0.8888888888888888,,,,,,0.06240728378295898,,,,,0.06350572204589844
4.78,1.0,,,,,,0.06813869857788087,,,,,0.06922177505493164
4.95,1.0,,,,,,,,,,0.06336745834350586,
5.0,1.0555555555555556,,,,,,,,,,0.06910654830932617,
5.13,1.0555555555555556,,,,,,,,,,0.06340145492553712,
5.17,1.1111111111111112,0.061235321044921874,,,,,,,,0.06357591247558593,0.06343469619750976,
5.25,1.277777777777778,0.06694416809082031,,,,,,,,0.06926416015625,0.06346599578857422,
5.26,1.3333333333333333,,,,0.0,,,,,,0.06916699981689453,
5.47,1.3888888888888888,,,,0.06227225875854492,,,,,0.06353273010253906,,
5.48,1.4444444444444444,,,,0.06809140014648438,,,,,0.06923843002319335,,
5.5,1.5,,,0.061230091094970705,,,,,,,,
5.61,1.5,,,0.0669466896057129,,,,,,,,
5.66,1.5,,,0.06124894714355469,,,,,,,,
5.67,1.5555555555555556,,,0.06596520614624024,,,,,,,,
5.71,1.5555555555555556,,,,,,,,,0.0635501823425293,,
5.73,1.6111111111111112,,,,,,,,,0.06926296615600586,,
5.92,1.6111111111111112,,,,0.06233728408813477,,0.06244174575805664,,,,,
5.96,1.7222222222222223,,,,0.06698136520385742,,0.0681739044189453,,,,,
5.99,1.7222222222222223,,,,,0.06684640884399413,,,,,,
6.01,1.7777777777777777,,,,,,,,,,0.06342415618896484,
6.03,1.8333333333333333,,,,,,,,,,0.06938557052612304,
6.5,1.8333333333333333,,,,,,,,0.05958376693725586,,,
6.51,1.8888888888888888,,,,,,,,0.0663215217590332,,,
6.52,1.9444444444444444,,,,,,,,0.0674032325744629,,,
6.58,2.0,,,,,,0.06241633224487304,,,,,
6.59,2.055555555555556,,,,,,0.0681668357849121,,,,,
6.62,2.055555555555556,,,,,,,,,,0.06364648056030273,
6.63,2.111111111111111,,,,,,,,,,0.06936928939819335,
6.68,2.111111111111111,,,,,,,,0.06171467971801758,,,
6.69,2.166666666666667,,,,,,,,0.06745051193237304,,0.06368238449096679,
6.7,2.2222222222222223,,,,,,,,,,0.06935776901245116,
6.77,2.2222222222222223,,,,,,,,0.0617497673034668,,,
6.82,2.2777777777777777,,,,,,,,0.06639580917358398,,,
6.91,2.2777777777777777,,,,,,,,0.06072578430175781,,,
6.93,2.3333333333333335,,,,,,,,0.06072804260253906,,,
6.95,2.388888888888889,,,,,,,,0.0654085235595703,,,
7.07,2.388888888888889,,,,,,,,,0.06350826263427735,,
7.08,2.4444444444444446,,,,,,,,,0.0692403450012207,,
7.11,2.4444444444444446,,,0.05663013839721679,,,,,,,,
7.14,2.555555555555556,,,0.06812112808227538,,,,,,,,
7.28,2.555555555555556,,,,,,,,0.059703697204589845,,,
7.31,2.611111111111111,,,,,,,,0.06546406936645507,,,
7.32,2.611111111111111,,,,,,,,0.0597768211364746,,,
7.41,2.6666666666666665,,,0.06242952346801758,,,,,0.05301929092407226,,,
7.47,2.833333333333333,,,0.06818948745727539,,,,,0.06445920944213868,,,0.0634948844909668
7.48,2.888888888888889,,,,,,,,0.0587233772277832,,,0.06351538467407226
7.49,3.0,,,,0.06700744247436524,,,,0.06444690704345703,,,0.06920532989501953
7.5,3.0555555555555554,,,,,,,,,,,0.06342427825927734
7.53,3.111111111111111,,,,,,,,,,0.06361968231201172,0.05093664932250976
7.6,3.3333333333333335,,,,,,,,0.05980695343017578,,0.06361378479003905,0.045170696258544925
7.63,3.6666666666666665,,,,,,,,0.06553881454467773,,0.06935137176513671,0.06807996749877929
7.69,3.6666666666666665,,,,,,,,,,0.06359144973754882,
7.7,3.722222222222222,,,,,,,,,,0.06940160369873047,
7.75,3.7777777777777777,,,,,,,,,0.06353794860839844,0.06939687347412109,
7.76,3.833333333333333,,,,0.06703665924072266,,,,,0.06922388076782227,0.05792054748535156,
7.79,4.0,,,,,,,,,0.06342849349975586,0.06938740921020507,
7.86,4.055555555555555,,,,,,,,,0.05760416793823242,,
7.88,4.166666666666666,,,,,,,,0.05982519149780273,0.057535530090332035,,
7.89,4.333333333333334,,,,,,,,0.06454153442382812,0.0690639533996582,,
7.9,4.333333333333334,,,,,,,,,0.05758705902099609,,0.06239002227783204
8.04,4.5,,,0.05670362091064453,,,,,,0.06901220321655273,,0.062365127563476556
8.06,4.666666666666667,,,0.06705585098266602,,,0.06352111053466797,,,,,0.06811470031738281
8.07,4.722222222222222,,,,,,0.06926900482177735,,,,,
8.08,4.722222222222222,,,0.06601646423339844,,,,,,,,
8.16,4.777777777777778,,,,,,,,0.05883531951904297,,,
8.17,4.833333333333333,,,0.06029890823364258,,,,,0.06457444763183594,,,
8.18,4.888888888888889,,,0.060278781890869146,,,,,,,,
8.19,4.944444444444445,,,0.06595923233032228,,,,,,,,
8.21,4.944444444444445,,,,,0.06219788360595704,,,,,,
8.22,5.0,,,,,0.06792337799072266,,,,,,
8.26,5.0,,,,,,,,,0.06333048248291015,,
8.27,5.055555555555555,,,,,,,,,0.06904954528808593,,0.06809790420532226
8.32,5.111111111111112,,,,,,,,,,,0.062370925903320315
8.34,5.166666666666667,,,,,,,,,,,0.06810009002685546
8.74,5.166666666666667,,,,,,,,,,0.06361399459838867,
8.75,5.222222222222222,,,,,,,,,,0.0693691635131836,
8.76,5.222222222222222,,,,,,,,,0.06332606887817382,,
8.78,5.277777777777778,,,0.06021755981445312,,,,,,0.06906937408447265,,
8.79,5.333333333333333,,,0.06017708587646484,,,,,,,,
8.81,5.388888888888889,,,0.0658520393371582,,,,,,,,
8.83,5.388888888888889,,,,,,,,,,0.06366815948486329,
8.84,5.444444444444444,,,,,,,,,,0.06830886840820312,
8.88,5.444444444444444,,,,,,,,0.058848152160644526,,,
8.89,5.5,,,,,,,,0.06344414520263672,,,
8.92,5.5,,,,,,,,0.05769948959350586,,,
8.94,5.555555555555555,,,,,,,,0.06401729965209961,,,
9.0,5.611111111111111,,,,,,0.06857809829711914,,,,,
9.02,5.611111111111111,,,,,,0.06286208343505859,,,,,
9.04,5.666666666666666,,,0.06012885284423828,,,0.06318306732177734,,,,,
9.06,5.777777777777778,,,0.0664036636352539,,,0.06913319396972656,,,,,
9.07,5.777777777777778,,,0.060689929962158204,,,,,,,,
9.09,5.833333333333333,,,0.06660194396972656,,,,,,0.06335031127929687,,
9.11,5.888888888888888,,,,,,,,,0.06957910919189453,,
9.12,5.888888888888888,,,,,,0.06340106964111328,,,,,
9.16,5.944444444444445,,,,,0.06226386260986328,0.052035865783691404,,,,,
9.23,6.166666666666667,,,,,0.045672866821289064,0.06965501022338867,,,,,0.06238403701782227
9.25,6.5,0.06870546340942382,,,,0.06784210205078124,,,,,,0.06853247833251953
9.28,6.5,,,,,0.06693649673461914,,,,,,
9.29,6.555555555555556,0.06405338287353515,,,,,,,,,,
9.31,6.611111111111111,0.07000963973999023,,,,0.05549885559082031,,,,,,
9.32,6.722222222222222,,,,,0.06600634765624999,,,,,,
9.35,6.722222222222222,,,,,0.060309032440185546,,,,0.06383580398559571,,
9.36,6.833333333333333,,,,,0.06626839447021483,,,,0.069752197265625,,
9.45,6.833333333333333,,,,,,0.06392359542846679,,,,,
9.46,6.888888888888889,,,,,,0.06994842147827149,,,,0.06256439590454102,
9.47,6.944444444444445,,,,,,,,,,0.0688874626159668,
9.5,7.000000000000001,,,0.06683344650268555,,,,,,,,
9.51,7.000000000000001,,,,,,0.07014342880249023,,,,,
9.53,7.055555555555555,,,,0.062383220672607424,,,,,,,
9.54,7.111111111111111,,,,0.06731293106079102,,,,,,,
9.71,7.111111111111111,,,,0.06266884994506837,,,,,,,
9.72,7.166666666666667,,,,0.0685906524658203,,,,,,,
9.73,7.166666666666667,,,,,,,,,0.06983369445800781,,
9.75,7.222222222222221,,,0.06806783294677735,,,,,,,,
9.96,7.277777777777778,,,,,0.06052793502807618,,,,,,
9.97,7.333333333333333,,,,,0.06650940704345704,,,,,,
9.99,7.333333333333333,,,,,0.0608045539855957,,,,,,
10.0,7.444444444444444,0.0642373275756836,,,,0.06660214233398438,,,,,,
10.02,7.444444444444444,0.07003840255737305,,,,,,,,,,
10.06,7.444444444444444,,,,,,,,,0.06412091064453125,,
10.07,7.5,,,,,,,,,0.06993746566772462,,
10.13,7.5,,,,,,,,,,0.06810218811035157,
10.15,7.555555555555555,,0.06997296142578126,,,,,,,,,
10.18,7.611111111111112,,0.06403003692626953,,,,,,,,,
10.19,7.666666666666666,,0.06994285583496093,,,,,,,,,
10.23,7.666666666666666,,0.07018570709228515,,,,,,,,,
10.25,7.833333333333334,,0.07061152267456054,,,0.06671075057983399,,,,,,
10.26,7.833333333333334,,,,,,,,0.06406341171264648,,,
10.28,7.888888888888888,,,,,,,,,,0.062347019195556644,
10.31,7.944444444444445,,0.06485480117797851,,,,,,,,0.06831378173828125,
10.32,8.0,,0.06526092910766601,,,,,,,,,
10.33,8.11111111111111,,0.07140935516357422,,,,,,,,,
10.34,8.166666666666666,0.07017618179321289,,,,,,,,,,
10.35,8.222222222222223,,0.06568706893920898,,,0.068026611328125,,,,,0.06818492126464844,
10.38,8.38888888888889,,0.06587874603271485,,,,,,,,,
10.39,8.5,0.06444329071044923,0.07167168045043945,,,,,,,,,
10.4,8.555555555555555,0.0694094352722168,,,,,,,,,,
10.41,8.61111111111111,,,,,,,,0.05938293075561524,,,
10.42,8.666666666666668,0.06358693313598633,,,0.0628499984741211,,,,0.06553229141235352,,,
10.43,8.777777777777777,0.06938914871215819,,,0.0631973876953125,,,,,,,
10.44,8.88888888888889,,,,0.06918346405029296,,,,,,,
10.46,8.88888888888889,0.05792472839355469,,,0.06943173599243165,,,,,,,
10.47,9.055555555555555,0.06966963577270507,,,,,,,,,,
10.5,9.055555555555555,,,,0.06971009826660156,,,,,,,
10.51,9.11111111111111,,,,0.06390390396118165,,,,,,,
10.52,9.166666666666666,,,,0.06872136688232422,,,,,,,
10.53,9.166666666666666,0.0639354019165039,,,,,,,,,,
10.54,9.222222222222221,0.06987598419189453,0.0659139633178711,,0.06881634521484375,,,,,,,
10.56,9.333333333333334,,0.07170502471923827,,0.06310005187988282,,,,,,,
10.57,9.388888888888888,,,,0.0689080467224121,,,,,,,
10.6,9.388888888888888,,,0.06235123443603516,,,,,,,,
10.61,9.444444444444445,,,0.06827985000610352,,,,,,,,
10.65,9.444444444444445,,,,,,,,0.05957796478271484,,,
10.66,9.5,,,,,,,,0.06550770568847657,,,
10.68,9.5,0.06414552688598633,,,,,,,,,,
10.69,9.555555555555555,0.07012472534179688,,,,,,,,,,
10.78,9.555555555555555,,,,,,,,0.06574063873291015,,,
10.86,9.61111111111111,,,,,,,,0.06003173828125,,0.06833160781860351,
10.88,9.722222222222223,,,,,,,,0.06598034286499024,,,
10.89,9.722222222222223,,,,,,,,0.06129783248901367,,,
10.9,9.777777777777779,,,,,,,,0.06719678497314453,,,
10.92,9.777777777777779,,,,0.06294986343383789,,,,,,,
10.93,9.833333333333332,,,,0.0687128257751465,,,,,,,
11.01,9.833333333333332,,0.07165761184692382,,,,,,,,,
11.03,9.88888888888889,0.06415174865722656,,,,,,,,,,
11.11,9.944444444444445,0.07007036972045899,,,,,,,,,,0.06382814025878907
11.16,10.0,,,,,,,,,,,0.06960778045654298
11.19,10.0,,,,,,,,,,0.06237202453613282,
11.22,10.055555555555555,,,,,0.062223426818847655,,,,,0.06811874389648437,
11.24,10.11111111111111,,,,,0.06800969696044923,,,,,,
11.33,10.11111111111111,,,,0.0627413101196289,,,,,,,
11.34,10.166666666666666,,,,0.06870281219482421,,,,,,,
11.36,10.166666666666666,,,,,,0.06441127014160156,,,,,
11.37,10.222222222222223,,,,,,0.07033221817016602,,0.06248044204711914,,,
11.38,10.277777777777777,,,,,,,,0.0683600196838379,,,
11.41,10.277777777777777,,,,0.06291458129882813,,,,,,0.06240821075439453,
11.44,10.38888888888889,,,,0.06872200012207032,,,,,,0.06817356872558594,
11.46,10.38888888888889,,,,,,,,,0.06420538330078125,,
11.47,10.38888888888889,,,,,,,,,0.0701505470275879,,
11.5,10.5,,,,,,,,,,0.06241724014282227,
11.53,10.5,,,,,,,,,0.06446461486816406,0.06727431869506836,
11.59,10.555555555555555,,,,,,,,,0.07027217864990234,,
11.65,10.555555555555555,,,,,,,,0.06840080261230469,,,
11.79,10.61111111111111,,,,,,,,,,,0.06386943817138672
11.82,10.666666666666666,,,,,,,,,,,0.06969673156738282
11.85,10.666666666666666,,,,,,,,,,0.061568878173828126,
11.86,10.722222222222221,,,,,,,,,,0.06734527206420898,
11.88,10.722222222222221,0.06436152267456054,,,,,,,,,,
11.92,10.777777777777779,,,,,,0.06458171463012695,,0.06267727279663086,,0.0499649772644043,0.058278564453125
11.94,11.166666666666666,0.07028956985473633,,,0.06291400527954101,,0.07037511444091797,,0.06862088012695312,,0.06621971511840821,0.06444923400878906
11.95,11.277777777777779,,,,0.06870568466186523,,,,,,,0.07043587493896485
11.97,11.277777777777779,,,,,,,,,,,0.0646974983215332
11.98,11.333333333333332,,,,,,,,0.06288901901245117,,,0.07041671752929687
11.99,11.38888888888889,0.07029597091674805,,,,,,,0.0686462516784668,,,
12.0,11.444444444444445,,,,,,,,,,,0.0704791145324707
12.09,11.5,,,,,,,,,,0.060495445251464844,
12.1,11.555555555555555,,,,,,,,,,0.06628697967529297,
12.13,11.555555555555555,,,,,,,,,0.06456196975708008,,
12.15,11.61111111111111,,,0.06357460021972657,,,,,,0.0702896499633789,,
12.16,11.666666666666666,,,0.06950000381469726,,,,,,,,
12.18,11.666666666666666,,,0.0705753288269043,,,,,,,,
12.19,11.722222222222223,,,,,,,,,0.07041439056396484,,
12.2,11.777777777777777,,,0.06484956741333008,,,,,,,,
12.21,11.833333333333334,,,0.07084518814086914,,,,,,,,
12.23,11.833333333333334,,,,,,,,,0.06467225646972656,,
12.24,11.88888888888889,,,,,,,,,0.0706146354675293,,
12.25,11.88888888888889,,,,,0.06818622207641602,,,,,,
12.27,11.944444444444445,,,,,,,,,0.06490872573852538,,
12.29,12.0,,,0.06516473770141601,,,,,0.06270010375976563,0.07089858627319336,,
12.31,12.11111111111111,,,0.07111985397338867,,,,,0.06868653869628906,,,
12.32,12.11111111111111,,,,,,,,,0.06519600677490234,,
12.34,12.166666666666668,,,,,,,,,0.07102272415161133,,0.07070702362060546
12.38,12.222222222222221,,,,,,,,,,0.06164627075195313,
12.39,12.277777777777779,,,,,,,,0.06409054565429688,0.06530015945434571,0.06650332260131836,
12.43,12.38888888888889,,,,,,,,0.06323824310302735,0.07106293487548827,,0.06495745086669921
12.44,12.5,,,,,,,,0.06904121398925782,,,0.07100208282470703
12.49,12.5,,,,,,,,,,,0.06528286361694335
12.5,12.555555555555555,,,,,,,,,,,0.07133453369140626
12.52,12.555555555555555,,,0.06535988998413086,,,,,,,,
12.53,12.611111111111112,,,0.07130764389038086,,,,,,,,0.06560863876342773
12.57,12.666666666666668,,,,,,,,,,,0.07154217147827148
12.58,12.666666666666668,,,,0.06298427963256836,,,,,,,
12.59,12.722222222222221,,,,0.0689390754699707,,,,,,,0.07162049102783202
12.69,12.777777777777777,,,,,,,,,,,0.07146660232543944
12.77,12.833333333333332,,,,0.06320894241333008,,,,,,,
12.78,12.88888888888889,,,,0.06900690460205078,,,,,,,
12.82,12.88888888888889,,,,,,,,0.06916613388061524,,,
12.85,12.944444444444445,,,,,0.062222492218017574,,,,,,
12.86,13.0,,,,,0.0681465072631836,,,,,,
12.9,13.0,,0.06586467742919921,,,,,,,,,
12.91,13.055555555555557,,0.0716151885986328,,,,,,,,,
13.22,13.055555555555557,,,,,,,,0.06922574615478515,,,
13.26,13.111111111111112,,,,,,,,0.06934442138671876,,,
13.39,13.166666666666666,,,,,,0.0703769302368164,,,,,
13.47,13.222222222222221,,,,,0.06242101287841797,,,,,,0.06563930892944336
13.48,13.333333333333334,,,,,0.06837342071533203,,,,,,0.07160176467895507
13.49,13.333333333333334,,,,,,0.06462903594970704,,,,,
13.5,13.38888888888889,,,,,,0.07042118072509765,,,,,
13.51,13.38888888888889,,,,,,,,,0.0651976203918457,,
13.52,13.444444444444445,,,,,,,,,0.07102175903320312,,
13.57,13.444444444444445,,,,,,,,,,0.06670117950439453,
13.59,13.5,,,,,,,,,0.06510536575317383,,
13.64,13.555555555555557,,,,,0.06367979431152344,,,,0.0708479347229004,0.06181106948852539,0.06581680679321289
13.67,13.722222222222221,,,,0.06407719421386719,0.06964440155029297,,,,,0.06757954025268555,0.0715889778137207
13.68,13.777777777777779,,,,0.07026858520507813,,,,,,,
13.72,13.777777777777779,,,,,0.07072948837280273,,,,,,
13.73,13.833333333333334,,,,,0.06603997039794922,,,,,,
13.74,13.88888888888889,,,,,0.07201163482666016,,,,,,
13.78,13.88888888888889,,,,,,,,0.0646522674560547,,,
13.82,13.944444444444445,,,,,,,,0.07061985778808594,,,
13.83,13.944444444444445,,,0.0656326904296875,,,,,,,,
13.84,14.000000000000002,,,0.0647385597229004,,,,,,,,
13.86,14.055555555555554,,,0.07070295333862305,,,,,,,,
13.87,14.055555555555554,,,,,,0.07045877075195313,,,,,
14.0,14.166666666666666,,,,,,,,0.07053815078735351,,,
14.04,14.166666666666666,,,,,,,,,,,0.06562652206420898
14.07,14.222222222222221,,,,,,,,,,,0.07048994827270508
14.09,14.222222222222221,,,0.06499858474731446,,,,,,,,
14.11,14.277777777777779,,,0.07078525161743164,,,,,,,,
14.13,14.277777777777779,,,,,,,,,0.06506073760986328,,
14.15,14.333333333333334,,,0.06487392425537108,,,,,,0.0698983383178711,,0.06465719604492187
14.17,14.444444444444443,,,0.07102335739135743,,,,,,,,0.0705495147705078
14.33,14.499999999999998,,,,,,0.07021294784545899,,,,,
14.38,14.555555555555555,,,,,,,,,0.07003279113769531,,
14.39,14.61111111111111,,,,,,,,0.0705470085144043,,,
14.45,14.666666666666666,,,,,,0.06423220825195312,,,,,
14.53,14.722222222222223,,,0.06507436752319336,,0.0660488395690918,0.06420702743530274,,,,,
14.56,14.888888888888888,,,0.0710929183959961,,0.07187469100952149,0.06410231399536133,,,,,
14.57,14.944444444444443,,,,,0.06590711975097656,0.06993992233276368,,,,,
14.61,15.0,,,,0.06545112228393554,0.07182075881958008,0.06400345230102539,,,,0.06161277770996093,
14.62,15.166666666666668,,,,0.07127106857299804,,0.06980889511108399,,,,0.06736635208129882,
14.65,15.166666666666668,,,,,,0.06405751037597657,,,,,
14.66,15.222222222222223,,,,,,0.06998067092895507,,,,,
14.69,15.222222222222223,,,,,,,,0.07020639419555665,,,
14.71,15.277777777777779,,,,,0.06600278472900391,,,,,,
14.72,15.333333333333332,,,,0.0653492660522461,0.07198256301879882,,,,,,
14.73,15.388888888888888,,,0.06512852478027344,0.07141363143920898,,,,,,,
14.74,15.444444444444445,,,0.06996806335449218,,,,,,,,
14.85,15.444444444444445,,,,,,,,,,0.06161963272094727,
14.87,15.5,,,,,0.06602320098876953,,,0.06429280853271484,,0.06757569885253906,
14.88,15.611111111111112,,,0.06997672653198242,,0.07182009506225587,,,0.07011378479003906,,,
14.9,15.666666666666668,,,,,,0.06418852615356445,,,,,
14.92,15.722222222222223,,,,,,0.06996990203857421,,,,,
14.93,15.722222222222223,,,,,,0.06394507598876953,,,,,
14.94,15.777777777777777,,,,,,0.06972628021240235,,,0.06420865249633789,,
14.97,15.833333333333332,,,,,,,,0.06418404388427734,0.06999675369262695,,
14.98,15.88888888888889,,,,,,,,0.07014952087402344,,,
15.0,15.88888888888889,,,,,,,,,,0.06865061950683594,
15.09,15.944444444444445,,,,,0.07176411056518556,,,,,,
15.12,16.0,,,,,,,,,,0.06878744506835938,
15.15,16.055555555555557,0.0701353874206543,,,,,,,,,,
15.17,16.11111111111111,,,,,,,,0.0642009162902832,,,
15.18,16.166666666666664,,,,,,,,0.07002188110351562,,,
15.19,16.166666666666664,,,,,,,,0.06412292861938478,,,
15.22,16.22222222222222,,,,,,,,0.0700960578918457,,,
15.4,16.22222222222222,,,,,,,,,,0.06989011001586914,
15.44,16.27777777777778,,,0.06401741790771485,,0.06578263854980469,,,,,,
15.47,16.38888888888889,,,0.07000891876220704,,0.07172109603881836,,,,,,0.0647698745727539
15.48,16.444444444444446,,,,,,,,,,,0.070760986328125
15.49,16.444444444444446,,,,,,,,,0.06404949951171875,,
15.5,16.555555555555557,,,,,0.07068745040893555,0.06389970397949218,,,0.06980813217163086,,
15.52,16.61111111111111,,,,,,0.06971666717529297,,,,,
15.53,16.61111111111111,,,,0.05951343536376953,,,,,,,
15.54,16.72222222222222,,,,0.07139679336547851,,,,,,,
15.58,16.72222222222222,,,,,,,,0.06421648025512695,,,
15.59,16.77777777777778,,,,,,,,0.07012653732299805,,,
15.61,16.77777777777778,,,,0.06539997863769531,,,,,,,
15.65,16.833333333333332,,,,0.07137873077392579,0.0586503791809082,,,,,,
15.68,16.944444444444446,,,,,0.0704029998779297,,,0.07025994110107422,,,
15.69,17.0,,,0.06408030319213867,,,,,,,,
15.71,17.055555555555554,,,0.0698360481262207,,,,,,,,
15.73,17.055555555555554,,,,,,,,0.06429446411132812,,,
15.74,17.11111111111111,,,,,,,,0.07023744583129883,,0.06412475204467773,0.06496915054321288
15.78,17.22222222222222,0.07125460433959961,,,,,,,,,0.0689644012451172,0.07072908401489257
15.81,17.27777777777778,,,,,0.06463313293457032,,,,,,
15.82,17.333333333333336,,,,,0.07056012344360352,,,,,,
15.84,17.333333333333336,,,,,,,,,0.06386296844482421,,
15.85,17.38888888888889,,,,,,,,,0.06965509796142579,,
15.87,17.38888888888889,0.06521460723876953,,,,,,,,,,
15.88,17.444444444444446,0.06996404266357423,0.0656662712097168,,,,,,,,,
15.93,17.5,,0.07049077606201172,,,,,,,0.06982518005371094,,
15.95,17.555555555555554,,,,,,,,0.06535062026977538,,,
16.0,17.666666666666668,,,,,,,,,0.06409749984741211,,
16.02,17.666666666666668,,,,,,0.0639352912902832,,,,,
16.03,17.72222222222222,,,,,,0.058154087066650394,,0.05937749099731445,,,
16.04,17.833333333333336,,,,,,,,,,0.06410734939575195,
16.07,17.888888888888886,,,,0.06561576843261718,,,,,,,
16.1,17.944444444444443,,,,,,,,0.05342311096191406,,,
16.13,18.0,,,,,,,,,,0.058330955505371096,
16.22,18.055555555555554,,,,,,,,,,,0.06478148269653321
16.23,18.11111111111111,,,,,,,,0.0474795036315918,,,
16.27,18.166666666666668,,,,,,0.052316478729248043,,,,,
16.33,18.22222222222222,,,,,,,,,,0.05255080795288086,
16.34,18.27777777777778,,0.06462043762207031,,0.059654266357421874,,,,,,,0.058837848663330077
16.35,18.444444444444443,,,0.06384042739868163,,,,,,,,
16.39,18.5,,,,,,,,,0.05827078247070312,,
16.46,18.555555555555557,,,,,0.06463313293457032,,,,,,
16.47,18.61111111111111,,,,0.05384684753417969,,,,,,,
16.48,18.666666666666668,,,,,,,,,,0.04675927352905273,
16.6,18.722222222222225,,,,,,,,,0.05232840347290039,,
16.64,18.777777777777775,,,,,,,,,0.04633854293823242,,
16.67,18.833333333333332,,,,,,,,,0.04054641342163086,,
16.69,18.88888888888889,,,,,,,,,,,0.05279321670532226
16.7,18.944444444444443,0.06416296768188476,,,,,,,,,,
16.71,19.0,,,,,,0.04639553070068359,,,,,
16.73,19.055555555555557,,,,,,,,,,,0.04679972839355469
16.74,19.11111111111111,,,,,,,,,0.03478363800048828,,
16.77,19.166666666666668,,0.058707618713378915,,,,,,,,,
16.81,19.22222222222222,,,,,,,,0.041676532745361324,,,
16.84,19.27777777777778,,,,,,,,,,,0.0407480583190918
16.88,19.333333333333332,,0.05272229766845703,,,,,,,,,
16.89,19.38888888888889,0.05833917999267578,0.04659006500244141,,,,,,,,,
16.9,19.5,,0.04061949920654297,,,,,,,,,
16.91,19.555555555555557,,0.03466861343383789,,,,,,,,,
16.93,19.61111111111111,,0.02872250747680664,,,,,,,,,
16.95,19.666666666666664,,,,,,,,,,,0.034814525604248046
17.03,19.72222222222222,,0.02290347671508789,,,,,,,,,0.029007041931152347
17.06,19.833333333333332,,0.017094158172607423,,,,,,,,,
17.08,19.88888888888889,0.05239859771728515,,,,,,,,,,
17.1,19.944444444444446,,,,0.04805516815185547,,,,,,,
17.12,20.0,0.04647600936889648,,0.05791502380371094,,,,,,,,
17.19,20.11111111111111,0.040704078674316406,,,,,,,,,,
17.21,20.166666666666664,0.03490186309814453,,,,,,,,,,
17.28,20.22222222222222,,0.011303096771240233,,,,,,,,,
17.34,20.27777777777778,,,0.05195990753173828,,,0.040602130889892576,,,,,
17.35,20.38888888888889,,,,,,,,,0.02994603729248047,,
17.43,20.444444444444446,0.028922664642333985,,,,,,,,,,
17.45,20.5,0.022994617462158203,,,,,,,,,,
17.47,20.555555555555554,,,0.045968406677246096,,,,,,,,
17.5,20.61111111111111,,,,,,,,0.0357567024230957,,,
17.56,20.666666666666668,,,,,,,,0.029814937591552734,,,
17.58,20.72222222222222,,,,,,,,,,,0.023114723205566404
17.59,20.77777777777778,,,0.04002065277099609,,,,,,,,
17.62,20.833333333333336,,,,,,,,,,,0.018251296997070312
17.68,20.88888888888889,0.017198944091796873,,,,,,,,,,
17.75,21.0,,,,0.04210037231445313,,,,,,,
17.86,21.0,,,,,,0.03592584609985351,,,,,
17.89,21.055555555555554,,,,0.036302410125732425,,,,,,,
17.9,21.11111111111111,,,,,,,,,,0.04099080276489258,
17.93,21.166666666666668,,,,,,,,,,0.035024856567382814,
17.96,21.22222222222222,,,0.03519002914428711,,,,,,,,
18.0,21.333333333333332,,,,,,,,,0.024203468322753906,,
18.04,21.333333333333332,,,,,,,,,,,0.012479125976562498
18.2,21.38888888888889,,,,,,,,0.023847347259521486,,,
18.22,21.444444444444443,,,,,0.0587091178894043,,,,,,
18.36,21.5,,,,,,0.03000090026855469,,,,,
18.51,21.555555555555557,0.011273921966552733,,,,,,,,,,
18.67,21.61111111111111,,,,,,,,,0.01825246047973633,,
18.75,21.666666666666668,,,,0.030111019134521484,,,,,,,
18.81,21.722222222222225,,,0.030350490570068358,,,,,,,,
18.87,21.777777777777775,,,,,0.05275671005249024,,,,,,
18.9,21.833333333333332,,,,,,,,,,0.029271282196044923,
19.0,21.88888888888889,,,,,,,,0.01803860092163086,,,
19.03,21.944444444444443,,,,,0.04684307098388672,,,,,,
19.11,22.0,,,,,0.040924381256103516,,,,,,
19.18,22.055555555555557,,,0.024563823699951172,,,,,,,,
19.2,22.11111111111111,,,0.01852745819091797,,,,,,,,
19.21,22.166666666666668,,,,,,0.024077739715576172,,,,,
19.24,22.22222222222222,,,,,,,,,,0.023315216064453123,
19.25,22.27777777777778,,,0.012502376556396485,,,,,,,,
19.28,22.333333333333332,,,,,,0.018122055053710937,,,,0.017383216857910156,
19.29,22.444444444444443,,,,,,,,,,0.012543567657470703,
19.31,22.5,,,,,0.03495977401733398,,,,,,
19.37,22.555555555555557,,,,,,,,,0.012464359283447267,,
19.47,22.61111111111111,,,,,,,,,,0.006537246704101563,
19.52,22.666666666666664,,0.005552585601806641,,,,,,0.012217636108398437,,,
19.64,22.77777777777778,,,0.0064838256835937505,,,,,,,,
19.75,22.88888888888889,,,,0.018226707458496094,,,,,,0.0007280807495117187,
19.76,23.0,,,,,,,,,,0.005671928405761719,
19.77,23.0,,,,,,,,,0.006705726623535156,0.014065483093261718,
19.78,23.055555555555557,,,,,,,,,,0.07364434051513671,0.006488014221191407
19.79,23.11111111111111,,,,,,,,,,0.12174248504638673,
19.81,23.11111111111111,,,,,,,,,,0.15419609832763673,
19.82,23.11111111111111,,,,,,0.012350486755371095,,,,0.18742974090576173,
19.83,23.166666666666664,,,,,,,,,,0.2531279830932617,
19.84,23.166666666666664,,,,,0.030195831298828125,,,,,0.3149260787963867,
19.85,23.22222222222222,,,,,,,,,,0.3308123092651367,
19.86,23.22222222222222,,,,,,,,,,0.3935112838745117,
19.87,23.22222222222222,,,,,,,,,,0.42536064910888677,
19.88,23.22222222222222,,,,,,,,,,0.49616753387451173,
19.89,23.22222222222222,,,,,,,,0.006307579040527343,,0.5285002975463867,
19.9,23.27777777777778,,,,,,,,,,0.5680291061401367,
19.91,23.27777777777778,,,,,,,,,,0.6165117721557617,
19.92,23.27777777777778,,,,,,,,,,0.6512395553588868,
19.93,23.27777777777778,,,,,,,,,,0.6986785202026368,
19.94,23.27777777777778,,,,,,,,,,0.7592351608276368,
19.95,23.27777777777778,,,,,,,,,,0.7752861862182617,
19.96,23.27777777777778,,,,,,,,,,0.8233293991088866,
19.97,23.27777777777778,,,,,,0.0065450439453125005,,,,0.8767339401245118,
19.98,23.333333333333332,,,,,,,,,,0.9331926803588866,
19.99,23.333333333333332,,,,,,,,,,0.9499358444213867,
20.0,23.333333333333332,,,,,,,,,,1.0776299362182618,
20.01,23.333333333333332,,,,,,,,0.0003645973205566406,,,
23.23,23.38888888888889,,,,,,,,1.2202231941223143,0.0007280807495117187,4.850488822937011,
23.24,23.444444444444446,0.0007280807495117187,0.0007280807495117187,0.0007280807495117187,0.0003645973205566406,0.0007280807495117187,0.0007280807495117187,,,,,0.0007280807495117187
25.31,24.27777777777778,,,,1.3248401069641114,4.565042045593262,,,,,,
25.32,24.27777777777778,,,,,4.8725933151245115,,,0.0003645973205566406,,,
25.92,24.444444444444443,0.05154585647583008,0.07003884887695312,0.06989127349853516,,,0.06763865280151367,,,0.052874240875244144,,0.06981355667114257
25.93,24.444444444444443,,,,,,,,0.05535099029541016,0.07008042144775391,,
25.94,24.61111111111111,0.06871175003051758,,,,,,,0.06676871109008789,,,
26.0,24.61111111111111,,,0.0641885871887207,,,,,,,,
26.01,24.666666666666668,,,0.07005466079711914,,,,,,,,
26.09,24.666666666666668,,,,,,0.061951839447021484,,,,,
26.1,24.72222222222222,,,,,,0.06766328811645507,,,,,
26.2,24.72222222222222,,,,,,,,0.061060123443603516,,,
26.21,24.77777777777778,,,,,,,,0.06570230865478516,,,
26.38,24.77777777777778,,,,,,0.06195031738281251,,,,,
26.39,24.833333333333332,,,,,,0.06768455123901368,,,,,
26.43,24.833333333333332,,,,,,,,,,,0.06978011322021485
26.44,24.88888888888889,,,,,,0.06197272872924804,,,,,
26.5,25.055555555555554,0.06297898483276367,,,,,0.06765873718261718,,0.0600167121887207,,,
26.52,25.055555555555554,0.06763106536865235,,,,,,,0.06578902435302734,,,
26.53,25.055555555555554,,,,,,,,0.060040126800537115,,,
26.54,25.11111111111111,,,,,,,,0.06576836013793946,,,
26.74,25.11111111111111,,,0.07004779434204102,,,,,,,,
26.97,25.166666666666664,,0.07014549255371094,,,,,,,,,
27.0,25.222222222222225,,,,,,,,0.06003371810913086,,,
27.01,25.27777777777778,,,,,,,,0.06566735076904297,,,
27.1,25.27777777777778,,,,,,,,,,,0.06976628875732421
27.11,25.333333333333336,,,,,,0.06194728851318359,,,,,
27.12,25.38888888888889,,,,,,0.06768017959594727,,,,,
27.26,25.38888888888889,,,,,,,,,,,0.06408452224731445
27.27,25.5,,,,,,,,,,,0.069803466796875
27.28,25.5,,,,,,,,,,,0.0697938575744629
27.38,25.555555555555554,,,,,,,,,,,0.06408231353759766
27.39,25.61111111111111,,,0.06431185531616211,,,,,,,,0.0698215217590332
27.42,25.666666666666664,,,0.07001971054077148,,,,,,,,
27.77,25.666666666666664,,,,0.0003645973205566406,,,,,,,
27.93,25.722222222222225,,,,0.06717521286010741,,,,,,,
28.22,25.722222222222225,,0.06440190505981445,,,,,,,,,
28.23,25.77777777777778,,0.07017531967163086,,,,,,,,,
28.47,25.77777777777778,,0.06444388961791991,,,,,,,,,
28.48,25.833333333333336,,0.07016137695312501,,,,,,,,,
28.5,25.833333333333336,,,,0.06720763778686524,,,,,,,
28.65,25.88888888888889,0.06193411254882813,,,,,,,,,,
28.67,25.944444444444443,0.0676916847229004,,,,,,,,,,
28.88,25.944444444444443,,,,,,,,,0.06439186859130859,,
28.89,26.0,,,,,,,,,0.07013232803344727,,
28.9,26.0,,,,,,,,0.06106512069702149,,,
28.91,26.111111111111114,,,,,,,,0.06216934585571289,,,
28.92,26.166666666666664,,,,,,,,0.0678853988647461,,,
28.96,26.166666666666664,,,,,,,,,,,0.06408910369873047
29.0,26.222222222222225,,,,,,,,,,,0.06414128875732422
29.01,26.27777777777778,,,,,,,,,,,0.06988576126098633
29.11,26.27777777777778,,,,,,,,,0.06442191696166992,,
29.13,26.333333333333332,,,,,,,,,0.0701647605895996,,
29.21,26.333333333333332,,,,,,,,0.06789350128173828,,,
29.45,26.38888888888889,,,,0.06144440841674805,,,,,,,
29.46,26.444444444444443,,,,0.0671326560974121,,,,,,,
29.66,26.444444444444443,,,,0.06143491363525391,,,,,,,
29.71,26.5,,,,0.06713591766357423,,,,0.05650142669677735,,,
29.74,26.611111111111114,,,,,,0.05834511184692382,,0.06792681884765625,,,
29.75,26.722222222222218,,,,,,0.06978264236450195,,,,,
29.76,26.722222222222218,,,,,,,,0.062199447631835936,,,
29.77,26.77777777777778,,,,,,,,0.06791790008544922,,,
29.79,26.77777777777778,,,,,,,,,,,0.06414767456054687
29.81,26.833333333333332,,,,,,,,0.06902983093261719,,,0.0688011131286621
29.86,26.88888888888889,,,,,,,,,,,0.06308977508544922
29.87,26.944444444444443,,,,,,,,,,,0.06889596939086914
29.88,26.944444444444443,,,,,,,,,,,0.06316696929931641
29.91,27.0,,,,,,,,,,,0.06888326263427734
29.92,27.0,,,,,,,,,,,0.06885847473144531
29.95,27.055555555555554,,,,,,,,,0.06442191696166992,,
29.96,27.111111111111114,,,,,,,,,0.070117244720459,,0.06310785293579102
29.99,27.166666666666668,,,,,,,,,,,0.06892699432373048
30.0,27.22222222222222,,,,0.06715336990356445,,,,,,,0.06316707229614259
30.01,27.27777777777778,,,,,,,,,,,0.06888367080688476
30.09,27.27777777777778,,,,,,0.06409103775024413,,,0.06417432022094727,,
30.12,27.38888888888889,,,,,,0.0688072967529297,,,0.06414463424682618,,
30.13,27.444444444444443,,,,,,,,,0.06878871536254882,,
30.14,27.444444444444443,,,,,,,,,0.06881445693969726,,
30.15,27.500000000000004,,,,,,,,,0.0630678596496582,,
30.16,27.555555555555557,,,,,,,,,0.06771572875976563,,
30.17,27.555555555555557,,,,,,,,0.06327571487426759,,,
30.28,27.611111111111107,,,,,,,,0.06923712921142577,0.03899018859863281,,
30.41,27.88888888888889,,,,,,,,0.0635050048828125,0.061829696655273436,,
30.42,28.000000000000004,,,,,,,,0.06924083709716797,0.06750508117675781,,
30.5,28.000000000000004,,,0.06430186843872071,,,,,,,,
30.57,28.055555555555557,,,0.05744966888427735,,,,,0.06346852493286133,,,
30.58,28.22222222222222,,,0.06210750198364258,,,,,0.06918119430541993,,,
30.61,28.27777777777778,,,0.04490036392211914,,,,,,,,
30.64,28.499999999999996,,,0.06110205078125001,,,,,,,,0.06314458084106446
30.65,28.61111111111111,,,0.0668283462524414,,,,,,,,0.06890454483032227
30.69,28.61111111111111,,,,,,,,,0.06183505630493164,,
30.71,28.666666666666668,,,,,,,,,0.06757339859008789,,
30.72,28.666666666666668,,,,,,0.06303482055664063,,,,,
30.73,28.72222222222222,,,,,,0.06875835037231445,,,,,
30.74,28.72222222222222,,,,,,0.06301371383666991,,,,,
30.75,28.77777777777778,,,,,,0.0687351188659668,,,,,
30.79,28.77777777777778,,,,,,0.06300822830200195,,,,,
30.81,28.833333333333332,,,,,,0.06869817352294923,,,,,
30.84,28.833333333333332,,,,,,0.06296431350708008,,,,,
30.86,28.888888888888886,,,,,,0.06766865158081055,,0.06345296096801759,,,
30.87,28.944444444444446,,,,,,0.06195109558105469,,,,,
30.88,28.999999999999996,,,,,,0.06765478515625,,0.06915840148925781,,,
30.98,28.999999999999996,,,,,,,,0.06344573211669921,,,
30.99,29.055555555555557,,,,,,,,0.06918842315673829,,,
31.07,29.055555555555557,,,0.06096227264404297,,,,,,,,
31.1,29.11111111111111,,,0.06668283843994141,,,,,,,,
31.19,29.11111111111111,,,0.06096921539306641,,,,,,,,
31.2,29.166666666666668,,0.06440667343139649,0.06670107650756836,,,,,,,,
31.21,29.22222222222222,,0.07014426040649414,,,,,,,,,
31.22,29.22222222222222,,,,,,,,0.06345259094238281,,,
31.23,29.27777777777778,,,,,,,,0.06917956924438476,,,
31.25,29.333333333333332,,,,,,,,0.06926041412353515,,,
31.26,29.333333333333332,0.06193411254882813,,,,,,,,,,
31.27,29.388888888888886,0.06767248916625977,,,,,,,,,,
31.32,29.388888888888886,0.06875620269775391,,,,,,,,,,
31.35,29.444444444444446,,,,,,,,,,,0.0631683578491211
31.37,29.5,,,,,,,,,,,0.06897851181030273
31.39,29.5,,,,,,0.06196483993530273,,,,,
31.42,29.555555555555557,,,,,,0.06765077209472657,,,,,
31.5,29.555555555555557,,,,,,0.06193738174438476,,,,,
31.54,29.61111111111111,,,,,,0.06766165161132813,,,,,
31.57,29.61111111111111,,,,,,,,,,,0.05755794525146485
31.59,29.72222222222222,,,,,,,,,,,0.06904227828979492
31.66,29.72222222222222,,,,,,,,,0.06187807083129883,,
31.68,29.777777777777775,,,,,,,,,0.06762137603759766,,
31.69,29.777777777777775,,,,,,,,0.0635177230834961,,,
31.71,29.833333333333336,,,,,,,,0.06924247741699219,,,
31.77,29.833333333333336,,,,,,,,,,,0.06897802352905273
31.79,29.888888888888886,,,,,,0.06197564315795898,,,,,
31.81,29.944444444444446,,,,,,0.06661635208129883,,,,,
31.85,29.944444444444446,,,,,,0.06547811126708984,,,,,
31.86,30.0,,,0.06670075225830079,,,,,,,,
31.88,30.055555555555557,,,,,,,,,,,0.06327710723876953
31.89,30.11111111111111,,,,,,,,,,,0.06903343582153319
31.94,30.11111111111111,,,,,,,,0.06351549911499024,,,
32.08,30.166666666666668,0.06410412216186523,,,0.05786489105224609,,,,0.06922603225708007,,,
32.13,30.333333333333336,0.06978584289550782,,,0.06931723403930665,,,,,,,
32.23,30.333333333333336,,0.06434887313842774,,,,,,,,,
32.24,30.388888888888886,,0.06906521606445312,,,,,,,0.06187807083129883,,
32.25,30.444444444444446,,,,,,,,,0.06758398056030274,,
32.27,30.444444444444446,,,0.06675803756713868,,,,,,,,
32.33,30.5,0.06984439849853515,,,,,,,,,,
32.34,30.555555555555557,,0.06894376373291015,,,,,,,,,
32.35,30.61111111111111,,0.0689439468383789,,,,,,,,,
32.36,30.666666666666664,,0.0632153663635254,0.061031742095947264,,,,,,,,
32.37,30.777777777777775,,0.0689385528564453,0.06678131484985352,,,,,,,,
32.39,30.777777777777775,,0.06319106674194336,,,,,,,,,
32.4,30.833333333333336,,0.06782011032104492,,,,,,,,,
32.43,30.833333333333336,,,0.061073459625244145,,,,,,,,
32.45,30.88888888888889,,0.062075103759765625,0.06682135391235351,,,0.05974522018432617,,,,,
32.46,31.0,,0.0678142318725586,,,,0.06445046997070313,,,,,
32.48,31.0,0.0641283836364746,,,,,,,,,,
32.5,31.055555555555554,0.05841685104370117,,,,,,,,,,
32.51,31.166666666666664,0.06982279586791992,0.062123714447021486,,,,,,,,,
32.58,31.222222222222225,0.05262415695190429,0.06209446334838867,,,,,,,,,
32.61,31.444444444444446,0.07154690170288086,0.06782035827636719,,,,,,,,,
32.64,31.444444444444446,,,,,,,,0.0634946174621582,,,
32.65,31.5,0.06004910278320313,,,,,,,0.06999777221679687,,,
32.66,31.61111111111111,0.07224740600585937,,,,,,,,,,
32.82,31.61111111111111,0.07264482879638672,,,,,,,,,,
32.85,31.666666666666664,,,,0.0697768440246582,,,,,,,
32.89,31.722222222222225,,,,0.05832144927978516,,,,,,,
32.9,31.833333333333336,,,,0.06525249481201172,,,,,,,
32.96,31.88888888888889,,,,0.07148355865478516,,,,,,,
32.97,31.88888888888889,,,,0.06576047134399414,,,,,,,
32.98,31.944444444444443,,,,0.06640002059936523,,,,,,,
32.99,32.0,,,,0.07262805557250976,,,,,,,
33.09,32.0,,,,0.0669307403564453,,,,,,,
33.1,32.05555555555556,,,,0.07185072708129883,,,,,,,
33.12,32.05555555555556,,,,,,,,,,,0.06327826690673828
33.13,32.111111111111114,,,,,,,,,,,0.06994424057006836
33.19,32.111111111111114,,,,,,,,0.06425311660766601,,,
33.2,32.166666666666664,,,,,,,,0.07053573608398438,0.06184352111816406,,
33.22,32.22222222222222,,,,,,,,,0.06848772811889649,,
33.29,32.22222222222222,,,,,,,,0.06481968307495117,,,
33.31,32.27777777777778,,,,,,,,0.07088747787475586,,,
33.33,32.27777777777778,,,,,,,,,0.06887454605102539,,0.06419976806640625
33.34,32.388888888888886,,,,,,,,,,,0.07215968704223634
33.39,32.44444444444444,0.06640513229370117,,,,,,,,,,
33.4,32.5,0.07269433975219727,,,,,,,,,,
33.56,32.5,,,,,,,,0.0714365577697754,,,
33.58,32.55555555555556,,,,0.06612725067138672,,,,,,,
33.59,32.611111111111114,,,,0.07224528884887695,,,,,,,
33.63,32.611111111111114,,0.06199785614013672,,,,,,,,,
33.64,32.666666666666664,,0.06869217681884765,,,,,,,,,
33.68,32.666666666666664,,0.06296899032592773,,,,,,,,,
33.72,32.72222222222222,0.06698060607910157,0.06906647109985352,,,,,,,0.06422667694091796,,
33.73,32.83333333333333,0.0732676124572754,,,,,,,,0.07045599746704101,,
33.85,32.83333333333333,,,,,,,,,0.06478061294555663,,
33.87,32.88888888888889,,,,0.06654428482055663,,,,,0.07081999588012695,,
33.88,32.94444444444444,,,,0.07285013198852539,,,,,,,
33.9,32.94444444444444,,0.06334740829467773,,,,,,,,,
33.91,33.0,,0.0694406852722168,,0.07299848937988282,,,,,,,
33.95,33.05555555555556,,,,,,,,0.0652968864440918,,,
33.96,33.111111111111114,,,,,,,,0.07143603134155273,,,
33.97,33.111111111111114,,,,0.06677045440673827,,,,,,,
33.99,33.166666666666664,,,,0.07284964752197265,,,,,,,
34.0,33.22222222222222,,,,,,,,0.06503190612792968,,,
34.08,33.27777777777778,,,,0.07295981216430664,,,,0.06994819259643555,,,
34.1,33.33333333333333,,,,,,,,,,,0.0663534927368164
34.11,33.38888888888889,0.0669784049987793,,,,,,,,,,0.07244542694091796
34.17,33.44444444444444,0.07357587814331056,,,,,,,,,,
34.18,33.44444444444444,,,,,,,,0.06422974014282228,,,
34.21,33.5,,,,,,,,0.07045761489868164,,,
34.25,33.55555555555556,,,,,,,,,,,0.07289548110961913
34.26,33.55555555555556,,,,,,,,,,,0.06717888259887696
34.27,33.611111111111114,,,,,,,,,,,0.0733673439025879
34.34,33.611111111111114,,,,,,,,,,,0.06754820251464844
34.36,33.666666666666664,,,,,,,,0.06438982009887695,,,0.07379644775390624
34.37,33.72222222222222,,,,,,,,0.07069047927856445,,,
34.42,33.72222222222222,,,,,,0.05973421096801758,,,,,
34.43,33.77777777777778,,,,,,0.06641022491455079,,,,,
34.5,33.77777777777778,,,,,,,,,0.06508783721923829,,
34.52,33.83333333333333,,,,,,,,,0.07118449020385742,,
34.53,33.83333333333333,,,,,,,,,0.06547170639038086,,
34.58,33.88888888888889,,,,0.06673160934448241,,,,,0.0722381820678711,,
34.59,34.0,,,,0.07164755630493164,,,,,,,
34.61,34.0,,,,,,,,0.06472906494140625,,,
34.63,34.05555555555556,,,0.057494831085205075,,,,,0.07103376770019532,0.06077877807617188,,
34.73,34.27777777777778,,,0.06583877563476562,,,,,,0.06164751052856446,,
34.74,34.44444444444444,,,0.07207854843139648,,,,,,0.07423012161254883,,
34.84,34.44444444444444,,0.0636672706604004,,,,,,,,,
34.86,34.5,,0.0699176254272461,,,,,,,,,
34.96,34.5,,,,,,,,,,,0.06803648376464844
34.98,34.55555555555556,,,,0.06594185638427734,,,,,0.07409685516357423,,0.07397649002075195
35.0,34.66666666666667,,,,0.07196736907958984,,,,,0.06835851287841797,,
35.01,34.72222222222222,,,,,,,,,0.07466325759887694,,
35.03,34.72222222222222,,,,,,,,,0.06834939575195313,,
35.04,34.77777777777778,,,,,,,,,0.07469502639770507,,
35.07,34.77777777777778,,,,,,0.06701524353027344,,,,,
35.11,34.833333333333336,,,,,,0.06762836837768556,,,,,
35.13,34.88888888888889,,0.07046871566772461,,,,,,,,,
35.16,34.94444444444444,,,,,,,,0.07172402572631836,,,
35.18,35.0,,,,,,0.06292403030395508,,,,,
35.22,35.05555555555556,,,,,,0.06897828674316406,,,,,
35.46,35.05555555555556,,,,,,,,0.0654193229675293,,,
35.49,35.11111111111111,,,,,,,,0.0714451789855957,,,
35.5,35.16666666666667,,,,,,,,,,,0.06803648376464844
35.52,35.16666666666667,,,,,,,,,,,0.07412226486206056
35.57,35.16666666666667,,,,,,,,0.0657307014465332,,,
35.58,35.22222222222222,,,,,,,,0.07201810836791991,,,
35.59,35.22222222222222,,,,,,,,,,,0.07446155929565429
35.6,35.27777777777778,,,0.07178811645507813,,,,,,,,0.06865140533447266
35.61,35.388888888888886,,,,,,,,,,,0.07492717742919922
35.67,35.388888888888886,,,0.0660277442932129,,,,,,,,
35.69,35.44444444444444,,,0.07265918350219726,,,,,,,,
35.7,35.5,,,,,,,,0.06630757522583007,,,
35.73,35.55555555555556,,,0.06693342208862305,,,,,0.0725543212890625,,,
35.74,35.61111111111111,,,0.07316958236694336,,,,,,,,
35.85,35.61111111111111,,,,,,,,,,,0.06919801330566407
35.86,35.66666666666667,,,,,,,,,,,0.07440032958984374
35.91,35.66666666666667,,,,,,0.06329235458374023,,,,,
35.93,35.72222222222222,,,,,,0.06955775070190429,,,,,
36.04,35.72222222222222,,,,,,,,,,,0.06872537612915039
36.06,35.77777777777777,,,,,,,,0.0668295669555664,,,0.07499349212646483
36.09,35.833333333333336,,,,,,,,0.073115966796875,,,
36.11,35.833333333333336,,,,,,0.06322138214111328,,,,,
36.12,35.888888888888886,,,,,,0.06932508850097656,,,,,
36.17,35.888888888888886,,,,,,0.05896297454833985,,,,,
36.18,36.0,,,,,,0.07012945938110351,,,,,
36.19,36.0,,,0.06744901657104492,,,,,,,,
36.22,36.05555555555556,,,0.07370265197753906,,,0.07188292694091797,,,,,
36.23,36.11111111111111,,0.06437123489379883,0.07378163528442383,,,,,,,,
36.26,36.22222222222222,,0.07074930191040038,,,,,,,,,
36.27,36.22222222222222,,,,,,0.06615939712524413,,,,,
36.29,36.27777777777778,,,0.06804977416992188,,,0.07231309509277344,,,,,
36.32,36.333333333333336,,,0.07417267608642579,,,,,,,,
36.34,36.333333333333336,,,,,,0.06660940551757813,,,,,
36.37,36.388888888888886,,,,,,0.07274085617065429,,,,,
36.5,36.388888888888886,,,,,,,,,0.07444349670410157,,
36.64,36.44444444444444,,,,,,,,,0.06873758697509766,,
36.65,36.5,,,,,,,,,0.07482283782958984,,
36.81,36.5,,,,,,,,,0.06979193878173828,,
36.85,36.55555555555556,,,,,,0.07416464233398437,,,0.0758892707824707,,
36.88,36.611111111111114,,,0.07476743316650392,,,,,,,,
36.91,36.666666666666664,,,,0.07223563003540039,,,,,,,
36.94,36.72222222222222,,,,,,0.06844037246704102,,,,,
36.95,36.77777777777778,,,,,,0.0746686897277832,,,,,
37.1,36.77777777777778,,,,0.06652542114257813,,,,,,,
37.12,36.833333333333336,,,,0.0725987777709961,,,,,,,
37.17,36.833333333333336,,,0.06864453125,,,,,,,,
37.18,36.888888888888886,,,0.07494974136352539,,,,,,,,
37.2,36.888888888888886,,,,0.06685664367675781,,0.06831922912597657,,,,,
37.21,37.0,,,,0.07289820861816405,,0.07453322219848632,,,,,
37.25,37.0,,,,0.06797822189331054,,,,,,,
37.27,37.05555555555556,,,,0.07411951065063477,,,,,,,
37.28,37.05555555555556,,,,,,0.074871826171875,,,,,
37.31,37.111111111111114,,,0.07530745315551758,,,,,,,,
37.45,37.166666666666664,,,0.07566866683959961,,,,,,,,
37.49,37.22222222222222,,,,,,,,0.07426105880737305,,,
37.5,37.27777777777778,,,0.06992077255249024,,,,,,,,
37.51,37.333333333333336,,,0.07618496322631836,,,,,,,,
37.53,37.333333333333336,,,,,,,,,,,0.06869100189208985
37.54,37.388888888888886,,,,,,,,0.07405119323730468,,,0.0750131607055664
37.56,37.44444444444445,,0.066032958984375,,,,,,,,,
37.6,37.5,,0.07227111053466796,,,,,,,0.06960854721069336,,
37.61,37.55555555555555,,,,,,,,,0.07586332321166993,,
37.64,37.55555555555555,,,,,,,,0.06913490676879883,,,
37.65,37.611111111111114,,,,,,,,0.07536503601074218,,,0.07493535614013672
37.7,37.666666666666664,,,,,,,,0.06913716125488281,,,
37.71,37.72222222222222,,,,,,,,0.0755134162902832,,,
37.74,37.72222222222222,,,,,,,,,,,0.06865428924560546
37.77,37.77777777777778,,,,,,,,,,,0.07477123260498046
37.79,37.77777777777778,,,,,,,,0.06925548934936523,,,
37.81,37.833333333333336,,0.0676420669555664,,,,,,0.07529257202148437,,,
37.83,37.888888888888886,,0.07367433547973633,,,,,,,,,
37.88,37.888888888888886,,,0.07615853881835938,,,,,,,,
37.89,37.94444444444444,,0.07306635665893554,,,,,,0.06912621307373047,,,
37.9,38.05555555555556,,,,,,,,0.07539739227294923,,,
37.91,38.05555555555556,0.07416553115844726,,,,,,,,,,
37.94,38.111111111111114,0.06842715454101563,,,,,,,,,,
37.96,38.166666666666664,0.07462690353393556,,,,,0.07394654846191406,,,,,
38.0,38.22222222222222,,,,0.07417182159423828,,,,,,,
38.04,38.27777777777778,,,,0.07388296890258789,,,,,0.06963400268554687,,
38.08,38.388888888888886,,,,0.07357895278930664,,,,,0.0759217643737793,,
38.11,38.44444444444444,0.06889746475219727,,,0.0735484619140625,,,,,,,
38.12,38.55555555555556,0.0751539306640625,,,,,,,,,,
38.2,38.55555555555556,,,,,,,,0.06925824737548829,,,
38.21,38.611111111111114,,,,,,,,0.07557436752319337,,,
38.22,38.611111111111114,,,,0.06750689697265626,,,,,,,
38.25,38.666666666666664,,,,0.07260211181640625,,,,,,,
38.34,38.666666666666664,,,,,,0.06781509780883789,,,,,
38.35,38.72222222222222,,,,,,0.0740439453125,,,,,
38.43,38.72222222222222,,,,,,,,,,,0.0686792984008789
38.45,38.77777777777778,,,,,,,,,,,0.07492501068115234
38.57,38.77777777777778,,,,,,,,,0.07582128143310547,,
38.62,38.83333333333333,,,,,,,,0.06927370834350585,,,
38.66,38.88888888888889,,,,,,,,0.07440688705444336,,,0.06875866317749024
38.67,38.94444444444444,,,,,,,,,,,0.07507751464843751
38.69,38.94444444444444,,,,0.06768616485595702,,,,,,,0.06888905334472656
38.79,39.05555555555556,,,,0.07391933059692384,,,,,,,0.06870829391479492
38.81,39.111111111111114,,,,,,,,,0.06943262481689454,,0.07493381881713866
38.82,39.166666666666664,,,,,,,,,0.07576442718505859,,
38.85,39.166666666666664,,,,,,,,,0.07459596252441407,,
38.88,39.22222222222222,,0.07374529266357421,,,,,,,,,
38.9,39.27777777777778,,,,,,,,,0.07479134368896485,,
38.94,39.33333333333333,0.07568643188476563,,,,,,,,,,
38.96,39.38888888888889,,,,0.06761348342895507,,,,,,,
38.98,39.44444444444444,,,,0.06773557662963867,,,,,,,0.06868810653686523
38.99,39.55555555555556,,,,0.07285435485839843,,,,,,,0.07380104064941406
39.01,39.55555555555556,,0.0685657844543457,,,,,,,0.06854619598388671,,
39.1,39.72222222222222,0.0699609375,0.07466504287719726,,,,,,,0.0683342514038086,,
39.11,39.83333333333333,0.07625638961791992,,,0.07315139389038086,,,,,0.0744164810180664,,
39.15,39.88888888888889,,,,,,,,,0.0745044593811035,,
39.16,39.94444444444444,,,0.07004775238037109,,,,,,,,
39.17,40.0,,,0.07603992462158203,,,,,,,,
39.19,40.0,0.0699920883178711,,,,,,,,,,
39.21,40.05555555555556,0.07633557891845703,,,,,,,,,,
39.22,40.05555555555556,0.07028031539916992,,,,,,,,,,
39.23,40.11111111111111,0.07655527877807616,,,,,,,,,,
39.25,40.166666666666664,,0.07532874298095703,,,,,,,0.07469952392578125,,
39.31,40.22222222222222,0.07679476165771484,,,,,,,0.06811948013305665,,,
39.32,40.33333333333333,,,,,,,,0.07420381164550781,,,
39.34,40.33333333333333,0.07070091247558594,,,,,,,,,,
39.36,40.38888888888889,0.07701002502441406,,,,,,,,,,
39.37,40.38888888888889,,,,,,,,,,,0.06859872436523437
39.38,40.44444444444444,,,,,,,,,,,0.07479807281494141
39.39,40.44444444444444,,,,,,,,0.07412763214111329,,,
39.41,40.5,,,,,,,,,,,0.06847922134399415
39.46,40.55555555555556,0.07093088150024414,,,0.06706467819213867,,,,,,,0.06873040771484375
39.51,40.72222222222222,0.07717203521728516,,,0.07337738800048828,,,,0.06773193359375,,,0.07479804611206055
39.56,40.77777777777778,,,,,,,,0.07379566192626953,,,
39.63,40.77777777777778,,,,,,,,,,,0.07464220809936524
39.76,40.833333333333336,,,,,,,,0.06776980590820313,,,
39.77,40.88888888888889,,,,,,,,0.07280934143066406,,,
39.78,40.94444444444444,,,0.06970097351074218,,,,,,,,
39.79,41.0,,,0.07586496734619141,,,,,,,,
39.86,41.05555555555556,,,0.07590583419799804,,,,,,,,
39.88,41.11111111111111,,,,,,0.06773141479492188,,,,,
39.89,41.16666666666667,,,,,,0.07404899215698242,,,,,0.07330104446411133
39.92,41.22222222222222,,,,,,,,0.06649322128295898,,,
39.93,41.27777777777778,,,,,,,,0.0727479362487793,,,0.06721526336669922
39.94,41.333333333333336,,,,,,,,,,,0.07352388000488282
39.96,41.333333333333336,,,,,,,,,,,0.07347604370117188
40.08,41.388888888888886,,,,,,,,0.06650119018554687,,,
40.1,41.44444444444444,,,,,,,,0.07162276458740235,,,
40.24,41.44444444444444,,0.07553123092651366,,,,,,,,,
40.34,41.5,,,,,,,,,,,0.06740840530395507
40.35,41.55555555555556,,,,,,,,,,,0.07346456146240235
40.4,41.55555555555556,,,,,,0.07403190612792969,,,,,
40.45,41.66666666666667,0.07088502883911132,,,,,,,,,,
40.46,41.72222222222222,0.07698229598999023,,,,,,,,,,
40.5,41.72222222222222,,0.06943795394897462,,,,,,,,,
40.53,41.77777777777778,,0.07552244567871094,,,,,,,,,
40.56,41.77777777777778,,,,,,0.06913226318359375,,,,,
40.57,41.833333333333336,,,,,,0.07541097640991211,,,,,
40.59,41.833333333333336,,,,,,0.07440917205810547,,,,,
40.74,41.94444444444444,,,0.06981402969360352,,,,,,,,
40.75,42.0,,,0.07589447402954101,,,,,,,,
40.78,42.0,,,0.06947075653076172,,,,,,,,
40.79,42.11111111111111,,,0.07583989334106446,,,,,,,,
40.82,42.11111111111111,0.07038482284545898,,,,,,,,,,
40.84,42.16666666666667,0.07648923873901367,,,,,,,,,,
40.9,42.16666666666667,,,,,,,,,0.0738260498046875,,
40.96,42.22222222222222,,,,0.06698781204223633,,,,,,,
40.97,42.27777777777778,,,,0.07335640335083007,,,,,,,
41.0,42.27777777777778,,,,,,,,,0.07289306259155273,,
41.17,42.388888888888886,,,0.06958625793457031,,,,,,,,
41.18,42.44444444444444,,,0.07561349105834961,,,,,,,,
41.19,42.44444444444444,,,,,,,,,0.06679573059082031,,
41.2,42.5,,,,,,,,,0.07305540466308594,,
41.22,42.5,,,,,,0.07436412811279297,,,,,
41.25,42.55555555555556,,,,,,0.0680987319946289,,,,,
41.27,42.611111111111114,,,,,,0.07435281372070313,,,,,
41.32,42.611111111111114,,,0.06950091934204101,,,,,,,,
41.34,42.666666666666664,,,0.0756197624206543,,,,,,,,
41.39,42.666666666666664,0.07019378662109375,,,,,,,,,,
41.4,42.72222222222222,0.0764577980041504,,,,,,,,,,
41.41,42.72222222222222,,0.06927209091186524,,,,,,,,,
41.45,42.77777777777778,,0.07426497650146485,,0.0672830467224121,,,,,,,
41.47,42.833333333333336,,,,0.07357534408569336,,,,,,,
41.63,42.833333333333336,0.07015971755981446,,,,,,,,,,
41.64,42.888888888888886,0.07659828186035156,,,,,,,,,,
41.65,42.888888888888886,,,,,,0.0680859718322754,,,,,
41.69,42.94444444444444,,,0.06925062561035156,,,0.07426119613647461,,,,,
41.75,43.0,,,,0.06731835174560548,,,,,,,
41.77,43.05555555555556,,0.06191190719604492,0.07555410766601563,0.0734094581604004,,,,,,,
41.78,43.166666666666664,,0.06833374786376953,,,,,,,,,
41.79,43.166666666666664,,0.07344002532958985,,,,,,,,,
41.91,43.166666666666664,,,,,,,,,,,0.06714240264892578
41.94,43.22222222222222,,,,,,,,,0.07277015686035156,,0.07348256301879882
41.96,43.27777777777778,,,,,,,,0.06555001068115235,,,
42.07,43.333333333333336,,,,0.06711568450927734,,,,0.065406005859375,,,0.06722807693481446
42.11,43.5,,,,0.07317583465576172,,,,0.06534422302246094,,,0.07365581893920899
42.12,43.55555555555555,,,,,,,,0.07155740356445313,,,
42.14,43.55555555555555,,,0.06922921752929688,,,,,,,,
42.15,43.611111111111114,,,,,,,,0.06528622436523437,,,
42.16,43.666666666666664,,,,,,0.06813216018676757,,0.060153045654296876,,,
42.17,43.77777777777778,,,0.06320198440551758,,,,,,,,
42.2,43.833333333333336,,,,,,,,0.05411596298217773,,,
42.21,43.888888888888886,,,,,,,,,,,0.06854288482666016
42.23,43.94444444444445,,,,,,0.06190384292602539,,,,,
42.26,44.0,,,0.057021759033203126,,,,,,,,
42.31,44.05555555555555,,,,0.06808061981201172,,0.05672541427612304,,,,,
42.37,44.166666666666664,,,,,,,,,0.06784196853637695,,
42.38,44.22222222222222,,,,0.0619393310546875,,,,,,,
42.45,44.27777777777778,,,,,,,,,0.06155420684814453,,
42.46,44.333333333333336,,,,,,,,,0.05558467864990235,,
42.47,44.388888888888886,,,,,,0.05051142120361328,,,,,
42.66,44.44444444444444,,,,,,0.04411856079101563,,,,,
42.69,44.5,,,0.050757568359375,,,,,,,,
42.7,44.55555555555556,,,0.04467340850830078,,,,,,,,
42.91,44.611111111111114,,,,0.055706165313720704,,,,,,,
42.92,44.666666666666664,,,0.038394622802734375,,,,,,,,
43.0,44.77777777777778,,0.06720187377929687,,,,,,,,,
43.01,44.77777777777778,,,,0.049422790527343746,,,,,,,
43.08,44.83333333333333,,0.06082380676269532,,,,,,,,,
43.09,44.94444444444444,,,,,,,,,,,0.062317359924316404
43.1,45.0,,,,,,,,,,,0.05624987411499023
43.11,45.05555555555556,,,,0.04334794616699219,,,,,,,
43.15,45.111111111111114,,,,,,,,,0.04925287628173828,,
43.16,45.166666666666664,,,,0.038229167938232424,,,,,,,
43.23,45.22222222222222,,,,,,,,,0.042966461181640624,,
43.24,45.27777777777778,,,,,,,,0.049020015716552734,,,
43.31,45.38888888888889,,0.055694198608398436,,,,,,,,,
43.34,45.44444444444444,,,,,,,,,0.0369129753112793,,
43.35,45.5,,,,,,,,,,,0.051315265655517577
43.39,45.55555555555556,,,,,,,,,0.03050781631469727,,
43.47,45.611111111111114,,,,0.03193687057495117,,,,,,,
43.5,45.72222222222222,0.07032817840576172,,,,,,,,,,
43.51,45.72222222222222,,,,,,,,,0.024425586700439452,,
43.54,45.77777777777778,,,,,,,,,0.018046726226806642,,
43.59,45.83333333333333,,,,,,,,0.04276530075073242,,,
43.61,45.88888888888889,,,,,,,,0.03667917633056641,,,
43.62,45.94444444444444,,,,,,,,0.03155760192871094,,,
43.63,46.0,,,0.03240245056152344,,,,,,,,0.04511591720581055
43.65,46.111111111111114,,,,,,0.037889713287353514,,,,,0.0387757568359375
43.75,46.22222222222222,,,,,,0.0317144889831543,,,,,
43.79,46.27777777777778,,,,,,,,,,,0.03240762710571289
43.81,46.33333333333333,,,0.02623845672607422,,,,,,,,
43.87,46.38888888888889,,,,,,,,0.025493873596191406,,,
44.0,46.5,,,,,,,,,,,0.02629534912109375
44.01,46.5,,,,,,,,0.019340065002441405,,,
44.03,46.55555555555556,,,,,,,,0.013255733489990235,,,
44.06,46.61111111111111,,,0.019934974670410156,,,,,,,,
44.22,46.72222222222222,,,,0.025560638427734376,,,,,,,
44.25,46.833333333333336,,,,,,,,,,,0.020247562408447266
44.29,46.833333333333336,,,,,,,,,,,0.013938945770263672
44.36,46.94444444444444,,0.04966193008422851,,,,,,,,,
44.38,47.0,,,,,,,,,0.01286698532104492,,
44.5,47.11111111111111,,,,0.019247928619384767,,,,,,,
44.53,47.11111111111111,0.0641284294128418,,,,,,,,,,
44.54,47.16666666666667,,,,,,,,,0.007714721679687501,,
44.75,47.27777777777778,,,,,,,,,,,0.007882789611816406
44.86,47.27777777777778,0.05787196350097656,,,,,,,,,,
44.88,47.333333333333336,,,0.013654335021972658,,,,,,,,
44.95,47.38888888888889,,,,,,0.026562595367431642,,,,,
45.16,47.44444444444444,,,,,,0.020245018005371096,,,,,
45.46,47.5,,,,,,,,,0.001455047607421875,,
45.47,47.55555555555556,,,,,,,,,0.006398895263671875,,
45.48,47.55555555555556,,,,,,,,,0.014792449951171877,,
45.49,47.55555555555556,,,,,,,,,0.05540890502929687,,
45.5,47.55555555555556,,,,,,,,,0.10726437377929687,,
45.51,47.55555555555556,,,,,,,,,0.20635006713867185,,
45.52,47.55555555555556,,,,,,,,,0.22263180541992186,,
45.53,47.55555555555556,,,,,,,,,0.23784786987304687,,
45.54,47.55555555555556,,,,,,,,,0.3150817565917969,,
45.56,47.55555555555556,,,,,,,,,0.3472826843261719,,
45.57,47.55555555555556,,,,,,,,,0.37958248901367186,,
45.58,47.55555555555556,,,,,,,,,0.45105953979492186,,
45.59,47.55555555555556,,,,,,,,,0.4938183288574219,,
45.6,47.55555555555556,,,,,,,,,0.5320727233886718,,
45.61,47.55555555555556,,,,,,,,,0.5978039245605469,,
45.62,47.55555555555556,,0.04337974548339844,,,,,,,0.6273022155761719,,
45.63,47.61111111111111,,,,,,,,,0.6601952819824218,,
45.64,47.61111111111111,,,,,,,,,0.7101501159667969,,
45.65,47.61111111111111,,,,,,,,,0.7497118835449219,,
45.66,47.61111111111111,,,,,,,,,0.8186950378417969,,
45.67,47.61111111111111,,,,,,,,,0.8698803405761719,,
45.68,47.61111111111111,,,,,,,,,0.9161327819824219,,
45.69,47.61111111111111,,,,,,,,,0.932348602294922,,
45.7,47.61111111111111,,,,,,,,,0.9813256530761718,,
45.71,47.61111111111111,,0.03699822998046875,,,,,,,1.056680877685547,,
45.72,47.66666666666667,,,,,,,,,1.0759508972167968,,
45.73,47.66666666666667,,,,,,,,,1.1310033874511718,,
45.74,47.66666666666667,,,,,,,,,1.1369140319824218,,
45.75,47.66666666666667,,,,,,,,,1.2795934753417968,,
45.76,47.66666666666667,,,,,,,,,1.326230438232422,,
45.77,47.66666666666667,,,,,,,,,1.3667919616699218,,
45.78,47.66666666666667,,,,,,,,,1.3962133483886718,,
45.79,47.66666666666667,,,,,,,,,1.4339623718261718,,
45.81,47.66666666666667,,,0.007573890686035157,,,,,,1.4506725769042967,,
45.82,47.72222222222222,,,,,,0.013942798614501954,,,1.5164477233886717,,
45.83,47.77777777777778,,,,,,,,,1.578366668701172,,
45.84,47.77777777777778,,0.030898971557617186,,,,,,,1.6412633972167967,,
45.85,47.833333333333336,0.05152802658081054,,,,,,,,1.6585119323730468,,
45.86,47.888888888888886,,,,,,,,,1.6870763854980468,,
45.87,47.888888888888886,,,,,,,,,1.739162567138672,,
45.88,47.888888888888886,,,,,,,,,1.8042236022949218,,
45.89,47.888888888888886,,,,,,,,,1.8665929870605467,,
45.9,47.888888888888886,0.04518453598022461,,,,,,,,1.900826385498047,,
45.91,47.94444444444444,,,,,,,,,1.9561315612792969,,
45.92,47.94444444444444,,,,,,,,,1.9720507507324219,,
45.93,47.94444444444444,0.03890957260131836,,,,,,,,2.035595672607422,,
45.94,48.0,,,,0.012879337310791017,,,,,2.078727996826172,,
45.95,48.05555555555556,,,,,,,,,2.1169823913574217,,
45.96,48.05555555555556,,,,,,,,,2.173957489013672,,
45.97,48.05555555555556,,,,,,,,,2.239798553466797,,
45.98,48.05555555555556,,,,,,,,,2.2408202819824217,,
45.99,48.05555555555556,,,,,,,,,2.2916540222167967,,
46.0,48.05555555555556,,,,,,,,,2.398430145263672,,
46.01,48.05555555555556,,0.024509376525878906,,,,,,,2.443704803466797,,
46.02,48.11111111111111,,,,,,,,,2.4792565612792967,,
47.12,48.11111111111111,0.014157623291015626,0.007876888275146486,0.001455047607421875,0.0007280807495117187,,0.001455047607421875,,0.0007280807495117187,4.770268524169921,,0.001455047607421875
48.22,49.05555555555556,0.007893611907958984,,,,,,,,,,
54.17,49.166666666666664,,,,1.2205866775512695,,,,0.06143933868408203,,,
54.18,49.166666666666664,0.001455047607421875,0.001455047607421875,,,,,,0.0007280807495117187,,,
54.75,49.388888888888886,0.07080738830566406,0.07076581573486328,0.07054052352905274,,4.939514320373535,0.06821703720092774,,2.2906633834838868,,4.919641582489014,0.06943871688842773
54.76,49.388888888888886,,,,,,,,2.3205681686401367,,,
54.77,49.388888888888886,,,,,,,,2.353329399108887,,,
54.78,49.388888888888886,,,,,,,,2.415116508483887,,,
54.79,49.388888888888886,,,,,,,,2.448361137390137,,,
54.81,49.388888888888886,,,,,,,,2.4969976119995114,,,
54.82,49.388888888888886,,,,,,,,2.5294402389526365,,4.9196710205078125,
54.83,49.44444444444444,,,,,,,,2.5589714889526367,,,
54.84,49.44444444444444,,,,,,,,2.656299369812012,,,
54.85,49.44444444444444,,,,,,,,2.677810600280762,,,
54.86,49.44444444444444,,,,,,,,2.745859916687012,,,
54.87,49.44444444444444,,,,,,,,2.762295463562012,,,
54.88,49.44444444444444,,,,,,,,2.8274334030151365,,,
54.89,49.44444444444444,,,,,,,,2.860414360046387,,,
54.9,49.44444444444444,,,,,,,,2.8766960983276366,,,
54.91,49.44444444444444,,,,,,,,2.938691947937012,,,
54.92,49.44444444444444,,,,,,,,3.022374809265137,,,
54.93,49.44444444444444,,,,,,,,3.044644096374512,,,
54.94,49.44444444444444,,,,,,,,3.082788627624512,,,
54.95,49.44444444444444,,,,,,,,3.150662162780762,,,
54.96,49.44444444444444,,,,,,,,3.1673394088745117,,,
54.97,49.44444444444444,,,,,,,,3.2142949752807617,,,
54.98,49.44444444444444,,,,,,,,3.2519561080932617,,,
54.99,49.44444444444444,,,,,,,,3.297878959655762,,,
55.0,49.44444444444444,,,,,,,,3.3958220748901367,,,
55.01,49.44444444444444,,,,,,,,3.451204154968262,,,
55.02,49.44444444444444,,,,,4.933827507019043,,,3.484163139343262,,,
55.03,49.5,,,,,4.939513103485107,0.06248762512207031,,3.531514213562012,,,
55.04,49.55555555555556,,,,,,0.06835369873046876,,3.5830950241088866,,,
55.06,49.55555555555556,,,,,,,,3.5837432174682617,,,0.06370595169067382
55.07,49.611111111111114,,,,,,,,3.6861467819213867,,,0.06941740036010742
55.08,49.611111111111114,,,,,,,,3.6874211959838865,,,
55.09,49.611111111111114,,,,,,0.06267099761962891,,3.755942924499512,,,
55.1,49.666666666666664,,,,,,0.06731318283081054,,3.8298479537963863,,,
55.11,49.666666666666664,,,,,,,,3.8638176803588866,,,
55.12,49.666666666666664,,,,,,,,3.8860869674682617,,,
55.13,49.666666666666664,,,,,,,,3.938195121765137,,,
55.14,49.666666666666664,,,,,,,,3.9604863815307616,,,
55.15,49.666666666666664,,,,,,,,4.0282500534057615,,,
55.16,49.666666666666664,,,,,,,,4.077633598327637,,,
55.17,49.666666666666664,,,,,,,,4.107000053405762,,,
55.18,49.666666666666664,,,,,,,,4.145144584655762,,,
55.19,49.666666666666664,,,,,,,,4.180553520202636,,,
55.2,49.666666666666664,,,,,,,,4.272069633483887,,,
55.21,49.666666666666664,,,,,,,,4.314960258483887,,,
55.22,49.666666666666664,,,,,,,,4.348556449890137,,,
55.23,49.666666666666664,,,,,,,,4.396160209655762,,,
55.24,49.666666666666664,,,,,,,,4.428427055358887,,,
55.25,49.666666666666664,,,,,,,,4.517515190124512,,,
55.26,49.666666666666664,,,,,,,,4.536356742858887,,,
55.27,49.666666666666664,,,,,,,,4.599473197937011,,,
55.28,49.666666666666664,,,,,,,,4.711577690124511,,,
55.34,49.666666666666664,,,,,4.939534366607666,,,,,,
55.35,49.72222222222222,,,,,,0.06731368637084961,,,,,
55.38,49.77777777777778,,,,,4.93950855255127,,,,,,
55.46,49.833333333333336,,,0.07057030105590821,,,,,,,,
55.75,50.0,,,,,4.933822956085205,,,,,,
55.76,50.05555555555555,,,,,4.93846594619751,,,,,,
55.79,50.11111111111111,,0.06504995727539063,,,,,,,,,
55.81,50.16666666666667,,0.07078041458129883,,,,,,,,,
55.82,50.16666666666667,,,,,,0.06719842147827149,,,,,0.0695284538269043
56.02,50.27777777777778,,,,,,,,,,4.913935081481934,
56.03,50.33333333333333,,,,,,,,,,4.9196712684631345,
56.24,50.33333333333333,,,0.07055318069458008,,,,,,,,
56.42,50.38888888888889,,,,,,0.061463779449462894,,,,,
56.45,50.44444444444445,,,0.05913685607910156,0.0007280807495117187,,0.06719619750976563,,,,,
56.62,50.61111111111111,,,0.06484587860107421,0.0514555320739746,,0.06148710632324219,,,,,0.06383150100708009
56.65,50.77777777777778,,,0.06948583221435548,0.06862271881103515,,0.06726052093505859,,,,,0.06955458831787109
57.06,50.77777777777778,,0.06503682708740234,,,,,,,,,
57.07,50.83333333333333,,0.07075431442260742,,,,,,,,,
57.24,50.83333333333333,,,,0.06865514373779297,,,,,,,
57.31,50.888888888888886,,0.06502288436889649,,,,,,,,,
57.32,50.94444444444445,,0.07078045654296874,,,,,,,,,
58.16,50.94444444444445,,,,0.06863237380981445,,,,,,,
58.21,51.0,,,,,,,,,,,0.06490886306762694
58.22,51.05555555555556,,,,,,,,,,,0.0706535186767578
58.38,51.05555555555556,,,,0.06293463134765626,,,,,,,
58.39,51.11111111111111,,,,0.06866604614257812,,,,,,,
58.5,51.16666666666667,,,0.06951498031616211,,,,,,,,
58.59,51.16666666666667,,,,,,0.06152810287475585,,,,,
58.6,51.22222222222222,,,,,,0.06726719284057617,,,,,
58.64,51.22222222222222,,,,,4.933815124511718,,,,,,
58.65,51.27777777777778,,,,,4.934875350952148,,,,,,
58.67,51.33333333333333,,,,,4.940618194580078,,,,,,
58.68,51.33333333333333,,,,,,0.06262170791625978,,,,,
58.75,51.388888888888886,,,,,,0.05800196456909179,,,,4.896728294372559,
58.89,51.72222222222223,,,,,,0.06943949508666993,,,,4.885135261535645,
58.91,52.05555555555556,,,,,,,,,,4.918484672546387,
58.94,52.05555555555556,,,,,,,,,,,0.06494649505615235
58.95,52.11111111111111,,,,,4.93492658996582,,,,,,0.07064182281494141
58.97,52.166666666666664,,,,,4.94074573135376,,,,,,
59.0,52.22222222222223,,,,,,,,,,,0.07065111541748047
59.01,52.22222222222223,,,,,,,,,,,0.06493510055541991
59.03,52.27777777777778,,,,,,0.06373875045776367,,,,,0.0534639892578125
59.06,52.5,,,,,,0.06947090911865235,,,,,0.06853711318969727
59.07,52.5,,,,,,,,,,,0.06279732513427734
59.08,52.55555555555556,,,,,,,,,,,0.06744519424438476
59.12,52.55555555555556,,,,,,,,,,,0.06170511245727539
59.13,52.61111111111111,,,,,,,,,,,0.06766652679443359
59.15,52.61111111111111,,,,,,,,,,,0.06190880966186524
59.16,52.666666666666664,,,,,,,,,,,0.06757883453369141
59.2,52.666666666666664,,,,,,,,,,4.912752548217774,
59.21,52.72222222222223,,,,,,,,,,4.918465763092041,
59.23,52.72222222222223,,,,,,,,,,4.912777515411377,
59.25,52.77777777777778,,,,,,,,,,4.912732299804688,
59.26,52.83333333333333,,,,,,,,,,4.918482803344727,
59.39,52.83333333333333,0.06511883544921875,,,,,,,,,,
59.4,52.888888888888886,0.07084164428710937,,,,,,,,,,
59.45,52.888888888888886,,,0.06377689361572265,,,,,,,,
59.47,52.94444444444445,,,0.0694767723083496,,,,,,,,
59.52,53.0,,,,,,0.06482872390747071,,,,,
59.53,53.05555555555556,,,0.06374777221679688,,,0.06947476577758789,,,,,
59.54,53.11111111111111,,,0.06373473739624023,,,,,,,,0.06190880966186524
59.57,53.22222222222223,,,0.06266459655761719,,,,,,,,0.06764089202880859
59.58,53.27777777777778,,,0.0683903579711914,,,,,,,,
59.64,53.27777777777778,,,0.06263043594360351,,4.934973255157471,,,,,,
59.65,53.388888888888886,,,0.06839566421508789,,4.934988990783691,,,,,,
59.66,53.444444444444436,,,,,4.933958110809327,,,,,,
59.71,53.5,,,,,4.939671733856201,0.058082691192626955,,,,,
59.74,53.61111111111111,,,,,,0.06956895065307618,,,,,
59.75,53.61111111111111,,,,,,0.0695799217224121,,,,,
59.77,53.666666666666664,,,,,4.939652420043945,,,,,,
59.78,53.72222222222223,,,,,4.939656269073486,,,,,,
59.83,53.77777777777778,0.06513123321533203,,,,,,,,,,
59.84,53.833333333333336,0.0708211784362793,,,,4.933922409057617,,,,,,
59.85,53.888888888888886,,,,,4.938626747131348,,,,,,
59.95,53.888888888888886,,0.07072832489013671,,,,,,,,,
60.03,53.94444444444444,,,0.06268299484252929,,,,,,,,
60.07,54.0,,0.0649736213684082,0.06838668441772461,,,,,,,,
60.08,54.05555555555556,,0.07071631240844727,,,,,,,,,
60.14,54.05555555555556,,,,,,,,,,,0.06753895568847657
60.18,54.11111111111111,,,0.06261437225341797,,,,,,,,
60.2,54.166666666666664,,,0.06834623336791992,,,,,,,,
60.22,54.166666666666664,,,,,4.933974666595459,,,,,,
60.23,54.22222222222223,,,,,4.939712253570557,,,,,,
60.25,54.22222222222223,,,,,,,,,,4.912746616363525,
60.26,54.27777777777778,,,,,,,,,,4.918473594665527,
60.35,54.27777777777778,,,,,4.933998630523682,,,,,,
60.36,54.333333333333336,,,,,4.939713108062744,,,,,,
60.42,54.333333333333336,,,0.06261040115356445,,,,,,,,
60.43,54.388888888888886,,,0.0683487777709961,,,,,,,,
60.44,54.388888888888886,,,,,,0.06371384811401368,,,,,
60.45,54.44444444444444,,,,,,0.06944328689575195,,,,,
60.51,54.44444444444444,0.06513123321533203,,,,,,,,,,
60.52,54.50000000000001,0.07094138717651367,,,,,,,,,,
60.65,54.50000000000001,,,,,,,,,,,0.0618436279296875
60.67,54.55555555555556,,,,,,,,,,,0.06756789779663086
60.68,54.55555555555556,,,,,,0.06370419692993165,,,,,
60.7,54.61111111111111,,,,,,0.06939012908935548,,,,,
60.72,54.61111111111111,,,0.06370882415771484,0.06974765396118164,,,,,,,
60.73,54.72222222222223,,,0.06946515274047851,,,,,,,,
60.74,54.72222222222223,,,,,4.939737632751465,,,,,,
60.83,54.77777777777778,,,,,4.934003398895263,,,,,,
60.84,54.833333333333336,,,,,4.939713607788086,,,,,,
60.87,54.833333333333336,,,,,,,,,,4.912772678375244,
60.88,54.888888888888886,,,,,,,,,,4.918514812469482,
60.95,54.888888888888886,,,,,,,,,,,0.06184481048583984
60.96,54.94444444444444,,,,,,,,,,,0.06752653121948242
60.99,54.94444444444444,,,,,,,,,,4.917504177093506,
61.06,55.00000000000001,,0.065013916015625,,,,,,,,,
61.08,55.05555555555556,,0.0707198257446289,,,,,,,,,
61.1,55.05555555555556,,,,,,0.06375649642944335,,,,,
61.11,55.111111111111114,,,,,,0.06957901000976563,,,,,
61.15,55.111111111111114,,,,,4.933985374450684,,,,,,
61.19,55.166666666666664,,0.05333541488647461,,,4.9397509536743165,,,,,,
61.4,55.333333333333336,0.03630458450317382,0.041852542877197266,0.057967033386230465,,,,,,,,0.06184481048583984
61.63,56.111111111111114,0.04774884414672852,0.06943899917602539,0.05689869689941406,0.04118959045410156,,0.06385271453857422,,,,,0.06757030487060546
61.82,56.777777777777786,0.06987515640258789,,0.06764230728149413,0.05033803558349609,,0.06996509552001953,,,,,
61.87,56.94444444444444,,,,0.06743535614013671,,,,,,,
62.01,56.94444444444444,,,,,,0.06990923690795899,,,,,
62.25,57.05555555555556,,,,,,,,,,,0.06900267791748046
62.33,57.05555555555556,,,,0.06171187973022461,,,,,,,
62.34,57.111111111111114,,,,0.06639612579345704,,,,,,4.911803173065186,
62.35,57.166666666666664,,,,,,,,,,4.917880046844482,
62.42,57.166666666666664,,,0.06191912078857422,,,,,,,,
62.45,57.22222222222222,,,0.0676059341430664,0.06071342468261719,,,,,,4.913226608276367,
62.46,57.333333333333336,,,,0.06644728469848632,,,,,,4.918938430786133,
62.5,57.388888888888886,,,,,,,,,,,0.0632580223083496
62.51,57.388888888888886,,,,,,,,,,,0.06790884399414063
62.53,57.388888888888886,,,,,,,,,,,0.06319258499145508
62.54,57.44444444444444,,0.06370854187011718,,,,,,,,,0.06896506118774413
62.56,57.49999999999999,,0.0698166618347168,,,,,,,,,
62.58,57.49999999999999,0.06413185119628906,,,,,,,,,,
62.59,57.49999999999999,0.06982345581054689,,,,,,,,,,
62.61,57.55555555555556,,,,,,,,,,,0.07005451583862304
62.68,57.611111111111114,0.06409404373168945,,,,,,,,,,
62.69,57.666666666666664,0.0698209342956543,,,,,,,,,,
62.72,57.666666666666664,,,,0.0664413833618164,,,,,,,
62.73,57.72222222222222,,0.0698229751586914,,,,,,,,,
62.75,57.833333333333336,,,,0.06644580459594727,,,,,,,
62.85,57.833333333333336,0.06410187149047851,,,,,,,,,,
62.86,57.88888888888889,0.06983781051635742,,,,,,,,,,
62.98,57.88888888888889,,,,,,,,,,,0.06434154510498047
62.99,57.94444444444444,,,,,,,,,,,0.07009627532958984
63.0,57.94444444444444,,,0.06191912078857422,,,,,,,,
63.01,57.99999999999999,,,0.067636962890625,,,,,,,,
63.11,57.99999999999999,,,,,,,,,,4.913253692626953,
63.12,58.05555555555556,,,,,,,,,,4.913253391265869,
63.13,58.111111111111114,,,,,,,,,,4.913228248596192,
63.14,58.166666666666664,,,,,,,,,,4.91894543838501,
63.2,58.166666666666664,,,,,,,,,,4.913233615875244,
63.21,58.22222222222222,,,,,,,,,,4.918989948272705,
63.22,58.22222222222222,,,,0.06074311828613282,,,,,,,
63.23,58.27777777777777,,,,0.06070303726196289,,,,,,,
63.24,58.333333333333336,,,,0.06644112396240234,,,,,,,0.06439057540893554
63.25,58.44444444444444,,,,,,,,,,4.919033576965332,0.07007748031616211
63.29,58.44444444444444,,,,,,,,,,4.913315124511719,
63.31,58.5,,,,,,0.06988933944702148,,,,4.919026462554932,0.06436088180541992
63.33,58.611111111111114,,,,,,,,,,,0.07011150360107422
63.43,58.611111111111114,,,,,,,,,,,0.06416300964355469
63.48,58.72222222222222,,,,,,,,,,4.913313247680664,0.06986810302734375
63.51,58.77777777777777,,,0.061961578369140624,,,,,,,4.919063259124756,
63.6,58.833333333333336,,,0.06770411300659179,,,,,,,4.913312755584717,
63.61,58.88888888888889,,,,,,,,,,4.913315086364746,
63.7,58.94444444444444,,,0.057307579040527336,,,,,,,4.9190266304016115,0.06413077926635742
63.71,59.111111111111114,,,0.06309690475463868,,,,,,,,0.06983317565917968
63.75,59.166666666666664,,,0.06884191131591798,,,,,,,,
63.78,59.166666666666664,,0.06982134628295898,,,,,,,,,
63.9,59.22222222222222,,,,,,0.0652432975769043,,,,,
63.93,59.27777777777777,,,,,,0.07099800109863282,,,,,
63.95,59.27777777777777,,,,,,,,,,,0.06410109329223633
63.96,59.333333333333336,,,,,4.93506844329834,,,,,,0.06994511032104492
63.98,59.38888888888889,,,,,4.941179412841796,,,,,,
63.99,59.38888888888889,0.0640826416015625,,,,,,,,,,
64.0,59.44444444444444,0.06983095550537109,,,,,,,,,,
64.02,59.44444444444444,,,,,4.935434940338135,,,,,,
64.04,59.5,,,,,4.941125457763672,,,,,,
64.17,59.5,,,,,,0.0652837142944336,,,,,
64.21,59.55555555555555,,,,,4.9421525497436525,0.07102730178833008,,,,,
64.22,59.611111111111114,,,,,,0.07100700759887696,,,,,
64.26,59.66666666666667,,,,,,0.06528376388549804,,,,,
64.28,59.72222222222222,,,,,,0.07099417495727539,,,,,
64.36,59.72222222222222,,,,,4.936333408355713,,,,,,
64.37,59.77777777777777,,,,,4.942075080871582,,,,,,
64.49,59.77777777777777,,,,,,0.06526201629638671,,,,4.920100761413574,
64.5,59.94444444444444,,,,,,0.07101873779296874,,,,,0.0699441032409668
64.52,59.94444444444444,,,0.0630993766784668,,,,,,,,
64.57,60.0,,,0.06880579376220704,,,,,,,,
64.66,60.0,,,0.06308003234863281,,,,,,,,
64.67,60.05555555555555,,,0.06880597686767578,,,,,,,,
64.96,60.05555555555555,,,,,,,,,,4.914350749969483,
64.97,60.111111111111114,,,,,,,,,,4.9202936744689945,
65.0,60.16666666666667,,,,,4.942057178497315,,,,,,
65.02,60.16666666666667,,,,,,,,,,,0.06421983337402344
65.03,60.22222222222222,,,,,,,,,,,0.06993694686889648
65.06,60.22222222222222,,0.06410548782348632,,,,,,,,,
65.07,60.27777777777777,,0.06985208511352539,0.06304964828491211,,,,,,,,
65.08,60.333333333333336,,,0.06875667190551758,,,,,,,,
65.09,60.333333333333336,,,,,,,,,,,0.06995413970947266
65.1,60.38888888888889,,,,,,0.06525877380371094,,,,,
65.11,60.44444444444444,,,,,,0.07101649093627929,,,,,
65.12,60.44444444444444,,,,,,0.07101471328735351,,,,,
65.15,60.5,,,,,,0.06532878112792968,,,,,
65.16,60.55555555555555,,,,,,0.07106856918334961,,,,,
65.18,60.55555555555555,,,0.06876899719238282,,,,,,,,
65.2,60.611111111111114,,,,,4.9420685386657714,,,,,4.914551540374756,
65.21,60.72222222222222,,,,,,,,,,4.9202479476928715,
65.23,60.72222222222222,,,,,4.936358005523682,,,,,,
65.24,60.77777777777777,,,,,4.9352802009582515,,,,,,
65.25,60.83333333333333,,,,,4.941009059906006,,,,,4.920233669281006,
65.29,60.88888888888889,,,0.06877721786499023,,,,,,,,
65.34,60.94444444444444,0.06409501647949219,,,,,,,,,,
65.35,61.0,0.06982714080810547,,,,,,,,,,
65.4,61.0,,,,,,,,,,4.91452212524414,
65.42,61.05555555555555,,,,,,,,,,4.920207721710205,
65.49,61.05555555555555,,,0.0630388412475586,,,,,,,,
65.5,61.111111111111114,,,0.06890491485595703,,,,,,,,
65.51,61.111111111111114,,,0.06427587127685547,,,,,,,,
65.52,61.16666666666667,,,0.06998731994628905,,,,,,,,
65.54,61.16666666666667,,,,,4.935271472930909,,,,,,
65.62,61.22222222222222,,,,,4.93991365814209,,,,,,
65.68,61.22222222222222,,,,,4.934180892944336,,,,,,
65.69,61.27777777777778,,,,,4.939915126800537,,,,,,
65.73,61.27777777777778,,,,,4.9342006492614745,,,,,,
65.74,61.33333333333333,,,,,4.939909740447998,,,,,,0.06422864532470704
65.75,61.38888888888889,,,,0.06761744308471679,,,,,,,0.06991465377807618
65.77,61.44444444444444,,,,0.06297673416137696,,,,,,,
65.78,61.5,,,,0.06762881469726562,,,,,,,
65.81,61.5,,,,0.061898681640624995,,,,,,,
65.85,61.55555555555555,,,,0.06762691497802734,,,,,,,
65.9,61.55555555555555,,,,,,0.06533913040161134,,,,,
65.91,61.611111111111114,,,0.06534183502197266,,,0.07106958770751953,,,,,
65.92,61.66666666666667,0.06973796463012695,,0.07116433715820313,,,,,,,,
65.93,61.72222222222222,,,,,,,,,,4.91452212524414,
65.98,61.77777777777778,,,,,,,,,,4.920258312225342,
66.04,61.77777777777778,,,,,,,,,,,0.06526383209228516
66.06,61.83333333333333,,,,,,,,,,,0.07099672317504883
66.13,61.83333333333333,,,,0.06192617034912109,4.934199531555175,,,,,,
66.16,61.94444444444444,,,,0.06764511489868164,4.939931949615479,,,,,,
66.2,61.94444444444444,,,,,,0.06532600021362304,,,,,
66.23,62.0,,,,,,0.07102762222290039,,,,,
66.42,62.0,,,0.06545288848876953,,4.939939727783203,0.06520510864257811,,,,,
66.43,62.16666666666667,,,0.07116074371337891,,,0.07089616012573242,,,,,
66.54,62.16666666666667,,,,,4.9341741485595705,,,,,,
66.56,62.22222222222222,,,,,4.939910167694092,,,,,,
66.57,62.22222222222222,,,,,,,,,,4.92020443725586,
66.6,62.27777777777778,,0.06879516983032227,,,,,,,,,
66.65,62.33333333333333,,,,0.06197016143798829,,,,,,,
66.66,62.38888888888889,,,,0.06771934127807618,,,,,,,0.07104511642456054
66.76,62.44444444444445,,,,,,,,,,,0.06527264022827148
66.77,62.5,,,,,,,,,,,0.07096995544433593
66.85,62.5,,,,,4.934201076507568,,,,,,
66.87,62.55555555555555,,,,0.06873283767700196,4.939907291412354,,,,,,
66.88,62.61111111111111,,0.06887794876098634,,,,,,,,,
66.91,62.66666666666667,,0.06881265258789063,,0.06300546646118164,,,,,,,
66.93,62.77777777777778,,,,0.06304130554199218,,,,,,,
66.94,62.83333333333333,,,,0.0688147201538086,,,,,,,
66.98,62.83333333333333,,,,,,,,,,4.92022497177124,
67.04,62.88888888888889,0.06392781066894532,,,,,,,,,,
67.06,62.94444444444445,0.06965128707885743,,,,,,,,,,
67.15,62.94444444444445,,,,,,0.06520510864257811,,,,,
67.16,63.0,,,,,,0.07096268081665039,,,,,
67.2,63.0,0.06969034576416017,,,,,,,,,,
67.21,63.05555555555556,0.06506315612792968,,,,,,,,,,
67.23,63.11111111111111,0.07080781173706055,,,,,,,,,,
67.29,63.11111111111111,,,,,,,,,,,0.07094664001464844
67.4,63.16666666666667,,,,,,,,,,4.914507781982421,
67.41,63.22222222222222,,,,,,,,,,4.920181873321533,
67.49,63.27777777777778,,,,,,,,,,4.914441520690918,
67.5,63.33333333333333,,,,,,,,,,4.914474655151367,
67.51,63.388888888888886,,,,,,,,,,4.920217498779297,
67.53,63.388888888888886,,,,,,,,,,4.914461166381836,
67.54,63.44444444444445,,,,,,0.06524512481689453,,,,4.920170013427735,
67.56,63.5,,,,,,0.07093337249755859,,,,,
67.57,63.5,,,,0.06308086013793945,,,,,,,
67.59,63.55555555555556,,,,0.06878186416625977,,,,,,,
67.63,63.55555555555556,,,,,,,,,,4.914410091400147,0.06519601821899415
67.64,63.66666666666667,,,,,,,,,,4.920150745391846,0.07088075637817383
67.71,63.66666666666667,,,,,,,,,,,0.0651550521850586
67.72,63.72222222222222,,,,,,,,,,,0.07086933898925782
67.78,63.72222222222222,,0.06882998657226563,,,,,,,,,
67.79,63.77777777777778,,0.06884585952758789,,,,,,,,,
67.95,63.83333333333333,,,,0.06304602813720703,,,,,,,
67.97,63.888888888888886,,,,0.06769946670532226,,,,,,,0.06516694259643555
67.98,63.94444444444445,,,,,,,,,,,0.07092105865478515
68.0,64.05555555555556,,0.06892948913574219,0.07115919494628906,,,,,,,,
68.03,64.05555555555556,,,,,,0.06524481964111328,,,,,
68.09,64.11111111111111,0.06508191680908203,0.057440788269042975,,,,0.07094573593139648,,,,,
68.13,64.27777777777777,0.07077724456787109,0.06893433380126954,,,,,,,,,
68.17,64.33333333333333,0.06976433944702148,,,,,,,,,,
68.19,64.38888888888889,0.06407273483276367,,,,,,,,,,
68.24,64.44444444444444,0.06978551864624023,,,0.06769353866577149,,0.06990535736083985,,,,,0.06972112274169923
68.25,64.61111111111111,,,,0.06199316024780273,,,,,,,
68.27,64.66666666666666,,,,0.06795457458496093,,,,,,,
68.29,64.66666666666666,,,,,4.934174873352051,,,,,,
68.34,64.72222222222223,,,,,4.9398448982238765,0.06985955429077148,,,,4.9201211166381835,
68.36,64.83333333333333,0.0698112678527832,,,,,,,,,,
68.4,64.88888888888889,,,,,,,,,,,0.06968981552124023
68.42,64.94444444444444,,,,,,0.06414914321899413,,,,,
68.43,65.0,,,,,,0.06988497543334961,,,,,
68.47,65.0,0.06410644149780273,,,,,,,,,,
68.48,65.05555555555556,0.0697818260192871,,,,,,,,,,
68.59,65.05555555555556,,,,,,0.06415597534179687,,,,,
68.6,65.11111111111111,,,,,,0.06880201721191406,,,,,
68.63,65.11111111111111,,,,0.06796950149536132,,,,,,,
68.67,65.16666666666666,,,0.0700442886352539,,,,,,,,
68.77,65.22222222222223,,,0.06431570816040039,,,,,,,,
68.79,65.27777777777779,,,0.06430278396606445,,,,,,,,
68.83,65.33333333333333,,,0.07002854537963867,,,,,,,,
68.89,65.33333333333333,,,,,,,,,,4.914330642700195,
68.9,65.38888888888889,,,,,,,,,,4.9200958709716796,0.06397025680541991
68.92,65.44444444444444,,,,,4.934174873352051,,,,,,0.06973062896728516
68.93,65.5,,,,,4.938857383728027,,,,,,
68.95,65.5,,0.06888472747802735,,,,,,,,,
69.01,65.55555555555556,,,,,,,,,,4.9200830764770505,
69.08,65.61111111111111,,0.06890005493164063,,,,,,,,,
69.12,65.66666666666666,,,,0.06225683212280274,,,,,,,
69.13,65.72222222222223,,,,0.06799517440795899,,,,,,,
69.21,65.72222222222223,,,,,,,,,,4.914140151977539,
69.23,65.77777777777779,,,,,,,,,,4.919863681793213,
69.27,65.77777777777779,,,,,4.933109897613526,,,,,,
69.28,65.83333333333333,,,,,4.938831302642822,0.0630444450378418,,,,,
69.31,65.88888888888889,,,,,,0.06873439025878905,,,,,
69.34,65.88888888888889,,,,,4.933140785217286,,,,,,
69.35,65.94444444444444,,,,,4.937845123291015,,,,,,
69.38,65.94444444444444,0.0697603759765625,,,,,,,,,,
69.39,66.0,,0.06318000793457032,,,,,,,,,
69.4,66.05555555555556,,0.06888369750976563,,,,,,,,,
69.41,66.05555555555556,,,,,,,,,,,0.06400834274291992
69.42,66.11111111111111,,,,,,,,,,,0.06403392028808594
69.44,66.16666666666666,,,,,,,,,,,0.06975448608398438
69.46,66.16666666666666,,,,,,,,,,4.914167274475098,
69.47,66.22222222222223,,,,,,,,,,4.9198991355896,
69.5,66.22222222222223,,,,,,0.06873614501953125,,,,,
69.51,66.27777777777779,,,,,4.933199398040772,,,,,,
69.52,66.33333333333333,,,,,4.938926376342773,,,,,,
69.59,66.33333333333333,,,0.07003660583496094,,,,,,,,
69.72,66.38888888888889,,0.06890845108032227,,,,,,,,,
69.75,66.5,,,0.07004010009765625,,,,,,,,
69.86,66.5,,,,,4.938994857788086,,,,,,
69.88,66.55555555555556,,,,,,0.06870369338989257,,,,,
69.89,66.61111111111111,,,,,,0.06869968032836915,,,,,
69.96,66.66666666666666,,,,0.06907322692871093,,,,,,,
70.0,66.83333333333333,,,,,4.934352672576904,,,,,,0.0698248062133789
70.01,66.88888888888889,,,0.06433307647705078,,4.940063205718994,,,,,,
70.02,66.94444444444444,,,0.07004328536987305,,,,,,,,
70.12,66.94444444444444,,,,,,,,,,,0.06408211517333984
70.13,67.0,,,,,,,,,,,0.06982424926757812
70.21,67.0,,,0.07000899124145508,,,,,,,,
70.25,67.11111111111111,,,,,,,,,,4.918879291534424,
70.29,67.11111111111111,,,,,4.9400266456604,,,,,4.91311406326294,
70.31,67.22222222222223,,,,,,,,,,4.918936576843262,
70.32,67.22222222222223,,,,,,,,,,,0.06409135818481446
70.37,67.27777777777779,,,,,,,,,,,0.06985693740844726
70.42,67.27777777777779,,,0.06999147415161133,,,0.06866569519042968,,,,,
70.47,67.38888888888889,,,,,,,,,,4.918959854125977,
70.49,67.44444444444444,,,,0.06330091476440429,4.9389287109375,,,,,,
70.5,67.55555555555556,,,,0.06902410125732422,,,,,,,
70.53,67.55555555555556,,,,,,0.06867380142211914,,,,,
70.54,67.61111111111111,,,,,,0.0676781349182129,,,,,
70.56,67.66666666666666,,,0.06986452865600586,,4.933199851989746,,,,,,
70.57,67.77777777777779,,,,,4.938913585662841,,,,,,
70.64,67.77777777777779,0.06401206207275391,,,,,,,,,,
70.65,67.83333333333333,0.06969251251220702,,,,,,,,,,
70.66,67.83333333333333,,,,,,0.06764591217041016,,,,,
70.68,67.88888888888889,,,0.06418280792236329,,,,,,,,
70.72,67.94444444444444,,,0.06990187072753906,,,,,,,,
70.75,68.0,0.06972307968139649,,,,,,,,,,
70.78,68.05555555555556,,,,,,,,,,4.919029502868652,
70.87,68.11111111111111,,,,,,,,,,,0.06412163925170898
70.89,68.16666666666666,,,,,,,,,,,0.0698768081665039
70.91,68.16666666666666,,,,0.06329586791992188,,,,,,,
70.93,68.22222222222221,,,,0.0690391731262207,,,,,,,
70.97,68.22222222222221,,,0.0640793685913086,,,,,,,,
70.98,68.27777777777779,,,0.06980412292480469,,,,,,,,
71.04,68.27777777777779,,,,,,,,,,,0.06414539337158204
71.07,68.33333333333333,,,,,,,,,,,0.06982034683227539
71.13,68.38888888888889,,,,,4.933179351806641,,,,,,
71.14,68.44444444444444,,,,,4.9378200607299805,,,,,,
71.18,68.44444444444444,,,,0.06332022857666016,,,,,,,
71.19,68.5,,,,0.06791622161865234,,,,,,,0.06412303161621094
71.35,68.55555555555556,,,,,,,,,,4.913312015533447,
71.36,68.61111111111111,,,,,,0.06191545486450195,,,,,
71.43,68.66666666666667,,,0.06409626770019532,,,,,,,,
71.44,68.72222222222221,,,,,,,,,,,0.059478950500488285
71.47,68.77777777777779,,,,0.062193035125732425,,,,,,,
71.53,68.83333333333333,,,,,,0.056213832855224605,,,,,
71.56,68.88888888888889,,,,,4.932106327056885,,,,,,
71.62,68.94444444444444,,,,0.056449729919433596,,,,,,,
71.64,69.0,,0.0631618537902832,,,,,,,,,
71.65,69.05555555555556,,,,0.0507005500793457,,,,,,,
71.7,69.11111111111111,,,0.05837720489501953,,,,,,,,
71.74,69.22222222222221,,,,0.044999546051025394,,,,,,,
71.77,69.27777777777779,,,,,,,,,,4.9075959625244145,
71.84,69.33333333333334,,,,,,,,,,4.901851490020752,
71.86,69.38888888888889,,,,,,,,,,4.896142642974854,
71.87,69.44444444444444,,,,,4.926367118835449,,,,,,
71.93,69.5,,,,,,,,,,4.890401988983154,0.0537942123413086
71.95,69.61111111111111,,0.0585133285522461,,0.039276458740234374,,,,,,,
71.99,69.72222222222221,,,,0.03350304412841797,4.920631099700928,,,,,,
72.0,69.83333333333334,0.0639909553527832,,,,,,,,,,
72.01,69.88888888888889,,,,,,,,,,,0.04807992553710937
72.07,69.94444444444444,,,,0.028849605560302735,,,,,,,
72.23,70.0,,,,,4.914924884796142,,,,,,
72.29,70.05555555555556,,0.053873374938964845,,,,,,,,,
72.41,70.11111111111111,,,,,,,,,,,0.04232475662231445
72.5,70.16666666666667,0.0583573226928711,,,,,,,,,,
72.6,70.22222222222221,,,,,,,,,,4.884688774108887,
72.63,70.27777777777777,,,,,,0.05156596374511718,,,,,0.03660194778442383
72.74,70.38888888888889,,,0.053696723937988286,,,,,,,,
72.87,70.44444444444444,,,,,,0.046919921875,,,,,
73.08,70.5,,,0.04798043060302735,,,,,,,,
73.25,70.55555555555556,,,,,,,,,,,0.030841575622558594
73.33,70.61111111111111,,,,0.023117446899414064,,,,,,,
73.34,70.66666666666667,,,,,4.910242374420166,,,,,,
73.36,70.72222222222221,,,,0.017156032562255858,,,,,,,
73.5,70.77777777777777,0.05364106369018554,,,,,,,,,,
73.59,70.83333333333334,,,,,,,,,,4.878965244293213,
73.67,70.88888888888889,,,,,4.905538036346436,,,,,,
73.7,70.94444444444444,,,,,,,,,,,0.02508524703979492
73.72,71.0,0.047917587280273434,,,,,0.04121102142333984,,,,,
73.75,71.11111111111111,0.04224220275878906,,,,,,,,,4.874248901367188,
73.82,71.22222222222221,0.03650174331665039,,,,,,,,,,
73.83,71.22222222222221,0.03075708770751953,,,,,,,,,,
73.84,71.33333333333334,,,,,,,,,,4.868517040252686,0.019364681243896485
73.91,71.44444444444444,,,0.042248348236083984,,,,,,,,
73.92,71.5,,,0.036522586822509764,,,,,,,,
74.23,71.61111111111111,,,,0.011417690277099608,,,,,,,
74.31,71.72222222222221,,,,,,0.03552508926391602,,,,,
74.47,71.77777777777777,,,,,,,,,,,0.013622547149658203
74.48,71.83333333333334,,0.04815492248535157,,,,,,,,,
74.5,71.88888888888889,,,,,4.899827503204346,,,,,,
74.51,71.94444444444444,,0.04234872817993164,,,,,,,,,
74.53,72.0,,0.036625484466552734,,,,,,,,,
74.61,72.05555555555556,,,,,,,,,,4.862694526672364,
74.64,72.11111111111111,,,0.030808109283447266,,,,,,,,
74.67,72.16666666666667,,0.03091978454589844,,,,,,,,,
74.69,72.22222222222221,,0.025203186035156252,,,4.894106098175048,,,,,,
74.72,72.33333333333334,,0.019384044647216797,,,,,,,,,
74.73,72.38888888888889,,,,,,,,,,,0.007856967926025391
74.83,72.44444444444444,,,,,,,,,,4.8569449539184575,
74.85,72.5,,,,,4.889477054595947,0.029787502288818362,,,,,
74.87,72.61111111111111,,,0.025078670501708988,,,0.025082252502441407,,,,,
74.95,72.72222222222223,0.02504430389404297,,,,,,,,,,
74.96,72.77777777777777,0.019293800354003906,,,,,,,,,,
74.97,72.83333333333334,,,,0.005687557220458985,,,,,,,
75.02,72.88888888888889,,,0.01936846160888672,,,,,,,,
75.07,72.94444444444444,,,,,,,,,,4.851215789794923,
75.08,73.0,,,,,,,,,,4.864553192138672,
75.09,73.0,,,,,,,,,,4.878714569091796,
75.1,73.0,,,,,,,,,,4.933536346435547,
75.11,73.0,,,,,,,,,,5.017373016357421,
75.12,73.0,,,,,4.883666900634766,,,,,5.046212127685547,
75.13,73.05555555555556,,,,,,,,,,5.075853240966797,
75.14,73.05555555555556,,,,,,,,,,5.109713104248047,
75.15,73.05555555555556,,,,,,,,,,5.142166717529297,
75.16,73.05555555555556,,,,,,,,,,5.206865203857422,
75.17,73.05555555555556,,,,,,,,,,5.285878875732422,
75.18,73.05555555555556,,,,,,,,,,5.317695281982422,
75.19,73.05555555555556,,,,,,,,,,5.360212371826171,
75.2,73.05555555555556,,,,,,,,,,5.412540252685547,
75.21,73.05555555555556,,,,,,,,,,5.466131561279298,
75.22,73.05555555555556,,,,,,,,,,5.484522674560547,
75.23,73.05555555555556,,,,,,,,,,5.514020965576172,
75.24,73.05555555555556,,,,,,,,,,5.598253143310547,
75.25,73.11111111111111,,,,,,0.019357982635498046,,,,5.644044158935547,
75.26,73.11111111111111,,,,,,,,,,5.707281463623047,
75.27,73.11111111111111,,,,,,,,,,5.766849334716797,
75.28,73.11111111111111,,,,,,,,,,5.805136688232422,
75.29,73.16666666666667,,,,,,,,,,5.847972381591797,
75.31,73.16666666666667,,,,,,,,,,5.897147186279296,
75.32,73.16666666666667,,,,0.0010915641784667968,,,,,,,
76.71,73.22222222222223,,,,,,,,,,9.593002899169923,
76.72,73.22222222222223,0.007907909393310547,0.002182014465332031,0.002182014465332031,1.2209501609802247,4.873320281982422,0.002182014465332031,,,,,0.002182014465332031
80.11,74.11111111111111,,,,,,0.5677806968688964,,,,,
80.12,74.11111111111111,,,,,,1.2220406112670898,,,,,
82.41,74.16666666666667,0.002182014465332031,,,0.0010915641784667968,,,,,,,
82.51,74.3888888888889,,,,0.04465810775756836,,,,,,,0.39383362579345704
82.52,74.3888888888889,,,,0.06749007034301757,,,,,,,0.4233209304809571
82.53,74.3888888888889,,,,,,,,,,,0.5019500808715821
82.54,74.3888888888889,,,,,,,,,,,0.5296685867309571
82.56,74.3888888888889,,,,,,,,,,,0.570219123840332
82.57,74.3888888888889,,,,,,,,,,,0.638554084777832
82.58,74.3888888888889,,,,,,,,,,,0.6618560867309571
82.59,74.3888888888889,,,,,,,,,,,0.706032112121582
82.6,74.3888888888889,,,,,,,,,,,0.727774055480957
82.61,74.3888888888889,,,,,,,,,,,0.8243328933715821
82.62,74.3888888888889,,,,,,,,,,,0.854413459777832
82.63,74.3888888888889,,,,,,,,,,,0.870936897277832
82.64,74.3888888888889,,,,,,,,,,,0.9352728347778321
82.65,74.3888888888889,,,,,,,,,,,0.9834588699340819
82.66,74.3888888888889,,,,,,,,,,,1.016703498840332
82.67,74.3888888888889,,,,,,,,,,,1.049508674621582
82.68,74.3888888888889,,,,,,,,,,,1.140640266418457
82.69,74.3888888888889,,,,,,0.002182014465332031,,,,,1.156768196105957
82.75,74.44444444444444,,,,,,0.06858052062988282,,,,,1.477689826965332
82.76,74.44444444444444,,,,,,,,,,,1.513889778137207
82.77,74.44444444444444,,,,,,,,,,,1.585575569152832
82.78,74.44444444444444,,,,,,,,,,,1.619534309387207
82.79,74.44444444444444,,,,,,,,,,,1.6327618484497068
82.81,74.44444444444444,,,,,,,,,,,1.661502082824707
82.82,74.44444444444444,,,,,,,,,,,1.7204217605590821
82.83,74.44444444444444,,,,,,,,,,,1.7960076980590818
82.84,74.44444444444444,,,,,,,,,,,1.857267463684082
82.85,74.44444444444444,,,,,,,,,,,1.8733953933715821
82.86,74.44444444444444,,,,,,,,,,,1.9024542312622068
82.87,74.44444444444444,,,,,,,,,,,1.9518048171997069
82.88,74.44444444444444,,,,,,,,,,,2.014745491027832
82.89,74.44444444444444,,,,,,,,,,,2.064041145324707
82.9,74.44444444444444,,,,,,,,,,,2.082487190246582
82.91,74.44444444444444,,,,,,,,,,,2.172036750793457
82.92,74.44444444444444,,,,,,,,,,,2.172926643371582
82.93,74.44444444444444,,,,,,,,,,,2.231000373840332
82.94,74.44444444444444,,,,,,,,,,,2.263519905090332
82.95,74.44444444444444,,,,,,,,,,,2.3287677078247073
82.96,74.44444444444444,,,,,,,,,,,2.351652229309082
82.97,74.44444444444444,,,,,,,,,,,2.413230598449707
82.98,74.44444444444444,,,,,,,,,,,2.452539680480957
82.99,74.44444444444444,,,,,,,,,,,2.512503059387207
83.0,74.44444444444444,,,,,,,,,,,2.574542854309082
83.01,74.44444444444444,,,,,,,,,,,2.639208381652832
83.02,74.44444444444444,,,,,,,,,,,2.674639289855957
83.03,74.44444444444444,,,,,,,,,,,2.729801643371582
83.04,74.44444444444444,,,,,,,,,,,2.762079475402832
83.06,74.44444444444444,,,,,,,,,,,2.778646858215332
83.07,74.44444444444444,,,,,,,,,,,2.840631721496582
83.08,74.44444444444444,,,,,,,,,,,2.909065559387207
83.09,74.44444444444444,,,,,,,,,,,2.9570977859497067
83.1,74.44444444444444,,,,,,,,,,,2.991155403137207
83.11,74.44444444444444,,,,,,,,,,,3.053755500793457
83.12,74.44444444444444,,,,,,,,,,,3.086923225402832
83.13,74.44444444444444,,,,,,,,,,,3.140404670715332
83.14,74.44444444444444,,,,,,,,,,,3.158312385559082
83.15,74.44444444444444,,,,0.061760658264160155,,,,,,,3.175033576965332
83.16,74.5,,,,0.06179551315307617,,,,,,,3.2599249343872074
83.17,74.55555555555556,,,,0.06750848388671875,,,,,,,3.325403450012207
83.18,74.55555555555556,,,,,,,,,,,3.387772834777832
83.19,74.55555555555556,,,,,,,,,,,3.3888055496215816
83.2,74.55555555555556,,,,,,,,,,,3.4393097000122075
83.21,74.55555555555556,,,,,,,,,,,3.469203498840332
83.28,74.55555555555556,,,,,4.940241287231446,,,,,,3.8242706375122073
83.81,74.55555555555556,0.07133477401733399,0.0712674903869629,0.06910206985473633,0.061799896240234374,,0.057168407440185545,,4.780888458251953,4.833874267578125,,4.688004768371582
83.82,74.77777777777777,,,,0.06751994323730469,,0.06900366592407227,,,4.839620864868164,,
83.85,74.77777777777777,,,,,,0.06329507827758789,,,,,
83.86,74.83333333333333,,,,,,0.06904980850219726,,,,,
83.87,74.83333333333333,,,0.06341525650024414,,,,,,,,
83.9,74.8888888888889,,,0.06343041229248048,0.06177104568481445,,,,,,,
83.91,75.0,,,0.0691707649230957,0.06755209732055664,,,,,,,
83.92,75.0,,,,,4.934554473876953,,,,,,
83.93,75.05555555555556,,,,,4.940635147094727,,,,,,
84.02,75.1111111111111,,,,0.06183912658691407,,,,,,,
84.03,75.16666666666667,,,,0.067595458984375,,,,,,,
84.12,75.16666666666667,0.07169594955444336,,,,,,,,,,
84.21,75.22222222222223,,,0.06345894241333008,,,,,,,,
84.22,75.27777777777777,,,0.06919702911376953,,4.934922176361084,,,,,,
84.23,75.33333333333333,,,,,4.9406090812683106,,,,,,
84.25,75.3888888888889,,,,,,0.06330091094970702,,,,,
84.27,75.3888888888889,,,,,4.9406085968017575,0.06906083297729491,,,,,
84.38,75.44444444444444,,,,,,,,4.775172599792481,,,
84.39,75.5,,,,,,,,4.781265083312988,,,
84.41,75.5,,,,0.06186081695556641,,,,,,,
84.42,75.55555555555556,,,,0.0676114387512207,,,,,,,
84.62,75.55555555555556,,,0.0634597053527832,,,,,,,,
84.63,75.6111111111111,,,0.06918540954589844,,,,,,,,
84.67,75.6111111111111,,,,,4.9348712730407716,,,,,,
84.68,75.66666666666667,,,,,4.940576366424561,,,,,,
84.81,75.66666666666667,,0.06552495574951173,,,,,,,,,
84.82,75.72222222222223,,0.0716384506225586,,,,0.06332619094848632,,,,,
84.83,75.77777777777777,,,,,,0.06906872558593749,,,,,
85.32,75.77777777777777,,,,,,,,4.775521495819092,,,
85.33,75.83333333333333,,,,,,,,4.7812327270507815,,,
85.48,75.83333333333333,,,,,,,,4.77550129699707,,,
85.49,75.88888888888889,,,,,,,,4.781212841033936,,,
85.84,75.88888888888889,,0.07161701965332032,,,,0.0633327865600586,,,,,
85.86,76.0,,,,,,0.06908803558349609,,,,,
85.96,76.05555555555556,0.06596001052856446,,,,,,,,,,
85.97,76.11111111111111,0.07170501708984375,,,,,,,,,,
86.07,76.11111111111111,,0.06591192626953125,,,,,,,,,
86.08,76.16666666666667,,0.07162778472900391,,,,,,,,,
86.1,76.16666666666667,,0.06591655349731446,,,,,,,,,
86.11,76.22222222222223,,0.07167125701904296,,,,,,,,,
86.22,76.22222222222223,,0.06595971298217773,,,,,,,,,
86.24,76.27777777777777,,0.07180373001098633,,,,,,,,,
86.61,76.27777777777777,,,,0.06301203918457031,,,,,,,
86.62,76.38888888888889,,,,0.0687603530883789,,,,,,,
86.63,76.38888888888889,,,,0.06982368087768555,,,,,,,
86.75,76.44444444444444,,,,,4.9348712730407716,,,,,,
86.76,76.5,,,,,4.940614860534668,,,,,,
86.85,76.5,,,,,,,,,4.8339323120117195,,
86.86,76.55555555555556,,,,,,,,,4.840027225494384,,
86.96,76.55555555555556,,,,,,,,4.7811901626586915,,,
86.99,76.61111111111111,,,,0.0641229362487793,,,,,,,
87.0,76.66666666666667,,,,0.06983334732055664,,,,,,,
87.06,76.66666666666667,,,,,,,,,4.834316814422608,,
87.07,76.72222222222223,,,,,,,,,4.840058486938477,,
87.08,76.72222222222223,,,,,,0.06338663482666015,,,,,
87.09,76.77777777777777,,,,,,0.06917710876464843,,,,,
87.11,76.77777777777777,,0.07181044006347656,,,,,,,,,
87.14,76.83333333333333,,,,,,0.06454991912841797,,,,,
87.17,76.88888888888889,,,,,,0.07026947784423829,,,,,
87.19,76.88888888888889,,,,,,,,4.781185035705566,,,
87.2,76.94444444444444,,,,,,0.06562399291992188,,,,,
87.21,77.0,,,,,,0.07134993743896484,,,,,
87.25,77.0,,,,,,,,4.775430332183838,,,
87.28,77.05555555555556,,,,,,,,4.78137325668335,,,
87.31,77.05555555555556,,0.0660945816040039,,,,,,,,,
87.33,77.11111111111111,,0.07183705139160156,,,,,,,,,
87.36,77.11111111111111,,,0.07021827697753906,,,,,,,,
87.39,77.16666666666666,,,0.06556745529174804,,,,,,,,
87.4,77.22222222222223,,,0.07131405258178711,,,,,,,,
87.5,77.22222222222223,,,,,4.935930614471435,,,,,,
87.53,77.27777777777777,,,,,4.9416376380920415,0.06564919281005858,,,,,
87.56,77.33333333333333,,,,,,0.07137147903442383,,,,,
87.57,77.33333333333333,,,,0.06419898986816407,4.94272338104248,,,,,,
87.58,77.5,,,,0.06993877792358398,,,,,,,
87.61,77.5,,,,0.06421140670776367,,,,,,,
87.62,77.55555555555556,,,,0.06992742156982422,,,,,,,
87.64,77.55555555555556,,,0.0656224479675293,,,,,,,,
87.67,77.61111111111111,,,0.0713552131652832,,,,,,,,
87.84,77.61111111111111,,,,,4.942728183746338,,,,,,
87.88,77.66666666666666,,,,,,,,4.76987547302246,,,
87.93,77.77777777777779,,,,,,,,4.78021350479126,,,
88.0,77.94444444444444,,,,,,,,4.780101612091064,,,
88.02,77.94444444444444,,,,,,,,4.774354125976562,,,
88.04,78.0,,,,,,,,4.77434920501709,4.8341155624389645,,
88.08,78.11111111111111,,,0.0656224479675293,,,0.06566665267944335,,4.77446696472168,4.8283781242370605,,
88.21,78.38888888888889,,,0.07139476013183595,,,0.05998626708984375,,4.779109149932862,4.799575141906738,,
88.24,78.88888888888889,,,,,,0.07036658096313476,,,4.839682174682617,,
88.26,78.88888888888889,,,0.06568136978149414,0.06420986557006836,,,,,,,
88.29,79.0,,,0.07142057800292968,0.0699114875793457,,,,,,,
88.32,79.0,,,0.06564810180664062,,,,,,,,
88.34,79.05555555555556,,,0.07135595703125,,,,,,,,
88.36,79.05555555555556,,,0.06561132049560547,,,,,,,,
88.38,79.11111111111111,,,0.07130237197875977,,,,,,,,
88.39,79.11111111111111,,,0.06557548141479491,,,,,,,,
88.4,79.11111111111111,,,0.0713115005493164,,,,,,,,
88.46,79.16666666666666,,,0.07123715591430664,,,,,,,,
88.5,79.27777777777779,,,,,4.941666507720948,,,,,,
88.52,79.33333333333333,,,,,4.935953117370605,,,,,,
88.53,79.38888888888889,,,,,4.941688415527343,,,,,,
88.56,79.38888888888889,,,,,,,,4.773423553466797,4.83964805984497,,
88.57,79.5,,,,,4.9359437789917,,,4.7791297683715825,,,
88.58,79.55555555555556,,,,,4.941641521453858,,,,,,
88.64,79.55555555555556,,,,,,,,4.779163997650147,,,
88.69,79.61111111111111,,,,,4.935923965454101,,,,,,
88.71,79.66666666666666,,,,,4.940563919067382,,,,,,
88.74,79.66666666666666,,,,,4.940543418884277,,,,,,
88.78,79.72222222222223,,,,,4.934809558868408,,,,,,
88.79,79.77777777777779,,0.06615014648437499,,,4.9405829734802245,,,,,,
88.81,79.83333333333333,,0.07186763381958008,,,,,,,,,
88.83,79.83333333333333,,,,,,,,,4.833936611175537,,
88.84,79.88888888888889,,,,,,,,,4.839660087585449,,
88.87,79.88888888888889,,,0.06551931381225587,,,,,,,,
88.88,79.94444444444444,,,0.07127688598632813,,,,,,,,
88.91,79.94444444444444,,,,0.0641914405822754,,,,,,,
88.92,80.0,,,,0.06993190002441406,,,,,,,
88.93,80.0,,,,0.06989550399780273,,,,,,,
88.99,80.05555555555556,,,0.0655365333557129,,,,,,4.833950996398926,,
89.03,80.16666666666666,,,0.0655615348815918,,,,,,4.839682411193848,,
89.04,80.22222222222221,,,0.07130062484741212,,,,,,,,
89.09,80.22222222222221,,,,0.0641391716003418,,,,,,,
89.1,80.27777777777779,,,,0.06988364410400391,,,,,,,
89.18,80.27777777777779,,,0.07130538177490234,,,,,,,,
89.21,80.33333333333333,,,,,,0.06461185073852539,,,,,
89.22,80.38888888888889,,,,,,0.07032069778442382,,,,,
89.25,80.44444444444444,,,,,4.94055403137207,,,,,,
89.32,80.44444444444444,,,,,,0.06458486175537109,,,,,
89.34,80.5,,,,,,0.0702858657836914,,,,,
89.42,80.5,,,,0.06413302230834961,,,,,,,
89.43,80.55555555555556,,,,0.06987367630004883,,,,,,,
89.52,80.55555555555556,,,,,4.934842693328857,,,,,,
89.53,80.61111111111111,,,,,4.940527431488037,,,,,,
89.64,80.61111111111111,,,,,,,,4.779181331634522,,,
89.65,80.66666666666666,,,0.06557967758178711,,,,,,,,
89.66,80.72222222222221,,,0.07130292129516601,,,,,,,,
89.74,80.72222222222221,,,,,,0.06452594375610352,,,,,
89.75,80.77777777777779,,,,,,0.0702443962097168,,,,,
89.88,80.77777777777779,,,,,4.934839183807373,,,,,,
89.89,80.83333333333333,,,,,4.9394926223754885,,,,,,
89.93,80.83333333333333,,,,,,,,4.773418102264404,4.833949993133545,,
89.96,80.94444444444444,,,,,,,,4.779172218322754,4.839756187438965,,
90.0,81.0,0.06598717498779297,,,,,,,,,,
90.01,81.0,0.07170346832275391,0.06041820907592774,,,,,,,,,
90.06,81.11111111111111,0.06597657775878907,0.071814453125,,,,,,4.773483665466308,,,
90.08,81.22222222222221,0.07168227767944335,,,,,,,4.779302806854248,,,
90.1,81.22222222222221,0.07166304016113281,0.0660638313293457,,,,,,,,,
90.11,81.33333333333333,0.06595539855957032,0.07078009033203125,,,,,,,,,
90.13,81.44444444444444,0.07059947967529297,,,,,,,,,,
90.16,81.44444444444444,0.059063697814941404,0.06505109024047852,,,,,,,,,
90.17,81.61111111111111,0.06967298126220703,0.07078324890136718,0.07123010253906249,,,,,,,,
90.18,81.66666666666667,0.06962157440185547,,,,,,,,,,
90.19,81.77777777777779,0.0696317253112793,,,,,,,,,,
90.25,81.83333333333334,,0.06502332687377929,,,,,,,,,
90.26,81.88888888888889,,0.07074613571166992,,,,,,,,,
90.29,81.88888888888889,,,,,,,,4.773548690795899,,,
90.32,81.94444444444444,,,,,,,,4.779284523010254,,,
90.39,81.94444444444444,,0.06502043151855469,,,,,,,,,
90.4,82.0,,0.07069581604003906,,,,,,,,,
90.48,82.0,,,,,4.93379487991333,,,,,,
90.51,82.05555555555556,,,,,4.938440921783447,,,,,,
90.66,82.05555555555556,,,0.06556007766723633,,,,,,,,
90.68,82.11111111111111,,,0.07127274703979493,,,,,,,,
90.74,82.11111111111111,0.06393134689331054,,,,,,,,,,
90.75,82.16666666666667,0.0686118278503418,,,,,,,,,,
90.84,82.16666666666667,,,0.07124725723266602,,,,,,,,
90.86,82.22222222222221,,,,0.06416326522827148,,,,,,,
90.87,82.27777777777779,,,,0.06988902664184571,,,,,,,
90.95,82.27777777777779,,,0.0655081672668457,,,,,,,,
90.96,82.33333333333334,,,0.07127339553833008,,,,,,,,
91.12,82.33333333333334,,,,,,0.058746612548828125,,4.773548690795899,,,
91.13,82.5,,,,,,0.06914274597167969,,4.779309062957764,,,
91.17,82.5,,,0.06556072616577148,,,,,,,,
91.18,82.55555555555556,,,0.07128702163696289,,,,,,,,
91.34,82.55555555555556,,,,,,,,4.780423301696778,,,
91.44,82.61111111111111,,,,,,,,,4.834014514923095,,
91.49,82.66666666666667,,,,,,,,4.774716884613038,4.839752857208253,,
91.5,82.72222222222221,,,,,,,,4.780440414428711,,,
91.52,82.72222222222221,,0.06494111251831054,,,,,,,,,
91.57,82.77777777777777,,0.07066251754760743,,,,,,4.774497489929199,,,
91.59,82.83333333333334,,,,,,,,4.780187435150147,,,
91.63,82.83333333333334,,,,0.0641985092163086,,,,,,,
91.64,82.88888888888889,,,,0.0631553611755371,,,,4.775545249938965,,,
91.65,83.0,,,,0.06885905075073243,,,,4.7812506904602055,,,
91.68,83.0,,,,0.06311073684692384,,,,,,,
91.69,83.05555555555556,,,,0.06885342788696289,,,,,,,
91.75,83.05555555555556,,,,,,0.0634291229248047,,,,,
91.77,83.11111111111111,,,,,,0.06914968872070312,,,,,
92.0,83.16666666666667,,,,,,,,4.78129260635376,,,
92.18,83.16666666666667,,,,,,,,4.7755637474060055,,,
92.19,83.22222222222221,,,,,,,,4.781301334381103,,,
92.31,83.22222222222221,,,,,,,,4.7812882308959965,,,
92.35,83.27777777777777,,,,,,,,4.775556106567383,,,
92.36,83.33333333333334,,,,,,,,4.781270584106445,,,
92.4,83.33333333333334,,,,,,,,4.775404510498047,,,
92.41,83.38888888888889,,,0.06554042434692384,,,,,4.781142887115478,4.834066848754883,,
92.43,83.5,,,0.07135057830810547,,,,,,4.839796287536621,,
92.46,83.5,,,,,,,,,4.834162654876709,,
92.47,83.55555555555556,,,0.06563346481323243,,,,,,4.839886924743652,,
92.48,83.61111111111111,,,0.07131939697265625,,,,,,4.834150737762451,,
92.49,83.66666666666667,,,,,,,,,4.8398808708190915,,
92.5,83.72222222222221,,,,,,,,,4.834147979736328,,
92.53,83.72222222222221,,,,0.06311073684692384,,,,,4.834185363769531,,
92.56,83.83333333333334,,,,0.06882126998901367,,,,,4.834073070526123,,
92.57,83.83333333333334,,,,,,,,,4.839815204620361,,
92.59,83.88888888888889,,0.0696502799987793,,,,0.06904093551635743,,,,,
92.6,84.0,,,,,,0.06902090072631835,,,,,
92.62,84.05555555555554,,,,,,0.06436882019042969,,,,,
92.63,84.11111111111111,,,0.0712767333984375,,,0.07019133377075196,,,4.839850326538086,,
92.64,84.22222222222221,,,,0.06306804656982422,,0.06447177505493164,,,,,
92.65,84.38888888888889,,,,0.06881761932373047,,0.06910081863403321,,,,,
92.67,84.38888888888889,0.0628668212890625,,,,,,,,,,
92.68,84.44444444444444,0.06859000778198242,,,,,,,,,,
92.71,84.44444444444444,,,,0.06305990219116211,,,,,,,
92.73,84.5,,0.06395495223999023,,0.06880779647827148,4.932733898162842,,,,,,
92.74,84.61111111111111,,0.0696940803527832,,,4.937439147949219,,,,,,
92.75,84.66666666666667,,,,,,,,,4.8398326454162595,,
92.77,84.66666666666667,,0.06385006332397461,,,,,,,,,
92.78,84.72222222222221,,0.06953051376342774,,,,,,,,,
92.83,84.72222222222221,,,,,,,,4.775436672210693,,,
92.84,84.77777777777777,,,,,,,,4.7811621665954585,,,
92.87,84.77777777777777,,,,,4.931702583312989,,,,,,
92.88,84.83333333333334,,,,,4.937421646118164,,,,,,
92.91,84.83333333333334,,,0.07127633285522461,,,,,,,,
92.92,84.88888888888889,,,,,,0.06910769653320312,,,,,
92.96,84.94444444444444,,,,,4.938528289794922,,,,4.834135330200196,,
92.97,85.05555555555556,,,,,,,,,4.839878635406494,,
93.0,85.05555555555556,,,,,4.939613090515136,,,,,,
93.02,85.11111111111111,,,,,,,,4.775435188293457,,,
93.03,85.16666666666667,,,,,,,,4.781110141754151,,,
93.07,85.16666666666667,,0.06382959747314453,,,,,,,,,
93.08,85.22222222222223,,0.06847030639648438,,,,,,,,,
93.15,85.22222222222223,,,,,,0.06802196884155273,,,,,
93.17,85.27777777777777,,,,,4.939623706817628,,,,,,
93.2,85.33333333333333,,,,,,,,,4.834155158996582,,
93.27,85.38888888888889,,,0.06550402069091796,,,,,,4.839877445220947,,
93.28,85.44444444444444,,,0.0716252212524414,,,,,,,,
93.32,85.44444444444444,,,,0.06310617446899414,,,,,,,
93.34,85.5,,,,0.06920622253417968,,,,,,,
93.35,85.5,,,0.07165715408325196,,,,,,,,
93.39,85.55555555555556,,,0.07163396072387695,,,,,,,,
93.44,85.61111111111111,,,0.07170721054077148,,,,,,,,
93.5,85.72222222222223,,,0.07061691665649414,,,,,,4.839860118865967,,
93.52,85.77777777777777,,,,,,0.06228773498535156,,,4.834116813659668,,
93.56,85.88888888888889,,,,,,0.06801659393310547,,,4.839813766479492,,
93.58,85.88888888888889,,,,,,0.0680284423828125,,,,,
93.72,85.94444444444444,,0.06844570922851563,,,,,,,,,
93.75,86.0,,,,,,0.06232743835449219,,,,,
93.76,86.05555555555556,,,,,,0.06801303482055664,,,,,
93.77,86.05555555555556,,,,,4.939740600585937,,,,,,
93.79,86.11111111111111,,,,,4.934005302429199,,,,,,
93.81,86.16666666666667,,,,,4.939716751098633,,,,,,
93.84,86.16666666666667,,,0.06952633666992188,,,,,,,,
93.9,86.22222222222223,,0.06270323944091798,,,,,,,,,
93.93,86.27777777777777,,0.06843747329711915,,,,,,4.775395854949951,,,
93.94,86.33333333333333,,,,,,,,4.781104946136475,,,
93.96,86.33333333333333,,,,0.05772110748291016,,,,,,,
93.98,86.44444444444444,,,,0.06917942810058593,4.9339976882934575,,,,,,
93.99,86.5,,,,,4.938649768829346,,,,,,
94.0,86.5,0.0628668212890625,,,,,,,,,,
94.03,86.55555555555556,0.06859505462646485,,,,,,,,,,
94.1,86.55555555555556,,,,,4.938657138824463,,,,,,
94.13,86.61111111111111,,,,0.06343495559692383,,,,,,,
94.15,86.66666666666667,,,,0.0692574577331543,4.938517356872558,,,,,,
94.17,86.72222222222223,,,0.06381028366088867,,,,,,,,
94.23,86.77777777777777,,,0.06954647064208985,,,,,,4.834007572174072,,
94.25,86.83333333333333,,,,,4.933863918304443,,,,4.8397404632568355,,
94.26,86.8888888888889,,,,,4.939596336364746,,,,,,
94.41,86.8888888888889,,,,,,,,4.775285804748535,,,
94.42,86.8888888888889,,,,,,,,4.781004749298096,,,
94.46,86.94444444444444,,,,0.06351680374145507,,,,,,,
94.5,87.05555555555556,,,,0.06921842575073242,,0.06232743835449219,,,,,
94.51,87.05555555555556,,,,,,0.06806664657592773,,,,,
94.63,87.05555555555556,,,,,,0.0623577995300293,,,,,
94.68,87.1111111111111,,,,,,0.06806565475463866,,,,,
94.72,87.1111111111111,,,0.06951427841186524,,,,,,,,
94.77,87.16666666666667,,,,,,,,4.775295658111572,,,
94.79,87.22222222222223,,,,,,,,4.7810316772460935,,,
94.81,87.22222222222223,,,,,4.934950294494629,,,,,,
94.82,87.27777777777777,,,,,4.934898361206055,,,,,,
94.84,87.33333333333333,,,,,4.939546886444092,,,,,,
94.87,87.33333333333333,,,,,4.939611328125,,,,,,
94.94,87.3888888888889,,,,,4.9338561592102055,,,,,,
94.95,87.44444444444444,,,,,4.939591457366943,,,,,,
95.07,87.44444444444444,0.06964828872680665,,,,,,,,,,
95.15,87.5,,,,,,0.06805341720581055,,,,,
95.26,87.55555555555556,,,,,,,,,4.834043510437012,,
95.27,87.6111111111111,,,,,,,,,4.83974125289917,,
95.35,87.6111111111111,,,0.06382322692871094,,,,,,,,
95.36,87.66666666666667,,,0.06958645629882812,,,,,,,,
95.42,87.66666666666667,,,,,,0.06337090682983398,,,,,
95.43,87.72222222222223,,,,,,0.06801086044311525,,,,,
95.45,87.72222222222223,,0.06271998596191407,,,,,,,,,
95.46,87.77777777777777,,0.06372681427001953,,,,,,4.775271305084228,,,
95.47,87.8888888888889,,0.0694443016052246,,,,,,4.781044719696045,,,
95.56,87.8888888888889,0.07072389602661133,,,,,,,,,,
95.66,87.94444444444444,,,,,,,,4.78104232788086,,,
95.73,88.0,,,,0.07025454711914063,,,,,,,
95.75,88.1111111111111,,0.06951357269287109,,,,,,,,,
95.78,88.1111111111111,,,,,,,,,4.834002910614013,,
95.79,88.16666666666667,,,,,,,,,4.839734325408935,,
95.86,88.16666666666667,,,,,,,,4.775318798065185,,,
95.87,88.22222222222223,,,,,,,,4.781034851074219,,,
95.93,88.22222222222223,,,,,,,,4.781068500518799,,,
95.96,88.27777777777777,,,0.06385437393188477,0.06452878570556642,,,,,,,
95.99,88.38888888888889,,,0.06959721755981445,0.07027325820922851,,,,,,,
96.07,88.38888888888889,0.06604341506958007,,,,,,,,,,
96.13,88.44444444444444,0.07175226211547851,,,,,,,,,,
96.24,88.44444444444444,,,,,,,,,4.833977996826172,,
96.27,88.5,,,,,,,,,4.8396662445068355,,
96.38,88.5,,,,,,,,4.781037643432617,,,
96.42,88.55555555555556,,,,,4.93959969329834,,,,,,
96.48,88.61111111111111,,,,,,,,4.775300056457519,,,
96.49,88.66666666666667,,,,,,,,4.7809847946167,,,
96.65,88.66666666666667,,,0.06391128540039062,,,,,,,,
96.66,88.72222222222223,,,0.06962557220458984,,,,,4.780993560791016,,,
96.69,88.77777777777777,0.06603596878051758,,,,,,,,,,
96.7,88.83333333333333,0.07175442123413085,,,,,,,,,,
96.71,88.83333333333333,0.06603782272338868,,,,,,,,,,
96.73,88.88888888888889,0.07069126129150391,,,,,,,,4.833977996826172,,
96.74,88.94444444444444,,,,0.07037576293945312,,,,,4.839732112884521,,
96.75,89.05555555555556,0.07067896270751954,,,0.06466522979736328,,,,4.780971477508545,,,
96.77,89.16666666666667,0.059260478973388674,,,0.07036055755615234,,,,,4.834034370422363,,
96.78,89.33333333333333,0.05921567535400391,,,,,,,,4.828399803161621,,
96.82,89.5,0.06361494064331055,,,,,,,,4.833118637084961,,
96.83,89.61111111111111,0.06826280975341796,0.06974282836914063,,,,,,,4.8388507957458495,,
96.88,89.66666666666666,,,0.06386234283447266,,,,,,,,
96.9,89.72222222222223,,0.06973323440551758,0.06953236770629884,,,,,,,,
96.91,89.77777777777777,,,,,,,,,4.838817562103272,,
96.92,89.83333333333333,,,,,,,,,4.833087429046631,,
96.93,89.88888888888889,0.06827671813964843,,,,,,,,4.83883793258667,,
96.96,89.94444444444444,,,,,,,,,4.838808185577392,,
96.97,90.0,,,0.06378952407836913,,,,,,,,
96.98,90.05555555555556,,,0.06946490859985352,,,,,,,,
97.02,90.05555555555556,,,,,4.934894443511963,0.06802785873413086,,,,,
97.04,90.16666666666666,,,,,4.940607112884521,,,,,,
97.06,90.16666666666666,,,,,,,,4.77992646408081,,,
97.1,90.22222222222223,,,,,,,,,4.833054069519043,,
97.12,90.27777777777779,,,,,,,,,4.838786151885986,,
97.19,90.27777777777779,,,,,,0.06230729293823242,,,,,
97.21,90.33333333333333,,,,,,0.06803305435180665,,,,,
97.31,90.33333333333333,,,,,,,,4.780016738891602,,,
97.33,90.38888888888889,,,,,,,,4.774259166717529,,,
97.34,90.44444444444444,,,,,,,,4.780019538879395,,,
97.38,90.44444444444444,,,0.0684773941040039,,,,,,,,
97.43,90.5,,,0.06838086318969726,,,,,,,,
97.48,90.55555555555556,,,,,,0.06343706130981445,,,,,
97.53,90.61111111111111,,,,,,0.06916335678100587,,4.780040412902832,,,
97.57,90.72222222222223,,,0.06373513793945312,,,,,,,,
97.58,90.77777777777779,,,0.06947348022460938,,,,,,,,
97.61,90.77777777777779,,,,,,,,,4.833063865661621,,
97.72,90.83333333333333,,,0.06375091552734376,0.06465797805786132,4.934894443511963,,,,4.838787395477294,,
97.78,91.0,,,0.06845525360107421,0.05888191604614258,4.94058438873291,,,,4.827355155944824,,
97.82,91.22222222222223,,,,0.07029104614257813,,,,,4.838818412780762,,
97.92,91.22222222222223,,,0.0627293586730957,,,,,,,,
97.93,91.27777777777779,,,0.06846121978759766,,,,,,,,
97.96,91.27777777777779,,0.06501689147949219,,,,,,,,,
97.99,91.33333333333333,,0.07075447845458985,0.06274759674072265,,,0.06334084320068359,,,,,
98.0,91.44444444444444,,,0.06381988906860352,,,0.06906782150268555,,,,,
98.02,91.5,,,0.06955826568603515,,,,,,,,
98.03,91.5,,,,,,0.06909135055541993,,,,,
98.17,91.55555555555556,,0.06507402801513672,,,,,,,,,
98.19,91.66666666666666,,0.07088418197631836,,,,,,,,,
98.23,91.66666666666666,,,,,,0.06908645629882812,,,,,
98.24,91.72222222222223,,0.0708487091064453,,,,,,,,,
98.36,91.77777777777779,,,,0.07028461456298829,4.940650772094727,,,,,,
98.39,91.88888888888889,,,,,4.940654281616211,,,,,,
98.41,91.94444444444444,,,,,4.9302774467468256,,,,,,
98.43,92.05555555555556,,,0.05234474563598633,,4.941729789733887,,,,,,
98.44,92.11111111111111,,,0.06844871902465821,,,,,,,,
98.49,92.22222222222223,,0.06620800018310548,,,,,,,,,
98.5,92.27777777777779,,0.07203051376342773,,,,,,,4.833075721740722,,
98.51,92.33333333333333,,,,,,,,,4.838841300964355,,
98.52,92.33333333333333,,,,,,,,,4.833108409881592,,
98.54,92.38888888888889,,,,,,,,,4.838830974578857,,
98.7,92.38888888888889,,,,,,,,4.774321468353271,,,
98.71,92.44444444444444,,,,,,,,4.780024047851563,,,
98.72,92.44444444444444,,,,0.06451230239868164,,,,,,,
98.75,92.55555555555556,,,,0.07026187515258789,,,,4.77888786315918,,,
98.77,92.55555555555556,,,,0.06456654739379883,,,,,,,
98.78,92.61111111111111,,,,0.07028973388671875,,,,,,,
98.81,92.61111111111111,,,,,,0.06335759735107423,,,,,
98.82,92.66666666666666,,,,,,0.0691054916381836,,,,,
98.91,92.66666666666666,,,0.06276699829101562,,,,,,,,
98.94,92.72222222222221,,,0.06747224807739258,0.07034285354614259,,,,,,,
98.96,92.77777777777779,,,,,,0.06337851333618164,,,,,
98.97,92.83333333333333,,,,,,0.06909224700927735,,,,,
99.03,92.83333333333333,,,,,,0.06335216522216797,,,,,
99.04,92.88888888888889,,,,,,0.06903261566162108,,,,,
99.19,92.88888888888889,,,,,4.935863716125488,,,4.778877338409424,,,
99.23,93.0,,,0.061736061096191404,0.06452035140991211,4.936934253692627,,,,,,
99.37,93.16666666666666,,0.06629138565063476,0.06749123001098632,0.07024624633789063,4.942663417816162,,,,,,
99.4,93.27777777777779,,0.07203469085693359,,,,0.06330632019042969,,,,,
99.41,93.33333333333333,,,,,4.93702978515625,0.06903107452392579,,,,,
99.42,93.38888888888889,,,,,4.942704738616943,,,,,,
99.51,93.38888888888889,,,,,,,,,4.8330995597839355,,
99.53,93.44444444444444,,,,0.06914061737060548,4.936974281311035,,,,4.837740268707275,,
99.72,93.55555555555556,,,,,,0.06439112091064453,,,,,
99.75,93.61111111111111,,,,0.06341743087768555,,,,,,,
99.78,93.66666666666667,,,,,,,,4.773103923797607,,,
99.79,93.72222222222221,0.06257580184936523,,,,,,,,,,
99.93,93.77777777777779,,,,,,,,4.767402919769287,,,
99.94,93.83333333333333,,,,,,0.05865191268920898,,,,,
99.96,93.88888888888889,,,,,,0.05293817901611328,,,,,
100.0,94.0,,,,,,0.0472303237915039,,,,,
100.1,94.05555555555556,,,,,4.931314765930176,,,,,,
100.15,94.11111111111111,,,,,4.925565586090088,,,,,,
100.26,94.16666666666667,,,,,,,,4.761686866760254,,,
100.28,94.22222222222221,,,,,4.919830287933349,,,,,,
100.29,94.27777777777779,,,,,,,,,4.833024009704589,,
100.32,94.33333333333334,,,,,4.914111225128174,,,,,,
100.35,94.38888888888889,,0.06629138565063476,,,,,,,,,
100.43,94.44444444444444,,0.06055926132202148,,,,,,,,,
100.5,94.5,,,,,,,,4.757006385803223,,,
100.52,94.55555555555556,,,,,,0.04152410888671875,,,,,
100.67,94.61111111111111,0.05684756851196289,,,,,,,,,,
100.75,94.66666666666667,,0.05482502746582031,,,,,,,,,
100.76,94.72222222222221,,,,0.05767697143554688,,,,4.751321647644043,,,
101.0,94.94444444444444,,,0.06181584548950195,0.05193249893188477,,,,4.745598403930664,,,
101.11,95.0,,,,,,,,4.739882110595703,4.82720486831665,,
101.13,95.11111111111111,,,,,,,,,4.821492084503174,,
101.18,95.16666666666667,,,0.05606067657470703,,,,,,4.815759925842285,,
101.24,95.33333333333334,,,,,,,,,4.810009422302246,,
101.25,95.44444444444444,,,,,,,,,4.804300521850586,,
101.35,95.44444444444444,,,,,,0.03687806701660157,,,,,
101.45,95.55555555555556,,,0.051378166198730466,,,,,,,,
101.48,95.61111111111111,,,,,,,,,4.798568439483643,,
101.7,95.66666666666667,,,0.045663879394531245,,,,,4.734121738433838,,,
101.74,95.77777777777777,,,,0.046126304626464845,,,,,,,
101.75,95.83333333333334,,,,,4.908370571136475,,,,,,
101.76,95.88888888888889,0.052203487396240235,,,,,,,,,,
101.83,95.94444444444444,0.04650617218017578,,,,,,,,,,
101.86,96.0,,,,,,,,4.72836177444458,,,
101.9,96.05555555555556,,,0.040959541320800784,,,,,,,,
102.02,96.11111111111111,,0.0491019401550293,,,,,,,,,
102.12,96.16666666666667,,0.04338445281982422,,,,,,,,,
102.16,96.22222222222221,,,,,,,,,4.787124343872071,,
102.23,96.33333333333334,0.041852733612060544,,,,,,,,,,
102.25,96.44444444444444,0.03720486450195313,,,,,,,,,,
102.28,96.44444444444444,,,,,,,,4.723732730865478,,,
102.36,96.5,,0.037639797210693354,,,,,,,,,
102.51,96.55555555555554,,,0.03624319839477539,,,,,,,,
102.63,96.61111111111111,,,0.03050485610961914,,,,,,,,
102.77,96.66666666666667,0.03149601745605469,,,,,0.03115230560302734,,,,,
102.84,96.77777777777777,,,,0.04042086410522461,,,,,4.781358764648438,,
102.86,96.88888888888889,,,,0.03469945907592773,,,,,,,
102.89,96.94444444444444,,,,0.028995769500732425,,,,,,,
102.9,97.0,,,,,4.902660037994385,,,,4.7756361999511725,,
102.95,97.11111111111111,,,,,,,,4.718030151367188,,,
103.0,97.16666666666667,,,0.02579960632324219,,,,,,,,
103.01,97.22222222222221,,,,,4.896903709411621,,,,,,
103.03,97.27777777777777,,,0.020067745208740235,,,,,,,,
103.04,97.33333333333334,,,0.014353267669677735,,,,,,,,
103.07,97.38888888888889,,,,,,,,,4.770995491027832,,
103.08,97.44444444444444,,,,,,,,,4.773467414855957,,
103.09,97.44444444444444,,,,,,,,,4.815435188293457,,
103.11,97.44444444444444,,,,,,,,,4.883407600402832,,
103.12,97.44444444444444,,,0.008614891052246094,,,,,,4.904083869934082,,
103.13,97.55555555555556,,,,,,,,,4.966211555480958,,
103.14,97.55555555555556,,,,,,,,,4.995028694152832,,
103.15,97.55555555555556,,,,,,,,,5.059474494934082,,
103.16,97.55555555555556,,,,,,,,,5.097300422668457,,
103.17,97.55555555555556,,,,,,,,,5.138169563293457,,
103.18,97.55555555555556,,,,,,,,,5.170689094543457,,
103.19,97.55555555555556,,,,,,,,,5.254668586730957,,
103.2,97.55555555555556,,,,,,,,,5.2770147781372065,,
103.21,97.55555555555556,,,,,,,,,5.309523323059082,,
103.22,97.55555555555556,,,,,,,,,5.357984016418457,,
103.23,97.55555555555556,,,,,,,,,5.411718147277832,,
103.24,97.55555555555556,,,,,,,,,5.444907844543457,,
103.25,97.55555555555556,,,,,,,,,5.539686897277832,,
103.26,97.55555555555556,,,,,,,,,5.563219612121582,,
103.27,97.55555555555556,,,,,,,,,5.656493537902832,,
103.28,97.55555555555556,,,,,,,,,5.6747857742309575,,
103.29,97.55555555555556,,,,,,,,,5.741406867980957,,
103.31,97.55555555555556,,,,,,,,,5.758666389465332,,
103.32,97.55555555555556,0.02577254104614258,,,,,,,,5.807225959777832,,
103.33,97.61111111111111,,,,,,,,,5.856378791809082,,
103.34,97.66666666666667,,,,,,,,,5.872627571105958,,
103.35,97.66666666666667,0.02006684112548828,,,,,,,,5.949476936340332,,
103.36,97.72222222222223,,,,,,,,,5.983919075012207,,
103.37,97.72222222222223,0.014350242614746093,,,0.023265636444091797,,,,,6.0259637527465815,,
103.38,97.83333333333333,,,,,,,,,6.0718756179809565,,
103.39,97.83333333333333,,,,,,0.02547185516357422,,,6.1344976882934565,,
103.4,97.88888888888889,0.008631790161132812,,,,,,,4.712304656982422,6.188001106262207,,
103.41,98.0,,,,,,,,,6.220191047668457,,
103.42,98.0,,,,,,,,,6.256193244934082,,
103.43,98.0,,,,,,,,,6.325198371887207,,
103.44,98.0,0.0029089813232421875,,,,,,,,6.356377571105957,,
103.45,98.05555555555556,,,,,,,,,6.388710334777832,,
103.46,98.05555555555556,,,,,,,,,6.438236701965332,,
103.47,98.05555555555556,,0.02596516799926758,,,,,,,6.488202522277832,,
103.48,98.16666666666667,,,,,,,,,6.520557258605956,,
103.49,98.16666666666667,,,,,,,,,6.566688850402833,,
103.5,98.16666666666667,,,,,,,,,6.679386604309082,,
103.51,98.16666666666667,,,,,,,,,6.690131233215332,,
103.52,98.16666666666667,,,,,,,,,6.768397834777833,,
103.54,98.16666666666667,,,,,,,,,6.850147102355956,,
103.56,98.16666666666667,,,,,,,,,6.885072639465332,,
103.57,98.16666666666667,,,,,,,,,6.933983772277832,,
103.58,98.16666666666667,,,0.0029089813232421875,,,,,,6.983290412902832,,
103.59,98.22222222222223,,,,,,,,,7.026049201965331,,
103.6,98.22222222222223,,,,,,0.01974758529663086,,,7.087550666809082,,
103.61,98.27777777777777,,,,,,,,,7.109896858215333,,
103.62,98.27777777777777,,,,,,0.014018146514892577,,,7.1554242019653325,,
103.63,98.33333333333333,,,,0.01866964340209961,,,,,7.210476692199707,,
103.64,98.38888888888889,,,,,,,,,7.263222053527832,,
103.65,98.38888888888889,,,,,,,,,7.287424934387207,,
103.66,98.38888888888889,,,,,,,,,7.344773567199707,,
103.67,98.38888888888889,,,,,,,,,7.402781379699706,,
103.69,98.38888888888889,,,,,,,,,7.456570442199707,,
103.7,98.38888888888889,,,,,,,,,7.506206672668457,,
103.71,98.38888888888889,,,,,4.891193500518798,,,,7.580518196105956,,
103.72,98.44444444444444,,,,,,,,,7.614916389465332,,
103.73,98.44444444444444,,,,,,,,,7.647556770324707,,
103.74,98.44444444444444,,,,,,,,,7.700302131652832,,
103.75,98.44444444444444,,,,,,,,,7.776118782043458,,
103.76,98.44444444444444,,,,,,,,,7.792828987121582,,
103.77,98.44444444444444,,,,,,,,,7.876533821105958,,
103.78,98.44444444444444,,,,,,,,,7.928092658996581,,
103.79,98.44444444444444,,0.02027923583984375,,,,,,,7.983123176574707,,
103.82,98.5,,,,0.01292007064819336,,,,,8.094293830871582,,
103.83,98.55555555555556,,,,,,,,,8.095864875793456,,
103.84,98.55555555555556,,,,,,,,,8.157146614074708,,
103.85,98.55555555555556,,,,,,,,,8.18989685821533,,
103.86,98.55555555555556,,,,,,,,,8.229271858215332,,
103.87,98.55555555555556,,,,,,,,,8.296090705871583,,
103.88,98.55555555555556,,,,,,,,,8.312745979309081,,
103.89,98.55555555555556,,,,,4.885451366424561,,,,8.374631965637207,,
103.9,98.61111111111111,,,,,,,,,8.393319709777831,,
103.91,98.61111111111111,,,,,,,,,8.456260383605956,,
103.92,98.61111111111111,,,,,,,,,8.488197639465332,,
103.93,98.61111111111111,,,,,,,,,8.571023567199706,,
103.94,98.61111111111111,,,,,,,,,8.609893196105958,,
103.95,98.61111111111111,,,,,,,,,8.611156623840333,,
103.96,98.61111111111111,,,,,,,,,8.707429817199706,,
103.97,98.61111111111111,,,,,,,,,8.737103889465333,,
103.98,98.61111111111111,,,,0.007180942535400391,,,,,,,
105.31,98.66666666666667,,,,,,,,,9.627304084777833,,
105.32,98.72222222222223,,0.0029089813232421875,,0.001455047607421875,4.8740472488403315,0.002545497894287109,,,,,
105.33,99.22222222222223,,,,,,,,4.718973358154297,,,
105.34,99.22222222222223,,,,,,,,4.725642059326172,,,
105.35,99.22222222222223,,,,,,,,4.738869598388671,,,
105.36,99.22222222222223,,,,,,,,4.828550994873047,,,
105.37,99.22222222222223,,,,,,,,4.842712371826171,,,
105.38,99.22222222222223,,,,,,,,4.872628143310547,,,
105.39,99.22222222222223,,,,,,,,4.980601776123047,,,
105.4,99.22222222222223,,,,,,,,4.994016082763672,,,
105.41,99.22222222222223,,,,,,,,5.027304656982421,,,
105.42,99.22222222222223,,,,,,,,5.056440399169921,,,
105.43,99.22222222222223,,,,,,,,5.127906463623047,,,
105.44,99.22222222222223,,,,,,,,5.176378143310547,,,
105.45,99.22222222222223,,,,,,,,5.2122155456542965,,,
105.46,99.22222222222223,,,,,,,,5.228629119873047,,,
105.47,99.22222222222223,,,,,,,,5.290822723388672,,,
105.48,99.22222222222223,,,,,,,,5.3526098327636715,,,
105.49,99.22222222222223,,,,,,,,5.4061462097167965,,,
105.5,99.27777777777777,,,,,,,,5.460034149169922,,,
105.51,99.27777777777777,,,,,,,,5.550814178466797,,,
105.52,99.27777777777777,,,,,,,,5.566480682373047,,,
105.53,99.27777777777777,,,,,,,,5.5992528991699215,,,
105.54,99.27777777777777,,,,,,,,5.629366424560547,,,
105.56,99.27777777777777,,,,,,,,5.679343231201172,,,
105.57,99.27777777777777,,,,,,,,5.7596752624511725,,,
105.58,99.27777777777777,,,,,,,,5.793502166748047,,,
105.59,99.27777777777777,,,,,,,,5.822330291748047,,,
105.6,99.27777777777777,,,,,,,,5.870977752685547,,,
105.61,99.27777777777777,,,,,,,,5.923887908935547,,,
105.62,99.27777777777777,,,,,,,,5.972271697998047,,,
105.63,99.27777777777777,,,,,,,,6.034443328857422,,,
105.64,99.27777777777777,,,,,,,,6.083980682373047,,,
105.65,99.27777777777777,,,,,,,,6.0972082214355465,,,
105.66,99.27777777777777,,,,,,,,6.142537811279297,,,
105.67,99.27777777777777,,,,,,,,6.196096160888672,,,
105.68,99.27777777777777,,,,,,,,6.2641784362792965,,,
105.69,99.27777777777777,,,,,,,,6.309551971435547,,,
105.7,99.27777777777777,,,,,,,,6.337940643310547,,,
105.71,99.27777777777777,,,,,,,,6.380238006591797,,,
105.72,99.27777777777777,,,,,,,,6.4284679870605475,,,
105.73,99.27777777777777,,,,,,,,6.465349090576172,,,
105.74,99.27777777777777,,,,,,,,6.499824188232421,,,
105.75,99.27777777777777,,,,,,,,6.613005340576173,,,
105.76,99.27777777777777,,,,,,,,6.6794836120605465,,,
105.77,99.27777777777777,,,,,,,,6.719385955810547,,,
105.78,99.27777777777777,,,,,,,,6.751762664794922,,,
105.79,99.27777777777777,,,,,,,,6.801212127685546,,,
105.81,99.27777777777777,,,,,,,,6.834566619873046,,,
105.82,99.27777777777777,,,,,,,,6.898078582763671,,,
105.83,99.27777777777777,,,,,,,,6.953438690185547,,,
105.84,99.27777777777777,,,,,,,,6.983409393310547,,,
105.86,99.27777777777777,,,,,,,,7.066301239013671,,,
105.87,99.27777777777777,,,,,,,,7.126429412841796,,,
105.88,99.27777777777777,,,,,,,,7.144370086669922,,,
106.96,99.27777777777777,,,,,,,,9.462133758544923,,,
107.12,99.3888888888889,,,,,4.87936177444458,,,,,,
107.13,99.44444444444444,,,,,4.88775532913208,,,,,,
107.14,99.44444444444444,,,,,4.94207173538208,,,,,,
107.15,99.44444444444444,,,,,5.00750630569458,,,,,,
107.16,99.44444444444444,,,,,5.039201862335205,,,,,,
107.17,99.44444444444444,,,,,5.07179829788208,,,,,,
107.18,99.44444444444444,,,,,5.140100299835205,,,,,,
107.19,99.44444444444444,,,,,5.156953327178955,,,,,,
107.2,99.44444444444444,,,,,5.2392189521789545,,,,,,
107.21,99.44444444444444,,,,,5.255390827178955,,,,,,
107.22,99.44444444444444,,,,,5.2991603584289555,,,,,,
107.23,99.44444444444444,,,,,5.38090962600708,,,,,,
107.24,99.44444444444444,,,,,5.41096821975708,,,,,,
107.25,99.44444444444444,,,,,5.491157428741455,,,,,,
107.26,99.44444444444444,,,,,5.52953267288208,,,,,,
107.27,99.44444444444444,,,,,5.587716266632079,,,,,,
107.28,99.44444444444444,,,,,5.6004823799133305,,,,,,
107.29,99.44444444444444,,,,,5.65014058303833,,,,,,
107.31,99.44444444444444,,,,,5.728945514678955,,,,,,
107.33,99.44444444444444,,,,,5.776845905303955,,,,,,
107.34,99.44444444444444,,,,,5.872196247100829,,,,,,
107.35,99.44444444444444,,,,,5.910593463897705,,,,,,
107.37,99.44444444444444,,,,,5.951572467803955,,,,,,
107.38,99.44444444444444,,,,,6.05303120803833,,,,,,
107.39,99.44444444444444,,,,,6.08772603225708,,,,,,
107.4,99.44444444444444,,,,,6.101667682647705,,,,,,
107.41,99.44444444444444,,,,,6.16702534866333,,,,,,
107.42,99.44444444444444,,,,,6.21318989944458,,,,,,
107.43,99.44444444444444,,,,,6.25702534866333,,,,,,
107.44,99.44444444444444,,,,,6.27025288772583,,,,,,
107.45,99.44444444444444,,,,,6.34825581741333,,,,,,
107.46,99.44444444444444,,,,,6.381006061553955,,,,,,
107.47,99.44444444444444,,,,,6.43550923538208,,,,,,
107.48,99.44444444444444,,,,,6.4803993721008295,,,,,,
107.49,99.44444444444444,,,,,6.525652057647704,,,,,,
107.5,99.44444444444444,,,,,6.597458698272705,,,,,,
107.51,99.44444444444444,,,,,6.660278522491455,,,,,,
107.52,99.44444444444444,,,,,6.726174518585205,,,,,,
107.53,99.44444444444444,,,,,6.755551959991456,,,,,,
107.54,99.44444444444444,,,,,6.77054829788208,,,,,,
107.56,99.44444444444444,,,,,6.84918843460083,,,,,,
107.57,99.44444444444444,,,,,6.87911519241333,,,,,,
107.58,99.44444444444444,,,,,6.913678180694579,,,,,,
107.59,99.44444444444444,,,,,6.9630177803039555,,,,,,
107.6,99.44444444444444,,,,,7.012796833038331,,,,,,
107.61,99.44444444444444,,,,,7.08473530960083,,,,,,
107.62,99.44444444444444,,,,,7.08996480178833,,,,,,
107.63,99.44444444444444,,,,,7.1618044013977045,,,,,,
107.64,99.44444444444444,,,,,7.19714741897583,,,,,,
107.65,99.44444444444444,,,,,7.25295796585083,,,,,,
107.66,99.44444444444444,,,,,7.28519185256958,,,,,,
107.67,99.44444444444444,,,,,7.3170302314758295,,,,,,
107.68,99.44444444444444,,,,,7.355317584991456,,,,,,
107.69,99.44444444444444,,,,,7.432859088897705,,,,,,
107.7,99.44444444444444,,,,,7.449646198272705,,,,,,
107.71,99.44444444444444,,,,,7.53368062210083,,,,,,
107.72,99.44444444444444,,,,,7.55244527053833,,,,,,
107.73,99.44444444444444,,,,,7.5834706611633305,,,,,,
107.74,99.44444444444444,,,,,7.63741353225708,,,,,,
107.75,99.44444444444444,,,,,7.71407612991333,,,,,,
107.76,99.44444444444444,,,,,7.7762587471008295,,,,,,
107.77,99.44444444444444,,,,,7.824411823272705,,,,,,
107.78,99.44444444444444,,,,,7.8529543037414555,,,,,,
107.79,99.44444444444444,,,,,7.92734273147583,,,,,,
107.81,99.44444444444444,,,,,7.93345112991333,,,,,,
107.82,99.44444444444444,,,,,8.000412799835205,,,,,,
107.83,99.44444444444444,,,,,8.054707233428955,,,,,,
107.84,99.44444444444444,,,,,8.09246724319458,,,,,,
107.85,99.44444444444444,,,,,8.13865376663208,,,,,,
107.86,99.44444444444444,,,,,8.15941792678833,,,,,,
107.87,99.44444444444444,,,,,8.254229938507079,,,,,,
107.88,99.44444444444444,,,,,8.27800435256958,,,,,,
107.89,99.44444444444444,,,,,8.27932271194458,,,,,,
107.9,99.44444444444444,,,,,8.378188678741456,,,,,,
107.91,99.44444444444444,,,,,8.41331196975708,,,,,,
107.92,99.44444444444444,,,,,8.44093159866333,,,,,,
107.93,99.44444444444444,,,,,8.505915729522705,,,,,,
107.94,99.44444444444444,,,,,8.529580280303955,,,,,,
107.95,99.44444444444444,,,,,8.60893452835083,,,,,,
107.96,99.44444444444444,,,,,8.651682331085205,,,,,,
107.97,99.44444444444444,,,,,8.664909870147705,,,,,,
107.98,99.44444444444444,,,,,8.714370319366454,,,,,,
107.99,99.44444444444444,,,,,8.765874225616454,,,,,,
108.0,99.44444444444444,,,,,8.856830036163329,,,,,,
108.01,99.44444444444444,,,,,8.88658101272583,,,,,,
108.02,99.44444444444444,,,,,8.968242389678956,,,,,,
108.03,99.44444444444444,,,,,8.974153034210206,,,,,,
108.04,99.44444444444444,,,,,9.03243550491333,,,,,,
108.06,99.44444444444444,,,,,9.081006061553955,,,,,,
108.07,99.44444444444444,,,,,9.14023335647583,,,,,,
108.08,99.44444444444444,,,,,9.15869038772583,,,,,,
108.09,99.44444444444444,,,,,9.18747456741333,,,,,,
108.1,99.44444444444444,,,,,9.252986042022705,,,,,,
108.11,99.44444444444444,,,,,9.31054341506958,,,,,,
108.12,99.44444444444444,,,,,9.36318989944458,,,,,,
108.13,99.44444444444444,,,,,9.384096881866455,,,,,,
108.14,99.44444444444444,,,,,9.45059712600708,,,,,,
108.15,99.44444444444444,,,,,9.48641255569458,,,,,,
108.16,99.44444444444444,,,,,9.518525592803954,,,,,,
108.17,99.44444444444444,,,,,9.600329792022706,,,,,,
108.18,99.44444444444444,,,,,9.63338765335083,,,,,,
120.75,99.44444444444444,,,,0.0027096595764160157,,,,,,,
121.61,99.5,,,,,,,,,9.627349826812743,,
121.86,99.6111111111111,,,,,,,,9.463020709991456,,,
122.5,99.66666666666667,,,,,9.633801055908203,,,,,,
127.33,99.72222222222223,,,,5.540939640045166,,,,,,,
127.57,99.77777777777777,,,,,,,,,9.627717487335206,,
128.82,99.77777777777777,,,,0.0,,,,,,,
136.54,99.83333333333333,,,,,,,0.0,,,,
144.53,99.8888888888889,,,,,,,5.53822998046875,,,,
144.75,99.94444444444444,,,,,,,,9.463388370513917,,,
148.36,100.0,,,,,,,,,,0.0,
148.37,100.0,,0.0,,,,0.0,0.0,,,0.0,
148.38,100.0,,,0.0,,0.0,0.0,,,,,
148.39,100.0,0.0,,0.0,,,,,,0.0,,0.0
148.4,100.0,,,,,,,,0.0,0.0,,
148.41,100.0,,,,,,,,0.0,,,
