time,workflow_completion_percentage,10.32.89.61:39268:1,10.32.89.7:52128:1,10.32.90.219:50618:1,10.32.90.243:42632:1,10.32.93.116:59184:1,10.32.93.120:44742:1,10.32.93.196:35480:1,10.32.93.196:59804:1,10.32.93.198:52202:1,10.32.93.220:48980:1,10.32.93.222:46558:1
2.9,0.0,,,,313.62168979644775,,,,13.758625030517578,,,
2.91,0.0,,,,,,,,0.0,,,
3.62,0.05555555555555555,,,15.308826446533203,,,,,13.74687671661377,17.327970504760742,17.271647453308105,15.862796783447266
3.64,0.2777777777777778,0.0,0.0,16.74424457550049,,0.0,0.0,,16.596617698669434,,,17.310415267944336
3.91,0.2777777777777778,16.736103057861328,17.3364839553833,16.740437507629395,,16.97038745880127,17.014108657836914,,16.59602451324463,,,
3.96,0.3888888888888889,,,16.753289222717285,,,,,,,,
4.13,0.4444444444444444,,,,,,,,16.318788528442383,,,
4.22,0.5,,,,,,17.01168918609619,,,,,
4.28,0.5555555555555556,,,,,,,,,,15.836013793945312,
4.4,0.6111111111111112,,,15.318958282470703,,,,,,15.899005889892578,17.279367446899414,
4.41,0.7222222222222222,,,16.748330116271973,,,,,,17.329874992370605,,
4.47,0.7222222222222222,,,,,,17.029683113098145,,,,,
4.58,0.7777777777777778,,,,,15.547624588012695,,,,,,
4.61,0.8333333333333334,,,,,16.982739448547363,,,,,,
4.62,0.8333333333333334,,,,,,,,16.32129192352295,,,
4.76,0.8888888888888888,,,,,,15.601820945739746,,,,,15.87643051147461
4.78,1.0,,,,,,17.034674644470215,,,,,17.30544376373291
4.95,1.0,,,,,,,,,,15.841864585876465,
5.0,1.0555555555555556,,,,,,,,,,17.276637077331543,
5.13,1.0555555555555556,,,,,,,,,,15.850363731384277,
5.17,1.1111111111111112,15.308830261230469,,,,,,,,15.893978118896484,15.858674049377441,
5.25,1.277777777777778,16.736042022705078,,,,,,,,17.3160400390625,15.866498947143555,
5.26,1.3333333333333333,,,,0.0,,,,,,17.291749954223633,
5.47,1.3888888888888888,,,,15.56806468963623,,,,,15.883182525634766,,
5.48,1.4444444444444444,,,,17.022850036621094,,,,,17.30960750579834,,
5.5,1.5,,,15.307522773742676,,,,,,,,
5.61,1.5,,,16.736672401428223,,,,,,,,
5.66,1.5,,,15.312236785888672,,,,,,,,
5.67,1.5555555555555556,,,16.49130153656006,,,,,,,,
5.71,1.5555555555555556,,,,,,,,,15.887545585632324,,
5.73,1.6111111111111112,,,,,,,,,17.315741539001465,,
5.92,1.6111111111111112,,,,15.584321022033691,,15.61043643951416,,,,,
5.96,1.7222222222222223,,,,16.745341300964355,,17.043476104736328,,,,,
5.99,1.7222222222222223,,,,,16.711602210998535,,,,,,
6.01,1.7777777777777777,,,,,,,,,,15.856039047241211,
6.03,1.8333333333333333,,,,,,,,,,17.34639263153076,
6.5,1.8333333333333333,,,,,,,,14.895941734313965,,,
6.51,1.8888888888888888,,,,,,,,16.5803804397583,,,
6.52,1.9444444444444444,,,,,,,,16.850808143615723,,,
6.58,2.0,,,,,,15.604083061218262,,,,,
6.59,2.055555555555556,,,,,,17.041708946228027,,,,,
6.62,2.055555555555556,,,,,,,,,,15.911620140075684,
6.63,2.111111111111111,,,,,,,,,,17.34232234954834,
6.68,2.111111111111111,,,,,,,,15.428669929504395,,,
6.69,2.166666666666667,,,,,,,,16.86262798309326,,15.9205961227417,
6.7,2.2222222222222223,,,,,,,,,,17.339442253112793,
6.77,2.2222222222222223,,,,,,,,15.4374418258667,,,
6.82,2.2777777777777777,,,,,,,,16.598952293395996,,,
6.91,2.2777777777777777,,,,,,,,15.181446075439453,,,
6.93,2.3333333333333335,,,,,,,,15.182010650634766,,,
6.95,2.388888888888889,,,,,,,,16.352130889892578,,,
7.07,2.388888888888889,,,,,,,,,15.877065658569336,,
7.08,2.4444444444444446,,,,,,,,,17.310086250305176,,
7.11,2.4444444444444446,,,14.1575345993042,,,,,,,,
7.14,2.555555555555556,,,17.030282020568848,,,,,,,,
7.28,2.555555555555556,,,,,,,,14.925924301147461,,,
7.31,2.611111111111111,,,,,,,,16.36601734161377,,,
7.32,2.611111111111111,,,,,,,,14.944205284118652,,,
7.41,2.6666666666666665,,,15.607380867004395,,,,,13.254822731018066,,,
7.47,2.833333333333333,,,17.047371864318848,,,,,16.114802360534668,,,15.8737211227417
7.48,2.888888888888889,,,,,,,,14.6808443069458,,,15.878846168518066
7.49,3.0,,,,16.75186061859131,,,,16.111726760864258,,,17.301332473754883
7.5,3.0555555555555554,,,,,,,,,,,15.856069564819336
7.53,3.111111111111111,,,,,,,,,,15.90492057800293,12.734162330627441
7.6,3.3333333333333335,,,,,,,,14.951738357543945,,15.903446197509766,11.29267406463623
7.63,3.6666666666666665,,,,,,,,16.384703636169434,,17.33784294128418,17.019991874694824
7.69,3.6666666666666665,,,,,,,,,,15.897862434387207,
7.7,3.722222222222222,,,,,,,,,,17.350400924682617,
7.75,3.7777777777777777,,,,,,,,,15.88448715209961,17.349218368530273,
7.76,3.833333333333333,,,,16.759164810180664,,,,,17.305970191955566,14.48013687133789,
7.79,4.0,,,,,,,,,15.857123374938965,17.34685230255127,
7.86,4.055555555555555,,,,,,,,,14.401041984558105,,
7.88,4.166666666666666,,,,,,,,14.956297874450684,14.383882522583008,,
7.89,4.333333333333334,,,,,,,,16.13538360595703,17.26598834991455,,
7.9,4.333333333333334,,,,,,,,,14.396764755249023,,15.597505569458008
8.04,4.5,,,14.175905227661133,,,,,,17.253050804138184,,15.59128189086914
8.06,4.666666666666667,,,16.763962745666504,,,15.880277633666992,,,,,17.028675079345703
8.07,4.722222222222222,,,,,,17.317251205444336,,,,,
8.08,4.722222222222222,,,16.50411605834961,,,,,,,,
8.16,4.777777777777778,,,,,,,,14.708829879760742,,,
8.17,4.833333333333333,,,15.074727058410645,,,,,16.143611907958984,,,
8.18,4.888888888888889,,,15.069695472717285,,,,,,,,
8.19,4.944444444444445,,,16.489808082580566,,,,,,,,
8.21,4.944444444444445,,,,,15.549470901489258,,,,,,
8.22,5.0,,,,,16.980844497680664,,,,,,
8.26,5.0,,,,,,,,,15.832620620727539,,
8.27,5.055555555555555,,,,,,,,,17.262386322021484,,17.024476051330566
8.32,5.111111111111112,,,,,,,,,,,15.592731475830078
8.34,5.166666666666667,,,,,,,,,,,17.025022506713867
8.74,5.166666666666667,,,,,,,,,,15.903498649597168,
8.75,5.222222222222222,,,,,,,,,,17.3422908782959,
8.76,5.222222222222222,,,,,,,,,15.831517219543457,,
8.78,5.277777777777778,,,15.054389953613281,,,,,,17.267343521118164,,
8.79,5.333333333333333,,,15.044271469116211,,,,,,,,
8.81,5.388888888888889,,,16.46300983428955,,,,,,,,
8.83,5.388888888888889,,,,,,,,,,15.91703987121582,
8.84,5.444444444444444,,,,,,,,,,17.07721710205078,
8.88,5.444444444444444,,,,,,,,14.712038040161133,,,
8.89,5.5,,,,,,,,15.86103630065918,,,
8.92,5.5,,,,,,,,14.424872398376465,,,
8.94,5.555555555555555,,,,,,,,16.004324913024902,,,
9.0,5.611111111111111,,,,,,17.144524574279785,,,,,
9.02,5.611111111111111,,,,,,15.715520858764648,,,,,
9.04,5.666666666666666,,,15.03221321105957,,,15.795766830444336,,,,,
9.06,5.777777777777778,,,16.600915908813477,,,17.28329849243164,,,,,
9.07,5.777777777777778,,,15.17248249053955,,,,,,,,
9.09,5.833333333333333,,,16.65048599243164,,,,,,15.837577819824219,,
9.11,5.888888888888888,,,,,,,,,17.394777297973633,,
9.12,5.888888888888888,,,,,,15.85026741027832,,,,,
9.16,5.944444444444445,,,,,15.56596565246582,13.008966445922852,,,,,
9.23,6.166666666666667,,,,,11.418216705322266,17.413752555847168,,,,,15.596009254455566
9.25,6.5,17.176365852355957,,,,16.960525512695312,,,,,,17.133119583129883
9.28,6.5,,,,,16.734124183654785,,,,,,
9.29,6.555555555555556,16.01334571838379,,,,,,,,,,
9.31,6.611111111111111,17.50240993499756,,,,13.874713897705078,,,,,,
9.32,6.722222222222222,,,,,16.5015869140625,,,,,,
9.35,6.722222222222222,,,,,15.077258110046387,,,,15.958950996398926,,
9.36,6.833333333333333,,,,,16.56709861755371,,,,17.43804931640625,,
9.45,6.833333333333333,,,,,,15.9808988571167,,,,,
9.46,6.888888888888889,,,,,,17.48710536956787,,,,15.641098976135254,
9.47,6.944444444444445,,,,,,,,,,17.2218656539917,
9.5,7.000000000000001,,,16.708361625671387,,,,,,,,
9.51,7.000000000000001,,,,,,17.53585720062256,,,,,
9.53,7.055555555555555,,,,15.595805168151855,,,,,,,
9.54,7.111111111111111,,,,16.828232765197754,,,,,,,
9.71,7.111111111111111,,,,15.66721248626709,,,,,,,
9.72,7.166666666666667,,,,17.147663116455078,,,,,,,
9.73,7.166666666666667,,,,,,,,,17.458423614501953,,
9.75,7.222222222222221,,,17.016958236694336,,,,,,,,
9.96,7.277777777777778,,,,,15.131983757019043,,,,,,
9.97,7.333333333333333,,,,,16.627351760864258,,,,,,
9.99,7.333333333333333,,,,,15.201138496398926,,,,,,
10.0,7.444444444444444,16.0593318939209,,,,16.650535583496094,,,,,,
10.02,7.444444444444444,17.50960063934326,,,,,,,,,,
10.06,7.444444444444444,,,,,,,,,16.030227661132812,,
10.07,7.5,,,,,,,,,17.484366416931152,,
10.13,7.5,,,,,,,,,,17.02554702758789,
10.15,7.555555555555555,,17.493240356445312,,,,,,,,,
10.18,7.611111111111112,,16.007509231567383,,,,,,,,,
10.19,7.666666666666666,,17.485713958740234,,,,,,,,,
10.23,7.666666666666666,,17.54642677307129,,,,,,,,,
10.25,7.833333333333334,,17.652880668640137,,,16.677687644958496,,,,,,
10.26,7.833333333333334,,,,,,,,16.01585292816162,,,
10.28,7.888888888888888,,,,,,,,,,15.58675479888916,
10.31,7.944444444444445,,16.21370029449463,,,,,,,,17.078445434570312,
10.32,8.0,,16.315232276916504,,,,,,,,,
10.33,8.11111111111111,,17.852338790893555,,,,,,,,,
10.34,8.166666666666666,17.544045448303223,,,,,,,,,,
10.35,8.222222222222223,,16.421767234802246,,,17.00665283203125,,,,,17.04623031616211,
10.38,8.38888888888889,,16.46968650817871,,,,,,,,,
10.39,8.5,16.110822677612305,17.917920112609863,,,,,,,,,
10.4,8.555555555555555,17.3523588180542,,,,,,,,,,
10.41,8.61111111111111,,,,,,,,14.845732688903809,,,
10.42,8.666666666666668,15.896733283996582,,,15.712499618530273,,,,16.38307285308838,,,
10.43,8.777777777777777,17.34728717803955,,,15.799346923828125,,,,,,,
10.44,8.88888888888889,,,,17.295866012573242,,,,,,,
10.46,8.88888888888889,14.481182098388672,,,17.35793399810791,,,,,,,
10.47,9.055555555555555,17.41740894317627,,,,,,,,,,
10.5,9.055555555555555,,,,17.42752456665039,,,,,,,
10.51,9.11111111111111,,,,15.97597599029541,,,,,,,
10.52,9.166666666666666,,,,17.180341720581055,,,,,,,
10.53,9.166666666666666,15.983850479125977,,,,,,,,,,
10.54,9.222222222222221,17.468996047973633,16.478490829467773,,17.204086303710938,,,,,,,
10.56,9.333333333333334,,17.92625617980957,,15.775012969970703,,,,,,,
10.57,9.388888888888888,,,,17.227011680603027,,,,,,,
10.6,9.388888888888888,,,15.587808609008789,,,,,,,,
10.61,9.444444444444445,,,17.06996250152588,,,,,,,,
10.65,9.444444444444445,,,,,,,,14.894491195678711,,,
10.66,9.5,,,,,,,,16.37692642211914,,,
10.68,9.5,16.036381721496582,,,,,,,,,,
10.69,9.555555555555555,17.53118133544922,,,,,,,,,,
10.78,9.555555555555555,,,,,,,,16.43515968322754,,,
10.86,9.61111111111111,,,,,,,,15.0079345703125,,17.08290195465088,
10.88,9.722222222222223,,,,,,,,16.49508571624756,,,
10.89,9.722222222222223,,,,,,,,15.324458122253418,,,
10.9,9.777777777777779,,,,,,,,16.799196243286133,,,
10.92,9.777777777777779,,,,15.737465858459473,,,,,,,
10.93,9.833333333333332,,,,17.17820644378662,,,,,,,
11.01,9.833333333333332,,17.914402961730957,,,,,,,,,
11.03,9.88888888888889,16.03793716430664,,,,,,,,,,
11.11,9.944444444444445,17.517592430114746,,,,,,,,,,15.957035064697266
11.16,10.0,,,,,,,,,,,17.401945114135742
11.19,10.0,,,,,,,,,,15.593006134033203,
11.22,10.055555555555555,,,,,15.555856704711914,,,,,17.029685974121094,
11.24,10.11111111111111,,,,,17.002424240112305,,,,,,
11.33,10.11111111111111,,,,15.685327529907227,,,,,,,
11.34,10.166666666666666,,,,17.175703048706055,,,,,,,
11.36,10.166666666666666,,,,,,16.10281753540039,,,,,
11.37,10.222222222222223,,,,,,17.583054542541504,,15.620110511779785,,,
11.38,10.277777777777777,,,,,,,,17.090004920959473,,,
11.41,10.277777777777777,,,,15.728645324707031,,,,,,15.602052688598633,
11.44,10.38888888888889,,,,17.180500030517578,,,,,,17.043392181396484,
11.46,10.38888888888889,,,,,,,,,16.051345825195312,,
11.47,10.38888888888889,,,,,,,,,17.537636756896973,,
11.5,10.5,,,,,,,,,,15.604310035705566,
11.53,10.5,,,,,,,,,16.116153717041016,16.81857967376709,
11.59,10.555555555555555,,,,,,,,,17.568044662475586,,
11.65,10.555555555555555,,,,,,,,17.100200653076172,,,
11.79,10.61111111111111,,,,,,,,,,,15.96735954284668
11.82,10.666666666666666,,,,,,,,,,,17.424182891845703
11.85,10.666666666666666,,,,,,,,,,15.392219543457031,
11.86,10.722222222222221,,,,,,,,,,16.836318016052246,
11.88,10.722222222222221,16.090380668640137,,,,,,,,,,
11.92,10.777777777777779,,,,,,16.14542865753174,,15.669318199157715,,12.491244316101074,14.56964111328125
11.94,11.166666666666666,17.572392463684082,,,15.728501319885254,,17.593778610229492,,17.15522003173828,,16.55492877960205,16.112308502197266
11.95,11.277777777777779,,,,17.17642116546631,,,,,,,17.60896873474121
11.97,11.277777777777779,,,,,,,,,,,16.1743745803833
11.98,11.333333333333332,,,,,,,,15.722254753112793,,,17.60417938232422
11.99,11.38888888888889,17.57399272918701,,,,,,,17.1615629196167,,,
12.0,11.444444444444445,,,,,,,,,,,17.619778633117676
12.09,11.5,,,,,,,,,,15.123861312866211,
12.1,11.555555555555555,,,,,,,,,,16.571744918823242,
12.13,11.555555555555555,,,,,,,,,16.14049243927002,,
12.15,11.61111111111111,,,15.89365005493164,,,,,,17.572412490844727,,
12.16,11.666666666666666,,,17.375000953674316,,,,,,,,
12.18,11.666666666666666,,,17.643832206726074,,,,,,,,
12.19,11.722222222222223,,,,,,,,,17.60359764099121,,
12.2,11.777777777777777,,,16.21239185333252,,,,,,,,
12.21,11.833333333333334,,,17.711297035217285,,,,,,,,
12.23,11.833333333333334,,,,,,,,,16.16806411743164,,
12.24,11.88888888888889,,,,,,,,,17.653658866882324,,
12.25,11.88888888888889,,,,,17.046555519104004,,,,,,
12.27,11.944444444444445,,,,,,,,,16.227181434631348,,
12.29,12.0,,,16.291184425354004,,,,,15.675025939941406,17.72464656829834,,
12.31,12.11111111111111,,,17.779963493347168,,,,,17.171634674072266,,,
12.32,12.11111111111111,,,,,,,,,16.299001693725586,,
12.34,12.166666666666668,,,,,,,,,17.755681037902832,,17.676755905151367
12.38,12.222222222222221,,,,,,,,,,15.411567687988281,
12.39,12.277777777777779,,,,,,,,16.02263641357422,16.325039863586426,16.62583065032959,
12.43,12.38888888888889,,,,,,,,15.809560775756836,17.76573371887207,,16.239362716674805
12.44,12.5,,,,,,,,17.260303497314453,,,17.750520706176758
12.49,12.5,,,,,,,,,,,16.32071590423584
12.5,12.555555555555555,,,,,,,,,,,17.833633422851562
12.52,12.555555555555555,,,16.339972496032715,,,,,,,,
12.53,12.611111111111112,,,17.826910972595215,,,,,,,,16.402159690856934
12.57,12.666666666666668,,,,,,,,,,,17.88554286956787
12.58,12.666666666666668,,,,15.74606990814209,,,,,,,
12.59,12.722222222222221,,,,17.234768867492676,,,,,,,17.905122756958008
12.69,12.777777777777777,,,,,,,,,,,17.866650581359863
12.77,12.833333333333332,,,,15.80223560333252,,,,,,,
12.78,12.88888888888889,,,,17.251726150512695,,,,,,,
12.82,12.88888888888889,,,,,,,,17.29153347015381,,,
12.85,12.944444444444445,,,,,15.555623054504395,,,,,,
12.86,13.0,,,,,17.0366268157959,,,,,,
12.9,13.0,,16.466169357299805,,,,,,,,,
12.91,13.055555555555557,,17.903797149658203,,,,,,,,,
13.22,13.055555555555557,,,,,,,,17.30643653869629,,,
13.26,13.111111111111112,,,,,,,,17.336105346679688,,,
13.39,13.166666666666666,,,,,,17.5942325592041,,,,,
13.47,13.222222222222221,,,,,15.605253219604492,,,,,,16.40982723236084
13.48,13.333333333333334,,,,,17.093355178833008,,,,,,17.90044116973877
13.49,13.333333333333334,,,,,,16.157258987426758,,,,,
13.5,13.38888888888889,,,,,,17.605295181274414,,,,,
13.51,13.38888888888889,,,,,,,,,16.299405097961426,,
13.52,13.444444444444445,,,,,,,,,17.75543975830078,,
13.57,13.444444444444445,,,,,,,,,,16.675294876098633,
13.59,13.5,,,,,,,,,16.276341438293457,,
13.64,13.555555555555557,,,,,15.91994857788086,,,,17.711983680725098,15.452767372131348,16.454201698303223
13.67,13.722222222222221,,,,16.019298553466797,17.411100387573242,,,,,16.894885063171387,17.897244453430176
13.68,13.777777777777779,,,,17.56714630126953,,,,,,,
13.72,13.777777777777779,,,,,17.682372093200684,,,,,,
13.73,13.833333333333334,,,,,16.509992599487305,,,,,,
13.74,13.88888888888889,,,,,18.00290870666504,,,,,,
13.78,13.88888888888889,,,,,,,,16.163066864013672,,,
13.82,13.944444444444445,,,,,,,,17.654964447021484,,,
13.83,13.944444444444445,,,16.408172607421875,,,,,,,,
13.84,14.000000000000002,,,16.184639930725098,,,,,,,,
13.86,14.055555555555554,,,17.67573833465576,,,,,,,,
13.87,14.055555555555554,,,,,,17.61469268798828,,,,,
14.0,14.166666666666666,,,,,,,,17.63453769683838,,,
14.04,14.166666666666666,,,,,,,,,,,16.406630516052246
14.07,14.222222222222221,,,,,,,,,,,17.62248706817627
14.09,14.222222222222221,,,16.249646186828613,,,,,,,,
14.11,14.277777777777779,,,17.69631290435791,,,,,,,,
14.13,14.277777777777779,,,,,,,,,16.26518440246582,,
14.15,14.333333333333334,,,16.218481063842773,,,,,,17.474584579467773,,16.16429901123047
14.17,14.444444444444443,,,17.755839347839355,,,,,,,,17.637378692626953
14.33,14.499999999999998,,,,,,17.553236961364746,,,,,
14.38,14.555555555555555,,,,,,,,,17.508197784423828,,
14.39,14.61111111111111,,,,,,,,17.636752128601074,,,
14.45,14.666666666666666,,,,,,16.05805206298828,,,,,
14.53,14.722222222222223,,,16.26859188079834,,16.51220989227295,16.051756858825684,,,,,
14.56,14.888888888888888,,,17.773229598999023,,17.96867275238037,16.025578498840332,,,,,
14.57,14.944444444444443,,,,,16.47677993774414,17.484980583190918,,,,,
14.61,15.0,,,,16.362780570983887,17.95518970489502,16.000863075256348,,,,15.403194427490234,
14.62,15.166666666666668,,,,17.81776714324951,,17.452223777770996,,,,16.841588020324707,
14.65,15.166666666666668,,,,,,16.01437759399414,,,,,
14.66,15.222222222222223,,,,,,17.49516773223877,,,,,
14.69,15.222222222222223,,,,,,,,17.55159854888916,,,
14.71,15.277777777777779,,,,,16.500696182250977,,,,,,
14.72,15.333333333333332,,,,16.337316513061523,17.995640754699707,,,,,,
14.73,15.388888888888888,,,16.28213119506836,17.853407859802246,,,,,,,
14.74,15.444444444444445,,,17.492015838623047,,,,,,,,
14.85,15.444444444444445,,,,,,,,,,15.404908180236816,
14.87,15.5,,,,,16.505800247192383,,,16.07320213317871,,16.893924713134766,
14.88,15.611111111111112,,,17.494181632995605,,17.955023765563965,,,17.528446197509766,,,
14.9,15.666666666666668,,,,,,16.047131538391113,,,,,
14.92,15.722222222222223,,,,,,17.492475509643555,,,,,
14.93,15.722222222222223,,,,,,15.986268997192383,,,,,
14.94,15.777777777777777,,,,,,17.431570053100586,,,16.052163124084473,,
14.97,15.833333333333332,,,,,,,,16.046010971069336,17.49918842315674,,
14.98,15.88888888888889,,,,,,,,17.53738021850586,,,
15.0,15.88888888888889,,,,,,,,,,17.162654876708984,
15.09,15.944444444444445,,,,,17.941027641296387,,,,,,
15.12,16.0,,,,,,,,,,17.196861267089844,
15.15,16.055555555555557,17.533846855163574,,,,,,,,,,
15.17,16.11111111111111,,,,,,,,16.0502290725708,,,
15.18,16.166666666666664,,,,,,,,17.505470275878906,,,
15.19,16.166666666666664,,,,,,,,16.03073215484619,,,
15.22,16.22222222222222,,,,,,,,17.524014472961426,,,
15.4,16.22222222222222,,,,,,,,,,17.472527503967285,
15.44,16.27777777777778,,,16.00435447692871,,16.445659637451172,,,,,,
15.47,16.38888888888889,,,17.502229690551758,,17.93027400970459,,,,,,16.192468643188477
15.48,16.444444444444446,,,,,,,,,,,17.69024658203125
15.49,16.444444444444446,,,,,,,,,16.012374877929688,,
15.5,16.555555555555557,,,,,17.671862602233887,15.974925994873047,,,17.452033042907715,,
15.52,16.61111111111111,,,,,,17.429166793823242,,,,,
15.53,16.61111111111111,,,,14.878358840942383,,,,,,,
15.54,16.72222222222222,,,,17.84919834136963,,,,,,,
15.58,16.72222222222222,,,,,,,,16.05412006378174,,,
15.59,16.77777777777778,,,,,,,,17.53163433074951,,,
15.61,16.77777777777778,,,,16.349994659423828,,,,,,,
15.65,16.833333333333332,,,,17.844682693481445,14.66259479522705,,,,,,
15.68,16.944444444444446,,,,,17.600749969482422,,,17.564985275268555,,,
15.69,17.0,,,16.020075798034668,,,,,,,,
15.71,17.055555555555554,,,17.459012031555176,,,,,,,,
15.73,17.055555555555554,,,,,,,,16.07361602783203,,,
15.74,17.11111111111111,,,,,,,,17.559361457824707,,16.031188011169434,16.242287635803223
15.78,17.22222222222222,17.813651084899902,,,,,,,,,17.241100311279297,17.682271003723145
15.81,17.27777777777778,,,,,16.158283233642578,,,,,,
15.82,17.333333333333336,,,,,17.64003086090088,,,,,,
15.84,17.333333333333336,,,,,,,,,15.965742111206055,,
15.85,17.38888888888889,,,,,,,,,17.413774490356445,,
15.87,17.38888888888889,16.303651809692383,,,,,,,,,,
15.88,17.444444444444446,17.491010665893555,16.4165678024292,,,,,,,,,
15.93,17.5,,17.62269401550293,,,,,,,17.456295013427734,,
15.95,17.555555555555554,,,,,,,,16.337655067443848,,,
16.0,17.666666666666668,,,,,,,,,16.024374961853027,,
16.02,17.666666666666668,,,,,,15.9838228225708,,,,,
16.03,17.72222222222222,,,,,,14.538521766662598,,14.844372749328613,,,
16.04,17.833333333333336,,,,,,,,,,16.02683734893799,
16.07,17.888888888888886,,,,16.403942108154297,,,,,,,
16.1,17.944444444444443,,,,,,,,13.355777740478516,,,
16.13,18.0,,,,,,,,,,14.582738876342773,
16.22,18.055555555555554,,,,,,,,,,,16.1953706741333
16.23,18.11111111111111,,,,,,,,11.86987590789795,,,
16.27,18.166666666666668,,,,,,13.079119682312012,,,,,
16.33,18.22222222222222,,,,,,,,,,13.137701988220215,
16.34,18.27777777777778,,16.155109405517578,,14.913566589355469,,,,,,,14.70946216583252
16.35,18.444444444444443,,,15.96010684967041,,,,,,,,
16.39,18.5,,,,,,,,,14.567695617675781,,
16.46,18.555555555555557,,,,,16.158283233642578,,,,,,
16.47,18.61111111111111,,,,13.461711883544922,,,,,,,
16.48,18.666666666666668,,,,,,,,,,11.689818382263184,
16.6,18.722222222222225,,,,,,,,,13.082100868225098,,
16.64,18.777777777777775,,,,,,,,,11.584635734558105,,
16.67,18.833333333333332,,,,,,,,,10.136603355407715,,
16.69,18.88888888888889,,,,,,,,,,,13.198304176330566
16.7,18.944444444444443,16.04074192047119,,,,,,,,,,
16.71,19.0,,,,,,11.598882675170898,,,,,
16.73,19.055555555555557,,,,,,,,,,,11.699932098388672
16.74,19.11111111111111,,,,,,,,,8.69590950012207,,
16.77,19.166666666666668,,14.676904678344727,,,,,,,,,
16.81,19.22222222222222,,,,,,,,10.419133186340332,,,
16.84,19.27777777777778,,,,,,,,,,,10.18701457977295
16.88,19.333333333333332,,13.180574417114258,,,,,,,,,
16.89,19.38888888888889,14.584794998168945,11.647516250610352,,,,,,,,,
16.9,19.5,,10.154874801635742,,,,,,,,,
16.91,19.555555555555557,,8.667153358459473,,,,,,,,,
16.93,19.61111111111111,,7.18062686920166,,,,,,,,,
16.95,19.666666666666664,,,,,,,,,,,8.703631401062012
17.03,19.72222222222222,,5.725869178771973,,,,,,,,,7.251760482788086
17.06,19.833333333333332,,4.2735395431518555,,,,,,,,,
17.08,19.88888888888889,13.099649429321289,,,,,,,,,,
17.1,19.944444444444446,,,,12.013792037963867,,,,,,,
17.12,20.0,11.619002342224121,,14.478755950927734,,,,,,,,
17.19,20.11111111111111,10.176019668579102,,,,,,,,,,
17.21,20.166666666666664,8.725465774536133,,,,,,,,,,
17.28,20.22222222222222,,2.8257741928100586,,,,,,,,,
17.34,20.27777777777778,,,12.98997688293457,,,10.150532722473145,,,,,
17.35,20.38888888888889,,,,,,,,,7.486509323120117,,
17.43,20.444444444444446,7.230666160583496,,,,,,,,,,
17.45,20.5,5.748654365539551,,,,,,,,,,
17.47,20.555555555555554,,,11.492101669311523,,,,,,,,
17.5,20.61111111111111,,,,,,,,8.939175605773926,,,
17.56,20.666666666666668,,,,,,,,7.453734397888184,,,
17.58,20.72222222222222,,,,,,,,,,,5.778680801391602
17.59,20.77777777777778,,,10.005163192749023,,,,,,,,
17.62,20.833333333333336,,,,,,,,,,,4.562824249267578
17.68,20.88888888888889,4.299736022949219,,,,,,,,,,
17.75,21.0,,,,10.525093078613281,,,,,,,
17.86,21.0,,,,,,8.981461524963379,,,,,
17.89,21.055555555555554,,,,9.075602531433105,,,,,,,
17.9,21.11111111111111,,,,,,,,,,10.247700691223145,
17.93,21.166666666666668,,,,,,,,,,8.756214141845703,
17.96,21.22222222222222,,,8.797507286071777,,,,,,,,
18.0,21.333333333333332,,,,,,,,,6.050867080688477,,
18.04,21.333333333333332,,,,,,,,,,,3.119781494140625
18.2,21.38888888888889,,,,,,,,5.961836814880371,,,
18.22,21.444444444444443,,,,,14.677279472351074,,,,,,
18.36,21.5,,,,,,7.500225067138672,,,,,
18.51,21.555555555555557,2.8184804916381836,,,,,,,,,,
18.67,21.61111111111111,,,,,,,,,4.563115119934082,,
18.75,21.666666666666668,,,,7.527754783630371,,,,,,,
18.81,21.722222222222225,,,7.58762264251709,,,,,,,,
18.87,21.777777777777775,,,,,13.189177513122559,,,,,,
18.9,21.833333333333332,,,,,,,,,,7.3178205490112305,
19.0,21.88888888888889,,,,,,,,4.509650230407715,,,
19.03,21.944444444444443,,,,,11.71076774597168,,,,,,
19.11,22.0,,,,,10.231095314025879,,,,,,
19.18,22.055555555555557,,,6.140955924987793,,,,,,,,
19.2,22.11111111111111,,,4.631864547729492,,,,,,,,
19.21,22.166666666666668,,,,,,6.019434928894043,,,,,
19.24,22.22222222222222,,,,,,,,,,5.828804016113281,
19.25,22.27777777777778,,,3.125594139099121,,,,,,,,
19.28,22.333333333333332,,,,,,4.530513763427734,,,,4.345804214477539,
19.29,22.444444444444443,,,,,,,,,,3.135891914367676,
19.31,22.5,,,,,8.739943504333496,,,,,,
19.37,22.555555555555557,,,,,,,,,3.1160898208618164,,
19.47,22.61111111111111,,,,,,,,,,1.6343116760253906,
19.52,22.666666666666664,,1.3881464004516602,,,,,,3.0544090270996094,,,
19.64,22.77777777777778,,,1.6209564208984375,,,,,,,,
19.75,22.88888888888889,,,,4.556676864624023,,,,,,0.1820201873779297,
19.76,23.0,,,,,,,,,,1.4179821014404297,
19.77,23.0,,,,,,,,,1.676431655883789,3.5163707733154297,
19.78,23.055555555555557,,,,,,,,,,18.41108512878418,1.6220035552978516
19.79,23.11111111111111,,,,,,,,,,30.43562126159668,
19.81,23.11111111111111,,,,,,,,,,38.54902458190918,
19.82,23.11111111111111,,,,,,3.0876216888427734,,,,46.85743522644043,
19.83,23.166666666666664,,,,,,,,,,63.28199577331543,
19.84,23.166666666666664,,,,,7.548957824707031,,,,,78.73151969909668,
19.85,23.22222222222222,,,,,,,,,,82.70307731628418,
19.86,23.22222222222222,,,,,,,,,,98.37782096862793,
19.87,23.22222222222222,,,,,,,,,,106.34016227722168,
19.88,23.22222222222222,,,,,,,,,,124.04188346862793,
19.89,23.22222222222222,,,,,,,,1.576894760131836,,132.12507438659668,
19.9,23.27777777777778,,,,,,,,,,142.00727653503418,
19.91,23.27777777777778,,,,,,,,,,154.12794303894043,
19.92,23.27777777777778,,,,,,,,,,162.80988883972168,
19.93,23.27777777777778,,,,,,,,,,174.66963005065918,
19.94,23.27777777777778,,,,,,,,,,189.80879020690918,
19.95,23.27777777777778,,,,,,,,,,193.82154655456543,
19.96,23.27777777777778,,,,,,,,,,205.83234977722168,
19.97,23.27777777777778,,,,,,1.636260986328125,,,,219.18348503112793,
19.98,23.333333333333332,,,,,,,,,,233.29817008972168,
19.99,23.333333333333332,,,,,,,,,,237.48396110534668,
20.0,23.333333333333332,,,,,,,,,,269.40748405456543,
20.01,23.333333333333332,,,,,,,,0.09114933013916016,,,
23.23,23.38888888888889,,,,,,,,305.0557985305786,0.1820201873779297,1212.622205734253,
23.24,23.444444444444446,0.1820201873779297,0.1820201873779297,0.1820201873779297,0.09114933013916016,0.1820201873779297,0.1820201873779297,,,,,0.1820201873779297
25.31,24.27777777777778,,,,331.21002674102783,1141.2605113983154,,,,,,
25.32,24.27777777777778,,,,,1218.148328781128,,,0.09114933013916016,,,
25.92,24.444444444444443,12.88646411895752,17.50971221923828,17.47281837463379,,,16.909663200378418,,,13.218560218811035,,17.453389167785645
25.93,24.444444444444443,,,,,,,,13.837747573852539,17.520105361938477,,
25.94,24.61111111111111,17.177937507629395,,,,,,,16.692177772521973,,,
26.0,24.61111111111111,,,16.047146797180176,,,,,,,,
26.01,24.666666666666668,,,17.513665199279785,,,,,,,,
26.09,24.666666666666668,,,,,,15.487959861755371,,,,,
26.1,24.72222222222222,,,,,,16.91582202911377,,,,,
26.2,24.72222222222222,,,,,,,,15.265030860900879,,,
26.21,24.77777777777778,,,,,,,,16.42557716369629,,,
26.38,24.77777777777778,,,,,,15.487579345703125,,,,,
26.39,24.833333333333332,,,,,,16.921137809753418,,,,,
26.43,24.833333333333332,,,,,,,,,,,17.44502830505371
26.44,24.88888888888889,,,,,,15.493182182312012,,,,,
26.5,25.055555555555554,15.744746208190918,,,,,16.914684295654297,,15.004178047180176,,,
26.52,25.055555555555554,16.907766342163086,,,,,,,16.447256088256836,,,
26.53,25.055555555555554,,,,,,,,15.010031700134277,,,
26.54,25.11111111111111,,,,,,,,16.442090034484863,,,
26.74,25.11111111111111,,,17.511948585510254,,,,,,,,
26.97,25.166666666666664,,17.536373138427734,,,,,,,,,
27.0,25.222222222222225,,,,,,,,15.008429527282715,,,
27.01,25.27777777777778,,,,,,,,16.416837692260742,,,
27.1,25.27777777777778,,,,,,,,,,,17.441572189331055
27.11,25.333333333333336,,,,,,15.486822128295898,,,,,
27.12,25.38888888888889,,,,,,16.920044898986816,,,,,
27.26,25.38888888888889,,,,,,,,,,,16.021130561828613
27.27,25.5,,,,,,,,,,,17.45086669921875
27.28,25.5,,,,,,,,,,,17.448464393615723
27.38,25.555555555555554,,,,,,,,,,,16.020578384399414
27.39,25.61111111111111,,,16.077963829040527,,,,,,,,17.4553804397583
27.42,25.666666666666664,,,17.50492763519287,,,,,,,,
27.77,25.666666666666664,,,,0.09114933013916016,,,,,,,
27.93,25.722222222222225,,,,16.793803215026855,,,,,,,
28.22,25.722222222222225,,16.100476264953613,,,,,,,,,
28.23,25.77777777777778,,17.543829917907715,,,,,,,,,
28.47,25.77777777777778,,16.11097240447998,,,,,,,,,
28.48,25.833333333333336,,17.54034423828125,,,,,,,,,
28.5,25.833333333333336,,,,16.80190944671631,,,,,,,
28.65,25.88888888888889,15.483528137207031,,,,,,,,,,
28.67,25.944444444444443,16.922921180725098,,,,,,,,,,
28.88,25.944444444444443,,,,,,,,,16.09796714782715,,
28.89,26.0,,,,,,,,,17.533082008361816,,
28.9,26.0,,,,,,,,15.266280174255371,,,
28.91,26.111111111111114,,,,,,,,15.542336463928223,,,
28.92,26.166666666666664,,,,,,,,16.971349716186523,,,
28.96,26.166666666666664,,,,,,,,,,,16.022275924682617
29.0,26.222222222222225,,,,,,,,,,,16.035322189331055
29.01,26.27777777777778,,,,,,,,,,,17.471440315246582
29.11,26.27777777777778,,,,,,,,,16.10547924041748,,
29.13,26.333333333333332,,,,,,,,,17.541190147399902,,
29.21,26.333333333333332,,,,,,,,16.97337532043457,,,
29.45,26.38888888888889,,,,15.361102104187012,,,,,,,
29.46,26.444444444444443,,,,16.783164024353027,,,,,,,
29.66,26.444444444444443,,,,15.358728408813477,,,,,,,
29.71,26.5,,,,16.783979415893555,,,,14.125356674194336,,,
29.74,26.611111111111114,,,,,,14.586277961730957,,16.981704711914062,,,
29.75,26.722222222222218,,,,,,17.44566059112549,,,,,
29.76,26.722222222222218,,,,,,,,15.549861907958984,,,
29.77,26.77777777777778,,,,,,,,16.979475021362305,,,
29.79,26.77777777777778,,,,,,,,,,,16.03691864013672
29.81,26.833333333333332,,,,,,,,17.257457733154297,,,17.200278282165527
29.86,26.88888888888889,,,,,,,,,,,15.772443771362305
29.87,26.944444444444443,,,,,,,,,,,17.223992347717285
29.88,26.944444444444443,,,,,,,,,,,15.791742324829102
29.91,27.0,,,,,,,,,,,17.220815658569336
29.92,27.0,,,,,,,,,,,17.214618682861328
29.95,27.055555555555554,,,,,,,,,16.10547924041748,,
29.96,27.111111111111114,,,,,,,,,17.529311180114746,,15.776963233947754
29.99,27.166666666666668,,,,,,,,,,,17.231748580932617
30.0,27.22222222222222,,,,16.788342475891113,,,,,,,15.791768074035645
30.01,27.27777777777778,,,,,,,,,,,17.22091770172119
30.09,27.27777777777778,,,,,,16.022759437561035,,,16.043580055236816,,
30.12,27.38888888888889,,,,,,17.201824188232422,,,16.036158561706543,,
30.13,27.444444444444443,,,,,,,,,17.197178840637207,,
30.14,27.444444444444443,,,,,,,,,17.203614234924316,,
30.15,27.500000000000004,,,,,,,,,15.76696491241455,,
30.16,27.555555555555557,,,,,,,,,16.928932189941406,,
30.17,27.555555555555557,,,,,,,,15.818928718566895,,,
30.28,27.611111111111107,,,,,,,,17.309282302856445,9.747547149658203,,
30.41,27.88888888888889,,,,,,,,15.876251220703125,15.45742416381836,,
30.42,28.000000000000004,,,,,,,,17.310209274291992,16.876270294189453,,
30.5,28.000000000000004,,,16.075467109680176,,,,,,,,
30.57,28.055555555555557,,,14.362417221069336,,,,,15.867131233215332,,,
30.58,28.22222222222222,,,15.526875495910645,,,,,17.29529857635498,,,
30.61,28.27777777777778,,,11.225090980529785,,,,,,,,
30.64,28.499999999999996,,,15.2755126953125,,,,,,,,15.786145210266113
30.65,28.61111111111111,,,16.70708656311035,,,,,,,,17.226136207580566
30.69,28.61111111111111,,,,,,,,,15.45876407623291,,
30.71,28.666666666666668,,,,,,,,,16.893349647521973,,
30.72,28.666666666666668,,,,,,15.758705139160156,,,,,
30.73,28.72222222222222,,,,,,17.189587593078613,,,,,
30.74,28.72222222222222,,,,,,15.75342845916748,,,,,
30.75,28.77777777777778,,,,,,17.1837797164917,,,,,
30.79,28.77777777777778,,,,,,15.752057075500488,,,,,
30.81,28.833333333333332,,,,,,17.174543380737305,,,,,
30.84,28.833333333333332,,,,,,15.74107837677002,,,,,
30.86,28.888888888888886,,,,,,16.917162895202637,,15.863240242004395,,,
30.87,28.944444444444446,,,,,,15.487773895263672,,,,,
30.88,28.999999999999996,,,,,,16.9136962890625,,17.289600372314453,,,
30.98,28.999999999999996,,,,,,,,15.861433029174805,,,
30.99,29.055555555555557,,,,,,,,17.29710578918457,,,
31.07,29.055555555555557,,,15.240568161010742,,,,,,,,
31.1,29.11111111111111,,,16.67070960998535,,,,,,,,
31.19,29.11111111111111,,,15.242303848266602,,,,,,,,
31.2,29.166666666666668,,16.10166835784912,16.67526912689209,,,,,,,,
31.21,29.22222222222222,,17.536065101623535,,,,,,,,,
31.22,29.22222222222222,,,,,,,,15.863147735595703,,,
31.23,29.27777777777778,,,,,,,,17.29489231109619,,,
31.25,29.333333333333332,,,,,,,,17.31510353088379,,,
31.26,29.333333333333332,15.483528137207031,,,,,,,,,,
31.27,29.388888888888886,16.91812229156494,,,,,,,,,,
31.32,29.388888888888886,17.189050674438477,,,,,,,,,,
31.35,29.444444444444446,,,,,,,,,,,15.792089462280273
31.37,29.5,,,,,,,,,,,17.244627952575684
31.39,29.5,,,,,,15.491209983825684,,,,,
31.42,29.555555555555557,,,,,,16.91269302368164,,,,,
31.5,29.555555555555557,,,,,,15.484345436096191,,,,,
31.54,29.61111111111111,,,,,,16.91541290283203,,,,,
31.57,29.61111111111111,,,,,,,,,,,14.389486312866211
31.59,29.72222222222222,,,,,,,,,,,17.26056957244873
31.66,29.72222222222222,,,,,,,,,15.469517707824707,,
31.68,29.777777777777775,,,,,,,,,16.905344009399414,,
31.69,29.777777777777775,,,,,,,,15.879430770874023,,,
31.71,29.833333333333336,,,,,,,,17.310619354248047,,,
31.77,29.833333333333336,,,,,,,,,,,17.244505882263184
31.79,29.888888888888886,,,,,,15.493910789489746,,,,,
31.81,29.944444444444446,,,,,,16.654088020324707,,,,,
31.85,29.944444444444446,,,,,,16.36952781677246,,,,,
31.86,30.0,,,16.675188064575195,,,,,,,,
31.88,30.055555555555557,,,,,,,,,,,15.819276809692383
31.89,30.11111111111111,,,,,,,,,,,17.2583589553833
31.94,30.11111111111111,,,,,,,,15.878874778747559,,,
32.08,30.166666666666668,16.02603054046631,,,14.466222763061523,,,,17.30650806427002,,,
32.13,30.333333333333336,17.446460723876953,,,17.32930850982666,,,,,,,
32.23,30.333333333333336,,16.087218284606934,,,,,,,,,
32.24,30.388888888888886,,17.26630401611328,,,,,,,15.469517707824707,,
32.25,30.444444444444446,,,,,,,,,16.895995140075684,,
32.27,30.444444444444446,,,16.689509391784668,,,,,,,,
32.33,30.5,17.46109962463379,,,,,,,,,,
32.34,30.555555555555557,,17.23594093322754,,,,,,,,,
32.35,30.61111111111111,,17.235986709594727,,,,,,,,,
32.36,30.666666666666664,,15.803841590881348,15.257935523986816,,,,,,,,
32.37,30.777777777777775,,17.234638214111328,16.69532871246338,,,,,,,,
32.39,30.777777777777775,,15.79776668548584,,,,,,,,,
32.4,30.833333333333336,,16.95502758026123,,,,,,,,,
32.43,30.833333333333336,,,15.268364906311035,,,,,,,,
32.45,30.88888888888889,,15.518775939941406,16.70533847808838,,,14.936305046081543,,,,,
32.46,31.0,,16.95355796813965,,,,16.11261749267578,,,,,
32.48,31.0,16.032095909118652,,,,,,,,,,
32.5,31.055555555555554,14.604212760925293,,,,,,,,,,
32.51,31.166666666666664,17.45569896697998,15.530928611755371,,,,,,,,,
32.58,31.222222222222225,13.156039237976074,15.523615837097168,,,,,,,,,
32.61,31.444444444444446,17.886725425720215,16.955089569091797,,,,,,,,,
32.64,31.444444444444446,,,,,,,,15.87365436553955,,,
32.65,31.5,15.012275695800781,,,,,,,17.49944305419922,,,
32.66,31.61111111111111,18.061851501464844,,,,,,,,,,
32.82,31.61111111111111,18.16120719909668,,,,,,,,,,
32.85,31.666666666666664,,,,17.44421100616455,,,,,,,
32.89,31.722222222222225,,,,14.580362319946289,,,,,,,
32.9,31.833333333333336,,,,16.31312370300293,,,,,,,
32.96,31.88888888888889,,,,17.87088966369629,,,,,,,
32.97,31.88888888888889,,,,16.440117835998535,,,,,,,
32.98,31.944444444444443,,,,16.60000514984131,,,,,,,
32.99,32.0,,,,18.15701389312744,,,,,,,
33.09,32.0,,,,16.732685089111328,,,,,,,
33.1,32.05555555555556,,,,17.962681770324707,,,,,,,
33.12,32.05555555555556,,,,,,,,,,,15.81956672668457
33.13,32.111111111111114,,,,,,,,,,,17.48606014251709
33.19,32.111111111111114,,,,,,,,16.063279151916504,,,
33.2,32.166666666666664,,,,,,,,17.633934020996094,15.460880279541016,,
33.22,32.22222222222222,,,,,,,,,17.12193202972412,,
33.29,32.22222222222222,,,,,,,,16.204920768737793,,,
33.31,32.27777777777778,,,,,,,,17.721869468688965,,,
33.33,32.27777777777778,,,,,,,,,17.218636512756348,,16.049942016601562
33.34,32.388888888888886,,,,,,,,,,,18.039921760559082
33.39,32.44444444444444,16.601283073425293,,,,,,,,,,
33.4,32.5,18.173584938049316,,,,,,,,,,
33.56,32.5,,,,,,,,17.859139442443848,,,
33.58,32.55555555555556,,,,16.53181266784668,,,,,,,
33.59,32.611111111111114,,,,18.06132221221924,,,,,,,
33.63,32.611111111111114,,15.49946403503418,,,,,,,,,
33.64,32.666666666666664,,17.173044204711914,,,,,,,,,
33.68,32.666666666666664,,15.742247581481934,,,,,,,,,
33.72,32.72222222222222,16.74515151977539,17.26661777496338,,,,,,,16.056669235229492,,
33.73,32.83333333333333,18.316903114318848,,,,,,,,17.613999366760254,,
33.85,32.83333333333333,,,,,,,,,16.19515323638916,,
33.87,32.88888888888889,,,,16.63607120513916,,,,,17.70499897003174,,
33.88,32.94444444444444,,,,18.212532997131348,,,,,,,
33.9,32.94444444444444,,15.836852073669434,,,,,,,,,
33.91,33.0,,17.3601713180542,,18.249622344970703,,,,,,,
33.95,33.05555555555556,,,,,,,,16.32422161102295,,,
33.96,33.111111111111114,,,,,,,,17.859007835388184,,,
33.97,33.111111111111114,,,,16.69261360168457,,,,,,,
33.99,33.166666666666664,,,,18.212411880493164,,,,,,,
34.0,33.22222222222222,,,,,,,,16.257976531982422,,,
34.08,33.27777777777778,,,,18.23995304107666,,,,17.487048149108887,,,
34.1,33.33333333333333,,,,,,,,,,,16.5883731842041
34.11,33.38888888888889,16.744601249694824,,,,,,,,,,18.111356735229492
34.17,33.44444444444444,18.393969535827637,,,,,,,,,,
34.18,33.44444444444444,,,,,,,,16.057435035705566,,,
34.21,33.5,,,,,,,,17.61440372467041,,,
34.25,33.55555555555556,,,,,,,,,,,18.223870277404785
34.26,33.55555555555556,,,,,,,,,,,16.79472064971924
34.27,33.611111111111114,,,,,,,,,,,18.341835975646973
34.34,33.611111111111114,,,,,,,,,,,16.88705062866211
34.36,33.666666666666664,,,,,,,,16.09745502471924,,,18.449111938476562
34.37,33.72222222222222,,,,,,,,17.672619819641113,,,
34.42,33.72222222222222,,,,,,14.933552742004395,,,,,
34.43,33.77777777777778,,,,,,16.602556228637695,,,,,
34.5,33.77777777777778,,,,,,,,,16.27195930480957,,
34.52,33.83333333333333,,,,,,,,,17.796122550964355,,
34.53,33.83333333333333,,,,,,,,,16.367926597595215,,
34.58,33.88888888888889,,,,16.682902336120605,,,,,18.059545516967773,,
34.59,34.0,,,,17.91188907623291,,,,,,,
34.61,34.0,,,,,,,,16.182266235351562,,,
34.63,34.05555555555556,,,14.37370777130127,,,,,17.758441925048828,15.194694519042969,,
34.73,34.27777777777778,,,16.459693908691406,,,,,,15.411877632141113,,
34.74,34.44444444444444,,,18.01963710784912,,,,,,18.557530403137207,,
34.84,34.44444444444444,,15.916817665100098,,,,,,,,,
34.86,34.5,,17.479406356811523,,,,,,,,,
34.96,34.5,,,,,,,,,,,17.00912094116211
34.98,34.55555555555556,,,,16.485464096069336,,,,,18.524213790893555,,18.49412250518799
35.0,34.66666666666667,,,,17.99184226989746,,,,,17.089628219604492,,
35.01,34.72222222222222,,,,,,,,,18.66581439971924,,
35.03,34.72222222222222,,,,,,,,,17.08734893798828,,
35.04,34.77777777777778,,,,,,,,,18.67375659942627,,
35.07,34.77777777777778,,,,,,16.75381088256836,,,,,
35.11,34.833333333333336,,,,,,16.907092094421387,,,,,
35.13,34.88888888888889,,17.617178916931152,,,,,,,,,
35.16,34.94444444444444,,,,,,,,17.93100643157959,,,
35.18,35.0,,,,,,15.73100757598877,,,,,
35.22,35.05555555555556,,,,,,17.244571685791016,,,,,
35.46,35.05555555555556,,,,,,,,16.354830741882324,,,
35.49,35.11111111111111,,,,,,,,17.861294746398926,,,
35.5,35.16666666666667,,,,,,,,,,,17.00912094116211
35.52,35.16666666666667,,,,,,,,,,,18.530566215515137
35.57,35.16666666666667,,,,,,,,16.4326753616333,,,
35.58,35.22222222222222,,,,,,,,18.00452709197998,,,
35.59,35.22222222222222,,,,,,,,,,,18.615389823913574
35.6,35.27777777777778,,,17.94702911376953,,,,,,,,17.162851333618164
35.61,35.388888888888886,,,,,,,,,,,18.731794357299805
35.67,35.388888888888886,,,16.506936073303223,,,,,,,,
35.69,35.44444444444444,,,18.164795875549316,,,,,,,,
35.7,35.5,,,,,,,,16.57689380645752,,,
35.73,35.55555555555556,,,16.73335552215576,,,,,18.138580322265625,,,
35.74,35.61111111111111,,,18.29239559173584,,,,,,,,
35.85,35.61111111111111,,,,,,,,,,,17.299503326416016
35.86,35.66666666666667,,,,,,,,,,,18.600082397460938
35.91,35.66666666666667,,,,,,15.823088645935059,,,,,
35.93,35.72222222222222,,,,,,17.389437675476074,,,,,
36.04,35.72222222222222,,,,,,,,,,,17.181344032287598
36.06,35.77777777777777,,,,,,,,16.7073917388916,,,18.74837303161621
36.09,35.833333333333336,,,,,,,,18.27899169921875,,,
36.11,35.833333333333336,,,,,,15.80534553527832,,,,,
36.12,35.888888888888886,,,,,,17.33127212524414,,,,,
36.17,35.888888888888886,,,,,,14.740743637084961,,,,,
36.18,36.0,,,,,,17.53236484527588,,,,,
36.19,36.0,,,16.86225414276123,,,,,,,,
36.22,36.05555555555556,,,18.425662994384766,,,17.970731735229492,,,,,
36.23,36.11111111111111,,16.092808723449707,18.445408821105957,,,,,,,,
36.26,36.22222222222222,,17.687325477600098,,,,,,,,,
36.27,36.22222222222222,,,,,,16.539849281311035,,,,,
36.29,36.27777777777778,,,17.01244354248047,,,18.07827377319336,,,,,
36.32,36.333333333333336,,,18.543169021606445,,,,,,,,
36.34,36.333333333333336,,,,,,16.65235137939453,,,,,
36.37,36.388888888888886,,,,,,18.185214042663574,,,,,
36.5,36.388888888888886,,,,,,,,,18.61087417602539,,
36.64,36.44444444444444,,,,,,,,,17.184396743774414,,
36.65,36.5,,,,,,,,,18.70570945739746,,
36.81,36.5,,,,,,,,,17.44798469543457,,
36.85,36.55555555555556,,,,,,18.541160583496094,,,18.972317695617676,,
36.88,36.611111111111114,,,18.691858291625977,,,,,,,,
36.91,36.666666666666664,,,,18.058907508850098,,,,,,,
36.94,36.72222222222222,,,,,,17.110093116760254,,,,,
36.95,36.77777777777778,,,,,,18.6671724319458,,,,,
37.1,36.77777777777778,,,,16.63135528564453,,,,,,,
37.12,36.833333333333336,,,,18.149694442749023,,,,,,,
37.17,36.833333333333336,,,17.1611328125,,,,,,,,
37.18,36.888888888888886,,,18.737435340881348,,,,,,,,
37.2,36.888888888888886,,,,16.714160919189453,,17.07980728149414,,,,,
37.21,37.0,,,,18.224552154541016,,18.633305549621582,,,,,
37.25,37.0,,,,16.994555473327637,,,,,,,
37.27,37.05555555555556,,,,18.52987766265869,,,,,,,
37.28,37.05555555555556,,,,,,18.71795654296875,,,,,
37.31,37.111111111111114,,,18.826863288879395,,,,,,,,
37.45,37.166666666666664,,,18.917166709899902,,,,,,,,
37.49,37.22222222222222,,,,,,,,18.56526470184326,,,
37.5,37.27777777777778,,,17.48019313812256,,,,,,,,
37.51,37.333333333333336,,,19.04624080657959,,,,,,,,
37.53,37.333333333333336,,,,,,,,,,,17.17275047302246
37.54,37.388888888888886,,,,,,,,18.512798309326172,,,18.7532901763916
37.56,37.44444444444445,,16.50823974609375,,,,,,,,,
37.6,37.5,,18.067777633666992,,,,,,,17.40213680267334,,
37.61,37.55555555555555,,,,,,,,,18.96583080291748,,
37.64,37.55555555555555,,,,,,,,17.283726692199707,,,
37.65,37.611111111111114,,,,,,,,18.841259002685547,,,18.73383903503418
37.7,37.666666666666664,,,,,,,,17.284290313720703,,,
37.71,37.72222222222222,,,,,,,,18.8783540725708,,,
37.74,37.72222222222222,,,,,,,,,,,17.163572311401367
37.77,37.77777777777778,,,,,,,,,,,18.692808151245117
37.79,37.77777777777778,,,,,,,,17.31387233734131,,,
37.81,37.833333333333336,,16.9105167388916,,,,,,18.823143005371094,,,
37.83,37.888888888888886,,18.418583869934082,,,,,,,,,
37.88,37.888888888888886,,,19.039634704589844,,,,,,,,
37.89,37.94444444444444,,18.266589164733887,,,,,,17.281553268432617,,,
37.9,38.05555555555556,,,,,,,,18.849348068237305,,,
37.91,38.05555555555556,18.541382789611816,,,,,,,,,,
37.94,38.111111111111114,17.106788635253906,,,,,,,,,,
37.96,38.166666666666664,18.656725883483887,,,,,18.486637115478516,,,,,
38.0,38.22222222222222,,,,18.54295539855957,,,,,,,
38.04,38.27777777777778,,,,18.470742225646973,,,,,17.40850067138672,,
38.08,38.388888888888886,,,,18.39473819732666,,,,,18.980441093444824,,
38.11,38.44444444444444,17.224366188049316,,,18.387115478515625,,,,,,,
38.12,38.55555555555556,18.788482666015625,,,,,,,,,,
38.2,38.55555555555556,,,,,,,,17.31456184387207,,,
38.21,38.611111111111114,,,,,,,,18.89359188079834,,,
38.22,38.611111111111114,,,,16.876724243164062,,,,,,,
38.25,38.666666666666664,,,,18.150527954101562,,,,,,,
38.34,38.666666666666664,,,,,,16.953774452209473,,,,,
38.35,38.72222222222222,,,,,,18.510986328125,,,,,
38.43,38.72222222222222,,,,,,,,,,,17.169824600219727
38.45,38.77777777777778,,,,,,,,,,,18.731252670288086
38.57,38.77777777777778,,,,,,,,,18.955320358276367,,
38.62,38.83333333333333,,,,,,,,17.318427085876465,,,
38.66,38.88888888888889,,,,,,,,18.60172176361084,,,17.18966579437256
38.67,38.94444444444444,,,,,,,,,,,18.769378662109375
38.69,38.94444444444444,,,,16.921541213989258,,,,,,,17.22226333618164
38.79,39.05555555555556,,,,18.479832649230957,,,,,,,17.17707347869873
38.81,39.111111111111114,,,,,,,,,17.358156204223633,,18.733454704284668
38.82,39.166666666666664,,,,,,,,,18.94110679626465,,
38.85,39.166666666666664,,,,,,,,,18.648990631103516,,
38.88,39.22222222222222,,18.436323165893555,,,,,,,,,
38.9,39.27777777777778,,,,,,,,,18.69783592224121,,
38.94,39.33333333333333,18.921607971191406,,,,,,,,,,
38.96,39.38888888888889,,,,16.90337085723877,,,,,,,
38.98,39.44444444444444,,,,16.933894157409668,,,,,,,17.17202663421631
38.99,39.55555555555556,,,,18.21358871459961,,,,,,,18.450260162353516
39.01,39.55555555555556,,17.141446113586426,,,,,,,17.13654899597168,,
39.1,39.72222222222222,17.490234375,18.666260719299316,,,,,,,17.08356285095215,,
39.11,39.83333333333333,19.06409740447998,,,18.287848472595215,,,,,18.6041202545166,,
39.15,39.88888888888889,,,,,,,,,18.62611484527588,,
39.16,39.94444444444444,,,17.511938095092773,,,,,,,,
39.17,40.0,,,19.009981155395508,,,,,,,,
39.19,40.0,17.498022079467773,,,,,,,,,,
39.21,40.05555555555556,19.083894729614258,,,,,,,,,,
39.22,40.05555555555556,17.57007884979248,,,,,,,,,,
39.23,40.11111111111111,19.138819694519043,,,,,,,,,,
39.25,40.166666666666664,,18.832185745239258,,,,,,,18.674880981445312,,
39.31,40.22222222222222,19.19869041442871,,,,,,,17.02987003326416,,,
39.32,40.33333333333333,,,,,,,,18.550952911376953,,,
39.34,40.33333333333333,17.675228118896484,,,,,,,,,,
39.36,40.38888888888889,19.252506256103516,,,,,,,,,,
39.37,40.38888888888889,,,,,,,,,,,17.149681091308594
39.38,40.44444444444444,,,,,,,,,,,18.69951820373535
39.39,40.44444444444444,,,,,,,,18.53190803527832,,,
39.41,40.5,,,,,,,,,,,17.119805335998535
39.46,40.55555555555556,17.732720375061035,,,16.766169548034668,,,,,,,17.182601928710938
39.51,40.72222222222222,19.29300880432129,,,18.34434700012207,,,,16.9329833984375,,,18.699511528015137
39.56,40.77777777777778,,,,,,,,18.448915481567383,,,
39.63,40.77777777777778,,,,,,,,,,,18.66055202484131
39.76,40.833333333333336,,,,,,,,16.94245147705078,,,
39.77,40.88888888888889,,,,,,,,18.202335357666016,,,
39.78,40.94444444444444,,,17.425243377685547,,,,,,,,
39.79,41.0,,,18.96624183654785,,,,,,,,
39.86,41.05555555555556,,,18.97645854949951,,,,,,,,
39.88,41.11111111111111,,,,,,16.93285369873047,,,,,
39.89,41.16666666666667,,,,,,18.512248039245605,,,,,18.325261116027832
39.92,41.22222222222222,,,,,,,,16.623305320739746,,,
39.93,41.27777777777778,,,,,,,,18.186984062194824,,,16.803815841674805
39.94,41.333333333333336,,,,,,,,,,,18.380970001220703
39.96,41.333333333333336,,,,,,,,,,,18.36901092529297
40.08,41.388888888888886,,,,,,,,16.62529754638672,,,
40.1,41.44444444444444,,,,,,,,17.905691146850586,,,
40.24,41.44444444444444,,18.882807731628418,,,,,,,,,
40.34,41.5,,,,,,,,,,,16.85210132598877
40.35,41.55555555555556,,,,,,,,,,,18.366140365600586
40.4,41.55555555555556,,,,,,18.507976531982422,,,,,
40.45,41.66666666666667,17.721257209777832,,,,,,,,,,
40.46,41.72222222222222,19.24557399749756,,,,,,,,,,
40.5,41.72222222222222,,17.359488487243652,,,,,,,,,
40.53,41.77777777777778,,18.880611419677734,,,,,,,,,
40.56,41.77777777777778,,,,,,17.283065795898438,,,,,
40.57,41.833333333333336,,,,,,18.852744102478027,,,,,
40.59,41.833333333333336,,,,,,18.602293014526367,,,,,
40.74,41.94444444444444,,,17.45350742340088,,,,,,,,
40.75,42.0,,,18.973618507385254,,,,,,,,
40.78,42.0,,,17.36768913269043,,,,,,,,
40.79,42.11111111111111,,,18.959973335266113,,,,,,,,
40.82,42.11111111111111,17.596205711364746,,,,,,,,,,
40.84,42.16666666666667,19.122309684753418,,,,,,,,,,
40.9,42.16666666666667,,,,,,,,,18.456512451171875,,
40.96,42.22222222222222,,,,16.746953010559082,,,,,,,
40.97,42.27777777777778,,,,18.33910083770752,,,,,,,
41.0,42.27777777777778,,,,,,,,,18.223265647888184,,
41.17,42.388888888888886,,,17.396564483642578,,,,,,,,
41.18,42.44444444444444,,,18.903372764587402,,,,,,,,
41.19,42.44444444444444,,,,,,,,,16.698932647705078,,
41.2,42.5,,,,,,,,,18.263851165771484,,
41.22,42.5,,,,,,18.591032028198242,,,,,
41.25,42.55555555555556,,,,,,17.024682998657227,,,,,
41.27,42.611111111111114,,,,,,18.58820343017578,,,,,
41.32,42.611111111111114,,,17.375229835510254,,,,,,,,
41.34,42.666666666666664,,,18.904940605163574,,,,,,,,
41.39,42.666666666666664,17.548446655273438,,,,,,,,,,
41.4,42.72222222222222,19.114449501037598,,,,,,,,,,
41.41,42.72222222222222,,17.31802272796631,,,,,,,,,
41.45,42.77777777777778,,18.56624412536621,,16.820761680603027,,,,,,,
41.47,42.833333333333336,,,,18.39383602142334,,,,,,,
41.63,42.833333333333336,17.539929389953613,,,,,,,,,,
41.64,42.888888888888886,19.14957046508789,,,,,,,,,,
41.65,42.888888888888886,,,,,,17.021492958068848,,,,,
41.69,42.94444444444444,,,17.31265640258789,,,18.565299034118652,,,,,
41.75,43.0,,,,16.829587936401367,,,,,,,
41.77,43.05555555555556,,15.47797679901123,18.888526916503906,18.352364540100098,,,,,,,
41.78,43.166666666666664,,17.083436965942383,,,,,,,,,
41.79,43.166666666666664,,18.36000633239746,,,,,,,,,
41.91,43.166666666666664,,,,,,,,,,,16.785600662231445
41.94,43.22222222222222,,,,,,,,,18.19253921508789,,18.370640754699707
41.96,43.27777777777778,,,,,,,,16.387502670288086,,,
42.07,43.333333333333336,,,,16.778921127319336,,,,16.35150146484375,,,16.807019233703613
42.11,43.5,,,,18.29395866394043,,,,16.336055755615234,,,18.413954734802246
42.12,43.55555555555555,,,,,,,,17.88935089111328,,,
42.14,43.55555555555555,,,17.30730438232422,,,,,,,,
42.15,43.611111111111114,,,,,,,,16.321556091308594,,,
42.16,43.666666666666664,,,,,,17.033040046691895,,15.038261413574219,,,
42.17,43.77777777777778,,,15.800496101379395,,,,,,,,
42.2,43.833333333333336,,,,,,,,13.528990745544434,,,
42.21,43.888888888888886,,,,,,,,,,,17.13572120666504
42.23,43.94444444444445,,,,,,15.475960731506348,,,,,
42.26,44.0,,,14.255439758300781,,,,,,,,
42.31,44.05555555555555,,,,17.02015495300293,,14.181353569030762,,,,,
42.37,44.166666666666664,,,,,,,,,16.96049213409424,,
42.38,44.22222222222222,,,,15.484832763671875,,,,,,,
42.45,44.27777777777778,,,,,,,,,15.388551712036133,,
42.46,44.333333333333336,,,,,,,,,13.896169662475586,,
42.47,44.388888888888886,,,,,,12.62785530090332,,,,,
42.66,44.44444444444444,,,,,,11.029640197753906,,,,,
42.69,44.5,,,12.68939208984375,,,,,,,,
42.7,44.55555555555556,,,11.168352127075195,,,,,,,,
42.91,44.611111111111114,,,,13.926541328430176,,,,,,,
42.92,44.666666666666664,,,9.598655700683594,,,,,,,,
43.0,44.77777777777778,,16.80046844482422,,,,,,,,,
43.01,44.77777777777778,,,,12.355697631835938,,,,,,,
43.08,44.83333333333333,,15.205951690673828,,,,,,,,,
43.09,44.94444444444444,,,,,,,,,,,15.579339981079102
43.1,45.0,,,,,,,,,,,14.062468528747559
43.11,45.05555555555556,,,,10.836986541748047,,,,,,,
43.15,45.111111111111114,,,,,,,,,12.31321907043457,,
43.16,45.166666666666664,,,,9.557291984558105,,,,,,,
43.23,45.22222222222222,,,,,,,,,10.741615295410156,,
43.24,45.27777777777778,,,,,,,,12.255003929138184,,,
43.31,45.38888888888889,,13.92354965209961,,,,,,,,,
43.34,45.44444444444444,,,,,,,,,9.228243827819824,,
43.35,45.5,,,,,,,,,,,12.828816413879395
43.39,45.55555555555556,,,,,,,,,7.626954078674316,,
43.47,45.611111111111114,,,,7.984217643737793,,,,,,,
43.5,45.72222222222222,17.58204460144043,,,,,,,,,,
43.51,45.72222222222222,,,,,,,,,6.106396675109863,,
43.54,45.77777777777778,,,,,,,,,4.51168155670166,,
43.59,45.83333333333333,,,,,,,,10.691325187683105,,,
43.61,45.88888888888889,,,,,,,,9.169794082641602,,,
43.62,45.94444444444444,,,,,,,,7.889400482177734,,,
43.63,46.0,,,8.10061264038086,,,,,,,,11.278979301452637
43.65,46.111111111111114,,,,,,9.472428321838379,,,,,9.693939208984375
43.75,46.22222222222222,,,,,,7.928622245788574,,,,,
43.79,46.27777777777778,,,,,,,,,,,8.101906776428223
43.81,46.33333333333333,,,6.559614181518555,,,,,,,,
43.87,46.38888888888889,,,,,,,,6.373468399047852,,,
44.0,46.5,,,,,,,,,,,6.5738372802734375
44.01,46.5,,,,,,,,4.835016250610352,,,
44.03,46.55555555555556,,,,,,,,3.3139333724975586,,,
44.06,46.61111111111111,,,4.983743667602539,,,,,,,,
44.22,46.72222222222222,,,,6.390159606933594,,,,,,,
44.25,46.833333333333336,,,,,,,,,,,5.061890602111816
44.29,46.833333333333336,,,,,,,,,,,3.484736442565918
44.36,46.94444444444444,,12.415482521057129,,,,,,,,,
44.38,47.0,,,,,,,,,3.2167463302612305,,
44.5,47.11111111111111,,,,4.811982154846191,,,,,,,
44.53,47.11111111111111,16.03210735321045,,,,,,,,,,
44.54,47.16666666666667,,,,,,,,,1.928680419921875,,
44.75,47.27777777777778,,,,,,,,,,,1.9706974029541016
44.86,47.27777777777778,14.46799087524414,,,,,,,,,,
44.88,47.333333333333336,,,3.413583755493164,,,,,,,,
44.95,47.38888888888889,,,,,,6.64064884185791,,,,,
45.16,47.44444444444444,,,,,,5.061254501342773,,,,,
45.46,47.5,,,,,,,,,0.36376190185546875,,
45.47,47.55555555555556,,,,,,,,,1.5997238159179688,,
45.48,47.55555555555556,,,,,,,,,3.6981124877929688,,
45.49,47.55555555555556,,,,,,,,,13.852226257324219,,
45.5,47.55555555555556,,,,,,,,,26.81609344482422,,
45.51,47.55555555555556,,,,,,,,,51.58751678466797,,
45.52,47.55555555555556,,,,,,,,,55.65795135498047,,
45.53,47.55555555555556,,,,,,,,,59.46196746826172,,
45.54,47.55555555555556,,,,,,,,,78.77043914794922,,
45.56,47.55555555555556,,,,,,,,,86.82067108154297,,
45.57,47.55555555555556,,,,,,,,,94.89562225341797,,
45.58,47.55555555555556,,,,,,,,,112.76488494873047,,
45.59,47.55555555555556,,,,,,,,,123.45458221435547,,
45.6,47.55555555555556,,,,,,,,,133.01818084716797,,
45.61,47.55555555555556,,,,,,,,,149.45098114013672,,
45.62,47.55555555555556,,10.84493637084961,,,,,,,156.82555389404297,,
45.63,47.61111111111111,,,,,,,,,165.04882049560547,,
45.64,47.61111111111111,,,,,,,,,177.53752899169922,,
45.65,47.61111111111111,,,,,,,,,187.42797088623047,,
45.66,47.61111111111111,,,,,,,,,204.67375946044922,,
45.67,47.61111111111111,,,,,,,,,217.47008514404297,,
45.68,47.61111111111111,,,,,,,,,229.03319549560547,,
45.69,47.61111111111111,,,,,,,,,233.08715057373047,,
45.7,47.61111111111111,,,,,,,,,245.33141326904297,,
45.71,47.61111111111111,,9.249557495117188,,,,,,,264.1702194213867,,
45.72,47.66666666666667,,,,,,,,,268.9877243041992,,
45.73,47.66666666666667,,,,,,,,,282.75084686279297,,
45.74,47.66666666666667,,,,,,,,,284.22850799560547,,
45.75,47.66666666666667,,,,,,,,,319.8983688354492,,
45.76,47.66666666666667,,,,,,,,,331.55760955810547,,
45.77,47.66666666666667,,,,,,,,,341.69799041748047,,
45.78,47.66666666666667,,,,,,,,,349.05333709716797,,
45.79,47.66666666666667,,,,,,,,,358.49059295654297,,
45.81,47.66666666666667,,,1.893472671508789,,,,,,362.6681442260742,,
45.82,47.72222222222222,,,,,,3.4856996536254883,,,379.11193084716797,,
45.83,47.77777777777778,,,,,,,,,394.59166717529297,,
45.84,47.77777777777778,,7.724742889404297,,,,,,,410.3158493041992,,
45.85,47.833333333333336,12.882006645202637,,,,,,,,414.6279830932617,,
45.86,47.888888888888886,,,,,,,,,421.7690963745117,,
45.87,47.888888888888886,,,,,,,,,434.79064178466797,,
45.88,47.888888888888886,,,,,,,,,451.05590057373047,,
45.89,47.888888888888886,,,,,,,,,466.6482467651367,,
45.9,47.888888888888886,11.296133995056152,,,,,,,,475.2065963745117,,
45.91,47.94444444444444,,,,,,,,,489.0328903198242,,
45.92,47.94444444444444,,,,,,,,,493.01268768310547,,
45.93,47.94444444444444,9.72739315032959,,,,,,,,508.89891815185547,,
45.94,48.0,,,,3.219834327697754,,,,,519.681999206543,,
45.95,48.05555555555556,,,,,,,,,529.2455978393555,,
45.96,48.05555555555556,,,,,,,,,543.489372253418,,
45.97,48.05555555555556,,,,,,,,,559.9496383666992,,
45.98,48.05555555555556,,,,,,,,,560.2050704956055,,
45.99,48.05555555555556,,,,,,,,,572.9135055541992,,
46.0,48.05555555555556,,,,,,,,,599.607536315918,,
46.01,48.05555555555556,,6.127344131469727,,,,,,,610.9262008666992,,
46.02,48.11111111111111,,,,,,,,,619.8141403198242,,
47.12,48.11111111111111,3.5394058227539062,1.969222068786621,0.36376190185546875,0.1820201873779297,,0.36376190185546875,,0.1820201873779297,1192.5671310424805,,0.36376190185546875
48.22,49.05555555555556,1.973402976989746,,,,,,,,,,
54.17,49.166666666666664,,,,305.1466693878174,,,,15.359834671020508,,,
54.18,49.166666666666664,0.36376190185546875,0.36376190185546875,,,,,,0.1820201873779297,,,
54.75,49.388888888888886,17.701847076416016,17.69145393371582,17.635130882263184,,1234.8785800933838,17.054259300231934,,572.6658458709717,,1229.9103956222534,17.359679222106934
54.76,49.388888888888886,,,,,,,,580.1420421600342,,,
54.77,49.388888888888886,,,,,,,,588.3323497772217,,,
54.78,49.388888888888886,,,,,,,,603.7791271209717,,,
54.79,49.388888888888886,,,,,,,,612.0902843475342,,,
54.81,49.388888888888886,,,,,,,,624.2494029998779,,,
54.82,49.388888888888886,,,,,,,,632.3600597381592,,1229.9177551269531,
54.83,49.44444444444444,,,,,,,,639.7428722381592,,,
54.84,49.44444444444444,,,,,,,,664.0748424530029,,,
54.85,49.44444444444444,,,,,,,,669.4526500701904,,,
54.86,49.44444444444444,,,,,,,,686.4649791717529,,,
54.87,49.44444444444444,,,,,,,,690.5738658905029,,,
54.88,49.44444444444444,,,,,,,,706.8583507537842,,,
54.89,49.44444444444444,,,,,,,,715.1035900115967,,,
54.9,49.44444444444444,,,,,,,,719.1740245819092,,,
54.91,49.44444444444444,,,,,,,,734.6729869842529,,,
54.92,49.44444444444444,,,,,,,,755.5937023162842,,,
54.93,49.44444444444444,,,,,,,,761.1610240936279,,,
54.94,49.44444444444444,,,,,,,,770.6971569061279,,,
54.95,49.44444444444444,,,,,,,,787.6655406951904,,,
54.96,49.44444444444444,,,,,,,,791.8348522186279,,,
54.97,49.44444444444444,,,,,,,,803.5737438201904,,,
54.98,49.44444444444444,,,,,,,,812.9890270233154,,,
54.99,49.44444444444444,,,,,,,,824.4697399139404,,,
55.0,49.44444444444444,,,,,,,,848.9555187225342,,,
55.01,49.44444444444444,,,,,,,,862.8010387420654,,,
55.02,49.44444444444444,,,,,1233.4568767547607,,,871.0407848358154,,,
55.03,49.5,,,,,1234.8782758712769,15.621906280517578,,882.8785533905029,,,
55.04,49.55555555555556,,,,,,17.088424682617188,,895.7737560272217,,,
55.06,49.55555555555556,,,,,,,,895.9358043670654,,,15.926487922668457
55.07,49.611111111111114,,,,,,,,921.5366954803467,,,17.354350090026855
55.08,49.611111111111114,,,,,,,,921.8552989959717,,,
55.09,49.611111111111114,,,,,,15.667749404907227,,938.9857311248779,,,
55.1,49.666666666666664,,,,,,16.828295707702637,,957.4619884490967,,,
55.11,49.666666666666664,,,,,,,,965.9544200897217,,,
55.12,49.666666666666664,,,,,,,,971.5217418670654,,,
55.13,49.666666666666664,,,,,,,,984.5487804412842,,,
55.14,49.666666666666664,,,,,,,,990.1215953826904,,,
55.15,49.666666666666664,,,,,,,,1007.0625133514404,,,
55.16,49.666666666666664,,,,,,,,1019.4083995819092,,,
55.17,49.666666666666664,,,,,,,,1026.7500133514404,,,
55.18,49.666666666666664,,,,,,,,1036.2861461639404,,,
55.19,49.666666666666664,,,,,,,,1045.1383800506592,,,
55.2,49.666666666666664,,,,,,,,1068.0174083709717,,,
55.21,49.666666666666664,,,,,,,,1078.7400646209717,,,
55.22,49.666666666666664,,,,,,,,1087.1391124725342,,,
55.23,49.666666666666664,,,,,,,,1099.0400524139404,,,
55.24,49.666666666666664,,,,,,,,1107.1067638397217,,,
55.25,49.666666666666664,,,,,,,,1129.378797531128,,,
55.26,49.666666666666664,,,,,,,,1134.0891857147217,,,
55.27,49.666666666666664,,,,,,,,1149.868299484253,,,
55.28,49.666666666666664,,,,,,,,1177.894422531128,,,
55.34,49.666666666666664,,,,,1234.8835916519165,,,,,,
55.35,49.72222222222222,,,,,,16.828421592712402,,,,,
55.38,49.77777777777778,,,,,1234.8771381378174,,,,,,
55.46,49.833333333333336,,,17.64257526397705,,,,,,,,
55.75,50.0,,,,,1233.4557390213013,,,,,,
55.76,50.05555555555555,,,,,1234.6164865493774,,,,,,
55.79,50.11111111111111,,16.262489318847656,,,,,,,,,
55.81,50.16666666666667,,17.695103645324707,,,,,,,,,
55.82,50.16666666666667,,,,,,16.79960536956787,,,,,17.382113456726074
56.02,50.27777777777778,,,,,,,,,,1228.4837703704834,
56.03,50.33333333333333,,,,,,,,,,1229.9178171157837,
56.24,50.33333333333333,,,17.63829517364502,,,,,,,,
56.42,50.38888888888889,,,,,,15.365944862365723,,,,,
56.45,50.44444444444445,,,14.78421401977539,0.1820201873779297,,16.799049377441406,,,,,
56.62,50.61111111111111,,,16.211469650268555,12.863883018493652,,15.371776580810547,,,,,15.95787525177002
56.65,50.77777777777778,,,17.371458053588867,17.15567970275879,,16.81513023376465,,,,,17.388647079467773
57.06,50.77777777777778,,16.259206771850586,,,,,,,,,
57.07,50.83333333333333,,17.688578605651855,,,,,,,,,
57.24,50.83333333333333,,,,17.163785934448242,,,,,,,
57.31,50.888888888888886,,16.25572109222412,,,,,,,,,
57.32,50.94444444444445,,17.695114135742188,,,,,,,,,
58.16,50.94444444444445,,,,17.158093452453613,,,,,,,
58.21,51.0,,,,,,,,,,,16.22721576690674
58.22,51.05555555555556,,,,,,,,,,,17.663379669189453
58.38,51.05555555555556,,,,15.733657836914062,,,,,,,
58.39,51.11111111111111,,,,17.16651153564453,,,,,,,
58.5,51.16666666666667,,,17.378745079040527,,,,,,,,
58.59,51.16666666666667,,,,,,15.382025718688965,,,,,
58.6,51.22222222222222,,,,,,16.816798210144043,,,,,
58.64,51.22222222222222,,,,,1233.4537811279297,,,,,,
58.65,51.27777777777778,,,,,1233.718837738037,,,,,,
58.67,51.33333333333333,,,,,1235.1545486450195,,,,,,
58.68,51.33333333333333,,,,,,15.655426979064941,,,,,
58.75,51.388888888888886,,,,,,14.50049114227295,,,,1224.1820735931396,
58.89,51.72222222222223,,,,,,17.35987377166748,,,,1221.2838153839111,
58.91,52.05555555555556,,,,,,,,,,1229.6211681365967,
58.94,52.05555555555556,,,,,,,,,,,16.236623764038086
58.95,52.11111111111111,,,,,1233.731647491455,,,,,,17.66045570373535
58.97,52.166666666666664,,,,,1235.18643283844,,,,,,
59.0,52.22222222222223,,,,,,,,,,,17.662778854370117
59.01,52.22222222222223,,,,,,,,,,,16.23377513885498
59.03,52.27777777777778,,,,,,15.934687614440918,,,,,13.365997314453125
59.06,52.5,,,,,,17.367727279663086,,,,,17.134278297424316
59.07,52.5,,,,,,,,,,,15.699331283569336
59.08,52.55555555555556,,,,,,,,,,,16.86129856109619
59.12,52.55555555555556,,,,,,,,,,,15.426278114318848
59.13,52.61111111111111,,,,,,,,,,,16.9166316986084
59.15,52.61111111111111,,,,,,,,,,,15.477202415466309
59.16,52.666666666666664,,,,,,,,,,,16.89470863342285
59.2,52.666666666666664,,,,,,,,,,1228.1881370544434,
59.21,52.72222222222223,,,,,,,,,,1229.6164407730103,
59.23,52.72222222222223,,,,,,,,,,1228.1943788528442,
59.25,52.77777777777778,,,,,,,,,,1228.1830749511719,
59.26,52.83333333333333,,,,,,,,,,1229.6207008361816,
59.39,52.83333333333333,16.279708862304688,,,,,,,,,,
59.4,52.888888888888886,17.710411071777344,,,,,,,,,,
59.45,52.888888888888886,,,15.944223403930664,,,,,,,,
59.47,52.94444444444445,,,17.369193077087402,,,,,,,,
59.52,53.0,,,,,,16.207180976867676,,,,,
59.53,53.05555555555556,,,15.936943054199219,,,17.368691444396973,,,,,
59.54,53.11111111111111,,,15.933684349060059,,,,,,,,15.477202415466309
59.57,53.22222222222223,,,15.666149139404297,,,,,,,,16.91022300720215
59.58,53.27777777777778,,,17.09758949279785,,,,,,,,
59.64,53.27777777777778,,,15.657608985900879,,1233.7433137893677,,,,,,
59.65,53.388888888888886,,,17.098916053771973,,1233.7472476959229,,,,,,
59.66,53.444444444444436,,,,,1233.4895277023315,,,,,,
59.71,53.5,,,,,1234.9179334640503,14.520672798156738,,,,,
59.74,53.61111111111111,,,,,,17.392237663269043,,,,,
59.75,53.61111111111111,,,,,,17.394980430603027,,,,,
59.77,53.666666666666664,,,,,1234.9131050109863,,,,,,
59.78,53.72222222222223,,,,,1234.9140672683716,,,,,,
59.83,53.77777777777778,16.282808303833008,,,,,,,,,,
59.84,53.833333333333336,17.705294609069824,,,,1233.4806022644043,,,,,,
59.85,53.888888888888886,,,,,1234.656686782837,,,,,,
59.95,53.888888888888886,,17.68208122253418,,,,,,,,,
60.03,53.94444444444444,,,15.670748710632324,,,,,,,,
60.07,54.0,,16.24340534210205,17.096671104431152,,,,,,,,
60.08,54.05555555555556,,17.679078102111816,,,,,,,,,
60.14,54.05555555555556,,,,,,,,,,,16.88473892211914
60.18,54.11111111111111,,,15.653593063354492,,,,,,,,
60.2,54.166666666666664,,,17.08655834197998,,,,,,,,
60.22,54.166666666666664,,,,,1233.4936666488647,,,,,,
60.23,54.22222222222223,,,,,1234.9280633926392,,,,,,
60.25,54.22222222222223,,,,,,,,,,1228.1866540908813,
60.26,54.27777777777778,,,,,,,,,,1229.6183986663818,
60.35,54.27777777777778,,,,,1233.4996576309204,,,,,,
60.36,54.333333333333336,,,,,1234.928277015686,,,,,,
60.42,54.333333333333336,,,15.652600288391113,,,,,,,,
60.43,54.388888888888886,,,17.087194442749023,,,,,,,,
60.44,54.388888888888886,,,,,,15.928462028503418,,,,,
60.45,54.44444444444444,,,,,,17.36082172393799,,,,,
60.51,54.44444444444444,16.282808303833008,,,,,,,,,,
60.52,54.50000000000001,17.735346794128418,,,,,,,,,,
60.65,54.50000000000001,,,,,,,,,,,15.460906982421875
60.67,54.55555555555556,,,,,,,,,,,16.891974449157715
60.68,54.55555555555556,,,,,,15.92604923248291,,,,,
60.7,54.61111111111111,,,,,,17.347532272338867,,,,,
60.72,54.61111111111111,,,15.927206039428711,17.43691349029541,,,,,,,
60.73,54.72222222222223,,,17.36628818511963,,,,,,,,
60.74,54.72222222222223,,,,,1234.9344081878662,,,,,,
60.83,54.77777777777778,,,,,1233.500849723816,,,,,,
60.84,54.833333333333336,,,,,1234.9284019470215,,,,,,
60.87,54.833333333333336,,,,,,,,,,1228.193169593811,
60.88,54.888888888888886,,,,,,,,,,1229.6287031173706,
60.95,54.888888888888886,,,,,,,,,,,15.461202621459961
60.96,54.94444444444444,,,,,,,,,,,16.881632804870605
60.99,54.94444444444444,,,,,,,,,,1229.3760442733765,
61.06,55.00000000000001,,16.25347900390625,,,,,,,,,
61.08,55.05555555555556,,17.679956436157227,,,,,,,,,
61.1,55.05555555555556,,,,,,15.93912410736084,,,,,
61.11,55.111111111111114,,,,,,17.394752502441406,,,,,
61.15,55.111111111111114,,,,,1233.496343612671,,,,,,
61.19,55.166666666666664,,13.333853721618652,,,1234.937738418579,,,,,,
61.4,55.333333333333336,9.076146125793457,10.463135719299316,14.491758346557617,,,,,,,,15.461202621459961
61.63,56.111111111111114,11.937211036682129,17.359749794006348,14.224674224853516,10.29739761352539,,15.963178634643555,,,,,16.892576217651367
61.82,56.777777777777786,17.468789100646973,,16.910576820373535,12.584508895874023,,17.491273880004883,,,,,
61.87,56.94444444444444,,,,16.85883903503418,,,,,,,
62.01,56.94444444444444,,,,,,17.477309226989746,,,,,
62.25,57.05555555555556,,,,,,,,,,,17.250669479370117
62.33,57.05555555555556,,,,15.427969932556152,,,,,,,
62.34,57.111111111111114,,,,16.599031448364258,,,,,,1227.9507932662964,
62.35,57.166666666666664,,,,,,,,,,1229.4700117111206,
62.42,57.166666666666664,,,15.479780197143555,,,,,,,,
62.45,57.22222222222222,,,16.9014835357666,15.178356170654297,,,,,,1228.3066520690918,
62.46,57.333333333333336,,,,16.611821174621582,,,,,,1229.7346076965332,
62.5,57.388888888888886,,,,,,,,,,,15.814505577087402
62.51,57.388888888888886,,,,,,,,,,,16.977210998535156
62.53,57.388888888888886,,,,,,,,,,,15.79814624786377
62.54,57.44444444444444,,15.927135467529297,,,,,,,,,17.241265296936035
62.56,57.49999999999999,,17.4541654586792,,,,,,,,,
62.58,57.49999999999999,16.032962799072266,,,,,,,,,,
62.59,57.49999999999999,17.45586395263672,,,,,,,,,,
62.61,57.55555555555556,,,,,,,,,,,17.51362895965576
62.68,57.611111111111114,16.023510932922363,,,,,,,,,,
62.69,57.666666666666664,17.455233573913574,,,,,,,,,,
62.72,57.666666666666664,,,,16.6103458404541,,,,,,,
62.73,57.72222222222222,,17.45574378967285,,,,,,,,,
62.75,57.833333333333336,,,,16.611451148986816,,,,,,,
62.85,57.833333333333336,16.02546787261963,,,,,,,,,,
62.86,57.88888888888889,17.459452629089355,,,,,,,,,,
62.98,57.88888888888889,,,,,,,,,,,16.085386276245117
62.99,57.94444444444444,,,,,,,,,,,17.52406883239746
63.0,57.94444444444444,,,15.479780197143555,,,,,,,,
63.01,57.99999999999999,,,16.90924072265625,,,,,,,,
63.11,57.99999999999999,,,,,,,,,,1228.3134231567383,
63.12,58.05555555555556,,,,,,,,,,1228.3133478164673,
63.13,58.111111111111114,,,,,,,,,,1228.3070621490479,
63.14,58.166666666666664,,,,,,,,,,1229.7363595962524,
63.2,58.166666666666664,,,,,,,,,,1228.308403968811,
63.21,58.22222222222222,,,,,,,,,,1229.7474870681763,
63.22,58.22222222222222,,,,15.185779571533203,,,,,,,
63.23,58.27777777777777,,,,15.175759315490723,,,,,,,
63.24,58.333333333333336,,,,16.610280990600586,,,,,,,16.097643852233887
63.25,58.44444444444444,,,,,,,,,,1229.758394241333,17.519370079040527
63.29,58.44444444444444,,,,,,,,,,1228.3287811279297,
63.31,58.5,,,,,,17.47233486175537,,,,1229.756615638733,16.09022045135498
63.33,58.611111111111114,,,,,,,,,,,17.527875900268555
63.43,58.611111111111114,,,,,,,,,,,16.040752410888672
63.48,58.72222222222222,,,,,,,,,,1228.328311920166,17.467025756835938
63.51,58.77777777777777,,,15.490394592285156,,,,,,,1229.765814781189,
63.6,58.833333333333336,,,16.92602825164795,,,,,,,1228.3281888961792,
63.61,58.88888888888889,,,,,,,,,,1228.3287715911865,
63.7,58.94444444444444,,,14.326894760131836,,,,,,,1229.7566576004028,16.032694816589355
63.71,59.111111111111114,,,15.774226188659668,,,,,,,,17.458293914794922
63.75,59.166666666666664,,,17.210477828979492,,,,,,,,
63.78,59.166666666666664,,17.455336570739746,,,,,,,,,
63.9,59.22222222222222,,,,,,16.310824394226074,,,,,
63.93,59.27777777777777,,,,,,17.749500274658203,,,,,
63.95,59.27777777777777,,,,,,,,,,,16.025273323059082
63.96,59.333333333333336,,,,,1233.767110824585,,,,,,17.48627758026123
63.98,59.38888888888889,,,,,1235.2948532104492,,,,,,
63.99,59.38888888888889,16.020660400390625,,,,,,,,,,
64.0,59.44444444444444,17.457738876342773,,,,,,,,,,
64.02,59.44444444444444,,,,,1233.8587350845337,,,,,,
64.04,59.5,,,,,1235.281364440918,,,,,,
64.17,59.5,,,,,,16.3209285736084,,,,,
64.21,59.55555555555555,,,,,1235.538137435913,17.75682544708252,,,,,
64.22,59.611111111111114,,,,,,17.75175189971924,,,,,
64.26,59.66666666666667,,,,,,16.32094097137451,,,,,
64.28,59.72222222222222,,,,,,17.748543739318848,,,,,
64.36,59.72222222222222,,,,,1234.0833520889282,,,,,,
64.37,59.77777777777777,,,,,1235.5187702178955,,,,,,
64.49,59.77777777777777,,,,,,16.31550407409668,,,,1230.0251903533936,
64.5,59.94444444444444,,,,,,17.754684448242188,,,,,17.4860258102417
64.52,59.94444444444444,,,15.7748441696167,,,,,,,,
64.57,60.0,,,17.201448440551758,,,,,,,,
64.66,60.0,,,15.770008087158203,,,,,,,,
64.67,60.05555555555555,,,17.201494216918945,,,,,,,,
64.96,60.05555555555555,,,,,,,,,,1228.5876874923706,
64.97,60.111111111111114,,,,,,,,,,1230.0734186172485,
65.0,60.16666666666667,,,,,1235.5142946243286,,,,,,
65.02,60.16666666666667,,,,,,,,,,,16.05495834350586
65.03,60.22222222222222,,,,,,,,,,,17.48423671722412
65.06,60.22222222222222,,16.026371955871582,,,,,,,,,
65.07,60.27777777777777,,17.463021278381348,15.762412071228027,,,,,,,,
65.08,60.333333333333336,,,17.189167976379395,,,,,,,,
65.09,60.333333333333336,,,,,,,,,,,17.488534927368164
65.1,60.38888888888889,,,,,,16.314693450927734,,,,,
65.11,60.44444444444444,,,,,,17.754122734069824,,,,,
65.12,60.44444444444444,,,,,,17.75367832183838,,,,,
65.15,60.5,,,,,,16.332195281982422,,,,,
65.16,60.55555555555555,,,,,,17.767142295837402,,,,,
65.18,60.55555555555555,,,17.192249298095703,,,,,,,,
65.2,60.611111111111114,,,,,1235.5171346664429,,,,,1228.637885093689,
65.21,60.72222222222222,,,,,,,,,,1230.0619869232178,
65.23,60.72222222222222,,,,,1234.0895013809204,,,,,,
65.24,60.77777777777777,,,,,1233.820050239563,,,,,,
65.25,60.83333333333333,,,,,1235.2522649765015,,,,,1230.0584173202515,
65.29,60.88888888888889,,,17.19430446624756,,,,,,,,
65.34,60.94444444444444,16.023754119873047,,,,,,,,,,
65.35,61.0,17.456785202026367,,,,,,,,,,
65.4,61.0,,,,,,,,,,1228.6305313110352,
65.42,61.05555555555555,,,,,,,,,,1230.0519304275513,
65.49,61.05555555555555,,,15.759710311889648,,,,,,,,
65.5,61.111111111111114,,,17.226228713989258,,,,,,,,
65.51,61.111111111111114,,,16.068967819213867,,,,,,,,
65.52,61.16666666666667,,,17.496829986572266,,,,,,,,
65.54,61.16666666666667,,,,,1233.817868232727,,,,,,
65.62,61.22222222222222,,,,,1234.9784145355225,,,,,,
65.68,61.22222222222222,,,,,1233.545223236084,,,,,,
65.69,61.27777777777778,,,,,1234.9787817001343,,,,,,
65.73,61.27777777777778,,,,,1233.5501623153687,,,,,,
65.74,61.33333333333333,,,,,1234.9774351119995,,,,,,16.057161331176758
65.75,61.38888888888889,,,,16.9043607711792,,,,,,,17.478663444519043
65.77,61.44444444444444,,,,15.744183540344238,,,,,,,
65.78,61.5,,,,16.907203674316406,,,,,,,
65.81,61.5,,,,15.47467041015625,,,,,,,
65.85,61.55555555555555,,,,16.906728744506836,,,,,,,
65.9,61.55555555555555,,,,,,16.334782600402832,,,,,
65.91,61.611111111111114,,,16.335458755493164,,,17.767396926879883,,,,,
65.92,61.66666666666667,17.43449115753174,,17.79108428955078,,,,,,,,
65.93,61.72222222222222,,,,,,,,,,1228.6305313110352,
65.98,61.77777777777778,,,,,,,,,,1230.0645780563354,
66.04,61.77777777777778,,,,,,,,,,,16.31595802307129
66.06,61.83333333333333,,,,,,,,,,,17.749180793762207
66.13,61.83333333333333,,,,15.481542587280273,1233.549882888794,,,,,,
66.16,61.94444444444444,,,,16.91127872467041,1234.9829874038696,,,,,,
66.2,61.94444444444444,,,,,,16.33150005340576,,,,,
66.23,62.0,,,,,,17.756905555725098,,,,,
66.42,62.0,,,16.363222122192383,,1234.9849319458008,16.30127716064453,,,,,
66.43,62.16666666666667,,,17.790185928344727,,,17.724040031433105,,,,,
66.54,62.16666666666667,,,,,1233.5435371398926,,,,,,
66.56,62.22222222222222,,,,,1234.977541923523,,,,,,
66.57,62.22222222222222,,,,,,,,,,1230.0511093139648,
66.6,62.27777777777778,,17.198792457580566,,,,,,,,,
66.65,62.33333333333333,,,,15.49254035949707,,,,,,,
66.66,62.38888888888889,,,,16.929835319519043,,,,,,,17.761279106140137
66.76,62.44444444444445,,,,,,,,,,,16.31816005706787
66.77,62.5,,,,,,,,,,,17.742488861083984
66.85,62.5,,,,,1233.550269126892,,,,,,
66.87,62.55555555555555,,,,17.18320941925049,1234.9768228530884,,,,,,
66.88,62.61111111111111,,17.219487190246582,,,,,,,,,
66.91,62.66666666666667,,17.203163146972656,,15.75136661529541,,,,,,,
66.93,62.77777777777778,,,,15.760326385498047,,,,,,,
66.94,62.83333333333333,,,,17.20368003845215,,,,,,,
66.98,62.83333333333333,,,,,,,,,,1230.05624294281,
67.04,62.88888888888889,15.981952667236328,,,,,,,,,,
67.06,62.94444444444445,17.412821769714355,,,,,,,,,,
67.15,62.94444444444445,,,,,,16.30127716064453,,,,,
67.16,63.0,,,,,,17.740670204162598,,,,,
67.2,63.0,17.42258644104004,,,,,,,,,,
67.21,63.05555555555556,16.265789031982422,,,,,,,,,,
67.23,63.11111111111111,17.701952934265137,,,,,,,,,,
67.29,63.11111111111111,,,,,,,,,,,17.73666000366211
67.4,63.16666666666667,,,,,,,,,,1228.6269454956055,
67.41,63.22222222222222,,,,,,,,,,1230.0454683303833,
67.49,63.27777777777778,,,,,,,,,,1228.6103801727295,
67.5,63.33333333333333,,,,,,,,,,1228.6186637878418,
67.51,63.388888888888886,,,,,,,,,,1230.0543746948242,
67.53,63.388888888888886,,,,,,,,,,1228.615291595459,
67.54,63.44444444444445,,,,,,16.311281204223633,,,,1230.0425033569336,
67.56,63.5,,,,,,17.73334312438965,,,,,
67.57,63.5,,,,15.770215034484863,,,,,,,
67.59,63.55555555555556,,,,17.19546604156494,,,,,,,
67.63,63.55555555555556,,,,,,,,,,1228.6025228500366,16.299004554748535
67.64,63.66666666666667,,,,,,,,,,1230.0376863479614,17.720189094543457
67.71,63.66666666666667,,,,,,,,,,,16.28876304626465
67.72,63.72222222222222,,,,,,,,,,,17.717334747314453
67.78,63.72222222222222,,17.207496643066406,,,,,,,,,
67.79,63.77777777777778,,17.211464881896973,,,,,,,,,
67.95,63.83333333333333,,,,15.761507034301758,,,,,,,
67.97,63.888888888888886,,,,16.924866676330566,,,,,,,16.291735649108887
67.98,63.94444444444445,,,,,,,,,,,17.73026466369629
68.0,64.05555555555556,,17.232372283935547,17.789798736572266,,,,,,,,
68.03,64.05555555555556,,,,,,16.31120491027832,,,,,
68.09,64.11111111111111,16.270479202270508,14.360197067260742,,,,17.73643398284912,,,,,
68.13,64.27777777777777,17.694311141967773,17.233583450317383,,,,,,,,,
68.17,64.33333333333333,17.44108486175537,,,,,,,,,,
68.19,64.38888888888889,16.018183708190918,,,,,,,,,,
68.24,64.44444444444444,17.44637966156006,,,16.92338466644287,,17.47633934020996,,,,,17.430280685424805
68.25,64.61111111111111,,,,15.498290061950684,,,,,,,
68.27,64.66666666666666,,,,16.988643646240234,,,,,,,
68.29,64.66666666666666,,,,,1233.5437183380127,,,,,,
68.34,64.72222222222223,,,,,1234.9612245559692,17.46488857269287,,,,1230.030279159546,
68.36,64.83333333333333,17.4528169631958,,,,,,,,,,
68.4,64.88888888888889,,,,,,,,,,,17.42245388031006
68.42,64.94444444444444,,,,,,16.037285804748535,,,,,
68.43,65.0,,,,,,17.471243858337402,,,,,
68.47,65.0,16.026610374450684,,,,,,,,,,
68.48,65.05555555555556,17.445456504821777,,,,,,,,,,
68.59,65.05555555555556,,,,,,16.03899383544922,,,,,
68.6,65.11111111111111,,,,,,17.200504302978516,,,,,
68.63,65.11111111111111,,,,16.992375373840332,,,,,,,
68.67,65.16666666666666,,,17.511072158813477,,,,,,,,
68.77,65.22222222222223,,,16.078927040100098,,,,,,,,
68.79,65.27777777777779,,,16.075695991516113,,,,,,,,
68.83,65.33333333333333,,,17.507136344909668,,,,,,,,
68.89,65.33333333333333,,,,,,,,,,1228.5826606750488,
68.9,65.38888888888889,,,,,,,,,,1230.02396774292,15.99256420135498
68.92,65.44444444444444,,,,,1233.5437183380127,,,,,,17.43265724182129
68.93,65.5,,,,,1234.7143459320068,,,,,,
68.95,65.5,,17.221181869506836,,,,,,,,,
69.01,65.55555555555556,,,,,,,,,,1230.0207691192627,
69.08,65.61111111111111,,17.225013732910156,,,,,,,,,
69.12,65.66666666666666,,,,15.564208030700684,,,,,,,
69.13,65.72222222222223,,,,16.998793601989746,,,,,,,
69.21,65.72222222222223,,,,,,,,,,1228.5350379943848,
69.23,65.77777777777779,,,,,,,,,,1229.9659204483032,
69.27,65.77777777777779,,,,,1233.2774744033813,,,,,,
69.28,65.83333333333333,,,,,1234.7078256607056,15.76111125946045,,,,,
69.31,65.88888888888889,,,,,,17.183597564697266,,,,,
69.34,65.88888888888889,,,,,1233.2851963043213,,,,,,
69.35,65.94444444444444,,,,,1234.461280822754,,,,,,
69.38,65.94444444444444,17.440093994140625,,,,,,,,,,
69.39,66.0,,15.795001983642578,,,,,,,,,
69.4,66.05555555555556,,17.220924377441406,,,,,,,,,
69.41,66.05555555555556,,,,,,,,,,,16.00208568572998
69.42,66.11111111111111,,,,,,,,,,,16.008480072021484
69.44,66.16666666666666,,,,,,,,,,,17.438621520996094
69.46,66.16666666666666,,,,,,,,,,1228.5418186187744,
69.47,66.22222222222223,,,,,,,,,,1229.9747838974,
69.5,66.22222222222223,,,,,,17.184036254882812,,,,,
69.51,66.27777777777779,,,,,1233.2998495101929,,,,,,
69.52,66.33333333333333,,,,,1234.7315940856934,,,,,,
69.59,66.33333333333333,,,17.509151458740234,,,,,,,,
69.72,66.38888888888889,,17.227112770080566,,,,,,,,,
69.75,66.5,,,17.510025024414062,,,,,,,,
69.86,66.5,,,,,1234.7487144470215,,,,,,
69.88,66.55555555555556,,,,,,17.175923347473145,,,,,
69.89,66.61111111111111,,,,,,17.174920082092285,,,,,
69.96,66.66666666666666,,,,17.268306732177734,,,,,,,
70.0,66.83333333333333,,,,,1233.588168144226,,,,,,17.456201553344727
70.01,66.88888888888889,,,16.083269119262695,,1235.0158014297485,,,,,,
70.02,66.94444444444444,,,17.51082134246826,,,,,,,,
70.12,66.94444444444444,,,,,,,,,,,16.02052879333496
70.13,67.0,,,,,,,,,,,17.45606231689453
70.21,67.0,,,17.50224781036377,,,,,,,,
70.25,67.11111111111111,,,,,,,,,,1229.719822883606,
70.29,67.11111111111111,,,,,1235.0066614151,,,,,1228.2785158157349,
70.31,67.22222222222223,,,,,,,,,,1229.7341442108154,
70.32,67.22222222222223,,,,,,,,,,,16.022839546203613
70.37,67.27777777777779,,,,,,,,,,,17.464234352111816
70.42,67.27777777777779,,,17.497868537902832,,,17.166423797607422,,,,,
70.47,67.38888888888889,,,,,,,,,,1229.7399635314941,
70.49,67.44444444444444,,,,15.825228691101074,1234.732177734375,,,,,,
70.5,67.55555555555556,,,,17.256025314331055,,,,,,,
70.53,67.55555555555556,,,,,,17.168450355529785,,,,,
70.54,67.61111111111111,,,,,,16.919533729553223,,,,,
70.56,67.66666666666666,,,17.466132164001465,,1233.2999629974365,,,,,,
70.57,67.77777777777779,,,,,1234.7283964157104,,,,,,
70.64,67.77777777777779,16.003015518188477,,,,,,,,,,
70.65,67.83333333333333,17.423128128051758,,,,,,,,,,
70.66,67.83333333333333,,,,,,16.91147804260254,,,,,
70.68,67.88888888888889,,,16.04570198059082,,,,,,,,
70.72,67.94444444444444,,,17.475467681884766,,,,,,,,
70.75,68.0,17.43076992034912,,,,,,,,,,
70.78,68.05555555555556,,,,,,,,,,1229.757375717163,
70.87,68.11111111111111,,,,,,,,,,,16.030409812927246
70.89,68.16666666666666,,,,,,,,,,,17.469202041625977
70.91,68.16666666666666,,,,15.823966979980469,,,,,,,
70.93,68.22222222222221,,,,17.259793281555176,,,,,,,
70.97,68.22222222222221,,,16.01984214782715,,,,,,,,
70.98,68.27777777777779,,,17.451030731201172,,,,,,,,
71.04,68.27777777777779,,,,,,,,,,,16.036348342895508
71.07,68.33333333333333,,,,,,,,,,,17.455086708068848
71.13,68.38888888888889,,,,,1233.2948379516602,,,,,,
71.14,68.44444444444444,,,,,1234.4550151824951,,,,,,
71.18,68.44444444444444,,,,15.830057144165039,,,,,,,
71.19,68.5,,,,16.979055404663086,,,,,,,16.030757904052734
71.35,68.55555555555556,,,,,,,,,,1228.3280038833618,
71.36,68.61111111111111,,,,,,15.478863716125488,,,,,
71.43,68.66666666666667,,,16.024066925048828,,,,,,,,
71.44,68.72222222222221,,,,,,,,,,,14.86973762512207
71.47,68.77777777777779,,,,15.548258781433105,,,,,,,
71.53,68.83333333333333,,,,,,14.053458213806152,,,,,
71.56,68.88888888888889,,,,,1233.0265817642212,,,,,,
71.62,68.94444444444444,,,,14.112432479858398,,,,,,,
71.64,69.0,,15.7904634475708,,,,,,,,,
71.65,69.05555555555556,,,,12.675137519836426,,,,,,,
71.7,69.11111111111111,,,14.594301223754883,,,,,,,,
71.74,69.22222222222221,,,,11.249886512756348,,,,,,,
71.77,69.27777777777779,,,,,,,,,,1226.8989906311035,
71.84,69.33333333333334,,,,,,,,,,1225.462872505188,
71.86,69.38888888888889,,,,,,,,,,1224.0356607437134,
71.87,69.44444444444444,,,,,1231.5917797088623,,,,,,
71.93,69.5,,,,,,,,,,1222.6004972457886,13.448553085327148
71.95,69.61111111111111,,14.628332138061523,,9.819114685058594,,,,,,,
71.99,69.72222222222221,,,,8.375761032104492,1230.157774925232,,,,,,
72.0,69.83333333333334,15.9977388381958,,,,,,,,,,
72.01,69.88888888888889,,,,,,,,,,,12.019981384277344
72.07,69.94444444444444,,,,7.212401390075684,,,,,,,
72.23,70.0,,,,,1228.7312211990356,,,,,,
72.29,70.05555555555556,,13.468343734741211,,,,,,,,,
72.41,70.11111111111111,,,,,,,,,,,10.581189155578613
72.5,70.16666666666667,14.589330673217773,,,,,,,,,,
72.6,70.22222222222221,,,,,,,,,,1221.1721935272217,
72.63,70.27777777777777,,,,,,12.891490936279297,,,,,9.150486946105957
72.74,70.38888888888889,,,13.42418098449707,,,,,,,,
72.87,70.44444444444444,,,,,,11.72998046875,,,,,
73.08,70.5,,,11.995107650756836,,,,,,,,
73.25,70.55555555555556,,,,,,,,,,,7.710393905639648
73.33,70.61111111111111,,,,5.779361724853516,,,,,,,
73.34,70.66666666666667,,,,,1227.5605936050415,,,,,,
73.36,70.72222222222221,,,,4.289008140563965,,,,,,,
73.5,70.77777777777777,13.410265922546387,,,,,,,,,,
73.59,70.83333333333334,,,,,,,,,,1219.7413110733032,
73.67,70.88888888888889,,,,,1226.384509086609,,,,,,
73.7,70.94444444444444,,,,,,,,,,,6.2713117599487305
73.72,71.0,11.97939682006836,,,,,10.302755355834961,,,,,
73.75,71.11111111111111,10.560550689697266,,,,,,,,,1218.5622253417969,
73.82,71.22222222222221,9.125435829162598,,,,,,,,,,
73.83,71.22222222222221,7.689271926879883,,,,,,,,,,
73.84,71.33333333333334,,,,,,,,,,1217.1292600631714,4.841170310974121
73.91,71.44444444444444,,,10.562087059020996,,,,,,,,
73.92,71.5,,,9.130646705627441,,,,,,,,
74.23,71.61111111111111,,,,2.8544225692749023,,,,,,,
74.31,71.72222222222221,,,,,,8.881272315979004,,,,,
74.47,71.77777777777777,,,,,,,,,,,3.405636787414551
74.48,71.83333333333334,,12.03873062133789,,,,,,,,,
74.5,71.88888888888889,,,,,1224.9568758010864,,,,,,
74.51,71.94444444444444,,10.58718204498291,,,,,,,,,
74.53,72.0,,9.156371116638184,,,,,,,,,
74.61,72.05555555555556,,,,,,,,,,1215.6736316680908,
74.64,72.11111111111111,,,7.702027320861816,,,,,,,,
74.67,72.16666666666667,,7.729946136474609,,,,,,,,,
74.69,72.22222222222221,,6.3007965087890625,,,1223.5265245437622,,,,,,
74.72,72.33333333333334,,4.846011161804199,,,,,,,,,
74.73,72.38888888888889,,,,,,,,,,,1.9642419815063477
74.83,72.44444444444444,,,,,,,,,,1214.2362384796143,
74.85,72.5,,,,,1222.3692636489868,7.44687557220459,,,,,
74.87,72.61111111111111,,,6.269667625427246,,,6.270563125610352,,,,,
74.95,72.72222222222223,6.261075973510742,,,,,,,,,,
74.96,72.77777777777777,4.823450088500977,,,,,,,,,,
74.97,72.83333333333334,,,,1.421889305114746,,,,,,,
75.02,72.88888888888889,,,4.84211540222168,,,,,,,,
75.07,72.94444444444444,,,,,,,,,,1212.8039474487305,
75.08,73.0,,,,,,,,,,1216.138298034668,
75.09,73.0,,,,,,,,,,1219.6786422729492,
75.1,73.0,,,,,,,,,,1233.3840866088867,
75.11,73.0,,,,,,,,,,1254.3432540893555,
75.12,73.0,,,,,1220.9167251586914,,,,,1261.5530319213867,
75.13,73.05555555555556,,,,,,,,,,1268.9633102416992,
75.14,73.05555555555556,,,,,,,,,,1277.4282760620117,
75.15,73.05555555555556,,,,,,,,,,1285.5416793823242,
75.16,73.05555555555556,,,,,,,,,,1301.7163009643555,
75.17,73.05555555555556,,,,,,,,,,1321.4697189331055,
75.18,73.05555555555556,,,,,,,,,,1329.4238204956055,
75.19,73.05555555555556,,,,,,,,,,1340.053092956543,
75.2,73.05555555555556,,,,,,,,,,1353.1350631713867,
75.21,73.05555555555556,,,,,,,,,,1366.5328903198242,
75.22,73.05555555555556,,,,,,,,,,1371.1306686401367,
75.23,73.05555555555556,,,,,,,,,,1378.505241394043,
75.24,73.05555555555556,,,,,,,,,,1399.5632858276367,
75.25,73.11111111111111,,,,,,4.839495658874512,,,,1411.0110397338867,
75.26,73.11111111111111,,,,,,,,,,1426.8203659057617,
75.27,73.11111111111111,,,,,,,,,,1441.7123336791992,
75.28,73.11111111111111,,,,,,,,,,1451.2841720581055,
75.29,73.16666666666667,,,,,,,,,,1461.9930953979492,
75.31,73.16666666666667,,,,,,,,,,1474.2867965698242,
75.32,73.16666666666667,,,,0.2728910446166992,,,,,,,
76.71,73.22222222222223,,,,,,,,,,2398.2507247924805,
76.72,73.22222222222223,1.9769773483276367,0.5455036163330078,0.5455036163330078,305.23754024505615,1218.3300704956055,0.5455036163330078,,,,,0.5455036163330078
80.11,74.11111111111111,,,,,,141.94517421722412,,,,,
80.12,74.11111111111111,,,,,,305.51015281677246,,,,,
82.41,74.16666666666667,0.5455036163330078,,,0.2728910446166992,,,,,,,
82.51,74.3888888888889,,,,11.16452693939209,,,,,,,98.45840644836426
82.52,74.3888888888889,,,,16.872517585754395,,,,,,,105.83023262023926
82.53,74.3888888888889,,,,,,,,,,,125.48752021789551
82.54,74.3888888888889,,,,,,,,,,,132.41714668273926
82.56,74.3888888888889,,,,,,,,,,,142.554780960083
82.57,74.3888888888889,,,,,,,,,,,159.638521194458
82.58,74.3888888888889,,,,,,,,,,,165.46402168273926
82.59,74.3888888888889,,,,,,,,,,,176.5080280303955
82.6,74.3888888888889,,,,,,,,,,,181.94351387023926
82.61,74.3888888888889,,,,,,,,,,,206.0832233428955
82.62,74.3888888888889,,,,,,,,,,,213.603364944458
82.63,74.3888888888889,,,,,,,,,,,217.734224319458
82.64,74.3888888888889,,,,,,,,,,,233.818208694458
82.65,74.3888888888889,,,,,,,,,,,245.8647174835205
82.66,74.3888888888889,,,,,,,,,,,254.175874710083
82.67,74.3888888888889,,,,,,,,,,,262.3771686553955
82.68,74.3888888888889,,,,,,,,,,,285.16006660461426
82.69,74.3888888888889,,,,,,0.5455036163330078,,,,,289.19204902648926
82.75,74.44444444444444,,,,,,17.145130157470703,,,,,369.422456741333
82.76,74.44444444444444,,,,,,,,,,,378.47244453430176
82.77,74.44444444444444,,,,,,,,,,,396.393892288208
82.78,74.44444444444444,,,,,,,,,,,404.88357734680176
82.79,74.44444444444444,,,,,,,,,,,408.19046211242676
82.81,74.44444444444444,,,,,,,,,,,415.37552070617676
82.82,74.44444444444444,,,,,,,,,,,430.1054401397705
82.83,74.44444444444444,,,,,,,,,,,449.0019245147705
82.84,74.44444444444444,,,,,,,,,,,464.3168659210205
82.85,74.44444444444444,,,,,,,,,,,468.3488483428955
82.86,74.44444444444444,,,,,,,,,,,475.61355781555176
82.87,74.44444444444444,,,,,,,,,,,487.95120429992676
82.88,74.44444444444444,,,,,,,,,,,503.686372756958
82.89,74.44444444444444,,,,,,,,,,,516.0102863311768
82.9,74.44444444444444,,,,,,,,,,,520.6217975616455
82.91,74.44444444444444,,,,,,,,,,,543.0091876983643
82.92,74.44444444444444,,,,,,,,,,,543.2316608428955
82.93,74.44444444444444,,,,,,,,,,,557.750093460083
82.94,74.44444444444444,,,,,,,,,,,565.879976272583
82.95,74.44444444444444,,,,,,,,,,,582.1919269561768
82.96,74.44444444444444,,,,,,,,,,,587.9130573272705
82.97,74.44444444444444,,,,,,,,,,,603.3076496124268
82.98,74.44444444444444,,,,,,,,,,,613.1349201202393
82.99,74.44444444444444,,,,,,,,,,,628.1257648468018
83.0,74.44444444444444,,,,,,,,,,,643.6357135772705
83.01,74.44444444444444,,,,,,,,,,,659.802095413208
83.02,74.44444444444444,,,,,,,,,,,668.6598224639893
83.03,74.44444444444444,,,,,,,,,,,682.4504108428955
83.04,74.44444444444444,,,,,,,,,,,690.519868850708
83.06,74.44444444444444,,,,,,,,,,,694.661714553833
83.07,74.44444444444444,,,,,,,,,,,710.1579303741455
83.08,74.44444444444444,,,,,,,,,,,727.2663898468018
83.09,74.44444444444444,,,,,,,,,,,739.2744464874268
83.1,74.44444444444444,,,,,,,,,,,747.7888507843018
83.11,74.44444444444444,,,,,,,,,,,763.4388751983643
83.12,74.44444444444444,,,,,,,,,,,771.730806350708
83.13,74.44444444444444,,,,,,,,,,,785.101167678833
83.14,74.44444444444444,,,,,,,,,,,789.5780963897705
83.15,74.44444444444444,,,,15.440164566040039,,,,,,,793.758394241333
83.16,74.5,,,,15.448878288269043,,,,,,,814.9812335968018
83.17,74.55555555555556,,,,16.877120971679688,,,,,,,831.3508625030518
83.18,74.55555555555556,,,,,,,,,,,846.943208694458
83.19,74.55555555555556,,,,,,,,,,,847.2013874053955
83.2,74.55555555555556,,,,,,,,,,,859.8274250030518
83.21,74.55555555555556,,,,,,,,,,,867.300874710083
83.28,74.55555555555556,,,,,1235.0603218078613,,,,,,956.0676593780518
83.81,74.55555555555556,17.833693504333496,17.816872596740723,17.275517463684082,15.449974060058594,,14.292101860046387,,1195.2221145629883,1208.4685668945312,,1172.0011920928955
83.82,74.77777777777777,,,,16.879985809326172,,17.250916481018066,,,1209.905216217041,,
83.85,74.77777777777777,,,,,,15.823769569396973,,,,,
83.86,74.83333333333333,,,,,,17.262452125549316,,,,,
83.87,74.83333333333333,,,15.853814125061035,,,,,,,,
83.9,74.8888888888889,,,15.857603073120117,15.442761421203613,,,,,,,
83.91,75.0,,,17.292691230773926,16.88802433013916,,,,,,,
83.92,75.0,,,,,1233.6386184692383,,,,,,
83.93,75.05555555555556,,,,,1235.1587867736816,,,,,,
84.02,75.1111111111111,,,,15.459781646728516,,,,,,,
84.03,75.16666666666667,,,,16.89886474609375,,,,,,,
84.12,75.16666666666667,17.92398738861084,,,,,,,,,,
84.21,75.22222222222223,,,15.86473560333252,,,,,,,,
84.22,75.27777777777777,,,17.299257278442383,,1233.730544090271,,,,,,
84.23,75.33333333333333,,,,,1235.1522703170776,,,,,,
84.25,75.3888888888889,,,,,,15.825227737426758,,,,,
84.27,75.3888888888889,,,,,1235.1521492004395,17.26520824432373,,,,,
84.38,75.44444444444444,,,,,,,,1193.7931499481201,,,
84.39,75.5,,,,,,,,1195.316270828247,,,
84.41,75.5,,,,15.465204238891602,,,,,,,
84.42,75.55555555555556,,,,16.902859687805176,,,,,,,
84.62,75.55555555555556,,,15.8649263381958,,,,,,,,
84.63,75.6111111111111,,,17.29635238647461,,,,,,,,
84.67,75.6111111111111,,,,,1233.7178182601929,,,,,,
84.68,75.66666666666667,,,,,1235.1440916061401,,,,,,
84.81,75.66666666666667,,16.38123893737793,,,,,,,,,
84.82,75.72222222222223,,17.90961265563965,,,,15.831547737121582,,,,,
84.83,75.77777777777777,,,,,,17.267181396484375,,,,,
85.32,75.77777777777777,,,,,,,,1193.880373954773,,,
85.33,75.83333333333333,,,,,,,,1195.3081817626953,,,
85.48,75.83333333333333,,,,,,,,1193.8753242492676,,,
85.49,75.88888888888889,,,,,,,,1195.303210258484,,,
85.84,75.88888888888889,,17.904254913330078,,,,15.833196640014648,,,,,
85.86,76.0,,,,,,17.272008895874023,,,,,
85.96,76.05555555555556,16.490002632141113,,,,,,,,,,
85.97,76.11111111111111,17.926254272460938,,,,,,,,,,
86.07,76.11111111111111,,16.477981567382812,,,,,,,,,
86.08,76.16666666666667,,17.906946182250977,,,,,,,,,
86.1,76.16666666666667,,16.479138374328613,,,,,,,,,
86.11,76.22222222222223,,17.917814254760742,,,,,,,,,
86.22,76.22222222222223,,16.489928245544434,,,,,,,,,
86.24,76.27777777777777,,17.950932502746582,,,,,,,,,
86.61,76.27777777777777,,,,15.753009796142578,,,,,,,
86.62,76.38888888888889,,,,17.190088272094727,,,,,,,
86.63,76.38888888888889,,,,17.455920219421387,,,,,,,
86.75,76.44444444444444,,,,,1233.7178182601929,,,,,,
86.76,76.5,,,,,1235.153715133667,,,,,,
86.85,76.5,,,,,,,,,1208.4830780029297,,
86.86,76.55555555555556,,,,,,,,,1210.0068063735962,,
86.96,76.55555555555556,,,,,,,,1195.2975406646729,,,
86.99,76.61111111111111,,,,16.030734062194824,,,,,,,
87.0,76.66666666666667,,,,17.45833683013916,,,,,,,
87.06,76.66666666666667,,,,,,,,,1208.5792036056519,,
87.07,76.72222222222223,,,,,,,,,1210.0146217346191,,
87.08,76.72222222222223,,,,,,15.846658706665039,,,,,
87.09,76.77777777777777,,,,,,17.29427719116211,,,,,
87.11,76.77777777777777,,17.95261001586914,,,,,,,,,
87.14,76.83333333333333,,,,,,16.137479782104492,,,,,
87.17,76.88888888888889,,,,,,17.56736946105957,,,,,
87.19,76.88888888888889,,,,,,,,1195.2962589263916,,,
87.2,76.94444444444444,,,,,,16.40599822998047,,,,,
87.21,77.0,,,,,,17.83748435974121,,,,,
87.25,77.0,,,,,,,,1193.8575830459595,,,
87.28,77.05555555555556,,,,,,,,1195.3433141708374,,,
87.31,77.05555555555556,,16.523645401000977,,,,,,,,,
87.33,77.11111111111111,,17.95926284790039,,,,,,,,,
87.36,77.11111111111111,,,17.554569244384766,,,,,,,,
87.39,77.16666666666666,,,16.39186382293701,,,,,,,,
87.4,77.22222222222223,,,17.828513145446777,,,,,,,,
87.5,77.22222222222223,,,,,1233.982653617859,,,,,,
87.53,77.27777777777777,,,,,1235.4094095230103,16.41229820251465,,,,,
87.56,77.33333333333333,,,,,,17.842869758605957,,,,,
87.57,77.33333333333333,,,,16.049747467041016,1235.6808452606201,,,,,,
87.58,77.5,,,,17.484694480895996,,,,,,,
87.61,77.5,,,,16.052851676940918,,,,,,,
87.62,77.55555555555556,,,,17.481855392456055,,,,,,,
87.64,77.55555555555556,,,16.405611991882324,,,,,,,,
87.67,77.61111111111111,,,17.8388032913208,,,,,,,,
87.84,77.61111111111111,,,,,1235.6820459365845,,,,,,
87.88,77.66666666666666,,,,,,,,1192.4688682556152,,,
87.93,77.77777777777779,,,,,,,,1195.053376197815,,,
88.0,77.94444444444444,,,,,,,,1195.025403022766,,,
88.02,77.94444444444444,,,,,,,,1193.5885314941406,,,
88.04,78.0,,,,,,,,1193.5873012542725,1208.5288906097412,,
88.08,78.11111111111111,,,16.405611991882324,,,16.41666316986084,,1193.61674118042,1207.0945310592651,,
88.21,78.38888888888889,,,17.848690032958984,,,14.996566772460938,,1194.7772874832153,1199.8937854766846,,
88.24,78.88888888888889,,,,,,17.59164524078369,,,1209.9205436706543,,
88.26,78.88888888888889,,,16.420342445373535,16.05246639251709,,,,,,,
88.29,79.0,,,17.855144500732422,17.477871894836426,,,,,,,
88.32,79.0,,,16.412025451660156,,,,,,,,
88.34,79.05555555555556,,,17.8389892578125,,,,,,,,
88.36,79.05555555555556,,,16.402830123901367,,,,,,,,
88.38,79.11111111111111,,,17.82559299468994,,,,,,,,
88.39,79.11111111111111,,,16.39387035369873,,,,,,,,
88.4,79.11111111111111,,,17.8278751373291,,,,,,,,
88.46,79.16666666666666,,,17.80928897857666,,,,,,,,
88.5,79.27777777777779,,,,,1235.4166269302368,,,,,,
88.52,79.33333333333333,,,,,1233.9882793426514,,,,,,
88.53,79.38888888888889,,,,,1235.422103881836,,,,,,
88.56,79.38888888888889,,,,,,,,1193.3558883666992,1209.9120149612427,,
88.57,79.5,,,,,1233.9859447479248,,,1194.7824420928955,,,
88.58,79.55555555555556,,,,,1235.4103803634644,,,,,,
88.64,79.55555555555556,,,,,,,,1194.7909994125366,,,
88.69,79.61111111111111,,,,,1233.9809913635254,,,,,,
88.71,79.66666666666666,,,,,1235.1409797668457,,,,,,
88.74,79.66666666666666,,,,,1235.1358547210693,,,,,,
88.78,79.72222222222223,,,,,1233.702389717102,,,,,,
88.79,79.77777777777779,,16.53753662109375,,,1235.1457433700562,,,,,,
88.81,79.83333333333333,,17.96690845489502,,,,,,,,,
88.83,79.83333333333333,,,,,,,,,1208.4841527938843,,
88.84,79.88888888888889,,,,,,,,,1209.9150218963623,,
88.87,79.88888888888889,,,16.379828453063965,,,,,,,,
88.88,79.94444444444444,,,17.81922149658203,,,,,,,,
88.91,79.94444444444444,,,,16.047860145568848,,,,,,,
88.92,80.0,,,,17.482975006103516,,,,,,,
88.93,80.0,,,,17.473875999450684,,,,,,,
88.99,80.05555555555556,,,16.384133338928223,,,,,,1208.4877490997314,,
89.03,80.16666666666666,,,16.39038372039795,,,,,,1209.920602798462,,
89.04,80.22222222222221,,,17.825156211853027,,,,,,,,
89.09,80.22222222222221,,,,16.03479290008545,,,,,,,
89.1,80.27777777777779,,,,17.470911026000977,,,,,,,
89.18,80.27777777777779,,,17.826345443725586,,,,,,,,
89.21,80.33333333333333,,,,,,16.152962684631348,,,,,
89.22,80.38888888888889,,,,,,17.580174446105957,,,,,
89.25,80.44444444444444,,,,,1235.1385078430176,,,,,,
89.32,80.44444444444444,,,,,,16.146215438842773,,,,,
89.34,80.5,,,,,,17.57146644592285,,,,,
89.42,80.5,,,,16.033255577087402,,,,,,,
89.43,80.55555555555556,,,,17.468419075012207,,,,,,,
89.52,80.55555555555556,,,,,1233.7106733322144,,,,,,
89.53,80.61111111111111,,,,,1235.1318578720093,,,,,,
89.64,80.61111111111111,,,,,,,,1194.7953329086304,,,
89.65,80.66666666666666,,,16.394919395446777,,,,,,,,
89.66,80.72222222222221,,,17.825730323791504,,,,,,,,
89.74,80.72222222222221,,,,,,16.13148593902588,,,,,
89.75,80.77777777777779,,,,,,17.5610990524292,,,,,
89.88,80.77777777777779,,,,,1233.7097959518433,,,,,,
89.89,80.83333333333333,,,,,1234.873155593872,,,,,,
89.93,80.83333333333333,,,,,,,,1193.354525566101,1208.4874982833862,,
89.96,80.94444444444444,,,,,,,,1194.7930545806885,1209.9390468597412,,
90.0,81.0,16.496793746948242,,,,,,,,,,
90.01,81.0,17.925867080688477,15.104552268981934,,,,,,,,,
90.06,81.11111111111111,16.494144439697266,17.95361328125,,,,,,1193.3709163665771,,,
90.08,81.22222222222221,17.92056941986084,,,,,,,1194.825701713562,,,
90.1,81.22222222222221,17.915760040283203,16.515957832336426,,,,,,,,,
90.11,81.33333333333333,16.488849639892578,17.695022583007812,,,,,,,,,
90.13,81.44444444444444,17.649869918823242,,,,,,,,,,
90.16,81.44444444444444,14.765924453735352,16.26277256011963,,,,,,,,,
90.17,81.61111111111111,17.418245315551758,17.695812225341797,17.807525634765625,,,,,,,,
90.18,81.66666666666667,17.405393600463867,,,,,,,,,,
90.19,81.77777777777779,17.407931327819824,,,,,,,,,,
90.25,81.83333333333334,,16.255831718444824,,,,,,,,,
90.26,81.88888888888889,,17.68653392791748,,,,,,,,,
90.29,81.88888888888889,,,,,,,,1193.3871726989746,,,
90.32,81.94444444444444,,,,,,,,1194.8211307525635,,,
90.39,81.94444444444444,,16.255107879638672,,,,,,,,,
90.4,82.0,,17.673954010009766,,,,,,,,,
90.48,82.0,,,,,1233.4487199783325,,,,,,
90.51,82.05555555555556,,,,,1234.6102304458618,,,,,,
90.66,82.05555555555556,,,16.390019416809082,,,,,,,,
90.68,82.11111111111111,,,17.81818675994873,,,,,,,,
90.74,82.11111111111111,15.982836723327637,,,,,,,,,,
90.75,82.16666666666667,17.15295696258545,,,,,,,,,,
90.84,82.16666666666667,,,17.811814308166504,,,,,,,,
90.86,82.22222222222221,,,,16.04081630706787,,,,,,,
90.87,82.27777777777779,,,,17.472256660461426,,,,,,,
90.95,82.27777777777779,,,16.377041816711426,,,,,,,,
90.96,82.33333333333334,,,17.81834888458252,,,,,,,,
91.12,82.33333333333334,,,,,,14.686653137207031,,1193.3871726989746,,,
91.13,82.5,,,,,,17.285686492919922,,1194.827265739441,,,
91.17,82.5,,,16.39018154144287,,,,,,,,
91.18,82.55555555555556,,,17.821755409240723,,,,,,,,
91.34,82.55555555555556,,,,,,,,1195.1058254241943,,,
91.44,82.61111111111111,,,,,,,,,1208.503628730774,,
91.49,82.66666666666667,,,,,,,,1193.6792211532593,1209.938214302063,,
91.5,82.72222222222221,,,,,,,,1195.1101036071777,,,
91.52,82.72222222222221,,16.235278129577637,,,,,,,,,
91.57,82.77777777777777,,17.665629386901855,,,,,,1193.6243724822998,,,
91.59,82.83333333333334,,,,,,,,1195.0468587875366,,,
91.63,82.83333333333334,,,,16.04962730407715,,,,,,,
91.64,82.88888888888889,,,,15.788840293884277,,,,1193.8863124847412,,,
91.65,83.0,,,,17.214762687683105,,,,1195.3126726150513,,,
91.68,83.0,,,,15.777684211730957,,,,,,,
91.69,83.05555555555556,,,,17.213356971740723,,,,,,,
91.75,83.05555555555556,,,,,,15.857280731201172,,,,,
91.77,83.11111111111111,,,,,,17.28742218017578,,,,,
92.0,83.16666666666667,,,,,,,,1195.32315158844,,,
92.18,83.16666666666667,,,,,,,,1193.8909368515015,,,
92.19,83.22222222222221,,,,,,,,1195.3253335952759,,,
92.31,83.22222222222221,,,,,,,,1195.322057723999,,,
92.35,83.27777777777777,,,,,,,,1193.8890266418457,,,
92.36,83.33333333333334,,,,,,,,1195.3176460266113,,,
92.4,83.33333333333334,,,,,,,,1193.8511276245117,,,
92.41,83.38888888888889,,,16.385106086730957,,,,,1195.2857217788696,1208.5167121887207,,
92.43,83.5,,,17.837644577026367,,,,,,1209.9490718841553,,
92.46,83.5,,,,,,,,,1208.5406637191772,,
92.47,83.55555555555556,,,16.408366203308105,,,,,,1209.971731185913,,
92.48,83.61111111111111,,,17.829849243164062,,,,,,1208.5376844406128,,
92.49,83.66666666666667,,,,,,,,,1209.970217704773,,
92.5,83.72222222222221,,,,,,,,,1208.536994934082,,
92.53,83.72222222222221,,,,15.777684211730957,,,,,1208.5463409423828,,
92.56,83.83333333333334,,,,17.205317497253418,,,,,1208.5182676315308,,
92.57,83.83333333333334,,,,,,,,,1209.9538011550903,,
92.59,83.88888888888889,,17.412569999694824,,,,17.260233879089355,,,,,
92.6,84.0,,,,,,17.25522518157959,,,,,
92.62,84.05555555555554,,,,,,16.092205047607422,,,,,
92.63,84.11111111111111,,,17.819183349609375,,,17.54783344268799,,,1209.9625816345215,,
92.64,84.22222222222221,,,,15.767011642456055,,16.11794376373291,,,,,
92.65,84.38888888888889,,,,17.204404830932617,,17.2752046585083,,,,,
92.67,84.38888888888889,15.716705322265625,,,,,,,,,,
92.68,84.44444444444444,17.147501945495605,,,,,,,,,,
92.71,84.44444444444444,,,,15.764975547790527,,,,,,,
92.73,84.5,,15.988738059997559,,17.20194911956787,1233.1834745407104,,,,,,
92.74,84.61111111111111,,17.4235200881958,,,1234.3597869873047,,,,,,
92.75,84.66666666666667,,,,,,,,,1209.958161354065,,
92.77,84.66666666666667,,15.962515830993652,,,,,,,,,
92.78,84.72222222222221,,17.382628440856934,,,,,,,,,
92.83,84.72222222222221,,,,,,,,1193.8591680526733,,,
92.84,84.77777777777777,,,,,,,,1195.2905416488647,,,
92.87,84.77777777777777,,,,,1232.925645828247,,,,,,
92.88,84.83333333333334,,,,,1234.355411529541,,,,,,
92.91,84.83333333333334,,,17.819083213806152,,,,,,,,
92.92,84.88888888888889,,,,,,17.27692413330078,,,,,
92.96,84.94444444444444,,,,,1234.6320724487305,,,,1208.5338325500488,,
92.97,85.05555555555556,,,,,,,,,1209.9696588516235,,
93.0,85.05555555555556,,,,,1234.9032726287842,,,,,,
93.02,85.11111111111111,,,,,,,,1193.8587970733643,,,
93.03,85.16666666666667,,,,,,,,1195.2775354385376,,,
93.07,85.16666666666667,,15.957399368286133,,,,,,,,,
93.08,85.22222222222223,,17.117576599121094,,,,,,,,,
93.15,85.22222222222223,,,,,,17.005492210388184,,,,,
93.17,85.27777777777777,,,,,1234.9059267044067,,,,,,
93.2,85.33333333333333,,,,,,,,,1208.5387897491455,,
93.27,85.38888888888889,,,16.376005172729492,,,,,,1209.9693613052368,,
93.28,85.44444444444444,,,17.90630531311035,,,,,,,,
93.32,85.44444444444444,,,,15.776543617248535,,,,,,,
93.34,85.5,,,,17.301555633544922,,,,,,,
93.35,85.5,,,17.91428852081299,,,,,,,,
93.39,85.55555555555556,,,17.90849018096924,,,,,,,,
93.44,85.61111111111111,,,17.92680263519287,,,,,,,,
93.5,85.72222222222223,,,17.654229164123535,,,,,,1209.9650297164917,,
93.52,85.77777777777777,,,,,,15.57193374633789,,,1208.529203414917,,
93.56,85.88888888888889,,,,,,17.004148483276367,,,1209.953441619873,,
93.58,85.88888888888889,,,,,,17.007110595703125,,,,,
93.72,85.94444444444444,,17.111427307128906,,,,,,,,,
93.75,86.0,,,,,,15.581859588623047,,,,,
93.76,86.05555555555556,,,,,,17.00325870513916,,,,,
93.77,86.05555555555556,,,,,1234.9351501464844,,,,,,
93.79,86.11111111111111,,,,,1233.5013256072998,,,,,,
93.81,86.16666666666667,,,,,1234.9291877746582,,,,,,
93.84,86.16666666666667,,,17.38158416748047,,,,,,,,
93.9,86.22222222222223,,15.675809860229492,,,,,,,,,
93.93,86.27777777777777,,17.109368324279785,,,,,,1193.8489637374878,,,
93.94,86.33333333333333,,,,,,,,1195.2762365341187,,,
93.96,86.33333333333333,,,,14.430276870727539,,,,,,,
93.98,86.44444444444444,,,,17.294857025146484,1233.4994220733643,,,,,,
93.99,86.5,,,,,1234.6624422073364,,,,,,
94.0,86.5,15.716705322265625,,,,,,,,,,
94.03,86.55555555555556,17.14876365661621,,,,,,,,,,
94.1,86.55555555555556,,,,,1234.6642847061157,,,,,,
94.13,86.61111111111111,,,,15.858738899230957,,,,,,,
94.15,86.66666666666667,,,,17.314364433288574,1234.6293392181396,,,,,,
94.17,86.72222222222223,,,15.952570915222168,,,,,,,,
94.23,86.77777777777777,,,17.38661766052246,,,,,,1208.501893043518,,
94.25,86.83333333333333,,,,,1233.4659795761108,,,,1209.935115814209,,
94.26,86.8888888888889,,,,,1234.8990840911865,,,,,,
94.41,86.8888888888889,,,,,,,,1193.8214511871338,,,
94.42,86.8888888888889,,,,,,,,1195.251187324524,,,
94.46,86.94444444444444,,,,15.87920093536377,,,,,,,
94.5,87.05555555555556,,,,17.304606437683105,,15.581859588623047,,,,,
94.51,87.05555555555556,,,,,,17.016661643981934,,,,,
94.63,87.05555555555556,,,,,,15.589449882507324,,,,,
94.68,87.1111111111111,,,,,,17.016413688659668,,,,,
94.72,87.1111111111111,,,17.37856960296631,,,,,,,,
94.77,87.16666666666667,,,,,,,,1193.823914527893,,,
94.79,87.22222222222223,,,,,,,,1195.2579193115234,,,
94.81,87.22222222222223,,,,,1233.7375736236572,,,,,,
94.82,87.27777777777777,,,,,1233.7245903015137,,,,,,
94.84,87.33333333333333,,,,,1234.886721611023,,,,,,
94.87,87.33333333333333,,,,,1234.90283203125,,,,,,
94.94,87.3888888888889,,,,,1233.4640398025513,,,,,,
94.95,87.44444444444444,,,,,1234.8978643417358,,,,,,
95.07,87.44444444444444,17.41207218170166,,,,,,,,,,
95.15,87.5,,,,,,17.013354301452637,,,,,
95.26,87.55555555555556,,,,,,,,,1208.510877609253,,
95.27,87.6111111111111,,,,,,,,,1209.9353132247925,,
95.35,87.6111111111111,,,15.955806732177734,,,,,,,,
95.36,87.66666666666667,,,17.39661407470703,,,,,,,,
95.42,87.66666666666667,,,,,,15.842726707458496,,,,,
95.43,87.72222222222223,,,,,,17.00271511077881,,,,,
95.45,87.72222222222223,,15.679996490478516,,,,,,,,,
95.46,87.77777777777777,,15.931703567504883,,,,,,1193.8178262710571,,,
95.47,87.8888888888889,,17.361075401306152,,,,,,1195.2611799240112,,,
95.56,87.8888888888889,17.680974006652832,,,,,,,,,,
95.66,87.94444444444444,,,,,,,,1195.2605819702148,,,
95.73,88.0,,,,17.563636779785156,,,,,,,
95.75,88.1111111111111,,17.378393173217773,,,,,,,,,
95.78,88.1111111111111,,,,,,,,,1208.5007276535034,,
95.79,88.16666666666667,,,,,,,,,1209.933581352234,,
95.86,88.16666666666667,,,,,,,,1193.8296995162964,,,
95.87,88.22222222222223,,,,,,,,1195.2587127685547,,,
95.93,88.22222222222223,,,,,,,,1195.2671251296997,,,
95.96,88.27777777777777,,,15.963593482971191,16.1321964263916,,,,,,,
95.99,88.38888888888889,,,17.399304389953613,17.56831455230713,,,,,,,
96.07,88.38888888888889,16.51085376739502,,,,,,,,,,
96.13,88.44444444444444,17.93806552886963,,,,,,,,,,
96.24,88.44444444444444,,,,,,,,,1208.494499206543,,
96.27,88.5,,,,,,,,,1209.916561126709,,
96.38,88.5,,,,,,,,1195.2594108581543,,,
96.42,88.55555555555556,,,,,1234.899923324585,,,,,,
96.48,88.61111111111111,,,,,,,,1193.8250141143799,,,
96.49,88.66666666666667,,,,,,,,1195.2461986541748,,,
96.65,88.66666666666667,,,15.977821350097656,,,,,,,,
96.66,88.72222222222223,,,17.40639305114746,,,,,1195.248390197754,,,
96.69,88.77777777777777,16.508992195129395,,,,,,,,,,
96.7,88.83333333333333,17.938605308532715,,,,,,,,,,
96.71,88.83333333333333,16.509455680847168,,,,,,,,,,
96.73,88.88888888888889,17.672815322875977,,,,,,,,1208.494499206543,,
96.74,88.94444444444444,,,,17.59394073486328,,,,,1209.9330282211304,,
96.75,89.05555555555556,17.669740676879883,,,16.16630744934082,,,,1195.2428693771362,,,
96.77,89.16666666666667,14.815119743347168,,,17.590139389038086,,,,,1208.5085926055908,,
96.78,89.33333333333333,14.803918838500977,,,,,,,,1207.0999507904053,,
96.82,89.5,15.903735160827637,,,,,,,,1208.2796592712402,,
96.83,89.61111111111111,17.065702438354492,17.435707092285156,,,,,,,1209.7126989364624,,
96.88,89.66666666666666,,,15.965585708618164,,,,,,,,
96.9,89.72222222222223,,17.433308601379395,17.383091926574707,,,,,,,,
96.91,89.77777777777777,,,,,,,,,1209.7043905258179,,
96.92,89.83333333333333,,,,,,,,,1208.2718572616577,,
96.93,89.88888888888889,17.06917953491211,,,,,,,,1209.7094831466675,,
96.96,89.94444444444444,,,,,,,,,1209.7020463943481,,
96.97,90.0,,,15.947381019592285,,,,,,,,
96.98,90.05555555555556,,,17.36622714996338,,,,,,,,
97.02,90.05555555555556,,,,,1233.7236108779907,17.006964683532715,,,,,
97.04,90.16666666666666,,,,,1235.1517782211304,,,,,,
97.06,90.16666666666666,,,,,,,,1194.9816160202026,,,
97.1,90.22222222222223,,,,,,,,,1208.2635173797607,,
97.12,90.27777777777779,,,,,,,,,1209.6965379714966,,
97.19,90.27777777777779,,,,,,15.576823234558105,,,,,
97.21,90.33333333333333,,,,,,17.00826358795166,,,,,
97.31,90.33333333333333,,,,,,,,1195.0041847229004,,,
97.33,90.38888888888889,,,,,,,,1193.5647916793823,,,
97.34,90.44444444444444,,,,,,,,1195.0048847198486,,,
97.38,90.44444444444444,,,17.119348526000977,,,,,,,,
97.43,90.5,,,17.095215797424316,,,,,,,,
97.48,90.55555555555556,,,,,,15.859265327453613,,,,,
97.53,90.61111111111111,,,,,,17.290839195251465,,1195.010103225708,,,
97.57,90.72222222222223,,,15.933784484863281,,,,,,,,
97.58,90.77777777777779,,,17.368370056152344,,,,,,,,
97.61,90.77777777777779,,,,,,,,,1208.2659664154053,,
97.72,90.83333333333333,,,15.937728881835938,16.164494514465332,1233.7236108779907,,,,1209.6968488693237,,
97.78,91.0,,,17.113813400268555,14.720479011535645,1235.1460971832275,,,,1206.838788986206,,
97.82,91.22222222222223,,,,17.57276153564453,,,,,1209.7046031951904,,
97.92,91.22222222222223,,,15.682339668273926,,,,,,,,
97.93,91.27777777777779,,,17.115304946899414,,,,,,,,
97.96,91.27777777777779,,16.254222869873047,,,,,,,,,
97.99,91.33333333333333,,17.68861961364746,15.686899185180664,,,15.835210800170898,,,,,
98.0,91.44444444444444,,,15.954972267150879,,,17.266955375671387,,,,,
98.02,91.5,,,17.38956642150879,,,,,,,,
98.03,91.5,,,,,,17.27283763885498,,,,,
98.17,91.55555555555556,,16.26850700378418,,,,,,,,,
98.19,91.66666666666666,,17.72104549407959,,,,,,,,,
98.23,91.66666666666666,,,,,,17.27161407470703,,,,,
98.24,91.72222222222223,,17.712177276611328,,,,,,,,,
98.36,91.77777777777779,,,,17.57115364074707,1235.1626930236816,,,,,,
98.39,91.88888888888889,,,,,1235.1635704040527,,,,,,
98.41,91.94444444444444,,,,,1232.5693616867065,,,,,,
98.43,92.05555555555556,,,13.086186408996582,,1235.4324474334717,,,,,,
98.44,92.11111111111111,,,17.11217975616455,,,,,,,,
98.49,92.22222222222223,,16.552000045776367,,,,,,,,,
98.5,92.27777777777779,,18.007628440856934,,,,,,,1208.2689304351807,,
98.51,92.33333333333333,,,,,,,,,1209.7103252410889,,
98.52,92.33333333333333,,,,,,,,,1208.277102470398,,
98.54,92.38888888888889,,,,,,,,,1209.7077436447144,,
98.7,92.38888888888889,,,,,,,,1193.5803670883179,,,
98.71,92.44444444444444,,,,,,,,1195.0060119628906,,,
98.72,92.44444444444444,,,,16.12807559967041,,,,,,,
98.75,92.55555555555556,,,,17.565468788146973,,,,1194.721965789795,,,
98.77,92.55555555555556,,,,16.141636848449707,,,,,,,
98.78,92.61111111111111,,,,17.572433471679688,,,,,,,
98.81,92.61111111111111,,,,,,15.839399337768555,,,,,
98.82,92.66666666666666,,,,,,17.2763729095459,,,,,
98.91,92.66666666666666,,,15.691749572753906,,,,,,,,
98.94,92.72222222222221,,,16.868062019348145,17.585713386535645,,,,,,,
98.96,92.77777777777779,,,,,,15.84462833404541,,,,,
98.97,92.83333333333333,,,,,,17.273061752319336,,,,,
99.03,92.83333333333333,,,,,,15.838041305541992,,,,,
99.04,92.88888888888889,,,,,,17.258153915405273,,,,,
99.19,92.88888888888889,,,,,1233.965929031372,,,1194.719334602356,,,
99.23,93.0,,,15.434015274047852,16.130087852478027,1234.2335634231567,,,,,,
99.37,93.16666666666666,,16.57284641265869,16.872807502746582,17.561561584472656,1235.6658544540405,,,,,,
99.4,93.27777777777779,,18.0086727142334,,,,15.826580047607422,,,,,
99.41,93.33333333333333,,,,,1234.2574462890625,17.257768630981445,,,,,
99.42,93.38888888888889,,,,,1235.6761846542358,,,,,,
99.51,93.38888888888889,,,,,,,,,1208.274889945984,,
99.53,93.44444444444444,,,,17.285154342651367,1234.2435703277588,,,,1209.4350671768188,,
99.72,93.55555555555556,,,,,,16.097780227661133,,,,,
99.75,93.61111111111111,,,,15.854357719421387,,,,,,,
99.78,93.66666666666667,,,,,,,,1193.2759809494019,,,
99.79,93.72222222222221,15.643950462341309,,,,,,,,,,
99.93,93.77777777777779,,,,,,,,1191.8507299423218,,,
99.94,93.83333333333333,,,,,,14.662978172302246,,,,,
99.96,93.88888888888889,,,,,,13.23454475402832,,,,,
100.0,94.0,,,,,,11.807580947875977,,,,,
100.1,94.05555555555556,,,,,1232.828691482544,,,,,,
100.15,94.11111111111111,,,,,1231.391396522522,,,,,,
100.26,94.16666666666667,,,,,,,,1190.4217166900635,,,
100.28,94.22222222222221,,,,,1229.9575719833374,,,,,,
100.29,94.27777777777779,,,,,,,,,1208.2560024261475,,
100.32,94.33333333333334,,,,,1228.5278062820435,,,,,,
100.35,94.38888888888889,,16.57284641265869,,,,,,,,,
100.43,94.44444444444444,,15.139815330505371,,,,,,,,,
100.5,94.5,,,,,,,,1189.2515964508057,,,
100.52,94.55555555555556,,,,,,10.381027221679688,,,,,
100.67,94.61111111111111,14.211892127990723,,,,,,,,,,
100.75,94.66666666666667,,13.706256866455078,,,,,,,,,
100.76,94.72222222222221,,,,14.419242858886719,,,,1187.8304119110107,,,
101.0,94.94444444444444,,,15.453961372375488,12.983124732971191,,,,1186.399600982666,,,
101.11,95.0,,,,,,,,1184.9705276489258,1206.8012170791626,,
101.13,95.11111111111111,,,,,,,,,1205.3730211257935,,
101.18,95.16666666666667,,,14.015169143676758,,,,,,1203.9399814605713,,
101.24,95.33333333333334,,,,,,,,,1202.5023555755615,,
101.25,95.44444444444444,,,,,,,,,1201.0751304626465,,
101.35,95.44444444444444,,,,,,9.21951675415039,,,,,
101.45,95.55555555555556,,,12.844541549682617,,,,,,,,
101.48,95.61111111111111,,,,,,,,,1199.6421098709106,,
101.7,95.66666666666667,,,11.415969848632812,,,,,1183.5304346084595,,,
101.74,95.77777777777777,,,,11.531576156616211,,,,,,,
101.75,95.83333333333334,,,,,1227.0926427841187,,,,,,
101.76,95.88888888888889,13.050871849060059,,,,,,,,,,
101.83,95.94444444444444,11.626543045043945,,,,,,,,,,
101.86,96.0,,,,,,,,1182.090443611145,,,
101.9,96.05555555555556,,,10.239885330200195,,,,,,,,
102.02,96.11111111111111,,12.275485038757324,,,,,,,,,
102.12,96.16666666666667,,10.846113204956055,,,,,,,,,
102.16,96.22222222222221,,,,,,,,,1196.7810859680176,,
102.23,96.33333333333334,10.463183403015137,,,,,,,,,,
102.25,96.44444444444444,9.301216125488281,,,,,,,,,,
102.28,96.44444444444444,,,,,,,,1180.9331827163696,,,
102.36,96.5,,9.40994930267334,,,,,,,,,
102.51,96.55555555555554,,,9.060799598693848,,,,,,,,
102.63,96.61111111111111,,,7.626214027404785,,,,,,,,
102.77,96.66666666666667,7.874004364013672,,,,,7.788076400756836,,,,,
102.84,96.77777777777777,,,,10.105216026306152,,,,,1195.3396911621094,,
102.86,96.88888888888889,,,,8.674864768981934,,,,,,,
102.89,96.94444444444444,,,,7.2489423751831055,,,,,,,
102.9,97.0,,,,,1225.6650094985962,,,,1193.909049987793,,
102.95,97.11111111111111,,,,,,,,1179.5075378417969,,,
103.0,97.16666666666667,,,6.449901580810547,,,,,,,,
103.01,97.22222222222221,,,,,1224.2259273529053,,,,,,
103.03,97.27777777777777,,,5.016936302185059,,,,,,,,
103.04,97.33333333333334,,,3.5883169174194336,,,,,,,,
103.07,97.38888888888889,,,,,,,,,1192.748872756958,,
103.08,97.44444444444444,,,,,,,,,1193.3668537139893,,
103.09,97.44444444444444,,,,,,,,,1203.8587970733643,,
103.11,97.44444444444444,,,,,,,,,1220.851900100708,,
103.12,97.44444444444444,,,2.1537227630615234,,,,,,1226.0209674835205,,
103.13,97.55555555555556,,,,,,,,,1241.5528888702393,,
103.14,97.55555555555556,,,,,,,,,1248.757173538208,,
103.15,97.55555555555556,,,,,,,,,1264.8686237335205,,
103.16,97.55555555555556,,,,,,,,,1274.3251056671143,,
103.17,97.55555555555556,,,,,,,,,1284.5423908233643,,
103.18,97.55555555555556,,,,,,,,,1292.6722736358643,,
103.19,97.55555555555556,,,,,,,,,1313.6671466827393,,
103.2,97.55555555555556,,,,,,,,,1319.2536945343018,,
103.21,97.55555555555556,,,,,,,,,1327.3808307647705,,
103.22,97.55555555555556,,,,,,,,,1339.4960041046143,,
103.23,97.55555555555556,,,,,,,,,1352.929536819458,,
103.24,97.55555555555556,,,,,,,,,1361.2269611358643,,
103.25,97.55555555555556,,,,,,,,,1384.921724319458,,
103.26,97.55555555555556,,,,,,,,,1390.8049030303955,,
103.27,97.55555555555556,,,,,,,,,1414.123384475708,,
103.28,97.55555555555556,,,,,,,,,1418.6964435577393,,
103.29,97.55555555555556,,,,,,,,,1435.3517169952393,,
103.31,97.55555555555556,,,,,,,,,1439.666597366333,,
103.32,97.55555555555556,6.4431352615356445,,,,,,,,1451.806489944458,,
103.33,97.61111111111111,,,,,,,,,1464.0946979522705,,
103.34,97.66666666666667,,,,,,,,,1468.1568927764893,,
103.35,97.66666666666667,5.01671028137207,,,,,,,,1487.369234085083,,
103.36,97.72222222222223,,,,,,,,,1495.9797687530518,,
103.37,97.72222222222223,3.5875606536865234,,,5.816409111022949,,,,,1506.4909381866455,,
103.38,97.83333333333333,,,,,,,,,1517.9689044952393,,
103.39,97.83333333333333,,,,,,6.367963790893555,,,1533.6244220733643,,
103.4,97.88888888888889,2.157947540283203,,,,,,,1178.0761642456055,1547.0002765655518,,
103.41,98.0,,,,,,,,,1555.0477619171143,,
103.42,98.0,,,,,,,,,1564.0483112335205,,
103.43,98.0,,,,,,,,,1581.2995929718018,,
103.44,98.0,0.7272453308105469,,,,,,,,1589.0943927764893,,
103.45,98.05555555555556,,,,,,,,,1597.177583694458,,
103.46,98.05555555555556,,,,,,,,,1609.559175491333,,
103.47,98.05555555555556,,6.4912919998168945,,,,,,,1622.050630569458,,
103.48,98.16666666666667,,,,,,,,,1630.1393146514893,,
103.49,98.16666666666667,,,,,,,,,1641.672212600708,,
103.5,98.16666666666667,,,,,,,,,1669.8466510772705,,
103.51,98.16666666666667,,,,,,,,,1672.532808303833,,
103.52,98.16666666666667,,,,,,,,,1692.099458694458,,
103.54,98.16666666666667,,,,,,,,,1712.5367755889893,,
103.56,98.16666666666667,,,,,,,,,1721.268159866333,,
103.57,98.16666666666667,,,,,,,,,1733.495943069458,,
103.58,98.16666666666667,,,0.7272453308105469,,,,,,1745.822603225708,,
103.59,98.22222222222223,,,,,,,,,1756.512300491333,,
103.6,98.22222222222223,,,,,,4.936896324157715,,,1771.8876667022705,,
103.61,98.27777777777777,,,,,,,,,1777.474214553833,,
103.62,98.27777777777777,,,,,,3.5045366287231445,,,1788.856050491333,,
103.63,98.33333333333333,,,,4.667410850524902,,,,,1802.6191730499268,,
103.64,98.38888888888889,,,,,,,,,1815.805513381958,,
103.65,98.38888888888889,,,,,,,,,1821.8562335968018,,
103.66,98.38888888888889,,,,,,,,,1836.1933917999268,,
103.67,98.38888888888889,,,,,,,,,1850.6953449249268,,
103.69,98.38888888888889,,,,,,,,,1864.1426105499268,,
103.7,98.38888888888889,,,,,,,,,1876.5516681671143,,
103.71,98.38888888888889,,,,,1222.7983751296997,,,,1895.1295490264893,,
103.72,98.44444444444444,,,,,,,,,1903.729097366333,,
103.73,98.44444444444444,,,,,,,,,1911.8891925811768,,
103.74,98.44444444444444,,,,,,,,,1925.075532913208,,
103.75,98.44444444444444,,,,,,,,,1944.0296955108643,,
103.76,98.44444444444444,,,,,,,,,1948.2072467803955,,
103.77,98.44444444444444,,,,,,,,,1969.1334552764893,,
103.78,98.44444444444444,,,,,,,,,1982.0231647491455,,
103.79,98.44444444444444,,5.0698089599609375,,,,,,,1995.7807941436768,,
103.82,98.5,,,,3.23001766204834,,,,,2023.5734577178955,,
103.83,98.55555555555556,,,,,,,,,2023.9662189483643,,
103.84,98.55555555555556,,,,,,,,,2039.2866535186768,,
103.85,98.55555555555556,,,,,,,,,2047.474214553833,,
103.86,98.55555555555556,,,,,,,,,2057.317964553833,,
103.87,98.55555555555556,,,,,,,,,2074.0226764678955,,
103.88,98.55555555555556,,,,,,,,,2078.1864948272705,,
103.89,98.55555555555556,,,,,1221.3628416061401,,,,2093.6579914093018,,
103.9,98.61111111111111,,,,,,,,,2098.329927444458,,
103.91,98.61111111111111,,,,,,,,,2114.0650959014893,,
103.92,98.61111111111111,,,,,,,,,2122.049409866333,,
103.93,98.61111111111111,,,,,,,,,2142.7558917999268,,
103.94,98.61111111111111,,,,,,,,,2152.4732990264893,,
103.95,98.61111111111111,,,,,,,,,2152.789155960083,,
103.96,98.61111111111111,,,,,,,,,2176.8574542999268,,
103.97,98.61111111111111,,,,,,,,,2184.275972366333,,
103.98,98.61111111111111,,,,1.7952356338500977,,,,,,,
105.31,98.66666666666667,,,,,,,,,2406.826021194458,,
105.32,98.72222222222223,,0.7272453308105469,,0.36376190185546875,1218.511812210083,0.6363744735717773,,,,,
105.33,99.22222222222223,,,,,,,,1179.7433395385742,,,
105.34,99.22222222222223,,,,,,,,1181.410514831543,,,
105.35,99.22222222222223,,,,,,,,1184.717399597168,,,
105.36,99.22222222222223,,,,,,,,1207.1377487182617,,,
105.37,99.22222222222223,,,,,,,,1210.678092956543,,,
105.38,99.22222222222223,,,,,,,,1218.1570358276367,,,
105.39,99.22222222222223,,,,,,,,1245.1504440307617,,,
105.4,99.22222222222223,,,,,,,,1248.504020690918,,,
105.41,99.22222222222223,,,,,,,,1256.8261642456055,,,
105.42,99.22222222222223,,,,,,,,1264.1100997924805,,,
105.43,99.22222222222223,,,,,,,,1281.9766159057617,,,
105.44,99.22222222222223,,,,,,,,1294.0945358276367,,,
105.45,99.22222222222223,,,,,,,,1303.0538864135742,,,
105.46,99.22222222222223,,,,,,,,1307.1572799682617,,,
105.47,99.22222222222223,,,,,,,,1322.705680847168,,,
105.48,99.22222222222223,,,,,,,,1338.152458190918,,,
105.49,99.22222222222223,,,,,,,,1351.5365524291992,,,
105.5,99.27777777777777,,,,,,,,1365.0085372924805,,,
105.51,99.27777777777777,,,,,,,,1387.7035446166992,,,
105.52,99.27777777777777,,,,,,,,1391.6201705932617,,,
105.53,99.27777777777777,,,,,,,,1399.8132247924805,,,
105.54,99.27777777777777,,,,,,,,1407.3416061401367,,,
105.56,99.27777777777777,,,,,,,,1419.835807800293,,,
105.57,99.27777777777777,,,,,,,,1439.918815612793,,,
105.58,99.27777777777777,,,,,,,,1448.3755416870117,,,
105.59,99.27777777777777,,,,,,,,1455.5825729370117,,,
105.6,99.27777777777777,,,,,,,,1467.7444381713867,,,
105.61,99.27777777777777,,,,,,,,1480.9719772338867,,,
105.62,99.27777777777777,,,,,,,,1493.0679244995117,,,
105.63,99.27777777777777,,,,,,,,1508.6108322143555,,,
105.64,99.27777777777777,,,,,,,,1520.9951705932617,,,
105.65,99.27777777777777,,,,,,,,1524.3020553588867,,,
105.66,99.27777777777777,,,,,,,,1535.6344528198242,,,
105.67,99.27777777777777,,,,,,,,1549.024040222168,,,
105.68,99.27777777777777,,,,,,,,1566.0446090698242,,,
105.69,99.27777777777777,,,,,,,,1577.3879928588867,,,
105.7,99.27777777777777,,,,,,,,1584.4851608276367,,,
105.71,99.27777777777777,,,,,,,,1595.0595016479492,,,
105.72,99.27777777777777,,,,,,,,1607.1169967651367,,,
105.73,99.27777777777777,,,,,,,,1616.337272644043,,,
105.74,99.27777777777777,,,,,,,,1624.9560470581055,,,
105.75,99.27777777777777,,,,,,,,1653.251335144043,,,
105.76,99.27777777777777,,,,,,,,1669.8709030151367,,,
105.77,99.27777777777777,,,,,,,,1679.8464889526367,,,
105.78,99.27777777777777,,,,,,,,1687.9406661987305,,,
105.79,99.27777777777777,,,,,,,,1700.3030319213867,,,
105.81,99.27777777777777,,,,,,,,1708.6416549682617,,,
105.82,99.27777777777777,,,,,,,,1724.519645690918,,,
105.83,99.27777777777777,,,,,,,,1738.3596725463867,,,
105.84,99.27777777777777,,,,,,,,1745.8523483276367,,,
105.86,99.27777777777777,,,,,,,,1766.575309753418,,,
105.87,99.27777777777777,,,,,,,,1781.6073532104492,,,
105.88,99.27777777777777,,,,,,,,1786.0925216674805,,,
106.96,99.27777777777777,,,,,,,,2365.5334396362305,,,
107.12,99.3888888888889,,,,,1219.840443611145,,,,,,
107.13,99.44444444444444,,,,,1221.93883228302,,,,,,
107.14,99.44444444444444,,,,,1235.51793384552,,,,,,
107.15,99.44444444444444,,,,,1251.876576423645,,,,,,
107.16,99.44444444444444,,,,,1259.8004655838013,,,,,,
107.17,99.44444444444444,,,,,1267.94957447052,,,,,,
107.18,99.44444444444444,,,,,1285.0250749588013,,,,,,
107.19,99.44444444444444,,,,,1289.2383317947388,,,,,,
107.2,99.44444444444444,,,,,1309.8047380447388,,,,,,
107.21,99.44444444444444,,,,,1313.8477067947388,,,,,,
107.22,99.44444444444444,,,,,1324.7900896072388,,,,,,
107.23,99.44444444444444,,,,,1345.22740650177,,,,,,
107.24,99.44444444444444,,,,,1352.74205493927,,,,,,
107.25,99.44444444444444,,,,,1372.7893571853638,,,,,,
107.26,99.44444444444444,,,,,1382.38316822052,,,,,,
107.27,99.44444444444444,,,,,1396.92906665802,,,,,,
107.28,99.44444444444444,,,,,1400.1205949783325,,,,,,
107.29,99.44444444444444,,,,,1412.5351457595825,,,,,,
107.31,99.44444444444444,,,,,1432.2363786697388,,,,,,
107.33,99.44444444444444,,,,,1444.2114763259888,,,,,,
107.34,99.44444444444444,,,,,1468.0490617752075,,,,,,
107.35,99.44444444444444,,,,,1477.6483659744263,,,,,,
107.37,99.44444444444444,,,,,1487.8931169509888,,,,,,
107.38,99.44444444444444,,,,,1513.2578020095825,,,,,,
107.39,99.44444444444444,,,,,1521.93150806427,,,,,,
107.4,99.44444444444444,,,,,1525.4169206619263,,,,,,
107.41,99.44444444444444,,,,,1541.7563371658325,,,,,,
107.42,99.44444444444444,,,,,1553.297474861145,,,,,,
107.43,99.44444444444444,,,,,1564.2563371658325,,,,,,
107.44,99.44444444444444,,,,,1567.5632219314575,,,,,,
107.45,99.44444444444444,,,,,1587.0639543533325,,,,,,
107.46,99.44444444444444,,,,,1595.2515153884888,,,,,,
107.47,99.44444444444444,,,,,1608.87730884552,,,,,,
107.48,99.44444444444444,,,,,1620.0998430252075,,,,,,
107.49,99.44444444444444,,,,,1631.4130144119263,,,,,,
107.5,99.44444444444444,,,,,1649.3646745681763,,,,,,
107.51,99.44444444444444,,,,,1665.0696306228638,,,,,,
107.52,99.44444444444444,,,,,1681.5436296463013,,,,,,
107.53,99.44444444444444,,,,,1688.8879899978638,,,,,,
107.54,99.44444444444444,,,,,1692.63707447052,,,,,,
107.56,99.44444444444444,,,,,1712.2971086502075,,,,,,
107.57,99.44444444444444,,,,,1719.7787981033325,,,,,,
107.58,99.44444444444444,,,,,1728.419545173645,,,,,,
107.59,99.44444444444444,,,,,1740.7544450759888,,,,,,
107.6,99.44444444444444,,,,,1753.1992082595825,,,,,,
107.61,99.44444444444444,,,,,1771.1838274002075,,,,,,
107.62,99.44444444444444,,,,,1772.4912004470825,,,,,,
107.63,99.44444444444444,,,,,1790.4511003494263,,,,,,
107.64,99.44444444444444,,,,,1799.2868547439575,,,,,,
107.65,99.44444444444444,,,,,1813.2394914627075,,,,,,
107.66,99.44444444444444,,,,,1821.297963142395,,,,,,
107.67,99.44444444444444,,,,,1829.2575578689575,,,,,,
107.68,99.44444444444444,,,,,1838.8293962478638,,,,,,
107.69,99.44444444444444,,,,,1858.2147722244263,,,,,,
107.7,99.44444444444444,,,,,1862.4115495681763,,,,,,
107.71,99.44444444444444,,,,,1883.4201555252075,,,,,,
107.72,99.44444444444444,,,,,1888.1113176345825,,,,,,
107.73,99.44444444444444,,,,,1895.8676652908325,,,,,,
107.74,99.44444444444444,,,,,1909.35338306427,,,,,,
107.75,99.44444444444444,,,,,1928.5190324783325,,,,,,
107.76,99.44444444444444,,,,,1944.0646867752075,,,,,,
107.77,99.44444444444444,,,,,1956.1029558181763,,,,,,
107.78,99.44444444444444,,,,,1963.2385759353638,,,,,,
107.79,99.44444444444444,,,,,1981.8356828689575,,,,,,
107.81,99.44444444444444,,,,,1983.3627824783325,,,,,,
107.82,99.44444444444444,,,,,2000.1031999588013,,,,,,
107.83,99.44444444444444,,,,,2013.6768083572388,,,,,,
107.84,99.44444444444444,,,,,2023.116810798645,,,,,,
107.85,99.44444444444444,,,,,2034.66344165802,,,,,,
107.86,99.44444444444444,,,,,2039.8544816970825,,,,,,
107.87,99.44444444444444,,,,,2063.55748462677,,,,,,
107.88,99.44444444444444,,,,,2069.501088142395,,,,,,
107.89,99.44444444444444,,,,,2069.830677986145,,,,,,
107.9,99.44444444444444,,,,,2094.5471696853638,,,,,,
107.91,99.44444444444444,,,,,2103.32799243927,,,,,,
107.92,99.44444444444444,,,,,2110.2328996658325,,,,,,
107.93,99.44444444444444,,,,,2126.4789323806763,,,,,,
107.94,99.44444444444444,,,,,2132.3950700759888,,,,,,
107.95,99.44444444444444,,,,,2152.2336320877075,,,,,,
107.96,99.44444444444444,,,,,2162.9205827713013,,,,,,
107.97,99.44444444444444,,,,,2166.2274675369263,,,,,,
107.98,99.44444444444444,,,,,2178.5925798416138,,,,,,
107.99,99.44444444444444,,,,,2191.4685564041138,,,,,,
108.0,99.44444444444444,,,,,2214.2075090408325,,,,,,
108.01,99.44444444444444,,,,,2221.6452531814575,,,,,,
108.02,99.44444444444444,,,,,2242.0605974197388,,,,,,
108.03,99.44444444444444,,,,,2243.5382585525513,,,,,,
108.04,99.44444444444444,,,,,2258.1088762283325,,,,,,
108.06,99.44444444444444,,,,,2270.2515153884888,,,,,,
108.07,99.44444444444444,,,,,2285.0583391189575,,,,,,
108.08,99.44444444444444,,,,,2289.6725969314575,,,,,,
108.09,99.44444444444444,,,,,2296.8686418533325,,,,,,
108.1,99.44444444444444,,,,,2313.2465105056763,,,,,,
108.11,99.44444444444444,,,,,2327.635853767395,,,,,,
108.12,99.44444444444444,,,,,2340.797474861145,,,,,,
108.13,99.44444444444444,,,,,2346.0242204666138,,,,,,
108.14,99.44444444444444,,,,,2362.64928150177,,,,,,
108.15,99.44444444444444,,,,,2371.603138923645,,,,,,
108.16,99.44444444444444,,,,,2379.6313982009888,,,,,,
108.17,99.44444444444444,,,,,2400.0824480056763,,,,,,
108.18,99.44444444444444,,,,,2408.3469133377075,,,,,,
120.75,99.44444444444444,,,,0.6774148941040039,,,,,,,
121.61,99.5,,,,,,,,,2406.837456703186,,
121.86,99.6111111111111,,,,,,,,2365.7551774978638,,,
122.5,99.66666666666667,,,,,2408.450263977051,,,,,,
127.33,99.72222222222223,,,,1385.2349100112915,,,,,,,
127.57,99.77777777777777,,,,,,,,,2406.9293718338013,,
128.82,99.77777777777777,,,,0.0,,,,,,,
136.54,99.83333333333333,,,,,,,0.0,,,,
144.53,99.8888888888889,,,,,,,1384.5574951171875,,,,
144.75,99.94444444444444,,,,,,,,2365.847092628479,,,
148.36,100.0,,,,,,,,,,0.0,
148.37,100.0,,0.0,,,,0.0,0.0,,,0.0,
148.38,100.0,,,0.0,,0.0,0.0,,,,,
148.39,100.0,0.0,,0.0,,,,,,0.0,,0.0
148.4,100.0,,,,,,,,0.0,0.0,,
148.41,100.0,,,,,,,,0.0,,,
