# timestamp workers_connected workers_init workers_idle workers_busy workers_able workers_joined workers_removed workers_released workers_idled_out workers_blocked workers_slow workers_lost tasks_waiting tasks_on_workers tasks_running tasks_with_results tasks_submitted tasks_dispatched tasks_done tasks_failed tasks_successful tasks_cancelled tasks_exhausted_attempts tasks_recovery time_send time_receive time_send_good time_receive_good time_status_msgs time_internal time_polling time_application time_scheduling time_execute time_execute_good time_execute_exhaustion bytes_sent bytes_received bandwidth capacity_tasks capacity_cores capacity_memory capacity_disk capacity_instantaneous capacity_weighted total_cores total_memory total_disk committed_cores committed_memory committed_disk max_cores max_memory max_disk min_cores min_memory min_disk inuse_cache
1790084524856642 0 0 0 0 0 0 0 0 0 0 0 0 0 0 0 0 0 0 0 0 0 0 0 0 0 0 0 0 0 0 0 0 0 0 0 0 0 0 1.000000 0 0 0 0 0 0 0 0 0 0 0 0 0 0 0 0 0 0 0
1790084524908696 0 0 0 0 0 0 0 0 0 0 0 0 0 0 0 0 0 0 0 0 0 0 0 0 0 0 0 0 0 0 0 0 0 0 0 0 0 0 1.000000 10 10 5120 10240 10 10 0 0 0 0 0 0 0 0 0 0 0 0 0
1790084530845267 0 0 0 0 0 0 0 0 0 0 0 0 1126 0 0 0 1125 0 0 0 0 0 0 0 0 0 0 0 0 0 0 0 0 0 0 0 0 0 1.000000 10 10 5120 10240 10 10 0 0 0 0 0 0 0 0 0 0 0 0 0
1790084537224822 6 0 5 1 6 6 0 0 0 0 0 0 1798 2 2 0 1800 1 0 0 0 0 0 0 0 1 0 0 1542 10604 7 8078395 206 0 0 0 648634789 0 1.000000 10 10 5120 10240 10 10 72 96000 150000 12 16000 2305 12 16000 25000 12 16000 25000 619
1790084537225041 6 0 4 2 6 6 0 0 0 0 0 0 1798 2 2 0 1800 2 0 0 0 0 0 0 4225753 1 0 0 1542 10604 7 8078395 206 0 0 0 648634789 0 146.384844 10 10 5120 10240 10 10 72 96000 150000 24 32000 4619 12 16000 25000 12 16000 25000 619
1790084537230184 6 0 5 1 6 6 0 0 0 0 0 0 1798 1 1 0 1800 2 1 0 1 0 0 0 4225753 1181 0 1089 5261 10650 15 8078568 206 2036217 2036217 0 648634789 0 146.343979 10 10 5120 10240 10 10 72 96000 150000 12 16000 2749 12 16000 25000 12 16000 25000 314
1790084537946519 6 0 0 6 6 6 0 0 0 0 0 0 1738 60 57 3 1800 62 2 0 2 0 0 0 4940697 1271 0 1104 6287 10659 29 8078801 2543 4043717 2553614 0 737611745 0 142.340334 10 120 160000 20000 1 10 72 96000 150000 70 93314 61944 12 16000 25000 12 16000 25000 400
1790084537946847 6 0 0 6 6 6 0 0 0 0 0 0 1738 59 57 2 1800 62 3 0 3 0 0 0 4940697 1349 0 1124 6287 10667 33 8079014 2543 4043717 3068455 0 737611745 0 142.338088 10 65 86665 15000 5 10 72 96000 150000 70 93314 60943 12 16000 25000 12 16000 25000 399
1790084537947055 6 0 0 6 6 6 0 0 0 0 0 0 1738 58 57 1 1800 62 4 0 4 0 0 0 4940697 1423 0 1142 6287 10674 36 8079123 2543 4043717 3481850 0 737611745 0 142.335956 10 47 62220 13334 6 10 72 96000 150000 69 91981 59914 12 16000 25000 12 16000 25000 397
1790084537947205 6 0 0 6 6 6 0 0 0 0 0 0 1738 57 57 0 1800 62 5 0 5 0 0 0 4940697 1495 0 1158 6287 10681 39 8079175 2543 4043717 4043717 0 737611745 0 142.333883 10 38 49998 12500 7 10 72 96000 150000 68 90648 58885 12 16000 25000 12 16000 25000 396
1790084538230898 10 0 0 10 10 10 0 0 0 0 0 0 1686 108 108 0 1800 114 6 0 6 0 0 0 5222873 1586 0 1173 7604 10696 62 8079225 8102 4868701 4868701 0 814603714 0 148.698007 10 32 42664 12000 51 15 120 160000 250000 119 158631 110068 12 16000 25000 12 16000 25000 470
1790084538234666 10 0 0 10 10 10 0 0 0 0 0 0 1685 108 108 0 1800 115 7 0 7 0 0 0 5226222 1661 0 1187 7668 10704 70 8079469 9926 5738287 5738287 0 816099564 0 148.873491 10 29 37775 11667 6 15 120 160000 250000 119 158631 110069 12 16000 25000 12 16000 25000 471
1790084538284435 10 0 0 10 10 10 0 0 0 0 0 0 1684 108 108 0 1800 116 8 0 8 0 0 0 5275581 1742 0 1199 7760 10748 142 8079561 54752 6634054 6634054 0 817593193 0 147.748703 10 26 34283 11429 57 20 120 160000 250000 119 158631 110070 12 16000 25000 12 16000 25000 472
1790084538453275 10 0 0 10 10 10 0 0 0 0 0 0 1683 108 108 0 1800 117 9 0 9 0 0 0 5443715 1827 0 1215 7894 10888 348 8079652 212135 7790846 7790846 0 819103989 0 143.449162 10 24 31664 11250 68 26 120 160000 250000 119 158631 110072 12 16000 25000 12 16000 25000 474
1790084538540385 10 0 0 10 10 10 0 0 0 0 0 0 1682 108 108 0 1800 118 10 0 10 0 0 0 5530276 1912 0 1232 7996 10965 454 8079775 292413 8270134 8270134 0 820320325 0 141.412119 10 23 29627 11112 22 26 120 160000 250000 119 158631 110049 12 16000 25000 12 16000 25000 474
1790084538617645 10 0 0 10 10 10 0 0 0 0 0 0 1681 108 108 0 1800 119 11 0 11 0 0 0 5606823 2066 0 1254 8204 11048 569 8079879 361505 9042108 9042108 0 821820598 0 139.733412 10 21 27997 11000 154 40 120 160000 250000 119 158631 110025 12 16000 25000 12 16000 25000 475
1790084538725667 10 0 0 10 10 10 0 0 0 0 0 0 1680 108 107 1 1800 120 12 0 12 0 0 0 5709768 2164 0 1274 8344 11059 582 8084669 363219 11046519 9802471 0 823334064 0 137.465318 10 20 26664 10910 100 46 120 160000 250000 119 158631 110005 12 16000 25000 12 16000 25000 478
1790084538725892 10 0 0 10 10 10 0 0 0 0 0 0 1680 107 107 0 1800 120 13 0 13 0 0 0 5709768 2242 0 1293 8344 11068 585 8084785 363219 11046519 11046519 0 823334064 0 137.463441 10 20 25553 10834 9 44 120 160000 250000 118 157298 109001 12 16000 25000 12 16000 25000 477
1790084538793434 10 0 0 10 10 10 0 0 0 0 0 0 1678 108 108 0 1800 122 14 0 14 0 0 0 5776876 2335 0 1305 8466 11120 655 8084850 414781 11759897 11759897 0 826333244 0 136.359927 10 19 24613 10770 26 44 120 160000 250000 119 158631 110005 12 16000 25000 12 16000 25000 479
1790084538908935 10 0 0 10 10 10 0 0 0 0 0 0 1677 108 108 0 1800 123 15 0 15 0 0 0 5891726 2432 0 1324 8616 11207 798 8084974 521255 12487712 12487712 0 827842557 0 133.944863 10 18 23807 10715 58 46 120 160000 250000 119 158631 109983 12 16000 25000 12 16000 25000 479
1790084538945813 10 0 0 10 10 10 0 0 0 0 0 0 1676 108 108 0 1800 124 16 0 16 0 0 0 5928283 2510 0 1341 8697 11227 822 8085069 535647 14087215 14087215 0 829347384 0 133.359451 10 18 23108 10667 62 48 120 160000 250000 119 158631 109985 12 16000 25000 12 16000 25000 482
1790084539096660 10 0 0 10 10 10 0 0 0 0 0 0 1675 108 107 1 1800 125 17 0 17 0 0 0 6078329 2604 0 1361 8884 11357 1011 8085199 674716 16671961 15667596 0 830853311 0 130.302943 10 17 22497 10625 115 56 120 160000 250000 119 158631 109990 12 16000 25000 12 16000 25000 486
1790084539096902 10 0 0 10 10 10 0 0 0 0 0 0 1675 107 107 0 1800 125 18 0 18 0 0 0 6078329 2686 0 1384 8884 11366 1014 8085329 674716 16671961 16671961 0 830853311 0 130.301185 10 17 21958 10589 123 64 120 160000 250000 118 157298 108985 12 16000 25000 12 16000 25000 485
1790084539280019 10 0 0 10 10 10 0 0 0 0 0 0 1673 108 108 0 1800 127 19 0 19 0 0 0 6260687 2773 0 1399 9059 11511 1236 8085398 833056 18110307 18110307 0 833854196 0 126.962626 10 17 21479 10556 308 89 120 160000 250000 119 158631 109991 12 16000 25000 12 16000 25000 488
1790084539451020 10 0 0 10 10 10 0 0 0 0 0 0 1672 108 108 0 1800 128 20 0 20 0 0 0 6430980 2868 0 1414 9199 11622 1404 8085533 953703 19721599 19721599 0 835358664 0 123.823271 10 16 21050 10527 254 106 120 160000 250000 119 158631 109994 12 16000 25000 12 16000 25000 491
1790084539494081 10 0 0 10 10 10 0 0 0 0 0 0 1671 108 106 2 1800 129 21 0 21 0 0 0 6473688 2944 0 1428 9344 11630 1411 8085630 955252 24240947 21265431 0 836864543 0 123.227045 10 16 20664 10500 297 126 120 160000 250000 119 158631 110002 12 16000 25000 12 16000 25000 498
1790084539494279 10 0 0 10 10 10 0 0 0 0 0 0 1671 107 106 1 1800 129 22 0 22 0 0 0 6473688 3030 0 1450 9344 11639 1414 8085712 955252 24240947 22618045 0 836864543 0 123.225408 10 16 20315 10477 39 118 120 160000 250000 118 157298 108974 12 16000 25000 12 16000 25000 497
1790084539494429 10 0 0 10 10 10 0 0 0 0 0 0 1671 106 106 0 1800 129 23 0 23 0 0 0 6473688 3109 0 1466 9344 11646 1417 8085756 955252 24240947 24240947 0 836864543 0 123.223905 10 15 19997 10455 30 110 120 160000 250000 117 155965 107969 12 16000 25000 12 16000 25000 495
1790084539588114 10 0 0 10 10 10 0 0 0 0 0 0 1668 108 108 0 1800 132 24 0 24 0 0 0 6567107 3190 0 1479 9446 11656 1427 8085799 956833 25948017 25948017 0 841357675 0 122.122517 10 15 19707 10435 52 106 120 160000 250000 119 158631 109980 12 16000 25000 12 16000 25000 501
1790084539598659 10 0 1 9 10 10 0 0 0 0 0 0 1667 108 108 0 1800 133 25 0 25 0 0 0 6576131 4408 0 2613 9522 11706 1442 8085942 964084 28309924 28309924 0 842852159 0 122.149030 10 15 19442 10417 44 101 120 160000 250000 108 143964 108236 12 16000 25000 12 16000 25000 189
1790084539799471 10 0 0 10 10 10 0 0 0 0 0 0 1655 119 119 0 1800 145 26 0 26 0 0 0 6776415 4500 0 2634 9784 11717 1456 8086068 969554 30006510 30006510 0 860606334 0 121.036491 10 19 25064 10800 1 92 120 160000 250000 119 158627 119276 12 16000 25000 12 16000 25000 208
1790084539826929 10 0 0 10 10 10 0 0 0 0 0 0 1654 119 119 0 1800 146 27 0 27 0 0 0 6803305 4578 0 2646 9878 11734 1474 8086406 993903 31540416 31540416 0 862102049 0 120.766556 10 19 24613 10770 10 85 120 160000 250000 119 158627 119281 12 16000 25000 12 16000 25000 210
1790084539988514 10 0 0 10 10 10 0 0 0 0 0 0 1653 119 119 0 1800 147 28 0 28 0 0 0 6964544 4661 0 2661 9959 11762 1511 8086499 1051728 33286744 33286744 0 863600621 0 118.176138 10 19 24195 10741 184 95 120 160000 250000 119 158627 119283 12 16000 25000 12 16000 25000 212
1790084540039995 10 0 0 10 10 10 0 0 0 0 0 0 1652 119 119 0 1800 148 29 0 29 0 0 0 7015670 4740 0 2675 10053 11787 1535 8086603 1099551 33733408 33733408 0 864836960 0 117.482141 10 18 23807 10715 239 110 120 160000 250000 119 158627 119283 12 16000 25000 12 16000 25000 213
1790084540245857 10 0 0 10 10 10 0 0 0 0 0 0 1651 119 119 0 1800 149 30 0 30 0 0 0 7221036 4830 0 2692 10161 11850 1628 8086693 1286345 34185230 34185230 0 866334532 0 114.339374 10 18 23446 10690 16 102 120 160000 250000 119 158627 119258 12 16000 25000 12 16000 25000 213
1790084540246202 10 0 0 10 10 10 0 0 0 0 0 0 1651 118 118 0 1800 149 31 0 31 0 0 0 7221036 4913 0 2706 10212 11858 1632 8086873 1286345 36365668 36365668 0 866334532 0 114.338060 10 18 23108 10667 12 94 120 160000 250000 118 157294 118257 12 16000 25000 12 16000 25000 214
1790084540310315 10 0 0 10 10 10 0 0 0 0 0 0 1649 119 119 0 1800 151 32 0 32 0 0 0 7284854 4992 0 2721 10313 11877 1648 8086931 1315942 38505123 38505123 0 869054601 0 113.691709 10 18 22793 10646 886 172 120 160000 250000 119 158627 119265 12 16000 25000 12 16000 25000 219
1790084540347235 10 0 0 10 10 10 0 0 0 0 0 0 1648 119 119 0 1800 152 33 0 33 0 0 0 7321432 5072 0 2734 10389 11897 1669 8087054 1350010 39323300 39323300 0 870273012 0 113.281453 10 17 22497 10625 236 179 120 160000 250000 119 158627 119266 12 16000 25000 12 16000 25000 220
1790084540832591 10 0 0 10 10 10 0 0 0 0 0 0 1647 119 119 0 1800 153 34 0 34 0 0 0 7806008 5175 0 2754 10564 12022 1889 8087138 1805261 42818035 42818035 0 871835761 0 106.443208 10 17 22220 10607 24 165 120 160000 250000 119 158627 119273 12 16000 25000 12 16000 25000 226
1790084540840600 10 0 0 10 10 10 0 0 0 0 0 0 1646 119 119 0 1800 154 35 0 35 0 0 0 7813680 5253 0 2766 10629 12032 1897 8087293 1810186 46320893 46320893 0 873322124 0 106.518994 10 17 21958 10589 395 188 120 160000 250000 119 158627 119280 12 16000 25000 12 16000 25000 233
1790084540852218 10 0 0 10 10 10 0 0 0 0 0 0 1645 119 119 0 1800 155 36 0 36 0 0 0 7825004 5327 0 2779 10709 12041 1906 8087394 1819864 49851941 49851941 0 874819809 0 106.546349 10 17 21712 10572 519 221 120 160000 250000 119 158627 119287 12 16000 25000 12 16000 25000 240
1790084540903513 10 0 0 10 10 10 0 0 0 0 0 0 1644 119 119 0 1800 156 37 0 37 0 0 0 7875992 5404 0 2792 10798 12060 1932 8087469 1867648 51954633 51954633 0 876316363 0 106.037104 10 17 21479 10556 728 272 120 160000 250000 119 158627 119289 12 16000 25000 12 16000 25000 243
1790084540945338 10 0 0 10 10 10 0 0 0 0 0 0 1643 119 119 0 1800 157 38 0 38 0 0 0 7917510 5482 0 2807 10869 12083 1955 8087557 1906237 53573558 53573558 0 877823823 0 105.661855 10 16 21259 10541 295 276 120 160000 250000 119 158627 119292 12 16000 25000 12 16000 25000 246
1790084541006504 10 0 0 10 10 10 0 0 0 0 0 0 1642 119 119 0 1800 158 39 0 39 0 0 0 7978345 5564 0 2824 10955 12112 1988 8087633 1963452 56626701 56626701 0 879324023 0 105.034857 10 16 21050 10527 36 253 120 160000 250000 119 158627 119298 12 16000 25000 12 16000 25000 251
1790084541018231 10 0 0 10 10 10 0 0 0 0 0 0 1641 119 119 0 1800 159 40 0 40 0 0 0 7989786 5645 0 2842 11037 12125 1998 8087716 1973043 60022469 60022469 0 880827637 0 105.062841 10 16 20852 10513 510 279 120 160000 250000 119 158627 119304 12 16000 25000 12 16000 25000 258
1790084541109446 10 0 0 10 10 10 0 0 0 0 0 0 1640 119 119 0 1800 160 41 0 41 0 0 0 8080624 5733 0 2860 11138 12160 2045 8087791 2058942 63844352 63844352 0 882315405 0 104.056937 10 16 20664 10500 227 275 120 160000 250000 119 158627 119312 12 16000 25000 12 16000 25000 265
1790084541235691 10 0 0 10 10 10 0 0 0 0 0 0 1639 119 119 0 1800 161 42 0 42 0 0 0 8206506 5812 0 2874 11214 12187 2091 8087894 2149780 64240711 64240711 0 883533337 0 102.602341 10 16 20485 10488 68 256 120 160000 250000 119 158627 119312 12 16000 25000 12 16000 25000 265
1790084541251618 10 0 0 10 10 10 0 0 0 0 0 0 1638 119 119 0 1800 162 43 0 43 0 0 0 8222147 5889 0 2888 11281 12195 2098 8088002 2154615 67539389 67539389 0 885030879 0 102.579913 10 16 20315 10477 62 238 120 160000 250000 119 158627 119318 12 16000 25000 12 16000 25000 271
1790084541391295 10 0 0 10 10 10 0 0 0 0 0 0 1637 119 119 0 1800 163 44 0 44 0 0 0 8361416 5980 0 2904 11362 12234 2154 8088099 2269042 71047583 71047583 0 886257839 0 101.011275 11 17 22168 11512 755 289 120 160000 250000 119 158627 119324 12 16000 25000 12 16000 25000 278
1790084541432572 10 0 0 10 10 10 0 0 0 0 0 0 1636 119 118 1 1800 164 45 0 45 0 0 0 8402303 6062 0 2921 11492 12255 2175 8088212 2297613 79144825 75107842 0 887760470 0 100.689535 11 17 21997 11500 362 297 120 160000 250000 118 157294 119338 12 16000 25000 12 16000 25000 291
1790084541432785 10 0 0 10 10 10 0 0 0 0 0 0 1636 118 118 0 1800 164 46 0 46 0 0 0 8402303 6138 0 2939 11492 12275 2178 8088307 2297613 79144825 79144825 0 887760470 0 100.688625 12 18 23819 12534 364 305 120 160000 250000 118 157294 118337 12 16000 25000 12 16000 25000 290
1790084541616696 10 0 0 10 10 10 0 0 0 0 0 0 1634 119 119 0 1800 166 47 0 47 0 0 0 8585761 6225 0 2955 11601 12335 2263 8088391 2451723 83440658 83440658 0 890772764 0 98.872031 13 20 25620 13566 486 324 120 160000 250000 119 158627 119349 12 16000 25000 12 16000 25000 299
1790084541642277 10 0 0 10 10 10 0 0 0 0 0 0 1633 119 119 0 1800 167 48 0 48 0 0 0 8611008 6301 0 2967 11676 12346 2275 8088532 2465738 87732168 87732168 0 892282811 0 98.748600 13 20 25443 13554 168 310 120 160000 250000 119 158627 119357 12 16000 25000 12 16000 25000 308
1790084541738755 10 0 0 10 10 10 0 0 0 0 0 0 1632 119 117 2 1800 168 49 0 49 0 0 0 8707133 6378 0 2981 11814 12355 2283 8088634 2470484 96873260 92109956 0 893510303 0 97.792707 14 21 27218 14584 844 363 120 160000 250000 118 157294 119374 12 16000 25000 12 16000 25000 323
1790084541738960 10 0 0 10 10 10 0 0 0 0 0 0 1632 118 117 1 1800 168 50 0 50 0 0 0 8707133 6453 0 2997 11814 12362 2287 8088734 2470484 96873260 92587093 0 893510303 0 97.791865 15 22 28975 15613 247 353 120 160000 250000 118 157294 118372 12 16000 25000 12 16000 25000 322
1790084541739123 10 0 0 10 10 10 0 0 0 0 0 0 1632 117 117 0 1800 168 51 0 51 0 0 0 8707133 6528 0 3015 11814 12370 2290 8088795 2470484 96873260 96873260 0 893510303 0 97.791023 21 26 34279 21429 19 322 120 160000 250000 117 155961 117365 12 16000 25000 12 16000 25000 320
1790084541798193 10 0 0 10 10 10 0 0 0 0 0 0 1629 119 119 0 1800 171 52 0 52 0 0 0 8765936 6611 0 3031 11909 12380 2301 8088845 2475298 101142411 101142411 0 898019149 0 97.624760 22 27 35912 22449 136 305 120 160000 250000 119 158627 119381 12 16000 25000 12 16000 25000 331
1790084541809812 10 0 0 10 10 10 0 0 0 0 0 0 1628 119 117 2 1800 172 53 0 53 0 0 0 8777116 6694 0 3048 12056 12394 2310 8089012 2484628 108216322 101941847 0 899523421 0 97.662903 23 29 37544 23470 51 281 120 160000 250000 119 158627 119394 12 16000 25000 12 16000 25000 344
1790084541810004 10 0 0 10 10 10 0 0 0 0 0 0 1628 118 117 1 1800 172 54 0 54 0 0 0 8777116 6769 0 3064 12056 12401 2313 8089102 2484628 108216322 106208978 0 899523421 0 97.662069 24 30 39176 24490 218 275 120 160000 250000 118 157294 118389 12 16000 25000 12 16000 25000 342
1790084541810144 10 0 0 10 10 10 0 0 0 0 0 0 1628 117 117 0 1800 172 55 0 55 0 0 0 8777116 6841 0 3079 12056 12408 2316 8089144 2484628 108216322 108216322 0 899523421 0 97.661269 25 31 40809 25511 244 273 120 160000 250000 117 155961 117384 12 16000 25000 12 16000 25000 341
1790084541838254 10 0 0 10 10 10 0 0 0 0 0 0 1625 119 119 0 1800 175 56 0 56 0 0 0 8804921 6924 0 3092 12179 12425 2333 8089186 2507584 112488339 112488339 0 904015227 0 97.838319 26 32 42441 26531 170 264 120 160000 250000 119 158627 119400 12 16000 25000 12 16000 25000 352
1790084541863579 10 0 0 10 10 10 0 0 0 0 0 0 1624 119 116 3 1800 176 57 0 57 0 0 0 8829865 6999 0 3106 12347 12436 2340 8089288 2512212 129696137 116855255 0 905248441 0 97.694407 27 34 44073 27552 547 293 120 160000 250000 117 155961 119433 12 16000 25000 12 16000 25000 384
1790084541863814 10 0 0 10 10 10 0 0 0 0 0 0 1624 117 116 1 1800 176 59 0 59 0 0 0 8829865 7135 0 3129 12347 12445 2342 8089358 2512212 129696137 125462696 0 905248441 0 97.692903 28 35 45706 28572 219 288 120 160000 250000 117 155961 117430 12 16000 25000 12 16000 25000 381
1790084541864002 10 0 0 10 10 10 0 0 0 0 0 0 1624 116 116 0 1800 176 60 0 60 0 0 0 8829865 7211 0 3147 12347 12461 2345 8089433 2512212 129696137 129696137 0 905248441 0 97.692063 29 36 47338 29592 166 277 120 160000 250000 116 154628 116426 12 16000 25000 12 16000 25000 380
1790084541922839 10 0 0 10 10 10 0 0 0 0 0 0 1620 119 114 5 1800 180 61 0 61 0 0 0 8888222 7289 0 3162 12654 12471 2354 8089477 2516896 154705377 133152923 0 911244300 0 97.693127 30 37 48970 30613 115 262 120 160000 250000 119 158627 119487 12 16000 25000 12 16000 25000 431
1790084541923050 10 0 0 10 10 10 0 0 0 0 0 0 1620 118 114 4 1800 180 62 0 62 0 0 0 8888222 7362 0 3179 12655 12478 2357 8089586 2516896 154705377 137524354 0 911244300 0 97.692325 31 38 50603 31633 276 264 120 160000 250000 115 153295 118476 12 16000 25000 12 16000 25000 430
1790084541923313 10 0 0 10 10 10 0 0 0 0 0 0 1620 115 114 1 1800 180 65 0 65 0 0 0 8888222 7554 0 3211 12655 12485 2360 8089631 2516896 154705377 150507755 0 911244300 0 97.690217 33 41 53867 33674 284 242 120 160000 250000 115 153295 115471 12 16000 25000 12 16000 25000 425
1790084541923550 10 0 0 10 10 10 0 0 0 0 0 0 1620 114 114 0 1800 180 66 0 66 0 0 0 8888222 7629 0 3228 12655 12512 2363 8089747 2516896 154705377 154705377 0 911244300 0 97.689393 34 42 55500 34694 78 227 120 160000 250000 114 151962 114467 12 16000 25000 12 16000 25000 424
1790084542015315 10 0 0 10 10 10 0 0 0 0 0 0 1614 119 119 0 1800 186 67 0 67 0 0 0 8979602 7721 0 3245 12814 12542 2404 8089787 2577560 159093832 159093832 0 920256475 0 97.651432 34 42 55500 34694 41 210 120 160000 250000 119 158627 119492 12 16000 25000 12 16000 25000 440
1790084542076305 10 0 0 10 10 10 0 0 0 0 0 0 1613 119 119 0 1800 187 68 0 68 0 0 0 9040158 7799 0 3258 12927 12565 2439 8089950 2633785 163383731 163383731 0 921779572 0 97.157569 34 42 55500 34694 584 247 120 160000 250000 119 158627 119500 12 16000 25000 12 16000 25000 448
1790084542087119 10 0 0 10 10 10 0 0 0 0 0 0 1612 119 119 0 1800 188 69 0 69 0 0 0 9050652 7894 0 3289 13014 12575 2448 8090048 2642621 167595350 167595350 0 923280155 0 97.201976 35 43 57132 35715 66 230 120 160000 250000 119 158627 119508 12 16000 25000 12 16000 25000 456
1790084542093373 10 0 0 10 10 10 0 0 0 0 0 0 1611 119 119 0 1800 189 70 0 70 0 0 0 9056643 7968 0 3300 13088 12584 2455 8090129 2647025 169889932 169889932 0 924770688 0 97.293756 35 43 57132 35715 633 271 120 160000 250000 119 158627 119512 12 16000 25000 12 16000 25000 459
1790084542099639 10 0 0 10 10 10 0 0 0 0 0 0 1610 119 118 1 1800 190 71 0 71 0 0 0 9062611 8047 0 3312 13192 12592 2462 8090204 2651409 178423378 174163575 0 926272808 0 97.386825 36 45 58764 36735 257 271 120 160000 250000 118 157294 119528 12 16000 25000 12 16000 25000 475
1790084542099814 10 0 0 10 10 10 0 0 0 0 0 0 1610 118 118 0 1800 190 72 0 72 0 0 0 9062611 8122 0 3326 13192 12600 2465 8090276 2651409 178423378 178423378 0 926272808 0 97.386020 36 45 58764 36735 98 255 120 160000 250000 118 157294 118526 12 16000 25000 12 16000 25000 474
1790084542126119 10 0 0 10 10 10 0 0 0 0 0 0 1608 119 119 0 1800 192 73 0 73 0 0 0 9088658 8196 0 3337 13300 12608 2474 8090316 2655738 182671367 182671367 0 929278777 0 97.421515 37 46 60397 37756 253 255 120 160000 250000 119 158627 119537 12 16000 25000 12 16000 25000 483
1790084542181223 10 0 0 10 10 10 0 0 0 0 0 0 1607 119 118 1 1800 193 74 0 74 0 0 0 9143464 8270 0 3348 13410 12618 2480 8090395 2660043 191208727 186941948 0 930775674 0 96.993297 38 47 62029 38776 383 269 120 160000 250000 118 157294 119553 12 16000 25000 12 16000 25000 499
1790084542181402 10 0 0 10 10 10 0 0 0 0 0 0 1607 118 118 0 1800 193 75 0 75 0 0 0 9143464 8353 0 3365 13410 12626 2483 8090463 2660043 191208727 191208727 0 930775674 0 96.992417 121 121 161293 121000 120 255 120 160000 250000 118 157294 118552 12 16000 25000 12 16000 25000 498
1790084542208393 10 0 0 10 10 10 0 0 0 0 0 0 1605 119 117 2 1800 195 76 0 76 0 0 0 9170151 8427 0 3377 13557 12641 2491 8090506 2664369 200284568 191661781 0 933770369 0 97.020782 141 141 187953 141000 712 300 120 160000 250000 119 158627 119574 12 16000 25000 12 16000 25000 516
1790084542208594 10 0 0 10 10 10 0 0 0 0 0 0 1605 118 117 1 1800 195 77 0 77 0 0 0 9170151 8502 0 3393 13557 12648 2495 8090604 2664369 200284568 195984467 0 933770369 0 97.019990 139 139 185287 139000 29 275 120 160000 250000 117 155961 118566 12 16000 25000 12 16000 25000 514
1790084542208741 10 0 0 10 10 10 0 0 0 0 0 0 1605 117 117 0 1800 195 78 0 78 0 0 0 9170151 8574 0 3408 13557 12655 2498 8090653 2664369 200284568 200284568 0 933770369 0 97.019229 141 141 187953 141000 277 277 120 160000 250000 117 155961 117565 12 16000 25000 12 16000 25000 513
1790084542225949 10 0 0 10 10 10 0 0 0 0 0 0 1602 119 117 2 1800 198 79 0 79 0 0 0 9187003 8653 0 3421 13735 12669 2510 8090706 2676893 209356666 204638684 0 938028837 0 97.282240 146 146 194618 146000 349 285 120 160000 250000 118 157294 119589 12 16000 25000 12 16000 25000 533
1790084542226248 10 0 0 10 10 10 0 0 0 0 0 0 1602 118 117 1 1800 198 80 0 80 0 0 0 9187003 8728 0 3437 13735 12676 2514 8090901 2676893 209356666 208950057 0 938028837 0 97.281446 151 151 201283 151000 151 267 120 160000 250000 118 157294 118587 12 16000 25000 12 16000 25000 531
1790084542226393 10 0 0 10 10 10 0 0 0 0 0 0 1602 117 117 0 1800 198 81 0 81 0 0 0 9187003 8798 0 3451 13735 12690 2516 8090943 2676893 209356666 209356666 0 938028837 0 97.280706 152 152 202616 152000 579 298 120 160000 250000 117 155961 117576 12 16000 25000 12 16000 25000 530
1790084542374493 10 0 0 10 10 10 0 0 0 0 0 0 1599 119 117 2 1800 201 82 0 82 0 0 0 9334737 8905 0 3485 13902 12699 2526 8090998 2681198 223670013 213736234 0 942535282 0 96.201427 151 151 201283 151000 58 275 120 160000 250000 119 158627 119610 12 16000 25000 12 16000 25000 557
1790084542374711 10 0 0 10 10 10 0 0 0 0 0 0 1599 118 117 1 1800 201 83 0 83 0 0 0 9334737 8981 0 3502 13902 12707 2530 8091111 2681198 223670013 218709380 0 942535282 0 96.200644 152 152 202616 152000 101 259 120 160000 250000 117 155961 118604 12 16000 25000 12 16000 25000 556
1790084542374852 10 0 0 10 10 10 0 0 0 0 0 0 1599 117 117 0 1800 201 84 0 84 0 0 0 9334737 9052 0 3515 13902 12714 2533 8091155 2681198 223670013 223670013 0 942535282 0 96.199913 150 150 199950 150000 128 247 120 160000 250000 117 155961 117603 12 16000 25000 12 16000 25000 554
1790084542387605 10 0 0 10 10 10 0 0 0 0 0 0 1596 119 119 0 1800 204 85 0 85 0 0 0 9347214 9137 0 3535 14016 12724 2543 8091195 2689612 227993122 227993122 0 946756273 0 96.500991 149 149 198617 149000 196 243 120 160000 250000 119 158627 119616 12 16000 25000 12 16000 25000 564
1790084542402185 10 0 0 10 10 10 0 0 0 0 0 0 1595 119 119 0 1800 205 86 0 86 0 0 0 9361520 9211 0 3547 14090 12736 2555 8091280 2701908 232970623 232970623 0 948263049 0 96.506251 150 150 199950 150000 1228 340 120 160000 250000 119 158627 119622 12 16000 25000 12 16000 25000 572
1790084542485196 10 0 0 10 10 10 0 0 0 0 0 0 1594 119 119 0 1800 206 87 0 87 0 0 0 9444175 9294 0 3562 14183 12772 2605 8091349 2779031 237218028 237218028 0 949496502 0 95.786047 151 151 201283 151000 347 342 120 160000 250000 119 158627 119629 12 16000 25000 12 16000 25000 580
1790084542491158 10 0 0 10 10 10 0 0 0 0 0 0 1593 119 119 0 1800 207 88 0 88 0 0 0 9449812 9371 0 3573 14272 12788 2613 8091442 2783124 242339957 242339957 0 951000980 0 95.879867 158 158 210614 158000 651 373 120 160000 250000 119 158627 119638 12 16000 25000 12 16000 25000 588
1790084542507450 10 0 0 10 10 10 0 0 0 0 0 0 1592 119 119 0 1800 208 89 0 89 0 0 0 9465826 9457 0 3586 14330 12796 2619 8091541 2787228 247451622 247451622 0 952498801 0 95.867706 158 158 210614 158000 230 360 120 160000 250000 119 158627 119647 12 16000 25000 12 16000 25000 596
1790084542538803 10 0 0 10 10 10 0 0 0 0 0 0 1591 119 119 0 1800 209 90 0 90 0 0 0 9496885 9536 0 3599 14412 12813 2641 8091617 2815408 251785431 251785431 0 953987897 0 95.703079 160 160 213280 160000 539 378 120 160000 250000 119 158627 119653 12 16000 25000 12 16000 25000 603
1790084542594553 10 0 0 10 10 10 0 0 0 0 0 0 1590 119 119 0 1800 210 91 0 91 0 0 0 9552291 9624 0 3614 14516 12840 2672 8091688 2866550 252173834 252173834 0 955488801 0 95.297347 167 167 222611 167000 346 376 120 160000 250000 119 158627 119652 12 16000 25000 12 16000 25000 603
1790084542600397 10 0 0 10 10 10 0 0 0 0 0 0 1589 119 119 0 1800 211 92 0 92 0 0 0 9557837 9700 0 3625 14586 12854 2679 8091799 2870574 252872477 252872477 0 956988019 0 95.390788 166 166 221278 166000 29 343 120 160000 250000 119 158627 119654 12 16000 25000 12 16000 25000 604
1790084542648156 10 0 0 10 10 10 0 0 0 0 0 0 1588 119 119 0 1800 212 93 0 93 0 0 0 9605253 9781 0 3638 14669 12876 2711 8091902 2914122 253588350 253588350 0 958489028 0 95.068449 159 159 211947 159000 20 312 120 160000 250000 119 158627 119655 12 16000 25000 12 16000 25000 605
1790084543066473 10 0 0 10 10 10 0 0 0 0 0 0 1587 119 119 0 1800 213 94 0 94 0 0 0 10022823 9879 0 3655 14792 13017 2933 8091995 3297333 257926700 257926700 0 959990894 0 91.253449 157 157 209281 157000 114 294 120 160000 250000 119 158627 119661 12 16000 25000 12 16000 25000 613
1790084543098739 10 0 0 10 10 10 0 0 0 0 0 0 1586 119 119 0 1800 214 95 0 95 0 0 0 10054758 9965 0 3667 14867 13034 2950 8092109 3317146 262282394 262282394 0 961499577 0 91.106079 146 146 194618 146000 42 270 120 160000 250000 119 158627 119668 12 16000 25000 12 16000 25000 622
1790084543118052 10 0 0 10 10 10 0 0 0 0 0 0 1585 119 119 0 1800 215 96 0 96 0 0 0 10073781 10043 0 3678 14947 13044 2960 8092202 3325118 267443237 267443237 0 963005150 0 91.075893 146 146 194618 146000 726 315 120 160000 250000 119 158627 119677 12 16000 25000 12 16000 25000 630
1790084543123874 10 0 0 10 10 10 0 0 0 0 0 0 1584 119 119 0 1800 216 97 0 97 0 0 0 10079346 10117 0 3690 15013 13052 2968 8092284 3329107 269109078 269109078 0 964505860 0 91.166841 149 149 198617 149000 699 354 120 160000 250000 119 158627 119679 12 16000 25000 12 16000 25000 632
1790084543152427 10 0 0 10 10 10 0 0 0 0 0 0 1583 119 119 0 1800 217 98 0 98 0 0 0 10107634 10198 0 3702 15080 13066 2983 8092353 3344815 272665568 272665568 0 965993515 0 91.051443 145 145 193285 145000 72 327 120 160000 250000 119 158627 119686 12 16000 25000 12 16000 25000 639
1790084543204729 10 0 0 10 10 10 0 0 0 0 0 0 1582 119 119 0 1800 218 99 0 99 0 0 0 10159601 10278 0 3714 15187 13085 3011 8092427 3383479 274116133 274116133 0 967210049 0 90.699543 145 145 193285 145000 471 342 120 160000 250000 119 158627 119688 12 16000 25000 12 16000 25000 641
1790084543248168 10 0 0 10 10 10 0 0 0 0 0 0 1581 119 119 0 1800 219 100 0 100 0 0 0 10202743 10356 0 3725 15262 13105 3034 8092505 3413827 278412071 278412071 0 968414861 0 90.428222 148 148 197284 148000 107 320 120 160000 250000 119 158627 119696 12 16000 25000 12 16000 25000 649
1790084543325176 10 0 0 10 10 10 0 0 0 0 0 0 1580 119 119 0 1800 220 101 0 101 0 0 0 10279407 10436 0 3737 15358 13135 3073 8092578 3474369 283671875 283671875 0 969975752 0 89.898453 151 151 201283 151000 696 357 120 160000 250000 119 158627 119704 12 16000 25000 12 16000 25000 658
1790084543359111 10 0 0 10 10 10 0 0 0 0 0 0 1579 119 119 0 1800 221 102 0 102 0 0 0 10312999 10516 0 3750 15471 13151 3095 8092665 3504555 288970935 288970935 0 971201136 0 89.718432 162 162 215946 162000 1577 476 120 160000 250000 119 158627 119712 12 16000 25000 12 16000 25000 665
1790084543374739 10 0 0 10 10 10 0 0 0 0 0 0 1578 119 118 1 1800 222 103 0 103 0 0 0 10328315 10594 0 3763 15587 13159 3102 8092743 3508377 295257885 289945417 0 972778559 0 89.730350 166 166 221278 166000 1346 562 120 160000 250000 119 158627 119724 12 16000 25000 12 16000 25000 675
1790084543374942 10 0 0 10 10 10 0 0 0 0 0 0 1578 118 118 0 1800 222 104 0 104 0 0 0 10328315 10670 0 3781 15587 13167 3106 8092838 3508377 295257885 295257885 0 972778559 0 89.729691 163 163 217279 163000 43 513 120 160000 250000 118 157294 118718 12 16000 25000 12 16000 25000 673
1790084543390458 10 0 0 10 10 10 0 0 0 0 0 0 1576 119 119 0 1800 224 105 0 105 0 0 0 10343545 10758 0 3793 15697 13181 3120 8092880 3519759 296141262 296141262 0 975887968 0 89.883336 167 167 222611 167000 1949 654 120 160000 250000 119 158627 119723 12 16000 25000 12 16000 25000 676
1790084543420082 10 0 0 10 10 10 0 0 0 0 0 0 1575 119 119 0 1800 225 106 0 106 0 0 0 10372865 10840 0 3807 15762 13194 3130 8092995 3527292 296960234 296960234 0 977437767 0 89.771165 163 163 217279 163000 57 597 120 160000 250000 119 158627 119724 12 16000 25000 12 16000 25000 677
1790084543444141 10 0 0 10 10 10 0 0 0 0 0 0 1574 119 119 0 1800 226 107 0 107 0 0 0 10396620 10921 0 3821 15847 13207 3140 8093083 3538711 302333088 302333088 0 978975324 0 89.706456 161 161 214613 161000 130 552 120 160000 250000 119 158627 119732 12 16000 25000 12 16000 25000 686
1790084543480487 10 0 0 10 10 10 0 0 0 0 0 0 1573 119 117 2 1800 227 108 0 108 0 0 0 10432573 10999 0 3832 16039 13216 3148 8093171 3542540 318529553 307740917 0 980543139 0 89.540131 164 164 218612 164000 976 595 120 160000 250000 117 155961 119767 12 16000 25000 12 16000 25000 718
1790084543480693 10 0 0 10 10 10 0 0 0 0 0 0 1573 118 116 2 1800 227 109 0 109 0 0 0 10432573 11079 0 3853 16063 13223 3151 8093244 3542540 323816292 313027656 0 980543139 0 89.539445 166 166 221278 166000 292 566 120 160000 250000 116 154628 118761 12 16000 25000 12 16000 25000 717
1790084543480918 10 0 0 10 10 10 0 0 0 0 0 0 1573 116 116 0 1800 227 111 0 111 0 0 0 10432573 11213 0 3877 16063 13230 3154 8093308 3542540 323816292 323816292 0 980543139 0 89.538297 175 175 233275 175000 541 688 120 160000 250000 116 154628 116758 12 16000 25000 12 16000 25000 714
1790084543551413 10 0 0 10 10 10 0 0 0 0 0 0 1569 119 115 4 1800 231 112 0 112 0 0 0 10502601 11303 0 3893 16318 13249 3164 8093383 3546387 349442813 328204540 0 986723431 0 89.501749 184 184 245272 184000 263 647 120 160000 250000 119 158627 119815 12 16000 25000 12 16000 25000 759
1790084543551629 10 0 0 10 10 10 0 0 0 0 0 0 1569 118 115 3 1800 231 113 0 113 0 0 0 10502601 11377 0 3910 16318 13257 3169 8093495 3546387 349442813 333528711 0 986723431 0 89.501119 181 181 241273 181000 80 593 120 160000 250000 115 153295 118806 12 16000 25000 12 16000 25000 757
1790084543551900 10 0 0 10 10 10 0 0 0 0 0 0 1569 115 115 0 1800 231 116 0 116 0 0 0 10502601 11580 0 3946 16318 13264 3172 8093536 3546387 349442813 349442813 0 986723431 0 89.499391 180 180 239940 180000 81 499 120 160000 250000 115 153295 115802 12 16000 25000 12 16000 25000 753
1790084543574031 10 0 0 10 10 10 0 0 0 0 0 0 1564 119 119 0 1800 236 117 0 117 0 0 0 10524340 11668 0 3961 16455 13295 3184 8093643 3550201 354908211 354908211 0 994051455 0 89.977280 177 177 235941 177000 186 470 120 160000 250000 119 158627 119825 12 16000 25000 12 16000 25000 766
1790084543610857 10 0 0 10 10 10 0 0 0 0 0 0 1563 119 119 0 1800 237 118 0 118 0 0 0 10560782 11757 0 3977 16546 13315 3209 8093776 3582710 360349522 360349522 0 995634804 0 89.809207 186 186 247938 186000 306 455 120 160000 250000 119 158627 119828 12 16000 25000 12 16000 25000 774
1790084543620253 10 0 0 10 10 10 0 0 0 0 0 0 1562 119 119 0 1800 238 119 0 119 0 0 0 10569889 11835 0 3989 16627 13325 3219 8093867 3589942 365852471 365852471 0 996901904 0 89.845449 188 188 250604 188000 1912 598 120 160000 250000 119 158627 119834 12 16000 25000 12 16000 25000 781
1790084543635793 10 0 0 10 10 10 0 0 0 0 0 0 1561 119 118 1 1800 239 120 0 120 0 0 0 10585124 11913 0 4001 16728 13335 3226 8093957 3593566 376750318 371314693 0 998463301 0 89.856137 190 190 253270 190000 371 577 120 160000 250000 118 157294 119851 12 16000 25000 12 16000 25000 798
1790084543635982 10 0 0 10 10 10 0 0 0 0 0 0 1561 118 118 0 1800 239 121 0 121 0 0 0 10585124 11988 0 4017 16728 13343 3229 8094042 3593566 376750318 376750318 0 998463301 0 89.855501 198 198 263934 198000 674 587 120 160000 250000 118 157294 118849 12 16000 25000 12 16000 25000 796
1790084543677209 10 0 0 10 10 10 0 0 0 0 0 0 1559 119 118 1 1800 241 122 0 122 0 0 0 10626021 12069 0 4028 16865 13368 3259 8094081 3628861 382761728 377315186 0 1001217777 0 89.756308 199 199 265267 199000 271 557 120 160000 250000 119 158627 119863 12 16000 25000 12 16000 25000 807
1790084543677423 10 0 0 10 10 10 0 0 0 0 0 0 1559 118 118 0 1800 241 123 0 123 0 0 0 10626021 12150 0 4045 16865 13376 3262 8094185 3628861 382761728 382761728 0 1001217777 0 89.755624 194 194 258602 194000 43 508 120 160000 250000 118 157294 118856 12 16000 25000 12 16000 25000 805
1790084543779753 10 0 0 10 10 10 0 0 0 0 0 0 1557 119 119 0 1800 243 124 0 124 0 0 0 10727918 12245 0 4059 17015 13424 3328 8094228 3719426 387429597 387429597 0 1004330935 0 89.179710 202 202 269266 202000 1222 578 120 160000 250000 119 158627 119862 12 16000 25000 12 16000 25000 814
1790084543789547 10 0 0 10 10 10 0 0 0 0 0 0 1556 119 119 0 1800 244 125 0 125 0 0 0 10737376 12323 0 4070 17106 13437 3338 8094352 3726424 391724057 391724057 0 1005910307 0 89.240715 200 200 266600 200000 316 553 120 160000 250000 119 158627 119871 12 16000 25000 12 16000 25000 822
1790084543825018 10 0 0 10 10 10 0 0 0 0 0 0 1555 119 119 0 1800 245 126 0 126 0 0 0 10772529 12405 0 4085 17190 13460 3366 8094432 3757506 396808781 396808781 0 1007472576 0 89.087306 199 199 265267 199000 98 510 120 160000 250000 119 158627 119881 12 16000 25000 12 16000 25000 831
1790084543842790 10 0 0 10 10 10 0 0 0 0 0 0 1554 119 119 0 1800 246 127 0 127 0 0 0 10789997 12487 0 4097 17279 13475 3382 8094514 3771268 402104969 402104969 0 1009032068 0 89.080249 200 200 266600 200000 358 496 120 160000 250000 119 158627 119889 12 16000 25000 12 16000 25000 839
1790084543866761 10 0 0 10 10 10 0 0 0 0 0 0 1553 119 119 0 1800 247 128 0 128 0 0 0 10813661 12565 0 4109 17374 13493 3399 8094593 3791834 406213104 406213104 0 1010583461 0 89.021557 202 202 269266 202000 885 535 120 160000 250000 119 158627 119897 12 16000 25000 12 16000 25000 846
1790084544037333 10 0 0 10 10 10 0 0 0 0 0 0 1552 119 119 0 1800 248 129 0 129 0 0 0 10983728 12655 0 4121 17483 13562 3513 8094669 3948060 409978919 409978919 0 1011875755 0 87.756121 201 201 267933 201000 123 496 120 160000 250000 119 158627 119903 12 16000 25000 12 16000 25000 852
1790084544050469 10 0 0 10 10 10 0 0 0 0 0 0 1551 119 119 0 1800 249 130 0 130 0 0 0 10996518 12740 0 4135 17557 13583 3525 8094801 3958298 414224305 414224305 0 1013428120 0 87.787966 197 197 262601 197000 150 463 120 160000 250000 119 158627 119911 12 16000 25000 12 16000 25000 860
1790084544081397 10 0 0 10 10 10 0 0 0 0 0 0 1550 119 119 0 1800 250 131 0 131 0 0 0 11027122 12819 0 4147 17643 13608 3548 8094890 3985245 418311899 418311899 0 1014945199 0 87.675031 201 201 267933 201000 829 500 120 160000 250000 119 158627 119917 12 16000 25000 12 16000 25000 867
1790084544287745 10 0 0 10 10 10 0 0 0 0 0 0 1549 119 119 0 1800 251 132 0 132 0 0 0 11232924 12908 0 4161 17762 13694 3676 8094972 4173820 423666827 423666827 0 1016505125 0 86.202144 209 209 278597 209000 809 531 120 160000 250000 119 158627 119924 12 16000 25000 12 16000 25000 875
1790084544310932 10 0 0 10 10 10 0 0 0 0 0 0 1548 119 119 0 1800 252 133 0 133 0 0 0 11255768 12988 0 4173 17864 13712 3696 8095074 4193557 424417791 424417791 0 1018073132 0 86.159484 212 212 282596 212000 227 502 120 160000 250000 119 158627 119925 12 16000 25000 12 16000 25000 876
1790084544326294 10 0 0 10 10 10 0 0 0 0 0 0 1547 119 119 0 1800 253 134 0 134 0 0 0 11270815 13069 0 4184 17929 13722 3704 8095205 4196870 430628565 430628565 0 1019592935 0 86.172420 213 213 283929 213000 153 469 120 160000 250000 119 158627 119933 12 16000 25000 12 16000 25000 884
1790084544382383 10 0 0 10 10 10 0 0 0 0 0 0 1546 119 119 0 1800 254 135 0 135 0 0 0 11326504 13149 0 4197 18015 13746 3730 8095361 4226408 434958797 434958797 0 1021113652 0 85.876514 212 212 282596 212000 413 465 120 160000 250000 119 158627 119941 12 16000 25000 12 16000 25000 892
1790084544454746 10 0 0 10 10 10 0 0 0 0 0 0 1545 119 119 0 1800 255 136 0 136 0 0 0 11398505 13229 0 4209 18109 13785 3769 8095441 4281471 438389406 438389406 0 1022638427 0 85.461509 212 212 282596 212000 363 456 120 160000 250000 119 158627 119946 12 16000 25000 12 16000 25000 898
1790084544474069 10 0 0 10 10 10 0 0 0 0 0 0 1544 119 119 0 1800 256 137 0 137 0 0 0 11417546 13308 0 4222 18181 13799 3786 8095521 4297577 444837920 444837920 0 1023920340 0 85.425510 211 211 281263 211000 602 471 120 160000 250000 119 158627 119929 12 16000 25000 12 16000 25000 906
1790084544507415 10 0 0 10 10 10 0 0 0 0 0 0 1543 119 119 0 1800 257 138 0 138 0 0 0 11450568 13393 0 4235 18279 13819 3808 8095596 4326636 451357799 451357799 0 1025485488 0 85.309011 216 216 287928 216000 913 515 120 160000 250000 119 158627 119937 12 16000 25000 12 16000 25000 914
1790084544551048 10 0 0 10 10 10 0 0 0 0 0 0 1542 119 119 0 1800 258 139 0 139 0 0 0 11493858 13476 0 4247 18360 13845 3842 8095691 4365287 457916964 457916964 0 1027035498 0 85.115925 216 216 287928 216000 436 509 120 160000 250000 119 158627 119945 12 16000 25000 12 16000 25000 922
1790084544570245 10 0 0 10 10 10 0 0 0 0 0 0 1541 119 118 1 1800 259 140 0 140 0 0 0 11512721 13554 0 4259 18479 13862 3861 8095774 4381335 465525517 458936417 0 1028604514 0 85.105874 217 217 289261 217000 363 496 120 160000 250000 119 158627 119956 12 16000 25000 12 16000 25000 931
1790084544570460 10 0 0 10 10 10 0 0 0 0 0 0 1541 118 118 0 1800 259 141 0 141 0 0 0 11512721 13642 0 4285 18479 13869 3865 8095873 4381335 465525517 465525517 0 1028604514 0 85.105224 215 215 286595 215000 41 453 120 160000 250000 118 157294 118951 12 16000 25000 12 16000 25000 930
1790084544594518 10 0 0 10 10 10 0 0 0 0 0 0 1539 119 119 0 1800 261 142 0 142 0 0 0 11536460 13724 0 4299 18587 13888 3885 8095943 4400392 468975280 468975280 0 1031802052 0 85.193718 227 227 302591 227000 592 467 120 160000 250000 119 158627 119961 12 16000 25000 12 16000 25000 938
1790084544610100 10 0 0 10 10 10 0 0 0 0 0 0 1538 119 119 0 1800 262 143 0 143 0 0 0 11551732 13802 0 4311 18666 13900 3899 8096050 4413047 470504255 470504255 0 1033032072 0 85.182072 223 223 297259 223000 99 432 120 160000 250000 119 158627 119963 12 16000 25000 12 16000 25000 941
1790084544637265 10 0 0 10 10 10 0 0 0 0 0 0 1537 119 119 0 1800 263 144 0 144 0 0 0 11578646 13884 0 4325 18730 13908 3906 8096123 4416242 477149828 477149828 0 1034596223 0 85.112382 243 243 323919 243000 107 401 120 160000 250000 119 158627 119972 12 16000 25000 12 16000 25000 949
1790084544642317 10 0 0 10 10 10 0 0 0 0 0 0 1536 119 119 0 1800 264 145 0 145 0 0 0 11583457 13962 0 4336 18791 13916 3911 8096193 4419414 483735444 483735444 0 1036147526 0 85.204069 240 240 319920 240000 259 388 120 160000 250000 119 158627 119980 12 16000 25000 12 16000 25000 957
1790084544648056 10 0 0 10 10 10 0 0 0 0 0 0 1535 119 119 0 1800 265 146 0 146 0 0 0 11588928 14037 0 4348 18863 13925 3917 8096282 4422559 490398446 490398446 0 1037707515 0 85.291562 240 240 319920 240000 488 398 120 160000 250000 119 158627 119988 12 16000 25000 12 16000 25000 965
1790084544653439 10 0 0 10 10 10 0 0 0 0 0 0 1534 119 119 0 1800 266 147 0 147 0 0 0 11594074 14115 0 4359 18926 13933 3923 8096344 4425694 497029833 497029833 0 1039266988 0 85.381297 249 249 331917 249000 486 408 120 160000 250000 119 158627 119996 12 16000 25000 12 16000 25000 973
1790084544662153 10 0 0 10 10 10 0 0 0 0 0 0 1533 119 119 0 1800 267 148 0 148 0 0 0 11602540 14191 0 4371 18998 13945 3932 8096405 4431876 503584105 503584105 0 1040825724 0 85.446479 250 250 333250 250000 448 412 120 160000 250000 119 158627 120005 12 16000 25000 12 16000 25000 981
1790084544670858 10 0 0 10 10 10 0 0 0 0 0 0 1532 119 118 1 1800 268 149 0 149 0 0 0 11610925 14276 0 4383 19121 13955 3942 8096474 4438082 512248066 507938952 0 1042352395 0 85.509464 257 257 342581 257000 725 443 120 160000 250000 119 158627 120019 12 16000 25000 12 16000 25000 996
1790084544671049 10 0 0 10 10 10 0 0 0 0 0 0 1532 118 118 0 1800 268 150 0 150 0 0 0 11610925 14350 0 4399 19121 13963 3945 8096562 4438082 512248066 512248066 0 1042352395 0 85.508920 257 257 342581 257000 799 478 120 160000 250000 118 157294 119015 12 16000 25000 12 16000 25000 994
1790084544677862 10 0 0 10 10 10 0 0 0 0 0 0 1530 119 119 0 1800 270 151 0 151 0 0 0 11617510 14425 0 4410 19203 13972 3952 8096602 4441169 518893769 518893769 0 1045444720 0 85.713493 253 253 337249 253000 297 461 120 160000 250000 119 158627 120028 12 16000 25000 12 16000 25000 1004
1790084544703470 10 0 0 10 10 10 0 0 0 0 0 0 1529 119 118 1 1800 271 152 0 152 0 0 0 11642822 14512 0 4433 19301 13981 3958 8096678 4444264 532297661 525611216 0 1046970144 0 85.651534 252 252 335916 252000 546 470 120 160000 250000 118 157294 120044 12 16000 25000 12 16000 25000 1021
1790084544703641 10 0 0 10 10 10 0 0 0 0 0 0 1529 118 118 0 1800 271 153 0 153 0 0 0 11642822 14585 0 4449 19301 13988 3961 8096749 4444264 532297661 532297661 0 1046970144 0 85.650997 260 260 346580 260000 395 464 120 160000 250000 118 157294 119043 12 16000 25000 12 16000 25000 1019
1790084544716723 10 0 0 10 10 10 0 0 0 0 0 0 1527 119 119 0 1800 273 154 0 154 0 0 0 11655630 14667 0 4463 19404 14007 3973 8096789 4453280 538849170 538849170 0 1050011605 0 85.804937 254 254 338582 254000 213 441 120 160000 250000 119 158627 120055 12 16000 25000 12 16000 25000 1029
1790084544724830 10 0 0 10 10 10 0 0 0 0 0 0 1526 119 119 0 1800 274 155 0 155 0 0 0 11663443 14755 0 4488 19475 14016 3982 8096883 4459219 545422913 545422913 0 1051237702 0 85.847011 260 260 346580 260000 423 441 120 160000 250000 119 158627 120063 12 16000 25000 12 16000 25000 1037
1790084544736300 10 0 0 10 10 10 0 0 0 0 0 0 1525 119 119 0 1800 275 156 0 156 0 0 0 11674641 14832 0 4501 19553 14029 3993 8096954 4468073 548886396 548886396 0 1052790273 0 85.890873 264 264 351912 264000 459 443 120 160000 250000 119 158627 120069 12 16000 25000 12 16000 25000 1043
1790084544744736 10 0 0 10 10 10 0 0 0 0 0 0 1524 119 118 1 1800 276 157 0 157 0 0 0 11682748 14908 0 4513 19672 14041 4003 8097047 4473945 560548456 555490865 0 1054402291 0 85.962212 257 257 342581 257000 165 417 120 160000 250000 119 158627 120086 12 16000 25000 12 16000 25000 1059
1790084544744904 10 0 0 10 10 10 0 0 0 0 0 0 1524 118 118 0 1800 276 158 0 158 0 0 0 11682748 14980 0 4527 19672 14048 4006 8097116 4473945 560548456 560548456 0 1054402291 0 85.961683 262 262 349246 262000 1354 509 120 160000 250000 118 157294 119083 12 16000 25000 12 16000 25000 1058
1790084544752018 10 0 0 10 10 10 0 0 0 0 0 0 1522 119 119 0 1800 278 159 0 159 0 0 0 11689642 15051 0 4537 19749 14055 4013 8097157 4476869 565606038 565606038 0 1057485209 0 86.161720 240 240 319920 240000 58 466 120 160000 250000 119 158627 120094 12 16000 25000 12 16000 25000 1068
1790084544757539 10 0 0 10 10 10 0 0 0 0 0 0 1521 119 119 0 1800 279 160 0 160 0 0 0 11694905 15130 0 4550 19826 14063 4021 8097227 4479767 570673619 570673619 0 1059002559 0 86.245988 222 222 295926 222000 55 427 120 160000 250000 119 158627 120102 12 16000 25000 12 16000 25000 1076
1790084544781601 10 0 0 10 10 10 0 0 0 0 0 0 1520 119 119 0 1800 280 161 0 161 0 0 0 11718676 15208 0 4563 19914 14081 4040 8097294 4499611 575749751 575749751 0 1060571773 0 86.198232 209 209 278597 209000 57 392 120 160000 250000 119 158627 120110 12 16000 25000 12 16000 25000 1084
1790084544786877 10 0 0 10 10 10 0 0 0 0 0 0 1519 119 118 1 1800 281 162 0 162 0 0 0 11723664 15283 0 4576 20014 14088 4048 8097373 4502469 589039228 582406062 0 1062137170 0 86.288228 215 215 286595 215000 226 377 120 160000 250000 118 157294 120127 12 16000 25000 12 16000 25000 1100
1790084544787049 10 0 0 10 10 10 0 0 0 0 0 0 1519 118 118 0 1800 281 163 0 163 0 0 0 11723664 15356 0 4591 20014 14095 4051 8097439 4502469 589039228 589039228 0 1062137170 0 86.287692 226 226 301258 226000 387 379 120 160000 250000 118 157294 119125 12 16000 25000 12 16000 25000 1099
1790084544834214 10 0 0 10 10 10 0 0 0 0 0 0 1517 119 119 0 1800 283 164 0 164 0 0 0 11770468 15444 0 4609 20161 14121 4088 8097480 4541776 594144811 594144811 0 1065216027 0 86.193514 241 241 321253 241000 1138 454 120 160000 250000 119 158627 120137 12 16000 25000 12 16000 25000 1109
1790084544845212 10 0 0 10 10 10 0 0 0 0 0 0 1516 119 119 0 1800 284 165 0 165 0 0 0 11781172 15522 0 4620 20239 14134 4099 8097575 4550177 599197935 599197935 0 1066788056 0 86.241821 251 251 334583 251000 209 431 120 160000 250000 119 158627 120145 12 16000 25000 12 16000 25000 1117
1790084544865900 10 0 0 10 10 10 0 0 0 0 0 0 1515 119 119 0 1800 285 166 0 166 0 0 0 11801570 15601 0 4633 20315 14152 4115 8097654 4566853 605962290 605962290 0 1068050925 0 86.194296 256 256 341248 256000 1045 492 120 160000 250000 119 158627 120151 12 16000 25000 12 16000 25000 1125
1790084544870813 10 0 0 10 10 10 0 0 0 0 0 0 1514 119 119 0 1800 286 167 0 167 0 0 0 11806234 15678 0 4643 20380 14160 4122 8097728 4569658 611027201 611027201 0 1069608213 0 86.285356 261 261 347913 261000 933 536 120 160000 250000 119 158627 120159 12 16000 25000 12 16000 25000 1133
1790084544875692 10 0 0 10 10 10 0 0 0 0 0 0 1513 119 119 0 1800 287 168 0 168 0 0 0 11810869 15752 0 4654 20450 14168 4129 8097796 4572444 617853608 617853608 0 1071158564 0 86.376017 257 257 342581 257000 368 520 120 160000 250000 119 158627 120166 12 16000 25000 12 16000 25000 1141
1790084544883635 10 0 0 10 10 10 0 0 0 0 0 0 1512 119 119 0 1800 288 169 0 169 0 0 0 11818558 15829 0 4665 20527 14178 4138 8097859 4577955 622940826 622940826 0 1072676656 0 86.441670 255 255 339915 255000 247 494 120 160000 250000 119 158627 120174 12 16000 25000 12 16000 25000 1150
1790084544928828 10 0 0 10 10 10 0 0 0 0 0 0 1511 119 119 0 1800 289 170 0 170 0 0 0 11863434 15911 0 4677 20613 14200 4167 8097938 4607644 627939692 627939692 0 1074199187 0 86.236756 255 255 339915 255000 643 510 120 160000 250000 119 158627 120182 12 16000 25000 12 16000 25000 1158
1790084544975678 10 0 0 10 10 10 0 0 0 0 0 0 1510 119 119 0 1800 290 171 0 171 0 0 0 11909913 15991 0 4689 20720 14229 4207 8098023 4647912 629651532 629651532 0 1075753338 0 86.024366 235 235 313255 235000 49 466 120 160000 250000 119 158627 120185 12 16000 25000 12 16000 25000 1161
1790084545002162 10 0 0 10 10 10 0 0 0 0 0 0 1509 119 119 0 1800 291 172 0 172 0 0 0 11936046 16076 0 4701 20806 14253 4230 8098134 4669347 636515080 636515080 0 1077307784 0 85.959695 236 236 314588 236000 112 433 120 160000 250000 119 158627 120194 12 16000 25000 12 16000 25000 1169
1790084545111663 10 0 0 10 10 10 0 0 0 0 0 0 1508 119 119 0 1800 292 173 0 173 0 0 0 12045089 16159 0 4713 20907 14303 4305 8098248 4757094 640782383 640782383 0 1078875195 0 85.305896 235 235 313255 235000 474 438 120 160000 250000 119 158627 120202 12 16000 25000 12 16000 25000 1177
1790084545181270 10 0 0 10 10 10 0 0 0 0 0 0 1507 119 119 0 1800 293 174 0 174 0 0 0 12114260 16257 0 4730 21024 14348 4365 8098336 4817253 645011106 645011106 0 1080433942 0 84.941318 237 237 315921 237000 1205 514 120 160000 250000 119 158627 120209 12 16000 25000 12 16000 25000 1185
1790084545188180 10 0 0 10 10 10 0 0 0 0 0 0 1506 119 119 0 1800 294 175 0 175 0 0 0 12120843 16339 0 4741 21090 14357 4373 8098479 4819858 649338398 649338398 0 1081972595 0 85.015572 245 245 326585 245000 604 524 120 160000 250000 119 158627 120218 12 16000 25000 12 16000 25000 1193
1790084545211433 10 0 0 10 10 10 0 0 0 0 0 0 1505 119 119 0 1800 295 176 0 176 0 0 0 12143806 16426 0 4754 21167 14374 4386 8098555 4830184 652812866 652812866 0 1083531986 0 84.976720 246 246 327918 246000 511 524 120 160000 250000 119 158627 120225 12 16000 25000 12 16000 25000 1200
1790084545249452 10 0 0 10 10 10 0 0 0 0 0 0 1504 119 119 0 1800 296 177 0 177 0 0 0 12181497 16517 0 4768 21261 14391 4407 8098634 4850996 653309472 653309472 0 1085078361 0 84.834414 225 225 299925 225000 37 477 120 160000 250000 119 158627 120225 12 16000 25000 12 16000 25000 1201
1790084545343001 10 0 0 10 10 10 0 0 0 0 0 0 1503 119 119 0 1800 297 178 0 178 0 0 0 12274573 16610 0 4781 21359 14436 4481 8098754 4932519 654009623 654009623 0 1086589087 0 84.308573 227 227 302591 227000 66 438 120 160000 250000 119 158627 120225 12 16000 25000 12 16000 25000 1201
1790084545367583 10 0 0 10 10 10 0 0 0 0 0 0 1502 119 119 0 1800 298 179 0 179 0 0 0 12298761 16700 0 4801 21462 14453 4504 8098886 4952727 654583246 654583246 0 1088127961 0 84.261538 228 228 303924 228000 135 409 120 160000 250000 119 158627 120226 12 16000 25000 12 16000 25000 1202
1790084545432706 10 0 0 10 10 10 0 0 0 0 0 0 1501 119 119 0 1800 299 180 0 180 0 0 0 12363577 16780 0 4815 21534 14463 4511 8099005 4955322 658097762 658097762 0 1089679492 0 83.939368 224 224 298592 224000 88 378 120 160000 250000 119 158627 120231 12 16000 25000 12 16000 25000 1208
1790084545512693 10 0 0 10 10 10 0 0 0 0 0 0 1500 119 119 0 1800 300 181 0 181 0 0 0 12443251 16862 0 4830 21610 14480 4537 8099094 4980382 659814841 659814841 0 1091194590 0 83.518043 209 209 278597 209000 45 347 120 160000 250000 119 158627 120233 12 16000 25000 12 16000 25000 1211
1790084545549243 10 0 0 10 10 10 0 0 0 0 0 0 1499 119 119 0 1800 301 182 0 182 0 0 0 12479518 16943 0 4841 21679 14491 4548 8099188 4985420 661807612 661807612 0 1092701058 0 83.390084 209 209 278597 209000 301 343 120 160000 250000 119 158627 120236 12 16000 25000 12 16000 25000 1214
1790084545650350 10 0 0 10 10 10 0 0 0 0 0 0 1498 119 119 0 1800 302 183 0 183 0 0 0 12580142 17029 0 4856 21797 14545 4629 8099303 5065030 662670717 662670717 0 1094217894 0 82.838242 211 211 281263 211000 481 357 120 160000 250000 119 158627 120238 12 16000 25000 12 16000 25000 1215
1790084545683837 10 0 0 10 10 10 0 0 0 0 0 0 1497 119 119 0 1800 303 184 0 184 0 0 0 12613284 17109 0 4869 21878 14567 4654 8099418 5084817 668072249 668072249 0 1095780666 0 82.738350 208 208 277264 208000 164 339 120 160000 250000 119 158627 120246 12 16000 25000 12 16000 25000 1223
1790084545698313 10 0 0 10 10 10 0 0 0 0 0 0 1496 119 119 0 1800 304 185 0 185 0 0 0 12627487 17188 0 4882 21947 14575 4662 8099508 5087277 671553433 671553433 0 1097332807 0 82.761962 208 208 277264 208000 384 345 120 160000 250000 119 158627 120252 12 16000 25000 12 16000 25000 1230
1790084545735668 10 0 0 10 10 10 0 0 0 0 0 0 1495 119 118 1 1800 305 186 0 186 0 0 0 12664457 17270 0 4895 22071 14605 4700 8099599 5118557 676142592 672532557 0 1098874103 0 82.636064 208 208 277264 208000 424 353 120 160000 250000 119 158627 120262 12 16000 25000 12 16000 25000 1238
1790084545735882 10 0 0 10 10 10 0 0 0 0 0 0 1495 118 118 0 1800 305 187 0 187 0 0 0 12664457 17358 0 4911 22071 14612 4704 8099696 5118557 676142592 676142592 0 1098874103 0 82.635491 203 203 270599 203000 237 343 120 160000 250000 118 157294 119257 12 16000 25000 12 16000 25000 1237
1790084545790096 10 0 0 10 10 10 0 0 0 0 0 0 1493 119 119 0 1800 307 188 0 188 0 0 0 12718333 17453 0 4925 22176 14639 4737 8099751 5147038 680525806 680525806 0 1101907837 0 82.512473 201 201 267933 201000 238 333 120 160000 250000 119 158627 120269 12 16000 25000 12 16000 25000 1246
1790084545827002 10 0 0 10 10 10 0 0 0 0 0 0 1492 119 119 0 1800 308 189 0 189 0 0 0 12754877 17536 0 4938 22254 14665 4771 8099866 5177905 684240621 684240621 0 1103466326 0 82.392223 199 199 265267 199000 286 329 120 160000 250000 119 158627 120277 12 16000 25000 12 16000 25000 1253
1790084545860448 10 0 0 10 10 10 0 0 0 0 0 0 1491 119 119 0 1800 309 190 0 190 0 0 0 12788034 17634 0 4951 22317 14674 4778 8099959 5180288 687980047 687980047 0 1104739580 0 82.273081 204 204 271932 204000 305 327 120 160000 250000 119 158627 120283 12 16000 25000 12 16000 25000 1260
1790084545970743 10 0 0 10 10 10 0 0 0 0 0 0 1490 119 119 0 1800 310 191 0 191 0 0 0 12897952 17717 0 4965 22414 14712 4834 8100032 5232249 692320039 692320039 0 1106261998 0 81.684786 198 198 263934 198000 112 307 120 160000 250000 119 158627 120291 12 16000 25000 12 16000 25000 1268
1790084546125539 10 0 0 10 10 10 0 0 0 0 0 0 1489 119 119 0 1800 311 192 0 192 0 0 0 13052193 17806 0 4981 22533 14787 4967 8100124 5365579 696639524 696639524 0 1107782736 0 80.831218 202 202 269266 202000 315 309 120 160000 250000 119 158627 120299 12 16000 25000 12 16000 25000 1276
1790084546178411 10 0 0 10 10 10 0 0 0 0 0 0 1488 119 119 0 1800 312 193 0 193 0 0 0 13104689 17898 0 4997 22610 14816 5003 8100239 5400407 700948984 700948984 0 1109310326 0 80.618308 206 206 274598 206000 572 336 120 160000 250000 119 158627 120308 12 16000 25000 12 16000 25000 1285
1790084546208715 10 0 0 10 10 10 0 0 0 0 0 0 1487 119 119 0 1800 313 194 0 194 0 0 0 13127519 17990 0 5014 29825 14836 5026 8100337 5419226 707582608 707582608 0 1110824573 0 80.587588 208 208 277264 208000 905 392 120 160000 250000 119 158627 120316 12 16000 25000 12 16000 25000 1293
1790084546249135 10 0 0 10 10 10 0 0 0 0 0 0 1487 118 112 6 1800 313 195 0 195 0 0 0 13127519 18067 0 5027 30102 14844 5030 8100458 5419226 736017776 711974292 0 1110824573 0 80.587116 201 201 267933 201000 133 368 120 160000 250000 118 157294 119373 12 16000 25000 12 16000 25000 1343
1790084546249284 10 0 0 10 10 10 0 0 0 0 0 0 1487 117 112 5 1800 313 196 0 196 0 0 0 13127519 18145 0 5042 30102 14852 5033 8100503 5419226 736017776 716334328 0 1110824573 0 80.586638 193 193 257269 193000 94 342 120 160000 250000 116 154628 118366 12 16000 25000 12 16000 25000 1342
1790084546249434 10 0 0 10 10 10 0 0 0 0 0 0 1487 116 112 4 1800 313 197 0 197 0 0 0 13127519 18228 0 5057 30102 14860 5036 8100544 5419226 736017776 720640786 0 1110824573 0 80.586129 190 190 253270 190000 182 327 120 160000 250000 116 154628 117364 12 16000 25000 12 16000 25000 1341
1790084546249574 10 0 0 10 10 10 0 0 0 0 0 0 1487 115 112 3 1800 313 198 0 198 0 0 0 13127519 18301 0 5073 30102 14867 5038 8100585 5419226 736017776 725961388 0 1110824573 0 80.585682 187 187 249271 187000 272 323 120 160000 250000 115 153295 116359 12 16000 25000 12 16000 25000 1339
1790084546249716 10 0 0 10 10 10 0 0 0 0 0 0 1487 114 112 2 1800 313 199 0 199 0 0 0 13127519 18377 0 5087 30102 14875 5041 8100625 5419226 736017776 730257740 0 1110824573 0 80.585216 184 184 245272 184000 211 313 120 160000 250000 112 149296 115353 12 16000 25000 12 16000 25000 1338
1790084546249917 10 0 0 10 10 10 0 0 0 0 0 0 1487 112 112 0 1800 313 201 0 201 0 0 0 13127519 18511 0 5111 30102 14882 5044 8100665 5419226 736017776 736017776 0 1110824573 0 80.584394 181 181 241273 181000 517 309 120 160000 250000 112 149296 113350 12 16000 25000 12 16000 25000 1335
1790084546267560 10 0 0 10 10 10 0 0 0 0 0 0 1479 119 119 0 1800 321 202 0 202 0 0 0 13144669 18594 0 5123 30363 14901 5054 8100768 5421603 740360316 740360316 0 1122833659 0 81.348950 173 173 230609 173000 35 283 120 160000 250000 119 158627 120381 12 16000 25000 12 16000 25000 1353
1790084546267827 10 0 0 10 10 10 0 0 0 0 0 0 1479 118 118 0 1800 321 203 0 203 0 0 0 13144669 18668 0 5138 30413 14909 5058 8100882 5421603 741731090 741731090 0 1122833659 0 81.348493 171 171 227943 171000 159 272 120 160000 250000 118 157294 119379 12 16000 25000 12 16000 25000 1354
1790084546293278 10 0 0 10 10 10 0 0 0 0 0 0 1477 119 119 0 1800 323 204 0 204 0 0 0 13169787 18751 0 5152 30535 14935 5080 8100940 5438564 746070677 746070677 0 1125921275 0 81.416318 167 167 222611 167000 106 257 120 160000 250000 119 158627 120391 12 16000 25000 12 16000 25000 1363
1790084546300306 10 0 0 10 10 10 0 0 0 0 0 0 1476 119 119 0 1800 324 205 0 205 0 0 0 13176509 18842 0 5166 30600 14944 5090 8101053 5440720 750442008 750442008 0 1127420534 0 81.482638 164 164 218612 164000 174 250 120 160000 250000 119 158627 120400 12 16000 25000 12 16000 25000 1372
1790084546315510 10 0 0 10 10 10 0 0 0 0 0 0 1475 119 119 0 1800 325 206 0 206 0 0 0 13191432 18920 0 5178 30681 14953 5098 8101139 5442834 751322788 751322788 0 1128929758 0 81.499063 167 167 222611 167000 831 308 120 160000 250000 119 158627 120401 12 16000 25000 12 16000 25000 1372
1790084546334388 10 0 0 10 10 10 0 0 0 0 0 0 1474 119 119 0 1800 326 207 0 207 0 0 0 13209987 19000 0 5191 30762 14971 5124 8101231 5457262 755702358 755702358 0 1130482967 0 81.496230 154 154 205282 154000 14 280 120 160000 250000 119 158627 120409 12 16000 25000 12 16000 25000 1381
1790084546414368 10 0 0 10 10 10 0 0 0 0 0 0 1473 119 119 0 1800 327 208 0 208 0 0 0 13289538 19084 0 5204 30871 15022 5199 8101308 5524193 760034656 760034656 0 1132001262 0 81.117379 164 164 218612 164000 882 340 120 160000 250000 119 158627 120413 12 16000 25000 12 16000 25000 1389
1790084546452849 10 0 0 10 10 10 0 0 0 0 0 0 1472 119 119 0 1800 328 209 0 209 0 0 0 13327675 19175 0 5226 30941 15050 5230 8101405 5546322 764309406 764309406 0 1133519478 0 80.993524 177 177 235941 177000 781 384 120 160000 250000 119 158627 120421 12 16000 25000 12 16000 25000 1397
1790084546476949 10 0 0 10 10 10 0 0 0 0 0 0 1471 119 119 0 1800 329 210 0 210 0 0 0 13351498 19255 0 5238 31013 15058 5238 8101494 5548392 768378491 768378491 0 1135020955 0 80.955825 182 182 242606 182000 83 355 120 160000 250000 119 158627 120428 12 16000 25000 12 16000 25000 1404
1790084546504991 10 0 0 10 10 10 0 0 0 0 0 0 1470 119 119 0 1800 330 211 0 211 0 0 0 13379229 19335 0 5250 31094 15081 5267 8101570 5570438 772503241 772503241 0 1136574264 0 80.898347 184 184 245272 184000 742 394 120 160000 250000 119 158627 120435 12 16000 25000 12 16000 25000 1411
1790084546513898 10 0 0 10 10 10 0 0 0 0 0 0 1469 119 119 0 1800 331 212 0 212 0 0 0 13387862 19412 0 5262 31169 15094 5278 8101649 5576471 776800503 776800503 0 1138069630 0 80.952159 184 184 245272 184000 1023 456 120 160000 250000 119 158627 120442 12 16000 25000 12 16000 25000 1419
1790084546527338 10 0 0 10 10 10 0 0 0 0 0 0 1468 119 119 0 1800 332 213 0 213 0 0 0 13401012 19486 0 5274 31252 15111 5297 8101726 5586391 781889444 781889444 0 1139628667 0 80.983179 182 182 242606 182000 791 489 120 160000 250000 119 158627 120450 12 16000 25000 12 16000 25000 1427
1790084546559257 10 0 0 10 10 10 0 0 0 0 0 0 1467 119 119 0 1800 333 214 0 214 0 0 0 13432582 19569 0 5287 31337 15150 5333 8101810 5611799 786253348 786253348 0 1141200383 0 80.904050 186 186 247938 186000 941 534 120 160000 250000 119 158627 120459 12 16000 25000 12 16000 25000 1435
1790084546581765 10 0 0 10 10 10 0 0 0 0 0 0 1466 119 119 0 1800 334 215 0 215 0 0 0 13454761 19656 0 5299 31412 15171 5356 8101903 5629485 787273687 787273687 0 1142758142 0 80.880612 183 183 243939 183000 317 514 120 160000 250000 119 158627 120460 12 16000 25000 12 16000 25000 1436
1790084546604671 10 0 0 10 10 10 0 0 0 0 0 0 1465 119 119 0 1800 335 216 0 216 0 0 0 13477305 19741 0 5311 31494 15191 5381 8102034 5646960 791664233 791664233 0 1144321253 0 80.855454 177 177 235941 177000 87 473 120 160000 250000 119 158627 120469 12 16000 25000 12 16000 25000 1445
1790084546629798 10 0 0 10 10 10 0 0 0 0 0 0 1464 119 118 1 1800 336 217 0 217 0 0 0 13502107 19819 0 5325 31618 15201 5388 8102123 5648908 797256730 793159061 0 1145891459 0 80.817426 178 178 237274 178000 1063 531 120 160000 250000 119 158627 120479 12 16000 25000 12 16000 25000 1454
1790084546629994 10 0 0 10 10 10 0 0 0 0 0 0 1464 118 118 0 1800 336 218 0 218 0 0 0 13502107 19900 0 5341 31618 15208 5392 8102209 5648908 797256730 797256730 0 1145891459 0 80.816942 173 173 230609 173000 66 486 120 160000 250000 118 157294 119474 12 16000 25000 12 16000 25000 1452
1790084546646910 10 0 0 10 10 10 0 0 0 0 0 0 1462 119 119 0 1800 338 219 0 219 0 0 0 13518747 19981 0 5355 31716 15224 5410 8102252 5660106 801531878 801531878 0 1149021865 0 80.937636 170 170 226610 170000 167 456 120 160000 250000 119 158627 120485 12 16000 25000 12 16000 25000 1462
1790084546660726 10 0 0 10 10 10 0 0 0 0 0 0 1461 119 119 0 1800 339 220 0 220 0 0 0 13532290 20060 0 5366 31778 15236 5418 8102345 5661991 805933063 805933063 0 1150549304 0 80.963768 183 183 243939 183000 186 431 120 160000 250000 119 158627 120493 12 16000 25000 12 16000 25000 1470
1790084546706079 10 0 0 10 10 10 0 0 0 0 0 0 1460 119 119 0 1800 340 221 0 221 0 0 0 13577286 20141 0 5381 31869 15273 5466 8102419 5698458 809472129 809472129 0 1152120461 0 80.805559 183 183 243939 183000 134 403 120 160000 250000 119 158627 120500 12 16000 25000 12 16000 25000 1477
1790084546719506 10 0 0 10 10 10 0 0 0 0 0 0 1459 119 118 1 1800 341 222 0 222 0 0 0 13590405 20217 0 5393 31979 15281 5474 8102502 5700316 817334390 812974576 0 1153393708 0 80.816436 179 179 238607 179000 246 389 120 160000 250000 119 158627 120517 12 16000 25000 12 16000 25000 1492
1790084546719719 10 0 0 10 10 10 0 0 0 0 0 0 1459 118 118 0 1800 341 223 0 223 0 0 0 13590405 20301 0 5410 31979 15289 5478 8102602 5700316 817334390 817334390 0 1153393708 0 80.815937 177 177 235941 177000 289 380 120 160000 250000 118 157294 119512 12 16000 25000 12 16000 25000 1490
1790084546754896 10 0 0 10 10 10 0 0 0 0 0 0 1457 119 118 1 1800 343 224 0 224 0 0 0 13625311 20377 0 5421 32100 15297 5485 8102643 5702185 825964338 821600102 0 1156185437 0 80.803867 160 160 213280 160000 39 347 120 160000 250000 119 158627 120533 12 16000 25000 12 16000 25000 1508
1790084546755074 10 0 0 10 10 10 0 0 0 0 0 0 1457 118 118 0 1800 343 225 0 225 0 0 0 13625311 20449 0 5435 32100 15304 5488 8102722 5702185 825964338 825964338 0 1156185437 0 80.803441 160 160 213280 160000 1138 425 120 160000 250000 118 157294 119528 12 16000 25000 12 16000 25000 1506
1790084546812652 10 0 0 10 10 10 0 0 0 0 0 0 1455 119 119 0 1800 345 226 0 226 0 0 0 13682486 20532 0 5449 32244 15350 5552 8102762 5747342 826477856 826477856 0 1159291215 0 80.681953 174 174 231942 174000 276 411 120 160000 250000 119 158627 120532 12 16000 25000 12 16000 25000 1509
1790084546859912 10 0 0 10 10 10 0 0 0 0 0 0 1454 119 119 0 1800 346 227 0 227 0 0 0 13729324 20617 0 5463 32358 15382 5594 8102888 5776795 831542228 831542228 0 1160877624 0 80.516649 174 174 231942 174000 96 381 120 160000 250000 119 158627 120540 12 16000 25000 12 16000 25000 1517
1790084546863819 10 0 0 10 10 10 0 0 0 0 0 0 1453 119 119 0 1800 347 228 0 228 0 0 0 13732907 20694 0 5475 32431 15391 5602 8103025 5778583 835801622 835801622 0 1162436792 0 80.603335 172 172 229276 172000 115 356 120 160000 250000 119 158627 120549 12 16000 25000 12 16000 25000 1525
1790084546908089 10 0 0 10 10 10 0 0 0 0 0 0 1452 119 119 0 1800 348 229 0 229 0 0 0 13776892 20774 0 5489 32501 15407 5620 8103105 5788923 840892590 840892590 0 1163992232 0 80.453426 176 176 234608 176000 1121 432 120 160000 250000 119 158627 120557 12 16000 25000 12 16000 25000 1534
1790084546915084 10 0 0 10 10 10 0 0 0 0 0 0 1451 119 119 0 1800 349 230 0 230 0 0 0 13783625 20849 0 5500 32570 15417 5631 8103182 5792359 845145873 845145873 0 1165553246 0 80.521590 191 191 254603 191000 897 479 120 160000 250000 119 158627 120565 12 16000 25000 12 16000 25000 1542
1790084547015777 10 0 0 10 10 10 0 0 0 0 0 0 1450 119 119 0 1800 350 231 0 231 0 0 0 13883815 20937 0 5514 32681 15490 5738 8103262 5873396 845885660 845885660 0 1167075643 0 80.045301 192 192 255936 192000 317 464 120 160000 250000 119 158627 120566 12 16000 25000 12 16000 25000 1543
1790084547109518 10 0 0 10 10 10 0 0 0 0 0 0 1449 119 119 0 1800 351 232 0 232 0 0 0 13977022 21026 0 5528 32814 15563 5837 8103356 5948772 850896017 850896017 0 1168604664 0 79.615976 191 191 254603 191000 183 437 120 160000 250000 119 158627 120575 12 16000 25000 12 16000 25000 1551
1790084547140353 10 0 0 10 10 10 0 0 0 0 0 0 1448 119 119 0 1800 352 233 0 233 0 0 0 14007497 21112 0 5541 32900 15588 5872 8103456 5971327 851721258 851721258 0 1170124565 0 79.545858 195 195 259935 195000 897 482 120 160000 250000 119 158627 120576 12 16000 25000 12 16000 25000 1552
1790084547178201 10 0 0 10 10 10 0 0 0 0 0 0 1447 119 119 0 1800 353 234 0 234 0 0 0 14044956 21194 0 5554 33002 15625 5916 8103556 6000270 854222561 854222561 0 1171666536 0 79.438104 190 190 253270 190000 58 441 120 160000 250000 119 158627 120579 12 16000 25000 12 16000 25000 1556
1790084547226953 10 0 0 10 10 10 0 0 0 0 0 0 1446 119 119 0 1800 354 235 0 235 0 0 0 14093288 21284 0 5573 33090 15665 5971 8103671 6038594 856736607 856736607 0 1173219481 0 79.270508 190 190 253270 190000 605 458 120 160000 250000 119 158627 120581 12 16000 25000 12 16000 25000 1559
1790084547540276 10 0 0 10 10 10 0 0 0 0 0 0 1445 119 119 0 1800 355 236 0 236 0 0 0 14405521 21388 0 5588 33297 15871 6329 8103799 6292826 857131582 857131582 0 1174726943 0 77.653981 191 191 254603 191000 333 442 120 160000 250000 119 158627 120581 12 16000 25000 12 16000 25000 1559
1790084547592032 10 0 0 10 10 10 0 0 0 0 0 0 1444 119 119 0 1800 356 237 0 237 0 0 0 14456838 21469 0 5601 33386 15913 6392 8103929 6333019 858746978 858746978 0 1176284541 0 77.480907 190 190 253270 190000 88 409 120 160000 250000 119 158627 120584 12 16000 25000 12 16000 25000 1562
1790084547714643 10 0 0 10 10 10 0 0 0 0 0 0 1443 119 119 0 1800 357 238 0 238 0 0 0 14578850 21560 0 5613 33489 16008 6541 8104046 6430251 863132952 863132952 0 1177836389 0 76.934299 189 189 251937 189000 295 399 120 160000 250000 119 158627 120591 12 16000 25000 12 16000 25000 1569
1790084547799291 10 0 0 10 10 10 0 0 0 0 0 0 1442 119 118 1 1800 358 239 0 239 0 0 0 14662914 21641 0 5625 33645 16087 6646 8104165 6497212 870048543 864791427 0 1179062249 0 76.573065 192 192 255936 192000 1396 497 120 160000 250000 119 158627 120601 12 16000 25000 12 16000 25000 1580
1790084547799525 10 0 0 10 10 10 0 0 0 0 0 0 1442 118 118 0 1800 358 240 0 240 0 0 0 14662914 21719 0 5643 33645 16095 6650 8104290 6497212 870048543 870048543 0 1179062249 0 76.572658 193 193 257269 193000 112 460 120 160000 250000 118 157294 119598 12 16000 25000 12 16000 25000 1578
1790084547818017 10 0 0 10 10 10 0 0 0 0 0 0 1440 119 119 0 1800 360 241 0 241 0 0 0 14681112 21800 0 5656 33745 16115 6669 8104346 6507791 875475697 875475697 0 1182185659 0 76.680055 196 196 261268 196000 1535 566 120 160000 250000 119 158627 120610 12 16000 25000 12 16000 25000 1588
1790084547849155 10 0 0 10 10 10 0 0 0 0 0 0 1439 119 119 0 1800 361 242 0 242 0 0 0 14711868 21880 0 5668 33856 16146 6709 8104441 6531278 879890123 879890123 0 1183704035 0 76.617853 199 199 265267 199000 1773 685 120 160000 250000 119 158627 120618 12 16000 25000 12 16000 25000 1596
1790084547890390 10 0 0 10 10 10 0 0 0 0 0 0 1438 119 119 0 1800 362 243 0 243 0 0 0 14752692 21964 0 5681 33967 16184 6758 8104539 6562022 881520668 881520668 0 1185230798 0 76.504263 197 197 262601 197000 309 650 120 160000 250000 119 158627 120621 12 16000 25000 12 16000 25000 1599
1790084547914707 10 0 0 10 10 10 0 0 0 0 0 0 1437 119 119 0 1800 363 244 0 244 0 0 0 14776640 22044 0 5694 34044 16208 6787 8104675 6577913 885752539 885752539 0 1186794735 0 76.480832 201 201 267933 201000 341 621 120 160000 250000 119 158627 120629 12 16000 25000 12 16000 25000 1607
1790084547968373 10 0 0 10 10 10 0 0 0 0 0 0 1436 119 117 2 1800 364 245 0 245 0 0 0 14829966 22124 0 5706 34186 16216 6794 8104760 6579393 898008655 890149139 0 1188300115 0 76.302480 211 211 281263 211000 1136 672 120 160000 250000 119 158627 120654 12 16000 25000 12 16000 25000 1629
1790084547968596 10 0 0 10 10 10 0 0 0 0 0 0 1436 118 117 1 1800 364 246 0 246 0 0 0 14829966 22199 0 5723 34186 16223 6797 8104873 6579393 898008655 894522013 0 1188300115 0 76.302095 214 214 285262 214000 335 640 120 160000 250000 118 157294 119650 12 16000 25000 12 16000 25000 1628
1790084547968769 10 0 0 10 10 10 0 0 0 0 0 0 1436 117 117 0 1800 364 247 0 247 0 0 0 14829966 22275 0 5740 34186 16230 6800 8104944 6579393 898008655 898008655 0 1188300115 0 76.301704 209 209 278597 209000 113 589 120 160000 250000 117 155961 118645 12 16000 25000 12 16000 25000 1627
1790084547994888 10 0 0 10 10 10 0 0 0 0 0 0 1433 119 119 0 1800 367 248 0 248 0 0 0 14855806 22358 0 5754 34298 16240 6807 8104995 6580892 902107433 902107433 0 1192889011 0 76.462903 206 206 274598 206000 129 545 120 160000 250000 119 158627 120660 12 16000 25000 12 16000 25000 1636
1790084548046229 10 0 0 10 10 10 0 0 0 0 0 0 1432 119 119 0 1800 368 249 0 249 0 0 0 14906751 22447 0 5771 34380 16284 6864 8105090 6612089 906538503 906538503 0 1194512047 0 76.305201 206 206 274598 206000 142 506 120 160000 250000 119 158627 120666 12 16000 25000 12 16000 25000 1644
1790084548056720 10 0 0 10 10 10 0 0 0 0 0 0 1431 119 119 0 1800 369 250 0 250 0 0 0 14916887 22527 0 5783 34472 16298 6881 8105215 6618826 910955648 910955648 0 1196063596 0 76.352067 207 207 275931 207000 1122 567 120 160000 250000 119 158627 120673 12 16000 25000 12 16000 25000 1651
1790084548116208 10 0 0 10 10 10 0 0 0 0 0 0 1430 119 119 0 1800 370 251 0 251 0 0 0 14975901 22613 0 5801 34569 16356 6960 8105328 6663456 914473655 914473655 0 1197629032 0 76.150747 221 221 294593 221000 1346 643 120 160000 250000 119 158627 120680 12 16000 25000 12 16000 25000 1658
1790084548156270 10 0 0 10 10 10 0 0 0 0 0 0 1429 119 119 0 1800 371 252 0 252 0 0 0 15015636 22695 0 5815 34646 16372 6977 8105442 6669929 919493208 919493208 0 1199193400 0 76.048329 227 227 302591 227000 1066 686 120 160000 250000 119 158627 120688 12 16000 25000 12 16000 25000 1666
1790084548168087 10 0 0 10 10 10 0 0 0 0 0 0 1428 119 119 0 1800 372 253 0 253 0 0 0 15027126 22777 0 5828 34727 16389 7001 8105536 6677597 924538874 924538874 0 1200459719 0 76.070098 232 232 309256 232000 397 659 120 160000 250000 119 158627 120695 12 16000 25000 12 16000 25000 1674
1790084548196136 10 0 0 10 10 10 0 0 0 0 0 0 1427 119 119 0 1800 373 254 0 254 0 0 0 15054858 22859 0 5840 34811 16410 7024 8105621 6690077 928887828 928887828 0 1202023249 0 76.028665 239 239 318587 239000 1215 714 120 160000 250000 119 158627 120702 12 16000 25000 12 16000 25000 1680
1790084548325133 10 0 0 10 10 10 0 0 0 0 0 0 1426 119 119 0 1800 374 255 0 255 0 0 0 15183230 22951 0 5856 34933 16522 7171 8105716 6790750 930578715 930578715 0 1203584496 0 75.484280 240 240 319920 240000 1074 750 120 160000 250000 119 158627 120706 12 16000 25000 12 16000 25000 1683
1790084548374825 10 0 0 10 10 10 0 0 0 0 0 0 1425 119 119 0 1800 375 256 0 256 0 0 0 15232452 23039 0 5870 35030 16572 7233 8105857 6828518 931146143 931146143 0 1205132385 0 75.337058 263 263 350579 263000 442 721 120 160000 250000 119 158627 120707 12 16000 25000 12 16000 25000 1684
1790084548419212 10 0 0 10 10 10 0 0 0 0 0 0 1424 119 119 0 1800 376 257 0 257 0 0 0 15276465 23133 0 5887 35107 16597 7263 8105980 6846897 933055780 933055780 0 1206407303 0 75.199339 258 258 343914 258000 129 664 120 160000 250000 119 158627 120709 12 16000 25000 12 16000 25000 1687
1790084548453722 10 0 0 10 10 10 0 0 0 0 0 0 1423 119 119 0 1800 377 258 0 258 0 0 0 15310574 23231 0 5902 35199 16618 7295 8106115 6865120 937455161 937455161 0 1207924243 0 75.125928 255 255 339915 255000 461 645 120 160000 250000 119 158627 120718 12 16000 25000 12 16000 25000 1695
1790084548477784 10 0 0 10 10 10 0 0 0 0 0 0 1422 119 118 1 1800 378 259 0 259 0 0 0 15334306 23308 0 5914 35309 16626 7302 8106223 6866817 944008562 938912339 0 1209192391 0 75.088209 274 274 365242 274000 1259 706 120 160000 250000 119 158627 120730 12 16000 25000 12 16000 25000 1705
1790084548477979 10 0 0 10 10 10 0 0 0 0 0 0 1422 118 118 0 1800 378 260 0 260 0 0 0 15334306 23382 0 5929 35309 16633 7305 8106311 6866817 944008562 944008562 0 1209192391 0 75.087847 270 270 359910 270000 334 671 120 160000 250000 118 157294 119724 12 16000 25000 12 16000 25000 1704
1790084548492617 10 0 0 10 10 10 0 0 0 0 0 0 1420 119 119 0 1800 380 261 0 261 0 0 0 15348677 23471 0 5944 35382 16642 7313 8106381 6868512 949085543 949085543 0 1212319424 0 75.211213 272 272 362576 272000 1023 706 120 160000 250000 119 158627 120735 12 16000 25000 12 16000 25000 1713
1790084548651514 10 0 0 10 10 10 0 0 0 0 0 0 1419 119 119 0 1800 381 262 0 262 0 0 0 15506849 23569 0 5961 35544 16750 7490 8106507 6992991 954364512 954364512 0 1213898863 0 74.541726 265 265 353245 265000 205 658 120 160000 250000 119 158627 120743 12 16000 25000 12 16000 25000 1721
1790084548704672 10 0 0 10 10 10 0 0 0 0 0 0 1418 119 119 0 1800 382 263 0 263 0 0 0 15559536 23663 0 5975 35639 16785 7552 8106654 7033560 958671840 958671840 0 1215411845 0 74.381843 262 262 349246 262000 403 634 120 160000 250000 119 158627 120752 12 16000 25000 12 16000 25000 1730
1790084548714543 10 0 0 10 10 10 0 0 0 0 0 0 1417 119 119 0 1800 383 264 0 264 0 0 0 15569074 23745 0 5988 35717 16802 7567 8106768 7039877 959056550 959056550 0 1216971866 0 74.431366 262 262 349246 262000 296 602 120 160000 250000 119 158627 120752 12 16000 25000 12 16000 25000 1730
1790084548772425 10 0 0 10 10 10 0 0 0 0 0 0 1416 119 119 0 1800 384 265 0 265 0 0 0 15626438 23842 0 6004 35849 16850 7638 8106905 7084055 964350424 964350424 0 1218522077 0 74.252551 264 264 351912 264000 99 554 120 160000 250000 119 158627 120761 12 16000 25000 12 16000 25000 1738
1790084548866418 10 0 0 10 10 10 0 0 0 0 0 0 1415 119 117 2 1800 385 266 0 266 0 0 0 15720030 23932 0 6020 35985 16859 7646 8107041 7085620 976995490 969343742 0 1220075266 0 73.904805 254 254 338582 254000 156 517 120 160000 250000 119 158627 120782 12 16000 25000 12 16000 25000 1758
1790084548866652 10 0 0 10 10 10 0 0 0 0 0 0 1415 118 117 1 1800 385 267 0 267 0 0 0 15720030 24013 0 6042 35985 16867 7649 8107164 7085620 976995490 971547723 0 1220075266 0 73.904425 250 250 333250 250000 105 478 120 160000 250000 118 157294 119778 12 16000 25000 12 16000 25000 1756
1790084548866794 10 0 0 10 10 10 0 0 0 0 0 0 1415 117 117 0 1800 385 268 0 268 0 0 0 15720030 24084 0 6056 35986 16874 7652 8107208 7085620 976995490 976995490 0 1220075266 0 73.904092 229 229 305257 229000 28 435 120 160000 250000 117 155961 118773 12 16000 25000 12 16000 25000 1755
1790084548883592 10 0 0 10 10 10 0 0 0 0 0 0 1412 119 119 0 1800 388 269 0 269 0 0 0 15736548 24167 0 6069 36090 16883 7668 8107259 7087224 982391196 982391196 0 1224707607 0 74.106548 224 224 298592 224000 125 406 120 160000 250000 119 158627 120788 12 16000 25000 12 16000 25000 1766
1790084548897246 10 0 0 10 10 10 0 0 0 0 0 0 1411 119 119 0 1800 389 270 0 270 0 0 0 15749864 24245 0 6082 36161 16893 7676 8107411 7088722 987725847 987725847 0 1226237901 0 74.136142 233 233 310589 233000 816 447 120 160000 250000 119 158627 120797 12 16000 25000 12 16000 25000 1774
1790084548932760 10 0 0 10 10 10 0 0 0 0 0 0 1410 119 117 2 1800 390 271 0 271 0 0 0 15785016 24328 0 6096 36324 16902 7684 8107493 7090218 1001429778 993111433 0 1227788126 0 74.064427 238 238 317254 238000 600 463 120 160000 250000 119 158627 120823 12 16000 25000 12 16000 25000 1797
1790084548932965 10 0 0 10 10 10 0 0 0 0 0 0 1410 118 117 1 1800 390 272 0 272 0 0 0 15785016 24405 0 6114 36324 16909 7687 8107592 7090218 1001429778 997162324 0 1227788126 0 74.064066 225 225 299925 225000 86 428 120 160000 250000 118 157294 119819 12 16000 25000 12 16000 25000 1796
1790084548933117 10 0 0 10 10 10 0 0 0 0 0 0 1410 117 117 0 1800 390 273 0 273 0 0 0 15785016 24479 0 6130 36324 16916 7690 8107633 7090218 1001429778 1001429778 0 1227788126 0 74.063719 248 248 330584 248000 112 398 120 160000 250000 117 155961 118813 12 16000 25000 12 16000 25000 1795
1790084548978456 10 0 0 10 10 10 0 0 0 0 0 0 1407 119 119 0 1800 393 274 0 274 0 0 0 15829939 24570 0 6144 36473 16963 7753 8107674 7120807 1006921912 1006921912 0 1232343917 0 74.127476 231 231 307923 231000 78 367 120 160000 250000 119 158627 120828 12 16000 25000 12 16000 25000 1805
1790084549012483 10 0 0 10 10 10 0 0 0 0 0 0 1406 119 119 0 1800 394 275 0 275 0 0 0 15863515 24662 0 6164 36565 16999 7800 8107827 7145289 1011193617 1011193617 0 1233896638 0 74.063597 237 237 315921 237000 1504 478 120 160000 250000 119 158627 120835 12 16000 25000 12 16000 25000 1813
1790084549039238 10 0 0 10 10 10 0 0 0 0 0 0 1405 119 119 0 1800 395 276 0 276 0 0 0 15889884 24751 0 6180 36662 17029 7835 8107935 7164162 1016592181 1016592181 0 1235419366 0 74.031715 242 242 322586 242000 1045 534 120 160000 250000 119 158627 120844 12 16000 25000 12 16000 25000 1822
1790084549044852 10 0 0 10 10 10 0 0 0 0 0 0 1404 119 119 0 1800 396 277 0 277 0 0 0 15895187 24833 0 6192 36740 17041 7846 8108044 7166902 1021595225 1021595225 0 1236986929 0 74.100577 256 256 341248 256000 1879 666 120 160000 250000 119 158627 120853 12 16000 25000 12 16000 25000 1830
1790084549058565 10 0 0 10 10 10 0 0 0 0 0 0 1403 119 119 0 1800 397 278 0 278 0 0 0 15908615 24913 0 6207 36799 17050 7854 8108154 7168324 1022465207 1022465207 0 1238576666 0 74.132907 257 257 342581 257000 1228 722 120 160000 250000 119 158627 120853 12 16000 25000 12 16000 25000 1831
1790084549172190 10 0 0 10 10 10 0 0 0 0 0 0 1402 119 119 0 1800 398 279 0 279 0 0 0 16021607 25013 0 6223 36950 17152 8001 8108235 7252616 1026092433 1026092433 0 1239845322 0 73.685838 246 246 327918 246000 45 657 120 160000 250000 119 158627 120860 12 16000 25000 12 16000 25000 1838
1790084549196388 10 0 0 10 10 10 0 0 0 0 0 0 1401 119 118 1 1800 399 280 0 280 0 0 0 16045456 25093 0 6236 37060 17161 8009 8108349 7253932 1032059753 1026555128 0 1241406669 0 73.668775 240 240 319920 240000 114 605 120 160000 250000 119 158627 120871 12 16000 25000 12 16000 25000 1846
1790084549196613 10 0 0 10 10 10 0 0 0 0 0 0 1401 118 118 0 1800 399 281 0 281 0 0 0 16045456 25170 0 6253 37060 17169 8012 8108468 7253932 1032059753 1032059753 0 1241406669 0 73.668422 235 235 313255 235000 26 550 120 160000 250000 118 157294 119866 12 16000 25000 12 16000 25000 1845
1790084549202137 10 0 0 10 10 10 0 0 0 0 0 0 1399 119 119 0 1800 401 282 0 282 0 0 0 16050725 25246 0 6265 37149 17178 8019 8108523 7255240 1037171328 1037171328 0 1244452224 0 73.824600 233 233 310589 233000 386 535 120 160000 250000 119 158627 120876 12 16000 25000 12 16000 25000 1855
1790084549229211 10 0 0 10 10 10 0 0 0 0 0 0 1398 119 119 0 1800 402 283 0 283 0 0 0 16077412 25344 0 6287 37257 17210 8059 8108609 7273763 1038579350 1038579350 0 1246014421 0 73.794321 240 240 319920 240000 580 541 120 160000 250000 119 158627 120879 12 16000 25000 12 16000 25000 1857
1790084549250698 10 0 0 10 10 10 0 0 0 0 0 0 1397 119 119 0 1800 403 284 0 284 0 0 0 16098542 25425 0 6299 37344 17227 8077 8108741 7279899 1044046903 1044046903 0 1247529974 0 73.786885 239 239 318587 239000 520 539 120 160000 250000 119 158627 120887 12 16000 25000 12 16000 25000 1865
1790084549265167 10 0 0 10 10 10 0 0 0 0 0 0 1396 119 119 0 1800 404 285 0 285 0 0 0 16112712 25514 0 6310 37409 17236 8084 8108851 7281135 1045451061 1045451061 0 1249045482 0 73.811248 244 244 325252 244000 1819 664 120 160000 250000 119 158627 120889 12 16000 25000 12 16000 25000 1868
1790084549299361 10 0 0 10 10 10 0 0 0 0 0 0 1395 119 119 0 1800 405 286 0 286 0 0 0 16146637 25592 0 6322 37476 17244 8091 8108939 7282362 1049765248 1049765248 0 1250562798 0 73.745531 244 244 325252 244000 124 612 120 160000 250000 119 158627 120898 12 16000 25000 12 16000 25000 1876
1790084549336248 10 0 0 10 10 10 0 0 0 0 0 0 1394 119 119 0 1800 406 287 0 287 0 0 0 16183127 25679 0 6338 37574 17282 8144 8109028 7307876 1053242299 1053242299 0 1252126612 0 73.671126 246 246 327918 246000 475 600 120 160000 250000 119 158627 120905 12 16000 25000 12 16000 25000 1883
1790084549412404 10 0 0 10 10 10 0 0 0 0 0 0 1393 119 119 0 1800 407 288 0 288 0 0 0 16258720 25774 0 6352 37713 17363 8253 8109122 7361634 1053773056 1053773056 0 1253681650 0 73.419781 236 236 314588 236000 110 553 120 160000 250000 119 158627 120905 12 16000 25000 12 16000 25000 1883
1790084549441224 10 0 0 10 10 10 0 0 0 0 0 0 1392 119 119 0 1800 408 289 0 289 0 0 0 16287106 25862 0 6366 37811 17399 8295 8109262 7380867 1058026860 1058026860 0 1255194186 0 73.380053 238 238 317254 238000 186 518 120 160000 250000 119 158627 120913 12 16000 25000 12 16000 25000 1891
1790084549470219 10 0 0 10 10 10 0 0 0 0 0 0 1391 119 119 0 1800 409 290 0 290 0 0 0 16315686 25954 0 6381 37926 17429 8341 8109372 7399855 1063860228 1063860228 0 1256768707 0 73.343192 236 236 314588 236000 748 541 120 160000 250000 119 158627 120920 12 16000 25000 12 16000 25000 1898
1790084549490555 10 0 0 10 10 10 0 0 0 0 0 0 1390 119 119 0 1800 410 291 0 291 0 0 0 16335635 26036 0 6395 38030 17457 8378 8109486 7412980 1068148969 1068148969 0 1258288008 0 73.341956 233 233 310589 233000 360 524 120 160000 250000 119 158627 120927 12 16000 25000 12 16000 25000 1907
1790084549515084 10 0 0 10 10 10 0 0 0 0 0 0 1389 119 119 0 1800 411 292 0 292 0 0 0 16359809 26116 0 6409 38135 17478 8400 8109590 7421602 1072436148 1072436148 0 1259813939 0 73.322208 233 233 310589 233000 325 506 120 160000 250000 119 158627 120935 12 16000 25000 12 16000 25000 1915
1790084549722640 10 0 0 10 10 10 0 0 0 0 0 0 1388 119 119 0 1800 412 293 0 293 0 0 0 16566503 26216 0 6426 38301 17633 8656 8109699 7546548 1075901862 1075901862 0 1261379759 0 72.498394 233 233 310589 233000 267 484 120 160000 250000 119 158627 120943 12 16000 25000 12 16000 25000 1921
1790084549760216 10 0 0 10 10 10 0 0 0 0 0 0 1387 119 119 0 1800 413 294 0 294 0 0 0 16603632 26311 0 6440 38397 17675 8711 8109821 7571507 1076454643 1076454643 0 1262902597 0 72.423446 232 232 309256 232000 1043 539 120 160000 250000 119 158627 120943 12 16000 25000 12 16000 25000 1922
1790084549763701 10 0 0 10 10 10 0 0 0 0 0 0 1386 119 119 0 1800 414 295 0 295 0 0 0 16606811 26392 0 6453 38458 17684 8719 8109949 7572579 1081925028 1081925028 0 1264473233 0 72.499304 230 230 306590 230000 124 500 120 160000 250000 119 158627 120949 12 16000 25000 12 16000 25000 1930
1790084549799916 10 0 0 10 10 10 0 0 0 0 0 0 1385 119 119 0 1800 415 296 0 296 0 0 0 16642693 26475 0 6468 38537 17696 8732 8110076 7575640 1086238302 1086238302 0 1266029964 0 72.431945 241 241 321253 241000 1053 555 120 160000 250000 119 158627 120960 12 16000 25000 12 16000 25000 1938
1790084549817697 10 0 0 10 10 10 0 0 0 0 0 0 1384 119 119 0 1800 416 297 0 297 0 0 0 16660114 26569 0 6483 38620 17729 8762 8110171 7586556 1089537710 1089537710 0 1267600498 0 72.445676 234 234 311922 234000 81 510 120 160000 250000 119 158627 120965 12 16000 25000 12 16000 25000 1945
1790084549821178 10 0 0 10 10 10 0 0 0 0 0 0 1383 119 119 0 1800 417 298 0 298 0 0 0 16663306 26646 0 6495 38689 17738 8770 8110276 7587642 1095034474 1095034474 0 1269110089 0 72.517746 241 241 321253 241000 837 543 120 160000 250000 119 158627 120973 12 16000 25000 12 16000 25000 1953
1790084549830196 10 0 0 10 10 10 0 0 0 0 0 0 1382 119 119 0 1800 418 299 0 299 0 0 0 16671985 26733 0 6511 38791 17758 8788 8110369 7592443 1095983898 1095983898 0 1270358928 0 72.551000 239 239 318587 239000 421 532 120 160000 250000 119 158627 120975 12 16000 25000 12 16000 25000 1954
1790084549868190 10 0 0 10 10 10 0 0 0 0 0 0 1381 119 118 1 1800 419 300 0 300 0 0 0 16709613 26815 0 6524 38902 17781 8816 8110464 7602805 1106083834 1101090032 0 1271883810 0 72.474421 232 232 309256 232000 72 488 120 160000 250000 118 157294 120991 12 16000 25000 12 16000 25000 1970
1790084549868428 10 0 0 10 10 10 0 0 0 0 0 0 1381 118 118 0 1800 419 301 0 301 0 0 0 16709613 26906 0 6546 38903 17788 8819 8110582 7602805 1106083834 1106083834 0 1271883810 0 72.474027 234 234 311922 234000 1233 562 120 160000 250000 118 157294 119989 12 16000 25000 12 16000 25000 1968
1790084549909308 10 0 0 10 10 10 0 0 0 0 0 0 1379 119 119 0 1800 421 302 0 302 0 0 0 16750072 27002 0 6564 39037 17834 8887 8110628 7627271 1110290057 1110290057 0 1274998961 0 72.475913 237 237 315921 237000 1453 650 120 160000 250000 119 158627 121000 12 16000 25000 12 16000 25000 1978
1790084549933230 10 0 0 10 10 10 0 0 0 0 0 0 1378 119 119 0 1800 422 303 0 303 0 0 0 16773560 27085 0 6578 39153 17865 8927 8110767 7641534 1115384151 1115384151 0 1276548247 0 72.462175 235 235 313255 235000 969 682 120 160000 250000 119 158627 121007 12 16000 25000 12 16000 25000 1986
1790084549976744 10 0 0 10 10 10 0 0 0 0 0 0 1377 119 118 1 1800 423 304 0 304 0 0 0 16816729 27171 0 6591 39249 17874 8934 8110892 7642439 1122655264 1117272446 0 1278115541 0 72.364830 236 236 314588 236000 1128 727 120 160000 250000 118 157294 121018 12 16000 25000 12 16000 25000 1997
1790084549976936 10 0 0 10 10 10 0 0 0 0 0 0 1377 118 118 0 1800 423 305 0 305 0 0 0 16816729 27246 0 6607 39249 17882 8937 8110981 7642439 1122655264 1122655264 0 1278115541 0 72.364508 229 229 305257 229000 61 663 120 160000 250000 118 157294 120016 12 16000 25000 12 16000 25000 1995
1790084550001045 10 0 0 10 10 10 0 0 0 0 0 0 1375 119 119 0 1800 425 306 0 306 0 0 0 16840564 27330 0 6620 39335 17891 8949 8111047 7643358 1123433679 1123433679 0 1281196420 0 72.436080 229 229 305257 229000 231 622 120 160000 250000 119 158627 121020 12 16000 25000 12 16000 25000 1998
1790084550010758 10 0 0 10 10 10 0 0 0 0 0 0 1374 119 119 0 1800 426 307 0 307 0 0 0 16849935 27413 0 6635 39417 17909 8968 8111161 7648301 1128511377 1128511377 0 1282757325 0 72.483705 222 222 295926 222000 31 565 120 160000 250000 119 158627 121029 12 16000 25000 12 16000 25000 2006
1790084550054991 10 0 0 10 10 10 0 0 0 0 0 0 1373 119 119 0 1800 427 308 0 308 0 0 0 16893735 27501 0 6650 39541 17944 9011 8111264 7663413 1129261942 1129261942 0 1284266159 0 72.380744 223 223 297259 223000 1326 641 120 160000 250000 119 158627 121039 12 16000 25000 12 16000 25000 2015
1790084550067465 10 0 0 10 10 10 0 0 0 0 0 0 1372 119 118 1 1800 428 309 0 309 0 0 0 16905879 27593 0 6662 39629 17953 9019 8111378 7664227 1137285524 1132989804 0 1285824076 0 72.416182 222 222 295926 222000 176 596 120 160000 250000 119 158627 121047 12 16000 25000 12 16000 25000 2022
1790084550067674 10 0 0 10 10 10 0 0 0 0 0 0 1372 118 118 0 1800 428 310 0 310 0 0 0 16905879 27670 0 6679 39629 17960 9022 8111482 7664227 1137285524 1137285524 0 1285824076 0 72.415853 221 221 294593 221000 779 615 120 160000 250000 118 157294 120042 12 16000 25000 12 16000 25000 2020
1790084550111460 10 0 0 10 10 10 0 0 0 0 0 0 1370 119 119 0 1800 430 311 0 311 0 0 0 16949411 27761 0 6695 39717 17969 9030 8111523 7665029 1142657882 1142657882 0 1288602693 0 72.385866 217 217 289261 217000 126 568 120 160000 250000 119 158627 121050 12 16000 25000 12 16000 25000 2029
1790084550135815 10 0 0 10 10 10 0 0 0 0 0 0 1369 119 119 0 1800 431 312 0 312 0 0 0 16973324 27847 0 6710 39873 18004 9078 8111615 7678922 1143376445 1143376445 0 1290122186 0 72.368921 215 215 286595 215000 245 537 120 160000 250000 119 158627 121050 12 16000 25000 12 16000 25000 2029
1790084550161607 10 0 0 10 10 10 0 0 0 0 0 0 1368 119 119 0 1800 432 313 0 313 0 0 0 16998720 27946 0 6725 39975 18035 9112 8111717 7687548 1147741128 1147741128 0 1291675911 0 72.347584 214 214 285262 214000 179 503 120 160000 250000 119 158627 121059 12 16000 25000 12 16000 25000 2037
1790084550196302 10 0 0 10 10 10 0 0 0 0 0 0 1367 119 119 0 1800 433 314 0 314 0 0 0 17032989 28035 0 6739 40070 18074 9160 8111841 7701524 1154357571 1154357571 0 1293194283 0 72.286762 218 218 290594 218000 687 522 120 160000 250000 119 158627 121067 12 16000 25000 12 16000 25000 2046
1790084550209374 10 0 0 10 10 10 0 0 0 0 0 0 1366 119 119 0 1800 434 315 0 315 0 0 0 17045763 28114 0 6752 40127 18082 9168 8111966 7702229 1159903492 1159903492 0 1294439319 0 72.301887 227 227 302591 227000 1236 592 120 160000 250000 119 158627 121073 12 16000 25000 12 16000 25000 2052
1790084550252531 10 0 0 10 10 10 0 0 0 0 0 0 1365 119 119 0 1800 435 316 0 316 0 0 0 17088608 28203 0 6766 40194 18092 9176 8112071 7702933 1164211128 1164211128 0 1295704034 0 72.190997 237 237 315921 237000 369 571 120 160000 250000 119 158627 121080 12 16000 25000 12 16000 25000 2060
1790084550276588 10 0 0 10 10 10 0 0 0 0 0 0 1364 119 119 0 1800 436 317 0 317 0 0 0 17112254 28290 0 6782 40320 18123 9227 8112155 7715775 1167744197 1167744197 0 1297271038 0 72.178227 238 238 317254 238000 52 522 120 160000 250000 119 158627 121088 12 16000 25000 12 16000 25000 2067
1790084550321882 10 0 0 10 10 10 0 0 0 0 0 0 1364 118 118 0 1800 436 318 0 318 0 0 0 17157054 28383 0 6796 40419 18182 9322 8112266 7741933 1171589524 1171589524 0 1297271038 0 71.989678 242 242 322586 242000 152 487 120 160000 250000 118 157294 120092 12 16000 25000 12 16000 25000 2072
1790084550356188 10 0 0 10 10 10 0 0 0 0 0 0 1364 117 117 0 1800 436 319 0 319 0 0 0 17190957 28479 0 6815 40489 18231 9393 8112353 7761725 1172702074 1172702074 0 1297271038 0 71.847537 235 235 313255 235000 166 456 120 160000 250000 117 155961 119090 12 16000 25000 12 16000 25000 2072
1790084550360825 10 0 0 10 10 10 0 0 0 0 0 0 1364 116 116 0 1800 436 320 0 320 0 0 0 17195360 28554 0 6827 40545 18243 9404 8112412 7764285 1173798118 1173798118 0 1297271038 0 71.828858 228 228 303924 228000 82 421 120 160000 250000 116 154628 118090 12 16000 25000 12 16000 25000 2072
1790084550368770 10 0 0 10 10 10 0 0 0 0 0 0 1364 115 115 0 1800 436 321 0 321 0 0 0 17203050 28634 0 6841 40610 18263 9424 8112459 7768763 1174618214 1174618214 0 1297271038 0 71.796469 238 238 317254 238000 83 389 120 160000 250000 115 153295 117090 12 16000 25000 12 16000 25000 2072
1790084550372332 10 0 0 10 10 10 0 0 0 0 0 0 1364 114 114 0 1800 436 322 0 322 0 0 0 17206372 28713 0 6857 40663 18275 9434 8112528 7770687 1178271051 1178271051 0 1297271038 0 71.782302 234 234 311922 234000 25 354 120 160000 250000 114 151962 116094 12 16000 25000 12 16000 25000 2078
1790084550396958 10 0 0 10 10 10 0 0 0 0 0 0 1364 113 113 0 1800 436 323 0 323 0 0 0 17230655 28795 0 6871 40734 18313 9488 8112599 7784834 1183412129 1183412129 0 1297271038 0 71.680967 247 247 329251 247000 282 348 120 160000 250000 113 150629 115098 12 16000 25000 12 16000 25000 2084
1790084550420528 10 0 0 10 10 10 0 0 0 0 0 0 1364 112 112 0 1800 436 324 0 324 0 0 0 17253897 28881 0 6884 40813 18342 9540 8112661 7798389 1183826987 1183826987 0 1297271038 0 71.584214 246 246 327918 246000 858 399 120 160000 250000 112 149296 114097 12 16000 25000 12 16000 25000 2083
1790084550451973 10 0 0 10 10 10 0 0 0 0 0 0 1364 111 111 0 1800 436 325 0 325 0 0 0 17284942 28968 0 6898 40908 18385 9607 8112739 7816496 1188096026 1188096026 0 1297271038 0 71.455499 241 241 321253 241000 111 372 120 160000 250000 111 147963 113103 12 16000 25000 12 16000 25000 2090
1790084550548862 10 0 0 10 10 10 0 0 0 0 0 0 1364 110 110 0 1800 436 326 0 326 0 0 0 17381167 29053 0 6913 41028 18513 9808 8112813 7872496 1192377330 1192377330 0 1297271038 0 71.060220 239 239 318587 239000 1041 438 120 160000 250000 110 146630 112108 12 16000 25000 12 16000 25000 2097
1790084550551339 10 0 0 10 10 10 0 0 0 0 0 0 1364 109 109 0 1800 436 327 0 327 0 0 0 17383407 29128 0 6925 41090 18523 9816 8112876 7873787 1196674505 1196674505 0 1297271038 0 71.050773 238 238 317254 238000 928 487 120 160000 250000 109 145297 111115 12 16000 25000 12 16000 25000 2104
1790084550601685 10 0 0 10 10 10 0 0 0 0 0 0 1364 108 108 0 1800 436 328 0 328 0 0 0 17433337 29208 0 6938 41174 18589 9915 8112928 7902811 1198379832 1198379832 0 1297271038 0 70.847295 248 248 330584 248000 1130 551 120 160000 250000 108 143964 110116 12 16000 25000 12 16000 25000 2104
1790084550656574 10 0 0 10 10 10 0 0 0 0 0 0 1364 107 107 0 1800 436 329 0 329 0 0 0 17487769 29301 0 6952 41280 18652 10019 8112982 7934390 1202774089 1202774089 0 1297271038 0 70.626770 252 252 335916 252000 144 512 120 160000 250000 107 142631 109123 12 16000 25000 12 16000 25000 2111
1790084550660187 10 0 0 10 10 10 0 0 0 0 0 0 1364 106 106 0 1800 436 330 0 330 0 0 0 17491126 29378 0 6965 41342 18665 10028 8113056 7936324 1207169247 1207169247 0 1297271038 0 70.612927 264 264 351912 264000 1015 562 120 160000 250000 106 141298 108130 12 16000 25000 12 16000 25000 2118
1790084550666032 10 0 0 10 10 10 0 0 0 0 0 0 1364 105 105 0 1800 436 331 0 331 0 0 0 17496732 29452 0 6977 41403 18688 10041 8113105 7939562 1212487589 1212487589 0 1297271038 0 70.590042 266 266 354578 266000 1174 623 120 160000 250000 105 139965 107133 12 16000 25000 12 16000 25000 2123
1790084550669651 10 0 0 10 10 10 0 0 0 0 0 0 1364 104 104 0 1800 436 332 0 332 0 0 0 17500123 29527 0 6990 41463 18700 10053 8113155 7941525 1217492718 1217492718 0 1297271038 0 70.576085 268 268 357244 268000 1256 686 120 160000 250000 104 138632 106140 12 16000 25000 12 16000 25000 2130
1790084550679997 10 0 0 10 10 10 0 0 0 0 0 0 1364 103 103 0 1800 436 333 0 333 0 0 0 17510192 29607 0 7006 41553 18719 10077 8113201 7947320 1221640377 1221640377 0 1297271038 0 70.535248 269 269 358577 269000 365 655 120 160000 250000 103 137299 105144 12 16000 25000 12 16000 25000 2135
1790084550715145 10 0 0 10 10 10 0 0 0 0 0 0 1364 102 102 0 1800 436 334 0 334 0 0 0 17544972 29701 0 7019 41638 18762 10145 8113250 7967458 1225695874 1225695874 0 1297271038 0 70.395282 267 267 355911 267000 908 680 120 160000 250000 102 135966 104150 12 16000 25000 12 16000 25000 2141
1790084550782972 10 0 0 10 10 10 0 0 0 0 0 0 1364 101 101 0 1800 436 335 0 335 0 0 0 17612313 29788 0 7036 41722 18842 10273 8113307 8006479 1226330361 1226330361 0 1297271038 0 70.126232 270 270 359910 270000 331 647 120 160000 250000 101 134633 103147 12 16000 25000 12 16000 25000 2140
1790084550792301 10 0 0 10 10 10 0 0 0 0 0 0 1364 100 100 0 1800 436 336 0 336 0 0 0 17621357 29863 0 7048 41785 18862 10293 8113387 8011682 1231382625 1231382625 0 1297271038 0 70.090003 264 264 351912 264000 54 590 120 160000 250000 100 133300 102154 12 16000 25000 12 16000 25000 2147
1790084550804962 10 0 0 10 10 10 0 0 0 0 0 0 1364 99 99 0 1800 436 337 0 337 0 0 0 17633754 29938 0 7061 41851 18886 10319 8113437 8018839 1235759377 1235759377 0 1297271038 0 70.040514 277 277 369241 277000 1334 664 120 160000 250000 99 131967 101161 12 16000 25000 12 16000 25000 2154
1790084550929490 10 0 0 10 10 10 0 0 0 0 0 0 1364 98 98 0 1800 436 338 0 338 0 0 0 17757543 30058 0 7080 41963 19040 10566 8113487 8090363 1240125226 1240125226 0 1297271038 0 69.552610 279 279 371907 279000 327 632 120 160000 250000 98 130634 100168 12 16000 25000 12 16000 25000 2160
1790084550960354 10 0 0 10 10 10 0 0 0 0 0 0 1364 97 97 0 1800 436 339 0 339 0 0 0 17788033 30147 0 7094 42037 19083 10628 8113555 8107940 1244456813 1244456813 0 1297271038 0 69.433246 280 280 373240 280000 1115 680 120 160000 250000 97 129301 99175 12 16000 25000 12 16000 25000 2167
1790084550992301 10 0 0 10 10 10 0 0 0 0 0 0 1364 96 96 0 1800 436 340 0 340 0 0 0 17819600 30235 0 7108 42115 19136 10693 8113623 8126110 1245274852 1245274852 0 1297271038 0 69.310112 274 274 365242 274000 184 633 120 160000 250000 96 127968 98174 12 16000 25000 12 16000 25000 2167
1790084551012975 10 0 0 10 10 10 0 0 0 0 0 0 1364 95 95 0 1800 436 341 0 341 0 0 0 17839960 30316 0 7124 42194 19165 10734 8113680 8137832 1249524929 1249524929 0 1297271038 0 69.230832 270 270 359910 270000 70 579 120 160000 250000 95 126635 97181 12 16000 25000 12 16000 25000 2174
1790084551022338 10 0 0 10 10 10 0 0 0 0 0 0 1364 94 94 0 1800 436 342 0 342 0 0 0 17849033 30400 0 7143 42253 19186 10757 8113764 8143058 1256194515 1256194515 0 1297271038 0 69.195375 274 274 365242 274000 709 593 120 160000 250000 94 125302 96186 12 16000 25000 12 16000 25000 2180
1790084551032836 10 0 0 10 10 10 0 0 0 0 0 0 1364 93 93 0 1800 436 343 0 343 0 0 0 17859252 30477 0 7156 42323 19202 10782 8113839 8148935 1261529807 1261529807 0 1297271038 0 69.155551 269 269 358577 269000 257 561 120 160000 250000 93 123969 95193 12 16000 25000 12 16000 25000 2187
1790084551053529 10 0 0 10 10 10 0 0 0 0 0 0 1364 92 92 0 1800 436 344 0 344 0 0 0 17879652 30554 0 7168 42389 19233 10829 8113890 8160648 1265918603 1265918603 0 1297271038 0 69.076485 273 273 363909 273000 401 546 120 160000 250000 92 122636 94199 12 16000 25000 12 16000 25000 2194
1790084551062924 10 0 0 10 10 10 0 0 0 0 0 0 1364 91 91 0 1800 436 345 0 345 0 0 0 17888784 30640 0 7180 42455 19252 10850 8113940 8165882 1270226246 1270226246 0 1297271038 0 69.040951 272 272 362576 272000 1230 614 120 160000 250000 91 121303 93206 12 16000 25000 12 16000 25000 2200
1790084551110023 10 0 0 10 10 10 0 0 0 0 0 0 1364 90 90 0 1800 436 346 0 346 0 0 0 17935469 30731 0 7194 42533 19313 10946 8113990 8192709 1276823831 1276823831 0 1297271038 0 68.861199 289 289 385237 289000 317 586 120 160000 250000 90 119970 92212 12 16000 25000 12 16000 25000 2207
1790084551136533 10 0 0 10 10 10 0 0 0 0 0 0 1364 89 89 0 1800 436 347 0 347 0 0 0 17961631 30814 0 7209 42614 19353 11002 8114056 8207725 1281200025 1281200025 0 1297271038 0 68.760753 294 294 391902 294000 1423 668 120 160000 250000 89 118637 91219 12 16000 25000 12 16000 25000 2214
1790084551164219 10 0 0 10 10 10 0 0 0 0 0 0 1364 88 88 0 1800 436 348 0 348 0 0 0 17988965 30894 0 7222 42688 19390 11053 8114133 8223385 1285538542 1285538542 0 1297271038 0 68.656146 296 296 394568 296000 906 692 120 160000 250000 88 117304 90226 12 16000 25000 12 16000 25000 2220
1790084551208022 10 0 0 10 10 10 0 0 0 0 0 0 1364 87 87 0 1800 436 349 0 349 0 0 0 18032351 30975 0 7235 42785 19459 11136 8114188 8248221 1292190762 1292190762 0 1297271038 0 68.490934 302 302 402566 302000 346 659 120 160000 250000 87 115971 89233 12 16000 25000 12 16000 25000 2227
1790084551212907 10 0 0 10 10 10 0 0 0 0 0 0 1364 86 86 0 1800 436 350 0 350 0 0 0 18036979 31062 0 7248 42849 19472 11146 8114245 8250871 1298826097 1298826097 0 1297271038 0 68.473061 304 304 405232 304000 1518 743 120 160000 250000 86 114638 88240 12 16000 25000 12 16000 25000 2234
1790084551217736 10 0 0 10 10 10 0 0 0 0 0 0 1364 85 85 0 1800 436 351 0 351 0 0 0 18041572 31143 0 7260 42907 19486 11158 8114295 8253494 1305377207 1305377207 0 1297271038 0 68.455352 306 306 407898 306000 1254 794 120 160000 250000 85 113305 87246 12 16000 25000 12 16000 25000 2240
1790084551223749 10 0 0 10 10 10 0 0 0 0 0 0 1364 84 84 0 1800 436 352 0 352 0 0 0 18047341 31234 0 7278 42965 19499 11172 8114344 8256783 1312120597 1312120597 0 1297271038 0 68.433163 309 309 411897 309000 1598 874 120 160000 250000 84 111972 86253 12 16000 25000 12 16000 25000 2247
1790084551235487 10 0 0 10 10 10 0 0 0 0 0 0 1364 83 83 0 1800 436 353 0 353 0 0 0 18058821 31310 0 7292 43030 19521 11196 8114392 8263339 1318708383 1318708383 0 1297271038 0 68.389448 311 311 414563 311000 1139 901 120 160000 250000 83 110639 85259 12 16000 25000 12 16000 25000 2254
1790084551252976 10 0 0 10 10 10 0 0 0 0 0 0 1364 82 82 0 1800 436 354 0 354 0 0 0 18075992 31385 0 7304 43095 19559 11230 8114463 8273121 1325304236 1325304236 0 1297271038 0 68.324312 333 333 443889 333000 1316 942 120 160000 250000 82 109306 84266 12 16000 25000 12 16000 25000 2260
1790084551271630 10 0 0 10 10 10 0 0 0 0 0 0 1364 81 81 0 1800 436 355 0 355 0 0 0 18094351 31465 0 7317 43166 19589 11270 8114512 8283589 1329678558 1329678558 0 1297271038 0 68.254807 346 346 461218 346000 1986 1045 120 160000 250000 81 107973 83272 12 16000 25000 12 16000 25000 2267
1790084551364649 10 0 0 10 10 10 0 0 0 0 0 0 1364 80 80 0 1800 436 356 0 356 0 0 0 18186708 31581 0 7333 43302 19715 11451 8114562 8336185 1336341664 1336341664 0 1297271038 0 67.908357 347 347 462551 347000 133 957 120 160000 250000 80 106640 82278 12 16000 25000 12 16000 25000 2274
1790084551368481 10 0 0 10 10 10 0 0 0 0 0 0 1364 79 79 0 1800 436 357 0 357 0 0 0 18190182 31675 0 7354 43364 19726 11460 8114720 8338153 1340791260 1340791260 0 1297271038 0 67.895060 339 339 451887 339000 287 893 120 160000 250000 79 105307 81285 12 16000 25000 12 16000 25000 2280
1790084551380329 10 0 0 10 10 10 0 0 0 0 0 0 1364 78 78 0 1800 436 358 0 358 0 0 0 18201726 31761 0 7366 43428 19745 11486 8114810 8344721 1347462030 1347462030 0 1297271038 0 67.851754 346 346 461218 346000 1330 936 120 160000 250000 78 103974 80292 12 16000 25000 12 16000 25000 2287
1790084551408318 10 0 0 10 10 10 0 0 0 0 0 0 1364 77 77 0 1800 436 359 0 359 0 0 0 18229374 31842 0 7381 43504 19787 11542 8114867 8360408 1353999382 1353999382 0 1297271038 0 67.748723 350 350 466550 350000 1200 963 120 160000 250000 77 102641 79299 12 16000 25000 12 16000 25000 2293
1790084551422522 10 0 0 10 10 10 0 0 0 0 0 0 1364 76 76 0 1800 436 360 0 360 0 0 0 18243275 31923 0 7394 43583 19809 11575 8114932 8368278 1359148480 1359148480 0 1297271038 0 67.696890 372 372 495876 372000 1394 1006 120 160000 250000 76 101308 78306 12 16000 25000 12 16000 25000 2300
1790084551443602 10 0 0 10 10 10 0 0 0 0 0 0 1364 75 75 0 1800 436 361 0 361 0 0 0 18264059 32003 0 7408 43652 19840 11617 8114988 8380054 1365862892 1365862892 0 1297271038 0 67.619692 382 382 509206 382000 1006 1006 120 160000 250000 75 99975 77312 12 16000 25000 12 16000 25000 2307
1790084551448492 10 0 0 10 10 10 0 0 0 0 0 0 1364 74 74 0 1800 436 362 0 362 0 0 0 18268699 32087 0 7422 43718 19854 11629 8115039 8382676 1370827837 1370827837 0 1297271038 0 67.602237 393 393 523869 393000 1680 1072 120 160000 250000 74 98642 76318 12 16000 25000 12 16000 25000 2313
1790084551519563 10 0 0 10 10 10 0 0 0 0 0 0 1364 73 73 0 1800 436 363 0 363 0 0 0 18339289 32173 0 7437 43808 19936 11760 8115086 8422667 1377551442 1377551442 0 1297271038 0 67.342167 394 394 525202 394000 807 1047 120 160000 250000 73 97309 75325 12 16000 25000 12 16000 25000 2320
1790084551533751 10 0 0 10 10 10 0 0 0 0 0 0 1364 72 72 0 1800 436 364 0 364 0 0 0 18353194 32255 0 7450 43870 19961 11790 8115140 8430529 1384334118 1384334118 0 1297271038 0 67.290936 393 393 523869 393000 1001 1043 120 160000 250000 72 95976 74332 12 16000 25000 12 16000 25000 2327
1790084551610917 10 0 0 10 10 10 0 0 0 0 0 0 1364 71 71 0 1800 436 365 0 365 0 0 0 18429828 32350 0 7463 43980 20049 11935 8115191 8473921 1391064548 1391064548 0 1297271038 0 67.011274 403 403 537199 403000 1775 1115 120 160000 250000 71 94643 73339 12 16000 25000 12 16000 25000 2334
1790084551665949 10 0 0 10 10 10 0 0 0 0 0 0 1364 70 70 0 1800 436 366 0 366 0 0 0 18484389 32434 0 7477 44094 20117 12039 8115254 8504767 1396475882 1396475882 0 1297271038 0 66.813517 476 476 634508 476000 1529 1156 120 160000 250000 70 93310 72346 12 16000 25000 12 16000 25000 2341
1790084551666158 10 0 0 10 10 10 0 0 0 0 0 0 1364 69 69 0 1800 436 367 0 367 0 0 0 18484389 32511 0 7488 44141 20125 12042 8115311 8504767 1401506242 1401506242 0 1297271038 0 66.813239 501 501 667833 501000 1926 1232 120 160000 250000 69 91977 71353 12 16000 25000 12 16000 25000 2348
1790084551671099 10 0 0 10 10 10 0 0 0 0 0 0 1364 68 68 0 1800 436 368 0 368 0 0 0 18489101 32600 0 7501 44199 20136 12053 8115352 8507407 1404700313 1404700313 0 1297271038 0 66.795921 526 526 701158 526000 1401 1249 120 160000 250000 68 90644 70358 12 16000 25000 12 16000 25000 2352
1790084551751890 10 0 0 10 10 10 0 0 0 0 0 0 1364 67 67 0 1800 436 369 0 369 0 0 0 18569348 32689 0 7517 44309 20222 12202 8115419 8552661 1411435415 1411435415 0 1297271038 0 66.507451 520 520 693160 520000 142 1142 120 160000 250000 67 89311 69365 12 16000 25000 12 16000 25000 2359
1790084551775531 10 0 0 10 10 10 0 0 0 0 0 0 1364 66 66 0 1800 436 370 0 370 0 0 0 18592666 32767 0 7530 44391 20252 12248 8115480 8565790 1416946224 1416946224 0 1297271038 0 66.423909 532 532 709156 532000 475 1078 120 160000 250000 66 87978 68370 12 16000 25000 12 16000 25000 2364
1790084551794462 10 0 0 10 10 10 0 0 0 0 0 0 1364 65 65 0 1800 436 371 0 371 0 0 0 18611307 32849 0 7547 44459 20281 12283 8115531 8576264 1418975495 1418975495 0 1297271038 0 66.357204 578 578 770474 578000 1105 1082 120 160000 250000 65 86645 67371 12 16000 25000 12 16000 25000 2365
1790084551839182 10 0 0 10 10 10 0 0 0 0 0 0 1364 64 64 0 1800 436 372 0 372 0 0 0 18655630 32931 0 7561 44536 20347 12365 8115583 8601196 1423218378 1423218378 0 1297271038 0 66.199536 587 587 782471 587000 487 1025 120 160000 250000 64 85312 66377 12 16000 25000 12 16000 25000 2372
1790084551886300 10 0 0 10 10 10 0 0 0 0 0 0 1364 63 63 0 1800 436 373 0 373 0 0 0 18702322 33014 0 7576 44641 20405 12454 8115636 8627429 1427559503 1427559503 0 1297271038 0 66.034261 588 588 783804 588000 1123 1035 120 160000 250000 63 83979 65384 12 16000 25000 12 16000 25000 2379
1790084551905308 10 0 0 10 10 10 0 0 0 0 0 0 1364 62 62 0 1800 436 374 0 374 0 0 0 18721039 33093 0 7588 44707 20434 12491 8115692 8637927 1430973996 1430973996 0 1297271038 0 65.968079 597 597 795801 597000 983 1031 120 160000 250000 62 82646 64389 12 16000 25000 12 16000 25000 2384
1790084551916091 10 0 0 10 10 10 0 0 0 0 0 0 1364 61 61 0 1800 436 375 0 375 0 0 0 18731565 33169 0 7600 44779 20449 12514 8115744 8643812 1436026019 1436026019 0 1297271038 0 65.930808 583 583 777139 583000 284 959 120 160000 250000 61 81313 63396 12 16000 25000 12 16000 25000 2390
1790084551944526 10 0 0 10 10 10 0 0 0 0 0 0 1364 60 60 0 1800 436 376 0 376 0 0 0 18759673 33250 0 7614 44857 20487 12570 8115792 8659567 1439571884 1439571884 0 1297271038 0 65.831913 586 586 781138 586000 1380 1001 120 160000 250000 60 79980 62401 12 16000 25000 12 16000 25000 2396
1790084552007773 10 0 0 10 10 10 0 0 0 0 0 0 1364 59 59 0 1800 436 377 0 377 0 0 0 18822456 33334 0 7628 44950 20563 12687 8115844 8694532 1442103721 1442103721 0 1297271038 0 65.612423 559 559 745147 559000 154 919 120 160000 250000 59 78647 61402 12 16000 25000 12 16000 25000 2397
1790084552072293 10 0 0 10 10 10 0 0 0 0 0 0 1364 58 58 0 1800 436 378 0 378 0 0 0 18886499 33414 0 7642 45056 20631 12805 8115899 8730136 1447262130 1447262130 0 1297271038 0 65.390051 570 570 759810 570000 514 880 120 160000 250000 58 77314 60409 12 16000 25000 12 16000 25000 2404
1790084552188431 10 0 0 10 10 10 0 0 0 0 0 0 1364 57 57 0 1800 436 379 0 379 0 0 0 19001940 33513 0 7658 45190 20760 13018 8115959 8794280 1451732193 1451732193 0 1297271038 0 64.993151 570 570 759810 570000 963 889 120 160000 250000 57 75981 59414 12 16000 25000 12 16000 25000 2409
1790084552215696 10 0 0 10 10 10 0 0 0 0 0 0 1364 56 56 0 1800 436 380 0 380 0 0 0 19028840 33594 0 7671 45275 20797 13071 8116038 8809238 1456832685 1456832685 0 1297271038 0 64.901160 571 571 761143 571000 1381 938 120 160000 250000 56 74648 58420 12 16000 25000 12 16000 25000 2416
1790084552223003 10 0 0 10 10 10 0 0 0 0 0 0 1364 55 55 0 1800 436 381 0 381 0 0 0 19035898 33675 0 7683 45336 20813 13086 8116094 8813142 1461072754 1461072754 0 1297271038 0 64.876863 569 569 758477 569000 975 942 120 160000 250000 55 73315 57427 12 16000 25000 12 16000 25000 2423
1790084552255897 10 0 0 10 10 10 0 0 0 0 0 0 1364 54 54 0 1800 436 382 0 382 0 0 0 19068430 33756 0 7697 45410 20882 13150 8116144 8831093 1465432441 1465432441 0 1297271038 0 64.766099 567 567 755811 567000 309 881 120 160000 250000 54 71982 56433 12 16000 25000 12 16000 25000 2429
1790084552288838 10 0 0 10 10 10 0 0 0 0 0 0 1364 53 53 0 1800 436 383 0 383 0 0 0 19100952 33836 0 7711 45489 20928 13214 8116265 8849023 1469560696 1469560696 0 1297271038 0 64.655750 567 567 755811 567000 821 874 120 160000 250000 53 70649 55439 12 16000 25000 12 16000 25000 2435
1790084552324122 10 0 0 10 10 10 0 0 0 0 0 0 1364 52 52 0 1800 436 384 0 384 0 0 0 19135867 33925 0 7724 45587 20966 13280 8116314 8868249 1473916330 1473916330 0 1297271038 0 64.537689 578 578 770474 578000 1074 894 120 160000 250000 52 69316 54445 12 16000 25000 12 16000 25000 2441
1790084552371102 10 0 0 10 10 10 0 0 0 0 0 0 1364 51 51 0 1800 436 385 0 385 0 0 0 19182439 34014 0 7744 45663 21023 13377 8116368 8893892 1478291482 1478291482 0 1297271038 0 64.380980 535 535 713155 535000 82 816 120 160000 250000 51 67983 53452 12 16000 25000 12 16000 25000 2448
1790084552526872 10 0 0 10 10 10 0 0 0 0 0 0 1364 50 50 0 1800 436 386 0 386 0 0 0 19337348 34101 0 7759 45813 21202 13666 8116450 8979064 1482668623 1482668623 0 1297271038 0 63.865851 533 533 710489 533000 1022 837 120 160000 250000 50 66650 52459 12 16000 25000 12 16000 25000 2455
1790084552543526 10 0 0 10 10 10 0 0 0 0 0 0 1364 49 49 0 1800 436 387 0 387 0 0 0 19353691 34179 0 7772 45905 21226 13699 8116511 8988025 1488030300 1488030300 0 1297271038 0 63.811758 511 511 681163 511000 133 769 120 160000 250000 49 65317 51466 12 16000 25000 12 16000 25000 2462
1790084552683224 10 0 0 10 10 10 0 0 0 0 0 0 1364 48 48 0 1800 436 388 0 388 0 0 0 19492619 34270 0 7786 46034 21385 13967 8116561 9064278 1491847766 1491847766 0 1297271038 0 63.357459 514 514 685162 514000 1692 860 120 160000 250000 48 63984 50470 12 16000 25000 12 16000 25000 2466
1790084552848815 10 0 0 10 10 10 0 0 0 0 0 0 1364 47 47 0 1800 436 389 0 389 0 0 0 19657344 34358 0 7800 46197 21558 14264 8116630 9154640 1498376339 1498376339 0 1297271038 0 62.827178 449 449 598517 449000 42 782 120 160000 250000 47 62651 49477 12 16000 25000 12 16000 25000 2472
1790084552993459 10 0 0 10 10 10 0 0 0 0 0 0 1364 46 46 0 1800 436 390 0 390 0 0 0 19801177 34469 0 7818 46334 21723 14523 8116692 9233471 1502660006 1502660006 0 1297271038 0 62.371252 466 466 621178 466000 1526 856 120 160000 250000 46 61318 48484 12 16000 25000 12 16000 25000 2479
1790084553081893 10 0 0 10 10 10 0 0 0 0 0 0 1364 45 45 0 1800 436 391 0 391 0 0 0 19889035 34557 0 7832 46430 21824 14691 8116759 9281599 1507733093 1507733093 0 1297271038 0 62.095935 467 467 622511 467000 995 870 120 160000 250000 45 59985 47491 12 16000 25000 12 16000 25000 2485
1790084553130433 10 0 0 10 10 10 0 0 0 0 0 0 1364 44 44 0 1800 436 392 0 392 0 0 0 19937150 34646 0 7846 46516 21879 14783 8116827 9307895 1511800446 1511800446 0 1297271038 0 61.946060 475 475 633175 475000 378 823 120 160000 250000 44 58652 46496 12 16000 25000 12 16000 25000 2491
1790084553190770 10 0 0 10 10 10 0 0 0 0 0 0 1364 43 43 0 1800 436 393 0 393 0 0 0 19997006 34732 0 7860 46615 21951 14891 8116893 9340609 1517186272 1517186272 0 1297271038 0 61.760695 481 481 641173 481000 1095 850 120 160000 250000 43 57319 45502 12 16000 25000 12 16000 25000 2497
1790084553222843 10 0 0 10 10 10 0 0 0 0 0 0 1364 42 42 0 1800 436 394 0 394 0 0 0 20028729 34810 0 7874 46689 22001 14955 8116949 9357937 1521468465 1521468465 0 1297271038 0 61.662804 482 482 642506 482000 1077 873 120 160000 250000 42 55986 44509 12 16000 25000 12 16000 25000 2504
1790084553331871 10 0 0 10 10 10 0 0 0 0 0 0 1364 41 41 0 1800 436 395 0 395 0 0 0 20137073 34910 0 7891 46838 22120 15160 8117004 9417127 1525783052 1525783052 0 1297271038 0 61.331306 492 492 655836 492000 1359 922 120 160000 250000 41 54653 43515 12 16000 25000 12 16000 25000 2511
1790084553362811 10 0 0 10 10 10 0 0 0 0 0 0 1364 40 40 0 1800 436 396 0 396 0 0 0 20167653 34990 0 7904 46913 22156 15219 8117083 9433770 1530213873 1530213873 0 1297271038 0 61.238229 488 488 650504 488000 1072 938 120 160000 250000 40 53320 42520 12 16000 25000 12 16000 25000 2516
1790084553438799 10 0 0 10 10 10 0 0 0 0 0 0 1364 39 39 0 1800 436 397 0 397 0 0 0 20243116 35076 0 7917 47005 22249 15368 8117142 9474895 1535603151 1535603151 0 1297271038 0 61.010078 462 462 615846 462000 131 860 120 160000 250000 39 51987 41527 12 16000 25000 12 16000 25000 2523
1790084553505298 10 0 0 10 10 10 0 0 0 0 0 0 1364 38 38 0 1800 436 398 0 398 0 0 0 20309117 35165 0 7931 47104 22331 15497 8117204 9510799 1540674362 1540674362 0 1297271038 0 60.811882 472 472 629176 472000 1931 965 120 160000 250000 38 50654 40534 12 16000 25000 12 16000 25000 2529
1790084553520967 10 0 0 10 10 10 0 0 0 0 0 0 1364 37 37 0 1800 436 399 0 399 0 0 0 20324499 35242 0 7944 47172 22356 15529 8117264 9519151 1545701809 1545701809 0 1297271038 0 60.765708 461 461 614513 461000 361 907 120 160000 250000 37 49321 39540 12 16000 25000 12 16000 25000 2536
1790084553536520 10 0 0 10 10 10 0 0 0 0 0 0 1364 36 36 0 1800 436 400 0 400 0 0 0 20339769 35328 0 7958 47243 22378 15558 8117316 9527382 1550255086 1550255086 0 1297271038 0 60.719911 459 459 611847 459000 1285 944 120 160000 250000 36 47988 38546 12 16000 25000 12 16000 25000 2541
1790084553569800 10 0 0 10 10 10 0 0 0 0 0 0 1364 35 35 0 1800 436 401 0 401 0 0 0 20372699 35403 0 7971 47333 22420 15624 8117366 9545158 1554628268 1554628268 0 1297271038 0 60.621711 455 455 606515 455000 1147 965 120 160000 250000 35 46655 37553 12 16000 25000 12 16000 25000 2548
1790084553588901 10 0 0 10 10 10 0 0 0 0 0 0 1364 34 34 0 1800 436 402 0 402 0 0 0 20391515 35479 0 7983 47396 22452 15662 8117418 9555289 1559719791 1559719791 0 1297271038 0 60.565645 437 437 582521 437000 185 889 120 160000 250000 34 45322 36560 12 16000 25000 12 16000 25000 2555
1790084553612780 10 0 0 10 10 10 0 0 0 0 0 0 1364 33 33 0 1800 436 403 0 403 0 0 0 20415081 35559 0 7996 47472 22490 15713 8117467 9567992 1563992144 1563992144 0 1297271038 0 60.495616 435 435 579855 435000 1308 930 120 160000 250000 33 43989 35566 12 16000 25000 12 16000 25000 2561
1790084553614202 10 0 0 10 10 10 0 0 0 0 0 0 1364 32 32 0 1800 436 404 0 404 0 0 0 20416295 35631 0 8008 47522 22499 15719 8117520 9568638 1569406143 1569406143 0 1297271038 0 60.491812 431 431 574523 431000 1253 963 120 160000 250000 32 42656 34573 12 16000 25000 12 16000 25000 2568
1790084553626308 10 0 0 10 10 10 0 0 0 0 0 0 1364 31 31 0 1800 436 405 0 405 0 0 0 20428125 35712 0 8020 47605 22519 15745 8117566 9574997 1572931099 1572931099 0 1297271038 0 60.456603 457 457 609181 457000 1631 1029 120 160000 250000 31 41323 33579 12 16000 25000 12 16000 25000 2573
1790084553630114 10 0 0 10 10 10 0 0 0 0 0 0 1364 30 30 0 1800 436 406 0 406 0 0 0 20431699 35787 0 8033 47672 22530 15755 8117617 9576904 1578568706 1578568706 0 1297271038 0 60.445825 443 443 590519 443000 108 940 120 160000 250000 30 39990 32586 12 16000 25000 12 16000 25000 2580
1790084553694496 10 0 0 10 10 10 0 0 0 0 0 0 1364 29 29 0 1800 436 407 0 407 0 0 0 20495592 35883 0 8048 47790 22597 15876 8117664 9611253 1582963202 1582963202 0 1297271038 0 60.257437 438 438 583854 438000 469 895 120 160000 250000 29 38657 31593 12 16000 25000 12 16000 25000 2587
1790084553791025 10 0 0 10 10 10 0 0 0 0 0 0 1364 28 28 0 1800 436 408 0 408 0 0 0 20591511 35971 0 8062 47902 22703 16062 8117726 9662761 1587307993 1587307993 0 1297271038 0 59.976980 412 412 549196 412000 130 821 120 160000 250000 28 37324 30599 12 16000 25000 12 16000 25000 2594
1790084553853125 10 0 0 10 10 10 0 0 0 0 0 0 1364 27 27 0 1800 436 409 0 409 0 0 0 20653145 36049 0 8075 47993 22782 16179 8117788 9695808 1593929380 1593929380 0 1297271038 0 59.798080 409 409 545197 409000 1027 842 120 160000 250000 27 35991 29606 12 16000 25000 12 16000 25000 2601
1790084553859338 10 0 0 10 10 10 0 0 0 0 0 0 1364 26 26 0 1800 436 410 0 410 0 0 0 20659102 36133 0 8088 48055 22798 16195 8117846 9698982 1598282562 1598282562 0 1297271038 0 59.780624 412 412 549196 412000 1544 912 120 160000 250000 26 34658 28614 12 16000 25000 12 16000 25000 2608
1790084553966873 10 0 0 10 10 10 0 0 0 0 0 0 1364 25 25 0 1800 436 411 0 411 0 0 0 20765988 36233 0 8104 48179 22914 16394 8117904 9756189 1603365180 1603365180 0 1297271038 0 59.473172 400 400 533200 400000 294 853 120 160000 250000 25 33325 27620 12 16000 25000 12 16000 25000 2614
1790084554074474 10 0 0 10 10 10 0 0 0 0 0 0 1364 24 24 0 1800 436 412 0 412 0 0 0 20872917 36327 0 8124 48297 23040 16597 8117983 9813351 1608502240 1608502240 0 1297271038 0 59.168761 402 402 535866 402000 1302 898 120 160000 250000 24 31992 26627 12 16000 25000 12 16000 25000 2621
1790084554086756 10 0 0 10 10 10 0 0 0 0 0 0 1364 23 23 0 1800 436 413 0 413 0 0 0 20884919 36404 0 8137 48364 23064 16623 8118048 9819751 1613529551 1613529551 0 1297271038 0 59.134600 401 401 534533 401000 1450 953 120 160000 250000 23 30659 25633 12 16000 25000 12 16000 25000 2628
1790084554086970 10 0 1 9 10 10 0 0 0 0 0 0 1364 22 22 0 1800 436 414 0 414 0 0 0 20884919 36475 0 8148 48422 23072 16626 8118105 9819751 1617889960 1617889960 0 1297271038 0 59.134399 392 392 522536 392000 364 896 120 160000 250000 22 29326 24640 12 16000 25000 12 16000 25000 2635
1790084554105500 10 0 0 10 10 10 0 0 0 0 0 0 1363 22 22 0 1800 437 415 0 415 0 0 0 20903088 36566 0 8161 48562 23100 16664 8118146 9825064 1622173641 1622173641 0 1297271038 0 59.082833 388 388 517204 388000 1390 945 120 160000 250000 33 43993 29865 12 16000 25000 12 16000 25000 3854
1790084554118923 10 0 0 10 10 10 0 0 0 0 0 0 1363 21 21 0 1800 437 416 0 416 0 0 0 20916114 36646 0 8174 48699 23126 16702 8118238 9830380 1626487626 1626487626 0 1297271038 0 59.045876 386 386 514538 386000 1288 980 120 160000 250000 32 42660 28890 12 16000 25000 12 16000 25000 3860
1790084554149532 10 0 0 10 10 10 0 0 0 0 0 0 1363 20 20 0 1800 437 417 0 417 0 0 0 20946219 36724 0 8187 48889 23179 16785 8118295 9842646 1631981766 1631981766 0 1297271038 0 58.960941 384 384 511872 384000 1015 984 120 160000 250000 31 41327 27932 12 16000 25000 12 16000 25000 3867
1790084554162956 10 0 0 10 10 10 0 0 0 0 0 0 1363 19 19 0 1800 437 418 0 418 0 0 0 20959259 36803 0 8200 49036 23216 16823 8118352 9847946 1636320042 1636320042 0 1297271038 0 58.924101 402 402 535866 402000 1787 1064 120 160000 250000 30 39994 26972 12 16000 25000 12 16000 25000 3872
1790084554215939 10 0 0 10 10 10 0 0 0 0 0 0 1363 18 18 0 1800 437 419 0 419 0 0 0 21011485 36886 0 8212 49369 23305 16971 8118405 9869191 1640622043 1640622043 0 1297271038 0 58.777664 406 406 541198 406000 1610 1118 120 160000 250000 29 38661 26042 12 16000 25000 12 16000 25000 3879
1790084554297861 10 0 0 10 10 10 0 0 0 0 0 0 1363 17 17 0 1800 437 420 0 420 0 0 0 21092277 36968 0 8226 49925 23443 17190 8118470 9901988 1645981337 1645981337 0 1297271038 0 58.552687 404 404 538532 404000 1126 1120 120 160000 250000 28 37328 25159 12 16000 25000 12 16000 25000 3886
1790084554342738 10 0 1 9 10 10 0 0 0 0 0 0 1363 16 16 0 1800 437 421 0 421 0 0 0 21136419 37051 0 8240 50253 23529 17317 8118538 9919882 1650255063 1650255063 0 1297271038 0 58.430388 411 411 547863 411000 1825 1190 120 160000 250000 27 35995 24230 12 16000 25000 12 16000 25000 3893
1790084557559906 10 0 1 9 10 10 0 0 0 0 0 0 1362 16 1 15 1800 438 422 0 422 0 0 0 24348400 37152 0 8260 55224 23538 17330 8118600 9920335 1728776918 1654647795 0 1617049650 0 63.239853 404 404 538532 404000 324 1106 120 160000 250000 38 50662 27246 12 16000 25000 12 16000 25000 4316
1790084557560258 10 0 2 8 10 10 0 0 0 0 0 0 1362 15 1 14 1800 438 423 0 423 0 0 0 24348400 37235 0 8280 55225 23550 17333 8118829 9920335 1728776918 1661141701 0 1617049650 0 63.239638 66 66 87978 66000 2 950 120 160000 250000 36 47996 26241 12 16000 25000 12 16000 25000 4315
1790084557560424 10 0 2 8 10 10 0 0 0 0 0 0 1362 14 1 13 1800 438 424 0 424 0 0 0 24348400 37319 0 8296 55226 23567 17336 8118874 9920335 1728776918 1666363639 0 1617049650 0 63.239420 53 53 70649 53000 7 859 120 160000 250000 36 47996 25240 12 16000 25000 12 16000 25000 4314
1790084557560568 10 0 3 7 10 10 0 0 0 0 0 0 1362 13 1 12 1800 438 425 0 425 0 0 0 24348400 37396 0 8313 55226 23575 17339 8118914 9920335 1728776918 1670774228 0 1617049650 0 63.239220 36 36 47988 36000 3 777 120 160000 250000 35 46663 24236 12 16000 25000 12 16000 25000 4312
1790084557560706 10 0 4 6 10 10 0 0 0 0 0 0 1362 12 1 11 1800 438 426 0 426 0 0 0 24348400 37470 0 8329 55226 23582 17342 8118952 9920335 1728776918 1675824182 0 1617049650 0 63.239028 25 25 33325 25000 2 703 120 160000 250000 34 45330 23233 12 16000 25000 12 16000 25000 4311
1790084557560843 10 0 5 5 10 10 0 0 0 0 0 0 1362 11 1 10 1800 438 427 0 427 0 0 0 24348400 37544 0 8346 55226 23589 17344 8118989 9920335 1728776918 1681139782 0 1617049650 0 63.238836 20 20 26660 20000 3 635 120 160000 250000 29 38665 22224 12 16000 25000 12 16000 25000 4309
1790084557561175 10 0 5 5 10 10 0 0 0 0 0 0 1362 7 1 6 1800 438 431 0 431 0 0 0 24348400 37813 0 8399 55226 23596 17346 8119026 9920335 1728776918 1702833942 0 1617049650 0 63.238139 11 11 14663 11000 2 494 120 160000 250000 29 38665 18218 12 16000 25000 12 16000 25000 4303
1790084557561438 10 0 6 4 10 10 0 0 0 0 0 0 1362 6 1 5 1800 438 432 0 432 0 0 0 24348400 37893 0 8415 55226 23631 17350 8119154 9920335 1728776918 1708213179 0 1617049650 0 63.237931 10 10 13330 10000 2 447 120 160000 250000 28 37332 17215 12 16000 25000 12 16000 25000 4302
1790084557561575 10 0 7 3 10 10 0 0 0 0 0 0 1362 5 1 4 1800 438 433 0 433 0 0 0 24348400 37966 0 8431 55226 23639 17353 8119191 9920335 1728776918 1713231875 0 1617049650 0 63.237742 10 10 13330 10000 3 404 120 160000 250000 25 33333 16210 12 16000 25000 12 16000 25000 4300
1790084557561792 10 0 7 3 10 10 0 0 0 0 0 0 1362 3 1 2 1800 438 435 0 435 0 0 0 24348400 38120 0 8457 55226 23646 17356 8119228 9920335 1728776918 1723345445 0 1617049650 0 63.237343 10 10 13330 10000 2 347 120 160000 250000 25 33333 14207 12 16000 25000 12 16000 25000 4297
1790084557561970 10 0 8 2 10 10 0 0 0 0 0 0 1362 2 1 1 1800 438 436 0 436 0 0 0 24348400 38193 0 8473 55226 23662 17359 8119298 9920335 1728776918 1728579448 0 1617049650 0 63.237153 10 10 13330 10000 3 314 120 160000 250000 24 32000 13204 12 16000 25000 12 16000 25000 4296
1790084557562176 10 0 9 1 10 10 0 0 0 0 0 0 1362 1 1 0 1800 438 437 0 437 0 0 0 24348400 38273 0 8489 55226 23729 17362 8119336 9920335 1728776918 1728776918 0 1617049650 0 63.236946 10 10 13330 10000 3 285 120 160000 250000 12 16000 6734 12 16000 25000 12 16000 25000 4296
1790084559641467 10 0 7 3 10 10 0 0 0 0 0 0 1359 3 1 2 1800 441 438 0 438 0 0 0 26421163 39451 0 9583 60461 23765 17378 8119378 9921136 1731166036 1730819575 0 1964252958 0 70.794185 10 13 16324 10817 1 258 120 160000 250000 36 48000 19460 12 16000 25000 12 16000 25000 5541
1790084559641825 10 0 8 2 10 10 0 0 0 0 0 0 1359 2 1 1 1800 441 439 0 439 0 0 0 26421163 39539 0 9601 60461 23829 17382 8119560 9921136 1731166036 1731021031 0 1964252958 0 70.793949 10 15 19317 11021 1 234 120 160000 250000 24 32000 12979 12 16000 25000 12 16000 25000 5541
1790084559642062 10 0 9 1 10 10 0 0 0 0 0 0 1359 1 1 0 1800 441 440 0 440 0 0 0 26421163 39607 0 9601 60461 23836 17386 8119701 9921136 1731166036 1731166036 0 1964252958 0 70.793767 10 17 22310 11837 1 212 120 160000 250000 12 16000 7978 12 16000 25000 12 16000 25000 5541
1790084560250365 10 0 0 10 10 10 0 0 0 0 0 0 1273 86 84 2 1800 527 441 0 441 0 0 0 27027953 39698 0 9618 61662 23845 17398 8119877 9925100 1732383908 1731680596 0 2089039695 0 73.603118 10 19 25304 12654 1 192 120 160000 250000 118 157306 98245 12 16000 25000 12 16000 25000 5660
1790084560250649 10 0 0 10 10 10 0 0 0 0 0 0 1273 85 84 1 1800 527 442 0 442 0 0 0 27027953 39778 0 9632 61674 23852 17402 8120039 9925100 1732383908 1732198347 0 2089039695 0 73.602900 10 19 25304 12654 18 176 120 160000 250000 118 157306 97243 12 16000 25000 12 16000 25000 5659
1790084560250847 10 0 1 9 10 10 0 0 0 0 0 0 1273 84 84 0 1800 527 443 0 443 0 0 0 27027953 39850 0 9633 61674 23859 17405 8120138 9925100 1732383908 1732383908 0 2089039695 0 73.602704 10 19 25304 12654 67 166 120 160000 250000 106 141306 92242 12 16000 25000 12 16000 25000 5659
1790084560338424 10 0 0 10 10 10 0 0 0 0 0 0 1270 86 86 0 1800 530 444 0 444 0 0 0 27115003 39942 0 9649 61845 23925 17501 8120204 9993389 1732893161 1732893161 0 2092032782 0 73.471625 10 22 28297 13470 1 151 120 160000 250000 119 158639 95229 12 16000 25000 12 16000 25000 5661
1790084560419280 10 0 0 10 10 10 0 0 0 0 0 0 1269 86 86 0 1800 531 445 0 445 0 0 0 27195307 40028 0 9667 61942 23990 17590 8120372 10060644 1733556800 1733556800 0 2093570538 0 73.308606 10 22 28297 13470 32 141 120 160000 250000 119 158639 95207 12 16000 25000 12 16000 25000 5661
1790084560528592 10 0 0 10 10 10 0 0 0 0 0 0 1268 86 86 0 1800 532 446 0 446 0 0 0 27304013 40115 0 9680 62072 24077 17710 8120513 10152911 1734379197 1734379197 0 2095067760 0 73.069155 10 22 28297 13470 147 143 120 160000 250000 119 158639 95207 12 16000 25000 12 16000 25000 5662
1790084560709809 10 0 0 10 10 10 0 0 0 0 0 0 1267 86 86 0 1800 533 447 0 447 0 0 0 27484411 40219 0 9697 62257 24196 17916 8120659 10306523 1735351010 1735351010 0 2096284681 0 72.632143 10 22 28297 13470 15 131 120 160000 250000 119 158639 95207 12 16000 25000 12 16000 25000 5663
1790084560753436 10 0 0 10 10 10 0 0 0 0 0 0 1266 86 86 0 1800 534 448 0 448 0 0 0 27527521 40311 0 9714 62344 24244 17970 8120869 10342046 1736118153 1736118153 0 2097787876 0 72.570321 10 22 28297 13470 141 133 120 160000 250000 119 158639 95185 12 16000 25000 12 16000 25000 5664
1790084560766051 10 0 0 10 10 10 0 0 0 0 0 0 1265 86 86 0 1800 535 449 0 449 0 0 0 27539763 40395 0 9726 62427 24261 17989 8121016 10350977 1737127172 1737127172 0 2099284480 0 72.589638 10 22 28297 13470 150 135 120 160000 250000 119 158639 95186 12 16000 25000 12 16000 25000 5665
1790084560829712 10 0 0 10 10 10 0 0 0 0 0 0 1264 86 85 1 1800 536 450 0 450 0 0 0 27603075 40476 0 9740 62529 24271 17998 8121143 10352790 1738207137 1737638928 0 2100775033 0 72.474596 10 22 28297 13470 246 147 120 160000 250000 119 158639 95189 12 16000 25000 12 16000 25000 5666
1790084560829952 10 0 0 10 10 10 0 0 0 0 0 0 1264 85 85 0 1800 536 451 0 451 0 0 0 27603075 40562 0 9758 62529 24278 18001 8121269 10352790 1738207137 1738207137 0 2100775033 0 72.474371 10 22 28297 13470 9 135 120 160000 250000 118 157306 94161 12 16000 25000 12 16000 25000 5665
1790084560868862 10 0 0 10 10 10 0 0 0 0 0 0 1262 86 86 0 1800 538 452 0 452 0 0 0 27641674 40643 0 9771 62627 24301 18029 8121330 10366735 1739367782 1739367782 0 2103507725 0 72.467247 10 22 28297 13470 23 125 120 160000 250000 119 158639 95166 12 16000 25000 12 16000 25000 5668
1790084561064340 10 0 0 10 10 10 0 0 0 0 0 0 1261 86 86 0 1800 539 453 0 453 0 0 0 27836380 40737 0 9785 62776 24428 18250 8121453 10531533 1740615532 1740615532 0 2105009347 0 72.012230 10 22 28297 13470 21 116 120 160000 250000 119 158639 95168 12 16000 25000 12 16000 25000 5670
1790084561295960 10 0 0 10 10 10 0 0 0 0 0 0 1260 86 86 0 1800 540 454 0 454 0 0 0 28067049 40837 0 9804 62943 24628 18527 8121593 10726447 1741842704 1741842704 0 2106511552 0 71.471969 10 22 28297 13470 230 128 120 160000 250000 119 158639 95146 12 16000 25000 12 16000 25000 5671
1790084561332273 10 0 0 10 10 10 0 0 0 0 0 0 1259 86 86 0 1800 541 455 0 455 0 0 0 28102891 40920 0 9819 63049 24666 18574 8121757 10755535 1743446209 1743446209 0 2108037886 0 71.432458 10 22 28297 13470 83 124 120 160000 250000 119 158639 95149 12 16000 25000 12 16000 25000 5674
1790084561425295 10 0 0 10 10 10 0 0 0 0 0 0 1258 86 86 0 1800 542 456 0 456 0 0 0 28195369 41006 0 9834 63168 24736 18678 8121889 10824628 1744887042 1744887042 0 2109514709 0 71.248168 10 22 28297 13470 236 136 120 160000 250000 119 158639 95152 12 16000 25000 12 16000 25000 5676
1790084561433297 10 0 0 10 10 10 0 0 0 0 0 0 1257 86 86 0 1800 543 457 0 457 0 0 0 28203044 41088 0 9850 63244 24750 18690 8122010 10829712 1745897381 1745897381 0 2111018416 0 71.279374 10 22 28297 13470 297 153 120 160000 250000 119 158639 95152 12 16000 25000 12 16000 25000 5678
1790084561593101 10 0 0 10 10 10 0 0 0 0 0 0 1256 86 86 0 1800 544 458 0 458 0 0 0 28362103 41187 0 9865 63399 24894 18888 8122109 10955003 1746731607 1746731607 0 2112521259 0 70.930419 10 22 28297 13470 313 169 120 160000 250000 119 158639 95154 12 16000 25000 12 16000 25000 5679
1790084561599005 10 0 0 10 10 10 0 0 0 0 0 0 1255 86 86 0 1800 545 459 0 459 0 0 0 28367652 41265 0 9878 63476 24908 18898 8122263 10958338 1748348953 1748348953 0 2114023978 0 70.966816 10 22 28297 13470 168 169 120 160000 250000 119 158639 95157 12 16000 25000 12 16000 25000 5682
1790084561612361 10 0 0 10 10 10 0 0 0 0 0 0 1254 86 86 0 1800 546 460 0 460 0 0 0 28380686 41344 0 9891 63555 24930 18917 8122364 10968079 1749973889 1749973889 0 2115523165 0 70.984378 10 22 28297 13470 423 195 120 160000 250000 119 158639 95160 12 16000 25000 12 16000 25000 5684
1790084561703833 10 0 0 10 10 10 0 0 0 0 0 0 1253 86 86 0 1800 547 461 0 461 0 0 0 28471623 41441 0 9904 63675 25004 19021 8122461 11043322 1751686846 1751686846 0 2117017811 0 70.807736 10 22 28297 13470 374 213 120 160000 250000 119 158639 95163 12 16000 25000 12 16000 25000 5687
1790084561717274 10 0 0 10 10 10 0 0 0 0 0 0 1252 86 86 0 1800 548 462 0 462 0 0 0 28484770 41518 0 9916 63754 25014 19028 8122563 11044967 1753557968 1753557968 0 2118522310 0 70.825209 10 22 28297 13470 289 221 120 160000 250000 119 158639 95165 12 16000 25000 12 16000 25000 5690
1790084562109570 10 0 1 9 10 10 0 0 0 0 0 0 1251 86 86 0 1800 549 463 0 463 0 0 0 28874701 42691 0 11003 63975 25339 19477 8122647 11354596 1756017196 1756017196 0 2120018590 0 69.916654 10 22 28297 13470 123 213 120 160000 250000 108 143972 93403 12 16000 25000 12 16000 25000 5361
1790084562545772 10 0 0 10 10 10 0 0 0 0 0 0 1239 97 97 0 1800 561 464 0 464 0 0 0 29309962 42814 0 11020 64289 25450 19644 8122819 11625102 1758430750 1758430750 0 2137437307 0 69.445529 10 24 31290 13674 2 193 120 160000 250000 119 158635 104444 12 16000 25000 12 16000 25000 5379
1790084562798545 10 0 0 10 10 10 0 0 0 0 0 0 1238 97 97 0 1800 562 465 0 465 0 0 0 29561913 42913 0 11036 64425 25534 19786 8123129 11855275 1761094625 1761094625 0 2138950773 0 68.903037 10 24 31290 13674 519 226 120 160000 250000 119 158635 104447 12 16000 25000 12 16000 25000 5382
1790084562831152 10 0 0 10 10 10 0 0 0 0 0 0 1237 97 97 0 1800 563 466 0 466 0 0 0 29594075 42996 0 11050 64512 25556 19810 8123336 11883310 1761726494 1761726494 0 2140449578 0 68.876300 10 24 31290 13674 636 286 120 160000 250000 119 158635 104424 12 16000 25000 12 16000 25000 5382
1790084562976283 10 0 0 10 10 10 0 0 0 0 0 0 1236 97 97 0 1800 564 467 0 467 0 0 0 29738705 43080 0 11065 64625 25610 19889 8123470 12014531 1764444727 1764444727 0 2141949953 0 68.589665 10 24 31290 13674 8 260 120 160000 250000 119 158635 104428 12 16000 25000 12 16000 25000 5385
1790084563209918 10 0 0 10 10 10 0 0 0 0 0 0 1235 97 97 0 1800 565 468 0 468 0 0 0 29971716 43174 0 11085 64755 25692 20013 8123620 12217262 1767511366 1767511366 0 2143459266 0 68.104932 10 24 31290 13674 177 253 120 160000 250000 119 158635 104410 12 16000 25000 12 16000 25000 5391
1790084563220801 10 0 0 10 10 10 0 0 0 0 0 0 1234 97 97 0 1800 566 469 0 469 0 0 0 29982260 43254 0 11098 64834 25709 20024 8123753 12225292 1771013327 1771013327 0 2144964093 0 68.128631 10 24 31290 13674 274 256 120 160000 250000 119 158635 104415 12 16000 25000 12 16000 25000 5397
1790084563227044 10 0 0 10 10 10 0 0 0 0 0 0 1233 97 97 0 1800 567 470 0 470 0 0 0 29988216 43327 0 11110 64897 25723 20031 8123859 12229330 1774513592 1774513592 0 2146470020 0 68.162776 10 24 31290 13674 300 262 120 160000 250000 119 158635 104422 12 16000 25000 12 16000 25000 5404
1790084563238297 10 0 0 10 10 10 0 0 0 0 0 0 1232 97 97 0 1800 568 471 0 471 0 0 0 29999165 43406 0 11122 65002 25735 20041 8123940 12237349 1778037483 1778037483 0 2147972476 0 68.185449 10 24 31290 13674 209 258 120 160000 250000 119 158635 104429 12 16000 25000 12 16000 25000 5411
1790084563284413 10 0 0 10 10 10 0 0 0 0 0 0 1231 97 97 0 1800 569 472 0 472 0 0 0 30044909 43496 0 11137 65103 25766 20069 8124040 12277316 1779719549 1779719549 0 2149470905 0 68.129075 10 24 31290 13674 338 266 120 160000 250000 119 158635 104433 12 16000 25000 12 16000 25000 5414
1790084563335383 10 0 0 10 10 10 0 0 0 0 0 0 1230 97 97 0 1800 570 473 0 473 0 0 0 30095558 43574 0 11150 65187 25780 20079 8124151 12285323 1783118454 1783118454 0 2150975373 0 68.062012 10 24 31290 13674 193 260 120 160000 250000 119 158635 104439 12 16000 25000 12 16000 25000 5420
1790084563437814 10 0 0 10 10 10 0 0 0 0 0 0 1229 97 97 0 1800 571 474 0 474 0 0 0 30197539 43665 0 11164 65298 25826 20139 8124260 12377443 1786404512 1786404512 0 2152481252 0 67.879774 10 24 31290 13674 94 245 120 160000 250000 119 158635 104445 12 16000 25000 12 16000 25000 5427
1790084563532836 10 0 0 10 10 10 0 0 0 0 0 0 1228 97 97 0 1800 572 475 0 475 0 0 0 30292127 43749 0 11177 65403 25862 20183 8124397 12453748 1790230183 1790230183 0 2153986704 0 67.715262 10 24 31290 13674 208 243 120 160000 250000 119 158635 104452 12 16000 25000 12 16000 25000 5434
1790084563778480 10 0 0 10 10 10 0 0 0 0 0 0 1227 97 97 0 1800 573 476 0 476 0 0 0 30537164 43845 0 11196 65529 25945 20326 8124509 12677396 1791755996 1791755996 0 2155483244 0 67.219136 10 24 31290 13674 64 227 120 160000 250000 119 158635 104455 12 16000 25000 12 16000 25000 5436
1790084563988222 10 0 0 10 10 10 0 0 0 0 0 0 1226 97 97 0 1800 574 477 0 477 0 0 0 30746279 43937 0 11211 65657 26030 20440 8124674 12866592 1793502147 1793502147 0 2156974384 0 66.808595 10 24 31290 13674 101 215 120 160000 250000 119 158635 104457 12 16000 25000 12 16000 25000 5438
1790084564035507 10 0 0 10 10 10 0 0 0 0 0 0 1225 97 96 1 1800 575 478 0 478 0 0 0 30793173 44022 0 11226 65768 26040 20449 8124832 12870693 1802088541 1797794589 0 2158468868 0 66.753034 10 24 31290 13674 49 200 120 160000 250000 118 157302 104474 12 16000 25000 12 16000 25000 5455
1790084564035712 10 0 0 10 10 10 0 0 0 0 0 0 1225 96 96 0 1800 575 479 0 479 0 0 0 30793173 44101 0 11241 65768 26047 20451 8124930 12870693 1802088541 1802088541 0 2158468868 0 66.752863 10 24 31290 13674 106 192 120 160000 250000 118 157302 103472 12 16000 25000 12 16000 25000 5454
1790084564062998 10 0 0 10 10 10 0 0 0 0 0 0 1223 97 96 1 1800 577 480 0 480 0 0 0 30820187 44180 0 11253 65884 26056 20459 8124972 12874808 1810659496 1806381954 0 2161463966 0 66.786812 10 24 31290 13674 282 202 120 160000 250000 118 157302 104489 12 16000 25000 12 16000 25000 5468
1790084564063216 10 0 0 10 10 10 0 0 0 0 0 0 1223 96 96 0 1800 577 481 0 481 0 0 0 30820187 44263 0 11269 65884 26063 20463 8125078 12874808 1810659496 1810659496 0 2161463966 0 66.786632 10 24 31290 13674 126 196 120 160000 250000 118 157302 103487 12 16000 25000 12 16000 25000 5467
1790084564094428 10 0 0 10 10 10 0 0 0 0 0 0 1221 97 97 0 1800 579 482 0 482 0 0 0 30851094 44358 0 11283 65990 26080 20479 8125130 12890997 1815022218 1815022218 0 2164462246 0 66.812166 10 24 31290 13674 153 192 120 160000 250000 119 158635 104497 12 16000 25000 12 16000 25000 5477
1790084564127489 10 0 0 10 10 10 0 0 0 0 0 0 1220 97 97 0 1800 580 483 0 483 0 0 0 30883799 44440 0 11297 66076 26098 20496 8125261 12911010 1819245732 1819245732 0 2165961304 0 66.787562 10 24 31290 13674 545 227 120 160000 250000 119 158635 104505 12 16000 25000 12 16000 25000 5485
1790084564133690 10 0 0 10 10 10 0 0 0 0 0 0 1219 97 97 0 1800 581 484 0 484 0 0 0 30889699 44517 0 11308 66145 26106 20504 8125373 12915043 1822847045 1822847045 0 2167181175 0 66.812265 10 24 31290 13674 340 239 120 160000 250000 119 158635 104512 12 16000 25000 12 16000 25000 5491
1790084564184002 10 0 0 10 10 10 0 0 0 0 0 0 1218 97 97 0 1800 582 485 0 485 0 0 0 30939634 44608 0 11323 66235 26132 20536 8125488 12959344 1827082459 1827082459 0 2168689582 0 66.750820 10 24 31290 13674 1079 321 120 160000 250000 119 158635 104520 12 16000 25000 12 16000 25000 5499
1790084564208010 10 0 0 10 10 10 0 0 0 0 0 0 1217 97 97 0 1800 583 486 0 486 0 0 0 30963315 44689 0 11336 66323 26148 20554 8125592 12979483 1831333996 1831333996 0 2170211641 0 66.746479 10 24 31290 13674 724 362 120 160000 250000 119 158635 104528 12 16000 25000 12 16000 25000 5507
1790084564242871 10 0 0 10 10 10 0 0 0 0 0 0 1216 97 97 0 1800 584 487 0 487 0 0 0 30997863 44772 0 11349 66400 26161 20568 8125698 12991658 1835595114 1835595114 0 2171710133 0 66.718053 10 22 28297 12858 347 362 120 160000 250000 119 158635 104536 12 16000 25000 12 16000 25000 5515
1790084564275407 10 0 0 10 10 10 0 0 0 0 0 0 1215 97 97 0 1800 585 488 0 488 0 0 0 31030064 44856 0 11362 66481 26180 20592 8125803 13019779 1836416890 1836416890 0 2173204594 0 66.694601 15 29 37955 18980 285 356 120 160000 250000 119 158635 104537 12 16000 25000 12 16000 25000 5517
1790084564281607 10 0 0 10 10 10 0 0 0 0 0 0 1214 97 97 0 1800 586 489 0 489 0 0 0 31035941 44938 0 11374 66574 26189 20600 8125917 13023841 1840728665 1840728665 0 2174697590 0 66.727625 20 34 44620 23674 54 327 120 160000 250000 119 158635 104545 12 16000 25000 12 16000 25000 5525
1790084564326938 10 0 0 10 10 10 0 0 0 0 0 0 1213 97 97 0 1800 587 490 0 490 0 0 0 31080960 45020 0 11390 66652 26202 20614 8126020 13035882 1841269533 1841269533 0 2176223043 0 66.677676 33 48 63745 36368 305 325 120 160000 250000 119 158635 104545 12 16000 25000 12 16000 25000 5526
1790084564337649 10 0 0 10 10 10 0 0 0 0 0 0 1212 97 97 0 1800 588 491 0 491 0 0 0 31091382 45095 0 11402 66727 26213 20625 8126117 13043937 1845662906 1845662906 0 2177718758 0 66.701009 33 48 63745 36368 77 302 120 160000 250000 119 158635 104553 12 16000 25000 12 16000 25000 5534
1790084564418145 10 0 0 10 10 10 0 0 0 0 0 0 1211 97 96 1 1800 589 492 0 492 0 0 0 31171451 45179 0 11417 66864 26249 20672 8126212 13115806 1854495261 1849888565 0 2179217330 0 66.575527 34 50 65677 37470 348 308 120 160000 250000 119 158635 104569 12 16000 25000 12 16000 25000 5549
1790084564418357 10 0 0 10 10 10 0 0 0 0 0 0 1211 96 96 0 1800 589 493 0 493 0 0 0 31171451 45256 0 11432 66864 26257 20675 8126317 13115806 1854495261 1854495261 0 2179217330 0 66.575363 40 49 65294 40817 1001 376 120 160000 250000 118 157302 103563 12 16000 25000 12 16000 25000 5547
1790084564445055 10 0 0 10 10 10 0 0 0 0 0 0 1209 97 97 0 1800 591 494 0 494 0 0 0 31197881 45333 0 11443 66953 26267 20683 8126385 13119950 1858745589 1858745589 0 2181951241 0 66.602330 42 52 68558 42858 621 401 120 160000 250000 119 158635 104575 12 16000 25000 12 16000 25000 5557
1790084564460391 10 0 0 10 10 10 0 0 0 0 0 0 1208 97 97 0 1800 592 495 0 495 0 0 0 31212877 45412 0 11455 67042 26285 20695 8126506 13132042 1863015882 1863015882 0 2183168659 0 66.607353 43 53 70191 43878 1194 479 120 160000 250000 119 158635 104583 12 16000 25000 12 16000 25000 5565
1790084564479815 10 0 0 10 10 10 0 0 0 0 0 0 1207 97 97 0 1800 593 496 0 496 0 0 0 31231995 45491 0 11467 67120 26298 20709 8126600 13148154 1867294374 1867294374 0 2184671310 0 66.612288 45 56 73455 45919 527 485 120 160000 250000 119 158635 104590 12 16000 25000 12 16000 25000 5573
1790084564499373 10 0 0 10 10 10 0 0 0 0 0 0 1206 97 97 0 1800 594 497 0 497 0 0 0 31251205 45573 0 11479 67237 26314 20725 8126696 13164233 1867654125 1867654125 0 2185889721 0 66.608355 46 57 75088 46939 646 502 120 160000 250000 119 158635 104591 12 16000 25000 12 16000 25000 5573
1790084564615539 10 0 0 10 10 10 0 0 0 0 0 0 1205 97 93 4 1800 595 498 0 498 0 0 0 31366904 45655 0 11494 67464 26324 20734 8126805 13168330 1889524078 1872026789 0 2187452470 0 66.410293 46 57 75088 46939 66 461 120 160000 250000 115 153303 104632 12 16000 25000 12 16000 25000 5614
1790084564615937 10 0 0 10 10 10 0 0 0 0 0 0 1205 93 93 0 1800 595 502 0 502 0 0 0 31366904 45926 0 11537 67464 26331 20737 8126905 13168330 1889524078 1889524078 0 2187452470 0 66.409720 48 59 78352 48980 63 372 120 160000 250000 115 153303 100627 12 16000 25000 12 16000 25000 5608
1790084564738710 10 0 0 10 10 10 0 0 0 0 0 0 1200 97 96 1 1800 600 503 0 503 0 0 0 31489224 46011 0 11553 67621 26372 20747 8127043 13172530 1898317123 1893884351 0 2194940732 0 66.378405 48 59 78352 48980 75 344 120 160000 250000 119 158635 104659 12 16000 25000 12 16000 25000 5630
1790084564738940 10 0 0 10 10 10 0 0 0 0 0 0 1200 96 96 0 1800 600 504 0 504 0 0 0 31489224 46088 0 11569 67621 26379 20750 8127167 13172530 1898317123 1898317123 0 2194940732 0 66.378243 47 58 76720 47960 36 315 120 160000 250000 118 157302 103646 12 16000 25000 12 16000 25000 5629
1790084564836512 10 0 0 10 10 10 0 0 0 0 0 0 1198 97 97 0 1800 602 505 0 505 0 0 0 31586405 46182 0 11589 67748 26423 20811 8127207 13257366 1903308770 1903308770 0 2197932114 0 66.264305 47 58 76720 47960 38 289 120 160000 250000 119 158635 104657 12 16000 25000 12 16000 25000 5638
1790084564893080 10 0 0 10 10 10 0 0 0 0 0 0 1197 97 95 2 1800 603 506 0 506 0 0 0 31642540 46273 0 11606 67890 26438 20821 8127360 13261602 1917363353 1907347409 0 2199150046 0 66.183385 48 59 78352 48980 467 307 120 160000 250000 119 158635 104684 12 16000 25000 12 16000 25000 5662
1790084564893343 10 0 0 10 10 10 0 0 0 0 0 0 1197 96 95 1 1800 603 507 0 507 0 0 0 31642540 46353 0 11621 67890 26445 20824 8127515 13261602 1917363353 1912358871 0 2199150046 0 66.183218 48 59 78352 48980 169 295 120 160000 250000 117 155969 103677 12 16000 25000 12 16000 25000 5661
1790084564893502 10 0 0 10 10 10 0 0 0 0 0 0 1197 95 95 0 1800 603 508 0 508 0 0 0 31642540 46433 0 11636 67891 26453 20827 8127567 13261602 1917363353 1917363353 0 2199150046 0 66.183051 49 60 79984 50000 112 278 120 160000 250000 117 155969 102676 12 16000 25000 12 16000 25000 5659
1790084564902717 10 0 0 10 10 10 0 0 0 0 0 0 1194 97 97 0 1800 606 509 0 509 0 0 0 31651475 46509 0 11647 68018 26461 20837 8127609 13265694 1922419951 1922419951 0 2203377179 0 66.291415 49 60 79984 50000 125 264 120 160000 250000 119 158635 104689 12 16000 25000 12 16000 25000 5670
1790084564930565 10 0 0 10 10 10 0 0 0 0 0 0 1193 97 94 3 1800 607 510 0 510 0 0 0 31678937 46585 0 11660 68200 26469 20844 8127703 13269683 1942694503 1927514032 0 2204878153 0 66.278993 50 62 81617 51021 375 276 120 160000 250000 116 154636 104721 12 16000 25000 12 16000 25000 5702
1790084564930894 10 0 0 10 10 10 0 0 0 0 0 0 1193 94 94 0 1800 607 513 0 513 0 0 0 31678937 46789 0 11695 68200 26476 20847 8127801 13269683 1942694503 1942694503 0 2204878153 0 66.278567 130 130 173290 130000 223 320 120 160000 250000 116 154636 101717 12 16000 25000 12 16000 25000 5698
1790084564962971 10 0 0 10 10 10 0 0 0 0 0 0 1189 97 96 1 1800 611 514 0 514 0 0 0 31710613 46870 0 11709 68347 26514 20858 8127908 13273799 1949440233 1944312769 0 2210624804 0 66.384861 130 130 173290 130000 212 310 120 160000 250000 119 158635 104740 12 16000 25000 12 16000 25000 5713
1790084564963202 10 0 0 10 10 10 0 0 0 0 0 0 1189 96 96 0 1800 611 515 0 515 0 0 0 31710613 46953 0 11725 68347 26521 20862 8128027 13273799 1949440233 1949440233 0 2210624804 0 66.384688 125 125 166625 125000 28 283 120 160000 250000 118 157302 103728 12 16000 25000 12 16000 25000 5712
1790084565016091 10 0 0 10 10 10 0 0 0 0 0 0 1187 97 97 0 1800 613 516 0 516 0 0 0 31763168 47040 0 11739 68467 26548 20895 8128069 13316967 1949834302 1949834302 0 2213635858 0 66.365101 135 135 179955 135000 548 310 120 160000 250000 119 158635 104732 12 16000 25000 12 16000 25000 5713
1790084565041589 10 0 0 10 10 10 0 0 0 0 0 0 1186 97 97 0 1800 614 517 0 517 0 0 0 31788310 47120 0 11751 68554 26560 20907 8128214 13324879 1955079360 1955079360 0 2215140130 0 66.357585 134 134 178622 134000 73 288 120 160000 250000 119 158635 104740 12 16000 25000 12 16000 25000 5721
1790084565067667 10 0 0 10 10 10 0 0 0 0 0 0 1185 97 97 0 1800 615 518 0 518 0 0 0 31814032 47205 0 11764 68636 26578 20929 8128338 13344147 1960340154 1960340154 0 2216640519 0 66.348746 135 135 179955 135000 319 292 120 160000 250000 119 158635 104748 12 16000 25000 12 16000 25000 5729
1790084565125055 10 0 0 10 10 10 0 0 0 0 0 0 1184 97 97 0 1800 616 519 0 519 0 0 0 31871016 47300 0 11780 68726 26616 20969 8128456 13390188 1965651431 1965651431 0 2218140351 0 66.274909 136 136 181288 136000 359 300 120 160000 250000 119 158635 104756 12 16000 25000 12 16000 25000 5738
1790084565162052 10 0 0 10 10 10 0 0 0 0 0 0 1183 97 97 0 1800 617 520 0 520 0 0 0 31907624 47387 0 11794 68819 26640 20997 8128590 13420760 1971053474 1971053474 0 2219631936 0 66.243318 139 139 185287 139000 1176 386 120 160000 250000 119 158635 104764 12 16000 25000 12 16000 25000 5746
1790084565189992 10 0 0 10 10 10 0 0 0 0 0 0 1182 97 96 1 1800 618 521 0 521 0 0 0 31935231 47467 0 11808 68917 26649 21006 8128708 13424676 1980801684 1975353400 0 2220865150 0 66.222745 141 141 187953 141000 1074 454 120 160000 250000 119 158635 104781 12 16000 25000 12 16000 25000 5762
1790084565190195 10 0 0 10 10 10 0 0 0 0 0 0 1182 96 96 0 1800 618 522 0 522 0 0 0 31935231 47545 0 11824 68917 26656 21008 8128805 13424676 1980801684 1980801684 0 2220865150 0 66.222583 141 141 187953 141000 207 431 120 160000 250000 118 157302 103776 12 16000 25000 12 16000 25000 5761
1790084565301614 10 0 0 10 10 10 0 0 0 0 0 0 1180 97 97 0 1800 620 523 0 523 0 0 0 32046258 47642 0 11846 69026 26703 21070 8128848 13512354 1981204483 1981204483 0 2223855985 0 66.082163 145 145 193285 145000 405 429 120 160000 250000 119 158635 104781 12 16000 25000 12 16000 25000 5763
1790084565390251 10 0 0 10 10 10 0 0 0 0 0 0 1179 97 97 0 1800 621 524 0 524 0 0 0 32134437 47731 0 11862 69139 26731 21119 8128994 13580615 1986249572 1986249572 0 2225361397 0 65.945526 144 144 191952 144000 86 396 120 160000 250000 119 158635 104788 12 16000 25000 12 16000 25000 5771
1790084565511965 10 0 0 10 10 10 0 0 0 0 0 0 1178 97 97 0 1800 622 525 0 525 0 0 0 32255666 47832 0 11879 69228 26775 21178 8129158 13660243 1986799449 1986799449 0 2226861009 0 65.742111 151 151 201283 151000 807 437 120 160000 250000 119 158635 104789 12 16000 25000 12 16000 25000 5771
1790084565528814 10 0 0 10 10 10 0 0 0 0 0 0 1177 97 97 0 1800 623 526 0 526 0 0 0 32272145 47932 0 11910 69293 26784 21187 8129323 13664138 1992234840 1992234840 0 2228363582 0 65.752724 152 152 202616 152000 108 406 120 160000 250000 119 158635 104796 12 16000 25000 12 16000 25000 5778
1790084565543824 10 0 0 10 10 10 0 0 0 0 0 0 1176 97 97 0 1800 624 527 0 527 0 0 0 32286787 48015 0 11926 69381 26799 21202 8129471 13675561 1993034486 1993034486 0 2229867656 0 65.767142 156 156 207948 156000 198 387 120 160000 250000 119 158635 104797 12 16000 25000 12 16000 25000 5779
1790084565575831 10 0 0 10 10 10 0 0 0 0 0 0 1175 97 97 0 1800 625 528 0 528 0 0 0 32318435 48099 0 11940 69481 26817 21225 8129580 13701782 1997264292 1997264292 0 2231368949 0 65.746899 157 157 209281 157000 172 367 120 160000 250000 119 158635 104805 12 16000 25000 12 16000 25000 5787
1790084565594618 10 0 0 10 10 10 0 0 0 0 0 0 1174 97 97 0 1800 626 529 0 529 0 0 0 32336884 48180 0 11954 69564 26833 21241 8129700 13716731 1999864736 1999864736 0 2232866965 0 65.753394 157 157 209281 157000 318 363 120 160000 250000 119 158635 104809 12 16000 25000 12 16000 25000 5790
1790084565642629 10 0 0 10 10 10 0 0 0 0 0 0 1173 97 97 0 1800 627 530 0 530 0 0 0 32384475 48277 0 11972 69682 26873 21277 8129807 13757533 2005256792 2005256792 0 2234371246 0 65.700945 158 158 210614 158000 150 343 120 160000 250000 119 158635 104815 12 16000 25000 12 16000 25000 5797
1790084565670148 10 0 0 10 10 10 0 0 0 0 0 0 1172 97 97 0 1800 628 531 0 531 0 0 0 32411558 48375 0 11989 69802 26891 21300 8129960 13780012 2009496167 2009496167 0 2235873184 0 65.690056 161 161 214613 161000 493 359 120 160000 250000 119 158635 104824 12 16000 25000 12 16000 25000 5805
1790084565718083 10 0 0 10 10 10 0 0 0 0 0 0 1171 97 97 0 1800 629 532 0 532 0 0 0 32459098 48462 0 12005 69890 26911 21321 8130113 13802155 2010081829 2010081829 0 2237396281 0 65.638497 162 162 215946 162000 843 407 120 160000 250000 119 158635 104824 12 16000 25000 12 16000 25000 5806
1790084565834586 10 0 0 10 10 10 0 0 0 0 0 0 1170 97 97 0 1800 630 533 0 533 0 0 0 32575140 48556 0 12024 69991 26958 21383 8130239 13886356 2016163083 2016163083 0 2238886814 0 65.448404 159 159 211947 159000 85 376 120 160000 250000 119 158635 104832 12 16000 25000 12 16000 25000 5814
1790084565895621 10 0 0 10 10 10 0 0 0 0 0 0 1169 97 96 1 1800 631 534 0 534 0 0 0 32635770 48646 0 12043 70110 26977 21407 8130369 13912068 2024732681 2020452829 0 2240387397 0 65.370601 161 161 214613 161000 1374 474 120 160000 250000 118 157302 104848 12 16000 25000 12 16000 25000 5830
1790084565895853 10 0 0 10 10 10 0 0 0 0 0 0 1169 96 96 0 1800 631 535 0 535 0 0 0 32635770 48724 0 12059 70110 26984 21410 8130493 13912068 2024732681 2024732681 0 2240387397 0 65.370445 161 161 214613 161000 665 494 120 160000 250000 118 157302 103847 12 16000 25000 12 16000 25000 5829
1790084565982674 10 0 0 10 10 10 0 0 0 0 0 0 1167 97 97 0 1800 633 536 0 536 0 0 0 32722220 48825 0 12075 70219 27025 21463 8130536 13977641 2026435023 2026435023 0 2243397946 0 65.285407 163 163 217279 163000 1322 576 120 160000 250000 119 158635 104854 12 16000 25000 12 16000 25000 5833
1790084566017121 10 0 0 10 10 10 0 0 0 0 0 0 1166 97 97 0 1800 634 537 0 537 0 0 0 32756310 48908 0 12089 70303 27040 21477 8130677 13988665 2027132851 2027132851 0 2244903519 0 65.261168 162 162 215946 162000 380 558 120 160000 250000 119 158635 104854 12 16000 25000 12 16000 25000 5834
1790084566101747 10 0 0 10 10 10 0 0 0 0 0 0 1165 97 97 0 1800 635 538 0 538 0 0 0 32840480 49004 0 12108 70421 27071 21533 8130803 14053653 2031516853 2031516853 0 2246404229 0 65.137477 161 161 214613 161000 41 509 120 160000 250000 119 158635 104861 12 16000 25000 12 16000 25000 5842
1790084566124698 10 0 0 10 10 10 0 0 0 0 0 0 1164 97 97 0 1800 636 539 0 539 0 0 0 32863000 49090 0 12125 70525 27096 21551 8130980 14071786 2036813018 2036813018 0 2247891884 0 65.135844 162 162 215946 162000 325 492 120 160000 250000 119 158635 104869 12 16000 25000 12 16000 25000 5850
1790084566171047 10 0 0 10 10 10 0 0 0 0 0 0 1163 97 97 0 1800 637 540 0 540 0 0 0 32908963 49176 0 12139 70619 27124 21585 8131101 14111336 2042270357 2042270357 0 2249108418 0 65.080038 158 158 210614 158000 86 453 120 160000 250000 119 158635 104877 12 16000 25000 12 16000 25000 5858
1790084566181077 10 0 0 10 10 10 0 0 0 0 0 0 1162 97 97 0 1800 638 541 0 541 0 0 0 32918669 49259 0 12155 70694 27137 21596 8131224 14118517 2047381321 2047381321 0 2250313230 0 65.095566 160 160 213280 160000 1618 568 120 160000 250000 119 158635 104885 12 16000 25000 12 16000 25000 5866
1790084566203939 10 0 0 10 10 10 0 0 0 0 0 0 1161 97 97 0 1800 639 542 0 542 0 0 0 32941191 49345 0 12169 70786 27155 21614 8131330 14136466 2049338698 2049338698 0 2251815350 0 65.094379 161 161 214613 161000 960 607 120 160000 250000 119 158635 104889 12 16000 25000 12 16000 25000 5870
1790084566267752 10 0 0 10 10 10 0 0 0 0 0 0 1160 97 97 0 1800 640 543 0 543 0 0 0 33004614 49435 0 12183 70874 27182 21652 8131449 14182566 2050055638 2050055638 0 2253324337 0 65.012838 159 159 211947 159000 599 607 120 160000 250000 119 158635 104890 12 16000 25000 12 16000 25000 5871
1790084566404342 10 0 0 10 10 10 0 0 0 0 0 0 1159 97 95 2 1800 641 544 0 544 0 0 0 33140820 49520 0 12198 71012 27191 21661 8131571 14186234 2063714679 2055543263 0 2254821319 0 64.788887 156 156 207948 156000 110 560 120 160000 250000 119 158635 104914 12 16000 25000 12 16000 25000 5891
1790084566404563 10 0 0 10 10 10 0 0 0 0 0 0 1159 96 95 1 1800 641 545 0 545 0 0 0 33140820 49597 0 12215 71012 27199 21663 8131687 14186234 2063714679 2059651133 0 2254821319 0 64.788736 149 149 198617 149000 74 513 120 160000 250000 117 155969 103908 12 16000 25000 12 16000 25000 5890
1790084566404710 10 0 0 10 10 10 0 0 0 0 0 0 1159 95 95 0 1800 641 546 0 546 0 0 0 33140820 49671 0 12230 71013 27206 21666 8131729 14186234 2063714679 2063714679 0 2254821319 0 64.788592 139 139 185287 139000 42 468 120 160000 250000 117 155969 102907 12 16000 25000 12 16000 25000 5889
1790084566555412 10 0 0 10 10 10 0 0 0 0 0 0 1156 97 97 0 1800 644 547 0 547 0 0 0 33291055 49782 0 12247 71162 27251 21738 8131785 14280127 2070229102 2070229102 0 2259312911 0 64.624913 133 133 177289 133000 44 427 120 160000 250000 119 158635 104922 12 16000 25000 12 16000 25000 5899
1790084566570112 10 0 0 10 10 10 0 0 0 0 0 0 1155 97 97 0 1800 645 548 0 548 0 0 0 33305372 49883 0 12262 71242 27267 21750 8131937 14290701 2070793532 2070793532 0 2260549272 0 64.632328 140 140 186620 140000 196 405 120 160000 250000 119 158635 104923 12 16000 25000 12 16000 25000 5900
1790084566600179 10 0 0 10 10 10 0 0 0 0 0 0 1154 97 97 0 1800 646 549 0 549 0 0 0 33335053 49975 0 12275 71335 27291 21774 8132070 14315021 2072457562 2072457562 0 2262045042 0 64.617416 142 142 189286 142000 26 369 120 160000 250000 119 158635 104925 12 16000 25000 12 16000 25000 5903
1790084566653414 10 0 0 10 10 10 0 0 0 0 0 0 1153 97 97 0 1800 647 550 0 550 0 0 0 33387879 50071 0 12294 71430 27321 21813 8132191 14359838 2078905133 2078905133 0 2263571379 0 64.558679 150 150 199950 150000 355 369 120 160000 250000 119 158635 104932 12 16000 25000 12 16000 25000 5911
1790084566663919 10 0 0 10 10 10 0 0 0 0 0 0 1152 97 97 0 1800 648 551 0 551 0 0 0 33398018 50154 0 12309 71548 27334 21824 8132313 14366872 2085454008 2085454008 0 2265082791 0 64.582043 159 159 211947 159000 668 399 120 160000 250000 119 158635 104940 12 16000 25000 12 16000 25000 5918
1790084566673826 10 0 0 10 10 10 0 0 0 0 0 0 1151 97 97 0 1800 649 552 0 552 0 0 0 33407566 50234 0 12322 71655 27346 21836 8132442 14373865 2092081926 2092081926 0 2266582927 0 64.606218 164 164 218612 164000 178 378 120 160000 250000 119 158635 104948 12 16000 25000 12 16000 25000 5926
1790084566683959 10 0 0 10 10 10 0 0 0 0 0 0 1150 97 96 1 1800 650 553 0 553 0 0 0 33417325 50319 0 12335 71785 27359 21846 8132548 14380866 2100464657 2093794393 0 2268077824 0 64.629813 184 184 245272 184000 968 436 120 160000 250000 119 158635 104961 12 16000 25000 12 16000 25000 5937
1790084566684181 10 0 0 10 10 10 0 0 0 0 0 0 1150 96 96 0 1800 650 554 0 554 0 0 0 33417325 50395 0 12351 71785 27377 21849 8132653 14380866 2100464657 2100464657 0 2268077824 0 64.629666 202 202 269266 202000 221 416 120 160000 250000 118 157302 103955 12 16000 25000 12 16000 25000 5936
1790084566715117 10 0 0 10 10 10 0 0 0 0 0 0 1148 97 97 0 1800 652 555 0 555 0 0 0 33447942 50482 0 12365 71896 27410 21875 8132695 14404895 2107063168 2107063168 0 2271085339 0 64.656049 201 201 267933 201000 244 400 120 160000 250000 119 158635 104968 12 16000 25000 12 16000 25000 5945
1790084566751790 10 0 0 10 10 10 0 0 0 0 0 0 1147 97 97 0 1800 653 556 0 556 0 0 0 33484210 50567 0 12379 72001 27439 21904 8132828 14435284 2112072724 2112072724 0 2272298815 0 64.620469 207 207 275931 207000 944 454 120 160000 250000 119 158635 104975 12 16000 25000 12 16000 25000 5953
1790084566777713 10 0 0 10 10 10 0 0 0 0 0 0 1146 97 96 1 1800 654 557 0 557 0 0 0 33509780 50645 0 12392 72114 27449 21912 8132951 14438766 2124093765 2117393877 0 2273805591 0 64.613901 211 211 281263 211000 205 431 120 160000 250000 119 158635 104991 12 16000 25000 12 16000 25000 5969
1790084566777931 10 0 0 10 10 10 0 0 0 0 0 0 1146 96 96 0 1800 654 558 0 558 0 0 0 33509780 50721 0 12408 72114 27456 21915 8133065 14438766 2124093765 2124093765 0 2273805591 0 64.613755 215 215 286595 215000 233 413 120 160000 250000 118 157302 103987 12 16000 25000 12 16000 25000 5968
1790084566805093 10 0 0 10 10 10 0 0 0 0 0 0 1144 97 97 0 1800 656 559 0 559 0 0 0 33536635 50806 0 12422 72221 27475 21939 8133117 14458921 2130654536 2130654536 0 2276543522 0 64.639670 212 212 282596 212000 186 392 120 160000 250000 119 158635 104998 12 16000 25000 12 16000 25000 5977
1790084566830619 10 0 0 10 10 10 0 0 0 0 0 0 1143 97 96 1 1800 657 560 0 560 0 0 0 33561798 50888 0 12437 72322 27484 21947 8133248 14462349 2143789572 2137223901 0 2278041343 0 64.633618 213 213 283929 213000 725 425 120 160000 250000 118 157302 105015 12 16000 25000 12 16000 25000 5993
1790084566830827 10 0 0 10 10 10 0 0 0 0 0 0 1143 96 96 0 1800 657 561 0 561 0 0 0 33561798 50969 0 12454 72322 27491 21950 8133347 14462349 2143789572 2143789572 0 2278041343 0 64.633463 212 212 282596 212000 285 412 120 160000 250000 118 157302 104013 12 16000 25000 12 16000 25000 5991
1790084566847904 10 0 0 10 10 10 0 0 0 0 0 0 1141 97 97 0 1800 659 562 0 562 0 0 0 33578617 51058 0 12467 72411 27500 21961 8133388 14465762 2150496421 2150496421 0 2281031343 0 64.685758 213 213 283929 213000 270 399 120 160000 250000 119 158635 105024 12 16000 25000 12 16000 25000 6001
1790084566903926 10 0 0 10 10 10 0 0 0 0 0 0 1140 97 94 3 1800 660 563 0 563 0 0 0 33634234 51141 0 12483 72591 27508 21969 8133492 14469110 2177181942 2157140413 0 2282530561 0 64.621242 217 217 289261 217000 391 399 120 160000 250000 117 155969 105057 12 16000 25000 12 16000 25000 6034
1790084566904189 10 0 0 10 10 10 0 0 0 0 0 0 1140 95 94 1 1800 660 565 0 565 0 0 0 33634234 51279 0 12509 72591 27515 21972 8133588 14469110 2177181942 2170415438 0 2282530561 0 64.620977 218 218 290594 218000 206 364 120 160000 250000 117 155969 103054 12 16000 25000 12 16000 25000 6031
1790084566904386 10 0 0 10 10 10 0 0 0 0 0 0 1140 94 94 0 1800 660 566 0 566 0 0 0 33634234 51352 0 12524 72591 27543 21975 8133658 14469110 2177181942 2177181942 0 2282530561 0 64.620837 217 217 289261 217000 186 348 120 160000 250000 116 154636 102049 12 16000 25000 12 16000 25000 6030
1790084566961739 10 0 0 10 10 10 0 0 0 0 0 0 1136 97 97 0 1800 664 567 0 567 0 0 0 33691248 51446 0 12547 72722 27568 22003 8133697 14494909 2180911786 2180911786 0 2288896769 0 64.691398 217 217 289261 217000 254 340 120 160000 250000 119 158635 105067 12 16000 25000 12 16000 25000 6041
1790084566977429 10 0 0 10 10 10 0 0 0 0 0 0 1135 97 96 1 1800 665 568 0 568 0 0 0 33706539 51534 0 12559 72845 27578 22012 8133846 14498194 2194354502 2187648194 0 2290506247 0 64.707395 217 217 289261 217000 848 391 120 160000 250000 118 157302 105081 12 16000 25000 12 16000 25000 6058
1790084566977637 10 0 0 10 10 10 0 0 0 0 0 0 1135 96 96 0 1800 665 569 0 569 0 0 0 33706539 51610 0 12576 72845 27585 22016 8133949 14498194 2194354502 2194354502 0 2290506247 0 64.707250 211 211 281263 211000 162 370 120 160000 250000 118 157302 104079 12 16000 25000 12 16000 25000 6057
1790084567141602 10 0 0 10 10 10 0 0 0 0 0 0 1133 97 97 0 1800 667 570 0 570 0 0 0 33869987 51703 0 12594 73005 27658 22127 8133989 14637152 2195043165 2195043165 0 2293703959 0 64.485188 208 208 277264 208000 255 360 120 160000 250000 119 158635 105081 12 16000 25000 12 16000 25000 6059
1790084567173789 10 0 0 10 10 10 0 0 0 0 0 0 1132 97 97 0 1800 668 571 0 571 0 0 0 33901735 51792 0 12612 73123 27680 22153 8134146 14662638 2200008954 2200008954 0 2295297570 0 64.469483 208 208 277264 208000 126 338 120 160000 250000 119 158635 105087 12 16000 25000 12 16000 25000 6067
1790084567212609 10 0 0 10 10 10 0 0 0 0 0 0 1131 97 96 1 1800 669 572 0 572 0 0 0 33940086 51889 0 12626 73261 27700 22185 8134304 14694399 2210009434 2205012638 0 2296901662 0 64.441567 192 192 255936 192000 53 311 120 160000 250000 118 157302 105104 12 16000 25000 12 16000 25000 6083
1790084567212845 10 0 0 10 10 10 0 0 0 0 0 0 1131 96 96 0 1800 669 573 0 573 0 0 0 33940086 51965 0 12642 73261 27707 22188 8134436 14694399 2210009434 2210009434 0 2296901662 0 64.441423 196 196 261268 196000 490 329 120 160000 250000 118 157302 104102 12 16000 25000 12 16000 25000 6082
1790084567229802 10 0 0 10 10 10 0 0 0 0 0 0 1129 97 97 0 1800 671 574 0 574 0 0 0 33956800 52045 0 12654 73345 27717 22196 8134480 14697794 2215024794 2215024794 0 2300222068 0 64.502711 195 195 259935 195000 418 339 120 160000 250000 119 158635 105112 12 16000 25000 12 16000 25000 6092
1790084567299878 10 0 0 10 10 10 0 0 0 0 0 0 1128 97 97 0 1800 672 575 0 575 0 0 0 34026507 52132 0 12670 73467 27734 22213 8134575 14713431 2220070700 2220070700 0 2301855504 0 64.416319 197 197 262601 197000 358 341 120 160000 250000 119 158635 105120 12 16000 25000 12 16000 25000 6100
1790084567305713 10 0 0 10 10 10 0 0 0 0 0 0 1127 97 97 0 1800 673 576 0 576 0 0 0 34032013 52212 0 12683 73538 27743 22221 8134718 14716667 2225172922 2225172922 0 2303526821 0 64.452525 201 201 267933 201000 1181 423 120 160000 250000 119 158635 105128 12 16000 25000 12 16000 25000 6108
1790084567418353 10 0 0 10 10 10 0 0 0 0 0 0 1126 97 97 0 1800 674 577 0 577 0 0 0 34144160 52305 0 12699 73682 27787 22298 8134817 14812168 2230375887 2230375887 0 2305159463 0 64.286510 190 190 253270 190000 56 388 120 160000 250000 119 158635 105137 12 16000 25000 12 16000 25000 6117
1790084567449216 10 0 0 10 10 10 0 0 0 0 0 0 1125 97 97 0 1800 675 578 0 578 0 0 0 34174625 52397 0 12716 73776 27808 22324 8134960 14836841 2231910728 2231910728 0 2306449208 0 64.265053 191 191 254603 191000 386 388 120 160000 250000 119 158635 105139 12 16000 25000 12 16000 25000 6119
1790084567514988 10 0 0 10 10 10 0 0 0 0 0 0 1124 97 97 0 1800 676 579 0 579 0 0 0 34239960 52486 0 12730 73890 27841 22380 8135082 14891594 2236200312 2236200312 0 2308101368 0 64.188393 191 191 254603 191000 224 373 120 160000 250000 119 158635 105147 12 16000 25000 12 16000 25000 6128
1790084567524343 10 0 0 10 10 10 0 0 0 0 0 0 1123 97 97 0 1800 677 580 0 580 0 0 0 34248965 52577 0 12743 73970 27854 22392 8135215 14897736 2240509703 2240509703 0 2309748319 0 64.217161 191 191 254603 191000 1025 437 120 160000 250000 119 158635 105155 12 16000 25000 12 16000 25000 6136
1790084567625757 10 0 0 10 10 10 0 0 0 0 0 0 1122 97 97 0 1800 678 581 0 581 0 0 0 34349569 52668 0 12760 74421 27893 22456 8135342 14973856 2244892443 2244892443 0 2311394773 0 64.074840 192 192 255936 192000 942 487 120 160000 250000 119 158635 105165 12 16000 25000 12 16000 25000 6145
1790084567652504 10 0 0 10 10 10 0 0 0 0 0 0 1121 97 97 0 1800 679 582 0 582 0 0 0 34375914 52763 0 12774 74525 27915 22481 8135477 14995034 2248093355 2248093355 0 2312985409 0 64.069693 195 195 259935 195000 1019 540 120 160000 250000 119 158635 105171 12 16000 25000 12 16000 25000 6151
1790084567658587 10 0 0 10 10 10 0 0 0 0 0 0 1120 97 97 0 1800 680 583 0 583 0 0 0 34381687 52842 0 12786 74597 27923 22488 8135602 14998137 2252409852 2252409852 0 2314304229 0 64.095330 193 193 257269 193000 541 541 120 160000 250000 119 158635 105178 12 16000 25000 12 16000 25000 6159
1790084567664152 10 0 0 10 10 10 0 0 0 0 0 0 1119 97 97 0 1800 681 584 0 584 0 0 0 34386983 52917 0 12798 74662 27931 22498 8135693 15001228 2255941710 2255941710 0 2315964201 0 64.131301 193 193 257269 193000 688 556 120 160000 250000 119 158635 105185 12 16000 25000 12 16000 25000 6166
1790084567711583 10 0 0 10 10 10 0 0 0 0 0 0 1118 97 97 0 1800 682 585 0 585 0 0 0 34434016 53006 0 12814 74793 27956 22535 8135780 15040107 2256736581 2256736581 0 2317610745 0 64.089206 192 192 255936 192000 808 581 120 160000 250000 119 158635 105186 12 16000 25000 12 16000 25000 6167
1790084567882969 10 0 0 10 10 10 0 0 0 0 0 0 1117 97 97 0 1800 683 586 0 586 0 0 0 34604805 53098 0 12829 74912 28035 22665 8135924 15176669 2261080072 2261080072 0 2319259423 0 63.818580 190 190 253270 190000 82 534 120 160000 250000 119 158635 105193 12 16000 25000 12 16000 25000 6175
1790084567906286 10 0 0 10 10 10 0 0 0 0 0 0 1116 97 97 0 1800 684 587 0 587 0 0 0 34627669 53184 0 12843 75007 28054 22687 8136133 15194720 2266148621 2266148621 0 2320899901 0 63.821459 195 195 259935 195000 699 559 120 160000 250000 119 158635 105202 12 16000 25000 12 16000 25000 6183
1790084567950356 10 0 0 10 10 10 0 0 0 0 0 0 1115 97 97 0 1800 685 588 0 588 0 0 0 34671303 53284 0 12858 75094 28083 22722 8136283 15230318 2272795588 2272795588 0 2322503708 0 63.785125 197 197 262601 197000 827 586 120 160000 250000 119 158635 105211 12 16000 25000 12 16000 25000 6192
1790084568007263 10 0 0 10 10 10 0 0 0 0 0 0 1114 97 97 0 1800 686 589 0 589 0 0 0 34727746 53382 0 12873 75227 28115 22762 8136421 15268539 2274111332 2274111332 0 2324163299 0 63.726940 207 207 275931 207000 960 623 120 160000 250000 119 158635 105212 12 16000 25000 12 16000 25000 6193
1790084568042923 10 0 0 10 10 10 0 0 0 0 0 0 1113 97 96 1 1800 687 590 0 590 0 0 0 34763025 53461 0 12886 75334 28125 22770 8136571 15271595 2278845740 2277642496 0 2325761717 0 63.706005 203 203 270599 203000 236 586 120 160000 250000 119 158635 105221 12 16000 25000 12 16000 25000 6201
1790084568043154 10 0 0 10 10 10 0 0 0 0 0 0 1113 96 96 0 1800 687 591 0 591 0 0 0 34763025 53550 0 12905 75334 28133 22773 8136675 15271595 2278845740 2278845740 0 2325761717 0 63.705842 198 198 263934 198000 112 541 120 160000 250000 118 157302 104217 12 16000 25000 12 16000 25000 6200
1790084568171183 10 0 0 10 10 10 0 0 0 0 0 0 1111 97 97 0 1800 689 592 0 592 0 0 0 34890576 53656 0 12922 75488 28184 22863 8136717 15369277 2282272767 2282272767 0 2329042797 0 63.562659 192 192 255936 192000 36 492 120 160000 250000 119 158635 105227 12 16000 25000 12 16000 25000 6208
1790084568197048 10 0 0 10 10 10 0 0 0 0 0 0 1110 97 97 0 1800 690 593 0 593 0 0 0 34916110 53737 0 12936 75556 28195 22871 8136861 15372259 2286415731 2286415731 0 2330625985 0 63.559276 195 195 259935 195000 1065 549 120 160000 250000 119 158635 105234 12 16000 25000 12 16000 25000 6214
1790084568226774 10 0 0 10 10 10 0 0 0 0 0 0 1109 97 97 0 1800 691 594 0 594 0 0 0 34945457 53833 0 12950 75648 28215 22897 8136981 15395365 2287739545 2287739545 0 2332279025 0 63.550849 195 195 259935 195000 64 502 120 160000 250000 119 158635 105234 12 16000 25000 12 16000 25000 6216
1790084568232274 10 0 0 10 10 10 0 0 0 0 0 0 1108 97 97 0 1800 692 595 0 595 0 0 0 34950643 53911 0 12962 75721 28224 22905 8137102 15398382 2288792436 2288792436 0 2333876341 0 63.584810 200 200 266600 200000 25 457 120 160000 250000 119 158635 105236 12 16000 25000 12 16000 25000 6217
1790084568271569 10 0 0 10 10 10 0 0 0 0 0 0 1107 97 97 0 1800 693 596 0 596 0 0 0 34989516 54001 0 12975 75822 28252 22938 8137247 15429891 2290087539 2290087539 0 2335519324 0 63.558826 214 214 285262 214000 213 434 120 160000 250000 119 158635 105238 12 16000 25000 12 16000 25000 6219
1790084568296989 10 0 0 10 10 10 0 0 0 0 0 0 1106 97 97 0 1800 694 597 0 597 0 0 0 35014565 54085 0 12988 75909 28267 22955 8137393 15441395 2291072887 2291072887 0 2337128664 0 63.557040 213 213 283929 213000 92 401 120 160000 250000 119 158635 105239 12 16000 25000 12 16000 25000 6220
1790084568324011 10 0 0 10 10 10 0 0 0 0 0 0 1105 97 97 0 1800 695 598 0 598 0 0 0 35041236 54169 0 13002 75994 28280 22969 8137526 15452741 2295344862 2295344862 0 2338722288 0 63.551892 217 217 289261 217000 189 381 120 160000 250000 119 158635 105248 12 16000 25000 12 16000 25000 6228
1790084568339246 10 0 0 10 10 10 0 0 0 0 0 0 1104 97 97 0 1800 696 599 0 599 0 0 0 35056092 54255 0 13015 76079 28301 22984 8137675 15463902 2299622362 2299622362 0 2340038583 0 63.560599 217 217 289261 217000 269 371 120 160000 250000 119 158635 105256 12 16000 25000 12 16000 25000 6237
1790084568404635 10 0 0 10 10 10 0 0 0 0 0 0 1103 97 97 0 1800 697 600 0 600 0 0 0 35121179 54336 0 13029 76151 28312 22991 8137786 15466725 2300068345 2300068345 0 2341327358 0 63.477785 214 214 285262 214000 300 365 120 160000 250000 119 158635 105255 12 16000 25000 12 16000 25000 6237
1790084568426516 10 0 0 10 10 10 0 0 0 0 0 0 1102 97 97 0 1800 698 601 0 601 0 0 0 35142685 54430 0 13045 76242 28333 23024 8137901 15483356 2304302669 2304302669 0 2342960044 0 63.483067 205 205 273265 205000 9 332 120 160000 250000 119 158635 105263 12 16000 25000 12 16000 25000 6245
1790084568431784 10 0 0 10 10 10 0 0 0 0 0 0 1101 97 97 0 1800 699 602 0 602 0 0 0 35147645 54508 0 13057 76314 28342 23032 8138022 15486180 2305005301 2305005301 0 2344557008 0 63.517246 203 203 270599 203000 546 354 120 160000 250000 119 158635 105264 12 16000 25000 12 16000 25000 6245
1790084568503528 10 0 0 10 10 10 0 0 0 0 0 0 1100 97 97 0 1800 700 603 0 603 0 0 0 35219071 54606 0 13076 76389 28357 23044 8138119 15494489 2309400860 2309400860 0 2346286496 0 63.435212 200 200 266600 200000 42 325 120 160000 250000 119 158635 105273 12 16000 25000 12 16000 25000 6254
1790084568574531 10 0 0 10 10 10 0 0 0 0 0 0 1099 97 97 0 1800 701 604 0 604 0 0 0 35289671 54689 0 13090 76493 28383 23081 8138247 15527228 2313741883 2313741883 0 2347919096 0 63.352403 201 201 267933 201000 336 327 120 160000 250000 119 158635 105282 12 16000 25000 12 16000 25000 6262
1790084568595963 10 0 0 10 10 10 0 0 0 0 0 0 1098 97 97 0 1800 702 605 0 605 0 0 0 35310749 54771 0 13104 76580 28402 23102 8138369 15543546 2317994847 2317994847 0 2349535567 0 63.358088 195 195 259935 195000 174 313 120 160000 250000 119 158635 105290 12 16000 25000 12 16000 25000 6270
1790084568662236 10 0 0 10 10 10 0 0 0 0 0 0 1097 97 97 0 1800 703 606 0 606 0 0 0 35376589 54867 0 13119 76681 28440 23156 8138484 15597327 2322342401 2322342401 0 2351157835 0 63.283847 198 198 263934 198000 861 367 120 160000 250000 119 158635 105298 12 16000 25000 12 16000 25000 6278
1790084568687671 10 0 0 10 10 10 0 0 0 0 0 0 1096 97 97 0 1800 704 607 0 607 0 0 0 35401696 54949 0 13133 76757 28449 23171 8138611 15600103 2323390176 2323390176 0 2352795775 0 63.282945 195 195 259935 195000 134 345 120 160000 250000 119 158635 105300 12 16000 25000 12 16000 25000 6280
1790084568749949 10 0 0 10 10 10 0 0 0 0 0 0 1095 97 97 0 1800 705 608 0 608 0 0 0 35463505 55042 0 13149 76909 28485 23225 8138718 15650463 2327708354 2327708354 0 2354447455 0 63.217002 194 194 258602 194000 78 320 120 160000 250000 119 158635 105308 12 16000 25000 12 16000 25000 6287
1790084568834506 10 0 0 10 10 10 0 0 0 0 0 0 1094 97 97 0 1800 706 609 0 609 0 0 0 35547539 55151 0 13167 77037 28533 23292 8138859 15719337 2332076433 2332076433 0 2356102247 0 63.111922 191 191 254603 191000 332 322 120 160000 250000 119 158635 105316 12 16000 25000 12 16000 25000 6295
1790084568866407 10 0 0 10 10 10 0 0 0 0 0 0 1093 97 97 0 1800 707 610 0 610 0 0 0 35579049 55270 0 13197 77117 28548 23306 8138999 15727381 2336498987 2336498987 0 2357700448 0 63.098676 192 192 255936 192000 779 367 120 160000 250000 119 158635 105324 12 16000 25000 12 16000 25000 6304
1790084568901764 10 0 0 10 10 10 0 0 0 0 0 0 1092 97 97 0 1800 708 611 0 611 0 0 0 35614067 55354 0 13211 77196 28568 23315 8139126 15730109 2340762592 2340762592 0 2359297176 0 63.079272 192 192 255936 192000 318 363 120 160000 250000 119 158635 105333 12 16000 25000 12 16000 25000 6312
1790084568907266 10 0 0 10 10 10 0 0 0 0 0 0 1091 97 97 0 1800 709 612 0 612 0 0 0 35619289 55434 0 13224 77265 28577 23323 8139222 15732919 2341259276 2341259276 0 2360971924 0 63.114668 189 189 251937 189000 211 349 120 160000 250000 119 158635 105333 12 16000 25000 12 16000 25000 6312
1790084568931504 10 0 0 10 10 10 0 0 0 0 0 0 1090 97 97 0 1800 710 613 0 613 0 0 0 35643175 55519 0 13238 77360 28597 23347 8139331 15751232 2345577988 2345577988 0 2362260610 0 63.106714 194 194 258602 194000 96 325 120 160000 250000 119 158635 105340 12 16000 25000 12 16000 25000 6320
1790084568956625 10 0 0 10 10 10 0 0 0 0 0 0 1089 97 95 2 1800 711 614 0 614 0 0 0 35667864 55622 0 13260 77515 28607 23357 8139460 15753911 2358000940 2349898620 0 2363913350 0 63.107040 177 177 235941 177000 39 298 120 160000 250000 119 158635 105365 12 16000 25000 12 16000 25000 6341
1790084568956886 10 0 0 10 10 10 0 0 0 0 0 0 1089 96 94 2 1800 711 615 0 615 0 0 0 35667864 55704 0 13271 77563 28615 23360 8139562 15753911 2362294308 2354191988 0 2363913350 0 63.106895 178 178 237274 178000 262 296 120 160000 250000 118 157302 104372 12 16000 25000 12 16000 25000 6348
1790084568957027 10 0 0 10 10 10 0 0 0 0 0 0 1089 95 94 1 1800 711 616 0 616 0 0 0 35667864 55779 0 13288 77563 28622 23363 8139601 15753911 2362294308 2358238864 0 2363913350 0 63.106762 173 173 230609 173000 102 278 120 160000 250000 116 154636 103366 12 16000 25000 12 16000 25000 6347
1790084568957174 10 0 0 10 10 10 0 0 0 0 0 0 1089 94 94 0 1800 711 617 0 617 0 0 0 35667864 55862 0 13313 77563 28629 23366 8139639 15753911 2362294308 2362294308 0 2363913350 0 63.106616 162 162 215946 162000 56 257 120 160000 250000 116 154636 102364 12 16000 25000 12 16000 25000 6346
1790084569059027 10 0 0 10 10 10 0 0 0 0 0 0 1085 97 95 2 1800 715 618 0 618 0 0 0 35769362 55948 0 13327 77748 28642 23375 8139679 15756650 2371409345 2366535100 0 2370543993 0 63.104183 165 165 219945 165000 656 296 120 160000 250000 118 157302 105392 12 16000 25000 12 16000 25000 6367
1790084569059268 10 0 0 10 10 10 0 0 0 0 0 0 1085 96 95 1 1800 715 619 0 619 0 0 0 35769362 56023 0 13343 77748 28654 23379 8139811 15756650 2371409345 2367339396 0 2370543993 0 63.104051 145 145 193285 145000 28 271 120 160000 250000 118 157302 104390 12 16000 25000 12 16000 25000 6365
1790084569059417 10 0 0 10 10 10 0 0 0 0 0 0 1085 95 95 0 1800 715 620 0 620 0 0 0 35769362 56105 0 13358 77748 28661 23382 8139851 15756650 2371409345 2371409345 0 2370543993 0 63.103907 136 136 181288 136000 10 246 120 160000 250000 117 155969 103382 12 16000 25000 12 16000 25000 6364
1790084569160443 10 0 0 10 10 10 0 0 0 0 0 0 1082 97 97 0 1800 718 621 0 621 0 0 0 35869897 56221 0 13374 77906 28725 23464 8139889 15835214 2378016439 2378016439 0 2375478168 0 63.058094 140 140 186620 140000 75 230 120 160000 250000 119 158635 105398 12 16000 25000 12 16000 25000 6375
1790084569286216 10 0 0 10 10 10 0 0 0 0 0 0 1081 97 97 0 1800 719 622 0 622 0 0 0 35995126 56320 0 13392 78019 28789 23551 8140034 15920580 2382332132 2382332132 0 2377116661 0 62.882224 142 142 189286 142000 959 302 120 160000 250000 119 158635 105407 12 16000 25000 12 16000 25000 6384
1790084569301780 10 0 0 10 10 10 0 0 0 0 0 0 1080 97 97 0 1800 720 623 0 623 0 0 0 36010333 56412 0 13404 78088 28799 23559 8140192 15923131 2382660476 2382660476 0 2378673798 0 62.896724 142 142 189286 142000 959 367 120 160000 250000 119 158635 105405 12 16000 25000 12 16000 25000 6384
1790084569307086 10 0 0 10 10 10 0 0 0 0 0 0 1079 97 97 0 1800 721 624 0 624 0 0 0 36015324 56496 0 13417 78168 28808 23565 8140302 15925702 2387634055 2387634055 0 2380294843 0 62.930733 138 138 183954 138000 24 334 120 160000 250000 119 158635 105413 12 16000 25000 12 16000 25000 6393
1790084569337029 10 0 0 10 10 10 0 0 0 0 0 0 1078 97 97 0 1800 722 625 0 625 0 0 0 36044876 56595 0 13430 78268 28828 23585 8140432 15940066 2391936467 2391936467 0 2381874395 0 62.920772 138 138 183954 138000 808 381 120 160000 250000 119 158635 105421 12 16000 25000 12 16000 25000 6401
1790084569365390 10 0 0 10 10 10 0 0 0 0 0 0 1077 97 97 0 1800 723 626 0 626 0 0 0 36072849 56693 0 13443 78355 28851 23615 8140552 15961498 2392340552 2392340552 0 2383527146 0 62.915512 146 146 194618 146000 239 368 120 160000 250000 119 158635 105421 12 16000 25000 12 16000 25000 6402
1790084569393883 10 0 0 10 10 10 0 0 0 0 0 0 1076 97 97 0 1800 724 627 0 627 0 0 0 36100951 56784 0 13458 78454 28874 23644 8140679 15983006 2397667173 2397667173 0 2385190615 0 62.910330 143 143 190619 143000 121 345 120 160000 250000 119 158635 105429 12 16000 25000 12 16000 25000 6410
1790084569430837 10 0 0 10 10 10 0 0 0 0 0 0 1075 97 97 0 1800 725 628 0 628 0 0 0 36137489 56890 0 13472 78556 28898 23676 8140808 16011521 2403018353 2403018353 0 2386847183 0 62.890286 147 147 195951 147000 1519 460 120 160000 250000 119 158635 105437 12 16000 25000 12 16000 25000 6418
1790084569450499 10 0 0 10 10 10 0 0 0 0 0 0 1074 97 97 0 1800 726 629 0 629 0 0 0 36156753 56989 0 13487 78659 28916 23699 8140940 16025775 2409663575 2409663575 0 2388508224 0 62.900402 147 147 195951 147000 370 452 120 160000 250000 119 158635 105446 12 16000 25000 12 16000 25000 6426
1790084569481981 10 0 0 10 10 10 0 0 0 0 0 0 1073 97 97 0 1800 727 630 0 630 0 0 0 36187852 57078 0 13503 78745 28939 23730 8141065 16049133 2413947360 2413947360 0 2390151494 0 62.889516 148 148 197284 148000 1073 514 120 160000 250000 119 158635 105453 12 16000 25000 12 16000 25000 6435
1790084569507424 10 0 0 10 10 10 0 0 0 0 0 0 1072 97 97 0 1800 728 631 0 631 0 0 0 36212916 57170 0 13518 78836 28960 23755 8141191 16067694 2418267848 2418267848 0 2391828088 0 62.889981 148 148 197284 148000 567 520 120 160000 250000 119 158635 105460 12 16000 25000 12 16000 25000 6442
1790084569788226 10 0 0 10 10 10 0 0 0 0 0 0 1071 97 97 0 1800 729 632 0 632 0 0 0 36492899 57289 0 13544 79001 29097 23965 8141313 16269345 2419099507 2419099507 0 2393415175 0 62.449435 147 147 195951 147000 177 487 120 160000 250000 119 158635 105462 12 16000 25000 12 16000 25000 6443
1790084569822967 10 0 0 10 10 10 0 0 0 0 0 0 1070 97 97 0 1800 730 633 0 633 0 0 0 36527264 57381 0 13562 79085 29115 23989 8141450 16278599 2419621215 2419621215 0 2394994817 0 62.431795 141 141 187953 141000 35 444 120 160000 250000 119 158635 105462 12 16000 25000 12 16000 25000 6444
1790084569898028 10 0 0 10 10 10 0 0 0 0 0 0 1069 97 97 0 1800 731 634 0 634 0 0 0 36601862 57489 0 13578 79188 29143 24029 8141607 16312955 2423939251 2423939251 0 2396590168 0 62.346071 138 138 183954 138000 37 405 120 160000 250000 119 158635 105471 12 16000 25000 12 16000 25000 6452
1790084569912645 10 0 0 10 10 10 0 0 0 0 0 0 1068 97 97 0 1800 732 635 0 635 0 0 0 36616117 57579 0 13597 79261 29158 24047 8141752 16322105 2427634048 2427634048 0 2398238374 0 62.364544 141 141 187953 141000 1165 480 120 160000 250000 119 158635 105478 12 16000 25000 12 16000 25000 6459
1790084569923291 10 0 0 10 10 10 0 0 0 0 0 0 1067 97 97 0 1800 733 636 0 636 0 0 0 36626415 57666 0 13611 79350 29173 24060 8141877 16328933 2428498252 2428498252 0 2399836305 0 62.388431 140 140 186620 140000 275 461 120 160000 250000 119 158635 105479 12 16000 25000 12 16000 25000 6460
1790084569928146 10 0 0 10 10 10 0 0 0 0 0 0 1066 97 97 0 1800 734 637 0 637 0 0 0 36630961 57749 0 13624 79422 29182 24068 8141996 16331229 2432730945 2432730945 0 2401417974 0 62.421673 131 131 174623 131000 16 418 120 160000 250000 119 158635 105487 12 16000 25000 12 16000 25000 6468
1790084569999376 10 0 0 10 10 10 0 0 0 0 0 0 1065 97 97 0 1800 735 638 0 638 0 0 0 36701729 57844 0 13641 79559 29223 24132 8142091 16386883 2437792403 2437792403 0 2403063130 0 62.344021 127 127 169291 127000 171 395 120 160000 250000 119 158635 105495 12 16000 25000 12 16000 25000 6477
1790084570014055 10 0 0 10 10 10 0 0 0 0 0 0 1064 97 97 0 1800 736 639 0 639 0 0 0 36716076 57933 0 13653 79628 29231 24140 8142215 16389208 2442891271 2442891271 0 2404707223 0 62.362184 130 130 173290 130000 1034 458 120 160000 250000 119 158635 105504 12 16000 25000 12 16000 25000 6485
1790084570027806 10 0 0 10 10 10 0 0 0 0 0 0 1063 97 97 0 1800 737 640 0 640 0 0 0 36729491 58025 0 13670 79717 29245 24155 8142318 16398093 2446517364 2446517364 0 2406304153 0 62.380686 133 133 177289 133000 278 441 120 160000 250000 119 158635 105510 12 16000 25000 12 16000 25000 6492
1790084570052431 10 0 0 10 10 10 0 0 0 0 0 0 1062 97 97 0 1800 738 641 0 641 0 0 0 36753770 58119 0 13684 79807 29265 24163 8142433 16400428 2451620999 2451620999 0 2407941700 0 62.381807 125 125 166625 125000 28 402 120 160000 250000 119 158635 105519 12 16000 25000 12 16000 25000 6500
1790084570177953 10 0 0 10 10 10 0 0 0 0 0 0 1061 97 97 0 1800 739 642 0 642 0 0 0 36878731 58221 0 13705 79937 29336 24268 8142540 16491320 2455889672 2455889672 0 2409576472 0 62.212800 122 122 162626 122000 113 375 120 160000 250000 119 158635 105528 12 16000 25000 12 16000 25000 6508
1790084570239911 10 0 0 10 10 10 0 0 0 0 0 0 1060 97 97 0 1800 740 643 0 643 0 0 0 36940207 58330 0 13725 80036 29384 24328 8142681 16538940 2460387604 2460387604 0 2410940228 0 62.144397 127 127 169291 127000 328 371 120 160000 250000 119 158635 105534 12 16000 25000 12 16000 25000 6515
1790084570378139 10 0 0 10 10 10 0 0 0 0 0 0 1059 97 97 0 1800 741 644 0 644 0 0 0 37077811 58434 0 13743 80172 29478 24449 8142815 16639633 2464659040 2464659040 0 2412582664 0 61.956133 133 133 177289 133000 192 355 120 160000 250000 119 158635 105543 12 16000 25000 12 16000 25000 6523
1790084570383449 10 0 0 10 10 10 0 0 0 0 0 0 1058 97 97 0 1800 742 645 0 645 0 0 0 37082790 58522 0 13757 80241 29487 24457 8142950 16641876 2469008441 2469008441 0 2414225813 0 61.989871 135 135 179955 135000 962 415 120 160000 250000 119 158635 105550 12 16000 25000 12 16000 25000 6531
1790084570437205 10 0 0 10 10 10 0 0 0 0 0 0 1057 97 97 0 1800 743 646 0 646 0 0 0 37136181 58615 0 13772 80331 29510 24482 8143061 16658839 2470009191 2470009191 0 2415873755 0 61.942987 137 137 182621 137000 264 401 120 160000 250000 119 158635 105551 12 16000 25000 12 16000 25000 6533
1790084570496740 10 0 0 10 10 10 0 0 0 0 0 0 1056 97 96 1 1800 744 647 0 647 0 0 0 37195215 58710 0 13788 80475 29556 24539 8143196 16703118 2479798950 2475430213 0 2417473805 0 61.885632 137 137 182621 137000 203 383 120 160000 250000 118 157302 105566 12 16000 25000 12 16000 25000 6548
1790084570496974 10 0 0 10 10 10 0 0 0 0 0 0 1056 96 96 0 1800 744 648 0 648 0 0 0 37195215 58787 0 13804 80475 29563 24542 8143324 16703118 2479798950 2479798950 0 2417473805 0 61.885504 139 139 185287 139000 712 416 120 160000 250000 118 157302 104565 12 16000 25000 12 16000 25000 6546
1790084570516785 10 0 0 10 10 10 0 0 0 0 0 0 1054 97 97 0 1800 746 649 0 649 0 0 0 37214720 58886 0 13823 80571 29589 24563 8143368 16715780 2484890737 2484890737 0 2420401032 0 61.927850 140 140 186620 140000 1402 513 120 160000 250000 119 158635 105576 12 16000 25000 12 16000 25000 6556
1790084570542285 10 0 0 10 10 10 0 0 0 0 0 0 1053 97 97 0 1800 747 650 0 650 0 0 0 37239886 58969 0 13834 80643 29598 24572 8143510 16717912 2489255049 2489255049 0 2422040385 0 61.927845 146 146 194618 146000 149 478 120 160000 250000 119 158635 105581 12 16000 25000 12 16000 25000 6563
1790084570554835 10 0 0 10 10 10 0 0 0 0 0 0 1052 97 97 0 1800 748 651 0 651 0 0 0 37252094 59057 0 13848 80737 29614 24587 8143619 16726095 2489880622 2489880622 0 2423704858 0 61.949980 146 146 194618 146000 674 498 120 160000 250000 119 158635 105582 12 16000 25000 12 16000 25000 6564
1790084570559390 10 0 0 10 10 10 0 0 0 0 0 0 1051 97 97 0 1800 749 652 0 652 0 0 0 37256315 59150 0 13861 80814 29629 24594 8143742 16728189 2492395448 2492395448 0 2425307232 0 61.983770 147 147 195951 147000 118 461 120 160000 250000 119 158635 105585 12 16000 25000 12 16000 25000 6567
1790084570605836 10 0 0 10 10 10 0 0 0 0 0 0 1050 97 97 0 1800 750 653 0 653 0 0 0 37302410 59239 0 13875 80901 29648 24612 8143859 16738256 2497952826 2497952826 0 2426979204 0 61.949828 143 143 190619 143000 69 424 120 160000 250000 119 158635 105594 12 16000 25000 12 16000 25000 6575
1790084570622181 10 0 0 10 10 10 0 0 0 0 0 0 1049 97 97 0 1800 751 654 0 654 0 0 0 37318394 59324 0 13886 81000 29657 24620 8144000 16740329 2503046599 2503046599 0 2428592359 0 61.964354 146 146 194618 146000 866 468 120 160000 250000 119 158635 105602 12 16000 25000 12 16000 25000 6583
1790084570660485 10 0 0 10 10 10 0 0 0 0 0 0 1048 97 97 0 1800 752 655 0 655 0 0 0 37356356 59417 0 13905 81089 29677 24641 8144098 16752374 2508502175 2508502175 0 2430197441 0 61.942242 146 146 194618 146000 320 454 120 160000 250000 119 158635 105610 12 16000 25000 12 16000 25000 6592
1790084570831940 10 0 0 10 10 10 0 0 0 0 0 0 1047 97 97 0 1800 753 656 0 656 0 0 0 37527182 59524 0 13920 81220 29767 24776 8144217 16860235 2509991716 2509991716 0 2431804764 0 61.701330 149 149 198617 149000 613 470 120 160000 250000 119 158635 105613 12 16000 25000 12 16000 25000 6594
1790084570967464 10 0 0 10 10 10 0 0 0 0 0 0 1046 97 97 0 1800 754 657 0 657 0 0 0 37662031 59645 0 13937 81363 29842 24905 8144372 16964103 2514384803 2514384803 0 2433391578 0 61.520677 151 151 201283 151000 318 456 120 160000 250000 119 158635 105621 12 16000 25000 12 16000 25000 6603
1790084571138980 10 0 0 10 10 10 0 0 0 0 0 0 1045 97 97 0 1800 755 658 0 658 0 0 0 37832761 59782 0 13975 81521 29945 25078 8144542 17095795 2517865698 2517865698 0 2434986790 0 61.283413 152 152 202616 152000 1164 526 120 160000 250000 119 158635 105628 12 16000 25000 12 16000 25000 6609
1790084571174227 10 0 0 10 10 10 0 0 0 0 0 0 1044 97 97 0 1800 756 659 0 659 0 0 0 37867655 59867 0 13990 81598 29954 25086 8144696 17097833 2522232528 2522232528 0 2436585169 0 61.267085 151 151 201283 151000 705 544 120 160000 250000 119 158635 105635 12 16000 25000 12 16000 25000 6616
1790084571203678 10 0 0 10 10 10 0 0 0 0 0 0 1043 97 97 0 1800 757 660 0 660 0 0 0 37896730 59962 0 14008 81689 29982 25120 8144802 17118930 2527250757 2527250757 0 2438191859 0 61.260369 150 150 199950 150000 151 507 120 160000 250000 119 158635 105644 12 16000 25000 12 16000 25000 6625
1790084571230492 10 0 0 10 10 10 0 0 0 0 0 0 1042 97 97 0 1800 758 661 0 661 0 0 0 37923142 60053 0 14022 81783 30010 25152 8144931 17138112 2529158682 2529158682 0 2439849891 0 61.259254 152 152 202616 152000 1274 583 120 160000 250000 119 158635 105647 12 16000 25000 12 16000 25000 6628
1790084571267512 10 0 0 10 10 10 0 0 0 0 0 0 1041 97 97 0 1800 759 662 0 662 0 0 0 37959699 60147 0 14036 81905 30043 25194 8145076 17164923 2534558581 2534558581 0 2441499766 0 61.241585 152 152 202616 152000 130 540 120 160000 250000 119 158635 105655 12 16000 25000 12 16000 25000 6636
1790084571426568 10 0 0 10 10 10 0 0 0 0 0 0 1040 97 97 0 1800 760 663 0 663 0 0 0 38118068 60249 0 14052 82043 30153 25350 8145213 17285691 2539544934 2539544934 0 2443132482 0 61.028167 164 164 218612 164000 166 505 120 160000 250000 119 158635 105664 12 16000 25000 12 16000 25000 6644
1790084571490325 10 0 0 10 10 10 0 0 0 0 0 0 1039 97 97 0 1800 761 664 0 664 0 0 0 38181352 60341 0 14065 82148 30192 25407 8145364 17324972 2540387274 2540387274 0 2444724576 0 60.966732 162 162 215946 162000 143 470 120 160000 250000 119 158635 105664 12 16000 25000 12 16000 25000 6645
1790084571527320 10 0 0 10 10 10 0 0 0 0 0 0 1038 97 96 1 1800 762 665 0 665 0 0 0 38217868 60435 0 14079 82288 30217 25435 8145533 17343719 2546445935 2541368095 0 2446377449 0 60.949602 161 161 214613 161000 34 429 120 160000 250000 119 158635 105675 12 16000 25000 12 16000 25000 6654
1790084571527593 10 0 0 10 10 10 0 0 0 0 0 0 1038 96 96 0 1800 762 666 0 666 0 0 0 38217868 60513 0 14097 82288 30225 25439 8145697 17343719 2546445935 2546445935 0 2446377449 0 60.949478 168 168 223944 168000 287 416 120 160000 250000 118 157302 104670 12 16000 25000 12 16000 25000 6653
1790084571587097 10 0 0 10 10 10 0 0 0 0 0 0 1036 97 97 0 1800 764 667 0 667 0 0 0 38276951 60620 0 14113 82422 30269 25503 8145740 17385857 2550609038 2550609038 0 2449590170 0 60.935296 168 168 223944 168000 384 414 120 160000 250000 119 158635 105681 12 16000 25000 12 16000 25000 6661
1790084571614100 10 0 0 10 10 10 0 0 0 0 0 0 1035 97 97 0 1800 765 668 0 668 0 0 0 38303554 60710 0 14126 82514 30286 25521 8145899 17396964 2552680841 2552680841 0 2451200072 0 60.932918 195 195 259935 195000 839 457 120 160000 250000 119 158635 105683 12 16000 25000 12 16000 25000 6664
1790084571635372 10 0 0 10 10 10 0 0 0 0 0 0 1034 97 97 0 1800 766 669 0 669 0 0 0 38324441 60808 0 14140 82605 30307 25546 8146025 17411501 2557709577 2557709577 0 2452875922 0 60.941243 207 207 275931 207000 61 420 120 160000 250000 119 158635 105691 12 16000 25000 12 16000 25000 6672
1790084571771602 10 0 0 10 10 10 0 0 0 0 0 0 1033 97 97 0 1800 767 670 0 670 0 0 0 38459989 60904 0 14156 82770 30399 25691 8146153 17513573 2562791495 2562791495 0 2454496031 0 60.766759 220 220 293260 220000 838 461 120 160000 250000 119 158635 105699 12 16000 25000 12 16000 25000 6680
1790084571814160 10 0 0 10 10 10 0 0 0 0 0 0 1032 97 97 0 1800 768 671 0 671 0 0 0 38502052 61011 0 14176 82905 30438 25742 8146292 17544134 2566273639 2566273639 0 2456097937 0 60.739924 218 218 290594 218000 994 514 120 160000 250000 119 158635 105706 12 16000 25000 12 16000 25000 6687
1790084571837850 10 0 0 10 10 10 0 0 0 0 0 0 1031 97 97 0 1800 769 672 0 672 0 0 0 38525318 61107 0 14190 82998 30465 25770 8146447 17560113 2571335719 2571335719 0 2457714411 0 60.743101 217 217 289261 217000 475 512 120 160000 250000 119 158635 105715 12 16000 25000 12 16000 25000 6696
1790084571860708 10 0 0 10 10 10 0 0 0 0 0 0 1030 97 97 0 1800 770 673 0 673 0 0 0 38547779 61194 0 14205 83097 30488 25798 8146584 17575850 2575742175 2575742175 0 2459356531 0 60.748188 220 220 293260 220000 216 484 120 160000 250000 119 158635 105723 12 16000 25000 12 16000 25000 6704
1790084571875212 10 0 0 10 10 10 0 0 0 0 0 0 1029 97 97 0 1800 771 674 0 674 0 0 0 38561954 61276 0 14217 83179 30497 25806 8146710 17577645 2580092993 2580092993 0 2461013847 0 60.766686 220 220 293260 220000 1000 535 120 160000 250000 119 158635 105731 12 16000 25000 12 16000 25000 6712
1790084571882162 10 0 0 10 10 10 0 0 0 0 0 0 1028 97 97 0 1800 772 675 0 675 0 0 0 38568538 61375 0 14232 83257 30509 25817 8146851 17581192 2585414767 2585414767 0 2462605783 0 60.795474 222 222 295926 222000 496 533 120 160000 250000 119 158635 105738 12 16000 25000 12 16000 25000 6719
1790084571926720 10 0 0 10 10 10 0 0 0 0 0 0 1027 97 97 0 1800 773 676 0 676 0 0 0 38612784 61458 0 14245 83320 30528 25823 8146972 17583008 2589798117 2589798117 0 2464241077 0 60.766115 228 228 303924 228000 1185 597 120 160000 250000 119 158635 105746 12 16000 25000 12 16000 25000 6727
1790084571966244 10 0 0 10 10 10 0 0 0 0 0 0 1026 97 97 0 1800 774 677 0 677 0 0 0 38651873 61546 0 14260 83459 30569 25865 8147070 17610036 2593360941 2593360941 0 2465880729 0 60.745012 223 223 297259 223000 239 563 120 160000 250000 119 158635 105753 12 16000 25000 12 16000 25000 6734
1790084571973258 10 0 0 10 10 10 0 0 0 0 0 0 1025 97 97 0 1800 775 678 0 678 0 0 0 38658542 61630 0 14274 83540 30582 25891 8147191 17613466 2597671486 2597671486 0 2467513920 0 60.774644 209 209 278597 209000 57 514 120 160000 250000 119 158635 105762 12 16000 25000 12 16000 25000 6742
1790084572024060 10 0 0 10 10 10 0 0 0 0 0 0 1024 97 97 0 1800 776 679 0 679 0 0 0 38708888 61723 0 14290 83651 30625 25947 8147313 17649581 2601158131 2601158131 0 2469153496 0 60.735908 207 207 275931 207000 1252 587 120 160000 250000 119 158635 105768 12 16000 25000 12 16000 25000 6749
1790084572062096 10 0 0 10 10 10 0 0 0 0 0 0 1023 97 97 0 1800 777 680 0 680 0 0 0 38746506 61813 0 14303 83749 30658 25982 8147450 17669363 2605551691 2605551691 0 2470824993 0 60.717970 200 200 266600 200000 105 541 120 160000 250000 119 158635 105777 12 16000 25000 12 16000 25000 6757
1790084572125675 10 0 0 10 10 10 0 0 0 0 0 0 1022 97 97 0 1800 778 681 0 681 0 0 0 38809692 61902 0 14319 83849 30680 26012 8147578 17685764 2609788487 2609788487 0 2472428513 0 60.658474 205 205 273265 205000 1195 606 120 160000 250000 119 158635 105784 12 16000 25000 12 16000 25000 6765
1790084572140016 10 0 0 10 10 10 0 0 0 0 0 0 1021 97 97 0 1800 779 682 0 682 0 0 0 38823659 61991 0 14334 83931 30708 26030 8147710 17693943 2615207745 2615207745 0 2474011098 0 60.675361 213 213 283929 213000 817 627 120 160000 250000 119 158635 105791 12 16000 25000 12 16000 25000 6772
1790084572203412 10 0 0 10 10 10 0 0 0 0 0 0 1020 97 97 0 1800 780 683 0 683 0 0 0 38886579 62082 0 14349 84026 30777 26094 8147832 17730791 2615905957 2615905957 0 2475592421 0 60.615920 221 221 294593 221000 1050 670 120 160000 250000 119 158635 105793 12 16000 25000 12 16000 25000 6773
1790084572210323 10 0 0 10 10 10 0 0 0 0 0 0 1019 97 97 0 1800 781 684 0 684 0 0 0 38893134 62184 0 14362 84103 30790 26104 8147964 17734123 2622581591 2622581591 0 2477238367 0 60.645856 214 214 285262 214000 50 610 120 160000 250000 119 158635 105801 12 16000 25000 12 16000 25000 6782
1790084572217076 10 0 0 10 10 10 0 0 0 0 0 0 1018 97 97 0 1800 782 685 0 685 0 0 0 38899550 62266 0 14374 84191 30802 26117 8148088 17737390 2622978245 2622978245 0 2478583063 0 60.668656 219 219 291927 219000 1260 674 120 160000 250000 119 158635 105800 12 16000 25000 12 16000 25000 6782
1790084572232056 10 0 0 10 10 10 0 0 0 0 0 0 1017 97 97 0 1800 783 686 0 686 0 0 0 38914155 62366 0 14393 84285 30823 26138 8148205 17746809 2628363747 2628363747 0 2480227015 0 60.685991 232 232 309256 232000 72 616 120 160000 250000 119 158635 105807 12 16000 25000 12 16000 25000 6789
1790084572261777 10 0 0 10 10 10 0 0 0 0 0 0 1016 97 97 0 1800 784 687 0 687 0 0 0 38943413 62458 0 14409 84384 30857 26178 8148381 17766857 2635026128 2635026128 0 2481870685 0 60.680515 236 236 314588 236000 353 591 120 160000 250000 119 158635 105815 12 16000 25000 12 16000 25000 6797
1790084572285641 10 0 0 10 10 10 0 0 0 0 0 0 1015 97 97 0 1800 785 688 0 688 0 0 0 38966935 62575 0 14458 84449 30866 26185 8148506 17768462 2636852717 2636852717 0 2483495912 0 60.683474 238 238 317254 238000 1531 683 120 160000 250000 119 158635 105818 12 16000 25000 12 16000 25000 6800
1790084572332123 10 0 0 10 10 10 0 0 0 0 0 0 1014 97 97 0 1800 786 689 0 689 0 0 0 39012976 62668 0 14474 84563 30910 26243 8148606 17800232 2641899358 2641899358 0 2484853406 0 60.644960 233 233 310589 233000 87 626 120 160000 250000 119 158635 105826 12 16000 25000 12 16000 25000 6807
1790084572374242 10 0 0 10 10 10 0 0 0 0 0 0 1013 97 97 0 1800 787 690 0 690 0 0 0 39054636 62767 0 14489 84672 30944 26295 8148744 17828929 2646967956 2646967956 0 2486500555 0 60.620377 259 259 345247 259000 92 575 120 160000 250000 119 158635 105834 12 16000 25000 12 16000 25000 6815
1790084572378761 10 0 0 10 10 10 0 0 0 0 0 0 1012 97 97 0 1800 788 691 0 691 0 0 0 39058809 62857 0 14501 84740 30953 26303 8148895 17830563 2651299297 2651299297 0 2488096151 0 60.652667 274 274 365242 274000 991 616 120 160000 250000 119 158635 105842 12 16000 25000 12 16000 25000 6823
1790084572402648 10 0 0 10 10 10 0 0 0 0 0 0 1011 97 97 0 1800 789 692 0 692 0 0 0 39082405 62939 0 14514 84809 30962 26311 8148999 17832134 2656465945 2656465945 0 2489744450 0 60.656137 278 278 370574 278000 1211 675 120 160000 250000 119 158635 105850 12 16000 25000 12 16000 25000 6832
1790084572431729 10 0 0 10 10 10 0 0 0 0 0 0 1010 97 97 0 1800 790 693 0 693 0 0 0 39111084 63030 0 14530 84908 30993 26350 8149113 17851203 2661668579 2661668579 0 2491336934 0 60.650358 279 279 371907 279000 229 632 120 160000 250000 119 158635 105858 12 16000 25000 12 16000 25000 6840
1790084572435988 10 0 0 10 10 10 0 0 0 0 0 0 1009 97 97 0 1800 791 694 0 694 0 0 0 39115020 63115 0 14544 84978 31002 26357 8149244 17852776 2668456203 2668456203 0 2492977167 0 60.684060 280 280 373240 280000 1164 685 120 160000 250000 119 158635 105867 12 16000 25000 12 16000 25000 6848
1790084572529185 10 0 0 10 10 10 0 0 0 0 0 0 1008 97 97 0 1800 792 695 0 695 0 0 0 39207648 63219 0 14560 85098 31089 26468 8149344 17916987 2672698609 2672698609 0 2494617262 0 60.580593 288 288 383904 288000 1291 745 120 160000 250000 119 158635 105874 12 16000 25000 12 16000 25000 6856
1790084572547726 10 0 0 10 10 10 0 0 0 0 0 0 1007 97 97 0 1800 793 696 0 696 0 0 0 39225787 63307 0 14574 85207 31114 26494 8149474 17928362 2673713633 2673713633 0 2496272995 0 60.592679 289 289 385237 289000 292 702 120 160000 250000 119 158635 105876 12 16000 25000 12 16000 25000 6858
1790084572668434 10 0 0 10 10 10 0 0 0 0 0 0 1006 97 97 0 1800 794 697 0 697 0 0 0 39345887 63414 0 14592 85325 31191 26611 8149610 17998067 2675686622 2675686622 0 2497608675 0 60.440180 284 284 378572 284000 227 657 120 160000 250000 119 158635 105878 12 16000 25000 12 16000 25000 6860
1790084572758211 10 0 0 10 10 10 0 0 0 0 0 0 1005 97 97 0 1800 795 698 0 698 0 0 0 39435076 63518 0 14612 85441 31271 26716 8149745 18058674 2680013317 2680013317 0 2499241530 0 60.342970 269 269 358577 269000 58 600 120 160000 250000 119 158635 105887 12 16000 25000 12 16000 25000 6868
1790084572894003 10 0 0 10 10 10 0 0 0 0 0 0 1004 97 97 0 1800 796 699 0 699 0 0 0 39570164 63644 0 14629 85569 31380 26869 8149881 18145024 2683537601 2683537601 0 2500878806 0 60.176501 279 279 371907 279000 993 639 120 160000 250000 119 158635 105894 12 16000 25000 12 16000 25000 6875
1790084572942879 10 0 0 10 10 10 0 0 0 0 0 0 1003 97 97 0 1800 797 700 0 700 0 0 0 39618513 63743 0 14644 85691 31427 26932 8150049 18177433 2687788191 2687788191 0 2502515934 0 60.142376 279 279 371907 279000 970 687 120 160000 250000 119 158635 105902 12 16000 25000 12 16000 25000 6883
1790084572986339 10 0 0 10 10 10 0 0 0 0 0 0 1002 97 97 0 1800 798 701 0 701 0 0 0 39661630 63826 0 14657 85784 31436 26940 8150178 18178841 2692180470 2692180470 0 2503861566 0 60.109278 285 285 379905 285000 1101 728 120 160000 250000 119 158635 105910 12 16000 25000 12 16000 25000 6891
1790084573013752 10 0 0 10 10 10 0 0 0 0 0 0 1001 97 96 1 1800 799 702 0 702 0 0 0 39688564 63947 0 14694 85942 31468 26977 8150286 18196278 2700691378 2696591337 0 2505518015 0 60.108107 295 295 393235 295000 233 681 120 160000 250000 119 158635 105926 12 16000 25000 12 16000 25000 6906
1790084573013984 10 0 0 10 10 10 0 0 0 0 0 0 1001 96 96 0 1800 799 703 0 703 0 0 0 39688564 64028 0 14711 85942 31476 26980 8150406 18196278 2700691378 2700691378 0 2505518015 0 60.107984 293 293 390569 293000 704 685 120 160000 250000 118 157302 104922 12 16000 25000 12 16000 25000 6905
1790084573129494 10 0 0 10 10 10 0 0 0 0 0 0 999 97 97 0 1800 801 704 0 704 0 0 0 39803811 64113 0 14725 86041 31486 26989 8150449 18197706 2705124396 2705124396 0 2508742557 0 60.011235 296 296 394568 296000 693 687 120 160000 250000 119 158635 105933 12 16000 25000 12 16000 25000 6915
1790084573135758 10 0 0 10 10 10 0 0 0 0 0 0 998 97 97 0 1800 802 705 0 705 0 0 0 39809741 64211 0 14740 86122 31503 27000 8150556 18200411 2709351115 2709351115 0 2510374541 0 60.041195 284 284 378572 284000 132 634 120 160000 250000 119 158635 105942 12 16000 25000 12 16000 25000 6923
1790084573171923 10 0 0 10 10 10 0 0 0 0 0 0 997 97 97 0 1800 803 706 0 706 0 0 0 39845502 64312 0 14754 86225 31530 27036 8150668 18217035 2713664254 2713664254 0 2512034385 0 60.026907 287 287 382571 287000 649 636 120 160000 250000 119 158635 105950 12 16000 25000 12 16000 25000 6931
1790084573203089 10 0 0 10 10 10 0 0 0 0 0 0 996 97 97 0 1800 804 707 0 707 0 0 0 39876228 64414 0 14768 86336 31560 27075 8150797 18235860 2720188964 2720188964 0 2513326280 0 60.011422 279 279 371907 279000 183 593 120 160000 250000 119 158635 105958 12 16000 25000 12 16000 25000 6939
1790084573223982 10 0 0 10 10 10 0 0 0 0 0 0 995 97 97 0 1800 805 708 0 708 0 0 0 39896699 64520 0 14785 86448 31586 27106 8150924 18248383 2724511980 2724511980 0 2514999156 0 60.020444 284 284 378572 284000 1592 691 120 160000 250000 119 158635 105966 12 16000 25000 12 16000 25000 6947
1790084573260769 10 0 0 10 10 10 0 0 0 0 0 0 994 97 97 0 1800 806 709 0 709 0 0 0 39933037 64611 0 14798 86554 31625 27158 8151057 18271475 2731114235 2731114235 0 2516647102 0 60.005071 282 282 375906 282000 128 637 120 160000 250000 119 158635 105975 12 16000 25000 12 16000 25000 6955
1790084573281182 10 0 0 10 10 10 0 0 0 0 0 0 993 97 97 0 1800 807 710 0 710 0 0 0 39953039 64703 0 14813 86650 31651 27188 8151189 18283594 2736192850 2736192850 0 2518298106 0 60.014286 284 284 378572 284000 1421 715 120 160000 250000 119 158635 105983 12 16000 25000 12 16000 25000 6963
1790084573305163 10 0 0 10 10 10 0 0 0 0 0 0 992 97 96 1 1800 808 711 0 711 0 0 0 39976635 64793 0 14833 86760 31660 27196 8151337 18284917 2741784568 2736716476 0 2519973095 0 60.018679 292 292 389236 292000 1070 750 120 160000 250000 119 158635 105993 12 16000 25000 12 16000 25000 6972
1790084573305424 10 0 0 10 10 10 0 0 0 0 0 0 992 96 96 0 1800 808 712 0 712 0 0 0 39976635 64874 0 14848 86772 31668 27199 8151475 18284917 2741784568 2741784568 0 2519973095 0 60.018558 289 289 385237 289000 24 680 120 160000 250000 118 157302 104988 12 16000 25000 12 16000 25000 6971
1790084573345062 10 0 0 10 10 10 0 0 0 0 0 0 990 97 97 0 1800 810 713 0 713 0 0 0 40015877 64982 0 14865 86909 31697 27237 8151533 18302413 2748343152 2748343152 0 2522655277 0 60.023453 303 303 403899 303000 1182 730 120 160000 250000 119 158635 105999 12 16000 25000 12 16000 25000 6980
1790084573348990 10 0 0 10 10 10 0 0 0 0 0 0 989 97 97 0 1800 811 714 0 714 0 0 0 40019440 65085 0 14877 86993 31708 27245 8151672 18303704 2748792861 2748792861 0 2524302114 0 60.057144 320 320 426560 320000 1049 762 120 160000 250000 119 158635 106004 12 16000 25000 12 16000 25000 6984
1790084573349234 10 0 0 10 10 10 0 0 0 0 0 0 989 96 96 0 1800 811 715 0 715 0 0 0 40019440 65156 0 14890 87032 31715 27249 8151777 18303704 2755473866 2755473866 0 2524302114 0 60.057038 319 319 425227 319000 101 698 120 160000 250000 118 157302 105004 12 16000 25000 12 16000 25000 6987
1790084573424544 10 0 0 10 10 10 0 0 0 0 0 0 987 97 96 1 1800 813 716 0 716 0 0 0 40094421 65239 0 14904 87167 31725 27259 8151851 18304998 2766294669 2759776427 0 2527487883 0 60.020435 326 326 434558 326000 1726 799 120 160000 250000 119 158635 106024 12 16000 25000 12 16000 25000 7005
1790084573424767 10 0 0 10 10 10 0 0 0 0 0 0 987 96 96 0 1800 813 717 0 717 0 0 0 40094421 65314 0 14921 87167 31732 27272 8151957 18304998 2766294669 2766294669 0 2527487883 0 60.020323 301 301 401233 301000 72 729 120 160000 250000 118 157302 105021 12 16000 25000 12 16000 25000 7003
1790084573435784 10 0 0 10 10 10 0 0 0 0 0 0 985 97 97 0 1800 815 718 0 718 0 0 0 40105137 65418 0 14935 87271 31749 27290 8151997 18309511 2771418836 2771418836 0 2530732618 0 60.081189 294 294 391902 294000 102 669 120 160000 250000 119 158635 106033 12 16000 25000 12 16000 25000 7013
1790084573475140 10 0 0 10 10 10 0 0 0 0 0 0 984 97 97 0 1800 816 719 0 719 0 0 0 40143979 65524 0 14950 87411 31789 27357 8152131 18333272 2775824997 2775824997 0 2532404109 0 60.062636 291 291 387903 291000 367 640 120 160000 250000 119 158635 106041 12 16000 25000 12 16000 25000 7022
1790084573486036 10 0 0 10 10 10 0 0 0 0 0 0 983 97 97 0 1800 817 720 0 720 0 0 0 40154504 65611 0 14963 87499 31810 27375 8152266 18338750 2777535042 2777535042 0 2534083183 0 60.086602 290 290 386570 290000 819 658 120 160000 250000 119 158635 106044 12 16000 25000 12 16000 25000 7024
1790084573516350 10 0 0 10 10 10 0 0 0 0 0 0 982 97 97 0 1800 818 721 0 721 0 0 0 40184381 65706 0 14981 87605 31852 27421 8152389 18356559 2784117184 2784117184 0 2535653995 0 60.079077 289 289 385237 289000 465 640 120 160000 250000 119 158635 106052 12 16000 25000 12 16000 25000 7032
1790084573541970 10 0 0 10 10 10 0 0 0 0 0 0 981 97 97 0 1800 819 722 0 722 0 0 0 40209645 65793 0 14994 87691 31865 27433 8152525 18358704 2790740874 2790740874 0 2537316903 0 60.080637 291 291 387903 291000 273 605 120 160000 250000 119 158635 106060 12 16000 25000 12 16000 25000 7040
1790084573576574 10 0 0 10 10 10 0 0 0 0 0 0 980 97 97 0 1800 820 723 0 723 0 0 0 40243798 65906 0 15010 87795 31902 27477 8152651 18373010 2795010332 2795010332 0 2538961847 0 60.068481 292 292 389236 292000 695 615 120 160000 250000 119 158635 106068 12 16000 25000 12 16000 25000 7049
1790084573580623 10 0 0 10 10 10 0 0 0 0 0 0 979 97 97 0 1800 821 724 0 724 0 0 0 40247416 66001 0 15022 87936 31912 27485 8152807 18374158 2801681461 2801681461 0 2540634027 0 60.102507 294 294 391902 294000 942 648 120 160000 250000 119 158635 106076 12 16000 25000 12 16000 25000 7057
1790084573631173 10 0 0 10 10 10 0 0 0 0 0 0 978 97 97 0 1800 822 725 0 725 0 0 0 40297473 66101 0 15041 88056 31973 27561 8152915 18406466 2808328141 2808328141 0 2542309021 0 60.067397 296 296 394568 296000 1451 728 120 160000 250000 119 158635 106084 12 16000 25000 12 16000 25000 7065
1790084573637521 10 0 0 10 10 10 0 0 0 0 0 0 977 97 97 0 1800 823 726 0 726 0 0 0 40303429 66214 0 15080 88155 31987 27572 8153050 18409098 2812061509 2812061509 0 2543972046 0 60.097653 304 304 405232 304000 1075 763 120 160000 250000 119 158635 106091 12 16000 25000 12 16000 25000 7072
1790084573668297 10 0 0 10 10 10 0 0 0 0 0 0 976 97 97 0 1800 824 727 0 727 0 0 0 40333770 66310 0 15097 88268 32018 27619 8153172 18428040 2818743286 2818743286 0 2545567017 0 60.090027 331 331 441223 331000 688 757 120 160000 250000 119 158635 106100 12 16000 25000 12 16000 25000 7080
1790084573699126 10 0 0 10 10 10 0 0 0 0 0 0 975 97 97 0 1800 825 728 0 728 0 0 0 40364182 66417 0 15117 88355 32046 27652 8153311 18440606 2822259686 2822259686 0 2547220913 0 60.083680 333 333 443889 333000 1012 783 120 160000 250000 119 158635 106106 12 16000 25000 12 16000 25000 7087
1790084573711570 10 0 0 10 10 10 0 0 0 0 0 0 974 97 97 0 1800 826 729 0 729 0 0 0 40376236 66511 0 15134 88453 32064 27673 8153442 18447579 2825554162 2825554162 0 2548846035 0 60.103954 348 348 463884 348000 869 793 120 160000 250000 119 158635 106113 12 16000 25000 12 16000 25000 7093
1790084573738239 10 0 0 10 10 10 0 0 0 0 0 0 973 97 97 0 1800 827 730 0 730 0 0 0 40402479 66605 0 15149 88566 32091 27711 8153572 18464298 2826301116 2826301116 0 2550474007 0 60.103203 331 331 441223 331000 101 727 120 160000 250000 119 158635 106113 12 16000 25000 12 16000 25000 7094
1790084573783094 10 0 0 10 10 10 0 0 0 0 0 0 972 97 95 2 1800 828 731 0 731 0 0 0 40446901 66694 0 15165 88704 32102 27720 8153735 18465738 2835945116 2832894115 0 2552143374 0 60.076465 326 326 434558 326000 182 675 120 160000 250000 119 158635 106130 12 16000 25000 12 16000 25000 7108
1790084573783315 10 0 0 10 10 10 0 0 0 0 0 0 972 96 95 1 1800 828 732 0 732 0 0 0 40446901 66775 0 15185 88704 32109 27723 8153846 18465738 2835945116 2834562654 0 2552143374 0 60.076345 308 308 410564 308000 138 624 120 160000 250000 118 157302 105125 12 16000 25000 12 16000 25000 7106
1790084573783476 10 0 0 10 10 10 0 0 0 0 0 0 972 95 95 0 1800 828 733 0 733 0 0 0 40446901 66868 0 15205 88704 32117 27726 8153887 18465738 2835945116 2835945116 0 2552143374 0 60.076207 294 294 391902 294000 33 567 120 160000 250000 117 155969 104120 12 16000 25000 12 16000 25000 7105
1790084573848674 10 0 0 10 10 10 0 0 0 0 0 0 969 97 97 0 1800 831 734 0 734 0 0 0 40511758 66966 0 15224 88847 32136 27746 8153928 18472583 2840305266 2840305266 0 2557024889 0 60.094767 279 279 371907 279000 54 518 120 160000 250000 119 158635 106137 12 16000 25000 12 16000 25000 7116
1790084573953485 10 0 0 10 10 10 0 0 0 0 0 0 968 97 97 0 1800 832 735 0 735 0 0 0 40615963 67075 0 15249 89013 32193 27849 8154068 18521336 2843875569 2843875569 0 2558614459 0 59.977942 284 284 378572 284000 743 541 120 160000 250000 119 158635 106143 12 16000 25000 12 16000 25000 7123
1790084574096785 10 0 0 10 10 10 0 0 0 0 0 0 967 97 97 0 1800 833 736 0 736 0 0 0 40758477 67183 0 15268 89188 32304 28053 8154208 18615365 2848158006 2848158006 0 2560216756 0 59.805842 286 286 381238 286000 826 570 120 160000 250000 119 158635 106151 12 16000 25000 12 16000 25000 7131
1790084574102866 10 0 0 10 10 10 0 0 0 0 0 0 966 97 97 0 1800 834 737 0 737 0 0 0 40764207 67272 0 15286 89259 32313 28061 8154362 18616743 2848544879 2848544879 0 2561829940 0 59.834997 275 275 366575 275000 169 531 120 160000 250000 119 158635 106151 12 16000 25000 12 16000 25000 7131
1790084574115799 10 0 0 10 10 10 0 0 0 0 0 0 965 97 97 0 1800 835 738 0 738 0 0 0 40776782 67368 0 15301 89355 32330 28078 8154473 18621975 2853649721 2853649721 0 2563165812 0 59.847626 280 280 373240 280000 114 492 120 160000 250000 119 158635 106158 12 16000 25000 12 16000 25000 7139
1790084574157656 10 0 1 9 10 10 0 0 0 0 0 0 964 97 97 0 1800 836 739 0 739 0 0 0 40818103 67495 0 15315 89453 32417 28136 8154609 18647291 2867544418 2867544418 0 2564781666 0 59.824645 282 282 375906 282000 104 455 120 160000 250000 108 143968 105162 12 16000 25000 12 16000 25000 7141
1790084574181306 10 0 0 10 10 10 0 0 0 0 0 0 963 97 97 0 1800 837 740 0 740 0 0 0 40841339 67588 0 15331 89554 32442 28171 8154748 18662447 2872660034 2872660034 0 2564781666 0 59.790529 291 357 475008 296939 1269 535 120 160000 250000 119 158635 106166 12 16000 25000 12 16000 25000 7147
1790084574207153 10 0 0 10 10 10 0 0 0 0 0 0 962 97 97 0 1800 838 741 0 741 0 0 0 40866684 67690 0 15348 89657 32471 28207 8154957 18677484 2878111822 2878111822 0 2566428098 0 59.791718 291 357 475008 296939 948 576 120 160000 250000 119 158635 106174 12 16000 25000 12 16000 25000 7156
1790084574212602 10 0 0 10 10 10 0 0 0 0 0 0 961 97 97 0 1800 839 742 0 742 0 0 0 40871808 67773 0 15360 89730 32480 28215 8155087 18678779 2882391547 2882391547 0 2568084213 0 59.822692 299 367 488066 305103 1155 633 120 160000 250000 119 158635 106183 12 16000 25000 12 16000 25000 7164
1790084574241524 10 0 0 10 10 10 0 0 0 0 0 0 960 97 97 0 1800 840 743 0 743 0 0 0 40900321 67872 0 15378 89841 32506 28253 8155198 18695808 2884099570 2884099570 0 2569377791 0 59.811025 298 365 486434 304082 1079 678 120 160000 250000 119 158635 106186 12 16000 25000 12 16000 25000 7167
1790084574256832 10 0 0 10 10 10 0 0 0 0 0 0 959 97 97 0 1800 841 744 0 744 0 0 0 40915303 67955 0 15391 89915 32515 28262 8155326 18697070 2888488539 2888488539 0 2571017427 0 59.827193 292 358 476640 297960 475 659 120 160000 250000 119 158635 106194 12 16000 25000 12 16000 25000 7175
1790084574282390 10 0 0 10 10 10 0 0 0 0 0 0 958 97 97 0 1800 842 745 0 745 0 0 0 40940431 68046 0 15405 90034 32549 28297 8155444 18711372 2892853026 2892853026 0 2572671193 0 59.828860 281 345 458684 286735 100 606 120 160000 250000 119 158635 106202 12 16000 25000 12 16000 25000 7183
1790084574407402 10 0 0 10 10 10 0 0 0 0 0 0 957 97 97 0 1800 843 746 0 746 0 0 0 41064699 68160 0 15429 90181 32667 28467 8155577 18789895 2897208009 2897208009 0 2574256584 0 59.684701 285 349 465214 290817 953 641 120 160000 250000 119 158635 106211 12 16000 25000 12 16000 25000 7191
1790084574563034 10 0 0 10 10 10 0 0 0 0 0 0 956 97 97 0 1800 844 747 0 747 0 0 0 41219508 68266 0 15448 90350 32813 28668 8155723 18881320 2903806127 2903806127 0 2575599174 0 59.491771 292 358 476640 297960 182 598 120 160000 250000 119 158635 106218 12 16000 25000 12 16000 25000 7199
1790084574668797 10 0 0 10 10 10 0 0 0 0 0 0 955 97 97 0 1800 845 748 0 748 0 0 0 41324587 68372 0 15467 90493 32909 28814 8155868 18946702 2904632514 2904632514 0 2577311846 0 59.380053 291 357 475008 296939 476 587 120 160000 250000 119 158635 106220 12 16000 25000 12 16000 25000 7200
1790084574725024 10 0 0 10 10 10 0 0 0 0 0 0 954 97 97 0 1800 846 749 0 749 0 0 0 41380262 68472 0 15485 90632 32964 28899 8156012 18980731 2909958935 2909958935 0 2578899431 0 59.336677 280 343 457052 285715 34 534 120 160000 250000 119 158635 106227 12 16000 25000 12 16000 25000 7208
1790084574738194 10 0 1 9 10 10 0 0 0 0 0 0 953 97 97 0 1800 847 750 0 750 0 0 0 41392983 68572 0 15497 90713 33042 28919 8156159 18987522 2925034863 2925034863 0 2580551520 0 59.356329 281 345 458684 286735 1317 612 120 160000 250000 108 143968 105231 12 16000 25000 12 16000 25000 7210
1790084574774348 10 0 0 10 10 10 0 0 0 0 0 0 952 97 97 0 1800 848 751 0 751 0 0 0 41428690 68671 0 15519 90801 33084 28972 8156298 19009869 2931748961 2931748961 0 2580551520 0 59.305114 295 428 569838 307041 791 630 120 160000 250000 119 158635 106235 12 16000 25000 12 16000 25000 7217
1790084574837180 10 0 0 10 10 10 0 0 0 0 0 0 951 97 97 0 1800 849 752 0 752 0 0 0 41490984 68776 0 15537 90958 33140 29064 8156392 19047449 2938352834 2938352834 0 2582149882 0 59.252749 295 428 569838 307041 461 614 120 160000 250000 119 158635 106244 12 16000 25000 12 16000 25000 7225
1790084574883919 10 0 0 10 10 10 0 0 0 0 0 0 950 97 97 0 1800 850 753 0 753 0 0 0 41537265 68874 0 15555 91072 33171 29105 8156535 19062784 2942734078 2942734078 0 2583744895 0 59.223259 298 432 575633 310164 1121 665 120 160000 250000 119 158635 106250 12 16000 25000 12 16000 25000 7232
1790084574915450 10 0 0 10 10 10 0 0 0 0 0 0 949 97 97 0 1800 851 754 0 754 0 0 0 41568355 68976 0 15571 91168 33209 29139 8156676 19074673 2947028260 2947028260 0 2585390822 0 59.216592 309 448 596881 321613 1302 728 120 160000 250000 119 158635 106257 12 16000 25000 12 16000 25000 7238
1790084574967697 10 0 1 9 10 10 0 0 0 0 0 0 948 97 97 0 1800 852 755 0 755 0 0 0 41620106 69067 0 15572 91272 33265 29220 8156813 19105375 2947833285 2947833285 0 2586741360 0 59.173848 306 444 591086 318490 292 687 120 160000 250000 108 143968 105260 12 16000 25000 12 16000 25000 7240
1790084575066626 10 0 0 10 10 10 0 0 0 0 0 0 947 97 97 0 1800 853 756 0 756 0 0 0 41718373 69168 0 15590 91409 33352 29379 8156948 19167375 2952880245 2952880245 0 2586741360 0 59.034553 309 518 689373 327919 174 638 120 160000 250000 119 158635 106265 12 16000 25000 12 16000 25000 7246
1790084575111300 10 0 0 10 10 10 0 0 0 0 0 0 946 97 97 0 1800 854 757 0 757 0 0 0 41762552 69271 0 15605 91522 33389 29431 8157106 19187358 2957924682 2957924682 0 2588335312 0 59.008399 307 514 684911 325796 1052 679 120 160000 250000 119 158635 106273 12 16000 25000 12 16000 25000 7254
1790084575116692 10 0 0 10 10 10 0 0 0 0 0 0 945 97 97 0 1800 855 758 0 758 0 0 0 41767579 69355 0 15619 91613 33401 29440 8157253 19189480 2963026794 2963026794 0 2589930238 0 59.037547 316 529 704990 335347 371 650 120 160000 250000 119 158635 106281 12 16000 25000 12 16000 25000 7262
1790084575147723 10 0 0 10 10 10 0 0 0 0 0 0 944 97 97 0 1800 856 759 0 759 0 0 0 41798186 69445 0 15636 91720 33434 29490 8157368 19207738 2969678593 2969678593 0 2591599869 0 59.032292 310 519 691604 328980 352 622 120 160000 250000 119 158635 106289 12 16000 25000 12 16000 25000 7270
1790084575220590 10 0 0 10 10 10 0 0 0 0 0 0 943 97 97 0 1800 857 760 0 760 0 0 0 41870483 69555 0 15652 91856 33491 29589 8157491 19246430 2974062285 2974062285 0 2593200105 0 58.966764 290 486 646985 307756 105 573 120 160000 250000 119 158635 106298 12 16000 25000 12 16000 25000 7279
1790084575289848 10 0 0 10 10 10 0 0 0 0 0 0 942 97 97 0 1800 858 761 0 761 0 0 0 41939127 69663 0 15669 91996 33567 29697 8157627 19288533 2976044977 2976044977 0 2594557943 0 58.901084 301 504 671525 319429 1044 620 120 160000 250000 119 158635 106300 12 16000 25000 12 16000 25000 7281
1790084575334185 10 0 0 10 10 10 0 0 0 0 0 0 941 97 97 0 1800 859 762 0 762 0 0 0 41982909 69770 0 15683 92145 33610 29765 8157776 19314709 2980406442 2980406442 0 2596227431 0 58.877472 290 486 646985 307756 79 568 120 160000 250000 119 158635 106308 12 16000 25000 12 16000 25000 7290
1790084575367201 10 0 1 9 10 10 0 0 0 0 0 0 940 97 97 0 1800 860 763 0 763 0 0 0 42015466 69858 0 15684 92238 33654 29820 8157928 19333857 2981029681 2981029681 0 2597578066 0 58.862407 288 482 642523 305633 973 609 120 160000 250000 108 143968 105311 12 16000 25000 12 16000 25000 7291
1790084575495272 10 0 0 10 10 10 0 0 0 0 0 0 939 97 97 0 1800 861 764 0 764 0 0 0 42142656 69966 0 15706 92425 33771 30061 8158103 19415943 2985981899 2985981899 0 2597578066 0 58.684900 287 545 726198 310429 114 562 120 160000 250000 119 158635 106315 12 16000 25000 12 16000 25000 7297
1790084575513430 10 0 0 10 10 10 0 0 0 0 0 0 938 97 97 0 1800 862 765 0 765 0 0 0 42160363 70079 0 15720 92545 33793 30093 8158239 19426378 2990322116 2990322116 0 2599158069 0 58.695817 278 528 703426 300694 194 527 120 160000 250000 119 158635 106323 12 16000 25000 12 16000 25000 7306
1790084575542689 10 0 0 10 10 10 0 0 0 0 0 0 937 97 97 0 1800 863 766 0 766 0 0 0 42189211 70169 0 15735 92652 33815 30130 8158370 19437597 2990965666 2990965666 0 2600799005 0 58.692655 287 545 726198 310429 130 490 120 160000 250000 119 158635 106324 12 16000 25000 12 16000 25000 7306
1790084575581305 10 0 0 10 10 10 0 0 0 0 0 0 936 97 97 0 1800 864 767 0 767 0 0 0 42227342 70269 0 15748 92752 33868 30195 8158506 19461250 2996292964 2996292964 0 2602433124 0 58.676449 298 566 754032 322327 46 447 120 160000 250000 119 158635 106332 12 16000 25000 12 16000 25000 7314
1790084575646888 10 0 0 10 10 10 0 0 0 0 0 0 935 97 97 0 1800 865 768 0 768 0 0 0 42292375 70359 0 15763 92882 33916 30281 8158665 19488860 3001379276 3001379276 0 2604072594 0 58.623156 299 568 756562 323409 398 443 120 160000 250000 119 158635 106341 12 16000 25000 12 16000 25000 7322
1790084575717132 10 0 0 10 10 10 0 0 0 0 0 0 934 97 97 0 1800 866 769 0 769 0 0 0 42362037 70450 0 15779 93021 33995 30394 8158791 19525671 3003664052 3003664052 0 2605676612 0 58.562838 300 570 759092 324490 1006 499 120 160000 250000 119 158635 106343 12 16000 25000 12 16000 25000 7325
1790084575733042 10 0 0 10 10 10 0 0 0 0 0 0 933 97 97 0 1800 867 770 0 770 0 0 0 42377531 70558 0 15795 93119 34022 30427 8158918 19534442 3010210888 3010210888 0 2607318685 0 58.578205 300 570 759092 324490 435 493 120 160000 250000 119 158635 106351 12 16000 25000 12 16000 25000 7333
1790084575776354 10 0 0 10 10 10 0 0 0 0 0 0 932 97 97 0 1800 868 771 0 771 0 0 0 42420549 70646 0 15807 93174 34031 30434 8159033 19535423 3014544503 3014544503 0 2608627540 0 58.548155 300 570 759092 324490 262 471 120 160000 250000 119 158635 106356 12 16000 25000 12 16000 25000 7340
1790084575957334 10 0 0 10 10 10 0 0 0 0 0 0 931 97 97 0 1800 869 772 0 772 0 0 0 42600512 70745 0 15823 93377 34244 30740 8159150 19641137 3017235559 3017235559 0 2610277028 0 58.337962 294 558 743910 318000 281 453 120 160000 250000 119 158635 106361 12 16000 25000 12 16000 25000 7343
1790084575976720 10 0 0 10 10 10 0 0 0 0 0 0 930 97 97 0 1800 870 773 0 773 0 0 0 42619478 70835 0 15836 93479 34274 30778 8159283 19651911 3022711013 3022711013 0 2611964859 0 58.349626 292 555 738850 315837 563 465 120 160000 250000 119 158635 106369 12 16000 25000 12 16000 25000 7351
1790084576019460 10 0 0 10 10 10 0 0 0 0 0 0 929 97 97 0 1800 871 774 0 774 0 0 0 42661902 70926 0 15851 93542 34284 30787 8159402 19652777 3023600324 3023600324 0 2613583657 0 58.327701 291 553 736320 314756 1488 566 120 160000 250000 119 158635 106370 12 16000 25000 12 16000 25000 7352
1790084576082644 10 0 0 10 10 10 0 0 0 0 0 0 928 97 97 0 1800 872 775 0 775 0 0 0 42724804 71017 0 15871 93591 34294 30795 8159505 19653653 3027207030 3027207030 0 2615236077 0 58.278669 281 534 711017 303939 71 519 120 160000 250000 119 158635 106374 12 16000 25000 12 16000 25000 7358
1790084576105499 10 0 0 10 10 10 0 0 0 0 0 0 927 97 96 1 1800 873 776 0 776 0 0 0 42747317 71101 0 15886 93707 34303 30805 8159609 19654491 3035080047 3028436115 0 2616832824 0 58.283476 268 509 678123 289878 83 478 120 160000 250000 118 157302 106385 12 16000 25000 12 16000 25000 7368
1790084576105694 10 0 0 10 10 10 0 0 0 0 0 0 927 96 96 0 1800 873 777 0 777 0 0 0 42747317 71173 0 15900 93707 34312 30808 8159703 19654491 3035080047 3035080047 0 2616832824 0 58.283378 251 477 635107 271490 33 435 120 160000 250000 118 157302 105384 12 16000 25000 12 16000 25000 7366
1790084576237492 10 0 0 10 10 10 0 0 0 0 0 0 925 97 97 0 1800 875 778 0 778 0 0 0 42878289 71285 0 15918 93919 34489 31036 8159743 19725540 3039441773 3039441773 0 2619854851 0 58.172598 253 481 640168 273654 627 455 120 160000 250000 119 158635 106395 12 16000 25000 12 16000 25000 7376
1790084576261850 10 0 0 10 10 10 0 0 0 0 0 0 924 97 97 0 1800 876 779 0 779 0 0 0 42902279 71383 0 15932 94004 34501 31048 8159885 19727079 3043771657 3043771657 0 2621516886 0 58.176874 260 494 657880 281225 305 441 120 160000 250000 119 158635 106402 12 16000 25000 12 16000 25000 7384
1790084576287307 10 0 0 10 10 10 0 0 0 0 0 0 923 97 97 0 1800 877 780 0 780 0 0 0 42927309 71473 0 15947 94114 34536 31099 8159998 19740830 3048176184 3048176184 0 2623081762 0 58.177595 264 502 668001 285552 979 494 120 160000 250000 119 158635 106411 12 16000 25000 12 16000 25000 7392
1790084576390671 10 0 0 10 10 10 0 0 0 0 0 0 922 97 95 2 1800 878 781 0 781 0 0 0 43030298 71556 0 15961 94253 34545 31106 8160114 19741633 3061972427 3052576990 0 2624677203 0 58.073772 275 522 695835 297449 658 511 120 160000 250000 119 158635 106439 12 16000 25000 12 16000 25000 7416
1790084576390873 10 0 0 10 10 10 0 0 0 0 0 0 922 96 95 1 1800 878 782 0 782 0 0 0 43030298 71631 0 15976 94253 34553 31109 8160213 19741633 3061972427 3056919690 0 2624677203 0 58.073671 289 549 731259 312592 193 481 120 160000 250000 118 157302 105434 12 16000 25000 12 16000 25000 7415
1790084576391019 10 0 0 10 10 10 0 0 0 0 0 0 922 95 95 0 1800 878 783 0 783 0 0 0 43030298 71704 0 15991 94253 34570 31112 8160251 19741633 3061972427 3061972427 0 2624677203 0 58.073572 275 522 695835 297449 59 440 120 160000 250000 117 155969 104429 12 16000 25000 12 16000 25000 7413
1790084576436855 10 0 0 10 10 10 0 0 0 0 0 0 919 97 97 0 1800 881 784 0 784 0 0 0 43075892 71786 0 16003 94339 34579 31121 8160290 19742429 3066360225 3066360225 0 2629606130 0 58.121038 245 465 619925 265000 48 403 120 160000 250000 119 158635 106441 12 16000 25000 12 16000 25000 7424
1790084576461182 10 0 0 10 10 10 0 0 0 0 0 0 918 97 97 0 1800 882 785 0 785 0 0 0 43099791 71880 0 16020 94450 34612 31173 8160397 19754783 3071612402 3071612402 0 2631234878 0 58.124716 241 458 609804 260674 181 382 120 160000 250000 119 158635 106452 12 16000 25000 12 16000 25000 7432
1790084576478962 10 0 0 10 10 10 0 0 0 0 0 0 918 96 96 0 1800 882 786 0 786 0 0 0 43117201 71961 0 16033 94530 34640 31210 8160516 19764559 3075870325 3075870325 0 2631234878 0 58.101176 248 471 627516 268245 1135 456 120 160000 250000 118 157302 105456 12 16000 25000 12 16000 25000 7439
1790084576480416 10 0 0 10 10 10 0 0 0 0 0 0 918 95 94 1 1800 882 787 0 787 0 0 0 43118387 72043 0 16045 94621 34648 31216 8160579 19765220 3084666504 3079364080 0 2631234878 0 58.099471 252 479 637638 272572 1303 540 120 160000 250000 117 155969 104471 12 16000 25000 12 16000 25000 7452
1790084576480585 10 0 0 10 10 10 0 0 0 0 0 0 918 94 94 0 1800 882 788 0 788 0 0 0 43118387 72129 0 16062 94621 34656 31219 8160627 19765220 3084666504 3084666504 0 2631234878 0 58.099355 252 479 637638 272572 82 497 120 160000 250000 116 154636 103466 12 16000 25000 12 16000 25000 7451
1790084576492450 10 0 0 10 10 10 0 0 0 0 0 0 918 93 93 0 1800 882 789 0 789 0 0 0 43129972 72214 0 16075 94686 34679 31249 8160688 19771690 3085658047 3085658047 0 2631234878 0 58.083661 244 409 544360 258939 1695 614 120 160000 250000 115 153303 102466 12 16000 25000 12 16000 25000 7450
1790084576529928 10 0 0 10 10 10 0 0 0 0 0 0 918 92 92 0 1800 882 790 0 790 0 0 0 43167060 72306 0 16088 94764 34732 31332 8160743 19792425 3090056990 3090056990 0 2631234878 0 58.033717 240 402 535436 254694 207 575 120 160000 250000 114 151970 101473 12 16000 25000 12 16000 25000 7457
1790084576539553 10 0 0 10 10 10 0 0 0 0 0 0 918 91 91 0 1800 882 791 0 791 0 0 0 43176386 72392 0 16108 94832 34748 31353 8160830 19797632 3093276620 3093276620 0 2631234878 0 58.021087 239 400 533205 253633 955 613 120 160000 250000 113 150637 100476 12 16000 25000 12 16000 25000 7462
1790084576554927 10 0 0 10 10 10 0 0 0 0 0 0 918 90 90 0 1800 882 792 0 792 0 0 0 43191473 72471 0 16122 94901 34773 31387 8160887 19806044 3098559540 3098559540 0 2631234878 0 58.000748 235 394 524281 249388 262 580 120 160000 250000 112 149304 99482 12 16000 25000 12 16000 25000 7468
1790084576591257 10 0 0 10 10 10 0 0 0 0 0 0 918 89 89 0 1800 882 793 0 793 0 0 0 43227422 72560 0 16136 94984 34819 31462 8160943 19826068 3103510580 3103510580 0 2631234878 0 57.952475 239 400 533205 253633 1390 660 120 160000 250000 111 147971 98488 12 16000 25000 12 16000 25000 7475
1790084576631230 10 0 0 10 10 10 0 0 0 0 0 0 918 88 88 0 1800 882 794 0 794 0 0 0 43266993 72654 0 16152 95063 34872 31544 8161005 19848078 3107570393 3107570393 0 2631234878 0 57.899436 251 421 559976 266368 1195 713 120 160000 250000 110 146638 97492 12 16000 25000 12 16000 25000 7480
1790084576637400 10 0 0 10 10 10 0 0 0 0 0 0 918 87 87 0 1800 882 795 0 795 0 0 0 43272890 72737 0 16165 95127 34886 31559 8161078 19851348 3111918646 3111918646 0 2631234878 0 57.891448 246 412 548821 261062 177 662 120 160000 250000 109 145305 96497 12 16000 25000 12 16000 25000 7485
1790084576696333 10 0 0 10 10 10 0 0 0 0 0 0 918 86 86 0 1800 882 796 0 796 0 0 0 43331339 72831 0 16181 95236 34954 31675 8161138 19883920 3115438220 3115438220 0 2631234878 0 57.813365 252 422 562207 267429 1608 755 120 160000 250000 108 143972 95500 12 16000 25000 12 16000 25000 7491
1790084576703703 10 0 0 10 10 10 0 0 0 0 0 0 918 85 85 0 1800 882 797 0 797 0 0 0 43338431 72913 0 16195 95299 34973 31693 8161216 19887857 3120540182 3120540182 0 2631234878 0 57.803811 251 421 559976 266368 857 766 120 160000 250000 107 142639 94506 12 16000 25000 12 16000 25000 7497
1790084576773436 10 0 0 10 10 10 0 0 0 0 0 0 918 84 84 0 1800 882 798 0 798 0 0 0 43407592 73021 0 16211 95430 35065 31836 8161272 19926357 3124911758 3124911758 0 2631234878 0 57.711724 259 434 577824 274858 367 728 120 160000 250000 106 141306 93513 12 16000 25000 12 16000 25000 7504
1790084576783208 10 0 0 10 10 10 0 0 0 0 0 0 918 83 83 0 1800 882 799 0 799 0 0 0 43417054 73116 0 16225 95500 35086 31859 8161353 19931595 3125428597 3125428597 0 2631234878 0 57.699041 253 424 564438 268490 197 677 120 160000 250000 105 139973 92512 12 16000 25000 12 16000 25000 7503
1790084576799964 10 0 0 10 10 10 0 0 0 0 0 0 918 82 82 0 1800 882 800 0 800 0 0 0 43433509 73197 0 16241 95574 35113 31894 8161414 19940735 3130695841 3130695841 0 2631234878 0 57.677111 240 348 463597 249796 141 626 120 160000 250000 104 138640 91519 12 16000 25000 12 16000 25000 7509
1790084576985743 10 0 0 10 10 10 0 0 0 0 0 0 918 81 81 0 1800 882 801 0 801 0 0 0 43618265 73315 0 16257 95750 35331 32276 8161475 20043269 3136063971 3136063971 0 2631234878 0 57.433060 242 351 467461 251878 1828 745 120 160000 250000 103 137307 90525 12 16000 25000 12 16000 25000 7516
1790084577013321 10 0 0 10 10 10 0 0 0 0 0 0 918 80 80 0 1800 882 802 0 802 0 0 0 43645425 73401 0 16274 95833 35367 32334 8161603 20058347 3141234996 3141234996 0 2631234878 0 57.397267 241 350 465529 250837 1912 860 120 160000 250000 102 135974 89532 12 16000 25000 12 16000 25000 7523
1790084577026692 10 0 0 10 10 10 0 0 0 0 0 0 918 79 79 0 1800 882 803 0 803 0 0 0 43658490 73478 0 16287 95902 35394 32365 8161673 20065604 3143145439 3143145439 0 2631234878 0 57.380018 242 351 467461 251878 1383 912 120 160000 250000 101 134641 88533 12 16000 25000 12 16000 25000 7524
1790084577235011 10 0 0 10 10 10 0 0 0 0 0 0 918 78 78 0 1800 882 804 0 804 0 0 0 43865713 73589 0 16306 96066 35633 32790 8161732 20180619 3147320661 3147320661 0 2631234878 0 57.109262 242 351 467461 251878 478 871 120 160000 250000 100 133308 87538 12 16000 25000 12 16000 25000 7529
1790084577246069 10 0 0 10 10 10 0 0 0 0 0 0 918 77 77 0 1800 882 805 0 805 0 0 0 43876421 73677 0 16321 96139 35655 32814 8161853 20186550 3152357399 3152357399 0 2631234878 0 57.095234 235 288 383597 239796 93 796 120 160000 250000 99 131975 86545 12 16000 25000 12 16000 25000 7536
1790084577325817 10 0 0 10 10 10 0 0 0 0 0 0 918 76 76 0 1800 882 806 0 806 0 0 0 43955545 73779 0 16337 96286 35743 32977 8161923 20230283 3157757008 3157757008 0 2631234878 0 56.992497 234 287 381965 238776 966 814 120 160000 250000 98 130642 85546 12 16000 25000 12 16000 25000 7541
1790084577343988 10 0 0 10 10 10 0 0 0 0 0 0 918 75 75 0 1800 882 807 0 807 0 0 0 43973364 73868 0 16351 96362 35786 33013 8162003 20240107 3162763619 3162763619 0 2631234878 0 56.969326 227 278 370539 231633 125 748 120 160000 250000 97 129309 84553 12 16000 25000 12 16000 25000 7547
1790084577401397 10 0 1 9 10 10 0 0 0 0 0 0 918 74 74 0 1800 882 808 0 808 0 0 0 44030226 73969 0 16372 96446 35925 33129 8162069 20271487 3165182794 3165182794 0 2631234878 0 56.895747 229 281 373803 233674 1105 783 120 160000 250000 85 113309 83945 12 16000 25000 12 16000 25000 8939
1790084577409025 10 0 0 10 10 10 0 0 0 0 0 0 917 74 74 0 1800 883 809 0 809 0 0 0 44037558 74048 0 16385 96516 35950 33147 8162150 20275448 3171996590 3171996590 0 2631234878 0 56.886188 238 345 459734 247715 178 725 120 160000 250000 96 127976 84952 12 16000 25000 12 16000 25000 8946
1790084577417849 10 0 0 10 10 10 0 0 0 0 0 0 917 73 73 0 1800 883 810 0 810 0 0 0 44045913 74139 0 16399 96585 35968 33168 8162399 20280041 3176280351 3176280351 0 2631234878 0 56.875298 232 337 448144 241470 195 674 120 160000 250000 95 126643 83959 12 16000 25000 12 16000 25000 8952
1790084577428826 10 0 0 10 10 10 0 0 0 0 0 0 917 72 72 0 1800 883 811 0 811 0 0 0 44056619 74223 0 16413 96649 35987 33194 8162459 20285934 3180579992 3180579992 0 2631234878 0 56.861392 241 350 465529 250837 1181 725 120 160000 250000 94 125310 82966 12 16000 25000 12 16000 25000 8959
1790084577435107 10 0 0 10 10 10 0 0 0 0 0 0 917 71 71 0 1800 883 812 0 812 0 0 0 44062640 74302 0 16426 96710 36012 33209 8162518 20289240 3185608316 3185608316 0 2631234878 0 56.853534 223 324 430759 232103 59 661 120 160000 250000 93 123977 81972 12 16000 25000 12 16000 25000 8965
1790084577471192 10 0 0 10 10 10 0 0 0 0 0 0 917 70 70 0 1800 883 813 0 813 0 0 0 44098328 74392 0 16441 96793 36062 33284 8162588 20308871 3189930373 3189930373 0 2631234878 0 56.807485 228 280 372171 232654 1536 747 120 160000 250000 92 122644 80978 12 16000 25000 12 16000 25000 8972
1790084577483457 10 0 0 10 10 10 0 0 0 0 0 0 917 69 69 0 1800 883 814 0 814 0 0 0 44110302 74476 0 16455 96857 36087 33311 8162656 20315454 3194103687 3194103687 0 2631234878 0 56.791982 231 283 377068 235715 342 708 120 160000 250000 91 121311 79984 12 16000 25000 12 16000 25000 8977
1790084577556729 10 0 0 10 10 10 0 0 0 0 0 0 917 68 68 0 1800 883 815 0 815 0 0 0 44183031 74581 0 16469 96952 36178 33461 8162718 20355420 3198431372 3198431372 0 2631234878 0 56.698521 239 293 390127 243878 1070 745 120 160000 250000 90 119978 78991 12 16000 25000 12 16000 25000 8984
1790084577562982 10 0 0 10 10 10 0 0 0 0 0 0 917 67 67 0 1800 883 816 0 816 0 0 0 44189015 74659 0 16482 97024 36190 33475 8162789 20358694 3201884884 3201884884 0 2631234878 0 56.690756 246 302 401553 251021 1001 771 120 160000 250000 89 118645 77996 12 16000 25000 12 16000 25000 8989
1790084577606266 10 0 1 9 10 10 0 0 0 0 0 0 917 66 66 0 1800 883 817 0 817 0 0 0 44231911 74744 0 16483 97094 36245 33563 8162847 20382219 3202083032 3202083032 0 2631234878 0 56.635761 246 302 401553 251021 633 759 120 160000 250000 77 102645 75996 12 16000 25000 12 16000 25000 8990
1790084577636679 10 0 0 10 10 10 0 0 0 0 0 0 916 66 66 0 1800 884 818 0 818 0 0 0 44261936 74837 0 16497 97191 36282 33620 8162917 20398566 3207504236 3207504236 0 2631234878 0 56.597288 239 347 461666 248756 31 689 120 160000 250000 88 117312 77001 12 16000 25000 12 16000 25000 8995
1790084577662170 10 0 0 10 10 10 0 0 0 0 0 0 916 65 65 0 1800 884 819 0 819 0 0 0 44287040 74927 0 16510 97268 36324 33673 8163014 20412323 3211740767 3211740767 0 2631234878 0 56.565146 243 353 469392 252919 1221 742 120 160000 250000 87 115979 76007 12 16000 25000 12 16000 25000 9001
1790084577670829 10 0 0 10 10 10 0 0 0 0 0 0 916 64 64 0 1800 884 820 0 820 0 0 0 44295425 75007 0 16524 97338 36344 33691 8163080 20416914 3215194096 3215194096 0 2631234878 0 56.554354 244 354 471324 253960 306 701 120 160000 250000 86 114646 75012 12 16000 25000 12 16000 25000 9007
1790084577719099 10 0 0 10 10 10 0 0 0 0 0 0 916 63 63 0 1800 884 821 0 821 0 0 0 44343248 75105 0 16538 97443 36403 33784 8163136 20443055 3219432936 3219432936 0 2631234878 0 56.493340 246 357 475187 256041 927 724 120 160000 250000 85 113313 74019 12 16000 25000 12 16000 25000 9013
1790084577799754 10 0 0 10 10 10 0 0 0 0 0 0 916 62 62 0 1800 884 822 0 822 0 0 0 44423308 75197 0 16554 97578 36493 33943 8163213 20486797 3221441156 3221441156 0 2631234878 0 56.391583 248 360 479050 258123 969 749 120 160000 250000 84 111980 73020 12 16000 25000 12 16000 25000 9015
1790084577824095 10 0 0 10 10 10 0 0 0 0 0 0 916 61 61 0 1800 884 823 0 823 0 0 0 44447280 75282 0 16570 97658 36529 33993 8163302 20499874 3227025148 3227025148 0 2631234878 0 56.361112 241 350 465529 250837 141 691 120 160000 250000 83 110647 72023 12 16000 25000 12 16000 25000 9020
1790084577843608 10 0 0 10 10 10 0 0 0 0 0 0 916 60 60 0 1800 884 824 0 824 0 0 0 44466461 75381 0 16584 97729 36557 34032 8163369 20510331 3231439578 3231439578 0 2631234878 0 56.336716 248 360 479050 258123 767 699 120 160000 250000 82 109314 71030 12 16000 25000 12 16000 25000 9026
1790084577877604 10 0 0 10 10 10 0 0 0 0 0 0 916 59 59 0 1800 884 825 0 825 0 0 0 44500074 75475 0 16599 97804 36605 34103 8163433 20528616 3235735949 3235735949 0 2631234878 0 56.294116 262 380 506094 272694 1250 754 120 160000 250000 81 107981 70036 12 16000 25000 12 16000 25000 9033
1790084577910447 10 0 0 10 10 10 0 0 0 0 0 0 916 58 58 0 1800 884 826 0 826 0 0 0 44532529 75566 0 16615 97894 36646 34167 8163501 20546264 3239389470 3239389470 0 2631234878 0 56.253044 278 403 537000 289347 1103 789 120 160000 250000 80 106648 69042 12 16000 25000 12 16000 25000 9039
1790084577933723 10 0 0 10 10 10 0 0 0 0 0 0 916 57 57 0 1800 884 827 0 827 0 0 0 44555372 75649 0 16631 97995 36680 34216 8163640 20558683 3240931899 3240931899 0 2631234878 0 56.224148 273 396 527342 284143 255 714 120 160000 250000 79 105315 68043 12 16000 25000 12 16000 25000 9040
1790084577942472 10 0 0 10 10 10 0 0 0 0 0 0 916 56 56 0 1800 884 828 0 828 0 0 0 44563837 75744 0 16645 98061 36697 34237 8163704 20563271 3244453140 3244453140 0 2631234878 0 56.213366 241 350 465529 250837 15 647 120 160000 250000 78 103982 67048 12 16000 25000 12 16000 25000 9045
1790084577952411 10 0 0 10 10 10 0 0 0 0 0 0 916 55 55 0 1800 884 829 0 829 0 0 0 44573502 75831 0 16659 98126 36716 34262 8163764 20568515 3248914802 3248914802 0 2631234878 0 56.201089 237 344 457802 246674 276 612 120 160000 250000 77 102649 66053 12 16000 25000 12 16000 25000 9051
1790084577959931 10 0 0 10 10 10 0 0 0 0 0 0 916 54 54 0 1800 884 830 0 830 0 0 0 44580766 75909 0 16673 98196 36730 34279 8163820 20572456 3253170761 3253170761 0 2631234878 0 56.191849 238 345 459734 247715 1115 662 120 160000 250000 76 101316 65059 12 16000 25000 12 16000 25000 9057
1790084577973530 10 0 0 10 10 10 0 0 0 0 0 0 916 53 53 0 1800 884 831 0 831 0 0 0 44594076 75989 0 16688 98269 36749 34310 8163877 20579670 3258471459 3258471459 0 2631234878 0 56.175005 243 353 469392 252919 1116 707 120 160000 250000 75 99983 64066 12 16000 25000 12 16000 25000 9064
1790084577975005 10 0 0 10 10 10 0 0 0 0 0 0 916 52 52 0 1800 884 832 0 832 0 0 0 44595317 76065 0 16700 98331 36762 34316 8163936 20580332 3260185787 3260185787 0 2631234878 0 56.173349 267 387 515752 277898 1437 779 120 160000 250000 74 98650 63067 12 16000 25000 12 16000 25000 9065
1790084578081886 10 0 0 10 10 10 0 0 0 0 0 0 916 51 51 0 1800 884 833 0 833 0 0 0 44701554 76157 0 16716 98446 36886 34525 8163984 20637816 3262248380 3262248380 0 2631234878 0 56.039960 296 429 571770 308082 77 711 120 160000 250000 73 97317 62068 12 16000 25000 12 16000 25000 9066
1790084578127212 10 0 0 10 10 10 0 0 0 0 0 0 916 50 50 0 1800 884 834 0 834 0 0 0 44746418 76246 0 16735 98567 36943 34619 8164056 20662075 3266590368 3266590368 0 2631234878 0 55.983757 285 413 550522 296633 50 647 120 160000 250000 72 95984 61075 12 16000 25000 12 16000 25000 9073
1790084578137249 10 0 0 10 10 10 0 0 0 0 0 0 916 49 49 0 1800 884 835 0 835 0 0 0 44756166 76327 0 16750 98642 36962 34641 8164129 20667343 3270606357 3270606357 0 2631234878 0 55.971483 268 389 517684 278939 95 594 120 160000 250000 71 94651 60080 12 16000 25000 12 16000 25000 9077
1790084578198301 10 0 0 10 10 10 0 0 0 0 0 0 916 48 48 0 1800 884 836 0 836 0 0 0 44816745 76412 0 16764 98740 37037 34759 8164186 20700019 3274921805 3274921805 0 2631234878 0 55.895849 267 387 515752 277898 906 625 120 160000 250000 70 93318 59087 12 16000 25000 12 16000 25000 9084
1790084578321506 10 0 0 10 10 10 0 0 0 0 0 0 916 47 47 0 1800 884 837 0 837 0 0 0 44939187 76507 0 16785 98894 37174 34988 8164265 20766003 3279285450 3279285450 0 2631234878 0 55.743695 272 395 525410 283103 131 578 120 160000 250000 69 91985 58094 12 16000 25000 12 16000 25000 9091
1790084578342577 10 0 0 10 10 10 0 0 0 0 0 0 916 46 46 0 1800 884 838 0 838 0 0 0 44959909 76590 0 16800 98969 37206 35030 8164352 20777173 3283524562 3283524562 0 2631234878 0 55.717944 271 393 523478 282062 1314 650 120 160000 250000 68 90652 57100 12 16000 25000 12 16000 25000 9097
1790084578369646 10 0 0 10 10 10 0 0 0 0 0 0 916 45 45 0 1800 884 839 0 839 0 0 0 44986639 76671 0 16813 99050 37239 35079 8164415 20791540 3288252263 3288252263 0 2631234878 0 55.684794 275 399 531205 286225 757 662 120 160000 250000 67 89319 56107 12 16000 25000 12 16000 25000 9104
1790084578380915 10 0 0 10 10 10 0 0 0 0 0 0 916 44 44 0 1800 884 840 0 840 0 0 0 44997615 76749 0 16827 99134 37260 35104 8164478 20797434 3290548351 3290548351 0 2631234878 0 55.671138 276 400 533137 287266 1391 734 120 160000 250000 66 87986 55109 12 16000 25000 12 16000 25000 9106
1790084578420314 10 0 1 9 10 10 0 0 0 0 0 0 916 43 43 0 1800 884 841 0 841 0 0 0 45036558 76861 0 16848 99208 37364 35179 8164535 20818369 3293580207 3293580207 0 2631234878 0 55.622943 256 371 494504 266449 36 667 120 160000 250000 54 71986 54493 12 16000 25000 12 16000 25000 10491
1790084578546628 10 0 0 10 10 10 0 0 0 0 0 0 915 43 43 0 1800 885 842 0 842 0 0 0 45162070 76968 0 16866 99370 37513 35417 8164620 20885637 3298686175 3298686175 0 2631234878 0 55.468490 248 416 553283 263184 149 618 120 160000 250000 65 86653 55500 12 16000 25000 12 16000 25000 10497
1790084578571389 10 0 0 10 10 10 0 0 0 0 0 0 915 42 42 0 1800 885 843 0 843 0 0 0 45186447 77052 0 16881 99447 37547 35470 8164722 20898703 3302970570 3302970570 0 2631234878 0 55.438514 248 416 553283 263184 1236 679 120 160000 250000 64 85320 54506 12 16000 25000 12 16000 25000 10504
1790084578625559 10 0 0 10 10 10 0 0 0 0 0 0 915 41 41 0 1800 885 844 0 844 0 0 0 45240134 77140 0 16897 99563 37616 35573 8164794 20927529 3307333518 3307333518 0 2631234878 0 55.372729 254 426 566669 269552 1206 731 120 160000 250000 63 83987 53513 12 16000 25000 12 16000 25000 10510
1790084578629509 10 0 1 9 10 10 0 0 0 0 0 0 915 40 40 0 1800 885 845 0 845 0 0 0 45243835 77234 0 16898 99612 37625 35583 8164861 20929506 3307531415 3307531415 0 2631234878 0 55.368092 254 426 566669 269552 955 754 120 160000 250000 51 67987 51514 12 16000 25000 12 16000 25000 10510
1790084578690057 10 0 0 10 10 10 0 0 0 0 0 0 914 40 40 0 1800 886 846 0 846 0 0 0 45303889 77331 0 16912 99714 37702 35703 8164917 20961640 3314066779 3314066779 0 2631234878 0 55.294704 247 469 624986 267164 18 683 120 160000 250000 62 82654 52521 12 16000 25000 12 16000 25000 10517
1790084578701432 10 0 0 10 10 10 0 0 0 0 0 0 914 39 39 0 1800 886 847 0 847 0 0 0 45314958 77430 0 16927 99786 37723 35727 8164985 20967561 3317540960 3317540960 0 2631234878 0 55.281100 249 473 630047 269327 468 663 120 160000 250000 61 81321 51527 12 16000 25000 12 16000 25000 10522
1790084578821848 10 0 0 10 10 10 0 0 0 0 0 0 914 38 38 0 1800 886 848 0 848 0 0 0 45434642 77522 0 16943 99919 37859 35959 8165051 21031567 3322573749 3322573749 0 2631234878 0 55.135614 253 481 640168 273654 610 659 120 160000 250000 60 79988 50534 12 16000 25000 12 16000 25000 10529
1790084578865089 10 0 0 10 10 10 0 0 0 0 0 0 914 37 37 0 1800 886 849 0 849 0 0 0 45477425 77630 0 16959 100005 37919 36046 8165135 21054414 3329153013 3329153013 0 2631234878 0 55.083703 259 492 655350 280143 1132 706 120 160000 250000 59 78655 49541 12 16000 25000 12 16000 25000 10536
1790084578875246 10 0 0 10 10 10 0 0 0 0 0 0 914 36 36 0 1800 886 850 0 850 0 0 0 45487288 77722 0 16973 100068 37937 36067 8165205 21059675 3332689747 3332689747 0 2631234878 0 55.071668 254 483 642698 274735 282 665 120 160000 250000 58 77322 48546 12 16000 25000 12 16000 25000 10541
1790084579076848 10 0 0 10 10 10 0 0 0 0 0 0 914 35 35 0 1800 886 851 0 851 0 0 0 45687861 77828 0 16990 100246 38151 36449 8165267 21166647 3337092596 3337092596 0 2631234878 0 54.830183 251 477 635107 271490 1058 704 120 160000 250000 57 75989 47553 12 16000 25000 12 16000 25000 10548
1790084579180484 10 0 0 10 10 10 0 0 0 0 0 0 914 34 34 0 1800 886 852 0 852 0 0 0 45790803 77937 0 17017 100369 38271 36648 8165354 21221510 3343831162 3343831162 0 2631234878 0 54.706999 250 475 632577 270409 1064 740 120 160000 250000 56 74656 46560 12 16000 25000 12 16000 25000 10555
1790084579207931 10 0 0 10 10 10 0 0 0 0 0 0 914 33 33 0 1800 886 853 0 853 0 0 0 45817843 78025 0 17034 100467 38312 36706 8165450 21235914 3348850248 3348850248 0 2631234878 0 54.674663 256 486 647759 276898 1319 797 120 160000 250000 55 73323 45567 12 16000 25000 12 16000 25000 10561
1790084579279652 10 0 0 10 10 10 0 0 0 0 0 0 914 32 32 0 1800 886 854 0 854 0 0 0 45889016 78115 0 17052 100579 38402 36851 8165521 21273817 3353209607 3353209607 0 2631234878 0 54.589901 270 513 683183 292041 783 797 120 160000 250000 54 71990 44572 12 16000 25000 12 16000 25000 10567
1790084579482074 10 0 0 10 10 10 0 0 0 0 0 0 914 31 31 0 1800 886 855 0 855 0 0 0 46090400 78216 0 17070 100745 38625 37245 8165592 21380966 3358479058 3358479058 0 2631234878 0 54.351664 270 513 683183 292041 1146 832 120 160000 250000 53 70657 43579 12 16000 25000 12 16000 25000 10573
1790084579789583 10 0 1 9 10 10 0 0 0 0 0 0 914 30 30 0 1800 886 856 0 856 0 0 0 46396403 78346 0 17089 101021 38936 37825 8165678 21543657 3362740444 3362740444 0 2631234878 0 53.993646 285 541 721138 308266 1187 867 120 160000 250000 52 69324 42586 12 16000 25000 12 16000 25000 10580
1790084579941458 10 0 0 10 10 10 0 0 0 0 0 0 913 30 30 0 1800 887 857 0 857 0 0 0 46546297 78482 0 17107 102010 39199 38239 8165776 21603356 3369331152 3369331152 0 2631234878 0 53.819904 280 532 708486 302858 307 813 120 160000 250000 63 83991 47965 12 16000 25000 12 16000 25000 11778
1790084580033460 10 0 0 10 10 10 0 0 0 0 0 0 913 29 29 0 1800 887 858 0 858 0 0 0 46636894 78606 0 17125 102690 39343 38501 8165907 21640787 3376154095 3376154095 0 2631234878 0 53.715386 289 484 644754 306694 1338 865 120 160000 250000 62 82658 47100 12 16000 25000 12 16000 25000 11785
1790084580134135 10 0 0 10 10 10 0 0 0 0 0 0 913 28 28 0 1800 887 859 0 859 0 0 0 46736127 78705 0 17143 103420 39502 38788 8166008 21681640 3381206562 3381206562 0 2631234878 0 53.601413 301 504 671525 319429 1021 881 120 160000 250000 61 81325 46238 12 16000 25000 12 16000 25000 11792
1790084580140447 10 0 0 10 10 10 0 0 0 0 0 0 913 27 27 0 1800 887 860 0 860 0 0 0 46742080 78797 0 17159 103514 39522 38807 8166114 21684087 3386617284 3386617284 0 2631234878 0 53.594492 298 499 664832 316245 360 831 120 160000 250000 60 79992 45245 12 16000 25000 12 16000 25000 11799
1790084580168351 10 0 0 10 10 10 0 0 0 0 0 0 913 26 26 0 1800 887 861 0 861 0 0 0 46769347 78892 0 17173 103819 39572 38890 8166183 21695272 3393371949 3393371949 0 2631234878 0 53.563190 333 558 742917 353388 1487 896 120 160000 250000 59 78659 44309 12 16000 25000 12 16000 25000 11806
1790084580175470 10 0 0 10 10 10 0 0 0 0 0 0 913 25 25 0 1800 887 862 0 862 0 0 0 46776168 78975 0 17192 103898 39588 38914 8166260 21698074 3399910347 3399910347 0 2631234878 0 53.555298 306 513 682680 324735 107 820 120 160000 250000 58 77326 43316 12 16000 25000 12 16000 25000 11812
1790084580225777 10 0 0 10 10 10 0 0 0 0 0 0 913 24 24 0 1800 887 863 0 863 0 0 0 46825629 79069 0 17208 104335 39668 39054 8166318 21718307 3406594624 3406594624 0 2631234878 0 53.498716 313 524 698297 332164 1343 872 120 160000 250000 57 75993 42393 12 16000 25000 12 16000 25000 11819
1790084580254564 10 0 0 10 10 10 0 0 0 0 0 0 913 23 23 0 1800 887 864 0 864 0 0 0 46853833 79155 0 17223 104590 39716 39141 8166398 21729822 3413294383 3413294383 0 2631234878 0 53.466468 307 514 684911 325796 274 815 120 160000 250000 56 74660 41436 12 16000 25000 12 16000 25000 11825
1790084580268737 10 0 0 10 10 10 0 0 0 0 0 0 913 22 22 0 1800 887 865 0 865 0 0 0 46867576 79238 0 17238 104762 39747 39191 8166467 21735418 3418267502 3418267502 0 2631234878 0 53.450722 307 514 684911 325796 554 790 120 160000 250000 55 73327 40464 12 16000 25000 12 16000 25000 11832
1790084580341706 10 0 0 10 10 10 0 0 0 0 0 0 913 21 21 0 1800 887 866 0 866 0 0 0 46939389 79342 0 17254 105363 39874 39391 8166533 21764728 3425023159 3425023159 0 2631234878 0 53.368967 310 519 691604 328980 1032 815 120 160000 250000 54 71994 39569 12 16000 25000 12 16000 25000 11838
1790084581443452 10 0 1 9 10 10 0 0 0 0 0 0 913 20 20 0 1800 887 867 0 867 0 0 0 46958232 1161862 0 1099612 105541 39917 39445 8166609 21772408 3427771835 3427771835 0 2631234878 414780480 60.367850 320 464 618129 333062 1586 891 120 160000 250000 42 55994 37593 12 16000 25000 12 16000 25000 11838
1790084581446162 10 0 2 8 10 10 0 0 0 0 0 0 913 19 3 16 1800 887 868 0 868 0 0 0 46958232 1161953 0 1099632 107898 39925 39458 8166829 21772408 3512589270 3432146718 0 2631234878 414780480 60.367736 124 208 276642 131592 3 805 120 160000 250000 40 53328 37817 12 16000 25000 12 16000 25000 12350
1790084581446324 10 0 2 8 10 10 0 0 0 0 0 0 913 18 3 15 1800 887 869 0 869 0 0 0 46958232 1162036 0 1099648 107898 39933 39462 8166879 21772408 3512589270 3436464553 0 2631234878 414780480 60.367632 91 153 203020 96572 7 729 120 160000 250000 40 53328 36815 12 16000 25000 12 16000 25000 12348
1790084581446557 10 0 3 7 10 10 0 0 0 0 0 0 913 17 3 14 1800 887 870 0 870 0 0 0 46958232 1162128 0 1099672 107898 39996 39465 8166919 21772408 3512589270 3436664524 0 2631234878 414780480 60.367516 71 119 158400 75347 7 659 120 160000 250000 28 37328 30370 12 16000 25000 12 16000 25000 12348
1790084581446719 10 0 3 7 10 10 0 0 0 0 0 0 913 16 3 13 1800 887 871 0 871 0 0 0 46958232 1162212 0 1099694 107898 40009 39468 8166963 21772408 3512589270 3443381092 0 2631234878 414780480 60.367411 48 92 121455 54858 1 596 120 160000 250000 24 31996 29363 12 16000 25000 12 16000 25000 12347
1790084581447133 10 0 3 7 10 10 0 0 0 0 0 0 913 13 3 10 1800 887 874 0 874 0 0 0 46958232 1162422 0 1099734 107898 40017 39472 8167140 21772408 3512589270 3462796367 0 2631234878 414780480 60.367147 34 65 86031 38858 759 526 120 160000 250000 24 31996 26358 12 16000 25000 12 16000 25000 12342
1790084581447352 10 0 4 6 10 10 0 0 0 0 0 0 913 12 3 9 1800 887 875 0 875 0 0 0 46958232 1162498 0 1099749 107898 40043 39475 8167236 21772408 3512589270 3467062444 0 2631234878 414780480 60.367052 34 65 86031 38858 61 481 120 160000 250000 23 30663 25356 12 16000 25000 12 16000 25000 12340
1790084581447507 10 0 5 5 10 10 0 0 0 0 0 0 913 11 3 8 1800 887 876 0 876 0 0 0 46958232 1162579 0 1099767 107898 40050 39478 8167280 21772408 3512589270 3472139625 0 2631234878 414780480 60.366950 31 59 78440 35429 6 436 120 160000 250000 22 29330 24352 12 16000 25000 12 16000 25000 12339
1790084581447661 10 0 6 4 10 10 0 0 0 0 0 0 913 10 3 7 1800 887 877 0 877 0 0 0 46958232 1162670 0 1099793 107898 40057 39481 8167316 21772408 3512589270 3477413746 0 2631234878 414780480 60.366836 29 56 73379 33143 8 395 120 160000 250000 20 26664 23346 12 16000 25000 12 16000 25000 12337
1790084581447812 10 0 6 4 10 10 0 0 0 0 0 0 913 9 3 6 1800 887 878 0 878 0 0 0 46958232 1162745 0 1099808 107898 40064 39484 8167354 21772408 3512589270 3482736038 0 2631234878 414780480 60.366742 27 52 68319 30858 9 358 120 160000 250000 20 26664 22345 12 16000 25000 12 16000 25000 12336
1790084581447950 10 0 7 3 10 10 0 0 0 0 0 0 913 8 3 5 1800 887 879 0 879 0 0 0 46958232 1162821 0 1099825 107898 40071 39487 8167390 21772408 3512589270 3487807782 0 2631234878 414780480 60.366647 26 50 65788 29715 10 325 120 160000 250000 18 23998 21342 12 16000 25000 12 16000 25000 12334
1790084581448084 10 0 7 3 10 10 0 0 0 0 0 0 913 7 3 4 1800 887 880 0 880 0 0 0 46958232 1162895 0 1099840 107898 40078 39490 8167424 21772408 3512589270 3492811772 0 2631234878 414780480 60.366554 25 48 63258 28572 18 296 120 160000 250000 18 23998 20341 12 16000 25000 12 16000 25000 12333
1790084581448220 10 0 7 3 10 10 0 0 0 0 0 0 913 6 3 3 1800 887 881 0 881 0 0 0 46958232 1162970 0 1099856 107898 40085 39493 8167459 21772408 3512589270 3499389486 0 2631234878 414780480 60.366460 25 48 63258 28572 244 292 120 160000 250000 15 19999 19337 12 16000 25000 12 16000 25000 12331
1790084581448430 10 0 7 3 10 10 0 0 0 0 0 0 913 4 3 1 1800 887 883 0 883 0 0 0 46958232 1163119 0 1099883 107898 40092 39496 8167494 21772408 3512589270 3510017610 0 2631234878 414780480 60.366273 24 46 60728 27429 14 255 120 160000 250000 15 19999 17334 12 16000 25000 12 16000 25000 12329
1790084582549027 10 0 8 2 10 10 0 0 0 0 0 0 913 3 3 0 1800 887 884 0 884 0 0 0 46958232 2263603 0 2200242 107898 40116 39499 8167560 21772408 3512589270 3512589270 0 2631234878 829560960 67.053008 24 46 60728 27429 157 247 120 160000 250000 3 3999 14938 12 16000 25000 12 16000 25000 11933
1790084582549429 10 0 8 2 10 10 0 0 0 0 0 0 913 2 2 0 1800 887 885 0 885 0 0 0 46958232 2263704 0 2200259 107965 40124 39510 8167753 21772408 3519293230 3519293230 0 2631234878 829560960 67.052871 21 45 59423 24429 2 224 120 160000 250000 2 2666 13945 12 16000 25000 12 16000 25000 11940
1790084588497739 10 0 6 4 10 10 0 0 0 0 0 0 910 5 5 0 1800 889 885 0 885 0 0 0 46958232 2263704 0 2200259 107965 40124 39514 8167790 21773195 3519293230 3519293230 0 3270792102 829560960 79.444283 21 45 59423 24429 53 216 120 160000 250000 26 34666 21250 12 16000 25000 12 16000 25000 12550
1790084588497814 10 0 5 5 10 10 0 0 0 0 0 0 910 5 5 0 1800 890 885 0 885 0 0 0 52906557 2263704 0 2200259 107965 40124 39514 8167790 21773195 3519293230 3519293230 0 3270792102 829560960 70.878791 21 45 59423 24429 53 208 120 160000 250000 38 50666 23555 12 16000 25000 12 16000 25000 12550
1790084588503001 10 0 6 4 10 10 0 0 0 0 0 0 910 4 1 3 1800 890 886 0 886 0 0 0 52906557 2264960 0 2201450 111712 40161 39525 8167908 21773195 3534760362 3521332374 0 3270792102 829560960 70.877178 21 45 59423 24429 53 187 120 160000 250000 26 34666 21703 12 16000 25000 12 16000 25000 12261
1790084588503214 10 0 7 3 10 10 0 0 0 0 0 0 910 3 1 2 1800 890 887 0 887 0 0 0 52906557 2265034 0 2201451 111712 40169 39530 8168016 21773195 3534760362 3521506234 0 3270792102 829560960 70.877082 16 38 50064 18939 1 170 120 160000 250000 14 18666 16702 12 16000 25000 12 16000 25000 12261
1790084588503440 10 0 8 2 10 10 0 0 0 0 0 0 910 2 1 1 1800 890 888 0 888 0 0 0 52906557 2265121 0 2201469 111712 40176 39534 8168127 21773195 3534760362 3528224446 0 3270792102 829560960 70.876971 12 31 41140 15184 1 154 120 160000 250000 13 17333 15698 12 16000 25000 12 16000 25000 12259
1790084588503610 10 0 9 1 10 10 0 0 0 0 0 0 910 1 1 0 1800 890 889 0 889 0 0 0 52906557 2265205 0 2201489 111712 40195 39537 8168168 21773195 3534760362 3534760362 0 3270792102 829560960 70.876863 10 26 34283 12654 2 140 120 160000 250000 12 16000 14696 12 16000 25000 12 16000 25000 12258
1790084589142556 10 0 0 10 10 10 0 0 0 0 0 0 824 86 86 0 1800 976 890 0 890 0 0 0 53541907 2265305 0 2201505 114976 40262 39628 8168208 21834037 3535171694 3535171694 0 3395578839 829560960 72.202269 10 26 34283 12654 2 128 120 160000 250000 119 158639 106906 12 16000 25000 12 16000 25000 13554
1790084589354407 10 0 0 10 10 10 0 0 0 0 0 0 823 86 86 0 1800 977 891 0 891 0 0 0 53751758 2265417 0 2201521 116227 40407 39875 8168379 22006480 3535828229 3535828229 0 3397081481 829560960 71.957223 10 24 31290 12449 49 122 120 160000 250000 119 158639 107176 12 16000 25000 12 16000 25000 13555
1790084589368832 10 0 0 10 10 10 0 0 0 0 0 0 822 86 86 0 1800 978 892 0 892 0 0 0 53765781 2265497 0 2201533 116343 40416 39883 8168548 22008449 3536546079 3536546079 0 3398571926 829560960 71.964479 10 24 31290 12449 132 124 120 160000 250000 119 158639 107169 12 16000 25000 12 16000 25000 13555
1790084589387293 10 0 0 10 10 10 0 0 0 0 0 0 821 86 86 0 1800 979 893 0 893 0 0 0 53783806 2265581 0 2201545 116499 40444 39906 8168669 22021497 3536865237 3536865237 0 3400109682 829560960 71.967393 10 24 31290 12449 100 122 120 160000 250000 119 158639 107163 12 16000 25000 12 16000 25000 13556
1790084589416648 10 0 0 10 10 10 0 0 0 0 0 0 820 86 86 0 1800 980 894 0 894 0 0 0 53812566 2265665 0 2201557 116764 40470 39942 8168822 22043592 3537601986 3537601986 0 3401606904 829560960 71.955838 10 24 31290 12449 36 114 120 160000 250000 119 158639 107211 12 16000 25000 12 16000 25000 13556
1790084589661503 10 0 0 10 10 10 0 0 0 0 0 0 819 86 86 0 1800 981 895 0 895 0 0 0 54055268 2265781 0 2201580 118133 40641 40220 8168958 22241951 3538575432 3538575432 0 3402823825 829560960 71.666220 10 22 28297 12245 224 126 120 160000 250000 119 158639 107507 12 16000 25000 12 16000 25000 13557
1790084589674798 10 0 0 10 10 10 0 0 0 0 0 0 818 86 86 0 1800 982 896 0 896 0 0 0 54068172 2265871 0 2201593 118219 40657 40237 8169117 22251133 3539691169 3539691169 0 3404327020 829560960 71.675137 10 22 28297 12245 203 134 120 160000 250000 119 158639 107508 12 16000 25000 12 16000 25000 13558
1790084589705403 10 0 0 10 10 10 0 0 0 0 0 0 817 86 86 0 1800 983 897 0 897 0 0 0 54098362 2265959 0 2201606 118324 40687 40275 8169244 22274653 3540694527 3540694527 0 3405823624 829560960 71.661956 10 22 28297 12245 50 126 120 160000 250000 119 158639 107509 12 16000 25000 12 16000 25000 13559
1790084589783596 10 0 0 10 10 10 0 0 0 0 0 0 816 86 86 0 1800 984 898 0 898 0 0 0 54176041 2266054 0 2201623 118444 40738 40367 8169364 22337006 3541618707 3541618707 0 3407314177 829560960 71.588395 10 22 28297 12245 181 132 120 160000 250000 119 158639 107488 12 16000 25000 12 16000 25000 13561
1790084589844287 10 0 1 9 10 10 0 0 0 0 0 0 815 86 86 0 1800 985 899 0 899 0 0 0 54236180 2266154 0 2201634 118566 40832 40442 8169496 22384860 3541826938 3541826938 0 3408827354 829560960 71.537613 10 22 28297 12245 87 128 120 160000 250000 108 143972 102062 12 16000 25000 12 16000 25000 13562
1790084589996437 10 0 1 9 10 10 0 0 0 0 0 0 814 86 86 0 1800 986 900 0 900 0 0 0 54387594 2266257 0 2201635 118684 40942 40625 8169667 22508536 3541973039 3541973039 0 3408827354 829560960 71.346290 10 24 31290 13062 1 116 120 160000 250000 108 143972 102062 12 16000 25000 12 16000 25000 13562
1790084590087171 10 0 0 10 10 10 0 0 0 0 0 0 813 86 86 0 1800 987 901 0 901 0 0 0 54477670 2266356 0 2201652 118807 41017 40731 8169886 22582833 3542691518 3542691518 0 3408827354 829560960 71.232910 10 26 34283 13878 27 108 120 160000 250000 119 158639 103059 12 16000 25000 12 16000 25000 13561
1790084590093184 10 0 0 10 10 10 0 0 0 0 0 0 812 86 86 0 1800 988 902 0 902 0 0 0 54483342 2266435 0 2201665 118901 41028 40742 8170013 22586432 3544062637 3544062637 0 3410046869 829560960 71.246185 10 26 34283 13878 53 104 120 160000 250000 119 158639 103061 12 16000 25000 12 16000 25000 13563
1790084590128103 10 0 0 10 10 10 0 0 0 0 0 0 811 86 86 0 1800 989 903 0 903 0 0 0 54517858 2266522 0 2201683 118997 41058 40789 8170124 22614385 3545288913 3545288913 0 3411548491 829560960 71.227988 10 26 34283 13878 563 149 120 160000 250000 119 158639 103039 12 16000 25000 12 16000 25000 13564
1790084590140209 10 0 0 10 10 10 0 0 0 0 0 0 810 86 85 1 1800 990 904 0 904 0 0 0 54529549 2266623 0 2201695 119127 41077 40804 8170252 22623120 3547536146 3546037150 0 3413050696 829560960 71.238424 10 26 34283 13878 135 149 120 160000 250000 119 158639 103044 12 16000 25000 12 16000 25000 13567
1790084590140440 10 0 0 10 10 10 0 0 0 0 0 0 810 85 85 0 1800 990 905 0 905 0 0 0 54529549 2266710 0 2201712 119127 41084 40807 8170368 22623120 3547536146 3547536146 0 3413050696 829560960 71.238315 10 26 34283 13878 183 153 120 160000 250000 118 157306 102039 12 16000 25000 12 16000 25000 13566
1790084590356096 10 0 0 10 10 10 0 0 0 0 0 0 808 86 86 0 1800 992 906 0 906 0 0 0 54744362 2266820 0 2201731 119333 41232 41073 8170417 22802012 3549117654 3549117654 0 3416053853 829560960 71.019994 10 26 34283 13878 18 141 120 160000 250000 119 158639 103045 12 16000 25000 12 16000 25000 13570
1790084590560887 10 0 0 10 10 10 0 0 0 0 0 0 807 86 86 0 1800 993 907 0 907 0 0 0 54948223 2266932 0 2201749 119515 41374 41329 8170583 22972315 3550822040 3550822040 0 3417557560 829560960 70.791871 10 26 34283 13878 108 139 120 160000 250000 119 158639 103047 12 16000 25000 12 16000 25000 13572
1790084590741884 10 0 0 10 10 10 0 0 0 0 0 0 806 86 86 0 1800 994 908 0 908 0 0 0 55128370 2267030 0 2201763 119680 41510 41563 8170744 23122804 3552887594 3552887594 0 3419060403 829560960 70.594526 10 26 34283 13878 192 145 120 160000 250000 119 158639 103049 12 16000 25000 12 16000 25000 13575
1790084590775323 10 0 0 10 10 10 0 0 0 0 0 0 805 86 85 1 1800 995 909 0 909 0 0 0 55161435 2267113 0 2201777 119779 41519 41571 8170899 23124576 3557037540 3554796069 0 3420563122 829560960 70.578733 10 26 34283 13878 454 176 120 160000 250000 119 158639 103053 12 16000 25000 12 16000 25000 13578
1790084590776667 10 0 1 9 10 10 0 0 0 0 0 0 805 85 85 0 1800 995 910 0 910 0 0 0 55161435 2268283 0 2202888 119779 41552 41574 8171015 23124576 3557037540 3557037540 0 3420563122 829560960 70.577296 10 26 34283 13878 93 169 120 160000 250000 107 142639 100313 12 16000 25000 12 16000 25000 13273
1790084590776863 10 0 1 9 10 10 0 0 0 0 0 0 805 84 84 0 1800 995 911 0 911 0 0 0 55161435 2268353 0 2202899 119827 41559 41578 8171066 23124576 3558953103 3558953103 0 3420563122 829560960 70.577209 10 28 37277 14082 1 153 120 160000 250000 106 141306 99315 12 16000 25000 12 16000 25000 13274
1790084590946754 10 0 0 10 10 10 0 0 0 0 0 0 791 97 95 2 1800 1009 912 0 912 0 0 0 55330809 2268445 0 2202913 120118 41569 41594 8171156 23129027 3563781058 3560664660 0 3441259842 829560960 70.712237 10 28 37277 14082 177 157 120 160000 250000 119 158635 112364 12 16000 25000 12 16000 25000 13300
1790084590947049 10 0 0 10 10 10 0 0 0 0 0 0 791 96 95 1 1800 1009 913 0 913 0 0 0 55330809 2268533 0 2202930 120118 41578 41599 8171329 23129027 3563781058 3562668384 0 3441259842 829560960 70.712129 10 28 37277 14082 11 144 120 160000 250000 118 157302 111357 12 16000 25000 12 16000 25000 13299
1790084590947194 10 0 0 10 10 10 0 0 0 0 0 0 791 95 95 0 1800 1009 914 0 914 0 0 0 55330809 2268610 0 2202945 120119 41585 41601 8171370 23129027 3563781058 3563781058 0 3441259842 829560960 70.712035 10 28 37277 14082 23 133 120 160000 250000 117 155969 110352 12 16000 25000 12 16000 25000 13297
1790084591385014 10 0 0 10 10 10 0 0 0 0 0 0 788 97 97 0 1800 1012 915 0 915 0 0 0 55767745 2268739 0 2202964 120372 41729 41843 8171412 23508314 3566204699 3566204699 0 3445489917 829560960 70.249022 10 28 37277 14082 7 121 120 160000 250000 119 158635 112367 12 16000 25000 12 16000 25000 13303
1790084591562595 10 0 0 10 10 10 0 0 0 0 0 0 787 97 97 0 1800 1013 916 0 916 0 0 0 55944708 2268845 0 2202988 120497 41790 41947 8171597 23669269 3566832009 3566832009 0 3446988722 829560960 70.059898 10 28 37277 14082 86 119 120 160000 250000 119 158635 112345 12 16000 25000 12 16000 25000 13303
1790084591639819 10 0 0 10 10 10 0 0 0 0 0 0 786 97 97 0 1800 1014 917 0 917 0 0 0 56021440 2268933 0 2203002 120608 41823 41992 8171760 23738376 3569499523 3569499523 0 3448489097 829560960 69.992115 10 26 34283 13878 41 113 120 160000 250000 119 158635 112347 12 16000 25000 12 16000 25000 13306
1790084592482134 10 0 0 10 10 10 0 0 0 0 0 0 785 97 97 0 1800 1015 918 0 918 0 0 0 56840570 2269079 0 2203024 120881 63830 42499 8171900 24488479 3571026513 3571026513 0 3449998410 829560960 69.046356 10 26 34283 13878 148 119 120 160000 250000 119 158635 112350 12 16000 25000 12 16000 25000 13309
1790084592537491 10 0 0 10 10 10 0 0 0 0 0 0 784 97 97 0 1800 1016 919 0 919 0 0 0 56895323 2269188 0 2203045 121001 63860 42537 8172180 24537237 3574488546 3574488546 0 3451503237 829560960 69.006587 10 26 34283 13878 105 119 120 160000 250000 119 158635 112358 12 16000 25000 12 16000 25000 13316
1790084592706682 10 0 0 10 10 10 0 0 0 0 0 0 783 97 97 0 1800 1017 920 0 920 0 0 0 57063919 2269305 0 2203059 121128 63922 42637 8172333 24690374 3576239835 3576239835 0 3453009164 829560960 68.834573 10 24 31290 13062 256 133 120 160000 250000 119 158635 112360 12 16000 25000 12 16000 25000 13318
1790084592827357 10 0 0 10 10 10 0 0 0 0 0 0 782 97 97 0 1800 1018 921 0 921 0 0 0 57184085 2269398 0 2203077 121244 63969 42715 8172477 24799241 3580242981 3580242981 0 3454511620 829560960 68.719439 10 24 31290 13062 110 131 120 160000 250000 119 158635 112366 12 16000 25000 12 16000 25000 13324
1790084592913780 10 0 0 10 10 10 0 0 0 0 0 0 781 97 97 0 1800 1019 922 0 922 0 0 0 57270038 2269498 0 2203097 121354 64004 42763 8172628 24876163 3582381154 3582381154 0 3456010049 829560960 68.644119 10 24 31290 13062 232 142 120 160000 250000 119 158635 112369 12 16000 25000 12 16000 25000 13327
1790084592964549 10 0 0 10 10 10 0 0 0 0 0 0 780 97 97 0 1800 1020 923 0 923 0 0 0 57320354 2269587 0 2203112 121470 64032 42796 8172789 24920893 3586634793 3586634793 0 3457514517 829560960 68.610133 10 24 31290 13062 65 136 120 160000 250000 119 158635 112376 12 16000 25000 12 16000 25000 13334
1790084592970849 10 0 0 10 10 10 0 0 0 0 0 0 779 97 97 0 1800 1021 924 0 924 0 0 0 57326322 2269667 0 2203124 121547 64041 42805 8172927 24925089 3590913976 3590913976 0 3459020396 829560960 68.627268 10 24 31290 13062 445 167 120 160000 250000 119 158635 112383 12 16000 25000 12 16000 25000 13341
1790084593001299 10 0 0 10 10 10 0 0 0 0 0 0 778 97 97 0 1800 1022 925 0 925 0 0 0 57356442 2269749 0 2203136 121628 64052 42815 8173052 24933317 3595242420 3595242420 0 3460525848 829560960 68.616585 10 24 31290 13062 724 222 120 160000 250000 119 158635 112389 12 16000 25000 12 16000 25000 13348
1790084593086961 10 0 0 10 10 10 0 0 0 0 0 0 777 97 92 5 1800 1023 926 0 926 0 0 0 57441622 2269832 0 2203150 121875 64061 42824 8173168 24937469 3621176940 3599671184 0 3462022388 829560960 68.542508 10 24 31290 13062 190 220 120 160000 250000 118 157302 112442 12 16000 25000 12 16000 25000 13394
1790084593087178 10 0 0 10 10 10 0 0 0 0 0 0 777 96 92 4 1800 1023 927 0 927 0 0 0 57441622 2269918 0 2203168 121875 64068 42826 8173269 24937469 3621176940 3604093813 0 3462022388 829560960 68.542409 10 24 31290 13062 258 224 120 160000 250000 118 157302 111441 12 16000 25000 12 16000 25000 13392
1790084593087336 10 0 0 10 10 10 0 0 0 0 0 0 777 95 92 3 1800 1023 928 0 928 0 0 0 57441622 2270002 0 2203185 121875 64075 42829 8173317 24937469 3621176940 3608369252 0 3462022388 829560960 68.542313 10 24 31290 13062 264 228 120 160000 250000 114 151970 110430 12 16000 25000 12 16000 25000 13391
1790084593087619 10 0 0 10 10 10 0 0 0 0 0 0 777 92 92 0 1800 1023 931 0 931 0 0 0 57441622 2270208 0 2203221 121875 64084 42832 8173367 24937469 3621176940 3621176940 0 3462022388 829560960 68.542076 10 24 31290 13062 862 237 120 160000 250000 114 151970 107426 12 16000 25000 12 16000 25000 13387
1790084593219306 10 0 0 10 10 10 0 0 0 0 0 0 771 97 92 5 1800 1029 932 0 932 0 0 0 57572703 2270303 0 2203239 122193 64115 42844 8173490 24941829 3647265878 3625565311 0 3471001390 829560960 68.534924 10 24 31290 13062 187 233 120 160000 250000 114 151970 112486 12 16000 25000 12 16000 25000 13442
1790084593219878 10 0 0 10 10 10 0 0 0 0 0 0 771 92 92 0 1800 1029 937 0 937 0 0 0 57572703 2270667 0 2203301 122193 64135 42847 8173655 24941829 3647265878 3647265878 0 3471001390 829560960 68.534507 10 17 22310 11837 40 185 120 160000 250000 114 151970 107479 12 16000 25000 12 16000 25000 13435
1790084593264685 10 0 0 10 10 10 0 0 0 0 0 0 765 97 97 0 1800 1035 938 0 938 0 0 0 57616930 2270783 0 2203316 122367 64197 42875 8173834 24974360 3651474499 3651474499 0 3479743738 829560960 68.622978 11 19 24541 13021 57 173 120 160000 250000 119 158635 112504 12 16000 25000 12 16000 25000 13450
1790084593275828 10 0 0 10 10 10 0 0 0 0 0 0 764 97 97 0 1800 1036 939 0 939 0 0 0 57627699 2270874 0 2203328 122450 64209 42886 8173991 24982642 3656027140 3656027140 0 3481236734 829560960 68.634307 20 34 44620 23674 651 220 120 160000 250000 119 158635 112511 12 16000 25000 12 16000 25000 13457
1790084593327540 10 0 0 10 10 10 0 0 0 0 0 0 763 97 97 0 1800 1037 940 0 940 0 0 0 57679017 2270971 0 2203340 122566 64230 42912 8174098 25018956 3660281502 3660281502 0 3482762187 829560960 68.599711 21 36 46851 24858 857 283 120 160000 250000 119 158635 112519 12 16000 25000 12 16000 25000 13465
1790084593343027 10 0 0 10 10 10 0 0 0 0 0 0 762 97 97 0 1800 1038 941 0 941 0 0 0 57694152 2271064 0 2203352 122658 64244 42925 8174219 25031348 3664558192 3664558192 0 3484257902 829560960 68.606077 21 36 46851 24858 339 289 120 160000 250000 119 158635 112527 12 16000 25000 12 16000 25000 13473
1790084593369149 10 0 0 10 10 10 0 0 0 0 0 0 761 97 94 3 1800 1039 942 0 942 0 0 0 57719836 2271156 0 2203365 122856 64254 42935 8174328 25035564 3682265860 3668864085 0 3485756474 829560960 68.600423 22 37 49082 26041 511 312 120 160000 250000 117 155969 112559 12 16000 25000 12 16000 25000 13505
1790084593369439 10 0 0 10 10 10 0 0 0 0 0 0 761 95 94 1 1800 1039 944 0 944 0 0 0 57719836 2271316 0 2203391 122856 64262 42939 8174428 25035564 3682265860 3677451808 0 3485756474 829560960 68.600240 23 39 51313 27225 482 329 120 160000 250000 117 155969 110557 12 16000 25000 12 16000 25000 13502
1790084593369646 10 0 0 10 10 10 0 0 0 0 0 0 761 94 94 0 1800 1039 945 0 945 0 0 0 57719836 2271410 0 2203406 122856 64279 42942 8174505 25035564 3682265860 3682265860 0 3485756474 829560960 68.600132 24 41 53544 28409 185 316 120 160000 250000 116 154636 109550 12 16000 25000 12 16000 25000 13501
1790084593398510 10 0 0 10 10 10 0 0 0 0 0 0 757 97 97 0 1800 1043 946 0 946 0 0 0 57748315 2271512 0 2203420 123033 64298 42959 8174551 25055997 3686601115 3686601115 0 3491210454 829560960 68.654125 24 41 53544 28409 118 298 120 160000 250000 119 158635 112564 12 16000 25000 12 16000 25000 13512
1790084593445510 10 0 0 10 10 10 0 0 0 0 0 0 756 97 97 0 1800 1044 947 0 947 0 0 0 57794869 2271611 0 2203434 123149 64323 42991 8174702 25096528 3690969800 3690969800 0 3492428865 829560960 68.620147 25 42 55775 29592 661 335 120 160000 250000 119 158635 112572 12 16000 25000 12 16000 25000 13521
1790084593475072 10 0 0 10 10 10 0 0 0 0 0 0 755 97 97 0 1800 1045 948 0 948 0 0 0 57824053 2271707 0 2203447 123242 64348 43012 8174820 25120950 3695385457 3695385457 0 3493991614 829560960 68.611513 25 42 55775 29592 441 346 120 160000 250000 119 158635 112581 12 16000 25000 12 16000 25000 13529
1790084593521652 10 0 0 10 10 10 0 0 0 0 0 0 754 97 97 0 1800 1046 949 0 949 0 0 0 57870237 2271797 0 2203460 123341 64373 43043 8174946 25161116 3699760095 3699760095 0 3495477977 829560960 68.582292 32 47 61813 35266 800 391 120 160000 250000 119 158635 112579 12 16000 25000 12 16000 25000 13537
1790084593556294 10 0 0 10 10 10 0 0 0 0 0 0 753 97 97 0 1800 1047 950 0 950 0 0 0 57904470 2271894 0 2203474 123429 64389 43063 8175110 25181273 3700211784 3700211784 0 3496975662 829560960 68.566902 33 41 53867 33674 1132 499 120 160000 250000 119 158635 112579 12 16000 25000 12 16000 25000 13538
1790084593587433 10 0 0 10 10 10 0 0 0 0 0 0 752 97 97 0 1800 1048 951 0 951 0 0 0 57935227 2271986 0 2203487 123522 64403 43074 8175259 25189427 3700569274 3700569274 0 3498472216 829560960 68.555475 33 41 53867 33674 28 454 120 160000 250000 119 158635 112580 12 16000 25000 12 16000 25000 13538
1790084593717392 10 0 0 10 10 10 0 0 0 0 0 0 751 97 97 0 1800 1049 952 0 952 0 0 0 58064614 2272101 0 2203503 123672 64467 43156 8175387 25304762 3705302284 3705302284 0 3499979676 829560960 68.432160 33 41 53867 33674 55 416 120 160000 250000 119 158635 112562 12 16000 25000 12 16000 25000 13544
1790084593776872 10 0 0 10 10 10 0 0 0 0 0 0 750 97 97 0 1800 1050 953 0 953 0 0 0 58123627 2272202 0 2203523 123776 64500 43196 8175548 25356347 3710262951 3710262951 0 3501479876 829560960 68.388869 33 41 53867 33674 246 400 120 160000 250000 119 158635 112569 12 16000 25000 12 16000 25000 13552
1790084593793064 10 0 0 10 10 10 0 0 0 0 0 0 749 97 97 0 1800 1051 954 0 954 0 0 0 58139476 2272293 0 2203541 123839 64509 43205 8175697 25360503 3715211806 3715211806 0 3502983490 829560960 68.394560 34 42 55500 34694 451 406 120 160000 250000 119 158635 112577 12 16000 25000 12 16000 25000 13560
1790084593854617 10 0 0 10 10 10 0 0 0 0 0 0 748 97 97 0 1800 1052 955 0 955 0 0 0 58200567 2272394 0 2203556 123973 64542 43245 8175826 25414119 3719644131 3719644131 0 3504471258 829560960 68.348815 35 43 57132 35715 214 388 120 160000 250000 119 158635 112585 12 16000 25000 12 16000 25000 13567
1790084593861104 10 0 0 10 10 10 0 0 0 0 0 0 747 97 97 0 1800 1053 956 0 956 0 0 0 58206703 2272476 0 2203568 124050 64551 43253 8175980 25418384 3724658075 3724658075 0 3505689190 829560960 68.360993 36 45 58764 36735 877 437 120 160000 250000 119 158635 112592 12 16000 25000 12 16000 25000 13574
1790084593878052 10 0 0 10 10 10 0 0 0 0 0 0 746 97 96 1 1800 1054 957 0 957 0 0 0 58223287 2272571 0 2203580 124167 64560 43261 8176095 25422625 3730076965 3725052214 0 3507186732 829560960 68.365753 37 46 60397 37756 335 428 120 160000 250000 119 158635 112603 12 16000 25000 12 16000 25000 13583
1790084593878283 10 0 0 10 10 10 0 0 0 0 0 0 746 96 96 0 1800 1054 958 0 958 0 0 0 58223287 2272655 0 2203598 124167 64568 43264 8176214 25422625 3730076965 3730076965 0 3507186732 829560960 68.365658 36 45 58764 36735 48 391 120 160000 250000 118 157302 111597 12 16000 25000 12 16000 25000 13582
1790084593896266 10 0 0 10 10 10 0 0 0 0 0 0 744 97 97 0 1800 1056 959 0 959 0 0 0 58241019 2272738 0 2203613 124252 64576 43272 8176262 25426932 3735110338 3735110338 0 3509916323 829560960 68.388549 37 46 60397 37756 548 407 120 160000 250000 119 158635 112608 12 16000 25000 12 16000 25000 13591
1790084593965775 10 0 0 10 10 10 0 0 0 0 0 0 743 97 97 0 1800 1057 960 0 960 0 0 0 58310094 2272834 0 2203628 124382 64608 43315 8176367 25487658 3740248593 3740248593 0 3511417297 829560960 68.334094 102 102 135966 102000 255 393 120 160000 250000 119 158635 112621 12 16000 25000 12 16000 25000 13603
1790084593966083 10 0 0 10 10 10 0 0 0 0 0 0 743 96 96 0 1800 1057 961 0 961 0 0 0 58310094 2272926 0 2203655 124418 64616 43319 8176516 25487658 3745497617 3745497617 0 3511417297 829560960 68.333990 104 104 138632 104000 618 416 120 160000 250000 118 157302 111622 12 16000 25000 12 16000 25000 13606
1790084593978643 10 0 0 10 10 10 0 0 0 0 0 0 741 97 97 0 1800 1059 962 0 962 0 0 0 58322353 2273013 0 2203668 124532 64628 43331 8176572 25496013 3750756264 3750756264 0 3514438664 829560960 68.367619 116 116 154628 116000 390 414 120 160000 250000 119 158635 112633 12 16000 25000 12 16000 25000 13615
1790084593984944 10 0 0 10 10 10 0 0 0 0 0 0 740 97 97 0 1800 1060 963 0 963 0 0 0 58328331 2273095 0 2203680 124601 64636 43339 8176707 25500186 3756042356 3756042356 0 3515666156 829560960 68.380099 125 125 166625 125000 1386 510 120 160000 250000 119 158635 112641 12 16000 25000 12 16000 25000 13623
1790084594031004 10 0 0 10 10 10 0 0 0 0 0 0 739 97 96 1 1800 1061 964 0 964 0 0 0 58374057 2273191 0 2203696 124698 64644 43347 8176812 25504330 3766751010 3761417072 0 3517163948 829560960 68.351987 141 141 187953 141000 515 512 120 160000 250000 118 157302 112657 12 16000 25000 12 16000 25000 13640
1790084594031214 10 0 0 10 10 10 0 0 0 0 0 0 739 96 96 0 1800 1061 965 0 965 0 0 0 58374057 2273269 0 2203711 124698 64651 43350 8176912 25504330 3766751010 3766751010 0 3517163948 829560960 68.351899 145 145 193285 145000 307 493 120 160000 250000 118 157302 111655 12 16000 25000 12 16000 25000 13638
1790084594081897 10 0 0 10 10 10 0 0 0 0 0 0 737 97 97 0 1800 1063 966 0 966 0 0 0 58424434 2273365 0 2203726 124808 64667 43371 8176956 25520406 3772153239 3772153239 0 3520175002 829560960 68.342371 148 148 197284 148000 280 473 120 160000 250000 119 158635 112665 12 16000 25000 12 16000 25000 13648
1790084594101530 10 0 0 10 10 10 0 0 0 0 0 0 736 97 97 0 1800 1064 967 0 967 0 0 0 58443679 2273455 0 2203741 124901 64681 43389 8177109 25536236 3773258380 3773258380 0 3521679274 829560960 68.344235 151 151 201283 151000 896 516 120 160000 250000 119 158635 112666 12 16000 25000 12 16000 25000 13649
1790084594112541 10 0 0 10 10 10 0 0 0 0 0 0 735 97 97 0 1800 1065 968 0 968 0 0 0 58454333 2273544 0 2203755 124990 64694 43401 8177236 25544216 3778682177 3778682177 0 3523179663 829560960 68.355707 150 150 199950 150000 45 471 120 160000 250000 119 158635 112675 12 16000 25000 12 16000 25000 13658
1790084594154068 10 0 0 10 10 10 0 0 0 0 0 0 734 97 97 0 1800 1066 969 0 969 0 0 0 58495447 2273646 0 2203769 125106 64719 43430 8177354 25579657 3783852447 3783852447 0 3524679495 829560960 68.332882 152 152 202616 152000 615 486 120 160000 250000 119 158635 112681 12 16000 25000 12 16000 25000 13664
1790084594165132 10 0 0 10 10 10 0 0 0 0 0 0 733 97 97 0 1800 1067 970 0 970 0 0 0 58506176 2273731 0 2203781 125187 64730 43441 8177482 25587752 3789311941 3789311941 0 3526171080 829560960 68.344129 155 155 206615 155000 677 506 120 160000 250000 119 158635 112690 12 16000 25000 12 16000 25000 13672
1790084594272084 10 0 0 10 10 10 0 0 0 0 0 0 732 97 97 0 1800 1068 971 0 971 0 0 0 58612583 2273856 0 2203806 125346 64778 43511 8177600 25681734 3791934834 3791934834 0 3527404294 829560960 68.243864 157 157 209281 157000 901 545 120 160000 250000 119 158635 112692 12 16000 25000 12 16000 25000 13675
1790084594365126 10 0 0 10 10 10 0 0 0 0 0 0 731 97 97 0 1800 1069 972 0 972 0 0 0 58705104 2273961 0 2203821 125469 64813 43569 8177759 25763290 3792423349 3792423349 0 3528899941 829560960 68.163594 161 161 214613 161000 296 522 120 160000 250000 119 158635 112693 12 16000 25000 12 16000 25000 13675
1790084594395585 10 0 0 10 10 10 0 0 0 0 0 0 730 97 97 0 1800 1070 973 0 973 0 0 0 58735173 2274048 0 2203834 125576 64825 43581 8177910 25771252 3797911923 3797911923 0 3530395129 829560960 68.153274 157 157 209281 157000 33 475 120 160000 250000 119 158635 112699 12 16000 25000 12 16000 25000 13682
1790084594462325 10 0 0 10 10 10 0 0 0 0 0 0 729 97 97 0 1800 1071 974 0 974 0 0 0 58801471 2274147 0 2203850 125677 64856 43624 8178050 25829194 3802230376 3802230376 0 3531900541 829560960 68.102689 157 157 209281 157000 438 473 120 160000 250000 119 158635 112707 12 16000 25000 12 16000 25000 13690
1790084594507737 10 0 0 10 10 10 0 0 0 0 0 0 728 97 97 0 1800 1072 975 0 975 0 0 0 58846456 2274237 0 2203863 125780 64894 43655 8178189 25867905 3806948295 3806948295 0 3533400153 829560960 68.075864 160 160 213280 160000 1422 567 120 160000 250000 119 158635 112714 12 16000 25000 12 16000 25000 13697
1790084594545572 10 0 0 10 10 10 0 0 0 0 0 0 727 97 97 0 1800 1073 976 0 976 0 0 0 58883871 2274344 0 2203887 125899 64914 43678 8178320 25891183 3811400004 3811400004 0 3534902726 829560960 68.057528 161 161 214613 161000 834 594 120 160000 250000 119 158635 112722 12 16000 25000 12 16000 25000 13705
1790084594587806 10 0 0 10 10 10 0 0 0 0 0 0 726 97 97 0 1800 1074 977 0 977 0 0 0 58925699 2274440 0 2203902 125997 64940 43711 8178449 25925693 3815626975 3815626975 0 3536406800 829560960 68.034344 163 163 217279 163000 716 607 120 160000 250000 119 158635 112730 12 16000 25000 12 16000 25000 13712
1790084594675869 10 0 0 10 10 10 0 0 0 0 0 0 725 97 97 0 1800 1075 978 0 978 0 0 0 59013278 2274540 0 2203922 126106 64978 43776 8178586 26002201 3816275195 3816275195 0 3537908093 829560960 67.960374 174 174 231942 174000 1001 646 120 160000 250000 119 158635 112730 12 16000 25000 12 16000 25000 13713
1790084594746470 10 0 0 10 10 10 0 0 0 0 0 0 724 97 97 0 1800 1076 979 0 979 0 0 0 59083396 2274645 0 2203940 126221 65013 43826 8178739 26063105 3817231482 3817231482 0 3539406109 829560960 67.905879 176 176 234608 176000 16 586 120 160000 250000 119 158635 112732 12 16000 25000 12 16000 25000 13714
1790084594765599 10 0 0 10 10 10 0 0 0 0 0 0 723 97 97 0 1800 1077 980 0 980 0 0 0 59102134 2274734 0 2203953 126327 65026 43841 8178886 26078252 3822624638 3822624638 0 3540910390 829560960 67.908422 172 172 229276 172000 75 537 120 160000 250000 119 158635 112740 12 16000 25000 12 16000 25000 13722
1790084594847365 10 0 0 10 10 10 0 0 0 0 0 0 722 97 97 0 1800 1078 981 0 981 0 0 0 59183431 2274840 0 2203967 126447 65062 43893 8179011 26149246 3823311355 3823311355 0 3542412328 829560960 67.841782 175 175 233275 175000 1811 662 120 160000 250000 119 158635 112740 12 16000 25000 12 16000 25000 13723
1790084594979206 10 0 0 10 10 10 0 0 0 0 0 0 721 97 97 0 1800 1079 982 0 982 0 0 0 59314688 2274948 0 2203985 126594 65116 43984 8179163 26264544 3825019344 3825019344 0 3543935425 829560960 67.720666 188 188 250604 188000 113 609 120 160000 250000 119 158635 112743 12 16000 25000 12 16000 25000 13726
1790084595003453 10 0 0 10 10 10 0 0 0 0 0 0 720 97 97 0 1800 1080 983 0 983 0 0 0 59338540 2275053 0 2203998 126691 65129 43999 8179308 26276009 3827102914 3827102914 0 3545436008 829560960 67.717561 211 211 281263 211000 284 578 120 160000 250000 119 158635 112746 12 16000 25000 12 16000 25000 13729
1790084595041473 10 0 0 10 10 10 0 0 0 0 0 0 719 97 97 0 1800 1081 984 0 984 0 0 0 59376179 2275147 0 2204020 126798 65144 44017 8179432 26291091 3831199663 3831199663 0 3546926541 829560960 67.699172 245 245 326585 245000 374 559 120 160000 250000 119 158635 112753 12 16000 25000 12 16000 25000 13735
1790084595047702 10 0 0 10 10 10 0 0 0 0 0 0 718 97 97 0 1800 1082 985 0 985 0 0 0 59382072 2275230 0 2204033 126880 65153 44024 8179567 26294959 3835276822 3835276822 0 3548428661 829560960 67.715844 264 264 351912 264000 376 542 120 160000 250000 119 158635 112760 12 16000 25000 12 16000 25000 13742
1790084595062432 10 0 0 10 10 10 0 0 0 0 0 0 717 97 97 0 1800 1083 986 0 986 0 0 0 59396439 2275324 0 2204046 126992 65167 44038 8179675 26306226 3840628173 3840628173 0 3549937648 829560960 67.723301 299 299 398567 299000 180 507 120 160000 250000 119 158635 112767 12 16000 25000 12 16000 25000 13750
1790084595155900 10 0 0 10 10 10 0 0 0 0 0 0 716 97 97 0 1800 1084 987 0 987 0 0 0 59489422 2275422 0 2204062 127122 65211 44101 8179797 26387177 3846119002 3846119002 0 3551434630 829560960 67.644354 338 338 450554 338000 1043 560 120 160000 250000 119 158635 112775 12 16000 25000 12 16000 25000 13758
1790084595199470 10 0 0 10 10 10 0 0 0 0 0 0 715 97 97 0 1800 1085 988 0 988 0 0 0 59532571 2275517 0 2204075 127234 65237 44131 8179930 26423867 3848082522 3848082522 0 3552931527 829560960 67.620123 343 343 457219 343000 1842 686 120 160000 250000 119 158635 112779 12 16000 25000 12 16000 25000 13762
1790084595275997 10 0 0 10 10 10 0 0 0 0 0 0 714 97 97 0 1800 1086 989 0 989 0 0 0 59608623 2275632 0 2204089 127354 65270 44184 8180058 26489797 3852383523 3852383523 0 3554436793 829560960 67.560094 336 336 447888 336000 224 642 120 160000 250000 119 158635 112788 12 16000 25000 12 16000 25000 13770
1790084595311448 10 0 0 10 10 10 0 0 0 0 0 0 713 97 97 0 1800 1087 990 0 990 0 0 0 59643669 2275728 0 2204104 127450 65290 44208 8180193 26519224 3853100991 3853100991 0 3555926222 829560960 67.544690 340 340 453220 340000 645 644 120 160000 250000 119 158635 112788 12 16000 25000 12 16000 25000 13771
1790084595382816 10 0 0 10 10 10 0 0 0 0 0 0 712 97 97 0 1800 1088 991 0 991 0 0 0 59714546 2275824 0 2204120 127594 65327 44255 8180332 26580698 3859590540 3859590540 0 3557162583 829560960 67.486379 335 335 446555 335000 127 595 120 160000 250000 119 158635 112797 12 16000 25000 12 16000 25000 13779
1790084595425269 10 0 0 10 10 10 0 0 0 0 0 0 711 97 97 0 1800 1089 992 0 992 0 0 0 59756616 2275917 0 2204139 127678 65344 44278 8180473 26599040 3864868568 3864868568 0 3558658353 829560960 67.463504 337 337 449221 337000 446 581 120 160000 250000 119 158635 112805 12 16000 25000 12 16000 25000 13787
1790084595472141 10 0 0 10 10 10 0 0 0 0 0 0 710 97 97 0 1800 1090 993 0 993 0 0 0 59803071 2276006 0 2204152 127783 65371 44316 8180610 26638645 3870243455 3870243455 0 3560184690 829560960 67.436371 341 341 454553 341000 1039 626 120 160000 250000 119 158635 112813 12 16000 25000 12 16000 25000 13795
1790084595517717 10 0 0 10 10 10 0 0 0 0 0 0 709 97 95 2 1800 1091 994 0 994 0 0 0 59848230 2276096 0 2204170 127937 65379 44325 8180745 26642428 3890048177 3876872985 0 3561696102 829560960 67.410455 355 355 473215 355000 1486 710 120 160000 250000 117 155969 112837 12 16000 25000 12 16000 25000 13819
1790084595517999 10 0 0 10 10 10 0 0 0 0 0 0 709 95 95 0 1800 1091 996 0 996 0 0 0 59848230 2276240 0 2204196 127937 65386 44328 8180855 26642428 3890048177 3890048177 0 3561696102 829560960 67.410299 361 361 481213 361000 372 648 120 160000 250000 117 155969 110834 12 16000 25000 12 16000 25000 13816
1790084595726450 10 0 0 10 10 10 0 0 0 0 0 0 706 97 84 13 1800 1094 997 0 997 0 0 0 60055888 2276345 0 2204210 128496 65403 44337 8180939 26646218 3964689176 3896785943 0 3566198351 829560960 67.254493 337 337 449221 337000 119 597 120 160000 250000 114 151970 112943 12 16000 25000 12 16000 25000 13912
1790084595726935 10 0 0 10 10 10 0 0 0 0 0 0 706 92 84 8 1800 1094 1002 0 1002 0 0 0 60055888 2276680 0 2204275 128496 65411 44341 8181060 26646218 3964689176 3929906402 0 3566198351 829560960 67.254132 245 245 326585 245000 188 511 120 160000 250000 114 151970 107936 12 16000 25000 12 16000 25000 13905
1790084595727278 10 0 0 10 10 10 0 0 0 0 0 0 706 91 84 7 1800 1094 1003 0 1003 0 0 0 60055888 2276765 0 2204291 128496 65461 44345 8181245 26646218 3964689176 3930288725 0 3566198351 829560960 67.254040 227 227 302591 227000 75 470 120 160000 250000 113 150637 106931 12 16000 25000 12 16000 25000 13903
1790084595727439 10 0 0 10 10 10 0 0 0 0 0 0 706 90 84 6 1800 1094 1004 0 1004 0 0 0 60055888 2276855 0 2204306 128496 65469 44348 8181289 26646218 3964689176 3931954414 0 3566198351 829560960 67.253943 212 212 282596 212000 6 425 120 160000 250000 111 147971 105926 12 16000 25000 12 16000 25000 13902
1790084595727591 10 0 0 10 10 10 0 0 0 0 0 0 706 89 84 5 1800 1094 1005 0 1005 0 0 0 60055888 2276929 0 2204323 128496 65481 44351 8181336 26646218 3964689176 3936930306 0 3566198351 829560960 67.253863 193 193 257269 193000 18 386 120 160000 250000 111 147971 104925 12 16000 25000 12 16000 25000 13900
1790084595727726 10 0 0 10 10 10 0 0 0 0 0 0 706 88 84 4 1800 1094 1006 0 1006 0 0 0 60055888 2276999 0 2204336 128496 65488 44354 8181375 26646218 3964689176 3943590533 0 3566198351 829560960 67.253788 166 166 221278 166000 27 352 120 160000 250000 106 141306 103911 12 16000 25000 12 16000 25000 13899
1790084595728044 10 0 0 10 10 10 0 0 0 0 0 0 706 84 84 0 1800 1094 1010 0 1010 0 0 0 60055888 2277254 0 2204380 128496 65495 44357 8181412 26646218 3964689176 3964689176 0 3566198351 829560960 67.253513 116 116 154628 116000 99 284 120 160000 250000 106 141306 99906 12 16000 25000 12 16000 25000 13893
1790084595958047 10 0 0 10 10 10 0 0 0 0 0 0 692 97 86 11 1800 1108 1011 0 1011 0 0 0 60284933 2277356 0 2204393 129145 65534 44372 8181546 26650251 4028630214 3971451158 0 3586661713 829560960 67.319118 105 105 139965 105000 31 260 120 160000 250000 116 154636 113043 12 16000 25000 12 16000 25000 14004
1790084595958455 10 0 0 10 10 10 0 0 0 0 0 0 692 94 86 8 1800 1108 1014 0 1014 0 0 0 60284933 2277567 0 2204437 129145 65541 44376 8181713 26650251 4028630214 3991748143 0 3586661713 829560960 67.318891 86 86 114638 86000 31 221 120 160000 250000 116 154636 110039 12 16000 25000 12 16000 25000 13999
1790084595958703 10 0 0 10 10 10 0 0 0 0 0 0 692 93 86 7 1800 1108 1015 0 1015 0 0 0 60284933 2277644 0 2204455 129145 65567 44379 8181835 26650251 4028630214 3996786934 0 3586661713 829560960 67.318808 81 81 107973 81000 34 204 120 160000 250000 114 151970 109030 12 16000 25000 12 16000 25000 13998
1790084595958850 10 0 0 10 10 10 0 0 0 0 0 0 692 92 86 6 1800 1108 1016 0 1016 0 0 0 60284933 2277726 0 2204469 129145 65574 44382 8181874 26650251 4028630214 4001825488 0 3586661713 829560960 67.318720 77 77 102641 77000 36 188 120 160000 250000 114 151970 108029 12 16000 25000 12 16000 25000 13996
1790084595959001 10 0 0 10 10 10 0 0 0 0 0 0 692 91 86 5 1800 1108 1017 0 1017 0 0 0 60284933 2277798 0 2204483 129145 65593 44384 8181914 26650251 4028630214 4003678458 0 3586661713 829560960 67.318643 76 76 101308 76000 45 175 120 160000 250000 113 150637 107024 12 16000 25000 12 16000 25000 13995
1790084595959139 10 0 0 10 10 10 0 0 0 0 0 0 692 90 86 4 1800 1108 1018 0 1018 0 0 0 60284933 2277869 0 2204497 129145 65600 44387 8181952 26650251 4028630214 4008690636 0 3586661713 829560960 67.318566 73 73 97309 73000 25 161 120 160000 250000 108 143972 106015 12 16000 25000 12 16000 25000 13994
1790084595959463 10 0 0 10 10 10 0 0 0 0 0 0 692 86 86 0 1800 1108 1022 0 1022 0 0 0 60284933 2278131 0 2204539 129145 65607 44390 8181988 26650251 4028630214 4028630214 0 3586661713 829560960 67.318284 73 73 97309 73000 87 160 120 160000 250000 108 143972 102009 12 16000 25000 12 16000 25000 13988
1790084596143800 10 0 0 10 10 10 0 0 0 0 0 0 680 97 95 2 1800 1120 1023 0 1023 0 0 0 60468633 2278223 0 2204554 129474 65643 44403 8182135 26653944 4044005323 4033756780 0 3603494724 829560960 67.376943 72 72 95976 72000 196 164 120 160000 250000 117 155969 113066 12 16000 25000 12 16000 25000 14028
1790084596144133 10 0 0 10 10 10 0 0 0 0 0 0 680 95 95 0 1800 1120 1025 0 1025 0 0 0 60468633 2278368 0 2204581 129474 65650 44406 8182293 26653944 4044005323 4044005323 0 3603494724 829560960 67.376787 67 67 89311 67000 49 147 120 160000 250000 117 155969 111063 12 16000 25000 12 16000 25000 14025
1790084596340490 10 0 0 10 10 10 0 0 0 0 0 0 677 97 97 0 1800 1123 1026 0 1026 0 0 0 60664419 2278476 0 2204607 129625 65729 44527 8182369 26784030 4049372156 4049372156 0 3607976684 829560960 67.235002 66 66 87978 66000 77 141 120 160000 250000 119 158635 113077 12 16000 25000 12 16000 25000 14036
1790084596572194 10 0 0 10 10 10 0 0 0 0 0 0 676 97 97 0 1800 1124 1027 0 1027 0 0 0 60895368 2278596 0 2204626 129782 65834 44693 8182525 26981573 4052567325 4052567325 0 3609475507 829560960 67.011705 66 66 87978 66000 1354 260 120 160000 250000 119 158635 113083 12 16000 25000 12 16000 25000 14042
1790084596654375 10 0 0 10 10 10 0 0 0 0 0 0 675 97 97 0 1800 1125 1028 0 1028 0 0 0 60977029 2278696 0 2204644 129915 65878 44754 8182678 27050025 4057653989 4057653989 0 3610973128 829560960 66.947669 68 68 90644 68000 787 312 120 160000 250000 119 158635 113088 12 16000 25000 12 16000 25000 14050
1790084596660144 10 0 0 10 10 10 0 0 0 0 0 0 674 97 97 0 1800 1126 1029 0 1029 0 0 0 60982452 2278780 0 2204656 129989 65887 44764 8182819 27053241 4061208563 4061208563 0 3612201075 829560960 66.960352 69 69 91977 69000 1108 390 120 160000 250000 119 158635 113094 12 16000 25000 12 16000 25000 14056
1790084596741305 10 0 0 10 10 10 0 0 0 0 0 0 673 97 97 0 1800 1127 1030 0 1030 0 0 0 61063161 2278888 0 2204685 130107 65920 44820 8182925 27112347 4062204083 4062204083 0 3613698806 829560960 66.897468 68 68 90644 68000 550 406 120 160000 250000 119 158635 113092 12 16000 25000 12 16000 25000 14058
1790084596777349 10 0 0 10 10 10 0 0 0 0 0 0 672 97 96 1 1800 1128 1031 0 1031 0 0 0 61098810 2278969 0 2204697 130228 65929 44830 8183079 27115598 4066347992 4062827922 0 3615189570 829560960 66.882186 68 68 90644 68000 64 373 120 160000 250000 119 158635 113102 12 16000 25000 12 16000 25000 14065
1790084596777598 10 0 0 10 10 10 0 0 0 0 0 0 672 96 96 0 1800 1128 1032 0 1032 0 0 0 61098810 2279049 0 2204713 130228 65937 44833 8183220 27115598 4066347992 4066347992 0 3615189570 829560960 66.882102 68 68 90644 68000 92 346 120 160000 250000 118 157302 112097 12 16000 25000 12 16000 25000 14064
1790084596824867 10 0 0 10 10 10 0 0 0 0 0 0 670 97 97 0 1800 1130 1033 0 1033 0 0 0 61145716 2279151 0 2204726 130345 65965 44873 8183268 27152751 4070629029 4070629029 0 3618189987 829560960 66.877647 68 68 90644 68000 100 323 120 160000 250000 119 158635 113107 12 16000 25000 12 16000 25000 14073
1790084596863233 10 0 0 10 10 10 0 0 0 0 0 0 669 97 97 0 1800 1131 1034 0 1034 0 0 0 61183655 2279253 0 2204740 130444 65986 44898 8183425 27174265 4074118155 4074118155 0 3619409172 829560960 66.855880 68 68 90644 68000 734 364 120 160000 250000 119 158635 113113 12 16000 25000 12 16000 25000 14080
1790084596879258 10 0 0 10 10 10 0 0 0 0 0 0 668 97 97 0 1800 1132 1035 0 1035 0 0 0 61199360 2279335 0 2204753 130521 65995 44905 8183548 27177462 4080852574 4080852574 0 3620922392 829560960 66.861987 68 68 90644 68000 887 416 120 160000 250000 119 158635 113113 12 16000 25000 12 16000 25000 14088
1790084596910105 10 0 0 10 10 10 0 0 0 0 0 0 667 97 97 0 1800 1133 1036 0 1036 0 0 0 61229816 2279425 0 2204767 130625 66025 44932 8183664 27201699 4081808835 4081808835 0 3622428314 829560960 66.852442 68 68 90644 68000 414 416 120 160000 250000 119 158635 113109 12 16000 25000 12 16000 25000 14089
1790084596933687 10 0 0 10 10 10 0 0 0 0 0 0 666 97 97 0 1800 1134 1037 0 1037 0 0 0 61252958 2279532 0 2204798 130752 66044 44953 8183807 27219789 4085339215 4085339215 0 3623920334 829560960 66.850374 66 66 87978 66000 22 379 120 160000 250000 119 158635 113115 12 16000 25000 12 16000 25000 14096
1790084597005611 10 0 0 10 10 10 0 0 0 0 0 0 665 97 97 0 1800 1135 1038 0 1038 0 0 0 61324395 2279633 0 2204814 130870 66083 45012 8183954 27278878 4086204913 4086204913 0 3625424339 829560960 66.797736 67 67 89311 67000 819 422 120 160000 250000 119 158635 113116 12 16000 25000 12 16000 25000 14097
1790084597043535 10 0 0 10 10 10 0 0 0 0 0 0 664 97 97 0 1800 1136 1039 0 1039 0 0 0 61361863 2279738 0 2204830 131000 66108 45042 8184093 27308708 4087189824 4087189824 0 3626925609 829560960 66.780796 66 66 87978 66000 133 395 120 160000 250000 119 158635 113118 12 16000 25000 12 16000 25000 14098
1790084597053193 10 0 0 10 10 10 0 0 0 0 0 0 663 97 97 0 1800 1137 1040 0 1040 0 0 0 61371157 2279820 0 2204841 131089 66121 45053 8184241 27314814 4088395976 4088395976 0 3628420534 829560960 66.793357 65 65 86645 65000 16 359 120 160000 250000 119 158635 113118 12 16000 25000 12 16000 25000 14099
1790084597076750 10 0 0 10 10 10 0 0 0 0 0 0 662 97 97 0 1800 1138 1041 0 1041 0 0 0 61394337 2279906 0 2204854 131192 66139 45074 8184364 27332656 4092761362 4092761362 0 3629920010 829560960 66.791410 64 64 85312 64000 141 339 120 160000 250000 119 158635 113125 12 16000 25000 12 16000 25000 14106
1790084597176137 10 0 0 10 10 10 0 0 0 0 0 0 661 97 97 0 1800 1139 1042 0 1042 0 0 0 61493186 2280022 0 2204869 131327 66186 45149 8184492 27415061 4094090029 4094090029 0 3631423625 829560960 66.710246 63 63 83979 63000 1038 408 120 160000 250000 119 158635 113126 12 16000 25000 12 16000 25000 14107
1790084597302556 10 0 0 10 10 10 0 0 0 0 0 0 660 97 97 0 1800 1140 1043 0 1043 0 0 0 61619026 2280126 0 2204884 131452 66255 45249 8184638 27520114 4094811212 4094811212 0 3632927267 829560960 66.601203 62 62 82646 62000 276 396 120 160000 250000 119 158635 113126 12 16000 25000 12 16000 25000 14108
1790084597339020 10 0 0 10 10 10 0 0 0 0 0 0 659 97 97 0 1800 1141 1044 0 1044 0 0 0 61655075 2280216 0 2204901 131556 66275 45274 8184782 27540561 4095372042 4095372042 0 3634435835 829560960 66.586060 61 61 81313 61000 86 367 120 160000 250000 119 158635 113127 12 16000 25000 12 16000 25000 14109
1790084597432561 10 0 0 10 10 10 0 0 0 0 0 0 658 97 97 0 1800 1142 1045 0 1045 0 0 0 61748103 2280311 0 2204918 131693 66323 45346 8184909 27616022 4099648681 4099648681 0 3635934733 829560960 66.511542 59 59 78647 59000 16 334 120 160000 250000 119 158635 113135 12 16000 25000 12 16000 25000 14117
1790084597449104 10 0 0 10 10 10 0 0 0 0 0 0 657 97 97 0 1800 1143 1046 0 1046 0 0 0 61764302 2280392 0 2204930 131761 66332 45354 8185062 27619058 4103952509 4103952509 0 3637439532 829560960 66.517043 59 59 78647 59000 293 331 120 160000 250000 119 158635 113143 12 16000 25000 12 16000 25000 14125
1790084597458505 10 0 0 10 10 10 0 0 0 0 0 0 656 97 97 0 1800 1144 1047 0 1047 0 0 0 61773352 2280476 0 2204943 131874 66347 45364 8185172 27625044 4108178584 4108178584 0 3638955000 829560960 66.530121 58 58 77314 58000 97 309 120 160000 250000 119 158635 113151 12 16000 25000 12 16000 25000 14133
1790084597528481 10 0 0 10 10 10 0 0 0 0 0 0 655 97 97 0 1800 1145 1048 0 1048 0 0 0 61842877 2280582 0 2204956 131985 66382 45421 8185285 27682104 4108923401 4108923401 0 3640453727 829560960 66.480166 58 58 77314 58000 533 332 120 160000 250000 119 158635 113152 12 16000 25000 12 16000 25000 14134
1790084597547886 10 0 0 10 10 10 0 0 0 0 0 0 654 97 97 0 1800 1146 1049 0 1049 0 0 0 61861902 2280668 0 2204969 132085 66398 45441 8185420 27696429 4109422519 4109422519 0 3641962715 829560960 66.482794 58 58 77314 58000 140 314 120 160000 250000 119 158635 113152 12 16000 25000 12 16000 25000 14135
1790084597553617 10 0 0 10 10 10 0 0 0 0 0 0 653 97 97 0 1800 1147 1050 0 1050 0 0 0 61867307 2280750 0 2204981 132153 66407 45450 8185558 27699379 4114487835 4114487835 0 3643457035 829560960 66.499323 58 58 77314 58000 110 295 120 160000 250000 119 158635 113161 12 16000 25000 12 16000 25000 14143
1790084597569979 10 0 0 10 10 10 0 0 0 0 0 0 652 97 97 0 1800 1148 1051 0 1051 0 0 0 61883359 2280841 0 2204993 132221 66417 45458 8185673 27702323 4118722160 4118722160 0 3644961240 829560960 66.504950 58 58 77314 58000 915 356 120 160000 250000 119 158635 113168 12 16000 25000 12 16000 25000 14151
1790084597575812 10 0 0 10 10 10 0 0 0 0 0 0 651 97 97 0 1800 1149 1052 0 1052 0 0 0 61888904 2280927 0 2205008 132292 66425 45465 8185769 27705251 4123061462 4123061462 0 3646452028 829560960 66.521270 59 59 78647 59000 554 376 120 160000 250000 119 158635 113177 12 16000 25000 12 16000 25000 14159
1790084597621793 10 0 0 10 10 10 0 0 0 0 0 0 650 97 97 0 1800 1150 1053 0 1053 0 0 0 61934509 2281020 0 2205022 132403 66451 45503 8185852 27741556 4127458060 4127458060 0 3647961957 829560960 66.496355 62 62 82646 62000 405 380 120 160000 250000 119 158635 113185 12 16000 25000 12 16000 25000 14168
1790084597632457 10 0 0 10 10 10 0 0 0 0 0 0 649 97 97 0 1800 1151 1054 0 1054 0 0 0 61944851 2281107 0 2205034 132472 66460 45513 8185980 27744452 4128968605 4128968605 0 3649459150 829560960 66.507789 64 64 85312 64000 986 440 120 160000 250000 119 158635 113188 12 16000 25000 12 16000 25000 14170
1790084597638823 10 0 0 10 10 10 0 0 0 0 0 0 648 97 97 0 1800 1152 1055 0 1055 0 0 0 61950903 2281198 0 2205047 132543 66470 45521 8186093 27747332 4133237156 4133237156 0 3650960973 829560960 66.523726 66 66 87978 66000 23 401 120 160000 250000 119 158635 113196 12 16000 25000 12 16000 25000 14178
1790084597753581 10 0 0 10 10 10 0 0 0 0 0 0 647 97 97 0 1800 1153 1056 0 1056 0 0 0 62065159 2281305 0 2205061 132669 66523 45610 8186193 27832397 4137539535 4137539535 0 3652468464 829560960 66.427836 69 69 91977 69000 160 378 120 160000 250000 119 158635 113204 12 16000 25000 12 16000 25000 14186
1790084597759412 10 0 0 10 10 10 0 0 0 0 0 0 646 97 97 0 1800 1154 1057 0 1057 0 0 0 62070640 2281396 0 2205073 132737 66532 45618 8186346 27835294 4141919551 4141919551 0 3653969423 829560960 66.444328 76 76 101308 76000 824 423 120 160000 250000 119 158635 113212 12 16000 25000 12 16000 25000 14194
1790084597804692 10 0 0 10 10 10 0 0 0 0 0 0 645 97 97 0 1800 1155 1058 0 1058 0 0 0 62115631 2281477 0 2205086 132799 66541 45625 8186456 27838152 4146183542 4146183542 0 3655464979 829560960 66.419971 80 80 106640 80000 560 437 120 160000 250000 119 158635 113220 12 16000 25000 12 16000 25000 14202
1790084597849755 10 0 0 10 10 10 0 0 0 0 0 0 644 97 97 0 1800 1156 1059 0 1059 0 0 0 62160404 2281559 0 2205097 132869 66562 45631 8186546 27841004 4150222933 4150222933 0 3656972310 829560960 66.396046 81 81 107973 81000 230 418 120 160000 250000 119 158635 113226 12 16000 25000 12 16000 25000 14208
1790084597924798 10 0 0 10 10 10 0 0 0 0 0 0 643 97 97 0 1800 1157 1060 0 1060 0 0 0 62235161 2281641 0 2205111 132940 66571 45638 8186642 27843850 4154501254 4154501254 0 3658477681 829560960 66.341279 87 87 115971 87000 242 402 120 160000 250000 119 158635 113235 12 16000 25000 12 16000 25000 14217
1790084597930864 10 0 0 10 10 10 0 0 0 0 0 0 642 97 97 0 1800 1158 1061 0 1061 0 0 0 62240944 2281720 0 2205122 133010 66580 45645 8186741 27846676 4158847372 4158847372 0 3659974846 829560960 66.357381 92 92 122636 92000 74 371 120 160000 250000 119 158635 113243 12 16000 25000 12 16000 25000 14225
1790084598025823 10 0 0 10 10 10 0 0 0 0 0 0 641 97 95 2 1800 1159 1062 0 1062 0 0 0 62335542 2281804 0 2205136 133153 66590 45654 8186837 27849521 4169087709 4159897268 0 3661472093 829560960 66.282247 95 95 126635 95000 156 351 120 160000 250000 119 158635 113262 12 16000 25000 12 16000 25000 14242
1790084598026050 10 0 0 10 10 10 0 0 0 0 0 0 641 96 95 1 1800 1159 1063 0 1063 0 0 0 62335542 2281880 0 2205152 133154 66597 45657 8186960 27849521 4169087709 4165022917 0 3661472093 829560960 66.282169 102 102 135966 102000 26 320 120 160000 250000 117 155969 112255 12 16000 25000 12 16000 25000 14240
1790084598026191 10 0 0 10 10 10 0 0 0 0 0 0 641 95 95 0 1800 1159 1064 0 1064 0 0 0 62335542 2281950 0 2205165 133155 66604 45659 8187004 27849521 4169087709 4169087709 0 3661472093 829560960 66.282097 109 109 145297 109000 71 297 120 160000 250000 117 155969 111254 12 16000 25000 12 16000 25000 14239
1790084598034846 10 0 0 10 10 10 0 0 0 0 0 0 638 97 97 0 1800 1162 1065 0 1065 0 0 0 62343945 2282031 0 2205176 133255 66613 45667 8187041 27852406 4170978193 4170978193 0 3665987881 829560960 66.340034 113 113 150629 113000 50 274 120 160000 250000 119 158635 113262 12 16000 25000 12 16000 25000 14245
1790084598111780 10 0 0 10 10 10 0 0 0 0 0 0 637 97 97 0 1800 1163 1066 0 1066 0 0 0 62420473 2282129 0 2205193 133362 66642 45707 8187147 27888999 4177699680 4177699680 0 3667493900 829560960 66.283667 119 119 158627 119000 283 276 120 160000 250000 119 158635 113271 12 16000 25000 12 16000 25000 14253
1790084598225657 10 0 0 10 10 10 0 0 0 0 0 0 636 97 97 0 1800 1164 1067 0 1067 0 0 0 62533775 2282231 0 2205209 133499 66702 45809 8187290 27981157 4182065193 4182065193 0 3668992278 829560960 66.189742 128 128 170624 128000 1419 389 120 160000 250000 119 158635 113277 12 16000 25000 12 16000 25000 14260
1790084598276942 10 0 0 10 10 10 0 0 0 0 0 0 635 97 97 0 1800 1165 1068 0 1068 0 0 0 62584631 2282332 0 2205222 133606 66726 45836 8187434 28004198 4186449510 4186449510 0 3670500839 829560960 66.159924 130 130 173290 130000 879 438 120 160000 250000 119 158635 113286 12 16000 25000 12 16000 25000 14268
1790084598288583 10 0 0 10 10 10 0 0 0 0 0 0 634 97 97 0 1800 1166 1069 0 1069 0 0 0 62595917 2282422 0 2205238 133691 66740 45847 8187570 28009419 4190751786 4190751786 0 3672032813 829560960 66.170843 133 133 177289 133000 345 430 120 160000 250000 119 158635 113293 12 16000 25000 12 16000 25000 14275
1790084598319046 10 0 0 10 10 10 0 0 0 0 0 0 633 97 97 0 1800 1167 1070 0 1070 0 0 0 62625993 2282513 0 2205252 133809 66760 45869 8187686 28024693 4193155675 4193155675 0 3673539482 829560960 66.162226 134 134 178622 134000 600 448 120 160000 250000 119 158635 113296 12 16000 25000 12 16000 25000 14277
1790084598357966 10 0 0 10 10 10 0 0 0 0 0 0 632 97 97 0 1800 1168 1071 0 1071 0 0 0 62664481 2282607 0 2205267 133920 66792 45903 8187823 28054646 4198546084 4198546084 0 3675046368 829560960 66.145049 134 134 178622 134000 63 411 120 160000 250000 119 158635 113304 12 16000 25000 12 16000 25000 14286
1790084598496887 10 0 0 10 10 10 0 0 0 0 0 0 631 97 97 0 1800 1169 1072 0 1072 0 0 0 62802814 2282725 0 2205290 134030 66867 46015 8187955 28158415 4203878384 4203878384 0 3676538103 829560960 66.026202 137 137 182621 137000 2124 579 120 160000 250000 119 158635 113313 12 16000 25000 12 16000 25000 14294
1790084598532710 10 0 0 10 10 10 0 0 0 0 0 0 630 97 97 0 1800 1170 1073 0 1073 0 0 0 62838300 2282812 0 2205304 134096 66876 46023 8188095 28161037 4208223255 4208223255 0 3678043750 829560960 66.012184 159 159 211947 159000 432 565 120 160000 250000 119 158635 113319 12 16000 25000 12 16000 25000 14301
1790084598541567 10 0 0 10 10 10 0 0 0 0 0 0 629 97 97 0 1800 1171 1074 0 1074 0 0 0 62846787 2282896 0 2205317 134186 66887 46034 8188246 28166178 4213680478 4213680478 0 3679546210 829560960 66.025497 171 171 227943 171000 196 514 120 160000 250000 119 158635 113327 12 16000 25000 12 16000 25000 14309
1790084598595393 10 0 0 10 10 10 0 0 0 0 0 0 628 97 97 0 1800 1172 1075 0 1075 0 0 0 62900182 2282987 0 2205330 134300 66923 46085 8188357 28208253 4219058717 4219058717 0 3681037430 829560960 65.993138 169 169 225277 169000 67 471 120 160000 250000 119 158635 113335 12 16000 25000 12 16000 25000 14317
1790084598689016 10 0 0 10 10 10 0 0 0 0 0 0 627 97 97 0 1800 1173 1076 0 1076 0 0 0 62993314 2283078 0 2205343 134412 66978 46159 8188487 28273960 4224456726 4224456726 0 3682534380 829560960 65.920761 161 161 214613 161000 100 436 120 160000 250000 119 158635 113343 12 16000 25000 12 16000 25000 14325
1790084598813200 10 0 0 10 10 10 0 0 0 0 0 0 626 97 97 0 1800 1174 1077 0 1077 0 0 0 63116889 2283202 0 2205375 134529 67054 46276 8188627 28372727 4227953246 4227953246 0 3684039525 829560960 65.818025 161 161 214613 161000 367 430 120 160000 250000 119 158635 113350 12 16000 25000 12 16000 25000 14331
1790084598818652 10 0 0 10 10 10 0 0 0 0 0 0 625 97 97 0 1800 1175 1078 0 1078 0 0 0 63121992 2283288 0 2205388 134616 67065 46284 8188765 28375313 4233393070 4233393070 0 3685557463 829560960 65.834937 160 160 213280 160000 738 461 120 160000 250000 119 158635 113358 12 16000 25000 12 16000 25000 14340
1790084598824626 10 0 0 10 10 10 0 0 0 0 0 0 624 97 97 0 1800 1176 1079 0 1079 0 0 0 63127668 2283381 0 2205401 134678 67075 46291 8188870 28377856 4237748502 4237748502 0 3687066553 829560960 65.851133 162 162 215946 162000 1233 537 120 160000 250000 119 158635 113366 12 16000 25000 12 16000 25000 14348
1790084598850503 10 0 0 10 10 10 0 0 0 0 0 0 623 97 97 0 1800 1177 1080 0 1080 0 0 0 63153190 2283470 0 2205414 134787 67095 46318 8188957 28396964 4238674367 4238674367 0 3688565901 829560960 65.847211 166 166 221278 166000 683 552 120 160000 250000 119 158635 113366 12 16000 25000 12 16000 25000 14349
1790084598987724 10 0 0 10 10 10 0 0 0 0 0 0 622 97 97 0 1800 1178 1081 0 1081 0 0 0 63289830 2283578 0 2205438 134926 67160 46407 8189098 28472297 4243758703 4243758703 0 3690061804 829560960 65.731648 157 157 209281 157000 13 501 120 160000 250000 119 158635 113375 12 16000 25000 12 16000 25000 14357
1790084599289768 10 0 0 10 10 10 0 0 0 0 0 0 621 97 97 0 1800 1179 1082 0 1082 0 0 0 63590924 2283684 0 2205454 135103 67311 46683 8189266 28714135 4245199584 4245199584 0 3691562826 829560960 65.452832 162 162 215946 162000 780 529 120 160000 250000 119 158635 113377 12 16000 25000 12 16000 25000 14360
1790084599329729 10 0 0 10 10 10 0 0 0 0 0 0 620 97 97 0 1800 1180 1083 0 1083 0 0 0 63630432 2283779 0 2205470 135208 67339 46720 8189423 28744377 4250557919 4250557919 0 3693120728 829560960 65.436046 154 154 205282 154000 34 482 120 160000 250000 119 158635 113386 12 16000 25000 12 16000 25000 14368
1790084599358194 10 0 0 10 10 10 0 0 0 0 0 0 619 97 97 0 1800 1181 1084 0 1084 0 0 0 63658465 2283881 0 2205483 135310 67370 46747 8189566 28765393 4254923963 4254923963 0 3694626082 829560960 65.429898 156 156 207948 156000 1456 578 120 160000 250000 119 158635 113394 12 16000 25000 12 16000 25000 14376
1790084599386480 10 0 0 10 10 10 0 0 0 0 0 0 618 97 97 0 1800 1182 1085 0 1085 0 0 0 63686281 2283979 0 2205503 135462 67392 46778 8189709 28786138 4256189185 4256189185 0 3696124789 829560960 65.423878 155 155 206615 155000 352 557 120 160000 250000 119 158635 113395 12 16000 25000 12 16000 25000 14377
1790084599392085 10 0 0 10 10 10 0 0 0 0 0 0 617 97 97 0 1800 1183 1086 0 1086 0 0 0 63691555 2284066 0 2205515 135535 67402 46786 8189842 28788545 4260525726 4260525726 0 3697631225 829560960 65.440338 160 160 213280 160000 145 518 120 160000 250000 119 158635 113401 12 16000 25000 12 16000 25000 14384
1790084599413126 10 0 0 10 10 10 0 0 0 0 0 0 616 97 97 0 1800 1184 1087 0 1087 0 0 0 63712249 2284152 0 2205529 135621 67415 46799 8189961 28795584 4262135562 4262135562 0 3699127287 829560960 65.441351 160 160 213280 160000 594 526 120 160000 250000 119 158635 113405 12 16000 25000 12 16000 25000 14387
1790084599427464 10 0 0 10 10 10 0 0 0 0 0 0 615 97 97 0 1800 1185 1088 0 1088 0 0 0 63726208 2284257 0 2205546 135702 67433 46814 8190099 28804803 4267498034 4267498034 0 3700627350 829560960 65.449081 156 156 207948 156000 38 479 120 160000 250000 119 158635 113413 12 16000 25000 12 16000 25000 14395
1790084599443795 10 0 0 10 10 10 0 0 0 0 0 0 614 97 97 0 1800 1186 1089 0 1089 0 0 0 63742176 2284344 0 2205560 135802 67452 46833 8190216 28816145 4272856466 4272856466 0 3702136701 829560960 65.454967 167 167 222611 167000 431 475 120 160000 250000 119 158635 113422 12 16000 25000 12 16000 25000 14404
1790084599477156 10 0 0 10 10 10 0 0 0 0 0 0 613 97 97 0 1800 1187 1090 0 1090 0 0 0 63775127 2284446 0 2205573 135899 67475 46865 8190344 28840867 4277308237 4277308237 0 3703640507 829560960 65.443926 172 172 229276 172000 1802 605 120 160000 250000 119 158635 113428 12 16000 25000 12 16000 25000 14410
1790084599502027 10 0 0 10 10 10 0 0 0 0 0 0 612 97 97 0 1800 1188 1091 0 1091 0 0 0 63799607 2284533 0 2205586 136000 67496 46892 8190475 28858684 4282420837 4282420837 0 3705145158 829560960 65.441311 169 169 225277 169000 208 568 120 160000 250000 119 158635 113437 12 16000 25000 12 16000 25000 14419
1790084599520907 10 0 0 10 10 10 0 0 0 0 0 0 611 97 97 0 1800 1189 1092 0 1092 0 0 0 63818104 2284622 0 2205598 136105 67514 46915 8190603 28871995 4287825063 4287825063 0 3706643577 829560960 65.444529 170 170 226610 170000 215 535 120 160000 250000 119 158635 113445 12 16000 25000 12 16000 25000 14427
1790084599525963 10 0 0 10 10 10 0 0 0 0 0 0 610 97 97 0 1800 1190 1093 0 1093 0 0 0 63822822 2284706 0 2205611 136198 67523 46923 8190726 28874283 4292143146 4292143146 0 3708146387 829560960 65.461455 175 175 233275 175000 1473 627 120 160000 250000 119 158635 113453 12 16000 25000 12 16000 25000 14435
1790084599553756 10 0 0 10 10 10 0 0 0 0 0 0 609 97 97 0 1800 1191 1094 0 1094 0 0 0 63850247 2284798 0 2205626 136294 67550 46950 8190830 28893938 4296629410 4296629410 0 3709639666 829560960 65.455751 183 183 243939 183000 544 620 120 160000 250000 119 158635 113460 12 16000 25000 12 16000 25000 14441
1790084599568194 10 0 0 10 10 10 0 0 0 0 0 0 608 97 97 0 1800 1192 1095 0 1095 0 0 0 63864364 2284888 0 2205638 136362 67559 46958 8190955 28896183 4302090958 4302090958 0 3710857515 829560960 65.459251 185 185 246605 185000 976 655 120 160000 250000 119 158635 113468 12 16000 25000 12 16000 25000 14449
1790084599584195 10 0 0 10 10 10 0 0 0 0 0 0 607 97 97 0 1800 1193 1096 0 1096 0 0 0 63880031 2284978 0 2205652 136455 67575 46978 8191048 28907062 4303744080 4303744080 0 3712359301 829560960 65.465308 193 193 257269 193000 1174 706 120 160000 250000 119 158635 113470 12 16000 25000 12 16000 25000 14452
1790084599624515 10 0 0 10 10 10 0 0 0 0 0 0 606 97 97 0 1800 1194 1097 0 1097 0 0 0 63919920 2285072 0 2205668 136573 67607 47019 8191163 28937090 4308845924 4308845924 0 3713852723 829560960 65.447284 191 191 254603 191000 304 667 120 160000 250000 119 158635 113478 12 16000 25000 12 16000 25000 14461
1790084599667429 10 0 0 10 10 10 0 0 0 0 0 0 605 97 97 0 1800 1195 1098 0 1098 0 0 0 63962373 2285181 0 2205684 136687 67638 47065 8191295 28968899 4311329748 4311329748 0 3715357451 829560960 65.426898 193 193 257269 193000 353 638 120 160000 250000 119 158635 113480 12 16000 25000 12 16000 25000 14463
1790084599728840 10 0 0 10 10 10 0 0 0 0 0 0 604 97 97 0 1800 1196 1099 0 1099 0 0 0 64023250 2285291 0 2205712 136822 67686 47125 8191440 29015063 4313033330 4313033330 0 3716860093 829560960 65.388333 195 195 259935 195000 369 613 120 160000 250000 119 158635 113483 12 16000 25000 12 16000 25000 14466
1790084599818765 10 0 0 10 10 10 0 0 0 0 0 0 603 97 97 0 1800 1197 1100 0 1100 0 0 0 64112609 2285402 0 2205726 136953 67739 47209 8191589 29075334 4318101447 4318101447 0 3718350538 829560960 65.321631 177 177 235941 177000 19 556 120 160000 250000 119 158635 113491 12 16000 25000 12 16000 25000 14474
1790084599847565 10 0 0 10 10 10 0 0 0 0 0 0 602 97 97 0 1800 1198 1101 0 1101 0 0 0 64140945 2285493 0 2205740 137089 67776 47239 8191733 29096097 4322216347 4322216347 0 3719888294 829560960 65.315754 178 178 237274 178000 1381 638 120 160000 250000 119 158635 113498 12 16000 25000 12 16000 25000 14481
1790084599876688 10 0 0 10 10 10 0 0 0 0 0 0 601 97 97 0 1800 1199 1102 0 1102 0 0 0 64169658 2285582 0 2205753 137190 67802 47271 8191869 29116551 4327542949 4327542949 0 3721385516 829560960 65.308932 179 179 238607 179000 1065 681 120 160000 250000 119 158635 113506 12 16000 25000 12 16000 25000 14490
1790084600003714 10 0 0 10 10 10 0 0 0 0 0 0 600 97 97 0 1800 1200 1103 0 1103 0 0 0 64296180 2285685 0 2205773 137309 67843 47340 8192007 29167583 4328021688 4328021688 0 3722602437 829560960 65.202159 180 180 239940 180000 1317 744 120 160000 250000 119 158635 113506 12 16000 25000 12 16000 25000 14490
1790084600052280 10 0 0 10 10 10 0 0 0 0 0 0 599 97 97 0 1800 1201 1104 0 1104 0 0 0 64344298 2285782 0 2205793 137408 67870 47386 8192160 29195994 4333393358 4333393358 0 3724105632 829560960 65.176492 190 190 253270 190000 145 687 120 160000 250000 119 158635 113515 12 16000 25000 12 16000 25000 14498
1790084600066906 10 0 0 10 10 10 0 0 0 0 0 0 598 97 97 0 1800 1202 1105 0 1105 0 0 0 64358547 2285882 0 2205805 137481 67880 47394 8192323 29198122 4337610409 4337610409 0 3725602236 829560960 65.183875 195 195 259935 195000 1267 744 120 160000 250000 119 158635 113523 12 16000 25000 12 16000 25000 14506
1790084600080203 10 0 0 10 10 10 0 0 0 0 0 0 597 97 97 0 1800 1203 1106 0 1106 0 0 0 64371491 2285980 0 2205820 137571 67895 47410 8192437 29206434 4341701910 4341701910 0 3727092789 829560960 65.192447 194 194 258602 194000 499 721 120 160000 250000 119 158635 113530 12 16000 25000 12 16000 25000 14513
1790084600105887 10 0 0 10 10 10 0 0 0 0 0 0 596 97 97 0 1800 1204 1107 0 1107 0 0 0 64396781 2286068 0 2205833 137680 67913 47435 8192557 29224557 4345831857 4345831857 0 3728605966 829560960 65.189277 192 192 255936 192000 251 676 120 160000 250000 119 158635 113537 12 16000 25000 12 16000 25000 14520
1790084600136665 10 0 0 10 10 10 0 0 0 0 0 0 595 97 97 0 1800 1205 1108 0 1108 0 0 0 64427120 2286162 0 2205847 137806 67939 47473 8192689 29246467 4350920680 4350920680 0 3729825481 829560960 65.176973 195 195 259935 195000 878 697 120 160000 250000 119 158635 113545 12 16000 25000 12 16000 25000 14528
1790084600229567 10 0 0 10 10 10 0 0 0 0 0 0 594 97 97 0 1800 1206 1109 0 1109 0 0 0 64519546 2286255 0 2205862 137913 67983 47546 8192820 29293598 4356380491 4356380491 0 3731327103 829560960 65.108145 198 198 263934 198000 863 714 120 160000 250000 119 158635 113553 12 16000 25000 12 16000 25000 14537
1790084600237536 10 0 0 10 10 10 0 0 0 0 0 0 593 97 97 0 1800 1207 1110 0 1110 0 0 0 64527143 2286353 0 2205885 138009 67996 47556 8192955 29297674 4360476149 4360476149 0 3732829308 829560960 65.122089 210 210 279930 210000 1481 790 120 160000 250000 119 158635 113560 12 16000 25000 12 16000 25000 14544
1790084600242171 10 0 0 10 10 10 0 0 0 0 0 0 592 97 97 0 1800 1208 1111 0 1111 0 0 0 64531436 2286446 0 2205897 138095 68005 47562 8193081 29299742 4366995713 4366995713 0 3734355642 829560960 65.139599 215 215 286595 215000 747 786 120 160000 250000 119 158635 113568 12 16000 25000 12 16000 25000 14552
1790084600257234 10 0 0 10 10 10 0 0 0 0 0 0 591 97 97 0 1800 1209 1112 0 1112 0 0 0 64546174 2286534 0 2205913 138178 68019 47580 8193181 29309612 4367508246 4367508246 0 3735832465 829560960 65.146222 230 230 306590 230000 1391 846 120 160000 250000 119 158635 113569 12 16000 25000 12 16000 25000 14552
1790084600376822 10 0 0 10 10 10 0 0 0 0 0 0 590 97 97 0 1800 1210 1113 0 1113 0 0 0 64665182 2286641 0 2205931 138349 68072 47667 8193303 29368604 4371043527 4371043527 0 3737336172 829560960 65.051739 240 240 319920 240000 34 768 120 160000 250000 119 158635 113575 12 16000 25000 12 16000 25000 14559
1790084600456054 10 0 0 10 10 10 0 0 0 0 0 0 589 97 96 1 1800 1211 1114 0 1114 0 0 0 64743809 2286738 0 2205948 138531 68127 47753 8193450 29427238 4380798277 4376340274 0 3738839015 829560960 64.996720 260 260 346580 260000 222 716 120 160000 250000 119 158635 113592 12 16000 25000 12 16000 25000 14574
1790084600456316 10 0 0 10 10 10 0 0 0 0 0 0 589 96 96 0 1800 1211 1115 0 1115 0 0 0 64743809 2286822 0 2205966 138531 68135 47756 8193599 29427238 4380798277 4380798277 0 3738839015 829560960 64.996639 265 265 353245 265000 1808 823 120 160000 250000 118 157302 112588 12 16000 25000 12 16000 25000 14573
1790084600526339 10 0 0 10 10 10 0 0 0 0 0 0 587 97 97 0 1800 1213 1116 0 1116 0 0 0 64813426 2286918 0 2205982 138666 68170 47816 8193647 29462729 4382793864 4382793864 0 3741840921 829560960 64.971777 259 259 345247 259000 296 772 120 160000 250000 119 158635 113594 12 16000 25000 12 16000 25000 14577
1790084600742270 10 0 0 10 10 10 0 0 0 0 0 0 586 97 97 0 1800 1214 1117 0 1117 0 0 0 65028511 2287039 0 2206011 138818 68321 48024 8193811 29608310 4384998406 4384998406 0 3743335567 829560960 64.785239 247 247 329251 247000 61 704 120 160000 250000 119 158635 113597 12 16000 25000 12 16000 25000 14580
1790084600748038 10 0 0 10 10 10 0 0 0 0 0 0 585 97 96 1 1800 1215 1118 0 1118 0 0 0 65033876 2287122 0 2206022 138940 68330 48033 8193970 29610258 4391209298 4385891506 0 3744840066 829560960 64.801309 247 247 329251 247000 538 689 120 160000 250000 119 158635 113606 12 16000 25000 12 16000 25000 14589
1790084600748261 10 0 0 10 10 10 0 0 0 0 0 0 585 96 96 0 1800 1215 1119 0 1119 0 0 0 65033876 2287201 0 2206042 138940 68338 48036 8194084 29610258 4391209298 4391209298 0 3744840066 829560960 64.801233 243 243 323919 243000 135 636 120 160000 250000 118 157302 112603 12 16000 25000 12 16000 25000 14587
1790084600879938 10 0 0 10 10 10 0 0 0 0 0 0 583 97 97 0 1800 1217 1120 0 1120 0 0 0 65164981 2287297 0 2206056 139089 68427 48177 8194140 29705807 4396573648 4396573648 0 3747828221 829560960 64.717436 257 257 342581 257000 1122 685 120 160000 250000 119 158635 113614 12 16000 25000 12 16000 25000 14597
1790084600892068 10 0 0 10 10 10 0 0 0 0 0 0 582 97 97 0 1800 1218 1121 0 1121 0 0 0 65176696 2287396 0 2206078 139203 68442 48192 8194289 29713118 4400790727 4400790727 0 3749331884 829560960 64.727359 245 245 326585 245000 125 631 120 160000 250000 119 158635 113622 12 16000 25000 12 16000 25000 14605
1790084600920391 10 0 0 10 10 10 0 0 0 0 0 0 581 97 97 0 1800 1219 1122 0 1122 0 0 0 65204588 2287487 0 2206091 139325 68471 48225 8194419 29732640 4407432798 4407432798 0 3750815492 829560960 64.721486 243 243 323919 243000 300 600 120 160000 250000 119 158635 113630 12 16000 25000 12 16000 25000 14613
1790084600979225 10 0 0 10 10 10 0 0 0 0 0 0 580 97 97 0 1800 1220 1123 0 1123 0 0 0 65262921 2287593 0 2206105 139448 68514 48292 8194556 29774755 4412438639 4412438639 0 3752034075 829560960 64.682698 251 251 334583 251000 1164 656 120 160000 250000 119 158635 113638 12 16000 25000 12 16000 25000 14621
1790084600983846 10 0 0 10 10 10 0 0 0 0 0 0 579 97 97 0 1800 1221 1124 0 1124 0 0 0 65267200 2287688 0 2206117 139523 68523 48301 8194689 29776616 4415844774 4415844774 0 3753541188 829560960 64.699786 274 274 365242 274000 383 630 120 160000 250000 119 158635 113645 12 16000 25000 12 16000 25000 14627
1790084601098131 10 0 0 10 10 10 0 0 0 0 0 0 578 97 97 0 1800 1222 1125 0 1125 0 0 0 65380844 2287805 0 2206133 139684 68599 48423 8194799 29859687 4420065837 4420065837 0 3755044662 829560960 64.612205 290 290 386570 290000 491 618 120 160000 250000 119 158635 113653 12 16000 25000 12 16000 25000 14635
1790084601179545 10 0 0 10 10 10 0 0 0 0 0 0 577 97 97 0 1800 1223 1126 0 1126 0 0 0 65461676 2287905 0 2206149 139826 68649 48514 8194958 29917956 4421180069 4421180069 0 3756538179 829560960 64.556044 289 289 385237 289000 322 590 120 160000 250000 119 158635 113654 12 16000 25000 12 16000 25000 14637
1790084601194309 10 0 0 10 10 10 0 0 0 0 0 0 576 97 97 0 1800 1224 1127 0 1127 0 0 0 65476084 2287994 0 2206164 139892 68658 48522 8195111 29919761 4425702300 4425702300 0 3758034029 829560960 64.563286 282 282 375906 282000 91 543 120 160000 250000 119 158635 113661 12 16000 25000 12 16000 25000 14643
1790084601203653 10 0 0 10 10 10 0 0 0 0 0 0 575 97 97 0 1800 1225 1128 0 1128 0 0 0 65485082 2288096 0 2206177 139974 68674 48535 8195222 29924942 4431058072 4431058072 0 3759527658 829560960 64.575634 276 276 367908 276000 266 517 120 160000 250000 119 158635 113667 12 16000 25000 12 16000 25000 14650
1790084601233484 10 0 0 10 10 10 0 0 0 0 0 0 574 97 97 0 1800 1226 1129 0 1129 0 0 0 65514500 2288197 0 2206199 140078 68706 48572 8195337 29945018 4436460910 4436460910 0 3761038454 829560960 64.568770 277 277 369241 277000 669 533 120 160000 250000 119 158635 113674 12 16000 25000 12 16000 25000 14657
1790084601237810 10 0 0 10 10 10 0 0 0 0 0 0 573 97 97 0 1800 1227 1130 0 1130 0 0 0 65518504 2288279 0 2206211 140151 68716 48579 8195468 29946752 4441546926 4441546926 0 3762254790 829560960 64.581987 308 308 410564 308000 302 511 120 160000 250000 119 158635 113683 12 16000 25000 12 16000 25000 14665
1790084601252757 10 0 0 10 10 10 0 0 0 0 0 0 572 97 97 0 1800 1228 1131 0 1131 0 0 0 65533164 2288360 0 2206225 140213 68725 48587 8195576 29948485 4446601789 4446601789 0 3763755063 829560960 64.589046 307 307 409231 307000 764 536 120 160000 250000 119 158635 113691 12 16000 25000 12 16000 25000 14673
1790084601304462 10 0 0 10 10 10 0 0 0 0 0 0 571 97 97 0 1800 1229 1132 0 1132 0 0 0 65584447 2288477 0 2206239 140318 68759 48635 8195665 29976194 4448317266 4448317266 0 3765268529 829560960 64.561398 310 310 413230 310000 102 495 120 160000 250000 119 158635 113695 12 16000 25000 12 16000 25000 14676
1790084601379805 10 0 0 10 10 10 0 0 0 0 0 0 570 97 97 0 1800 1230 1133 0 1133 0 0 0 65659226 2288587 0 2206252 140449 68818 48726 8195804 30029459 4454845020 4454845020 0 3766767334 829560960 64.511278 304 304 405232 304000 423 489 120 160000 250000 119 158635 113703 12 16000 25000 12 16000 25000 14684
1790084601479211 10 0 0 10 10 10 0 0 0 0 0 0 569 97 97 0 1800 1231 1134 0 1134 0 0 0 65758022 2288691 0 2206269 140596 68880 48843 8195947 30099925 4455569246 4455569246 0 3768267709 829560960 64.438544 311 311 414563 311000 1568 595 120 160000 250000 119 158635 113703 12 16000 25000 12 16000 25000 14685
1790084601521306 10 0 0 10 10 10 0 0 0 0 0 0 568 97 97 0 1800 1232 1135 0 1135 0 0 0 65799612 2288792 0 2206282 140712 68917 48897 8196118 30128785 4460950041 4460950041 0 3769777022 829560960 64.420228 313 313 417229 313000 187 556 120 160000 250000 119 158635 113710 12 16000 25000 12 16000 25000 14691
1790084601530916 10 0 0 10 10 10 0 0 0 0 0 0 567 97 97 0 1800 1233 1136 0 1136 0 0 0 65808815 2288897 0 2206301 140805 68932 48911 8196277 30133732 4466345347 4466345347 0 3771281849 829560960 64.432497 315 315 419895 315000 954 595 120 160000 250000 119 158635 113717 12 16000 25000 12 16000 25000 14698
1790084601625500 10 0 0 10 10 10 0 0 0 0 0 0 566 97 97 0 1800 1234 1137 0 1137 0 0 0 65902837 2289015 0 2206323 140937 68994 49001 8196405 30186229 4470653914 4470653914 0 3772787776 829560960 64.364607 337 337 449221 337000 400 577 120 160000 250000 119 158635 113726 12 16000 25000 12 16000 25000 14706
1790084601726048 10 0 0 10 10 10 0 0 0 0 0 0 565 97 97 0 1800 1235 1138 0 1138 0 0 0 66002756 2289128 0 2206336 141070 69067 49127 8196551 30256499 4474916049 4474916049 0 3774290232 829560960 64.291309 335 335 446555 335000 316 552 120 160000 250000 119 158635 113734 12 16000 25000 12 16000 25000 14714
1790084601732695 10 0 0 10 10 10 0 0 0 0 0 0 564 97 97 0 1800 1236 1139 0 1139 0 0 0 66009045 2289215 0 2206349 141150 69081 49138 8196696 30259650 4479195394 4479195394 0 3775788661 829560960 64.306231 332 332 442556 332000 902 587 120 160000 250000 119 158635 113742 12 16000 25000 12 16000 25000 14723
1790084601819616 10 0 0 10 10 10 0 0 0 0 0 0 563 97 97 0 1800 1237 1140 0 1140 0 0 0 66095351 2289318 0 2206367 141317 69142 49257 8196819 30319837 4483566195 4483566195 0 3777293129 829560960 64.245956 342 342 455886 342000 1239 651 120 160000 250000 119 158635 113750 12 16000 25000 12 16000 25000 14731
1790084601838702 10 0 0 10 10 10 0 0 0 0 0 0 562 97 97 0 1800 1238 1141 0 1141 0 0 0 66114018 2289409 0 2206380 141418 69161 49283 8196972 30331831 4487774177 4487774177 0 3778799008 829560960 64.249333 345 345 459885 345000 282 616 120 160000 250000 119 158635 113758 12 16000 25000 12 16000 25000 14739
1790084601866344 10 0 0 10 10 10 0 0 0 0 0 0 561 97 97 0 1800 1239 1142 0 1142 0 0 0 66141243 2289498 0 2206394 141516 69186 49320 8197112 30349509 4492108054 4492108054 0 3780304460 829560960 64.244668 341 341 454553 341000 510 606 120 160000 250000 119 158635 113766 12 16000 25000 12 16000 25000 14747
1790084601875635 10 0 0 10 10 10 0 0 0 0 0 0 560 97 97 0 1800 1240 1143 0 1143 0 0 0 66150162 2289587 0 2206406 141598 69215 49333 8197251 30353992 4497638177 4497638177 0 3781801000 829560960 64.257066 343 343 457219 343000 1313 676 120 160000 250000 119 158635 113775 12 16000 25000 12 16000 25000 14755
1790084601895934 10 0 0 10 10 10 0 0 0 0 0 0 559 97 97 0 1800 1241 1144 0 1144 0 0 0 66170102 2289678 0 2206422 141690 69232 49350 8197373 30359906 4502749969 4502749969 0 3783292140 829560960 64.259037 345 345 459885 345000 1281 736 120 160000 250000 119 158635 113783 12 16000 25000 12 16000 25000 14763
1790084601957471 10 0 0 10 10 10 0 0 0 0 0 0 558 97 96 1 1800 1242 1145 0 1145 0 0 0 66231100 2289794 0 2206437 141839 69281 49420 8197502 30394044 4511430665 4507053060 0 3784786624 829560960 64.222524 345 345 459885 345000 1201 783 120 160000 250000 119 158635 113801 12 16000 25000 12 16000 25000 14780
1790084601957729 10 0 0 10 10 10 0 0 0 0 0 0 558 96 96 0 1800 1242 1146 0 1146 0 0 0 66231100 2289883 0 2206454 141839 69289 49423 8197641 30394044 4511430665 4511430665 0 3784786624 829560960 64.222441 344 344 458552 344000 293 736 120 160000 250000 118 157302 112796 12 16000 25000 12 16000 25000 14778
1790084602038465 10 0 0 10 10 10 0 0 0 0 0 0 556 97 97 0 1800 1244 1147 0 1147 0 0 0 66311266 2290013 0 2206469 142035 69348 49528 8197685 30447527 4515708059 4515708059 0 3787781722 829560960 64.188907 349 349 465217 349000 1226 785 120 160000 250000 119 158635 113807 12 16000 25000 12 16000 25000 14788
1790084602110855 10 0 0 10 10 10 0 0 0 0 0 0 555 97 97 0 1800 1245 1148 0 1148 0 0 0 66383070 2290107 0 2206484 142177 69407 49629 8197842 30496089 4522412418 4522412418 0 3789279688 829560960 64.142506 352 352 469216 352000 636 771 120 160000 250000 119 158635 113816 12 16000 25000 12 16000 25000 14796
1790084602121594 10 0 0 10 10 10 0 0 0 0 0 0 554 97 97 0 1800 1246 1149 0 1149 0 0 0 66393431 2290197 0 2206498 142265 69427 49646 8197985 30501846 4528941498 4528941498 0 3790780002 829560960 64.153578 410 410 546530 410000 290 725 120 160000 250000 119 158635 113824 12 16000 25000 12 16000 25000 14804
1790084602271506 10 0 0 10 10 10 0 0 0 0 0 0 553 97 97 0 1800 1247 1150 0 1150 0 0 0 66542575 2290304 0 2206519 142424 69538 49843 8198120 30603376 4534131433 4534131433 0 3792279060 829560960 64.035243 384 384 511872 384000 151 670 120 160000 250000 119 158635 113832 12 16000 25000 12 16000 25000 14813
1790084602299571 10 0 0 10 10 10 0 0 0 0 0 0 552 97 97 0 1800 1248 1151 0 1151 0 0 0 66570236 2290405 0 2206533 142522 69554 49863 8198268 30607576 4538397101 4538397101 0 3793498931 829560960 64.026321 385 385 513205 385000 1250 727 120 160000 250000 119 158635 113839 12 16000 25000 12 16000 25000 14820
1790084602321837 10 0 0 10 10 10 0 0 0 0 0 0 551 97 97 0 1800 1249 1152 0 1152 0 0 0 66592094 2290498 0 2206547 142631 69575 49895 8198397 30620991 4545168126 4545168126 0 3795007338 829560960 64.026801 384 384 511872 384000 1078 762 120 160000 250000 119 158635 113848 12 16000 25000 12 16000 25000 14828
1790084602328301 10 0 0 10 10 10 0 0 0 0 0 0 550 97 97 0 1800 1250 1153 0 1153 0 0 0 66598217 2290584 0 2206560 142714 69587 49908 8198524 30623707 4550148179 4550148179 0 3796529397 829560960 64.042101 375 375 499875 375000 211 709 120 160000 250000 119 158635 113856 12 16000 25000 12 16000 25000 14836
1790084602369065 10 0 0 10 10 10 0 0 0 0 0 0 549 97 97 0 1800 1251 1154 0 1154 0 0 0 66638507 2290679 0 2206574 142821 69636 49964 8198654 30649670 4553970127 4553970127 0 3798027889 829560960 64.025312 372 372 495876 372000 582 697 120 160000 250000 119 158635 113861 12 16000 25000 12 16000 25000 14842
1790084602413214 10 0 0 10 10 10 0 0 0 0 0 0 548 97 95 2 1800 1252 1155 0 1155 0 0 0 66682257 2290766 0 2206589 142965 69646 49972 8198783 30651064 4573738408 4560522395 0 3799522350 829560960 64.005283 373 373 497209 373000 787 707 120 160000 250000 119 158635 113887 12 16000 25000 12 16000 25000 14867
1790084602413455 10 0 0 10 10 10 0 0 0 0 0 0 548 96 95 1 1800 1252 1156 0 1156 0 0 0 66682257 2290855 0 2206606 142965 69653 49975 8198907 30651064 4573738408 4567170649 0 3799522350 829560960 64.005200 377 377 502541 377000 383 676 120 160000 250000 117 155969 112882 12 16000 25000 12 16000 25000 14865
1790084602413598 10 0 0 10 10 10 0 0 0 0 0 0 548 95 95 0 1800 1252 1157 0 1157 0 0 0 66682257 2290927 0 2206621 142965 69664 49978 8198947 30651064 4573738408 4573738408 0 3799522350 829560960 64.005134 295 295 393235 295000 39 615 120 160000 250000 117 155969 111880 12 16000 25000 12 16000 25000 14864
1790084602452827 10 0 0 10 10 10 0 0 0 0 0 0 545 97 97 0 1800 1255 1158 0 1158 0 0 0 66721202 2291013 0 2206633 143071 69685 49988 8198988 30653741 4580375224 4580375224 0 3804036514 829560960 64.031315 292 292 389236 292000 363 591 120 160000 250000 119 158635 113894 12 16000 25000 12 16000 25000 14875
1790084602490593 10 0 0 10 10 10 0 0 0 0 0 0 544 97 97 0 1800 1256 1159 0 1159 0 0 0 66758487 2291108 0 2206648 143207 69727 50041 8199115 30677188 4586986082 4586986082 0 3805535086 829560960 64.017349 269 269 358577 269000 90 543 120 160000 250000 119 158635 113901 12 16000 25000 12 16000 25000 14883
1790084602518777 10 0 0 10 10 10 0 0 0 0 0 0 543 97 97 0 1800 1257 1160 0 1160 0 0 0 66786214 2291210 0 2206663 143328 69761 50081 8199251 30694408 4592588852 4592588852 0 3806771425 829560960 64.008628 263 263 350579 263000 192 510 120 160000 250000 119 158635 113908 12 16000 25000 12 16000 25000 14890
1790084602562560 10 0 0 10 10 10 0 0 0 0 0 0 542 97 95 2 1800 1258 1161 0 1161 0 0 0 66829585 2291294 0 2206677 143486 69769 50088 8199385 30695714 4602436219 4596843511 0 3808268997 829560960 63.989049 262 262 349246 262000 1076 566 120 160000 250000 119 158635 113926 12 16000 25000 12 16000 25000 14906
1790084602562782 10 0 0 10 10 10 0 0 0 0 0 0 542 96 95 1 1800 1258 1162 0 1162 0 0 0 66829585 2291370 0 2206693 143486 69776 50091 8199502 30695714 4602436219 4597476544 0 3808268997 829560960 63.988979 261 261 347913 261000 141 525 120 160000 250000 118 157302 112921 12 16000 25000 12 16000 25000 14904
1790084602562938 10 0 0 10 10 10 0 0 0 0 0 0 542 95 95 0 1800 1258 1163 0 1163 0 0 0 66829585 2291444 0 2206709 143486 69783 50094 8199557 30695714 4602436219 4602436219 0 3808268997 829560960 63.988910 248 248 330584 248000 12 476 120 160000 250000 117 155969 111917 12 16000 25000 12 16000 25000 14903
1790084602582859 10 0 0 10 10 10 0 0 0 0 0 0 539 97 97 0 1800 1261 1164 0 1164 0 0 0 66849149 2291538 0 2206723 143634 69805 50122 8199601 30705349 4607464554 4607464554 0 3812207477 829560960 64.025041 235 235 313255 235000 102 441 120 160000 250000 119 158635 113931 12 16000 25000 12 16000 25000 14913
1790084602620617 10 0 0 10 10 10 0 0 0 0 0 0 538 97 97 0 1800 1262 1165 0 1165 0 0 0 66886501 2291630 0 2206738 143731 69832 50156 8199739 30715829 4609624465 4609624465 0 3813770226 829560960 64.011930 238 238 317254 238000 846 482 120 160000 250000 119 158635 113934 12 16000 25000 12 16000 25000 14916
1790084602664088 10 0 0 10 10 10 0 0 0 0 0 0 537 97 96 1 1800 1263 1166 0 1166 0 0 0 66929608 2291715 0 2206750 143845 69841 50164 8199866 30717051 4614856797 4614038094 0 3815256589 829560960 63.992467 246 246 327918 246000 586 493 120 160000 250000 119 158635 113942 12 16000 25000 12 16000 25000 14924
1790084602664303 10 0 0 10 10 10 0 0 0 0 0 0 537 96 96 0 1800 1263 1167 0 1167 0 0 0 66929608 2291790 0 2206766 143845 69849 50167 8199975 30717051 4614856797 4614856797 0 3815256589 829560960 63.992397 243 243 323919 243000 184 464 120 160000 250000 118 157302 112938 12 16000 25000 12 16000 25000 14923
1790084602680959 10 0 0 10 10 10 0 0 0 0 0 0 535 97 97 0 1800 1265 1168 0 1168 0 0 0 66945954 2291890 0 2206781 143951 69870 50193 8200012 30725076 4621581684 4621581684 0 3818250828 829560960 64.018440 243 243 323919 243000 133 433 120 160000 250000 119 158635 113949 12 16000 25000 12 16000 25000 14932
1790084602725102 10 0 0 10 10 10 0 0 0 0 0 0 534 97 97 0 1800 1266 1169 0 1169 0 0 0 66989578 2291999 0 2206796 144089 69906 50249 8200157 30753049 4622001539 4622001539 0 3819758288 829560960 63.998779 245 245 326585 245000 1447 533 120 160000 250000 119 158635 113950 12 16000 25000 12 16000 25000 14933
1790084602749768 10 0 0 10 10 10 0 0 0 0 0 0 533 97 97 0 1800 1267 1170 0 1170 0 0 0 67013803 2292091 0 2206809 144206 69933 50282 8200301 30768333 4626141009 4626141009 0 3821258488 829560960 63.996968 250 250 333250 250000 86 490 120 160000 250000 119 158635 113957 12 16000 25000 12 16000 25000 14939
1790084602796220 10 0 0 10 10 10 0 0 0 0 0 0 532 97 97 0 1800 1268 1171 0 1171 0 0 0 67059735 2292217 0 2206823 144331 69973 50352 8200434 30798303 4632809909 4632809909 0 3822762102 829560960 63.975143 249 249 331917 249000 292 472 120 160000 250000 119 158635 113965 12 16000 25000 12 16000 25000 14947
1790084602917797 10 0 0 10 10 10 0 0 0 0 0 0 531 97 97 0 1800 1269 1172 0 1172 0 0 0 67180598 2292316 0 2206837 144497 70064 50524 8200578 30878583 4638089919 4638089919 0 3824249870 829560960 63.884176 248 248 330584 248000 701 495 120 160000 250000 119 158635 113973 12 16000 25000 12 16000 25000 14955
1790084602952024 10 0 0 10 10 10 0 0 0 0 0 0 530 97 97 0 1800 1270 1173 0 1173 0 0 0 67214336 2292426 0 2206852 144612 70102 50571 8200734 30900062 4639842340 4639842340 0 3825467802 829560960 63.869777 251 251 334583 251000 1167 561 120 160000 250000 119 158635 113975 12 16000 25000 12 16000 25000 14958
1790084602992175 10 0 0 10 10 10 0 0 0 0 0 0 529 97 97 0 1800 1271 1174 0 1174 0 0 0 67253972 2292522 0 2206867 144761 70141 50631 8200876 30925200 4644798868 4644798868 0 3826965344 829560960 63.853823 250 250 333250 250000 397 546 120 160000 250000 119 158635 113983 12 16000 25000 12 16000 25000 14965
1790084603104465 10 0 0 10 10 10 0 0 0 0 0 0 528 97 97 0 1800 1272 1175 0 1175 0 0 0 67365566 2292628 0 2206882 144922 70232 50783 8201023 30997901 4649871368 4649871368 0 3828192304 829560960 63.768229 253 253 337249 253000 699 562 120 160000 250000 119 158635 113991 12 16000 25000 12 16000 25000 14973
1790084603129755 10 0 0 10 10 10 0 0 0 0 0 0 527 97 97 0 1800 1273 1176 0 1176 0 0 0 67390497 2292720 0 2206898 144992 70242 50795 8201176 30999369 4654920510 4654920510 0 3829694935 829560960 63.765895 259 259 345247 259000 1031 609 120 160000 250000 119 158635 113999 12 16000 25000 12 16000 25000 14981
1790084603216744 10 0 0 10 10 10 0 0 0 0 0 0 526 97 97 0 1800 1274 1177 0 1177 0 0 0 67476895 2292826 0 2206917 145143 70295 50885 8201331 31041457 4659313281 4659313281 0 3831195909 829560960 63.707351 252 252 335916 252000 113 562 120 160000 250000 119 158635 114007 12 16000 25000 12 16000 25000 14990
1790084603225097 10 0 0 10 10 10 0 0 0 0 0 0 525 97 97 0 1800 1275 1178 0 1178 0 0 0 67484839 2292928 0 2206930 145246 70311 50900 8201480 31045375 4663708105 4663708105 0 3832707229 829560960 63.720661 250 250 333250 250000 439 551 120 160000 250000 119 158635 114016 12 16000 25000 12 16000 25000 14998
1790084603249095 10 0 0 10 10 10 0 0 0 0 0 0 524 97 97 0 1800 1276 1179 0 1179 0 0 0 67508487 2293013 0 2206943 145329 70325 50908 8201618 31046729 4664280126 4664280126 0 3834217276 829560960 63.719627 253 253 337249 253000 910 587 120 160000 250000 119 158635 114016 12 16000 25000 12 16000 25000 14998
1790084603272546 10 0 0 10 10 10 0 0 0 0 0 0 523 97 97 0 1800 1277 1180 0 1180 0 0 0 67531519 2293107 0 2206957 145444 70354 50939 8201741 31061035 4666342282 4666342282 0 3835444768 829560960 63.715288 235 235 313255 235000 11 532 120 160000 250000 119 158635 114019 12 16000 25000 12 16000 25000 15000
1790084603341292 10 0 0 10 10 10 0 0 0 0 0 0 522 97 97 0 1800 1278 1181 0 1181 0 0 0 67599654 2293205 0 2206973 145625 70406 51035 8201883 31105627 4667946295 4667946295 0 3836942560 829560960 63.673523 243 243 323919 243000 343 514 120 160000 250000 119 158635 114022 12 16000 25000 12 16000 25000 15003
1790084603403584 10 0 0 10 10 10 0 0 0 0 0 0 521 97 97 0 1800 1279 1182 0 1182 0 0 0 67661390 2293301 0 2206988 145760 70458 51118 8202036 31145804 4674464733 4674464733 0 3838443674 829560960 63.637707 243 243 323919 243000 417 506 120 160000 250000 119 158635 114030 12 16000 25000 12 16000 25000 15011
1790084603449141 10 0 0 10 10 10 0 0 0 0 0 0 520 97 97 0 1800 1280 1183 0 1183 0 0 0 67706442 2293399 0 2207003 145884 70498 51180 8202185 31174568 4674956317 4674956317 0 3839953614 829560960 63.617232 243 243 323919 243000 1276 582 120 160000 250000 119 158635 114031 12 16000 25000 12 16000 25000 15011
1790084603530734 10 0 0 10 10 10 0 0 0 0 0 0 519 97 97 0 1800 1281 1184 0 1184 0 0 0 67787440 2293511 0 2207019 146018 70558 51289 8202326 31227238 4679191632 4679191632 0 3841457886 829560960 63.564073 242 242 322586 242000 112 537 120 160000 250000 119 158635 114039 12 16000 25000 12 16000 25000 15019
1790084603607924 10 0 0 10 10 10 0 0 0 0 0 0 518 97 97 0 1800 1282 1185 0 1185 0 0 0 67864059 2293613 0 2207037 146152 70623 51364 8202488 31263319 4684497847 4684497847 0 3842958275 829560960 63.514958 241 241 321253 241000 870 570 120 160000 250000 119 158635 114046 12 16000 25000 12 16000 25000 15028
1790084603619543 10 0 0 10 10 10 0 0 0 0 0 0 517 97 97 0 1800 1283 1186 0 1186 0 0 0 67875256 2293701 0 2207049 146248 70642 51380 8202669 31268756 4686634182 4686634182 0 3844458107 829560960 63.525127 241 241 321253 241000 428 551 120 160000 250000 119 158635 114049 12 16000 25000 12 16000 25000 15031
1790084603666434 10 0 0 10 10 10 0 0 0 0 0 0 516 97 97 0 1800 1284 1187 0 1187 0 0 0 67921689 2293806 0 2207066 146362 70673 51429 8202798 31291123 4691928272 4691928272 0 3845949692 829560960 63.503283 242 242 322586 242000 670 563 120 160000 250000 119 158635 114057 12 16000 25000 12 16000 25000 15039
1790084603704823 10 0 0 10 10 10 0 0 0 0 0 0 515 97 97 0 1800 1285 1188 0 1188 0 0 0 67959538 2293926 0 2207094 146520 70711 51479 8202941 31314539 4698619487 4698619487 0 3847182906 829560960 63.485702 240 240 319920 240000 388 547 120 160000 250000 119 158635 114066 12 16000 25000 12 16000 25000 15047
1790084603717561 10 0 0 10 10 10 0 0 0 0 0 0 514 97 97 0 1800 1286 1189 0 1189 0 0 0 67971843 2294027 0 2207108 146644 70729 51504 8203083 31321136 4705278149 4705278149 0 3848678553 829560960 63.494793 242 242 322586 242000 917 584 120 160000 250000 119 158635 114074 12 16000 25000 12 16000 25000 15055
1790084603739872 10 0 0 10 10 10 0 0 0 0 0 0 513 97 97 0 1800 1287 1190 0 1190 0 0 0 67993710 2294132 0 2207123 146760 70758 51537 8203221 31334002 4709599442 4709599442 0 3850173741 829560960 63.495231 248 248 330584 248000 1324 657 120 160000 250000 119 158635 114082 12 16000 25000 12 16000 25000 15063
1790084603746873 10 0 0 10 10 10 0 0 0 0 0 0 512 97 97 0 1800 1288 1191 0 1191 0 0 0 68000331 2294234 0 2207136 146845 70770 51548 8203368 31336659 4713983615 4713983615 0 3851679153 829560960 63.509582 249 249 331917 249000 916 683 120 160000 250000 119 158635 114090 12 16000 25000 12 16000 25000 15071
1790084603789180 10 0 0 10 10 10 0 0 0 0 0 0 511 97 97 0 1800 1289 1192 0 1192 0 0 0 68042175 2294335 0 2207155 146971 70800 51593 8203499 31355514 4718241036 4718241036 0 3853178765 829560960 63.492041 249 249 331917 249000 1169 732 120 160000 250000 119 158635 114099 12 16000 25000 12 16000 25000 15079
1790084603831897 10 0 0 10 10 10 0 0 0 0 0 0 510 97 97 0 1800 1290 1193 0 1193 0 0 0 68084396 2294429 0 2207170 147095 70834 51659 8203644 31381364 4719318541 4719318541 0 3854681338 829560960 63.474228 247 247 329251 247000 857 745 120 160000 250000 119 158635 114100 12 16000 25000 12 16000 25000 15081
1790084603846178 10 0 0 10 10 10 0 0 0 0 0 0 509 97 97 0 1800 1291 1194 0 1194 0 0 0 68098243 2294534 0 2207182 147199 70853 51681 8203793 31388820 4723597587 4723597587 0 3856185412 829560960 63.482024 243 243 323919 243000 305 703 120 160000 250000 119 158635 114106 12 16000 25000 12 16000 25000 15088
1790084603914704 10 0 0 10 10 10 0 0 0 0 0 0 508 97 97 0 1800 1292 1195 0 1195 0 0 0 68166198 2294634 0 2207200 147322 70926 51780 8203932 31430521 4728616468 4728616468 0 3857686705 829560960 63.441029 243 243 323919 243000 339 668 120 160000 250000 119 158635 114114 12 16000 25000 12 16000 25000 15096
1790084604044094 10 0 0 10 10 10 0 0 0 0 0 0 507 97 97 0 1800 1293 1196 0 1196 0 0 0 68294780 2294750 0 2207224 147524 71030 51969 8204076 31510356 4729379149 4729379149 0 3859184721 829560960 63.345603 233 233 310589 233000 113 615 120 160000 250000 119 158635 114114 12 16000 25000 12 16000 25000 15097
1790084604072814 10 0 0 10 10 10 0 0 0 0 0 0 506 97 97 0 1800 1294 1197 0 1197 0 0 0 68323001 2294848 0 2207241 147658 71064 52012 8204241 31526886 4734457860 4734457860 0 3860689002 829560960 63.340515 229 229 305257 229000 99 566 120 160000 250000 119 158635 114122 12 16000 25000 12 16000 25000 15105
1790084604180881 10 0 0 10 10 10 0 0 0 0 0 0 505 97 97 0 1800 1295 1198 0 1198 0 0 0 68430356 2294959 0 2207259 147821 71156 52162 8204389 31592458 4739944707 4739944707 0 3862190940 829560960 63.264523 232 232 309256 232000 905 600 120 160000 250000 119 158635 114130 12 16000 25000 12 16000 25000 15113
1790084604201987 10 0 0 10 10 10 0 0 0 0 0 0 504 97 97 0 1800 1296 1199 0 1199 0 0 0 68451005 2295069 0 2207272 147933 71183 52196 8204542 31604010 4745323648 4745323648 0 3863714037 829560960 63.266491 241 241 321253 241000 1279 667 120 160000 250000 119 158635 114139 12 16000 25000 12 16000 25000 15121
1790084604215508 10 0 0 10 10 10 0 0 0 0 0 0 503 97 97 0 1800 1297 1200 0 1200 0 0 0 68464080 2295167 0 2207286 148073 71202 52215 8204686 31610882 4745904521 4745904521 0 3865214620 829560960 63.274937 241 241 321253 241000 1518 751 120 160000 250000 119 158635 114139 12 16000 25000 12 16000 25000 15121
1790084604283090 10 0 0 10 10 10 0 0 0 0 0 0 502 97 97 0 1800 1298 1201 0 1201 0 0 0 68531081 2295268 0 2207304 148209 71259 52315 8204834 31650772 4750076655 4750076655 0 3866705153 829560960 63.235059 234 234 311922 234000 42 683 120 160000 250000 119 158635 114146 12 16000 25000 12 16000 25000 15128
1790084604316153 10 0 1 9 10 10 0 0 0 0 0 0 501 97 97 0 1800 1299 1202 0 1202 0 0 0 68563584 2295387 0 2207331 148329 71339 52372 8204986 31669510 4765868712 4765868712 0 3868207273 829560960 63.226164 239 239 318587 239000 965 712 120 160000 250000 108 143968 113150 12 16000 25000 12 16000 25000 15130
1790084604325938 10 0 0 10 10 10 0 0 0 0 0 0 500 97 97 0 1800 1300 1203 0 1203 0 0 0 68572981 2295487 0 2207344 148417 71354 52389 8205134 31675086 4770122359 4770122359 0 3868207273 829560960 63.217691 248 304 404817 253062 813 723 120 160000 250000 119 158635 114154 12 16000 25000 12 16000 25000 15137
1790084604330193 10 0 0 10 10 10 0 0 0 0 0 0 499 97 97 0 1800 1301 1204 0 1204 0 0 0 68576841 2295570 0 2207355 148495 71363 52396 8205330 31676318 4774512411 4774512411 0 3869716260 829560960 63.234479 249 305 406450 254082 948 746 120 160000 250000 119 158635 114161 12 16000 25000 12 16000 25000 15144
1790084604344667 10 0 0 10 10 10 0 0 0 0 0 0 498 97 97 0 1800 1302 1205 0 1205 0 0 0 68591016 2295653 0 2207366 148573 71372 52404 8205432 31677462 4779448290 4779448290 0 3871213242 829560960 63.241900 234 287 381965 238776 70 681 120 160000 250000 119 158635 114170 12 16000 25000 12 16000 25000 15152
1790084604443352 10 0 0 10 10 10 0 0 0 0 0 0 497 97 97 0 1800 1303 1206 0 1206 0 0 0 68689080 2295775 0 2207386 148722 71446 52537 8205531 31728998 4780145675 4780145675 0 3872710139 829560960 63.174535 281 345 458684 286735 312 646 120 160000 250000 119 158635 114170 12 16000 25000 12 16000 25000 15153
1790084604531760 10 0 0 10 10 10 0 0 0 0 0 0 496 97 97 0 1800 1304 1207 0 1207 0 0 0 68776838 2295898 0 2207406 148865 71517 52650 8205691 31774560 4785170121 4785170121 0 3874215405 829560960 63.116618 278 341 453787 283674 141 597 120 160000 250000 119 158635 114179 12 16000 25000 12 16000 25000 15161
1790084604574253 10 0 0 10 10 10 0 0 0 0 0 0 495 97 97 0 1800 1305 1208 0 1208 0 0 0 68818790 2296001 0 2207421 148998 71573 52717 8205844 31798101 4789441499 4789441499 0 3875704834 829560960 63.099266 305 374 497860 311225 1103 647 120 160000 250000 119 158635 114187 12 16000 25000 12 16000 25000 15169
1790084604621109 10 0 0 10 10 10 0 0 0 0 0 0 494 97 97 0 1800 1306 1209 0 1209 0 0 0 68865094 2296107 0 2207443 149131 71618 52795 8206003 31824335 4794728767 4794728767 0 3876941195 829560960 63.074683 297 364 484801 303062 96 594 120 160000 250000 119 158635 114194 12 16000 25000 12 16000 25000 15176
1790084604627187 10 0 0 10 10 10 0 0 0 0 0 0 493 97 97 0 1800 1307 1210 0 1210 0 0 0 68870770 2296205 0 2207458 149238 71631 52807 8206151 31826468 4796133497 4796133497 0 3878436965 829560960 63.089610 297 364 484801 303062 1562 689 120 160000 250000 119 158635 114197 12 16000 25000 12 16000 25000 15179
1790084604643509 10 0 0 10 10 10 0 0 0 0 0 0 492 97 97 0 1800 1308 1211 0 1211 0 0 0 68886631 2296325 0 2207480 149358 71652 52838 8206297 31834444 4800394212 4800394212 0 3879963302 829560960 63.095895 304 373 496228 310205 306 652 120 160000 250000 119 158635 114205 12 16000 25000 12 16000 25000 15187
1790084604740532 10 0 0 10 10 10 0 0 0 0 0 0 491 97 97 0 1800 1309 1212 0 1212 0 0 0 68983092 2296448 0 2207496 149497 71695 52913 8206446 31860518 4805504438 4805504438 0 3881474714 829560960 63.030622 334 409 545198 340817 824 670 120 160000 250000 119 158635 114214 12 16000 25000 12 16000 25000 15195
1790084604744405 10 0 0 10 10 10 0 0 0 0 0 0 490 97 97 0 1800 1310 1213 0 1213 0 0 0 68986592 2296536 0 2207508 149578 71720 52921 8206595 31861531 4810800755 4810800755 0 3882974850 829560960 63.047519 360 441 587638 367347 1014 705 120 160000 250000 119 158635 114222 12 16000 25000 12 16000 25000 15203
1790084604795009 10 0 0 10 10 10 0 0 0 0 0 0 489 97 97 0 1800 1311 1214 0 1214 0 0 0 69036643 2296642 0 2207526 149733 71774 53001 8206714 31888731 4812249106 4812249106 0 3884469747 829560960 63.023174 362 444 590903 369388 1485 782 120 160000 250000 119 158635 114225 12 16000 25000 12 16000 25000 15206
1790084604810601 10 0 0 10 10 10 0 0 0 0 0 0 488 97 97 0 1800 1312 1215 0 1215 0 0 0 69051790 2296742 0 2207540 149850 71795 53029 8206868 31896192 4813208877 4813208877 0 3885976963 829560960 63.029852 361 443 589270 368368 343 741 120 160000 250000 119 158635 114226 12 16000 25000 12 16000 25000 15207
1790084604817963 10 0 0 10 10 10 0 0 0 0 0 0 487 97 97 0 1800 1313 1216 0 1216 0 0 0 69058747 2296835 0 2207555 149955 71810 53043 8207025 31899006 4817941208 4817941208 0 3887190439 829560960 63.039843 368 451 600697 375511 271 696 120 160000 250000 119 158635 114233 12 16000 25000 12 16000 25000 15214
1790084604865493 10 0 0 10 10 10 0 0 0 0 0 0 486 97 97 0 1800 1314 1217 0 1217 0 0 0 69105748 2296938 0 2207575 150079 71865 53125 8207161 31924167 4823325868 4823325868 0 3888690738 829560960 63.018294 376 461 613755 383674 1006 727 120 160000 250000 119 158635 114240 12 16000 25000 12 16000 25000 15222
1790084604876058 10 0 0 10 10 10 0 0 0 0 0 0 485 97 97 0 1800 1315 1218 0 1218 0 0 0 69115917 2297030 0 2207589 150175 71884 53143 8207307 31928640 4825788774 4825788774 0 3890197514 829560960 63.029361 375 460 612123 382654 1831 836 120 160000 250000 119 158635 114244 12 16000 25000 12 16000 25000 15226
1790084604884724 10 0 0 10 10 10 0 0 0 0 0 0 484 97 97 0 1800 1316 1219 0 1219 0 0 0 69124191 2297136 0 2207603 150274 71900 53159 8207439 31932177 4830849706 4830849706 0 3891430967 829560960 63.038436 354 434 577844 361225 57 761 120 160000 250000 119 158635 114251 12 16000 25000 12 16000 25000 15234
1790084604888466 10 0 0 10 10 10 0 0 0 0 0 0 483 97 97 0 1800 1317 1220 0 1220 0 0 0 69127589 2297228 0 2207616 150363 71910 53166 8207565 31933098 4836164564 4836164564 0 3892935445 829560960 63.055444 361 443 589270 368368 1187 804 120 160000 250000 119 158635 114259 12 16000 25000 12 16000 25000 15242
1790084604968467 10 0 0 10 10 10 0 0 0 0 0 0 482 97 97 0 1800 1318 1221 0 1221 0 0 0 69206950 2297349 0 2207630 150514 71994 53297 8207674 31974632 4842808525 4842808525 0 3894433266 829560960 63.005330 362 444 590903 369388 1151 839 120 160000 250000 119 158635 114268 12 16000 25000 12 16000 25000 15250
1790084604983519 10 0 0 10 10 10 0 0 0 0 0 0 481 97 97 0 1800 1319 1222 0 1222 0 0 0 69221568 2297445 0 2207644 150637 72018 53324 8207815 31981257 4848360102 4848360102 0 3895922362 829560960 63.012224 364 446 594167 371429 1402 895 120 160000 250000 119 158635 114277 12 16000 25000 12 16000 25000 15259
1790084605006139 10 0 0 10 10 10 0 0 0 0 0 0 480 97 97 0 1800 1320 1223 0 1223 0 0 0 69243731 2297557 0 2207669 150747 72047 53365 8207951 31991778 4848828107 4848828107 0 3897423266 829560960 63.012612 372 456 607226 379592 1471 952 120 160000 250000 119 158635 114278 12 16000 25000 12 16000 25000 15259
1790084605041571 10 0 1 9 10 10 0 0 0 0 0 0 479 97 97 0 1800 1321 1224 0 1224 0 0 0 69278798 2297643 0 2207670 150834 72061 53383 8208091 31993440 4849545989 4849545989 0 3898922484 829560960 63.001641 365 447 595800 372449 90 869 120 160000 250000 108 143968 113281 12 16000 25000 12 16000 25000 15260
1790084605084789 10 0 0 10 10 10 0 0 0 0 0 0 478 97 97 0 1800 1322 1225 0 1225 0 0 0 69321507 2297745 0 2207684 150943 72117 53461 8208222 32015917 4852211326 4852211326 0 3898922484 829560960 62.963981 356 516 687669 370531 99 795 120 160000 250000 119 158635 114280 12 16000 25000 12 16000 25000 15262
1790084605114946 10 0 0 10 10 10 0 0 0 0 0 0 477 97 97 0 1800 1323 1226 0 1226 0 0 0 69351198 2297846 0 2207699 151067 72155 53517 8208343 32031448 4856429991 4856429991 0 3900423493 829560960 62.957779 378 548 730165 393429 536 771 120 160000 250000 119 158635 114289 12 16000 25000 12 16000 25000 15270
1790084605198100 10 0 0 10 10 10 0 0 0 0 0 0 476 97 97 0 1800 1324 1227 0 1227 0 0 0 69433682 2297962 0 2207715 151192 72248 53668 8208487 32076055 4860639532 4860639532 0 3901925359 829560960 62.905250 383 555 739824 398633 1217 816 120 160000 250000 119 158635 114296 12 16000 25000 12 16000 25000 15278
1790084605235998 10 0 0 10 10 10 0 0 0 0 0 0 475 97 97 0 1800 1325 1228 0 1228 0 0 0 69471090 2298060 0 2207732 151314 72292 53727 8208629 32090271 4865701978 4865701978 0 3903434042 829560960 62.892423 383 555 739824 398633 1103 845 120 160000 250000 119 158635 114304 12 16000 25000 12 16000 25000 15286
1790084605299762 10 0 0 10 10 10 0 0 0 0 0 0 474 97 97 0 1800 1326 1229 0 1229 0 0 0 69534316 2298170 0 2207747 151439 72338 53815 8208762 32112917 4870758932 4870758932 0 3904939615 829560960 62.856959 407 590 786183 423613 141 777 120 160000 250000 119 158635 114313 12 16000 25000 12 16000 25000 15294
1790084605370929 10 0 0 10 10 10 0 0 0 0 0 0 473 97 97 0 1800 1327 1230 0 1230 0 0 0 69604835 2298278 0 2207761 151580 72423 53949 8208899 32149451 4874499074 4874499074 0 3906440325 829560960 62.815122 414 600 799705 430898 1117 811 120 160000 250000 119 158635 114320 12 16000 25000 12 16000 25000 15301
1790084605394461 10 0 1 9 10 10 0 0 0 0 0 0 472 97 97 0 1800 1328 1231 0 1231 0 0 0 69627949 2298385 0 2207792 151647 72490 53957 8209037 32150227 4889875385 4889875385 0 3907927980 829560960 62.814567 418 606 807431 435062 832 814 120 160000 250000 108 143968 113324 12 16000 25000 12 16000 25000 15303
1790084605458294 10 0 0 10 10 10 0 0 0 0 0 0 471 97 97 0 1800 1329 1232 0 1232 0 0 0 69691202 2298478 0 2207808 151786 72561 54079 8209146 32183693 4895316791 4895316791 0 3907927980 829560960 62.759294 423 708 943705 448898 745 808 120 160000 250000 119 158635 114329 12 16000 25000 12 16000 25000 15310
1790084605507590 10 0 0 10 10 10 0 0 0 0 0 0 470 97 97 0 1800 1330 1233 0 1233 0 0 0 69739855 2298586 0 2207821 151927 72613 54169 8209364 32208387 4900342365 4900342365 0 3909144514 829560960 62.732919 426 713 950398 452082 438 773 120 160000 250000 119 158635 114336 12 16000 25000 12 16000 25000 15318
1790084605517567 10 0 0 10 10 10 0 0 0 0 0 0 469 97 97 0 1800 1331 1234 0 1234 0 0 0 69749443 2298689 0 2207835 152021 72630 54190 8209493 32212498 4904756788 4904756788 0 3910349326 829560960 62.740429 413 692 921395 438286 216 720 120 160000 250000 119 158635 114344 12 16000 25000 12 16000 25000 15326
1790084605674710 10 0 0 10 10 10 0 0 0 0 0 0 469 96 96 0 1800 1331 1235 0 1235 0 0 0 69905643 2298802 0 2207853 152182 72803 54491 8209611 32293705 4909121658 4909121658 0 3910349326 829560960 62.604604 417 698 930319 442531 1053 753 120 160000 250000 118 157302 113349 12 16000 25000 12 16000 25000 15333
1790084605680218 10 0 0 10 10 10 0 0 0 0 0 0 469 95 95 0 1800 1331 1236 0 1236 0 0 0 69910838 2298883 0 2207864 152250 72817 54505 8209726 32296374 4914568267 4914568267 0 3910349326 829560960 62.600030 421 705 939243 446776 949 773 120 160000 250000 117 155969 112353 12 16000 25000 12 16000 25000 15339
1790084605755033 10 0 0 10 10 10 0 0 0 0 0 0 469 94 94 0 1800 1331 1237 0 1237 0 0 0 69985104 2298988 0 2207889 152366 72901 54644 8209791 32334877 4919569495 4919569495 0 3910349326 829560960 62.535623 429 718 957091 455266 1653 859 120 160000 250000 116 154636 111358 12 16000 25000 12 16000 25000 15346
1790084605768372 10 0 0 10 10 10 0 0 0 0 0 0 469 93 93 0 1800 1331 1238 0 1238 0 0 0 69998119 2299085 0 2207901 152443 72922 54671 8209871 32341605 4922770972 4922770972 0 3910349326 829560960 62.524281 428 717 954860 454205 1064 880 120 160000 250000 115 153303 110362 12 16000 25000 12 16000 25000 15351
1790084605798457 10 0 0 10 10 10 0 0 0 0 0 0 469 92 92 0 1800 1331 1239 0 1239 0 0 0 70027826 2299180 0 2207917 152528 72956 54728 8209941 32357037 4923746075 4923746075 0 3910349326 829560960 62.498518 423 708 943705 448898 1040 896 120 160000 250000 114 151970 109360 12 16000 25000 12 16000 25000 15351
1790084605861263 10 0 0 10 10 10 0 0 0 0 0 0 469 91 91 0 1800 1331 1240 0 1240 0 0 0 70090104 2299273 0 2207934 152649 73021 54848 8210028 32389482 4929055391 4929055391 0 3910349326 829560960 62.444669 417 698 930319 442531 228 832 120 160000 250000 113 150637 108367 12 16000 25000 12 16000 25000 15358
1790084605882535 10 0 0 10 10 10 0 0 0 0 0 0 469 90 90 0 1800 1331 1241 0 1241 0 0 0 70110993 2299372 0 2207948 152745 73050 54887 8210124 32400318 4930045251 4930045251 0 3910349326 829560960 62.426570 402 673 896854 426613 214 773 120 160000 250000 112 149304 107365 12 16000 25000 12 16000 25000 15357
1790084605946696 10 0 0 10 10 10 0 0 0 0 0 0 469 89 89 0 1800 1331 1242 0 1242 0 0 0 70174645 2299471 0 2207962 152846 73120 55006 8210195 32433409 4930730880 4930730880 0 3910349326 829560960 62.371657 398 667 887930 422368 337 732 120 160000 250000 111 147971 106365 12 16000 25000 12 16000 25000 15357
1790084605962730 10 0 0 10 10 10 0 0 0 0 0 0 469 88 88 0 1800 1331 1243 0 1243 0 0 0 70190345 2299556 0 2207975 152926 73155 55037 8210275 32441543 4937301858 4937301858 0 3910349326 829560960 62.358075 382 640 852235 405388 29 664 120 160000 250000 110 146638 105370 12 16000 25000 12 16000 25000 15363
1790084605973529 10 0 0 10 10 10 0 0 0 0 0 0 469 87 87 0 1800 1331 1244 0 1244 0 0 0 70200835 2299642 0 2207987 153019 73176 55059 8210342 32446977 4942291037 4942291037 0 3910349326 829560960 62.348979 392 656 874544 416000 1440 740 120 160000 250000 109 145305 104376 12 16000 25000 12 16000 25000 15370
1790084606022184 10 0 0 10 10 10 0 0 0 0 0 0 469 86 86 0 1800 1331 1245 0 1245 0 0 0 70249053 2299730 0 2207999 153120 73232 55149 8210406 32471996 4943272198 4943272198 0 3910349326 829560960 62.307464 423 708 943705 448898 1153 781 120 160000 250000 108 143972 103375 12 16000 25000 12 16000 25000 15370
1790084606040855 10 0 1 9 10 10 0 0 0 0 0 0 469 85 85 0 1800 1331 1246 0 1246 0 0 0 70267393 2299816 0 2208000 153197 73263 55186 8210481 32481462 4943911272 4943911272 0 3910349326 829560960 62.291643 403 675 899085 427674 30 709 120 160000 250000 96 127972 101375 12 16000 25000 12 16000 25000 15370
1790084606062769 10 0 0 10 10 10 0 0 0 0 0 0 468 85 85 0 1800 1332 1247 0 1247 0 0 0 70288951 2299906 0 2208014 153296 73295 55227 8210551 32492120 4948063269 4948063269 0 3910349326 829560960 62.273066 393 746 994411 425082 91 650 120 160000 250000 107 142639 102380 12 16000 25000 12 16000 25000 15375
1790084606106792 10 0 0 10 10 10 0 0 0 0 0 0 468 84 84 0 1800 1332 1248 0 1248 0 0 0 70332524 2299993 0 2208027 153380 73353 55317 8210647 32516567 4952439713 4952439713 0 3910349326 829560960 62.235633 384 729 971638 415347 295 617 120 160000 250000 106 141306 101387 12 16000 25000 12 16000 25000 15382
1790084606164257 10 0 0 10 10 10 0 0 0 0 0 0 468 83 83 0 1800 1332 1249 0 1249 0 0 0 70389509 2300093 0 2208040 153472 73417 55438 8210714 32548490 4956779728 4956779728 0 3910349326 829560960 62.186758 382 726 966577 413184 1241 679 120 160000 250000 105 139973 100394 12 16000 25000 12 16000 25000 15389
1790084606187713 10 0 0 10 10 10 0 0 0 0 0 0 468 82 82 0 1800 1332 1250 0 1250 0 0 0 70412616 2300176 0 2208053 153551 73448 55484 8210793 32561392 4961097333 4961097333 0 3910349326 829560960 62.166925 396 752 1002002 428327 1127 724 120 160000 250000 104 138640 99401 12 16000 25000 12 16000 25000 15395
1790084606195334 10 0 0 10 10 10 0 0 0 0 0 0 468 81 81 0 1800 1332 1251 0 1251 0 0 0 70419959 2300256 0 2208065 153635 73463 55500 8210853 32565481 4966546070 4966546070 0 3910349326 829560960 62.160579 398 756 1007062 430490 1430 794 120 160000 250000 103 137307 98407 12 16000 25000 12 16000 25000 15402
1790084606256499 10 0 0 10 10 10 0 0 0 0 0 0 468 80 80 0 1800 1332 1252 0 1252 0 0 0 70480627 2300355 0 2208079 153738 73534 55622 8210910 32599395 4970839143 4970839143 0 3910349326 829560960 62.108680 390 653 870083 413878 1532 867 120 160000 250000 102 135974 97414 12 16000 25000 12 16000 25000 15409
1790084606259230 10 0 0 10 10 10 0 0 0 0 0 0 468 79 79 0 1800 1332 1253 0 1253 0 0 0 70483121 2300433 0 2208091 153791 73546 55631 8210977 32600759 4975136519 4975136519 0 3910349326 829560960 62.106485 391 655 872314 414939 1239 904 120 160000 250000 101 134641 96420 12 16000 25000 12 16000 25000 15415
1790084606276569 10 0 0 10 10 10 0 0 0 0 0 0 468 78 78 0 1800 1332 1254 0 1254 0 0 0 70500163 2300530 0 2208104 153859 73571 55664 8211024 32610258 4980487847 4980487847 0 3910349326 829560960 62.091864 441 738 983862 468000 1248 939 120 160000 250000 100 133308 95425 12 16000 25000 12 16000 25000 15421
1790084606278052 10 0 0 10 10 10 0 0 0 0 0 0 468 77 77 0 1800 1332 1255 0 1255 0 0 0 70501423 2300608 0 2208115 153915 73581 55669 8211080 32610943 4985513110 4985513110 0 3910349326 829560960 62.090722 454 760 1012865 481796 1304 976 120 160000 250000 99 131975 94432 12 16000 25000 12 16000 25000 15427
1790084606316160 10 0 0 10 10 10 0 0 0 0 0 0 468 76 76 0 1800 1332 1256 0 1256 0 0 0 70539172 2300689 0 2208127 153990 73632 55749 8211125 32631977 4990945128 4990945128 0 3910349326 829560960 62.058475 454 760 1012865 481796 356 916 120 160000 250000 98 130642 93439 12 16000 25000 12 16000 25000 15434
1790084606318887 10 0 0 10 10 10 0 0 0 0 0 0 468 75 75 0 1800 1332 1257 0 1257 0 0 0 70541656 2300766 0 2208140 154062 73643 55757 8211183 32633358 4995996476 4995996476 0 3910349326 829560960 62.056293 456 764 1017327 483919 1576 981 120 160000 250000 97 129309 92446 12 16000 25000 12 16000 25000 15441
1790084606333917 10 0 0 10 10 10 0 0 0 0 0 0 468 74 74 0 1800 1332 1258 0 1258 0 0 0 70556392 2300863 0 2208152 154130 73670 55791 8211227 32641534 5002656326 5002656326 0 3910349326 829560960 62.043659 492 824 1097642 522123 362 922 120 160000 250000 96 127976 91450 12 16000 25000 12 16000 25000 15448
1790084606340354 10 0 0 10 10 10 0 0 0 0 0 0 468 73 73 0 1800 1332 1259 0 1259 0 0 0 70562559 2300958 0 2208164 154192 73686 55806 8211288 32644955 5006953117 5006953117 0 3910349326 829560960 62.038327 492 824 1097642 522123 1129 943 120 160000 250000 95 126643 90457 12 16000 25000 12 16000 25000 15454
1790084606396816 10 0 0 10 10 10 0 0 0 0 0 0 468 72 72 0 1800 1332 1260 0 1260 0 0 0 70618566 2301044 0 2208178 154283 73757 55922 8211346 32676032 5011055306 5011055306 0 3910349326 829560960 61.990604 499 836 1113259 529552 997 949 120 160000 250000 94 125310 89462 12 16000 25000 12 16000 25000 15460
1790084606558693 10 0 0 10 10 10 0 0 0 0 0 0 468 71 71 0 1800 1332 1261 0 1261 0 0 0 70779535 2301141 0 2208193 154435 73941 56257 8211410 32765209 5016420499 5016420499 0 3910349326 829560960 61.853980 479 802 1068640 508327 184 875 120 160000 250000 93 123977 88469 12 16000 25000 12 16000 25000 15466
1790084606620244 10 0 0 10 10 10 0 0 0 0 0 0 468 70 70 0 1800 1332 1262 0 1262 0 0 0 70840542 2301232 0 2208206 154553 74018 56383 8211503 32798936 5021802901 5021802901 0 3910349326 829560960 61.802312 471 789 1050792 499837 408 830 120 160000 250000 92 122644 87475 12 16000 25000 12 16000 25000 15472
1790084606738169 10 0 0 10 10 10 0 0 0 0 0 0 468 69 69 0 1800 1332 1263 0 1263 0 0 0 70957751 2301340 0 2208220 154681 74141 56612 8211571 32863777 5023328084 5023328084 0 3910349326 829560960 61.703341 471 789 1050792 499837 1489 895 120 160000 250000 91 121311 86476 12 16000 25000 12 16000 25000 15473
1790084606839020 10 0 0 10 10 10 0 0 0 0 0 0 468 68 68 0 1800 1332 1264 0 1264 0 0 0 71057941 2301448 0 2208233 154803 74244 56810 8211646 32919099 5029919863 5029919863 0 3910349326 829560960 61.618980 462 774 1030713 490286 110 819 120 160000 250000 90 119978 85483 12 16000 25000 12 16000 25000 15480
1790084606920319 10 0 0 10 10 10 0 0 0 0 0 0 468 67 67 0 1800 1332 1265 0 1265 0 0 0 71138661 2301537 0 2208247 154912 74337 56970 8211727 32963632 5034170824 5034170824 0 3910349326 829560960 61.551178 473 792 1055254 501960 1565 893 120 160000 250000 89 118645 84490 12 16000 25000 12 16000 25000 15486
1790084606955010 10 0 0 10 10 10 0 0 0 0 0 0 468 66 66 0 1800 1332 1266 0 1266 0 0 0 71172962 2301619 0 2208261 154992 74385 57047 8211801 32982520 5038556445 5038556445 0 3910349326 829560960 61.522375 473 792 1055254 501960 1011 905 120 160000 250000 88 117312 83496 12 16000 25000 12 16000 25000 15492
1790084606956562 10 0 0 10 10 10 0 0 0 0 0 0 468 65 65 0 1800 1332 1267 0 1267 0 0 0 71174265 2301706 0 2208273 155059 74396 57052 8211863 32983210 5042782971 5042782971 0 3910349326 829560960 61.521211 471 789 1050792 499837 1596 973 120 160000 250000 87 115979 82503 12 16000 25000 12 16000 25000 15498
1790084607064185 10 0 0 10 10 10 0 0 0 0 0 0 468 64 64 0 1800 1332 1268 0 1268 0 0 0 71281235 2301800 0 2208290 155191 74510 57264 8211911 33042107 5046845701 5046845701 0 3910349326 829560960 61.431697 519 869 1157879 550776 1107 987 120 160000 250000 86 114646 81509 12 16000 25000 12 16000 25000 15504
1790084607195412 10 0 0 10 10 10 0 0 0 0 0 0 468 63 63 0 1800 1332 1269 0 1269 0 0 0 71411664 2301907 0 2208307 155333 74665 57525 8211985 33113871 5051118119 5051118119 0 3910349326 829560960 61.322910 512 857 1142262 543347 497 940 120 160000 250000 85 113313 80514 12 16000 25000 12 16000 25000 15509
1790084607407613 10 0 0 10 10 10 0 0 0 0 0 0 468 62 62 0 1800 1332 1270 0 1270 0 0 0 71622768 2302001 0 2208322 155501 74904 57949 8212070 33229812 5056192034 5056192034 0 3910349326 829560960 61.147715 510 854 1137800 541225 1061 953 120 160000 250000 84 111980 79520 12 16000 25000 12 16000 25000 15516
1790084607586016 10 0 0 10 10 10 0 0 0 0 0 0 468 61 61 0 1800 1332 1271 0 1271 0 0 0 71800131 2302143 0 2208341 155688 75095 58300 8212156 33327121 5060525090 5060525090 0 3910349326 829560960 61.001241 507 849 1131107 538041 1092 967 120 160000 250000 83 110647 78526 12 16000 25000 12 16000 25000 15522
1790084607650896 10 0 0 10 10 10 0 0 0 0 0 0 468 60 60 0 1800 1332 1272 0 1272 0 0 0 71864405 2302251 0 2208356 155811 75177 58430 8212284 33362382 5065606470 5065606470 0 3910349326 829560960 60.948288 478 800 1066409 507266 163 889 120 160000 250000 82 109314 77533 12 16000 25000 12 16000 25000 15529
1790084607668647 10 0 0 10 10 10 0 0 0 0 0 0 468 59 59 0 1800 1332 1273 0 1273 0 0 0 71881808 2302335 0 2208369 155883 75204 58465 8212386 33371935 5070021999 5070021999 0 3910349326 829560960 60.933921 489 819 1090950 518939 1186 919 120 160000 250000 81 107981 76538 12 16000 25000 12 16000 25000 15535
1790084607688774 10 0 0 10 10 10 0 0 0 0 0 0 468 58 58 0 1800 1332 1274 0 1274 0 0 0 71901602 2302418 0 2208382 155965 75231 58505 8212448 33382773 5075103144 5075103144 0 3910349326 829560960 60.917599 503 729 971622 523531 1608 987 120 160000 250000 80 106648 75544 12 16000 25000 12 16000 25000 15541
1790084607839005 10 0 0 10 10 10 0 0 0 0 0 0 468 57 57 0 1800 1332 1275 0 1275 0 0 0 72050961 2302544 0 2208399 156127 75397 58792 8212504 33464510 5080445852 5080445852 0 3910349326 829560960 60.795126 487 706 940716 506878 212 913 120 160000 250000 79 105315 74549 12 16000 25000 12 16000 25000 15546
1790084607916182 10 0 0 10 10 10 0 0 0 0 0 0 468 56 56 0 1800 1332 1276 0 1276 0 0 0 72127564 2302635 0 2208412 156229 75495 58941 8212596 33506350 5084807630 5084807630 0 3910349326 829560960 60.732482 488 708 942647 507919 1084 931 120 160000 250000 78 103982 73556 12 16000 25000 12 16000 25000 15553
1790084607993505 10 0 0 10 10 10 0 0 0 0 0 0 468 55 55 0 1800 1332 1277 0 1277 0 0 0 72204322 2302725 0 2208426 156350 75581 59086 8212666 33548288 5089130208 5089130208 0 3910349326 829560960 60.669841 469 680 905946 488143 194 860 120 160000 250000 77 102649 72562 12 16000 25000 12 16000 25000 15559
1790084608027411 10 0 0 10 10 10 0 0 0 0 0 0 468 54 54 0 1800 1332 1278 0 1278 0 0 0 72237831 2302830 0 2208439 156441 75623 59152 8212732 33566542 5092825891 5092825891 0 3910349326 829560960 60.642482 502 728 969690 522490 1273 901 120 160000 250000 76 101316 71568 12 16000 25000 12 16000 25000 15564
1790084608041425 10 0 0 10 10 10 0 0 0 0 0 0 468 53 53 0 1800 1332 1279 0 1279 0 0 0 72251533 2302916 0 2208453 156512 75658 59185 8212798 33574020 5099479209 5099479209 0 3910349326 829560960 60.631267 499 724 963895 519368 807 893 120 160000 250000 75 99983 70575 12 16000 25000 12 16000 25000 15571
1790084608047915 10 0 0 10 10 10 0 0 0 0 0 0 468 52 52 0 1800 1332 1280 0 1280 0 0 0 72257763 2302994 0 2208465 156584 75673 59199 8212860 33577413 5104857303 5104857303 0 3910349326 829560960 60.626137 502 728 969690 522490 885 893 120 160000 250000 74 98650 69582 12 16000 25000 12 16000 25000 15577
1790084608084422 10 0 0 10 10 10 0 0 0 0 0 0 468 51 51 0 1800 1332 1281 0 1281 0 0 0 72293862 2303095 0 2208478 156693 75717 59268 8212909 33597097 5110139536 5110139536 0 3910349326 829560960 60.596717 500 613 816164 510205 1868 989 120 160000 250000 73 97317 68595 12 16000 25000 12 16000 25000 15589
1790084608087175 10 0 0 10 10 10 0 0 0 0 0 0 468 50 50 0 1800 1332 1282 0 1282 0 0 0 72296395 2303175 0 2208493 156731 75728 59278 8212974 33598466 5113643641 5113643641 0 3910349326 829560960 60.594595 508 623 829222 518368 1091 1000 120 160000 250000 72 95984 67592 12 16000 25000 12 16000 25000 15588
1790084608150092 10 0 0 10 10 10 0 0 0 0 0 0 468 49 49 0 1800 1332 1283 0 1283 0 0 0 72358821 2303280 0 2208507 156848 75790 59394 8213022 33632373 5120266761 5120266761 0 3910349326 829560960 60.543845 524 642 855340 534694 455 948 120 160000 250000 71 94651 66599 12 16000 25000 12 16000 25000 15594
1790084608151769 10 0 0 10 10 10 0 0 0 0 0 0 468 48 48 0 1800 1332 1284 0 1284 0 0 0 72360197 2303370 0 2208518 156917 75801 59400 8213129 33633079 5126864518 5126864518 0 3910349326 829560960 60.542657 528 647 861869 538776 1360 989 120 160000 250000 70 93318 65606 12 16000 25000 12 16000 25000 15601
1790084608164726 10 0 0 10 10 10 0 0 0 0 0 0 468 47 47 0 1800 1332 1285 0 1285 0 0 0 72372834 2303472 0 2208532 157007 75828 59426 8213182 33639915 5131267417 5131267417 0 3910349326 829560960 60.532329 512 627 835752 522449 296 923 120 160000 250000 69 91985 64613 12 16000 25000 12 16000 25000 15608
1790084608168806 10 0 0 10 10 10 0 0 0 0 0 0 468 46 46 0 1800 1332 1286 0 1286 0 0 0 72376643 2303552 0 2208545 157070 75841 59437 8213265 33641964 5135642084 5135642084 0 3910349326 829560960 60.529176 497 609 811267 507143 319 865 120 160000 250000 68 90652 63620 12 16000 25000 12 16000 25000 15615
1790084608239139 10 0 0 10 10 10 0 0 0 0 0 0 468 45 45 0 1800 1332 1287 0 1287 0 0 0 72446466 2303657 0 2208569 157174 75915 59569 8213318 33679785 5140751067 5140751067 0 3910349326 829560960 60.472552 496 608 809634 506123 1136 892 120 160000 250000 67 89319 62627 12 16000 25000 12 16000 25000 15622
1790084608245699 10 0 0 10 10 10 0 0 0 0 0 0 468 44 44 0 1800 1332 1288 0 1288 0 0 0 72452752 2303744 0 2208581 157235 75929 59586 8213392 33683182 5145843316 5145843316 0 3910349326 829560960 60.467397 477 585 778620 486735 208 826 120 160000 250000 66 87986 61634 12 16000 25000 12 16000 25000 15629
1790084608403121 10 0 1 9 10 10 0 0 0 0 0 0 468 43 43 0 1800 1332 1289 0 1289 0 0 0 72609245 2303859 0 2208602 157365 76183 59890 8213443 33767839 5149179191 5149179191 0 3910349326 829560960 60.340988 468 574 763929 477552 231 769 120 160000 250000 54 71986 61019 12 16000 25000 12 16000 25000 17013
1790084608555777 10 0 0 10 10 10 0 0 0 0 0 0 467 43 43 0 1800 1333 1290 0 1290 0 0 0 72760873 2303962 0 2208619 157523 76352 60185 8213666 33849738 5154280707 5154280707 0 3910349326 829560960 60.219019 464 673 896288 482939 135 708 120 160000 250000 65 86653 62026 12 16000 25000 12 16000 25000 17020
1790084608615365 10 0 1 9 10 10 0 0 0 0 0 0 467 42 42 0 1800 1333 1291 0 1291 0 0 0 72819736 2304054 0 2208620 157611 76424 60304 8213982 33881527 5154481179 5154481179 0 3910349326 829560960 60.171761 472 684 911741 491266 1275 764 120 160000 250000 53 70653 60026 12 16000 25000 12 16000 25000 17020
1790084608634721 10 0 0 10 10 10 0 0 0 0 0 0 466 42 42 0 1800 1334 1292 0 1292 0 0 0 72838727 2304147 0 2208634 157692 76452 60346 8214080 33891686 5158895975 5158895975 0 3910349326 829560960 60.156479 483 809 1077564 512572 18 659 120 160000 250000 64 85320 61031 12 16000 25000 12 16000 25000 17025
1790084608797614 10 0 0 10 10 10 0 0 0 0 0 0 466 41 41 0 1800 1334 1293 0 1293 0 0 0 73000702 2304268 0 2208652 157856 76615 60667 8214141 33979121 5163235232 5163235232 0 3910349326 829560960 60.026990 480 804 1070871 509388 1340 727 120 160000 250000 63 83987 60037 12 16000 25000 12 16000 25000 17032
1790084608808034 10 0 0 10 10 10 0 0 0 0 0 0 466 40 40 0 1800 1334 1294 0 1294 0 0 0 73010797 2304348 0 2208664 157927 76636 60689 8214250 33984530 5169916240 5169916240 0 3910349326 829560960 60.018881 469 785 1046330 497715 314 688 120 160000 250000 62 82654 59044 12 16000 25000 12 16000 25000 17039
1790084608837235 10 0 0 10 10 10 0 0 0 0 0 0 466 39 39 0 1800 1334 1295 0 1295 0 0 0 73039640 2304436 0 2208679 158006 76684 60749 8214306 34000063 5174406015 5174406015 0 3910349326 829560960 59.995834 513 859 1144493 544409 1421 760 120 160000 250000 61 81321 58049 12 16000 25000 12 16000 25000 17044
1790084608843812 10 0 0 10 10 10 0 0 0 0 0 0 466 38 38 0 1800 1334 1296 0 1296 0 0 0 73045955 2304523 0 2208692 158065 76707 60765 8214363 34003457 5180922037 5180922037 0 3910349326 829560960 59.990737 511 741 987075 531858 281 715 120 160000 250000 60 79988 57055 12 16000 25000 12 16000 25000 17051
1790084608860480 10 0 0 10 10 10 0 0 0 0 0 0 466 37 37 0 1800 1334 1297 0 1297 0 0 0 73062340 2304606 0 2208705 158142 76727 60796 8214410 34012282 5187666133 5187666133 0 3910349326 829560960 59.977629 527 764 1017982 548511 1252 768 120 160000 250000 59 78655 56062 12 16000 25000 12 16000 25000 17057
1790084608935248 10 0 0 10 10 10 0 0 0 0 0 0 466 36 36 0 1800 1334 1298 0 1298 0 0 0 73136592 2304694 0 2208718 158255 76804 60932 8214464 34052187 5191969472 5191969472 0 3910349326 829560960 59.918527 530 768 1023777 551633 1417 832 120 160000 250000 58 77322 55068 12 16000 25000 12 16000 25000 17064
1790084608965839 10 0 0 10 10 10 0 0 0 0 0 0 466 35 35 0 1800 1334 1299 0 1299 0 0 0 73166836 2304773 0 2208730 158327 76843 60993 8214529 34068381 5197015710 5197015710 0 3910349326 829560960 59.894453 531 770 1025708 552674 1219 871 120 160000 250000 57 75989 54075 12 16000 25000 12 16000 25000 17071
1790084608997741 10 0 0 10 10 10 0 0 0 0 0 0 466 34 34 0 1800 1334 1300 0 1300 0 0 0 73198369 2304856 0 2208743 158422 76886 61058 8214588 34085273 5203563246 5203563246 0 3910349326 829560960 59.869372 531 770 1025708 552674 1332 917 120 160000 250000 56 74656 53081 12 16000 25000 12 16000 25000 17077
1790084609018309 10 0 0 10 10 10 0 0 0 0 0 0 466 33 33 0 1800 1334 1301 0 1301 0 0 0 73218608 2304941 0 2208758 158513 76913 61100 8214644 34096095 5210121612 5210121612 0 3910349326 829560960 59.853261 512 742 989007 532898 287 857 120 160000 250000 55 73323 52088 12 16000 25000 12 16000 25000 17084
1790084609018526 10 0 0 10 10 10 0 0 0 0 0 0 466 32 32 0 1800 1334 1302 0 1302 0 0 0 73218608 2305012 0 2208770 158564 76921 61103 8214706 34096095 5215528024 5215528024 0 3910349326 829560960 59.853205 513 744 990939 533939 1036 875 120 160000 250000 54 71990 51095 12 16000 25000 12 16000 25000 17091
1790084609042917 10 0 0 10 10 10 0 0 0 0 0 0 466 31 31 0 1800 1334 1303 0 1303 0 0 0 73242682 2305097 0 2208783 158641 76956 61152 8214752 34108953 5222141386 5222141386 0 3910349326 829560960 59.834065 516 748 996733 537062 1770 963 120 160000 250000 53 70657 50102 12 16000 25000 12 16000 25000 17098
1790084609050834 10 0 0 10 10 10 0 0 0 0 0 0 466 30 30 0 1800 1334 1304 0 1304 0 0 0 73250337 2305186 0 2208795 158705 76973 61170 8214808 34113029 5226495289 5226495289 0 3910349326 829560960 59.827932 509 738 983212 529776 488 918 120 160000 250000 52 69324 49109 12 16000 25000 12 16000 25000 17104
1790084609159344 10 0 0 10 10 10 0 0 0 0 0 0 466 29 29 0 1800 1334 1305 0 1305 0 0 0 73358179 2305294 0 2208810 158832 77087 61376 8214857 34170635 5230854811 5230854811 0 3910349326 829560960 59.742575 470 682 907877 489184 84 838 120 160000 250000 51 67991 48116 12 16000 25000 12 16000 25000 17111
1790084609171136 10 0 0 10 10 10 0 0 0 0 0 0 466 28 28 0 1800 1334 1306 0 1306 0 0 0 73369647 2305376 0 2208823 158910 77108 61402 8214954 34176721 5235211207 5235211207 0 3910349326 829560960 59.733457 467 677 902082 486062 1189 873 120 160000 250000 50 66658 47121 12 16000 25000 12 16000 25000 17116
1790084609173938 10 0 0 10 10 10 0 0 0 0 0 0 466 27 27 0 1800 1334 1307 0 1307 0 0 0 73372229 2305452 0 2208834 158964 77120 61410 8215005 34178097 5240548774 5240548774 0 3910349326 829560960 59.731359 476 690 919467 495429 1437 929 120 160000 250000 49 65325 46128 12 16000 25000 12 16000 25000 17123
1790084609191999 10 0 0 10 10 10 0 0 0 0 0 0 466 26 26 0 1800 1334 1308 0 1308 0 0 0 73390006 2305544 0 2208856 159029 77145 61447 8215048 34187549 5244861391 5244861391 0 3910349326 829560960 59.717258 476 690 919467 495429 1595 995 120 160000 250000 48 63992 45134 12 16000 25000 12 16000 25000 17129
1790084609198642 10 0 0 10 10 10 0 0 0 0 0 0 466 25 25 0 1800 1334 1309 0 1309 0 0 0 73396408 2305629 0 2208867 159087 77160 61464 8215099 34190941 5249981461 5249981461 0 3910349326 829560960 59.712141 478 693 923331 497511 1927 1087 120 160000 250000 47 62659 44141 12 16000 25000 12 16000 25000 17136
1790084609277192 10 0 0 10 10 10 0 0 0 0 0 0 466 24 24 0 1800 1334 1310 0 1310 0 0 0 73474406 2305737 0 2208882 159202 77248 61619 8215145 34232382 5256695809 5256695809 0 3910349326 829560960 59.650596 498 722 961964 518327 1099 1089 120 160000 250000 46 61326 43147 12 16000 25000 12 16000 25000 17142
1790084609282726 10 0 0 10 10 10 0 0 0 0 0 0 466 23 23 0 1800 1334 1311 0 1311 0 0 0 73479624 2305828 0 2208896 159279 77263 61631 8215245 34235141 5263291126 5263291126 0 3910349326 829560960 59.646417 471 683 909809 490225 156 999 120 160000 250000 45 59993 42154 12 16000 25000 12 16000 25000 17149
1790084609297103 10 0 0 10 10 10 0 0 0 0 0 0 466 22 22 0 1800 1334 1312 0 1312 0 0 0 73493713 2305911 0 2208909 159356 77284 61661 8215301 34242620 5268299443 5268299443 0 3910349326 829560960 59.635265 472 684 911741 491266 1240 1024 120 160000 250000 44 58660 41161 12 16000 25000 12 16000 25000 17156
1790084609356429 10 0 0 10 10 10 0 0 0 0 0 0 466 21 21 0 1800 1334 1313 0 1313 0 0 0 73552567 2306017 0 2208933 159449 77360 61778 8215351 34273836 5273296934 5273296934 0 3910349326 829560960 59.588915 487 706 940716 506878 1094 1032 120 160000 250000 43 57327 40168 12 16000 25000 12 16000 25000 17163
1790084609391409 10 0 1 9 10 10 0 0 0 0 0 0 466 20 20 0 1800 1334 1314 0 1314 0 0 0 73587155 2306103 0 2208947 159531 77420 61847 8215416 34292192 5277569147 5277569147 0 3910349326 829560960 59.561690 476 690 919467 495429 385 970 120 160000 250000 42 55994 39175 12 16000 25000 12 16000 25000 17170
1790084609447989 10 0 0 10 10 10 0 0 0 0 0 0 465 20 20 0 1800 1335 1315 0 1315 0 0 0 73642945 2306206 0 2208961 159877 77511 61989 8215481 34312634 5282832409 5282832409 0 3910349326 829560960 59.517857 477 692 921399 496470 1328 1005 120 160000 250000 53 70661 44421 12 16000 25000 12 16000 25000 18361
1790084609578695 10 0 0 10 10 10 0 0 0 0 0 0 465 19 19 0 1800 1335 1316 0 1316 0 0 0 73772025 2306314 0 2208975 160657 77706 62355 8215583 34364923 5288205396 5288205396 0 3910349326 829560960 59.416790 479 695 925262 498552 1943 1097 120 160000 250000 52 69328 43599 12 16000 25000 12 16000 25000 18368
1790084609617882 10 0 1 9 10 10 0 0 0 0 0 0 465 18 18 0 1800 1335 1317 0 1317 0 0 0 73810461 2306414 0 2208996 160949 77828 62462 8215673 34380457 5291761314 5291761314 0 3910349326 829560960 59.386709 482 699 931057 501674 2063 1192 120 160000 250000 40 53328 43042 12 16000 25000 12 16000 25000 19756
1790084609644802 10 0 1 9 10 10 0 0 0 0 0 0 464 18 18 0 1800 1336 1318 0 1318 0 0 0 73836867 2306501 0 2209009 161138 77879 62541 8215746 34391070 5295894174 5295894174 0 3910349326 829560960 59.366046 470 787 1048561 498776 175 1094 120 160000 250000 51 67995 44079 12 16000 25000 12 16000 25000 19761
1790084611042289 10 0 1 9 10 10 0 0 0 0 0 0 463 18 3 15 1800 1337 1319 0 1319 0 0 0 75229058 2306591 0 2209010 166071 77890 62558 8215970 34391655 5373243580 5296093258 0 4230127938 829560960 62.233249 470 787 1048561 498776 1225 1108 120 160000 250000 51 67995 46071 12 16000 25000 12 16000 25000 20178
1790084611042565 10 0 1 9 10 10 0 0 0 0 0 0 463 17 3 14 1800 1337 1320 0 1320 0 0 0 75229058 2306675 0 2209029 166071 77899 62561 8216131 34391655 5373243580 5302640578 0 4230127938 829560960 62.233182 138 262 349183 149266 1 1001 120 160000 250000 49 65329 45067 12 16000 25000 12 16000 25000 20176
1790084611042719 10 0 1 9 10 10 0 0 0 0 0 0 463 16 3 13 1800 1337 1321 0 1321 0 0 0 75229058 2306762 0 2209043 166071 77906 62564 8216171 34391655 5373243580 5307990221 0 4230127938 829560960 62.233112 97 185 245440 104919 9 905 120 160000 250000 49 65329 44065 12 16000 25000 12 16000 25000 20175
1790084611042857 10 0 2 8 10 10 0 0 0 0 0 0 463 15 3 12 1800 1337 1322 0 1322 0 0 0 75229058 2306837 0 2209062 166071 77913 62567 8216208 34391655 5373243580 5312260177 0 4230127938 829560960 62.233052 76 145 192304 82205 8 819 120 160000 250000 48 63996 43062 12 16000 25000 12 16000 25000 20173
1790084611042994 10 0 3 7 10 10 0 0 0 0 0 0 463 14 3 11 1800 1337 1323 0 1323 0 0 0 75229058 2306906 0 2209078 166071 77925 62569 8216245 34391655 5373243580 5317293621 0 4230127938 829560960 62.232996 53 101 134107 57327 4 741 120 160000 250000 45 59997 42058 12 16000 25000 12 16000 25000 20172
1790084611043203 10 0 3 7 10 10 0 0 0 0 0 0 463 12 3 9 1800 1337 1325 0 1325 0 0 0 75229058 2307045 0 2209105 166071 77932 62582 8216279 34391655 5373243580 5327417724 0 4230127938 829560960 62.232885 38 73 96152 41103 5 638 120 160000 250000 45 59997 40055 12 16000 25000 12 16000 25000 20169
1790084611043373 10 0 4 6 10 10 0 0 0 0 0 0 463 11 3 8 1800 1337 1326 0 1326 0 0 0 75229058 2307114 0 2209120 166071 77948 62584 8216344 34391655 5373243580 5331811431 0 4230127938 829560960 62.232829 32 61 80970 34613 5 577 120 160000 250000 43 57331 39051 12 16000 25000 12 16000 25000 20168
1790084611043525 10 0 4 6 10 10 0 0 0 0 0 0 463 10 3 7 1800 1337 1327 0 1327 0 0 0 75229058 2307189 0 2209137 166071 77955 62587 8216377 34391655 5373243580 5337230656 0 4230127938 829560960 62.232769 28 54 70849 30286 4 522 120 160000 250000 43 57331 38049 12 16000 25000 12 16000 25000 20166
1790084611043653 10 0 5 5 10 10 0 0 0 0 0 0 463 9 3 6 1800 1337 1328 0 1328 0 0 0 75229058 2307258 0 2209152 166071 77962 62590 8216411 34391655 5373243580 5342464005 0 4230127938 829560960 62.232714 25 48 63258 27041 6 473 120 160000 250000 40 53332 37044 12 16000 25000 12 16000 25000 20165
1790084611043846 10 0 5 5 10 10 0 0 0 0 0 0 463 7 3 4 1800 1337 1330 0 1330 0 0 0 75229058 2307395 0 2209176 166071 77970 62592 8216442 34391655 5373243580 5353108683 0 4230127938 829560960 62.232604 21 40 53137 22715 7 407 120 160000 250000 40 53332 35041 12 16000 25000 12 16000 25000 20162
1790084611044018 10 0 6 4 10 10 0 0 0 0 0 0 463 6 3 3 1800 1337 1331 0 1331 0 0 0 75229058 2307470 0 2209191 166071 77986 62595 8216501 34391655 5373243580 5359708168 0 4230127938 829560960 62.232543 20 38 50607 21633 7 368 120 160000 250000 37 49333 34034 12 16000 25000 12 16000 25000 20161
1790084611044207 10 0 6 4 10 10 0 0 0 0 0 0 463 4 3 1 1800 1337 1333 0 1333 0 0 0 75229058 2307602 0 2209215 166071 77994 62597 8216533 34391655 5373243580 5373046974 0 4230127938 829560960 62.232438 18 35 45546 19470 10 317 120 160000 250000 37 49333 32031 12 16000 25000 12 16000 25000 20158
1790084611044447 10 0 7 3 10 10 0 0 0 0 0 0 463 3 3 0 1800 1337 1334 0 1334 0 0 0 75229058 2307681 0 2209233 166071 78075 62600 8216591 34391655 5373243580 5373243580 0 4230127938 829560960 62.232374 18 35 45546 19470 23 289 120 160000 250000 25 33333 25596 12 16000 25000 12 16000 25000 20158
1790084615869927 10 0 5 5 10 10 0 0 0 0 0 0 460 5 1 4 1800 1340 1335 0 1335 0 0 0 78623546 3736225 0 3637633 168434 78088 62616 8216626 34391971 5387213541 5375804363 0 4549906550 1244341440 67.093745 16 34 45275 18613 1 262 120 160000 250000 49 65333 33743 12 16000 25000 12 16000 25000 20867
1790084616738208 10 0 6 4 10 10 0 0 0 0 0 0 460 4 1 3 1800 1340 1336 0 1336 0 0 0 78623546 4604009 0 4505284 168463 78100 62628 8217047 34391971 5387213541 5378378779 0 4549906550 1659121920 71.147002 14 33 43806 16572 2 226 120 160000 250000 37 49333 31347 12 16000 25000 12 16000 25000 20471
1790084616738531 10 0 7 3 10 10 0 0 0 0 0 0 460 3 1 2 1800 1340 1337 0 1337 0 0 0 78623546 4604096 0 4505308 168463 78109 62639 8217243 34391971 5387213541 5384810318 0 4549906550 1659121920 71.146927 11 29 37712 13245 1 205 120 160000 250000 36 48000 30344 12 16000 25000 12 16000 25000 20470
1790084616739797 10 0 8 2 10 10 0 0 0 0 0 0 460 2 1 1 1800 1340 1338 0 1338 0 0 0 78623546 4605267 0 4506422 168463 78140 62642 8217287 34391971 5387213541 5387068373 0 4549906550 1659121920 71.145926 10 26 34283 12041 2 186 120 160000 250000 24 32000 27604 12 16000 25000 12 16000 25000 20165
1790084616739986 10 0 9 1 10 10 0 0 0 0 0 0 460 1 1 0 1800 1340 1339 0 1339 0 0 0 78623546 4605336 0 4506423 168463 78147 62645 8217380 34391971 5387213541 5387213541 0 4549906550 1659121920 71.145867 10 26 34283 12041 1 169 120 160000 250000 12 16000 22603 12 16000 25000 12 16000 25000 20165
1790084617014829 10 0 7 3 10 10 0 0 0 0 0 0 446 14 14 0 1800 1354 1340 0 1340 0 0 0 78895183 4606635 0 4507639 169941 78256 62783 8217519 34544188 5389782411 5389782411 0 4567312520 1659121920 71.112112 10 28 37277 12858 1 153 120 160000 250000 36 47996 40427 12 16000 25000 12 16000 25000 21048
1790084617472865 10 0 6 4 10 10 0 0 0 0 0 0 434 25 25 0 1800 1366 1341 0 1341 0 0 0 79350143 4606759 0 4507660 172291 78390 62997 8217718 34909141 5390411185 5390411185 0 4584718490 1659121920 70.924368 10 28 37277 12858 1 139 120 160000 250000 47 62659 52058 12 16000 25000 12 16000 25000 21064
1790084617483641 10 0 6 4 10 10 0 0 0 0 0 0 433 25 25 0 1800 1367 1342 0 1342 0 0 0 79360350 4606848 0 4507673 172440 78400 63012 8218002 34914482 5391037084 5391037084 0 4586217313 1659121920 70.932695 10 28 37277 12858 42 131 120 160000 250000 47 62659 52084 12 16000 25000 12 16000 25000 21064
1790084618135822 10 0 1 9 10 10 0 0 0 0 0 0 360 97 94 3 1800 1440 1343 0 1343 0 0 0 80009800 4606969 0 4507705 174725 78483 63061 8218166 34965285 5393677718 5391236289 0 4694816881 1659121920 71.612144 10 28 37277 12858 34 123 120 160000 250000 108 143968 119352 12 16000 25000 12 16000 25000 21171
1790084618136145 10 0 1 9 10 10 0 0 0 0 0 0 360 96 94 2 1800 1440 1344 0 1344 0 0 0 80009800 4607043 0 4507718 174743 78490 63065 8218366 34965285 5393677718 5391954067 0 4694816881 1659121920 71.612081 10 31 40270 13674 1 112 120 160000 250000 106 141302 118323 12 16000 25000 12 16000 25000 21170
1790084618136480 10 0 1 9 10 10 0 0 0 0 0 0 360 95 94 1 1800 1440 1345 0 1345 0 0 0 80009800 4607120 0 4507735 174743 78497 63068 8218595 34965285 5393677718 5392685471 0 4694816881 1659121920 71.612016 10 31 40270 13674 2 102 120 160000 250000 106 141302 117322 12 16000 25000 12 16000 25000 21168
1790084618136638 10 0 1 9 10 10 0 0 0 0 0 0 360 94 94 0 1800 1440 1346 0 1346 0 0 0 80009800 4607197 0 4507753 174743 78504 63071 8218644 34965285 5393677718 5393677718 0 4694816881 1659121920 71.611951 10 31 40270 13674 3 94 120 160000 250000 105 139969 116318 12 16000 25000 12 16000 25000 21167
1790084618170503 10 0 0 10 10 10 0 0 0 0 0 0 356 97 97 0 1800 1444 1347 0 1347 0 0 0 80043313 4607289 0 4507767 174907 78522 63096 8218678 34989850 5394793431 5394793431 0 4699323614 1659121920 71.634295 10 31 40270 13674 3 86 120 160000 250000 119 158635 123326 12 16000 25000 12 16000 25000 21171
1790084618193992 10 0 0 10 10 10 0 0 0 0 0 0 355 97 97 0 1800 1445 1348 0 1348 0 0 0 80066418 4607382 0 4507782 174978 78534 63107 8218852 34998037 5395355363 5395355363 0 4700832182 1659121920 71.631660 10 31 40270 13674 34 82 120 160000 250000 119 158635 123303 12 16000 25000 12 16000 25000 21172
1790084618222244 10 0 0 10 10 10 0 0 0 0 0 0 354 97 96 1 1800 1446 1349 0 1349 0 0 0 80094295 4607467 0 4507796 175084 78542 63116 8218998 35002170 5397234844 5395855927 0 4702331080 1659121920 71.624889 10 31 40270 13674 39 78 120 160000 250000 119 158635 123308 12 16000 25000 12 16000 25000 21174
1790084618222522 10 0 0 10 10 10 0 0 0 0 0 0 354 96 96 0 1800 1446 1350 0 1350 0 0 0 80094295 4607552 0 4507815 175085 78560 63119 8219151 35002170 5397234844 5397234844 0 4702331080 1659121920 71.624818 10 31 40270 13674 20 74 120 160000 250000 118 157302 122303 12 16000 25000 12 16000 25000 21173
1790084618248739 10 0 0 10 10 10 0 0 0 0 0 0 352 97 97 0 1800 1448 1351 0 1351 0 0 0 80120201 4607646 0 4507832 175184 78578 63141 8219211 35022228 5397901449 5397901449 0 4705351347 1659121920 71.636834 10 31 40270 13674 16 70 120 160000 250000 119 158635 123283 12 16000 25000 12 16000 25000 21175
1790084618291168 10 0 1 9 10 10 0 0 0 0 0 0 351 97 97 0 1800 1449 1352 0 1352 0 0 0 80162233 4607727 0 4507832 175299 78601 63172 8219337 35058002 5398048445 5398048445 0 4706850074 1659121920 71.618106 10 31 40270 13674 36 68 120 160000 250000 108 143968 119288 12 16000 25000 12 16000 25000 21176
1790084618355295 10 0 0 10 10 10 0 0 0 0 0 0 350 97 97 0 1800 1450 1353 0 1353 0 0 0 80225920 4607825 0 4507848 175391 78629 63216 8219490 35113759 5398912702 5398912702 0 4706850074 1659121920 71.564258 10 33 43263 14490 22 64 120 160000 250000 119 158635 120286 12 16000 25000 12 16000 25000 21176
1790084618440261 10 0 0 10 10 10 0 0 0 0 0 0 349 97 97 0 1800 1451 1354 0 1354 0 0 0 80310456 4607923 0 4507868 175494 78665 63267 8219599 35189424 5399622329 5399622329 0 4708359062 1659121920 71.509880 10 33 43263 14490 131 72 120 160000 250000 119 158635 120263 12 16000 25000 12 16000 25000 21176
1790084618534472 10 0 0 10 10 10 0 0 0 0 0 0 348 97 97 0 1800 1452 1355 0 1355 0 0 0 80404135 4608025 0 4507886 175625 78710 63328 8219768 35273252 5400518836 5400518836 0 4709853382 1659121920 71.447757 10 33 43263 14490 43 70 120 160000 250000 119 158635 120266 12 16000 25000 12 16000 25000 21178
1790084618549792 10 0 0 10 10 10 0 0 0 0 0 0 347 97 97 0 1800 1453 1356 0 1356 0 0 0 80419094 4608110 0 4507899 175716 78726 63341 8219903 35285410 5401515055 5401515055 0 4711357587 1659121920 71.451987 10 33 43263 14490 110 74 120 160000 250000 119 158635 120265 12 16000 25000 12 16000 25000 21179
1790084618573781 10 0 0 10 10 10 0 0 0 0 0 0 346 97 97 0 1800 1454 1357 0 1357 0 0 0 80442702 4608201 0 4507916 175800 78744 63362 8220052 35305498 5403032178 5403032178 0 4712848375 1659121920 71.448794 10 33 43263 14490 65 74 120 160000 250000 119 158635 120268 12 16000 25000 12 16000 25000 21181
1790084618600393 10 0 0 10 10 10 0 0 0 0 0 0 345 97 97 0 1800 1455 1358 0 1358 0 0 0 80468994 4608290 0 4507931 175877 78758 63371 8220163 35309673 5404033615 5404033615 0 4714358304 1659121920 71.443564 10 33 43263 14490 209 88 120 160000 250000 119 158635 120268 12 16000 25000 12 16000 25000 21182
1790084618708238 10 0 0 10 10 10 0 0 0 0 0 0 344 97 97 0 1800 1456 1359 0 1359 0 0 0 80576377 4608390 0 4507950 175988 78804 63440 8220271 35405415 5404787252 5404787252 0 4715855497 1659121920 71.370181 10 33 43263 14490 47 85 120 160000 250000 119 158635 120247 12 16000 25000 12 16000 25000 21183
1790084618737103 10 0 0 10 10 10 0 0 0 0 0 0 343 97 97 0 1800 1457 1360 0 1360 0 0 0 80604815 4608476 0 4507964 176094 78820 63460 8220439 35429757 5406673276 5406673276 0 4717357320 1659121920 71.363099 10 33 43263 14490 14 79 120 160000 250000 119 158635 120251 12 16000 25000 12 16000 25000 21186
1790084618944093 10 0 0 10 10 10 0 0 0 0 0 0 342 97 97 0 1800 1458 1361 0 1361 0 0 0 80811161 4608591 0 4507994 176248 78878 63581 8220589 35617683 5407918454 5407918454 0 4718864811 1659121920 71.207443 10 33 43263 14490 110 83 120 160000 250000 119 158635 120254 12 16000 25000 12 16000 25000 21188
1790084618999762 10 0 0 10 10 10 0 0 0 0 0 0 341 97 97 0 1800 1459 1362 0 1362 0 0 0 80866371 4608688 0 4508012 176359 78902 63617 8220755 35666655 5409304677 5409304677 0 4720365770 1659121920 71.178115 10 33 43263 14490 238 99 120 160000 250000 119 158635 120255 12 16000 25000 12 16000 25000 21189
1790084619130492 10 0 0 10 10 10 0 0 0 0 0 0 340 97 97 0 1800 1460 1363 0 1363 0 0 0 80996498 4608814 0 4508031 176501 78955 63700 8220916 35784303 5410555604 5410555604 0 4721861326 1659121920 71.086475 10 33 43263 14490 244 114 120 160000 250000 119 158635 120233 12 16000 25000 12 16000 25000 21190
1790084619148319 10 0 0 10 10 10 0 0 0 0 0 0 339 97 97 0 1800 1461 1364 0 1364 0 0 0 81013961 4608906 0 4508045 176582 78965 63709 8221069 35788563 5412617661 5412617661 0 4723368657 1659121920 71.088689 10 33 43263 14490 137 118 120 160000 250000 119 158635 120238 12 16000 25000 12 16000 25000 21193
1790084619648963 10 0 0 10 10 10 0 0 0 0 0 0 338 97 97 0 1800 1462 1365 0 1365 0 0 0 81513603 4609022 0 4508066 176772 79144 64002 8221216 36245698 5414159589 5414159589 0 4724874028 1659121920 70.692840 10 33 43263 14490 82 116 120 160000 250000 119 158635 120239 12 16000 25000 12 16000 25000 21196
1790084619805873 10 0 0 10 10 10 0 0 0 0 0 0 337 97 97 0 1800 1463 1366 0 1366 0 0 0 81669884 4609123 0 4508083 176912 79205 64095 8221409 36387248 5415857074 5415857074 0 4726371193 1659121920 70.581257 10 33 43263 14490 230 128 120 160000 250000 119 158635 120242 12 16000 25000 12 16000 25000 21199
1790084620160154 10 0 0 10 10 10 0 0 0 0 0 0 336 97 97 0 1800 1464 1367 0 1367 0 0 0 82023351 4609234 0 4508105 177081 79330 64305 8221547 36709879 5418141486 5418141486 0 4727868440 1659121920 70.309672 10 31 40270 14286 253 141 120 160000 250000 119 158635 120243 12 16000 25000 12 16000 25000 21202
1790084620167075 10 0 0 10 10 10 0 0 0 0 0 0 335 97 97 0 1800 1465 1368 0 1368 0 0 0 82029916 4609323 0 4508118 177163 79340 64313 8221694 36714134 5420162844 5420162844 0 4729370153 1659121920 70.320802 10 31 40270 14286 142 142 120 160000 250000 119 158635 120245 12 16000 25000 12 16000 25000 21204
1790084620182936 10 0 0 10 10 10 0 0 0 0 0 0 334 97 97 0 1800 1466 1369 0 1369 0 0 0 82045485 4609406 0 4508131 177231 79349 64320 8221799 36718351 5421190599 5421190599 0 4730889379 1659121920 70.324821 10 28 37277 14082 449 173 120 160000 250000 119 158635 120247 12 16000 25000 12 16000 25000 21205
1790084620287018 10 0 0 10 10 10 0 0 0 0 0 0 333 97 97 0 1800 1467 1370 0 1370 0 0 0 82149099 4609504 0 4508147 177351 79388 64383 8221919 36811354 5423718189 5423718189 0 4732384228 1659121920 70.257185 10 28 37277 14082 166 173 120 160000 250000 119 158635 120248 12 16000 25000 12 16000 25000 21208
1790084620400012 10 0 0 10 10 10 0 0 0 0 0 0 332 97 97 0 1800 1468 1371 0 1371 0 0 0 82261570 4609600 0 4508163 177475 79441 64450 8222071 36912947 5426254800 5426254800 0 4733890247 1659121920 70.182680 10 28 37277 14082 286 185 120 160000 250000 119 158635 120250 12 16000 25000 12 16000 25000 21211
1790084620428688 10 0 0 10 10 10 0 0 0 0 0 0 331 97 97 0 1800 1469 1372 0 1372 0 0 0 82289852 4609690 0 4508177 177585 79461 64470 8222200 36937287 5428805635 5428805635 0 4735388625 1659121920 70.176210 10 28 37277 14082 96 177 120 160000 250000 119 158635 120253 12 16000 25000 12 16000 25000 21214
1790084620541671 10 0 0 10 10 10 0 0 0 0 0 0 330 97 97 0 1800 1470 1373 0 1373 0 0 0 82402316 4609786 0 4508192 177728 79517 64535 8222318 37038729 5431463993 5431463993 0 4736897186 1659121920 70.101963 10 28 37277 14082 414 201 120 160000 250000 119 158635 120256 12 16000 25000 12 16000 25000 21217
1790084620932468 10 0 0 10 10 10 0 0 0 0 0 0 329 97 97 0 1800 1471 1374 0 1374 0 0 0 82792303 4609892 0 4508206 177882 79649 64750 8222448 37376923 5435548833 5435548833 0 4738429160 1659121920 69.805800 10 28 37277 14082 259 207 120 160000 250000 119 158635 120263 12 16000 25000 12 16000 25000 21224
1790084620939307 10 0 0 10 10 10 0 0 0 0 0 0 328 97 97 0 1800 1472 1375 0 1375 0 0 0 82798738 4609982 0 4508218 177954 79658 64759 8222651 37381230 5439640719 5439640719 0 4739935829 1659121920 69.817028 10 28 37277 14082 259 216 120 160000 250000 119 158635 120270 12 16000 25000 12 16000 25000 21230
1790084620951125 10 0 0 10 10 10 0 0 0 0 0 0 327 97 97 0 1800 1473 1376 0 1376 0 0 0 82810242 4610066 0 4508232 178039 79669 64771 8222753 37389576 5443751286 5443751286 0 4741442715 1659121920 69.824212 10 28 37277 14082 240 220 120 160000 250000 119 158635 120276 12 16000 25000 12 16000 25000 21237
1790084621089706 10 0 0 10 10 10 0 0 0 0 0 0 326 97 97 0 1800 1474 1377 0 1377 0 0 0 82948303 4610163 0 4508251 178189 79722 64855 8222852 37514451 5445831856 5445831856 0 4742934450 1659121920 69.730284 10 28 37277 14082 310 230 120 160000 250000 119 158635 120280 12 16000 25000 12 16000 25000 21240
1790084621172315 10 0 0 10 10 10 0 0 0 0 0 0 325 97 97 0 1800 1475 1378 0 1378 0 0 0 83030448 4610262 0 4508269 178303 79759 64908 8222980 37587313 5448887836 5448887836 0 4744440097 1659121920 69.681232 10 28 37277 14082 235 232 120 160000 250000 119 158635 120263 12 16000 25000 12 16000 25000 21245
1790084621282592 10 0 0 10 10 10 0 0 0 0 0 0 324 97 97 0 1800 1476 1379 0 1379 0 0 0 83140198 4610354 0 4508284 178430 79801 64968 8223152 37684875 5450516558 5450516558 0 4745942557 1659121920 69.610337 10 28 37277 14082 229 232 120 160000 250000 119 158635 120267 12 16000 25000 12 16000 25000 21248
1790084621311556 10 0 0 10 10 10 0 0 0 0 0 0 323 97 97 0 1800 1477 1380 0 1380 0 0 0 83168781 4610444 0 4508299 178529 79819 64992 8223281 37709249 5454995145 5454995145 0 4747433777 1659121920 69.603800 10 28 37277 14082 375 247 120 160000 250000 119 158635 120274 12 16000 25000 12 16000 25000 21255
1790084621385664 10 0 0 10 10 10 0 0 0 0 0 0 322 97 97 0 1800 1478 1381 0 1381 0 0 0 83242431 4610542 0 4508313 178674 79848 65032 8223403 37766138 5458269939 5458269939 0 4748930727 1659121920 69.561621 10 28 37277 14082 55 229 120 160000 250000 119 158635 120279 12 16000 25000 12 16000 25000 21262
1790084621405665 10 0 0 10 10 10 0 0 0 0 0 0 321 97 97 0 1800 1479 1382 0 1382 0 0 0 83262069 4610638 0 4508335 178765 79862 65048 8223526 37782405 5462614127 5462614127 0 4750435872 1659121920 69.562335 10 28 37277 14082 519 258 120 160000 250000 119 158635 120285 12 16000 25000 12 16000 25000 21268
1790084621430506 10 0 0 10 10 10 0 0 0 0 0 0 320 97 97 0 1800 1480 1383 0 1383 0 0 0 83286548 4610734 0 4508354 178866 79879 65065 8223635 37802822 5464892187 5464892187 0 4751953810 1659121920 69.559355 10 28 37277 14082 775 309 120 160000 250000 119 158635 120287 12 16000 25000 12 16000 25000 21270
1790084621463795 10 0 0 10 10 10 0 0 0 0 0 0 319 97 97 0 1800 1481 1384 0 1384 0 0 0 83319469 4610825 0 4508367 178960 79897 65087 8223754 37831194 5469299431 5469299431 0 4753462900 1659121920 69.549608 10 26 34283 13266 107 290 120 160000 250000 119 158635 120294 12 16000 25000 12 16000 25000 21277
1790084621512458 10 0 0 10 10 10 0 0 0 0 0 0 318 97 97 0 1800 1482 1385 0 1385 0 0 0 83367764 4610921 0 4508379 179051 79914 65109 8223874 37855551 5470998774 5470998774 0 4754962248 1659121920 69.527606 10 24 31290 13062 1080 368 120 160000 250000 119 158635 120297 12 16000 25000 12 16000 25000 21280
1790084621523950 10 0 0 10 10 10 0 0 0 0 0 0 317 97 97 0 1800 1483 1386 0 1386 0 0 0 83378908 4611010 0 4508392 179148 79927 65121 8223992 37863783 5475458405 5475458405 0 4756458151 1659121920 69.534943 10 22 28297 12858 252 358 120 160000 250000 119 158635 120304 12 16000 25000 12 16000 25000 21287
1790084621583860 10 0 0 10 10 10 0 0 0 0 0 0 316 97 97 0 1800 1484 1387 0 1387 0 0 0 83438414 4611104 0 4508405 179250 79956 65159 8224102 37916440 5479035764 5479035764 0 4757959173 1659121920 69.504133 10 22 28297 12858 867 409 120 160000 250000 119 158635 120310 12 16000 25000 12 16000 25000 21294
1790084621633342 10 0 0 10 10 10 0 0 0 0 0 0 315 97 97 0 1800 1485 1388 0 1388 0 0 0 83487543 4611191 0 4508417 179343 79972 65175 8224221 37932721 5480260595 5480260595 0 4759517075 1659121920 69.482169 10 19 25304 12654 64 376 120 160000 250000 119 158635 120312 12 16000 25000 12 16000 25000 21295
1790084621682149 10 0 0 10 10 10 0 0 0 0 0 0 314 97 97 0 1800 1486 1389 0 1389 0 0 0 83535966 4611282 0 4508432 179438 79997 65199 8224349 37957013 5484320853 5484320853 0 4761022429 1659121920 69.460215 15 26 33465 17756 153 355 120 160000 250000 119 158635 120318 12 16000 25000 12 16000 25000 21302
1790084621715528 10 0 0 10 10 10 0 0 0 0 0 0 313 97 97 0 1800 1487 1390 0 1390 0 0 0 83568889 4611374 0 4508445 179569 80020 65223 8224512 37985341 5488364533 5488364533 0 4762521136 1659121920 69.450417 31 45 59882 36062 517 372 120 160000 250000 119 158635 120325 12 16000 25000 12 16000 25000 21308
1790084621836966 10 0 0 10 10 10 0 0 0 0 0 0 312 97 97 0 1800 1488 1391 0 1391 0 0 0 83689799 4611485 0 4508467 179669 80073 65294 8224664 38094469 5492637917 5492637917 0 4764027572 1659121920 69.371502 33 48 63745 38388 631 398 120 160000 250000 119 158635 120333 12 16000 25000 12 16000 25000 21315
1790084621863002 10 0 0 10 10 10 0 0 0 0 0 0 311 97 97 0 1800 1489 1392 0 1392 0 0 0 83715478 4611572 0 4508479 179739 80084 65304 8224824 38098729 5497433037 5497433037 0 4765523634 1659121920 69.367419 34 50 65677 39552 328 392 120 160000 250000 119 158635 120340 12 16000 25000 12 16000 25000 21322
1790084621890154 10 0 0 10 10 10 0 0 0 0 0 0 310 97 96 1 1800 1490 1393 0 1393 0 0 0 83742290 4611656 0 4508490 179846 80100 65312 8224929 38102943 5506758847 5501728445 0 4767023697 1659121920 69.362494 56 69 91411 60572 100 365 120 160000 250000 119 158635 120356 12 16000 25000 12 16000 25000 21337
1790084621890346 10 0 0 10 10 10 0 0 0 0 0 0 310 96 96 0 1800 1490 1394 0 1394 0 0 0 83742290 4611735 0 4508505 179846 80109 65315 8225013 38102943 5506758847 5506758847 0 4767023697 1659121920 69.362432 71 87 115896 76796 325 362 120 160000 250000 118 157302 119351 12 16000 25000 12 16000 25000 21336
1790084621898585 10 0 0 10 10 10 0 0 0 0 0 0 308 97 97 0 1800 1492 1395 0 1395 0 0 0 83750274 4611817 0 4508518 179936 80118 65324 8225060 38107239 5511798532 5511798532 0 4770036854 1659121920 69.388620 91 112 148542 98429 147 342 120 160000 250000 119 158635 120363 12 16000 25000 12 16000 25000 21346
1790084621936693 10 0 0 10 10 10 0 0 0 0 0 0 307 97 97 0 1800 1493 1396 0 1396 0 0 0 83788034 4611918 0 4508531 180034 80138 65353 8225142 38140008 5516883160 5516883160 0 4771541505 1659121920 69.375134 134 165 218732 144939 272 336 120 160000 250000 119 158635 120371 12 16000 25000 12 16000 25000 21354
1790084621970052 10 0 0 10 10 10 0 0 0 0 0 0 306 97 97 0 1800 1494 1397 0 1397 0 0 0 83821013 4612010 0 4508545 180144 80159 65379 8225253 38168407 5521157511 5521157511 0 4773039924 1659121920 69.365350 141 173 230159 152511 315 334 120 160000 250000 119 158635 120378 12 16000 25000 12 16000 25000 21361
1790084622160495 10 0 0 10 10 10 0 0 0 0 0 0 305 97 97 0 1800 1495 1398 0 1398 0 0 0 84010885 4612115 0 4508566 180276 80233 65483 8225367 38321690 5525708389 5525708389 0 4774542734 1659121920 69.232826 148 182 241585 160082 1172 416 120 160000 250000 119 158635 120385 12 16000 25000 12 16000 25000 21368
1790084622203028 10 0 0 10 10 10 0 0 0 0 0 0 304 97 96 1 1800 1496 1399 0 1399 0 0 0 84052934 4612211 0 4508581 180430 80257 65513 8225517 38357871 5534304193 5530010237 0 4776036013 1659121920 69.215979 156 192 254643 168735 1247 498 120 160000 250000 118 157302 120401 12 16000 25000 12 16000 25000 21384
1790084622203271 10 0 0 10 10 10 0 0 0 0 0 0 304 96 96 0 1800 1496 1400 0 1400 0 0 0 84052934 4612291 0 4508598 180430 80266 65516 8225647 38357871 5534304193 5534304193 0 4776036013 1659121920 69.215917 177 217 288922 191449 730 521 120 160000 250000 118 157302 119400 12 16000 25000 12 16000 25000 21382
1790084622251568 10 0 0 10 10 10 0 0 0 0 0 0 302 97 96 1 1800 1498 1401 0 1401 0 0 0 84100943 4612379 0 4508612 180555 80275 65526 8225685 38362102 5542953658 5538636433 0 4778755648 1659121920 69.207627 184 226 300349 199021 336 504 120 160000 250000 118 157302 120417 12 16000 25000 12 16000 25000 21399
1790084622251771 10 0 0 10 10 10 0 0 0 0 0 0 302 96 96 0 1800 1498 1402 0 1402 0 0 0 84100943 4612453 0 4508627 180555 80282 65529 8225786 38362102 5542953658 5542953658 0 4778755648 1659121920 69.207569 180 180 239940 180000 97 465 120 160000 250000 118 157302 119416 12 16000 25000 12 16000 25000 21398
1790084622321405 10 0 0 10 10 10 0 0 0 0 0 0 300 97 97 0 1800 1500 1403 0 1403 0 0 0 84118263 4612553 0 4508641 180689 80297 117541 8225821 38374350 5547216013 5547216013 0 4781753798 1659121920 69.226206 178 178 237274 178000 118 432 120 160000 250000 119 158635 120425 12 16000 25000 12 16000 25000 21407
1790084622352435 10 0 0 10 10 10 0 0 0 0 0 0 299 97 97 0 1800 1501 1404 0 1404 0 0 0 84133618 4612652 0 4508660 180789 80313 132835 8225968 38386409 5551507614 5551507614 0 4783256440 1659121920 69.230299 173 173 230609 173000 75 398 120 160000 250000 119 158635 120433 12 16000 25000 12 16000 25000 21416
1790084622378908 10 0 0 10 10 10 0 0 0 0 0 0 298 97 96 1 1800 1502 1405 0 1405 0 0 0 84159739 4612741 0 4508675 180897 80323 132843 8226086 38390517 5560015164 5555776835 0 4784746885 1659121920 69.225870 178 178 237274 178000 593 418 120 160000 250000 119 158635 120449 12 16000 25000 12 16000 25000 21431
1790084622379108 10 0 0 10 10 10 0 0 0 0 0 0 298 96 96 0 1800 1502 1406 0 1406 0 0 0 84159739 4612814 0 4508691 180897 80330 132846 8226184 38390517 5560015164 5560015164 0 4784746885 1659121920 69.225813 182 182 242606 182000 379 416 120 160000 250000 118 157302 119446 12 16000 25000 12 16000 25000 21430
1790084622407714 10 0 0 10 10 10 0 0 0 0 0 0 296 97 93 4 1800 1504 1407 0 1407 0 0 0 84187970 4612902 0 4508706 181116 80338 132855 8226217 38394689 5578581591 5564323056 0 4787781863 1659121920 69.236331 184 184 245272 184000 298 406 120 160000 250000 119 158635 120490 12 16000 25000 12 16000 25000 21465
1790084622407917 10 0 0 10 10 10 0 0 0 0 0 0 296 96 93 3 1800 1504 1408 0 1408 0 0 0 84187970 4612974 0 4508722 181116 80345 132858 8226316 38394689 5578581591 5568589142 0 4787781863 1659121920 69.236275 183 183 243939 183000 96 377 120 160000 250000 117 155969 119483 12 16000 25000 12 16000 25000 21464
1790084622408053 10 0 0 10 10 10 0 0 0 0 0 0 296 95 93 2 1800 1504 1409 0 1409 0 0 0 84187970 4613049 0 4508736 181116 80354 132861 8226350 38394689 5578581591 5572849042 0 4787781863 1659121920 69.236216 195 195 259935 195000 234 364 120 160000 250000 117 155969 118482 12 16000 25000 12 16000 25000 21462
1790084622408182 10 0 0 10 10 10 0 0 0 0 0 0 296 94 93 1 1800 1504 1410 0 1410 0 0 0 84187970 4613120 0 4508751 181116 80361 132863 8226383 38394689 5578581591 5573247643 0 4787781863 1659121920 69.236161 197 197 262601 197000 211 350 120 160000 250000 116 154636 117477 12 16000 25000 12 16000 25000 21461
1790084622408361 10 0 0 10 10 10 0 0 0 0 0 0 296 93 93 0 1800 1504 1411 0 1411 0 0 0 84187970 4613193 0 4508767 181116 80368 132866 8226463 38394689 5578581591 5578581591 0 4787781863 1659121920 69.236104 189 189 251937 189000 11 318 120 160000 250000 115 153303 116472 12 16000 25000 12 16000 25000 21459
1790084622532003 10 0 0 10 10 10 0 0 0 0 0 0 291 97 90 7 1800 1509 1412 0 1412 0 0 0 84311043 4613289 0 4508783 181497 80378 132878 8226515 38399054 5615484052 5582981369 0 4795002313 1659121920 69.217641 189 189 251937 189000 229 310 120 160000 250000 114 151970 120551 12 16000 25000 12 16000 25000 21530
1790084622532556 10 0 0 10 10 10 0 0 0 0 0 0 291 92 89 3 1800 1509 1417 0 1417 0 0 0 84311043 4613615 0 4508837 181544 80385 132881 8226665 38399054 5619880366 5604812488 0 4795002313 1659121920 69.217388 170 170 226610 170000 96 260 120 160000 250000 113 150637 115552 12 16000 25000 12 16000 25000 21531
1790084622532838 10 0 0 10 10 10 0 0 0 0 0 0 291 91 89 2 1800 1509 1418 0 1418 0 0 0 84311043 4613687 0 4508852 181544 80431 132885 8226805 38399054 5619880366 5609131024 0 4795002313 1659121920 69.217332 172 172 229276 172000 642 299 120 160000 250000 113 150637 114551 12 16000 25000 12 16000 25000 21530
1790084622532978 10 0 0 10 10 10 0 0 0 0 0 0 291 90 89 1 1800 1509 1419 0 1419 0 0 0 84311043 4613768 0 4508866 181544 80438 132887 8226838 38399054 5619880366 5614529162 0 4795002313 1659121920 69.217268 163 163 217279 163000 52 276 120 160000 250000 111 147971 113544 12 16000 25000 12 16000 25000 21528
1790084622533107 10 0 0 10 10 10 0 0 0 0 0 0 291 89 89 0 1800 1509 1420 0 1420 0 0 0 84311043 4613839 0 4508879 181545 80445 132889 8226872 38399054 5619880366 5619880366 0 4795002313 1659121920 69.217213 158 158 210614 158000 87 258 120 160000 250000 111 147971 112543 12 16000 25000 12 16000 25000 21527
1790084622593760 10 0 0 10 10 10 0 0 0 0 0 0 282 97 96 1 1800 1518 1421 0 1421 0 0 0 84348579 4613939 0 4508894 181780 80464 155598 8226906 38411075 5629960732 5624850453 0 4808237268 1659121920 69.329809 151 151 201283 151000 51 239 120 160000 250000 119 158635 120589 12 16000 25000 12 16000 25000 21554
1790084622594024 10 0 0 10 10 10 0 0 0 0 0 0 282 96 96 0 1800 1518 1422 0 1422 0 0 0 84348579 4614019 0 4508910 181780 80473 155601 8227059 38411075 5629960732 5629960732 0 4808237268 1659121920 69.329746 152 152 202616 152000 628 278 120 160000 250000 118 157302 119584 12 16000 25000 12 16000 25000 21553
1790084622643067 10 0 0 10 10 10 0 0 0 0 0 0 280 97 97 0 1800 1520 1423 0 1423 0 0 0 84385003 4614112 0 4508926 181920 80489 167918 8227095 38422625 5634918406 5634918406 0 4811236413 1659121920 69.333437 154 154 205282 154000 505 301 120 160000 250000 119 158635 120595 12 16000 25000 12 16000 25000 21562
1790084622689501 10 0 0 10 10 10 0 0 0 0 0 0 279 97 97 0 1800 1521 1424 0 1424 0 0 0 84419136 4614209 0 4508941 182030 80505 179847 8227225 38433949 5639910785 5639910785 0 4812732693 1659121920 69.322808 155 155 206615 155000 271 299 120 160000 250000 119 158635 120603 12 16000 25000 12 16000 25000 21570
1790084622720028 10 0 0 10 10 10 0 0 0 0 0 0 278 97 97 0 1800 1522 1425 0 1425 0 0 0 84443355 4614300 0 4508955 182126 80521 185812 8227344 38445275 5644926876 5644926876 0 4814224568 1659121920 69.319861 155 155 206615 155000 299 299 120 160000 250000 119 158635 120611 12 16000 25000 12 16000 25000 21579
1790084622782458 10 0 0 10 10 10 0 0 0 0 0 0 277 97 97 0 1800 1523 1426 0 1426 0 0 0 84457862 4614392 0 4508968 182240 80537 233373 8227454 38456617 5650038479 5650038479 0 4815728231 1659121920 69.324599 157 157 209281 157000 567 326 120 160000 250000 119 158635 120619 12 16000 25000 12 16000 25000 21587
1790084622826646 10 0 0 10 10 10 0 0 0 0 0 0 276 97 97 0 1800 1524 1427 0 1427 0 0 0 84472179 4614477 0 4508981 182339 80551 262911 8227569 38467853 5654308252 5654308252 0 4817211839 1659121920 69.329274 156 156 207948 156000 141 309 120 160000 250000 119 158635 120626 12 16000 25000 12 16000 25000 21593
1790084622833121 10 0 0 10 10 10 0 0 0 0 0 0 275 97 97 0 1800 1525 1428 0 1428 0 0 0 84478345 4614557 0 4508993 182408 80560 262920 8227690 38471627 5659533542 5659533542 0 4818430422 1659121920 69.337457 157 157 209281 157000 648 343 120 160000 250000 119 158635 120633 12 16000 25000 12 16000 25000 21601
1790084622853839 10 0 0 10 10 10 0 0 0 0 0 0 274 97 97 0 1800 1526 1429 0 1429 0 0 0 84492927 4614652 0 4509007 182496 80574 268709 8227819 38482797 5664819321 5664819321 0 4819937535 1659121920 69.342167 159 159 211947 159000 342 343 120 160000 250000 119 158635 120641 12 16000 25000 12 16000 25000 21609
1790084622882787 10 0 0 10 10 10 0 0 0 0 0 0 273 97 97 0 1800 1527 1430 0 1430 0 0 0 84507397 4614747 0 4509020 182595 80586 282845 8227931 38493901 5666521076 5666521076 0 4821441009 1659121920 69.346923 169 169 225277 169000 791 388 120 160000 250000 119 158635 120632 12 16000 25000 12 16000 25000 21612
1790084622889062 10 0 0 10 10 10 0 0 0 0 0 0 272 97 97 0 1800 1528 1431 0 1431 0 0 0 84513353 4614829 0 4509033 182672 80595 282854 8228051 38497684 5667031975 5667031975 0 4822934526 1659121920 69.358205 167 167 222611 167000 209 372 120 160000 250000 119 158635 120633 12 16000 25000 12 16000 25000 21613
1790084622895426 10 0 0 10 10 10 0 0 0 0 0 0 271 97 97 0 1800 1529 1432 0 1432 0 0 0 84519390 4614915 0 4509045 182745 80605 282862 8228181 38501492 5672314519 5672314519 0 4824430376 1659121920 69.369445 162 162 215946 162000 21 339 120 160000 250000 119 158635 120640 12 16000 25000 12 16000 25000 21621
1790084622963173 10 0 0 10 10 10 0 0 0 0 0 0 270 97 97 0 1800 1530 1433 0 1433 0 0 0 84533916 4614999 0 4509057 182835 80620 335780 8228276 38512574 5676561231 5676561231 0 4825924005 1659121920 69.374055 166 166 221278 166000 630 368 120 160000 250000 119 158635 120649 12 16000 25000 12 16000 25000 21629
1790084623015000 10 0 0 10 10 10 0 0 0 0 0 0 269 97 97 0 1800 1531 1434 0 1434 0 0 0 84548386 4615089 0 4509070 182942 80636 372794 8228386 38523514 5682033033 5682033033 0 4827434801 1659121920 69.378886 165 165 219945 165000 553 387 120 160000 250000 119 158635 120657 12 16000 25000 12 16000 25000 21637
1790084623061181 10 0 0 10 10 10 0 0 0 0 0 0 268 97 97 0 1800 1532 1435 0 1435 0 0 0 84571838 4615174 0 4509083 183033 80661 395185 8228501 38534505 5683997113 5683997113 0 4828651137 1659121920 69.373583 168 168 223944 168000 793 428 120 160000 250000 119 158635 120659 12 16000 25000 12 16000 25000 21640
1790084623116996 10 0 0 10 10 10 0 0 0 0 0 0 267 97 97 0 1800 1533 1436 0 1436 0 0 0 84585933 4615261 0 4509097 183129 80674 436580 8228608 38545356 5689527902 5689527902 0 4830151410 1659121920 69.378593 166 166 221278 166000 284 415 120 160000 250000 119 158635 120668 12 16000 25000 12 16000 25000 21648
1790084623123499 10 0 0 10 10 10 0 0 0 0 0 0 266 97 97 0 1800 1534 1437 0 1437 0 0 0 84592110 4615349 0 4509110 183215 80683 436589 8228721 38549058 5694822370 5694822370 0 4831664876 1659121920 69.389900 174 174 231942 174000 842 458 120 160000 250000 119 158635 120674 12 16000 25000 12 16000 25000 21654
1790084623157092 10 0 0 10 10 10 0 0 0 0 0 0 265 97 97 0 1800 1535 1438 0 1438 0 0 0 84607330 4615437 0 4509124 183314 80699 454639 8228821 38559950 5695571825 5695571825 0 4833163681 1659121920 69.394015 177 177 235941 177000 470 460 120 160000 250000 119 158635 120675 12 16000 25000 12 16000 25000 21655
1790084623196839 10 0 0 10 10 10 0 0 0 0 0 0 264 97 97 0 1800 1536 1439 0 1439 0 0 0 84621269 4615531 0 4509138 183406 80715 480065 8228976 38570688 5700546183 5700546183 0 4834664056 1659121920 69.399137 172 172 229276 172000 29 419 120 160000 250000 119 158635 120683 12 16000 25000 12 16000 25000 21663
1790084623234997 10 0 0 10 10 10 0 0 0 0 0 0 263 97 97 0 1800 1537 1440 0 1440 0 0 0 84635467 4615633 0 4509159 183505 80731 503646 8229116 38581593 5705635882 5705635882 0 4836173369 1659121920 69.404145 170 170 226610 170000 179 396 120 160000 250000 119 158635 120692 12 16000 25000 12 16000 25000 21672
1790084623250559 10 0 0 10 10 10 0 0 0 0 0 0 262 97 97 0 1800 1538 1441 0 1441 0 0 0 84649479 4615733 0 4509172 183601 80745 504833 8229246 38592387 5710654224 5710654224 0 4837678196 1659121920 69.409250 171 171 227943 171000 670 423 120 160000 250000 119 158635 120700 12 16000 25000 12 16000 25000 21680
1790084623317843 10 0 0 10 10 10 0 0 0 0 0 0 261 97 96 1 1800 1539 1442 0 1442 0 0 0 84663369 4615826 0 4509186 183749 80761 557828 8229362 38603116 5716581165 5711493494 0 4839184123 1659121920 69.414465 177 177 235941 177000 666 448 120 160000 250000 119 158635 120712 12 16000 25000 12 16000 25000 21689
1790084623318078 10 0 0 10 10 10 0 0 0 0 0 0 261 96 96 0 1800 1539 1443 0 1443 0 0 0 84663369 4615903 0 4509202 183749 80769 557831 8229490 38603116 5716581165 5716581165 0 4839184123 1659121920 69.414405 167 167 222611 167000 13 407 120 160000 250000 118 157302 119706 12 16000 25000 12 16000 25000 21688
1790084623366301 10 0 0 10 10 10 0 0 0 0 0 0 259 97 97 0 1800 1541 1444 0 1444 0 0 0 84711309 4615997 0 4509216 183831 80778 557841 8229554 38606831 5717205466 5717205466 0 4842185008 1659121920 69.409117 171 171 227943 171000 703 437 120 160000 250000 119 158635 120710 12 16000 25000 12 16000 25000 21690
1790084623414223 10 0 0 10 10 10 0 0 0 0 0 0 258 97 97 0 1800 1542 1445 0 1445 0 0 0 84725317 4616089 0 4509231 183940 80795 591374 8229696 38617384 5722256133 5722256133 0 4843689476 1659121920 69.414222 163 163 217279 163000 13 396 120 160000 250000 119 158635 120717 12 16000 25000 12 16000 25000 21698
1790084623502792 10 0 0 10 10 10 0 0 0 0 0 0 257 97 97 0 1800 1543 1446 0 1446 0 0 0 84739154 4616182 0 4509246 184050 80810 665717 8229847 38627875 5727216685 5727216685 0 4845195355 1659121920 69.419473 164 164 218612 164000 648 421 120 160000 250000 119 158635 120726 12 16000 25000 12 16000 25000 21706
1790084623533972 10 0 0 10 10 10 0 0 0 0 0 0 256 97 97 0 1800 1544 1447 0 1447 0 0 0 84753224 4616281 0 4509265 184144 80826 682483 8229960 38638377 5732561521 5732561521 0 4846700807 1659121920 69.424532 164 164 218612 164000 683 448 120 160000 250000 119 158635 120731 12 16000 25000 12 16000 25000 21714
1790084623571804 10 0 0 10 10 10 0 0 0 0 0 0 255 97 97 0 1800 1545 1448 0 1448 0 0 0 84767176 4616372 0 4509278 184248 80847 705997 8230088 38648824 5737877205 5737877205 0 4848197347 1659121920 69.429592 162 162 215946 162000 297 434 120 160000 250000 119 158635 120740 12 16000 25000 12 16000 25000 21723
1790084623644041 10 0 0 10 10 10 0 0 0 0 0 0 254 97 97 0 1800 1546 1449 0 1449 0 0 0 84781023 4616464 0 4509292 184350 80864 764039 8230206 38659210 5743375540 5743375540 0 4849688487 1659121920 69.434673 163 163 217279 163000 781 469 120 160000 250000 119 158635 120748 12 16000 25000 12 16000 25000 21731
1790084623747018 10 0 0 10 10 10 0 0 0 0 0 0 253 97 97 0 1800 1547 1450 0 1450 0 0 0 84805472 4616556 0 4509306 184444 80879 842234 8230316 38669532 5748377432 5748377432 0 4851182971 1659121920 69.431556 165 165 219945 165000 838 506 120 160000 250000 119 158635 120755 12 16000 25000 12 16000 25000 21739
1790084623854499 10 0 0 10 10 10 0 0 0 0 0 0 252 97 97 0 1800 1548 1451 0 1451 0 0 0 84818913 4616646 0 4509320 184544 80892 935936 8230427 38679831 5753624103 5753624103 0 4852687849 1659121920 69.437099 170 170 226610 170000 665 522 120 160000 250000 119 158635 120764 12 16000 25000 12 16000 25000 21747
1790084623962914 10 0 0 10 10 10 0 0 0 0 0 0 251 97 97 0 1800 1549 1452 0 1452 0 0 0 84832781 4616740 0 4509336 184645 80906 1030144 8230535 38690030 5755327727 5755327727 0 4854178069 1659121920 69.442148 175 175 233275 175000 772 547 120 160000 250000 119 158635 120767 12 16000 25000 12 16000 25000 21750
1790084623978925 10 0 0 10 10 10 0 0 0 0 0 0 250 97 97 0 1800 1550 1453 0 1453 0 0 0 84846709 4616832 0 4509350 184748 80919 1031892 8230643 38700160 5760354823 5760354823 0 4855676035 1659121920 69.447234 181 181 241273 181000 247 518 120 160000 250000 119 158635 120775 12 16000 25000 12 16000 25000 21758
1790084624066236 10 0 0 10 10 10 0 0 0 0 0 0 249 97 97 0 1800 1551 1454 0 1454 0 0 0 84860027 4616923 0 4509364 184845 80933 1105547 8230759 38710344 5765820982 5765820982 0 4857176349 1659121920 69.452818 181 181 241273 181000 699 537 120 160000 250000 119 158635 120784 12 16000 25000 12 16000 25000 21766
1790084624209935 10 0 0 10 10 10 0 0 0 0 0 0 248 97 97 0 1800 1552 1455 0 1455 0 0 0 84873679 4617019 0 4509379 184940 80947 1235257 8230869 38720481 5766452214 5766452214 0 4858675407 1659121920 69.458123 180 180 239940 180000 212 506 120 160000 250000 119 158635 120784 12 16000 25000 12 16000 25000 21767
1790084624256066 10 0 0 10 10 10 0 0 0 0 0 0 247 97 96 1 1800 1553 1456 0 1456 0 0 0 84887651 4617115 0 4509393 185074 80963 1266978 8231040 38730527 5769435356 5767741250 0 4859895278 1659121920 69.460204 178 178 237274 178000 99 467 120 160000 250000 119 158635 120790 12 16000 25000 12 16000 25000 21772
1790084624256326 10 0 0 10 10 10 0 0 0 0 0 0 247 96 96 0 1800 1553 1457 0 1457 0 0 0 84887651 4617194 0 4509412 185075 80971 1266981 8231189 38730527 5769435356 5769435356 0 4859895278 1659121920 69.460142 182 182 242606 182000 380 459 120 160000 250000 118 157302 119786 12 16000 25000 12 16000 25000 21770
1790084624329489 10 0 0 10 10 10 0 0 0 0 0 0 245 97 97 0 1800 1555 1458 0 1458 0 0 0 84922486 4617294 0 4509431 185185 80988 1305003 8231243 38740664 5775971205 5775971205 0 4862925744 1659121920 69.465319 182 182 242606 182000 208 436 120 160000 250000 119 158635 120798 12 16000 25000 12 16000 25000 21780
1790084624345551 10 0 0 10 10 10 0 0 0 0 0 0 244 97 96 1 1800 1556 1459 0 1459 0 0 0 84938169 4617390 0 4509447 185300 80998 1305010 8231374 38744076 5788988302 5782481114 0 4864424236 1659121920 69.469037 185 185 246605 185000 641 457 120 160000 250000 118 157302 120813 12 16000 25000 12 16000 25000 21796
1790084624345755 10 0 0 10 10 10 0 0 0 0 0 0 244 96 96 0 1800 1556 1460 0 1460 0 0 0 84938169 4617464 0 4509463 185300 81005 1305013 8231474 38744076 5788988302 5788988302 0 4864424236 1659121920 69.468979 194 194 258602 194000 336 446 120 160000 250000 118 157302 119812 12 16000 25000 12 16000 25000 21794
1790084624382750 10 0 0 10 10 10 0 0 0 0 0 0 242 97 96 1 1800 1558 1461 0 1461 0 0 0 84974887 4617556 0 4509477 185414 81014 1305022 8231509 38747522 5798700945 5792061496 0 4867411693 1659121920 69.472238 196 196 261268 196000 365 439 120 160000 250000 119 158635 120831 12 16000 25000 12 16000 25000 21810
1790084624382944 10 0 0 10 10 10 0 0 0 0 0 0 242 96 96 0 1800 1558 1462 0 1462 0 0 0 84974887 4617629 0 4509493 185414 81021 1305025 8231602 38747522 5798700945 5798700945 0 4867411693 1659121920 69.472181 195 195 259935 195000 117 408 120 160000 250000 118 157302 119826 12 16000 25000 12 16000 25000 21808
1790084624421198 10 0 0 10 10 10 0 0 0 0 0 0 240 97 97 0 1800 1560 1463 0 1463 0 0 0 85003171 4617732 0 4509508 185522 81037 1314712 8231638 38757421 5805364699 5805364699 0 4870432861 1659121920 69.482325 198 198 263934 198000 160 385 120 160000 250000 119 158635 120838 12 16000 25000 12 16000 25000 21818
1790084624427076 10 0 0 10 10 10 0 0 0 0 0 0 239 97 97 0 1800 1561 1464 0 1464 0 0 0 85008719 4617819 0 4509521 185599 81045 1314722 8231764 38760730 5811950717 5811950717 0 4871931433 1659121920 69.493902 214 214 285262 214000 704 417 120 160000 250000 119 158635 120844 12 16000 25000 12 16000 25000 21826
1790084624433203 10 0 0 10 10 10 0 0 0 0 0 0 238 97 97 0 1800 1562 1465 0 1465 0 0 0 85014550 4617900 0 4509533 185669 81054 1314730 8231872 38764043 5818561226 5818561226 0 4873167772 1659121920 69.502473 223 223 297259 223000 379 415 120 160000 250000 119 158635 120852 12 16000 25000 12 16000 25000 21834
1790084624438939 10 0 0 10 10 10 0 0 0 0 0 0 237 97 97 0 1800 1563 1466 0 1466 0 0 0 85020024 4617983 0 4509545 185736 81063 1314738 8231948 38767332 5825245493 5825245493 0 4874665344 1659121920 69.514097 234 234 311922 234000 738 448 120 160000 250000 119 158635 120861 12 16000 25000 12 16000 25000 21842
1790084624480447 10 0 0 10 10 10 0 0 0 0 0 0 236 97 95 2 1800 1564 1467 0 1467 0 0 0 85043565 4618083 0 4509558 185910 81078 1332318 8232027 38776883 5845258403 5831937281 0 4875882762 1659121920 69.508717 231 231 307923 231000 232 428 120 160000 250000 118 157302 120887 12 16000 25000 12 16000 25000 21866
1790084624480656 10 0 0 10 10 10 0 0 0 0 0 0 236 96 95 1 1800 1564 1468 0 1468 0 0 0 85043565 4618156 0 4509573 185910 81085 1332321 8232134 38776883 5845258403 5838611753 0 4875882762 1659121920 69.508660 246 246 327918 246000 185 405 120 160000 250000 118 157302 119885 12 16000 25000 12 16000 25000 21865
1790084624480789 10 0 0 10 10 10 0 0 0 0 0 0 236 95 95 0 1800 1564 1469 0 1469 0 0 0 85043565 4618226 0 4509587 185911 81092 1332323 8232171 38776883 5845258403 5845258403 0 4875882762 1659121920 69.508606 263 263 350579 263000 862 450 120 160000 250000 117 155969 118879 12 16000 25000 12 16000 25000 21863
1790084624490463 10 0 0 10 10 10 0 0 0 0 0 0 233 97 97 0 1800 1567 1470 0 1470 0 0 0 85052959 4618322 0 4509598 186025 81101 1332333 8232203 38780232 5846238972 5846238972 0 4880166573 1659121920 69.546809 298 298 397234 298000 561 462 120 160000 250000 119 158635 120888 12 16000 25000 12 16000 25000 21867
1790084624500718 10 0 0 10 10 10 0 0 0 0 0 0 232 97 96 1 1800 1568 1471 0 1471 0 0 0 85062820 4618420 0 4509613 186166 81113 1332346 8232310 38786685 5859607988 5852925357 0 4881652936 1659121920 69.554892 293 293 390569 293000 148 433 120 160000 250000 118 157302 120902 12 16000 25000 12 16000 25000 21884
1790084624500928 10 0 0 10 10 10 0 0 0 0 0 0 232 96 96 0 1800 1568 1472 0 1472 0 0 0 85062820 4618493 0 4509628 186166 81120 1332349 8232417 38786685 5859607988 5859607988 0 4881652936 1659121920 69.554836 294 294 391902 294000 486 439 120 160000 250000 118 157302 119900 12 16000 25000 12 16000 25000 21882
1790084624512221 10 0 0 10 10 10 0 0 0 0 0 0 230 97 97 0 1800 1570 1473 0 1473 0 0 0 85073846 4618586 0 4509641 186260 81131 1332364 8232453 38793108 5866318893 5866318893 0 4884647175 1659121920 69.578050 300 300 399900 300000 994 494 120 160000 250000 119 158635 120910 12 16000 25000 12 16000 25000 21892
1790084624587184 10 0 0 10 10 10 0 0 0 0 0 0 229 97 97 0 1800 1571 1474 0 1474 0 0 0 85086846 4618689 0 4509655 186370 81147 1393954 8232575 38802461 5873073852 5873073852 0 4886154635 1659121920 69.583913 303 303 403899 303000 453 491 120 160000 250000 119 158635 120918 12 16000 25000 12 16000 25000 21900
1790084624624506 10 0 0 10 10 10 0 0 0 0 0 0 228 97 97 0 1800 1572 1475 0 1475 0 0 0 85099592 4618792 0 4509672 186484 81164 1418153 8232697 38811783 5873434526 5873434526 0 4887654835 1659121920 69.589894 304 304 405232 304000 521 495 120 160000 250000 119 158635 120917 12 16000 25000 12 16000 25000 21900
1790084624719869 10 0 0 10 10 10 0 0 0 0 0 0 227 97 97 0 1800 1573 1476 0 1476 0 0 0 85123219 4618887 0 4509686 186604 81192 1489468 8232855 38820994 5880312355 5880312355 0 4889158449 1659121920 69.587478 310 310 413230 310000 51 452 120 160000 250000 119 158635 120926 12 16000 25000 12 16000 25000 21908
1790084624809802 10 0 0 10 10 10 0 0 0 0 0 0 226 97 97 0 1800 1574 1477 0 1477 0 0 0 85135871 4618993 0 4509701 186699 81207 1566361 8233004 38830233 5882220082 5882220082 0 4890646217 1659121920 69.593394 313 313 417229 313000 1036 510 120 160000 250000 119 158635 120929 12 16000 25000 12 16000 25000 21911
1790084624980361 10 0 0 10 10 10 0 0 0 0 0 0 225 97 97 0 1800 1575 1478 0 1478 0 0 0 85177859 4619096 0 4509714 186795 81222 1694567 8233133 38839415 5882701991 5882701991 0 4891864149 1659121920 69.573708 313 313 417229 313000 318 492 120 160000 250000 119 158635 120929 12 16000 25000 12 16000 25000 21911
1790084625065743 10 0 0 10 10 10 0 0 0 0 0 0 224 97 97 0 1800 1576 1479 0 1479 0 0 0 85210925 4619189 0 4509727 186898 81239 1746521 8233262 38848579 5889318743 5889318743 0 4893361691 1659121920 69.563925 306 306 407898 306000 67 451 120 160000 250000 119 158635 120937 12 16000 25000 12 16000 25000 21919
1790084625161922 10 0 0 10 10 10 0 0 0 0 0 0 223 97 97 0 1800 1577 1480 0 1480 0 0 0 85233341 4619291 0 4509744 187027 81255 1819861 8233418 38857684 5891276079 5891276079 0 4894588651 1659121920 69.559514 313 313 417229 313000 808 486 120 160000 250000 119 158635 120940 12 16000 25000 12 16000 25000 21922
1790084625183190 10 0 0 10 10 10 0 0 0 0 0 0 222 97 97 0 1800 1578 1481 0 1481 0 0 0 85246704 4619386 0 4509759 187127 81269 1827389 8233563 38866737 5895131082 5895131082 0 4896091282 1659121920 69.565044 323 323 430559 323000 271 466 120 160000 250000 119 158635 120946 12 16000 25000 12 16000 25000 21928
1790084625279223 10 0 0 10 10 10 0 0 0 0 0 0 221 97 97 0 1800 1579 1482 0 1482 0 0 0 85269394 4619480 0 4509773 187223 81285 1900391 8233678 38875671 5897036210 5897036210 0 4897592256 1659121920 69.563336 317 317 422561 317000 239 445 120 160000 250000 119 158635 120949 12 16000 25000 12 16000 25000 21931
1790084625440651 10 0 0 10 10 10 0 0 0 0 0 0 220 97 95 2 1800 1580 1483 0 1483 0 0 0 85281752 4619574 0 4509787 187393 81300 2049048 8233791 38884575 5908347685 5897836846 0 4899103576 1659121920 69.569733 314 314 418562 314000 271 429 120 160000 250000 119 158635 120966 12 16000 25000 12 16000 25000 21948
1790084625440923 10 0 0 10 10 10 0 0 0 0 0 0 220 96 95 1 1800 1580 1484 0 1484 0 0 0 85281752 4619655 0 4509802 187393 81308 2049051 8233947 38884575 5908347685 5903096807 0 4899103576 1659121920 69.569670 304 304 405232 304000 54 394 120 160000 250000 117 155969 119963 12 16000 25000 12 16000 25000 21947
1790084625441060 10 0 0 10 10 10 0 0 0 0 0 0 220 95 95 0 1800 1580 1485 0 1485 0 0 0 85281752 4619726 0 4509817 187393 81316 2049054 8233987 38884575 5908347685 5908347685 0 4899103576 1659121920 69.569615 306 306 407898 306000 396 396 120 160000 250000 117 155969 118961 12 16000 25000 12 16000 25000 21945
1790084625494509 10 0 0 10 10 10 0 0 0 0 0 0 217 97 97 0 1800 1583 1486 0 1486 0 0 0 85298154 4619824 0 4509831 187530 81333 2085796 8234020 38893616 5908835245 5908835245 0 4903338907 1659121920 69.601769 306 306 407898 306000 792 435 120 160000 250000 119 158635 120968 12 16000 25000 12 16000 25000 21948
1790084625662790 10 0 0 10 10 10 0 0 0 0 0 0 216 97 97 0 1800 1584 1487 0 1487 0 0 0 85311999 4619922 0 4509846 187618 81348 2239861 8234167 38902329 5912288024 5912288024 0 4904840021 1659121920 69.606896 293 293 390569 293000 19 396 120 160000 250000 119 158635 120976 12 16000 25000 12 16000 25000 21955
1790084625761441 10 0 0 10 10 10 0 0 0 0 0 0 215 97 97 0 1800 1585 1488 0 1488 0 0 0 85324244 4620026 0 4509863 187738 81363 2325884 8234288 38911063 5916656663 5916656663 0 4906349961 1659121920 69.613350 305 305 406565 305000 546 412 120 160000 250000 119 158635 120984 12 16000 25000 12 16000 25000 21963
1790084625818122 10 0 0 10 10 10 0 0 0 0 0 0 214 97 97 0 1800 1586 1489 0 1489 0 0 0 85380605 4620116 0 4509874 187808 81374 2325892 8234410 38914019 5920948392 5920948392 0 4907854233 1659121920 69.585626 313 313 417229 313000 657 437 120 160000 250000 119 158635 120992 12 16000 25000 12 16000 25000 21972
1790084625857467 10 0 0 10 10 10 0 0 0 0 0 0 213 97 97 0 1800 1587 1490 0 1490 0 0 0 85392848 4620215 0 4509887 187942 81388 2352612 8234522 38922667 5926369553 5926369553 0 4909354622 1659121920 69.591981 310 310 413230 310000 319 427 120 160000 250000 119 158635 120998 12 16000 25000 12 16000 25000 21978
1790084625893252 10 0 0 10 10 10 0 0 0 0 0 0 212 97 97 0 1800 1588 1491 0 1491 0 0 0 85428293 4620304 0 4509901 188010 81397 2352620 8234669 38925603 5930618348 5930618348 0 4910854454 1659121920 69.580404 310 310 413230 310000 759 460 120 160000 250000 119 158635 121007 12 16000 25000 12 16000 25000 21986
1790084625954314 10 0 0 10 10 10 0 0 0 0 0 0 211 97 97 0 1800 1589 1492 0 1492 0 0 0 85460288 4620398 0 4509917 188133 81412 2381343 8234759 38934177 5935614297 5935614297 0 4912346039 1659121920 69.571409 318 318 423894 318000 71 423 120 160000 250000 119 158635 121014 12 16000 25000 12 16000 25000 21994
1790084625969760 10 0 0 10 10 10 0 0 0 0 0 0 210 97 96 1 1800 1590 1493 0 1493 0 0 0 85475320 4620484 0 4509929 188243 81421 2381350 8234941 38937083 5944193032 5939171797 0 4913579253 1659121920 69.572788 318 318 423894 318000 736 469 120 160000 250000 119 158635 121032 12 16000 25000 12 16000 25000 22009
1790084625969955 10 0 0 10 10 10 0 0 0 0 0 0 210 96 96 0 1800 1590 1494 0 1494 0 0 0 85475320 4620556 0 4509943 188243 81429 2381353 8235035 38937083 5944193032 5944193032 0 4913579253 1659121920 69.572733 347 347 462551 347000 1102 532 120 160000 250000 118 157302 120026 12 16000 25000 12 16000 25000 22008
1790084626008854 10 0 0 10 10 10 0 0 0 0 0 0 208 97 97 0 1800 1592 1495 0 1495 0 0 0 85492663 4620659 0 4509959 188361 81447 2402619 8235068 38948337 5949251988 5949251988 0 4916570088 1659121920 69.590916 343 343 457219 343000 320 512 120 160000 250000 119 158635 121038 12 16000 25000 12 16000 25000 22018
1790084626089681 10 0 0 10 10 10 0 0 0 0 0 0 207 97 97 0 1800 1593 1496 0 1496 0 0 0 85504543 4620753 0 4509975 188451 81461 2471224 8235191 38956658 5949891390 5949891390 0 4918075500 1659121920 69.597599 342 342 455886 342000 506 512 120 160000 250000 119 158635 121036 12 16000 25000 12 16000 25000 22018
1790084626324525 10 0 0 10 10 10 0 0 0 0 0 0 206 97 97 0 1800 1594 1497 0 1497 0 0 0 85526260 4620851 0 4509991 188555 81477 2683991 8235310 38965008 5950295595 5950295595 0 4919575112 1659121920 69.596622 341 341 454553 341000 113 474 120 160000 250000 119 158635 121037 12 16000 25000 12 16000 25000 22019
1790084626508723 10 0 0 10 10 10 0 0 0 0 0 0 205 97 97 0 1800 1595 1498 0 1498 0 0 0 85547582 4620944 0 4510005 188651 81492 2846465 8235483 38973270 5954553425 5954553425 0 4921077685 1659121920 69.595985 323 323 430559 323000 16 431 120 160000 250000 119 158635 121045 12 16000 25000 12 16000 25000 22027
1790084626632367 10 0 0 10 10 10 0 0 0 0 0 0 204 97 97 0 1800 1596 1499 0 1499 0 0 0 85559061 4621039 0 4510019 188745 81505 2958287 8235603 38981462 5958925051 5958925051 0 4922581759 1659121920 69.602958 303 303 403899 303000 94 399 120 160000 250000 119 158635 121054 12 16000 25000 12 16000 25000 22035
1790084626677454 10 0 0 10 10 10 0 0 0 0 0 0 203 97 97 0 1800 1597 1500 0 1500 0 0 0 85570884 4621171 0 4510032 188837 81522 2991170 8235716 38989634 5963274100 5963274100 0 4924083052 1659121920 69.609607 303 303 403899 303000 625 422 120 160000 250000 119 158635 121062 12 16000 25000 12 16000 25000 22043
1790084626727593 10 0 0 10 10 10 0 0 0 0 0 0 202 97 97 0 1800 1598 1501 0 1501 0 0 0 85582800 4621271 0 4510046 188945 81537 3029030 8235834 38997759 5967615791 5967615791 0 4925581068 1659121920 69.616172 302 302 402566 302000 675 447 120 160000 250000 119 158635 121070 12 16000 25000 12 16000 25000 22051
1790084626736345 10 0 0 10 10 10 0 0 0 0 0 0 201 97 96 1 1800 1599 1502 0 1502 0 0 0 85591171 4621362 0 4510060 189061 81549 3029042 8235963 39003198 5976871690 5971859373 0 4927085349 1659121920 69.625544 306 306 407898 306000 699 472 120 160000 250000 119 158635 121086 12 16000 25000 12 16000 25000 22067
1790084626736574 10 0 0 10 10 10 0 0 0 0 0 0 201 96 96 0 1800 1599 1503 0 1503 0 0 0 85591171 4621445 0 4510077 189061 81558 3029045 8236077 39003198 5976871690 5976871690 0 4927085349 1659121920 69.625480 300 300 399900 300000 233 450 120 160000 250000 118 157302 120082 12 16000 25000 12 16000 25000 22066
1790084626785806 10 0 0 10 10 10 0 0 0 0 0 0 199 97 97 0 1800 1601 1504 0 1504 0 0 0 85614180 4621550 0 4510099 189199 81573 3054956 8236111 39011303 5981102312 5981102312 0 4930110384 1659121920 69.639616 307 307 409231 307000 610 466 120 160000 250000 119 158635 121094 12 16000 25000 12 16000 25000 22075
1790084626794555 10 0 0 10 10 10 0 0 0 0 0 0 198 97 97 0 1800 1602 1505 0 1505 0 0 0 85622569 4621640 0 4510112 189286 81586 3054970 8236247 39016621 5986209569 5986209569 0 4931610967 1659121920 69.648931 308 308 410564 308000 286 449 120 160000 250000 119 158635 121101 12 16000 25000 12 16000 25000 22084
1790084626809972 10 0 0 10 10 10 0 0 0 0 0 0 197 97 97 0 1800 1603 1506 0 1506 0 0 0 85637686 4621727 0 4510125 189360 81595 3054978 8236348 39019308 5990455377 5990455377 0 4933101500 1659121920 69.652948 313 313 417229 313000 1107 514 120 160000 250000 119 158635 121110 12 16000 25000 12 16000 25000 22091
1790084626828094 10 0 0 10 10 10 0 0 0 0 0 0 196 97 97 0 1800 1604 1507 0 1507 0 0 0 85649565 4621819 0 4510138 189450 81610 3060919 8236434 39027202 5994724316 5994724316 0 4934603620 1659121920 69.659580 315 315 419895 315000 330 497 120 160000 250000 119 158635 121118 12 16000 25000 12 16000 25000 22099
1790084626862668 10 0 0 10 10 10 0 0 0 0 0 0 195 97 96 1 1800 1605 1508 0 1508 0 0 0 85683800 4621903 0 4510151 189566 81619 3060927 8236535 39029868 5999841664 5999004514 0 4936112607 1659121920 69.649043 313 313 417229 313000 659 514 120 160000 250000 119 158635 121128 12 16000 25000 12 16000 25000 22108
1790084626862862 10 0 0 10 10 10 0 0 0 0 0 0 195 96 96 0 1800 1605 1509 0 1509 0 0 0 85683800 4621979 0 4510166 189566 81626 3060930 8236624 39029868 5999841664 5999841664 0 4936112607 1659121920 69.648984 307 307 409231 307000 159 481 120 160000 250000 118 157302 120124 12 16000 25000 12 16000 25000 22107
1790084626890047 10 0 0 10 10 10 0 0 0 0 0 0 193 97 97 0 1800 1607 1510 0 1510 0 0 0 85710734 4622070 0 4510178 189648 81635 3060936 8236668 39032578 6004187712 6004187712 0 4939106486 1659121920 69.659755 299 299 398567 299000 52 440 120 160000 250000 119 158635 121135 12 16000 25000 12 16000 25000 22116
1790084626911983 10 0 0 10 10 10 0 0 0 0 0 0 192 97 97 0 1800 1608 1511 0 1511 0 0 0 85722301 4622177 0 4510194 189766 81650 3070948 8236759 39040310 6009688298 6009688298 0 4940611752 1659121920 69.666643 310 310 413230 310000 813 477 120 160000 250000 119 158635 121152 12 16000 25000 12 16000 25000 22133
1790084626912224 10 0 0 10 10 10 0 0 0 0 0 0 192 96 96 0 1800 1608 1512 0 1512 0 0 0 85722301 4622249 0 4510209 189790 81658 3070951 8236873 39040310 6016432327 6016432327 0 4940611752 1659121920 69.666588 326 326 434558 326000 1044 533 120 160000 250000 118 157302 120146 12 16000 25000 12 16000 25000 22131
1790084626922232 10 0 0 10 10 10 0 0 0 0 0 0 190 97 97 0 1800 1610 1513 0 1513 0 0 0 85732037 4622339 0 4510222 189893 81670 3070967 8236907 39045569 6021824312 6021824312 0 4943337542 1659121920 69.687782 327 327 435891 327000 893 569 120 160000 250000 119 158635 121158 12 16000 25000 12 16000 25000 22141
1790084626945404 10 0 0 10 10 10 0 0 0 0 0 0 189 97 97 0 1800 1611 1514 0 1514 0 0 0 85744538 4622439 0 4510234 189984 81685 3081286 8237033 39053143 6026230696 6026230696 0 4944833312 1659121920 69.693849 331 331 441223 331000 925 604 120 160000 250000 119 158635 121165 12 16000 25000 12 16000 25000 22148
1790084626950935 10 0 0 10 10 10 0 0 0 0 0 0 188 97 96 1 1800 1612 1515 0 1515 0 0 0 85749714 4622530 0 4510246 190104 81693 3081295 8237141 39055692 6032302173 6030638086 0 4946359649 1659121920 69.705895 330 330 439890 330000 858 630 120 160000 250000 119 158635 121177 12 16000 25000 12 16000 25000 22159
1790084626951133 10 0 0 10 10 10 0 0 0 0 0 0 188 96 96 0 1800 1612 1516 0 1516 0 0 0 85749714 4622605 0 4510265 190104 81700 3081299 8237234 39055692 6032302173 6032302173 0 4946359649 1659121920 69.705837 338 338 450554 338000 707 638 120 160000 250000 118 157302 120172 12 16000 25000 12 16000 25000 22157
1790084626961202 10 0 0 10 10 10 0 0 0 0 0 0 186 97 97 0 1800 1614 1517 0 1517 0 0 0 85759509 4622700 0 4510280 190203 81713 3081313 8237268 39060798 6037320020 6037320020 0 4949371197 1659121920 69.729986 346 346 461218 346000 226 599 120 160000 250000 119 158635 121184 12 16000 25000 12 16000 25000 22167
1790084626969368 10 0 0 10 10 10 0 0 0 0 0 0 185 97 96 1 1800 1615 1518 0 1518 0 0 0 85767293 4622785 0 4510291 190329 81732 3081325 8237385 39065732 6047867889 6042801981 0 4950866094 1659121920 69.739688 344 344 458552 344000 809 620 120 160000 250000 119 158635 121202 12 16000 25000 12 16000 25000 22183
1790084626969576 10 0 0 10 10 10 0 0 0 0 0 0 185 96 96 0 1800 1615 1519 0 1519 0 0 0 85767293 4622861 0 4510308 190329 81739 3081328 8237482 39065732 6047867889 6047867889 0 4950866094 1659121920 69.739629 336 336 447888 336000 237 583 120 160000 250000 118 157302 120197 12 16000 25000 12 16000 25000 22182
1790084626993179 10 0 0 10 10 10 0 0 0 0 0 0 183 97 97 0 1800 1617 1520 0 1520 0 0 0 85779555 4622957 0 4510326 190438 81753 3092394 8237518 39073075 6054566430 6054566430 0 4953586786 1659121920 69.758797 344 344 458552 344000 1131 637 120 160000 250000 119 158635 121208 12 16000 25000 12 16000 25000 22191
1790084627036009 10 0 0 10 10 10 0 0 0 0 0 0 182 97 97 0 1800 1618 1521 0 1521 0 0 0 85801771 4623050 0 4510339 190533 81767 3112672 8237631 39080327 6059705774 6059705774 0 4955087085 1659121920 69.757409 348 348 463884 348000 944 668 120 160000 250000 119 158635 121216 12 16000 25000 12 16000 25000 22199
1790084627053624 10 0 0 10 10 10 0 0 0 0 0 0 181 97 96 1 1800 1619 1522 0 1522 0 0 0 85819005 4623137 0 4510352 190672 81779 3112685 8237740 39085122 6067568363 6064894886 0 4956593861 1659121920 69.759938 346 346 461218 346000 890 691 120 160000 250000 119 158635 121228 12 16000 25000 12 16000 25000 22210
1790084627053835 10 0 0 10 10 10 0 0 0 0 0 0 181 96 96 0 1800 1619 1523 0 1523 0 0 0 85819005 4623210 0 4510366 190672 81790 3112688 8237845 39085122 6067568363 6067568363 0 4956593861 1659121920 69.759882 336 336 447888 336000 193 644 120 160000 250000 118 157302 120224 12 16000 25000 12 16000 25000 22209
1790084627070353 10 0 0 10 10 10 0 0 0 0 0 0 179 97 97 0 1800 1621 1524 0 1524 0 0 0 85831224 4623299 0 4510379 190784 81805 3116707 8237880 39092292 6071304378 6071304378 0 4959331792 1659121920 69.779256 324 324 431892 324000 118 593 120 160000 250000 119 158635 121233 12 16000 25000 12 16000 25000 22217
1790084627107641 10 0 0 10 10 10 0 0 0 0 0 0 178 97 97 0 1800 1622 1525 0 1525 0 0 0 85852740 4623388 0 4510393 190870 81819 3132143 8238007 39099380 6077844659 6077844659 0 4960829613 1659121920 69.778381 325 325 433225 325000 237 560 120 160000 250000 119 158635 121242 12 16000 25000 12 16000 25000 22225
1790084627156972 10 0 0 10 10 10 0 0 0 0 0 0 177 97 97 0 1800 1623 1526 0 1526 0 0 0 85866391 4623492 0 4510408 190973 81834 3167476 8238113 39108718 6082103065 6082103065 0 4962318709 1659121920 69.783468 315 315 419895 315000 260 531 120 160000 250000 119 158635 121250 12 16000 25000 12 16000 25000 22233
1790084627197745 10 0 0 10 10 10 0 0 0 0 0 0 176 97 97 0 1800 1624 1527 0 1527 0 0 0 85877357 4623584 0 4510422 191102 81848 3196910 8238230 39115702 6087403233 6087403233 0 4963819613 1659121920 69.790758 317 317 422561 317000 481 527 120 160000 250000 119 158635 121259 12 16000 25000 12 16000 25000 22241
1790084627230943 10 0 0 10 10 10 0 0 0 0 0 0 175 97 97 0 1800 1625 1528 0 1528 0 0 0 85887635 4623682 0 4510436 191197 81864 3219487 8238343 39122600 6089132452 6089132452 0 4965318831 1659121920 69.798554 326 326 434558 326000 1022 576 120 160000 250000 119 158635 121262 12 16000 25000 12 16000 25000 22244
1790084627243854 10 0 0 10 10 10 0 0 0 0 0 0 174 97 97 0 1800 1626 1529 0 1529 0 0 0 85897923 4623771 0 4510449 191289 81880 3221784 8238454 39129483 6094487551 6094487551 0 4966819840 1659121920 69.806366 319 319 425227 319000 259 546 120 160000 250000 119 158635 121270 12 16000 25000 12 16000 25000 22252
1790084627281108 10 0 0 10 10 10 0 0 0 0 0 0 173 97 97 0 1800 1627 1530 0 1530 0 0 0 85908996 4623862 0 4510462 191399 81895 3247614 8238569 39136304 6098936456 6098936456 0 4968321706 1659121920 69.813578 315 315 419895 315000 214 515 120 160000 250000 119 158635 121277 12 16000 25000 12 16000 25000 22259
1790084627286022 10 0 0 10 10 10 0 0 0 0 0 0 172 97 97 0 1800 1628 1531 0 1531 0 0 0 85913599 4623947 0 4510475 191477 81904 3247622 8238680 39138584 6103331753 6103331753 0 4969830389 1659121920 69.825855 322 322 429226 322000 876 552 120 160000 250000 119 158635 121285 12 16000 25000 12 16000 25000 22267
1790084627331494 10 0 0 10 10 10 0 0 0 0 0 0 171 97 97 0 1800 1629 1532 0 1532 0 0 0 85924729 4624041 0 4510490 191578 81920 3281650 8238763 39145358 6107633708 6107633708 0 4971335962 1659121920 69.833057 325 325 433225 325000 589 556 120 160000 250000 119 158635 121292 12 16000 25000 12 16000 25000 22274
1790084627356824 10 0 0 10 10 10 0 0 0 0 0 0 170 97 97 0 1800 1630 1533 0 1533 0 0 0 85935094 4624144 0 4510504 191673 81935 3296272 8238873 39152084 6108351393 6108351393 0 4972836672 1659121920 69.840788 331 331 441223 331000 306 533 120 160000 250000 119 158635 121292 12 16000 25000 12 16000 25000 22275
1790084627395341 10 0 0 10 10 10 0 0 0 0 0 0 169 97 97 0 1800 1631 1534 0 1534 0 0 0 85945444 4624231 0 4510518 191777 81949 3324094 8238990 39158812 6111385349 6111385349 0 4974324327 1659121920 69.848405 328 328 437224 328000 115 494 120 160000 250000 119 158635 121296 12 16000 25000 12 16000 25000 22279
1790084627473893 10 0 0 10 10 10 0 0 0 0 0 0 168 97 97 0 1800 1632 1535 0 1535 0 0 0 85956822 4624328 0 4510535 191860 81965 3390902 8239139 39165520 6111941369 6111941369 0 4975540861 1659121920 69.852364 320 320 426560 320000 202 467 120 160000 250000 119 158635 121297 12 16000 25000 12 16000 25000 22279
1790084627492689 10 0 0 10 10 10 0 0 0 0 0 0 167 97 97 0 1800 1633 1536 0 1536 0 0 0 85966640 4624420 0 4510550 191944 81981 3399530 8239276 39172114 6117267813 6117267813 0 4976745673 1659121920 69.857406 331 331 441223 331000 106 432 120 160000 250000 119 158635 121306 12 16000 25000 12 16000 25000 22287
1790084627528668 10 0 0 10 10 10 0 0 0 0 0 0 166 97 97 0 1800 1634 1537 0 1537 0 0 0 85976511 4624519 0 4510572 192037 81996 3425301 8239384 39178666 6121633153 6121633153 0 4978241735 1659121920 69.865467 334 334 445222 334000 1017 490 120 160000 250000 119 158635 121314 12 16000 25000 12 16000 25000 22295
1790084627603001 10 0 0 10 10 10 0 0 0 0 0 0 165 97 97 0 1800 1635 1538 0 1538 0 0 0 86050526 4624615 0 4510586 192113 82005 3425310 8239489 39180891 6126642808 6126642808 0 4979741798 1659121920 69.824141 335 335 446555 335000 763 517 120 160000 250000 119 158635 121321 12 16000 25000 12 16000 25000 22302
1790084627649303 10 0 0 10 10 10 0 0 0 0 0 0 164 97 97 0 1800 1636 1539 0 1539 0 0 0 86070761 4624707 0 4510601 192206 82020 3451058 8239589 39187412 6131673111 6131673111 0 4981251149 1659121920 69.824363 291 291 387903 291000 47 472 120 160000 250000 119 158635 121331 12 16000 25000 12 16000 25000 22311
1790084627671089 10 0 0 10 10 10 0 0 0 0 0 0 163 97 97 0 1800 1637 1540 0 1540 0 0 0 86090508 4624801 0 4510618 192307 82034 3452752 8239704 39193840 6136676285 6136676285 0 4982754955 1659121920 69.824900 284 284 378572 284000 205 447 120 160000 250000 119 158635 121338 12 16000 25000 12 16000 25000 22319
1790084627713210 10 0 0 10 10 10 0 0 0 0 0 0 162 97 97 0 1800 1638 1541 0 1541 0 0 0 86100530 4624897 0 4510632 192394 82047 3484529 8239811 39200265 6141767317 6141767317 0 4984259606 1659121920 69.832929 300 300 399900 300000 206 424 120 160000 250000 119 158635 121346 12 16000 25000 12 16000 25000 22327
1790084627763231 10 0 0 10 10 10 0 0 0 0 0 0 161 97 97 0 1800 1639 1542 0 1542 0 0 0 86110518 4624989 0 4510647 192511 82063 3524207 8239920 39206670 6146741655 6146741655 0 4985758025 1659121920 69.840921 300 300 399900 300000 740 455 120 160000 250000 119 158635 121354 12 16000 25000 12 16000 25000 22335
1790084627824826 10 0 0 10 10 10 0 0 0 0 0 0 160 97 97 0 1800 1640 1543 0 1543 0 0 0 86121219 4625115 0 4510664 192597 82078 3574747 8240026 39212981 6147479634 6147479634 0 4987260835 1659121920 69.848381 301 301 401233 301000 835 493 120 160000 250000 119 158635 121356 12 16000 25000 12 16000 25000 22336
1790084627833354 10 0 0 10 10 10 0 0 0 0 0 0 159 97 97 0 1800 1641 1544 0 1544 0 0 0 86129379 4625205 0 4510677 192684 82090 3574760 8240172 39217159 6152586192 6152586192 0 4988754114 1659121920 69.857723 294 294 391902 294000 47 450 120 160000 250000 119 158635 121364 12 16000 25000 12 16000 25000 22344
1790084627857987 10 0 0 10 10 10 0 0 0 0 0 0 158 97 96 1 1800 1642 1545 0 1545 0 0 0 86138885 4625296 0 4510689 192811 82106 3589495 8240309 39223368 6158594214 6153151522 0 4989971963 1659121920 69.863133 296 296 394568 296000 812 487 120 160000 250000 119 158635 121375 12 16000 25000 12 16000 25000 22353
1790084627858226 10 0 0 10 10 10 0 0 0 0 0 0 158 96 96 0 1800 1642 1546 0 1546 0 0 0 86138885 4625384 0 4510705 192811 82113 3589499 8240427 39223368 6158594214 6158594214 0 4989971963 1659121920 69.863065 296 296 394568 296000 93 450 120 160000 250000 118 157302 120370 12 16000 25000 12 16000 25000 22352
1790084627901190 10 0 0 10 10 10 0 0 0 0 0 0 156 97 97 0 1800 1644 1547 0 1547 0 0 0 86171371 4625487 0 4510728 192916 82128 3599702 8240462 39229588 6163954719 6163954719 0 4992967171 1659121920 69.869450 313 313 417229 313000 1038 508 120 160000 250000 119 158635 121381 12 16000 25000 12 16000 25000 22362
1790084628042373 10 0 0 10 10 10 0 0 0 0 0 0 155 97 97 0 1800 1645 1548 0 1548 0 0 0 86180921 4625586 0 4510741 193053 82143 3730950 8240576 39235681 6170559446 6170559446 0 4994471899 1659121920 69.877829 334 334 445222 334000 1044 561 120 160000 250000 119 158635 121388 12 16000 25000 12 16000 25000 22370
1790084628085694 10 0 0 10 10 10 0 0 0 0 0 0 154 97 97 0 1800 1646 1549 0 1549 0 0 0 86190445 4625675 0 4510753 193142 82160 3764412 8240691 39241722 6174985123 6174985123 0 4995974541 1659121920 69.886211 338 338 450554 338000 993 604 120 160000 250000 119 158635 121395 12 16000 25000 12 16000 25000 22376
1790084628104647 10 0 0 10 10 10 0 0 0 0 0 0 153 97 97 0 1800 1647 1550 0 1550 0 0 0 86204671 4625764 0 4510766 193229 82175 3768820 8240799 39247768 6180251104 6180251104 0 4997464986 1659121920 69.890846 333 333 443889 333000 286 574 120 160000 250000 119 158635 121404 12 16000 25000 12 16000 25000 22384
1790084628123013 10 0 0 10 10 10 0 0 0 0 0 0 152 97 97 0 1800 1648 1551 0 1551 0 0 0 86214054 4625855 0 4510780 193333 82190 3777463 8240901 39253755 6185514833 6185514833 0 4999002742 1659121920 69.899701 336 336 447888 336000 1066 623 120 160000 250000 119 158635 121412 12 16000 25000 12 16000 25000 22392
1790084628164349 10 0 0 10 10 10 0 0 0 0 0 0 151 97 97 0 1800 1649 1552 0 1552 0 0 0 86234242 4625949 0 4510793 193422 82206 3798283 8241008 39259703 6185909336 6185909336 0 5000499964 1659121920 69.899813 344 344 458552 344000 1057 666 120 160000 250000 119 158635 121412 12 16000 25000 12 16000 25000 22393
1790084628220426 10 0 0 10 10 10 0 0 0 0 0 0 150 97 97 0 1800 1650 1553 0 1553 0 0 0 86243400 4626055 0 4510806 193513 82221 3844809 8241169 39265631 6192469475 6192469475 0 5001716885 1659121920 69.905458 338 338 450554 338000 67 609 120 160000 250000 119 158635 121419 12 16000 25000 12 16000 25000 22400
1790084628254758 10 0 0 10 10 10 0 0 0 0 0 0 149 97 97 0 1800 1651 1554 0 1554 0 0 0 86277426 4626149 0 4510821 193574 82230 3844818 8241282 39267621 6196744992 6196744992 0 5003220080 1659121920 69.894990 336 336 447888 336000 248 574 120 160000 250000 119 158635 121427 12 16000 25000 12 16000 25000 22408
1790084628280515 10 0 0 10 10 10 0 0 0 0 0 0 148 97 96 1 1800 1652 1555 0 1555 0 0 0 86296037 4626246 0 4510838 193718 82246 3851597 8241369 39273463 6206810475 6201786574 0 5004716684 1659121920 69.896306 328 328 437224 328000 270 545 120 160000 250000 118 157302 121443 12 16000 25000 12 16000 25000 22425
1790084628280727 10 0 0 10 10 10 0 0 0 0 0 0 148 96 96 0 1800 1652 1556 0 1556 0 0 0 86296037 4626327 0 4510853 193718 82255 3851599 8241471 39273463 6206810475 6206810475 0 5004716684 1659121920 69.896244 335 335 446555 335000 1474 637 120 160000 250000 118 157302 120442 12 16000 25000 12 16000 25000 22424
1790084628306717 10 0 0 10 10 10 0 0 0 0 0 0 146 97 97 0 1800 1654 1557 0 1557 0 0 0 86321793 4626416 0 4510867 193794 82263 3851609 8241504 39275456 6207897117 6207897117 0 5007720414 1659121920 69.907878 336 336 447888 336000 864 660 120 160000 250000 119 158635 121447 12 16000 25000 12 16000 25000 22426
1790084628334233 10 0 0 10 10 10 0 0 0 0 0 0 145 97 97 0 1800 1655 1558 0 1558 0 0 0 86331200 4626511 0 4510881 193887 82279 3869414 8241583 39281177 6209220084 6209220084 0 5008939929 1659121920 69.913361 334 334 445222 334000 50 601 120 160000 250000 119 158635 121448 12 16000 25000 12 16000 25000 22427
1790084628420874 10 0 0 10 10 10 0 0 0 0 0 0 144 97 97 0 1800 1656 1559 0 1559 0 0 0 86371383 4626606 0 4510895 193984 82294 3915544 8241683 39286853 6214574499 6214574499 0 5010441551 1659121920 69.898153 334 334 445222 334000 76 551 120 160000 250000 119 158635 121456 12 16000 25000 12 16000 25000 22435
1790084628459491 10 0 0 10 10 10 0 0 0 0 0 0 143 97 97 0 1800 1657 1560 0 1560 0 0 0 86380549 4626704 0 4510917 194070 82321 3944639 8241807 39292461 6219613779 6219613779 0 5011943756 1659121920 69.906780 336 336 447888 336000 1115 607 120 160000 250000 119 158635 121462 12 16000 25000 12 16000 25000 22444
1790084628474008 10 0 0 10 10 10 0 0 0 0 0 0 142 97 97 0 1800 1658 1561 0 1561 0 0 0 86394752 4626790 0 4510930 194154 82330 3944647 8241911 39294339 6224961141 6224961141 0 5013470090 1659121920 69.911798 335 335 446555 335000 922 638 120 160000 250000 119 158635 121470 12 16000 25000 12 16000 25000 22452
1790084628498074 10 0 0 10 10 10 0 0 0 0 0 0 141 97 97 0 1800 1659 1562 0 1562 0 0 0 86403762 4626879 0 4510943 194254 82346 3959398 8241994 39299852 6230094196 6230094196 0 5014946913 1659121920 69.920281 332 332 442556 332000 583 634 120 160000 250000 119 158635 121478 12 16000 25000 12 16000 25000 22460
1790084628552812 10 0 0 10 10 10 0 0 0 0 0 0 140 97 97 0 1800 1660 1563 0 1563 0 0 0 86458206 4626965 0 4510954 194324 82359 3959408 8242087 39301753 6234350793 6234350793 0 5016450620 1659121920 69.894166 317 317 422561 317000 150 587 120 160000 250000 119 158635 121486 12 16000 25000 12 16000 25000 22468
1790084628587556 10 0 0 10 10 10 0 0 0 0 0 0 139 97 97 0 1800 1661 1564 0 1564 0 0 0 86492658 4627050 0 4510968 194389 82368 3959415 8242191 39303619 6238713255 6238713255 0 5017953463 1659121920 69.883403 302 302 402566 302000 113 542 120 160000 250000 119 158635 121492 12 16000 25000 12 16000 25000 22475
1790084628740108 10 0 0 10 10 10 0 0 0 0 0 0 138 97 97 0 1800 1662 1565 0 1565 0 0 0 86501774 4627155 0 4510984 194479 82382 4102539 8242274 39308981 6243051914 6243051914 0 5019456182 1659121920 69.892058 298 298 397234 298000 299 519 120 160000 250000 119 158635 121500 12 16000 25000 12 16000 25000 22483
1790084628783547 10 0 0 10 10 10 0 0 0 0 0 0 137 97 97 0 1800 1663 1566 0 1566 0 0 0 86510342 4627245 0 4510998 194583 82398 4137067 8242384 39314262 6248082488 6248082488 0 5020955369 1659121920 69.901106 298 298 397234 298000 244 493 120 160000 250000 119 158635 121509 12 16000 25000 12 16000 25000 22491
1790084628827581 10 0 0 10 10 10 0 0 0 0 0 0 136 97 97 0 1800 1664 1567 0 1567 0 0 0 86554090 4627330 0 4511011 194646 82407 4137075 8242485 39316024 6248791066 6248791066 0 5022450015 1659121920 69.883136 298 298 397234 298000 917 536 120 160000 250000 119 158635 121509 12 16000 25000 12 16000 25000 22491
1790084628959240 10 0 0 10 10 10 0 0 0 0 0 0 135 97 97 0 1800 1665 1568 0 1568 0 0 0 86572449 4627423 0 4511026 194726 82423 4250078 8242573 39321209 6254211034 6254211034 0 5023954514 1659121920 69.884729 287 287 382571 287000 22 487 120 160000 250000 119 158635 121517 12 16000 25000 12 16000 25000 22499
1790084629044073 10 0 0 10 10 10 0 0 0 0 0 0 134 97 97 0 1800 1666 1569 0 1569 0 0 0 86621442 4627513 0 4511041 194815 82438 4285597 8242678 39326352 6259269960 6259269960 0 5025450794 1659121920 69.862776 288 288 383904 288000 1125 550 120 160000 250000 119 158635 121525 12 16000 25000 12 16000 25000 22507
1790084629101705 10 0 0 10 10 10 0 0 0 0 0 0 133 97 97 0 1800 1667 1570 0 1570 0 0 0 86629886 4627600 0 4511054 194908 82451 4334457 8242791 39331433 6260102286 6260102286 0 5026942669 1659121920 69.871836 286 286 381238 286000 880 583 120 160000 250000 119 158635 121526 12 16000 25000 12 16000 25000 22509
1790084629139412 10 0 0 10 10 10 0 0 0 0 0 0 132 97 97 0 1800 1668 1571 0 1571 0 0 0 86658251 4627698 0 4511068 195006 82466 4343467 8242892 39336436 6264397425 6264397425 0 5028446332 1659121920 69.865759 277 277 369241 277000 61 533 120 160000 250000 119 158635 121532 12 16000 25000 12 16000 25000 22516
1790084629143540 10 0 0 10 10 10 0 0 0 0 0 0 131 97 97 0 1800 1669 1572 0 1572 0 0 0 86662041 4627779 0 4511080 195079 82479 4343476 8243035 39338134 6265403160 6265403160 0 5029929940 1659121920 69.878295 273 273 363909 273000 127 494 120 160000 250000 119 158635 121533 12 16000 25000 12 16000 25000 22517
1790084629190821 10 0 0 10 10 10 0 0 0 0 0 0 130 97 97 0 1800 1670 1573 0 1573 0 0 0 86690956 4627864 0 4511093 195173 82499 4361539 8243117 39343077 6270734126 6270734126 0 5031148523 1659121920 69.868830 274 274 365242 274000 72 453 120 160000 250000 119 158635 121542 12 16000 25000 12 16000 25000 22525
1790084629269623 10 0 0 10 10 10 0 0 0 0 0 0 129 97 97 0 1800 1671 1574 0 1574 0 0 0 86702460 4627954 0 4511107 195251 82515 4428539 8243212 39347961 6272717599 6272717599 0 5032655636 1659121920 69.875698 280 280 373240 280000 1088 516 120 160000 250000 119 158635 121544 12 16000 25000 12 16000 25000 22527
1790084629391476 10 0 0 10 10 10 0 0 0 0 0 0 128 97 97 0 1800 1672 1575 0 1575 0 0 0 86716629 4628052 0 4511127 195353 82531 4535880 8243314 39354407 6277652252 6277652252 0 5034159110 1659121920 69.880481 282 282 375906 282000 434 509 120 160000 250000 119 158635 121551 12 16000 25000 12 16000 25000 22534
1790084629470266 10 0 0 10 10 10 0 0 0 0 0 0 127 97 97 0 1800 1673 1576 0 1576 0 0 0 86727082 4628158 0 4511153 195445 82546 4603867 8243429 39360809 6283051125 6283051125 0 5035652627 1659121920 69.887995 280 280 373240 280000 286 488 120 160000 250000 119 158635 121560 12 16000 25000 12 16000 25000 22542
1790084629595694 10 0 0 10 10 10 0 0 0 0 0 0 126 97 97 0 1800 1674 1577 0 1577 0 0 0 86738664 4628253 0 4511170 195538 82559 4717364 8243549 39365556 6284760612 6284760612 0 5037148477 1659121920 69.894676 280 280 373240 280000 1153 554 120 160000 250000 119 158635 121564 12 16000 25000 12 16000 25000 22545
1790084629673347 10 0 0 10 10 10 0 0 0 0 0 0 125 97 97 0 1800 1675 1578 0 1578 0 0 0 86747584 4628341 0 4511183 195632 82575 4785770 8243658 39370324 6285383589 6285383589 0 5038642106 1659121920 69.903375 281 281 374573 281000 304 531 120 160000 250000 119 158635 121565 12 16000 25000 12 16000 25000 22546
1790084629747491 10 0 0 10 10 10 0 0 0 0 0 0 124 97 97 0 1800 1676 1579 0 1579 0 0 0 86758908 4628435 0 4511198 195720 82589 4848261 8243770 39375033 6289683403 6289683403 0 5040152902 1659121920 69.910407 282 282 375906 282000 111 491 120 160000 250000 119 158635 121571 12 16000 25000 12 16000 25000 22553
1790084629778821 10 0 0 10 10 10 0 0 0 0 0 0 123 97 97 0 1800 1677 1580 0 1580 0 0 0 86769283 4628522 0 4511210 195820 82603 4868888 8243877 39379679 6296330941 6296330941 0 5041369238 1659121920 69.915096 282 282 375906 282000 921 534 120 160000 250000 119 158635 121578 12 16000 25000 12 16000 25000 22560
1790084629785018 10 0 0 10 10 10 0 0 0 0 0 0 122 97 96 1 1800 1678 1581 0 1581 0 0 0 86775154 4628606 0 4511223 195925 82612 4868895 8243978 39381260 6306021147 6300668798 0 5042869511 1659121920 69.926194 285 285 379905 285000 925 573 120 160000 250000 119 158635 121595 12 16000 25000 12 16000 25000 22575
1790084629785204 10 0 0 10 10 10 0 0 0 0 0 0 122 96 96 0 1800 1678 1582 0 1582 0 0 0 86775154 4628677 0 4511237 195925 82619 4868898 8244064 39381260 6306021147 6306021147 0 5042869511 1659121920 69.926140 289 289 385237 289000 761 592 120 160000 250000 118 157302 120590 12 16000 25000 12 16000 25000 22574
1790084629885308 10 0 0 10 10 10 0 0 0 0 0 0 120 97 97 0 1800 1680 1583 0 1583 0 0 0 86788001 4628774 0 4511250 196039 82644 4955870 8244094 39385813 6311416750 6311416750 0 5045881782 1659121920 69.947664 296 296 394568 296000 1032 635 120 160000 250000 119 158635 121599 12 16000 25000 12 16000 25000 22582
1790084629985664 10 0 0 10 10 10 0 0 0 0 0 0 119 97 97 0 1800 1681 1584 0 1584 0 0 0 86796548 4628869 0 4511268 196131 82659 5047323 8244227 39390312 6315733795 6315733795 0 5047382157 1659121920 69.956702 303 303 403899 303000 773 649 120 160000 250000 119 158635 121607 12 16000 25000 12 16000 25000 22591
1790084630054913 10 0 0 10 10 10 0 0 0 0 0 0 118 97 97 0 1800 1682 1585 0 1585 0 0 0 86804814 4628962 0 4511283 196221 82675 5107975 8244338 39394746 6319819392 6319819392 0 5048891470 1659121920 69.966049 309 309 411897 309000 806 665 120 160000 250000 119 158635 121615 12 16000 25000 12 16000 25000 22597
1790084630070745 10 0 0 10 10 10 0 0 0 0 0 0 117 97 97 0 1800 1683 1586 0 1586 0 0 0 86814695 4629061 0 4511296 196315 82692 5113591 8244443 39400527 6325163944 6325163944 0 5050396297 1659121920 69.974107 303 303 403899 303000 283 628 120 160000 250000 119 158635 121621 12 16000 25000 12 16000 25000 22604
1790084630117939 10 0 0 10 10 10 0 0 0 0 0 0 116 97 97 0 1800 1684 1587 0 1587 0 0 0 86822914 4629159 0 4511309 196408 82708 5152239 8244541 39404858 6329464538 6329464538 0 5051902224 1659121920 69.983448 304 304 405232 304000 921 657 120 160000 250000 119 158635 121630 12 16000 25000 12 16000 25000 22612
1790084630186867 10 0 0 10 10 10 0 0 0 0 0 0 115 97 97 0 1800 1685 1588 0 1588 0 0 0 86830776 4629250 0 4511322 196512 82721 5212968 8244648 39409152 6333827218 6333827218 0 5053404680 1659121920 69.993029 329 329 438557 329000 78 602 120 160000 250000 119 158635 121637 12 16000 25000 12 16000 25000 22620
1790084630252559 10 0 0 10 10 10 0 0 0 0 0 0 114 97 97 0 1800 1686 1589 0 1589 0 0 0 86838880 4629337 0 4511335 196607 82733 5270227 8244759 39413354 6338104227 6338104227 0 5054903109 1659121920 70.002384 338 338 450554 338000 805 623 120 160000 250000 119 158635 121646 12 16000 25000 12 16000 25000 22629
1790084630286617 10 0 0 10 10 10 0 0 0 0 0 0 113 97 96 1 1800 1687 1590 0 1590 0 0 0 86846403 4629432 0 4511354 196734 82750 5296398 8244863 39417511 6348311524 6343223367 0 5056407577 1659121920 70.012239 348 348 463884 348000 846 646 120 160000 250000 119 158635 121664 12 16000 25000 12 16000 25000 22645
1790084630286821 10 0 0 10 10 10 0 0 0 0 0 0 113 96 96 0 1800 1687 1591 0 1591 0 0 0 86846403 4629507 0 4511370 196734 82758 5296400 8244959 39417511 6348311524 6348311524 0 5056407577 1659121920 70.012181 349 349 465217 349000 1016 683 120 160000 250000 118 157302 120659 12 16000 25000 12 16000 25000 22644
1790084630393875 10 0 0 10 10 10 0 0 0 0 0 0 111 97 97 0 1800 1689 1592 0 1592 0 0 0 86875621 4629600 0 4511383 196841 82772 5373971 8244992 39421662 6353624693 6353624693 0 5059418908 1659121920 70.021139 344 344 458552 344000 339 650 120 160000 250000 119 158635 121669 12 16000 25000 12 16000 25000 22652
1790084630562754 10 0 0 10 10 10 0 0 0 0 0 0 110 97 97 0 1800 1690 1593 0 1593 0 0 0 86943551 4629691 0 4511395 196929 82789 5474593 8245103 39425733 6357325279 6357325279 0 5060915448 1659121920 69.984713 353 353 470549 353000 368 623 120 160000 250000 119 158635 121676 12 16000 25000 12 16000 25000 22659
1790084630700295 10 0 0 10 10 10 0 0 0 0 0 0 109 97 97 0 1800 1691 1594 0 1594 0 0 0 86991445 4629783 0 4511408 197024 82804 5563913 8245209 39429734 6361685680 6361685680 0 5062406588 1659121920 69.963580 335 335 446555 335000 111 574 120 160000 250000 119 158635 121684 12 16000 25000 12 16000 25000 22667
1790084630741532 10 0 0 10 10 10 0 0 0 0 0 0 108 97 97 0 1800 1692 1595 0 1595 0 0 0 86998874 4629874 0 4511423 197129 82820 5597370 8245330 39433704 6363834379 6363834379 0 5063901072 1659121920 69.973393 336 336 447888 336000 295 548 120 160000 250000 119 158635 121686 12 16000 25000 12 16000 25000 22670
1790084630807677 10 0 0 10 10 10 0 0 0 0 0 0 107 97 97 0 1800 1693 1596 0 1596 0 0 0 87006718 4629962 0 4511436 197220 82842 5655351 8245430 39437629 6368127824 6368127824 0 5065405950 1659121920 69.982997 331 331 441223 331000 491 544 120 160000 250000 119 158635 121694 12 16000 25000 12 16000 25000 22678
1790084630979814 10 0 0 10 10 10 0 0 0 0 0 0 106 97 97 0 1800 1694 1597 0 1597 0 0 0 87014207 4630055 0 4511452 197308 82855 5819684 8245528 39441540 6372297098 6372297098 0 5066896170 1659121920 69.992715 330 330 439890 330000 853 575 120 160000 250000 119 158635 121702 12 16000 25000 12 16000 25000 22685
1790084630983920 10 0 0 10 10 10 0 0 0 0 0 0 105 97 97 0 1800 1695 1598 0 1598 0 0 0 87017981 4630141 0 4511464 197373 82864 5819693 8245671 39442866 6376599050 6376599050 0 5068394136 1659121920 70.005355 321 321 427893 321000 269 533 120 160000 250000 119 158635 121710 12 16000 25000 12 16000 25000 22693
1790084631017794 10 0 0 10 10 10 0 0 0 0 0 0 104 97 97 0 1800 1696 1599 0 1599 0 0 0 87025424 4630232 0 4511479 197481 82879 5845810 8245751 39446660 6383272441 6383272441 0 5069894450 1659121920 70.015211 327 327 435891 327000 1064 586 120 160000 250000 119 158635 121718 12 16000 25000 12 16000 25000 22702
1790084631035998 10 0 0 10 10 10 0 0 0 0 0 0 103 97 97 0 1800 1697 1600 0 1600 0 0 0 87034564 4630319 0 4511491 197573 82894 5854562 8245849 39451695 6389881095 6389881095 0 5071393508 1659121920 70.023759 324 324 431892 324000 463 575 120 160000 250000 119 158635 121726 12 16000 25000 12 16000 25000 22710
1790084631058818 10 0 0 10 10 10 0 0 0 0 0 0 102 97 97 0 1800 1698 1601 0 1601 0 0 0 87054039 4630411 0 4511509 197659 82907 5857594 8245951 39456620 6390327750 6390327750 0 5072613379 1659121920 70.021504 326 326 434558 326000 1169 634 120 160000 250000 119 158635 121726 12 16000 25000 12 16000 25000 22710
1790084631064611 10 0 0 10 10 10 0 0 0 0 0 0 101 97 97 0 1800 1699 1602 0 1602 0 0 0 87059408 4630506 0 4511529 197738 82927 5857661 8246092 39459089 6395412813 6395412813 0 5074121786 1659121920 70.033020 305 305 406565 305000 10 574 120 160000 250000 119 158635 121735 12 16000 25000 12 16000 25000 22718
1790084631079757 10 0 0 10 10 10 0 0 0 0 0 0 100 97 97 0 1800 1700 1603 0 1603 0 0 0 87068438 4630593 0 4511542 197841 82944 5863433 8246209 39463922 6399759678 6399759678 0 5075643845 1659121920 70.041887 312 312 415896 312000 683 586 120 160000 250000 119 158635 121743 12 16000 25000 12 16000 25000 22726
1790084631083398 10 0 0 10 10 10 0 0 0 0 0 0 99 97 97 0 1800 1701 1604 0 1604 0 0 0 87071782 4630672 0 4511553 197917 82959 5863441 8246302 39465134 6406335323 6406335323 0 5077142337 1659121920 70.054856 318 318 423894 318000 903 618 120 160000 250000 119 158635 121751 12 16000 25000 12 16000 25000 22735
1790084631087101 10 0 0 10 10 10 0 0 0 0 0 0 98 97 97 0 1800 1702 1605 0 1605 0 0 0 87075228 4630753 0 4511565 197978 82968 5863449 8246381 39466341 6410552911 6410552911 0 5078636798 1659121920 70.067703 318 318 423894 318000 1027 659 120 160000 250000 119 158635 121758 12 16000 25000 12 16000 25000 22741
1790084631100954 10 0 0 10 10 10 0 0 0 0 0 0 97 97 95 2 1800 1703 1606 0 1606 0 0 0 87088738 4630839 0 4511577 198126 82978 5863456 8246455 39467530 6425387845 6412041227 0 5080129794 1659121920 70.072840 317 317 422561 317000 691 663 120 160000 250000 119 158635 121780 12 16000 25000 12 16000 25000 22760
1790084631101184 10 0 0 10 10 10 0 0 0 0 0 0 97 96 95 1 1800 1703 1607 0 1607 0 0 0 87088738 4630915 0 4511593 198126 82986 5863459 8246579 39467530 6425387845 6418737252 0 5080129794 1659121920 70.072782 320 320 426560 320000 92 608 120 160000 250000 117 155969 120773 12 16000 25000 12 16000 25000 22759
1790084631101329 10 0 0 10 10 10 0 0 0 0 0 0 97 95 95 0 1800 1703 1608 0 1608 0 0 0 87088738 4630988 0 4511608 198127 82998 5863461 8246620 39467530 6425387845 6425387845 0 5080129794 1659121920 70.072726 334 334 445222 334000 944 641 120 160000 250000 117 155969 119772 12 16000 25000 12 16000 25000 22757
1790084631119272 10 0 0 10 10 10 0 0 0 0 0 0 94 97 96 1 1800 1706 1609 0 1609 0 0 0 87106413 4631067 0 4511619 198252 83007 5863469 8246650 39468744 6434073203 6429747612 0 5084649534 1659121920 70.106151 330 330 439890 330000 392 618 120 160000 250000 118 157302 121798 12 16000 25000 12 16000 25000 22781
1790084631119500 10 0 0 10 10 10 0 0 0 0 0 0 94 96 95 1 1800 1706 1610 0 1610 0 0 0 87106413 4631137 0 4511631 198298 83014 5863472 8246734 39468744 6440676562 6436350971 0 5084649534 1659121920 70.106098 320 320 426560 320000 194 577 120 160000 250000 117 155969 120798 12 16000 25000 12 16000 25000 22783
1790084631119630 10 0 0 10 10 10 0 0 0 0 0 0 94 95 95 0 1800 1706 1611 0 1611 0 0 0 87106413 4631208 0 4511645 198298 83022 5863475 8246767 39468744 6440676562 6440676562 0 5084649534 1659121920 70.106043 325 325 433225 325000 1930 710 120 160000 250000 117 155969 119797 12 16000 25000 12 16000 25000 22782
1790084631147420 10 0 0 10 10 10 0 0 0 0 0 0 91 97 96 1 1800 1709 1612 0 1612 0 0 0 87133876 4631303 0 4511667 198466 83030 5863482 8246795 39469915 6451580879 6444924699 0 5088600863 1659121920 70.126054 338 338 450554 338000 557 696 120 160000 250000 119 158635 121829 12 16000 25000 12 16000 25000 22809
1790084631147615 10 0 0 10 10 10 0 0 0 0 0 0 91 96 96 0 1800 1709 1613 0 1613 0 0 0 87133876 4631374 0 4511680 198476 83037 5863485 8246880 39469915 6451580879 6451580879 0 5088600863 1659121920 70.126000 340 340 453220 340000 125 641 120 160000 250000 118 157302 120823 12 16000 25000 12 16000 25000 22807
1790084631152848 10 0 0 10 10 10 0 0 0 0 0 0 89 97 97 0 1800 1711 1614 0 1614 0 0 0 87138908 4631459 0 4511692 198530 83045 5863492 8246911 39471031 6458242368 6458242368 0 5091321925 1659121920 70.150367 348 348 463884 348000 928 670 120 160000 250000 119 158635 121823 12 16000 25000 12 16000 25000 22808
1790084631208196 10 0 0 10 10 10 0 0 0 0 0 0 88 97 97 0 1800 1712 1615 0 1615 0 0 0 87149081 4631551 0 4511707 198655 83064 5908335 8246986 39476127 6459767521 6459767521 0 5092884674 1659121920 70.158759 356 356 474548 356000 655 670 120 160000 250000 119 158635 121827 12 16000 25000 12 16000 25000 22811
1790084631221804 10 0 0 10 10 10 0 0 0 0 0 0 87 97 97 0 1800 1713 1616 0 1616 0 0 0 87162386 4631637 0 4511720 198727 83072 5908344 8247095 39477208 6466396047 6466396047 0 5094371037 1659121920 70.163967 348 348 463884 348000 170 622 120 160000 250000 119 158635 121835 12 16000 25000 12 16000 25000 22819
1790084631231757 10 0 0 10 10 10 0 0 0 0 0 0 86 97 97 0 1800 1714 1617 0 1617 0 0 0 87171027 4631730 0 4511734 198828 83088 5909321 8247195 39481193 6470732244 6470732244 0 5095868722 1659121920 70.172850 374 374 498542 374000 1182 677 120 160000 250000 119 158635 121842 12 16000 25000 12 16000 25000 22827
1790084631246184 10 0 0 10 10 10 0 0 0 0 0 0 85 97 97 0 1800 1715 1618 0 1618 0 0 0 87179093 4631820 0 4511747 198930 83103 5915343 8247302 39485090 6475162937 6475162937 0 5097365276 1659121920 70.182161 372 372 495876 372000 901 700 120 160000 250000 119 158635 121851 12 16000 25000 12 16000 25000 22835
1790084631250864 10 0 0 10 10 10 0 0 0 0 0 0 84 97 97 0 1800 1716 1619 0 1619 0 0 0 87183482 4631906 0 4511758 199003 83111 5915351 8247398 39486072 6481903469 6481903469 0 5098872736 1659121920 70.194399 372 372 495876 372000 896 720 120 160000 250000 119 158635 121859 12 16000 25000 12 16000 25000 22843
1790084631282581 10 0 0 10 10 10 0 0 0 0 0 0 83 97 97 0 1800 1717 1620 0 1620 0 0 0 87193051 4631995 0 4511771 199130 83129 5937170 8247475 39490792 6486229684 6486229684 0 5100372936 1659121920 70.202596 386 386 514538 386000 892 738 120 160000 250000 119 158635 121867 12 16000 25000 12 16000 25000 22851
1790084631296173 10 0 0 10 10 10 0 0 0 0 0 0 82 97 97 0 1800 1718 1621 0 1621 0 0 0 87201362 4632083 0 4511785 199224 83147 5942130 8247575 39494522 6487213349 6487213349 0 5101876550 1659121920 70.211790 407 407 542531 407000 923 757 120 160000 250000 119 158635 121869 12 16000 25000 12 16000 25000 22852
1790084631352920 10 0 0 10 10 10 0 0 0 0 0 0 81 97 97 0 1800 1719 1622 0 1622 0 0 0 87209024 4632179 0 4511801 199321 83161 5990882 8247677 39498167 6491591107 6491591107 0 5103364318 1659121920 70.221308 400 400 533200 400000 42 688 120 160000 250000 119 158635 121876 12 16000 25000 12 16000 25000 22859
1790084631356650 10 0 0 10 10 10 0 0 0 0 0 0 80 97 97 0 1800 1720 1623 0 1623 0 0 0 87212470 4632259 0 4511813 199390 83169 5990889 8247775 39499068 6495888586 6495888586 0 5104582250 1659121920 70.231259 399 399 531867 399000 1189 738 120 160000 250000 119 158635 121883 12 16000 25000 12 16000 25000 22866
1790084631386008 10 0 0 10 10 10 0 0 0 0 0 0 79 97 97 0 1800 1721 1624 0 1624 0 0 0 87238267 4632360 0 4511826 199473 83186 5994153 8247851 39501704 6500112199 6500112199 0 5106079792 1659121920 70.227006 403 403 537199 403000 871 752 120 160000 250000 119 158635 121891 12 16000 25000 12 16000 25000 22874
1790084631426109 10 0 0 10 10 10 0 0 0 0 0 0 78 97 97 0 1800 1722 1625 0 1625 0 0 0 87245756 4632447 0 4511839 199575 83202 6026442 8247948 39505143 6500474035 6500474035 0 5107306752 1659121920 70.233951 411 411 547863 411000 853 763 120 160000 250000 119 158635 121891 12 16000 25000 12 16000 25000 22874
1790084631519057 10 0 0 10 10 10 0 0 0 0 0 0 77 97 97 0 1800 1723 1626 0 1626 0 0 0 87263093 4632538 0 4511856 199668 83219 6101699 8248080 39508523 6505889572 6505889572 0 5108809383 1659121920 70.236225 402 402 535866 402000 77 697 120 160000 250000 119 158635 121899 12 16000 25000 12 16000 25000 22882
1790084631633905 10 0 0 10 10 10 0 0 0 0 0 0 76 97 97 0 1800 1724 1627 0 1627 0 0 0 87279296 4632626 0 4511869 199768 83233 6200019 8248181 39511025 6510161278 6510161278 0 5110310357 1659121920 70.239350 403 403 537199 403000 405 670 120 160000 250000 119 158635 121907 12 16000 25000 12 16000 25000 22890
1790084631655365 10 0 0 10 10 10 0 0 0 0 0 0 75 97 97 0 1800 1725 1628 0 1628 0 0 0 87286836 4632717 0 4511882 200170 83249 6213305 8248283 39514311 6511825633 6511825633 0 5111821677 1659121920 70.249199 410 410 546530 410000 870 690 120 160000 250000 119 158635 121910 12 16000 25000 12 16000 25000 22893
1790084631702780 10 0 0 10 10 10 0 0 0 0 0 0 74 97 97 0 1800 1726 1629 0 1629 0 0 0 87305010 4632814 0 4511897 200303 83266 6242166 8248395 39517539 6512305944 6512305944 0 5113331724 1659121920 70.250902 405 405 539865 405000 357 659 120 160000 250000 119 158635 121910 12 16000 25000 12 16000 25000 22894
1790084631751688 10 0 0 10 10 10 0 0 0 0 0 0 73 97 97 0 1800 1727 1630 0 1630 0 0 0 87312165 4632899 0 4511909 200397 83280 6283564 8248537 39520676 6517304477 6517304477 0 5114559216 1659121920 70.258102 389 389 518537 389000 36 599 120 160000 250000 119 158635 121918 12 16000 25000 12 16000 25000 22902
1790084631800953 10 0 0 10 10 10 0 0 0 0 0 0 72 97 97 0 1800 1728 1631 0 1631 0 0 0 87319345 4632987 0 4511922 200491 83295 6325303 8248658 39523769 6521627530 6521627530 0 5116057008 1659121920 70.268083 391 391 521203 391000 1050 644 120 160000 250000 119 158635 121925 12 16000 25000 12 16000 25000 22909
1790084631864448 10 0 0 10 10 10 0 0 0 0 0 0 71 97 96 1 1800 1729 1632 0 1632 0 0 0 87382491 4633080 0 4511935 200597 83304 6325312 8248770 39524571 6538306700 6523234755 0 5117558122 1659121920 70.235349 390 390 519870 390000 1228 702 120 160000 250000 119 158635 121929 12 16000 25000 12 16000 25000 22912
1790084631864716 10 0 1 9 10 10 0 0 0 0 0 0 71 96 96 0 1800 1729 1633 0 1633 0 0 0 87382491 4633164 0 4511954 200597 83369 6325316 8248866 39524571 6538306700 6538306700 0 5117558122 1659121920 70.235284 386 386 514538 386000 403 674 120 160000 250000 107 142635 119929 12 16000 25000 12 16000 25000 22912
1790084631898226 10 0 0 10 10 10 0 0 0 0 0 0 69 97 97 0 1800 1731 1634 0 1634 0 0 0 87391274 4633252 0 4511966 200710 83385 6349768 8248902 39528257 6542366385 6542366385 0 5119068062 1659121920 70.244162 374 458 610491 381633 294 637 120 160000 250000 119 158635 121935 12 16000 25000 12 16000 25000 22918
1790084631935654 10 0 0 10 10 10 0 0 0 0 0 0 68 97 97 0 1800 1732 1635 0 1635 0 0 0 87398229 4633337 0 4511979 200810 83400 6379791 8249130 39531159 6546699320 6546699320 0 5120572334 1659121920 70.254376 380 466 620285 387756 902 664 120 160000 250000 119 158635 121944 12 16000 25000 12 16000 25000 22927
1790084632048643 10 0 0 10 10 10 0 0 0 0 0 0 67 97 95 2 1800 1733 1636 0 1636 0 0 0 87510860 4633422 0 4511993 200951 83410 6379798 8249225 39531893 6557424483 6551771663 0 5122072723 1659121920 70.183966 339 416 553359 345919 60 606 120 160000 250000 119 158635 121965 12 16000 25000 12 16000 25000 22943
1790084632048832 10 0 0 10 10 10 0 0 0 0 0 0 67 96 95 1 1800 1733 1637 0 1637 0 0 0 87510860 4633496 0 4512009 200951 83417 6379801 8249311 39531893 6557424483 6552349970 0 5122072723 1659121920 70.183910 358 439 584373 365307 220 569 120 160000 250000 118 157302 120960 12 16000 25000 12 16000 25000 22942
1790084632048965 10 0 0 10 10 10 0 0 0 0 0 0 67 95 95 0 1800 1733 1638 0 1638 0 0 0 87510860 4633573 0 4512023 200951 83424 6379804 8249341 39531893 6557424483 6557424483 0 5122072723 1659121920 70.183851 300 368 489698 306123 6 515 120 160000 250000 117 155969 119955 12 16000 25000 12 16000 25000 22941
1790084632114448 10 0 0 10 10 10 0 0 0 0 0 0 64 97 94 3 1800 1736 1639 0 1639 0 0 0 87575973 4633673 0 4512038 201152 83434 6379813 8249372 39532665 6572657695 6558223139 0 5126297354 1659121920 70.177908 298 365 486434 304082 398 505 120 160000 250000 118 157302 121991 12 16000 25000 12 16000 25000 22969
1790084632114665 10 0 0 10 10 10 0 0 0 0 0 0 64 96 94 2 1800 1736 1640 0 1640 0 0 0 87575973 4633743 0 4512051 201167 83441 6379816 8249476 39532665 6572657695 6562483924 0 5126297354 1659121920 70.177855 282 346 460317 287756 25 459 120 160000 250000 118 157302 120989 12 16000 25000 12 16000 25000 22967
1790084632114795 10 0 0 10 10 10 0 0 0 0 0 0 64 95 94 1 1800 1736 1641 0 1641 0 0 0 87575973 4633813 0 4512066 201167 83448 6379818 8249511 39532665 6572657695 6567593521 0 5126297354 1659121920 70.177802 276 338 450523 281633 151 430 120 160000 250000 116 154636 119982 12 16000 25000 12 16000 25000 22966
1790084632114919 10 0 0 10 10 10 0 0 0 0 0 0 64 94 94 0 1800 1736 1642 0 1642 0 0 0 87575973 4633882 0 4512080 201168 83455 6379820 8249540 39532665 6572657695 6572657695 0 5126297354 1659121920 70.177749 269 330 439096 274490 145 403 120 160000 250000 116 154636 118981 12 16000 25000 12 16000 25000 22965
1790084632242166 10 0 0 10 10 10 0 0 0 0 0 0 60 97 97 0 1800 1740 1643 0 1643 0 0 0 87607124 4633979 0 4512094 201313 83472 6475608 8249568 39535162 6577663567 6577663567 0 5132293213 1659121920 70.215966 277 340 452155 282654 354 399 120 160000 250000 119 158635 121998 12 16000 25000 12 16000 25000 22977
1790084632288562 10 0 0 10 10 10 0 0 0 0 0 0 59 97 97 0 1800 1741 1644 0 1644 0 0 0 87623548 4634067 0 4512108 201408 83487 6505222 8249701 39537530 6583032667 6583032667 0 5133795786 1659121920 70.218932 281 345 458684 286735 1027 461 120 160000 250000 119 158635 122005 12 16000 25000 12 16000 25000 22984
1790084632311169 10 0 0 10 10 10 0 0 0 0 0 0 58 97 96 1 1800 1742 1645 0 1645 0 0 0 87645832 4634151 0 4512120 201506 83496 6505230 8249804 39538137 6588932221 6583583018 0 5135299860 1659121920 70.217455 285 349 465214 290817 1003 515 120 160000 250000 119 158635 122012 12 16000 25000 12 16000 25000 22992
1790084632311352 10 0 0 10 10 10 0 0 0 0 0 0 58 96 96 0 1800 1742 1646 0 1646 0 0 0 87645832 4634223 0 4512135 201506 83504 6505233 8249885 39538137 6588932221 6588932221 0 5135299860 1659121920 70.217400 279 342 455420 284694 66 472 120 160000 250000 118 157302 121009 12 16000 25000 12 16000 25000 22991
1790084632336454 10 0 0 10 10 10 0 0 0 0 0 0 56 97 97 0 1800 1744 1647 0 1647 0 0 0 87663705 4634320 0 4512148 201640 83531 6512105 8249966 39540332 6593099365 6593099365 0 5138299169 1659121920 70.234720 280 343 457052 285715 328 459 120 160000 250000 119 158635 122021 12 16000 25000 12 16000 25000 22999
1790084632363496 10 0 0 10 10 10 0 0 0 0 0 0 55 97 97 0 1800 1745 1648 0 1648 0 0 0 87679801 4634413 0 4512161 201734 83548 6522700 8250088 39542446 6598535489 6598535489 0 5139803450 1659121920 70.237943 280 343 457052 285715 986 511 120 160000 250000 119 158635 122029 12 16000 25000 12 16000 25000 23008
1790084632492539 10 0 0 10 10 10 0 0 0 0 0 0 54 97 97 0 1800 1746 1649 0 1649 0 0 0 87686019 4634509 0 4512179 201835 83573 6645185 8250185 39544488 6603915006 6603915006 0 5141305388 1659121920 70.248654 282 346 460317 287756 1173 577 120 160000 250000 119 158635 122036 12 16000 25000 12 16000 25000 23014
1790084632505251 10 0 1 9 10 10 0 0 0 0 0 0 53 97 97 0 1800 1747 1650 0 1650 0 0 0 87698461 4634590 0 4512180 201876 83581 6645194 8250295 39545003 6604544556 6604544556 0 5142828485 1659121920 70.254858 281 345 458684 286735 1092 628 120 160000 250000 108 143968 121037 12 16000 25000 12 16000 25000 23016
1790084632551084 10 0 0 10 10 10 0 0 0 0 0 0 52 97 97 0 1800 1748 1651 0 1651 0 0 0 87706157 4634673 0 4512192 201976 83596 6683030 8250376 39547525 6609847500 6609847500 0 5142828485 1659121920 70.248940 296 429 571770 308082 59 573 120 160000 250000 119 158635 122043 12 16000 25000 12 16000 25000 23022
1790084632565112 10 0 0 10 10 10 0 0 0 0 0 0 51 97 97 0 1800 1749 1652 0 1652 0 0 0 87711808 4634755 0 4512203 202067 83610 6691133 8250442 39549461 6616520791 6616520791 0 5144329068 1659121920 70.260075 297 431 573701 309123 1384 653 120 160000 250000 119 158635 122052 12 16000 25000 12 16000 25000 23030
1790084632685550 10 0 0 10 10 10 0 0 0 0 0 0 50 97 96 1 1800 1750 1653 0 1653 0 0 0 87718431 4634847 0 4512220 202212 83635 6804591 8250515 39551803 6622125194 6617102597 0 5145819601 1659121920 70.270358 289 419 558248 300796 198 610 120 160000 250000 119 158635 122063 12 16000 25000 12 16000 25000 23039
1790084632685751 10 0 0 10 10 10 0 0 0 0 0 0 50 96 96 0 1800 1750 1654 0 1654 0 0 0 87718431 4634923 0 4512236 202212 83643 6804594 8250612 39551803 6622125194 6622125194 0 5145819601 1659121920 70.270301 275 399 531205 286225 26 554 120 160000 250000 118 157302 121056 12 16000 25000 12 16000 25000 23038
1790084632715702 10 0 0 10 10 10 0 0 0 0 0 0 48 97 97 0 1800 1752 1655 0 1655 0 0 0 87725441 4635014 0 4512249 202332 83659 6827255 8250647 39553607 6627344240 6627344240 0 5148830708 1659121920 70.295989 274 398 529273 285184 380 538 120 160000 250000 119 158635 122068 12 16000 25000 12 16000 25000 23047
1790084632735700 10 0 0 10 10 10 0 0 0 0 0 0 47 97 96 1 1800 1753 1656 0 1656 0 0 0 87730920 4635099 0 4512263 202457 83676 6841422 8250748 39555286 6637170059 6632745128 0 5150327690 1659121920 70.307211 283 411 546658 294552 1567 639 120 160000 250000 118 157302 122082 12 16000 25000 12 16000 25000 23062
1790084632735890 10 0 0 10 10 10 0 0 0 0 0 0 47 96 96 0 1800 1753 1657 0 1657 0 0 0 87730920 4635172 0 4512278 202457 83687 6841425 8250828 39555286 6637170059 6637170059 0 5150327690 1659121920 70.307156 283 411 546658 294552 1891 762 120 160000 250000 118 157302 121081 12 16000 25000 12 16000 25000 23061
1790084632759817 10 0 0 10 10 10 0 0 0 0 0 0 45 97 95 2 1800 1755 1658 0 1658 0 0 0 87754538 4635257 0 4512291 202618 83695 6841432 8250858 39555723 6652404001 6642306689 0 5153329853 1659121920 70.320107 285 413 550522 296633 1333 819 120 160000 250000 117 155969 122110 12 16000 25000 12 16000 25000 23087
1790084632760057 10 0 0 10 10 10 0 0 0 0 0 0 45 95 95 0 1800 1755 1660 0 1660 0 0 0 87754538 4635393 0 4512317 202618 83702 6841435 8250934 39555723 6652404001 6652404001 0 5153329853 1659121920 70.320004 281 408 542795 292470 354 746 120 160000 250000 117 155969 120107 12 16000 25000 12 16000 25000 23084
1790084632813353 10 0 0 10 10 10 0 0 0 0 0 0 42 97 97 0 1800 1758 1661 0 1661 0 0 0 87765257 4635480 0 4512330 202762 83736 6883673 8250987 39558204 6657816336 6657816336 0 5157551413 1659121920 70.355351 277 402 535068 288307 220 695 120 160000 250000 119 158635 122120 12 16000 25000 12 16000 25000 23093
1790084632836243 10 0 0 10 10 10 0 0 0 0 0 0 41 97 97 0 1800 1759 1662 0 1662 0 0 0 87787852 4635563 0 4512344 202824 83744 6883681 8251100 39558554 6658514757 6658514757 0 5159077750 1659121920 70.353837 289 419 558248 300796 1047 730 120 160000 250000 119 158635 122120 12 16000 25000 12 16000 25000 23094
1790084632859240 10 0 0 10 10 10 0 0 0 0 0 0 40 97 97 0 1800 1760 1663 0 1663 0 0 0 87793993 4635647 0 4512356 202938 83760 6900191 8251208 39560114 6662787072 6662787072 0 5160589162 1659121920 70.364694 277 402 535068 288307 37 664 120 160000 250000 119 158635 122128 12 16000 25000 12 16000 25000 23102
1790084633023192 10 0 0 10 10 10 0 0 0 0 0 0 39 97 97 0 1800 1761 1664 0 1664 0 0 0 87809064 4635749 0 4512386 203029 83776 7048763 8251286 39561344 6667060325 6667060325 0 5162089298 1659121920 70.368620 265 384 511889 275817 130 613 120 160000 250000 119 158635 122136 12 16000 25000 12 16000 25000 23110
1790084633048113 10 0 0 10 10 10 0 0 0 0 0 0 38 97 97 0 1800 1762 1665 0 1665 0 0 0 87824553 4635840 0 4512400 203113 83792 7057905 8251365 39562478 6671802386 6671802386 0 5163584195 1659121920 70.372182 269 390 519615 279980 467 600 120 160000 250000 119 158635 122143 12 16000 25000 12 16000 25000 23118
1790084633071227 10 0 0 10 10 10 0 0 0 0 0 0 37 97 97 0 1800 1763 1666 0 1666 0 0 0 87847408 4635920 0 4512414 203173 83800 7057913 8251449 39562764 6673217250 6673217250 0 5165091411 1659121920 70.370272 260 377 502230 270613 204 563 120 160000 250000 119 158635 122145 12 16000 25000 12 16000 25000 23120
1790084633107575 10 0 0 10 10 10 0 0 0 0 0 0 36 97 97 0 1800 1764 1667 0 1667 0 0 0 87862283 4636002 0 4512427 203270 83816 7079105 8251516 39563788 6675223831 6675223831 0 5166304887 1659121920 70.371405 251 364 484845 261245 66 516 120 160000 250000 119 158635 122148 12 16000 25000 12 16000 25000 23123
1790084633138933 10 0 0 10 10 10 0 0 0 0 0 0 35 97 97 0 1800 1765 1668 0 1668 0 0 0 87867711 4636086 0 4512440 203370 83834 7104741 8251589 39564995 6680480928 6680480928 0 5167805186 1659121920 70.382679 246 357 475187 256041 155 481 120 160000 250000 119 158635 122155 12 16000 25000 12 16000 25000 23131
1790084633231959 10 0 0 10 10 10 0 0 0 0 0 0 34 97 97 0 1800 1766 1669 0 1669 0 0 0 87872301 4636181 0 4512462 203485 83850 7192853 8251668 39565880 6680947262 6680947262 0 5169311962 1659121920 70.394648 240 348 463597 249796 229 457 120 160000 250000 119 158635 122152 12 16000 25000 12 16000 25000 23132
1790084633263854 10 0 0 10 10 10 0 0 0 0 0 0 33 97 97 0 1800 1767 1670 0 1670 0 0 0 87903893 4636259 0 4512474 203545 83859 7192861 8251796 39566121 6685920771 6685920771 0 5170545415 1659121920 70.383268 235 341 453939 244592 99 423 120 160000 250000 119 158635 122157 12 16000 25000 12 16000 25000 23139
1790084633288990 10 0 0 10 10 10 0 0 0 0 0 0 32 97 97 0 1800 1768 1671 0 1671 0 0 0 87909103 4636342 0 4512487 203661 83876 7212466 8251882 39567066 6686884859 6686884859 0 5172049893 1659121920 70.394746 244 354 471324 253960 550 436 120 160000 250000 119 158635 122160 12 16000 25000 12 16000 25000 23140
1790084633366321 10 0 0 10 10 10 0 0 0 0 0 0 31 97 97 0 1800 1769 1672 0 1672 0 0 0 87913861 4636424 0 4512499 203752 83892 7284749 8251959 39567782 6692346193 6692346193 0 5173547714 1659121920 70.406499 237 344 457802 246674 77 402 120 160000 250000 119 158635 122169 12 16000 25000 12 16000 25000 23149
1790084633511204 10 0 0 10 10 10 0 0 0 0 0 0 30 97 97 0 1800 1770 1673 0 1673 0 0 0 87928105 4636512 0 4512512 203859 83913 7415066 8252044 39568429 6696731989 6696731989 0 5175036810 1659121920 70.410940 239 347 461666 248756 1732 533 120 160000 250000 119 158635 122177 12 16000 25000 12 16000 25000 23157
1790084633518710 10 0 0 10 10 10 0 0 0 0 0 0 29 97 97 0 1800 1771 1674 0 1674 0 0 0 87933289 4636594 0 4512524 203955 83930 7417085 8252133 39569015 6702142302 6702142302 0 5176537714 1659121920 70.422397 234 340 452007 243552 191 500 120 160000 250000 119 158635 122184 12 16000 25000 12 16000 25000 23165
1790084633551080 10 0 0 10 10 10 0 0 0 0 0 0 28 97 95 2 1800 1772 1675 0 1675 0 0 0 87965322 4636680 0 4512537 204089 83938 7417094 8252214 39569165 6716566922 6707131526 0 5178036932 1659121920 70.413411 241 350 465529 250837 1739 621 120 160000 250000 119 158635 122207 12 16000 25000 12 16000 25000 23187
1790084633551244 10 0 0 10 10 10 0 0 0 0 0 0 28 96 95 1 1800 1772 1676 0 1676 0 0 0 87965322 4636751 0 4512551 204089 83945 7417097 8252278 39569165 6716566922 6711506260 0 5178036932 1659121920 70.413357 227 329 438486 236266 80 569 120 160000 250000 118 157302 121203 12 16000 25000 12 16000 25000 23186
1790084633551370 10 0 0 10 10 10 0 0 0 0 0 0 28 95 95 0 1800 1772 1677 0 1677 0 0 0 87965322 4636822 0 4512566 204089 83952 7417100 8252307 39569165 6716566922 6716566922 0 5178036932 1659121920 70.413303 220 319 424964 228980 136 528 120 160000 250000 117 155969 120199 12 16000 25000 12 16000 25000 23185
1790084633695997 10 0 1 9 10 10 0 0 0 0 0 0 25 97 96 1 1800 1775 1678 0 1678 0 0 0 88109583 4636933 0 4512600 204215 84019 7417109 8252336 39569320 6738368846 6731812955 0 5182548490 1659121920 70.350086 218 316 421101 226898 166 493 120 160000 250000 108 143968 121218 12 16000 25000 12 16000 25000 23197
1790084633696220 10 0 1 9 10 10 0 0 0 0 0 0 25 96 96 0 1800 1775 1679 0 1679 0 0 0 88109583 4637005 0 4512614 204225 84027 7417112 8252448 39569320 6738368846 6738368846 0 5182548490 1659121920 70.350031 202 339 450658 214368 97 456 120 160000 250000 107 142635 120214 12 16000 25000 12 16000 25000 23196
1790084633729754 10 0 0 10 10 10 0 0 0 0 0 0 23 97 97 0 1800 1777 1680 0 1680 0 0 0 88142766 4637086 0 4512626 204294 84035 7417122 8252615 39569938 6740228410 6740228410 0 5184054063 1659121920 70.340284 190 318 423887 201633 78 420 120 160000 250000 119 158635 122217 12 16000 25000 12 16000 25000 23198
1790084633739852 10 0 0 10 10 10 0 0 0 0 0 0 22 97 97 0 1800 1778 1681 0 1681 0 0 0 88148393 4637170 0 4512640 204387 84050 7421318 8252679 39571616 6745490187 6745490187 0 5185554773 1659121920 70.351380 178 298 397115 188898 28 383 120 160000 250000 119 158635 122226 12 16000 25000 12 16000 25000 23206
1790084633847671 10 0 0 10 10 10 0 0 0 0 0 0 21 97 97 0 1800 1779 1682 0 1682 0 0 0 88153720 4637262 0 4512656 204482 84072 7523505 8252753 39573120 6749215029 6749215029 0 5187042428 1659121920 70.362561 181 303 403808 192082 1608 504 120 160000 250000 119 158635 122233 12 16000 25000 12 16000 25000 23214
1790084633860337 10 0 0 10 10 10 0 0 0 0 0 0 20 97 97 0 1800 1780 1683 0 1683 0 0 0 88166131 4637342 0 4512668 204538 84080 7523512 8252838 39573500 6754236433 6754236433 0 5188258962 1659121920 70.365592 179 260 345766 186307 888 543 120 160000 250000 119 158635 122239 12 16000 25000 12 16000 25000 23222
1790084633864212 10 0 0 10 10 10 0 0 0 0 0 0 19 97 97 0 1800 1781 1684 0 1684 0 0 0 88169710 4637423 0 4512681 204631 84094 7523526 8252913 39574282 6759676448 6759676448 0 5189463774 1659121920 70.375197 172 250 332245 179021 92 500 120 160000 250000 119 158635 122249 12 16000 25000 12 16000 25000 23230
1790084634046404 10 0 0 10 10 10 0 0 0 0 0 0 19 96 96 0 1800 1781 1685 0 1685 0 0 0 88171537 4637518 0 4512699 204695 84108 7703615 8252992 39574960 6763969523 6763969523 0 5189463774 1659121920 70.373740 184 267 355425 191511 2048 652 120 160000 250000 118 157302 121252 12 16000 25000 12 16000 25000 23235
1790084634086549 10 0 0 10 10 10 0 0 0 0 0 0 19 95 95 0 1800 1781 1686 0 1686 0 0 0 88173331 4637600 0 4512712 204755 84121 7741746 8253041 39575634 6764943445 6764943445 0 5189463774 1659121920 70.372317 186 270 359288 193592 830 670 120 160000 250000 117 155969 120250 12 16000 25000 12 16000 25000 23235
1790084634113711 10 0 0 10 10 10 0 0 0 0 0 0 19 94 94 0 1800 1781 1687 0 1687 0 0 0 88175139 4637684 0 4512724 204814 84131 7766886 8253084 39576309 6769265572 6769265572 0 5189463774 1659121920 70.370883 206 299 397921 214409 218 627 120 160000 250000 116 154636 119254 12 16000 25000 12 16000 25000 23241
1790084634120935 10 0 0 10 10 10 0 0 0 0 0 0 19 93 93 0 1800 1781 1688 0 1688 0 0 0 88177857 4637772 0 4512739 204925 84147 7771073 8253163 39577328 6772295050 6772295050 0 5189463774 1659121920 70.368755 206 299 397921 214409 775 642 120 160000 250000 115 153303 118255 12 16000 25000 12 16000 25000 23243
1790084634254652 10 0 0 10 10 10 0 0 0 0 0 0 19 92 92 0 1800 1781 1689 0 1689 0 0 0 88179720 4637854 0 4512753 204993 84160 7902694 8253215 39578023 6775844431 6775844431 0 5189463774 1659121920 70.367281 214 311 413374 222735 420 621 120 160000 250000 114 151970 117260 12 16000 25000 12 16000 25000 23249
1790084634267086 10 0 0 10 10 10 0 0 0 0 0 0 19 91 91 0 1800 1781 1690 0 1690 0 0 0 88181547 4637944 0 4512768 205056 84172 7913066 8253266 39578715 6781270811 6781270811 0 5189463774 1659121920 70.365827 218 316 421101 226898 828 642 120 160000 250000 113 150637 116267 12 16000 25000 12 16000 25000 23255
1790084634283985 10 0 0 10 10 10 0 0 0 0 0 0 19 90 90 0 1800 1781 1691 0 1691 0 0 0 88183358 4638021 0 4512781 205117 84184 7927943 8253308 39579404 6782261912 6782261912 0 5189463774 1659121920 70.364396 224 325 432691 233143 442 623 120 160000 250000 112 149304 115267 12 16000 25000 12 16000 25000 23255
1790084634321662 10 0 0 10 10 10 0 0 0 0 0 0 19 89 89 0 1800 1781 1692 0 1692 0 0 0 88185196 4638101 0 4512793 205187 84198 7963560 8253348 39580088 6787580311 6787580311 0 5189463774 1659121920 70.362942 222 322 428827 231062 300 592 120 160000 250000 111 147971 114273 12 16000 25000 12 16000 25000 23261
1790084634330907 10 0 1 9 10 10 0 0 0 0 0 0 19 88 88 0 1800 1781 1693 0 1693 0 0 0 88187488 4638174 0 4512794 205249 84210 7970305 8253393 39581232 6788206685 6788206685 0 5189463774 1659121920 70.361149 214 311 413374 222735 123 547 120 160000 250000 99 131971 112273 12 16000 25000 12 16000 25000 23261
1790084634421754 10 0 0 10 10 10 0 0 0 0 0 0 18 88 88 0 1800 1782 1694 0 1694 0 0 0 88194573 4638260 0 4512808 205329 84226 8053821 8253438 39583023 6793484980 6793484980 0 5189463774 1659121920 70.355714 208 349 464044 220735 79 502 120 160000 250000 110 146638 113279 12 16000 25000 12 16000 25000 23268
1790084634472625 10 0 0 10 10 10 0 0 0 0 0 0 18 87 87 0 1800 1782 1695 0 1695 0 0 0 88196187 4638335 0 4512820 205395 84238 8102830 8253513 39583698 6798760251 6798760251 0 5189463774 1659121920 70.354434 214 359 477430 227103 1577 608 120 160000 250000 109 145305 112286 12 16000 25000 12 16000 25000 23275
1790084634593243 10 0 0 10 10 10 0 0 0 0 0 0 18 86 86 0 1800 1782 1696 0 1696 0 0 0 88197839 4638415 0 4512833 205476 84250 8221566 8253553 39584394 6803161753 6803161753 0 5189463774 1659121920 70.353122 216 362 481892 229225 895 637 120 160000 250000 108 143972 111293 12 16000 25000 12 16000 25000 23282
1790084634618573 10 0 0 10 10 10 0 0 0 0 0 0 18 85 85 0 1800 1782 1697 0 1697 0 0 0 88199460 4638499 0 4512851 205535 84259 8245052 8253605 39585072 6808503594 6808503594 0 5189463774 1659121920 70.351830 217 364 484123 230286 1052 678 120 160000 250000 107 142639 110300 12 16000 25000 12 16000 25000 23288
1790084634623155 10 0 0 10 10 10 0 0 0 0 0 0 18 84 84 0 1800 1782 1698 0 1698 0 0 0 88201079 4638578 0 4512865 205595 84270 8247806 8253642 39585755 6812001738 6812001738 0 5189463774 1659121920 70.350543 216 362 481892 229225 826 693 120 160000 250000 106 141306 109303 12 16000 25000 12 16000 25000 23293
1790084634640640 10 0 0 10 10 10 0 0 0 0 0 0 18 83 83 0 1800 1782 1699 0 1699 0 0 0 88202698 4638654 0 4512877 205654 84282 8263472 8253677 39586435 6813090501 6813090501 0 5189463774 1659121920 70.349259 214 359 477430 227103 799 704 120 160000 250000 105 139973 108302 12 16000 25000 12 16000 25000 23293
1790084634673701 10 0 0 10 10 10 0 0 0 0 0 0 18 82 82 0 1800 1782 1700 0 1700 0 0 0 88204322 4638738 0 4512893 205720 84292 8294696 8253713 39587112 6814032979 6814032979 0 5189463774 1659121920 70.347964 210 305 405648 218572 34 640 120 160000 250000 104 138640 107299 12 16000 25000 12 16000 25000 23293
1790084634758236 10 0 0 10 10 10 0 0 0 0 0 0 18 81 81 0 1800 1782 1701 0 1701 0 0 0 88205951 4638815 0 4512905 205779 84304 8377402 8253748 39587790 6820743665 6820743665 0 5189463774 1659121920 70.346672 200 290 386331 208164 29 581 120 160000 250000 103 137307 106306 12 16000 25000 12 16000 25000 23300
1790084634839610 10 0 0 10 10 10 0 0 0 0 0 0 18 80 80 0 1800 1782 1702 0 1702 0 0 0 88208143 4638926 0 4512928 205880 84326 8456293 8253784 39588633 6824192156 6824192156 0 5189463774 1659121920 70.344927 206 299 397921 214409 1485 670 120 160000 250000 102 135974 105312 12 16000 25000 12 16000 25000 23305
1790084634857508 10 0 0 10 10 10 0 0 0 0 0 0 18 79 79 0 1800 1782 1703 0 1703 0 0 0 88210016 4639023 0 4512942 205969 84339 8471967 8253917 39589414 6829572412 6829572412 0 5189463774 1659121920 70.343434 212 308 409511 220654 788 682 120 160000 250000 101 134641 104319 12 16000 25000 12 16000 25000 23312
1790084634991188 10 0 0 10 10 10 0 0 0 0 0 0 18 78 78 0 1800 1782 1704 0 1704 0 0 0 88211923 4639146 0 4512959 206057 84354 8603395 8254014 39590209 6836194111 6836194111 0 5189463774 1659121920 70.341896 214 311 413374 222735 856 700 120 160000 250000 100 133308 103325 12 16000 25000 12 16000 25000 23318
1790084635087920 10 0 0 10 10 10 0 0 0 0 0 0 18 77 77 0 1800 1782 1705 0 1705 0 0 0 88213631 4639232 0 4512974 206132 84367 8698123 8254116 39590928 6843026201 6843026201 0 5189463774 1659121920 70.340537 209 303 403716 217531 192 651 120 160000 250000 99 131975 102332 12 16000 25000 12 16000 25000 23325
1790084635092037 10 0 0 10 10 10 0 0 0 0 0 0 18 76 76 0 1800 1782 1706 0 1706 0 0 0 88215263 4639307 0 4512987 206191 84380 8700385 8254172 39591618 6847305900 6847305900 0 5189463774 1659121920 70.339244 204 296 394058 212327 197 608 120 160000 250000 98 130642 101338 12 16000 25000 12 16000 25000 23332
1790084635098032 10 0 0 10 10 10 0 0 0 0 0 0 18 75 75 0 1800 1782 1707 0 1707 0 0 0 88216894 4639389 0 4513000 206250 84393 8704541 8254209 39592305 6852343643 6852343643 0 5189463774 1659121920 70.337947 204 296 394058 212327 1070 654 120 160000 250000 97 129309 100345 12 16000 25000 12 16000 25000 23339
1790084635323366 10 0 0 10 10 10 0 0 0 0 0 0 18 74 74 0 1800 1782 1708 0 1708 0 0 0 88218799 4639494 0 4513016 206329 84406 8927719 8254246 39593074 6856677909 6856677909 0 5189463774 1659121920 70.336424 207 300 399853 215449 1070 695 120 160000 250000 96 127976 99352 12 16000 25000 12 16000 25000 23346
1790084635328757 10 0 0 10 10 10 0 0 0 0 0 0 18 73 73 0 1800 1782 1709 0 1709 0 0 0 88220438 4639571 0 4513029 206391 84419 8931201 8254338 39593754 6861714906 6861714906 0 5189463774 1659121920 70.335124 208 302 401784 216490 1005 726 120 160000 250000 95 126643 98359 12 16000 25000 12 16000 25000 23353
1790084635336851 10 0 0 10 10 10 0 0 0 0 0 0 18 72 72 0 1800 1782 1710 0 1710 0 0 0 88222080 4639651 0 4513044 206451 84431 8937447 8254375 39594428 6865750697 6865750697 0 5189463774 1659121920 70.333820 212 308 409511 220654 1162 769 120 160000 250000 94 125310 97362 12 16000 25000 12 16000 25000 23358
1790084635431577 10 0 0 10 10 10 0 0 0 0 0 0 18 71 71 0 1800 1782 1711 0 1711 0 0 0 88223758 4639726 0 4513056 206512 84442 9030295 8254412 39595108 6870097777 6870097777 0 5189463774 1659121920 70.332492 211 306 407579 219613 965 789 120 160000 250000 93 123977 96369 12 16000 25000 12 16000 25000 23364
1790084635438122 10 0 0 10 10 10 0 0 0 0 0 0 18 70 70 0 1800 1782 1712 0 1712 0 0 0 88225414 4639808 0 4513068 206572 84454 9034969 8254452 39595792 6874429697 6874429697 0 5189463774 1659121920 70.331176 218 316 421101 226898 1065 817 120 160000 250000 92 122644 95376 12 16000 25000 12 16000 25000 23371
1790084635455864 10 0 0 10 10 10 0 0 0 0 0 0 18 69 69 0 1800 1782 1713 0 1713 0 0 0 88227070 4639884 0 4513080 206635 84465 9050853 8254487 39596478 6878758693 6878758693 0 5189463774 1659121920 70.329864 224 325 432691 233143 1078 844 120 160000 250000 91 121311 94382 12 16000 25000 12 16000 25000 23378
1790084635500765 10 0 0 10 10 10 0 0 0 0 0 0 18 68 68 0 1800 1782 1714 0 1714 0 0 0 88228730 4639960 0 4513092 206694 84474 9093897 8254522 39597157 6883106898 6883106898 0 5189463774 1659121920 70.328550 225 327 434622 234184 973 858 120 160000 250000 90 119978 93389 12 16000 25000 12 16000 25000 23384
1790084635508442 10 0 0 10 10 10 0 0 0 0 0 0 18 67 67 0 1800 1782 1715 0 1715 0 0 0 88230429 4640045 0 4513104 206764 84484 9099653 8254559 39597847 6884918436 6884918436 0 5189463774 1659121920 70.327199 230 334 444281 239388 1103 883 120 160000 250000 89 118645 92390 12 16000 25000 12 16000 25000 23386
1790084635558068 10 0 1 9 10 10 0 0 0 0 0 0 18 66 66 0 1800 1782 1716 0 1716 0 0 0 88232146 4640142 0 4513127 206814 84562 9147268 8254610 39598561 6887950109 6887950109 0 5189463774 1659121920 70.325825 220 319 424964 228980 29 801 120 160000 250000 77 102645 91774 12 16000 25000 12 16000 25000 24770
1790084635569114 10 0 0 10 10 10 0 0 0 0 0 0 17 66 66 0 1800 1783 1717 0 1717 0 0 0 88234749 4640219 0 4513140 206889 84573 9155479 8254662 39599607 6892268229 6892268229 0 5189463774 1659121920 70.323796 220 369 490816 233470 151 739 120 160000 250000 88 117312 92781 12 16000 25000 12 16000 25000 24777
1790084635573995 10 0 0 10 10 10 0 0 0 0 0 0 17 65 65 0 1800 1783 1718 0 1718 0 0 0 88236423 4640298 0 4513153 206950 84584 9158210 8254971 39600308 6896605706 6896605706 0 5189463774 1659121920 70.322468 223 374 497509 236654 1049 770 120 160000 250000 87 115979 91788 12 16000 25000 12 16000 25000 24784
1790084635675549 10 0 0 10 10 10 0 0 0 0 0 0 17 64 64 0 1800 1783 1719 0 1719 0 0 0 88238098 4640375 0 4513166 207018 84595 9257878 8255007 39600995 6900924476 6900924476 0 5189463774 1659121920 70.321142 227 380 506433 240898 1066 800 120 160000 250000 86 114646 90793 12 16000 25000 12 16000 25000 24789
1790084635765776 10 0 1 9 10 10 0 0 0 0 0 0 17 63 63 0 1800 1783 1720 0 1720 0 0 0 88239810 4640446 0 4513167 207063 84607 9346209 8255046 39601701 6901120938 6901120938 0 5189463774 1659121920 70.319792 228 382 508664 241960 1362 856 120 160000 250000 74 98646 88793 12 16000 25000 12 16000 25000 24789
1790084635779058 10 0 0 10 10 10 0 0 0 0 0 0 16 63 63 0 1800 1784 1721 0 1721 0 0 0 88243281 4640521 0 4513178 207147 84622 9355788 8255085 39603082 6905192323 6905192323 0 5189463774 1659121920 70.317107 228 433 576910 246613 18 776 120 160000 250000 85 113313 89799 12 16000 25000 12 16000 25000 24795
1790084635808154 10 0 0 10 10 10 0 0 0 0 0 0 16 62 62 0 1800 1784 1722 0 1722 0 0 0 88244961 4640599 0 4513191 207208 84633 9382998 8255124 39603778 6909559591 6909559591 0 5189463774 1659121920 70.315777 226 429 571850 244449 984 797 120 160000 250000 84 111980 88806 12 16000 25000 12 16000 25000 24802
1790084636025479 10 0 0 10 10 10 0 0 0 0 0 0 16 61 61 0 1800 1784 1723 0 1723 0 0 0 88246629 4640673 0 4513203 207300 84645 9598423 8255162 39604464 6913914917 6913914917 0 5189463774 1659121920 70.314458 228 433 576910 246613 312 750 120 160000 250000 83 110647 87822 12 16000 25000 12 16000 25000 24816
1790084636028047 10 0 0 10 10 10 0 0 0 0 0 0 16 60 60 0 1800 1784 1724 0 1724 0 0 0 88247480 4640752 0 4513217 207327 84655 9599937 8255232 39604809 6918955302 6918955302 0 5189463774 1659121920 70.313754 224 426 566789 242286 310 689 120 160000 250000 82 109314 86818 12 16000 25000 12 16000 25000 24815
1790084636066764 10 0 0 10 10 10 0 0 0 0 0 0 16 59 59 0 1800 1784 1725 0 1725 0 0 0 88249992 4640836 0 4513232 207393 84668 9635919 8255265 39605846 6923948820 6923948820 0 5189463774 1659121920 70.311789 239 454 604744 258511 709 691 120 160000 250000 81 107981 85824 12 16000 25000 12 16000 25000 24821
1790084636088551 10 0 0 10 10 10 0 0 0 0 0 0 16 58 58 0 1800 1784 1726 0 1726 0 0 0 88251676 4640913 0 4513244 207456 84682 9655817 8255300 39606525 6929291837 6929291837 0 5189463774 1659121920 70.310456 246 467 622456 266082 631 686 120 160000 250000 80 106648 84831 12 16000 25000 12 16000 25000 24828
1790084636095941 10 0 0 10 10 10 0 0 0 0 0 0 16 57 57 0 1800 1784 1727 0 1727 0 0 0 88253368 4640990 0 4513257 207518 84695 9661311 8255336 39607222 6934239410 6934239410 0 5189463774 1659121920 70.309117 254 483 642698 274735 1600 776 120 160000 250000 79 105315 83836 12 16000 25000 12 16000 25000 24833
1790084636150262 10 0 0 10 10 10 0 0 0 0 0 0 16 56 56 0 1800 1784 1728 0 1728 0 0 0 88255083 4641073 0 4513275 207604 84718 9713665 8255370 39607935 6940992866 6940992866 0 5189463774 1659121920 70.307756 288 482 642523 305633 204 721 120 160000 250000 78 103982 82843 12 16000 25000 12 16000 25000 24840
1790084636185231 10 0 0 10 10 10 0 0 0 0 0 0 16 55 55 0 1800 1784 1729 0 1729 0 0 0 88256778 4641155 0 4513289 207664 84731 9746724 8255412 39608626 6945308378 6945308378 0 5189463774 1659121920 70.306411 325 544 725069 344898 1449 793 120 160000 250000 77 102649 81851 12 16000 25000 12 16000 25000 24847
1790084636224282 10 0 0 10 10 10 0 0 0 0 0 0 16 54 54 0 1800 1784 1730 0 1730 0 0 0 88258468 4641233 0 4513302 207722 84744 9783881 8255450 39609309 6949417132 6949417132 0 5189463774 1659121920 70.305073 367 615 818770 389470 1091 823 120 160000 250000 76 101316 80856 12 16000 25000 12 16000 25000 24852
1790084636352877 10 0 0 10 10 10 0 0 0 0 0 0 16 53 53 0 1800 1784 1731 0 1731 0 0 0 88261011 4641313 0 4513317 207809 84768 9909685 8255486 39610329 6955982223 6955982223 0 5189463774 1659121920 70.303088 358 600 798691 379919 309 774 120 160000 250000 75 99983 79862 12 16000 25000 12 16000 25000 24859
1790084636446056 10 0 0 10 10 10 0 0 0 0 0 0 16 52 52 0 1800 1784 1732 0 1732 0 0 0 88262733 4641391 0 4513330 207872 84780 10000930 8255526 39611038 6962634131 6962634131 0 5189463774 1659121920 70.301726 361 605 805384 383103 792 776 120 160000 250000 74 98650 78869 12 16000 25000 12 16000 25000 24865
1790084636487684 10 0 0 10 10 10 0 0 0 0 0 0 16 51 51 0 1800 1784 1733 0 1733 0 0 0 88265271 4641481 0 4513354 207936 84796 10039793 8255565 39612063 6967067581 6967067581 0 5189463774 1659121920 70.299738 398 667 887930 422368 1528 850 120 160000 250000 73 97317 77875 12 16000 25000 12 16000 25000 24872
1790084636488747 10 0 0 10 10 10 0 0 0 0 0 0 16 50 50 0 1800 1784 1734 0 1734 0 0 0 88266128 4641558 0 4513369 207995 84806 10039801 8255601 39612406 6971412860 6971412860 0 5189463774 1659121920 70.299031 325 544 725069 344898 38 772 120 160000 250000 72 95984 76882 12 16000 25000 12 16000 25000 24879
1790084636558889 10 0 0 10 10 10 0 0 0 0 0 0 16 49 49 0 1800 1784 1735 0 1735 0 0 0 88267856 4641634 0 4513382 208057 84817 10108006 8255634 39613101 6976921225 6976921225 0 5189463774 1659121920 70.297666 316 529 704990 335347 188 716 120 160000 250000 71 94651 75888 12 16000 25000 12 16000 25000 24884
1790084636573720 10 0 0 10 10 10 0 0 0 0 0 0 16 48 48 0 1800 1784 1736 0 1736 0 0 0 88269576 4641709 0 4513395 208122 84838 10120900 8255671 39613805 6982339987 6982339987 0 5189463774 1659121920 70.296308 319 534 711683 338531 398 686 120 160000 250000 70 93318 74893 12 16000 25000 12 16000 25000 24890
1790084636617637 10 0 0 10 10 10 0 0 0 0 0 0 16 47 47 0 1800 1784 1737 0 1737 0 0 0 88271290 4641784 0 4513407 208181 84851 10162905 8255707 39614487 6985872021 6985872021 0 5189463774 1659121920 70.294954 321 538 716145 340654 1128 730 120 160000 250000 69 91985 73898 12 16000 25000 12 16000 25000 24895
1790084636685402 10 0 0 10 10 10 0 0 0 0 0 0 16 46 46 0 1800 1784 1738 0 1738 0 0 0 88272991 4641876 0 4513419 208239 84862 10228746 8255751 39615165 6992481441 6992481441 0 5189463774 1659121920 70.293598 318 533 709452 337470 258 685 120 160000 250000 68 90652 72905 12 16000 25000 12 16000 25000 24902
1790084636843281 10 0 0 10 10 10 0 0 0 0 0 0 16 45 45 0 1800 1784 1739 0 1739 0 0 0 88274694 4641952 0 4513431 208299 84872 10384719 8255787 39615848 6996556589 6996556589 0 5189463774 1659121920 70.292252 323 541 720607 342776 1445 760 120 160000 250000 67 89319 71911 12 16000 25000 12 16000 25000 24907
1790084636957108 10 0 0 10 10 10 0 0 0 0 0 0 16 44 44 0 1800 1784 1740 0 1740 0 0 0 88276413 4642027 0 4513443 208356 84882 10496628 8255824 39616537 7001610207 7001610207 0 5189463774 1659121920 70.290895 324 543 722838 343837 698 755 120 160000 250000 66 87986 70918 12 16000 25000 12 16000 25000 24914
1790084637104601 10 0 0 10 10 10 0 0 0 0 0 0 16 43 43 0 1800 1784 1741 0 1741 0 0 0 88278150 4642105 0 4513457 208444 84896 10642141 8255859 39617242 7008256548 7008256548 0 5189463774 1659121920 70.289522 329 551 733993 349143 1147 794 120 160000 250000 65 86653 69935 12 16000 25000 12 16000 25000 24929
1790084637105706 10 0 0 10 10 10 0 0 0 0 0 0 16 42 42 0 1800 1784 1742 0 1742 0 0 0 88279022 4642187 0 4513472 208472 84905 10642200 8255897 39617586 7013828539 7013828539 0 5189463774 1659121920 70.288800 322 539 718376 341715 105 728 120 160000 250000 64 85320 68932 12 16000 25000 12 16000 25000 24928
1790084637160682 10 0 0 10 10 10 0 0 0 0 0 0 16 41 40 1 1800 1784 1743 0 1743 0 0 0 88280763 4642267 0 4513486 208584 84916 10695181 8255931 39618271 7023187344 7018147965 0 5189463774 1659121920 70.287423 326 473 629719 339307 400 697 120 160000 250000 63 83987 67949 12 16000 25000 12 16000 25000 24943
1790084637160819 10 0 0 10 10 10 0 0 0 0 0 0 16 40 40 0 1800 1784 1744 0 1744 0 0 0 88280763 4642336 0 4513500 208585 84923 10695184 8255971 39618271 7023187344 7023187344 0 5189463774 1659121920 70.287370 324 470 625856 337225 1008 728 120 160000 250000 62 82654 66946 12 16000 25000 12 16000 25000 24941
1790084637180271 10 0 0 10 10 10 0 0 0 0 0 0 16 39 39 0 1800 1784 1745 0 1745 0 0 0 88282492 4642412 0 4513511 208641 84935 10712719 8255998 39618957 7028283301 7028283301 0 5189463774 1659121920 70.286005 324 470 625856 337225 935 749 120 160000 250000 61 81321 65953 12 16000 25000 12 16000 25000 24948
1790084637213355 10 0 0 10 10 10 0 0 0 0 0 0 16 38 38 0 1800 1784 1746 0 1746 0 0 0 88284222 4642487 0 4513523 208708 84950 10743861 8256032 39619638 7033373173 7033373173 0 5189463774 1659121920 70.284640 311 451 600745 323694 148 691 120 160000 250000 60 79988 64959 12 16000 25000 12 16000 25000 24955
1790084637224450 10 0 0 10 10 10 0 0 0 0 0 0 16 37 37 0 1800 1784 1747 0 1747 0 0 0 88285930 4642570 0 4513536 208764 84962 10753033 8256078 39620317 7037724639 7037724639 0 5189463774 1659121920 70.283285 311 451 600745 323694 839 706 120 160000 250000 59 78655 63965 12 16000 25000 12 16000 25000 24961
1790084637227962 10 0 0 10 10 10 0 0 0 0 0 0 16 36 36 0 1800 1784 1748 0 1748 0 0 0 88287640 4642655 0 4513551 208830 84972 10754624 8256111 39620997 7042231226 7042231226 0 5189463774 1659121920 70.281928 309 448 596881 321613 331 671 120 160000 250000 58 77322 62970 12 16000 25000 12 16000 25000 24967
1790084637277228 10 0 0 10 10 10 0 0 0 0 0 0 16 35 35 0 1800 1784 1749 0 1749 0 0 0 88289374 4642730 0 4513563 208890 84983 10801960 8256144 39621692 7046470896 7046470896 0 5189463774 1659121920 70.280560 326 473 629719 339307 888 693 120 160000 250000 57 75989 61977 12 16000 25000 12 16000 25000 24973
1790084637334166 10 0 0 10 10 10 0 0 0 0 0 0 16 34 34 0 1800 1784 1750 0 1750 0 0 0 88291123 4642808 0 4513576 208952 84994 10856943 8256181 39622395 7050539113 7050539113 0 5189463774 1659121920 70.279178 340 493 656763 353878 308 656 120 160000 250000 56 74656 60982 12 16000 25000 12 16000 25000 24979
1790084637343932 10 0 0 10 10 10 0 0 0 0 0 0 16 33 33 0 1800 1784 1751 0 1751 0 0 0 88292852 4642885 0 4513588 209018 85006 10864769 8256219 39623080 7055192156 7055192156 0 5189463774 1659121920 70.277812 322 467 621993 335143 123 605 120 160000 250000 55 73323 59988 12 16000 25000 12 16000 25000 24984
1790084637363339 10 0 0 10 10 10 0 0 0 0 0 0 16 32 32 0 1800 1784 1752 0 1752 0 0 0 88294584 4642961 0 4513600 209076 85018 10882243 8256254 39623764 7060298211 7060298211 0 5189463774 1659121920 70.276445 325 471 627788 338266 1450 689 120 160000 250000 54 71990 58995 12 16000 25000 12 16000 25000 24991
1790084637372052 10 0 0 10 10 10 0 0 0 0 0 0 16 31 31 0 1800 1784 1753 0 1753 0 0 0 88296311 4643041 0 4513612 209133 85030 10889024 8256293 39624448 7065342748 7065342748 0 5189463774 1659121920 70.275079 321 466 620061 334103 356 658 120 160000 250000 53 70657 58002 12 16000 25000 12 16000 25000 24998
1790084637397346 10 0 1 9 10 10 0 0 0 0 0 0 16 30 30 0 1800 1784 1754 0 1754 0 0 0 88298078 4643120 0 4513624 209195 85039 10912348 8256327 39625145 7068877759 7068877759 0 5189463774 1659121920 70.273683 332 482 641309 345552 1234 715 120 160000 250000 52 69324 57008 12 16000 25000 12 16000 25000 25004
1790084637442093 10 0 1 9 10 10 0 0 0 0 0 0 15 30 30 0 1800 1785 1755 0 1755 0 0 0 88312187 4643234 0 4513660 209476 85124 10942403 8256403 39625832 7071967677 7071967677 0 5189463774 1659121920 70.262930 338 490 652899 351796 259 672 120 160000 250000 52 69324 62644 12 16000 25000 12 16000 25000 27602
1790084637443389 10 0 0 10 10 10 0 0 0 0 0 0 14 30 30 0 1800 1786 1756 0 1756 0 0 0 88313204 4643310 0 4513672 209575 85133 10942414 8256464 39625842 7077060370 7077060370 0 5189463774 1659121920 70.262104 328 549 731762 348082 151 622 120 160000 250000 63 83991 63658 12 16000 25000 12 16000 25000 27609
1790084637648095 10 0 0 10 10 10 0 0 0 0 0 0 14 29 29 0 1800 1786 1757 0 1757 0 0 0 88342943 4643405 0 4513686 210765 85247 11115675 8256730 39625842 7084817997 7084817997 0 5189463774 1659121920 70.239561 324 543 722838 343837 378 599 120 160000 250000 62 82658 62935 12 16000 25000 12 16000 25000 27616
1790084637651605 10 0 1 9 10 10 0 0 0 0 0 0 14 28 28 0 1800 1786 1758 0 1758 0 0 0 88343931 4643475 0 4513687 210813 85257 11117986 8256792 39625916 7085016134 7085016134 0 5189463774 1659121920 70.238762 329 551 733993 349143 1754 712 120 160000 250000 50 66658 60935 12 16000 25000 12 16000 25000 27616
1790084637673294 10 0 0 10 10 10 0 0 0 0 0 0 13 28 28 0 1800 1787 1759 0 1759 0 0 0 88347693 4643550 0 4513699 210963 85284 11135606 8256829 39625934 7091568658 7091568658 0 5189463774 1659121920 70.235864 319 606 807168 345041 18 645 120 160000 250000 61 81325 61966 12 16000 25000 12 16000 25000 27622
1790084637693062 10 0 0 10 10 10 0 0 0 0 0 0 13 27 27 0 1800 1787 1760 0 1760 0 0 0 88352166 4643624 0 4513710 211145 85327 11150539 8256870 39625934 7098138389 7098138389 0 5189463774 1659121920 70.232430 317 602 802108 342878 390 621 120 160000 250000 60 79992 61005 12 16000 25000 12 16000 25000 27629
1790084637694589 10 0 0 10 10 10 0 0 0 0 0 0 13 26 26 0 1800 1787 1761 0 1761 0 0 0 88353081 4643702 0 4513722 211203 85339 11150948 8256906 39625934 7103142952 7103142952 0 5189463774 1659121920 70.231680 318 604 804638 343960 850 644 120 160000 250000 59 78659 60012 12 16000 25000 12 16000 25000 27636
1790084637711478 10 0 0 10 10 10 0 0 0 0 0 0 13 25 25 0 1800 1787 1762 0 1762 0 0 0 88356205 4643773 0 4513734 211353 85359 11164417 8256940 39625934 7107474830 7107474830 0 5189463774 1659121920 70.229267 319 606 807168 345041 1338 712 120 160000 250000 58 77326 59044 12 16000 25000 12 16000 25000 27641
1790084637726081 10 0 1 9 10 10 0 0 0 0 0 0 13 24 23 1 1800 1787 1763 0 1763 0 0 0 88360273 4643852 0 4513745 211575 85378 11174576 8256974 39625934 7118388584 7111685328 0 5189463774 1659121920 70.226135 316 600 799577 341796 341 677 120 160000 250000 57 75993 58086 12 16000 25000 12 16000 25000 27656
1790084637726216 10 0 1 9 10 10 0 0 0 0 0 0 13 23 23 0 1800 1787 1764 0 1764 0 0 0 88360273 4643925 0 4513761 211575 85385 11174579 8257010 39625934 7118388584 7118388584 0 5189463774 1659121920 70.226080 315 598 797047 340715 1111 720 120 160000 250000 56 74660 57083 12 16000 25000 12 16000 25000 27655
1790084637767925 10 0 2 8 10 10 0 0 0 0 0 0 13 22 22 0 1800 1787 1765 0 1765 0 0 0 88367064 4644005 0 4513778 211884 85422 11209004 8257041 39625934 7124899517 7124899517 0 5189463774 1659121920 70.220893 350 665 885608 378572 1492 796 120 160000 250000 55 73327 56142 12 16000 25000 12 16000 25000 27661
1790084637796227 10 0 2 8 10 10 0 0 0 0 0 0 13 21 21 0 1800 1787 1766 0 1766 0 0 0 88371595 4644078 0 4513789 212071 85444 11232435 8257078 39625934 7131468447 7131468447 0 5189463774 1659121920 70.217417 363 608 809846 385225 1235 839 120 160000 250000 54 71994 55187 12 16000 25000 12 16000 25000 27668
1790084637799554 10 0 2 8 10 10 0 0 0 0 0 0 13 20 20 0 1800 1787 1767 0 1767 0 0 0 88373418 4644149 0 4513800 212159 85458 11233713 8257114 39625934 7138109947 7138109947 0 5189463774 1659121920 70.215987 367 615 818770 389470 1474 902 120 160000 250000 53 70661 54199 12 16000 25000 12 16000 25000 27674
1790084637908368 10 0 3 7 10 10 0 0 0 0 0 0 13 19 19 0 1800 1787 1768 0 1768 0 0 0 88390612 4644228 0 4513811 212826 85519 11324449 8257148 39625934 7143248124 7143248124 0 5189463774 1659121920 70.202951 370 620 825463 392654 1575 968 120 160000 250000 52 69328 53358 12 16000 25000 12 16000 25000 27681
1790084637921347 10 0 3 7 10 10 0 0 0 0 0 0 13 18 18 0 1800 1787 1769 0 1769 0 0 0 88392894 4644299 0 4513823 212936 85531 11334887 8257195 39625934 7148614890 7148614890 0 5189463774 1659121920 70.201175 369 618 823232 391592 777 950 120 160000 250000 51 67995 52378 12 16000 25000 12 16000 25000 27688
1790084637946864 10 0 3 7 10 10 0 0 0 0 0 0 13 17 17 0 1800 1787 1770 0 1770 0 0 0 88397457 4644381 0 4513835 213122 85555 11355465 8257256 39625934 7154194715 7154194715 0 5189463774 1659121920 70.197670 382 554 737892 397592 1828 1036 120 160000 250000 50 66662 51420 12 16000 25000 12 16000 25000 27695
1790084637955743 10 0 3 7 10 10 0 0 0 0 0 0 13 16 16 0 1800 1787 1771 0 1771 0 0 0 88399755 4644457 0 4513847 213247 85568 11361776 8257293 39625934 7158285668 7158285668 0 5189463774 1659121920 70.195879 385 558 743687 400715 1962 1127 120 160000 250000 49 65329 50443 12 16000 25000 12 16000 25000 27701
1790084638032828 10 0 3 7 10 10 0 0 0 0 0 0 13 15 15 0 1800 1787 1772 0 1772 0 0 0 88412139 4644540 0 4513860 213722 85616 11425808 8257327 39625934 7163560246 7163560246 0 5189463774 1659121920 70.186475 391 567 755277 406960 1213 1137 120 160000 250000 48 63996 49546 12 16000 25000 12 16000 25000 27707
1790084638121006 10 0 3 7 10 10 0 0 0 0 0 0 13 14 14 0 1800 1787 1773 0 1773 0 0 0 88427262 4644628 0 4513874 214306 85672 11498060 8257367 39625934 7169111345 7169111345 0 5189463774 1659121920 70.175004 388 563 749482 403837 242 1051 120 160000 250000 47 62663 48673 12 16000 25000 12 16000 25000 27712
1790084638144972 10 0 3 7 10 10 0 0 0 0 0 0 13 13 13 0 1800 1787 1774 0 1774 0 0 0 88431447 4644708 0 4513887 214521 85696 11517459 8257408 39625934 7174184493 7174184493 0 5189463774 1659121920 70.171789 390 566 753345 405919 1314 1078 120 160000 250000 46 61330 47724 12 16000 25000 12 16000 25000 27719
1790084638211347 10 0 3 7 10 10 0 0 0 0 0 0 13 12 12 0 1800 1787 1775 0 1775 0 0 0 88442961 4644785 0 4513900 214969 85741 11571679 8257450 39625934 7179635705 7179635705 0 5189463774 1659121920 70.163051 381 553 735960 396552 220 996 120 160000 250000 45 59997 46803 12 16000 25000 12 16000 25000 27726
1790084638300991 10 0 3 7 10 10 0 0 0 0 0 0 13 11 11 0 1800 1787 1776 0 1776 0 0 0 88459529 4644861 0 4513911 215612 85801 11643897 8257496 39625934 7184668499 7184668499 0 5189463774 1659121920 70.150508 382 554 737892 397592 1888 1084 120 160000 250000 44 58664 46335 12 16000 25000 12 16000 25000 28128
1790084639638765 10 0 4 6 10 10 0 0 0 0 0 0 13 10 10 0 1800 1787 1777 0 1777 0 0 0 88460006 5977403 0 5846317 215640 85815 11648550 8257537 39625934 7187191959 7187191959 0 5189463774 2073902400 73.348960 394 571 761072 410082 1375 1113 120 160000 250000 32 42664 43939 12 16000 25000 12 16000 25000 27732
1790084639640153 10 0 5 5 10 10 0 0 0 0 0 0 13 9 1 8 1800 1787 1778 0 1778 0 0 0 88460006 5977518 0 5846353 216652 85883 11648561 8257696 39625934 7233519301 7187391736 0 5189463774 2073902400 73.348871 125 210 278873 132654 2 1006 120 160000 250000 20 26664 37811 12 16000 25000 12 16000 25000 27797
1790084639640307 10 0 6 4 10 10 0 0 0 0 0 0 13 8 1 7 1800 1787 1779 0 1779 0 0 0 88460006 5977600 0 5846375 216652 85891 11648564 8257737 39625934 7233519301 7192696692 0 5189463774 2073902400 73.348807 61 116 154349 69715 1 909 120 160000 250000 18 23998 36806 12 16000 25000 12 16000 25000 27796
1790084639640599 10 0 6 4 10 10 0 0 0 0 0 0 13 7 1 6 1800 1787 1780 0 1780 0 0 0 88460006 5977677 0 5846394 216652 85898 11648568 8257924 39625934 7233519301 7197987593 0 5189463774 2073902400 73.348748 52 99 131576 59429 8 822 120 160000 250000 18 23998 35804 12 16000 25000 12 16000 25000 27794
1790084639640729 10 0 7 3 10 10 0 0 0 0 0 0 13 6 1 5 1800 1787 1781 0 1781 0 0 0 88460006 5977752 0 5846412 216652 85906 11648571 8257953 39625934 7233519301 7203353157 0 5189463774 2073902400 73.348689 46 88 116395 52572 9 744 120 160000 250000 16 21332 34800 12 16000 25000 12 16000 25000 27793
1790084639640854 10 0 7 3 10 10 0 0 0 0 0 0 13 5 1 4 1800 1787 1782 0 1782 0 0 0 88460006 5977824 0 5846429 216652 85913 11648573 8257981 39625934 7233519301 7208831044 0 5189463774 2073902400 73.348633 38 73 96152 43429 5 673 120 160000 250000 16 21332 33799 12 16000 25000 12 16000 25000 27792
1790084639640991 10 0 8 2 10 10 0 0 0 0 0 0 13 4 1 3 1800 1787 1783 0 1783 0 0 0 88460006 5977906 0 5846447 216652 85923 11648575 8258008 39625934 7233519301 7213822398 0 5189463774 2073902400 73.348570 36 69 91092 41143 13 609 120 160000 250000 15 19999 32796 12 16000 25000 12 16000 25000 27790
1790084639641119 10 0 9 1 10 10 0 0 0 0 0 0 13 3 1 2 1800 1787 1784 0 1784 0 0 0 88460006 5977980 0 5846465 216652 85931 11648578 8258036 39625934 7233519301 7220397449 0 5189463774 2073902400 73.348512 31 59 78440 35429 5 551 120 160000 250000 12 16000 31792 12 16000 25000 12 16000 25000 27789
1790084639641306 10 0 9 1 10 10 0 0 0 0 0 0 13 1 1 0 1800 1787 1786 0 1786 0 0 0 88460006 5978114 0 5846493 216652 85938 11648581 8258064 39625934 7233519301 7233519301 0 5189463774 2073902400 73.348408 27 52 68319 30858 11 475 120 160000 250000 12 16000 29789 12 16000 25000 12 16000 25000 27786
1790084639820682 10 0 8 2 10 10 0 0 0 0 0 0 11 2 2 0 1800 1789 1787 0 1787 0 0 0 88486515 5978201 0 5846494 217500 86024 11800333 8258115 39627398 7233693678 7233693678 0 5189463774 2073902400 73.327757 27 52 68319 30858 30 432 120 160000 250000 24 32000 36183 12 16000 25000 12 16000 25000 28973
1790084641286706 10 0 8 2 10 10 0 0 0 0 0 0 10 2 2 0 1800 1790 1788 0 1788 0 0 0 88530405 7049257 0 6917395 219918 86235 12148612 8258195 39627811 7236242424 7236242424 0 5189463774 2488682880 76.610977 26 56 73571 31837 38 395 120 160000 250000 24 32000 36714 12 16000 25000 12 16000 25000 28973
1790084641288839 10 0 9 1 10 10 0 0 0 0 0 0 10 1 1 0 1800 1790 1789 0 1789 0 0 0 88530405 7049348 0 6917416 221643 86305 12148623 8258409 39627811 7236440535 7236440535 0 5189463774 2488682880 76.610904 23 54 71967 28633 3 341 120 160000 250000 12 16000 30977 12 16000 25000 12 16000 25000 28973
1790084641447033 10 0 8 2 10 10 0 0 0 0 0 0 8 2 2 0 1800 1792 1790 0 1790 0 0 0 88540296 7049416 0 6917416 221726 86319 12296695 8258454 39628816 7236584758 7236584758 0 5189463774 2488682880 76.602922 20 52 68566 26531 1 308 120 160000 250000 24 32000 34170 12 16000 25000 12 16000 25000 30163
1790084655077097 10 0 8 2 10 10 0 0 0 0 0 0 7 3 3 0 1800 1792 1790 0 1790 0 0 0 88616197 7049484 0 6917416 228392 99665 25829877 8258868 39628881 7236584758 7236584758 0 5189463774 2488682880 76.542091 20 56 74553 28164 11 255 120 160000 250000 24 32000 35605 12 16000 25000 12 16000 25000 30164
1790084655084126 10 0 8 2 10 10 0 0 0 0 0 0 7 2 2 0 1800 1793 1791 0 1791 0 0 0 88616934 7049622 0 6917460 228424 99725 25836208 8258868 39628881 7251821651 7251821651 0 5189463774 2488682880 76.541391 20 56 74553 28164 11 232 120 160000 250000 24 32000 35604 12 16000 25000 12 16000 25000 30164
1790084655938660 10 0 8 2 10 10 0 0 0 0 0 0 6 2 2 0 1800 1794 1792 0 1792 0 0 0 88621436 7049708 0 6917462 228520 99742 26685818 8259071 39629552 7252671006 7252671006 0 5189463774 2488682880 76.537720 20 61 80539 28572 592 268 120 160000 250000 24 32000 35604 12 16000 25000 12 16000 25000 30164
1790084656173860 10 0 8 2 10 10 0 0 0 0 0 0 5 2 2 0 1800 1795 1793 0 1793 0 0 0 88621942 7049814 0 6917487 228611 99802 26919971 8259331 39629604 7266333995 7266333995 0 5189463774 2488682880 76.537231 20 65 86526 28980 69 250 120 160000 250000 24 32000 34169 12 16000 25000 12 16000 25000 30164
1790084656827440 10 0 8 2 10 10 0 0 0 0 0 0 4 2 2 0 1800 1796 1794 0 1794 0 0 0 88625531 7049906 0 6917488 228695 99813 27569708 8259377 39630186 7266973829 7266973829 0 5189463774 2488682880 76.534286 19 66 87887 27919 13 228 120 160000 250000 24 32000 34169 12 16000 25000 12 16000 25000 30165
1790084659495639 10 0 9 1 10 10 0 0 0 0 0 0 4 1 1 0 1800 1797 1796 1 1795 0 0 0 88625934 7050163 0 6917522 229262 99901 30236297 8259642 39630398 7272851018 7270513183 0 5189463774 2488682880 76.533758 10 40 52243 15103 0 193 120 160000 250000 12 16000 34938 12 16000 25000 12 16000 25000 32934
1790084661879924 10 0 9 1 10 10 0 0 0 0 0 0 3 1 1 0 1800 1798 1797 1 1796 0 0 0 88626749 7050239 0 6917523 229350 99918 32619405 8259801 39630437 7273068306 7270730471 0 5189463774 2488682880 76.533045 10 42 55236 15307 173 192 120 160000 250000 12 16000 34938 12 16000 25000 12 16000 25000 32934
1790084665783172 9 0 9 0 9 10 1 0 0 0 0 1 3 0 0 0 1800 1798 1798 1 1797 0 0 0 88626766 8042886 0 7910010 234361 99944 35524585 8260145 39630437 7275961740 7273623905 0 5189463774 2903463360 79.839087 10 44 58229 15511 1 166 108 144000 225000 0 0 30302 12 16000 25000 12 16000 25000 30298
1790084674882283 10 0 10 0 10 11 1 0 0 0 0 1 2 1 1 0 1800 1798 1798 1 1797 0 0 0 88626822 8042901 0 7910010 234920 99983 44618818 8260459 39631115 7275961740 7273623905 0 5189463774 2903463360 79.839028 10 46 61223 15715 3 151 120 160000 250000 0 0 30302 12 16000 25000 12 16000 25000 30298
1790084675899015 10 0 9 1 10 11 1 0 0 0 0 1 2 1 1 0 1800 1799 1798 1 1797 0 0 0 88630707 8042902 0 7910010 234939 99989 45635483 8260459 39631115 7275961740 7273623905 0 5189463774 2903463360 79.835819 10 46 61223 15715 3 144 120 160000 250000 12 16000 32302 12 16000 25000 12 16000 25000 30298
1790084677974681 10 0 9 1 10 11 1 0 0 0 0 1 1 1 1 0 1800 1800 1799 1 1798 0 0 0 88630930 8043018 0 7910035 235026 100064 47710544 8260541 39631157 7279029032 7276691197 0 5189463774 2903463360 79.835539 10 46 61223 15715 3 125 120 160000 250000 12 16000 35072 12 16000 25000 12 16000 25000 33067
1790084679073685 10 0 9 1 10 11 1 0 0 0 0 1 0 1 1 0 1800 1801 1800 1 1799 0 0 0 88631140 8043104 0 7910036 235106 100078 48809015 8260662 39631201 7279230104 7276892269 0 5189463774 2903463360 79.835295 10 49 64216 15919 111 125 120 160000 250000 12 16000 35072 12 16000 25000 12 16000 25000 33068
1790084682598025 10 0 10 0 10 11 1 0 0 0 0 1 0 0 0 0 1800 1801 1801 1 1800 0 0 0 88631143 8999796 0 8866597 235255 100103 51376173 8260948 39631201 7281788618 7279450783 0 5189463774 3318243840 83.104622 10 51 67209 16123 1 114 120 160000 250000 0 0 33072 12 16000 25000 12 16000 25000 33068
1790084682735166 0 0 0 0 0 11 11 10 0 0 0 1 0 0 0 0 1800 1801 1801 1 1800 0 0 0 88631143 8999796 0 8866597 235255 100103 51376173 8260948 39631201 7281788618 7279450783 0 5189463774 3318243840 83.104622 10 53 70203 16327 3 104 0 0 0 0 0 0 0 0 0 0 0 0 0
