time,workflow_completion_percentage,Waiting,Committing,Executing,Retrieving,Done
-20.09,0.0,0,0,0,0,0
-20.08,0.0,191,0,0,0,0
-20.07,0.0,225,0,0,0,0
-18.76,0.0,389,0,0,0,0
-18.75,0.0,450,0,0,0,0
-18.74,0.0,552,0,0,0,0
-18.73,0.0,675,0,0,0,0
-18.7,0.0,751,0,0,0,0
-18.69,0.0,895,0,0,0,0
-18.68,0.0,900,0,0,0,0
-18.67,0.0,924,0,0,0,0
-18.66,0.0,1094,0,0,0,0
-18.65,0.0,1125,0,0,0,0
-18.63,0.0,1271,0,0,0,0
-18.62,0.0,1350,0,0,0,0
-18.54,0.0,1421,0,0,0,0
-18.53,0.0,1570,0,0,0,0
-18.52,0.0,1575,0,0,0,0
-18.51,0.0,1618,0,0,0,0
-18.5,0.0,1800,0,0,0,0
0.0,0.0,1799,0,1,0,0
2.07,0.0,1799,0,0,1,0
5.25,0.0,1798,0,1,0,1
5.31,0.05555555555555555,1797,0,2,0,1
5.34,0.05555555555555555,1796,0,3,0,1
5.35,0.05555555555555555,1795,0,4,0,1
5.36,0.05555555555555555,1793,1,5,0,1
5.37,0.05555555555555555,1792,0,7,0,1
5.38,0.05555555555555555,1790,0,9,0,1
5.4,0.05555555555555555,1789,0,10,0,1
5.44,0.05555555555555555,1787,0,12,0,1
5.48,0.05555555555555555,1786,1,12,0,1
5.49,0.05555555555555555,1786,0,13,0,1
5.61,0.05555555555555555,1785,0,14,0,1
5.66,0.05555555555555555,1784,0,15,0,1
5.71,0.05555555555555555,1783,0,16,0,1
5.73,0.05555555555555555,1782,0,17,0,1
5.75,0.05555555555555555,1781,0,18,0,1
5.76,0.05555555555555555,1780,0,19,0,1
5.79,0.05555555555555555,1779,1,19,0,1
5.8,0.05555555555555555,1779,0,20,0,1
5.83,0.05555555555555555,1778,0,21,0,1
5.84,0.05555555555555555,1777,0,22,0,1
5.86,0.05555555555555555,1776,0,23,0,1
5.91,0.05555555555555555,1775,0,23,1,1
5.96,0.05555555555555555,1775,0,22,2,1
5.97,0.05555555555555555,1774,0,23,2,1
6.01,0.05555555555555555,1773,0,24,2,1
6.07,0.05555555555555555,1772,0,25,2,1
6.12,0.05555555555555555,1771,0,26,2,1
6.17,0.05555555555555555,1770,0,26,3,1
6.18,0.05555555555555555,1769,0,27,3,1
6.2,0.05555555555555555,1768,0,28,3,1
6.22,0.05555555555555555,1768,0,27,4,1
6.23,0.05555555555555555,1766,0,29,4,1
6.25,0.05555555555555555,1765,0,30,4,1
6.33,0.05555555555555555,1764,1,30,4,1
6.34,0.05555555555555555,1764,0,31,4,1
6.36,0.05555555555555555,1763,0,32,4,1
6.42,0.05555555555555555,1762,0,33,4,1
6.47,0.05555555555555555,1762,0,32,5,1
6.49,0.05555555555555555,1762,0,31,6,1
6.5,0.05555555555555555,1761,0,32,6,1
6.51,0.05555555555555555,1761,0,31,7,1
6.52,0.05555555555555555,1761,0,30,8,1
6.56,0.05555555555555555,1760,0,31,8,1
6.6,0.05555555555555555,1759,0,32,8,1
6.63,0.05555555555555555,1758,0,33,8,1
6.66,0.05555555555555555,1757,1,33,8,1
6.67,0.05555555555555555,1757,0,34,8,1
6.75,0.05555555555555555,1756,0,35,8,1
6.82,0.05555555555555555,1755,0,36,8,1
6.86,0.05555555555555555,1754,0,37,8,1
6.94,0.05555555555555555,1753,0,38,8,1
6.95,0.05555555555555555,1752,0,39,8,1
7.01,0.05555555555555555,1752,0,37,10,1
7.02,0.05555555555555555,1751,0,38,10,1
7.04,0.05555555555555555,1750,0,39,10,1
7.12,0.05555555555555555,1749,0,40,10,1
7.17,0.05555555555555555,1748,0,41,10,1
7.22,0.05555555555555555,1747,0,42,10,1
7.26,0.05555555555555555,1745,1,43,10,1
7.27,0.05555555555555555,1745,0,44,10,1
7.32,0.05555555555555555,1744,0,45,10,1
7.37,0.05555555555555555,1743,0,46,10,1
7.43,0.05555555555555555,1742,0,47,10,1
7.49,0.05555555555555555,1741,0,48,10,1
7.53,0.05555555555555555,1740,0,49,10,1
7.6,0.05555555555555555,1739,0,50,10,1
7.66,0.05555555555555555,1738,0,51,10,1
7.75,0.05555555555555555,1737,0,51,11,1
7.85,0.05555555555555555,1736,0,51,12,1
7.87,0.05555555555555555,1735,0,52,12,1
7.91,0.05555555555555555,1734,0,53,12,1
7.94,0.05555555555555555,1733,0,54,12,1
7.99,0.05555555555555555,1733,0,53,13,1
8.0,0.05555555555555555,1731,1,54,13,1
8.01,0.05555555555555555,1731,0,55,13,1
8.04,0.05555555555555555,1730,0,56,13,1
8.08,0.05555555555555555,1729,0,57,13,1
8.11,0.05555555555555555,1728,0,58,13,1
8.13,0.05555555555555555,1727,0,59,13,1
8.18,0.05555555555555555,1726,0,60,13,1
8.22,0.05555555555555555,1725,0,61,13,1
8.23,0.05555555555555555,1723,1,62,13,1
8.24,0.05555555555555555,1719,0,67,13,1
8.25,0.05555555555555555,1718,0,68,13,1
8.29,0.05555555555555555,1717,1,68,13,1
8.3,0.05555555555555555,1717,0,69,13,1
8.32,0.05555555555555555,1716,0,70,13,1
8.37,0.05555555555555555,1715,0,71,13,1
8.41,0.05555555555555555,1714,0,72,13,1
8.47,0.05555555555555555,1713,0,73,13,1
8.5,0.05555555555555555,1713,0,72,14,1
8.56,0.05555555555555555,1712,1,72,14,1
8.57,0.05555555555555555,1708,0,77,14,1
8.58,0.05555555555555555,1707,0,78,14,1
8.66,0.05555555555555555,1706,0,79,14,1
8.69,0.05555555555555555,1705,0,80,14,1
8.7,0.05555555555555555,1704,0,81,14,1
8.72,0.05555555555555555,1703,0,81,15,1
8.77,0.05555555555555555,1702,0,81,16,1
8.85,0.05555555555555555,1701,0,82,16,1
8.86,0.05555555555555555,1701,0,81,17,1
8.9,0.05555555555555555,1701,0,80,18,1
8.91,0.05555555555555555,1701,0,79,19,1
8.92,0.05555555555555555,1700,0,79,20,1
8.95,0.05555555555555555,1699,0,80,20,1
8.99,0.05555555555555555,1698,0,81,0,18
9.0,1.1666666666666667,1695,0,84,0,21
9.01,1.1666666666666667,1694,0,85,0,21
9.09,1.1666666666666667,1694,0,84,1,21
9.15,1.1666666666666667,1694,0,83,2,21
9.16,1.1666666666666667,1693,0,84,2,21
9.2,1.1666666666666667,1692,0,84,3,21
9.21,1.1666666666666667,1692,0,83,4,21
9.22,1.1666666666666667,1692,0,82,5,21
9.23,1.1666666666666667,1691,0,83,5,21
9.25,1.1666666666666667,1690,1,83,5,21
9.26,1.1666666666666667,1690,0,84,5,21
9.29,1.1666666666666667,1689,0,84,6,21
9.32,1.1666666666666667,1688,0,85,6,21
9.36,1.1666666666666667,1687,0,86,6,21
9.4,1.1666666666666667,1686,0,87,6,21
9.42,1.1666666666666667,1685,0,88,6,21
9.43,1.1666666666666667,1684,0,89,6,21
9.48,1.1666666666666667,1683,0,90,6,21
9.5,1.1666666666666667,1682,0,90,7,21
9.51,1.1666666666666667,1681,0,91,7,21
9.54,1.1666666666666667,1681,0,90,8,21
9.58,1.1666666666666667,1681,0,89,9,21
9.59,1.1666666666666667,1680,0,90,9,21
9.61,1.1666666666666667,1679,0,91,9,21
9.63,1.1666666666666667,1678,1,91,9,21
9.65,1.1666666666666667,1678,0,92,9,21
9.66,1.1666666666666667,1678,0,91,10,21
9.67,1.1666666666666667,1677,1,91,10,21
9.68,1.1666666666666667,1677,0,92,10,21
9.72,1.1666666666666667,1677,0,91,11,21
9.77,1.1666666666666667,1677,0,90,12,21
9.79,1.1666666666666667,1676,0,91,12,21
9.8,1.1666666666666667,1676,0,90,13,21
9.82,1.1666666666666667,1675,0,91,13,21
9.85,1.1666666666666667,1674,0,92,13,21
9.94,1.1666666666666667,1673,0,93,13,21
9.95,1.1666666666666667,1672,0,94,13,21
9.97,1.1666666666666667,1672,0,93,14,21
9.99,1.1666666666666667,1671,0,94,14,21
10.0,1.1666666666666667,1669,1,95,14,21
10.01,1.1666666666666667,1667,0,98,14,21
10.02,1.1666666666666667,1666,0,98,15,21
10.04,1.1666666666666667,1665,0,99,15,21
10.06,1.1666666666666667,1664,0,100,15,21
10.08,1.1666666666666667,1664,0,99,16,21
10.11,1.1666666666666667,1664,0,98,17,21
10.12,1.1666666666666667,1664,0,97,18,21
10.16,1.1666666666666667,1663,0,98,18,21
10.19,1.1666666666666667,1662,0,98,19,21
10.2,1.1666666666666667,1661,1,98,19,21
10.21,1.1666666666666667,1661,0,99,19,21
10.24,1.1666666666666667,1660,1,99,19,21
10.25,1.1666666666666667,1660,0,100,19,21
10.29,1.1666666666666667,1656,2,102,0,40
10.3,2.2222222222222223,1656,0,104,0,40
10.31,2.2222222222222223,1655,0,105,0,40
10.32,2.2222222222222223,1655,0,103,2,40
10.35,2.2222222222222223,1654,0,104,2,40
10.4,2.2222222222222223,1653,0,105,2,40
10.44,2.2222222222222223,1652,0,106,2,40
10.47,2.2222222222222223,1651,0,107,2,40
10.48,2.2222222222222223,1650,0,107,3,40
10.5,2.2222222222222223,1649,0,107,4,40
10.51,2.2222222222222223,1649,0,106,5,40
10.52,2.2222222222222223,1648,0,107,5,40
10.53,2.2222222222222223,1648,0,106,6,40
10.54,2.2222222222222223,1647,0,106,7,40
10.55,2.2222222222222223,1647,0,105,8,40
10.56,2.2222222222222223,1647,0,104,9,40
10.58,2.2222222222222223,1646,0,105,9,40
10.59,2.2222222222222223,1645,0,106,9,40
10.6,2.2222222222222223,1645,0,105,10,40
10.61,2.2222222222222223,1644,0,106,10,40
10.68,2.2222222222222223,1644,0,104,12,40
10.69,2.2222222222222223,1643,0,105,12,40
10.74,2.2222222222222223,1642,0,106,12,40
10.75,2.2222222222222223,1642,0,105,13,40
10.77,2.2222222222222223,1642,0,104,14,40
10.79,2.2222222222222223,1641,0,105,14,40
10.82,2.2222222222222223,1641,0,104,15,40
10.84,2.2222222222222223,1639,1,105,0,55
10.85,3.0555555555555554,1636,0,109,0,55
10.87,3.0555555555555554,1636,0,108,1,55
10.9,3.0555555555555554,1635,0,109,1,55
10.99,3.0555555555555554,1635,0,108,2,55
11.0,3.0555555555555554,1634,0,109,2,55
11.01,3.0555555555555554,1633,0,110,2,55
11.09,3.0555555555555554,1632,0,111,2,55
11.13,3.0555555555555554,1631,0,112,2,55
11.16,3.0555555555555554,1630,0,112,3,55
11.18,3.0555555555555554,1629,1,112,3,55
11.19,3.0555555555555554,1629,0,113,3,55
11.26,3.0555555555555554,1628,1,113,3,55
11.27,3.0555555555555554,1628,0,114,3,55
11.29,3.0555555555555554,1627,0,115,3,55
11.31,3.0555555555555554,1627,0,114,4,55
11.32,3.0555555555555554,1627,0,113,5,55
11.33,3.0555555555555554,1627,0,112,6,55
11.36,3.0555555555555554,1626,0,113,6,55
11.37,3.0555555555555554,1622,2,115,0,61
11.38,3.3888888888888893,1621,0,118,0,61
11.4,3.3888888888888893,1620,0,119,0,61
11.44,3.3888888888888893,1619,0,120,0,61
11.54,3.3888888888888893,1619,0,118,2,61
11.55,3.3888888888888893,1619,0,118,0,63
11.56,3.5000000000000004,1618,0,119,0,63
11.57,3.5000000000000004,1617,0,120,0,63
11.59,3.5000000000000004,1616,1,119,0,64
11.6,3.5555555555555554,1616,0,120,0,64
11.75,3.5555555555555554,1615,0,120,0,65
11.8,3.6111111111111107,1615,0,119,0,66
11.86,3.6666666666666665,1614,0,120,0,66
11.96,3.6666666666666665,1613,0,120,0,67
12.0,3.722222222222222,1613,0,118,1,68
12.01,3.7777777777777777,1612,0,119,0,69
12.04,3.833333333333333,1611,0,119,0,70
12.06,3.888888888888889,1611,0,117,2,70
12.1,3.888888888888889,1610,0,118,2,70
12.11,3.888888888888889,1608,0,120,0,72
12.13,4.0,1607,1,119,0,73
12.15,4.055555555555555,1607,0,120,0,73
12.25,4.055555555555555,1607,0,119,1,73
12.26,4.055555555555555,1606,0,120,0,74
12.28,4.111111111111112,1606,0,119,1,74
12.29,4.111111111111112,1605,0,120,0,75
12.32,4.166666666666666,1605,0,119,0,76
12.33,4.222222222222222,1604,1,119,0,76
12.34,4.222222222222222,1604,0,120,0,76
12.45,4.222222222222222,1604,0,119,1,76
12.46,4.222222222222222,1603,0,120,0,77
12.5,4.333333333333334,1602,1,119,0,78
12.51,4.333333333333334,1602,0,120,0,78
12.58,4.333333333333334,1602,0,119,1,78
12.59,4.333333333333334,1601,0,120,0,79
12.61,4.388888888888888,1601,0,119,0,80
12.67,4.444444444444445,1600,0,120,0,80
12.68,4.444444444444445,1600,0,119,1,80
12.69,4.444444444444445,1599,0,120,0,81
12.74,4.5,1599,0,119,1,81
12.75,4.555555555555555,1598,0,120,0,82
12.76,4.555555555555555,1598,0,119,0,83
12.78,4.611111111111111,1597,0,120,0,83
12.81,4.611111111111111,1597,0,119,0,84
12.82,4.666666666666667,1596,0,120,0,84
12.86,4.666666666666667,1595,0,120,0,85
12.96,4.722222222222222,1595,0,119,0,86
12.98,4.777777777777778,1594,0,120,0,86
13.0,4.777777777777778,1593,0,120,0,87
13.13,4.833333333333333,1593,0,119,1,87
13.15,4.833333333333333,1592,0,120,0,88
13.18,4.888888888888889,1592,0,119,0,89
13.2,4.944444444444445,1591,0,119,0,90
13.21,5.0,1590,0,120,0,90
13.25,5.0,1590,0,119,0,91
13.26,5.055555555555555,1588,0,120,0,92
13.28,5.111111111111112,1587,0,120,0,93
13.41,5.166666666666667,1587,0,119,0,94
13.42,5.222222222222222,1586,1,117,2,94
13.43,5.222222222222222,1585,0,118,1,96
13.46,5.333333333333333,1584,0,119,0,97
13.48,5.388888888888889,1584,0,118,1,97
13.5,5.388888888888889,1582,0,120,0,98
13.52,5.444444444444444,1581,0,120,0,99
13.55,5.5,1580,0,120,0,100
13.56,5.555555555555555,1580,0,119,1,100
13.57,5.555555555555555,1580,0,116,3,101
13.59,5.611111111111111,1580,0,115,4,101
13.6,5.611111111111111,1580,0,114,5,101
13.61,5.611111111111111,1578,0,114,1,107
13.62,5.944444444444445,1577,0,115,1,107
13.66,5.944444444444445,1577,0,112,4,107
13.67,5.944444444444445,1576,0,111,6,107
13.69,5.944444444444445,1576,0,110,7,107
13.71,5.944444444444445,1576,0,109,8,107
13.72,5.944444444444445,1576,0,108,9,107
13.73,5.944444444444445,1576,0,107,10,107
13.74,5.944444444444445,1575,0,108,10,107
13.77,5.944444444444445,1575,0,107,11,107
13.8,5.944444444444445,1575,0,104,14,107
13.82,5.944444444444445,1574,0,105,14,107
13.83,5.944444444444445,1574,0,104,15,107
13.87,5.944444444444445,1574,0,103,16,107
13.88,5.944444444444445,1573,0,103,0,122
13.9,6.777777777777779,1572,0,103,1,124
13.91,6.888888888888889,1572,0,102,2,124
13.92,6.888888888888889,1571,0,102,3,124
13.94,6.888888888888889,1570,0,103,3,124
14.0,6.888888888888889,1569,0,103,4,124
14.03,6.888888888888889,1569,0,101,6,124
14.07,6.888888888888889,1569,0,100,7,124
14.08,6.888888888888889,1568,0,99,9,124
14.11,6.888888888888889,1568,0,98,10,124
14.12,6.888888888888889,1567,0,98,11,124
14.13,6.888888888888889,1567,0,97,12,124
14.19,6.888888888888889,1566,1,97,12,124
14.2,6.888888888888889,1566,0,98,12,124
14.23,6.888888888888889,1565,0,99,12,124
14.27,6.888888888888889,1564,0,100,12,124
14.29,6.888888888888889,1561,0,103,12,124
14.3,6.888888888888889,1560,0,104,12,124
14.31,6.888888888888889,1559,1,102,14,124
14.32,6.888888888888889,1559,0,103,14,124
14.37,6.888888888888889,1558,0,104,14,124
14.42,6.888888888888889,1558,0,103,15,124
14.49,6.888888888888889,1557,0,104,15,124
14.53,6.888888888888889,1557,0,103,16,124
14.56,6.888888888888889,1557,0,102,17,124
14.57,6.888888888888889,1556,0,103,0,141
14.58,7.833333333333334,1553,0,106,0,141
14.59,7.833333333333334,1553,0,105,1,141
14.6,7.833333333333334,1553,0,103,3,141
14.61,7.833333333333334,1553,0,102,4,141
14.62,7.833333333333334,1552,0,103,4,141
14.63,7.833333333333334,1552,0,102,5,141
14.65,7.833333333333334,1551,0,103,5,141
14.66,7.833333333333334,1550,1,102,6,141
14.67,7.833333333333334,1550,0,102,7,141
14.68,7.833333333333334,1550,0,100,9,141
14.69,7.833333333333334,1550,0,99,10,141
14.71,7.833333333333334,1547,0,101,11,141
14.72,7.833333333333334,1546,0,102,11,141
14.73,7.833333333333334,1546,0,100,13,141
14.75,7.833333333333334,1545,0,101,13,141
14.78,7.833333333333334,1544,0,102,13,141
14.8,7.833333333333334,1544,0,101,14,141
14.81,7.833333333333334,1544,0,99,16,141
14.85,7.833333333333334,1544,0,98,17,141
14.87,7.833333333333334,1543,0,99,17,141
14.88,7.833333333333334,1543,0,97,19,141
14.9,7.833333333333334,1543,0,96,20,141
14.93,7.833333333333334,1542,0,97,20,141
14.95,7.833333333333334,1542,0,96,21,141
14.97,7.833333333333334,1541,0,97,21,141
14.98,7.833333333333334,1541,0,96,22,141
15.0,7.833333333333334,1540,0,97,22,141
15.08,7.833333333333334,1539,0,98,0,152
15.09,8.444444444444445,1537,0,100,0,163
15.12,9.055555555555555,1536,0,101,0,163
15.18,9.055555555555555,1535,1,100,1,163
15.19,9.055555555555555,1535,0,101,1,163
15.22,9.055555555555555,1530,1,105,1,163
15.23,9.055555555555555,1530,0,106,1,163
15.25,9.055555555555555,1529,0,107,1,163
15.29,9.055555555555555,1529,0,106,2,163
15.3,9.055555555555555,1529,0,105,3,163
15.33,9.055555555555555,1528,0,106,3,163
15.37,9.055555555555555,1527,0,106,4,163
15.46,9.055555555555555,1522,2,109,4,163
15.47,9.055555555555555,1521,0,112,4,163
15.49,9.055555555555555,1521,0,111,5,163
15.5,9.055555555555555,1520,0,111,6,163
15.52,9.055555555555555,1519,0,112,6,163
15.53,9.055555555555555,1519,0,111,7,163
15.56,9.055555555555555,1519,0,110,8,163
15.58,9.055555555555555,1519,0,109,9,163
15.59,9.055555555555555,1519,0,108,10,163
15.62,9.055555555555555,1518,0,109,10,163
15.66,9.055555555555555,1517,0,109,11,163
15.67,9.055555555555555,1515,0,111,0,174
15.72,9.666666666666666,1514,0,112,0,174
15.73,9.666666666666666,1514,0,111,1,174
15.74,9.666666666666666,1514,0,110,2,174
15.78,9.666666666666666,1514,0,109,3,174
15.79,9.666666666666666,1513,1,107,5,174
15.8,9.666666666666666,1513,0,108,5,174
15.86,9.666666666666666,1512,0,109,5,174
15.87,9.666666666666666,1511,0,110,5,174
15.88,9.666666666666666,1511,0,109,6,174
15.91,9.666666666666666,1511,0,108,7,174
15.94,9.666666666666666,1510,0,109,7,174
15.95,9.666666666666666,1509,0,110,7,174
15.98,9.666666666666666,1509,0,109,8,174
16.02,9.666666666666666,1509,0,108,9,174
16.09,9.666666666666666,1508,0,109,9,174
16.17,9.666666666666666,1508,0,108,10,174
16.18,9.666666666666666,1507,0,109,10,174
16.2,9.666666666666666,1506,0,109,3,174
16.21,9.666666666666666,1504,0,111,0,185
16.26,10.277777777777777,1503,0,112,0,185
16.29,10.277777777777777,1502,1,112,0,185
16.3,10.277777777777777,1502,0,112,1,185
16.35,10.277777777777777,1501,1,112,1,185
16.36,10.277777777777777,1501,0,113,1,185
16.38,10.277777777777777,1501,0,112,2,185
16.45,10.277777777777777,1501,0,111,3,185
16.48,10.277777777777777,1500,0,112,3,185
16.5,10.277777777777777,1499,0,113,3,185
16.56,10.277777777777777,1498,0,114,3,185
16.58,10.277777777777777,1498,0,113,4,185
16.6,10.277777777777777,1498,0,112,5,185
16.62,10.277777777777777,1497,0,113,5,185
16.65,10.277777777777777,1497,0,111,7,185
16.66,10.277777777777777,1495,1,110,9,185
16.67,10.277777777777777,1494,0,112,0,194
16.69,10.777777777777779,1494,0,111,1,194
16.72,10.777777777777779,1493,0,112,1,194
16.73,10.777777777777779,1493,0,111,2,194
16.75,10.777777777777779,1493,0,110,3,194
16.76,10.777777777777779,1493,0,108,5,194
16.78,10.777777777777779,1492,0,109,5,194
16.79,10.777777777777779,1492,0,107,7,194
16.8,10.777777777777779,1492,0,106,8,194
16.83,10.777777777777779,1492,0,105,9,194
16.84,10.777777777777779,1492,0,104,10,194
16.87,10.777777777777779,1492,0,101,13,194
16.9,10.777777777777779,1491,1,101,13,194
16.91,10.777777777777779,1491,0,101,14,194
17.01,10.777777777777779,1491,0,100,15,194
17.03,10.777777777777779,1491,0,99,16,194
17.07,10.777777777777779,1490,0,100,16,194
17.21,10.777777777777779,1489,0,100,17,194
17.25,10.777777777777779,1489,0,99,18,194
17.3,10.777777777777779,1488,0,99,19,194
17.31,10.777777777777779,1488,0,98,20,194
17.32,10.777777777777779,1488,0,97,21,194
17.33,10.777777777777779,1486,1,98,21,194
17.34,10.777777777777779,1486,0,99,0,215
17.35,11.944444444444445,1486,0,98,1,215
17.37,11.944444444444445,1486,0,97,2,215
17.38,11.944444444444445,1485,0,98,2,215
17.4,11.944444444444445,1485,0,97,3,215
17.43,11.944444444444445,1484,1,95,5,215
17.44,11.944444444444445,1483,0,97,5,215
17.45,11.944444444444445,1481,0,99,5,215
17.46,11.944444444444445,1480,0,100,5,215
17.53,11.944444444444445,1479,0,100,6,215
17.54,11.944444444444445,1479,0,99,7,215
17.58,11.944444444444445,1475,0,103,7,215
17.61,11.944444444444445,1474,0,104,7,215
17.65,11.944444444444445,1470,2,106,7,215
17.66,11.944444444444445,1469,0,109,7,215
17.67,11.944444444444445,1469,0,108,8,215
17.69,11.944444444444445,1469,0,107,9,215
17.72,11.944444444444445,1468,0,108,9,215
17.86,11.944444444444445,1468,0,107,10,215
17.88,11.944444444444445,1468,0,104,13,215
17.92,11.944444444444445,1467,0,105,13,215
17.94,11.944444444444445,1467,0,103,15,215
17.99,11.944444444444445,1467,0,102,16,215
18.0,11.944444444444445,1467,0,101,17,215
18.02,11.944444444444445,1466,0,102,17,215
18.04,11.944444444444445,1466,0,101,18,215
18.08,11.944444444444445,1466,0,100,19,215
18.09,11.944444444444445,1466,0,99,20,215
18.11,11.944444444444445,1465,0,99,21,215
18.12,11.944444444444445,1465,0,99,0,236
18.13,13.111111111111112,1464,0,100,0,236
18.18,13.111111111111112,1464,0,99,1,236
18.24,13.111111111111112,1464,0,98,2,236
18.25,13.111111111111112,1463,0,98,3,236
18.28,13.111111111111112,1463,0,97,4,236
18.32,13.111111111111112,1463,0,96,5,236
18.34,13.111111111111112,1459,0,99,6,236
18.36,13.111111111111112,1458,0,100,6,236
18.43,13.111111111111112,1458,0,99,7,236
18.47,13.111111111111112,1457,0,100,7,236
18.5,13.111111111111112,1453,1,103,7,236
18.51,13.111111111111112,1452,0,105,7,236
18.56,13.111111111111112,1451,0,106,7,236
18.57,13.111111111111112,1451,0,104,9,236
18.59,13.111111111111112,1449,0,106,9,236
18.6,13.111111111111112,1448,0,107,9,236
18.61,13.111111111111112,1448,0,106,10,236
18.62,13.111111111111112,1446,0,108,10,236
18.68,13.111111111111112,1445,0,109,10,236
18.69,13.111111111111112,1444,0,109,0,243
18.7,13.5,1443,0,110,0,247
18.72,13.722222222222221,1442,0,111,0,247
18.75,13.722222222222221,1442,0,110,1,247
18.77,13.722222222222221,1442,0,109,2,247
18.79,13.722222222222221,1441,0,109,3,247
18.83,13.722222222222221,1441,0,108,4,247
18.84,13.722222222222221,1440,1,108,4,247
18.85,13.722222222222221,1440,0,109,4,247
18.93,13.722222222222221,1440,0,108,5,247
18.96,13.722222222222221,1440,0,106,7,247
18.97,13.722222222222221,1436,0,110,7,247
18.98,13.722222222222221,1435,0,111,7,247
18.99,13.722222222222221,1435,0,110,8,247
19.0,13.722222222222221,1435,0,109,9,247
19.02,13.722222222222221,1435,0,108,10,247
19.03,13.722222222222221,1435,0,107,11,247
19.07,13.722222222222221,1434,0,107,12,247
19.1,13.722222222222221,1433,0,107,0,260
19.11,14.444444444444443,1432,0,108,0,260
19.12,14.444444444444443,1431,0,108,1,260
19.15,14.444444444444443,1431,0,107,2,260
19.17,14.444444444444443,1430,0,108,2,260
19.2,14.444444444444443,1430,0,107,3,260
19.21,14.444444444444443,1430,0,106,4,260
19.23,14.444444444444443,1429,0,107,4,260
19.25,14.444444444444443,1429,0,105,6,260
19.26,14.444444444444443,1427,0,107,6,260
19.28,14.444444444444443,1425,0,108,7,260
19.29,14.444444444444443,1424,0,109,7,260
19.3,14.444444444444443,1424,0,108,8,260
19.32,14.444444444444443,1421,1,110,8,260
19.33,14.444444444444443,1421,0,110,9,260
19.35,14.444444444444443,1419,0,112,0,269
19.37,14.944444444444443,1418,0,113,0,269
19.38,14.944444444444443,1418,0,112,1,269
19.42,14.944444444444443,1417,0,112,2,269
19.43,14.944444444444443,1416,0,113,2,269
19.47,14.944444444444443,1416,0,111,4,269
19.5,14.944444444444443,1416,0,110,5,269
19.52,14.944444444444443,1416,0,109,6,269
19.54,14.944444444444443,1415,0,110,6,269
19.61,14.944444444444443,1415,0,109,7,269
19.62,14.944444444444443,1414,0,110,7,269
19.73,14.944444444444443,1413,0,109,9,269
19.75,14.944444444444443,1412,0,108,11,269
19.76,14.944444444444443,1411,0,109,0,280
19.77,15.555555555555555,1410,0,110,0,280
19.8,15.555555555555555,1410,0,109,1,280
19.81,15.555555555555555,1410,0,108,2,280
19.82,15.555555555555555,1409,0,109,2,280
19.86,15.555555555555555,1408,0,110,2,280
19.88,15.555555555555555,1404,2,112,2,280
19.9,15.555555555555555,1404,0,114,2,280
19.92,15.555555555555555,1403,0,115,2,280
19.99,15.555555555555555,1403,0,114,3,280
20.03,15.555555555555555,1402,0,114,4,280
20.04,15.555555555555555,1402,0,113,5,280
20.07,15.555555555555555,1400,1,113,6,280
20.08,15.555555555555555,1400,0,113,1,286
20.1,15.88888888888889,1399,0,114,1,286
20.16,15.88888888888889,1399,0,113,2,286
20.17,15.88888888888889,1398,0,114,2,286
20.19,15.88888888888889,1398,0,113,3,286
20.25,15.88888888888889,1398,0,112,4,286
20.26,15.88888888888889,1398,0,111,5,286
20.27,15.88888888888889,1398,0,110,6,286
20.28,15.88888888888889,1397,0,111,6,286
20.31,15.88888888888889,1394,0,114,0,292
20.33,16.22222222222222,1394,0,113,1,292
20.36,16.22222222222222,1393,0,114,1,292
20.37,16.22222222222222,1393,0,113,2,292
20.4,16.22222222222222,1392,0,114,2,292
20.45,16.22222222222222,1392,0,112,4,292
20.46,16.22222222222222,1391,0,113,4,292
20.47,16.22222222222222,1391,0,112,5,292
20.5,16.22222222222222,1390,0,112,6,292
20.52,16.22222222222222,1388,0,114,0,298
20.54,16.555555555555557,1387,0,115,0,298
20.55,16.555555555555557,1385,0,117,0,298
20.57,16.555555555555557,1384,0,118,0,298
20.58,16.555555555555557,1383,0,119,0,298
20.62,16.555555555555557,1382,0,119,0,299
20.63,16.61111111111111,1381,0,119,0,300
20.65,16.666666666666664,1380,0,120,0,300
20.77,16.666666666666664,1380,0,119,0,301
20.78,16.72222222222222,1379,0,120,0,301
20.84,16.72222222222222,1379,0,118,1,302
20.87,16.77777777777778,1377,0,120,0,303
20.91,16.833333333333332,1377,0,119,0,304
20.92,16.88888888888889,1377,0,118,1,304
20.94,16.88888888888889,1376,0,119,0,305
20.96,16.944444444444446,1375,0,120,0,305
20.98,16.944444444444446,1375,0,119,0,306
21.0,17.0,1374,0,120,0,306
21.01,17.0,1374,0,118,0,308
21.02,17.11111111111111,1372,0,119,0,309
21.05,17.166666666666668,1371,0,119,0,310
21.07,17.22222222222222,1371,0,118,1,310
21.08,17.22222222222222,1371,0,117,2,310
21.09,17.22222222222222,1370,0,117,1,312
21.11,17.333333333333336,1370,0,116,2,312
21.12,17.333333333333336,1367,1,118,0,314
21.13,17.444444444444446,1367,0,119,0,314
21.15,17.444444444444446,1366,0,120,0,314
21.21,17.444444444444446,1366,0,119,0,315
21.22,17.5,1364,1,119,0,316
21.23,17.555555555555554,1364,0,120,0,316
21.36,17.555555555555554,1364,0,119,0,317
21.41,17.61111111111111,1364,0,118,0,318
21.42,17.666666666666668,1364,0,117,0,319
21.43,17.72222222222222,1364,0,116,0,320
21.44,17.77777777777778,1364,0,114,0,322
21.45,17.888888888888886,1364,0,113,0,323
21.48,17.944444444444443,1364,0,112,0,324
21.51,18.0,1364,0,111,0,325
21.57,18.055555555555554,1364,0,110,0,326
21.62,18.11111111111111,1364,0,108,0,328
21.65,18.22222222222222,1364,0,107,0,329
21.66,18.27777777777778,1364,0,106,0,330
21.69,18.333333333333332,1364,0,105,1,330
21.7,18.333333333333332,1364,0,105,0,331
21.72,18.38888888888889,1364,0,104,0,332
21.75,18.5,1364,0,103,0,333
21.77,18.5,1364,0,102,0,334
21.86,18.555555555555557,1364,0,101,0,335
21.9,18.61111111111111,1364,0,100,0,336
21.93,18.666666666666668,1364,0,99,0,337
21.94,18.722222222222225,1364,0,98,0,338
22.0,18.777777777777775,1364,0,97,0,339
22.01,18.833333333333332,1364,0,96,0,340
22.04,18.88888888888889,1364,0,95,0,341
22.06,18.944444444444443,1364,0,94,0,342
22.11,19.0,1364,0,93,0,343
22.25,19.055555555555557,1364,0,91,0,345
22.35,19.166666666666668,1364,0,90,0,346
22.36,19.22222222222222,1364,0,89,0,347
22.4,19.27777777777778,1364,0,88,0,348
22.46,19.333333333333332,1364,0,87,1,348
22.47,19.333333333333332,1364,0,86,0,350
22.54,19.444444444444446,1364,0,85,0,351
22.65,19.5,1364,0,84,1,351
22.66,19.5,1364,0,84,0,352
22.73,19.555555555555557,1364,0,83,0,353
22.74,19.61111111111111,1364,0,82,0,354
22.79,19.666666666666664,1364,0,81,0,355
22.87,19.72222222222222,1364,0,80,0,356
22.9,19.77777777777778,1364,0,79,1,356
22.91,19.77777777777778,1364,0,79,0,357
22.93,19.833333333333332,1364,0,78,0,358
22.97,19.88888888888889,1364,0,77,0,359
23.0,20.0,1364,0,76,0,360
23.08,20.0,1364,0,75,0,361
23.11,20.055555555555554,1364,0,74,0,362
23.16,20.11111111111111,1364,0,73,0,363
23.2,20.166666666666664,1364,0,72,0,364
23.34,20.22222222222222,1364,0,71,0,365
23.35,20.27777777777778,1364,0,70,0,366
23.38,20.333333333333332,1364,0,69,0,367
23.42,20.38888888888889,1364,0,68,0,368
23.43,20.444444444444446,1364,0,67,0,369
23.45,20.5,1364,0,66,0,370
23.48,20.555555555555554,1364,0,65,0,371
23.5,20.666666666666668,1364,0,64,0,372
23.53,20.666666666666668,1364,0,63,1,372
23.54,20.666666666666668,1364,0,63,0,373
23.56,20.72222222222222,1364,0,62,1,373
23.57,20.72222222222222,1364,0,61,1,374
23.58,20.77777777777778,1364,0,61,0,375
23.6,20.833333333333336,1364,0,60,1,375
23.61,20.833333333333336,1364,0,60,0,376
23.7,20.88888888888889,1364,0,59,0,377
23.73,20.944444444444443,1364,0,58,0,378
23.75,21.055555555555554,1364,0,57,0,379
23.76,21.055555555555554,1364,0,56,0,380
23.79,21.11111111111111,1364,0,55,1,380
23.8,21.11111111111111,1364,0,53,0,383
23.93,21.27777777777778,1364,0,52,0,383
23.94,21.27777777777778,1364,0,51,1,384
23.95,21.333333333333332,1364,0,51,0,385
24.01,21.38888888888889,1364,0,50,0,386
24.02,21.444444444444443,1364,0,49,0,387
24.09,21.5,1364,0,48,0,388
24.11,21.555555555555557,1364,0,46,0,390
24.12,21.666666666666668,1364,0,45,1,390
24.13,21.666666666666668,1364,0,45,0,391
24.17,21.722222222222225,1364,0,44,0,392
24.18,21.777777777777775,1364,0,43,0,393
24.21,21.833333333333332,1364,0,41,0,395
24.23,21.944444444444443,1364,0,40,0,396
24.27,22.0,1364,0,39,0,397
24.32,22.055555555555557,1364,0,37,0,399
24.4,22.166666666666668,1364,0,36,0,400
24.41,22.22222222222222,1364,0,34,0,402
24.49,22.333333333333332,1364,0,33,0,403
24.56,22.38888888888889,1364,0,32,1,403
24.57,22.38888888888889,1363,1,32,0,404
24.58,22.444444444444443,1363,1,31,0,405
24.63,22.5,1363,1,30,0,406
24.67,22.555555555555557,1363,1,29,0,407
24.7,22.61111111111111,1363,1,28,0,408
24.82,22.666666666666664,1363,1,27,0,409
24.84,22.72222222222222,1363,1,26,0,410
24.85,22.77777777777778,1363,1,25,1,410
24.86,22.77777777777778,1363,1,24,1,411
24.87,22.833333333333332,1363,1,24,0,412
24.9,22.88888888888889,1363,1,23,0,413
24.92,22.944444444444446,1363,1,22,1,413
24.93,22.944444444444446,1363,1,21,2,413
24.96,22.944444444444446,1363,1,20,3,413
25.22,22.944444444444446,1363,1,19,4,413
25.25,22.944444444444446,1363,1,17,6,413
25.27,22.944444444444446,1363,1,15,8,413
25.29,22.944444444444446,1363,1,14,9,413
25.51,22.944444444444446,1363,1,13,10,413
25.79,22.944444444444446,1363,0,14,10,413
25.83,22.944444444444446,1363,0,13,11,413
25.93,22.944444444444446,1363,0,12,12,413
26.04,22.944444444444446,1363,0,11,13,413
26.05,22.944444444444446,1363,0,10,14,413
26.27,22.944444444444446,1363,0,9,15,413
26.31,22.944444444444446,1363,0,8,16,413
26.34,22.944444444444446,1363,0,7,17,413
26.43,22.944444444444446,1363,0,6,18,413
26.53,22.944444444444446,1363,0,5,19,413
26.55,22.944444444444446,1363,0,4,20,413
26.56,22.944444444444446,1363,0,3,21,413
27.02,22.944444444444446,1363,0,2,22,413
27.31,22.944444444444446,1363,0,1,23,413
27.75,22.944444444444446,1363,0,0,24,413
29.0,23.61111111111111,1361,0,2,0,437
29.01,24.27777777777778,1360,1,2,0,437
29.21,24.27777777777778,1360,1,1,1,437
30.11,24.27777777777778,1360,0,2,1,437
30.31,24.27777777777778,1360,0,1,2,437
31.03,24.27777777777778,1360,0,0,3,437
34.31,24.27777777777778,1359,1,0,1,437
34.32,24.27777777777778,1357,2,1,0,440
34.33,24.444444444444443,1356,2,2,0,440
34.34,24.444444444444443,1356,1,3,0,440
34.38,24.444444444444443,1355,0,5,0,440
34.41,24.444444444444443,1354,0,6,0,440
34.44,24.444444444444443,1348,2,10,0,440
34.45,24.444444444444443,1348,0,12,0,440
34.48,24.444444444444443,1347,0,13,0,440
34.5,24.444444444444443,1346,0,13,1,440
34.51,24.444444444444443,1345,0,14,1,440
34.53,24.444444444444443,1339,2,18,1,440
34.54,24.444444444444443,1337,0,22,1,440
34.55,24.444444444444443,1333,2,24,1,440
34.56,24.444444444444443,1332,0,27,1,440
34.57,24.444444444444443,1331,0,28,1,440
34.6,24.444444444444443,1330,0,29,1,440
34.61,24.444444444444443,1329,0,30,1,440
34.62,24.444444444444443,1325,0,34,1,440
34.66,24.444444444444443,1324,0,35,1,440
34.67,24.444444444444443,1323,0,36,1,440
34.68,24.444444444444443,1320,1,38,1,440
34.69,24.444444444444443,1319,1,39,1,440
34.7,24.444444444444443,1318,1,40,1,440
34.71,24.444444444444443,1318,0,41,1,440
34.74,24.444444444444443,1317,0,42,1,440
34.82,24.444444444444443,1316,0,43,1,440
34.84,24.444444444444443,1315,0,44,1,440
34.96,24.444444444444443,1315,0,43,2,440
34.97,24.444444444444443,1314,0,44,2,440
34.98,24.444444444444443,1311,1,46,2,440
34.99,24.444444444444443,1308,0,50,2,440
35.0,24.444444444444443,1306,0,51,3,440
35.01,24.444444444444443,1304,0,53,3,440
35.02,24.444444444444443,1300,0,56,4,440
35.1,24.444444444444443,1299,0,57,4,440
35.13,24.444444444444443,1298,0,58,4,440
35.15,24.444444444444443,1297,1,58,4,440
35.16,24.444444444444443,1297,0,59,4,440
35.17,24.444444444444443,1296,0,60,4,440
35.18,24.444444444444443,1296,0,59,5,440
35.2,24.444444444444443,1294,0,61,5,440
35.21,24.444444444444443,1293,0,62,5,440
35.22,24.444444444444443,1293,0,61,6,440
35.26,24.444444444444443,1293,0,60,7,440
35.27,24.444444444444443,1292,1,60,7,440
35.28,24.444444444444443,1292,0,60,8,440
35.33,24.444444444444443,1291,0,61,8,440
35.38,24.444444444444443,1290,0,62,8,440
35.42,24.444444444444443,1289,0,63,8,440
35.44,24.444444444444443,1288,0,64,8,440
35.45,24.444444444444443,1287,0,65,8,440
35.49,24.444444444444443,1286,0,66,8,440
35.5,24.444444444444443,1281,1,70,8,440
35.51,24.444444444444443,1277,2,73,8,440
35.52,24.444444444444443,1274,1,77,8,440
35.53,24.444444444444443,1274,0,78,8,440
35.54,24.444444444444443,1273,0,79,0,448
35.55,24.88888888888889,1270,2,80,0,448
35.56,24.88888888888889,1270,1,81,0,448
35.57,24.88888888888889,1270,0,81,1,448
35.58,24.88888888888889,1269,0,82,1,448
35.6,24.88888888888889,1268,0,83,1,448
35.61,24.88888888888889,1265,0,86,0,449
35.62,24.944444444444443,1264,0,87,0,449
35.77,24.944444444444443,1264,0,86,0,450
35.78,25.0,1263,0,87,0,450
35.92,25.0,1263,0,86,1,450
35.93,25.0,1262,0,87,0,451
35.94,25.055555555555554,1262,0,86,1,451
35.95,25.055555555555554,1262,0,86,0,452
36.0,25.11111111111111,1261,0,87,0,452
36.04,25.11111111111111,1261,0,86,1,452
36.05,25.11111111111111,1260,0,87,0,453
36.07,25.166666666666664,1259,0,87,0,454
36.24,25.222222222222225,1258,0,87,0,455
36.34,25.27777777777778,1258,0,86,1,455
36.35,25.27777777777778,1257,0,87,0,456
36.63,25.333333333333336,1257,0,86,0,457
36.65,25.38888888888889,1256,0,87,0,457
36.68,25.38888888888889,1256,0,86,1,457
36.69,25.38888888888889,1255,0,87,0,458
36.73,25.444444444444443,1255,0,86,0,459
36.74,25.5,1254,0,87,0,459
36.84,25.5,1254,0,86,0,460
36.86,25.555555555555554,1253,0,87,0,460
37.1,25.555555555555554,1253,0,86,0,461
37.12,25.61111111111111,1252,1,86,0,461
37.16,25.61111111111111,1251,0,88,0,461
37.17,25.61111111111111,1250,0,89,0,461
37.18,25.61111111111111,1247,0,92,0,461
37.19,25.61111111111111,1246,0,93,0,461
37.2,25.61111111111111,1244,1,94,0,461
37.21,25.61111111111111,1244,0,95,0,461
37.23,25.61111111111111,1243,0,96,0,461
37.27,25.61111111111111,1241,0,97,0,462
37.31,25.666666666666664,1240,1,97,0,462
37.32,25.666666666666664,1240,0,98,0,462
37.52,25.666666666666664,1240,0,96,0,464
37.53,25.77777777777778,1238,1,97,0,464
37.54,25.77777777777778,1238,0,97,1,464
37.55,25.77777777777778,1238,0,97,0,465
37.57,25.833333333333336,1237,0,98,0,465
37.65,25.833333333333336,1237,0,97,1,465
37.66,25.833333333333336,1237,0,97,0,466
37.7,25.88888888888889,1236,0,98,0,466
37.88,25.88888888888889,1235,0,98,0,467
37.95,25.944444444444443,1235,0,97,1,467
37.96,25.944444444444443,1234,0,97,0,469
37.97,26.055555555555554,1233,0,98,0,469
37.98,26.055555555555554,1233,0,97,0,470
37.99,26.111111111111114,1232,0,97,1,470
38.0,26.222222222222225,1231,0,97,0,472
38.02,26.222222222222225,1230,0,98,0,472
38.2,26.222222222222225,1229,1,97,0,473
38.21,26.27777777777778,1229,0,98,0,473
38.22,26.27777777777778,1228,0,98,0,474
38.36,26.333333333333332,1228,0,97,1,474
38.37,26.333333333333332,1228,0,97,0,475
38.38,26.38888888888889,1227,0,98,0,475
38.55,26.38888888888889,1227,0,97,1,475
38.56,26.38888888888889,1226,0,98,0,476
38.72,26.444444444444443,1226,0,97,0,477
38.77,26.5,1226,0,96,1,477
38.78,26.5,1226,0,95,2,477
38.79,26.5,1226,0,94,3,477
38.8,26.5,1225,1,94,3,477
38.81,26.5,1222,0,97,0,481
38.82,26.722222222222218,1221,1,97,0,481
38.83,26.722222222222218,1220,0,98,0,482
38.85,26.77777777777778,1220,0,97,1,482
38.86,26.77777777777778,1220,0,97,0,483
38.93,26.833333333333332,1219,0,98,0,483
38.95,26.833333333333332,1219,0,96,0,485
38.98,26.944444444444443,1218,0,96,1,485
38.99,26.944444444444443,1217,0,97,0,486
39.0,27.0,1216,0,97,0,487
39.03,27.055555555555554,1215,0,98,0,487
39.04,27.055555555555554,1215,0,97,0,488
39.05,27.111111111111114,1214,0,98,0,488
39.18,27.111111111111114,1214,0,97,0,489
39.19,27.166666666666668,1214,0,96,1,489
39.2,27.166666666666668,1213,0,97,0,490
39.21,27.22222222222222,1212,0,97,1,490
39.22,27.22222222222222,1211,0,98,0,491
39.23,27.27777777777778,1211,0,97,0,492
39.25,27.333333333333332,1210,0,98,0,492
39.3,27.333333333333332,1208,1,97,0,494
39.31,27.444444444444443,1208,0,97,0,495
39.33,27.500000000000004,1207,0,96,1,496
39.34,27.555555555555557,1205,0,97,0,498
39.37,27.666666666666668,1205,0,96,1,498
39.38,27.666666666666668,1204,0,97,0,499
39.41,27.72222222222222,1203,1,97,0,499
39.42,27.72222222222222,1203,0,98,0,499
39.58,27.72222222222222,1203,0,97,0,500
39.61,27.77777777777778,1202,0,98,0,500
39.63,27.77777777777778,1201,1,97,0,501
39.65,27.833333333333332,1201,0,98,0,501
39.77,27.833333333333332,1201,0,97,1,501
39.78,27.833333333333332,1201,0,97,0,502
39.79,27.88888888888889,1200,0,98,0,502
39.81,27.88888888888889,1200,0,97,0,503
39.82,27.944444444444443,1199,0,98,0,503
39.88,27.944444444444443,1199,0,96,1,504
39.9,28.000000000000004,1199,0,95,2,504
39.92,28.000000000000004,1198,0,96,2,504
39.93,28.000000000000004,1197,0,97,0,506
39.94,28.111111111111107,1196,0,98,0,506
39.95,28.111111111111107,1195,0,98,0,507
39.96,28.166666666666668,1194,0,98,0,508
39.98,28.22222222222222,1194,0,97,1,508
39.99,28.22222222222222,1194,0,95,1,510
40.0,28.333333333333332,1193,0,93,4,510
40.02,28.333333333333332,1191,1,90,0,518
40.03,28.77777777777778,1189,0,93,0,518
40.07,28.77777777777778,1187,0,95,0,518
40.16,28.77777777777778,1186,0,96,0,518
40.18,28.77777777777778,1184,0,98,0,518
40.23,28.77777777777778,1183,1,97,0,519
40.24,28.833333333333332,1183,0,98,0,519
40.29,28.833333333333332,1183,0,97,1,519
40.3,28.833333333333332,1182,0,98,0,520
40.33,28.888888888888886,1182,0,97,0,521
40.35,28.944444444444446,1181,0,98,0,521
40.41,28.944444444444446,1181,0,97,1,521
40.42,28.944444444444446,1180,0,98,0,522
40.45,28.999999999999996,1180,0,97,0,522
40.46,28.999999999999996,1180,0,97,0,523
40.49,29.055555555555557,1180,0,96,1,523
40.52,29.055555555555557,1177,1,97,0,525
40.53,29.166666666666668,1177,0,98,0,525
40.54,29.166666666666668,1177,0,97,0,526
40.57,29.22222222222222,1177,0,96,1,526
40.6,29.22222222222222,1177,0,92,5,526
40.62,29.22222222222222,1175,1,92,0,532
40.63,29.555555555555557,1173,0,95,0,532
40.65,29.555555555555557,1172,0,95,1,532
40.68,29.555555555555557,1171,0,93,4,532
40.71,29.555555555555557,1170,0,94,0,534
40.72,29.666666666666668,1166,0,98,0,536
40.73,29.777777777777775,1166,0,97,0,537
40.76,29.833333333333336,1166,0,96,1,537
40.8,29.833333333333336,1165,1,96,1,537
40.81,29.833333333333336,1165,0,97,0,538
40.86,29.888888888888886,1164,0,98,0,538
40.99,29.888888888888886,1163,0,98,0,539
41.17,29.944444444444446,1162,0,98,0,540
41.19,30.0,1161,0,98,0,541
41.25,30.11111111111111,1160,0,98,0,542
41.35,30.11111111111111,1160,0,97,1,542
41.37,30.11111111111111,1160,0,97,0,543
41.38,30.166666666666668,1160,0,96,1,543
41.44,30.166666666666668,1160,0,95,2,543
41.46,30.166666666666668,1160,0,94,3,543
41.47,30.166666666666668,1157,2,94,0,547
41.48,30.388888888888886,1155,0,98,0,547
41.5,30.444444444444446,1155,0,96,1,548
41.53,30.444444444444446,1155,0,95,2,548
41.56,30.444444444444446,1153,1,96,0,550
41.57,30.555555555555557,1152,0,98,0,550
41.67,30.555555555555557,1151,1,97,0,551
41.68,30.61111111111111,1151,0,98,0,551
41.74,30.61111111111111,1151,0,97,0,552
41.75,30.666666666666664,1150,0,98,0,552
41.84,30.666666666666664,1149,0,98,0,553
41.94,30.72222222222222,1149,0,97,0,554
41.95,30.777777777777775,1148,0,98,0,554
41.96,30.777777777777775,1147,0,98,0,555
41.97,30.833333333333336,1147,0,97,0,556
41.98,30.88888888888889,1147,0,96,1,556
41.99,30.88888888888889,1146,1,96,1,556
42.0,31.0,1145,0,96,1,558
42.01,31.0,1144,0,97,0,559
42.02,31.055555555555554,1143,0,98,0,559
42.03,31.055555555555554,1143,0,97,0,560
42.04,31.11111111111111,1142,0,98,0,560
42.06,31.11111111111111,1140,0,98,0,562
42.07,31.222222222222225,1140,0,97,1,562
42.08,31.222222222222225,1139,0,98,0,563
42.09,31.277777777777775,1138,1,97,0,564
42.1,31.333333333333336,1138,0,98,0,564
42.12,31.333333333333336,1137,0,98,0,565
42.13,31.38888888888889,1137,0,97,0,566
42.16,31.444444444444446,1136,0,98,0,566
42.19,31.444444444444446,1135,1,97,0,567
42.2,31.5,1135,0,98,0,567
42.25,31.5,1134,0,98,0,568
42.26,31.555555555555554,1134,0,97,0,569
42.27,31.61111111111111,1133,0,98,0,569
42.36,31.61111111111111,1133,0,97,0,570
42.41,31.666666666666664,1131,0,98,0,571
42.44,31.722222222222225,1131,0,96,1,572
42.46,31.77777777777778,1131,0,95,2,572
42.47,31.77777777777778,1131,0,94,3,572
42.49,31.77777777777778,1131,0,93,4,572
42.51,31.77777777777778,1131,0,91,6,572
42.53,31.77777777777778,1127,1,94,0,578
42.54,32.111111111111114,1127,0,95,0,578
42.56,32.111111111111114,1127,0,94,1,578
42.57,32.111111111111114,1126,0,95,1,578
42.59,32.111111111111114,1126,0,94,2,578
42.62,32.111111111111114,1126,0,92,4,578
42.63,32.111111111111114,1125,0,93,4,578
42.65,32.111111111111114,1125,0,91,6,578
42.68,32.111111111111114,1125,0,90,7,578
42.69,32.111111111111114,1124,0,91,0,585
42.7,32.5,1122,0,93,0,585
42.71,32.5,1122,0,92,1,585
42.74,32.5,1121,0,93,1,585
42.75,32.5,1121,0,91,3,585
42.78,32.5,1120,0,92,3,585
42.84,32.5,1119,0,93,3,585
42.85,32.5,1118,1,93,3,585
42.86,32.5,1118,0,93,4,585
42.88,32.5,1115,0,96,0,589
42.9,32.72222222222222,1115,0,95,1,589
42.93,32.72222222222222,1114,0,96,1,589
43.01,32.72222222222222,1113,0,97,0,590
43.02,32.77777777777778,1111,0,98,0,591
43.09,32.83333333333333,1111,0,97,0,592
43.1,32.88888888888889,1111,0,96,1,592
43.11,32.88888888888889,1110,0,96,1,593
43.13,32.94444444444444,1109,0,97,0,594
43.16,33.0,1109,0,96,1,594
43.2,33.0,1109,0,95,2,594
43.21,33.0,1108,0,95,0,597
43.22,33.166666666666664,1106,0,97,0,597
43.23,33.166666666666664,1104,1,97,0,598
43.24,33.22222222222222,1104,0,98,0,598
43.25,33.22222222222222,1104,0,97,0,599
43.28,33.27777777777778,1104,0,96,1,599
43.3,33.27777777777778,1103,0,97,0,600
43.35,33.33333333333333,1102,0,98,0,600
43.38,33.33333333333333,1102,0,96,0,602
43.4,33.44444444444444,1102,0,95,1,602
43.44,33.44444444444444,1101,0,96,1,602
43.46,33.44444444444444,1101,0,95,2,602
43.47,33.44444444444444,1101,0,94,3,602
43.49,33.44444444444444,1100,0,95,0,605
43.5,33.611111111111114,1099,0,96,0,605
43.52,33.611111111111114,1098,0,97,0,605
43.53,33.611111111111114,1097,0,98,0,605
43.65,33.611111111111114,1096,1,97,0,606
43.66,33.666666666666664,1096,0,98,0,606
43.67,33.666666666666664,1096,0,97,1,606
43.68,33.666666666666664,1095,0,97,0,608
43.69,33.77777777777778,1094,0,97,0,609
43.7,33.83333333333333,1093,0,97,0,610
43.75,33.88888888888889,1093,0,96,1,610
43.81,33.88888888888889,1092,0,97,0,611
43.82,33.94444444444444,1091,0,98,0,611
43.93,33.94444444444444,1090,0,98,0,612
43.96,34.0,1090,0,97,0,613
44.0,34.05555555555556,1089,0,98,0,613
44.01,34.05555555555556,1089,0,97,0,614
44.05,34.11111111111111,1088,0,98,0,614
44.1,34.11111111111111,1088,0,97,1,614
44.11,34.11111111111111,1087,0,98,0,615
44.12,34.166666666666664,1087,0,97,0,616
44.13,34.22222222222222,1087,0,96,1,616
44.17,34.22222222222222,1086,0,97,0,617
44.23,34.27777777777778,1086,0,96,1,617
44.24,34.27777777777778,1085,1,96,1,617
44.25,34.333333333333336,1084,0,97,0,619
44.27,34.38888888888889,1084,0,96,1,619
44.28,34.38888888888889,1084,0,95,2,619
44.3,34.38888888888889,1083,0,96,2,619
44.31,34.38888888888889,1082,0,96,1,621
44.32,34.5,1081,0,97,0,622
44.34,34.55555555555556,1081,0,95,2,622
44.36,34.55555555555556,1078,0,98,0,624
44.37,34.66666666666667,1078,0,97,1,624
44.38,34.66666666666667,1076,0,98,0,626
44.46,34.77777777777778,1076,0,97,1,626
44.47,34.77777777777778,1076,0,97,0,627
44.5,34.833333333333336,1075,0,98,0,627
44.52,34.833333333333336,1075,0,97,0,628
44.54,34.88888888888889,1074,0,98,0,628
44.56,34.88888888888889,1074,0,97,1,628
44.57,34.88888888888889,1074,0,97,0,629
44.59,34.94444444444444,1073,0,98,0,629
44.62,34.94444444444444,1073,0,97,0,630
44.63,35.0,1073,0,96,1,630
44.65,35.0,1072,0,97,0,631
44.66,35.05555555555556,1071,1,95,2,631
44.67,35.05555555555556,1071,0,96,0,633
44.7,35.16666666666667,1070,0,97,0,633
44.76,35.16666666666667,1070,0,96,1,633
44.77,35.16666666666667,1069,0,97,0,634
44.78,35.22222222222222,1068,0,97,0,635
44.79,35.27777777777778,1067,0,98,0,635
44.82,35.27777777777778,1067,0,97,1,635
44.83,35.27777777777778,1066,0,98,0,636
44.87,35.333333333333336,1066,0,97,1,636
44.88,35.333333333333336,1065,0,98,0,637
44.9,35.388888888888886,1065,0,97,0,638
44.91,35.44444444444444,1065,0,96,1,638
44.93,35.44444444444444,1064,1,96,1,638
44.94,35.44444444444444,1063,0,98,0,639
45.13,35.5,1062,0,98,0,640
45.29,35.55555555555556,1062,0,97,0,641
45.3,35.61111111111111,1061,0,98,0,641
45.35,35.61111111111111,1061,0,97,0,642
45.36,35.66666666666667,1060,1,97,0,642
45.37,35.66666666666667,1060,0,98,0,642
45.42,35.66666666666667,1060,0,97,0,643
45.43,35.72222222222222,1060,0,96,1,643
45.45,35.72222222222222,1059,0,97,0,644
45.47,35.77777777777777,1058,0,98,0,644
45.54,35.77777777777777,1057,0,98,0,645
45.62,35.833333333333336,1057,0,97,0,646
45.63,35.888888888888886,1057,0,96,1,646
45.65,35.888888888888886,1056,0,97,0,647
45.66,35.94444444444444,1056,0,96,1,647
45.69,35.94444444444444,1056,0,95,2,647
45.7,35.94444444444444,1056,0,93,4,647
45.71,35.94444444444444,1056,0,92,5,647
45.72,35.94444444444444,1056,0,91,6,647
45.74,35.94444444444444,1055,0,92,0,653
45.75,36.27777777777778,1052,0,95,0,653
45.76,36.27777777777778,1051,0,95,1,653
45.83,36.27777777777778,1050,0,96,1,653
45.85,36.27777777777778,1050,0,95,2,653
45.92,36.27777777777778,1049,0,95,3,653
45.93,36.27777777777778,1049,0,95,0,656
45.99,36.44444444444444,1049,0,92,3,656
46.07,36.44444444444444,1048,0,93,3,656
46.19,36.44444444444444,1047,0,94,3,656
46.24,36.44444444444444,1046,0,95,3,656
46.25,36.611111111111114,1043,0,98,0,659
46.29,36.611111111111114,1043,0,97,0,660
46.3,36.666666666666664,1042,0,98,0,660
46.32,36.666666666666664,1041,0,98,0,661
46.45,36.72222222222222,1041,0,97,1,661
46.46,36.72222222222222,1041,0,97,0,662
46.51,36.77777777777778,1040,0,98,0,662
46.59,36.77777777777778,1040,0,97,1,662
46.6,36.77777777777778,1039,0,98,0,663
46.62,36.833333333333336,1038,0,98,0,664
46.67,36.888888888888886,1038,0,96,1,665
46.68,36.94444444444444,1037,0,97,0,666
46.69,37.0,1037,0,96,1,666
46.7,37.0,1036,1,95,2,666
46.71,37.0,1035,0,97,0,668
46.72,37.111111111111114,1034,0,97,1,668
46.73,37.111111111111114,1033,0,98,0,669
46.81,37.166666666666664,1033,0,97,0,670
46.83,37.22222222222222,1032,0,98,0,670
46.87,37.22222222222222,1032,0,97,0,671
46.88,37.27777777777778,1031,0,98,0,671
46.9,37.27777777777778,1030,0,98,0,672
46.91,37.333333333333336,1030,0,96,1,673
46.92,37.388888888888886,1029,0,96,0,675
46.96,37.5,1029,0,95,1,675
46.97,37.5,1028,0,96,1,675
47.0,37.5,1027,0,96,0,677
47.01,37.611111111111114,1025,0,98,0,677
47.05,37.611111111111114,1025,0,97,1,677
47.06,37.611111111111114,1024,0,98,0,678
47.08,37.666666666666664,1024,0,97,0,679
47.11,37.72222222222222,1023,0,98,0,679
47.22,37.72222222222222,1022,0,97,1,680
47.23,37.77777777777778,1021,0,98,0,681
47.25,37.833333333333336,1020,0,98,0,682
47.28,37.888888888888886,1020,0,97,0,683
47.29,37.94444444444444,1019,0,98,0,683
47.32,37.94444444444444,1018,0,98,0,684
47.34,38.0,1018,0,96,1,685
47.35,38.05555555555556,1017,0,97,0,686
47.38,38.111111111111114,1016,0,98,0,686
47.4,38.111111111111114,1016,0,97,0,687
47.41,38.166666666666664,1015,0,98,0,687
47.43,38.166666666666664,1015,0,97,1,687
47.44,38.166666666666664,1014,0,98,0,688
47.46,38.22222222222222,1014,0,97,1,688
47.47,38.22222222222222,1013,0,98,0,689
47.5,38.333333333333336,1012,0,97,0,691
47.51,38.388888888888886,1011,0,96,0,693
47.56,38.5,1011,0,95,1,693
47.58,38.5,1010,0,96,1,693
47.6,38.5,1010,0,95,2,693
47.65,38.5,1007,1,97,0,695
47.66,38.611111111111114,1007,0,98,0,695
47.79,38.611111111111114,1007,0,97,0,696
47.8,38.666666666666664,1006,0,98,0,696
47.84,38.666666666666664,1005,0,98,0,697
47.85,38.72222222222222,1005,0,97,0,698
47.92,38.77777777777778,1005,0,96,1,698
47.93,38.77777777777778,1003,0,98,0,699
47.95,38.83333333333333,1002,1,97,0,700
47.96,38.88888888888889,1001,0,98,0,701
48.0,39.0,1001,0,96,1,702
48.01,39.0,999,0,98,0,703
48.04,39.05555555555556,998,0,98,0,704
48.08,39.111111111111114,998,0,97,1,704
48.09,39.111111111111114,997,0,97,0,706
48.12,39.22222222222222,996,1,96,1,706
48.13,39.22222222222222,995,0,98,0,707
48.16,39.27777777777778,995,0,97,1,707
48.17,39.27777777777778,994,0,98,0,708
48.19,39.33333333333333,994,0,97,1,708
48.2,39.33333333333333,993,0,98,0,709
48.21,39.38888888888889,993,0,97,1,709
48.22,39.38888888888889,992,0,98,0,710
48.31,39.44444444444444,992,0,97,0,711
48.35,39.5,991,0,98,0,711
48.38,39.5,991,0,96,1,712
48.4,39.55555555555556,990,0,97,0,713
48.43,39.611111111111114,989,0,98,0,713
48.45,39.611111111111114,989,0,97,0,714
48.46,39.666666666666664,988,0,98,0,714
48.55,39.666666666666664,988,0,97,0,715
48.56,39.72222222222222,987,1,97,0,715
48.57,39.72222222222222,986,0,98,0,716
48.59,39.77777777777778,985,0,98,0,717
48.61,39.83333333333333,984,0,98,0,718
48.63,39.88888888888889,984,0,97,0,719
48.65,39.94444444444444,982,0,98,0,720
48.67,40.0,981,0,98,0,721
48.7,40.05555555555556,981,0,97,0,722
48.71,40.11111111111111,981,0,96,1,722
48.72,40.11111111111111,979,1,97,0,723
48.73,40.166666666666664,978,0,98,0,724
48.75,40.27777777777778,977,0,98,0,725
48.78,40.27777777777778,976,0,97,0,727
48.79,40.38888888888889,975,0,98,0,727
48.88,40.38888888888889,975,0,97,0,728
48.91,40.44444444444444,974,0,98,0,728
48.99,40.44444444444444,974,0,97,1,728
49.0,40.5,973,0,98,0,729
49.08,40.5,973,0,97,1,729
49.09,40.5,972,0,98,0,730
49.15,40.55555555555556,972,0,97,0,731
49.16,40.61111111111111,971,0,97,1,731
49.17,40.61111111111111,971,0,97,0,732
49.18,40.666666666666664,971,0,96,1,732
49.19,40.666666666666664,971,0,95,2,732
49.22,40.666666666666664,970,0,96,0,734
49.24,40.77777777777778,970,0,95,1,734
49.25,40.77777777777778,969,0,96,1,734
49.26,40.77777777777778,968,0,97,0,735
49.3,40.833333333333336,967,0,98,0,735
49.31,40.833333333333336,967,0,97,0,736
49.34,40.88888888888889,966,0,97,0,737
49.35,40.94444444444444,965,0,98,0,737
49.36,40.94444444444444,965,0,97,0,738
49.4,41.0,965,0,95,2,738
49.41,41.0,964,0,95,1,739
49.42,41.05555555555556,964,0,95,0,741
49.46,41.16666666666667,963,0,96,0,741
49.47,41.16666666666667,962,0,97,0,741
49.48,41.16666666666667,960,1,97,0,742
49.49,41.22222222222222,960,0,98,0,742
49.61,41.22222222222222,960,0,97,0,743
49.62,41.27777777777778,959,0,98,0,743
49.63,41.27777777777778,958,0,98,0,744
49.68,41.333333333333336,958,0,97,0,745
49.69,41.388888888888886,957,0,98,0,745
49.71,41.388888888888886,956,1,97,0,746
49.72,41.44444444444444,956,0,96,1,747
49.74,41.5,955,0,96,1,748
49.75,41.61111111111111,953,0,98,0,749
49.76,41.61111111111111,952,0,98,0,750
49.8,41.66666666666667,951,1,97,0,751
49.81,41.72222222222222,951,0,98,0,751
49.87,41.72222222222222,951,0,97,0,752
49.93,41.77777777777778,950,0,98,0,752
49.96,41.77777777777778,950,0,97,0,753
49.97,41.833333333333336,949,0,98,0,753
50.08,41.833333333333336,949,0,97,0,754
50.1,41.888888888888886,948,0,98,0,754
50.32,41.888888888888886,948,0,97,0,755
50.34,41.94444444444444,947,0,98,0,755
50.36,41.94444444444444,946,0,98,0,756
50.42,42.0,946,0,96,1,757
50.46,42.05555555555556,944,1,97,0,758
50.47,42.11111111111111,944,0,98,0,758
50.52,42.11111111111111,944,0,97,0,759
50.53,42.16666666666667,943,0,98,0,759
50.55,42.16666666666667,942,0,98,0,760
50.56,42.22222222222222,941,0,97,0,762
50.57,42.333333333333336,940,0,98,0,762
50.6,42.333333333333336,940,0,97,1,762
50.61,42.333333333333336,939,0,98,0,763
50.71,42.388888888888886,939,0,96,0,765
50.74,42.5,938,0,97,0,765
50.77,42.5,937,0,97,1,765
50.78,42.5,937,0,97,0,766
50.8,42.55555555555556,937,0,96,1,766
50.82,42.55555555555556,936,0,96,0,768
50.85,42.666666666666664,935,1,96,0,768
50.86,42.666666666666664,935,0,97,0,768
50.87,42.666666666666664,935,0,94,3,768
50.88,42.666666666666664,932,1,96,0,771
50.9,42.833333333333336,932,0,97,0,771
50.91,42.833333333333336,931,0,98,0,771
50.96,42.833333333333336,930,1,97,0,772
50.97,42.888888888888886,930,0,98,0,772
51.01,42.888888888888886,929,0,98,0,773
51.05,42.94444444444444,929,0,97,1,773
51.06,42.94444444444444,927,0,98,0,775
51.08,43.05555555555556,926,0,98,0,776
51.19,43.111111111111114,925,0,98,0,777
51.24,43.166666666666664,925,0,97,0,778
51.26,43.22222222222222,924,0,97,0,779
51.27,43.27777777777778,923,0,98,0,779
51.28,43.27777777777778,923,0,97,0,780
51.3,43.333333333333336,922,0,98,0,780
51.34,43.333333333333336,922,0,97,0,781
51.36,43.388888888888886,922,0,96,1,781
51.37,43.388888888888886,920,1,97,0,782
51.38,43.44444444444445,920,0,98,0,782
51.46,43.44444444444445,919,1,97,0,783
51.48,43.5,919,0,97,1,783
51.49,43.5,919,0,97,0,784
51.5,43.55555555555555,919,0,95,1,785
51.51,43.611111111111114,919,0,95,0,786
51.54,43.666666666666664,919,0,94,0,787
51.56,43.72222222222222,919,0,93,0,788
51.57,43.77777777777778,919,0,92,0,789
51.6,43.833333333333336,919,0,91,0,790
51.61,43.888888888888886,919,0,90,0,791
51.63,43.94444444444445,919,0,89,1,791
51.65,43.94444444444445,919,0,89,0,792
51.67,44.0,919,0,88,0,793
51.69,44.05555555555555,919,0,87,0,794
51.71,44.111111111111114,919,0,86,0,795
51.73,44.166666666666664,919,0,85,0,796
51.74,44.22222222222222,918,1,85,0,796
51.75,44.22222222222222,918,0,86,0,796
51.77,44.22222222222222,918,0,85,0,797
51.86,44.27777777777778,918,0,84,0,798
51.91,44.333333333333336,918,0,83,0,799
51.94,44.388888888888886,918,0,82,0,800
52.03,44.44444444444444,918,0,81,0,801
52.11,44.5,918,0,80,0,802
52.15,44.55555555555556,918,0,79,0,803
52.3,44.611111111111114,918,0,78,0,804
52.32,44.666666666666664,918,0,77,1,804
52.33,44.666666666666664,918,0,77,0,805
52.35,44.72222222222222,918,0,76,0,806
52.44,44.77777777777778,918,0,75,1,806
52.45,44.77777777777778,918,0,75,0,807
52.48,44.83333333333333,918,0,74,0,808
52.71,44.888888888888886,918,0,73,0,809
52.75,45.0,918,0,72,0,810
52.76,45.0,918,0,71,0,811
52.78,45.05555555555556,918,0,70,0,812
52.8,45.111111111111114,918,0,69,0,813
52.82,45.166666666666664,918,0,68,0,814
52.94,45.22222222222222,918,0,67,0,815
52.98,45.27777777777778,918,0,66,0,816
53.01,45.33333333333333,918,0,65,0,817
53.03,45.38888888888889,918,0,63,0,819
53.05,45.5,918,0,62,0,820
53.12,45.55555555555556,918,0,61,0,821
53.17,45.611111111111114,918,0,60,0,822
53.19,45.666666666666664,918,0,59,0,823
53.2,45.72222222222222,918,0,58,0,824
53.21,45.77777777777778,918,0,57,0,825
53.25,45.88888888888889,918,0,56,0,826
53.41,45.88888888888889,918,0,55,0,827
53.45,45.94444444444444,918,0,52,0,830
53.54,46.111111111111114,918,0,51,0,831
53.56,46.166666666666664,918,0,50,1,831
53.57,46.166666666666664,918,0,49,0,833
53.58,46.27777777777778,918,0,48,0,834
53.6,46.33333333333333,918,0,47,0,835
53.63,46.38888888888889,918,0,46,0,836
53.69,46.44444444444444,918,0,45,0,837
53.84,46.5,918,0,44,0,838
53.95,46.55555555555556,918,0,43,0,839
53.96,46.61111111111111,917,1,42,0,840
54.04,46.666666666666664,917,1,41,0,841
54.05,46.72222222222222,917,1,40,1,841
54.06,46.72222222222222,917,1,40,0,842
54.08,46.77777777777778,917,1,39,1,842
54.09,46.77777777777778,917,1,39,0,843
54.21,46.833333333333336,917,1,38,0,844
54.38,46.88888888888889,917,1,37,0,845
54.45,46.94444444444444,917,1,36,0,846
54.46,47.0,917,1,35,1,846
54.47,47.0,917,1,35,0,847
54.5,47.05555555555556,917,1,34,1,847
54.51,47.05555555555556,917,1,34,0,848
54.77,47.11111111111111,917,1,33,1,848
54.78,47.11111111111111,917,1,33,0,849
54.79,47.16666666666667,917,1,31,1,850
54.8,47.22222222222222,917,1,31,0,851
54.83,47.27777777777778,917,1,30,0,852
54.87,47.333333333333336,917,1,29,0,853
54.95,47.38888888888889,917,1,28,0,854
54.96,47.44444444444444,917,1,27,0,855
54.97,47.5,917,1,26,0,856
55.02,47.55555555555556,917,0,27,0,856
55.03,47.55555555555556,917,0,25,1,857
55.04,47.61111111111111,916,1,25,0,858
55.05,47.66666666666667,916,0,26,0,858
55.1,47.66666666666667,916,0,25,0,859
55.11,47.72222222222222,916,0,24,0,860
55.15,47.77777777777778,916,0,23,0,861
55.18,47.833333333333336,916,0,21,1,862
55.19,47.888888888888886,915,1,21,0,863
55.2,47.94444444444444,915,0,22,0,863
55.21,47.94444444444444,915,0,21,0,864
55.28,48.0,915,0,19,0,866
55.3,48.11111111111111,914,1,18,0,867
55.31,48.16666666666667,914,0,19,0,867
55.33,48.16666666666667,914,0,18,0,868
55.34,48.22222222222222,914,0,17,0,869
55.38,48.27777777777777,914,0,16,1,869
55.4,48.27777777777777,914,0,15,2,869
55.43,48.27777777777777,914,0,14,3,869
55.48,48.27777777777777,914,0,13,4,869
55.56,48.27777777777777,914,0,12,5,869
55.69,48.27777777777777,914,0,11,6,869
55.75,48.27777777777777,914,0,10,7,869
55.77,48.27777777777777,914,0,9,8,869
55.96,48.27777777777777,914,0,8,9,869
55.99,48.27777777777777,914,0,7,10,869
56.12,48.27777777777777,914,0,6,11,869
56.17,48.27777777777777,914,0,5,12,869
56.2,48.27777777777777,914,0,4,13,869
56.42,48.27777777777777,914,0,3,14,869
57.52,48.27777777777777,914,0,2,15,869
57.79,48.27777777777777,914,0,1,16,869
58.33,48.27777777777777,914,0,0,17,869
75.8,48.27777777777777,913,0,1,0,881
76.77,48.94444444444444,910,1,3,0,886
76.93,49.22222222222222,910,1,2,1,886
77.96,49.22222222222222,910,0,3,1,886
78.18,49.22222222222222,910,0,2,2,886
78.38,49.22222222222222,910,0,1,3,886
79.42,49.22222222222222,910,0,0,4,886
81.09,49.22222222222222,909,1,0,3,886
81.1,49.22222222222222,909,0,1,0,886
82.36,49.22222222222222,909,0,1,0,890
82.37,49.44444444444444,906,2,2,0,890
82.38,49.44444444444444,906,1,3,0,890
82.41,49.44444444444444,905,0,5,0,890
82.45,49.44444444444444,904,0,6,0,890
82.48,49.44444444444444,903,0,7,0,890
82.49,49.44444444444444,902,0,8,0,890
82.53,49.44444444444444,901,0,9,0,890
82.55,49.44444444444444,901,0,8,1,890
82.56,49.44444444444444,900,0,9,1,890
82.58,49.44444444444444,899,0,10,1,890
82.61,49.44444444444444,898,0,11,1,890
82.68,49.44444444444444,897,0,12,1,890
82.69,49.44444444444444,896,0,13,1,890
82.73,49.44444444444444,895,0,14,1,890
82.75,49.44444444444444,893,0,16,1,890
82.85,49.44444444444444,892,0,17,1,890
82.86,49.44444444444444,891,0,18,1,890
82.9,49.44444444444444,890,0,19,1,890
82.91,49.44444444444444,889,0,20,1,890
82.92,49.44444444444444,888,0,21,1,890
82.93,49.44444444444444,887,1,21,1,890
82.94,49.44444444444444,887,0,22,1,890
82.95,49.44444444444444,885,0,24,1,890
82.98,49.44444444444444,884,0,25,1,890
83.0,49.44444444444444,883,0,26,1,890
83.01,49.44444444444444,881,0,28,1,890
83.04,49.44444444444444,880,0,29,1,890
83.06,49.44444444444444,879,0,30,1,890
83.07,49.44444444444444,878,0,31,1,890
83.08,49.44444444444444,877,0,32,1,890
83.09,49.44444444444444,876,0,33,1,890
83.1,49.44444444444444,875,0,34,1,890
83.12,49.44444444444444,874,0,35,1,890
83.16,49.44444444444444,873,0,36,1,890
83.17,49.44444444444444,871,0,38,1,890
83.18,49.44444444444444,868,2,39,1,890
83.19,49.44444444444444,867,0,42,1,890
83.21,49.44444444444444,866,1,42,1,890
83.22,49.44444444444444,866,0,43,1,890
83.23,49.44444444444444,864,0,45,1,890
83.25,49.44444444444444,864,0,44,2,890
83.26,49.44444444444444,862,0,46,2,890
83.3,49.44444444444444,861,0,47,2,890
83.33,49.44444444444444,860,0,48,2,890
83.35,49.44444444444444,860,0,47,3,890
83.36,49.44444444444444,859,1,47,3,890
83.37,49.44444444444444,858,1,48,3,890
83.38,49.44444444444444,858,0,49,3,890
83.4,49.44444444444444,858,0,48,4,890
83.41,49.44444444444444,857,0,49,4,890
83.42,49.44444444444444,855,0,51,4,890
83.44,49.44444444444444,854,0,52,4,890
83.45,49.44444444444444,852,1,53,4,890
83.46,49.44444444444444,852,0,54,4,890
83.47,49.44444444444444,851,0,55,4,890
83.48,49.44444444444444,851,0,54,5,890
83.49,49.44444444444444,850,0,55,5,890
83.5,49.44444444444444,849,0,55,6,890
83.52,49.44444444444444,847,1,56,6,890
83.53,49.44444444444444,847,0,57,6,890
83.57,49.44444444444444,846,1,57,6,890
83.58,49.44444444444444,846,0,58,6,890
83.59,49.44444444444444,845,0,59,6,890
83.6,49.44444444444444,845,0,58,7,890
83.61,49.44444444444444,843,0,59,8,890
83.66,49.44444444444444,842,0,59,9,890
83.68,49.44444444444444,841,0,60,9,890
83.7,49.44444444444444,840,0,61,9,890
83.74,49.44444444444444,839,1,61,9,890
83.75,49.44444444444444,839,0,62,9,890
83.76,49.44444444444444,838,0,63,9,890
83.79,49.44444444444444,837,0,64,9,890
83.81,49.44444444444444,836,0,65,9,890
83.84,49.44444444444444,835,0,66,9,890
83.95,49.44444444444444,834,0,66,10,890
84.02,49.44444444444444,833,0,67,10,890
84.05,49.44444444444444,832,0,67,11,890
84.07,49.44444444444444,831,0,68,11,890
84.08,49.44444444444444,830,0,69,11,890
84.09,49.44444444444444,829,0,70,11,890
84.1,49.44444444444444,828,0,71,11,890
84.12,49.44444444444444,827,0,72,11,890
84.16,49.44444444444444,826,0,73,11,890
84.17,49.44444444444444,825,0,74,11,890
84.18,49.44444444444444,823,0,76,0,896
84.19,49.77777777777778,822,1,76,0,901
84.21,50.05555555555555,822,0,77,0,901
84.22,50.05555555555555,821,0,78,0,901
84.24,50.05555555555555,820,0,79,0,901
84.25,50.05555555555555,818,0,81,0,901
84.28,50.05555555555555,817,0,82,0,901
84.29,50.05555555555555,816,0,83,0,901
84.3,50.05555555555555,815,0,84,0,901
84.32,50.05555555555555,814,0,85,0,901
84.36,50.05555555555555,813,0,86,0,901
84.4,50.05555555555555,811,2,86,0,901
84.41,50.05555555555555,808,2,89,0,901
84.42,50.05555555555555,806,1,92,0,901
84.43,50.05555555555555,806,0,93,0,901
84.45,50.05555555555555,805,1,93,0,901
84.46,50.05555555555555,805,0,94,0,901
84.47,50.05555555555555,804,0,95,0,901
84.49,50.05555555555555,803,0,96,0,901
84.5,50.05555555555555,802,0,96,1,901
84.51,50.05555555555555,801,0,97,0,902
84.55,50.11111111111111,800,0,97,0,903
84.56,50.16666666666667,799,0,98,0,903
84.67,50.16666666666667,799,0,96,1,904
84.73,50.22222222222222,798,0,97,0,905
84.75,50.27777777777778,797,0,97,0,906
84.77,50.33333333333333,796,0,98,0,906
85.0,50.33333333333333,796,0,97,0,907
85.01,50.38888888888889,795,1,97,0,907
85.02,50.38888888888889,795,0,98,0,907
85.09,50.38888888888889,794,1,97,0,908
85.1,50.44444444444445,794,0,98,0,908
85.19,50.44444444444445,794,0,97,1,908
85.2,50.44444444444445,794,0,97,0,909
85.22,50.5,793,0,98,0,909
85.42,50.5,792,0,98,0,910
85.55,50.55555555555556,792,0,97,0,911
85.57,50.61111111111111,791,0,98,0,911
85.82,50.61111111111111,791,0,97,0,912
85.83,50.66666666666667,790,0,98,0,912
85.91,50.66666666666667,790,0,97,0,913
85.92,50.72222222222222,789,0,98,0,913
85.95,50.72222222222222,789,0,97,0,914
85.97,50.77777777777778,788,0,98,0,914
86.03,50.77777777777778,788,0,97,0,915
86.07,50.83333333333333,787,1,97,0,915
86.08,50.83333333333333,787,0,98,0,915
86.19,50.83333333333333,786,1,97,0,916
86.2,50.888888888888886,786,0,98,0,916
86.22,50.888888888888886,786,0,97,1,916
86.23,50.888888888888886,786,0,97,0,917
86.24,50.94444444444445,785,0,98,0,917
86.3,50.94444444444445,785,0,97,0,918
86.32,51.0,784,0,98,0,918
86.37,51.0,783,0,98,0,919
86.59,51.05555555555556,783,0,97,0,920
86.61,51.11111111111111,782,0,98,0,920
86.63,51.11111111111111,782,0,97,1,920
86.65,51.11111111111111,781,0,98,0,921
86.83,51.16666666666667,780,0,98,0,922
86.88,51.22222222222222,780,0,97,0,923
86.9,51.27777777777778,779,0,98,0,923
86.91,51.27777777777778,779,0,97,0,924
86.92,51.33333333333333,778,0,97,1,924
86.93,51.33333333333333,777,0,98,0,925
87.09,51.388888888888886,777,0,97,1,925
87.1,51.388888888888886,775,0,98,0,927
87.17,51.5,775,0,97,0,928
87.18,51.55555555555556,774,0,97,0,929
87.19,51.61111111111111,773,0,98,0,929
87.22,51.61111111111111,773,0,97,1,929
87.23,51.61111111111111,773,0,96,1,930
87.24,51.66666666666667,772,0,97,0,931
87.25,51.72222222222223,771,0,98,0,931
87.29,51.72222222222223,771,0,97,0,932
87.3,51.77777777777778,770,0,98,0,932
87.31,51.77777777777778,769,0,98,0,933
87.55,51.83333333333333,768,0,98,0,934
87.67,51.888888888888886,767,0,98,0,935
87.81,51.94444444444445,767,0,97,0,936
87.82,52.0,766,0,98,0,936
87.92,52.0,766,0,97,0,937
87.94,52.05555555555556,765,0,98,0,937
87.98,52.05555555555556,764,1,97,0,938
87.99,52.11111111111111,764,0,98,0,938
88.0,52.11111111111111,762,1,96,1,940
88.01,52.22222222222223,762,0,96,0,942
88.03,52.33333333333333,761,0,96,1,942
88.05,52.33333333333333,761,0,95,2,942
88.06,52.33333333333333,760,0,95,0,945
88.09,52.5,759,0,95,1,945
88.1,52.5,759,0,94,2,945
88.12,52.5,759,0,92,4,945
88.13,52.5,758,1,92,4,945
88.15,52.5,758,0,93,4,945
88.16,52.5,757,1,93,4,945
88.17,52.5,753,0,98,0,949
88.2,52.72222222222223,752,0,98,0,950
88.22,52.77777777777778,751,1,97,0,951
88.23,52.83333333333333,751,0,98,0,951
88.33,52.83333333333333,751,0,97,1,951
88.34,52.83333333333333,751,0,97,0,952
88.36,52.888888888888886,750,0,98,0,952
88.37,52.888888888888886,750,0,97,0,953
88.42,52.94444444444445,749,0,98,0,953
88.43,52.94444444444445,749,0,97,0,954
88.44,53.0,748,0,98,0,954
88.46,53.0,747,0,98,0,955
88.48,53.05555555555556,747,0,97,0,956
88.49,53.11111111111111,746,0,97,1,956
88.5,53.166666666666664,743,0,97,0,960
88.51,53.333333333333336,742,0,97,0,961
88.54,53.388888888888886,741,0,98,0,961
88.56,53.388888888888886,739,0,98,0,963
88.59,53.5,738,1,96,0,965
88.6,53.61111111111111,737,0,98,0,965
88.68,53.61111111111111,737,0,97,1,965
88.69,53.61111111111111,736,0,98,0,966
88.83,53.666666666666664,736,0,97,0,967
88.85,53.72222222222223,735,0,98,0,967
88.88,53.72222222222223,735,0,97,0,968
88.96,53.77777777777778,735,0,96,1,968
88.98,53.77777777777778,734,0,97,1,968
88.99,53.77777777777778,734,0,96,1,969
89.02,53.833333333333336,734,0,94,3,969
89.04,53.833333333333336,730,1,97,0,972
89.05,54.0,730,0,98,0,972
89.06,54.0,729,0,98,0,973
89.07,54.05555555555556,728,0,98,0,974
89.09,54.11111111111111,727,0,98,0,975
89.1,54.166666666666664,727,0,97,0,976
89.11,54.22222222222223,727,0,96,1,976
89.16,54.22222222222223,726,0,95,0,979
89.17,54.388888888888886,726,0,94,1,979
89.19,54.388888888888886,723,2,95,1,979
89.2,54.388888888888886,722,0,98,0,980
89.21,54.44444444444444,722,0,97,0,981
89.24,54.50000000000001,721,0,98,0,981
89.25,54.50000000000001,721,0,97,0,982
89.26,54.55555555555556,720,0,98,0,982
89.28,54.55555555555556,720,0,97,1,982
89.29,54.55555555555556,719,0,98,0,983
89.46,54.61111111111111,719,0,97,0,984
89.48,54.666666666666664,718,0,98,0,984
89.49,54.666666666666664,717,1,97,0,985
89.5,54.72222222222223,717,0,98,0,985
89.53,54.72222222222223,717,0,97,0,986
89.54,54.77777777777778,716,0,98,0,986
89.61,54.77777777777778,716,0,97,1,986
89.62,54.77777777777778,715,0,98,0,987
89.69,54.833333333333336,714,0,98,0,988
89.7,54.888888888888886,714,0,97,0,989
89.71,54.94444444444444,713,0,98,0,989
89.74,54.94444444444444,713,0,97,0,990
89.75,55.00000000000001,712,0,98,0,990
89.79,55.00000000000001,712,0,96,0,992
89.8,55.111111111111114,712,0,95,1,992
89.85,55.111111111111114,711,0,96,1,992
89.86,55.111111111111114,711,0,95,2,992
89.87,55.111111111111114,711,0,94,3,992
89.88,55.111111111111114,707,1,96,0,996
89.9,55.333333333333336,706,0,98,0,996
89.92,55.333333333333336,705,1,97,0,997
89.93,55.388888888888886,705,0,98,0,997
89.94,55.388888888888886,705,0,97,0,997
89.95,55.388888888888886,704,0,98,0,998
89.97,55.44444444444444,703,0,98,0,999
90.0,55.55555555555556,703,0,96,1,1000
90.01,55.55555555555556,702,0,97,0,1001
90.04,55.611111111111114,702,0,96,1,1001
90.05,55.611111111111114,702,0,95,2,1001
90.06,55.611111111111114,701,0,95,0,1004
90.07,55.77777777777778,700,0,95,1,1004
90.09,55.77777777777778,699,0,95,2,1004
90.1,55.77777777777778,696,1,96,0,1007
90.11,55.94444444444444,695,0,98,0,1007
90.12,55.94444444444444,695,0,97,1,1007
90.13,55.94444444444444,694,0,98,0,1008
90.22,56.00000000000001,693,0,98,0,1009
90.31,56.05555555555556,693,0,97,0,1010
90.32,56.111111111111114,693,0,96,1,1010
90.35,56.111111111111114,692,0,97,0,1011
90.37,56.166666666666664,692,0,96,1,1011
90.4,56.166666666666664,691,0,97,0,1012
90.44,56.222222222222214,690,0,98,0,1012
90.58,56.222222222222214,690,0,97,0,1013
90.59,56.277777777777786,689,0,98,0,1013
90.63,56.277777777777786,689,0,97,0,1014
90.66,56.333333333333336,688,0,98,0,1014
90.67,56.333333333333336,688,0,97,1,1014
90.68,56.333333333333336,687,0,98,0,1015
90.81,56.388888888888886,687,0,97,0,1016
90.82,56.44444444444444,686,0,98,0,1016
90.9,56.44444444444444,686,0,97,1,1016
90.91,56.44444444444444,685,0,98,0,1017
90.95,56.49999999999999,684,0,98,0,1018
90.98,56.55555555555556,684,0,97,0,1019
91.0,56.611111111111114,683,1,97,0,1019
91.01,56.611111111111114,683,0,98,0,1019
91.03,56.611111111111114,683,0,96,0,1021
91.04,56.72222222222222,680,1,97,0,1022
91.05,56.777777777777786,679,0,98,0,1023
91.07,56.833333333333336,679,0,97,0,1024
91.09,56.888888888888886,678,1,97,0,1024
91.1,56.888888888888886,677,0,97,0,1026
91.15,56.99999999999999,676,0,97,1,1026
91.16,56.99999999999999,676,0,97,0,1027
91.2,57.05555555555556,676,0,96,1,1027
91.21,57.05555555555556,676,0,95,2,1027
91.22,57.05555555555556,673,1,96,0,1030
91.23,57.22222222222222,672,0,98,0,1030
91.25,57.277777777777786,671,1,97,0,1031
91.26,57.277777777777786,671,0,96,1,1032
91.27,57.333333333333336,671,0,95,2,1032
91.29,57.333333333333336,670,0,96,0,1034
91.32,57.44444444444444,668,0,98,0,1034
91.33,57.44444444444444,668,0,97,1,1034
91.34,57.44444444444444,668,0,97,0,1035
91.4,57.49999999999999,667,0,98,0,1035
91.44,57.49999999999999,666,0,98,0,1036
91.47,57.55555555555556,666,0,97,0,1037
91.48,57.611111111111114,665,1,96,1,1037
91.49,57.611111111111114,664,0,98,0,1038
91.5,57.72222222222222,663,0,98,0,1039
91.52,57.72222222222222,663,0,97,0,1040
91.54,57.77777777777777,662,0,98,0,1040
91.68,57.77777777777777,661,0,98,0,1041
91.69,57.833333333333336,661,0,97,0,1042
91.7,57.88888888888889,660,0,98,0,1042
91.74,57.88888888888889,660,0,97,0,1043
91.75,57.94444444444444,659,0,98,0,1043
91.87,57.94444444444444,659,0,97,0,1044
91.88,57.99999999999999,658,0,98,0,1044
91.92,57.99999999999999,657,0,98,0,1045
91.97,58.05555555555556,657,0,97,1,1045
91.98,58.05555555555556,656,0,97,0,1047
91.99,58.166666666666664,655,0,98,0,1047
92.01,58.166666666666664,654,0,98,0,1048
92.04,58.22222222222222,653,0,98,0,1049
92.25,58.27777777777777,653,0,97,0,1050
92.26,58.333333333333336,652,0,98,0,1050
92.29,58.333333333333336,652,0,97,1,1050
92.3,58.333333333333336,651,0,97,0,1052
92.31,58.44444444444444,650,0,98,0,1052
92.35,58.44444444444444,649,0,98,0,1053
92.38,58.5,649,0,96,1,1054
92.44,58.55555555555556,648,0,96,2,1054
92.45,58.55555555555556,647,0,97,0,1056
92.46,58.666666666666664,646,0,98,0,1056
92.5,58.72222222222222,645,0,98,0,1057
92.51,58.72222222222222,645,0,97,0,1058
92.52,58.77777777777777,644,0,97,0,1059
92.53,58.833333333333336,644,0,95,2,1059
92.55,58.833333333333336,641,0,96,0,1063
92.56,59.05555555555555,641,0,94,2,1063
92.57,59.05555555555555,638,1,96,0,1065
92.58,59.166666666666664,637,0,98,0,1065
92.72,59.166666666666664,637,0,97,0,1066
92.73,59.22222222222222,636,0,98,0,1066
92.75,59.27777777777777,634,0,98,0,1068
92.77,59.333333333333336,634,0,97,1,1068
92.78,59.333333333333336,633,0,98,0,1069
93.25,59.38888888888889,632,0,98,0,1070
93.28,59.44444444444444,632,0,96,0,1071
93.29,59.5,630,0,98,0,1072
93.31,59.55555555555555,630,0,97,1,1072
93.32,59.55555555555555,629,0,98,0,1073
93.36,59.611111111111114,629,0,97,1,1073
93.37,59.611111111111114,628,0,98,0,1074
93.46,59.66666666666667,628,0,97,1,1074
93.47,59.66666666666667,627,0,98,0,1075
93.49,59.72222222222222,626,1,97,0,1076
93.5,59.77777777777777,626,0,98,0,1076
93.55,59.77777777777777,626,0,97,0,1076
93.56,59.77777777777777,626,0,97,0,1077
93.58,59.833333333333336,626,0,96,1,1077
93.62,59.833333333333336,626,0,95,2,1077
93.63,59.833333333333336,626,0,94,3,1077
93.65,59.833333333333336,625,0,95,0,1080
93.67,60.0,623,1,96,0,1080
93.68,60.0,622,0,98,0,1080
93.74,60.0,622,0,97,1,1080
93.75,60.05555555555555,621,0,98,0,1081
93.76,60.05555555555555,621,0,97,1,1081
93.77,60.05555555555555,620,0,98,0,1082
93.87,60.111111111111114,620,0,97,0,1083
93.88,60.16666666666667,619,0,98,0,1083
93.9,60.16666666666667,619,0,97,0,1084
93.92,60.22222222222222,619,0,96,1,1084
93.93,60.22222222222222,618,0,97,0,1085
93.94,60.27777777777777,617,0,97,0,1086
93.97,60.333333333333336,616,0,97,0,1087
93.98,60.38888888888889,615,0,97,0,1088
93.99,60.44444444444444,614,0,98,0,1088
94.0,60.44444444444444,614,0,97,0,1089
94.01,60.5,613,1,97,0,1089
94.02,60.5,613,0,98,0,1089
94.03,60.5,613,0,97,1,1089
94.04,60.5,612,0,98,0,1090
94.09,60.55555555555555,611,0,98,0,1091
94.16,60.611111111111114,611,0,97,0,1092
94.17,60.66666666666667,610,0,98,0,1092
94.19,60.66666666666667,608,1,96,1,1094
94.2,60.77777777777777,607,0,97,0,1096
94.21,60.88888888888889,606,1,97,0,1096
94.22,60.88888888888889,606,0,98,0,1096
94.24,60.88888888888889,606,0,97,0,1097
94.25,60.94444444444444,606,0,95,2,1097
94.26,60.94444444444444,606,0,94,3,1097
94.29,60.94444444444444,605,0,95,3,1097
94.3,60.94444444444444,605,0,95,0,1100
94.31,61.111111111111114,604,0,95,1,1100
94.32,61.111111111111114,602,0,97,0,1101
94.33,61.16666666666667,601,0,98,0,1101
94.36,61.16666666666667,601,0,97,0,1102
94.37,61.22222222222222,600,0,98,0,1102
94.48,61.22222222222222,600,0,97,0,1103
94.49,61.27777777777778,599,0,98,0,1103
94.52,61.27777777777778,599,0,97,0,1104
94.55,61.33333333333333,598,0,97,1,1104
94.56,61.33333333333333,598,0,96,1,1105
94.57,61.38888888888889,597,0,97,0,1106
94.58,61.44444444444444,596,1,97,0,1106
94.59,61.44444444444444,596,0,98,0,1106
94.67,61.44444444444444,596,0,96,1,1107
94.68,61.5,594,1,97,0,1108
94.69,61.55555555555555,594,0,98,0,1108
94.8,61.55555555555555,593,0,98,0,1109
94.94,61.611111111111114,593,0,97,0,1110
94.95,61.66666666666667,593,0,96,1,1110
94.96,61.66666666666667,592,0,97,1,1110
94.97,61.66666666666667,591,0,98,0,1111
95.02,61.72222222222222,591,0,96,1,1112
95.04,61.77777777777778,590,0,96,0,1114
95.06,61.88888888888889,589,0,97,0,1114
95.13,61.88888888888889,589,0,96,1,1114
95.15,61.88888888888889,587,0,98,0,1115
95.22,61.94444444444444,586,1,97,0,1116
95.23,62.0,586,0,97,0,1117
95.25,62.05555555555555,585,0,98,0,1117
95.27,62.05555555555555,585,0,97,1,1117
95.28,62.05555555555555,584,0,98,0,1118
95.29,62.11111111111111,584,0,97,1,1118
95.3,62.11111111111111,583,0,98,0,1119
95.33,62.16666666666667,583,0,97,0,1120
95.36,62.22222222222222,582,1,96,1,1120
95.37,62.22222222222222,582,0,97,0,1121
95.41,62.27777777777778,582,0,96,1,1121
95.42,62.27777777777778,581,0,97,0,1122
95.43,62.33333333333333,580,0,98,0,1122
95.59,62.33333333333333,580,0,97,0,1123
95.63,62.38888888888889,579,0,98,0,1123
95.67,62.38888888888889,579,0,96,1,1124
95.68,62.44444444444445,578,0,97,0,1125
95.7,62.5,577,0,98,0,1125
95.75,62.55555555555555,576,0,97,0,1127
95.77,62.61111111111111,575,1,96,1,1127
95.78,62.61111111111111,575,0,97,0,1128
95.83,62.66666666666667,574,0,98,0,1128
95.85,62.66666666666667,574,0,97,0,1129
95.87,62.72222222222222,573,0,98,0,1129
95.93,62.72222222222222,572,0,98,0,1130
95.94,62.77777777777778,572,0,97,0,1131
95.95,62.83333333333333,571,0,98,0,1131
96.04,62.83333333333333,570,0,98,0,1132
96.06,62.88888888888889,570,0,97,1,1132
96.07,62.88888888888889,570,0,97,0,1133
96.1,62.94444444444445,569,0,98,0,1133
96.22,62.94444444444445,569,0,97,1,1133
96.23,62.94444444444445,568,0,98,0,1134
96.25,63.11111111111111,568,0,96,0,1136
96.27,63.11111111111111,567,0,97,0,1136
96.28,63.11111111111111,565,1,97,0,1137
96.29,63.16666666666667,565,0,98,0,1137
96.35,63.16666666666667,565,0,97,1,1137
96.36,63.16666666666667,564,0,98,0,1138
96.41,63.22222222222222,564,0,97,1,1138
96.42,63.22222222222222,564,0,97,0,1139
96.43,63.27777777777778,562,1,95,0,1142
96.44,63.44444444444445,562,0,96,0,1142
96.45,63.44444444444445,561,0,97,0,1142
96.48,63.44444444444445,560,0,97,0,1143
96.49,63.5,559,0,98,0,1143
96.5,63.55555555555556,558,0,98,0,1144
96.55,63.55555555555556,557,1,97,0,1145
96.56,63.61111111111111,557,0,98,0,1145
96.57,63.61111111111111,556,0,98,0,1146
96.58,63.66666666666667,555,0,97,0,1148
96.59,63.77777777777778,555,0,96,1,1148
96.6,63.77777777777778,554,0,97,0,1149
96.63,63.83333333333333,553,0,97,0,1150
96.65,63.888888888888886,552,0,98,0,1150
96.68,63.888888888888886,552,0,97,0,1151
96.69,63.94444444444445,551,0,98,0,1151
96.7,63.94444444444445,551,0,97,1,1151
96.71,63.94444444444445,551,0,95,2,1152
96.72,64.0,548,1,96,1,1154
96.73,64.11111111111111,548,0,97,0,1155
96.74,64.16666666666667,547,0,98,0,1155
96.92,64.16666666666667,547,0,97,0,1156
96.93,64.22222222222223,546,0,97,0,1157
96.95,64.27777777777777,545,0,98,0,1157
97.04,64.27777777777777,545,0,97,0,1158
97.05,64.33333333333333,544,0,97,0,1159
97.07,64.38888888888889,543,0,98,0,1159
97.13,64.38888888888889,543,0,97,1,1159
97.15,64.38888888888889,542,0,98,0,1160
97.17,64.44444444444444,542,0,97,0,1161
97.18,64.5,541,0,98,0,1161
97.32,64.5,540,1,96,0,1163
97.33,64.61111111111111,539,0,98,0,1163
97.48,64.61111111111111,539,0,97,1,1163
97.49,64.61111111111111,538,0,98,0,1164
97.56,64.66666666666666,538,0,97,0,1165
97.57,64.72222222222223,537,0,98,0,1165
97.71,64.72222222222223,537,0,97,1,1165
97.72,64.72222222222223,537,0,96,1,1166
97.75,64.88888888888889,536,0,95,1,1168
97.76,64.88888888888889,536,0,94,2,1168
97.79,64.88888888888889,536,0,93,3,1168
97.81,64.88888888888889,535,1,93,3,1168
97.82,64.88888888888889,532,1,96,0,1171
97.83,65.05555555555556,531,1,97,0,1171
97.84,65.05555555555556,531,0,98,0,1171
97.87,65.05555555555556,530,0,98,0,1172
98.0,65.16666666666666,529,1,96,1,1173
98.01,65.16666666666666,529,0,97,0,1174
98.04,65.22222222222223,528,0,98,0,1174
98.1,65.22222222222223,528,0,97,0,1175
98.11,65.27777777777779,526,1,97,0,1176
98.13,65.33333333333333,526,0,98,0,1176
98.15,65.33333333333333,526,0,97,0,1177
98.18,65.38888888888889,525,0,98,0,1177
98.19,65.38888888888889,524,0,98,0,1178
98.25,65.5,523,0,98,0,1179
98.29,65.5,523,0,97,0,1180
98.3,65.55555555555556,522,0,98,0,1180
98.31,65.55555555555556,521,0,98,0,1181
98.4,65.61111111111111,520,0,98,0,1182
98.42,65.66666666666666,519,1,97,0,1183
98.43,65.72222222222223,519,0,97,0,1184
98.44,65.77777777777779,518,0,96,2,1184
98.45,65.77777777777779,518,0,95,1,1186
98.46,65.88888888888889,517,0,96,1,1186
98.47,65.88888888888889,515,1,97,0,1187
98.48,65.94444444444444,515,0,98,0,1187
98.62,65.94444444444444,515,0,97,0,1188
98.63,66.0,515,0,96,1,1188
98.68,66.0,514,0,97,0,1189
98.7,66.05555555555556,514,0,96,1,1189
98.71,66.05555555555556,512,1,97,0,1190
98.72,66.11111111111111,512,0,98,0,1190
98.75,66.11111111111111,512,0,97,0,1191
98.76,66.16666666666666,511,0,98,0,1191
98.77,66.16666666666666,511,0,97,0,1192
98.78,66.22222222222223,510,0,98,0,1192
98.85,66.22222222222223,510,0,97,0,1193
98.86,66.27777777777779,509,0,98,0,1193
98.9,66.27777777777779,509,0,97,0,1194
98.91,66.33333333333333,508,0,98,0,1194
98.93,66.33333333333333,508,0,97,0,1195
98.95,66.38888888888889,507,0,98,0,1195
98.99,66.38888888888889,506,0,97,0,1197
99.0,66.5,506,0,96,1,1197
99.01,66.5,505,1,96,1,1197
99.02,66.5,505,0,96,1,1198
99.03,66.55555555555556,504,0,96,0,1200
99.04,66.66666666666666,502,1,97,0,1200
99.05,66.66666666666666,502,0,98,0,1200
99.07,66.66666666666666,502,0,96,0,1202
99.08,66.77777777777779,500,0,97,0,1202
99.09,66.77777777777779,499,0,98,0,1203
99.13,66.83333333333333,499,0,97,1,1203
99.15,66.83333333333333,499,0,96,1,1204
99.16,66.88888888888889,498,0,97,0,1205
99.18,66.94444444444444,497,0,97,0,1206
99.19,67.0,497,0,96,1,1206
99.2,67.0,494,1,97,0,1208
99.21,67.11111111111111,494,0,98,0,1208
99.25,67.16666666666666,493,0,97,0,1210
99.26,67.22222222222223,492,0,98,0,1210
99.29,67.22222222222223,492,0,97,0,1211
99.32,67.27777777777779,492,0,95,2,1211
99.33,67.27777777777779,491,0,96,0,1213
99.36,67.38888888888889,490,1,96,0,1213
99.37,67.38888888888889,489,0,96,0,1215
99.4,67.5,488,0,96,1,1215
99.42,67.5,488,0,94,3,1215
99.45,67.5,487,1,94,3,1215
99.46,67.5,485,0,97,0,1218
99.47,67.66666666666666,484,0,98,0,1218
99.55,67.66666666666666,484,0,97,1,1218
99.56,67.66666666666666,484,0,97,0,1219
99.58,67.72222222222221,484,0,96,1,1219
99.62,67.72222222222221,483,0,97,0,1220
99.66,67.77777777777779,483,0,96,1,1220
99.73,67.77777777777779,483,0,95,2,1220
99.74,67.77777777777779,481,0,97,0,1222
99.75,67.88888888888889,480,0,97,1,1222
99.76,67.88888888888889,480,0,97,0,1223
99.77,67.94444444444444,479,0,98,0,1223
99.85,67.94444444444444,479,0,97,0,1224
99.86,68.0,478,0,98,0,1224
99.91,68.0,478,0,97,0,1225
99.92,68.05555555555556,477,0,98,0,1225
99.95,68.05555555555556,477,0,97,0,1226
99.98,68.11111111111111,476,0,98,0,1226
100.05,68.11111111111111,475,1,97,0,1227
100.06,68.16666666666666,475,0,98,0,1227
100.15,68.16666666666666,474,1,97,0,1228
100.16,68.22222222222221,474,0,98,0,1228
100.21,68.22222222222221,474,0,97,0,1229
100.22,68.27777777777779,473,1,97,0,1229
100.23,68.27777777777779,473,0,98,0,1229
100.27,68.27777777777779,473,0,97,0,1230
100.28,68.33333333333333,473,0,96,1,1230
100.32,68.33333333333333,472,0,97,0,1231
100.34,68.38888888888889,472,0,96,1,1231
100.35,68.38888888888889,470,0,97,0,1233
100.36,68.5,469,0,98,0,1233
100.41,68.5,469,0,97,1,1233
100.42,68.5,469,0,97,0,1234
100.44,68.55555555555556,469,0,96,0,1235
100.46,68.61111111111111,469,0,95,0,1236
100.48,68.66666666666667,469,0,94,0,1237
100.55,68.72222222222221,469,0,93,1,1237
100.56,68.72222222222221,469,0,93,0,1238
100.57,68.77777777777779,469,0,92,0,1239
100.59,68.83333333333333,469,0,91,0,1240
100.62,68.88888888888889,469,0,90,0,1241
100.65,68.94444444444444,469,0,89,1,1241
100.66,68.94444444444444,469,0,89,0,1242
100.7,69.0,469,0,88,1,1242
100.71,69.0,469,0,88,0,1243
100.75,69.11111111111111,469,0,86,0,1245
100.76,69.16666666666667,468,1,86,0,1245
100.77,69.16666666666667,468,0,87,0,1245
100.78,69.16666666666667,468,0,86,0,1246
100.79,69.22222222222221,468,0,85,0,1247
100.82,69.27777777777779,468,0,84,0,1248
100.83,69.33333333333334,468,0,83,0,1249
100.84,69.38888888888889,468,0,82,0,1250
101.0,69.44444444444444,468,0,81,0,1251
101.02,69.5,468,0,80,0,1252
101.05,69.55555555555556,468,0,79,0,1253
101.15,69.61111111111111,468,0,78,1,1253
101.16,69.61111111111111,468,0,78,0,1254
101.17,69.66666666666667,468,0,77,0,1255
101.18,69.72222222222221,467,1,76,0,1256
101.19,69.77777777777779,467,0,75,1,1257
101.2,69.83333333333334,467,0,75,0,1258
101.23,69.88888888888889,467,0,74,0,1259
101.26,69.94444444444444,467,0,73,1,1259
101.29,69.94444444444444,467,0,73,0,1260
101.38,70.0,466,1,72,0,1261
101.4,70.05555555555556,466,0,73,0,1261
101.45,70.05555555555556,466,0,72,0,1262
101.48,70.11111111111111,466,0,71,0,1263
101.74,70.16666666666667,466,0,70,0,1264
101.84,70.22222222222221,466,0,69,0,1265
101.9,70.27777777777777,466,0,68,0,1266
101.96,70.33333333333334,466,0,67,0,1267
101.97,70.38888888888889,466,0,66,0,1268
102.09,70.44444444444444,466,0,65,0,1269
102.1,70.5,466,0,64,0,1270
102.19,70.55555555555556,466,0,63,0,1271
102.33,70.61111111111111,466,0,62,0,1272
102.4,70.66666666666667,466,0,61,0,1273
102.42,70.72222222222221,466,0,59,0,1275
102.56,70.83333333333334,466,0,58,1,1275
102.57,70.83333333333334,466,0,58,0,1276
102.65,70.88888888888889,466,0,57,0,1277
102.72,70.94444444444444,466,0,56,0,1278
102.76,71.0,466,0,55,0,1279
102.84,71.05555555555556,466,0,54,0,1280
102.86,71.11111111111111,466,0,53,0,1281
103.0,71.16666666666667,466,0,52,0,1282
103.1,71.22222222222221,466,0,51,0,1283
103.17,71.27777777777777,466,0,50,0,1284
103.19,71.33333333333334,466,0,49,0,1285
103.21,71.38888888888889,466,0,48,0,1286
103.24,71.44444444444444,466,0,47,0,1287
103.25,71.55555555555554,466,0,46,0,1288
103.29,71.55555555555554,466,0,45,0,1289
103.31,71.61111111111111,466,0,44,0,1290
103.33,71.66666666666667,466,0,43,0,1291
103.34,71.72222222222221,466,0,42,1,1291
103.35,71.72222222222221,466,0,42,0,1292
103.37,71.77777777777777,466,0,41,0,1293
103.44,71.83333333333334,466,0,40,0,1294
103.46,71.88888888888889,466,0,38,0,1296
103.56,72.0,466,0,37,0,1297
103.58,72.05555555555556,466,0,36,0,1298
103.7,72.11111111111111,466,0,35,0,1299
103.71,72.16666666666667,466,0,34,0,1300
103.72,72.22222222222221,465,1,34,0,1300
103.76,72.22222222222221,465,1,33,0,1301
103.8,72.27777777777777,465,1,32,0,1302
103.85,72.33333333333334,465,1,31,0,1303
103.94,72.38888888888889,465,1,30,0,1303
104.06,72.38888888888889,465,1,29,1,1303
104.07,72.38888888888889,465,1,28,2,1303
104.21,72.38888888888889,465,1,27,3,1303
104.25,72.38888888888889,465,1,26,4,1303
104.34,72.38888888888889,465,1,25,5,1303
104.35,72.38888888888889,465,1,24,6,1303
104.38,72.38888888888889,465,1,23,7,1303
104.43,72.38888888888889,465,1,22,8,1303
104.45,72.38888888888889,465,1,21,9,1303
104.46,72.38888888888889,465,1,20,10,1303
104.47,72.38888888888889,465,1,19,11,1303
104.49,72.38888888888889,465,1,18,12,1303
104.58,72.38888888888889,465,1,17,13,1303
104.59,72.38888888888889,465,1,16,14,1303
104.72,72.38888888888889,465,1,15,15,1303
104.75,72.38888888888889,465,1,14,16,1303
104.76,72.38888888888889,465,1,13,17,1303
104.77,72.38888888888889,465,0,14,17,1303
104.8,72.38888888888889,465,0,13,18,1303
104.96,72.38888888888889,465,0,12,19,1303
104.97,72.38888888888889,465,0,11,20,1303
105.02,72.38888888888889,465,0,10,21,1303
105.04,72.38888888888889,465,0,9,22,1303
105.05,72.38888888888889,465,0,8,23,1303
105.19,72.38888888888889,465,0,8,13,1304
105.2,72.44444444444444,463,1,9,0,1327
105.21,73.72222222222223,463,0,10,0,1327
105.34,73.72222222222223,463,0,9,1,1327
105.43,73.72222222222223,463,0,8,2,1327
105.63,73.72222222222223,463,0,7,3,1327
105.67,73.72222222222223,463,0,6,4,1327
105.68,73.72222222222223,463,0,5,5,1327
105.7,73.72222222222223,463,0,4,6,1327
105.84,73.72222222222223,463,0,3,7,1327
105.93,73.72222222222223,463,0,2,8,1327
106.3,73.72222222222223,463,0,1,9,1327
106.34,73.72222222222223,463,0,0,10,1327
110.83,73.72222222222223,461,2,0,0,1337
110.84,74.27777777777777,459,2,2,0,1337
110.85,74.27777777777777,459,1,3,0,1337
111.96,74.27777777777777,459,0,4,0,1337
112.2,74.27777777777777,459,0,3,1,1337
112.88,74.27777777777777,459,0,2,2,1337
113.65,74.27777777777777,459,0,1,3,1337
114.62,74.27777777777777,458,1,1,2,1337
114.63,74.27777777777777,458,0,2,0,1339
115.56,74.3888888888889,456,0,4,0,1340
115.57,74.44444444444444,455,0,5,0,1340
115.6,74.44444444444444,454,1,5,0,1340
115.61,74.44444444444444,454,0,6,0,1340
115.66,74.44444444444444,453,0,7,0,1340
115.71,74.44444444444444,452,0,8,0,1340
115.72,74.44444444444444,451,0,9,0,1340
115.74,74.44444444444444,451,0,8,1,1340
115.76,74.44444444444444,450,0,9,1,1340
115.8,74.44444444444444,449,0,10,1,1340
115.82,74.44444444444444,448,1,10,1,1340
115.83,74.44444444444444,448,0,11,1,1340
115.86,74.44444444444444,447,0,12,1,1340
115.92,74.44444444444444,446,0,13,1,1340
115.93,74.44444444444444,445,0,14,1,1340
116.07,74.44444444444444,444,0,15,1,1340
116.15,74.44444444444444,443,0,16,1,1340
116.16,74.44444444444444,442,0,17,1,1340
116.22,74.44444444444444,441,0,18,1,1340
116.24,74.44444444444444,441,0,17,2,1340
116.25,74.44444444444444,440,0,18,2,1340
116.3,74.44444444444444,439,0,19,2,1340
116.36,74.44444444444444,438,0,20,2,1340
116.4,74.44444444444444,438,0,19,3,1340
116.43,74.44444444444444,438,0,18,4,1340
116.44,74.44444444444444,437,0,19,4,1340
116.45,74.44444444444444,436,0,20,4,1340
116.48,74.44444444444444,435,0,21,4,1340
116.49,74.44444444444444,434,0,22,4,1340
116.5,74.44444444444444,431,0,25,4,1340
116.52,74.44444444444444,430,0,26,4,1340
116.53,74.44444444444444,429,0,27,4,1340
116.55,74.44444444444444,427,0,29,4,1340
116.56,74.44444444444444,423,0,33,4,1340
116.58,74.44444444444444,419,1,36,4,1340
116.59,74.44444444444444,418,0,38,4,1340
116.6,74.44444444444444,417,0,39,4,1340
116.61,74.44444444444444,416,0,40,4,1340
116.62,74.44444444444444,414,1,41,4,1340
116.63,74.44444444444444,411,1,44,4,1340
116.65,74.44444444444444,410,1,45,4,1340
116.66,74.44444444444444,407,1,48,4,1340
116.67,74.44444444444444,404,0,52,4,1340
116.69,74.44444444444444,403,0,53,4,1340
116.71,74.44444444444444,402,0,54,4,1340
116.72,74.44444444444444,401,0,55,4,1340
116.75,74.44444444444444,400,0,56,4,1340
116.76,74.44444444444444,396,0,59,5,1340
116.77,74.44444444444444,394,0,61,5,1340
116.79,74.44444444444444,393,0,62,5,1340
116.8,74.44444444444444,392,0,63,5,1340
116.82,74.44444444444444,391,0,64,5,1340
116.83,74.44444444444444,390,0,65,5,1340
116.84,74.44444444444444,388,0,67,5,1340
116.85,74.44444444444444,387,0,68,5,1340
116.86,74.44444444444444,385,0,70,5,1340
116.87,74.44444444444444,384,0,71,5,1340
116.88,74.44444444444444,383,0,72,5,1340
116.9,74.44444444444444,381,0,74,5,1340
116.91,74.44444444444444,381,0,73,6,1340
116.92,74.44444444444444,381,0,72,7,1340
116.94,74.44444444444444,380,0,73,7,1340
116.95,74.44444444444444,379,0,74,7,1340
116.96,74.44444444444444,378,0,75,7,1340
116.97,74.44444444444444,377,0,76,7,1340
116.98,74.44444444444444,375,1,77,7,1340
116.99,74.44444444444444,374,0,79,7,1340
117.0,74.83333333333333,372,1,80,0,1347
117.01,74.83333333333333,371,0,82,0,1347
117.02,74.83333333333333,369,0,84,0,1347
117.04,74.83333333333333,368,0,85,0,1347
117.06,74.83333333333333,366,0,87,0,1347
117.11,74.83333333333333,365,0,87,0,1348
117.16,74.8888888888889,365,0,86,1,1348
117.17,74.8888888888889,364,1,86,0,1349
117.21,74.94444444444444,363,1,87,0,1349
117.22,74.94444444444444,363,0,88,0,1349
117.23,74.94444444444444,359,0,92,0,1349
117.24,74.94444444444444,358,0,93,0,1349
117.25,74.94444444444444,357,0,94,0,1349
117.26,74.94444444444444,356,0,94,1,1349
117.27,74.94444444444444,355,1,94,1,1349
117.28,74.94444444444444,352,0,98,0,1350
117.3,75.0,352,0,97,0,1351
117.32,75.05555555555556,351,0,98,0,1351
117.44,75.05555555555556,351,0,97,1,1351
117.45,75.05555555555556,350,0,98,0,1352
117.53,75.1111111111111,350,0,97,0,1353
117.58,75.16666666666667,349,0,98,0,1353
117.79,75.16666666666667,349,0,97,0,1354
117.8,75.22222222222223,348,1,97,0,1354
117.81,75.22222222222223,348,0,98,0,1354
117.86,75.22222222222223,348,0,97,0,1355
117.88,75.27777777777777,347,0,98,0,1355
117.9,75.27777777777777,347,0,97,1,1355
117.91,75.27777777777777,345,0,98,0,1357
117.96,75.3888888888889,345,0,97,1,1357
117.97,75.3888888888889,344,0,98,0,1358
118.13,75.44444444444444,344,0,97,0,1359
118.2,75.5,343,0,98,0,1359
118.23,75.5,343,0,97,1,1359
118.24,75.5,342,0,98,0,1360
118.7,75.55555555555556,342,0,97,0,1360
118.71,75.55555555555556,342,0,97,0,1361
118.72,75.6111111111111,341,0,98,0,1361
118.91,75.6111111111111,341,0,97,1,1361
118.92,75.6111111111111,341,0,97,0,1362
118.93,75.66666666666667,340,0,98,0,1362
119.18,75.66666666666667,339,1,97,0,1363
119.19,75.72222222222223,339,0,97,0,1364
119.2,75.77777777777777,338,0,97,0,1365
119.22,75.83333333333333,337,0,98,0,1365
119.25,75.88888888888889,336,0,97,0,1367
119.29,75.94444444444444,335,0,98,0,1367
119.31,75.94444444444444,334,1,97,0,1368
119.32,76.0,334,0,98,0,1368
119.33,76.0,334,0,97,0,1369
119.37,76.05555555555556,333,0,98,0,1369
119.4,76.05555555555556,333,0,97,0,1370
119.42,76.11111111111111,332,0,98,0,1370
119.44,76.11111111111111,332,0,97,1,1370
119.45,76.11111111111111,331,0,98,0,1371
119.92,76.16666666666667,331,0,97,0,1372
119.93,76.22222222222223,330,1,97,0,1372
119.94,76.22222222222223,330,0,98,0,1372
119.97,76.22222222222223,330,0,97,0,1373
119.98,76.27777777777777,329,0,98,0,1373
120.0,76.27777777777777,329,0,97,0,1374
120.01,76.33333333333333,328,1,97,0,1374
120.02,76.33333333333333,328,0,98,0,1374
120.16,76.33333333333333,327,0,98,0,1375
120.22,76.38888888888889,327,0,97,0,1376
120.25,76.44444444444444,325,0,98,0,1377
120.42,76.5,325,0,97,0,1378
120.46,76.55555555555556,325,0,96,1,1378
120.5,76.55555555555556,324,0,97,0,1379
120.52,76.61111111111111,323,0,98,0,1379
120.63,76.61111111111111,322,0,98,0,1380
120.7,76.66666666666667,322,0,97,0,1381
120.72,76.72222222222223,321,0,97,1,1381
120.73,76.72222222222223,320,0,98,0,1382
120.78,76.77777777777777,320,0,97,1,1382
120.79,76.77777777777777,319,0,98,0,1383
120.8,76.83333333333333,318,0,98,0,1384
120.84,76.88888888888889,316,1,97,0,1386
120.85,77.0,315,0,97,0,1388
120.88,77.11111111111111,315,0,95,2,1388
120.9,77.11111111111111,314,0,93,3,1390
120.91,77.22222222222223,314,0,92,4,1390
120.92,77.22222222222223,313,0,93,4,1390
120.93,77.22222222222223,312,1,93,4,1390
120.94,77.22222222222223,309,0,97,0,1394
120.95,77.44444444444444,309,0,96,1,1394
120.97,77.44444444444444,307,0,98,0,1395
121.04,77.5,307,0,97,0,1396
121.06,77.55555555555556,306,0,98,0,1396
121.11,77.55555555555556,306,0,97,1,1396
121.12,77.55555555555556,305,0,98,0,1397
121.17,77.61111111111111,305,0,97,1,1397
121.18,77.61111111111111,305,0,97,0,1398
121.2,77.66666666666666,304,0,98,0,1398
121.21,77.66666666666666,303,0,96,0,1401
121.22,77.83333333333333,302,0,96,1,1401
121.24,77.83333333333333,299,1,97,0,1403
121.25,77.94444444444444,299,0,98,0,1403
121.27,77.94444444444444,298,0,98,0,1404
121.29,78.0,298,0,97,1,1404
121.3,78.0,298,0,97,0,1405
121.31,78.05555555555556,297,0,98,0,1405
121.36,78.05555555555556,297,0,97,0,1405
121.37,78.05555555555556,296,0,98,0,1406
121.38,78.11111111111111,296,0,97,0,1407
121.4,78.16666666666666,296,0,96,1,1407
121.44,78.16666666666666,296,0,95,2,1407
121.46,78.16666666666666,293,0,97,0,1410
121.5,78.33333333333333,291,0,98,0,1411
121.58,78.38888888888889,291,0,97,1,1411
121.59,78.38888888888889,291,0,97,0,1412
121.62,78.44444444444444,290,0,98,0,1412
121.66,78.44444444444444,289,0,98,0,1413
121.67,78.5,289,0,97,0,1414
121.68,78.55555555555556,288,0,98,0,1414
121.75,78.61111111111111,287,0,98,0,1415
121.77,78.61111111111111,286,0,97,0,1417
121.8,78.72222222222223,285,1,97,0,1417
121.81,78.72222222222223,285,0,98,0,1417
121.9,78.72222222222223,285,0,97,0,1418
121.92,78.77777777777779,284,0,98,0,1418
121.97,78.77777777777779,283,0,98,0,1419
121.99,78.83333333333333,283,0,97,1,1419
122.0,78.88888888888889,282,0,98,0,1420
122.03,78.88888888888889,282,0,97,0,1421
122.05,78.94444444444444,281,0,98,0,1421
122.07,78.94444444444444,281,0,97,0,1422
122.1,79.0,280,0,97,0,1423
122.11,79.05555555555556,280,0,96,1,1423
122.12,79.05555555555556,280,0,95,2,1423
122.13,79.05555555555556,279,0,94,1,1426
122.15,79.22222222222223,278,0,95,1,1426
122.16,79.22222222222223,277,0,96,1,1426
122.17,79.22222222222223,275,0,97,0,1428
122.18,79.33333333333333,274,0,98,0,1428
122.19,79.33333333333333,274,0,97,0,1429
122.22,79.38888888888889,273,0,97,1,1429
122.23,79.38888888888889,273,0,96,1,1430
122.24,79.44444444444444,272,0,97,0,1431
122.25,79.5,271,0,98,0,1431
122.26,79.5,271,0,96,1,1432
122.27,79.55555555555556,270,0,96,1,1433
122.29,79.61111111111111,269,0,97,1,1433
122.3,79.61111111111111,267,0,98,0,1435
122.36,79.72222222222223,267,0,97,1,1435
122.37,79.72222222222223,267,0,96,0,1437
122.38,79.83333333333333,266,0,97,0,1437
122.41,79.83333333333333,265,0,98,0,1437
122.48,79.83333333333333,265,0,97,0,1438
122.49,79.88888888888889,265,0,96,1,1438
122.5,79.88888888888889,264,0,97,0,1439
122.51,79.94444444444444,263,0,98,0,1439
122.59,79.94444444444444,262,1,97,0,1440
122.6,80.0,262,0,98,0,1440
122.65,80.0,262,0,97,0,1441
122.68,80.05555555555556,261,0,98,0,1441
122.69,80.05555555555556,260,1,97,0,1442
122.7,80.11111111111111,260,0,98,0,1442
122.81,80.11111111111111,259,1,97,0,1443
122.82,80.16666666666666,259,0,98,0,1443
123.08,80.16666666666666,258,0,98,0,1444
123.1,80.22222222222221,258,0,97,1,1444
123.11,80.22222222222221,258,0,96,1,1445
123.12,80.27777777777779,258,0,95,2,1445
123.13,80.27777777777779,258,0,94,3,1445
123.17,80.27777777777779,256,0,96,0,1448
123.18,80.44444444444444,255,0,96,1,1448
123.2,80.44444444444444,255,0,95,2,1448
123.22,80.44444444444444,254,0,94,0,1451
123.23,80.61111111111111,253,0,95,0,1452
123.25,80.66666666666666,253,0,94,1,1452
123.26,80.66666666666666,253,0,93,2,1452
123.28,80.66666666666666,250,1,95,0,1454
123.29,80.77777777777779,249,0,96,1,1454
123.3,80.77777777777779,249,0,95,2,1454
123.31,80.77777777777779,248,0,95,1,1456
123.32,80.88888888888889,246,1,96,1,1456
123.33,80.88888888888889,245,0,98,0,1457
123.37,80.94444444444444,245,0,97,0,1458
123.38,81.0,245,0,96,1,1458
123.42,81.0,244,1,95,0,1460
123.43,81.11111111111111,242,0,98,0,1460
123.46,81.11111111111111,241,0,98,0,1461
123.52,81.16666666666667,241,0,97,0,1462
123.53,81.22222222222221,241,0,96,1,1462
123.58,81.22222222222221,240,0,97,0,1463
123.59,81.27777777777779,239,0,98,0,1463
123.61,81.27777777777779,238,1,97,0,1464
123.62,81.33333333333333,238,0,98,0,1464
123.63,81.33333333333333,238,0,97,0,1465
123.65,81.38888888888889,237,0,98,0,1465
123.75,81.38888888888889,237,0,97,0,1466
123.76,81.44444444444444,236,0,98,0,1466
123.77,81.44444444444444,236,0,97,0,1467
123.8,81.5,236,0,96,1,1467
123.81,81.5,236,0,95,2,1467
123.84,81.5,236,0,94,3,1467
123.86,81.5,236,0,93,4,1467
123.87,81.5,235,0,94,0,1469
123.88,81.61111111111111,233,0,95,1,1471
123.9,81.72222222222221,232,0,95,2,1471
123.91,81.72222222222221,231,0,96,0,1471
123.92,81.72222222222221,231,0,96,0,1473
123.94,81.83333333333334,229,0,98,0,1473
123.96,81.83333333333334,229,0,97,1,1473
123.97,81.83333333333334,228,0,98,0,1474
124.24,81.88888888888889,227,0,98,0,1475
124.25,82.0,226,1,97,0,1476
124.26,82.0,225,1,97,0,1477
124.27,82.05555555555556,225,0,98,0,1477
124.3,82.05555555555556,225,0,97,0,1478
124.33,82.11111111111111,224,0,97,0,1479
124.34,82.16666666666667,223,0,98,0,1479
124.37,82.16666666666667,222,1,97,0,1480
124.38,82.22222222222221,222,0,98,0,1480
124.43,82.22222222222221,222,0,97,0,1481
124.44,82.27777777777779,222,0,96,1,1481
124.45,82.27777777777779,221,0,96,2,1481
124.46,82.27777777777779,221,0,96,0,1483
124.47,82.38888888888889,219,0,97,0,1484
124.5,82.44444444444444,218,0,96,1,1485
124.53,82.5,217,0,97,0,1486
124.56,82.55555555555556,216,0,98,0,1486
124.58,82.55555555555556,215,1,97,0,1487
124.59,82.61111111111111,215,0,98,0,1487
124.7,82.61111111111111,215,0,97,1,1487
124.71,82.61111111111111,215,0,97,0,1488
124.74,82.66666666666667,214,0,98,0,1488
124.75,82.66666666666667,214,0,97,0,1489
124.76,82.72222222222221,214,0,96,1,1489
124.78,82.72222222222221,212,0,98,0,1490
124.81,82.77777777777777,212,0,97,0,1491
124.82,82.83333333333334,212,0,96,1,1491
124.84,82.83333333333334,211,0,97,0,1492
124.85,82.88888888888889,210,0,98,0,1492
124.91,82.88888888888889,209,0,98,0,1493
124.97,82.94444444444444,209,0,97,0,1494
124.99,83.0,208,0,98,0,1494
125.0,83.05555555555556,207,0,98,0,1495
125.04,83.05555555555556,206,0,98,0,1496
125.07,83.11111111111111,206,0,97,1,1496
125.08,83.11111111111111,206,0,97,0,1497
125.09,83.16666666666667,205,0,97,1,1497
125.1,83.16666666666667,204,0,98,0,1498
125.16,83.22222222222221,204,0,97,1,1498
125.17,83.22222222222221,204,0,96,1,1499
125.18,83.27777777777777,203,0,97,0,1500
125.2,83.33333333333334,202,0,95,0,1503
125.21,83.5,199,0,98,0,1503
125.24,83.5,199,0,97,0,1504
125.25,83.55555555555556,198,0,98,0,1504
125.26,83.55555555555556,198,0,97,0,1505
125.3,83.61111111111111,197,0,98,0,1505
125.32,83.61111111111111,197,0,97,0,1505
125.33,83.61111111111111,196,0,98,0,1506
125.43,83.66666666666667,196,0,97,1,1506
125.44,83.66666666666667,196,0,96,1,1507
125.45,83.72222222222221,194,0,98,0,1508
125.48,83.77777777777777,194,0,97,1,1508
125.49,83.77777777777777,194,0,95,1,1510
125.5,83.88888888888889,194,0,94,2,1510
125.52,83.88888888888889,194,0,93,3,1510
125.54,83.88888888888889,193,0,94,3,1510
125.56,83.88888888888889,191,0,96,0,1513
125.57,84.05555555555554,189,0,98,0,1513
125.58,84.05555555555554,189,0,97,0,1514
125.59,84.11111111111111,188,0,98,0,1514
125.6,84.11111111111111,187,0,98,0,1515
125.77,84.16666666666667,187,0,97,0,1516
125.78,84.22222222222221,186,0,98,0,1516
125.79,84.22222222222221,186,0,97,1,1516
125.8,84.22222222222221,186,0,96,1,1517
125.82,84.27777777777777,184,0,98,0,1518
125.83,84.33333333333334,183,0,97,0,1520
125.84,84.44444444444444,183,0,96,1,1520
125.85,84.44444444444444,182,0,96,1,1521
125.87,84.5,180,1,97,0,1522
125.88,84.55555555555556,180,0,98,0,1522
125.98,84.55555555555556,179,0,98,0,1523
125.99,84.61111111111111,179,0,97,1,1523
126.0,84.66666666666667,178,0,98,0,1524
126.04,84.66666666666667,178,0,97,0,1525
126.07,84.72222222222221,177,0,97,0,1526
126.09,84.77777777777777,176,0,98,0,1526
126.11,84.77777777777777,175,0,98,0,1527
126.12,84.83333333333334,175,0,97,1,1527
126.13,84.83333333333334,174,0,98,0,1528
126.17,84.88888888888889,173,1,97,0,1529
126.18,84.94444444444444,173,0,97,1,1529
126.19,84.94444444444444,173,0,97,0,1530
126.2,85.0,172,0,98,0,1530
126.25,85.0,172,0,97,1,1530
126.26,85.0,172,0,97,0,1531
126.27,85.05555555555556,171,0,98,0,1531
126.32,85.05555555555556,171,0,97,0,1532
126.33,85.11111111111111,170,0,97,0,1533
126.35,85.16666666666667,169,0,98,0,1533
126.37,85.16666666666667,168,0,98,0,1534
126.45,85.22222222222223,168,0,97,0,1535
126.46,85.27777777777777,167,1,97,0,1535
126.47,85.27777777777777,166,0,98,0,1536
126.67,85.33333333333333,166,0,97,1,1536
126.68,85.33333333333333,165,0,98,0,1537
126.74,85.38888888888889,164,0,98,0,1538
126.77,85.44444444444444,164,0,97,1,1538
126.78,85.44444444444444,163,1,97,0,1539
126.8,85.5,163,0,98,0,1539
126.84,85.5,163,0,97,1,1539
126.85,85.5,163,0,97,0,1540
126.87,85.55555555555556,162,0,98,0,1540
126.97,85.55555555555556,162,0,97,0,1541
127.0,85.61111111111111,161,1,96,1,1541
127.01,85.61111111111111,161,0,96,1,1542
127.02,85.66666666666667,159,1,97,0,1543
127.03,85.72222222222223,159,0,98,0,1543
127.05,85.72222222222223,159,0,97,0,1544
127.06,85.77777777777777,158,0,98,0,1544
127.08,85.77777777777777,158,0,97,0,1545
127.09,85.83333333333333,157,0,98,0,1545
127.1,85.83333333333333,156,0,98,0,1546
127.15,85.88888888888889,155,0,98,0,1547
127.19,85.94444444444444,155,0,97,0,1548
127.2,86.0,154,0,98,0,1548
127.22,86.0,153,0,98,0,1549
127.3,86.05555555555556,153,0,97,0,1550
127.32,86.11111111111111,152,0,98,0,1550
127.33,86.11111111111111,152,0,97,1,1550
127.34,86.11111111111111,152,0,97,0,1551
127.37,86.16666666666667,151,1,97,0,1551
127.38,86.16666666666667,150,0,98,0,1552
127.43,86.22222222222223,149,1,97,0,1553
127.44,86.27777777777777,149,0,98,0,1553
127.46,86.27777777777777,149,0,97,0,1554
127.47,86.33333333333333,148,1,97,0,1554
127.48,86.33333333333333,148,0,98,0,1554
127.51,86.33333333333333,147,0,97,0,1556
127.54,86.44444444444444,146,0,98,0,1556
127.55,86.44444444444444,146,0,97,1,1556
127.56,86.44444444444444,146,0,97,0,1557
127.59,86.5,145,0,97,1,1557
127.6,86.5,144,0,98,0,1558
127.67,86.55555555555556,144,0,97,0,1559
127.69,86.61111111111111,143,0,97,1,1559
127.7,86.61111111111111,143,0,97,0,1560
127.71,86.66666666666667,142,0,98,0,1560
127.72,86.66666666666667,142,0,97,1,1560
127.73,86.66666666666667,141,0,98,0,1561
127.75,86.77777777777777,140,0,97,1,1562
127.76,86.77777777777777,139,0,98,0,1563
127.94,86.83333333333333,139,0,97,1,1563
127.95,86.83333333333333,139,0,97,0,1564
127.96,86.8888888888889,138,0,98,0,1564
128.11,86.8888888888889,138,0,97,1,1564
128.12,86.8888888888889,137,0,98,0,1565
128.18,86.94444444444444,137,0,97,1,1565
128.19,86.94444444444444,136,0,98,0,1566
128.25,87.05555555555556,136,0,97,0,1567
128.26,87.05555555555556,135,0,98,0,1567
128.29,87.05555555555556,135,0,97,0,1568
128.3,87.1111111111111,134,0,98,0,1568
128.57,87.1111111111111,133,0,98,0,1569
128.59,87.16666666666667,132,0,98,0,1570
128.65,87.22222222222223,131,0,96,1,1572
128.66,87.33333333333333,131,0,95,2,1572
128.67,87.33333333333333,130,0,96,0,1574
128.68,87.44444444444444,129,0,96,1,1574
128.69,87.44444444444444,129,0,95,2,1574
128.7,87.44444444444444,128,0,95,0,1577
128.72,87.6111111111111,127,0,95,1,1577
128.73,87.6111111111111,127,0,94,2,1577
128.74,87.6111111111111,124,1,96,0,1579
128.75,87.72222222222223,123,0,98,0,1579
128.96,87.72222222222223,123,0,97,0,1580
128.99,87.77777777777777,122,0,98,0,1580
129.0,87.77777777777777,121,1,97,0,1581
129.01,87.83333333333333,121,0,98,0,1581
129.16,87.83333333333333,121,0,96,0,1583
129.23,87.94444444444444,121,0,94,2,1583
129.25,87.94444444444444,120,0,95,2,1583
129.27,87.94444444444444,120,0,94,3,1583
129.29,87.94444444444444,120,0,93,4,1583
129.31,87.94444444444444,120,0,92,5,1583
129.33,87.94444444444444,120,0,90,7,1583
129.35,87.94444444444444,119,1,90,7,1583
129.36,87.94444444444444,119,0,88,3,1590
129.38,88.33333333333333,119,0,87,4,1590
129.42,88.33333333333333,118,0,87,5,1590
129.43,88.33333333333333,116,0,87,7,1590
129.44,88.33333333333333,115,0,88,7,1590
129.46,88.33333333333333,114,0,89,7,1590
129.47,88.33333333333333,112,1,90,0,1597
129.48,88.72222222222223,112,0,91,0,1597
129.49,88.72222222222223,111,0,92,0,1597
129.5,88.72222222222223,110,0,92,1,1597
129.51,88.72222222222223,109,0,93,1,1597
129.53,88.72222222222223,108,0,94,1,1597
129.54,88.72222222222223,105,0,97,0,1598
129.56,88.77777777777777,104,0,97,1,1598
129.57,88.77777777777777,103,0,98,0,1599
129.58,88.83333333333333,103,0,97,0,1600
129.59,88.88888888888889,102,0,96,1,1601
129.62,88.94444444444444,100,0,98,0,1602
129.83,89.0,99,0,97,1,1603
129.84,89.05555555555556,99,0,97,0,1604
129.85,89.11111111111111,97,0,97,1,1605
129.86,89.16666666666667,96,0,97,0,1607
129.87,89.27777777777777,95,0,98,0,1607
129.9,89.27777777777777,95,0,96,1,1608
129.91,89.33333333333333,94,0,96,0,1610
129.93,89.44444444444444,92,0,98,0,1610
129.99,89.44444444444444,92,0,97,1,1610
130.0,89.5,91,0,98,0,1611
130.01,89.5,91,0,97,0,1612
130.02,89.55555555555556,90,0,98,0,1612
130.03,89.55555555555556,89,1,96,0,1614
130.04,89.66666666666666,88,1,97,0,1614
130.05,89.66666666666666,88,0,98,0,1614
130.06,89.66666666666666,88,0,97,1,1614
130.07,89.66666666666666,88,0,97,0,1615
130.08,89.72222222222223,87,0,98,0,1615
130.12,89.72222222222223,87,0,97,0,1616
130.13,89.77777777777777,86,0,98,0,1616
130.15,89.77777777777777,86,0,97,0,1617
130.17,89.83333333333333,85,0,98,0,1617
130.18,89.83333333333333,85,0,97,1,1617
130.19,89.83333333333333,84,0,98,0,1618
130.25,89.94444444444444,83,0,98,0,1619
130.31,89.94444444444444,83,0,97,1,1619
130.32,89.94444444444444,82,0,98,0,1620
130.36,90.0,82,0,97,0,1621
130.37,90.05555555555556,82,0,96,1,1621
130.48,90.05555555555556,81,0,96,1,1622
130.51,90.11111111111111,80,0,97,0,1623
130.53,90.16666666666666,79,0,98,0,1623
130.54,90.16666666666666,79,0,97,1,1623
130.55,90.16666666666666,79,0,97,0,1624
130.56,90.22222222222223,79,0,96,1,1624
130.57,90.22222222222223,76,0,98,0,1626
130.58,90.33333333333333,76,0,97,1,1626
130.59,90.33333333333333,76,0,97,0,1627
130.6,90.38888888888889,76,0,96,1,1627
130.61,90.38888888888889,75,0,97,0,1628
130.62,90.44444444444444,74,0,97,0,1629
130.65,90.5,74,0,96,1,1629
130.66,90.5,73,0,97,0,1630
130.72,90.55555555555556,72,0,98,0,1630
130.74,90.55555555555556,72,0,97,1,1630
130.75,90.66666666666666,71,0,97,0,1632
130.79,90.66666666666666,70,0,98,0,1632
130.85,90.66666666666666,69,0,97,1,1633
130.86,90.72222222222223,69,0,97,0,1634
130.87,90.77777777777779,69,0,96,1,1634
130.92,90.77777777777779,67,0,98,0,1635
131.01,90.83333333333333,67,0,96,0,1637
131.03,90.94444444444444,66,1,95,1,1637
131.04,90.94444444444444,65,0,96,0,1639
131.05,91.05555555555556,63,0,98,0,1639
131.06,91.05555555555556,62,1,97,0,1640
131.07,91.11111111111111,62,0,98,0,1640
131.08,91.11111111111111,62,0,97,0,1641
131.09,91.16666666666666,62,0,96,1,1641
131.13,91.16666666666666,61,0,97,0,1642
131.15,91.22222222222223,60,0,97,0,1643
131.19,91.27777777777779,59,0,98,0,1643
131.26,91.27777777777779,59,0,97,0,1644
131.27,91.33333333333333,58,0,98,0,1644
131.28,91.33333333333333,58,0,97,0,1645
131.29,91.38888888888889,57,0,97,0,1646
131.3,91.44444444444444,56,0,98,0,1646
131.4,91.44444444444444,56,0,97,0,1647
131.41,91.5,55,0,98,0,1647
131.57,91.5,55,0,97,0,1648
131.59,91.55555555555556,54,0,97,0,1649
131.6,91.61111111111111,53,0,98,0,1649
131.63,91.61111111111111,53,0,97,0,1650
131.66,91.66666666666666,52,0,98,0,1650
131.69,91.66666666666666,52,0,97,0,1651
131.7,91.72222222222223,51,1,97,0,1651
131.71,91.72222222222223,51,0,98,0,1651
131.73,91.72222222222223,50,0,98,0,1652
131.76,91.77777777777779,49,1,97,0,1653
131.77,91.83333333333333,49,0,97,0,1654
131.78,91.88888888888889,48,0,97,0,1655
131.79,91.94444444444444,47,0,97,1,1655
131.8,91.94444444444444,47,0,97,0,1656
131.84,92.0,46,0,98,0,1656
131.87,92.0,45,0,98,0,1657
131.91,92.05555555555556,44,0,98,0,1658
132.06,92.11111111111111,44,0,97,0,1659
132.07,92.16666666666666,43,1,97,0,1659
132.08,92.16666666666666,43,0,98,0,1659
132.09,92.16666666666666,43,0,97,0,1660
132.1,92.22222222222223,42,0,98,0,1660
132.11,92.22222222222223,42,0,97,0,1661
132.17,92.27777777777779,41,0,98,0,1661
132.21,92.27777777777779,41,0,97,0,1662
132.22,92.33333333333333,40,0,98,0,1662
132.3,92.33333333333333,40,0,97,1,1662
132.31,92.33333333333333,39,1,97,0,1663
132.32,92.38888888888889,39,0,98,0,1663
132.36,92.38888888888889,38,0,98,0,1664
132.38,92.44444444444444,37,1,97,0,1665
132.4,92.5,37,0,98,0,1665
132.43,92.5,37,0,97,0,1666
132.45,92.55555555555556,36,0,98,0,1666
132.46,92.55555555555556,35,0,98,0,1667
132.5,92.66666666666666,33,0,98,0,1669
132.52,92.72222222222221,33,0,97,0,1670
132.53,92.77777777777779,32,1,97,0,1670
132.54,92.77777777777779,32,0,98,0,1670
132.62,92.77777777777779,32,0,97,1,1670
132.63,92.77777777777779,31,0,98,0,1671
132.73,92.83333333333333,31,0,97,0,1672
132.74,92.88888888888889,30,0,98,0,1672
132.76,92.88888888888889,30,0,97,1,1672
132.77,92.88888888888889,29,0,98,0,1673
132.84,92.94444444444444,29,0,97,0,1674
132.85,93.0,28,0,96,1,1675
132.87,93.05555555555556,27,1,95,2,1675
132.88,93.05555555555556,27,0,95,1,1676
132.92,93.11111111111111,27,0,94,2,1676
132.97,93.11111111111111,27,0,93,3,1676
132.98,93.11111111111111,27,0,92,4,1676
133.0,93.11111111111111,27,0,91,5,1676
133.04,93.11111111111111,27,0,90,6,1676
133.07,93.11111111111111,27,0,89,7,1676
133.09,93.11111111111111,27,0,88,8,1676
133.12,93.11111111111111,27,0,87,9,1676
133.13,93.11111111111111,27,0,86,10,1676
133.15,93.11111111111111,27,0,85,11,1676
133.19,93.11111111111111,27,0,84,12,1676
133.22,93.11111111111111,27,0,83,13,1676
133.44,93.11111111111111,27,0,82,14,1676
133.49,93.11111111111111,27,0,81,15,1676
133.56,93.11111111111111,27,0,80,16,1676
133.69,93.11111111111111,27,0,79,17,1676
133.72,93.11111111111111,27,0,78,18,1676
133.74,93.11111111111111,27,0,77,19,1676
133.76,93.11111111111111,27,0,76,20,1676
133.79,93.11111111111111,27,0,75,21,1676
133.83,93.11111111111111,27,0,74,22,1676
133.85,93.11111111111111,27,0,73,23,1676
133.86,93.11111111111111,27,0,72,24,1676
133.94,93.11111111111111,27,0,71,25,1676
134.0,93.11111111111111,27,0,70,26,1676
134.02,93.11111111111111,27,0,69,27,1676
134.03,93.11111111111111,27,0,68,28,1676
134.06,93.11111111111111,27,0,67,29,1676
134.07,93.11111111111111,27,0,66,30,1676
134.08,93.11111111111111,27,0,64,32,1676
134.17,93.11111111111111,27,0,63,33,1676
134.23,93.11111111111111,27,0,62,34,1676
134.32,93.11111111111111,27,0,61,35,1676
134.33,93.11111111111111,27,0,61,0,1712
134.34,95.11111111111111,26,1,61,0,1712
134.4,95.11111111111111,25,1,62,0,1712
134.42,95.11111111111111,24,1,63,0,1712
134.43,95.11111111111111,23,1,64,0,1712
134.44,95.11111111111111,22,1,65,0,1712
134.46,95.11111111111111,21,1,66,0,1712
134.47,95.11111111111111,21,1,65,1,1712
134.48,95.11111111111111,20,1,66,1,1712
134.49,95.11111111111111,20,1,64,3,1712
134.52,95.11111111111111,19,1,65,3,1712
134.57,95.11111111111111,15,2,68,0,1715
134.58,95.27777777777777,15,1,69,0,1715
134.67,95.27777777777777,15,1,68,0,1716
134.75,95.33333333333334,15,1,67,0,1717
134.81,95.38888888888889,15,1,66,0,1718
134.92,95.44444444444444,15,1,65,0,1719
134.94,95.5,15,1,64,0,1720
135.0,95.61111111111111,15,1,63,0,1721
135.05,95.61111111111111,15,1,62,0,1722
135.06,95.66666666666667,15,1,61,0,1723
135.16,95.72222222222221,15,1,60,0,1724
135.19,95.77777777777777,15,1,59,0,1725
135.25,95.94444444444444,15,1,56,0,1728
135.31,96.0,15,1,55,0,1729
135.34,96.05555555555556,15,1,54,0,1730
135.35,96.11111111111111,15,1,53,0,1731
135.44,96.16666666666667,15,1,51,0,1733
135.48,96.27777777777777,14,2,50,0,1734
135.49,96.33333333333334,14,1,51,0,1734
135.52,96.33333333333334,14,1,50,0,1735
135.69,96.38888888888889,14,0,51,0,1735
135.7,96.38888888888889,13,1,49,1,1736
135.71,96.44444444444444,13,0,49,0,1738
135.73,96.55555555555554,13,0,48,0,1739
135.88,96.61111111111111,12,1,47,0,1740
135.9,96.66666666666667,12,0,47,1,1740
135.91,96.66666666666667,12,0,47,0,1741
135.94,96.72222222222221,12,0,46,0,1742
135.97,96.77777777777777,12,0,45,0,1743
136.03,96.83333333333334,12,0,44,1,1743
136.04,96.83333333333334,11,1,44,0,1744
136.09,96.88888888888889,11,1,43,0,1744
136.1,96.88888888888889,11,1,43,0,1745
136.16,96.94444444444444,11,1,42,0,1746
136.17,97.0,11,1,41,0,1747
136.18,97.05555555555556,11,1,40,0,1748
136.22,97.11111111111111,11,1,38,0,1750
136.47,97.22222222222221,11,1,37,0,1751
136.48,97.27777777777777,11,1,36,0,1752
136.5,97.38888888888889,11,1,35,0,1753
136.54,97.38888888888889,11,1,34,0,1754
136.58,97.44444444444444,11,1,33,0,1755
136.61,97.5,11,1,32,0,1756
136.68,97.55555555555556,11,1,31,0,1757
136.73,97.61111111111111,11,1,29,0,1759
136.9,97.72222222222223,11,1,28,0,1760
137.04,97.77777777777777,11,1,27,0,1761
137.11,97.83333333333333,11,1,26,0,1762
137.12,97.88888888888889,11,0,27,0,1762
137.33,97.88888888888889,11,0,26,0,1763
137.54,97.94444444444444,11,0,25,1,1763
137.55,97.94444444444444,11,0,25,0,1764
137.69,98.0,11,0,23,0,1766
137.73,98.11111111111111,11,0,20,0,1769
137.86,98.27777777777777,11,0,19,1,1769
137.87,98.27777777777777,11,0,19,0,1770
138.05,98.33333333333333,11,0,18,0,1771
138.07,98.38888888888889,11,0,17,0,1772
138.12,98.44444444444444,11,0,16,0,1773
138.15,98.5,11,0,15,0,1774
138.25,98.55555555555556,11,0,14,0,1774
138.26,98.55555555555556,11,0,13,1,1774
138.37,98.55555555555556,11,0,12,2,1774
138.38,98.55555555555556,11,0,11,3,1774
138.44,98.55555555555556,11,0,10,4,1774
138.61,98.55555555555556,11,0,9,5,1774
138.62,98.55555555555556,11,0,8,6,1774
138.69,98.55555555555556,11,0,7,7,1774
138.71,98.55555555555556,11,0,6,8,1774
138.74,98.55555555555556,11,0,5,9,1774
138.87,98.55555555555556,11,0,4,10,1774
139.05,98.55555555555556,11,0,3,11,1774
139.09,98.55555555555556,11,0,2,12,1774
139.34,98.55555555555556,11,0,2,4,1775
139.35,98.61111111111111,11,0,2,0,1787
139.97,99.27777777777777,11,0,1,1,1787
139.98,99.27777777777777,10,1,1,0,1788
141.01,99.33333333333333,10,0,2,0,1788
141.22,99.33333333333333,9,1,1,0,1789
141.23,99.3888888888889,9,0,2,0,1789
141.51,99.3888888888889,9,0,1,1,1789
141.52,99.3888888888889,8,1,1,0,1790
141.54,99.44444444444444,8,0,2,0,1790
152.2,99.44444444444444,7,1,1,1,1790
152.21,99.44444444444444,7,0,2,0,1791
152.83,99.5,6,1,1,0,1792
152.85,99.55555555555556,6,0,2,0,1792
155.86,99.55555555555556,5,1,1,1,1792
155.87,99.55555555555556,5,1,1,0,1793
156.68,99.6111111111111,4,2,0,0,1794
156.69,99.66666666666667,4,1,1,0,1794
157.34,99.66666666666667,4,1,0,1,1794
157.35,99.66666666666667,3,2,0,0,1795
158.08,99.72222222222223,3,1,1,0,1795
158.33,99.72222222222223,2,2,0,0,1796
158.34,99.77777777777777,2,1,1,0,1796
158.42,99.77777777777777,2,0,2,0,1796
160.84,99.77777777777777,2,0,1,1,1796
160.85,99.77777777777777,2,0,1,0,1796
161.87,99.77777777777777,2,0,1,0,1797
161.96,99.83333333333333,1,1,0,1,1797
161.97,99.83333333333333,1,1,0,0,1798
164.63,99.8888888888889,1,0,1,0,1798
164.91,99.8888888888889,0,1,0,0,1799
164.92,99.94444444444444,0,0,1,0,1799
167.82,99.94444444444444,0,0,0,0,1799
168.7,99.94444444444444,0,0,0,0,1800
