time,workflow_completion_percentage,10.32.88.235:56282:1,10.32.89.1:51656:1,10.32.89.61:42668:1,10.32.90.219:43252:1,10.32.93.110:35316:1,10.32.93.120:43986:1,10.32.93.196:39208:1,10.32.93.198:38202:1,10.32.93.220:36782:1,10.32.93.222:45168:1
0.0,0.0,0.0,0.0,0.0,,0.0,0.0,304.96464920043945,,,
5.25,0.0,,,313.62168979644775,,,,0.0,,,
8.99,0.05555555555555555,17.338363647460938,15.899005889892578,0.0,16.753610610961914,15.563004493713379,17.271647453308105,5.705326080322266,14.428812026977539,5.822452545166016,11.01829719543457
9.0,1.1666666666666667,,,,,,12.972237586975098,,,,
10.29,1.1666666666666667,,15.906462669372559,17.000165939331055,12.477076530456543,16.99237632751465,14.408340454101562,9.999174118041992,17.019572257995605,17.296751022338867,5.548728942871094
10.84,2.2222222222222223,,15.91123104095459,15.578104019165039,16.76058292388916,15.568138122558594,15.842143058776855,15.725414276123047,2.6819095611572266,,16.24902629852295
11.37,3.0555555555555554,,17.333717346191406,14.132031440734863,,16.998489379882812,14.14702033996582,16.886924743652344,16.76383686065674,15.8573579788208,14.831520080566406
11.44,3.3888888888888893,,,16.73447608947754,,,17.012834548950195,,,17.29032325744629,16.257442474365234
11.55,3.3888888888888893,,,15.30630874633789,,,,,,15.855550765991211,
11.57,3.5000000000000004,,,16.740705490112305,,,,,,17.2872953414917,
11.59,3.5000000000000004,,,,,,,,15.335431098937988,,
11.6,3.5555555555555554,,,,,,,,16.764050483703613,,
11.75,3.5555555555555554,,,,16.761219024658203,,,,,,
11.8,3.6111111111111107,,,,,,15.578312873840332,,,,
11.86,3.6666666666666665,,,,,,17.010672569274902,,,,
11.96,3.6666666666666665,,,,,,15.58283805847168,,,,
11.97,3.722222222222222,,,,,,17.03537654876709,,,,
12.0,3.722222222222222,,,,,,15.603126525878906,,,,
12.01,3.7777777777777777,,,,,,17.034193992614746,15.463092803955078,,,
12.04,3.833333333333333,,,,,,15.596538543701172,16.884575843811035,,,
12.11,3.888888888888889,,17.33886432647705,,,,17.028173446655273,,,,
12.13,4.0,,,,,,15.596747398376465,,,,
12.15,4.055555555555555,,,,,,17.02429962158203,,,,
12.26,4.055555555555555,,,,,,,16.894880294799805,,,
12.29,4.111111111111112,,,,,,,,,17.275980949401855,
12.32,4.166666666666666,,,,,,15.588626861572266,,,,
12.34,4.222222222222222,,,,,,16.767712593078613,,,,
12.46,4.222222222222222,,,,,,,,16.749220848083496,,
12.5,4.333333333333334,15.91622543334961,,,,,,,,,
12.51,4.333333333333334,17.371853828430176,,,,,,,,,
12.59,4.333333333333334,,,,,17.27845287322998,,,,,
12.61,4.388888888888888,,,,,,,,15.317646980285645,,
12.67,4.444444444444445,,,,,,,,16.74828815460205,,
12.69,4.444444444444445,,,,,,,,,17.281195640563965,
12.75,4.555555555555555,,,,17.038065910339355,,,,,,
12.76,4.555555555555555,,15.900188446044922,,,,,,,,
12.78,4.611111111111111,,17.057449340820312,,,,,,,,
12.81,4.611111111111111,,,,,,,,,,15.095311164855957
12.82,4.666666666666667,,,,,,,,,,16.526107788085938
12.86,4.666666666666667,,,,17.31201934814453,,,,,,
12.96,4.722222222222222,,,,,,,,15.588299751281738,,
12.98,4.777777777777778,,,,,,,,16.764612197875977,,
13.0,4.777777777777778,17.379033088684082,,,,,,,,,
13.15,4.833333333333333,,,,,,,,,17.301220893859863,
13.18,4.888888888888889,,,,,,,,,15.86717414855957,
13.2,4.944444444444445,,,,,,,,,15.831661224365234,
13.21,5.0,,,,,,,,,17.26303482055664,
13.25,5.0,,,,,,,,,15.829812049865723,
13.26,5.055555555555555,,,,,,,16.896617889404297,,17.259577751159668,
13.28,5.111111111111112,,,,,,,16.90350341796875,,,
13.41,5.166666666666667,,,,,,,15.468701362609863,,,
13.43,5.222222222222222,,,,15.868941307067871,,,15.48052978515625,,,
13.46,5.333333333333333,,,,17.300129890441895,15.851696968078613,,16.916356086730957,,,
13.5,5.388888888888889,,,,,17.270435333251953,,16.661654472351074,,,
13.52,5.444444444444444,,,,,16.990429878234863,,,,,
13.55,5.5,,,,,17.135741233825684,,,,,
13.57,5.555555555555555,,,,,15.711639404296875,,,,,
13.61,5.611111111111111,,,,15.867098808288574,14.017470359802246,,,,15.8267240524292,13.654988288879395
13.88,5.944444444444445,,11.314606666564941,,11.682164192199707,12.699953079223633,,15.227649688720703,15.333840370178223,15.984346389770508,15.259394645690918
13.9,6.777777777777779,,,,,,,,,,12.67404556274414
14.57,6.888888888888889,15.939852714538574,11.243705749511719,,16.143535614013672,16.829598426818848,,14.210247993469238,15.760290145874023,8.595702171325684,14.701915740966797
15.08,7.833333333333334,17.56378173828125,17.153985023498535,,14.685758590698242,15.400226593017578,,11.438315391540527,17.20968723297119,17.25589656829834,10.206914901733398
15.09,8.444444444444445,4.6054887771606445,,,,,15.341158866882324,,,,
15.67,9.055555555555555,17.53525161743164,,14.152094841003418,17.671881675720215,16.896745681762695,15.7048921585083,14.169282913208008,10.030556678771973,,16.134892463684082
16.2,9.666666666666666,,,17.11577033996582,,,17.156890869140625,,17.443856239318848,,17.58265781402588
16.21,9.666666666666666,16.045705795288086,15.710631370544434,,14.74793529510498,15.408164024353027,14.301362037658691,16.872852325439453,14.584354400634766,15.822931289672852,16.15673542022705
16.66,10.277777777777777,,,,,,17.216840744018555,,,,
16.67,10.277777777777777,17.490615844726562,17.20100688934326,12.832210540771484,16.205187797546387,16.844843864440918,16.037755012512207,13.947422981262207,16.355281829833984,15.849386215209961,17.64388656616211
17.34,10.777777777777779,16.04355812072754,15.763381004333496,10.068033218383789,16.256495475769043,15.4144926071167,11.733922004699707,15.680439949035645,13.47533130645752,14.421272277832031,14.694815635681152
18.12,11.944444444444445,16.076675415039062,15.821342468261719,15.673277854919434,14.872827529907227,13.081574440002441,11.837799072265625,12.775960922241211,16.316556930541992,14.767216682434082,13.439681053161621
18.69,13.111111111111112,17.56005859375,16.145085334777832,15.695560455322266,17.795896530151367,16.306925773620605,17.753311157226562,16.08577537536621,17.803495407104492,14.96953296661377,14.415801048278809
18.7,13.5,,,,,,13.387537956237793,,,,
19.1,13.722222222222221,16.104430198669434,17.588128089904785,16.86463165283203,10.48208999633789,16.25503635406494,17.783095359802246,16.0784854888916,14.840465545654297,14.97812557220459,15.90728759765625
19.35,14.444444444444443,17.31208610534668,,,17.33618450164795,14.82304859161377,16.33280658721924,16.42196750640869,16.375882148742676,11.959700584411621,17.38696002960205
19.76,14.944444444444443,15.877304077148438,,,,13.400350570678711,17.7756986618042,14.94882583618164,16.39604949951172,16.360665321350098,12.953872680664062
20.08,15.555555555555555,17.372248649597168,16.415748596191406,15.422609329223633,15.885915756225586,16.13694667816162,,14.886409759521484,17.848236083984375,17.815909385681152,17.324417114257812
20.31,15.88888888888889,,17.862773895263672,16.867953300476074,15.88658618927002,16.09114933013916,,17.82546043395996,14.883646965026855,16.35944652557373,15.876651763916016
20.52,16.22222222222222,,,,17.379868507385254,16.08187961578369,16.327662467956543,,14.865520477294922,16.358043670654297,15.8725004196167
20.62,16.555555555555557,,,,,17.52153778076172,17.82553768157959,16.335633277893066,17.847912788391113,17.54902935028076,17.32479190826416
20.63,16.61111111111111,,,,,,,17.78987407684326,16.35499668121338,,
20.65,16.666666666666664,,,,,,,,17.839262008666992,,
20.77,16.666666666666664,,,,,,16.369503021240234,,,,
20.78,16.72222222222222,,,,,,17.856077194213867,,,,
20.84,16.72222222222222,16.202951431274414,,,,,,,,,
20.87,16.77777777777778,17.680465698242188,,,,,,,,17.588473320007324,
20.91,16.833333333333332,,,,,16.0250186920166,,,,,
20.94,16.88888888888889,,,,,17.47356128692627,,,16.39679527282715,,
20.96,16.944444444444446,,,,,,,,17.88640785217285,,
20.98,16.944444444444446,,,,,,,16.338019371032715,,,
21.0,17.0,,,,,,,17.826614379882812,,,
21.01,17.0,,,,,16.03688144683838,,,,16.101659774780273,
21.02,17.11111111111111,,,,,17.475817680358887,,16.38527488708496,,,
21.05,17.166666666666668,,16.40828037261963,,,,,17.595187187194824,,17.58740520477295,
21.09,17.22222222222222,,,,,,16.413094520568848,,,16.128003120422363,
21.12,17.333333333333336,,14.879324913024902,,,,17.86219596862793,,,17.609750747680664,
21.15,17.444444444444446,,17.514716148376465,,,,,,,,
21.21,17.444444444444446,,16.034265518188477,,,,,,,,
21.22,17.5,,17.240391731262207,,15.88849925994873,,,,,,
21.23,17.555555555555554,,,,17.38291072845459,,,,,,
21.36,17.555555555555554,,,,,,,,16.438448905944824,,
21.41,17.61111111111111,,,,,16.030516624450684,,,,,
21.42,17.666666666666668,,15.745023727416992,,,,,,,,
21.43,17.72222222222222,,,,,,,16.106592178344727,,,
21.44,17.77777777777778,,14.257362365722656,,,,,,,16.1108455657959,
21.45,17.888888888888886,,12.810563087463379,,,,,,,,
21.48,17.944444444444443,,,,,,,,15.006528854370117,,
21.51,18.0,,,,15.889628410339355,,,,,,
21.57,18.055555555555554,,,,,,,,,14.629097938537598,
21.62,18.11111111111111,,,,14.419734001159668,,,,,13.184999465942383,
21.65,18.22222222222222,,,15.422609329223633,,,,,,,
21.66,18.27777777777778,,,,,,16.387457847595215,,,,
21.7,18.333333333333332,,,,12.939496994018555,,,,,,
21.72,18.38888888888889,16.14740753173828,,,,,,,,,
21.75,18.5,,,,,,14.946717262268066,,,,
21.77,18.5,,,,,,,14.658242225646973,,,
21.86,18.555555555555557,,,,,,,,,,15.837891578674316
21.9,18.61111111111111,,,,,,,,,,14.623628616333008
21.93,18.666666666666668,,,,,,,,,,13.401922225952148
21.94,18.722222222222225,14.692649841308594,,,,,,,,,
22.0,18.777777777777775,13.240320205688477,,,,,,,,,
22.01,18.833333333333332,11.702980041503906,,,,,,,,,
22.04,18.88888888888889,,,,,,,,13.558645248413086,,
22.06,18.944444444444443,,,,,,,,,,11.954002380371094
22.11,19.0,10.222332954406738,,,,,,,,,
22.25,19.055555555555557,,,12.723194122314453,,,,,,,
22.35,19.166666666666668,,,11.244664192199707,,,,,,,
22.36,19.22222222222222,8.77177906036377,,,,,,,,,
22.4,19.27777777777778,,,,11.453595161437988,,,,,,
22.47,19.333333333333332,,11.362530708312988,,,,,13.16077709197998,,,
22.54,19.444444444444446,,,,,14.581598281860352,,,,,
22.66,19.5,,,,,,,11.671998023986816,,,
22.73,19.555555555555557,,,,,,,,,,10.4556303024292
22.74,19.61111111111111,,,,,,13.44884204864502,,,,
22.79,19.666666666666664,,,10.068038940429688,,,,,,,
22.87,19.72222222222222,,,,,,,,12.071706771850586,,
22.91,19.77777777777778,,,8.586027145385742,,,,,,,
22.93,19.833333333333332,,,,,,11.967586517333984,,,,
22.97,19.88888888888889,,,,,,,10.19204044342041,,,
23.0,20.0,,,,,,,,,11.735508918762207,
23.08,20.0,,,,10.244194984436035,,,,,,
23.11,20.055555555555554,7.326869010925293,,,,,,,,,
23.16,20.11111111111111,,,,,,,,,,8.967528343200684
23.2,20.166666666666664,,,,,,,,,10.293391227722168,
23.34,20.22222222222222,,,,,,,8.713630676269531,,,
23.35,20.27777777777778,,,,8.77111530303955,,,,,,
23.38,20.333333333333332,,9.87215518951416,,,,,,,,
23.42,20.38888888888889,,,,,13.100361824035645,,,,,
23.43,20.444444444444446,,,,7.555258750915527,,,,,,
23.45,20.5,,,,,,,7.165782928466797,,,
23.48,20.555555555555554,,,,,,,,,,7.487855911254883
23.5,20.666666666666668,,,,,,,,,8.802239418029785,
23.54,20.666666666666668,,,,,,,,,,6.007065773010254
23.57,20.72222222222222,,,7.099736213684082,,,,,,,
23.58,20.77777777777778,,,,,,,,,7.313318252563477,
23.61,20.833333333333336,,,,,,,,10.579809188842773,,
23.7,20.88888888888889,,,,,,,,9.092057228088379,,
23.73,20.944444444444443,,,,,,,5.659512519836426,,,
23.75,21.055555555555554,,,5.647845268249512,,,,,,,
23.76,21.055555555555554,,,,6.069817543029785,,,,,,
23.8,21.11111111111111,,,,4.632189750671387,,9.015734672546387,,,,
23.93,21.27777777777778,,,,,,7.5649919509887695,,,,
23.95,21.333333333333332,,,,,11.648490905761719,,,,,
24.01,21.38888888888889,,,,,,6.052074432373047,,,,
24.02,21.444444444444443,,,,,10.159791946411133,,,,,
24.09,21.5,,,,,,,,,5.808680534362793,
24.11,21.555555555555557,,,4.202808380126953,,,,,,4.617694854736328,
24.13,21.666666666666668,,,3.0337371826171875,,,,,,,
24.17,21.722222222222225,,,,,,,,,,4.568672180175781
24.18,21.777777777777775,,,,,,,,,,3.117311477661133
24.21,21.833333333333332,5.845518112182617,,,,,,,7.639870643615723,,
24.23,21.944444444444443,,,,,,,4.204525947570801,,,
24.27,22.0,,,1.5478286743164062,,,,,,,
24.32,22.055555555555557,,,,,7.514265060424805,,,,,
24.4,22.166666666666668,,,,,,4.5605878829956055,,,,
24.41,22.22222222222222,,,,1.676431655883789,,,,,,
24.49,22.333333333333332,,,,,,,2.7553024291992188,,,
24.57,22.38888888888889,,,1.3271112442016602,,,,,,,
24.58,22.444444444444443,,,2.37630558013916,,,,1.5453901290893555,,,
24.59,22.5,,,15.17263126373291,,,,,,,
24.6,22.5,,,31.24288272857666,,,,,,,
24.61,22.5,,,39.51284122467041,,,,,,,
24.62,22.5,,,49.44997501373291,,,,,,,
24.63,22.5,,,53.62752628326416,,,,,,,1.6343116760253906
24.65,22.555555555555557,,,72.33724308013916,,,,,,,
24.66,22.555555555555557,,,80.70058536529541,,,,,,,
24.67,22.555555555555557,4.637862205505371,,90.34658145904541,,,,,,,
24.68,22.61111111111111,,,106.69698429107666,,,,,,,
24.69,22.61111111111111,,,115.98043155670166,,,,,,,
24.7,22.61111111111111,,8.386560440063477,125.33803653717041,,,,,,,
24.71,22.666666666666664,,,141.1198968887329,,,,,,,
24.72,22.666666666666664,,,147.0744867324829,,,,,,,
24.73,22.666666666666664,,,151.6777582168579,,,,,,,
24.74,22.666666666666664,,,178.8194818496704,,,,,,,
24.75,22.666666666666664,,,189.4762201309204,,,,,,,
24.76,22.666666666666664,,,205.7195062637329,,,,,,,
24.77,22.666666666666664,,,211.1577386856079,,,,,,,
24.78,22.666666666666664,,,228.90340518951416,,,,,,,
24.79,22.666666666666664,,,241.1174554824829,,,,,,,
24.8,22.666666666666664,,,248.9287347793579,,,,,,,
24.81,22.666666666666664,,,262.0299310684204,,,,,,,
24.82,22.666666666666664,,,278.57259464263916,,,,,6.1382904052734375,,
24.84,22.72222222222222,,,297.02413272857666,,,3.1176958084106445,,,,
24.85,22.77777777777778,,,306.6234369277954,,,,,,,
24.86,22.77777777777778,,,310.71859073638916,,,,,4.6536760330200195,,
24.87,22.833333333333332,,,330.37862491607666,,,,,,3.1624536514282227,
24.88,22.88888888888889,,,335.7756586074829,,,,,,,
24.9,22.88888888888889,,,344.2186517715454,,,,,,,0.1820201873779297
29.0,23.61111111111111,0.1820201873779297,0.1820201873779297,1289.0511102676392,0.1820201873779297,0.1820201873779297,0.1820201873779297,0.09114933013916016,0.1820201873779297,0.1820201873779297,305.1466693878174
34.31,24.27777777777778,,,,,,331.3008975982666,259.23665714263916,,,
34.32,24.27777777777778,,,,,,,1228.0440301895142,,,0.1820201873779297
35.54,24.444444444444443,17.520105361938477,17.453389167785645,,17.177937507629395,16.047146797180176,,,12.63176155090332,17.50971221923828,12.501471519470215
35.61,24.88888888888889,,,,,17.474419593811035,,,16.653728485107422,,15.3851957321167
35.62,24.944444444444443,,,,,,,,,,16.806697845458984
35.77,24.944444444444443,,,,,,,,,16.080747604370117,
35.78,25.0,,,,,,,,,17.523825645446777,
35.93,25.0,,,,16.907766342163086,,,,,,
35.95,25.055555555555554,,,,,16.040088653564453,,,,,
36.0,25.11111111111111,,,,,17.47214698791504,,,,,
36.05,25.11111111111111,,,,,,,,,,16.805651664733887
36.07,25.166666666666664,,,,,,,,,,16.83987808227539
36.24,25.222222222222225,,17.42616367340088,,,,,,,,
36.35,25.27777777777778,,,,,,,,16.659913063049316,,
36.63,25.333333333333336,,,,,16.038162231445312,,,,,
36.65,25.38888888888889,,,,,17.47138500213623,,,,,
36.69,25.38888888888889,,,,,,,,,17.52103328704834,
36.73,25.444444444444443,,,,,16.04411220550537,,,,,
36.74,25.5,,,,,17.473848342895508,,,,,
36.84,25.5,,,,,,,,,16.088175773620605,
36.86,25.555555555555554,,,,,,,,,17.51358127593994,
37.1,25.555555555555554,,,,,,0.1820201873779297,,,,
37.27,25.61111111111111,,15.98866081237793,,,,17.15567970275879,,,,
37.31,25.666666666666664,,17.148649215698242,,,,,,,,
37.52,25.666666666666664,,14.294568061828613,,,,,,,,
37.53,25.77777777777778,,15.725339889526367,,,,,,,,
37.54,25.77777777777778,,17.16869354248047,,,,,,,,
37.55,25.77777777777778,,,,15.483528137207031,,,,,,
37.57,25.833333333333336,,,,16.9128999710083,,,,,,
37.66,25.833333333333336,,15.74080753326416,,,,,,,,
37.7,25.88888888888889,,17.171676635742188,,,,,,,,
37.88,25.88888888888889,,,,,,17.17230987548828,,,,
37.96,25.944444444444443,,,,,,,,,,15.688271522521973
37.97,26.055555555555554,,,,,,,,,,17.124435424804688
37.98,26.055555555555554,,,,,,,,,,15.96763801574707
37.99,26.111111111111114,,,,,,,,,,17.40049171447754
38.0,26.222222222222225,,,,,,,,15.755159378051758,,
38.02,26.222222222222225,,,,,,,,17.189931869506836,,
38.2,26.222222222222225,,,,,,,,15.767030715942383,,
38.21,26.27777777777778,,,,,,,,17.20314884185791,,
38.22,26.27777777777778,,,,,,,,,,17.4110164642334
38.37,26.333333333333332,,,,,,,,,16.080476760864258,
38.38,26.38888888888889,,,,,,,,,17.507688522338867,
38.56,26.38888888888889,,,,,,,,,17.491074562072754,
38.72,26.444444444444443,,,,,,,,,,15.984809875488281
38.81,26.5,,,,,,,,15.751871109008789,,15.988248825073242
38.83,26.722222222222218,,,,,,,,17.180442810058594,,17.41683006286621
38.86,26.77777777777778,,,,,,,,15.748720169067383,,
38.93,26.833333333333332,,,,,,,,16.91207981109619,,
38.95,26.833333333333332,,,,,,,,14.049225807189941,,
38.99,26.944444444444443,,,,,,15.731502532958984,,16.939303398132324,,
39.0,27.0,,,,,,17.16057586669922,,,16.06901264190674,
39.03,27.055555555555554,,,,,,,,,17.49424171447754,
39.04,27.055555555555554,,,,,,,,,,15.981119155883789
39.05,27.111111111111114,,,,,,,,,,17.404951095581055
39.18,27.111111111111114,,,,,,15.736140251159668,,,,
39.2,27.166666666666668,,,,,,17.19092559814453,,15.778757095336914,,
39.21,27.22222222222222,,,,,,,,17.20518207550049,,
39.22,27.22222222222222,,,,,,,,,17.474544525146484,
39.23,27.27777777777778,,,,,,,,,16.048945426940918,
39.25,27.333333333333332,,,,,,,,,17.228010177612305,
39.3,27.333333333333332,,,,,,,,,15.787189483642578,
39.31,27.444444444444443,,,,,,,,,15.487205505371094,
39.33,27.500000000000004,,,,,,,,,15.483166694641113,
39.34,27.555555555555557,,,,,,,,17.257006645202637,15.208882331848145,
39.38,27.666666666666668,,,,,,,,,15.20375919342041,
39.42,27.72222222222222,,,,,,,,,16.632062911987305,
39.58,27.72222222222222,,,,15.751468658447266,,,,,,
39.61,27.77777777777778,,,,17.178693771362305,,,,,,
39.63,27.77777777777778,,,,,,,,15.822234153747559,,
39.65,27.833333333333332,,,,,,,,17.259860038757324,,
39.78,27.833333333333332,,,,,,,,,15.214556694030762,
39.79,27.88888888888889,,,,,,,,,16.645258903503418,
39.81,27.88888888888889,,,,,,,,,15.202180862426758,
39.82,27.944444444444443,,,,,,,,,16.636138916015625,
39.88,27.944444444444443,,,,,16.044387817382812,,,,,
39.93,28.000000000000004,,,,,17.463233947753906,,,,,14.51693058013916
39.94,28.111111111111107,,,,,,,,,,17.106608390808105
39.95,28.111111111111107,,,,,16.01797103881836,,,,,
39.96,28.166666666666668,,,,,17.188091278076172,,,,,17.106597900390625
39.99,28.22222222222222,,,,,15.749408721923828,,,15.826301574707031,,
40.02,28.333333333333332,,15.749950408935547,,,8.59818172454834,15.751532554626465,,17.257741928100586,,
40.18,28.77777777777778,,17.190043449401855,,,17.193971633911133,16.922160148620605,,,,
40.23,28.77777777777778,,,,16.015673637390137,,,,,,
40.24,28.833333333333332,,,,17.438159942626953,,,,,,
40.3,28.833333333333332,17.268587112426758,,,,,,,,,
40.33,28.888888888888886,,,,,,,,,,15.678430557250977
40.35,28.944444444444446,,,,,,,,,,17.104790687561035
40.42,28.944444444444446,,,,,,,,,,17.075087547302246
40.45,28.999999999999996,,,,16.011404037475586,,,,,,
40.52,29.055555555555557,,,,16.014862060546875,,,,,,17.072614669799805
40.53,29.166666666666668,,,,17.447827339172363,,,,,,
40.54,29.166666666666668,,,,16.013686180114746,,,,,,
40.62,29.22222222222222,,,,11.729458808898926,,,,15.823695182800293,15.202180862426758,
40.71,29.555555555555557,,,,14.582326889038086,,,,17.276233673095703,16.623663902282715,
40.72,29.666666666666668,17.282275199890137,,,17.445685386657715,17.204358100891113,,,,,
40.73,29.777777777777775,,,,16.0231990814209,,,,,,
40.81,29.833333333333336,,,,17.454387664794922,,,,,,15.648782730102539
40.86,29.888888888888886,,,,,,,,,,17.06752109527588
40.99,29.888888888888886,,,,,,,,,16.358612060546875,
41.17,29.944444444444446,,,,,,,,,16.082204818725586,
41.19,30.0,,17.18805503845215,,,,,,,,
41.25,30.11111111111111,,17.199302673339844,,,,,,,,
41.37,30.11111111111111,,,,,15.772299766540527,,,,,
41.47,30.166666666666668,,12.889416694641113,,16.018714904785156,17.19993305206299,,,,,
41.48,30.388888888888886,,16.924466133117676,,17.446267127990723,,,,,,
41.5,30.444444444444446,,,,16.014522552490234,,,,,,
41.56,30.444444444444446,,15.493040084838867,,17.44099998474121,,15.760028839111328,,,,
41.57,30.555555555555557,,16.948668479919434,,,,17.20142364501953,,,,
41.67,30.555555555555557,17.277090072631836,,,,,,,,,
41.74,30.61111111111111,,,,,,,,,,15.63466739654541
41.75,30.666666666666664,,,,,,,,,,17.060312271118164
41.84,30.666666666666664,,,,,17.196019172668457,,,,,
41.94,30.72222222222222,,,,,15.764445304870605,,,,,
41.95,30.777777777777775,,,,,17.195241928100586,,,,,
41.96,30.777777777777775,16.99517059326172,,,,,,,,,
41.97,30.833333333333336,15.56856632232666,,,,,,,,,
42.0,31.0,15.570121765136719,,,,16.938331604003906,,,,,
42.01,31.0,15.569286346435547,,,,,,,,,
42.02,31.055555555555554,16.997719764709473,,,,,,,,,
42.03,31.055555555555554,15.567830085754395,,,,,,,,,
42.04,31.11111111111111,16.987942695617676,,,,,,,,,
42.06,31.11111111111111,16.97008991241455,,,,16.939969062805176,,,,,
42.08,31.222222222222225,16.964914321899414,,,,,,,,,
42.09,31.277777777777775,15.479183197021484,,,,,,,,,
42.1,31.333333333333336,17.12997817993164,,,,,,,,,
42.12,31.333333333333336,17.212307929992676,,,,,,,,,
42.13,31.38888888888889,,15.528238296508789,,,,,,,,
42.16,31.444444444444446,,17.185184478759766,,,,,,,,
42.19,31.444444444444446,15.783029556274414,,,,,,,,,
42.2,31.5,17.317947387695312,,,,,,,,,
42.25,31.5,,,,,,,,,,17.2421817779541
42.26,31.555555555555554,,,,,,,,,,15.806017875671387
42.27,31.61111111111111,,,,,,,,,,17.329480171203613
42.36,31.61111111111111,,,,,,,,,,15.904229164123535
42.41,31.666666666666664,,,,,,,,17.467872619628906,,17.424015045166016
42.44,31.722222222222225,,,,,,,,16.304512977600098,,
42.53,31.77777777777778,,,,,,11.4884614944458,,16.463109970092773,14.921184539794922,
42.69,32.111111111111114,,16.025196075439453,,16.01162815093994,15.501176834106445,11.707435607910156,,18.03498077392578,16.58767795562744,
42.88,32.5,,16.187442779541016,,17.674800872802734,17.162314414978027,17.63536262512207,,,12.81943416595459,
43.01,32.72222222222222,15.758023262023926,17.751924514770508,,,,,,,17.45602321624756,
43.02,32.77777777777778,,,,,15.731517791748047,,,,,
43.03,32.83333333333333,17.315353393554688,,,,17.303269386291504,,,,,
43.09,32.83333333333333,,,,,,,,16.606409072875977,,
43.11,32.88888888888889,,,,,,,,16.695070266723633,,
43.13,32.94444444444444,,,,,,,,16.836368560791016,,
43.21,33.0,,,,,,,,16.829906463623047,,14.563591003417969
43.23,33.166666666666664,15.886919975280762,,,,,,,18.34970474243164,,17.665247917175293
43.24,33.22222222222222,17.142236709594727,,,,,,,,,
43.25,33.22222222222222,,,,,,,,,15.926513671875,
43.3,33.27777777777778,,,,,,,,16.89815616607666,17.155585289001465,
43.35,33.33333333333333,,,,,,,,18.455206871032715,,
43.38,33.33333333333333,,,,16.10249900817871,,,,,,16.503737449645996
43.49,33.44444444444444,15.712471008300781,,,17.6254825592041,,,,17.02878189086914,15.726435661315918,18.15310573577881
43.53,33.611111111111114,17.25405788421631,,,,,,,18.585750579833984,17.273550987243652,
43.65,33.611111111111114,,,,,,,,,15.845355033874512,
43.66,33.666666666666664,,,,,,,,,17.407416343688965,
43.68,33.666666666666664,,,,,,,,17.095396995544434,15.97911262512207,
43.69,33.77777777777778,,,,,,16.078353881835938,,18.67056179046631,17.5572452545166,
43.7,33.83333333333333,,,,,,17.602517127990723,,,16.124205589294434,
43.81,33.88888888888889,,,,,,,,17.113511085510254,17.646964073181152,
43.82,33.94444444444444,,,,,,,,18.71067523956299,,
43.93,33.94444444444444,,,,,,,,18.502036094665527,,
43.96,34.0,,,,,,,,16.99219036102295,,
44.0,34.05555555555556,,,,,,,,18.568366050720215,,
44.01,34.05555555555556,,,,,,,,,16.216261863708496,
44.05,34.11111111111111,,,,,,,,,17.794727325439453,
44.11,34.11111111111111,,17.900418281555176,,,,,,,,
44.12,34.166666666666664,,,,,,16.08556842803955,,,,
44.17,34.22222222222222,,16.457064628601074,,,,17.67030620574951,,,,
44.25,34.333333333333336,15.71914005279541,18.03806972503662,,,17.693092346191406,,,,,
44.31,34.38888888888889,17.285497665405273,,,,16.274246215820312,,,,16.373244285583496,
44.32,34.5,,,,,17.853541374206543,,,,17.935832977294922,16.72008514404297
44.36,34.55555555555556,,,,,,18.04562759399414,,18.643303871154785,,18.205086708068848
44.38,34.66666666666667,,18.18338680267334,,,,16.616554260253906,,,,
44.4,34.77777777777778,,,,,,18.202961921691895,,,,
44.47,34.77777777777778,,,,,,,,,16.357367515563965,
44.5,34.833333333333336,,,,,,,,,17.937193870544434,
44.52,34.833333333333336,,,,,,,,,16.777016639709473,
44.54,34.88888888888889,,,,,,,,,18.361108779907227,
44.57,34.88888888888889,,,,,,16.74817657470703,,,,
44.59,34.94444444444444,,,,,,18.31532096862793,,,,
44.62,34.94444444444444,,,,,,,,,16.83673858642578,
44.65,35.0,,,,,,,,,18.4356632232666,16.77872657775879
44.67,35.05555555555556,,,,16.198257446289062,,,,,17.286664962768555,18.292290687561035
44.77,35.16666666666667,,16.604121208190918,,17.704721450805664,,,,,18.808110237121582,
44.78,35.22222222222222,,18.175972938537598,,,,,,,,16.866368293762207
44.79,35.27777777777778,,,,,,,,,,18.390274047851562
44.83,35.27777777777778,,,,,,,,18.575525283813477,,
44.88,35.333333333333336,,,,,,,,,,18.474215507507324
44.9,35.388888888888886,,,,,,,,,,17.044074058532715
44.94,35.44444444444444,,,,,,,,18.6459379196167,,18.612003326416016
45.13,35.5,,,,,,,,,,18.75495147705078
45.29,35.55555555555556,,,,,,,,,17.224018096923828,
45.3,35.61111111111111,,,,,,,,,18.783058166503906,
45.35,35.61111111111111,,,,,,,,17.137540817260742,,
45.37,35.66666666666667,,,,,,,,18.438119888305664,,
45.42,35.66666666666667,,16.59496784210205,,,,,,,,
45.45,35.72222222222222,,18.161316871643066,,,16.41355037689209,,,,,
45.47,35.77777777777777,,,,,17.980579376220703,,,,,
45.54,35.77777777777777,,,,,18.11759376525879,,,,,
45.62,35.833333333333336,,,,,16.686711311340332,,,,,
45.65,35.888888888888886,,,,16.271756172180176,18.212637901306152,,,,,
45.74,35.94444444444444,16.109413146972656,,,12.108565330505371,16.782286643981934,,,,,
45.93,36.27777777777778,17.64783763885498,,,13.717777252197266,18.376803398132324,,,,,
46.25,36.611111111111114,,,,18.294669151306152,18.48142910003662,,,18.456074714660645,,18.850619316101074
46.29,36.611111111111114,,,,,,,,,,17.337055206298828
46.3,36.666666666666664,,,,,,,,,,18.918277740478516
46.32,36.666666666666664,,,,,17.305116653442383,,,,,
46.33,36.72222222222222,,,,,18.878560066223145,,,,,
46.46,36.72222222222222,,,,16.867116928100586,,,,,,
46.51,36.77777777777778,,,,18.424196243286133,,,,,,
46.6,36.77777777777778,,,,,,,,,,18.910503387451172
46.62,36.833333333333336,,,,18.41313362121582,,,,,,
46.67,36.888888888888886,,,,,,,,,,17.387041091918945
46.68,36.94444444444444,,16.721223831176758,,,,,,,,18.897432327270508
46.71,37.0,,18.2747220993042,,16.986656188964844,,,,,,17.377646446228027
46.72,37.111111111111114,,,,18.5219783782959,,,,,,18.97586154937744
46.73,37.111111111111114,,18.243592262268066,,,,,,,,
46.81,37.166666666666664,,17.06450653076172,,,,,,,,
46.83,37.22222222222222,,18.59220314025879,,,,,,,,
46.87,37.22222222222222,,,,,,,,,17.55398654937744,
46.88,37.27777777777778,,,,,,,,,19.095576286315918,
46.9,37.27777777777778,,,,,,,,18.427407264709473,,
46.91,37.333333333333336,,,,,,16.873926162719727,,,,
46.92,37.388888888888886,,,,16.991252899169922,,18.454465866088867,,16.855536460876465,,
47.0,37.5,,17.15312099456787,,18.509441375732422,,,,16.858105659484863,,
47.01,37.611111111111114,,18.71681499481201,,,,,,18.415637969970703,,
47.06,37.611111111111114,,,,,,18.788090705871582,,,,
47.08,37.666666666666664,,,,,,,,,17.519953727722168,
47.11,37.72222222222222,,,,,,,,,19.114017486572266,
47.22,37.72222222222222,,,,,,19.05960178375244,,,,
47.23,37.77777777777778,,,,,,,,,19.040578842163086,
47.25,37.833333333333336,,,,,18.949234008789062,,,,,
47.28,37.888888888888886,,,,,,,,,17.49898910522461,
47.29,37.94444444444444,,,,,,,,,19.06868553161621,
47.32,37.94444444444444,,,,18.215540885925293,,,,,,
47.34,38.0,,,,,17.517860412597656,,,,,
47.35,38.05555555555556,16.49057674407959,,,,19.085655212402344,,,,,
47.38,38.111111111111114,18.05810260772705,,,,,,,,,
47.4,38.111111111111114,16.63798999786377,,,,,,,,,
47.41,38.166666666666664,18.18792724609375,,,,,,,,,
47.44,38.166666666666664,,,,,,,,18.481258392333984,,
47.47,38.22222222222222,,,,,19.13057231903076,,,,,
47.5,38.333333333333336,,,,,,,,16.903156280517578,,
47.51,38.388888888888886,,,,,,,,18.475096702575684,,15.930684089660645
47.65,38.5,,,,,,,,16.95529842376709,,17.446772575378418
47.66,38.611111111111114,,,,,,,,18.53432846069336,,19.010889053344727
47.79,38.611111111111114,,,,,,,,,,17.361520767211914
47.8,38.666666666666664,,,,,,,,,,18.635324478149414
47.84,38.666666666666664,,18.841493606567383,,,,,,,,
47.85,38.72222222222222,,,,,,17.501835823059082,,,,
47.93,38.77777777777778,,,,,,19.06326389312744,,,19.082857131958008,
47.95,38.83333333333333,,,,,,17.469371795654297,,,,
47.96,38.88888888888889,,,,,,18.752666473388672,,18.5388765335083,,
48.0,39.0,,,,,,,,,17.520795822143555,
48.01,39.0,,,,18.199549674987793,,,,,19.079087257385254,
48.04,39.05555555555556,,,,,,,,18.498093605041504,,
48.09,39.111111111111114,,,,,,18.76543617248535,,,17.500954627990723,
48.13,39.22222222222222,,19.001338958740234,,,,,,,18.733001708984375,
48.17,39.27777777777778,,,,,,,,,18.78184700012207,
48.2,39.33333333333333,,19.120230674743652,,,,,,,,
48.22,39.38888888888889,,,,,,18.779757499694824,,,,
48.31,39.44444444444444,,,,,17.56030559539795,,,,,
48.35,39.5,,,,,18.84000015258789,,,,,
48.38,39.5,,,,,,,,,17.22056007385254,
48.4,39.55555555555556,16.757286071777344,,,,,,,,18.498793601989746,
48.43,39.611111111111114,18.327832221984863,,,,,,,,,
48.45,39.611111111111114,,,,,17.268248558044434,,,,,
48.46,39.666666666666664,,,,,18.793063163757324,,,,,
48.55,39.666666666666664,,,,16.676566123962402,,,,,,
48.57,39.72222222222222,18.413607597351074,,,18.189937591552734,,,,,,
48.59,39.77777777777778,18.73215389251709,,,,,,,,,
48.61,39.83333333333333,,,,,,,,,18.53026294708252,
48.63,39.88888888888889,17.295180320739746,,,,,,,,,
48.65,39.94444444444444,18.896470069885254,,,,,18.7163724899292,,,,
48.67,40.0,,,,,,,,18.56228733062744,,
48.7,40.05555555555556,,17.554155349731445,,,,,,,,
48.72,40.11111111111111,,19.122896194458008,,,,,,16.982574462890625,,
48.73,40.166666666666664,19.062395095825195,,,,,,,18.577289581298828,,
48.75,40.27777777777778,19.134563446044922,,,,,,,,,
48.78,40.27777777777778,,,,,,17.12996482849121,,,18.471519470214844,
48.79,40.38888888888889,,,,,,18.707242965698242,,,,
48.88,40.38888888888889,,,,,,,,17.276710510253906,,
48.91,40.44444444444444,,,,,,,,18.826547622680664,,
49.0,40.5,,,,,,,,,18.42514991760254,
49.09,40.5,,,,,,18.77511215209961,,,,
49.15,40.55555555555556,,,,,,,,,,17.11141872406006
49.16,40.61111111111111,,,,,,,,,,18.68959617614746
49.17,40.61111111111111,,17.595199584960938,,,,,,,,
49.22,40.666666666666664,,19.15548801422119,,,,,,,16.90370464324951,17.12065315246582
49.26,40.77777777777778,,,,,,,,17.30359649658203,18.419636726379395,18.63756275177002
49.3,40.833333333333336,,,,,,,,18.831665992736816,,
49.31,40.833333333333336,,,,,,,,,,17.06963348388672
49.34,40.88888888888889,,,,,,17.24587631225586,,,,18.60808563232422
49.35,40.94444444444444,,,,,,18.51986312866211,,,,
49.36,40.94444444444444,,,,,,,,17.252635955810547,,
49.41,41.0,,,,,,,,18.79363441467285,16.86708164215088,
49.42,41.05555555555556,,16.02035140991211,,,,,,,,
49.48,41.16666666666667,,19.16990566253662,,,,,,,18.100733757019043,18.61007785797119
49.61,41.22222222222222,,,,,,,,,16.541693687438965,
49.62,41.27777777777778,,,,,,,,,18.118847846984863,
49.63,41.27777777777778,,,,,,18.44707202911377,,,,
49.68,41.333333333333336,,,,,17.221463203430176,,,,,
49.69,41.388888888888886,,,,,18.501856803894043,,,,,
49.71,41.388888888888886,17.57723331451416,,,,,,,,,
49.72,41.44444444444444,19.210564613342285,,,,16.941913604736328,,,,,
49.74,41.5,,,,16.683473587036133,18.455952644348145,,,,,
49.75,41.61111111111111,,,,18.259028434753418,,18.425439834594727,,,,
49.76,41.61111111111111,,,,,18.397780418395996,,,,,
49.8,41.66666666666667,,,,17.034117698669434,,,,,,
49.81,41.72222222222222,,,,18.603796005249023,,,,,,
49.87,41.72222222222222,,,,,16.830751419067383,,,,,
49.93,41.77777777777778,,,,,18.118724822998047,,,,,
49.96,41.77777777777778,,,,,,16.858295440673828,,,,
49.97,41.833333333333336,,,,,,18.378406524658203,,,,
50.08,41.833333333333336,,,,,,,,,,17.093168258666992
50.1,41.888888888888886,,,,,,,,,,18.614208221435547
50.32,41.888888888888886,,,,,,,,,,17.095869064331055
50.34,41.94444444444444,,,,,,,,,,18.68815326690674
50.36,41.94444444444444,,,,18.560221672058105,,,,,,
50.42,42.0,,,,,,16.781012535095215,,,,
50.46,42.05555555555556,,,,,,18.075947761535645,,,,
50.52,42.11111111111111,,,,,,,,17.23409652709961,,
50.53,42.16666666666667,,,,,,,,18.826244354248047,,
50.55,42.16666666666667,,,,,,,,,,18.394996643066406
50.56,42.22222222222222,,19.104862213134766,,,,,,17.30191135406494,,
50.57,42.333333333333336,,,,,,,,18.866829872131348,,
50.61,42.333333333333336,,,,,,,,,,18.432101249694824
50.71,42.388888888888886,,,,16.99681282043457,,,,,,16.86785316467285
50.77,42.5,,,,18.560333251953125,,,,,,18.397563934326172
50.78,42.5,,,,,16.597601890563965,,,,,
50.82,42.55555555555556,17.668977737426758,,,17.032190322875977,18.163604736328125,,,,,
50.88,42.666666666666664,16.095114707946777,17.53034210205078,,16.713701248168945,,,,,,
50.91,42.833333333333336,19.244059562683105,19.074148178100586,,18.323342323303223,,,,,,
50.96,42.833333333333336,,,,,,,,17.57222270965576,,
50.97,42.888888888888886,,,,,,,,19.094999313354492,,
51.01,42.888888888888886,19.283162117004395,,,,,,,,,
51.06,42.94444444444444,,,,,,,,,,18.075918197631836
51.08,43.05555555555556,,,,,,,,,,18.068674087524414
51.19,43.111111111111114,,,,,,,,19.021333694458008,,
51.24,43.166666666666664,,,,,16.569087982177734,,,,,
51.26,43.22222222222222,,,,,18.09061908721924,,,,,16.794870376586914
51.27,43.27777777777778,,,,,,,,,,18.373488426208496
51.28,43.27777777777778,17.74473762512207,,,,,,,,,
51.3,43.333333333333336,19.259775161743164,,,,,,,,,
51.34,43.333333333333336,,,,,,,,17.463801383972168,,
51.37,43.388888888888886,,,,16.810038566589355,,,,19.0707368850708,,
51.38,43.44444444444445,,,,18.363333702087402,,,,,,
51.49,43.5,,,,17.080931663513184,,,,,,
51.5,43.55555555555555,,,,15.523852348327637,,,,,,
51.51,43.611111111111114,,,,,,,,,16.524784088134766,
51.54,43.666666666666664,,,,,16.55836009979248,,,,,
51.56,43.72222222222222,,,,,,,,,14.966492652893066,
51.57,43.77777777777778,,,,,,,,,13.396796226501465,
51.6,43.833333333333336,,,,,,,,,11.88752555847168,
51.61,43.888888888888886,,,,,,,,,10.609292030334473,
51.65,43.94444444444445,,,,,14.984916687011719,,,,,
51.67,44.0,,,,,,,,,9.37724494934082,
51.69,44.05555555555555,,,,,,,,,,16.85244846343994
51.71,44.111111111111114,,,,,,,,17.578354835510254,,
51.77,44.22222222222222,,,,13.988530158996582,,,,,,
51.86,44.27777777777778,,,,,,,,,,15.33373737335205
51.91,44.333333333333336,,,,,,,,16.00641441345215,,
51.94,44.388888888888886,,17.56733989715576,,,,,,,,
52.03,44.44444444444444,,,,,,,,,,13.769620895385742
52.11,44.5,,,,12.470341682434082,,,,,,
52.15,44.55555555555556,,16.000990867614746,,,,,,,,
52.3,44.611111111111114,,,,,,16.79265308380127,,,,
52.33,44.666666666666664,,,,,,,,14.450033187866211,,
52.35,44.72222222222222,,,,,,15.212113380432129,,,,
52.45,44.77777777777778,,,,,,13.648491859436035,,,,
52.48,44.83333333333333,,,,,,,,,7.805641174316406,
52.71,44.888888888888886,,,,,13.417121887207031,,,,,
52.75,45.0,,,,,11.90905475616455,,,,,
52.76,45.0,,,,,10.338211059570312,,,,,
52.78,45.05555555555556,,,,,9.058516502380371,,,,,
52.8,45.111111111111114,,,,,,,,,,12.18458080291748
52.82,45.166666666666664,,,,,,,,12.909034729003906,,
52.94,45.22222222222222,,,,,,,,,6.571989059448242,
52.98,45.27777777777778,17.692249298095703,,,,,,,,,
53.01,45.33333333333333,,,,,,,,,4.977931022644043,
53.03,45.38888888888889,,,,,,,,9.728446960449219,,
53.05,45.5,,,,10.953470230102539,,,,,,
53.12,45.55555555555556,,,,,,,,,,10.620902061462402
53.17,45.611111111111114,,,,,,,,8.178609848022461,,
53.19,45.666666666666664,,,,,,,,,3.45684814453125,
53.2,45.72222222222222,,14.455934524536133,,,,,,,,
53.21,45.77777777777778,,12.902436256408691,,,,,,,,
53.25,45.88888888888889,,,,,7.536985397338867,,,,,
53.41,45.88888888888889,,,,,,12.1504487991333,,,,
53.45,45.94444444444444,,11.358630180358887,,,,10.567498207092285,,,,9.042724609375
53.54,46.111111111111114,16.11917495727539,,,,,,,,,
53.57,46.166666666666664,,,,9.440098762512207,,,,,1.9409160614013672,
53.58,46.27777777777778,,,,,,,,,,7.5042724609375
53.6,46.33333333333333,,9.794936180114746,,,,,,,,
53.63,46.38888888888889,,,,,,9.293511390686035,,,,
53.69,46.44444444444444,,,,,,,,6.650540351867676,,
53.84,46.5,,,,,6.012170791625977,,,,,
53.95,46.55555555555556,,,,,,,,,0.36376190185546875,
53.96,46.61111111111111,14.543304443359375,,,,,,,,2.6489181518554688,
53.97,46.666666666666664,,,,,,,,,10.778800964355469,
53.98,46.666666666666664,,,,,,,,,29.89775848388672,
53.99,46.666666666666664,,,,,,,,,33.99291229248047,
54.0,46.666666666666664,,,,,,,,,61.55211639404297,
54.01,46.666666666666664,,,,,,,,,66.11968231201172,
54.02,46.666666666666664,,,,,,,,,77.57018280029297,
54.03,46.666666666666664,,,,,,,,,95.47240447998047,
54.04,46.666666666666664,12.993367195129395,,,,,,,,100.22673797607422,
54.05,46.72222222222222,,,,,,,,,109.94963836669922,
54.06,46.72222222222222,,,,,4.731777191162109,,,,125.77269744873047,
54.07,46.77777777777778,,,,,,,,,138.95629119873047,
54.08,46.77777777777778,,,,,,,,,147.14110565185547,
54.09,46.77777777777778,,,,,,,,,159.46776580810547,6.2162065505981445
54.1,46.833333333333336,,,,,,,,,172.62664031982422,
54.11,46.833333333333336,,,,,,,,,180.88011932373047,
54.12,46.833333333333336,,,,,,,,,192.48442840576172,
54.13,46.833333333333336,,,,,,,,,206.30797576904297,
54.16,46.833333333333336,,,,,,,,,222.45787811279297,
54.17,46.833333333333336,,,,,,,,,241.74163055419922,
54.18,46.833333333333336,,,,,,,,,246.31194305419922,
54.19,46.833333333333336,,,,,,,,,250.42082977294922,
54.2,46.833333333333336,,,,,,,,,277.32909393310547,
54.21,46.833333333333336,,,,,,7.716233253479004,,,278.5842819213867,
54.22,46.88888888888889,,,,,,,,,291.67723846435547,
54.23,46.88888888888889,,,,,,,,,303.92699432373047,
54.24,46.88888888888889,,,,,,,,,315.2017135620117,
54.25,46.88888888888889,,,,,,,,,339.19860076904297,
54.26,46.88888888888889,,,,,,,,,349.45983123779297,
54.27,46.88888888888889,,,,,,,,,357.86437225341797,
54.28,46.88888888888889,,,,,,,,,378.34838104248047,
54.29,46.88888888888889,,,,,,,,,387.03307342529297,
54.3,46.88888888888889,,,,,,,,,393.78417205810547,
54.31,46.88888888888889,,,,,,,,,407.57201385498047,
54.32,46.88888888888889,,,,,,,,,415.5233688354492,
54.33,46.88888888888889,,,,,,,,,426.81456756591797,
54.34,46.88888888888889,,,,,,,,,440.24535369873047,
54.35,46.88888888888889,,,,,,,,,448.98497772216797,
54.36,46.88888888888889,,,,,,,,,453.3767623901367,
54.37,46.88888888888889,,,,,,,,,469.83702850341797,
54.38,46.88888888888889,,,,,3.4438037872314453,,,,483.26781463623047,
54.4,46.94444444444444,,,,,,,,,499.0743942260742,
54.41,46.94444444444444,,,,,,,,,502.2659225463867,
54.42,46.94444444444444,,,,,,,,,516.8887252807617,
54.43,46.94444444444444,,,,,,,,,528.7072677612305,
54.44,46.94444444444444,,,,,,,,,546.9885177612305,
54.45,46.94444444444444,,8.237724304199219,,,,,,,,
54.46,47.0,,,,,,,,,562.7566452026367,
54.47,47.0,,,,,,6.124200820922852,,,566.9369430541992,
54.48,47.05555555555556,,,,,,,,,579.7058029174805,
54.49,47.05555555555556,,,,,,,,,603.145133972168,
54.5,47.05555555555556,,,,,,,,,612.1346969604492,
54.51,47.05555555555556,,,,,,,,,628.710319519043,4.939637184143066
54.52,47.11111111111111,,,,,,,,,640.7018966674805,
54.53,47.11111111111111,,,,,,,,,658.593132019043,
54.54,47.11111111111111,,,,,,,,,669.1262741088867,
54.55,47.11111111111111,,,,,,,,,673.029167175293,
54.56,47.11111111111111,,,,,,,,,690.9506149291992,
54.58,47.11111111111111,,,,,,,,,706.4523239135742,
54.59,47.11111111111111,,,,,,,,,722.918083190918,
54.6,47.11111111111111,,,,,,,,,727.059928894043,
54.61,47.11111111111111,,,,,,,,,745.1077194213867,
54.62,47.11111111111111,,,,,,,,,754.635612487793,
54.63,47.11111111111111,,,,,,,,,767.2863693237305,
54.65,47.11111111111111,,,,,,,,,775.3530807495117,
54.66,47.11111111111111,,,,,,,,,780.134880065918,
54.67,47.11111111111111,,,,,,,,,796.1611862182617,
54.68,47.11111111111111,,,,,,,,,809.4601364135742,
54.69,47.11111111111111,,,,,,,,,820.8584518432617,
54.7,47.11111111111111,,,,,,,,,837.8295822143555,
54.71,47.11111111111111,,,,,,,,,842.9601974487305,
54.72,47.11111111111111,,,,,,,,,847.2146530151367,
54.73,47.11111111111111,,,,,,,,,869.541618347168,
54.74,47.11111111111111,,,,,,,,,878.2043380737305,
54.75,47.11111111111111,,,,,,,,,901.9979782104492,
54.76,47.11111111111111,,,,,,,,,910.0784225463867,
54.77,47.11111111111111,,,,,,,,,924.022819519043,
54.78,47.11111111111111,,,,,,4.829265594482422,,,932.2708053588867,
54.79,47.16666666666667,,,,,,,,5.058392524719238,941.6943283081055,
54.8,47.22222222222222,,,,7.864543914794922,,,,,953.982536315918,
54.81,47.27777777777778,,,,,,,,,958.0529708862305,
54.82,47.27777777777778,,,,,,,,,982.744743347168,
54.83,47.27777777777778,,,,,,,,3.493474006652832,987.7462692260742,
54.84,47.333333333333336,,,,,,,,,1000.0894088745117,
54.85,47.333333333333336,,,,,,,,,1001.2484664916992,
54.86,47.333333333333336,,,,,,,,,1025.2920455932617,
54.87,47.333333333333336,,,,,,,,,1034.204704284668,3.3812198638916016
54.88,47.38888888888889,,,,,,,,,1044.4934005737305,
54.9,47.38888888888889,,,,,,,,,1061.3134689331055,
54.91,47.38888888888889,,,,,,,,,1064.7933883666992,
54.92,47.38888888888889,,,,,,,,,1079.6578903198242,
54.93,47.38888888888889,,,,,,,,,1085.1785202026367,
54.94,47.38888888888889,,,,,,,,,1103.923942565918,
54.95,47.38888888888889,,,,6.6163225173950195,,,,,1108.0575485229492,
54.96,47.44444444444444,,6.642345428466797,,,,,,,1127.4621505737305,
54.97,47.5,,,,,,3.317318916320801,,,1135.4931564331055,
54.98,47.55555555555556,,,,,,,,,1144.276725769043,
54.99,47.55555555555556,,,,,,,,,1156.6445846557617,
55.0,47.55555555555556,,,,,,,,,1186.2829513549805,
55.01,47.55555555555556,,,,,,,,,1194.297477722168,
55.03,47.55555555555556,11.422821044921875,,,,,,,,,
55.1,47.66666666666667,,,,5.090218544006348,,,,,,
55.11,47.72222222222222,,,,,,,,,,1.8515090942382812
55.15,47.77777777777778,,,,,,1.7930021286010742,,,,
55.18,47.833333333333336,9.821531295776367,,,,,,,,,
55.21,47.94444444444444,,,,,1.929764747619629,,,,,
55.28,48.0,8.235547065734863,,,,,,,1.9706974029541016,,
55.33,48.16666666666667,6.71498966217041,,,,,,,,,
55.34,48.22222222222222,,,,,,0.2728910446166992,,,,
75.8,48.27777777777777,,0.36376190185546875,,0.36376190185546875,0.36376190185546875,305.23754024505615,,0.36376190185546875,,0.2728910446166992
76.77,48.94444444444444,0.36376190185546875,,,,,,,0.8965988159179688,,
81.09,49.22222222222222,,,1594.0157594680786,,,,,918.7658615112305,,
81.1,49.22222222222222,,,,,,,,1161.964714050293,,
82.36,49.22222222222222,,,,,,0.2728910446166992,,,,
84.18,49.44444444444444,17.635130882263184,17.69145393371582,1404.5121145248413,17.359679222106934,16.226280212402344,16.872517585754395,1245.3821153640747,,,11.290909767150879
84.19,49.77777777777778,,,1289.0511102676392,,,11.155117988586426,,,,
84.51,50.05555555555555,,,1306.050989151001,15.926487922668457,17.669358253479004,16.597997665405273,,,,17.03972053527832
84.55,50.11111111111111,16.19949722290039,,,17.34925079345703,,,,,,
84.56,50.16666666666667,17.63350200653076,,,,,,,,,
84.67,50.16666666666667,,16.262489318847656,,,,,,,,
84.73,50.22222222222222,,17.6773681640625,,,,15.164337158203125,,,,
84.75,50.27777777777778,,,,,,16.326468467712402,,,,15.618321418762207
84.77,50.33333333333333,,,,,,,,,,17.05561637878418
85.0,50.33333333333333,,,,,,,,,,15.627754211425781
85.02,50.38888888888889,,,,,,,,,,17.06157875061035
85.09,50.38888888888889,,,,,16.235373497009277,,,,,
85.1,50.44444444444445,,,,,17.65970230102539,,,,,
85.2,50.44444444444445,,,,15.926487922668457,,,,,,
85.22,50.5,,,,17.353041648864746,,,,,,
85.42,50.5,,,,,,16.323631286621094,,,,
85.55,50.55555555555556,16.195999145507812,,,,,,,,,
85.57,50.61111111111111,17.63680648803711,,,,,,,,,
85.82,50.61111111111111,16.210533142089844,,,,,,,,,
85.83,50.66666666666667,17.370521545410156,,,,,,,,,
85.91,50.66666666666667,15.942713737487793,,,,,,,,,
85.92,50.72222222222222,17.373485565185547,,,,,,,,,
85.95,50.72222222222222,,16.24147129058838,,,,,,,,
85.97,50.77777777777778,,17.68482494354248,,,,,,,,
86.03,50.77777777777778,15.945599555969238,,,,,,,,,
86.08,50.83333333333333,17.374971389770508,,,,,,,,,
86.19,50.83333333333333,,,,15.928803443908691,,,,,,
86.2,50.888888888888886,,,,17.35967254638672,,,,,,
86.23,50.888888888888886,,16.251967430114746,,,,,,,,
86.24,50.94444444444445,,17.691360473632812,,,,,,,,
86.3,50.94444444444445,,,,,,,,,,15.890517234802246
86.33,51.0,,,,,,,,,,17.325632095336914
86.37,51.0,,,,,,,,,,17.599090576171875
86.59,51.05555555555556,,,,,,,,,,16.176189422607422
86.61,51.11111111111111,,,,,,,,,,17.60904312133789
86.65,51.11111111111111,,,,,,,1245.3889904022217,,,
86.83,51.16666666666667,,,,,,16.601606369018555,,,,
86.88,51.22222222222222,,,,,,,1243.9613876342773,,,
86.9,51.27777777777778,,,,,,,1245.3975057601929,,,
86.91,51.27777777777778,,,,,,15.17625617980957,,,,
86.93,51.33333333333333,,,,,,16.8778076171875,,,,
87.1,51.388888888888886,,,1306.0431356430054,,,,,,,17.602757453918457
87.17,51.5,,,,,,,,,,16.15963840484619
87.18,51.55555555555556,,,,,,,,,,16.158642768859863
87.2,51.61111111111111,,,,,,,,,,17.579827308654785
87.23,51.61111111111111,,,,,,,,,,16.15043830871582
87.24,51.66666666666667,,,,,,15.452621459960938,,,,17.579010009765625
87.25,51.72222222222223,,,,,,16.883432388305664,,,,
87.29,51.72222222222223,,,,,,,,,,16.14554500579834
87.3,51.77777777777778,,,,,,,,,,17.57515811920166
87.31,51.77777777777778,,,,,,16.622356414794922,,,,
87.55,51.83333333333333,,,,,,,,,,17.591625213623047
87.67,51.888888888888886,17.38571262359619,,,,,,,,,
87.81,51.94444444444445,,,,,,15.196149826049805,,,,
87.83,52.0,,,,,,16.62522315979004,,,,
87.92,52.0,,,,,,,,,,16.153096199035645
87.94,52.05555555555556,,,,,,,,,,17.578325271606445
87.98,52.05555555555556,,,,,,,1243.9709014892578,,,
87.99,52.11111111111111,,,,,,,1245.394733428955,,,
88.0,52.11111111111111,,,,,,,1242.5116968154907,,,
88.01,52.22222222222223,,,,,,15.189512252807617,1243.9071760177612,,,
88.06,52.33333333333333,,,,,,14.946764945983887,1242.4672555923462,,,
88.17,52.5,,,,,,16.37626552581787,1244.822546005249,,,
88.2,52.72222222222223,,,,,,,1244.8204927444458,,,
88.22,52.77777777777778,,,,16.198241233825684,,,,,,
88.23,52.83333333333333,,,,17.63586711883545,,,,,,
88.34,52.83333333333333,,,,,16.22797966003418,,,,,
88.36,52.888888888888886,,,,,17.658681869506836,,,,,
88.37,52.888888888888886,,,,,16.22922134399414,,,,,
88.42,52.94444444444445,,,,,17.663179397583008,,,,,
88.43,52.94444444444445,,,,,16.224496841430664,,,,,
88.45,53.0,,,,,17.643342971801758,,,,,
88.46,53.0,,,,,17.37089443206787,,,,,
88.48,53.05555555555556,,,,,15.925631523132324,,,,,
88.49,53.11111111111111,,,,,17.353798866271973,,,,,
88.5,53.166666666666664,17.134106636047363,,,,13.059401512145996,,,,,
88.51,53.333333333333336,,,,,15.92608642578125,,,,,
88.54,53.388888888888886,,,,,17.36617946624756,,,,,
88.56,53.388888888888886,,,,,,,1244.5736141204834,,,17.540212631225586
88.59,53.5,,,,,15.941084861755371,,,,,16.107181549072266
88.6,53.61111111111111,,,,,17.381075859069824,,,,,17.538755416870117
88.69,53.61111111111111,,,,,,16.650304794311523,,,,
88.83,53.666666666666664,,16.251967430114746,,,,,,,,
88.85,53.72222222222223,,17.682849884033203,,,,,,,,
88.88,53.72222222222223,,,,,,15.215532302856445,,,,
88.99,53.77777777777778,,,,16.209111213684082,,16.645883560180664,,,,
89.04,53.833333333333336,,17.670096397399902,,17.6315975189209,,,,,,17.27549934387207
89.06,54.0,,,,,17.38858127593994,,,,,
89.07,54.05555555555556,,,,17.6311674118042,,,,,,
89.09,54.11111111111111,,,,,,16.916717529296875,,,,
89.1,54.166666666666664,,,,16.197026252746582,,,,,,
89.16,54.22222222222223,,,,13.346102714538574,,,,,,
89.2,54.388888888888886,,,,17.638473510742188,,,,,,
89.21,54.44444444444444,,,,16.199044227600098,,,,,,
89.24,54.50000000000001,,,,17.651582717895508,,,,,,
89.25,54.50000000000001,,,,,,,,,,15.8416748046875
89.27,54.55555555555556,,,,,,,,,,17.27274227142334
89.29,54.55555555555556,,,,17.63804531097412,,,,,,
89.46,54.61111111111111,,,,,15.945503234863281,,,,,
89.48,54.666666666666664,,,,,17.378036499023438,,,,,
89.49,54.666666666666664,,,,,15.94407844543457,,,,,
89.5,54.72222222222223,,,,,17.38316059112549,,,,,
89.53,54.72222222222223,,,,16.215559005737305,,,,,,
89.54,54.77777777777778,,,,17.643192291259766,,,,,,
89.62,54.77777777777778,,,,,,16.922767639160156,,,,
89.69,54.833333333333336,,,,,,,1244.5853157043457,,,
89.7,54.888888888888886,15.6995849609375,,,,,,,,,
89.71,54.94444444444444,17.120015144348145,,,,,,,,,
89.74,54.94444444444444,15.692180633544922,,,,,,,,,
89.75,55.00000000000001,16.87126636505127,,,,,,,,,
89.79,55.00000000000001,15.439840316772461,,,,,15.489209175109863,,,,
89.88,55.111111111111114,15.456204414367676,,1306.3215103149414,,,16.91568660736084,,,,15.847513198852539
89.9,55.333333333333336,16.88184928894043,,,,,,,,,17.2849063873291
89.92,55.333333333333336,,16.2212495803833,,,,,,,,
89.93,55.388888888888886,,17.37851047515869,,,,,,,,
89.94,55.388888888888886,15.441868782043457,,,,,,,,,
89.95,55.388888888888886,16.872665405273438,,,,,,,,,
89.97,55.44444444444444,,17.38988494873047,,,,,,,,
90.0,55.55555555555556,,15.92888069152832,,,,,,,,
90.01,55.55555555555556,,17.10519313812256,,,15.947487831115723,,,,,
90.06,55.611111111111114,,15.682563781738281,,16.211447715759277,17.382269859313965,,,,,15.85333251953125
90.1,55.77777777777778,,12.808669090270996,,17.63156032562256,,,,,,17.281765937805176
90.11,55.94444444444444,,17.10219955444336,,,,,,,,
90.13,55.94444444444444,,17.10391330718994,,,,,,,,
90.22,56.00000000000001,,,,17.640832901000977,,,,,,
90.31,56.05555555555556,,,,,15.940962791442871,,,,,
90.35,56.111111111111114,,,,,17.372151374816895,,,,,15.848912239074707
90.4,56.166666666666664,15.452235221862793,,,,,,,,,17.267650604248047
90.44,56.222222222222214,16.612412452697754,,,,,,,,,
90.58,56.222222222222214,,,,,15.947822570800781,,,,,
90.59,56.277777777777786,,,,,17.096820831298828,,,,,
90.63,56.277777777777786,,,,,,,,,,15.832535743713379
90.66,56.333333333333336,,,,,,,,,,17.34859275817871
90.68,56.333333333333336,,,,,,,,,,17.33957576751709
90.81,56.388888888888886,,,,,,,,,,15.911142349243164
90.82,56.44444444444444,,,,,,,,,,17.348366737365723
90.91,56.44444444444444,,,,17.722084045410156,,,,,,
90.95,56.49999999999999,,,1306.0442609786987,,,,,,,
90.98,56.55555555555556,,,1304.6110382080078,,,,,,,
91.01,56.611111111111114,,,1306.0433912277222,,,,,,,
91.03,56.611111111111114,,,1304.6349830627441,,,,1243.1563024520874,,,
91.04,56.72222222222222,,,1306.0642576217651,,,,1244.4085445404053,,,
91.05,56.777777777777786,,,1306.0640420913696,,,,,,,
91.07,56.833333333333336,,,1304.608416557312,,,,,,,
91.1,56.888888888888886,,,1303.1767225265503,,,,,,,
91.16,56.99999999999999,15.452424049377441,,1306.0279235839844,,,,,,,
91.22,57.05555555555556,16.971537590026855,,1303.1605072021484,,,,1242.9724264144897,,,
91.23,57.22222222222222,,,1306.010558128357,,,,1244.1434879302979,,,
91.25,57.277777777777786,15.537532806396484,,,,,,,,,
91.26,57.277777777777786,16.96548843383789,15.689034461975098,,,,,,,,
91.29,57.333333333333336,15.53469181060791,17.213370323181152,,16.29121494293213,,,,,,
91.32,57.44444444444444,16.697397232055664,,,17.734333992004395,,,,,,
91.34,57.44444444444444,,,,,,,1242.9824676513672,,,
91.4,57.49999999999999,,,,,,,1244.4186267852783,,,
91.44,57.49999999999999,,17.20650577545166,,,,,,,,
91.47,57.55555555555556,,,,,,,,,,15.913203239440918
91.49,57.611111111111114,,,,,,,,,,17.35807228088379
91.5,57.72222222222222,,,,,,,,,,17.35659694671631
91.52,57.72222222222222,,,,,,,,,,15.928025245666504
91.54,57.77777777777777,,,,,,,,,,17.358036994934082
91.68,57.77777777777777,,,,,,17.277156829833984,,,,
91.69,57.833333333333336,,,,,,,1243.2566595077515,,,
91.7,57.88888888888889,,,,,,,1244.6906442642212,,,
91.74,57.88888888888889,,,,,,,,,,15.928423881530762
91.75,57.94444444444444,,,,,,,,,,17.367106437683105
91.87,57.94444444444444,,,1304.5782051086426,,,,,,,
91.88,57.99999999999999,,,1306.0076656341553,,,,,,,
91.92,57.99999999999999,,,,,,,,,,17.3765230178833
91.98,58.05555555555556,,,1306.0322532653809,,,,,,,15.939298629760742
91.99,58.166666666666664,,,,,,,,,,17.368596076965332
92.01,58.166666666666664,,,1306.049633026123,,,,,,,
92.04,58.22222222222222,,,,,,,1244.9451112747192,,,
92.25,58.27777777777777,,,,,,,1243.5186862945557,,,
92.26,58.333333333333336,,,,,,,1244.9532079696655,,,
92.3,58.333333333333336,,,,,,17.271671295166016,1243.52405834198,,,
92.31,58.44444444444444,,,,,,,1244.964038848877,,,
92.35,58.44444444444444,,,,,,,1244.9370880126953,,,
92.38,58.5,,,,,,16.09260654449463,,,,
92.45,58.55555555555556,15.26915454864502,,,,,17.524856567382812,1243.5088920593262,,,
92.46,58.666666666666664,16.700580596923828,,,,,,1244.9465475082397,,,
92.5,58.72222222222222,16.698898315429688,,,,,,,,,
92.51,58.72222222222222,,,,,,,1243.4561939239502,,,
92.52,58.77777777777777,,,,,,,1244.8936967849731,,,15.93426513671875
92.55,58.833333333333336,15.268126487731934,17.19559955596924,,,,,1244.8942794799805,,,16.193814277648926
92.57,59.05555555555555,,15.752245903015137,1304.624382019043,,,,,,,17.625959396362305
92.58,59.166666666666664,16.716973304748535,17.177845001220703,1306.0606336593628,,,,,,,
92.72,59.166666666666664,,,,,,16.094045639038086,,,,
92.73,59.22222222222222,,,,,,17.52301025390625,,,,
92.75,59.27777777777777,16.748605728149414,,,,17.46485710144043,,,,,
92.78,59.333333333333336,,,,,17.482882499694824,,,,,
93.25,59.38888888888889,,,,17.733786582946777,,,,,,
93.28,59.44444444444444,,,,,,16.093936920166016,1243.4602947235107,,,
93.29,59.5,,,,,,17.529833793640137,1244.882924079895,,,
93.32,59.55555555555555,,,,,,,,,,17.623183250427246
93.37,59.611111111111114,,,,,,,,,,17.618961334228516
93.47,59.66666666666667,,,,17.739906311035156,,,,,,
93.49,59.72222222222222,,,,,,16.101530075073242,,,,
93.5,59.77777777777777,,,,,,17.536948204040527,,,,
93.55,59.77777777777777,,,1304.6269731521606,,,,,,,
93.65,59.833333333333336,,,1306.0745916366577,,16.052180290222168,16.10390853881836,,,,16.187893867492676
93.68,60.0,,,,,17.478784561157227,17.533798217773438,,,,17.627074241638184
93.75,60.05555555555555,,,,,,17.536319732666016,,,,
93.77,60.05555555555555,,,,17.798004150390625,,,,,,
93.87,60.111111111111114,15.578485488891602,,,,,,,,,
93.88,60.16666666666667,17.014102935791016,,,,,,,,,
93.9,60.16666666666667,,,,,16.038691520690918,,,,,
93.93,60.22222222222222,,,,,16.03494930267334,,,,,
93.94,60.27777777777777,,,,,16.04015827178955,,,,,
93.97,60.333333333333336,,,,,16.026923179626465,,,,,
93.98,60.38888888888889,,,,,17.457494735717773,,1243.445421218872,,,
93.99,60.44444444444444,,,,,,,1244.8848505020142,,,
94.0,60.44444444444444,,,,,,,1243.4493169784546,,,
94.02,60.5,,,,,,,1244.8834581375122,,,
94.04,60.5,,,,,,17.536681175231934,,,,
94.09,60.55555555555555,,,,,16.018412590026855,,,,,
94.1,60.611111111111114,,,,,17.447416305541992,,,,,
94.16,60.611111111111114,,,,16.367862701416016,,,,,,
94.17,60.66666666666667,,,,17.801054000854492,,,,,,
94.19,60.66666666666667,15.562554359436035,,,,,,1244.8797521591187,,,
94.2,60.77777777777777,16.72398567199707,,,16.378759384155273,,,,,,
94.22,60.88888888888889,,,,17.802997589111328,,,,,,
94.24,60.88888888888889,,,,16.374378204345703,,,,,,
94.3,60.94444444444444,,,,14.922266006469727,,,,,,16.18968105316162
94.32,61.111111111111114,,,,16.37782382965088,,,,,,17.62271213531494
94.33,61.16666666666667,,,,17.805685997009277,,,,,,
94.36,61.16666666666667,,,,,,16.106329917907715,,,,
94.37,61.22222222222222,,,,,,17.266876220703125,,,,
94.48,61.22222222222222,,,,,,,,,,16.19752597808838
94.49,61.27777777777778,,,,,,,,,,17.631084442138672
94.52,61.27777777777778,,,,,,15.833910942077637,,,,
94.55,61.33333333333333,,,,,,17.261183738708496,,,,
94.56,61.33333333333333,,,,16.3724946975708,,,,,,
94.57,61.38888888888889,,,,17.793996810913086,,,1243.7183809280396,,,
94.58,61.44444444444444,,,,,,,1245.1614589691162,,,
94.67,61.44444444444444,,,,,,,,,,16.212346076965332
94.68,61.5,,,,,,,1243.990397453308,,,17.3753662109375
94.69,61.55555555555555,,,,,,,1245.4224557876587,,,
94.8,61.55555555555555,,,,,17.447497367858887,,,,,
94.94,61.611111111111114,,,,,,15.83363151550293,,,,
94.97,61.66666666666667,,,,17.781005859375,,17.289257049560547,,,,
95.02,61.72222222222222,,,,,16.29849910736084,,,,,
95.04,61.77777777777778,15.297712326049805,,,,17.732545852661133,,,,,15.942508697509766
95.15,61.88888888888889,16.981467247009277,,,,,,,,,17.375731468200684
95.22,61.94444444444444,,15.749958992004395,,,,,,,,
95.23,62.0,,17.17536449432373,,16.3531436920166,,,,,,
95.25,62.05555555555555,,,,17.78794574737549,,,,,,
95.28,62.05555555555555,,,,,,17.28032398223877,,,,
95.3,62.11111111111111,,,,,,17.276609420776367,,,,
95.33,62.16666666666667,,16.01810359954834,,,,,,,,
95.37,62.22222222222222,,17.45210838317871,,,16.29776382446289,,,,,
95.42,62.27777777777778,,16.275795936584473,,,17.712642669677734,,,,,
95.43,62.33333333333333,,17.43792724609375,,,,,,,,
95.59,62.33333333333333,,16.007044792175293,,,,,,,,
95.63,62.38888888888889,,17.444339752197266,,,,,,,,
95.67,62.38888888888889,,,,,,,1243.9862966537476,,,
95.68,62.44444444444445,,,,,,15.849336624145508,1245.4201211929321,,,
95.7,62.5,,,,,,17.27366542816162,,,,
95.75,62.55555555555555,,16.018417358398438,,,17.7080078125,,,,,
95.78,62.61111111111111,,17.44285297393799,,,,,,,,15.944008827209473
95.83,62.66666666666667,,,,,,,,,,17.38481616973877
95.85,62.66666666666667,15.821290016174316,,,,,,,,,
95.87,62.72222222222222,16.98127841949463,,,,,,,,,
95.93,62.72222222222222,,,,,,,,,,15.954804420471191
95.94,62.77777777777778,,,,16.36173915863037,,,,,,17.385576248168945
95.95,62.83333333333333,,,,17.805092811584473,,,,,,
96.04,62.83333333333333,,,,,,17.280274391174316,,,,
96.07,62.88888888888889,,,,,,,,,,15.946893692016602
96.1,62.94444444444445,,,,,,,,,,17.37776279449463
96.23,62.94444444444445,,,,17.820247650146484,,,,,,
96.25,63.11111111111111,,,,,,,,,,14.51337718963623
96.28,63.11111111111111,,,,16.37712860107422,,,,,,17.384655952453613
96.29,63.16666666666667,,,,17.809982299804688,,,,,,
96.36,63.16666666666667,,,,,,,1245.4240398406982,,,
96.42,63.22222222222222,,,1304.9177942276,,,,,,,
96.43,63.27777777777778,15.555633544921875,,1304.9272165298462,,,,,,,15.962517738342285
96.48,63.44444444444445,16.982845306396484,,1306.3629274368286,,,,1243.9895181655884,,,17.398635864257812
96.49,63.5,,,,,,,1245.4115800857544,,,
96.5,63.55555555555556,16.952467918395996,,,,,,,,,
96.55,63.55555555555556,,,,,,,1243.9837455749512,,,
96.56,63.61111111111111,,,,,,,1245.418909072876,,,
96.57,63.61111111111111,16.94301128387451,,,,,,,,,
96.58,63.66666666666667,,,1306.3501043319702,,,15.858548164367676,,,,
96.6,63.77777777777778,,16.005879402160645,,,,17.289359092712402,,,,
96.63,63.83333333333333,,16.00411891937256,,,,,,,,
96.65,63.888888888888886,,17.167478561401367,,,,,,,,
96.68,63.888888888888886,,15.736004829406738,,,,,,,,
96.7,63.94444444444445,,17.17453384399414,,,,,,,,
96.71,63.94444444444445,,15.742242813110352,,,,,,,,
96.72,64.0,15.780305862426758,17.193791389465332,,,,,1243.978928565979,,,
96.73,64.11111111111111,17.20553493499756,,,,,,1243.9703464508057,,,
96.74,64.16666666666667,,,,,,,1245.394178390503,,,
96.92,64.16666666666667,,,,,,,,,,15.966490745544434
96.93,64.22222222222223,,,,,,,1243.972116470337,,,17.421276092529297
96.95,64.27777777777777,,,,,,,1245.3985414505005,,,
97.04,64.27777777777777,,,,,,15.855400085449219,,,,
97.05,64.33333333333333,,15.770890235900879,,,,17.284549713134766,,,,
97.07,64.38888888888889,,16.949954986572266,,,,,,,,
97.15,64.38888888888889,,,,,,,,,,17.40866470336914
97.17,64.44444444444444,,,,,16.26933193206787,,,,,
97.18,64.5,,,,,17.430352210998535,,,,,
97.32,64.5,,15.511425971984863,,16.38237953186035,,,,,,
97.33,64.61111111111111,,16.67339324951172,,17.81541919708252,,,,,,
97.56,64.66666666666666,,,,,,,1243.9759120941162,,,
97.57,64.72222222222223,,,,,,,1245.4662656784058,,,
97.72,64.72222222222223,,,1304.928292274475,,,,,,,
97.75,64.88888888888889,,,1304.9174509048462,,,15.852299690246582,,,,
97.82,64.88888888888889,15.772430419921875,,1303.4782009124756,,,17.27952480316162,,,,
97.84,65.05555555555556,17.206388473510742,,1306.346529006958,,,,,,,
97.87,65.05555555555556,,,1306.3359861373901,,,,,,,
98.0,65.16666666666666,,15.239928245544434,,,,,,,,
98.01,65.16666666666666,,16.40143871307373,,,,,,,,15.969484329223633
98.04,65.22222222222223,,,,,,,,,,17.39765167236328
98.1,65.22222222222223,,14.97700309753418,,,,,,,,
98.11,65.27777777777779,,16.147123336791992,,,,,,,,
98.15,65.33333333333333,,,,,15.993480682373047,,,,,
98.18,65.38888888888889,,,,,17.426501274108887,,,,,
98.19,65.38888888888889,,,,17.807466506958008,,,,,,
98.25,65.5,,,,,,,,,,17.675938606262207
98.29,65.5,,,,,,,1244.0321245193481,,,
98.3,65.55555555555556,,,,,,,1245.4722175598145,,,
98.31,65.55555555555556,,,,17.541015625,,,,,,
98.4,65.61111111111111,,,,,,,1245.461194038391,,,
98.42,65.66666666666666,,,1304.9065256118774,,,,,,,
98.43,65.72222222222223,,,1304.9205932617188,,,,,,,
98.44,65.77777777777779,,,1306.3605842590332,,,,,,,
98.45,65.77777777777779,,,,,,,1242.613260269165,,,
98.47,65.88888888888889,,,,,,,1245.4787282943726,,,16.24777126312256
98.48,65.94444444444444,,,,,,,,,,17.678122520446777
98.62,65.94444444444444,,,,,,,1244.035650253296,,,
98.68,66.0,,,1304.921501159668,,,,1245.4581365585327,,,
98.71,66.05555555555556,,,1306.0975856781006,,,,,,,16.245091438293457
98.72,66.11111111111111,,,,,,,,,,17.671451568603516
98.75,66.11111111111111,,,,16.05528450012207,,,,,,
98.76,66.16666666666666,,,,17.4812068939209,,,,,,
98.77,66.16666666666666,,,,,,16.11897850036621,,,,
98.78,66.22222222222223,,,,,,17.554651260375977,,,,
98.85,66.22222222222223,,,,,,,1244.029730796814,,,
98.86,66.27777777777779,,,,,,,1245.4598722457886,,,
98.9,66.27777777777779,,,1304.652322769165,,,,,,,
98.91,66.33333333333333,,,1306.0852880477905,,,,,,,
98.93,66.33333333333333,,,,,,,,,,16.237893104553223
98.95,66.38888888888889,,,,,,,,,,17.672289848327637
98.99,66.38888888888889,,,1304.6505155563354,,,16.11923313140869,,,,
99.02,66.5,,,1306.082260131836,,,17.547852516174316,1244.027813911438,,,
99.03,66.55555555555556,15.774962425231934,,,,15.999897003173828,,1245.462408065796,,,
99.05,66.66666666666666,17.207322120666504,,,,17.45243549346924,,,,,
99.07,66.66666666666666,,14.721524238586426,,,,,1244.039921760559,,,
99.08,66.77777777777779,15.758475303649902,16.143007278442383,,,,,1245.470989227295,,,
99.09,66.77777777777779,17.19100856781006,,,,,,,,,
99.15,66.83333333333333,15.757050514221191,,,,,,,,,
99.16,66.88888888888889,,,,,,16.11796283721924,,,,
99.18,66.94444444444444,17.19613265991211,,,,16.02567958831787,17.5455961227417,,,,
99.2,67.0,,,1304.646008491516,16.048992156982422,17.453231811523438,,,,,
99.21,67.11111111111111,,,1306.0664386749268,17.484525680541992,,,,,,
99.25,67.16666666666666,,,,,17.19566822052002,16.114109992980957,,,,
99.26,67.22222222222223,,,,,,17.540587425231934,,,,
99.29,67.22222222222223,15.735128402709961,,,,,,,,,
99.33,67.27777777777779,17.190756797790527,,,,15.766389846801758,,,,,16.23906707763672
99.37,67.38888888888889,,,,16.018007278442383,15.768027305603027,,,,,17.680461883544922
99.46,67.5,,,,16.008631706237793,15.774848937988281,16.105640411376953,,,,
99.47,67.66666666666666,,,,17.439428329467773,17.211822509765625,17.262901306152344,,,,
99.56,67.66666666666666,,,,16.01792621612549,,,,,,
99.62,67.72222222222221,16.029325485229492,,,17.194238662719727,,,,,,
99.74,67.77777777777779,17.464107513427734,,,,,15.827228546142578,,,,16.239154815673828
99.75,67.88888888888889,,,,,,17.24734115600586,,,,17.667588233947754
99.76,67.88888888888889,16.038878440856934,,,,,,,,,
99.77,67.94444444444444,17.47025203704834,,,,,,,,,
99.85,67.94444444444444,,,1304.646008491516,,,,,,,
99.86,68.0,,,1306.07577419281,,,,,,,
99.91,68.0,,,,,,,1244.0371646881104,,,
99.92,68.05555555555556,,,,,,,1245.468638420105,,,
99.95,68.05555555555556,,,,15.7858304977417,,,,,,
99.98,68.11111111111111,,,,17.21812152862549,,,,,,
100.15,68.16666666666666,,,1304.6440296173096,,,,,,,
100.16,68.22222222222221,,,1306.0828218460083,,,,,,,
100.21,68.22222222222221,,,,,,,,,,16.23681640625
100.23,68.27777777777779,,,,,,,,,,17.672642707824707
100.27,68.27777777777779,,,,,15.779208183288574,,,,,
100.32,68.33333333333333,,,,,15.776350021362305,,,,,
100.35,68.38888888888889,,,,15.783319473266602,17.195088386535645,16.951892852783203,,,,
100.36,68.5,,,,16.93231773376465,,,,,,
100.42,68.5,,,1304.6352033615112,,,,,,,
100.44,68.55555555555556,,,,15.501521110534668,,,,,,
100.46,68.61111111111111,,,,,,,,,,16.24177360534668
100.48,68.66666666666667,,,,,,,,,,14.813340187072754
100.56,68.72222222222221,16.034634590148926,,,,,,,,,
100.57,68.77777777777779,,,,,,,,,,13.377176284790039
100.59,68.83333333333333,,,,,,,,,,11.942061424255371
100.62,68.88888888888889,,,,,,15.52492904663086,,,,
100.66,68.94444444444444,,,,,15.7802095413208,,,,,
100.71,69.0,,,1303.2036294937134,,,,,,,
100.75,69.11111111111111,,,,,,,1244.0396251678467,,,
100.78,69.16666666666667,,,,,,,,,,10.506235122680664
100.79,69.22222222222221,,,,14.0686674118042,,,,,,
100.82,69.27777777777779,,14.980875968933105,,,,,,,,
100.83,69.33333333333334,,,,,,,1242.6044616699219,,,
100.84,69.38888888888889,,,,,,,,,,9.070116996765137
101.0,69.44444444444444,,,,12.625313758850098,,,,,,
101.02,69.5,,,,,14.353655815124512,,,,,
101.05,69.55555555555556,,,,,,,1241.1753883361816,,,
101.16,69.61111111111111,,,,,13.192635536193848,,,,,
101.17,69.66666666666667,,,,,,14.100600242614746,,,,
101.19,69.77777777777779,,,,,,,1239.748963356018,,,
101.2,69.83333333333334,,,1301.7738637924194,,,,,,,
101.23,69.88888888888889,14.874646186828613,,,,,,,,,
101.29,69.94444444444444,,,,,,,,,,7.615331649780273
101.45,70.05555555555556,,,,,,12.671228408813477,,,,
101.48,70.11111111111111,,,,,,,,,,6.187135696411133
101.74,70.16666666666667,13.444910049438477,,,,,,,,,
101.84,70.22222222222221,,13.55547046661377,,,,,,,,
101.9,70.27777777777777,,,,,,,1238.2586097717285,,,
101.96,70.33333333333334,12.019659042358398,,,,,,,,,
101.97,70.38888888888889,,,,,,11.24041748046875,,,,
102.09,70.44444444444444,,12.392110824584961,,,,,,,,
102.1,70.5,,10.95810604095459,,,,,,,,
102.19,70.55555555555556,,9.520811080932617,,,,,,,,
102.33,70.61111111111111,,,,,,9.811267852783203,,,,
102.4,70.66666666666667,,,,11.454686164855957,,,,,,
102.42,70.72222222222221,,8.34174633026123,,10.021646499633789,,,,,,
102.57,70.83333333333334,,,1300.3350715637207,,,,,,,
102.65,70.88888888888889,,,,,,,1236.8185167312622,,,
102.72,70.94444444444444,,7.179779052734375,,,,,,,,
102.76,71.0,,,,,,,1235.3839311599731,,,
102.84,71.05555555555556,,,,,,,1233.9530487060547,,,
102.86,71.11111111111111,,,,,,,,,,4.756784439086914
103.0,71.16666666666667,,,,,,,,,,3.3304243087768555
103.1,71.22222222222221,10.592447280883789,,,,,,,,,
103.17,71.27777777777777,,,,,,8.384042739868164,,,,
103.19,71.33333333333334,9.171262741088867,,,,,,,,,
103.21,71.38888888888889,,,,,,,1232.52290725708,,,
103.24,71.44444444444444,,5.7282304763793945,,,,,,,,
103.25,71.55555555555554,,,,,,,,,,1.8960275650024414
103.29,71.55555555555554,,,1298.906499862671,,,,,,,
103.31,71.61111111111111,,,1297.4876537322998,,,,,,,
103.33,71.66666666666667,,4.298617362976074,,,,,,,,
103.35,71.72222222222221,,3.1371068954467773,,,,,,,,
103.37,71.77777777777777,,,,,,,1231.0883131027222,,,
103.44,71.83333333333334,,,,,,,1229.6572456359863,,,
103.46,71.88888888888889,,1.9669866561889648,,8.590206146240234,,,,,,
103.56,72.0,,,,,11.759614944458008,,,,,
103.58,72.05555555555556,,,,,10.58052921295166,,,,,
103.7,72.11111111111111,,,,7.413893699645996,,,,,,
103.71,72.16666666666667,,,,,,,,,,0.4546327590942383
103.72,72.22222222222221,,,,,,,,,,5.662152290344238
103.73,72.22222222222221,,,,,,,,,,8.969037055969238
103.74,72.22222222222221,,,,,,,,,,27.12669086456299
103.75,72.22222222222221,,,,,,,,,,44.90256977081299
103.76,72.22222222222221,,,,,,6.956409454345703,,,,58.46519184112549
103.78,72.27777777777777,,,,,,,,,,74.97214984893799
103.79,72.27777777777777,,,,,,,,,,91.84440326690674
103.8,72.27777777777777,,,,,,5.7991485595703125,,,,99.09537982940674
103.81,72.33333333333334,,,,,,,,,,103.04771137237549
103.82,72.33333333333334,,,,,,,,,,126.89628314971924
103.83,72.33333333333334,,,,,,,,,,135.03715229034424
103.84,72.33333333333334,,,,,,,,,,145.8284730911255
103.85,72.33333333333334,,,,5.987971305847168,,,,,,157.30094623565674
103.86,72.38888888888889,,,,,,,,,,169.3831605911255
103.87,72.38888888888889,,,,,,,,,,173.34098529815674
103.88,72.38888888888889,,,,,,,,,,189.7188539505005
103.9,72.38888888888889,,,,,,,,,,205.313946723938
103.91,72.38888888888889,,,,,,,,,,218.65409564971924
103.92,72.38888888888889,,,,,,,,,,221.32377338409424
103.93,72.38888888888889,,,,,,,,,,229.1927309036255
103.94,72.38888888888889,,,,,,,,,,255.6807680130005
105.19,72.38888888888889,,,,,,,,,,728.6641664505005
105.2,72.44444444444444,7.732180595397949,0.5455036163330078,1290.5749464035034,0.5455036163330078,3.395430564880371,0.36376190185546875,1228.2257719039917,,,1181.8199892044067
110.83,73.72222222222223,0.5455036163330078,,1289.141981124878,,0.5455036163330078,,1533.1904211044312,,,
114.62,74.27777777777777,,,1594.1066303253174,1063.780366897583,,,,,,
114.63,74.27777777777777,,,,1204.086763381958,,,1228.2257719039917,,,
117.0,74.83333333333333,17.816872596740723,17.87319564819336,,,17.883588790893555,15.672309875488281,1239.1079988479614,1177.8272323608398,1211.2933950424194,
117.06,74.83333333333333,,,,,,16.83285617828369,1244.8568096160889,1179.2607908248901,,
117.11,74.83333333333333,,,,,,16.831886291503906,,,,
117.17,74.8888888888889,,,1289.141981124878,,,,,,,
117.28,74.94444444444444,,,1304.7192687988281,,,,,,1209.860203742981,
117.29,75.0,,,1306.1446743011475,,,,,,1211.2950057983398,
117.3,75.0,,,,,,15.4039306640625,,,,
117.32,75.05555555555556,,,,,,16.830894470214844,,,,
117.45,75.05555555555556,,,,,,,1244.8459119796753,,,
117.53,75.1111111111111,,,,,,,1243.4245128631592,,,
117.58,75.16666666666667,,,,,,,1244.8585176467896,,,
117.79,75.16666666666667,,,,,,,1243.4306554794312,,,
117.81,75.22222222222223,,,,,,,1244.845534324646,,,
117.86,75.22222222222223,,,,,,15.396563529968262,,,,
117.9,75.27777777777777,,,,,,16.55869483947754,,,,
117.91,75.27777777777777,17.8150634765625,17.881525993347168,,,,,,,,
117.97,75.3888888888889,,,,,,,1244.8471002578735,,,
118.13,75.44444444444444,,,,,,,,1177.8268060684204,,
118.2,75.5,,,,,,,,1179.2533597946167,,
118.24,75.5,,,,,,16.55585765838623,,,,
118.7,75.55555555555556,,,,,,,,,1209.8707675933838,
118.72,75.6111111111111,,,,,,,,,1211.311574935913,
118.92,75.6111111111111,16.37756061553955,,,,,,,,,
118.93,75.66666666666667,17.537549018859863,,,,,,,,,
119.18,75.66666666666667,16.111275672912598,,,,,,,,,
119.19,75.72222222222223,17.54204750061035,16.445629119873047,,,,,,,,
119.2,75.77777777777777,16.11423969268799,17.88898277282715,,,,,,,,
119.22,75.83333333333333,17.543611526489258,,,,,,,,,
119.25,75.88888888888889,,,,,,,1243.695821762085,,,
119.29,75.94444444444444,,,,,,,1245.135214805603,,,
119.31,75.94444444444444,,,,,,,1243.973843574524,,,
119.32,76.0,,,,,,,1245.4089584350586,,,
119.33,76.0,16.11572551727295,,,,,,,,,
119.37,76.05555555555556,17.551889419555664,,,,,,,,,
119.4,76.05555555555556,,,,,,,1243.983772277832,,,
119.42,76.11111111111111,,,,,,,1245.4166259765625,,,
119.45,76.11111111111111,,17.885138511657715,,,,,,,,
119.92,76.16666666666667,,,1304.7115697860718,,,,,,,
119.94,76.22222222222223,,,1306.1463422775269,,,,,,,
119.97,76.22222222222223,,,,,,,1243.9904193878174,,,
119.98,76.27777777777777,,,,,,,1245.426537513733,,,
120.0,76.27777777777777,,,,,,,,,1209.8707675933838,
120.02,76.33333333333333,,,,,,,,,1211.3064785003662,
120.16,76.33333333333333,,,,,,16.55863380432129,,,,
120.22,76.38888888888889,,,,,,,1244.0047254562378,,,
120.25,76.44444444444444,,,,,,,1243.9949445724487,,,
120.26,76.5,,,,,,,1245.4201955795288,,,
120.42,76.5,,,,,,15.387572288513184,,,,
120.5,76.55555555555556,,,,,,16.82273578643799,,,1210.1450471878052,
120.52,76.61111111111111,,,,,,,,,1211.5662317276,
120.63,76.61111111111111,,,,,17.89002227783203,,,,,
120.7,76.66666666666667,,,,,,,1243.9981336593628,,,
120.72,76.72222222222223,,,,,,,1245.4289445877075,,,
120.73,76.72222222222223,,,,,,17.089643478393555,,,,
120.79,76.77777777777777,,,,,,,,1178.9849967956543,,
120.8,76.83333333333333,,,,,,,,1178.994065284729,,
120.84,76.88888888888889,,,,,,,,1177.5488023757935,1211.5820693969727,
120.85,77.0,,,,,,,,1177.5351247787476,,
120.9,77.11111111111111,,,,,,,,1176.103850364685,,
120.94,77.22222222222223,,,,,16.462419509887695,,,1174.6769304275513,,
120.97,77.44444444444444,,,,,17.62343978881836,,1245.4225912094116,1178.7133407592773,,
121.04,77.5,,,,,,15.666742324829102,,,,
121.06,77.55555555555556,,,,,,16.828709602355957,,,,
121.12,77.55555555555556,,,,,,,,,1211.6456670761108,
121.18,77.61111111111111,,,,,,,,1177.27481174469,,
121.2,77.66666666666666,,,,,,,,1178.6923179626465,,
121.21,77.66666666666666,,,,,,,,,1207.3519506454468,
121.24,77.83333333333333,,,,,,,,,1208.7887887954712,
121.25,77.94444444444444,,,,,,,,,1211.6534490585327,
121.27,77.94444444444444,,,,,,,,,1211.6373481750488,
121.3,78.0,,,,,,,,,1210.1979188919067,
121.31,78.05555555555556,,,,,,,,,1211.359429359436,
121.36,78.05555555555556,,,,,,,1243.956072807312,,,
121.37,78.05555555555556,,,,,,,1245.3842401504517,,,
121.38,78.11111111111111,,,,,,,,,1209.9244089126587,
121.46,78.16666666666666,,,,,,15.668163299560547,1245.3842296600342,1178.6901998519897,1211.0945291519165,
121.5,78.33333333333333,,,,,,15.681122779846191,,,,
121.51,78.38888888888889,,,,,,17.1212158203125,,,,
121.59,78.38888888888889,,,,,,,,1177.2726936340332,,
121.62,78.44444444444444,,,,,,,,1178.4433212280273,,
121.66,78.44444444444444,,,,,,,,,1211.0881328582764,
121.67,78.5,,,,,,15.691826820373535,,,,
121.68,78.55555555555556,,,,,,17.123400688171387,,,,
121.75,78.61111111111111,,,,,,17.120272636413574,,,,
121.77,78.61111111111111,,,,,,17.118699073791504,1243.9560623168945,,,
121.81,78.72222222222223,,,,,,,1245.386944770813,,,
121.9,78.72222222222223,16.130163192749023,,,,,,,,,
121.92,78.77777777777779,17.560514450073242,,,,,,,,,
121.97,78.77777777777779,,,,,,,1245.3754262924194,,,
122.0,78.88888888888889,,,,,,16.861318588256836,,,,
122.03,78.88888888888889,,,,,,,1243.9605474472046,,,
122.05,78.94444444444444,,,,,,,1245.3869075775146,,,
122.07,78.94444444444444,,,,,,,,,1209.6541748046875,
122.1,79.0,,,,,16.13770866394043,,,,1211.0800971984863,
122.13,79.05555555555556,,16.446462631225586,,,16.134201049804688,,,,1209.6516914367676,
122.17,79.22222222222223,,17.876604080200195,,,14.704944610595703,,,,1211.086088180542,
122.18,79.33333333333333,,,,,17.565308570861816,,,,,
122.19,79.33333333333333,,,,,16.12865924835205,,,,,
122.23,79.38888888888889,,,,,16.13176727294922,,,,,
122.24,79.44444444444444,,,,,17.56412696838379,15.699187278747559,,,,
122.25,79.5,,,,,,17.15172576904297,,,,
122.26,79.5,,,,,16.11650848388672,,,,,
122.27,79.55555555555556,,,,,16.11768627166748,,,,,
122.3,79.61111111111111,,,,,17.546088218688965,,,,,
122.37,79.72222222222223,,,,,,,1242.5400924682617,,,
122.42,79.83333333333333,,,,,,,1245.3952779769897,,,
122.48,79.83333333333333,,,,,,,,1177.016767501831,,
122.5,79.88888888888889,,,1304.7115697860718,,,,,1178.4523010253906,,
122.51,79.94444444444444,,,1306.1319999694824,,,,,,,
122.59,79.94444444444444,,,,,,,,1177.0284690856934,,
122.6,80.0,,,,,,,,1178.2075548171997,,
122.65,80.0,,,,,,15.724761962890625,,,,
122.68,80.05555555555556,,,,,,17.1512393951416,,,,
122.69,80.05555555555556,,,1304.9689798355103,,,,,,,
122.7,80.11111111111111,,,1306.4246082305908,,,,,,,
122.81,80.11111111111111,,,,,,,,1176.782325744629,,
122.82,80.16666666666666,,,,,,,,1178.223720550537,,
123.08,80.16666666666666,,,,,17.541056632995605,,,,,
123.11,80.22222222222221,16.12599277496338,,,,,,,,,
123.17,80.27777777777779,16.12380313873291,,,,16.109312057495117,,1243.9624242782593,,,
123.22,80.44444444444444,14.411982536315918,16.427757263183594,1305.0041780471802,,17.540108680725098,,1245.3998174667358,,,
123.28,80.66666666666666,14.156044960021973,16.43913173675537,1306.432611465454,,,,,,,
123.31,80.77777777777779,17.02220058441162,16.422992706298828,,,,15.709932327270508,,,,
123.33,80.88888888888889,,17.854612350463867,,,,17.139698028564453,,,,
123.37,80.94444444444444,15.582220077514648,,,,,,,,,
123.42,81.0,,14.98066234588623,,,,,,,,
123.43,81.11111111111111,17.02101230621338,17.84767723083496,,,,,,,,
123.46,81.11111111111111,,17.843786239624023,,,,,,,,
123.52,81.16666666666667,,,1304.9895334243774,,,,,,,
123.58,81.22222222222221,,,1306.1497106552124,,,15.708124160766602,,,,
123.59,81.27777777777779,,,,,,16.85712242126465,,,,
123.61,81.27777777777779,,,,,,,1243.9647026062012,,,
123.62,81.33333333333333,,,,,,,1245.4807596206665,,,
123.63,81.33333333333333,,,,,,,1244.0498905181885,,,
123.65,81.38888888888889,,,,,,,1245.4770374298096,,,
123.75,81.38888888888889,,,1304.7413024902344,,,,,,,
123.76,81.44444444444444,,,1306.178526878357,,,,,,,
123.77,81.44444444444444,,,1304.7570247650146,,,,,,,
123.87,81.5,,,1303.3159618377686,,,,1244.0517864227295,,,
123.88,81.61111111111111,,,1301.8862257003784,,,,,,,
123.91,81.72222222222221,,,1304.4732418060303,,,,1245.208583831787,,,
123.92,81.72222222222221,,,1303.047836303711,,,,,,,
123.94,81.83333333333334,,,1305.9133396148682,,,,,,,
123.97,81.83333333333334,,,1305.901400566101,,,,,,,
124.24,81.88888888888889,,17.89546489715576,,,,,,,,
124.25,82.0,15.861023902893066,,,,,,,,,
124.26,82.0,17.3812837600708,,,,,,1243.7724657058716,,,
124.27,82.05555555555556,,,,,,,1245.2007083892822,,,
124.3,82.05555555555556,,,,,16.109312057495117,,,,,
124.33,82.11111111111111,,,,,17.371244430541992,,,1177.0603609085083,,
124.34,82.16666666666667,,,,,,,,1178.5795793533325,,
124.37,82.16666666666667,,17.8813419342041,,,,,,,,
124.43,82.22222222222221,,,,,,,,1177.4005146026611,,
124.46,82.27777777777779,15.94745922088623,,,,,15.427356719970703,,1178.8284702301025,,
124.47,82.38888888888889,17.380924224853516,,,,,16.680932998657227,1243.7735614776611,,,
124.5,82.44444444444444,,,1304.4729671478271,,,,1245.2166805267334,,,
124.53,82.5,,16.44404697418213,1305.9091262817383,,,,,,,
124.57,82.55555555555556,,17.866948127746582,,,,,,,,
124.58,82.55555555555556,,,1304.4535007476807,,,,,,,
124.59,82.61111111111111,,,1305.8878316879272,,,,,,,
124.71,82.61111111111111,,,,,,,,,1209.667242050171,
124.74,82.66666666666667,,,,,,,,,1211.1898355484009,
124.75,82.66666666666667,,,1304.455478668213,,,,,,,
124.78,82.72222222222221,,,1305.8811502456665,,,,,,1211.4583368301392,
124.81,82.77777777777777,,,,,,,,,1210.0371522903442,
124.84,82.83333333333334,,,1304.4604749679565,,,,,,1211.4711112976074,
124.85,82.88888888888889,,,1305.8944597244263,,,,,,,
124.91,82.88888888888889,,,,,,,,,1210.3009910583496,
124.92,82.94444444444444,,,,,,,,,1211.739673614502,
124.97,82.94444444444444,,,,,16.210224151611328,,,,,
124.99,83.0,,,,,17.639684677124023,,,,,
125.0,83.05555555555556,,,,,,,1245.2235260009766,,,
125.04,83.05555555555556,,,,,,,1245.2379779815674,,,
125.08,83.11111111111111,,,,,,,,,1210.288125038147,
125.09,83.16666666666667,,,,,,,,,1211.7174224853516,
125.1,83.16666666666667,,,,,,,,1179.0969257354736,,
125.17,83.22222222222221,,16.445244789123535,,,,,,,,
125.18,83.27777777777777,,17.870339393615723,,,,,,1177.67050075531,,
125.2,83.33333333333334,,,,,,,,1174.8188438415527,,
125.21,83.5,,,,,,,,1179.1083850860596,,
125.24,83.5,,,,,,,,1177.6535997390747,,
125.25,83.55555555555556,,,,,,,,1179.085849761963,,
125.26,83.55555555555556,,,,,,,,1177.6576538085938,,
125.3,83.61111111111111,,,,,,,,1179.0953092575073,,
125.32,83.61111111111111,,,,,,,1243.8049383163452,,,
125.33,83.61111111111111,,,,,,,1245.236364364624,,,
125.44,83.66666666666667,,,,,,,,,1210.227068901062,
125.45,83.72222222222221,,,,,,15.518965721130371,,,1211.6533422470093,
125.46,83.77777777777777,,,,,,16.95646858215332,,,,
125.49,83.77777777777777,,,,,,,,,1208.7943363189697,
125.56,83.88888888888889,,,1304.4687881469727,,,15.529256820678711,,,1210.2201519012451,
125.57,84.05555555555554,,,1305.9176349639893,,,16.95714282989502,,,1211.6522970199585,
125.58,84.05555555555554,,,,,,,,,1210.2250719070435,
125.59,84.11111111111111,,,,,,,,,1211.650671005249,
125.6,84.11111111111111,,,1305.9166622161865,,,,,,,
125.77,84.16666666666667,15.950152397155762,,,,,,,,,
125.78,84.22222222222221,17.379117012023926,,,,,,,,,
125.8,84.22222222222221,,16.42698574066162,,,,,,,,
125.82,84.27777777777777,,17.86566162109375,,,,,,1179.124873161316,,
125.83,84.33333333333334,15.940324783325195,,,,,15.521979331970215,,,,
125.85,84.44444444444444,17.377403259277344,,,,,16.958850860595703,1243.8033437728882,,,
125.87,84.5,15.948031425476074,,,,,,1245.2259731292725,,,
125.88,84.55555555555556,17.383928298950195,,,,,,,,,
125.98,84.55555555555556,17.380621910095215,,,,,,,,,
126.0,84.66666666666667,,,,,17.633251190185547,,,,,
126.04,84.66666666666667,,,,,,,1243.79833984375,,,
126.07,84.72222222222221,,,,,,,1245.2259426116943,1177.9457874298096,,
126.1,84.77777777777777,,,,,,,,1179.3812055587769,,
126.11,84.77777777777777,,,,,,16.976856231689453,,,,
126.17,84.88888888888889,,16.43664836883545,,,,,,,,
126.18,84.94444444444444,,17.875828742980957,,,,,,,,
126.19,84.94444444444444,,,,,,,1243.7950601577759,,,
126.2,85.0,,,,,,,1245.224949836731,,,
126.26,85.0,,,1304.48233127594,,,,,,,
126.27,85.05555555555556,,,1305.908935546875,,,,,,,
126.32,85.05555555555556,,,,,,15.800771713256836,,,,
126.33,85.11111111111111,,,,,,17.232257843017578,,,1210.2150373458862,
126.35,85.16666666666667,,,,,,,,,1211.7007684707642,
126.37,85.16666666666667,,,,,,,1245.2342071533203,,,
126.45,85.22222222222223,,,1304.4752750396729,,,,,,,
126.47,85.27777777777777,,,1305.904553413391,,,,,,1211.711495399475,
126.68,85.33333333333333,,,,,,,1245.233410835266,,,
126.74,85.38888888888889,,,,,17.6423397064209,,,,,
126.85,85.5,,,,,,,,1177.9456720352173,,
126.87,85.55555555555556,,,,,,,,1179.3851013183594,,
126.97,85.55555555555556,,,,,16.20325756072998,,,,,
127.01,85.61111111111111,,,,,17.637398719787598,15.79216480255127,,,,
127.02,85.66666666666667,15.95165729522705,,,,,17.22711181640625,,,,
127.03,85.72222222222223,17.380661010742188,,,,,,,,,
127.05,85.72222222222223,,,,,,,,,1210.2852220535278,
127.07,85.77777777777777,,,,,,,,,1211.7184133529663,
127.08,85.77777777777777,,,,,,15.787120819091797,,,,
127.09,85.83333333333333,,,,,,17.211222648620605,,,,
127.1,85.83333333333333,,,,,,,,,1211.445447921753,
127.15,85.88888888888889,,,,,,,,1179.3759212493896,,
127.19,85.94444444444444,,,,,,15.776637077331543,,,,
127.2,86.0,,,,,,17.200875282287598,,,,
127.22,86.0,,,,,,,,,1210.0176401138306,
127.23,86.05555555555556,,,,,,,,,1211.452660560608,
127.3,86.05555555555556,,,,,,15.763372421264648,,,,
127.32,86.11111111111111,,,,,,17.19640350341797,,,,
127.34,86.11111111111111,,,1304.4705686569214,,,,,,,
127.38,86.16666666666667,,,1305.8919677734375,,,,,,1210.0194692611694,
127.4,86.22222222222223,,,,,,,,,1211.485987663269,
127.43,86.22222222222223,,,,,,,1244.0766134262085,,,
127.44,86.27777777777777,,,,,,,1245.504475593567,,,
127.46,86.27777777777777,,,,,,,1244.0792894363403,,,
127.48,86.33333333333333,,,,,,,1245.2398357391357,,,
127.51,86.33333333333333,,,,,,15.743865013122559,1243.8024425506592,,,
127.54,86.44444444444444,,,,,,17.171137809753418,1245.2360010147095,,,
127.56,86.44444444444444,,,,,16.208779335021973,,,,,
127.59,86.5,,,,,17.630281448364258,,,,,
127.6,86.5,,,,,17.64039421081543,,,,,
127.67,86.55555555555556,,,,,16.20580005645752,,,,,
127.69,86.61111111111111,,,,,17.368820190429688,,,,,
127.7,86.61111111111111,,,,,15.936460494995117,,,,,
127.71,86.66666666666667,,,,,17.368518829345703,,,,,
127.73,86.66666666666667,,,,,17.370065689086914,,,,,
127.75,86.77777777777777,,,,,,17.198877334594727,,,,
127.76,86.77777777777777,,,,,17.345940589904785,,,,,
127.95,86.83333333333333,,,,,,16.04987907409668,,,,
127.96,86.8888888888889,,,,,,17.483925819396973,,,,
128.12,86.8888888888889,,,,,,17.490671157836914,,,,
128.19,86.94444444444444,,,,,,,1245.2412433624268,,,
128.25,87.05555555555556,,,1304.4705686569214,,,,,,,
128.26,87.05555555555556,,,1305.9003047943115,,,,,,,
128.29,87.05555555555556,15.944764137268066,,,,,,,,,
128.3,87.1111111111111,17.370169639587402,,,,,,,,,
128.57,87.1111111111111,,,,,17.350101470947266,,,,,
128.59,87.16666666666667,,,,,,,,1177.954195022583,,
128.6,87.22222222222223,,,,,,,,1179.3811588287354,,
128.65,87.22222222222223,16.193857192993164,,,,,16.063398361206055,,,,
128.67,87.33333333333333,16.1950044631958,16.455716133117676,,,,17.48616123199463,,,,
128.7,87.44444444444444,16.199874877929688,17.87059497833252,,,16.17903995513916,,,1177.95281124115,,
128.74,87.6111111111111,17.633699417114258,,,,17.603368759155273,16.323455810546875,1243.7981243133545,1179.3901062011719,,
128.75,87.72222222222223,,,,,,17.747891426086426,1245.2246780395508,,,
128.96,87.72222222222223,,16.44045352935791,,,,,,,,
128.99,87.77777777777777,,17.881260871887207,,,,,,,,
129.0,87.77777777777777,,,1305.9001159667969,,,,,,,
129.16,87.83333333333333,,,,,,,,,1208.6242532730103,
129.36,87.94444444444444,,,1301.8577661514282,,,,1242.3443269729614,,1208.6257371902466,
129.47,88.33333333333333,,,1304.7267837524414,,,14.900890350341797,1243.7769651412964,1175.0886669158936,1210.0709476470947,
129.54,88.72222222222223,,,1306.1557970046997,,,17.772719383239746,1245.2117376327515,1177.930941581726,1211.5061111450195,
129.56,88.77777777777777,,,,,,,,1179.352126121521,,
129.57,88.77777777777777,17.631919860839844,,,,,,,,,
129.58,88.83333333333333,,,,,,,,1177.9144706726074,,
129.59,88.88888888888889,,,,,,,,1177.9053010940552,,
129.62,88.94444444444444,,,,,,,1244.9436712265015,1179.3349142074585,,
129.83,89.0,,,,,16.181230545043945,,,,,
129.84,89.05555555555556,,,,,17.619759559631348,,,,1210.080512046814,
129.85,89.11111111111111,17.626211166381836,,,,,,,,1211.532060623169,
129.86,89.16666666666667,17.62006664276123,,,,,,1243.5105667114258,,,
129.87,89.27777777777777,,,,,,,1244.934398651123,,,
129.9,89.27777777777777,,,,,,,,,1210.0999155044556,
129.91,89.33333333333333,,15.017496109008789,,,,,,,1211.5547008514404,
129.93,89.44444444444444,,17.87307071685791,,,,,,,,
130.0,89.5,,,,,,,,1179.0919170379639,,
130.01,89.5,,16.45433235168457,,,,,,,,
130.02,89.55555555555556,,17.88252830505371,,,,,,,,
130.03,89.55555555555556,,16.445554733276367,,,,,,,,
130.04,89.66666666666666,,17.60657501220703,,,,,,,,
130.07,89.66666666666666,,,,,,,,1177.6309127807617,,
130.08,89.72222222222223,,,,,,,,1179.063952445984,,
130.12,89.72222222222223,,16.175386428833008,,,,,,,,
130.13,89.77777777777777,,17.337353706359863,,,,,,,,
130.15,89.77777777777777,,,,,,,1243.5117692947388,,,
130.17,89.83333333333333,,,,,,,1245.0021228790283,,,
130.19,89.83333333333333,,17.331958770751953,,,,,,,,
130.32,89.94444444444444,,,,,17.618602752685547,,,,,
130.36,90.0,16.194421768188477,,,,,,,,,
130.48,90.05555555555556,17.621646881103516,,,,16.180073738098145,,,,,
130.51,90.11111111111111,,,,,17.61769962310791,,,1177.6285343170166,,
130.53,90.16666666666666,,,,,,,,1179.0592365264893,,
130.55,90.16666666666666,,,1304.7295904159546,,,,,,,
130.57,90.22222222222223,,,1306.1635484695435,,,,1244.9910793304443,,1211.5547800064087,
130.59,90.33333333333333,,,,,,,,,1210.0690488815308,
130.61,90.38888888888889,,,,,,16.337008476257324,,,1211.4972162246704,
130.62,90.44444444444444,,,,,,17.507128715515137,1243.555461883545,,,
130.66,90.5,,,,,,16.082693099975586,1244.9884824752808,,,
130.72,90.55555555555556,,,,,,17.51413345336914,,,,
130.75,90.66666666666666,,,1304.7317056655884,,,,,,1210.0605669021606,
130.8,90.66666666666666,,,1306.1730127334595,,,,,,1211.500659942627,
130.85,90.66666666666666,,17.080774307250977,,,,,,,,
130.86,90.72222222222223,,15.663268089294434,,,,,,,,
130.92,90.77777777777779,,17.091673851013184,,,,,1244.9933004379272,,,
131.01,90.83333333333333,16.19225788116455,,,,,,,,1210.0724925994873,
131.04,90.94444444444444,17.632248878479004,15.650866508483887,,,,,1243.8327541351318,,1211.5070781707764,
131.05,91.05555555555556,,,,,,,1245.2636365890503,,,
131.06,91.05555555555556,,17.081217765808105,1304.7368535995483,,,,,,,
131.07,91.11111111111111,,,1306.1593399047852,,,,,,,
131.08,91.11111111111111,,,,,,,,,1210.0676851272583,
131.13,91.16666666666666,,,,,,,1243.8288640975952,,1211.243769645691,
131.15,91.22222222222223,,,,,,16.077261924743652,1245.2552242279053,,,
131.19,91.27777777777779,,,,,,17.50318431854248,,,,
131.26,91.27777777777779,,15.642541885375977,,,,,,,,
131.27,91.33333333333333,,17.078214645385742,,,,,,,,
131.28,91.33333333333333,16.19878387451172,,,,,,,,,
131.29,91.38888888888889,17.628925323486328,,,,,,,1177.6198072433472,,
131.3,91.44444444444444,,,,,,,,1179.0527725219727,,
131.4,91.44444444444444,,,,,,,,1177.6205577850342,,
131.41,91.5,,,,,,,,1179.0549545288086,,
131.57,91.5,,,,,,,1243.831392288208,,,
131.59,91.55555555555556,,,,,,,1245.2631368637085,,1209.8087491989136,
131.6,91.61111111111111,,,,,,,,,1211.2373685836792,
131.63,91.61111111111111,,,,,,16.05556583404541,,,,
131.66,91.66666666666666,,,,,,17.49015998840332,,,,
131.69,91.66666666666666,,15.649808883666992,,,,,,,,
131.71,91.72222222222223,,17.082168579101562,,,,,,,,
131.73,91.72222222222223,,,,,,,,,1209.7708501815796,
131.74,91.77777777777779,,,,,,,,,1211.223388671875,
131.77,91.83333333333333,,,1304.7368535995483,,,,,,,
131.78,91.88888888888889,,,1306.1679210662842,,,16.058673858642578,,,,
131.79,91.94444444444444,,,,,,17.480156898498535,,,,
131.8,91.94444444444444,,15.657073974609375,,,,,,,,
131.84,92.0,,17.08960723876953,,,,,,,,
131.87,92.0,,,1306.1730451583862,,,,,,,
131.91,92.05555555555556,,,,,,,1245.2572116851807,,,
132.06,92.11111111111111,,,,,16.1871280670166,,,,,
132.08,92.16666666666666,,,,,17.614680290222168,,,,,
132.09,92.16666666666666,,,1304.7241983413696,,,,,,,
132.1,92.22222222222223,,,1306.1597318649292,,,,,,,
132.11,92.22222222222223,,,,,16.45166015625,,,,,
132.17,92.27777777777779,,,,,17.872090339660645,,,,,
132.21,92.27777777777779,,,1304.7234802246094,,,,,,,
132.22,92.33333333333333,,,1305.9025659561157,,,,,,,
132.31,92.33333333333333,,,,,,,1243.8254671096802,,,
132.32,92.38888888888889,,,,,,,1245.2519445419312,,,
132.36,92.38888888888889,,,,,17.893577575683594,,,,,
132.38,92.44444444444444,,,,,,,1243.8203706741333,,,
132.4,92.5,,,,,,,1245.2617654800415,,,
132.43,92.5,,15.653934478759766,,,,,,,,
132.45,92.55555555555556,,17.084575653076172,,,,,,,,
132.46,92.55555555555556,,,,,,17.48169994354248,,,,
132.5,92.66666666666666,17.629240036010742,,,,,17.20401382446289,,,,
132.63,92.77777777777779,,,,,17.881296157836914,,,,,
132.73,92.83333333333333,,,,,16.46086597442627,,,,,
132.74,92.88888888888889,,,,,17.897839546203613,,,,,
132.77,92.88888888888889,,16.821707725524902,,,,,,,,
132.84,92.94444444444444,,,,,,15.77098274230957,,,,
132.85,93.0,,,1304.4759616851807,,,17.205764770507812,,,,
132.88,93.05555555555556,,,1305.9043951034546,,,,,1177.6279907226562,,
134.33,93.11111111111111,15.041879653930664,,1300.445387840271,,7.913329124450684,12.882869720458984,1238.392765045166,1167.8775596618652,1201.4111404418945,
134.57,95.11111111111111,13.612875938415527,,,,,17.188676834106445,1244.0474281311035,1169.0234355926514,,1328.6852235794067
134.58,95.27777777777777,,,,,,,,1170.1724338531494,,1337.3506898880005
134.59,95.27777777777777,,,,,,,,,,1360.3121156692505
134.6,95.27777777777777,,,,,,,,,,1365.3795595169067
134.61,95.27777777777777,,,,,,,,,,1372.9683656692505
134.62,95.27777777777777,,,,,,,,,,1384.289776802063
134.63,95.27777777777777,,,,,,,,,,1399.5195741653442
134.65,95.27777777777777,,,,,,,,,,1407.6988954544067
134.66,95.27777777777777,,,,,,,,,,1419.1686220169067
134.67,95.27777777777777,,,,,,,,,1200.235055923462,1422.3986024856567
134.68,95.33333333333334,,,,,,,,,,1445.9038515090942
134.69,95.33333333333334,,,,,,,,,,1457.304913520813
134.7,95.33333333333334,,,,,,,,,,1461.9493837356567
134.71,95.33333333333334,,,,,,,,,,1473.2653017044067
134.72,95.33333333333334,,,,,,,,,,1487.8166933059692
134.73,95.33333333333334,,,,,,,,,,1497.4022645950317
134.74,95.33333333333334,,,,,,,,,,1510.8495302200317
134.75,95.33333333333334,,,,,,,,1168.7417316436768,,1533.3687562942505
134.76,95.38888888888889,,,,,,,,,,1542.3198671340942
134.77,95.38888888888889,,,,,,,,,,1551.1336488723755
134.78,95.38888888888889,,,,,,,,,,1567.4455995559692
134.79,95.38888888888889,,,,,,,,,,1575.616681098938
134.81,95.38888888888889,,,,,,15.752558708190918,,,,1591.1980409622192
134.82,95.44444444444444,,,,,,,,,,1616.4226503372192
134.83,95.44444444444444,,,,,,,,,,1624.6898622512817
134.84,95.44444444444444,,,,,,,,,,1632.7950258255005
134.85,95.44444444444444,,,,,,,,,,1643.808819770813
134.86,95.44444444444444,,,,,,,,,,1651.883770942688
134.87,95.44444444444444,,,,,,,,,,1664.7542543411255
134.88,95.44444444444444,,,,,,,,,,1676.6744203567505
134.9,95.44444444444444,,,,,,,,,,1686.2984437942505
134.91,95.44444444444444,,,,,,,,,,1697.6940126419067
134.92,95.44444444444444,12.187470436096191,,,,,,,,,1706.3375062942505
134.93,95.5,,,,,,,,,,1726.678692817688
134.94,95.5,,,,,,14.582438468933105,,,,1736.742169380188
134.95,95.55555555555556,,,,,,,,,,1742.1858949661255
134.96,95.55555555555556,,,,,,,,,,1758.7422914505005
134.97,95.55555555555556,,,,,,,,,,1766.855694770813
134.98,95.55555555555556,,,,,,,,,,1780.2205629348755
134.99,95.55555555555556,,,,,,,,,,1787.411114692688
135.0,95.61111111111111,,,1299.0156517028809,,,,,,,1814.6379823684692
135.01,95.61111111111111,,,,,,,,,,1824.1439027786255
135.02,95.61111111111111,,,,,,,,,,1836.5584535598755
135.03,95.61111111111111,,,,,,,,,,1844.7103090286255
135.04,95.61111111111111,,,,,,,,,,1852.186505317688
135.05,95.61111111111111,,,,,,,1242.6144075393677,,,1860.2230043411255
135.06,95.66666666666667,,15.660687446594238,,,,,,,,1881.1299867630005
135.07,95.72222222222221,,,,,,,,,,1892.165753364563
135.08,95.72222222222221,,,,,,,,,,1908.7194032669067
135.09,95.72222222222221,,,,,,,,,,1916.1022157669067
135.1,95.72222222222221,,,,,,,,,,1932.0323915481567
135.11,95.72222222222221,,,,,,,,,,1935.5370302200317
135.12,95.72222222222221,,,,,,,,,,1942.8264589309692
135.13,95.72222222222221,,,,,,,,,,1951.008526802063
135.15,95.72222222222221,,,,,,,,,,1970.3829164505005
135.16,95.72222222222221,,,,,,,,,1198.7949628829956,1979.5674867630005
135.17,95.77777777777777,,,,,,,,,,1991.6524477005005
135.18,95.77777777777777,,,,,,,,,,2009.4420595169067
135.19,95.77777777777777,,14.245808601379395,,,,,,,,2015.7042665481567
135.2,95.83333333333334,,,,,,,,,,2024.3120546340942
135.21,95.83333333333334,,,,,,,,,,2035.6169862747192
135.22,95.83333333333334,,,,,,,,,,2046.4549989700317
135.23,95.83333333333334,,,,,,,,,,2059.4078798294067
135.24,95.83333333333334,,,,,,,,,,2069.1747255325317
135.25,95.94444444444444,10.753645896911621,,1297.5827980041504,,,,1241.1846418380737,,,2089.699933052063
135.26,96.0,,,,,,,,,,2101.0350770950317
135.27,96.0,,,,,,,,,,2116.8828554153442
135.28,96.0,,,,,,,,,,2120.9615297317505
135.29,96.0,,,,,,,,,,2142.412335395813
135.3,96.0,,,,,,,,,,2151.102520942688
135.31,96.0,,,,,,13.146612167358398,,,,2164.6431703567505
135.32,96.05555555555556,,,,,,,,,,2169.0349550247192
135.33,96.05555555555556,,,,,,,,,,2181.7241640090942
135.34,96.05555555555556,9.31964111328125,,,,,,,,,2187.7501649856567
135.35,96.11111111111111,,,,,,,,,1197.3603773117065,2207.9183168411255
135.36,96.16666666666667,,,,,,,,,,2211.3158388137817
135.37,96.16666666666667,,,,,,,,,,2224.3428773880005
135.38,96.16666666666667,,,,,,,,,,2242.091290473938
135.4,96.16666666666667,,,,,,,,,,2255.2281923294067
135.41,96.16666666666667,,,,,,,,,,2264.7176332473755
135.42,96.16666666666667,,,,,,,,,,2273.6028261184692
135.43,96.16666666666667,,,,,,,,,,2281.6338319778442
135.44,96.16666666666667,,,,,,,1238.3273992538452,,,2290.2278871536255
135.45,96.27777777777777,,,,,,,,,,2302.5106019973755
135.46,96.27777777777777,,,,,,,,,,2318.6302919387817
135.47,96.27777777777777,,,,,,,,,,2323.2884950637817
135.48,96.27777777777777,,,,,,,,,,2332.7559633255005
135.49,96.33333333333334,,,,,,,,,,2359.590069770813
135.5,96.33333333333334,,,,,,,,,,2365.346905708313
135.51,96.33333333333334,,,,,,,,,,2390.2831239700317
135.52,96.33333333333334,,,,,,,1236.8997659683228,,,
135.53,96.38888888888889,,,,,,,,,,2398.0010194778442
135.55,96.38888888888889,,,,,,,,,,2432.1245546340942
135.56,96.38888888888889,,,,,,,,,,2440.482403755188
135.57,96.38888888888889,,,,,,,,,,2453.0370302200317
135.58,96.38888888888889,,,,,,,,,,2458.4423036575317
135.59,96.38888888888889,,,,,,,,,,2472.276837348938
135.6,96.38888888888889,,,,,,,,,,2484.515606880188
135.61,96.38888888888889,,,,,,,,,,2492.6537294387817
135.62,96.38888888888889,,,,,,,,,,2513.9974184036255
135.63,96.38888888888889,,,,,,,,,,2514.541241645813
135.65,96.38888888888889,,,,,,,,,,2534.7533388137817
135.66,96.38888888888889,,,,,,,,,,2542.787091255188
135.67,96.38888888888889,,,,,,,,,,2558.2476015090942
135.68,96.38888888888889,,,,,,,,,,2566.3774843215942
135.71,96.44444444444444,,,,,6.485025405883789,,,1167.3087663650513,,
135.73,96.55555555555554,,,,,,,,1165.8743696212769,,
135.91,96.66666666666667,,,,,,,,,1195.931757926941,
135.94,96.72222222222221,,,,,5.047399520874023,,,,,
135.97,96.77777777777777,,,,,,,,,1194.4792194366455,
136.04,96.83333333333334,,,,,,,,,1195.8078508377075,
136.05,96.88888888888889,,,,,,,,,1200.71324634552,
136.06,96.88888888888889,,,,,,,,,1216.73131275177,
136.07,96.88888888888889,,,,,,,,,1225.2182512283325,
136.08,96.88888888888889,,,,,,,,,1229.3683366775513,
136.09,96.88888888888889,,,1296.1466341018677,,,,,,1252.4341325759888,
136.1,96.88888888888889,,,,,,,,,1257.6801042556763,
136.11,96.94444444444444,,,,,,,,,1268.47691822052,
136.12,96.94444444444444,,,,,,,,,1284.2889909744263,
136.13,96.94444444444444,,,,,,,,,1292.6962785720825,
136.15,96.94444444444444,,,,,,,,,1300.8344011306763,
136.16,96.94444444444444,7.891069412231445,,,,,,,,1309.1455583572388,
136.17,97.0,,,1294.7176208496094,,,,,,1321.1206560134888,
136.18,97.05555555555556,,,,,,11.715171813964844,,,1333.4912614822388,
136.19,97.11111111111111,,,,,,,,,1349.1330461502075,
136.2,97.11111111111111,,,,,,,,,1362.157338142395,
136.21,97.11111111111111,,,,,,,,,1374.3246965408325,
136.22,97.11111111111111,,13.075181007385254,,,,10.293688774108887,,,1382.2568254470825,
136.23,97.22222222222221,,,,,,,,,1386.415150642395,
136.24,97.22222222222221,,,,,,,,,1405.8746843338013,
136.25,97.22222222222221,,,,,,,,,1426.4795427322388,
136.26,97.22222222222221,,,,,,,,,1437.3230485916138,
136.27,97.22222222222221,,,,,,,,,1448.2050065994263,
136.28,97.22222222222221,,,,,,,,,1462.989857673645,
136.29,97.22222222222221,,,,,,,,,1471.0730485916138,
136.3,97.22222222222221,,,,,,,,,1479.3237810134888,
136.31,97.22222222222221,,,,,,,,,1494.1525774002075,
136.32,97.22222222222221,,,,,,,,,1506.5698747634888,
136.33,97.22222222222221,,,,,,,,,1521.84361743927,
136.34,97.22222222222221,,,,,,,,,1526.3672380447388,
136.35,97.22222222222221,,,,,,,,,1541.0944108963013,
136.36,97.22222222222221,,,,,,,,,1549.04576587677,
136.37,97.22222222222221,,,,,,,,,1557.63707447052,
136.38,97.22222222222221,,,,,,,,,1575.5255632400513,
136.4,97.22222222222221,,,,,,,,,1583.5373430252075,
136.41,97.22222222222221,,,,,,,,,1599.2148332595825,
136.42,97.22222222222221,,,,,,,,,1607.7539567947388,
136.43,97.22222222222221,,,,,,,,,1616.117299079895,
136.44,97.22222222222221,,,,,,,,,1624.3103532791138,
136.45,97.22222222222221,,,,,,,,,1641.737416267395,
136.46,97.22222222222221,,,,,,,,,1654.5062761306763,
136.47,97.22222222222221,,11.64875602722168,,,,,,,1659.0875749588013,
136.48,97.27777777777777,,,,,,8.854896545410156,,,1667.665150642395,
136.49,97.33333333333334,,,,,,,,,1683.3124284744263,
136.5,97.38888888888889,,10.219606399536133,,,,,,,1704.54625415802,
136.51,97.38888888888889,,,,,,,,,1723.7448625564575,
136.52,97.38888888888889,,,,,,,,,1727.672474861145,
136.53,97.38888888888889,,,,,,,,,1739.0405778884888,
136.54,97.38888888888889,,9.057639122009277,,,,,,,1748.7085466384888,
136.55,97.44444444444444,,,,,,,,,1762.8973894119263,
136.56,97.44444444444444,,,,,,,,,1778.4348039627075,
136.57,97.44444444444444,,,,,,,,,1787.1716814041138,
136.58,97.44444444444444,,,,,,7.428974151611328,,,1799.5175676345825,
136.59,97.5,,,,,,,,,1804.52184009552,
136.6,97.5,,,,,,,,,1813.9178972244263,
136.61,97.5,6.461996078491211,,,,,,,,1833.5175065994263,
136.62,97.55555555555556,,,,,,,,,1846.05016040802,
136.63,97.55555555555556,,,,,,,,,1855.4626970291138,
136.65,97.55555555555556,,,,,,,,,1860.0851945877075,
136.66,97.55555555555556,,,,,,,,,1875.7297258377075,
136.67,97.55555555555556,,,,,,,,,1888.4985857009888,
136.68,97.55555555555556,,7.629443168640137,,,,,,,,
136.69,97.61111111111111,,,,,,,,,1912.748158454895,
136.7,97.61111111111111,,,,,,,,,1923.6438493728638,
136.71,97.61111111111111,,,,,,,,,1929.2688493728638,
136.72,97.61111111111111,,,,,,,,,1945.5835466384888,
136.73,97.61111111111111,,,,,,,1234.0318937301636,,1949.5551042556763,
136.74,97.72222222222223,,,,,,,,,1966.02086353302,
136.75,97.72222222222223,,,,,,,,,1987.1942644119263,
136.76,97.72222222222223,,,,,,,,,1991.805775642395,
136.77,97.72222222222223,,,,,,,,,2016.4178972244263,
136.78,97.72222222222223,,,,,,,,,2024.325306892395,
136.79,97.72222222222223,,,,,,,,,2030.4611711502075,
136.8,97.72222222222223,,,,,,,,,2041.2607316970825,
136.81,97.72222222222223,,,,,,,,,2056.7047624588013,
136.82,97.72222222222223,,,,,,,,,2065.6805925369263,
136.83,97.72222222222223,,,,,,,,,2083.9783220291138,
136.84,97.72222222222223,,,,,,,,,2085.5219011306763,
136.85,97.72222222222223,,,,,,,,,2102.7209978103638,
136.86,97.72222222222223,,,,,,,,,2108.129017829895,
136.87,97.72222222222223,,,,,,,,,2123.5291032791138,
136.88,97.72222222222223,,,,,,,,,2132.02428150177,
136.9,97.72222222222223,,,,,,6.2717132568359375,,,2141.9147233963013,
136.91,97.77777777777777,,,,,,,,,2157.2983293533325,
136.92,97.77777777777777,,,,,,,,,2161.46764087677,
136.93,97.77777777777777,,,,,,,,,2176.98033618927,
136.94,97.77777777777777,,,,,,,,,2193.4021501541138,
136.95,97.77777777777777,,,,,,,,,2199.4446306228638,
136.96,97.77777777777777,,,,,,,,,2207.5525407791138,
136.97,97.77777777777777,,,,,,,,,2221.6315202713013,
136.98,97.77777777777777,,,,,,,,,2240.2643327713013,
136.99,97.77777777777777,,,,,,,,,2248.91881275177,
137.0,97.77777777777777,,,,,,,,,2269.4907121658325,
137.01,97.77777777777777,,,,,,,,,2281.6992692947388,
137.02,97.77777777777777,,,,,,,,,2290.4279069900513,
137.03,97.77777777777777,,,,,,,,,2300.02721118927,
137.04,97.77777777777777,,,,,,4.837119102478027,,,2313.8205461502075,
137.05,97.83333333333333,,,,,,,,,2321.3242082595825,
137.06,97.83333333333333,,,,,,,,,2340.7480363845825,
137.07,97.83333333333333,,,,,,,,,2345.323842048645,
137.08,97.83333333333333,,,,,,,,,2356.9638566970825,
137.09,97.83333333333333,,,,,,,,,2372.5507097244263,
137.1,97.83333333333333,,,,,,,,,2388.90660572052,
137.11,97.83333333333333,5.034770965576172,,,,,,,,,
137.33,97.88888888888889,,,,,3.619847297668457,,,,,
137.55,97.94444444444444,,,1293.538535118103,,,,,,,
137.69,98.0,,,1292.099452972412,,,3.4114742279052734,,,,
137.73,98.11111111111111,3.5947799682617188,6.199091911315918,,,2.1642189025878906,,,,,
137.87,98.27777777777777,,,,,,,1232.6117811203003,,,
138.05,98.33333333333333,2.1646385192871094,,,,,,,,,
138.07,98.38888888888889,,,,,,,,1164.7253713607788,,
138.12,98.44444444444444,,,,,,,,1163.5651941299438,,
138.15,98.5,,,,,0.7272453308105469,,,,,
139.35,98.61111111111111,0.7272453308105469,0.7272453308105469,1289.2328519821167,,,1.9766921997070312,1228.3166427612305,1162.1464557647705,,
139.98,99.27777777777777,,,,,,0.5455036163330078,1229.9975509643555,,,
139.99,99.33333333333333,,,,,,,1231.3131637573242,,,
140.0,99.33333333333333,,,,,,,1254.1317672729492,,,
140.01,99.33333333333333,,,,,,,1262.3165817260742,,,
140.02,99.33333333333333,,,,,,,1273.0172653198242,,,
140.03,99.33333333333333,,,,,,,1281.0922164916992,,,
140.04,99.33333333333333,,,,,,,1293.9846725463867,,,
140.05,99.33333333333333,,,,,,,1307.1408004760742,,,
140.06,99.33333333333333,,,,,,,1315.4601974487305,,,
140.07,99.33333333333333,,,,,,,1325.3671188354492,,,
140.08,99.33333333333333,,,,,,,1338.5562057495117,,,
140.09,99.33333333333333,,,,,,,1350.643913269043,,,
140.1,99.33333333333333,,,,,,,1356.1013717651367,,,
140.11,99.33333333333333,,,,,,,1367.7578659057617,,,
140.12,99.33333333333333,,,,,,,1384.624626159668,,,
140.13,99.33333333333333,,,,,,,1392.7792282104492,,,
140.15,99.33333333333333,,,,,,,1412.4612350463867,,,
140.16,99.33333333333333,,,,,,,1419.6298141479492,,,
140.17,99.33333333333333,,,,,,,1424.4857711791992,,,
140.18,99.33333333333333,,,,,,,1436.721794128418,,,
140.19,99.33333333333333,,,,,,,1453.1600875854492,,,
140.2,99.33333333333333,,,,,,,1465.8163375854492,,,
140.21,99.33333333333333,,,,,,,1474.2236251831055,,,
140.22,99.33333333333333,,,,,,,1481.6091842651367,,,
140.23,99.33333333333333,,,,,,,1493.213493347168,,,
140.24,99.33333333333333,,,,,,,1505.485221862793,,,
140.25,99.33333333333333,,,,,,,1529.0536422729492,,,
140.26,99.33333333333333,,,,,,,1534.5275802612305,,,
140.27,99.33333333333333,,,,,,,1558.7167282104492,,,
140.28,99.33333333333333,,,,,,,1562.6827926635742,,,
140.29,99.33333333333333,,,,,,,1575.5972213745117,,,
140.3,99.33333333333333,,,,,,,1586.6384811401367,,,
140.31,99.33333333333333,,,,,,,1601.439811706543,,,
140.32,99.33333333333333,,,,,,,1609.6328659057617,,,
140.33,99.33333333333333,,,,,,,1621.2124557495117,,,
140.34,99.33333333333333,,,,,,,1633.684684753418,,,
140.35,99.33333333333333,,,,,,,1639.4799728393555,,,
140.36,99.33333333333333,,,,,,,1655.2371139526367,,,
140.37,99.33333333333333,,,,,,,1659.2086715698242,,,
140.38,99.33333333333333,,,,,,,1670.2224655151367,,,
140.4,99.33333333333333,,,,,,,1688.8387985229492,,,
140.41,99.33333333333333,,,,,,,1696.954948425293,,,
140.42,99.33333333333333,,,,,,,1716.6122360229492,,,
140.44,99.33333333333333,,,,,,,1720.4931564331055,,,
140.45,99.33333333333333,,,,,,,1736.6348190307617,,,
140.46,99.33333333333333,,,,,,,1756.786491394043,,,
140.47,99.33333333333333,,,,,,,1774.1036911010742,,,
140.48,99.33333333333333,,,,,,,1778.5641403198242,,,
140.49,99.33333333333333,,,,,,,1785.9304733276367,,,
140.5,99.33333333333333,,,,,,,1815.4067916870117,,,
140.51,99.33333333333333,,,,,,,1827.1456832885742,,,
140.52,99.33333333333333,,,,,,,1833.6990280151367,,,
140.53,99.33333333333333,,,,,,,1849.4177169799805,,,
140.54,99.33333333333333,,,,,,,1853.5842819213867,,,
140.55,99.33333333333333,,,,,,,1869.9182052612305,,,
140.56,99.33333333333333,,,,,,,1877.1472091674805,,,
140.57,99.33333333333333,,,,,,,1890.8334274291992,,,
140.58,99.33333333333333,,,,,,,1901.729118347168,,,
140.59,99.33333333333333,,,,,,,1915.8657760620117,,,
140.6,99.33333333333333,,,,,,,1928.8571090698242,,,
140.61,99.33333333333333,,,,,,,1940.7141036987305,,,
140.62,99.33333333333333,,,,,,,1949.157096862793,,,
140.63,99.33333333333333,,,,,,,1961.1157150268555,,,
140.65,99.33333333333333,,,,,,,1971.887809753418,,,
140.66,99.33333333333333,,,,,,,1975.9142990112305,,,
140.67,99.33333333333333,,,,,,,1984.005729675293,,,
140.68,99.33333333333333,,,,,,,2004.2919845581055,,,
140.69,99.33333333333333,,,,,,,2017.1652145385742,,,
140.7,99.33333333333333,,,,,,,2025.0121994018555,,,
140.71,99.33333333333333,,,,,,,2041.4999313354492,,,
140.72,99.33333333333333,,,,,,,2044.7628707885742,,,
140.73,99.33333333333333,,,,,,,2057.331230163574,,,
140.74,99.33333333333333,,,,,,,2065.5325241088867,,,
140.75,99.33333333333333,,,,,,,2095.442802429199,,,
140.76,99.33333333333333,,,,,,,2100.043327331543,,,
140.77,99.33333333333333,,,,,,,2110.7275314331055,,,
140.78,99.33333333333333,,,,,,,2127.0230026245117,,,
140.79,99.33333333333333,,,,,,,2136.0729904174805,,,
140.8,99.33333333333333,,,,,,,2152.505790710449,,,
140.81,99.33333333333333,,,,,,,2157.183219909668,,,
140.82,99.33333333333333,,,,,,,2172.8002853393555,,,
140.83,99.33333333333333,,,,,,,2181.751396179199,,,
140.84,99.33333333333333,,,,,,,2197.1679611206055,,,
140.85,99.33333333333333,,,,,,,2201.735527038574,,,
140.86,99.33333333333333,,,,,,,2217.146598815918,,,
140.87,99.33333333333333,,,,,,,2229.4924850463867,,,
140.88,99.33333333333333,,,,,,,2240.931999206543,,,
140.9,99.33333333333333,,,,,,,2247.919303894043,,,
140.91,99.33333333333333,,,,,,,2259.5291061401367,,,
140.92,99.33333333333333,,,,,,,2275.6982345581055,,,
140.93,99.33333333333333,,,,,,,2285.2371139526367,,,
140.94,99.33333333333333,,,,,,,2296.9265670776367,,,
140.95,99.33333333333333,,,,,,,2300.9585494995117,,,
140.96,99.33333333333333,,,,,,,2318.7893600463867,,,
140.97,99.33333333333333,,,,,,,2326.812126159668,,,
140.98,99.33333333333333,,,,,,,2334.977714538574,,,
140.99,99.33333333333333,,,,,,,2357.093193054199,,,
141.0,99.33333333333333,,,,,,,2372.5097579956055,,,
141.22,99.33333333333333,,,1289.324767112732,,,,,,,
141.52,99.3888888888889,,,,,,,2372.602427482605,,,
152.21,99.44444444444444,,,,,,,,,,2566.5992221832275
157.35,99.66666666666667,,,,,,,,1164.5349626541138,,
157.36,99.72222222222223,,,,,,,,1169.6600847244263,,
157.37,99.72222222222223,,,,,,,,1179.1193132400513,,
157.38,99.72222222222223,,,,,,,,1181.05016040802,,
157.4,99.72222222222223,,,,,,,,1200.95738697052,,
157.41,99.72222222222223,,,,,,,,1208.461049079895,,
157.42,99.72222222222223,,,,,,,,1225.3635149002075,,
157.43,99.72222222222223,,,,,,,,1234.1443376541138,,
157.44,99.72222222222223,,,,,,,,1253.9911394119263,,
157.45,99.72222222222223,,,,,,,,1257.7484636306763,,
157.46,99.72222222222223,,,,,,,,1272.5717668533325,,
157.47,99.72222222222223,,,,,,,,1276.5680437088013,,
157.48,99.72222222222223,,,,,,,,1291.1798601150513,,
157.49,99.72222222222223,,,,,,,,1303.78941822052,,
157.5,99.72222222222223,,,,,,,,1327.0090227127075,,
157.51,99.72222222222223,,,,,,,,1340.7639055252075,,
157.52,99.72222222222223,,,,,,,,1345.1721696853638,,
157.53,99.72222222222223,,,,,,,,1361.7999773025513,,
157.54,99.72222222222223,,,,,,,,1365.1974992752075,,
157.55,99.72222222222223,,,,,,,,1377.4912004470825,,
157.56,99.72222222222223,,,,,,,,1396.437123298645,,
157.57,99.72222222222223,,,,,,,,1406.3440446853638,,
157.58,99.72222222222223,,,,,,,,1414.4601945877075,,
157.59,99.72222222222223,,,,,,,,1421.683705329895,,
157.6,99.72222222222223,,,,,,,,1434.1367082595825,,
157.61,99.72222222222223,,,,,,,,1446.8890886306763,,
157.62,99.72222222222223,,,,,,,,1459.2377214431763,,
157.63,99.72222222222223,,,,,,,,1463.4344987869263,,
157.65,99.72222222222223,,,,,,,,1475.0635271072388,,
157.66,99.72222222222223,,,,,,,,1498.42320728302,,
157.67,99.72222222222223,,,,,,,,1508.3411149978638,,
157.68,99.72222222222223,,,,,,,,1517.6245622634888,,
157.69,99.72222222222223,,,,,,,,1528.85533618927,,
157.7,99.72222222222223,,,,,,,,1536.930287361145,,
157.71,99.72222222222223,,,,,,,,1545.5930070877075,,
157.72,99.72222222222223,,,,,,,,1563.2288103103638,,
157.73,99.72222222222223,,,,,,,,1571.4548234939575,,
157.74,99.72222222222223,,,,,,,,1579.425404548645,,
157.75,99.72222222222223,,,,,,,,1604.2627458572388,,
157.76,99.72222222222223,,,,,,,,1617.4243669509888,,
157.77,99.72222222222223,,,,,,,,1622.0248918533325,,
157.78,99.72222222222223,,,,,,,,1638.05943775177,,
157.79,99.72222222222223,,,,,,,,1649.6143083572388,,
157.8,99.72222222222223,,,,,,,,1661.7047624588013,,
157.81,99.72222222222223,,,,,,,,1670.1889543533325,,
157.82,99.72222222222223,,,,,,,,1681.7383317947388,,
157.83,99.72222222222223,,,,,,,,1693.8864641189575,,
157.84,99.72222222222223,,,,,,,,1705.4660539627075,,
157.86,99.72222222222223,,,,,,,,1726.2219743728638,,
157.87,99.72222222222223,,,,,,,,1739.3808488845825,,
157.88,99.72222222222223,,,,,,,,1748.7109880447388,,
157.9,99.72222222222223,,,,,,,,1754.3552141189575,,
157.91,99.72222222222223,,,,,,,,1774.564564704895,,
157.92,99.72222222222223,,,,,,,,1784.232533454895,,
157.93,99.72222222222223,,,,,,,,1797.8253679275513,,
157.94,99.72222222222223,,,,,,,,1808.25963306427,,
157.95,99.72222222222223,,,,,,,,1820.069935798645,,
157.96,99.72222222222223,,,,,,,,1824.4479875564575,,
157.97,99.72222222222223,,,,,,,,1836.7416887283325,,
157.98,99.72222222222223,,,,,,,,1856.24791431427,,
158.0,99.72222222222223,,,,,,,,1888.712513923645,,
158.01,99.72222222222223,,,,,,,,1899.27037525177,,
158.02,99.72222222222223,,,,,,,,1913.5992937088013,,
158.03,99.72222222222223,,,,,,,,1919.1089372634888,,
158.04,99.72222222222223,,,,,,,,1931.998646736145,,
158.05,99.72222222222223,,,,,,,,1943.4601335525513,,
158.06,99.72222222222223,,,,,,,,1954.125111579895,,
158.07,99.72222222222223,,,2673.8822622299194,,,,,1962.1863298416138,,
158.08,99.72222222222223,,,,,,,,1974.4662981033325,,
158.09,99.72222222222223,,,,,,,,1979.8303728103638,,
158.1,99.72222222222223,,,,,,,,2003.3905534744263,,
158.11,99.72222222222223,,,,,,,,2012.62730884552,,
158.12,99.72222222222223,,,,,,,,2020.7407121658325,,
158.13,99.72222222222223,,,,,,,,2029.4885759353638,,
158.15,99.72222222222223,,,,,,,,2046.9897966384888,,
158.16,99.72222222222223,,,,,,,,2051.9611101150513,,
158.17,99.72222222222223,,,,,,,,2071.3190202713013,,
158.18,99.72222222222223,,,,,,,,2078.907826423645,,
158.19,99.72222222222223,,,,,,,,2088.4027605056763,,
158.2,99.72222222222223,,,,,,,,2089.0097551345825,,
158.21,99.72222222222223,,,,,,,,2105.1349382400513,,
158.22,99.72222222222223,,,,,,,,2125.0998430252075,,
158.23,99.72222222222223,,,,,,,,2128.8022356033325,,
158.24,99.72222222222223,,,,,,,,2145.14439868927,,
158.25,99.72222222222223,,,,,,,,2162.1155290603638,,
158.26,99.72222222222223,,,,,,,,2174.7250871658325,,
158.27,99.72222222222223,,,,,,,,2186.1041765213013,,
158.28,99.72222222222223,,,,,,,,2193.4814958572388,,
158.29,99.72222222222223,,,,,,,,2216.5939836502075,,
158.3,99.72222222222223,,,,,,,,2225.9406023025513,,
158.31,99.72222222222223,,,,,,,,2233.5239152908325,,
158.32,99.72222222222223,,,,,,,,2244.68053150177,,
158.33,99.72222222222223,,,,,,,,2252.7362565994263,,2566.691137313843
158.34,99.77777777777777,,,,,,,,2260.7782487869263,,
158.35,99.77777777777777,,,,,,,,2272.5116472244263,,
158.36,99.77777777777777,,,,,,,,2287.7222185134888,,
158.37,99.77777777777777,,,,,,,,2301.7188005447388,,
158.38,99.77777777777777,,,,,,,,2313.092396736145,,
158.4,99.77777777777777,,,,,,,,2333.2935075759888,,
164.62,99.8888888888889,,,4058.439757347107,,,,,,,
164.91,99.8888888888889,,,,,,,,2333.385422706604,,
168.71,100.0,,,,,,0.0,,,,
168.72,100.0,0.0,,0.0,,,0.0,,,,0.0
168.73,100.0,,,,,,,,0.0,,0.0
168.74,100.0,,0.0,,,,,,0.0,0.0,
168.75,100.0,,,,0.0,0.0,,0.0,,0.0,
