time,workflow_completion_percentage,10.32.88.235:56282:1,10.32.89.1:51656:1,10.32.89.61:42668:1,10.32.90.219:43252:1,10.32.93.110:35316:1,10.32.93.120:43986:1,10.32.93.196:39208:1,10.32.93.198:38202:1,10.32.93.220:36782:1,10.32.93.222:45168:1
0.0,0.0,0.0,0.0,0.0,,0.0,0.0,1.219858596801758,,,
5.25,0.0,,,1.254486759185791,,,,0.0,,,
8.99,0.05555555555555555,0.06935345458984374,0.06359602355957031,0.0,0.06701444244384766,0.06225201797485352,0.06908658981323242,0.022821304321289062,0.05771524810791015,0.023289810180664065,0.04407318878173828
9.0,1.1666666666666667,,,,,,0.05188895034790039,,,,
10.29,1.1666666666666667,,0.06362585067749023,0.06800066375732422,0.04990830612182617,0.06796950531005859,0.057633361816406256,0.03999669647216797,0.06807828903198243,0.06918700408935548,0.022194915771484375
10.84,2.2222222222222223,,0.06364492416381837,0.06231241607666016,0.06704233169555664,0.062272552490234376,0.06336857223510742,0.06290165710449219,0.010727638244628907,,0.0649961051940918
11.37,3.0555555555555554,,0.06933486938476563,0.05652812576293945,,0.06799395751953125,0.05658808135986328,0.06754769897460937,0.06705534744262695,0.0634294319152832,0.05932608032226562
11.44,3.3888888888888893,,,0.06693790435791017,,,0.06805133819580078,,,0.06916129302978516,0.06502976989746094
11.55,3.3888888888888893,,,0.06122523498535156,,,,,,0.06342220306396484,
11.57,3.5000000000000004,,,0.06696282196044921,,,,,,0.0691491813659668,
11.59,3.5000000000000004,,,,,,,,0.06134172439575195,,
11.6,3.5555555555555554,,,,,,,,0.06705620193481444,,
11.75,3.5555555555555554,,,,0.06704487609863281,,,,,,
11.8,3.6111111111111107,,,,,,0.06231325149536133,,,,
11.86,3.6666666666666665,,,,,,0.06804269027709961,,,,
11.96,3.6666666666666665,,,,,,0.062331352233886715,,,,
11.97,3.722222222222222,,,,,,0.06814150619506837,,,,
12.0,3.722222222222222,,,,,,0.06241250610351562,,,,
12.01,3.7777777777777777,,,,,,0.06813677597045899,0.06185237121582031,,,
12.04,3.833333333333333,,,,,,0.06238615417480469,0.06753830337524414,,,
12.11,3.888888888888889,,0.06935545730590821,,,,0.06811269378662109,,,,
12.13,4.0,,,,,,0.06238698959350585,,,,
12.15,4.055555555555555,,,,,,0.06809719848632813,,,,
12.26,4.055555555555555,,,,,,,0.06757952117919923,,,
12.29,4.111111111111112,,,,,,,,,0.06910392379760742,
12.32,4.166666666666666,,,,,,0.06235450744628906,,,,
12.34,4.222222222222222,,,,,,0.06707085037231446,,,,
12.46,4.222222222222222,,,,,,,,0.06699688339233398,,
12.5,4.333333333333334,0.06366490173339844,,,,,,,,,
12.51,4.333333333333334,0.06948741531372071,,,,,,,,,
12.59,4.333333333333334,,,,,0.06911381149291992,,,,,
12.61,4.388888888888888,,,,,,,,0.06127058792114257,,
12.67,4.444444444444445,,,,,,,,0.0669931526184082,,
12.69,4.444444444444445,,,,,,,,,0.06912478256225586,
12.75,4.555555555555555,,,,0.06815226364135743,,,,,,
12.76,4.555555555555555,,0.06360075378417969,,,,,,,,
12.78,4.611111111111111,,0.06822979736328125,,,,,,,,
12.81,4.611111111111111,,,,,,,,,,0.06038124465942383
12.82,4.666666666666667,,,,,,,,,,0.06610443115234375
12.86,4.666666666666667,,,,0.06924807739257813,,,,,,
12.96,4.722222222222222,,,,,,,,0.06235319900512696,,
12.98,4.777777777777778,,,,,,,,0.06705844879150391,,
13.0,4.777777777777778,0.06951613235473633,,,,,,,,,
13.15,4.833333333333333,,,,,,,,,0.06920488357543945,
13.18,4.888888888888889,,,,,,,,,0.06346869659423827,
13.2,4.944444444444445,,,,,,,,,0.06332664489746094,
13.21,5.0,,,,,,,,,0.06905213928222656,
13.25,5.0,,,,,,,,,0.06331924819946289,
13.26,5.055555555555555,,,,,,,0.06758647155761718,,0.06903831100463867,
13.28,5.111111111111112,,,,,,,0.067614013671875,,,
13.41,5.166666666666667,,,,,,,0.06187480545043945,,,
13.43,5.222222222222222,,,,0.06347576522827149,,,0.061922119140625,,,
13.46,5.333333333333333,,,,0.06920051956176758,0.06340678787231446,,0.06766542434692382,,,
13.5,5.388888888888889,,,,,0.0690817413330078,,0.06664661788940429,,,
13.52,5.444444444444444,,,,,0.06796171951293944,,,,,
13.55,5.5,,,,,0.06854296493530274,,,,,
13.57,5.555555555555555,,,,,0.0628465576171875,,,,,
13.61,5.611111111111111,,,,0.0634683952331543,0.05606988143920899,,,,0.0633068962097168,0.05461995315551758
13.88,5.944444444444445,,0.04525842666625977,,0.04672865676879883,0.050799812316894524,,0.06091059875488282,0.06133536148071289,0.06393738555908203,0.06103757858276367
13.9,6.777777777777779,,,,,,,,,,0.05069618225097656
14.57,6.888888888888889,0.0637594108581543,0.04497482299804687,,0.0645741424560547,0.06731839370727538,,0.05684099197387695,0.0630411605834961,0.03438280868530273,0.05880766296386719
15.08,7.833333333333334,0.070255126953125,0.06861594009399413,,0.05874303436279297,0.061600906372070316,,0.04575326156616211,0.06883874893188477,0.06902358627319335,0.040827659606933596
15.09,8.444444444444445,0.018421955108642578,,,,,0.061364635467529294,,,,
15.67,9.055555555555555,0.07014100646972657,,0.05660837936401367,0.07068752670288087,0.06758698272705078,0.06281956863403321,0.05667713165283204,0.04012222671508789,,0.06453956985473633
16.2,9.666666666666666,,,0.06846308135986327,,,0.0686275634765625,,0.06977542495727539,,0.0703306312561035
16.21,9.666666666666666,0.06418282318115234,0.06284252548217774,,0.05899174118041993,0.06163265609741211,0.05720544815063476,0.06749140930175782,0.05833741760253906,0.0632917251586914,0.0646269416809082
16.66,10.277777777777777,,,,,,0.06886736297607421,,,,
16.67,10.277777777777777,0.06996246337890626,0.06880402755737305,0.05132884216308593,0.06482075119018554,0.06737937545776367,0.06415102005004883,0.055789691925048825,0.06542112731933593,0.06339754486083984,0.07057554626464843
17.34,10.777777777777779,0.06417423248291015,0.06305352401733398,0.040272132873535156,0.06502598190307618,0.061657970428466796,0.04693568801879883,0.06272175979614258,0.053901325225830084,0.05768508911132812,0.05877926254272461
18.12,11.944444444444445,0.06430670166015624,0.06328536987304688,0.06269311141967773,0.05949131011962891,0.05232629776000977,0.0473511962890625,0.051103843688964846,0.06526622772216797,0.05906886672973633,0.05375872421264649
18.69,13.111111111111112,0.070240234375,0.06458034133911132,0.06278224182128907,0.07118358612060546,0.06522770309448242,0.07101324462890625,0.06434310150146484,0.07121398162841797,0.059878131866455075,0.057663204193115235
18.7,13.5,,,,,,0.053550151824951174,,,,
19.1,13.722222222222221,0.06441772079467774,0.07035251235961915,0.06745852661132813,0.04192835998535156,0.06502014541625976,0.07113238143920898,0.0643139419555664,0.05936186218261719,0.05991250228881836,0.063629150390625
19.35,14.444444444444443,0.06924834442138672,,,0.0693447380065918,0.059292194366455074,0.06533122634887695,0.06568787002563477,0.0655035285949707,0.04783880233764648,0.06954784011840821
19.76,14.944444444444443,0.06350921630859375,,,,0.05360140228271484,0.07110279464721679,0.05979530334472656,0.06558419799804688,0.0654426612854004,0.051815490722656246
20.08,15.555555555555555,0.06948899459838867,0.06566299438476562,0.06169043731689453,0.06354366302490234,0.06454778671264648,,0.059545639038085935,0.0713929443359375,0.07126363754272462,0.06929766845703125
20.31,15.88888888888889,,0.07145109558105468,0.0674718132019043,0.06354634475708008,0.06436459732055663,,0.07130184173583984,0.05953458786010742,0.06543778610229492,0.06350660705566406
20.52,16.22222222222222,,,,0.06951947402954102,0.06432751846313477,0.06531064987182618,,0.05946208190917969,0.0654321746826172,0.06349000167846679
20.62,16.555555555555557,,,,,0.07008615112304688,0.07130215072631836,0.06534253311157226,0.07139165115356445,0.07019611740112304,0.06929916763305664
20.63,16.61111111111111,,,,,,,0.07115949630737305,0.06541998672485352,,
20.65,16.666666666666664,,,,,,,,0.07135704803466797,,
20.77,16.666666666666664,,,,,,0.06547801208496094,,,,
20.78,16.72222222222222,,,,,,0.07142430877685547,,,,
20.84,16.72222222222222,0.06481180572509766,,,,,,,,,
20.87,16.77777777777778,0.07072186279296876,,,,,,,,0.07035389328002929,
20.91,16.833333333333332,,,,,0.06410007476806641,,,,,
20.94,16.88888888888889,,,,,0.06989424514770508,,,0.0655871810913086,,
20.96,16.944444444444446,,,,,,,,0.07154563140869141,,
20.98,16.944444444444446,,,,,,,0.06535207748413085,,,
21.0,17.0,,,,,,,0.07130645751953125,,,
21.01,17.0,,,,,0.06414752578735353,,,,0.0644066390991211,
21.02,17.11111111111111,,,,,0.06990327072143555,,0.06554109954833985,,,
21.05,17.166666666666668,,0.06563312149047852,,,,,0.0703807487487793,,0.0703496208190918,
21.09,17.22222222222222,,,,,,0.06565237808227539,,,0.06451201248168946,
21.12,17.333333333333336,,0.059517299652099606,,,,0.07144878387451171,,,0.07043900299072266,
21.15,17.444444444444446,,0.07005886459350587,,,,,,,,
21.21,17.444444444444446,,0.06413706207275391,,,,,,,,
21.22,17.5,,0.06896156692504882,,0.06355399703979492,,,,,,
21.23,17.555555555555554,,,,0.06953164291381836,,,,,,
21.36,17.555555555555554,,,,,,,,0.0657537956237793,,
21.41,17.61111111111111,,,,,0.06412206649780273,,,,,
21.42,17.666666666666668,,0.06298009490966798,,,,,,,,
21.43,17.72222222222222,,,,,,,0.06442636871337891,,,
21.44,17.77777777777778,,0.057029449462890625,,,,,,,0.0644433822631836,
21.45,17.888888888888886,,0.05124225234985351,,,,,,,,
21.48,17.944444444444443,,,,,,,,0.06002611541748047,,
21.51,18.0,,,,0.06355851364135742,,,,,,
21.57,18.055555555555554,,,,,,,,,0.05851639175415039,
21.62,18.11111111111111,,,,0.05767893600463868,,,,,0.05273999786376953,
21.65,18.22222222222222,,,0.06169043731689453,,,,,,,
21.66,18.27777777777778,,,,,,0.06554983139038086,,,,
21.7,18.333333333333332,,,,0.05175798797607422,,,,,,
21.72,18.38888888888889,0.06458963012695312,,,,,,,,,
21.75,18.5,,,,,,0.059786869049072267,,,,
21.77,18.5,,,,,,,0.05863296890258789,,,
21.86,18.555555555555557,,,,,,,,,,0.06335156631469727
21.9,18.61111111111111,,,,,,,,,,0.05849451446533203
21.93,18.666666666666668,,,,,,,,,,0.05360768890380859
21.94,18.722222222222225,0.05877059936523438,,,,,,,,,
22.0,18.777777777777775,0.052961280822753906,,,,,,,,,
22.01,18.833333333333332,0.046811920166015625,,,,,,,,,
22.04,18.88888888888889,,,,,,,,0.05423458099365234,,
22.06,18.944444444444443,,,,,,,,,,0.047816009521484376
22.11,19.0,0.04088933181762695,,,,,,,,,
22.25,19.055555555555557,,,0.050892776489257815,,,,,,,
22.35,19.166666666666668,,,0.04497865676879883,,,,,,,
22.36,19.22222222222222,0.03508711624145508,,,,,,,,,
22.4,19.27777777777778,,,,0.045814380645751954,,,,,,
22.47,19.333333333333332,,0.04545012283325195,,,,,0.052643108367919925,,,
22.54,19.444444444444446,,,,,0.0583263931274414,,,,,
22.66,19.5,,,,,,,0.04668799209594726,,,
22.73,19.555555555555557,,,,,,,,,,0.0418225212097168
22.74,19.61111111111111,,,,,,0.05379536819458008,,,,
22.79,19.666666666666664,,,0.04027215576171875,,,,,,,
22.87,19.72222222222222,,,,,,,,0.04828682708740234,,
22.91,19.77777777777778,,,0.034344108581542965,,,,,,,
22.93,19.833333333333332,,,,,,0.047870346069335934,,,,
22.97,19.88888888888889,,,,,,,0.040768161773681644,,,
23.0,20.0,,,,,,,,,0.04694203567504883,
23.08,20.0,,,,0.040976779937744144,,,,,,
23.11,20.055555555555554,0.02930747604370117,,,,,,,,,
23.16,20.11111111111111,,,,,,,,,,0.035870113372802735
23.2,20.166666666666664,,,,,,,,,0.04117356491088867,
23.34,20.22222222222222,,,,,,,0.03485452270507813,,,
23.35,20.27777777777778,,,,0.035084461212158205,,,,,,
23.38,20.333333333333332,,0.03948862075805664,,,,,,,,
23.42,20.38888888888889,,,,,0.052401447296142586,,,,,
23.43,20.444444444444446,,,,0.03022103500366211,,,,,,
23.45,20.5,,,,,,,0.028663131713867186,,,
23.48,20.555555555555554,,,,,,,,,,0.029951423645019532
23.5,20.666666666666668,,,,,,,,,0.03520895767211914,
23.54,20.666666666666668,,,,,,,,,,0.024028263092041015
23.57,20.72222222222222,,,0.028398944854736326,,,,,,,
23.58,20.77777777777778,,,,,,,,,0.029253273010253905,
23.61,20.833333333333336,,,,,,,,0.042319236755371095,,
23.7,20.88888888888889,,,,,,,,0.036368228912353515,,
23.73,20.944444444444443,,,,,,,0.022638050079345703,,,
23.75,21.055555555555554,,,0.022591381072998046,,,,,,,
23.76,21.055555555555554,,,,0.02427927017211914,,,,,,
23.8,21.11111111111111,,,,0.018528759002685545,,0.03606293869018554,,,,
23.93,21.27777777777778,,,,,,0.03025996780395508,,,,
23.95,21.333333333333332,,,,,0.04659396362304688,,,,,
24.01,21.38888888888889,,,,,,0.024208297729492186,,,,
24.02,21.444444444444443,,,,,0.04063916778564453,,,,,
24.09,21.5,,,,,,,,,0.02323472213745117,
24.11,21.555555555555557,,,0.016811233520507812,,,,,,0.018470779418945312,
24.13,21.666666666666668,,,0.01213494873046875,,,,,,,
24.17,21.722222222222225,,,,,,,,,,0.018274688720703123
24.18,21.777777777777775,,,,,,,,,,0.01246924591064453
24.21,21.833333333333332,0.02338207244873047,,,,,,,0.03055948257446289,,
24.23,21.944444444444443,,,,,,,0.0168181037902832,,,
24.27,22.0,,,0.006191314697265625,,,,,,,
24.32,22.055555555555557,,,,,0.030057060241699216,,,,,
24.4,22.166666666666668,,,,,,0.01824235153198242,,,,
24.41,22.22222222222222,,,,0.006705726623535156,,,,,,
24.49,22.333333333333332,,,,,,,0.011021209716796874,,,
24.57,22.38888888888889,,,0.005308444976806641,,,,,,,
24.58,22.444444444444443,,,0.00950522232055664,,,,0.006181560516357422,,,
24.59,22.5,,,0.060690525054931645,,,,,,,
24.6,22.5,,,0.12497153091430664,,,,,,,
24.61,22.5,,,0.15805136489868166,,,,,,,
24.62,22.5,,,0.19779990005493164,,,,,,,
24.63,22.5,,,0.21451010513305666,,,,,,,0.006537246704101563
24.65,22.555555555555557,,,0.2893489723205567,,,,,,,
24.66,22.555555555555557,,,0.32280234146118164,,,,,,,
24.67,22.555555555555557,0.018551448822021484,,0.36138632583618163,,,,,,,
24.68,22.61111111111111,,,0.4267879371643067,,,,,,,
24.69,22.61111111111111,,,0.46392172622680666,,,,,,,
24.7,22.61111111111111,,0.033546241760253906,0.5013521461486816,,,,,,,
24.71,22.666666666666664,,,0.5644795875549317,,,,,,,
24.72,22.666666666666664,,,0.5882979469299316,,,,,,,
24.73,22.666666666666664,,,0.6067110328674317,,,,,,,
24.74,22.666666666666664,,,0.7152779273986817,,,,,,,
24.75,22.666666666666664,,,0.7579048805236817,,,,,,,
24.76,22.666666666666664,,,0.8228780250549317,,,,,,,
24.77,22.666666666666664,,,0.8446309547424317,,,,,,,
24.78,22.666666666666664,,,0.9156136207580566,,,,,,,
24.79,22.666666666666664,,,0.9644698219299317,,,,,,,
24.8,22.666666666666664,,,0.9957149391174317,,,,,,,
24.81,22.666666666666664,,,1.0481197242736817,,,,,,,
24.82,22.666666666666664,,,1.1142903785705567,,,,,0.024553161621093746,,
24.84,22.72222222222222,,,1.1880965309143066,,,0.012470783233642577,,,,
24.85,22.77777777777778,,,1.2264937477111817,,,,,,,
24.86,22.77777777777778,,,1.2428743629455568,,,,,0.01861470413208008,,
24.87,22.833333333333332,,,1.3215144996643067,,,,,,0.012649814605712892,
24.88,22.88888888888889,,,1.3431026344299317,,,,,,,
24.9,22.88888888888889,,,1.3768746070861817,,,,,,,0.0007280807495117187
29.0,23.61111111111111,0.0007280807495117187,0.0007280807495117187,5.156204441070557,0.0007280807495117187,0.0007280807495117187,0.0007280807495117187,0.0003645973205566406,0.0007280807495117187,0.0007280807495117187,1.2205866775512695
34.31,24.27777777777778,,,,,,1.3252035903930663,1.0369466285705566,,,
34.32,24.27777777777778,,,,,,,4.9121761207580565,,,0.0007280807495117187
35.54,24.444444444444443,0.07008042144775391,0.06981355667114257,,0.06871175003051758,0.0641885871887207,,,0.050527046203613285,0.07003884887695312,0.05000588607788086
35.61,24.88888888888889,,,,,0.06989767837524415,,,0.06661491394042969,,0.06154078292846679
35.62,24.944444444444443,,,,,,,,,,0.06722679138183593
35.77,24.944444444444443,,,,,,,,,0.06432299041748048,
35.78,25.0,,,,,,,,,0.07009530258178712,
35.93,25.0,,,,0.06763106536865235,,,,,,
35.95,25.055555555555554,,,,,0.06416035461425781,,,,,
36.0,25.11111111111111,,,,,0.06988858795166016,,,,,
36.05,25.11111111111111,,,,,,,,,,0.06722260665893555
36.07,25.166666666666664,,,,,,,,,,0.06735951232910156
36.24,25.222222222222225,,0.06970465469360351,,,,,,,,
36.35,25.27777777777778,,,,,,,,0.06663965225219726,,
36.63,25.333333333333336,,,,,0.06415264892578125,,,,,
36.65,25.38888888888889,,,,,0.06988554000854492,,,,,
36.69,25.38888888888889,,,,,,,,,0.07008413314819335,
36.73,25.444444444444443,,,,,0.06417644882202149,,,,,
36.74,25.5,,,,,0.06989539337158204,,,,,
36.84,25.5,,,,,,,,,0.06435270309448242,
36.86,25.555555555555554,,,,,,,,,0.07005432510375977,
37.1,25.555555555555554,,,,,,0.0007280807495117187,,,,
37.27,25.61111111111111,,0.06395464324951171,,,,0.06862271881103515,,,,
37.31,25.666666666666664,,0.06859459686279297,,,,,,,,
37.52,25.666666666666664,,0.05717827224731445,,,,,,,,
37.53,25.77777777777778,,0.06290135955810547,,,,,,,,
37.54,25.77777777777778,,0.06867477416992188,,,,,,,,
37.55,25.77777777777778,,,,0.06193411254882813,,,,,,
37.57,25.833333333333336,,,,0.0676515998840332,,,,,,
37.66,25.833333333333336,,0.06296323013305664,,,,,,,,
37.7,25.88888888888889,,0.06868670654296874,,,,,,,,
37.88,25.88888888888889,,,,,,0.06868923950195312,,,,
37.96,25.944444444444443,,,,,,,,,,0.06275308609008788
37.97,26.055555555555554,,,,,,,,,,0.06849774169921875
37.98,26.055555555555554,,,,,,,,,,0.06387055206298828
37.99,26.111111111111114,,,,,,,,,,0.06960196685791016
38.0,26.222222222222225,,,,,,,,0.06302063751220703,,
38.02,26.222222222222225,,,,,,,,0.06875972747802735,,
38.2,26.222222222222225,,,,,,,,0.06306812286376953,,
38.21,26.27777777777778,,,,,,,,0.06881259536743164,,
38.22,26.27777777777778,,,,,,,,,,0.06964406585693358
38.37,26.333333333333332,,,,,,,,,0.06432190704345703,
38.38,26.38888888888889,,,,,,,,,0.07003075408935547,
38.56,26.38888888888889,,,,,,,,,0.06996429824829101,
38.72,26.444444444444443,,,,,,,,,,0.06393923950195313
38.81,26.5,,,,,,,,0.06300748443603515,,0.06395299530029297
38.83,26.722222222222218,,,,,,,,0.06872177124023438,,0.06966732025146485
38.86,26.77777777777778,,,,,,,,0.06299488067626953,,
38.93,26.833333333333332,,,,,,,,0.06764831924438476,,
38.95,26.833333333333332,,,,,,,,0.05619690322875977,,
38.99,26.944444444444443,,,,,,0.06292601013183594,,0.06775721359252929,,
39.0,27.0,,,,,,0.06864230346679687,,,0.06427605056762696,
39.03,27.055555555555554,,,,,,,,,0.06997696685791015,
39.04,27.055555555555554,,,,,,,,,,0.06392447662353516
39.05,27.111111111111114,,,,,,,,,,0.06961980438232422
39.18,27.111111111111114,,,,,,0.06294456100463867,,,,
39.2,27.166666666666668,,,,,,0.06876370239257812,,0.06311502838134765,,
39.21,27.22222222222222,,,,,,,,0.06882072830200196,,
39.22,27.22222222222222,,,,,,,,,0.06989817810058593,
39.23,27.27777777777778,,,,,,,,,0.06419578170776367,
39.25,27.333333333333332,,,,,,,,,0.06891204071044921,
39.3,27.333333333333332,,,,,,,,,0.06314875793457031,
39.31,27.444444444444443,,,,,,,,,0.06194882202148437,
39.33,27.500000000000004,,,,,,,,,0.06193266677856445,
39.34,27.555555555555557,,,,,,,,0.06902802658081054,0.06083552932739258,
39.38,27.666666666666668,,,,,,,,,0.060815036773681636,
39.42,27.72222222222222,,,,,,,,,0.06652825164794922,
39.58,27.72222222222222,,,,0.06300587463378907,,,,,,
39.61,27.77777777777778,,,,0.06871477508544922,,,,,,
39.63,27.77777777777778,,,,,,,,0.06328893661499024,,
39.65,27.833333333333332,,,,,,,,0.0690394401550293,,
39.78,27.833333333333332,,,,,,,,,0.06085822677612305,
39.79,27.88888888888889,,,,,,,,,0.06658103561401367,
39.81,27.88888888888889,,,,,,,,,0.06080872344970703,
39.82,27.944444444444443,,,,,,,,,0.06654455566406249,
39.88,27.944444444444443,,,,,0.06417755126953124,,,,,
39.93,28.000000000000004,,,,,0.06985293579101563,,,,,0.05806772232055664
39.94,28.111111111111107,,,,,,,,,,0.06842643356323241
39.95,28.111111111111107,,,,,0.06407188415527344,,,,,
39.96,28.166666666666668,,,,,0.06875236511230469,,,,,0.0684263916015625
39.99,28.22222222222222,,,,,0.06299763488769532,,,0.06330520629882812,,
40.02,28.333333333333332,,0.06299980163574219,,,0.03439272689819336,0.06300613021850586,,0.06903096771240234,,
40.18,28.77777777777778,,0.06876017379760743,,,0.06877588653564454,0.06768864059448242,,,,
40.23,28.77777777777778,,,,0.06406269454956054,,,,,,
40.24,28.833333333333332,,,,0.06975263977050782,,,,,,
40.3,28.833333333333332,0.06907434844970703,,,,,,,,,
40.33,28.888888888888886,,,,,,,,,,0.06271372222900391
40.35,28.944444444444446,,,,,,,,,,0.06841916275024414
40.42,28.944444444444446,,,,,,,,,,0.06830035018920898
40.45,28.999999999999996,,,,0.06404561614990234,,,,,,
40.52,29.055555555555557,,,,0.0640594482421875,,,,,,0.06829045867919922
40.53,29.166666666666668,,,,0.06979130935668945,,,,,,
40.54,29.166666666666668,,,,0.06405474472045898,,,,,,
40.62,29.22222222222222,,,,0.0469178352355957,,,,0.06329478073120118,0.06080872344970703,
40.71,29.555555555555557,,,,0.05832930755615234,,,,0.06910493469238281,0.06649465560913086,
40.72,29.666666666666668,0.06912910079956056,,,0.06978274154663086,0.06881743240356446,,,,,
40.73,29.777777777777775,,,,0.0640927963256836,,,,,,
40.81,29.833333333333336,,,,0.06981755065917969,,,,,,0.06259513092041016
40.86,29.888888888888886,,,,,,,,,,0.0682700843811035
40.99,29.888888888888886,,,,,,,,,0.0654344482421875,
41.17,29.944444444444446,,,,,,,,,0.06432881927490235,
41.19,30.0,,0.0687522201538086,,,,,,,,
41.25,30.11111111111111,,0.06879721069335937,,,,,,,,
41.37,30.11111111111111,,,,,0.0630891990661621,,,,,
41.47,30.166666666666668,,0.05155766677856445,,0.06407485961914063,0.06879973220825195,,,,,
41.48,30.388888888888886,,0.0676978645324707,,0.06978506851196288,,,,,,
41.5,30.444444444444446,,,,0.06405809020996094,,,,,,
41.56,30.444444444444446,,0.061972160339355466,,0.06976399993896484,,0.06304011535644531,,,,
41.57,30.555555555555557,,0.06779467391967774,,,,0.06880569458007812,,,,
41.67,30.555555555555557,0.06910836029052735,,,,,,,,,
41.74,30.61111111111111,,,,,,,,,,0.06253866958618165
41.75,30.666666666666664,,,,,,,,,,0.06824124908447265
41.84,30.666666666666664,,,,,0.06878407669067384,,,,,
41.94,30.72222222222222,,,,,0.06305778121948243,,,,,
41.95,30.777777777777775,,,,,0.06878096771240234,,,,,
41.96,30.777777777777775,0.06798068237304687,,,,,,,,,
41.97,30.833333333333336,0.06227426528930664,,,,,,,,,
42.0,31.0,0.06228048706054687,,,,0.06775332641601563,,,,,
42.01,31.0,0.06227714538574219,,,,,,,,,
42.02,31.055555555555554,0.0679908790588379,,,,,,,,,
42.03,31.055555555555554,0.06227132034301758,,,,,,,,,
42.04,31.11111111111111,0.06795177078247071,,,,,,,,,
42.06,31.11111111111111,0.0678803596496582,,,,0.0677598762512207,,,,,
42.08,31.222222222222225,0.06785965728759766,,,,,,,,,
42.09,31.277777777777775,0.06191673278808594,,,,,,,,,
42.1,31.333333333333336,0.06851991271972656,,,,,,,,,
42.12,31.333333333333336,0.0688492317199707,,,,,,,,,
42.13,31.38888888888889,,0.06211295318603516,,,,,,,,
42.16,31.444444444444446,,0.06874073791503907,,,,,,,,
42.19,31.444444444444446,0.06313211822509766,,,,,,,,,
42.2,31.5,0.06927178955078124,,,,,,,,,
42.25,31.5,,,,,,,,,,0.06896872711181641
42.26,31.555555555555554,,,,,,,,,,0.06322407150268555
42.27,31.61111111111111,,,,,,,,,,0.06931792068481446
42.36,31.61111111111111,,,,,,,,,,0.06361691665649415
42.41,31.666666666666664,,,,,,,,0.06987149047851562,,0.06969606018066406
42.44,31.722222222222225,,,,,,,,0.0652180519104004,,
42.53,31.77777777777778,,,,,,0.0459538459777832,,0.0658524398803711,0.059684738159179684,
42.69,32.111111111111114,,0.06410078430175781,,0.06404651260375976,0.06200470733642578,0.04682974243164063,,0.07213992309570312,0.06635071182250978,
42.88,32.5,,0.06474977111816406,,0.07069920349121094,0.06864925765991212,0.07054145050048828,,,0.051277736663818366,
43.01,32.72222222222222,0.0630320930480957,0.07100769805908203,,,,,,,0.06982409286499024,
43.02,32.77777777777778,,,,,0.06292607116699218,,,,,
43.03,32.83333333333333,0.06926141357421875,,,,0.06921307754516601,,,,,
43.09,32.83333333333333,,,,,,,,0.0664256362915039,,
43.11,32.88888888888889,,,,,,,,0.06678028106689453,,
43.13,32.94444444444444,,,,,,,,0.06734547424316406,,
43.21,33.0,,,,,,,,0.06731962585449218,,0.05825436401367187
43.23,33.166666666666664,0.06354767990112305,,,,,,,0.07339881896972655,,0.07066099166870117
43.24,33.22222222222222,0.06856894683837891,,,,,,,,,
43.25,33.22222222222222,,,,,,,,,0.0637060546875,
43.3,33.27777777777778,,,,,,,,0.06759262466430664,0.06862234115600586,
43.35,33.33333333333333,,,,,,,,0.07382082748413087,,
43.38,33.33333333333333,,,,0.06440999603271484,,,,,,0.06601494979858398
43.49,33.44444444444444,0.06284988403320313,,,0.0705019302368164,,,,0.06811512756347657,0.06290574264526366,0.07261242294311523
43.53,33.611111111111114,0.06901623153686523,,,,,,,0.07434300231933594,0.0690942039489746,
43.65,33.611111111111114,,,,,,,,,0.06338142013549805,
43.66,33.666666666666664,,,,,,,,,0.06962966537475586,
43.68,33.666666666666664,,,,,,,,0.06838158798217774,0.06391645050048829,
43.69,33.77777777777778,,,,,,0.06431341552734375,,0.07468224716186522,0.0702289810180664,
43.7,33.83333333333333,,,,,,0.0704100685119629,,,0.06449682235717773,
43.81,33.88888888888889,,,,,,,,0.06845404434204101,0.07058785629272461,
43.82,33.94444444444444,,,,,,,,0.07484270095825195,,
43.93,33.94444444444444,,,,,,,,0.07400814437866211,,
43.96,34.0,,,,,,,,0.0679687614440918,,
44.0,34.05555555555556,,,,,,,,0.07427346420288086,,
44.01,34.05555555555556,,,,,,,,,0.06486504745483399,
44.05,34.11111111111111,,,,,,,,,0.07117890930175781,
44.11,34.11111111111111,,0.0716016731262207,,,,,,,,
44.12,34.166666666666664,,,,,,0.0643422737121582,,,,
44.17,34.22222222222222,,0.0658282585144043,,,,0.07068122482299805,,,,
44.25,34.333333333333336,0.06287656021118164,0.07215227890014649,,,0.07077236938476562,,,,,
44.31,34.38888888888889,0.06914199066162109,,,,0.06509698486328125,,,,0.06549297714233399,
44.32,34.5,,,,,0.07141416549682618,,,,0.07174333190917968,0.06688034057617187
44.36,34.55555555555556,,,,,,0.07218251037597656,,0.07457321548461915,,0.0728203468322754
44.38,34.66666666666667,,0.07273354721069336,,,,0.06646621704101563,,,,
44.4,34.77777777777778,,,,,,0.07281184768676759,,,,
44.47,34.77777777777778,,,,,,,,,0.06542947006225586,
44.5,34.833333333333336,,,,,,,,,0.07174877548217773,
44.52,34.833333333333336,,,,,,,,,0.06710806655883789,
44.54,34.88888888888889,,,,,,,,,0.0734444351196289,
44.57,34.88888888888889,,,,,,0.06699270629882813,,,,
44.59,34.94444444444444,,,,,,0.07326128387451172,,,,
44.62,34.94444444444444,,,,,,,,,0.06734695434570312,
44.65,35.0,,,,,,,,,0.0737426528930664,0.06711490631103516
44.67,35.05555555555556,,,,0.06479302978515625,,,,,0.06914665985107422,0.07316916275024414
44.77,35.16666666666667,,0.06641648483276368,,0.07081888580322265,,,,,0.07523244094848633,
44.78,35.22222222222222,,0.07270389175415039,,,,,,,,0.06746547317504882
44.79,35.27777777777778,,,,,,,,,,0.07356109619140626
44.83,35.27777777777778,,,,,,,,0.07430210113525391,,
44.88,35.333333333333336,,,,,,,,,,0.0738968620300293
44.9,35.388888888888886,,,,,,,,,,0.06817629623413085
44.94,35.44444444444444,,,,,,,,0.0745837516784668,,0.07444801330566406
45.13,35.5,,,,,,,,,,0.07501980590820312
45.29,35.55555555555556,,,,,,,,,0.06889607238769531,
45.3,35.61111111111111,,,,,,,,,0.07513223266601562,
45.35,35.61111111111111,,,,,,,,0.06855016326904297,,
45.37,35.66666666666667,,,,,,,,0.07375247955322266,,
45.42,35.66666666666667,,0.0663798713684082,,,,,,,,
45.45,35.72222222222222,,0.07264526748657227,,,0.06565420150756836,,,,,
45.47,35.77777777777777,,,,,0.07192231750488282,,,,,
45.54,35.77777777777777,,,,,0.07247037506103515,,,,,
45.62,35.833333333333336,,,,,0.06674684524536133,,,,,
45.65,35.888888888888886,,,,0.06508702468872071,0.07285055160522462,,,,,
45.74,35.94444444444444,0.06443765258789062,,,0.048434261322021485,0.06712914657592774,,,,,
45.93,36.27777777777778,0.07059135055541993,,,0.05487110900878906,0.07350721359252929,,,,,
46.25,36.611111111111114,,,,0.0731786766052246,0.07392571640014649,,,0.07382429885864258,,0.0754024772644043
46.29,36.611111111111114,,,,,,,,,,0.06934822082519532
46.3,36.666666666666664,,,,,,,,,,0.07567311096191406
46.32,36.666666666666664,,,,,0.06922046661376953,,,,,
46.33,36.72222222222222,,,,,0.07551424026489258,,,,,
46.46,36.72222222222222,,,,0.06746846771240235,,,,,,
46.51,36.77777777777778,,,,0.07369678497314452,,,,,,
46.6,36.77777777777778,,,,,,,,,,0.07564201354980468
46.62,36.833333333333336,,,,0.07365253448486328,,,,,,
46.67,36.888888888888886,,,,,,,,,,0.06954816436767577
46.68,36.94444444444444,,0.06688489532470704,,,,,,,,0.07558972930908203
46.71,37.0,,0.07309888839721679,,0.06794662475585937,,,,,,0.06951058578491211
46.72,37.111111111111114,,,,0.07408791351318358,,,,,,0.07590344619750976
46.73,37.111111111111114,,0.07297436904907227,,,,,,,,
46.81,37.166666666666664,,0.06825802612304688,,,,,,,,
46.83,37.22222222222222,,0.07436881256103516,,,,,,,,
46.87,37.22222222222222,,,,,,,,,0.07021594619750976,
46.88,37.27777777777778,,,,,,,,,0.07638230514526367,
46.9,37.27777777777778,,,,,,,,0.07370962905883789,,
46.91,37.333333333333336,,,,,,0.0674957046508789,,,,
46.92,37.388888888888886,,,,0.06796501159667968,,0.07381786346435547,,0.06742214584350587,,
47.0,37.5,,0.06861248397827148,,0.07403776550292968,,,,0.06743242263793946,,
47.01,37.611111111111114,,0.07486725997924805,,,,,,0.07366255187988281,,
47.06,37.611111111111114,,,,,,0.07515236282348632,,,,
47.08,37.666666666666664,,,,,,,,,0.07007981491088867,
47.11,37.72222222222222,,,,,,,,,0.07645606994628906,
47.22,37.72222222222222,,,,,,0.07623840713500976,,,,
47.23,37.77777777777778,,,,,,,,,0.07616231536865235,
47.25,37.833333333333336,,,,,0.07579693603515625,,,,,
47.28,37.888888888888886,,,,,,,,,0.06999595642089844,
47.29,37.94444444444444,,,,,,,,,0.07627474212646485,
47.32,37.94444444444444,,,,0.07286216354370117,,,,,,
47.34,38.0,,,,,0.07007144165039063,,,,,
47.35,38.05555555555556,0.06596230697631836,,,,0.07634262084960937,,,,,
47.38,38.111111111111114,0.0722324104309082,,,,,,,,,
47.4,38.111111111111114,0.06655195999145508,,,,,,,,,
47.41,38.166666666666664,0.072751708984375,,,,,,,,,
47.44,38.166666666666664,,,,,,,,0.07392503356933594,,
47.47,38.22222222222222,,,,,0.07652228927612305,,,,,
47.5,38.333333333333336,,,,,,,,0.06761262512207031,,
47.51,38.388888888888886,,,,,,,,0.07390038681030273,,0.06372273635864258
47.65,38.5,,,,,,,,0.06782119369506835,,0.06978709030151367
47.66,38.611111111111114,,,,,,,,0.07413731384277343,,0.0760435562133789
47.79,38.611111111111114,,,,,,,,,,0.06944608306884766
47.8,38.666666666666664,,,,,,,,,,0.07454129791259766
47.84,38.666666666666664,,0.07536597442626954,,,,,,,,
47.85,38.72222222222222,,,,,,0.07000734329223633,,,,
47.93,38.77777777777778,,,,,,0.07625305557250976,,,0.07633142852783203,
47.95,38.83333333333333,,,,,,0.06987748718261719,,,,
47.96,38.88888888888889,,,,,,0.07501066589355469,,0.0741555061340332,,
48.0,39.0,,,,,,,,,0.07008318328857423,
48.01,39.0,,,,0.07279819869995117,,,,,0.07631634902954101,
48.04,39.05555555555556,,,,,,,,0.07399237442016601,,
48.09,39.111111111111114,,,,,,0.07506174468994141,,,0.07000381851196288,
48.13,39.22222222222222,,0.07600535583496094,,,,,,,0.0749320068359375,
48.17,39.27777777777778,,,,,,,,,0.07512738800048828,
48.2,39.33333333333333,,0.07648092269897461,,,,,,,,
48.22,39.38888888888889,,,,,,0.0751190299987793,,,,
48.31,39.44444444444444,,,,,0.07024122238159179,,,,,
48.35,39.5,,,,,0.07536000061035156,,,,,
48.38,39.5,,,,,,,,,0.06888224029541015,
48.4,39.55555555555556,0.06702914428710938,,,,,,,,0.07399517440795898,
48.43,39.611111111111114,0.07331132888793945,,,,,,,,,
48.45,39.611111111111114,,,,,0.06907299423217773,,,,,
48.46,39.666666666666664,,,,,0.0751722526550293,,,,,
48.55,39.666666666666664,,,,0.06670626449584961,,,,,,
48.57,39.72222222222222,0.0736544303894043,,,0.07275975036621093,,,,,,
48.59,39.77777777777778,0.07492861557006836,,,,,,,,,
48.61,39.83333333333333,,,,,,,,,0.07412105178833008,
48.63,39.88888888888889,0.06918072128295898,,,,,,,,,
48.65,39.94444444444444,0.07558588027954101,,,,,0.0748654899597168,,,,
48.67,40.0,,,,,,,,0.07424914932250977,,
48.7,40.05555555555556,,0.07021662139892577,,,,,,,,
48.72,40.11111111111111,,0.07649158477783204,,,,,,0.0679302978515625,,
48.73,40.166666666666664,0.07624958038330078,,,,,,,0.07430915832519532,,
48.75,40.27777777777778,0.0765382537841797,,,,,,,,,
48.78,40.27777777777778,,,,,,0.06851985931396484,,,0.07388607788085937,
48.79,40.38888888888889,,,,,,0.07482897186279297,,,,
48.88,40.38888888888889,,,,,,,,0.06910684204101562,,
48.91,40.44444444444444,,,,,,,,0.07530619049072265,,
49.0,40.5,,,,,,,,,0.07370059967041015,
49.09,40.5,,,,,,0.07510044860839844,,,,
49.15,40.55555555555556,,,,,,,,,,0.06844567489624023
49.16,40.61111111111111,,,,,,,,,,0.07475838470458984
49.17,40.61111111111111,,0.07038079833984376,,,,,,,,
49.22,40.666666666666664,,0.07662195205688477,,,,,,,0.06761481857299804,0.06848261260986327
49.26,40.77777777777778,,,,,,,,0.06921438598632812,0.07367854690551758,0.07455025100708008
49.3,40.833333333333336,,,,,,,,0.07532666397094726,,
49.31,40.833333333333336,,,,,,,,,,0.06827853393554688
49.34,40.88888888888889,,,,,,0.06898350524902344,,,,0.07443234252929688
49.35,40.94444444444444,,,,,,0.07407945251464844,,,,
49.36,40.94444444444444,,,,,,,,0.06901054382324219,,
49.41,41.0,,,,,,,,0.0751745376586914,0.06746832656860352,
49.42,41.05555555555556,,0.06408140563964844,,,,,,,,
49.48,41.16666666666667,,0.07667962265014648,,,,,,,0.07240293502807617,0.07444031143188476
49.61,41.22222222222222,,,,,,,,,0.06616677474975585,
49.62,41.27777777777778,,,,,,,,,0.07247539138793946,
49.63,41.27777777777778,,,,,,0.07378828811645508,,,,
49.68,41.333333333333336,,,,,0.0688858528137207,,,,,
49.69,41.388888888888886,,,,,0.07400742721557618,,,,,
49.71,41.388888888888886,0.07030893325805665,,,,,,,,,
49.72,41.44444444444444,0.07684225845336913,,,,0.06776765441894532,,,,,
49.74,41.5,,,,0.06673389434814453,0.07382381057739258,,,,,
49.75,41.61111111111111,,,,0.07303611373901367,,0.0737017593383789,,,,
49.76,41.61111111111111,,,,,0.07359112167358399,,,,,
49.8,41.66666666666667,,,,0.06813647079467773,,,,,,
49.81,41.72222222222222,,,,0.07441518402099609,,,,,,
49.87,41.72222222222222,,,,,0.06732300567626953,,,,,
49.93,41.77777777777778,,,,,0.07247489929199219,,,,,
49.96,41.77777777777778,,,,,,0.06743318176269532,,,,
49.97,41.833333333333336,,,,,,0.07351362609863281,,,,
50.08,41.833333333333336,,,,,,,,,,0.06837267303466797
50.1,41.888888888888886,,,,,,,,,,0.07445683288574219
50.32,41.888888888888886,,,,,,,,,,0.06838347625732422
50.34,41.94444444444444,,,,,,,,,,0.07475261306762696
50.36,41.94444444444444,,,,0.07424088668823242,,,,,,
50.42,42.0,,,,,,0.06712405014038086,,,,
50.46,42.05555555555556,,,,,,0.07230379104614258,,,,
50.52,42.11111111111111,,,,,,,,0.06893638610839845,,
50.53,42.16666666666667,,,,,,,,0.07530497741699219,,
50.55,42.16666666666667,,,,,,,,,,0.07357998657226562
50.56,42.22222222222222,,0.07641944885253907,,,,,,0.06920764541625976,,
50.57,42.333333333333336,,,,,,,,0.07546731948852539,,
50.61,42.333333333333336,,,,,,,,,,0.07372840499877929
50.71,42.388888888888886,,,,0.06798725128173828,,,,,,0.06747141265869142
50.77,42.5,,,,0.07424133300781251,,,,,,0.07359025573730468
50.78,42.5,,,,,0.06639040756225585,,,,,
50.82,42.55555555555556,0.07067591094970703,,,0.06812876129150391,0.07265441894531251,,,,,
50.88,42.666666666666664,0.06438045883178711,0.07012136840820313,,0.06685480499267579,,,,,,
50.91,42.833333333333336,0.07697623825073242,0.07629659271240234,,0.0732933692932129,,,,,,
50.96,42.833333333333336,,,,,,,,0.07028889083862304,,
50.97,42.888888888888886,,,,,,,,0.07637999725341797,,
51.01,42.888888888888886,0.07713264846801758,,,,,,,,,
51.06,42.94444444444444,,,,,,,,,,0.07230367279052734
51.08,43.05555555555556,,,,,,,,,,0.07227469635009766
51.19,43.111111111111114,,,,,,,,0.07608533477783203,,
51.24,43.166666666666664,,,,,0.06627635192871094,,,,,
51.26,43.22222222222222,,,,,0.07236247634887696,,,,,0.06717948150634766
51.27,43.27777777777778,,,,,,,,,,0.07349395370483398
51.28,43.27777777777778,0.07097895050048827,,,,,,,,,
51.3,43.333333333333336,0.07703910064697266,,,,,,,,,
51.34,43.333333333333336,,,,,,,,0.06985520553588867,,
51.37,43.388888888888886,,,,0.06724015426635742,,,,0.0762829475402832,,
51.38,43.44444444444445,,,,0.0734533348083496,,,,,,
51.49,43.5,,,,0.06832372665405273,,,,,,
51.5,43.55555555555555,,,,0.06209540939331055,,,,,,
51.51,43.611111111111114,,,,,,,,,0.06609913635253907,
51.54,43.666666666666664,,,,,0.06623344039916992,,,,,
51.56,43.72222222222222,,,,,,,,,0.05986597061157226,
51.57,43.77777777777778,,,,,,,,,0.053587184906005864,
51.6,43.833333333333336,,,,,,,,,0.04755010223388672,
51.61,43.888888888888886,,,,,,,,,0.04243716812133789,
51.65,43.94444444444445,,,,,0.05993966674804688,,,,,
51.67,44.0,,,,,,,,,0.037508979797363284,
51.69,44.05555555555555,,,,,,,,,,0.06740979385375977
51.71,44.111111111111114,,,,,,,,0.07031341934204101,,
51.77,44.22222222222222,,,,0.05595412063598633,,,,,,
51.86,44.27777777777778,,,,,,,,,,0.0613349494934082
51.91,44.333333333333336,,,,,,,,0.06402565765380859,,
51.94,44.388888888888886,,0.07026935958862304,,,,,,,,
52.03,44.44444444444444,,,,,,,,,,0.05507848358154297
52.11,44.5,,,,0.04988136672973633,,,,,,
52.15,44.55555555555556,,0.06400396347045897,,,,,,,,
52.3,44.611111111111114,,,,,,0.06717061233520508,,,,
52.33,44.666666666666664,,,,,,,,0.05780013275146484,,
52.35,44.72222222222222,,,,,,0.06084845352172852,,,,
52.45,44.77777777777778,,,,,,0.05459396743774414,,,,
52.48,44.83333333333333,,,,,,,,,0.031222564697265625,
52.71,44.888888888888886,,,,,0.05366848754882812,,,,,
52.75,45.0,,,,,0.0476362190246582,,,,,
52.76,45.0,,,,,0.04135284423828125,,,,,
52.78,45.05555555555556,,,,,0.03623406600952148,,,,,
52.8,45.111111111111114,,,,,,,,,,0.04873832321166992
52.82,45.166666666666664,,,,,,,,0.05163613891601562,,
52.94,45.22222222222222,,,,,,,,,0.02628795623779297,
52.98,45.27777777777778,0.07076899719238282,,,,,,,,,
53.01,45.33333333333333,,,,,,,,,0.01991172409057617,
53.03,45.38888888888889,,,,,,,,0.038913787841796874,,
53.05,45.5,,,,0.04381388092041015,,,,,,
53.12,45.55555555555556,,,,,,,,,,0.04248360824584961
53.17,45.611111111111114,,,,,,,,0.032714439392089845,,
53.19,45.666666666666664,,,,,,,,,0.013827392578125,
53.2,45.72222222222222,,0.05782373809814453,,,,,,,,
53.21,45.77777777777778,,0.05160974502563477,,,,,,,,
53.25,45.88888888888889,,,,,0.030147941589355468,,,,,
53.41,45.88888888888889,,,,,,0.0486017951965332,,,,
53.45,45.94444444444444,,0.04543452072143555,,,,0.04226999282836914,,,,0.0361708984375
53.54,46.111111111111114,0.06447669982910156,,,,,,,,,
53.57,46.166666666666664,,,,0.03776039505004883,,,,,0.007763664245605469,
53.58,46.27777777777778,,,,,,,,,,0.03001708984375
53.6,46.33333333333333,,0.03917974472045899,,,,,,,,
53.63,46.38888888888889,,,,,,0.03717404556274414,,,,
53.69,46.44444444444444,,,,,,,,0.026602161407470702,,
53.84,46.5,,,,,0.024048683166503906,,,,,
53.95,46.55555555555556,,,,,,,,,0.001455047607421875,
53.96,46.61111111111111,0.0581732177734375,,,,,,,,0.010595672607421875,
53.97,46.666666666666664,,,,,,,,,0.043115203857421874,
53.98,46.666666666666664,,,,,,,,,0.11959103393554688,
53.99,46.666666666666664,,,,,,,,,0.13597164916992188,
54.0,46.666666666666664,,,,,,,,,0.24620846557617185,
54.01,46.666666666666664,,,,,,,,,0.2644787292480469,
54.02,46.666666666666664,,,,,,,,,0.3102807312011719,
54.03,46.666666666666664,,,,,,,,,0.3818896179199219,
54.04,46.666666666666664,0.051973468780517576,,,,,,,,0.40090695190429687,
54.05,46.72222222222222,,,,,,,,,0.43979855346679686,
54.06,46.72222222222222,,,,,0.01892710876464844,,,,0.5030907897949218,
54.07,46.77777777777778,,,,,,,,,0.5558251647949218,
54.08,46.77777777777778,,,,,,,,,0.5885644226074219,
54.09,46.77777777777778,,,,,,,,,0.6378710632324219,0.02486482620239258
54.1,46.833333333333336,,,,,,,,,0.6905065612792969,
54.11,46.833333333333336,,,,,,,,,0.7235204772949219,
54.12,46.833333333333336,,,,,,,,,0.7699377136230469,
54.13,46.833333333333336,,,,,,,,,0.8252319030761719,
54.16,46.833333333333336,,,,,,,,,0.8898315124511719,
54.17,46.833333333333336,,,,,,,,,0.9669665222167969,
54.18,46.833333333333336,,,,,,,,,0.9852477722167968,
54.19,46.833333333333336,,,,,,,,,1.0016833190917969,
54.2,46.833333333333336,,,,,,,,,1.1093163757324218,
54.21,46.833333333333336,,,,,,0.03086493301391602,,,1.114337127685547,
54.22,46.88888888888889,,,,,,,,,1.1667089538574218,
54.23,46.88888888888889,,,,,,,,,1.2157079772949217,
54.24,46.88888888888889,,,,,,,,,1.2608068542480468,
54.25,46.88888888888889,,,,,,,,,1.3567944030761718,
54.26,46.88888888888889,,,,,,,,,1.3978393249511718,
54.27,46.88888888888889,,,,,,,,,1.431457489013672,
54.28,46.88888888888889,,,,,,,,,1.513393524169922,
54.29,46.88888888888889,,,,,,,,,1.548132293701172,
54.3,46.88888888888889,,,,,,,,,1.575136688232422,
54.31,46.88888888888889,,,,,,,,,1.630288055419922,
54.32,46.88888888888889,,,,,,,,,1.6620934753417966,
54.33,46.88888888888889,,,,,,,,,1.7072582702636718,
54.34,46.88888888888889,,,,,,,,,1.760981414794922,
54.35,46.88888888888889,,,,,,,,,1.795939910888672,
54.36,46.88888888888889,,,,,,,,,1.813507049560547,
54.37,46.88888888888889,,,,,,,,,1.8793481140136719,
54.38,46.88888888888889,,,,,0.013775215148925782,,,,1.9330712585449221,
54.4,46.94444444444444,,,,,,,,,1.996297576904297,
54.41,46.94444444444444,,,,,,,,,2.0090636901855468,
54.42,46.94444444444444,,,,,,,,,2.0675549011230467,
54.43,46.94444444444444,,,,,,,,,2.1148290710449222,
54.44,46.94444444444444,,,,,,,,,2.187954071044922,
54.45,46.94444444444444,,0.03295089721679687,,,,,,,,
54.46,47.0,,,,,,,,,2.2510265808105467,
54.47,47.0,,,,,,0.024496803283691405,,,2.267747772216797,
54.48,47.05555555555556,,,,,,,,,2.318823211669922,
54.49,47.05555555555556,,,,,,,,,2.412580535888672,
54.5,47.05555555555556,,,,,,,,,2.448538787841797,
54.51,47.05555555555556,,,,,,,,,2.514841278076172,0.019758548736572266
54.52,47.11111111111111,,,,,,,,,2.562807586669922,
54.53,47.11111111111111,,,,,,,,,2.6343725280761716,
54.54,47.11111111111111,,,,,,,,,2.676505096435547,
54.55,47.11111111111111,,,,,,,,,2.6921166687011717,
54.56,47.11111111111111,,,,,,,,,2.7638024597167967,
54.58,47.11111111111111,,,,,,,,,2.825809295654297,
54.59,47.11111111111111,,,,,,,,,2.891672332763672,
54.6,47.11111111111111,,,,,,,,,2.9082397155761717,
54.61,47.11111111111111,,,,,,,,,2.980430877685547,
54.62,47.11111111111111,,,,,,,,,3.018542449951172,
54.63,47.11111111111111,,,,,,,,,3.069145477294922,
54.65,47.11111111111111,,,,,,,,,3.101412322998047,
54.66,47.11111111111111,,,,,,,,,3.120539520263672,
54.67,47.11111111111111,,,,,,,,,3.184644744873047,
54.68,47.11111111111111,,,,,,,,,3.237840545654297,
54.69,47.11111111111111,,,,,,,,,3.283433807373047,
54.7,47.11111111111111,,,,,,,,,3.351318328857422,
54.71,47.11111111111111,,,,,,,,,3.371840789794922,
54.72,47.11111111111111,,,,,,,,,3.388858612060547,
54.73,47.11111111111111,,,,,,,,,3.478166473388672,
54.74,47.11111111111111,,,,,,,,,3.5128173522949218,
54.75,47.11111111111111,,,,,,,,,3.6079919128417965,
54.76,47.11111111111111,,,,,,,,,3.640313690185547,
54.77,47.11111111111111,,,,,,,,,3.696091278076172,
54.78,47.11111111111111,,,,,,0.019317062377929687,,,3.7290832214355465,
54.79,47.16666666666667,,,,,,,,0.02023357009887695,3.7667773132324216,
54.8,47.22222222222222,,,,0.03145817565917969,,,,,3.815930145263672,
54.81,47.27777777777778,,,,,,,,,3.8322118835449217,
54.82,47.27777777777778,,,,,,,,,3.930978973388672,
54.83,47.27777777777778,,,,,,,,0.013973896026611327,3.950985076904297,
54.84,47.333333333333336,,,,,,,,,4.000357635498046,
54.85,47.333333333333336,,,,,,,,,4.004993865966797,
54.86,47.333333333333336,,,,,,,,,4.101168182373047,
54.87,47.333333333333336,,,,,,,,,4.136818817138672,0.013524879455566406
54.88,47.38888888888889,,,,,,,,,4.177973602294922,
54.9,47.38888888888889,,,,,,,,,4.2452538757324225,
54.91,47.38888888888889,,,,,,,,,4.2591735534667965,
54.92,47.38888888888889,,,,,,,,,4.318631561279298,
54.93,47.38888888888889,,,,,,,,,4.340714080810547,
54.94,47.38888888888889,,,,,,,,,4.415695770263672,
54.95,47.38888888888889,,,,0.02646529006958008,,,,,4.432230194091797,
54.96,47.44444444444444,,0.02656938171386719,,,,,,,4.509848602294922,
54.97,47.5,,,,,,0.013269275665283204,,,4.541972625732422,
54.98,47.55555555555556,,,,,,,,,4.577106903076172,
54.99,47.55555555555556,,,,,,,,,4.626578338623047,
55.0,47.55555555555556,,,,,,,,,4.745131805419922,
55.01,47.55555555555556,,,,,,,,,4.777189910888672,
55.03,47.55555555555556,0.0456912841796875,,,,,,,,,
55.1,47.66666666666667,,,,0.02036087417602539,,,,,,
55.11,47.72222222222222,,,,,,,,,,0.007406036376953125
55.15,47.77777777777778,,,,,,0.007172008514404297,,,,
55.18,47.833333333333336,0.039286125183105466,,,,,,,,,
55.21,47.94444444444444,,,,,0.007719058990478516,,,,,
55.28,48.0,0.03294218826293945,,,,,,,0.007882789611816406,,
55.33,48.16666666666667,0.026859958648681643,,,,,,,,,
55.34,48.22222222222222,,,,,,0.0010915641784667968,,,,
75.8,48.27777777777777,,0.001455047607421875,,0.001455047607421875,0.001455047607421875,1.2209501609802247,,0.001455047607421875,,0.0010915641784667968
76.77,48.94444444444444,0.001455047607421875,,,,,,,0.0035863952636718747,,
81.09,49.22222222222222,,,6.376063037872315,,,,,3.6750634460449216,,
81.1,49.22222222222222,,,,,,,,4.647858856201172,,
82.36,49.22222222222222,,,,,,0.0010915641784667968,,,,
84.18,49.44444444444444,0.07054052352905274,0.07076581573486328,5.6180484580993655,0.06943871688842773,0.06490512084960938,0.06749007034301757,4.981528461456299,,,0.04516363906860352
84.19,49.77777777777778,,,5.156204441070557,,,0.04462047195434571,,,,
84.51,50.05555555555555,,,5.224203956604004,0.06370595169067382,0.070677433013916,0.06639199066162109,,,,0.06815888214111328
84.55,50.11111111111111,0.06479798889160156,,,0.06939700317382813,,,,,,
84.56,50.16666666666667,0.07053400802612304,,,,,,,,,
84.67,50.16666666666667,,0.06504995727539063,,,,,,,,
84.73,50.22222222222222,,0.07070947265625,,,,0.060657348632812504,,,,
84.75,50.27777777777778,,,,,,0.0653058738708496,,,,0.062473285675048826
84.77,50.33333333333333,,,,,,,,,,0.06822246551513672
85.0,50.33333333333333,,,,,,,,,,0.06251101684570312
85.02,50.38888888888889,,,,,,,,,,0.0682463150024414
85.09,50.38888888888889,,,,,0.06494149398803711,,,,,
85.1,50.44444444444445,,,,,0.07063880920410157,,,,,
85.2,50.44444444444445,,,,0.06370595169067382,,,,,,
85.22,50.5,,,,0.06941216659545899,,,,,,
85.42,50.5,,,,,,0.06529452514648437,,,,
85.55,50.55555555555556,0.06478399658203125,,,,,,,,,
85.57,50.61111111111111,0.07054722595214843,,,,,,,,,
85.82,50.61111111111111,0.06484213256835937,,,,,,,,,
85.83,50.66666666666667,0.06948208618164063,,,,,,,,,
85.91,50.66666666666667,0.06377085494995118,,,,,,,,,
85.92,50.72222222222222,0.0694939422607422,,,,,,,,,
85.95,50.72222222222222,,0.06496588516235352,,,,,,,,
85.97,50.77777777777778,,0.07073929977416991,,,,,,,,
86.03,50.77777777777778,0.06378239822387695,,,,,,,,,
86.08,50.83333333333333,0.06949988555908204,,,,,,,,,
86.19,50.83333333333333,,,,0.06371521377563477,,,,,,
86.2,50.888888888888886,,,,0.06943869018554688,,,,,,
86.23,50.888888888888886,,0.06500786972045898,,,,,,,,
86.24,50.94444444444445,,0.07076544189453125,,,,,,,,
86.3,50.94444444444445,,,,,,,,,,0.06356206893920897
86.33,51.0,,,,,,,,,,0.06930252838134765
86.37,51.0,,,,,,,,,,0.0703963623046875
86.59,51.05555555555556,,,,,,,,,,0.06470475769042969
86.61,51.11111111111111,,,,,,,,,,0.07043617248535157
86.65,51.11111111111111,,,,,,,4.981555961608887,,,
86.83,51.16666666666667,,,,,,0.06640642547607421,,,,
86.88,51.22222222222222,,,,,,,4.975845550537109,,,
86.9,51.27777777777778,,,,,,,4.981590023040772,,,
86.91,51.27777777777778,,,,,,0.06070502471923828,,,,
86.93,51.33333333333333,,,,,,0.06751123046875,,,,
87.1,51.388888888888886,,,5.224172542572021,,,,,,,0.07041102981567383
87.17,51.5,,,,,,,,,,0.06463855361938477
87.18,51.55555555555556,,,,,,,,,,0.06463457107543946
87.2,51.61111111111111,,,,,,,,,,0.07031930923461914
87.23,51.61111111111111,,,,,,,,,,0.06460175323486328
87.24,51.66666666666667,,,,,,0.06181048583984375,,,,0.0703160400390625
87.25,51.72222222222223,,,,,,0.06753372955322265,,,,
87.29,51.72222222222223,,,,,,,,,,0.06458218002319335
87.3,51.77777777777778,,,,,,,,,,0.07030063247680664
87.31,51.77777777777778,,,,,,0.06648942565917969,,,,
87.55,51.83333333333333,,,,,,,,,,0.07036650085449218
87.67,51.888888888888886,0.06954285049438477,,,,,,,,,
87.81,51.94444444444445,,,,,,0.060784599304199216,,,,
87.83,52.0,,,,,,0.06650089263916016,,,,
87.92,52.0,,,,,,,,,,0.06461238479614258
87.94,52.05555555555556,,,,,,,,,,0.07031330108642578
87.98,52.05555555555556,,,,,,,4.975883605957032,,,
87.99,52.11111111111111,,,,,,,4.98157893371582,,,
88.0,52.11111111111111,,,,,,,4.970046787261963,,,
88.01,52.22222222222223,,,,,,0.06075804901123047,4.975628704071045,,,
88.06,52.33333333333333,,,,,,0.05978705978393555,4.969869022369385,,,
88.17,52.5,,,,,,0.06550506210327149,4.9792901840209955,,,
88.2,52.72222222222223,,,,,,,4.979281970977783,,,
88.22,52.77777777777778,,,,0.06479296493530273,,,,,,
88.23,52.83333333333333,,,,0.07054346847534179,,,,,,
88.34,52.83333333333333,,,,,0.06491191864013672,,,,,
88.36,52.888888888888886,,,,,0.07063472747802735,,,,,
88.37,52.888888888888886,,,,,0.06491688537597656,,,,,
88.42,52.94444444444445,,,,,0.07065271759033204,,,,,
88.43,52.94444444444445,,,,,0.06489798736572266,,,,,
88.45,53.0,,,,,0.07057337188720703,,,,,
88.46,53.0,,,,,0.06948357772827149,,,,,
88.48,53.05555555555556,,,,,0.0637025260925293,,,,,
88.49,53.11111111111111,,,,,0.0694151954650879,,,,,
88.5,53.166666666666664,0.06853642654418945,,,,0.05223760604858398,,,,,
88.51,53.333333333333336,,,,,0.063704345703125,,,,,
88.54,53.388888888888886,,,,,0.06946471786499023,,,,,
88.56,53.388888888888886,,,,,,,4.978294456481933,,,0.07016085052490234
88.59,53.5,,,,,0.06376433944702149,,,,,0.06442872619628906
88.6,53.61111111111111,,,,,0.0695243034362793,,,,,0.07015502166748047
88.69,53.61111111111111,,,,,,0.0666012191772461,,,,
88.83,53.666666666666664,,0.06500786972045898,,,,,,,,
88.85,53.72222222222223,,0.0707313995361328,,,,,,,,
88.88,53.72222222222223,,,,,,0.06086212921142579,,,,
88.99,53.77777777777778,,,,0.06483644485473633,,0.06658353424072265,,,,
89.04,53.833333333333336,,0.0706803855895996,,0.07052639007568359,,,,,,0.06910199737548828
89.06,54.0,,,,,0.06955432510375976,,,,,
89.07,54.05555555555556,,,,0.0705246696472168,,,,,,
89.09,54.11111111111111,,,,,,0.0676668701171875,,,,
89.1,54.166666666666664,,,,0.06478810501098634,,,,,,
89.16,54.22222222222223,,,,0.0533844108581543,,,,,,
89.2,54.388888888888886,,,,0.07055389404296875,,,,,,
89.21,54.44444444444444,,,,0.06479617691040039,,,,,,
89.24,54.50000000000001,,,,0.07060633087158204,,,,,,
89.25,54.50000000000001,,,,,,,,,,0.06336669921875
89.27,54.55555555555556,,,,,,,,,,0.06909096908569336
89.29,54.55555555555556,,,,0.07055218124389648,,,,,,
89.46,54.61111111111111,,,,,0.06378201293945313,,,,,
89.48,54.666666666666664,,,,,0.06951214599609376,,,,,
89.49,54.666666666666664,,,,,0.06377631378173827,,,,,
89.5,54.72222222222223,,,,,0.06953264236450196,,,,,
89.53,54.72222222222223,,,,0.06486223602294922,,,,,,
89.54,54.77777777777778,,,,0.07057276916503907,,,,,,
89.62,54.77777777777778,,,,,,0.06769107055664063,,,,
89.69,54.833333333333336,,,,,,,4.978341262817383,,,
89.7,54.888888888888886,0.06279833984375001,,,,,,,,,
89.71,54.94444444444444,0.06848006057739257,,,,,,,,,
89.74,54.94444444444444,0.06276872253417969,,,,,,,,,
89.75,55.00000000000001,0.06748506546020508,,,,,,,,,
89.79,55.00000000000001,0.06175936126708984,,,,,0.06195683670043946,,,,
89.88,55.111111111111114,0.06182481765747071,,5.225286041259766,,,0.06766274642944337,,,,0.06339005279541016
89.9,55.333333333333336,0.06752739715576173,,,,,,,,,0.06913962554931641
89.92,55.333333333333336,,0.0648849983215332,,,,,,,,
89.93,55.388888888888886,,0.06951404190063476,,,,,,,,
89.94,55.388888888888886,0.06176747512817382,,,,,,,,,
89.95,55.388888888888886,0.06749066162109375,,,,,,,,,
89.97,55.44444444444444,,0.06955953979492187,,,,,,,,
90.0,55.55555555555556,,0.06371552276611328,,,,,,,,
90.01,55.55555555555556,,0.06842077255249024,,,0.06378995132446288,,,,,
90.06,55.611111111111114,,0.06273025512695313,,0.06484579086303711,0.06952907943725586,,,,,0.063413330078125
90.1,55.77777777777778,,0.05123467636108398,,0.07052624130249024,,,,,,0.0691270637512207
90.11,55.94444444444444,,0.06840879821777343,,,,,,,,
90.13,55.94444444444444,,0.06841565322875977,,,,,,,,
90.22,56.00000000000001,,,,0.07056333160400391,,,,,,
90.31,56.05555555555556,,,,,0.06376385116577149,,,,,
90.35,56.111111111111114,,,,,0.06948860549926758,,,,,0.06339564895629883
90.4,56.166666666666664,0.06180894088745117,,,,,,,,,0.06907060241699219
90.44,56.222222222222214,0.06644964981079102,,,,,,,,,
90.58,56.222222222222214,,,,,0.06379129028320313,,,,,
90.59,56.277777777777786,,,,,0.06838728332519531,,,,,
90.63,56.277777777777786,,,,,,,,,,0.06333014297485351
90.66,56.333333333333336,,,,,,,,,,0.06939437103271484
90.68,56.333333333333336,,,,,,,,,,0.06935830307006836
90.81,56.388888888888886,,,,,,,,,,0.06364456939697266
90.82,56.44444444444444,,,,,,,,,,0.06939346694946288
90.91,56.44444444444444,,,,0.07088833618164063,,,,,,
90.95,56.49999999999999,,,5.2241770439147945,,,,,,,
90.98,56.55555555555556,,,5.218444152832031,,,,,,,
91.01,56.611111111111114,,,5.224173564910889,,,,,,,
91.03,56.611111111111114,,,5.218539932250977,,,,4.97262520980835,,,
91.04,56.72222222222222,,,5.224257030487061,,,,4.977634178161621,,,
91.05,56.777777777777786,,,5.2242561683654785,,,,,,,
91.07,56.833333333333336,,,5.218433666229248,,,,,,,
91.1,56.888888888888886,,,5.212706890106201,,,,,,,
91.16,56.99999999999999,0.06180969619750976,,5.224111694335938,,,,,,,
91.22,57.05555555555556,0.06788615036010742,,5.2126420288085935,,,,4.97188970565796,,,
91.23,57.22222222222222,,,5.224042232513428,,,,4.976573951721192,,,
91.25,57.277777777777786,0.06215013122558594,,,,,,,,,
91.26,57.277777777777786,0.06786195373535156,0.06275613784790039,,,,,,,,
91.29,57.333333333333336,0.062138767242431635,0.06885348129272462,,0.06516485977172852,,,,,,
91.32,57.44444444444444,0.06678958892822266,,,0.07093733596801757,,,,,,
91.34,57.44444444444444,,,,,,,4.971929870605469,,,
91.4,57.49999999999999,,,,,,,4.9776745071411135,,,
91.44,57.49999999999999,,0.06882602310180665,,,,,,,,
91.47,57.55555555555556,,,,,,,,,,0.06365281295776368
91.49,57.611111111111114,,,,,,,,,,0.06943228912353516
91.5,57.72222222222222,,,,,,,,,,0.06942638778686523
91.52,57.72222222222222,,,,,,,,,,0.06371210098266601
91.54,57.77777777777777,,,,,,,,,,0.06943214797973633
91.68,57.77777777777777,,,,,,0.06910862731933594,,,,
91.69,57.833333333333336,,,,,,,4.973026638031006,,,
91.7,57.88888888888889,,,,,,,4.978762577056885,,,
91.74,57.88888888888889,,,,,,,,,,0.06371369552612305
91.75,57.94444444444444,,,,,,,,,,0.06946842575073242
91.87,57.94444444444444,,,5.21831282043457,,,,,,,
91.88,57.99999999999999,,,5.224030662536621,,,,,,,
91.92,57.99999999999999,,,,,,,,,,0.0695060920715332
91.98,58.05555555555556,,,5.224129013061524,,,,,,,0.06375719451904296
91.99,58.166666666666664,,,,,,,,,,0.06947438430786132
92.01,58.166666666666664,,,5.224198532104492,,,,,,,
92.04,58.22222222222222,,,,,,,4.979780445098877,,,
92.25,58.27777777777777,,,,,,,4.974074745178222,,,
92.26,58.333333333333336,,,,,,,4.979812831878662,,,
92.3,58.333333333333336,,,,,,0.06908668518066406,4.97409623336792,,,
92.31,58.44444444444444,,,,,,,4.979856155395508,,,
92.35,58.44444444444444,,,,,,,4.979748352050781,,,
92.38,58.5,,,,,,0.06437042617797852,,,,
92.45,58.55555555555556,0.06107661819458007,,,,,0.07009942626953125,4.974035568237305,,,
92.46,58.666666666666664,0.06680232238769532,,,,,,4.979786190032959,,,
92.5,58.72222222222222,0.06679559326171874,,,,,,,,,
92.51,58.72222222222222,,,,,,,4.973824775695801,,,
92.52,58.77777777777777,,,,,,,4.979574787139892,,,0.063737060546875
92.55,58.833333333333336,0.06107250595092774,0.06878239822387695,,,,,4.979577117919922,,,0.0647752571105957
92.57,59.05555555555555,,0.06300898361206055,5.218497528076172,,,,,,,0.07050383758544922
92.58,59.166666666666664,0.06686789321899414,0.06871138000488282,5.224242534637451,,,,,,,
92.72,59.166666666666664,,,,,,0.06437618255615234,,,,
92.73,59.22222222222222,,,,,,0.070092041015625,,,,
92.75,59.27777777777777,0.06699442291259766,,,,0.06985942840576172,,,,,
92.78,59.333333333333336,,,,,0.0699315299987793,,,,,
93.25,59.38888888888889,,,,0.0709351463317871,,,,,,
93.28,59.44444444444444,,,,,,0.06437574768066406,4.973841178894043,,,
93.29,59.5,,,,,,0.07011933517456054,4.97953169631958,,,
93.32,59.55555555555555,,,,,,,,,,0.07049273300170898
93.37,59.611111111111114,,,,,,,,,,0.07047584533691406
93.47,59.66666666666667,,,,0.07095962524414062,,,,,,
93.49,59.72222222222222,,,,,,0.06440612030029297,,,,
93.5,59.77777777777777,,,,,,0.07014779281616211,,,,
93.55,59.77777777777777,,,5.218507892608643,,,,,,,
93.65,59.833333333333336,,,5.2242983665466305,,0.06420872116088867,0.06441563415527343,,,,0.0647515754699707
93.68,60.0,,,,,0.0699151382446289,0.07013519287109375,,,,0.07050829696655274
93.75,60.05555555555555,,,,,,0.07014527893066407,,,,
93.77,60.05555555555555,,,,0.07119201660156249,,,,,,
93.87,60.111111111111114,0.06231394195556641,,,,,,,,,
93.88,60.16666666666667,0.06805641174316407,,,,,,,,,
93.9,60.16666666666667,,,,,0.06415476608276367,,,,,
93.93,60.22222222222222,,,,,0.06413979721069336,,,,,
93.94,60.27777777777777,,,,,0.0641606330871582,,,,,
93.97,60.333333333333336,,,,,0.06410769271850586,,,,,
93.98,60.38888888888889,,,,,0.0698299789428711,,4.9737816848754886,,,
93.99,60.44444444444444,,,,,,,4.979539402008057,,,
94.0,60.44444444444444,,,,,,,4.9737972679138185,,,
94.02,60.5,,,,,,,4.979533832550049,,,
94.04,60.5,,,,,,0.07014672470092774,,,,
94.09,60.55555555555555,,,,,0.06407365036010741,,,,,
94.1,60.611111111111114,,,,,0.06978966522216797,,,,,
94.16,60.611111111111114,,,,0.06547145080566406,,,,,,
94.17,60.66666666666667,,,,0.07120421600341796,,,,,,
94.19,60.66666666666667,0.06225021743774414,,,,,,4.9795190086364745,,,
94.2,60.77777777777777,0.06689594268798828,,,0.06551503753662109,,,,,,
94.22,60.88888888888889,,,,0.07121199035644532,,,,,,
94.24,60.88888888888889,,,,0.06549751281738281,,,,,,
94.3,60.94444444444444,,,,0.05968906402587891,,,,,,0.06475872421264649
94.32,61.111111111111114,,,,0.06551129531860352,,,,,,0.07049084854125977
94.33,61.16666666666667,,,,0.07122274398803712,,,,,,
94.36,61.16666666666667,,,,,,0.06442531967163086,,,,
94.37,61.22222222222222,,,,,,0.0690675048828125,,,,
94.48,61.22222222222222,,,,,,,,,,0.06479010391235351
94.49,61.27777777777778,,,,,,,,,,0.07052433776855468
94.52,61.27777777777778,,,,,,0.06333564376831054,,,,
94.55,61.33333333333333,,,,,,0.06904473495483399,,,,
94.56,61.33333333333333,,,,0.0654899787902832,,,,,,
94.57,61.38888888888889,,,,0.07117598724365234,,,4.974873523712158,,,
94.58,61.44444444444444,,,,,,,4.980645835876465,,,
94.67,61.44444444444444,,,,,,,,,,0.06484938430786133
94.68,61.5,,,,,,,4.975961589813233,,,0.06950146484375
94.69,61.55555555555555,,,,,,,4.981689823150635,,,
94.8,61.55555555555555,,,,,0.06978998947143554,,,,,
94.94,61.611111111111114,,,,,,0.06333452606201172,,,,
94.97,61.66666666666667,,,,0.0711240234375,,0.06915702819824218,,,,
95.02,61.72222222222222,,,,,0.06519399642944336,,,,,
95.04,61.77777777777778,0.06119084930419922,,,,0.07093018341064454,,,,,0.06377003479003907
95.15,61.88888888888889,0.06792586898803711,,,,,,,,,0.06950292587280274
95.22,61.94444444444444,,0.06299983596801759,,,,,,,,
95.23,62.0,,0.06870145797729492,,0.06541257476806642,,,,,,
95.25,62.05555555555555,,,,0.07115178298950195,,,,,,
95.28,62.05555555555555,,,,,,0.06912129592895508,,,,
95.3,62.11111111111111,,,,,,0.06910643768310547,,,,
95.33,62.16666666666667,,0.06407241439819335,,,,,,,,
95.37,62.22222222222222,,0.06980843353271483,,,0.06519105529785156,,,,,
95.42,62.27777777777778,,0.06510318374633789,,,0.07085057067871094,,,,,
95.43,62.33333333333333,,0.069751708984375,,,,,,,,
95.59,62.33333333333333,,0.06402817916870118,,,,,,,,
95.63,62.38888888888889,,0.06977735900878906,,,,,,,,
95.67,62.38888888888889,,,,,,,4.97594518661499,,,
95.68,62.44444444444445,,,,,,0.06339734649658203,4.981680484771728,,,
95.7,62.5,,,,,,0.06909466171264649,,,,
95.75,62.55555555555555,,0.06407366943359376,,,0.07083203125,,,,,
95.78,62.61111111111111,,0.06977141189575195,,,,,,,,0.06377603530883788
95.83,62.66666666666667,,,,,,,,,,0.06953926467895508
95.85,62.66666666666667,0.06328516006469727,,,,,,,,,
95.87,62.72222222222222,0.06792511367797852,,,,,,,,,
95.93,62.72222222222222,,,,,,,,,,0.06381921768188477
95.94,62.77777777777778,,,,0.06544695663452148,,,,,,0.06954230499267579
95.95,62.83333333333333,,,,0.07122037124633789,,,,,,
96.04,62.83333333333333,,,,,,0.06912109756469727,,,,
96.07,62.88888888888889,,,,,,,,,,0.06378757476806642
96.1,62.94444444444445,,,,,,,,,,0.06951105117797853
96.23,62.94444444444445,,,,0.07128099060058593,,,,,,
96.25,63.11111111111111,,,,,,,,,,0.05805350875854492
96.28,63.11111111111111,,,,0.06550851440429688,,,,,,0.06953862380981445
96.29,63.16666666666667,,,,0.07123992919921876,,,,,,
96.36,63.16666666666667,,,,,,,4.9816961593627935,,,
96.42,63.22222222222222,,,5.2196711769104,,,,,,,
96.43,63.27777777777778,0.0622225341796875,,5.219708866119385,,,,,,,0.06385007095336914
96.48,63.44444444444445,0.06793138122558594,,5.225451709747315,,,,4.975958072662354,,,0.06959454345703124
96.49,63.5,,,,,,,4.9816463203430175,,,
96.5,63.55555555555556,0.06780987167358399,,,,,,,,,
96.55,63.55555555555556,,,,,,,4.975934982299805,,,
96.56,63.61111111111111,,,,,,,4.981675636291504,,,
96.57,63.61111111111111,0.06777204513549805,,,,,,,,,
96.58,63.66666666666667,,,5.225400417327881,,,0.0634341926574707,,,,
96.6,63.77777777777778,,0.06402351760864258,,,,0.0691574363708496,,,,
96.63,63.83333333333333,,0.06401647567749023,,,,,,,,
96.65,63.888888888888886,,0.06866991424560547,,,,,,,,
96.68,63.888888888888886,,0.06294401931762696,,,,,,,,
96.7,63.94444444444445,,0.06869813537597656,,,,,,,,
96.71,63.94444444444445,,0.0629689712524414,,,,,,,,
96.72,64.0,0.06312122344970704,0.06877516555786133,,,,,4.975915714263916,,,
96.73,64.11111111111111,0.06882213973999023,,,,,,4.9758813858032225,,,
96.74,64.16666666666667,,,,,,,4.981576713562012,,,
96.92,64.16666666666667,,,,,,,,,,0.06386596298217774
96.93,64.22222222222223,,,,,,,4.975888465881348,,,0.06968510437011718
96.95,64.27777777777777,,,,,,,4.981594165802003,,,
97.04,64.27777777777777,,,,,,0.06342160034179688,,,,
97.05,64.33333333333333,,0.06308356094360351,,,,0.06913819885253907,,,,
97.07,64.38888888888889,,0.06779981994628906,,,,,,,,
97.15,64.38888888888889,,,,,,,,,,0.06963465881347657
97.17,64.44444444444444,,,,,0.06507732772827148,,,,,
97.18,64.5,,,,,0.06972140884399414,,,,,
97.32,64.5,,0.06204570388793945,,0.0655295181274414,,,,,,
97.33,64.61111111111111,,0.06669357299804687,,0.07126167678833008,,,,,,
97.56,64.66666666666666,,,,,,,4.975903648376464,,,
97.57,64.72222222222223,,,,,,,4.981865062713623,,,
97.72,64.72222222222223,,,5.219713169097901,,,,,,,
97.75,64.88888888888889,,,5.219669803619385,,,0.06340919876098633,,,,
97.82,64.88888888888889,0.0630897216796875,,5.213912803649903,,,0.06911809921264649,,,,
97.84,65.05555555555556,0.06882555389404296,,5.225386116027832,,,,,,,
97.87,65.05555555555556,,,5.225343944549561,,,,,,,
98.0,65.16666666666666,,0.06095971298217774,,,,,,,,
98.01,65.16666666666666,,0.06560575485229492,,,,,,,,0.06387793731689453
98.04,65.22222222222223,,,,,,,,,,0.06959060668945313
98.1,65.22222222222223,,0.059908012390136725,,,,,,,,
98.11,65.27777777777779,,0.06458849334716797,,,,,,,,
98.15,65.33333333333333,,,,,0.06397392272949219,,,,,
98.18,65.38888888888889,,,,,0.06970600509643554,,,,,
98.19,65.38888888888889,,,,0.07122986602783203,,,,,,
98.25,65.5,,,,,,,,,,0.07070375442504884
98.29,65.5,,,,,,,4.976128498077392,,,
98.3,65.55555555555556,,,,,,,4.981888870239258,,,
98.31,65.55555555555556,,,,0.0701640625,,,,,,
98.4,65.61111111111111,,,,,,,4.981844776153564,,,
98.42,65.66666666666666,,,5.21962610244751,,,,,,,
98.43,65.72222222222223,,,5.219682373046875,,,,,,,
98.44,65.77777777777779,,,5.2254423370361325,,,,,,,
98.45,65.77777777777779,,,,,,,4.97045304107666,,,
98.47,65.88888888888889,,,,,,,4.981914913177491,,,0.06499108505249024
98.48,65.94444444444444,,,,,,,,,,0.07071249008178711
98.62,65.94444444444444,,,,,,,4.9761426010131835,,,
98.68,66.0,,,5.219686004638672,,,,4.981832546234131,,,
98.71,66.05555555555556,,,5.224390342712402,,,,,,,0.06498036575317383
98.72,66.11111111111111,,,,,,,,,,0.07068580627441406
98.75,66.11111111111111,,,,0.06422113800048827,,,,,,
98.76,66.16666666666666,,,,0.06992482757568359,,,,,,
98.77,66.16666666666666,,,,,,0.06447591400146485,,,,
98.78,66.22222222222223,,,,,,0.0702186050415039,,,,
98.85,66.22222222222223,,,,,,,4.976118923187256,,,
98.86,66.27777777777779,,,,,,,4.981839488983154,,,
98.9,66.27777777777779,,,5.21860929107666,,,,,,,
98.91,66.33333333333333,,,5.224341152191162,,,,,,,
98.93,66.33333333333333,,,,,,,,,,0.0649515724182129
98.95,66.38888888888889,,,,,,,,,,0.07068915939331055
98.99,66.38888888888889,,,5.218602062225342,,,0.06447693252563477,,,,
99.02,66.5,,,5.224329040527344,,,0.07019141006469726,4.976111255645752,,,
99.03,66.55555555555556,0.06309984970092775,,,,0.06399958801269531,,4.981849632263184,,,
99.05,66.66666666666666,0.06882928848266602,,,,0.06980974197387695,,,,,
99.07,66.66666666666666,,0.0588860969543457,,,,,4.976159687042236,,,
99.08,66.77777777777779,0.0630339012145996,0.06457202911376954,,,,,4.98188395690918,,,
99.09,66.77777777777779,0.06876403427124023,,,,,,,,,
99.15,66.83333333333333,0.06302820205688477,,,,,,,,,
99.16,66.88888888888889,,,,,,0.06447185134887695,,,,
99.18,66.94444444444444,0.06878453063964843,,,,0.06410271835327148,0.0701823844909668,,,,
99.2,67.0,,,5.2185840339660645,0.06419596862792969,0.06981292724609375,,,,,
99.21,67.11111111111111,,,5.224265754699707,0.06993810272216797,,,,,,
99.25,67.16666666666666,,,,,0.06878267288208008,0.06445643997192384,,,,
99.26,67.22222222222223,,,,,,0.07016234970092773,,,,
99.29,67.22222222222223,0.06294051361083984,,,,,,,,,
99.33,67.27777777777779,0.0687630271911621,,,,0.06306555938720702,,,,,0.06495626831054688
99.37,67.38888888888889,,,,0.06407202911376954,0.06307210922241212,,,,,0.07072184753417969
99.46,67.5,,,,0.06403452682495117,0.06309939575195313,0.06442256164550782,,,,
99.47,67.66666666666666,,,,0.06975771331787109,0.0688472900390625,0.06905160522460937,,,,
99.56,67.66666666666666,,,,0.06407170486450195,,,,,,
99.62,67.72222222222221,0.06411730194091797,,,0.06877695465087891,,,,,,
99.74,67.77777777777779,0.06985643005371094,,,,,0.06330891418457031,,,,0.0649566192626953
99.75,67.88888888888889,,,,,,0.06898936462402344,,,,0.07067035293579102
99.76,67.88888888888889,0.06415551376342774,,,,,,,,,
99.77,67.94444444444444,0.06988100814819337,,,,,,,,,
99.85,67.94444444444444,,,5.2185840339660645,,,,,,,
99.86,68.0,,,5.22430309677124,,,,,,,
99.91,68.0,,,,,,,4.976148658752441,,,
99.92,68.05555555555556,,,,,,,4.981874553680419,,,
99.95,68.05555555555556,,,,0.0631433219909668,,,,,,
99.98,68.11111111111111,,,,0.06887248611450195,,,,,,
100.15,68.16666666666666,,,5.2185761184692385,,,,,,,
100.16,68.22222222222221,,,5.224331287384033,,,,,,,
100.21,68.22222222222221,,,,,,,,,,0.064947265625
100.23,68.27777777777779,,,,,,,,,,0.07069057083129883
100.27,68.27777777777779,,,,,0.0631168327331543,,,,,
100.32,68.33333333333333,,,,,0.06310540008544922,,,,,
100.35,68.38888888888889,,,,0.06313327789306641,0.06878035354614258,0.0678075714111328,,,,
100.36,68.5,,,,0.0677292709350586,,,,,,
100.42,68.5,,,5.218540813446046,,,,,,,
100.44,68.55555555555556,,,,0.062006084442138676,,,,,,
100.46,68.61111111111111,,,,,,,,,,0.06496709442138672
100.48,68.66666666666667,,,,,,,,,,0.05925336074829101
100.56,68.72222222222221,0.0641385383605957,,,,,,,,,
100.57,68.77777777777779,,,,,,,,,,0.05350870513916015
100.59,68.83333333333333,,,,,,,,,,0.04776824569702149
100.62,68.88888888888889,,,,,,0.06209971618652344,,,,
100.66,68.94444444444444,,,,,0.0631208381652832,,,,,
100.71,69.0,,,5.212814517974854,,,,,,,
100.75,69.11111111111111,,,,,,,4.976158500671387,,,
100.78,69.16666666666667,,,,,,,,,,0.042024940490722654
100.79,69.22222222222221,,,,0.05627466964721679,,,,,,
100.82,69.27777777777779,,0.05992350387573242,,,,,,,,
100.83,69.33333333333334,,,,,,,4.970417846679688,,,
100.84,69.38888888888889,,,,,,,,,,0.03628046798706054
101.0,69.44444444444444,,,,0.05050125503540039,,,,,,
101.02,69.5,,,,,0.05741462326049805,,,,,
101.05,69.55555555555556,,,,,,,4.964701553344727,,,
101.16,69.61111111111111,,,,,0.05277054214477539,,,,,
101.17,69.66666666666667,,,,,,0.05640240097045899,,,,
101.19,69.77777777777779,,,,,,,4.958995853424073,,,
101.2,69.83333333333334,,,5.207095455169678,,,,,,,
101.23,69.88888888888889,0.059498584747314454,,,,,,,,,
101.29,69.94444444444444,,,,,,,,,,0.030461326599121097
101.45,70.05555555555556,,,,,,0.0506849136352539,,,,
101.48,70.11111111111111,,,,,,,,,,0.02474854278564453
101.74,70.16666666666667,0.0537796401977539,,,,,,,,,
101.84,70.22222222222221,,0.054221881866455074,,,,,,,,
101.9,70.27777777777777,,,,,,,4.953034439086914,,,
101.96,70.33333333333334,0.04807863616943359,,,,,,,,,
101.97,70.38888888888889,,,,,,0.044961669921875,,,,
102.09,70.44444444444444,,0.04956844329833984,,,,,,,,
102.1,70.5,,0.04383242416381836,,,,,,,,
102.19,70.55555555555556,,0.03808324432373047,,,,,,,,
102.33,70.61111111111111,,,,,,0.039245071411132815,,,,
102.4,70.66666666666667,,,,0.04581874465942383,,,,,,
102.42,70.72222222222221,,0.03336698532104492,,0.04008658599853516,,,,,,
102.57,70.83333333333334,,,5.201340286254883,,,,,,,
102.65,70.88888888888889,,,,,,,4.947274066925049,,,
102.72,70.94444444444444,,0.0287191162109375,,,,,,,,
102.76,71.0,,,,,,,4.941535724639893,,,
102.84,71.05555555555556,,,,,,,4.935812194824219,,,
102.86,71.11111111111111,,,,,,,,,,0.019027137756347658
103.0,71.16666666666667,,,,,,,,,,0.013321697235107422
103.1,71.22222222222221,0.04236978912353516,,,,,,,,,
103.17,71.27777777777777,,,,,,0.03353617095947266,,,,
103.19,71.33333333333334,0.03668505096435547,,,,,,,,,
103.21,71.38888888888889,,,,,,,4.93009162902832,,,
103.24,71.44444444444444,,0.022912921905517577,,,,,,,,
103.25,71.55555555555554,,,,,,,,,,0.007584110260009765
103.29,71.55555555555554,,,5.195625999450684,,,,,,,
103.31,71.61111111111111,,,5.1899506149292,,,,,,,
103.33,71.66666666666667,,0.017194469451904296,,,,,,,,
103.35,71.72222222222221,,0.01254842758178711,,,,,,,,
103.37,71.77777777777777,,,,,,,4.924353252410889,,,
103.44,71.83333333333334,,,,,,,4.918628982543946,,,
103.46,71.88888888888889,,0.00786794662475586,,0.03436082458496094,,,,,,
103.56,72.0,,,,,0.04703845977783203,,,,,
103.58,72.05555555555556,,,,,0.04232211685180664,,,,,
103.7,72.11111111111111,,,,0.02965557479858398,,,,,,
103.71,72.16666666666667,,,,,,,,,,0.001818531036376953
103.72,72.22222222222221,,,,,,,,,,0.022648609161376954
103.73,72.22222222222221,,,,,,,,,,0.03587614822387695
103.74,72.22222222222221,,,,,,,,,,0.10850676345825194
103.75,72.22222222222221,,,,,,,,,,0.17961027908325197
103.76,72.22222222222221,,,,,,0.027825637817382814,,,,0.23386076736450195
103.78,72.27777777777777,,,,,,,,,,0.2998885993957519
103.79,72.27777777777777,,,,,,,,,,0.36737761306762695
103.8,72.27777777777777,,,,,,0.02319659423828125,,,,0.3963815193176269
103.81,72.33333333333334,,,,,,,,,,0.41219084548950197
103.82,72.33333333333334,,,,,,,,,,0.5075851325988769
103.83,72.33333333333334,,,,,,,,,,0.540148609161377
103.84,72.33333333333334,,,,,,,,,,0.5833138923645019
103.85,72.33333333333334,,,,0.02395188522338867,,,,,,0.629203784942627
103.86,72.38888888888889,,,,,,,,,,0.677532642364502
103.87,72.38888888888889,,,,,,,,,,0.6933639411926269
103.88,72.38888888888889,,,,,,,,,,0.7588754158020019
103.9,72.38888888888889,,,,,,,,,,0.821255786895752
103.91,72.38888888888889,,,,,,,,,,0.874616382598877
103.92,72.38888888888889,,,,,,,,,,0.8852950935363769
103.93,72.38888888888889,,,,,,,,,,0.916770923614502
103.94,72.38888888888889,,,,,,,,,,1.022723072052002
105.19,72.38888888888889,,,,,,,,,,2.914656665802002
105.2,72.44444444444444,0.030928722381591795,0.002182014465332031,5.162299785614014,0.002182014465332031,0.013581722259521485,0.001455047607421875,4.912903087615967,,,4.727279956817627
110.83,73.72222222222223,0.002182014465332031,,5.1565679244995115,,0.002182014465332031,,6.132761684417725,,,
114.62,74.27777777777777,,,6.376426521301269,4.255121467590333,,,,,,
114.63,74.27777777777777,,,,4.816347053527832,,,4.912903087615967,,,
117.0,74.83333333333333,0.0712674903869629,0.07149278259277343,,,0.07153435516357422,0.06268923950195313,4.956431995391846,4.711308929443359,4.845173580169678,
117.06,74.83333333333333,,,,,,0.06733142471313476,4.979427238464355,4.717043163299561,,
117.11,74.83333333333333,,,,,,0.06732754516601562,,,,
117.17,74.8888888888889,,,5.1565679244995115,,,,,,,
117.28,74.94444444444444,,,5.218877075195313,,,,,,4.8394408149719235,
117.29,75.0,,,5.224578697204589,,,,,,4.845180023193359,
117.3,75.0,,,,,,0.06161572265625,,,,
117.32,75.05555555555556,,,,,,0.06732357788085938,,,,
117.45,75.05555555555556,,,,,,,4.979383647918701,,,
117.53,75.1111111111111,,,,,,,4.9736980514526365,,,
117.58,75.16666666666667,,,,,,,4.979434070587159,,,
117.79,75.16666666666667,,,,,,,4.973722621917725,,,
117.81,75.22222222222223,,,,,,,4.979382137298584,,,
117.86,75.22222222222223,,,,,,0.06158625411987305,,,,
117.9,75.27777777777777,,,,,,0.06623477935791017,,,,
117.91,75.27777777777777,0.07126025390625,0.07152610397338867,,,,,,,,
117.97,75.3888888888889,,,,,,,4.979388401031494,,,
118.13,75.44444444444444,,,,,,,,4.711307224273682,,
118.2,75.5,,,,,,,,4.717013439178467,,
118.24,75.5,,,,,,0.06622343063354492,,,,
118.7,75.55555555555556,,,,,,,,,4.839483070373536,
118.72,75.6111111111111,,,,,,,,,4.8452462997436525,
118.92,75.6111111111111,0.0655102424621582,,,,,,,,,
118.93,75.66666666666667,0.07015019607543946,,,,,,,,,
119.18,75.66666666666667,0.0644451026916504,,,,,,,,,
119.19,75.72222222222223,0.0701681900024414,0.06578251647949218,,,,,,,,
119.2,75.77777777777777,0.06445695877075194,0.07155593109130859,,,,,,,,
119.22,75.83333333333333,0.07017444610595704,,,,,,,,,
119.25,75.88888888888889,,,,,,,4.97478328704834,,,
119.29,75.94444444444444,,,,,,,4.980540859222412,,,
119.31,75.94444444444444,,,,,,,4.975895374298096,,,
119.32,76.0,,,,,,,4.981635833740235,,,
119.33,76.0,0.06446290206909179,,,,,,,,,
119.37,76.05555555555556,0.07020755767822266,,,,,,,,,
119.4,76.05555555555556,,,,,,,4.975935089111328,,,
119.42,76.11111111111111,,,,,,,4.98166650390625,,,
119.45,76.11111111111111,,0.07154055404663086,,,,,,,,
119.92,76.16666666666667,,,5.218846279144287,,,,,,,
119.94,76.22222222222223,,,5.224585369110107,,,,,,,
119.97,76.22222222222223,,,,,,,4.975961677551269,,,
119.98,76.27777777777777,,,,,,,4.981706150054931,,,
120.0,76.27777777777777,,,,,,,,,4.839483070373536,
120.02,76.33333333333333,,,,,,,,,4.845225914001465,
120.16,76.33333333333333,,,,,,0.06623453521728516,,,,
120.22,76.38888888888889,,,,,,,4.9760189018249505,,,
120.25,76.44444444444444,,,,,,,4.975979778289795,,,
120.26,76.5,,,,,,,4.981680782318115,,,
120.42,76.5,,,,,,0.06155028915405274,,,,
120.5,76.55555555555556,,,,,,0.06729094314575196,,,4.840580188751221,
120.52,76.61111111111111,,,,,,,,,4.846264926910401,
120.63,76.61111111111111,,,,,0.07156008911132813,,,,,
120.7,76.66666666666667,,,,,,,4.9759925346374505,,,
120.72,76.72222222222223,,,,,,,4.98171577835083,,,
120.73,76.72222222222223,,,,,,0.06835857391357422,,,,
120.79,76.77777777777777,,,,,,,,4.715939987182617,,
120.8,76.83333333333333,,,,,,,,4.715976261138916,,
120.84,76.88888888888889,,,,,,,,4.710195209503174,4.84632827758789,
120.85,77.0,,,,,,,,4.71014049911499,,
120.9,77.11111111111111,,,,,,,,4.704415401458741,,
120.94,77.22222222222223,,,,,0.06584967803955079,,,4.698707721710205,,
120.97,77.44444444444444,,,,,0.07049375915527344,,4.981690364837647,4.7148533630371094,,
121.04,77.5,,,,,,0.06266696929931641,,,,
121.06,77.55555555555556,,,,,,0.06731483840942383,,,,
121.12,77.55555555555556,,,,,,,,,4.8465826683044435,
121.18,77.61111111111111,,,,,,,,4.709099246978759,,
121.2,77.66666666666666,,,,,,,,4.714769271850586,,
121.21,77.66666666666666,,,,,,,,,4.8294078025817875,
121.24,77.83333333333333,,,,,,,,,4.8351551551818845,
121.25,77.94444444444444,,,,,,,,,4.846613796234131,
121.27,77.94444444444444,,,,,,,,,4.8465493927001955,
121.3,78.0,,,,,,,,,4.840791675567627,
121.31,78.05555555555556,,,,,,,,,4.845437717437744,
121.36,78.05555555555556,,,,,,,4.975824291229248,,,
121.37,78.05555555555556,,,,,,,4.981536960601806,,,
121.38,78.11111111111111,,,,,,,,,4.8396976356506345,
121.46,78.16666666666666,,,,,,0.06267265319824218,4.981536918640137,4.7147607994079594,4.844378116607666,
121.5,78.33333333333333,,,,,,0.06272449111938477,,,,
121.51,78.38888888888889,,,,,,0.06848486328125,,,,
121.59,78.38888888888889,,,,,,,,4.709090774536133,,
121.62,78.44444444444444,,,,,,,,4.71377328491211,,
121.66,78.44444444444444,,,,,,,,,4.844352531433105,
121.67,78.5,,,,,,0.06276730728149414,,,,
121.68,78.55555555555556,,,,,,0.06849360275268555,,,,
121.75,78.61111111111111,,,,,,0.0684810905456543,,,,
121.77,78.61111111111111,,,,,,0.06847479629516601,4.975824249267578,,,
121.81,78.72222222222223,,,,,,,4.981547779083252,,,
121.9,78.72222222222223,0.0645206527709961,,,,,,,,,
121.92,78.77777777777779,0.07024205780029297,,,,,,,,,
121.97,78.77777777777779,,,,,,,4.981501705169677,,,
122.0,78.88888888888889,,,,,,0.06744527435302734,,,,
122.03,78.88888888888889,,,,,,,4.9758421897888185,,,
122.05,78.94444444444444,,,,,,,4.981547630310058,,,
122.07,78.94444444444444,,,,,,,,,4.83861669921875,
122.1,79.0,,,,,0.06455083465576172,,,,4.844320388793945,
122.13,79.05555555555556,,0.06578585052490235,,,0.06453680419921876,,,,4.83860676574707,
122.17,79.22222222222223,,0.07150641632080078,,,0.058819778442382814,,,,4.8443443527221675,
122.18,79.33333333333333,,,,,0.07026123428344727,,,,,
122.19,79.33333333333333,,,,,0.0645146369934082,,,,,
122.23,79.38888888888889,,,,,0.06452706909179688,,,,,
122.24,79.44444444444444,,,,,0.07025650787353516,0.06279674911499024,,,,
122.25,79.5,,,,,,0.06860690307617187,,,,
122.26,79.5,,,,,0.06446603393554688,,,,,
122.27,79.55555555555556,,,,,0.06447074508666992,,,,,
122.3,79.61111111111111,,,,,0.07018435287475586,,,,,
122.37,79.72222222222223,,,,,,,4.970160369873047,,,
122.42,79.83333333333333,,,,,,,4.981581111907959,,,
122.48,79.83333333333333,,,,,,,,4.708067070007324,,
122.5,79.88888888888889,,,5.218846279144287,,,,,4.713809204101563,,
122.51,79.94444444444444,,,5.224527999877929,,,,,,,
122.59,79.94444444444444,,,,,,,,4.7081138763427735,,
122.6,80.0,,,,,,,,4.712830219268799,,
122.65,80.0,,,,,,0.0628990478515625,,,,
122.68,80.05555555555556,,,,,,0.06860495758056641,,,,
122.69,80.05555555555556,,,5.219875919342041,,,,,,,
122.7,80.11111111111111,,,5.225698432922363,,,,,,,
122.81,80.11111111111111,,,,,,,,4.707129302978515,,
122.82,80.16666666666666,,,,,,,,4.712894882202148,,
123.08,80.16666666666666,,,,,0.07016422653198243,,,,,
123.11,80.22222222222221,0.06450397109985351,,,,,,,,,
123.17,80.27777777777779,0.06449521255493165,,,,0.06443724822998047,,4.975849697113037,,,
123.22,80.44444444444444,0.05764793014526367,0.06571102905273438,5.220016712188721,,0.07016043472290039,,4.981599269866943,,,
123.28,80.66666666666666,0.05662417984008789,0.06575652694702148,5.225730445861816,,,,,,,
123.31,80.77777777777779,0.06808880233764648,0.06569197082519532,,,,0.06283972930908203,,,,
123.33,80.88888888888889,,0.07141844940185546,,,,0.0685587921142578,,,,
123.37,80.94444444444444,0.0623288803100586,,,,,,,,,
123.42,81.0,,0.05992264938354492,,,,,,,,
123.43,81.11111111111111,0.06808404922485352,0.07139070892333985,,,,,,,,
123.46,81.11111111111111,,0.07137514495849609,,,,,,,,
123.52,81.16666666666667,,,5.219958133697509,,,,,,,
123.58,81.22222222222221,,,5.22459884262085,,,0.06283249664306641,,,,
123.59,81.27777777777779,,,,,,0.06742848968505859,,,,
123.61,81.27777777777779,,,,,,,4.975858810424805,,,
123.62,81.33333333333333,,,,,,,4.981923038482666,,,
123.63,81.33333333333333,,,,,,,4.976199562072754,,,
123.65,81.38888888888889,,,,,,,4.981908149719239,,,
123.75,81.38888888888889,,,5.218965209960937,,,,,,,
123.76,81.44444444444444,,,5.224714107513428,,,,,,,
123.77,81.44444444444444,,,5.219028099060059,,,,,,,
123.87,81.5,,,5.213263847351074,,,,4.9762071456909185,,,
123.88,81.61111111111111,,,5.207544902801513,,,,,,,
123.91,81.72222222222221,,,5.217892967224121,,,,4.980834335327149,,,
123.92,81.72222222222221,,,5.212191345214843,,,,,,,
123.94,81.83333333333334,,,5.223653358459472,,,,,,,
123.97,81.83333333333334,,,5.223605602264405,,,,,,,
124.24,81.88888888888889,,0.07158185958862305,,,,,,,,
124.25,82.0,0.06344409561157226,,,,,,,,,
124.26,82.0,0.0695251350402832,,,,,,4.975089862823486,,,
124.27,82.05555555555556,,,,,,,4.980802833557129,,,
124.3,82.05555555555556,,,,,0.06443724822998047,,,,,
124.33,82.11111111111111,,,,,0.06948497772216797,,,4.708241443634034,,
124.34,82.16666666666667,,,,,,,,4.714318317413331,,
124.37,82.16666666666667,,0.0715253677368164,,,,,,,,
124.43,82.22222222222221,,,,,,,,4.709602058410645,,
124.46,82.27777777777779,0.06378983688354492,,,,,0.06170942687988282,,4.7153138809204105,,
124.47,82.38888888888889,0.06952369689941405,,,,,0.0667237319946289,4.975094245910645,,,
124.5,82.44444444444444,,,5.217891868591309,,,,4.980866722106934,,,
124.53,82.5,,0.06577618789672851,5.223636505126953,,,,,,,
124.57,82.55555555555556,,0.07146779251098634,,,,,,,,
124.58,82.55555555555556,,,5.217814002990723,,,,,,,
124.59,82.61111111111111,,,5.223551326751709,,,,,,,
124.71,82.61111111111111,,,,,,,,,4.838668968200683,
124.74,82.66666666666667,,,,,,,,,4.844759342193603,
124.75,82.66666666666667,,,5.217821914672852,,,,,,,
124.78,82.72222222222221,,,5.223524600982666,,,,,,4.845833347320556,
124.81,82.77777777777777,,,,,,,,,4.8401486091613775,
124.84,82.83333333333334,,,5.217841899871827,,,,,,4.84588444519043,
124.85,82.88888888888889,,,5.223577838897705,,,,,,,
124.91,82.88888888888889,,,,,,,,,4.841203964233398,
124.92,82.94444444444444,,,,,,,,,4.846958694458007,
124.97,82.94444444444444,,,,,0.0648408966064453,,,,,
124.99,83.0,,,,,0.07055873870849609,,,,,
125.0,83.05555555555556,,,,,,,4.980894104003906,,,
125.04,83.05555555555556,,,,,,,4.98095191192627,,,
125.08,83.11111111111111,,,,,,,,,4.841152500152588,
125.09,83.16666666666667,,,,,,,,,4.846869689941406,
125.1,83.16666666666667,,,,,,,,4.716387702941895,,
125.17,83.22222222222221,,0.06578097915649414,,,,,,,,
125.18,83.27777777777777,,0.07148135757446289,,,,,,4.71068200302124,,
125.2,83.33333333333334,,,,,,,,4.699275375366211,,
125.21,83.5,,,,,,,,4.716433540344238,,
125.24,83.5,,,,,,,,4.710614398956299,,
125.25,83.55555555555556,,,,,,,,4.716343399047852,,
125.26,83.55555555555556,,,,,,,,4.710630615234375,,
125.3,83.61111111111111,,,,,,,,4.716381237030029,,
125.32,83.61111111111111,,,,,,,4.975219753265381,,,
125.33,83.61111111111111,,,,,,,4.980945457458496,,,
125.44,83.66666666666667,,,,,,,,,4.840908275604248,
125.45,83.72222222222221,,,,,,0.062075862884521486,,,4.846613368988037,
125.46,83.77777777777777,,,,,,0.06782587432861328,,,,
125.49,83.77777777777777,,,,,,,,,4.835177345275879,
125.56,83.88888888888889,,,5.21787515258789,,,0.06211702728271484,,,4.84088060760498,
125.57,84.05555555555554,,,5.223670539855957,,,0.06782857131958007,,,4.846609188079834,
125.58,84.05555555555554,,,,,,,,,4.840900287628174,
125.59,84.11111111111111,,,,,,,,,4.846602684020996,
125.6,84.11111111111111,,,5.2236666488647465,,,,,,,
125.77,84.16666666666667,0.06380060958862305,,,,,,,,,
125.78,84.22222222222221,0.0695164680480957,,,,,,,,,
125.8,84.22222222222221,,0.06570794296264648,,,,,,,,
125.82,84.27777777777777,,0.071462646484375,,,,,,4.716499492645264,,
125.83,84.33333333333334,0.06376129913330078,,,,,0.06208791732788086,,,,
125.85,84.44444444444444,0.06950961303710938,,,,,0.06783540344238281,4.975213375091553,,,
125.87,84.5,0.06379212570190429,,,,,,4.98090389251709,,,
125.88,84.55555555555556,0.06953571319580079,,,,,,,,,
125.98,84.55555555555556,0.06952248764038087,,,,,,,,,
126.0,84.66666666666667,,,,,0.07053300476074219,,,,,
126.04,84.66666666666667,,,,,,,4.975193359375,,,
126.07,84.72222222222221,,,,,,,4.980903770446778,4.711783149719238,,
126.1,84.77777777777777,,,,,,,,4.717524822235107,,
126.11,84.77777777777777,,,,,,0.06790742492675782,,,,
126.17,84.88888888888889,,0.0657465934753418,,,,,,,,
126.18,84.94444444444444,,0.07150331497192383,,,,,,,,
126.19,84.94444444444444,,,,,,,4.975180240631103,,,
126.2,85.0,,,,,,,4.980899799346924,,,
126.26,85.0,,,5.21792932510376,,,,,,,
126.27,85.05555555555556,,,5.2236357421875,,,,,,,
126.32,85.05555555555556,,,,,,0.06320308685302735,,,,
126.33,85.11111111111111,,,,,,0.0689290313720703,,,4.840860149383545,
126.35,85.16666666666667,,,,,,,,,4.8468030738830565,
126.37,85.16666666666667,,,,,,,4.980936828613281,,,
126.45,85.22222222222223,,,5.2179011001586915,,,,,,,
126.47,85.27777777777777,,,5.223618213653564,,,,,,4.846845981597901,
126.68,85.33333333333333,,,,,,,4.980933643341064,,,
126.74,85.38888888888889,,,,,0.07056935882568359,,,,,
126.85,85.5,,,,,,,,4.711782688140869,,
126.87,85.55555555555556,,,,,,,,4.7175404052734375,,
126.97,85.55555555555556,,,,,0.06481303024291993,,,,,
127.01,85.61111111111111,,,,,0.07054959487915038,0.06316865921020508,,,,
127.02,85.66666666666667,0.06380662918090821,,,,,0.068908447265625,,,,
127.03,85.72222222222223,0.06952264404296875,,,,,,,,,
127.05,85.72222222222223,,,,,,,,,4.841140888214111,
127.07,85.77777777777777,,,,,,,,,4.8468736534118655,
127.08,85.77777777777777,,,,,,0.06314848327636718,,,,
127.09,85.83333333333333,,,,,,0.06884489059448241,,,,
127.1,85.83333333333333,,,,,,,,,4.845781791687012,
127.15,85.88888888888889,,,,,,,,4.717503684997559,,
127.19,85.94444444444444,,,,,,0.06310654830932616,,,,
127.2,86.0,,,,,,0.06880350112915039,,,,
127.22,86.0,,,,,,,,,4.840070560455322,
127.23,86.05555555555556,,,,,,,,,4.845810642242432,
127.3,86.05555555555556,,,,,,0.0630534896850586,,,,
127.32,86.11111111111111,,,,,,0.06878561401367188,,,,
127.34,86.11111111111111,,,5.217882274627685,,,,,,,
127.38,86.16666666666667,,,5.22356787109375,,,,,,4.840077877044678,
127.4,86.22222222222223,,,,,,,,,4.845943950653076,
127.43,86.22222222222223,,,,,,,4.976306453704834,,,
127.44,86.27777777777777,,,,,,,4.982017902374268,,,
127.46,86.27777777777777,,,,,,,4.9763171577453615,,,
127.48,86.33333333333333,,,,,,,4.9809593429565435,,,
127.51,86.33333333333333,,,,,,0.06297546005249023,4.975209770202637,,,
127.54,86.44444444444444,,,,,,0.06868455123901367,4.980944004058838,,,
127.56,86.44444444444444,,,,,0.06483511734008789,,,,,
127.59,86.5,,,,,0.07052112579345703,,,,,
127.6,86.5,,,,,0.07056157684326171,,,,,
127.67,86.55555555555556,,,,,0.06482320022583007,,,,,
127.69,86.61111111111111,,,,,0.06947528076171876,,,,,
127.7,86.61111111111111,,,,,0.06374584197998047,,,,,
127.71,86.66666666666667,,,,,0.06947407531738281,,,,,
127.73,86.66666666666667,,,,,0.06948026275634765,,,,,
127.75,86.77777777777777,,,,,,0.06879550933837891,,,,
127.76,86.77777777777777,,,,,0.06938376235961914,,,,,
127.95,86.83333333333333,,,,,,0.06419951629638672,,,,
127.96,86.8888888888889,,,,,,0.06993570327758789,,,,
128.12,86.8888888888889,,,,,,0.06996268463134767,,,,
128.19,86.94444444444444,,,,,,,4.980964973449707,,,
128.25,87.05555555555556,,,5.217882274627685,,,,,,,
128.26,87.05555555555556,,,5.2236012191772465,,,,,,,
128.29,87.05555555555556,0.06377905654907226,,,,,,,,,
128.3,87.1111111111111,0.0694806785583496,,,,,,,,,
128.57,87.1111111111111,,,,,0.06940040588378907,,,,,
128.59,87.16666666666667,,,,,,,,4.711816780090332,,
128.6,87.22222222222223,,,,,,,,4.717524635314942,,
128.65,87.22222222222223,0.06477542877197266,,,,,0.06425359344482422,,,,
128.67,87.33333333333333,0.06478001785278321,0.0658228645324707,,,,0.06994464492797851,,,,
128.7,87.44444444444444,0.06479949951171875,0.07148237991333008,,,0.06471615982055665,,,4.7118112449646,,
128.74,87.6111111111111,0.07053479766845702,,,,0.0704134750366211,0.0652938232421875,4.975192497253418,4.717560424804688,,
128.75,87.72222222222223,,,,,,0.0709915657043457,4.9808987121582025,,,
128.96,87.72222222222223,,0.06576181411743164,,,,,,,,
128.99,87.77777777777777,,0.07152504348754883,,,,,,,,
129.0,87.77777777777777,,,5.223600463867188,,,,,,,
129.16,87.83333333333333,,,,,,,,,4.834497013092041,
129.36,87.94444444444444,,,5.207431064605713,,,,4.969377307891846,,4.834502948760986,
129.47,88.33333333333333,,,5.218907135009766,,,0.05960356140136719,4.975107860565185,4.700354667663574,4.840283790588379,
129.54,88.72222222222223,,,5.224623188018799,,,0.07109087753295898,4.980846950531006,4.711723766326904,4.846024444580078,
129.56,88.77777777777777,,,,,,,,4.717408504486084,,
129.57,88.77777777777777,0.07052767944335937,,,,,,,,,
129.58,88.83333333333333,,,,,,,,4.71165788269043,,
129.59,88.88888888888889,,,,,,,,4.711621204376221,,
129.62,88.94444444444444,,,,,,,4.979774684906006,4.717339656829834,,
129.83,89.0,,,,,0.06472492218017578,,,,,
129.84,89.05555555555556,,,,,0.07047903823852539,,,,4.8403220481872555,
129.85,89.11111111111111,0.07050484466552734,,,,,,,,4.846128242492675,
129.86,89.16666666666667,0.07048026657104492,,,,,,4.974042266845704,,,
129.87,89.27777777777777,,,,,,,4.979737594604492,,,
129.9,89.27777777777777,,,,,,,,,4.8403996620178225,
129.91,89.33333333333333,,0.06006998443603516,,,,,,,4.846218803405762,
129.93,89.44444444444444,,0.07149228286743164,,,,,,,,
130.0,89.5,,,,,,,,4.716367668151856,,
130.01,89.5,,0.06581732940673828,,,,,,,,
130.02,89.55555555555556,,0.07153011322021484,,,,,,,,
130.03,89.55555555555556,,0.06578221893310547,,,,,,,,
130.04,89.66666666666666,,0.07042630004882813,,,,,,,,
130.07,89.66666666666666,,,,,,,,4.710523651123047,,
130.08,89.72222222222223,,,,,,,,4.716255809783935,,
130.12,89.72222222222223,,0.06470154571533203,,,,,,,,
130.13,89.77777777777777,,0.06934941482543945,,,,,,,,
130.15,89.77777777777777,,,,,,,4.974047077178955,,,
130.17,89.83333333333333,,,,,,,4.980008491516114,,,
130.19,89.83333333333333,,0.06932783508300781,,,,,,,,
130.32,89.94444444444444,,,,,0.07047441101074219,,,,,
130.36,90.0,0.06477768707275391,,,,,,,,,
130.48,90.05555555555556,0.07048658752441407,,,,0.06472029495239258,,,,,
130.51,90.11111111111111,,,,,0.07047079849243164,,,4.710514137268067,,
130.53,90.16666666666666,,,,,,,,4.716236946105957,,
130.55,90.16666666666666,,,5.218918361663818,,,,,,,
130.57,90.22222222222223,,,5.224654193878174,,,,4.979964317321777,,4.846219120025634,
130.59,90.33333333333333,,,,,,,,,4.8402761955261235,
130.61,90.38888888888889,,,,,,0.0653480339050293,,,4.845988864898682,
130.62,90.44444444444444,,,,,,0.07002851486206055,4.97422184753418,,,
130.66,90.5,,,,,,0.06433077239990234,4.979953929901123,,,
130.72,90.55555555555556,,,,,,0.07005653381347657,,,,
130.75,90.66666666666666,,,5.218926822662354,,,,,,4.840242267608643,
130.8,90.66666666666666,,,5.224692050933838,,,,,,4.846002639770508,
130.85,90.66666666666666,,0.0683230972290039,,,,,,,,
130.86,90.72222222222223,,0.06265307235717774,,,,,,,,
130.92,90.77777777777779,,0.06836669540405273,,,,,4.979973201751709,,,
131.01,90.83333333333333,0.0647690315246582,,,,,,,,4.840289970397949,
131.04,90.94444444444444,0.07052899551391602,0.06260346603393555,,,,,4.975331016540528,,4.846028312683106,
131.05,91.05555555555556,,,,,,,4.9810545463562015,,,
131.06,91.05555555555556,,0.06832487106323243,5.218947414398193,,,,,,,
131.07,91.11111111111111,,,5.224637359619141,,,,,,,
131.08,91.11111111111111,,,,,,,,,4.840270740509033,
131.13,91.16666666666666,,,,,,,4.975315456390381,,4.844975078582764,
131.15,91.22222222222223,,,,,,0.06430904769897461,4.981020896911621,,,
131.19,91.27777777777779,,,,,,0.07001273727416991,,,,
131.26,91.27777777777779,,0.06257016754150391,,,,,,,,
131.27,91.33333333333333,,0.06831285858154297,,,,,,,,
131.28,91.33333333333333,0.06479513549804687,,,,,,,,,
131.29,91.38888888888889,0.07051570129394531,,,,,,,4.710479228973389,,
131.3,91.44444444444444,,,,,,,,4.71621109008789,,
131.4,91.44444444444444,,,,,,,,4.710482231140137,,
131.41,91.5,,,,,,,,4.716219818115235,,
131.57,91.5,,,,,,,4.975325569152831,,,
131.59,91.55555555555556,,,,,,,4.9810525474548335,,4.839234996795654,
131.6,91.61111111111111,,,,,,,,,4.844949474334717,
131.63,91.61111111111111,,,,,,0.06422226333618164,,,,
131.66,91.66666666666666,,,,,,0.06996063995361328,,,,
131.69,91.66666666666666,,0.06259923553466798,,,,,,,,
131.71,91.72222222222223,,0.06832867431640625,,,,,,,,
131.73,91.72222222222223,,,,,,,,,4.839083400726318,
131.74,91.77777777777779,,,,,,,,,4.8448935546875,
131.77,91.83333333333333,,,5.218947414398193,,,,,,,
131.78,91.88888888888889,,,5.224671684265136,,,0.06423469543457032,,,,
131.79,91.94444444444444,,,,,,0.06992062759399414,,,,
131.8,91.94444444444444,,0.0626282958984375,,,,,,,,
131.84,92.0,,0.06835842895507813,,,,,,,,
131.87,92.0,,,5.224692180633546,,,,,,,
131.91,92.05555555555556,,,,,,,4.981028846740722,,,
132.06,92.11111111111111,,,,,0.06474851226806641,,,,,
132.08,92.16666666666666,,,,,0.07045872116088867,,,,,
132.09,92.16666666666666,,,5.218896793365479,,,,,,,
132.1,92.22222222222223,,,5.224638927459717,,,,,,,
132.11,92.22222222222223,,,,,0.065806640625,,,,,
132.17,92.27777777777779,,,,,0.07148836135864257,,,,,
132.21,92.27777777777779,,,5.218893920898438,,,,,,,
132.22,92.33333333333333,,,5.2236102638244635,,,,,,,
132.31,92.33333333333333,,,,,,,4.975301868438721,,,
132.32,92.38888888888889,,,,,,,4.981007778167725,,,
132.36,92.38888888888889,,,,,0.07157431030273437,,,,,
132.38,92.44444444444444,,,,,,,4.975281482696533,,,
132.4,92.5,,,,,,,4.981047061920166,,,
132.43,92.5,,0.06261573791503906,,,,,,,,
132.45,92.55555555555556,,0.06833830261230468,,,,,,,,
132.46,92.55555555555556,,,,,,0.06992679977416992,,,,
132.5,92.66666666666666,0.07051696014404296,,,,,0.06881605529785156,,,,
132.63,92.77777777777779,,,,,0.07152518463134765,,,,,
132.73,92.83333333333333,,,,,0.06584346389770508,,,,,
132.74,92.88888888888889,,,,,0.07159135818481445,,,,,
132.77,92.88888888888889,,0.06728683090209961,,,,,,,,
132.84,92.94444444444444,,,,,,0.06308393096923828,,,,
132.85,93.0,,,5.217903846740723,,,0.06882305908203125,,,,
132.88,93.05555555555556,,,5.223617580413818,,,,,4.7105119628906245,,
134.33,93.11111111111111,0.06016751861572266,,5.2017815513610834,,0.03165331649780274,0.051531478881835936,4.953571060180664,4.671510238647461,4.805644561767578,
134.57,95.11111111111111,0.05445150375366212,,,,,0.06875470733642579,4.976189712524414,4.676093742370605,,5.314740894317627
134.58,95.27777777777777,,,,,,,,4.680689735412598,,5.349402759552002
134.59,95.27777777777777,,,,,,,,,,5.441248462677002
134.6,95.27777777777777,,,,,,,,,,5.461518238067627
134.61,95.27777777777777,,,,,,,,,,5.4918734626770025
134.62,95.27777777777777,,,,,,,,,,5.537159107208252
134.63,95.27777777777777,,,,,,,,,,5.5980782966613765
134.65,95.27777777777777,,,,,,,,,,5.630795581817627
134.66,95.27777777777777,,,,,,,,,,5.6766744880676265
134.67,95.27777777777777,,,,,,,,,4.800940223693847,5.689594409942627
134.68,95.33333333333334,,,,,,,,,,5.783615406036377
134.69,95.33333333333334,,,,,,,,,,5.829219654083253
134.7,95.33333333333334,,,,,,,,,,5.847797534942627
134.71,95.33333333333334,,,,,,,,,,5.893061206817627
134.72,95.33333333333334,,,,,,,,,,5.951266773223876
134.73,95.33333333333334,,,,,,,,,,5.989609058380127
134.74,95.33333333333334,,,,,,,,,,6.043398120880127
134.75,95.33333333333334,,,,,,,,4.674966926574707,,6.1334750251770025
134.76,95.38888888888889,,,,,,,,,,6.169279468536377
134.77,95.38888888888889,,,,,,,,,,6.204534595489502
134.78,95.38888888888889,,,,,,,,,,6.269782398223878
134.79,95.38888888888889,,,,,,,,,,6.302466724395751
134.81,95.38888888888889,,,,,,0.06301023483276368,,,,6.364792163848877
134.82,95.44444444444444,,,,,,,,,,6.465690601348877
134.83,95.44444444444444,,,,,,,,,,6.498759449005127
134.84,95.44444444444444,,,,,,,,,,6.531180103302002
134.85,95.44444444444444,,,,,,,,,,6.575235279083253
134.86,95.44444444444444,,,,,,,,,,6.607535083770752
134.87,95.44444444444444,,,,,,,,,,6.659017017364502
134.88,95.44444444444444,,,,,,,,,,6.706697681427001
134.9,95.44444444444444,,,,,,,,,,6.745193775177002
134.91,95.44444444444444,,,,,,,,,,6.790776050567628
134.92,95.44444444444444,0.048749881744384764,,,,,,,,,6.825350025177002
134.93,95.5,,,,,,,,,,6.906714771270751
134.94,95.5,,,,,,0.05832975387573242,,,,6.946968677520752
134.95,95.55555555555556,,,,,,,,,,6.968743579864502
134.96,95.55555555555556,,,,,,,,,,7.034969165802002
134.97,95.55555555555556,,,,,,,,,,7.067422779083252
134.98,95.55555555555556,,,,,,,,,,7.120882251739502
134.99,95.55555555555556,,,,,,,,,,7.1496444587707515
135.0,95.61111111111111,,,5.196062606811523,,,,,,,7.258551929473878
135.01,95.61111111111111,,,,,,,,,,7.296575611114502
135.02,95.61111111111111,,,,,,,,,,7.346233814239501
135.03,95.61111111111111,,,,,,,,,,7.378841236114502
135.04,95.61111111111111,,,,,,,,,,7.408746021270753
135.05,95.61111111111111,,,,,,,4.970457630157471,,,7.440892017364502
135.06,95.66666666666667,,0.06264274978637696,,,,,,,,7.524519947052003
135.07,95.72222222222221,,,,,,,,,,7.568663013458251
135.08,95.72222222222221,,,,,,,,,,7.634877613067627
135.09,95.72222222222221,,,,,,,,,,7.664408863067627
135.1,95.72222222222221,,,,,,,,,,7.728129566192626
135.11,95.72222222222221,,,,,,,,,,7.742148120880127
135.12,95.72222222222221,,,,,,,,,,7.771305835723877
135.13,95.72222222222221,,,,,,,,,,7.804034107208252
135.15,95.72222222222221,,,,,,,,,,7.881531665802003
135.16,95.72222222222221,,,,,,,,,4.795179851531983,7.918269947052002
135.17,95.77777777777777,,,,,,,,,,7.966609790802003
135.18,95.77777777777777,,,,,,,,,,8.037768238067628
135.19,95.77777777777777,,0.05698323440551758,,,,,,,,8.062817066192626
135.2,95.83333333333334,,,,,,,,,,8.097248218536377
135.21,95.83333333333334,,,,,,,,,,8.142467945098877
135.22,95.83333333333334,,,,,,,,,,8.185819995880127
135.23,95.83333333333334,,,,,,,,,,8.237631519317627
135.24,95.83333333333334,,,,,,,,,,8.276698902130127
135.25,95.94444444444444,0.04301458358764648,,5.190331192016601,,,,4.964738567352295,,,8.358799732208253
135.26,96.0,,,,,,,,,,8.404140308380127
135.27,96.0,,,,,,,,,,8.467531421661377
135.28,96.0,,,,,,,,,,8.483846118927001
135.29,96.0,,,,,,,,,,8.569649341583252
135.3,96.0,,,,,,,,,,8.604410083770752
135.31,96.0,,,,,,0.052586448669433586,,,,8.658572681427001
135.32,96.05555555555556,,,,,,,,,,8.676139820098877
135.33,96.05555555555556,,,,,,,,,,8.726896656036377
135.34,96.05555555555556,0.037278564453124996,,,,,,,,,8.751000659942628
135.35,96.11111111111111,,,,,,,,,4.789441509246826,8.831673267364502
135.36,96.16666666666667,,,,,,,,,,8.845263355255128
135.37,96.16666666666667,,,,,,,,,,8.897371509552002
135.38,96.16666666666667,,,,,,,,,,8.96836516189575
135.4,96.16666666666667,,,,,,,,,,9.020912769317627
135.41,96.16666666666667,,,,,,,,,,9.058870532989502
135.42,96.16666666666667,,,,,,,,,,9.094411304473878
135.43,96.16666666666667,,,,,,,,,,9.126535327911377
135.44,96.16666666666667,,,,,,,4.953309597015381,,,9.160911548614502
135.45,96.27777777777777,,,,,,,,,,9.210042407989501
135.46,96.27777777777777,,,,,,,,,,9.274521167755127
135.47,96.27777777777777,,,,,,,,,,9.293153980255127
135.48,96.27777777777777,,,,,,,,,,9.331023853302002
135.49,96.33333333333334,,,,,,,,,,9.438360279083252
135.5,96.33333333333334,,,,,,,,,,9.461387622833252
135.51,96.33333333333334,,,,,,,,,,9.561132495880127
135.52,96.33333333333334,,,,,,,4.947599063873291,,,
135.53,96.38888888888889,,,,,,,,,,9.592004077911378
135.55,96.38888888888889,,,,,,,,,,9.728498218536377
135.56,96.38888888888889,,,,,,,,,,9.761929615020753
135.57,96.38888888888889,,,,,,,,,,9.812148120880126
135.58,96.38888888888889,,,,,,,,,,9.833769214630127
135.59,96.38888888888889,,,,,,,,,,9.889107349395752
135.6,96.38888888888889,,,,,,,,,,9.938062427520752
135.61,96.38888888888889,,,,,,,,,,9.970614917755128
135.62,96.38888888888889,,,,,,,,,,10.055989673614501
135.63,96.38888888888889,,,,,,,,,,10.058164966583252
135.65,96.38888888888889,,,,,,,,,,10.139013355255127
135.66,96.38888888888889,,,,,,,,,,10.171148365020752
135.67,96.38888888888889,,,,,,,,,,10.232990406036377
135.68,96.38888888888889,,,,,,,,,,10.265509937286376
135.71,96.44444444444444,,,,,0.025940101623535158,,,4.669235065460206,,
135.73,96.55555555555554,,,,,,,,4.663497478485108,,
135.91,96.66666666666667,,,,,,,,,4.783727031707763,
135.94,96.72222222222221,,,,,0.020189598083496095,,,,,
135.97,96.77777777777777,,,,,,,,,4.7779168777465815,
136.04,96.83333333333334,,,,,,,,,4.78323140335083,
136.05,96.88888888888889,,,,,,,,,4.80285298538208,
136.06,96.88888888888889,,,,,,,,,4.86692525100708,
136.07,96.88888888888889,,,,,,,,,4.90087300491333,
136.08,96.88888888888889,,,,,,,,,4.917473346710205,
136.09,96.88888888888889,,,5.184586536407471,,,,,,5.009736530303955,
136.1,96.88888888888889,,,,,,,,,5.030720417022705,
136.11,96.94444444444444,,,,,,,,,5.07390767288208,
136.12,96.94444444444444,,,,,,,,,5.137155963897705,
136.13,96.94444444444444,,,,,,,,,5.17078511428833,
136.15,96.94444444444444,,,,,,,,,5.203337604522705,
136.16,96.94444444444444,0.03156427764892578,,,,,,,,5.236582233428956,
136.17,97.0,,,5.178870483398438,,,,,,5.284482624053955,
136.18,97.05555555555556,,,,,,0.04686068725585937,,,5.333965045928955,
136.19,97.11111111111111,,,,,,,,,5.39653218460083,
136.2,97.11111111111111,,,,,,,,,5.44862935256958,
136.21,97.11111111111111,,,,,,,,,5.49729878616333,
136.22,97.11111111111111,,0.052300724029541015,,,,0.04117475509643555,,,5.52902730178833,
136.23,97.22222222222221,,,,,,,,,5.54566060256958,
136.24,97.22222222222221,,,,,,,,,5.623498737335205,
136.25,97.22222222222221,,,,,,,,,5.705918170928955,
136.26,97.22222222222221,,,,,,,,,5.749292194366455,
136.27,97.22222222222221,,,,,,,,,5.792820026397704,
136.28,97.22222222222221,,,,,,,,,5.85195943069458,
136.29,97.22222222222221,,,,,,,,,5.884292194366455,
136.3,97.22222222222221,,,,,,,,,5.917295124053955,
136.31,97.22222222222221,,,,,,,,,5.97661030960083,
136.32,97.22222222222221,,,,,,,,,6.026279499053954,
136.33,97.22222222222221,,,,,,,,,6.08737446975708,
136.34,97.22222222222221,,,,,,,,,6.105468952178955,
136.35,97.22222222222221,,,,,,,,,6.164377643585206,
136.36,97.22222222222221,,,,,,,,,6.19618306350708,
136.37,97.22222222222221,,,,,,,,,6.23054829788208,
136.38,97.22222222222221,,,,,,,,,6.302102252960205,
136.4,97.22222222222221,,,,,,,,,6.334149372100831,
136.41,97.22222222222221,,,,,,,,,6.396859333038329,
136.42,97.22222222222221,,,,,,,,,6.431015827178956,
136.43,97.22222222222221,,,,,,,,,6.46446919631958,
136.44,97.22222222222221,,,,,,,,,6.4972414131164555,
136.45,97.22222222222221,,,,,,,,,6.56694966506958,
136.46,97.22222222222221,,,,,,,,,6.618025104522705,
136.47,97.22222222222221,,0.04659502410888672,,,,,,,6.636350299835205,
136.48,97.27777777777777,,,,,,0.03541958618164062,,,6.67066060256958,
136.49,97.33333333333334,,,,,,,,,6.733249713897706,
136.5,97.38888888888889,,0.04087842559814453,,,,,,,6.81818501663208,
136.51,97.38888888888889,,,,,,,,,6.89497945022583,
136.52,97.38888888888889,,,,,,,,,6.910689899444581,
136.53,97.38888888888889,,,,,,,,,6.956162311553955,
136.54,97.38888888888889,,0.03623055648803711,,,,,,,6.994834186553955,
136.55,97.44444444444444,,,,,,,,,7.051589557647706,
136.56,97.44444444444444,,,,,,,,,7.1137392158508295,
136.57,97.44444444444444,,,,,,,,,7.1486867256164555,
136.58,97.44444444444444,,,,,,0.02971589660644531,,,7.19807027053833,
136.59,97.5,,,,,,,,,7.21808736038208,
136.6,97.5,,,,,,,,,7.255671588897705,
136.61,97.5,0.02584798431396484,,,,,,,,7.334070026397706,
136.62,97.55555555555556,,,,,,,,,7.38420064163208,
136.63,97.55555555555556,,,,,,,,,7.421850788116455,
136.65,97.55555555555556,,,,,,,,,7.440340778350831,
136.66,97.55555555555556,,,,,,,,,7.50291890335083,
136.67,97.55555555555556,,,,,,,,,7.553994342803954,
136.68,97.55555555555556,,0.03051777267456055,,,,,,,,
136.69,97.61111111111111,,,,,,,,,7.6509926338195795,
136.7,97.61111111111111,,,,,,,,,7.694575397491456,
136.71,97.61111111111111,,,,,,,,,7.717075397491454,
136.72,97.61111111111111,,,,,,,,,7.782334186553955,
136.73,97.61111111111111,,,,,,,4.936127574920654,,7.798220417022705,
136.74,97.72222222222223,,,,,,,,,7.86408345413208,
136.75,97.72222222222223,,,,,,,,,7.948777057647705,
136.76,97.72222222222223,,,,,,,,,7.96722310256958,
136.77,97.72222222222223,,,,,,,,,8.065671588897704,
136.78,97.72222222222223,,,,,,,,,8.097301227569579,
136.79,97.72222222222223,,,,,,,,,8.12184468460083,
136.8,97.72222222222223,,,,,,,,,8.16504292678833,
136.81,97.72222222222223,,,,,,,,,8.226819049835205,
136.82,97.72222222222223,,,,,,,,,8.262722370147706,
136.83,97.72222222222223,,,,,,,,,8.335913288116455,
136.84,97.72222222222223,,,,,,,,,8.342087604522705,
136.85,97.72222222222223,,,,,,,,,8.410883991241455,
136.86,97.72222222222223,,,,,,,,,8.432516071319581,
136.87,97.72222222222223,,,,,,,,,8.494116413116455,
136.88,97.72222222222223,,,,,,,,,8.52809712600708,
136.9,97.72222222222223,,,,,,0.025086853027343748,,,8.567658893585204,
136.91,97.77777777777777,,,,,,,,,8.62919331741333,
136.92,97.77777777777777,,,,,,,,,8.64587056350708,
136.93,97.77777777777777,,,,,,,,,8.70792134475708,
136.94,97.77777777777777,,,,,,,,,8.773608600616454,
136.95,97.77777777777777,,,,,,,,,8.797778522491456,
136.96,97.77777777777777,,,,,,,,,8.830210163116455,
136.97,97.77777777777777,,,,,,,,,8.886526081085206,
136.98,97.77777777777777,,,,,,,,,8.961057331085206,
136.99,97.77777777777777,,,,,,,,,8.99567525100708,
137.0,97.77777777777777,,,,,,,,,9.077962848663331,
137.01,97.77777777777777,,,,,,,,,9.126797077178955,
137.02,97.77777777777777,,,,,,,,,9.161711627960205,
137.03,97.77777777777777,,,,,,,,,9.200108844757079,
137.04,97.77777777777777,,,,,,0.019348476409912108,,,9.25528218460083,
137.05,97.83333333333333,,,,,,,,,9.28529683303833,
137.06,97.83333333333333,,,,,,,,,9.36299214553833,
137.07,97.83333333333333,,,,,,,,,9.38129536819458,
137.08,97.83333333333333,,,,,,,,,9.42785542678833,
137.09,97.83333333333333,,,,,,,,,9.490202838897705,
137.1,97.83333333333333,,,,,,,,,9.55562642288208,
137.11,97.83333333333333,0.020139083862304688,,,,,,,,,
137.33,97.88888888888889,,,,,0.01447938919067383,,,,,
137.55,97.94444444444444,,,5.174154140472412,,,,,,,
137.69,98.0,,,5.1683978118896485,,,0.013645896911621094,,,,
137.73,98.11111111111111,0.014379119873046875,0.024796367645263672,,,0.008656875610351562,,,,,
137.87,98.27777777777777,,,,,,,4.930447124481201,,,
138.05,98.33333333333333,0.008658554077148438,,,,,,,,,
138.07,98.38888888888889,,,,,,,,4.658901485443115,,
138.12,98.44444444444444,,,,,,,,4.654260776519775,,
138.15,98.5,,,,,0.0029089813232421875,,,,,
139.35,98.61111111111111,0.0029089813232421875,0.0029089813232421875,5.156931407928466,,,0.007906768798828125,4.913266571044922,4.648585823059082,,
139.98,99.27777777777777,,,,,,0.002182014465332031,4.919990203857422,,,
139.99,99.33333333333333,,,,,,,4.925252655029297,,,
140.0,99.33333333333333,,,,,,,5.016527069091796,,,
140.01,99.33333333333333,,,,,,,5.049266326904297,,,
140.02,99.33333333333333,,,,,,,5.092069061279297,,,
140.03,99.33333333333333,,,,,,,5.1243688659667965,,,
140.04,99.33333333333333,,,,,,,5.175938690185547,,,
140.05,99.33333333333333,,,,,,,5.228563201904297,,,
140.06,99.33333333333333,,,,,,,5.261840789794922,,,
140.07,99.33333333333333,,,,,,,5.301468475341797,,,
140.08,99.33333333333333,,,,,,,5.354224822998047,,,
140.09,99.33333333333333,,,,,,,5.402575653076172,,,
140.1,99.33333333333333,,,,,,,5.424405487060547,,,
140.11,99.33333333333333,,,,,,,5.471031463623047,,,
140.12,99.33333333333333,,,,,,,5.538498504638672,,,
140.13,99.33333333333333,,,,,,,5.571116912841797,,,
140.15,99.33333333333333,,,,,,,5.649844940185547,,,
140.16,99.33333333333333,,,,,,,5.678519256591797,,,
140.17,99.33333333333333,,,,,,,5.697943084716797,,,
140.18,99.33333333333333,,,,,,,5.746887176513671,,,
140.19,99.33333333333333,,,,,,,5.8126403503417965,,,
140.2,99.33333333333333,,,,,,,5.863265350341797,,,
140.21,99.33333333333333,,,,,,,5.896894500732422,,,
140.22,99.33333333333333,,,,,,,5.926436737060547,,,
140.23,99.33333333333333,,,,,,,5.972853973388672,,,
140.24,99.33333333333333,,,,,,,6.021940887451172,,,
140.25,99.33333333333333,,,,,,,6.116214569091797,,,
140.26,99.33333333333333,,,,,,,6.138110321044922,,,
140.27,99.33333333333333,,,,,,,6.234866912841797,,,
140.28,99.33333333333333,,,,,,,6.250731170654297,,,
140.29,99.33333333333333,,,,,,,6.302388885498048,,,
140.3,99.33333333333333,,,,,,,6.3465539245605465,,,
140.31,99.33333333333333,,,,,,,6.405759246826172,,,
140.32,99.33333333333333,,,,,,,6.438531463623047,,,
140.33,99.33333333333333,,,,,,,6.484849822998047,,,
140.34,99.33333333333333,,,,,,,6.534738739013672,,,
140.35,99.33333333333333,,,,,,,6.557919891357422,,,
140.36,99.33333333333333,,,,,,,6.620948455810546,,,
140.37,99.33333333333333,,,,,,,6.636834686279297,,,
140.38,99.33333333333333,,,,,,,6.680889862060548,,,
140.4,99.33333333333333,,,,,,,6.7553551940917975,,,
140.41,99.33333333333333,,,,,,,6.787819793701172,,,
140.42,99.33333333333333,,,,,,,6.866448944091797,,,
140.44,99.33333333333333,,,,,,,6.881972625732422,,,
140.45,99.33333333333333,,,,,,,6.946539276123047,,,
140.46,99.33333333333333,,,,,,,7.027145965576172,,,
140.47,99.33333333333333,,,,,,,7.0964147644042965,,,
140.48,99.33333333333333,,,,,,,7.114256561279298,,,
140.49,99.33333333333333,,,,,,,7.143721893310547,,,
140.5,99.33333333333333,,,,,,,7.261627166748047,,,
140.51,99.33333333333333,,,,,,,7.308582733154297,,,
140.52,99.33333333333333,,,,,,,7.334796112060547,,,
140.53,99.33333333333333,,,,,,,7.3976708679199215,,,
140.54,99.33333333333333,,,,,,,7.414337127685547,,,
140.55,99.33333333333333,,,,,,,7.479672821044922,,,
140.56,99.33333333333333,,,,,,,7.508588836669921,,,
140.57,99.33333333333333,,,,,,,7.5633337097167965,,,
140.58,99.33333333333333,,,,,,,7.606916473388672,,,
140.59,99.33333333333333,,,,,,,7.663463104248047,,,
140.6,99.33333333333333,,,,,,,7.715428436279296,,,
140.61,99.33333333333333,,,,,,,7.762856414794922,,,
140.62,99.33333333333333,,,,,,,7.796628387451173,,,
140.63,99.33333333333333,,,,,,,7.844462860107422,,,
140.65,99.33333333333333,,,,,,,7.887551239013672,,,
140.66,99.33333333333333,,,,,,,7.903657196044922,,,
140.67,99.33333333333333,,,,,,,7.9360229187011715,,,
140.68,99.33333333333333,,,,,,,8.017167938232422,,,
140.69,99.33333333333333,,,,,,,8.068660858154297,,,
140.7,99.33333333333333,,,,,,,8.100048797607421,,,
140.71,99.33333333333333,,,,,,,8.165999725341797,,,
140.72,99.33333333333333,,,,,,,8.179051483154296,,,
140.73,99.33333333333333,,,,,,,8.229324920654296,,,
140.74,99.33333333333333,,,,,,,8.262130096435547,,,
140.75,99.33333333333333,,,,,,,8.381771209716797,,,
140.76,99.33333333333333,,,,,,,8.40017330932617,,,
140.77,99.33333333333333,,,,,,,8.442910125732423,,,
140.78,99.33333333333333,,,,,,,8.508092010498046,,,
140.79,99.33333333333333,,,,,,,8.544291961669922,,,
140.8,99.33333333333333,,,,,,,8.610023162841797,,,
140.81,99.33333333333333,,,,,,,8.628732879638672,,,
140.82,99.33333333333333,,,,,,,8.691201141357421,,,
140.83,99.33333333333333,,,,,,,8.727005584716798,,,
140.84,99.33333333333333,,,,,,,8.788671844482423,,,
140.85,99.33333333333333,,,,,,,8.806942108154297,,,
140.86,99.33333333333333,,,,,,,8.868586395263673,,,
140.87,99.33333333333333,,,,,,,8.917969940185547,,,
140.88,99.33333333333333,,,,,,,8.963727996826172,,,
140.9,99.33333333333333,,,,,,,8.991677215576171,,,
140.91,99.33333333333333,,,,,,,9.038116424560547,,,
140.92,99.33333333333333,,,,,,,9.102792938232422,,,
140.93,99.33333333333333,,,,,,,9.140948455810546,,,
140.94,99.33333333333333,,,,,,,9.187706268310547,,,
140.95,99.33333333333333,,,,,,,9.203834197998047,,,
140.96,99.33333333333333,,,,,,,9.275157440185547,,,
140.97,99.33333333333333,,,,,,,9.307248504638672,,,
140.98,99.33333333333333,,,,,,,9.339910858154298,,,
140.99,99.33333333333333,,,,,,,9.428372772216797,,,
141.0,99.33333333333333,,,,,,,9.490039031982423,,,
141.22,99.33333333333333,,,5.157299068450928,,,,,,,
141.52,99.3888888888889,,,,,,,9.49040970993042,,,
152.21,99.44444444444444,,,,,,,,,,10.266396888732912
157.35,99.66666666666667,,,,,,,,4.658139850616455,,
157.36,99.72222222222223,,,,,,,,4.678640338897705,,
157.37,99.72222222222223,,,,,,,,4.716477252960205,,
157.38,99.72222222222223,,,,,,,,4.72420064163208,,
157.4,99.72222222222223,,,,,,,,4.8038295478820805,,
157.41,99.72222222222223,,,,,,,,4.83384419631958,,
157.42,99.72222222222223,,,,,,,,4.90145405960083,,
157.43,99.72222222222223,,,,,,,,4.936577350616455,,
157.44,99.72222222222223,,,,,,,,5.015964557647705,,
157.45,99.72222222222223,,,,,,,,5.030993854522705,,
157.46,99.72222222222223,,,,,,,,5.09028706741333,,
157.47,99.72222222222223,,,,,,,,5.106272174835206,,
157.48,99.72222222222223,,,,,,,,5.164719440460205,,
157.49,99.72222222222223,,,,,,,,5.21515767288208,,
157.5,99.72222222222223,,,,,,,,5.30803609085083,,
157.51,99.72222222222223,,,,,,,,5.36305562210083,,
157.52,99.72222222222223,,,,,,,,5.380688678741455,,
157.53,99.72222222222223,,,,,,,,5.447199909210205,,
157.54,99.72222222222223,,,,,,,,5.4607899971008305,,
157.55,99.72222222222223,,,,,,,,5.50996480178833,,
157.56,99.72222222222223,,,,,,,,5.58574849319458,,
157.57,99.72222222222223,,,,,,,,5.625376178741455,,
157.58,99.72222222222223,,,,,,,,5.65784077835083,,
157.59,99.72222222222223,,,,,,,,5.68673482131958,,
157.6,99.72222222222223,,,,,,,,5.73654683303833,,
157.61,99.72222222222223,,,,,,,,5.787556354522705,,
157.62,99.72222222222223,,,,,,,,5.836950885772705,,
157.63,99.72222222222223,,,,,,,,5.853737995147705,,
157.65,99.72222222222223,,,,,,,,5.900254108428955,,
157.66,99.72222222222223,,,,,,,,5.99369282913208,,
157.67,99.72222222222223,,,,,,,,6.033364459991454,,
157.68,99.72222222222223,,,,,,,,6.070498249053955,,
157.69,99.72222222222223,,,,,,,,6.11542134475708,,
157.7,99.72222222222223,,,,,,,,6.14772114944458,,
157.71,99.72222222222223,,,,,,,,6.18237202835083,,
157.72,99.72222222222223,,,,,,,,6.252915241241455,,
157.73,99.72222222222223,,,,,,,,6.28581929397583,,
157.74,99.72222222222223,,,,,,,,6.3177016181945795,,
157.75,99.72222222222223,,,,,,,,6.417050983428956,,
157.76,99.72222222222223,,,,,,,,6.469697467803955,,
157.77,99.72222222222223,,,,,,,,6.488099567413331,,
157.78,99.72222222222223,,,,,,,,6.5522377510070795,,
157.79,99.72222222222223,,,,,,,,6.598457233428954,,
157.8,99.72222222222223,,,,,,,,6.646819049835205,,
157.81,99.72222222222223,,,,,,,,6.6807558174133295,,
157.82,99.72222222222223,,,,,,,,6.726953327178956,,
157.83,99.72222222222223,,,,,,,,6.77554585647583,,
157.84,99.72222222222223,,,,,,,,6.82186421585083,,
157.86,99.72222222222223,,,,,,,,6.904887897491455,,
157.87,99.72222222222223,,,,,,,,6.95752339553833,,
157.88,99.72222222222223,,,,,,,,6.994843952178956,,
157.9,99.72222222222223,,,,,,,,7.017420856475829,,
157.91,99.72222222222223,,,,,,,,7.09825825881958,,
157.92,99.72222222222223,,,,,,,,7.13693013381958,,
157.93,99.72222222222223,,,,,,,,7.191301471710205,,
157.94,99.72222222222223,,,,,,,,7.23303853225708,,
157.95,99.72222222222223,,,,,,,,7.28027974319458,,
157.96,99.72222222222223,,,,,,,,7.297791950225831,,
157.97,99.72222222222223,,,,,,,,7.346966754913329,,
157.98,99.72222222222223,,,,,,,,7.424991657257079,,
158.0,99.72222222222223,,,,,,,,7.55485005569458,,
158.01,99.72222222222223,,,,,,,,7.5970815010070805,,
158.02,99.72222222222223,,,,,,,,7.654397174835205,,
158.03,99.72222222222223,,,,,,,,7.6764357490539545,,
158.04,99.72222222222223,,,,,,,,7.72799458694458,,
158.05,99.72222222222223,,,,,,,,7.773840534210205,,
158.06,99.72222222222223,,,,,,,,7.81650044631958,,
158.07,99.72222222222223,,,10.695529048919678,,,,,7.848745319366455,,
158.08,99.72222222222223,,,,,,,,7.897865192413329,,
158.09,99.72222222222223,,,,,,,,7.919321491241455,,
158.1,99.72222222222223,,,,,,,,8.013562213897705,,
158.11,99.72222222222223,,,,,,,,8.05050923538208,,
158.12,99.72222222222223,,,,,,,,8.08296284866333,,
158.13,99.72222222222223,,,,,,,,8.117954303741454,,
158.15,99.72222222222223,,,,,,,,8.187959186553954,,
158.16,99.72222222222223,,,,,,,,8.207844440460205,,
158.17,99.72222222222223,,,,,,,,8.285276081085206,,
158.18,99.72222222222223,,,,,,,,8.31563130569458,,
158.19,99.72222222222223,,,,,,,,8.353611042022704,,
158.2,99.72222222222223,,,,,,,,8.356039020538331,,
158.21,99.72222222222223,,,,,,,,8.420539752960204,,
158.22,99.72222222222223,,,,,,,,8.50039937210083,,
158.23,99.72222222222223,,,,,,,,8.515208942413329,,
158.24,99.72222222222223,,,,,,,,8.58057759475708,,
158.25,99.72222222222223,,,,,,,,8.648462116241456,,
158.26,99.72222222222223,,,,,,,,8.69890034866333,,
158.27,99.72222222222223,,,,,,,,8.744416706085206,,
158.28,99.72222222222223,,,,,,,,8.773925983428956,,
158.29,99.72222222222223,,,,,,,,8.86637593460083,,
158.3,99.72222222222223,,,,,,,,8.903762409210204,,
158.31,99.72222222222223,,,,,,,,8.93409566116333,,
158.32,99.72222222222223,,,,,,,,8.97872212600708,,
158.33,99.72222222222223,,,,,,,,9.010945026397705,,10.26676454925537
158.34,99.77777777777777,,,,,,,,9.043112995147705,,
158.35,99.77777777777777,,,,,,,,9.090046588897705,,
158.36,99.77777777777777,,,,,,,,9.150888874053956,,
158.37,99.77777777777777,,,,,,,,9.206875202178955,,
158.38,99.77777777777777,,,,,,,,9.25236958694458,,
158.4,99.77777777777777,,,,,,,,9.333174030303955,,
164.62,99.8888888888889,,,16.233759029388427,,,,,,,
164.91,99.8888888888889,,,,,,,,9.333541690826417,,
168.71,100.0,,,,,,0.0,,,,
168.72,100.0,0.0,,0.0,,,0.0,,,,0.0
168.73,100.0,,,,,,,,0.0,,0.0
168.74,100.0,,0.0,,,,,,0.0,0.0,
168.75,100.0,,,,0.0,0.0,,0.0,,0.0,
