# timestamp workers_connected workers_init workers_idle workers_busy workers_able workers_joined workers_removed workers_released workers_idled_out workers_blocked workers_slow workers_lost tasks_waiting tasks_on_workers tasks_running tasks_with_results tasks_submitted tasks_dispatched tasks_done tasks_failed tasks_successful tasks_cancelled tasks_exhausted_attempts tasks_recovery time_send time_receive time_send_good time_receive_good time_status_msgs time_internal time_polling time_application time_scheduling time_execute time_execute_good time_execute_exhaustion bytes_sent bytes_received bandwidth capacity_tasks capacity_cores capacity_memory capacity_disk capacity_instantaneous capacity_weighted total_cores total_memory total_disk committed_cores committed_memory committed_disk max_cores max_memory max_disk min_cores min_memory min_disk inuse_cache
1791391644516321 0 0 0 0 0 0 0 0 0 0 0 0 0 0 0 0 0 0 0 0 0 0 0 0 0 0 0 0 0 0 0 0 0 0 0 0 0 0 1.000000 0 0 0 0 0 0 0 0 0 0 0 0 0 0 0 0 0 0 0
1791391644517620 0 0 0 0 0 0 0 0 0 0 0 0 0 0 0 0 0 0 0 0 0 0 0 0 0 0 0 0 0 0 0 0 0 0 0 0 0 0 1.000000 10 10 5120 10240 10 10 0 0 0 0 0 0 0 0 0 0 0 0 0
1791391651046537 5 0 5 0 5 5 0 0 0 0 0 0 1799 1 1 0 1800 0 0 0 0 0 0 0 0 3 0 0 562 12641 10 1595565 88 0 0 0 347203308 0 1.000000 10 10 5120 10240 10 10 60 80000 125000 0 0 0 12 16000 25000 12 16000 25000 332
1791391659384014 5 0 3 2 5 5 0 0 0 0 0 0 1797 3 3 0 1800 2 0 0 0 0 0 0 0 3 0 0 562 12641 10 1595565 314 0 0 0 995838097 0 1.000000 10 10 5120 10240 10 10 60 80000 125000 24 32000 4637 12 16000 25000 12 16000 25000 950
1791391667336680 5 0 1 4 5 5 0 0 0 0 0 0 1795 5 5 0 1800 4 0 0 0 0 0 0 0 3 0 0 562 12641 10 1595565 652 0 0 0 1635395321 0 1.000000 10 10 5120 10240 10 10 60 80000 125000 48 64000 9256 12 16000 25000 12 16000 25000 1560
1791391667337269 5 0 0 5 5 5 0 0 0 0 0 0 1795 5 5 0 1800 5 0 0 0 0 0 0 21210824 3 0 0 562 12641 10 1595565 995 0 0 0 1635395321 0 73.530113 10 10 5120 10240 10 10 60 80000 125000 60 80000 11561 12 16000 25000 12 16000 25000 1560
1791391667347964 5 0 1 4 5 5 0 0 0 0 0 0 1795 4 1 3 1800 5 1 0 1 0 0 0 21210824 1315 0 1223 9738 12683 17 1595704 995 11255911 2922572 0 1635395321 0 73.525565 10 10 5120 10240 10 10 60 80000 125000 48 64000 10969 12 16000 25000 12 16000 25000 1229
1791391667349455 5 0 2 3 5 5 0 0 0 0 0 0 1795 3 1 2 1800 5 2 0 2 0 0 0 21210824 2557 0 2406 9750 12715 20 1595890 995 11255911 5614497 0 1635395321 0 73.521261 10 120 160000 20000 1 10 60 80000 125000 36 48000 8230 12 16000 25000 12 16000 25000 924
1791391667350725 5 0 3 2 5 5 0 0 0 0 0 0 1795 2 1 1 1800 5 3 0 3 0 0 0 21210824 3639 0 3434 9750 12752 23 1596022 995 11255911 8259527 0 1635395321 0 73.517511 10 120 160000 20000 1 10 60 80000 125000 24 32000 5491 12 16000 25000 12 16000 25000 619
1791391667351962 5 0 4 1 5 5 0 0 0 0 0 0 1795 1 1 0 1800 5 4 0 4 0 0 0 21210824 4723 0 4464 9750 12787 26 1596122 995 11255911 11255911 0 1635395321 0 73.513755 10 120 160000 20000 1 10 60 80000 125000 12 16000 2743 12 16000 25000 12 16000 25000 306
1791391676026015 5 0 3 2 5 5 0 0 0 0 0 0 1793 3 3 0 1800 6 4 0 4 0 0 0 21210824 4724 0 4464 9750 12787 36 1596215 1353 11255911 11255911 0 2274952545 0 102.262916 10 120 160000 20000 1 10 60 80000 125000 24 32000 5048 12 16000 25000 12 16000 25000 916
1791391683040638 5 0 2 3 5 5 0 0 0 0 0 0 1792 4 4 0 1800 7 4 0 4 0 0 0 21210824 4724 0 4464 9750 12787 36 1596215 1600 11255911 11255911 0 2594731157 0 116.637499 10 120 160000 20000 1 10 60 80000 125000 36 48000 7353 12 16000 25000 12 16000 25000 1221
1791391683065822 5 0 0 5 5 5 0 0 0 0 0 0 1780 16 16 0 1800 20 4 0 4 0 0 0 36924558 4724 0 4464 9750 12787 36 1596215 2162 11255911 11255911 0 2614226700 0 67.510678 10 120 160000 20000 1 10 60 80000 125000 60 79996 21676 12 16000 25000 12 16000 25000 1239
1791391683074039 5 0 1 4 5 5 0 0 0 0 0 0 1780 15 13 2 1800 20 5 0 5 0 0 0 36924558 5999 0 5659 15696 12848 49 1597116 2162 19732772 13889221 0 2614226700 0 67.508347 10 120 160000 20000 1 10 60 80000 125000 48 63996 20261 12 16000 25000 12 16000 25000 935
1791391683080010 5 0 2 3 5 5 0 0 0 0 0 0 1780 14 13 1 1800 20 6 0 6 0 0 0 36924558 7293 0 6866 15768 12882 56 1601662 2162 19732772 17060456 0 2614226700 0 67.505982 10 120 160000 20000 1 10 60 80000 125000 36 47996 17528 12 16000 25000 12 16000 25000 630
1791391683081394 5 0 3 2 5 5 0 0 0 0 0 0 1780 13 13 0 1800 20 7 0 7 0 0 0 36924558 8422 0 7940 15768 12913 59 1601859 2162 19732772 19732772 0 2614226700 0 67.503918 10 120 160000 20000 1 10 60 80000 125000 24 31996 14788 12 16000 25000 12 16000 25000 325
1791391683780045 10 0 0 10 10 10 0 0 0 0 0 0 1684 108 108 0 1800 116 8 0 8 0 0 0 37227189 8553 0 7966 17866 12962 393596 1602035 33399 20362810 20362810 0 2768414290 0 70.904069 10 120 160000 20000 1 10 120 160000 250000 119 158631 110118 12 16000 25000 12 16000 25000 471
1791391683851280 10 0 0 10 10 10 0 0 0 0 0 0 1683 108 108 0 1800 117 9 0 9 0 0 0 37259472 8644 0 7981 18003 12994 431997 1602297 61143 21163416 21163416 0 2770056410 0 70.884497 10 107 141667 18750 81 18 120 160000 250000 119 158631 110094 12 16000 25000 12 16000 25000 472
1791391683863110 10 0 0 10 10 10 0 0 0 0 0 0 1682 108 108 0 1800 118 10 0 10 0 0 0 37270844 8734 0 7995 18092 13007 432013 1602526 70318 21880007 21880007 0 2771713726 0 70.905100 10 96 127407 17778 82 25 120 160000 250000 119 158631 110095 12 16000 25000 12 16000 25000 472
1791391684167818 10 0 0 10 10 10 0 0 0 0 0 0 1681 108 108 0 1800 119 11 0 11 0 0 0 37302567 8829 0 8010 18241 13042 704576 1602650 98270 22693627 22693627 0 2773305662 0 70.885324 10 87 115999 17000 97 33 120 160000 250000 119 158631 110072 12 16000 25000 12 16000 25000 473
1791391684325434 10 0 0 10 10 10 0 0 0 0 0 0 1680 108 108 0 1800 120 12 0 12 0 0 0 37334791 8933 0 8025 18366 13076 829514 1602809 126138 23950262 23950262 0 2774940956 0 70.865721 10 80 106666 16364 119 43 120 160000 250000 119 158631 110073 12 16000 25000 12 16000 25000 474
1791391684331267 10 0 0 10 10 10 0 0 0 0 0 0 1679 108 108 0 1800 121 13 0 13 0 0 0 37340239 9011 0 8039 18441 13090 829524 1602998 129835 25077729 25077729 0 2776580608 0 70.897103 10 75 98888 15834 106 50 120 160000 250000 119 158631 110050 12 16000 25000 12 16000 25000 474
1791391684360491 10 0 0 10 10 10 0 0 0 0 0 0 1678 108 108 0 1800 122 14 0 14 0 0 0 37369119 9095 0 8055 18526 13114 829558 1603087 155437 26282307 26282307 0 2778213799 0 70.883835 10 70 92307 15385 155 61 120 160000 250000 119 158631 110027 12 16000 25000 12 16000 25000 476
1791391684384120 10 0 0 10 10 10 0 0 0 0 0 0 1677 108 108 0 1800 123 15 0 15 0 0 0 37392399 9179 0 8068 18590 13134 829587 1603215 175753 27331499 27331499 0 2779853375 0 70.881361 10 65 86665 15000 248 80 120 160000 250000 119 158631 110025 12 16000 25000 12 16000 25000 477
1791391684469912 10 0 0 10 10 10 0 0 0 0 0 0 1676 108 108 0 1800 124 16 0 16 0 0 0 37424823 9274 0 8084 18741 13166 882527 1603336 203705 28669469 28669469 0 2781524872 0 70.862370 10 62 81776 14667 204 93 120 160000 250000 119 158631 110028 12 16000 25000 12 16000 25000 478
1791391684513403 10 0 0 10 10 10 0 0 0 0 0 0 1675 108 108 0 1800 125 17 0 17 0 0 0 37457012 9374 0 8106 18860 13197 893388 1603504 231821 30012596 30012596 0 2783128392 0 70.842116 10 59 77499 14375 27 87 120 160000 250000 119 158631 110005 12 16000 25000 12 16000 25000 478
1791391684523286 10 0 0 10 10 10 0 0 0 0 0 0 1674 108 108 0 1800 126 18 0 18 0 0 0 37466531 9454 0 8123 18931 13209 893402 1603669 239320 31229940 31229940 0 2784710977 0 70.864244 10 56 73724 14118 226 101 120 160000 250000 119 158631 109982 12 16000 25000 12 16000 25000 479
1791391684550666 10 0 0 10 10 10 0 0 0 0 0 0 1673 108 108 0 1800 127 19 0 19 0 0 0 37493570 9536 0 8136 19012 13237 893433 1603762 263282 32498800 32498800 0 2786292300 0 70.853209 10 53 70369 13889 89 101 120 160000 250000 119 158631 109983 12 16000 25000 12 16000 25000 480
1791391684554614 10 0 0 10 10 10 0 0 0 0 0 0 1672 108 108 0 1800 128 20 0 20 0 0 0 37497236 9610 0 8149 19080 13245 893441 1603870 265140 33852506 33852506 0 2787938246 0 70.887995 10 51 67367 13685 183 110 120 160000 250000 119 158631 109984 12 16000 25000 12 16000 25000 481
1791391684707699 10 0 0 10 10 10 0 0 0 0 0 0 1671 108 108 0 1800 129 21 0 21 0 0 0 37529069 9704 0 8165 19229 13283 1014323 1603932 293066 35360287 35360287 0 2789282942 0 70.861866 10 49 64665 13500 221 122 120 160000 250000 119 158631 109985 12 16000 25000 12 16000 25000 482
1791391684777816 10 0 0 10 10 10 0 0 0 0 0 0 1670 108 108 0 1800 130 22 0 22 0 0 0 37560829 9795 0 8180 19355 13312 1052261 1604078 320718 36799074 36799074 0 2790926894 0 70.843521 10 47 62220 13334 226 133 120 160000 250000 119 158631 109986 12 16000 25000 12 16000 25000 483
1791391684820956 10 0 0 10 10 10 0 0 0 0 0 0 1669 108 108 0 1800 131 23 0 23 0 0 0 37603660 9879 0 8199 19418 13321 1052267 1604206 322613 38480819 38480819 0 2792570564 0 70.804367 10 45 59998 13182 241 145 120 160000 250000 119 158631 109988 12 16000 25000 12 16000 25000 485
1791391684893133 10 0 0 10 10 10 0 0 0 0 0 0 1668 108 108 0 1800 132 24 0 24 0 0 0 37635698 9979 0 8214 19559 13358 1092032 1604274 350637 40150756 40150756 0 2794195791 0 70.785093 10 44 57969 13044 247 156 120 160000 250000 119 158631 109989 12 16000 25000 12 16000 25000 486
1791391684926096 10 0 0 10 10 10 0 0 0 0 0 0 1667 108 108 0 1800 133 25 0 25 0 0 0 37667785 10086 0 8237 19673 13390 1092470 1604431 378596 41831856 41831856 0 2795553285 0 70.758971 10 43 56109 12917 129 154 120 160000 250000 119 158631 109966 12 16000 25000 12 16000 25000 486
1791391685110191 10 0 0 10 10 10 0 0 0 0 0 0 1666 108 108 0 1800 134 26 0 26 0 0 0 37699680 10187 0 8251 19810 13429 1244207 1604593 406093 43881402 43881402 0 2797200434 0 70.740589 10 41 54398 12800 285 168 120 160000 250000 119 158631 109969 12 16000 25000 12 16000 25000 489
1791391685369241 10 0 0 10 10 10 0 0 0 0 0 0 1665 108 108 0 1800 135 27 0 27 0 0 0 37731428 10290 0 8267 19971 13464 1471012 1604767 433703 46099771 46099771 0 2798796030 0 70.721208 10 40 52819 12693 188 170 120 160000 250000 119 158631 109971 12 16000 25000 12 16000 25000 491
1791391685483630 10 0 0 10 10 10 0 0 0 0 0 0 1664 108 108 0 1800 136 28 0 28 0 0 0 37763461 10385 0 8282 20090 13494 1552929 1604933 461379 48373142 48373142 0 2800444329 0 70.702672 10 39 51356 12593 430 196 120 160000 250000 119 158631 109972 12 16000 25000 12 16000 25000 492
1791391685674292 10 0 0 10 10 10 0 0 0 0 0 0 1663 108 108 0 1800 137 29 0 29 0 0 0 37795395 10489 0 8305 20200 13530 1711226 1605089 489239 50817362 50817362 0 2802036813 0 70.682927 10 38 49998 12500 231 200 120 160000 250000 119 158631 109950 12 16000 25000 12 16000 25000 493
1791391685696355 10 0 1 9 10 10 0 0 0 0 0 0 1662 108 108 0 1800 138 30 0 30 0 0 0 37815752 11870 0 9626 20268 13576 1711249 1605253 506211 53466246 53466246 0 2803677046 0 70.683660 10 37 48734 12414 405 221 120 160000 250000 108 143964 108214 12 16000 25000 12 16000 25000 190
1791391685815897 10 0 0 10 10 10 0 0 0 0 0 0 1650 119 118 1 1800 150 31 0 31 0 0 0 37934772 11950 0 9641 20536 13585 1711258 1605391 508254 58307131 55824600 0 2822734264 0 70.940757 10 40 52442 12667 1 200 120 160000 250000 119 158627 119261 12 16000 25000 12 16000 25000 212
1791391685816094 10 0 0 10 10 10 0 0 0 0 0 0 1650 118 118 0 1800 150 32 0 32 0 0 0 37934772 12042 0 9659 20536 13593 1711263 1605465 508254 58307131 58307131 0 2822734264 0 70.940585 10 39 51181 12581 22 184 120 160000 250000 118 157294 118256 12 16000 25000 12 16000 25000 210
1791391686435343 10 0 0 10 10 10 0 0 0 0 0 0 1648 119 119 0 1800 152 33 0 33 0 0 0 38027033 12143 0 9678 20673 13628 2237903 1605513 542280 58975028 58975028 0 2825699035 0 70.842665 10 38 49998 12500 84 175 120 160000 250000 119 158627 119235 12 16000 25000 12 16000 25000 212
1791391686526440 10 0 0 10 10 10 0 0 0 0 0 0 1647 119 119 0 1800 153 34 0 34 0 0 0 38066292 12245 0 9693 20808 13663 2289265 1605696 576596 59745037 59745037 0 2827346981 0 70.810709 10 37 48887 12425 50 164 120 160000 250000 119 158627 119236 12 16000 25000 12 16000 25000 213
1791391686816942 10 0 0 10 10 10 0 0 0 0 0 0 1646 119 119 0 1800 154 35 0 35 0 0 0 38105126 12350 0 9720 20934 13693 2540446 1605888 611046 60790668 60790668 0 2828997985 0 70.779679 10 36 47841 12353 33 152 120 160000 250000 119 158627 119237 12 16000 25000 12 16000 25000 214
1791391686963847 10 0 0 10 10 10 0 0 0 0 0 0 1645 119 119 0 1800 155 36 0 36 0 0 0 38144259 12442 0 9734 21065 13727 2647762 1606055 645208 62637677 62637677 0 2830672974 0 70.748782 10 36 46855 12286 211 158 120 160000 250000 119 158627 119239 12 16000 25000 12 16000 25000 216
1791391687090383 10 0 0 10 10 10 0 0 0 0 0 0 1644 119 119 0 1800 156 37 0 37 0 0 0 38182942 12540 0 9750 21199 13758 2735162 1606221 679536 65252379 65252379 0 2832014831 0 70.710452 10 35 45924 12223 292 172 120 160000 250000 119 158627 119241 12 16000 25000 12 16000 25000 219
1791391687555470 10 0 0 10 10 10 0 0 0 0 0 0 1643 119 119 0 1800 157 38 0 38 0 0 0 38221796 12637 0 9764 21333 13787 3160937 1606389 713951 69541532 69541532 0 2833355156 0 70.671848 10 34 45043 12163 479 203 120 160000 250000 119 158627 119243 12 16000 25000 12 16000 25000 221
1791391687682384 10 0 0 10 10 10 0 0 0 0 0 0 1642 119 119 0 1800 158 39 0 39 0 0 0 38260510 12736 0 9779 21464 13820 3248716 1606521 748315 74057772 74057772 0 2835001993 0 70.641215 10 34 44208 12106 470 230 120 160000 250000 119 158627 119249 12 16000 25000 12 16000 25000 228
1791391687770679 10 0 0 10 10 10 0 0 0 0 0 0 1641 119 119 0 1800 159 40 0 40 0 0 0 38299532 12835 0 9796 21591 13851 3297548 1606680 782747 78660863 78660863 0 2836600877 0 70.608882 10 33 43417 12052 929 299 120 160000 250000 119 158627 119256 12 16000 25000 12 16000 25000 235
1791391687930927 10 0 0 10 10 10 0 0 0 0 0 0 1640 119 119 0 1800 160 41 0 41 0 0 0 38338354 12928 0 9810 21714 13885 3418560 1606813 816990 83367459 83367459 0 2838187762 0 70.576696 10 32 42664 12000 946 363 120 160000 250000 119 158627 119259 12 16000 25000 12 16000 25000 238
1791391688028177 10 0 0 10 10 10 0 0 0 0 0 0 1639 119 119 0 1800 161 42 0 42 0 0 0 38376538 13039 0 9831 21838 13918 3477196 1606949 850724 85662744 85662744 0 2839782182 0 70.545902 10 32 41949 11952 725 400 120 160000 250000 119 158627 119263 12 16000 25000 12 16000 25000 241
1791391688300443 10 0 0 10 10 10 0 0 0 0 0 0 1638 119 119 0 1800 162 43 0 43 0 0 0 38415286 13133 0 9846 21974 13949 3710293 1607082 884665 90727211 90727211 0 2841432497 0 70.515552 10 31 41268 11905 432 404 120 160000 250000 119 158627 119265 12 16000 25000 12 16000 25000 243
1791391688304783 10 0 0 10 10 10 0 0 0 0 0 0 1637 119 119 0 1800 163 44 0 44 0 0 0 38419267 13212 0 9859 22037 13956 3710301 1607264 886688 95811311 95811311 0 2843103988 0 70.549580 10 31 40618 11861 757 455 120 160000 250000 119 158627 119268 12 16000 25000 12 16000 25000 246
1791391688498554 10 0 0 10 10 10 0 0 0 0 0 0 1636 119 119 0 1800 164 45 0 45 0 0 0 38457655 13309 0 9874 22183 13994 3865317 1607327 920662 101168600 101168600 0 2844783062 0 70.520628 10 30 39998 11819 955 504 120 160000 250000 119 158627 119275 12 16000 25000 12 16000 25000 253
1791391688655526 10 0 0 10 10 10 0 0 0 0 0 0 1635 119 119 0 1800 165 46 0 46 0 0 0 38495993 13403 0 9889 22313 14029 3983540 1607453 954737 106691484 106691484 0 2846353874 0 70.489150 10 30 39405 11778 736 527 120 160000 250000 119 158627 119282 12 16000 25000 12 16000 25000 260
1791391688666097 10 0 0 10 10 10 0 0 0 0 0 0 1634 119 119 0 1800 166 47 0 47 0 0 0 38506212 13488 0 9903 22405 14042 3983554 1607582 962830 112194721 112194721 0 2848016782 0 70.511464 10 30 38838 11740 689 544 120 160000 250000 119 158627 119289 12 16000 25000 12 16000 25000 268
1791391688680624 10 0 0 10 10 10 0 0 0 0 0 0 1633 119 119 0 1800 167 48 0 48 0 0 0 38520430 13568 0 9918 22481 14056 3983572 1607681 974923 117578948 117578948 0 2849661726 0 70.526012 10 29 38296 11703 1146 604 120 160000 250000 119 158627 119296 12 16000 25000 12 16000 25000 275
1791391688719845 10 0 0 10 10 10 0 0 0 0 0 0 1632 119 119 0 1800 168 49 0 49 0 0 0 38558702 13664 0 9933 22603 14099 3984168 1607746 1008891 123019302 123019302 0 2851333906 0 70.497203 10 29 37775 11667 906 635 120 160000 250000 119 158627 119303 12 16000 25000 12 16000 25000 282
1791391688732463 10 0 0 10 10 10 0 0 0 0 0 0 1631 119 119 0 1800 169 50 0 50 0 0 0 38570973 13743 0 9946 22689 14114 3984184 1607875 1018949 128594351 128594351 0 2853008900 0 70.516038 10 28 37277 11633 302 604 120 160000 250000 119 158627 119312 12 16000 25000 12 16000 25000 290
1791391688749150 10 0 0 10 10 10 0 0 0 0 0 0 1630 119 119 0 1800 170 51 0 51 0 0 0 38587365 13829 0 9959 22766 14131 3984203 1607944 1033020 134195866 134195866 0 2854671925 0 70.527023 10 26 34283 11429 1768 719 120 160000 250000 119 158627 119320 12 16000 25000 12 16000 25000 298
1791391688753018 10 0 0 10 10 10 0 0 0 0 0 0 1629 119 119 0 1800 171 52 0 52 0 0 0 38590995 13903 0 9972 22831 14139 3984209 1608011 1035066 139798141 139798141 0 2856266896 0 70.559657 10 24 31290 11225 1455 791 120 160000 250000 119 158627 119328 12 16000 25000 12 16000 25000 306
1791391688778475 10 0 0 10 10 10 0 0 0 0 0 0 1628 119 119 0 1800 172 53 0 53 0 0 0 38616134 13984 0 9986 22923 14173 3984237 1608070 1057467 145415293 145415293 0 2857920792 0 70.554422 10 22 28297 11021 1797 890 120 160000 250000 119 158627 119336 12 16000 25000 12 16000 25000 314
1791391688801831 10 0 0 10 10 10 0 0 0 0 0 0 1627 119 118 1 1800 173 54 0 54 0 0 0 38639198 14062 0 9998 23027 14180 3984244 1608147 1059527 153319890 151060179 0 2859545914 0 70.552277 10 19 25304 10817 1034 905 120 160000 250000 119 158627 119348 12 16000 25000 12 16000 25000 325
1791391688801991 10 0 0 10 10 10 0 0 0 0 0 0 1627 118 118 0 1800 173 55 0 55 0 0 0 38639198 14139 0 10016 23027 14188 3984247 1608202 1059527 153319890 153319890 0 2859545914 0 70.552136 10 17 22310 10613 1334 948 120 160000 250000 118 157294 118344 12 16000 25000 12 16000 25000 324
1791391688844356 10 0 0 10 10 10 0 0 0 0 0 0 1625 119 119 0 1800 175 56 0 56 0 0 0 38681244 14219 0 10029 23128 14207 3984267 1608281 1075713 159009925 159009925 0 2862843253 0 70.556594 10 15 19317 10409 146 870 120 160000 250000 119 158627 119355 12 16000 25000 12 16000 25000 333
1791391688854903 10 0 0 10 10 10 0 0 0 0 0 0 1624 119 119 0 1800 176 57 0 57 0 0 0 38691486 14301 0 10042 23210 14221 3984279 1608378 1083750 164701306 164701306 0 2864498092 0 70.578548 19 24 31015 19388 1171 901 120 160000 250000 119 158627 119363 12 16000 25000 12 16000 25000 342
1791391689031907 10 0 0 10 10 10 0 0 0 0 0 0 1623 119 119 0 1800 177 58 0 58 0 0 0 38729198 14399 0 10058 23353 14266 4123200 1608438 1117434 166910570 166910570 0 2866134173 0 70.549943 20 25 32647 20409 1461 956 120 160000 250000 119 158627 119366 12 16000 25000 12 16000 25000 345
1791391689147939 10 0 0 10 10 10 0 0 0 0 0 0 1622 119 119 0 1800 178 59 0 59 0 0 0 38767584 14500 0 10079 23467 14298 4200438 1608573 1151358 172725514 172725514 0 2867724768 0 70.519043 20 25 32647 20409 411 904 120 160000 250000 119 158627 119374 12 16000 25000 12 16000 25000 352
1791391689405383 10 0 0 10 10 10 0 0 0 0 0 0 1621 119 119 0 1800 179 60 0 60 0 0 0 38806523 14600 0 10096 23609 14332 4418505 1608707 1185250 173302968 173302968 0 2869314338 0 70.487178 20 25 32647 20409 818 896 120 160000 250000 119 158627 119374 12 16000 25000 12 16000 25000 352
1791391689599743 10 0 0 10 10 10 0 0 0 0 0 0 1620 119 119 0 1800 180 61 0 61 0 0 0 38844924 14706 0 10112 23732 14359 4574006 1608874 1219247 179845219 179845219 0 2870916635 0 70.456653 20 25 32647 20409 23 812 120 160000 250000 119 158627 119382 12 16000 25000 12 16000 25000 360
1791391689640774 10 0 0 10 10 10 0 0 0 0 0 0 1619 119 119 0 1800 181 62 0 62 0 0 0 38882874 14809 0 10127 23856 14392 4576628 1609042 1252894 185311054 185311054 0 2872529819 0 70.427277 21 26 34279 21429 690 801 120 160000 250000 119 158627 119388 12 16000 25000 12 16000 25000 366
1791391689664066 10 0 0 10 10 10 0 0 0 0 0 0 1618 119 119 0 1800 182 63 0 63 0 0 0 38905771 14889 0 10140 23943 14412 4576654 1609200 1273127 191909195 191909195 0 2873865691 0 70.418433 22 27 35912 22449 803 803 120 160000 250000 119 158627 119397 12 16000 25000 12 16000 25000 374
1791391689695974 10 0 0 10 10 10 0 0 0 0 0 0 1617 119 119 0 1800 183 64 0 64 0 0 0 38937330 14971 0 10153 24030 14438 4576685 1609291 1301522 198529577 198529577 0 2875481545 0 70.400793 22 27 35912 22449 614 785 120 160000 250000 119 158627 119405 12 16000 25000 12 16000 25000 382
1791391689702141 10 0 0 10 10 10 0 0 0 0 0 0 1616 119 119 0 1800 184 65 0 65 0 0 0 38943165 15053 0 10166 24104 14448 4576695 1609427 1305606 205179275 205179275 0 2877127977 0 70.430405 23 29 37544 23470 549 763 120 160000 250000 119 158627 119413 12 16000 25000 12 16000 25000 390
1791391689712451 10 0 0 10 10 10 0 0 0 0 0 0 1615 119 119 0 1800 185 66 0 66 0 0 0 38953222 15128 0 10179 24179 14461 4576708 1609482 1313748 211829860 211829860 0 2878784092 0 70.452622 24 30 39176 24490 1012 788 120 160000 250000 119 158627 119421 12 16000 25000 12 16000 25000 399
1791391689722613 10 0 0 10 10 10 0 0 0 0 0 0 1614 119 119 0 1800 186 67 0 67 0 0 0 38963118 15207 0 10191 24253 14473 4576721 1609554 1321837 218478444 218478444 0 2880077670 0 70.466243 25 31 40809 25511 625 773 120 160000 250000 119 158627 119429 12 16000 25000 12 16000 25000 406
1791391689732734 10 0 0 10 10 10 0 0 0 0 0 0 1613 119 119 0 1800 187 68 0 68 0 0 0 38972990 15284 0 10204 24326 14488 4576733 1609607 1329911 225141737 225141737 0 2881717306 0 70.488367 25 31 40809 25511 538 751 120 160000 250000 119 158627 119437 12 16000 25000 12 16000 25000 415
1791391689749584 10 0 0 10 10 10 0 0 0 0 0 0 1612 119 119 0 1800 188 69 0 69 0 0 0 38989545 15362 0 10217 24416 14505 4576752 1609677 1344194 231744806 231744806 0 2883371072 0 70.498744 26 32 42441 26531 601 737 120 160000 250000 119 158627 119446 12 16000 25000 12 16000 25000 423
1791391689789593 10 0 0 10 10 10 0 0 0 0 0 0 1611 119 119 0 1800 189 70 0 70 0 0 0 39027030 15455 0 10233 24543 14534 4578930 1609748 1377847 238391348 238391348 0 2884956463 0 70.469615 27 34 44073 27552 1109 774 120 160000 250000 119 158627 119454 12 16000 25000 12 16000 25000 431
1791391689812971 10 0 0 10 10 10 0 0 0 0 0 0 1610 119 118 1 1800 190 71 0 71 0 0 0 39050003 15543 0 10246 24664 14555 4578957 1609873 1398062 251817874 245069063 0 2886299053 0 70.460791 27 34 44073 27552 918 789 120 160000 250000 119 158627 119472 12 16000 25000 12 16000 25000 447
1791391689813174 10 0 0 10 10 10 0 0 0 0 0 0 1610 118 118 0 1800 190 72 0 72 0 0 0 39050003 15619 0 10263 24664 14562 4578960 1609972 1398062 251817874 251817874 0 2886299053 0 70.460654 28 35 45706 28572 1116 822 120 160000 250000 118 157294 118467 12 16000 25000 12 16000 25000 446
1791391689842659 10 0 0 10 10 10 0 0 0 0 0 0 1608 119 119 0 1800 192 73 0 73 0 0 0 39079139 15710 0 10277 24773 14588 4578990 1610042 1422323 258589432 258589432 0 2889599310 0 70.488484 29 36 47338 29592 613 803 120 160000 250000 119 158627 119478 12 16000 25000 12 16000 25000 455
1791391689846810 10 0 0 10 10 10 0 0 0 0 0 0 1607 119 119 0 1800 193 74 0 74 0 0 0 39083013 15785 0 10290 24835 14596 4578997 1610149 1424365 265299536 265299536 0 2891251399 0 70.521662 29 36 47338 29592 613 785 120 160000 250000 119 158627 119487 12 16000 25000 12 16000 25000 464
1791391689870336 10 0 0 10 10 10 0 0 0 0 0 0 1606 119 118 1 1800 194 75 0 75 0 0 0 39106193 15869 0 10305 24973 14619 4579024 1610201 1444885 278763519 272037504 0 2892849761 0 70.518689 30 37 48970 30613 1132 820 120 160000 250000 118 157294 119504 12 16000 25000 12 16000 25000 480
1791391689870518 10 0 0 10 10 10 0 0 0 0 0 0 1606 118 118 0 1800 194 76 0 76 0 0 0 39106193 15944 0 10321 24973 14626 4579027 1610281 1444885 278763519 278763519 0 2892849761 0 70.518554 31 38 50603 31633 1376 875 120 160000 250000 118 157294 118502 12 16000 25000 12 16000 25000 479
1791391689893173 10 0 0 10 10 10 0 0 0 0 0 0 1604 119 119 0 1800 196 77 0 77 0 0 0 39128524 16030 0 10335 25103 14644 4579052 1610323 1463176 285306773 285306773 0 2896090701 0 70.557128 31 38 50603 31633 968 885 120 160000 250000 119 158627 119513 12 16000 25000 12 16000 25000 488
1791391689897055 10 0 0 10 10 10 0 0 0 0 0 0 1603 119 119 0 1800 197 78 0 78 0 0 0 39132144 16104 0 10348 25165 14651 4579060 1610416 1465221 291922870 291922870 0 2897441239 0 70.583370 32 40 52235 32654 949 892 120 160000 250000 119 158627 119520 12 16000 25000 12 16000 25000 496
1791391689929120 10 0 0 10 10 10 0 0 0 0 0 0 1602 119 119 0 1800 198 79 0 79 0 0 0 39163868 16196 0 10361 25269 14680 4579096 1610473 1493758 298510824 298510824 0 2899035191 0 70.564852 32 40 52235 32654 382 843 120 160000 250000 119 158627 119528 12 16000 25000 12 16000 25000 504
1791391689941929 10 0 0 10 10 10 0 0 0 0 0 0 1601 119 118 1 1800 199 80 0 80 0 0 0 39176320 16275 0 10375 25406 14693 4579114 1610559 1504171 310718204 304063132 0 2900630117 0 70.581099 460 460 613180 460000 1290 888 120 160000 250000 119 158627 119546 12 16000 25000 12 16000 25000 520
1791391689942100 10 0 0 10 10 10 0 0 0 0 0 0 1601 118 118 0 1800 199 81 0 81 0 0 0 39176320 16356 0 10390 25406 14700 4579117 1610621 1504171 310718204 310718204 0 2900630117 0 70.580954 552 552 735816 552000 193 821 120 160000 250000 118 157294 118541 12 16000 25000 12 16000 25000 518
1791391689947871 10 0 0 10 10 10 0 0 0 0 0 0 1599 119 119 0 1800 201 82 0 82 0 0 0 39181853 16437 0 10403 25490 14707 4579125 1610662 1506232 317343015 317343015 0 2903899984 0 70.650399 587 587 782471 587000 637 804 120 160000 250000 119 158627 119553 12 16000 25000 12 16000 25000 528
1791391689951657 10 0 0 10 10 10 0 0 0 0 0 0 1598 119 119 0 1800 202 83 0 83 0 0 0 39185411 16518 0 10420 25552 14715 4579133 1610716 1508287 319261085 319261085 0 2905257822 0 70.676873 606 606 807798 606000 667 792 120 160000 250000 119 158627 119555 12 16000 25000 12 16000 25000 530
1791391690005610 10 0 0 10 10 10 0 0 0 0 0 0 1597 119 119 0 1800 203 84 0 84 0 0 0 39223660 16615 0 10437 25702 14752 4594449 1610790 1541845 325949812 325949812 0 2906927310 0 70.648381 636 636 847788 636000 372 752 120 160000 250000 119 158627 119563 12 16000 25000 12 16000 25000 538
1791391690014196 10 0 0 10 10 10 0 0 0 0 0 0 1596 119 119 0 1800 204 85 0 85 0 0 0 39231921 16693 0 10450 25785 14764 4594461 1610910 1547979 332651624 332651624 0 2908277945 0 70.666189 649 649 865117 649000 1198 797 120 160000 250000 119 158627 119571 12 16000 25000 12 16000 25000 546
1791391690020301 10 0 0 10 10 10 0 0 0 0 0 0 1595 119 118 1 1800 205 86 0 86 0 0 0 39237741 16771 0 10464 25895 14772 4594470 1610972 1552064 346037814 339346919 0 2909857948 0 70.693957 662 662 882446 662000 1246 842 120 160000 250000 118 157294 119586 12 16000 25000 12 16000 25000 562
1791391690020453 10 0 0 10 10 10 0 0 0 0 0 0 1595 118 118 0 1800 205 87 0 87 0 0 0 39237741 16846 0 10480 25895 14779 4594473 1611023 1552064 346037814 346037814 0 2909857948 0 70.693822 669 669 891777 669000 922 850 120 160000 250000 118 157294 118585 12 16000 25000 12 16000 25000 561
1791391690040417 10 0 0 10 10 10 0 0 0 0 0 0 1593 119 119 0 1800 207 88 0 88 0 0 0 39257422 16923 0 10494 25998 14796 4594501 1611064 1566569 352763494 352763494 0 2913133003 0 70.737784 678 678 903774 678000 885 854 120 160000 250000 119 158627 119597 12 16000 25000 12 16000 25000 571
1791391690063892 10 0 0 10 10 10 0 0 0 0 0 0 1592 119 119 0 1800 208 89 0 89 0 0 0 39280586 17003 0 10506 26083 14818 4594528 1611143 1587053 359481189 359481189 0 2914772473 0 70.735730 682 682 909106 682000 1171 886 120 160000 250000 119 158627 119604 12 16000 25000 12 16000 25000 579
1791391690138492 10 0 0 10 10 10 0 0 0 0 0 0 1591 119 119 0 1800 209 90 0 90 0 0 0 39318115 17101 0 10521 26224 14844 4631226 1611224 1620530 366274761 366274761 0 2916376491 0 70.706955 686 686 914438 686000 1247 923 120 160000 250000 119 158627 119612 12 16000 25000 12 16000 25000 587
1791391690142520 10 0 0 10 10 10 0 0 0 0 0 0 1590 119 119 0 1800 210 91 0 91 0 0 0 39321847 17179 0 10535 26289 14853 4631232 1611343 1622583 373125184 373125184 0 2918018564 0 70.739915 692 692 922436 692000 1138 945 120 160000 250000 119 158627 119620 12 16000 25000 12 16000 25000 595
1791391690159527 10 0 0 10 10 10 0 0 0 0 0 0 1589 119 119 0 1800 211 92 0 92 0 0 0 39338570 17256 0 10549 26380 14872 4631253 1611400 1636783 374248702 374248702 0 2919327419 0 70.741434 690 690 919770 690000 525 905 120 160000 250000 119 158627 119620 12 16000 25000 12 16000 25000 596
1791391690220036 10 0 0 10 10 10 0 0 0 0 0 0 1588 119 119 0 1800 212 93 0 93 0 0 0 39376350 17361 0 10565 26520 14909 4653592 1611488 1669958 378734290 378734290 0 2920976907 0 70.713334 685 685 913105 685000 293 846 120 160000 250000 119 158627 119627 12 16000 25000 12 16000 25000 603
1791391690242092 10 0 0 10 10 10 0 0 0 0 0 0 1587 119 119 0 1800 213 94 0 94 0 0 0 39397971 17458 0 10587 26605 14930 4653615 1611659 1688404 385666935 385666935 0 2922664738 0 70.715209 684 684 911772 684000 929 855 120 160000 250000 119 158627 119636 12 16000 25000 12 16000 25000 611
1791391690263332 10 0 0 10 10 10 0 0 0 0 0 0 1586 119 119 0 1800 214 95 0 95 0 0 0 39418870 17536 0 10600 26703 14947 4653639 1611761 1706727 392742632 392742632 0 2924283536 0 70.716741 693 693 923769 693000 1602 929 120 160000 250000 119 158627 119644 12 16000 25000 12 16000 25000 620
1791391690269317 10 0 0 10 10 10 0 0 0 0 0 0 1585 119 119 0 1800 215 96 0 96 0 0 0 39424559 17612 0 10613 26779 14956 4653646 1611867 1710830 397242850 397242850 0 2925935956 0 70.746359 697 697 929101 697000 899 927 120 160000 250000 119 158627 119650 12 16000 25000 12 16000 25000 626
1791391690351467 10 0 0 10 10 10 0 0 0 0 0 0 1584 119 119 0 1800 216 97 0 97 0 0 0 39462259 17711 0 10629 26910 14992 4697746 1611925 1744169 401811887 401811887 0 2927532703 0 70.717195 696 696 927768 696000 1041 939 120 160000 250000 119 158627 119657 12 16000 25000 12 16000 25000 633
1791391690396023 10 0 0 10 10 10 0 0 0 0 0 0 1583 119 119 0 1800 217 98 0 98 0 0 0 39499847 17811 0 10645 27043 15025 4704262 1612087 1777399 408992305 408992305 0 2929216150 0 70.690379 680 680 906440 680000 323 880 120 160000 250000 119 158627 119664 12 16000 25000 12 16000 25000 641
1791391690400311 10 0 0 10 10 10 0 0 0 0 0 0 1582 119 119 0 1800 218 99 0 99 0 0 0 39503784 17889 0 10658 27112 15033 4704269 1612258 1779460 414570819 414570819 0 2930554730 0 70.715498 694 694 925102 694000 606 854 120 160000 250000 119 158627 119671 12 16000 25000 12 16000 25000 648
1791391690428535 10 0 0 10 10 10 0 0 0 0 0 0 1581 119 119 0 1800 219 100 0 100 0 0 0 39531683 17977 0 10672 27203 15067 4704300 1612317 1804012 419319129 419319129 0 2932216765 0 70.705534 632 632 842456 632000 128 784 120 160000 250000 119 158627 119678 12 16000 25000 12 16000 25000 654
1791391690458800 10 0 0 10 10 10 0 0 0 0 0 0 1580 119 119 0 1800 220 101 0 101 0 0 0 39561602 18065 0 10686 27298 15088 4704332 1612400 1830758 425990561 425990561 0 2933781641 0 70.689635 628 628 837124 628000 843 790 120 160000 250000 119 158627 119684 12 16000 25000 12 16000 25000 662
1791391690530138 10 0 0 10 10 10 0 0 0 0 0 0 1579 119 119 0 1800 221 102 0 102 0 0 0 39598855 18167 0 10702 27433 15120 4738024 1612495 1864030 433252393 433252393 0 2935377082 0 70.661387 625 625 833125 625000 964 808 120 160000 250000 119 158627 119693 12 16000 25000 12 16000 25000 670
1791391690588492 10 0 0 10 10 10 0 0 0 0 0 0 1578 119 119 0 1800 222 103 0 103 0 0 0 39636565 18262 0 10717 27555 15152 4758262 1612624 1897358 439982723 439982723 0 2937032383 0 70.633831 624 624 831792 624000 805 808 120 160000 250000 119 158627 119701 12 16000 25000 12 16000 25000 678
1791391690612257 10 0 0 10 10 10 0 0 0 0 0 0 1577 119 119 0 1800 223 104 0 104 0 0 0 39659958 18342 0 10730 27642 15169 4758289 1612760 1917921 447348812 447348812 0 2938621015 0 70.630228 623 623 830459 623000 1032 831 120 160000 250000 119 158627 119710 12 16000 25000 12 16000 25000 687
1791391690646819 10 0 0 10 10 10 0 0 0 0 0 0 1576 119 119 0 1800 224 105 0 105 0 0 0 39694148 18428 0 10743 27741 15193 4758325 1612856 1948807 454127672 454127672 0 2940306009 0 70.609731 649 649 865117 649000 1552 903 120 160000 250000 119 158627 119717 12 16000 25000 12 16000 25000 695
1791391690652869 10 0 0 10 10 10 0 0 0 0 0 0 1575 119 119 0 1800 225 106 0 106 0 0 0 39699913 18503 0 10756 27804 15201 4758334 1612966 1952893 454898412 454898412 0 2941934757 0 70.638457 652 652 869116 652000 1476 960 120 160000 250000 119 158627 119718 12 16000 25000 12 16000 25000 696
1791391690912932 10 0 0 10 10 10 0 0 0 0 0 0 1574 119 119 0 1800 226 107 0 107 0 0 0 39737252 18600 0 10770 27942 15237 4980673 1613054 1986266 461479048 461479048 0 2943429173 0 70.607789 633 633 843789 633000 78 875 120 160000 250000 119 158627 119726 12 16000 25000 12 16000 25000 704
1791391691047578 10 0 0 10 10 10 0 0 0 0 0 0 1573 119 119 0 1800 227 108 0 108 0 0 0 39774570 18695 0 10784 28086 15271 5077513 1613235 2019434 469292379 469292379 0 2944925645 0 70.577269 640 640 853120 640000 1006 889 120 160000 250000 119 158627 119736 12 16000 25000 12 16000 25000 712
1791391691066989 10 0 0 10 10 10 0 0 0 0 0 0 1572 119 119 0 1800 228 109 0 109 0 0 0 39793599 18778 0 10799 28189 15290 5077537 1613367 2035872 475968070 475968070 0 2946432684 0 70.579488 645 645 859785 645000 1122 913 120 160000 250000 119 158627 119744 12 16000 25000 12 16000 25000 720
1791391691107634 10 0 0 10 10 10 0 0 0 0 0 0 1571 119 119 0 1800 229 110 0 110 0 0 0 39830420 18871 0 10814 28330 15330 5080966 1613460 2068890 481700876 481700876 0 2947928170 0 70.549897 686 686 914438 686000 963 919 120 160000 250000 119 158627 119754 12 16000 25000 12 16000 25000 728
1791391691113936 10 0 0 10 10 10 0 0 0 0 0 0 1570 119 119 0 1800 230 111 0 111 0 0 0 39836403 18948 0 10827 28403 15340 5080976 1613590 2073002 482936179 482936179 0 2949141160 0 70.568195 691 691 921103 691000 1085 936 120 160000 250000 119 158627 119754 12 16000 25000 12 16000 25000 729
1791391691149975 10 0 0 10 10 10 0 0 0 0 0 0 1569 119 119 0 1800 231 112 0 112 0 0 0 39872068 19043 0 10843 28513 15380 5081020 1613647 2104142 489556382 489556382 0 2950643091 0 70.540841 680 680 906440 680000 156 860 120 160000 250000 119 158627 119762 12 16000 25000 12 16000 25000 737
1791391691156296 10 0 0 10 10 10 0 0 0 0 0 0 1568 119 119 0 1800 232 113 0 113 0 0 0 39878057 19120 0 10856 28602 15390 5081029 1613775 2108367 490764835 490764835 0 2952137679 0 70.565842 687 687 915771 687000 1059 880 120 160000 250000 119 158627 119763 12 16000 25000 12 16000 25000 738
1791391691179674 10 0 0 10 10 10 0 0 0 0 0 0 1567 119 119 0 1800 233 114 0 114 0 0 0 39901135 19199 0 10869 28683 15413 5081056 1613843 2128869 497387476 497387476 0 2953355465 0 70.554000 684 684 911772 684000 217 816 120 160000 250000 119 158627 119770 12 16000 25000 12 16000 25000 746
1791391691213999 10 0 0 10 10 10 0 0 0 0 0 0 1566 119 119 0 1800 234 115 0 115 0 0 0 39935092 19286 0 10883 28800 15443 5081098 1613915 2159499 502865805 502865805 0 2954858767 0 70.529766 685 685 913105 685000 1078 843 120 160000 250000 119 158627 119779 12 16000 25000 12 16000 25000 754
1791391691227334 10 0 0 10 10 10 0 0 0 0 0 0 1565 119 119 0 1800 235 116 0 116 0 0 0 39948102 19364 0 10896 28894 15455 5081114 1614021 2169825 508241462 508241462 0 2956360163 0 70.542495 693 693 923769 693000 1261 884 120 160000 250000 119 158627 119786 12 16000 25000 12 16000 25000 760
1791391691250425 10 0 0 10 10 10 0 0 0 0 0 0 1564 119 119 0 1800 236 117 0 117 0 0 0 39970890 19447 0 10909 28984 15474 5081142 1614085 2190142 513708315 513708315 0 2957849849 0 70.537676 654 654 871782 654000 152 814 120 160000 250000 119 158627 119794 12 16000 25000 12 16000 25000 768
1791391691301512 10 0 0 10 10 10 0 0 0 0 0 0 1563 119 119 0 1800 237 118 0 118 0 0 0 40007774 19542 0 10925 29114 15500 5094995 1614156 2223111 519213539 519213539 0 2959340727 0 70.508031 662 662 882446 662000 1416 874 120 160000 250000 119 158627 119802 12 16000 25000 12 16000 25000 777
1791391691321050 10 0 0 10 10 10 0 0 0 0 0 0 1562 119 119 0 1800 238 119 0 119 0 0 0 40026963 19625 0 10938 29194 15518 5095014 1614281 2239745 520100467 520100467 0 2960839550 0 70.509793 646 646 861118 646000 373 826 120 160000 250000 119 158627 119802 12 16000 25000 12 16000 25000 777
1791391691367762 10 0 0 10 10 10 0 0 0 0 0 0 1561 119 119 0 1800 239 120 0 120 0 0 0 40064202 19723 0 10952 29331 15556 5104065 1614404 2273026 521447281 521447281 0 2962337171 0 70.479747 636 636 847788 636000 165 762 120 160000 250000 119 158627 119803 12 16000 25000 12 16000 25000 778
1791391691374097 10 0 0 10 10 10 0 0 0 0 0 0 1560 119 119 0 1800 240 121 0 121 0 0 0 40070175 19807 0 10966 29405 15566 5104077 1614566 2277241 527006991 527006991 0 2963565118 0 70.498309 623 623 830459 623000 206 709 120 160000 250000 119 158627 119811 12 16000 25000 12 16000 25000 786
1791391691406626 10 0 0 10 10 10 0 0 0 0 0 0 1559 119 119 0 1800 241 122 0 122 0 0 0 40102386 19895 0 10980 29489 15593 5104112 1614620 2306152 533587486 533587486 0 2965062849 0 70.477157 606 606 807798 606000 258 666 120 160000 250000 119 158627 119819 12 16000 25000 12 16000 25000 794
1791391691447230 10 0 0 10 10 10 0 0 0 0 0 0 1558 119 119 0 1800 242 123 0 123 0 0 0 40139470 20005 0 10995 29613 15624 5107253 1614704 2339112 539302116 539302116 0 2966553613 0 70.447285 614 614 818462 614000 1329 732 120 160000 250000 119 158627 119827 12 16000 25000 12 16000 25000 802
1791391691636800 10 0 0 10 10 10 0 0 0 0 0 0 1557 119 119 0 1800 243 124 0 124 0 0 0 40176803 20104 0 11010 29746 15651 5259077 1614826 2372239 546224858 546224858 0 2968050933 0 70.417208 573 573 763809 573000 159 677 120 160000 250000 119 158627 119835 12 16000 25000 12 16000 25000 810
1791391691983806 10 0 0 10 10 10 0 0 0 0 0 0 1556 119 119 0 1800 244 125 0 125 0 0 0 40214395 20228 0 11026 29908 15690 5568005 1614958 2405361 547086443 547086443 0 2969554030 0 70.386826 572 572 762476 572000 1139 723 120 160000 250000 119 158627 119838 12 16000 25000 12 16000 25000 811
1791391692034627 10 0 0 10 10 10 0 0 0 0 0 0 1555 119 119 0 1800 245 126 0 126 0 0 0 40251721 20346 0 11042 30039 15722 5580949 1615199 2438146 552023476 552023476 0 2970773215 0 70.350253 559 559 745147 559000 107 664 120 160000 250000 119 158627 119843 12 16000 25000 12 16000 25000 817
1791391692043117 10 0 0 10 10 10 0 0 0 0 0 0 1554 119 119 0 1800 246 127 0 127 0 0 0 40259806 20439 0 11055 30122 15733 5580960 1615385 2444379 557627652 557627652 0 2972286435 0 70.371797 555 555 739815 555000 718 670 120 160000 250000 119 158627 119851 12 16000 25000 12 16000 25000 825
1791391692098272 10 0 0 10 10 10 0 0 0 0 0 0 1553 119 119 0 1800 247 128 0 128 0 0 0 40297007 20541 0 11071 30254 15767 5598553 1615450 2477386 558492165 558492165 0 2973792357 0 70.342308 570 570 759810 570000 1710 772 120 160000 250000 119 158627 119852 12 16000 25000 12 16000 25000 825
1791391692192175 10 0 0 10 10 10 0 0 0 0 0 0 1552 119 119 0 1800 248 129 0 129 0 0 0 40334371 20645 0 11090 30386 15798 5654671 1615575 2510474 559270352 559270352 0 2975284377 0 70.312258 556 556 741148 556000 139 711 120 160000 250000 119 158627 119852 12 16000 25000 12 16000 25000 826
1791391692257739 10 0 0 10 10 10 0 0 0 0 0 0 1551 119 119 0 1800 249 130 0 130 0 0 0 40371678 20744 0 11110 30511 15830 5682485 1615737 2543564 560607961 560607961 0 2976785647 0 70.282590 573 573 763809 573000 110 653 120 160000 250000 119 158627 119852 12 16000 25000 12 16000 25000 827
1791391692400890 10 0 0 10 10 10 0 0 0 0 0 0 1550 119 119 0 1800 250 131 0 131 0 0 0 40409163 20840 0 11125 30634 15862 5787706 1615899 2576698 562843932 562843932 0 2978289652 0 70.252737 565 565 753145 565000 195 610 120 160000 250000 119 158627 119854 12 16000 25000 12 16000 25000 830
1791391692429054 10 0 0 10 10 10 0 0 0 0 0 0 1549 119 118 1 1800 251 132 0 132 0 0 0 40436863 20929 0 11139 30759 15887 5787736 1616064 2601308 570797978 565338978 0 2979784577 0 70.239721 561 561 747813 561000 433 594 120 160000 250000 119 158627 119864 12 16000 25000 12 16000 25000 840
1791391692429276 10 0 0 10 10 10 0 0 0 0 0 0 1549 118 118 0 1800 251 133 0 133 0 0 0 40436863 21011 0 11155 30759 15894 5787740 1616175 2601308 570797978 570797978 0 2979784577 0 70.239579 563 563 750479 563000 536 590 120 160000 250000 118 157294 118860 12 16000 25000 12 16000 25000 838
1791391692493407 10 0 0 10 10 10 0 0 0 0 0 0 1547 119 119 0 1800 253 134 0 134 0 0 0 40475098 21111 0 11170 30923 15923 5813272 1616218 2633734 571839034 571839034 0 2982787668 0 70.243809 560 560 746480 560000 888 620 120 160000 250000 119 158627 119864 12 16000 25000 12 16000 25000 841
1791391692506233 10 0 0 10 10 10 0 0 0 0 0 0 1546 119 119 0 1800 254 135 0 135 0 0 0 40487571 21191 0 11184 31009 15941 5813288 1616351 2644024 581162946 581162946 0 2984291310 0 70.257441 548 548 730484 548000 214 581 120 160000 250000 119 158627 119873 12 16000 25000 12 16000 25000 849
1791391692630226 10 0 0 10 10 10 0 0 0 0 0 0 1545 119 119 0 1800 255 136 0 136 0 0 0 40524203 21287 0 11200 31153 15976 5900280 1616421 2676675 587918177 587918177 0 2985799878 0 70.229282 554 554 738482 554000 1407 663 120 160000 250000 119 158627 119882 12 16000 25000 12 16000 25000 857
1791391692639365 10 0 0 10 10 10 0 0 0 0 0 0 1544 119 119 0 1800 256 137 0 137 0 0 0 40532990 21366 0 11214 31240 15993 5900291 1616548 2682905 597330951 597330951 0 2987298776 0 70.249177 533 533 710489 533000 268 626 120 160000 250000 119 158627 119888 12 16000 25000 12 16000 25000 864
1791391692775714 10 0 0 10 10 10 0 0 0 0 0 0 1543 119 119 0 1800 257 138 0 138 0 0 0 40570176 21465 0 11229 31375 16027 5999096 1616614 2715911 599857674 599857674 0 2988803575 0 70.220004 539 539 718487 539000 1581 720 120 160000 250000 119 158627 119890 12 16000 25000 12 16000 25000 866
1791391692885203 10 0 0 10 10 10 0 0 0 0 0 0 1542 119 119 0 1800 258 139 0 139 0 0 0 40607714 21561 0 11245 31509 16058 6070628 1616741 2749084 609566162 609566162 0 2990319043 0 70.190533 528 528 703824 528000 379 687 120 160000 250000 119 158627 119896 12 16000 25000 12 16000 25000 873
1791391692891696 10 0 0 10 10 10 0 0 0 0 0 0 1541 119 119 0 1800 259 140 0 140 0 0 0 40613857 21649 0 11259 31597 16068 6070637 1616877 2753312 611991352 611991352 0 2991817770 0 70.214944 534 534 711822 534000 1522 769 120 160000 250000 119 158627 119900 12 16000 25000 12 16000 25000 876
1791391693014267 10 0 0 10 10 10 0 0 0 0 0 0 1540 119 119 0 1800 260 141 0 141 0 0 0 40651067 21747 0 11275 31744 16098 6155624 1616941 2786288 612599383 612599383 0 2993326758 0 70.185920 531 531 707823 531000 325 726 120 160000 250000 119 158627 119900 12 16000 25000 12 16000 25000 876
1791391693090896 10 0 0 10 10 10 0 0 0 0 0 0 1539 119 119 0 1800 261 142 0 142 0 0 0 40688691 21844 0 11290 31868 16139 6194181 1617095 2819276 615283139 615283139 0 2994821078 0 70.155893 528 528 703824 528000 121 668 120 160000 250000 119 158627 119902 12 16000 25000 12 16000 25000 879
1791391693237852 10 0 0 10 10 10 0 0 0 0 0 0 1538 119 119 0 1800 262 143 0 143 0 0 0 40725880 21941 0 11306 31994 16169 6303532 1617226 2852241 620745008 620745008 0 2996325283 0 70.126902 522 522 695826 522000 406 643 120 160000 250000 119 158627 119911 12 16000 25000 12 16000 25000 887
1791391693303051 10 0 0 10 10 10 0 0 0 0 0 0 1537 119 119 0 1800 263 144 0 144 0 0 0 40763048 22038 0 11322 32123 16198 6331147 1617356 2885097 626359684 626359684 0 2997816071 0 70.097687 518 518 690494 518000 1084 687 120 160000 250000 119 158627 119919 12 16000 25000 12 16000 25000 895
1791391693466823 10 0 0 10 10 10 0 0 0 0 0 0 1536 119 119 0 1800 264 145 0 145 0 0 0 40800225 22134 0 11336 32254 16229 6457271 1617543 2918064 636562169 636562169 0 2999326000 0 70.068958 517 517 689161 517000 986 731 120 160000 250000 119 158627 119925 12 16000 25000 12 16000 25000 901
1791391693529127 10 0 0 10 10 10 0 0 0 0 0 0 1535 119 119 0 1800 265 146 0 146 0 0 0 40837351 22235 0 11350 32381 16259 6482033 1617674 2951034 638764502 638764502 0 3000823193 0 70.040064 525 525 699825 525000 1158 774 120 160000 250000 119 158627 119927 12 16000 25000 12 16000 25000 902
1791391693644804 10 0 0 10 10 10 0 0 0 0 0 0 1534 119 119 0 1800 266 147 0 147 0 0 0 40883863 22335 0 11366 32494 16292 6550799 1617806 2983587 649151350 649151350 0 3002325016 0 69.995267 529 529 705157 529000 402 739 120 160000 250000 119 158627 119932 12 16000 25000 12 16000 25000 909
1791391693657640 10 0 0 10 10 10 0 0 0 0 0 0 1533 119 119 0 1800 267 148 0 148 0 0 0 40896356 22416 0 11379 32575 16309 6550813 1617936 2993859 659583700 659583700 0 3003832507 0 70.008893 541 541 721153 541000 1308 795 120 160000 250000 119 158627 119939 12 16000 25000 12 16000 25000 917
1791391693667932 10 0 0 10 10 10 0 0 0 0 0 0 1532 119 119 0 1800 268 149 0 149 0 0 0 40906371 22496 0 11393 32657 16320 6550825 1618008 3002086 670024659 670024659 0 3005333466 0 70.026599 594 594 791802 594000 844 801 120 160000 250000 119 158627 119948 12 16000 25000 12 16000 25000 924
1791391693701772 10 0 0 10 10 10 0 0 0 0 0 0 1531 119 119 0 1800 269 150 0 150 0 0 0 40939978 22573 0 11408 32719 16331 6550831 1618065 3004141 672523206 672523206 0 3006829022 0 70.003834 609 609 811797 609000 2268 945 120 160000 250000 119 158627 119950 12 16000 25000 12 16000 25000 927
1791391693818104 10 0 0 10 10 10 0 0 0 0 0 0 1530 119 119 0 1800 270 151 0 151 0 0 0 40995450 22677 0 11423 32855 16359 6611344 1618117 3036356 683143601 683143601 0 3008336353 0 69.944030 576 576 767808 576000 107 865 120 160000 250000 119 158627 119957 12 16000 25000 12 16000 25000 934
1791391693945561 10 0 0 10 10 10 0 0 0 0 0 0 1529 119 119 0 1800 271 152 0 152 0 0 0 41032053 22770 0 11438 32979 16388 6701800 1618240 3068640 684824638 684824638 0 3009841724 0 69.916481 588 588 783804 588000 1711 949 120 160000 250000 119 158627 119959 12 16000 25000 12 16000 25000 936
1791391693969363 10 0 0 10 10 10 0 0 0 0 0 0 1528 119 119 0 1800 272 153 0 153 0 0 0 41055492 22855 0 11453 33057 16409 6701826 1618368 3089252 695562892 695562892 0 3011338889 0 69.911201 576 576 767808 576000 259 883 120 160000 250000 119 158627 119968 12 16000 25000 12 16000 25000 944
1791391694019411 10 0 0 10 10 10 0 0 0 0 0 0 1527 119 119 0 1800 273 154 0 154 0 0 0 41092147 22952 0 11469 33193 16440 6714828 1618466 3121695 706407649 706407649 0 3012836136 0 69.883437 583 583 777139 583000 2007 994 120 160000 250000 119 158627 119975 12 16000 25000 12 16000 25000 952
1791391694047765 10 0 0 10 10 10 0 0 0 0 0 0 1526 119 119 0 1800 274 155 0 155 0 0 0 41120114 23036 0 11482 33288 16461 6714857 1618596 3146540 717278107 717278107 0 3014337849 0 69.870600 591 591 787803 591000 1798 1074 120 160000 250000 119 158627 119983 12 16000 25000 12 16000 25000 960
1791391694201517 10 0 0 10 10 10 0 0 0 0 0 0 1525 119 119 0 1800 275 156 0 156 0 0 0 41156536 23143 0 11498 33431 16492 6831770 1618704 3178966 728217299 728217299 0 3015857075 0 69.843804 621 621 827793 621000 2043 1169 120 160000 250000 119 158627 119990 12 16000 25000 12 16000 25000 967
1791391694251840 10 0 0 10 10 10 0 0 0 0 0 0 1524 119 118 1 1800 276 157 0 157 0 0 0 41193764 23251 0 11517 33596 16519 6844399 1618841 3211721 739246777 733798120 0 3017351924 0 69.815124 628 628 837124 628000 1243 1177 120 160000 250000 118 157294 120006 12 16000 25000 12 16000 25000 983
1791391694252083 10 0 0 10 10 10 0 0 0 0 0 0 1524 118 118 0 1800 276 158 0 158 0 0 0 41193764 23329 0 11535 33596 16533 6844402 1618970 3211721 739246777 739246777 0 3017351924 0 69.814992 626 626 834458 626000 1193 1179 120 160000 250000 118 157294 119004 12 16000 25000 12 16000 25000 981
1791391694296358 10 0 0 10 10 10 0 0 0 0 0 0 1522 119 119 0 1800 278 159 0 159 0 0 0 41237721 23415 0 11549 33706 16558 6844434 1619014 3234750 744805327 744805327 0 3020356321 0 69.809911 598 598 797134 598000 221 1087 120 160000 250000 119 158627 120013 12 16000 25000 12 16000 25000 990
1791391694324293 10 0 0 10 10 10 0 0 0 0 0 0 1521 119 119 0 1800 279 160 0 160 0 0 0 41265295 23502 0 11562 33791 16581 6844465 1619124 3259438 750270280 750270280 0 3021864882 0 69.797987 598 598 797134 598000 1080 1087 120 160000 250000 119 158627 120021 12 16000 25000 12 16000 25000 998
1791391694332727 10 0 0 10 10 10 0 0 0 0 0 0 1520 119 119 0 1800 280 161 0 161 0 0 0 41273446 23587 0 11575 33856 16593 6844475 1619213 3265686 755845370 755845370 0 3023396856 0 69.819445 613 613 817129 613000 1285 1107 120 160000 250000 119 158627 120029 12 16000 25000 12 16000 25000 1006
1791391694392399 10 0 0 10 10 10 0 0 0 0 0 0 1519 119 119 0 1800 281 162 0 162 0 0 0 41309664 23686 0 11591 33995 16622 6867577 1619272 3298048 761732102 761732102 0 3024903525 0 69.792862 613 613 817129 613000 1258 1123 120 160000 250000 119 158627 120037 12 16000 25000 12 16000 25000 1013
1791391694415839 10 0 0 10 10 10 0 0 0 0 0 0 1518 119 119 0 1800 282 163 0 163 0 0 0 41332806 23766 0 11607 34055 16631 6867585 1619395 3300127 767300618 767300618 0 3026410411 0 69.788422 622 622 829126 622000 860 1098 120 160000 250000 119 158627 120045 12 16000 25000 12 16000 25000 1021
1791391694439408 10 0 0 10 10 10 0 0 0 0 0 0 1517 119 119 0 1800 283 164 0 164 0 0 0 41356145 23841 0 11620 34120 16639 6867591 1619454 3302203 772873805 772873805 0 3027902146 0 69.783313 597 597 795801 597000 245 1016 120 160000 250000 119 158627 120053 12 16000 25000 12 16000 25000 1029
1791391694642062 10 0 0 10 10 10 0 0 0 0 0 0 1516 119 115 4 1800 284 165 0 165 0 0 0 41558410 23924 0 11633 34336 16648 6867600 1619505 3304298 806806891 784140848 0 3029407793 0 69.478265 575 575 766475 575000 258 943 120 160000 250000 117 155961 120084 12 16000 25000 12 16000 25000 1058
1791391694642312 10 0 0 10 10 10 0 0 0 0 0 0 1516 117 115 2 1800 284 167 0 167 0 0 0 41558410 24065 0 11662 34336 16655 6867603 1619578 3304298 806806891 798994323 0 3029407793 0 69.478029 403 403 537199 403000 89 821 120 160000 250000 117 155961 118081 12 16000 25000 12 16000 25000 1055
1791391694642523 10 0 0 10 10 10 0 0 0 0 0 0 1516 116 115 1 1800 284 168 0 168 0 0 0 41558410 24140 0 11677 34336 16672 6867607 1619677 3304298 806806891 804711725 0 3029407793 0 69.477904 397 397 529201 397000 175 759 120 160000 250000 116 154628 117076 12 16000 25000 12 16000 25000 1053
1791391694642670 10 0 0 10 10 10 0 0 0 0 0 0 1516 115 115 0 1800 284 169 0 169 0 0 0 41558410 24220 0 11693 34336 16679 6867610 1619717 3304298 806806891 806806891 0 3029407793 0 69.477770 325 325 433225 325000 33 689 120 160000 250000 115 153295 116071 12 16000 25000 12 16000 25000 1052
1791391694972605 10 0 0 10 10 10 0 0 0 0 0 0 1511 119 119 0 1800 289 170 0 170 0 0 0 41671460 24323 0 11708 34573 16715 7084047 1619766 3336452 812108606 812108606 0 3036921506 0 69.461078 310 310 413230 310000 39 627 120 160000 250000 119 158627 120100 12 16000 25000 12 16000 25000 1071
1791391694972895 10 0 0 10 10 10 0 0 0 0 0 0 1511 118 118 0 1800 289 171 0 171 0 0 0 41671460 24399 0 11723 34599 16723 7084050 1619925 3336452 817434050 817434050 0 3036921506 0 69.460952 314 314 418562 314000 805 645 120 160000 250000 118 157294 119095 12 16000 25000 12 16000 25000 1069
1791391695033088 10 0 0 10 10 10 0 0 0 0 0 0 1509 119 119 0 1800 291 172 0 172 0 0 0 41709843 24503 0 11738 34748 16763 7105497 1619967 3368834 822749247 822749247 0 3039929944 0 69.465641 313 313 417229 313000 833 664 120 160000 250000 119 158627 120104 12 16000 25000 12 16000 25000 1077
1791391695091132 10 0 0 10 10 10 0 0 0 0 0 0 1508 119 119 0 1800 292 173 0 173 0 0 0 41746244 24608 0 11754 34877 16791 7126717 1620100 3400788 828429420 828429420 0 3041425847 0 69.439084 323 323 430559 323000 1018 699 120 160000 250000 119 158627 120113 12 16000 25000 12 16000 25000 1085
1791391695151522 10 0 0 10 10 10 0 0 0 0 0 0 1507 119 119 0 1800 293 174 0 174 0 0 0 41782738 24706 0 11769 34998 16824 7150204 1620228 3433002 839020573 839020573 0 3042926869 0 69.412548 322 322 429226 322000 1079 737 120 160000 250000 119 158627 120119 12 16000 25000 12 16000 25000 1092
1791391695155838 10 0 0 10 10 10 0 0 0 0 0 0 1506 119 119 0 1800 294 175 0 175 0 0 0 41786740 24788 0 11784 35063 16833 7150211 1620360 3435089 844379877 844379877 0 3044484771 0 69.441302 334 334 445222 334000 1904 852 120 160000 250000 119 158627 120125 12 16000 25000 12 16000 25000 1099
1791391695159493 10 0 0 10 10 10 0 0 0 0 0 0 1505 119 119 0 1800 295 176 0 176 0 0 0 41790167 24872 0 11798 35113 16841 7150219 1620420 3437162 849592188 849592188 0 3045990125 0 69.469804 334 334 445222 334000 801 848 120 160000 250000 119 158627 120131 12 16000 25000 12 16000 25000 1106
1791391695323556 10 0 0 10 10 10 0 0 0 0 0 0 1504 119 119 0 1800 296 177 0 177 0 0 0 41826619 24975 0 11813 35278 16876 7277447 1620472 3469375 850632783 850632783 0 3047488832 0 69.443277 334 334 445222 334000 1572 920 120 160000 250000 119 158627 120134 12 16000 25000 12 16000 25000 1108
1791391695337042 10 0 0 10 10 10 0 0 0 0 0 0 1503 119 119 0 1800 297 178 0 178 0 0 0 41839749 25053 0 11826 35349 16884 7277454 1620644 3471456 856063126 856063126 0 3048995268 0 69.455684 326 326 434558 326000 36 834 120 160000 250000 119 158627 120142 12 16000 25000 12 16000 25000 1114
1791391695360880 10 0 0 10 10 10 0 0 0 0 0 0 1502 119 119 0 1800 298 179 0 179 0 0 0 41863331 25128 0 11840 35406 16891 7277461 1620736 3473551 861449517 861449517 0 3050491330 0 69.450519 329 329 438557 329000 409 793 120 160000 250000 119 158627 120149 12 16000 25000 12 16000 25000 1121
1791391695381257 10 0 0 10 10 10 0 0 0 0 0 0 1501 119 119 0 1800 299 180 0 180 0 0 0 41883443 25209 0 11855 35484 16905 7277476 1620790 3481825 866875498 866875498 0 3051991393 0 69.451191 326 326 434558 326000 204 736 120 160000 250000 119 158627 120156 12 16000 25000 12 16000 25000 1129
1791391695414976 10 0 0 10 10 10 0 0 0 0 0 0 1500 119 116 3 1800 300 181 0 181 0 0 0 41916818 25292 0 11872 35651 16912 7277484 1620851 3483888 892464184 872536041 0 3053500744 0 69.430108 330 330 439890 330000 1592 820 120 160000 250000 119 158627 120191 12 16000 25000 12 16000 25000 1159
1791391695415136 10 0 0 10 10 10 0 0 0 0 0 0 1500 118 116 2 1800 300 182 0 182 0 0 0 41916818 25374 0 11888 35651 16919 7277488 1620902 3483888 892464184 879237157 0 3053500744 0 69.429972 324 324 431892 324000 179 758 120 160000 250000 117 155961 119184 12 16000 25000 12 16000 25000 1157
1791391695415280 10 0 0 10 10 10 0 0 0 0 0 0 1500 117 116 1 1800 300 183 0 183 0 0 0 41916818 25448 0 11904 35651 16927 7277491 1620945 3483888 892464184 884639964 0 3053500744 0 69.429850 316 316 421228 316000 202 705 120 160000 250000 117 155961 118183 12 16000 25000 12 16000 25000 1156
1791391695415433 10 0 0 10 10 10 0 0 0 0 0 0 1500 116 116 0 1800 300 184 0 184 0 0 0 41916818 25527 0 11921 35651 16942 7277494 1620985 3483888 892464184 892464184 0 3053500744 0 69.429719 320 320 426560 320000 814 717 120 160000 250000 116 154628 117178 12 16000 25000 12 16000 25000 1155
1791391695425095 10 0 0 10 10 10 0 0 0 0 0 0 1496 119 119 0 1800 304 185 0 185 0 0 0 41926189 25618 0 11935 35778 16950 7277502 1621026 3485953 899228239 899228239 0 3059510430 0 69.550676 310 310 413230 310000 221 670 120 160000 250000 119 158627 120197 12 16000 25000 12 16000 25000 1167
1791391695431088 10 0 0 10 10 10 0 0 0 0 0 0 1495 119 119 0 1800 305 186 0 186 0 0 0 41931932 25699 0 11948 35847 16960 7277512 1621085 3490104 905933957 905933957 0 3061003709 0 69.574963 316 316 421228 316000 1289 731 120 160000 250000 119 158627 120202 12 16000 25000 12 16000 25000 1175
1791391695448207 10 0 0 10 10 10 0 0 0 0 0 0 1494 119 119 0 1800 306 187 0 187 0 0 0 41948769 25779 0 11961 35937 16975 7277530 1621141 3504633 916483397 916483397 0 3062221558 0 69.574592 313 313 417229 313000 1270 784 120 160000 250000 119 158627 120209 12 16000 25000 12 16000 25000 1181
1791391695461155 10 0 0 10 10 10 0 0 0 0 0 0 1493 119 119 0 1800 307 188 0 188 0 0 0 41961409 25864 0 11979 36021 16991 7277546 1621230 3515116 927608694 927608694 0 3063723344 0 69.587617 322 322 429226 322000 1968 901 120 160000 250000 119 158627 120217 12 16000 25000 12 16000 25000 1189
1791391695491591 10 0 0 10 10 10 0 0 0 0 0 0 1492 119 119 0 1800 308 189 0 189 0 0 0 41991529 25950 0 11993 36104 17018 7277578 1621290 3542149 932951728 932951728 0 3065216766 0 69.571487 324 324 431892 324000 2536 1061 120 160000 250000 119 158627 120223 12 16000 25000 12 16000 25000 1196
1791391695616832 10 0 0 10 10 10 0 0 0 0 0 0 1491 119 119 0 1800 309 190 0 190 0 0 0 42027302 26047 0 12008 36228 17065 7366664 1621378 3573728 937455461 937455461 0 3066721494 0 69.546269 327 327 435891 327000 912 1047 120 160000 250000 119 158627 120230 12 16000 25000 12 16000 25000 1203
1791391695773838 10 0 0 10 10 10 0 0 0 0 0 0 1490 119 119 0 1800 310 191 0 191 0 0 0 42063645 26151 0 12028 36349 17100 7486913 1621506 3605756 943003686 943003686 0 3068224136 0 69.520094 331 331 441223 331000 868 1031 120 160000 250000 119 158627 120238 12 16000 25000 12 16000 25000 1211
1791391695791323 10 0 0 10 10 10 0 0 0 0 0 0 1489 119 119 0 1800 311 192 0 192 0 0 0 42080775 26233 0 12040 36429 17117 7486933 1621637 3620222 955598690 955598690 0 3069714581 0 69.525433 335 335 446555 335000 1057 1035 120 160000 250000 119 158627 120246 12 16000 25000 12 16000 25000 1218
1791391695808358 10 0 0 10 10 10 0 0 0 0 0 0 1488 119 119 0 1800 312 193 0 193 0 0 0 42097499 26317 0 12054 36517 17135 7486954 1621718 3634840 961132635 961132635 0 3071252337 0 69.532506 340 340 453220 340000 1257 1058 120 160000 250000 119 158627 120254 12 16000 25000 12 16000 25000 1227
1791391695860612 10 0 0 10 10 10 0 0 0 0 0 0 1487 119 119 0 1800 313 194 0 194 0 0 0 42133396 26426 0 12069 36640 17164 7502941 1621785 3666706 967838344 967838344 0 3072749559 0 69.506990 341 341 454553 341000 1125 1066 120 160000 250000 119 158627 120262 12 16000 25000 12 16000 25000 1235
1791391695864919 10 0 0 10 10 10 0 0 0 0 0 0 1486 119 119 0 1800 314 195 0 195 0 0 0 42137352 26503 0 12082 36717 17172 7502949 1621946 3668789 973345886 973345886 0 3073966480 0 69.527866 338 338 450554 338000 1006 1061 120 160000 250000 119 158627 120269 12 16000 25000 12 16000 25000 1242
1791391695946269 10 0 0 10 10 10 0 0 0 0 0 0 1485 119 119 0 1800 315 196 0 196 0 0 0 42173409 26606 0 12098 36851 17200 7547898 1622002 3700428 983802245 983802245 0 3075469675 0 69.502261 341 341 454553 341000 979 1054 120 160000 250000 119 158627 120277 12 16000 25000 12 16000 25000 1250
1791391695985821 10 0 0 10 10 10 0 0 0 0 0 0 1484 119 119 0 1800 316 197 0 197 0 0 0 42209094 26704 0 12112 36970 17233 7551370 1622124 3731839 996594267 996594267 0 3076966279 0 69.477170 342 342 455886 342000 1746 1122 120 160000 250000 119 158627 120286 12 16000 25000 12 16000 25000 1259
1791391696000908 10 0 0 10 10 10 0 0 0 0 0 0 1483 119 119 0 1800 317 198 0 198 0 0 0 42223824 26788 0 12126 37063 17247 7551386 1622251 3744197 998869565 998869565 0 3078456832 0 69.486454 345 345 459885 345000 1316 1142 120 160000 250000 119 158627 120289 12 16000 25000 12 16000 25000 1261
1791391696075570 10 0 0 10 10 10 0 0 0 0 0 0 1482 119 119 0 1800 318 199 0 199 0 0 0 42259484 26889 0 12141 37184 17280 7590002 1622358 3775613 1004542790 1004542790 0 3079970009 0 69.461817 330 330 439890 330000 97 1041 120 160000 250000 119 158627 120295 12 16000 25000 12 16000 25000 1268
1791391696081797 10 0 0 10 10 10 0 0 0 0 0 0 1481 119 119 0 1800 319 200 0 200 0 0 0 42265364 26968 0 12154 37258 17290 7590011 1622511 3779829 1017405392 1017405392 0 3081189524 0 69.479529 339 339 451887 339000 945 1033 120 160000 250000 119 158627 120303 12 16000 25000 12 16000 25000 1275
1791391696101132 10 0 0 10 10 10 0 0 0 0 0 0 1480 119 119 0 1800 320 201 0 201 0 0 0 42284407 27061 0 12167 37336 17311 7590032 1622571 3796529 1030251228 1030251228 0 3082691146 0 69.481952 340 340 453220 340000 1121 1043 120 160000 250000 119 158627 120311 12 16000 25000 12 16000 25000 1283
1791391696113794 10 0 0 10 10 10 0 0 0 0 0 0 1479 119 119 0 1800 321 202 0 202 0 0 0 42296790 27141 0 12180 37422 17324 7590049 1622637 3807021 1036760041 1036760041 0 3084193351 0 69.495340 351 351 467883 351000 1873 1125 120 160000 250000 119 158627 120318 12 16000 25000 12 16000 25000 1291
1791391696127433 10 0 0 10 10 10 0 0 0 0 0 0 1478 119 119 0 1800 322 203 0 203 0 0 0 42310189 27226 0 12193 37486 17332 7590056 1622697 3809128 1049694923 1049694923 0 3085719685 0 69.507588 347 347 462551 347000 1314 1144 120 160000 250000 119 158627 120326 12 16000 25000 12 16000 25000 1299
1791391696243597 10 0 0 10 10 10 0 0 0 0 0 0 1477 119 118 1 1800 323 204 0 204 0 0 0 42346374 27334 0 12217 37655 17367 7669643 1622749 3841073 1058088464 1055669648 0 3087196508 0 69.481293 346 346 461218 346000 863 1117 120 160000 250000 119 158627 120332 12 16000 25000 12 16000 25000 1304
1791391696243824 10 0 0 10 10 10 0 0 0 0 0 0 1477 118 118 0 1800 323 205 0 205 0 0 0 42346374 27411 0 12234 37655 17375 7669647 1622869 3841073 1058088464 1058088464 0 3087196508 0 69.481167 341 341 454553 341000 1130 1119 120 160000 250000 118 157294 119328 12 16000 25000 12 16000 25000 1302
1791391696249661 10 0 0 10 10 10 0 0 0 0 0 0 1475 119 119 0 1800 325 206 0 206 0 0 0 42351963 27491 0 12247 37749 17383 7669655 1622911 3843205 1064627048 1064627048 0 3090203058 0 69.539529 333 333 443889 333000 364 1047 120 160000 250000 119 158627 120338 12 16000 25000 12 16000 25000 1312
1791391696292106 10 0 0 10 10 10 0 0 0 0 0 0 1474 119 119 0 1800 326 207 0 207 0 0 0 42388052 27597 0 12262 37878 17416 7675662 1622969 3875119 1077669397 1077669397 0 3091705777 0 69.513976 333 333 443889 333000 747 1018 120 160000 250000 119 158627 120346 12 16000 25000 12 16000 25000 1320
1791391696296352 10 0 0 10 10 10 0 0 0 0 0 0 1473 119 119 0 1800 327 208 0 208 0 0 0 42391973 27684 0 12276 37950 17424 7675670 1623092 3877230 1090729763 1090729763 0 3093204964 0 69.541112 347 347 462551 347000 2073 1122 120 160000 250000 119 158627 120349 12 16000 25000 12 16000 25000 1328
1791391696300174 10 0 0 10 10 10 0 0 0 0 0 0 1472 119 119 0 1800 328 209 0 209 0 0 0 42395550 27763 0 12289 38027 17433 7675676 1623149 3879323 1097328401 1097328401 0 3094699610 0 69.568719 355 355 473215 355000 3043 1311 120 160000 250000 119 158627 120358 12 16000 25000 12 16000 25000 1336
1791391696306300 10 0 0 10 10 10 0 0 0 0 0 0 1471 119 119 0 1800 329 210 0 210 0 0 0 42401438 27842 0 12301 38100 17443 7675685 1623199 3883541 1110462961 1110462961 0 3096204109 0 69.592751 356 356 474548 356000 1243 1305 120 160000 250000 119 158627 120366 12 16000 25000 12 16000 25000 1344
1791391696336943 10 0 0 10 10 10 0 0 0 0 0 0 1470 119 119 0 1800 330 211 0 211 0 0 0 42431777 27929 0 12314 38190 17468 7675716 1623249 3910839 1123556477 1123556477 0 3097700389 0 69.576490 363 363 483879 363000 2495 1422 120 160000 250000 119 158627 120373 12 16000 25000 12 16000 25000 1352
1791391696343243 10 0 0 10 10 10 0 0 0 0 0 0 1469 119 119 0 1800 331 212 0 212 0 0 0 42437783 28010 0 12327 38277 17479 7675725 1623335 3915047 1136691874 1136691874 0 3099192264 0 69.600021 371 371 494543 371000 2058 1485 120 160000 250000 119 158627 120382 12 16000 25000 12 16000 25000 1360
1791391696360693 10 0 0 10 10 10 0 0 0 0 0 0 1468 119 119 0 1800 332 213 0 213 0 0 0 42454957 28097 0 12340 38357 17495 7675744 1623389 3929673 1149840450 1149840450 0 3100695927 0 69.605497 383 383 510539 383000 1376 1475 120 160000 250000 119 158627 120390 12 16000 25000 12 16000 25000 1368
1791391696366796 10 0 0 10 10 10 0 0 0 0 0 0 1467 119 119 0 1800 333 214 0 214 0 0 0 42460804 28177 0 12353 38433 17505 7675753 1623451 3933860 1156448637 1156448637 0 3102179535 0 69.629087 396 396 527868 396000 1329 1462 120 160000 250000 119 158627 120399 12 16000 25000 12 16000 25000 1376
1791391696400387 10 0 0 10 10 10 0 0 0 0 0 0 1466 119 119 0 1800 334 215 0 215 0 0 0 42494016 28289 0 12368 38555 17529 7675793 1623504 3963323 1169659325 1169659325 0 3103398118 0 69.601850 454 454 605182 454000 749 1394 120 160000 250000 119 158627 120407 12 16000 25000 12 16000 25000 1384
1791391696422618 10 0 0 10 10 10 0 0 0 0 0 0 1465 119 119 0 1800 335 216 0 216 0 0 0 42515882 28375 0 12382 38648 17549 7675818 1623621 3982232 1182823115 1182823115 0 3104905231 0 69.599720 535 535 713155 535000 1684 1423 120 160000 250000 119 158627 120416 12 16000 25000 12 16000 25000 1392
1791391696456497 10 0 0 10 10 10 0 0 0 0 0 0 1464 119 119 0 1800 336 217 0 217 0 0 0 42549370 28474 0 12397 38761 17581 7675855 1623707 4011771 1189461108 1189461108 0 3106408705 0 69.578492 559 559 745147 559000 1846 1466 120 160000 250000 119 158627 120424 12 16000 25000 12 16000 25000 1400
1791391696460722 10 0 0 10 10 10 0 0 0 0 0 0 1463 119 119 0 1800 337 218 0 218 0 0 0 42553305 28560 0 12412 38813 17589 7675861 1623825 4013921 1196182165 1196182165 0 3107902222 0 69.605371 745 745 993085 745000 1295 1450 120 160000 250000 119 158627 120432 12 16000 25000 12 16000 25000 1408
1791391696469121 10 0 0 10 10 10 0 0 0 0 0 0 1462 119 119 0 1800 338 219 0 219 0 0 0 42561421 28649 0 12425 38904 17601 7675874 1623883 4020277 1209434800 1209434800 0 3109398072 0 69.625457 830 830 1106390 830000 997 1407 120 160000 250000 119 158627 120439 12 16000 25000 12 16000 25000 1416
1791391696502139 10 0 0 10 10 10 0 0 0 0 0 0 1461 119 119 0 1800 339 220 0 220 0 0 0 42594111 28744 0 12439 39000 17629 7675909 1623937 4049690 1211985906 1211985906 0 3110891701 0 69.605321 839 839 1118387 839000 1175 1385 120 160000 250000 119 158627 120442 12 16000 25000 12 16000 25000 1419
1791391696510864 10 0 0 10 10 10 0 0 0 0 0 0 1460 119 119 0 1800 340 221 0 221 0 0 0 42602544 28825 0 12452 39081 17641 7675920 1624025 4056013 1212719035 1212719035 0 3112402497 0 69.625217 835 835 1113055 835000 489 1299 120 160000 250000 119 158627 120443 12 16000 25000 12 16000 25000 1420
1791391696519296 10 0 0 10 10 10 0 0 0 0 0 0 1459 119 119 0 1800 341 222 0 222 0 0 0 42610680 28906 0 12465 39153 17658 7675931 1624118 4062293 1213811804 1213811804 0 3113618833 0 69.639004 828 828 1103724 828000 202 1193 120 160000 250000 119 158627 120443 12 16000 25000 12 16000 25000 1420
1791391696523169 10 0 0 10 10 10 0 0 0 0 0 0 1458 119 119 0 1800 342 223 0 223 0 0 0 42614256 28999 0 12487 39223 17666 7675937 1624222 4064406 1227080000 1227080000 0 3115119106 0 69.666565 818 818 1090394 818000 206 1098 120 160000 250000 119 158627 120451 12 16000 25000 12 16000 25000 1428
1791391696533817 10 0 0 10 10 10 0 0 0 0 0 0 1457 119 119 0 1800 343 224 0 224 0 0 0 42624618 29079 0 12500 39327 17677 7675950 1624281 4072836 1232458018 1232458018 0 3116632572 0 69.683349 820 820 1093060 820000 1664 1154 120 160000 250000 119 158627 120466 12 16000 25000 12 16000 25000 1441
1791391696534006 10 0 0 10 10 10 0 0 0 0 0 0 1457 118 118 0 1800 343 225 0 225 0 0 0 42624618 29155 0 12515 39352 17685 7675953 1624336 4072836 1238333169 1238333169 0 3116632572 0 69.683224 822 822 1095726 822000 966 1137 120 160000 250000 118 157294 119461 12 16000 25000 12 16000 25000 1440
1791391696540025 10 0 0 10 10 10 0 0 0 0 0 0 1455 119 119 0 1800 345 226 0 226 0 0 0 42630391 29246 0 12537 39424 17701 7675961 1624379 4074948 1251692668 1251692668 0 3119631752 0 69.740694 819 819 1091727 819000 1018 1127 120 160000 250000 119 158627 120471 12 16000 25000 12 16000 25000 1449
1791391696553140 10 0 0 10 10 10 0 0 0 0 0 0 1454 119 119 0 1800 346 227 0 227 0 0 0 42643189 29334 0 12551 39529 17716 7675978 1624453 4085441 1264995084 1264995084 0 3121141065 0 69.753365 887 887 1182371 887000 1965 1209 120 160000 250000 119 158627 120482 12 16000 25000 12 16000 25000 1458
1791391696557135 10 0 0 10 10 10 0 0 0 0 0 0 1453 119 119 0 1800 347 228 0 228 0 0 0 42646930 29420 0 12565 39598 17728 7675986 1624514 4087530 1271649989 1271649989 0 3122645892 0 69.780738 921 921 1227693 921000 2598 1345 120 160000 250000 119 158627 120490 12 16000 25000 12 16000 25000 1466
1791391696571996 10 0 0 10 10 10 0 0 0 0 0 0 1452 119 118 1 1800 348 229 0 229 0 0 0 42661476 29500 0 12579 39729 17744 7676004 1624564 4099922 1283605413 1278193564 0 3124151819 0 69.790472 970 970 1293010 970000 1337 1345 120 160000 250000 119 158627 120505 12 16000 25000 12 16000 25000 1480
1791391696572163 10 0 0 10 10 10 0 0 0 0 0 0 1452 118 118 0 1800 348 230 0 230 0 0 0 42661476 29583 0 12597 39729 17751 7676008 1624620 4099922 1283605413 1283605413 0 3124151819 0 69.790336 968 968 1290344 968000 1162 1328 120 160000 250000 118 157294 119500 12 16000 25000 12 16000 25000 1479
1791391696577989 10 0 0 10 10 10 0 0 0 0 0 0 1450 119 119 0 1800 350 231 0 231 0 0 0 42667069 29661 0 12611 39809 17759 7676016 1624662 4102029 1290157572 1290157572 0 3127152704 0 69.848094 1035 1035 1379655 1035000 1407 1336 120 160000 250000 119 158627 120512 12 16000 25000 12 16000 25000 1489
1791391696586210 10 0 0 10 10 10 0 0 0 0 0 0 1449 119 119 0 1800 351 232 0 232 0 0 0 42675028 29741 0 12625 39893 17770 7676026 1624715 4108378 1296921696 1296921696 0 3128657172 0 69.868543 1113 1113 1483629 1113000 1257 1330 120 160000 250000 119 158627 120521 12 16000 25000 12 16000 25000 1497
1791391696590295 10 0 0 10 10 10 0 0 0 0 0 0 1448 119 119 0 1800 352 233 0 233 0 0 0 42678878 29824 0 12637 39960 17778 7676033 1624767 4110510 1303664649 1303664649 0 3130163051 0 69.895735 1115 1115 1486295 1115000 958 1295 120 160000 250000 119 158627 120529 12 16000 25000 12 16000 25000 1505
1791391696607251 10 0 0 10 10 10 0 0 0 0 0 0 1447 119 119 0 1800 353 234 0 234 0 0 0 42695551 29906 0 12651 40055 17794 7676055 1624817 4125043 1310224908 1310224908 0 3131668503 0 69.901928 1214 1214 1618262 1214000 1513 1317 120 160000 250000 119 158627 120536 12 16000 25000 12 16000 25000 1513
1791391696617837 10 0 0 10 10 10 0 0 0 0 0 0 1446 119 119 0 1800 354 235 0 235 0 0 0 42705871 29984 0 12664 40137 17807 7676070 1624877 4133452 1316990044 1316990044 0 3133165043 0 69.918316 1210 1210 1612930 1210000 1028 1290 120 160000 250000 119 158627 120545 12 16000 25000 12 16000 25000 1522
1791391696659512 10 0 0 10 10 10 0 0 0 0 0 0 1445 119 119 0 1800 355 236 0 236 0 0 0 42741342 30086 0 12681 40273 17841 7681920 1624933 4164687 1322275601 1322275601 0 3134656183 0 69.893413 1208 1208 1610264 1208000 1187 1281 120 160000 250000 119 158627 120551 12 16000 25000 12 16000 25000 1528
1791391696670628 10 0 0 10 10 10 0 0 0 0 0 0 1444 119 119 0 1800 356 237 0 237 0 0 0 42752128 30165 0 12694 40356 17855 7681934 1625050 4173089 1324305264 1324305264 0 3136150667 0 69.908977 1191 1191 1587603 1191000 897 1244 120 160000 250000 119 158627 120554 12 16000 25000 12 16000 25000 1531
1791391696690496 10 0 0 10 10 10 0 0 0 0 0 0 1443 119 118 1 1800 357 238 0 238 0 0 0 42771617 30258 0 12708 40481 17873 7681958 1625146 4189765 1342685771 1330926625 0 3137655545 0 69.910524 738 738 983754 738000 11 1125 120 160000 250000 119 158627 120571 12 16000 25000 12 16000 25000 1547
1791391696690693 10 0 0 10 10 10 0 0 0 0 0 0 1443 118 118 0 1800 357 239 0 239 0 0 0 42771617 30337 0 12726 40481 17881 7681962 1625235 4189765 1342685771 1342685771 0 3137655545 0 69.910395 742 742 989086 742000 1319 1145 120 160000 250000 118 157294 119566 12 16000 25000 12 16000 25000 1546
1791391696757791 10 0 0 10 10 10 0 0 0 0 0 0 1441 119 119 0 1800 359 240 0 240 0 0 0 42808550 30450 0 12741 40628 17915 7711765 1625278 4220791 1348188051 1348188051 0 3140643731 0 69.916461 755 755 1006415 755000 2274 1256 120 160000 250000 119 158627 120578 12 16000 25000 12 16000 25000 1555
1791391696779620 10 0 0 10 10 10 0 0 0 0 0 0 1440 119 119 0 1800 360 241 0 241 0 0 0 42830001 30539 0 12756 40725 17938 7711790 1625398 4239691 1354823983 1354823983 0 3142144045 0 69.914706 756 756 1007748 756000 1131 1245 120 160000 250000 119 158627 120586 12 16000 25000 12 16000 25000 1563
1791391696790116 10 0 0 10 10 10 0 0 0 0 0 0 1439 119 119 0 1800 361 242 0 242 0 0 0 42840182 30627 0 12769 40820 17951 7711804 1625484 4248116 1360235035 1360235035 0 3143643103 0 69.931307 752 752 1002416 752000 1343 1255 120 160000 250000 119 158627 120594 12 16000 25000 12 16000 25000 1571
1791391696807421 10 0 0 10 10 10 0 0 0 0 0 0 1438 119 119 0 1800 362 243 0 243 0 0 0 42857184 30714 0 12782 40911 17968 7711826 1625547 4262850 1365824944 1365824944 0 3144862974 0 69.930568 752 752 1002416 752000 1130 1244 120 160000 250000 119 158627 120602 12 16000 25000 12 16000 25000 1579
1791391696844735 10 0 0 10 10 10 0 0 0 0 0 0 1437 119 119 0 1800 363 244 0 244 0 0 0 42892438 30825 0 12797 41030 18000 7713508 1625637 4293826 1366856047 1366856047 0 3146371381 0 69.906465 754 754 1005082 754000 1710 1291 120 160000 250000 119 158627 120603 12 16000 25000 12 16000 25000 1580
1791391696906215 10 0 0 10 10 10 0 0 0 0 0 0 1436 119 119 0 1800 364 245 0 245 0 0 0 42927699 30922 0 12811 41163 18027 7739289 1625791 4324909 1370059463 1370059463 0 3147893440 0 69.882716 747 747 995751 747000 205 1186 120 160000 250000 119 158627 120605 12 16000 25000 12 16000 25000 1583
1791391696956917 10 0 0 10 10 10 0 0 0 0 0 0 1435 119 119 0 1800 365 246 0 246 0 0 0 42964008 31029 0 12825 41283 18064 7753243 1625939 4355889 1375709707 1375709707 0 3149391932 0 69.856765 695 695 926435 695000 93 1081 120 160000 250000 119 158627 120613 12 16000 25000 12 16000 25000 1591
1791391697138387 10 0 0 10 10 10 0 0 0 0 0 0 1434 119 119 0 1800 366 247 0 247 0 0 0 42998887 31129 0 12840 41414 18096 7899422 1626066 4386697 1382252836 1382252836 0 3150886393 0 69.833100 688 688 917104 688000 1155 1089 120 160000 250000 119 158627 120622 12 16000 25000 12 16000 25000 1599
1791391697203219 10 0 0 10 10 10 0 0 0 0 0 0 1433 119 119 0 1800 367 248 0 248 0 0 0 43033874 31226 0 12855 41555 18126 7928841 1626194 4417429 1385480610 1385480610 0 3152379389 0 69.809272 718 718 957094 718000 1008 1082 120 160000 250000 119 158627 120625 12 16000 25000 12 16000 25000 1602
1791391697239106 10 0 0 10 10 10 0 0 0 0 0 0 1432 119 119 0 1800 368 249 0 249 0 0 0 43069375 31321 0 12869 41640 18149 7928868 1626322 4440351 1392066258 1392066258 0 3153904842 0 69.785371 714 714 951762 714000 552 1031 120 160000 250000 119 158627 120634 12 16000 25000 12 16000 25000 1610
1791391697298457 10 0 0 10 10 10 0 0 0 0 0 0 1431 119 119 0 1800 369 250 0 250 0 0 0 43104669 31422 0 12885 41769 18179 7952531 1626426 4471221 1398746113 1398746113 0 3155400557 0 69.761177 709 709 945097 709000 1031 1031 120 160000 250000 119 158627 120641 12 16000 25000 12 16000 25000 1618
1791391697352310 10 0 0 10 10 10 0 0 0 0 0 0 1430 119 119 0 1800 370 251 0 251 0 0 0 43139772 31541 0 12899 41889 18216 7970826 1626583 4502326 1404107034 1404107034 0 3156899129 0 69.737365 698 698 930434 698000 1093 1038 120 160000 250000 119 158627 120649 12 16000 25000 12 16000 25000 1625
1791391697360684 10 0 0 10 10 10 0 0 0 0 0 0 1429 119 119 0 1800 371 252 0 252 0 0 0 43147806 31622 0 12913 41979 18229 7970838 1626708 4508634 1404656812 1404656812 0 3158135468 0 69.751565 693 693 923769 693000 751 1011 120 160000 250000 119 158627 120649 12 16000 25000 12 16000 25000 1625
1791391697384682 10 0 0 10 10 10 0 0 0 0 0 0 1428 119 118 1 1800 372 253 0 253 0 0 0 43171416 31706 0 12927 42108 18247 7970866 1626814 4529591 1412264627 1405416805 0 3159633040 0 69.746369 685 685 913105 685000 169 929 120 160000 250000 119 158627 120657 12 16000 25000 12 16000 25000 1633
1791391697384935 10 0 0 10 10 10 0 0 0 0 0 0 1428 118 118 0 1800 372 254 0 254 0 0 0 43171416 31790 0 12944 42108 18254 7970870 1626950 4529591 1412264627 1412264627 0 3159633040 0 69.746233 673 673 897109 673000 115 851 120 160000 250000 118 157294 119653 12 16000 25000 12 16000 25000 1632
1791391697460868 10 0 0 10 10 10 0 0 0 0 0 0 1426 119 119 0 1800 374 255 0 255 0 0 0 43208549 31888 0 12959 42257 18289 8009310 1627003 4560637 1417677251 1417677251 0 3162353109 0 69.746172 682 682 909106 682000 1019 868 120 160000 250000 119 158627 120664 12 16000 25000 12 16000 25000 1641
1791391697570775 10 0 0 10 10 10 0 0 0 0 0 0 1425 119 119 0 1800 375 256 0 256 0 0 0 43243532 31999 0 12974 42382 18321 8083811 1627128 4591416 1430727194 1430727194 0 3163571520 0 69.716462 684 684 911772 684000 1099 891 120 160000 250000 119 158627 120672 12 16000 25000 12 16000 25000 1649
1791391697654917 10 0 0 10 10 10 0 0 0 0 0 0 1424 119 119 0 1800 376 257 0 257 0 0 0 43278756 32096 0 12988 42500 18352 8132327 1627256 4621954 1435138663 1435138663 0 3165134269 0 69.694017 683 683 910439 683000 1835 984 120 160000 250000 119 158627 120678 12 16000 25000 12 16000 25000 1655
1791391697701406 10 0 0 10 10 10 0 0 0 0 0 0 1423 119 119 0 1800 377 258 0 258 0 0 0 43314881 32192 0 13004 42616 18384 8142251 1627426 4652861 1441765795 1441765795 0 3166620632 0 69.668482 665 665 886445 665000 828 970 120 160000 250000 119 158627 120687 12 16000 25000 12 16000 25000 1664
1791391697734681 10 0 0 10 10 10 0 0 0 0 0 0 1422 119 119 0 1800 378 259 0 259 0 0 0 43347711 32288 0 13018 42750 18410 8142285 1627554 4681707 1447396736 1447396736 0 3168118317 0 69.648528 663 663 883779 663000 940 968 120 160000 250000 119 158627 120693 12 16000 25000 12 16000 25000 1671
1791391697917795 10 0 0 10 10 10 0 0 0 0 0 0 1421 119 119 0 1800 379 260 0 260 0 0 0 43382814 32380 0 13032 42867 18440 8289908 1627678 4712501 1448717726 1448717726 0 3169614871 0 69.624940 649 649 865117 649000 1081 980 120 160000 250000 119 158627 120695 12 16000 25000 12 16000 25000 1672
1791391697973092 10 0 0 10 10 10 0 0 0 0 0 0 1420 119 119 0 1800 380 261 0 261 0 0 0 43418036 32501 0 13052 42984 18468 8309567 1627807 4743378 1450348131 1450348131 0 3171122331 0 69.601393 626 626 834458 626000 209 906 120 160000 250000 119 158627 120695 12 16000 25000 12 16000 25000 1673
1791391698266729 10 0 0 10 10 10 0 0 0 0 0 0 1419 119 119 0 1800 381 262 0 262 0 0 0 43453027 32614 0 13068 43110 18497 8567753 1627965 4774143 1450937835 1450937835 0 3172622531 0 69.578108 609 609 811797 609000 296 847 120 160000 250000 119 158627 120695 12 16000 25000 12 16000 25000 1673
1791391698365550 10 0 0 10 10 10 0 0 0 0 0 0 1418 119 119 0 1800 382 263 0 263 0 0 0 43487764 32710 0 13082 43243 18518 8631388 1628131 4804718 1453835974 1453835974 0 3174126145 0 69.555368 571 571 761143 571000 28 769 120 160000 250000 119 158627 120697 12 16000 25000 12 16000 25000 1676
1791391698545324 10 0 0 10 10 10 0 0 0 0 0 0 1417 119 119 0 1800 383 264 0 264 0 0 0 43522564 32805 0 13097 43367 18555 8775868 1628338 4835269 1456428996 1456428996 0 3175613913 0 69.532218 567 567 755811 567000 479 729 120 160000 250000 119 158627 120699 12 16000 25000 12 16000 25000 1678
1791391698559007 10 0 0 10 10 10 0 0 0 0 0 0 1416 119 119 0 1800 384 265 0 265 0 0 0 43535907 32887 0 13110 43446 18572 8775882 1628466 4845777 1462946464 1462946464 0 3176831845 0 69.537452 549 549 731817 549000 450 703 120 160000 250000 119 158627 120707 12 16000 25000 12 16000 25000 1685
1791391698567567 10 0 0 10 10 10 0 0 0 0 0 0 1415 119 119 0 1800 385 266 0 266 0 0 0 43544155 32969 0 13122 43526 18583 8775895 1628575 4852128 1465006323 1465006323 0 3178329387 0 69.556933 537 537 715821 537000 988 732 120 160000 250000 119 158627 120709 12 16000 25000 12 16000 25000 1688
1791391698637178 10 0 0 10 10 10 0 0 0 0 0 0 1414 119 119 0 1800 386 267 0 267 0 0 0 43578904 33072 0 13144 43660 18613 8810394 1628646 4882832 1470623721 1470623721 0 3179556347 0 69.528178 528 528 703824 528000 385 699 120 160000 250000 119 158627 120717 12 16000 25000 12 16000 25000 1695
1791391698793875 10 0 0 10 10 10 0 0 0 0 0 0 1413 119 119 0 1800 387 268 0 268 0 0 0 43616692 33174 0 13159 43792 18662 8928851 1628791 4913502 1477217785 1477217785 0 3181058978 0 69.500654 527 527 702491 527000 1076 736 120 160000 250000 119 158627 120726 12 16000 25000 12 16000 25000 1703
1791391698827007 10 0 0 10 10 10 0 0 0 0 0 0 1412 119 119 0 1800 388 269 0 269 0 0 0 43649342 33278 0 13176 43912 18694 8928887 1628948 4942079 1481735878 1481735878 0 3182559952 0 69.481311 519 519 691827 519000 902 753 120 160000 250000 119 158627 120733 12 16000 25000 12 16000 25000 1710
1791391699073281 10 0 0 10 10 10 0 0 0 0 0 0 1411 119 119 0 1800 389 270 0 270 0 0 0 43684153 33378 0 13191 44060 18725 9139903 1629089 4972914 1488295984 1488295984 0 3184071272 0 69.458794 515 515 686495 515000 368 716 120 160000 250000 119 158627 120742 12 16000 25000 12 16000 25000 1718
1791391699088759 10 0 0 10 10 10 0 0 0 0 0 0 1410 119 119 0 1800 390 271 0 271 0 0 0 43699282 33461 0 13204 44139 18740 9139921 1629221 4985642 1494075977 1494075977 0 3185581319 0 69.467563 523 523 697159 523000 976 742 120 160000 250000 119 158627 120750 12 16000 25000 12 16000 25000 1727
1791391699101685 10 0 0 10 10 10 0 0 0 0 0 0 1409 119 119 0 1800 391 272 0 272 0 0 0 43711918 33540 0 13217 44215 18753 9139936 1629307 4996120 1500742257 1500742257 0 3186808811 0 69.474132 532 532 709156 532000 1070 775 120 160000 250000 119 158627 120757 12 16000 25000 12 16000 25000 1735
1791391699107947 10 0 0 10 10 10 0 0 0 0 0 0 1408 119 119 0 1800 392 273 0 273 0 0 0 43717889 33623 0 13229 44290 18764 9139945 1629403 5000393 1503265982 1503265982 0 3188306603 0 69.497167 522 522 695826 522000 1117 810 120 160000 250000 119 158627 120761 12 16000 25000 12 16000 25000 1737
1791391699116301 10 0 0 10 10 10 0 0 0 0 0 0 1407 119 119 0 1800 393 274 0 274 0 0 0 43725974 33702 0 13243 44375 18775 9139957 1629465 5006764 1509946679 1509946679 0 3189807717 0 69.516915 516 516 687828 516000 418 773 120 160000 250000 119 158627 120769 12 16000 25000 12 16000 25000 1746
1791391699140296 10 0 0 10 10 10 0 0 0 0 0 0 1406 119 119 0 1800 394 275 0 275 0 0 0 43749672 33785 0 13256 44460 18798 9139982 1629523 5027853 1512832609 1512832609 0 3191317657 0 69.512046 518 518 690494 518000 1446 839 120 160000 250000 119 158627 120771 12 16000 25000 12 16000 25000 1748
1791391699203854 10 0 0 10 10 10 0 0 0 0 0 0 1405 119 119 0 1800 395 276 0 276 0 0 0 43784528 33888 0 13272 44585 18830 9168286 1629636 5058256 1519398914 1519398914 0 3192821929 0 69.489328 501 501 667833 501000 638 820 120 160000 250000 119 158627 120780 12 16000 25000 12 16000 25000 1757
1791391699252530 10 0 0 10 10 10 0 0 0 0 0 0 1404 119 119 0 1800 396 277 0 277 0 0 0 43819361 33988 0 13287 44716 18861 9181687 1629791 5088694 1520084557 1520084557 0 3194322318 0 69.466602 486 486 647838 486000 933 832 120 160000 250000 119 158627 120780 12 16000 25000 12 16000 25000 1757
1791391699267770 10 0 0 10 10 10 0 0 0 0 0 0 1403 119 119 0 1800 397 278 0 278 0 0 0 43834225 34069 0 13300 44796 18878 9181704 1629944 5101356 1526708330 1526708330 0 3195822150 0 69.475542 472 472 629176 472000 90 760 120 160000 250000 119 158627 120788 12 16000 25000 12 16000 25000 1765
1791391699362625 10 0 0 10 10 10 0 0 0 0 0 0 1402 119 119 0 1800 398 279 0 279 0 0 0 43868660 34173 0 13316 44933 18906 9241736 1630041 5131816 1533288489 1533288489 0 3197313735 0 69.453285 473 473 630509 473000 1488 832 120 160000 250000 119 158627 120795 12 16000 25000 12 16000 25000 1773
1791391699386528 10 0 0 10 10 10 0 0 0 0 0 0 1401 119 119 0 1800 399 280 0 280 0 0 0 43892187 34266 0 13329 45027 18925 9241760 1630163 5152613 1534391825 1534391825 0 3198546949 0 69.442713 473 473 630509 473000 1014 851 120 160000 250000 119 158627 120797 12 16000 25000 12 16000 25000 1774
1791391699405506 10 0 0 10 10 10 0 0 0 0 0 0 1400 119 119 0 1800 400 281 0 281 0 0 0 43910835 34349 0 13344 45121 18938 9241782 1630257 5169105 1539081236 1539081236 0 3200042596 0 69.445572 453 453 603849 453000 69 775 120 160000 250000 119 158627 120800 12 16000 25000 12 16000 25000 1777
1791391699510624 10 0 0 10 10 10 0 0 0 0 0 0 1399 119 119 0 1800 401 282 0 282 0 0 0 43944535 34450 0 13360 45244 18963 9312849 1630337 5198960 1541629713 1541629713 0 3201537784 0 69.424621 400 400 533200 400000 65 707 120 160000 250000 119 158627 120803 12 16000 25000 12 16000 25000 1781
1791391699582493 10 0 0 10 10 10 0 0 0 0 0 0 1398 119 119 0 1800 402 283 0 283 0 0 0 43978890 34547 0 13375 45359 18998 9349934 1630491 5229035 1548313039 1548313039 0 3203043196 0 69.402897 393 393 523869 393000 515 689 120 160000 250000 119 158627 120811 12 16000 25000 12 16000 25000 1789
1791391699846162 10 0 0 10 10 10 0 0 0 0 0 0 1397 119 116 3 1800 403 284 0 284 0 0 0 44242130 34637 0 13397 45538 19005 9349943 1630614 5231163 1568491120 1554832819 0 3204542808 0 69.022433 393 393 523869 393000 920 712 120 160000 250000 119 158627 120841 12 16000 25000 12 16000 25000 1816
1791391699846336 10 0 0 10 10 10 0 0 0 0 0 0 1397 118 116 2 1800 403 285 0 285 0 0 0 44242130 34715 0 13413 45538 19012 9349946 1630684 5231163 1568491120 1560333088 0 3204542808 0 69.022311 285 285 379905 285000 28 646 120 160000 250000 117 155961 119836 12 16000 25000 12 16000 25000 1815
1791391699846483 10 0 0 10 10 10 0 0 0 0 0 0 1397 117 116 1 1800 403 286 0 286 0 0 0 44242130 34793 0 13432 45539 19019 9349949 1630726 5231163 1568491120 1565804859 0 3204542808 0 69.022190 258 258 343914 258000 59 590 120 160000 250000 117 155961 118835 12 16000 25000 12 16000 25000 1813
1791391699846623 10 0 0 10 10 10 0 0 0 0 0 0 1397 116 116 0 1800 403 287 0 287 0 0 0 44242130 34866 0 13447 45539 19026 9349952 1630768 5231163 1568491120 1568491120 0 3204542808 0 69.022076 316 316 421228 316000 131 547 120 160000 250000 116 154628 117830 12 16000 25000 12 16000 25000 1812
1791391699871464 10 0 0 10 10 10 0 0 0 0 0 0 1393 119 119 0 1800 407 288 0 288 0 0 0 44266645 34954 0 13461 45673 19044 9349975 1630810 5248052 1569255583 1569255583 0 3210548764 0 69.113034 305 305 406565 305000 124 506 120 160000 250000 119 158627 120841 12 16000 25000 12 16000 25000 1817
1791391699897812 10 0 0 10 10 10 0 0 0 0 0 0 1392 119 119 0 1800 408 289 0 289 0 0 0 44292610 35046 0 13475 45761 19066 9350003 1630943 5271125 1574820750 1574820750 0 3212053045 0 69.104770 290 290 386570 290000 150 473 120 160000 250000 119 158627 120846 12 16000 25000 12 16000 25000 1825
1791391699915116 10 0 0 10 10 10 0 0 0 0 0 0 1391 119 119 0 1800 409 290 0 290 0 0 0 44309570 35136 0 13488 45842 19081 9350021 1631061 5285827 1580295604 1580295604 0 3213554983 0 69.110501 289 289 385237 289000 685 495 120 160000 250000 119 158627 120855 12 16000 25000 12 16000 25000 1832
1791391699984295 10 0 0 10 10 10 0 0 0 0 0 0 1390 119 119 0 1800 410 291 0 291 0 0 0 44343926 35237 0 13504 45966 19115 9384474 1631138 5316066 1581006150 1581006150 0 3215078080 0 69.089572 281 281 374573 281000 226 470 120 160000 250000 119 158627 120855 12 16000 25000 12 16000 25000 1833
1791391700191706 10 0 0 10 10 10 0 0 0 0 0 0 1389 119 119 0 1800 411 292 0 292 0 0 0 44378140 35339 0 13519 46103 19143 9557220 1631292 5346089 1586477700 1586477700 0 3216568613 0 69.068196 275 275 366575 275000 124 437 120 160000 250000 119 158627 120861 12 16000 25000 12 16000 25000 1839
1791391700352190 10 0 0 10 10 10 0 0 0 0 0 0 1388 119 119 0 1800 412 293 0 293 0 0 0 44412628 35462 0 13556 46228 19173 9682747 1631454 5376220 1592107156 1592107156 0 3218069196 0 69.046610 274 274 365242 274000 906 484 120 160000 250000 119 158627 120869 12 16000 25000 12 16000 25000 1847
1791391700370100 10 0 0 10 10 10 0 0 0 0 0 0 1387 119 119 0 1800 413 294 0 294 0 0 0 44430178 35554 0 13569 46308 19190 9682769 1631582 5390991 1597754987 1597754987 0 3219571062 0 69.051427 279 279 371907 279000 1089 544 120 160000 250000 119 158627 120878 12 16000 25000 12 16000 25000 1855
1791391700430636 10 0 0 10 10 10 0 0 0 0 0 0 1386 119 119 0 1800 414 295 0 295 0 0 0 44474376 35666 0 13585 46431 19217 9698694 1631711 5420945 1601710198 1601710198 0 3221079745 0 69.015011 294 294 391902 294000 1844 671 120 160000 250000 119 158627 120881 12 16000 25000 12 16000 25000 1858
1791391700488684 10 0 0 10 10 10 0 0 0 0 0 0 1385 119 119 0 1800 415 296 0 296 0 0 0 44508647 35772 0 13604 46552 19249 9722045 1631847 5451051 1602682723 1602682723 0 3222585318 0 68.993982 291 291 387903 291000 649 669 120 160000 250000 119 158627 120881 12 16000 25000 12 16000 25000 1859
1791391700677893 10 0 0 10 10 10 0 0 0 0 0 0 1384 119 119 0 1800 416 297 0 297 0 0 0 44543032 35874 0 13619 46676 19280 9876427 1632010 5480994 1608264199 1608264199 0 3224086028 0 68.972712 285 285 379905 285000 186 623 120 160000 250000 119 158627 120890 12 16000 25000 12 16000 25000 1867
1791391700697704 10 0 0 10 10 10 0 0 0 0 0 0 1383 119 119 0 1800 417 298 0 298 0 0 0 44562425 35959 0 13633 46757 19299 9876448 1632198 5497735 1610120450 1610120450 0 3225573683 0 68.974400 288 288 383904 288000 1113 672 120 160000 250000 119 158627 120892 12 16000 25000 12 16000 25000 1870
1791391700717033 10 0 0 10 10 10 0 0 0 0 0 0 1382 119 119 0 1800 418 299 0 299 0 0 0 44581423 36046 0 13647 46855 19313 9876469 1632290 5514494 1622902535 1622902535 0 3226790217 0 68.970899 279 279 371907 279000 131 620 120 160000 250000 119 158627 120899 12 16000 25000 12 16000 25000 1878
1791391700765956 10 0 0 10 10 10 0 0 0 0 0 0 1381 119 119 0 1800 419 300 0 300 0 0 0 44615347 36145 0 13662 46987 19340 9891102 1632372 5544451 1628232153 1628232153 0 3227995029 0 68.944078 288 288 383904 288000 3392 891 120 160000 250000 119 158627 120905 12 16000 25000 12 16000 25000 1884
1791391700777169 10 0 0 10 10 10 0 0 0 0 0 0 1380 119 119 0 1800 420 301 0 301 0 0 0 44626224 36222 0 13675 47071 19353 9891116 1632502 5552904 1634984779 1634984779 0 3229497149 0 68.959243 288 288 383904 288000 1053 908 120 160000 250000 119 158627 120913 12 16000 25000 12 16000 25000 1892
1791391700821746 10 0 0 10 10 10 0 0 0 0 0 0 1379 119 119 0 1800 421 302 0 302 0 0 0 44660454 36321 0 13691 47199 19392 9901093 1632577 5582798 1640468224 1640468224 0 3231006136 0 68.938476 296 296 394568 296000 1385 955 120 160000 250000 119 158627 120921 12 16000 25000 12 16000 25000 1900
1791391700852769 10 0 0 10 10 10 0 0 0 0 0 0 1378 119 119 0 1800 422 303 0 303 0 0 0 44691085 36407 0 13704 47302 19421 9901122 1632695 5609824 1641466025 1641466025 0 3232503118 0 68.923051 299 299 398567 299000 381 900 120 160000 250000 119 158627 120922 12 16000 25000 12 16000 25000 1901
1791391700876209 10 0 0 10 10 10 0 0 0 0 0 0 1377 119 119 0 1800 423 304 0 304 0 0 0 44714202 36488 0 13717 47370 19430 9901131 1632833 5611913 1647172788 1647172788 0 3234000015 0 68.919222 292 292 389236 292000 190 832 120 160000 250000 119 158627 120930 12 16000 25000 12 16000 25000 1910
1791391700936421 10 0 0 10 10 10 0 0 0 0 0 0 1376 119 119 0 1800 424 305 0 305 0 0 0 44767077 36589 0 13733 47495 19461 9908128 1632891 5641588 1651592925 1651592925 0 3235505281 0 68.869773 291 291 387903 291000 584 809 120 160000 250000 119 158627 120937 12 16000 25000 12 16000 25000 1916
1791391701035933 10 0 0 10 10 10 0 0 0 0 0 0 1375 119 119 0 1800 425 306 0 306 0 0 0 44801027 36697 0 13749 47616 19487 9973271 1633013 5671191 1657213419 1657213419 0 3236994710 0 68.849140 280 280 373240 280000 853 815 120 160000 250000 119 158627 120945 12 16000 25000 12 16000 25000 1925
1791391701072521 10 0 0 10 10 10 0 0 0 0 0 0 1374 119 119 0 1800 426 307 0 307 0 0 0 44834934 36797 0 13765 47754 19516 9975527 1633142 5700704 1669974960 1669974960 0 3238231071 0 68.823238 272 272 362576 272000 166 753 120 160000 250000 119 158627 120954 12 16000 25000 12 16000 25000 1932
1791391701079028 10 0 0 10 10 10 0 0 0 0 0 0 1373 119 119 0 1800 427 308 0 308 0 0 0 44841119 36879 0 13780 47832 19525 9975536 1633265 5704892 1676637556 1676637556 0 3239726841 0 68.845412 280 280 373240 280000 2127 888 120 160000 250000 119 158627 120962 12 16000 25000 12 16000 25000 1941
1791391701184346 10 0 0 10 10 10 0 0 0 0 0 0 1372 119 119 0 1800 428 309 0 309 0 0 0 44874828 36986 0 13794 47951 19552 10046797 1633337 5734437 1682199934 1682199934 0 3241253178 0 68.825987 275 275 366575 275000 281 830 120 160000 250000 119 158627 120969 12 16000 25000 12 16000 25000 1949
1791391701288984 10 0 0 10 10 10 0 0 0 0 0 0 1371 119 119 0 1800 429 310 0 310 0 0 0 44908711 37086 0 13810 48085 19596 10117120 1633462 5764031 1686693602 1686693602 0 3242764590 0 68.806018 280 280 373240 280000 1145 861 120 160000 250000 119 158627 120976 12 16000 25000 12 16000 25000 1956
1791391701302283 10 0 0 10 10 10 0 0 0 0 0 0 1370 119 118 1 1800 430 311 0 311 0 0 0 44921616 37171 0 13824 48207 19610 10117135 1633598 5774531 1700540034 1692128606 0 3244264726 0 68.817959 284 284 378572 284000 902 866 120 160000 250000 119 158627 120993 12 16000 25000 12 16000 25000 1971
1791391701302466 10 0 0 10 10 10 0 0 0 0 0 0 1370 118 118 0 1800 430 312 0 312 0 0 0 44921616 37252 0 13841 48207 19617 10117139 1633671 5774531 1700540034 1700540034 0 3244264726 0 68.817835 295 295 393235 295000 853 866 120 160000 250000 118 157294 119988 12 16000 25000 12 16000 25000 1970
1791391701400546 10 0 0 10 10 10 0 0 0 0 0 0 1368 119 119 0 1800 432 313 0 313 0 0 0 44957763 37352 0 13856 48353 19646 10178722 1633715 5804470 1702825870 1702825870 0 3247266839 0 68.826027 302 302 402566 302000 1509 930 120 160000 250000 119 158627 120995 12 16000 25000 12 16000 25000 1974
1791391701413685 10 0 0 10 10 10 0 0 0 0 0 0 1367 119 119 0 1800 433 314 0 314 0 0 0 44970549 37437 0 13870 48446 19661 10178738 1633838 5815102 1715932241 1715932241 0 3248767138 0 68.838134 302 302 402566 302000 350 874 120 160000 250000 119 158627 121003 12 16000 25000 12 16000 25000 1982
1791391701489778 10 0 0 10 10 10 0 0 0 0 0 0 1366 119 119 0 1800 434 315 0 315 0 0 0 45004371 37535 0 13884 48571 19684 10220659 1633916 5845175 1721551888 1721551888 0 3249980614 0 68.811987 310 310 413230 310000 1994 984 120 160000 250000 119 158627 121011 12 16000 25000 12 16000 25000 1990
1791391701512124 10 0 0 10 10 10 0 0 0 0 0 0 1365 119 119 0 1800 435 316 0 316 0 0 0 45026360 37624 0 13898 48651 19704 10220683 1634037 5864252 1722124247 1722124247 0 3251487390 0 68.810161 314 314 418562 314000 1120 998 120 160000 250000 119 158627 121012 12 16000 25000 12 16000 25000 1990
1791391701580225 10 0 0 10 10 10 0 0 0 0 0 0 1364 119 119 0 1800 436 317 0 317 0 0 0 45060520 37731 0 13912 48782 19735 10254208 1634160 5894147 1728725031 1728725031 0 3252720843 0 68.783961 309 309 411897 309000 186 920 120 160000 250000 119 158627 121020 12 16000 25000 12 16000 25000 1998
1791391701584602 10 0 0 10 10 10 0 0 0 0 0 0 1363 119 119 0 1800 437 318 0 318 0 0 0 45064561 37809 0 13926 48848 19743 10254215 1634319 5896293 1734227647 1734227647 0 3254225321 0 68.809491 309 309 411897 309000 1038 932 120 160000 250000 119 158627 121027 12 16000 25000 12 16000 25000 2005
1791391701667871 10 0 0 10 10 10 0 0 0 0 0 0 1362 119 119 0 1800 438 319 0 319 0 0 0 45108374 37909 0 13942 48972 19773 10293338 1634375 5926284 1740855747 1740855747 0 3255723142 0 68.774201 313 313 417229 313000 897 930 120 160000 250000 119 158627 121035 12 16000 25000 12 16000 25000 2013
1791391701685258 10 0 0 10 10 10 0 0 0 0 0 0 1361 119 119 0 1800 439 320 0 320 0 0 0 45125403 37991 0 13956 49059 19791 10293359 1634493 5940966 1745992788 1745992788 0 3257212238 0 68.779588 313 313 417229 313000 1033 941 120 160000 250000 119 158627 121037 12 16000 25000 12 16000 25000 2016
1791391701691554 10 0 0 10 10 10 0 0 0 0 0 0 1360 119 119 0 1800 440 321 0 321 0 0 0 45131418 38070 0 13970 49139 19800 10293367 1634578 5945165 1752704833 1752704833 0 3258713142 0 68.801998 311 311 414563 311000 643 913 120 160000 250000 119 158627 121046 12 16000 25000 12 16000 25000 2025
1791391701742046 10 0 0 10 10 10 0 0 0 0 0 0 1359 119 119 0 1800 441 322 0 322 0 0 0 45165206 38170 0 13986 49278 19833 10309718 1634635 5974923 1759283539 1759283539 0 3260212360 0 68.782048 312 312 415896 312000 1390 960 120 160000 250000 119 158627 121054 12 16000 25000 12 16000 25000 2033
1791391701797295 10 0 0 10 10 10 0 0 0 0 0 0 1358 119 119 0 1800 442 323 0 323 0 0 0 45199127 38268 0 14001 49388 19865 10330653 1634761 6004732 1764707285 1764707285 0 3261713369 0 68.761967 316 316 421228 316000 901 956 120 160000 250000 119 158627 121061 12 16000 25000 12 16000 25000 2039
1791391701832013 10 0 0 10 10 10 0 0 0 0 0 0 1357 119 119 0 1800 443 324 0 324 0 0 0 45233348 38367 0 14017 49531 19892 10330694 1634920 6034823 1771177064 1771177064 0 3263274260 0 68.742720 314 314 418562 314000 827 944 120 160000 250000 119 158627 121070 12 16000 25000 12 16000 25000 2048
1791391701854109 10 0 0 10 10 10 0 0 0 0 0 0 1356 119 119 0 1800 444 325 0 325 0 0 0 45255053 38459 0 14031 49626 19912 10330719 1635057 6053949 1781388428 1781388428 0 3264499644 0 68.735440 310 310 413230 310000 260 878 120 160000 250000 119 158627 121079 12 16000 25000 12 16000 25000 2056
1791391701986835 10 0 0 10 10 10 0 0 0 0 0 0 1355 119 119 0 1800 445 326 0 326 0 0 0 45289146 38573 0 14046 49754 19945 10428961 1635150 6084029 1787949388 1787949388 0 3266077067 0 68.716756 315 315 419895 315000 1800 969 120 160000 250000 119 158627 121089 12 16000 25000 12 16000 25000 2064
1791391702021610 10 0 0 10 10 10 0 0 0 0 0 0 1354 119 119 0 1800 446 327 0 327 0 0 0 45323394 38672 0 14061 49906 19977 10429050 1635283 6114084 1792505029 1792505029 0 3267636857 0 68.697518 323 323 430559 323000 1006 973 120 160000 250000 119 158627 121096 12 16000 25000 12 16000 25000 2071
1791391702056572 10 0 0 10 10 10 0 0 0 0 0 0 1353 119 119 0 1800 447 328 0 328 0 0 0 45357884 38772 0 14076 50028 20005 10429121 1635410 6144205 1799135961 1799135961 0 3269186476 0 68.677728 320 320 426560 320000 943 971 120 160000 250000 119 158627 121105 12 16000 25000 12 16000 25000 2079
1791391702069691 10 0 0 10 10 10 0 0 0 0 0 0 1352 119 119 0 1800 448 329 0 329 0 0 0 45370600 38856 0 14090 50131 20020 10429139 1635571 6154922 1805783016 1805783016 0 3270736275 0 68.690917 320 320 426560 320000 797 955 120 160000 250000 119 158627 121113 12 16000 25000 12 16000 25000 2087
1791391702091507 10 0 0 10 10 10 0 0 0 0 0 0 1351 119 119 0 1800 449 330 0 330 0 0 0 45392104 38940 0 14103 50209 20042 10429162 1635653 6173779 1812444000 1812444000 0 3272273832 0 68.690552 330 330 439890 330000 944 955 120 160000 250000 119 158627 121121 12 16000 25000 12 16000 25000 2095
1791391702097694 10 0 0 10 10 10 0 0 0 0 0 0 1350 119 119 0 1800 450 331 0 331 0 0 0 45398020 39019 0 14116 50283 20052 10429171 1635736 6178035 1814105540 1814105540 0 3273841647 0 68.714396 362 362 482546 362000 1270 986 120 160000 250000 119 158627 121121 12 16000 25000 12 16000 25000 2096
1791391702129143 10 0 0 10 10 10 0 0 0 0 0 0 1349 119 119 0 1800 451 332 0 332 0 0 0 45429105 39136 0 14131 50385 20081 10429205 1635795 6205761 1819569818 1819569818 0 3275396499 0 68.699854 361 361 481213 361000 317 922 120 160000 250000 119 158627 121128 12 16000 25000 12 16000 25000 2103
1791391702133235 10 0 0 10 10 10 0 0 0 0 0 0 1348 119 119 0 1800 452 333 0 333 0 0 0 45432895 39211 0 14144 50471 20088 10429213 1635902 6207922 1826326027 1826326027 0 3276904190 0 68.725635 360 360 479880 360000 1075 938 120 160000 250000 119 158627 121135 12 16000 25000 12 16000 25000 2111
1791391702196885 10 0 0 10 10 10 0 0 0 0 0 0 1347 119 119 0 1800 453 334 0 334 0 0 0 45466976 39321 0 14158 50598 20116 10458431 1635954 6237785 1833024688 1833024688 0 3278460400 0 68.706612 508 508 677164 508000 424 889 120 160000 250000 119 158627 121143 12 16000 25000 12 16000 25000 2120
1791391702201202 10 0 0 10 10 10 0 0 0 0 0 0 1346 119 119 0 1800 454 335 0 335 0 0 0 45470979 39398 0 14171 50674 20124 10458438 1636082 6239964 1838547921 1838547921 0 3280021939 0 68.733174 610 610 813130 610000 1047 905 120 160000 250000 119 158627 121151 12 16000 25000 12 16000 25000 2128
1791391702261506 10 0 0 10 10 10 0 0 0 0 0 0 1345 119 119 0 1800 455 336 0 336 0 0 0 45504973 39500 0 14187 50825 20156 10484384 1636141 6269814 1844801917 1844801917 0 3281543209 0 68.713573 661 661 881113 661000 775 893 120 160000 250000 119 158627 121160 12 16000 25000 12 16000 25000 2135
1791391702356511 10 0 0 10 10 10 0 0 0 0 0 0 1344 119 119 0 1800 456 337 0 337 0 0 0 45538947 39598 0 14202 50944 20183 10545026 1636261 6299633 1850579814 1850579814 0 3283107572 0 68.694939 695 695 926435 695000 983 903 120 160000 250000 119 158627 121167 12 16000 25000 12 16000 25000 2143
1791391702385117 10 0 0 10 10 10 0 0 0 0 0 0 1343 119 119 0 1800 457 338 0 338 0 0 0 45567151 39690 0 14217 51035 20213 10545058 1636394 6324719 1856114955 1856114955 0 3284603065 0 68.683590 706 706 941098 706000 921 905 120 160000 250000 119 158627 121174 12 16000 25000 12 16000 25000 2151
1791391702404805 10 0 0 10 10 10 0 0 0 0 0 0 1342 119 119 0 1800 458 339 0 339 0 0 0 45586494 39786 0 14230 51114 20234 10545077 1636505 6341416 1858135649 1858135649 0 3285833471 0 68.680046 712 712 949096 712000 1118 927 120 160000 250000 119 158627 121177 12 16000 25000 12 16000 25000 2153
1791391702428771 10 0 0 10 10 10 0 0 0 0 0 0 1341 119 119 0 1800 459 340 0 340 0 0 0 45610143 39869 0 14244 51203 20256 10545101 1636579 6362471 1863173279 1863173279 0 3287349963 0 68.676022 722 722 962426 722000 147 851 120 160000 250000 119 158627 121183 12 16000 25000 12 16000 25000 2159
1791391702728448 10 0 0 10 10 10 0 0 0 0 0 0 1340 119 119 0 1800 460 341 0 341 0 0 0 45643710 39968 0 14259 51648 20287 10810505 1636684 6391766 1864494227 1864494227 0 3288933312 0 68.658465 733 733 977089 733000 836 851 120 160000 250000 119 158627 121196 12 16000 25000 12 16000 25000 2169
1791391702732467 10 0 0 10 10 10 0 0 0 0 0 0 1339 119 119 0 1800 461 342 0 342 0 0 0 45647393 40050 0 14272 51697 20297 10810512 1636854 6393935 1873680684 1873680684 0 3290200412 0 68.679257 721 721 961093 721000 198 788 120 160000 250000 119 158627 121194 12 16000 25000 12 16000 25000 2168
1791391702812628 10 0 0 10 10 10 0 0 0 0 0 0 1338 119 119 0 1800 462 343 0 343 0 0 0 45680786 40149 0 14287 51828 20328 10856928 1636926 6423150 1879730202 1879730202 0 3291761809 0 68.661516 709 709 945097 709000 553 766 120 160000 250000 119 158627 121203 12 16000 25000 12 16000 25000 2177
1791391702825718 10 0 0 10 10 10 0 0 0 0 0 0 1337 119 119 0 1800 463 344 0 344 0 0 0 45693535 40232 0 14301 51909 20340 10856942 1637052 6433663 1885196819 1885196819 0 3292991138 0 68.667885 706 706 941098 706000 1196 809 120 160000 250000 119 158627 121209 12 16000 25000 12 16000 25000 2183
1791391702923817 10 0 0 10 10 10 0 0 0 0 0 0 1336 119 119 0 1800 464 345 0 345 0 0 0 45736354 40341 0 14317 52024 20361 10911876 1637122 6462840 1890754681 1890754681 0 3294516285 0 68.635264 709 709 945097 709000 836 813 120 160000 250000 119 158627 121217 12 16000 25000 12 16000 25000 2191
1791391703013020 10 0 0 10 10 10 0 0 0 0 0 0 1335 119 119 0 1800 465 346 0 346 0 0 0 45770118 40448 0 14338 52153 20394 10966864 1637278 6492248 1897300442 1897300442 0 3296078496 0 68.617039 721 721 961093 721000 1108 842 120 160000 250000 119 158627 121224 12 16000 25000 12 16000 25000 2199
1791391703047694 10 0 0 10 10 10 0 0 0 0 0 0 1334 119 119 0 1800 466 347 0 347 0 0 0 45803650 40548 0 14353 52276 20426 10967591 1637415 6521459 1898649835 1898649835 0 3297629443 0 68.598964 721 721 961093 721000 1034 862 120 160000 250000 119 158627 121226 12 16000 25000 12 16000 25000 2201
1791391703132658 10 0 0 10 10 10 0 0 0 0 0 0 1333 119 119 0 1800 467 348 0 348 0 0 0 45837048 40649 0 14367 52389 20459 11018711 1637578 6550590 1905475966 1905475966 0 3299208815 0 68.581706 734 734 978422 734000 207 799 120 160000 250000 119 158627 121234 12 16000 25000 12 16000 25000 2209
1791391703173166 10 0 0 10 10 10 0 0 0 0 0 0 1332 119 119 0 1800 468 349 0 349 0 0 0 45870572 40770 0 14394 52505 20488 11025240 1637741 6579779 1912085652 1912085652 0 3300771084 0 68.563899 714 714 951762 714000 1106 830 120 160000 250000 119 158627 121243 12 16000 25000 12 16000 25000 2217
1791391703177277 10 0 0 10 10 10 0 0 0 0 0 0 1331 119 119 0 1800 469 350 0 350 0 0 0 45874366 40850 0 14408 52575 20496 11025248 1637875 6581928 1918724140 1918724140 0 3302330576 0 68.590505 716 716 954428 716000 1075 855 120 160000 250000 119 158627 121251 12 16000 25000 12 16000 25000 2225
1791391703246230 10 0 0 10 10 10 0 0 0 0 0 0 1330 119 119 0 1800 470 351 0 351 0 0 0 45908261 40949 0 14423 52710 20526 11059957 1637934 6611090 1925356632 1925356632 0 3303881969 0 68.571960 716 716 954428 716000 1437 913 120 160000 250000 119 158627 121260 12 16000 25000 12 16000 25000 2233
1791391703251114 10 0 0 10 10 10 0 0 0 0 0 0 1329 119 119 0 1800 471 352 0 352 0 0 0 45912823 41033 0 14435 52775 20544 11059963 1638061 6613206 1926243161 1926243161 0 3305174263 0 68.591846 734 734 978422 734000 1053 927 120 160000 250000 119 158627 121260 12 16000 25000 12 16000 25000 2234
1791391703266231 10 0 0 10 10 10 0 0 0 0 0 0 1328 119 119 0 1800 472 353 0 353 0 0 0 45927620 41117 0 14451 52862 20559 11059982 1638154 6625705 1932980430 1932980430 0 3306726628 0 68.601847 729 729 971757 729000 114 849 120 160000 250000 119 158627 121267 12 16000 25000 12 16000 25000 2242
1791391703270176 10 0 0 10 10 10 0 0 0 0 0 0 1327 119 119 0 1800 473 354 0 354 0 0 0 45931297 41217 0 14470 52923 20568 11059989 1638228 6627806 1939551863 1939551863 0 3308243707 0 68.627682 739 739 985087 739000 1200 884 120 160000 250000 119 158627 121275 12 16000 25000 12 16000 25000 2250
1791391703298186 10 0 0 10 10 10 0 0 0 0 0 0 1326 119 119 0 1800 474 355 0 355 0 0 0 45958960 41304 0 14485 53053 20593 11060020 1638280 6652591 1946269972 1946269972 0 3309803633 0 68.618622 743 743 990419 743000 1061 902 120 160000 250000 119 158627 121284 12 16000 25000 12 16000 25000 2259
1791391703317544 10 0 0 10 10 10 0 0 0 0 0 0 1325 119 119 0 1800 475 356 0 356 0 0 0 45977992 41398 0 14501 53136 20612 11060040 1638366 6669202 1952994732 1952994732 0 3311371640 0 68.622598 803 803 1070399 803000 1102 922 120 160000 250000 119 158627 121292 12 16000 25000 12 16000 25000 2267
1791391703367293 10 0 0 10 10 10 0 0 0 0 0 0 1324 119 119 0 1800 476 357 0 357 0 0 0 46010546 41498 0 14517 53261 20643 11076878 1638444 6697739 1959813628 1959813628 0 3312891443 0 68.605413 786 786 1047738 786000 1052 936 120 160000 250000 119 158627 121300 12 16000 25000 12 16000 25000 2275
1791391703373664 10 0 0 10 10 10 0 0 0 0 0 0 1323 119 119 0 1800 477 358 0 358 0 0 0 46016549 41576 0 14530 53335 20654 11076888 1638620 6701980 1966724753 1966724753 0 3314412160 0 68.627843 812 812 1082396 812000 546 882 120 160000 250000 119 158627 121309 12 16000 25000 12 16000 25000 2284
1791391703423465 10 0 0 10 10 10 0 0 0 0 0 0 1322 119 119 0 1800 478 359 0 359 0 0 0 46049340 41685 0 14545 53465 20683 11093542 1638683 6730690 1967944709 1967944709 0 3315936935 0 68.610405 813 813 1083729 813000 1190 913 120 160000 250000 119 158627 121309 12 16000 25000 12 16000 25000 2285
1791391703486175 10 0 0 10 10 10 0 0 0 0 0 0 1321 119 119 0 1800 479 360 0 360 0 0 0 46082525 41787 0 14564 53598 20715 11122650 1638805 6759365 1974644841 1974644841 0 3317218848 0 68.587395 801 801 1067733 801000 192 843 120 160000 250000 119 158627 121318 12 16000 25000 12 16000 25000 2293
1791391703545973 10 0 0 10 10 10 0 0 0 0 0 0 1320 119 118 1 1800 480 361 0 361 0 0 0 46115623 41889 0 14579 53759 20738 11148901 1638936 6788054 1986512431 1979096327 0 3318783996 0 68.570400 805 805 1073065 805000 1083 867 120 160000 250000 119 158627 121332 12 16000 25000 12 16000 25000 2308
1791391703546230 10 0 0 10 10 10 0 0 0 0 0 0 1320 118 118 0 1800 480 362 0 362 0 0 0 46115623 41971 0 14596 53759 20745 11148905 1639070 6788054 1986512431 1986512431 0 3318783996 0 68.570278 794 794 1058402 794000 809 863 120 160000 250000 118 157294 120329 12 16000 25000 12 16000 25000 2306
1791391703869716 10 0 0 10 10 10 0 0 0 0 0 0 1318 119 119 0 1800 482 363 0 363 0 0 0 46151057 42084 0 14612 53912 20778 11436594 1639113 6817111 1991830037 1991830037 0 3321903022 0 68.581905 787 787 1049071 787000 459 824 120 160000 250000 119 158627 121339 12 16000 25000 12 16000 25000 2315
1791391703876490 10 0 0 10 10 10 0 0 0 0 0 0 1317 119 119 0 1800 483 364 0 364 0 0 0 46157493 42168 0 14627 53993 20787 11436603 1639247 6821390 2000985989 2000985989 0 3323493032 0 68.605048 765 765 1019745 765000 819 824 120 160000 250000 119 158627 121345 12 16000 25000 12 16000 25000 2321
1791391703900510 10 0 0 10 10 10 0 0 0 0 0 0 1316 119 119 0 1800 484 365 0 365 0 0 0 46181209 42255 0 14641 54076 20812 11436628 1639312 6842174 2003287463 2003287463 0 3325100560 0 68.602885 776 776 1034408 776000 1931 933 120 160000 250000 119 158627 121346 12 16000 25000 12 16000 25000 2322
1791391703913681 10 0 0 10 10 10 0 0 0 0 0 0 1315 119 119 0 1800 485 366 0 366 0 0 0 46194086 42335 0 14655 54153 20824 11436642 1639399 6852674 2008627498 2008627498 0 3326330580 0 68.609031 757 757 1009081 757000 162 859 120 160000 250000 119 158627 121354 12 16000 25000 12 16000 25000 2329
1791391703956613 10 0 0 10 10 10 0 0 0 0 0 0 1314 119 119 0 1800 486 367 0 367 0 0 0 46226842 42438 0 14670 54293 20855 11446460 1639461 6881268 2015338091 2015338091 0 3327894731 0 68.592546 755 755 1006415 755000 907 865 120 160000 250000 119 158627 121361 12 16000 25000 12 16000 25000 2337
1791391704117394 10 0 0 10 10 10 0 0 0 0 0 0 1313 119 119 0 1800 487 368 0 368 0 0 0 46260036 42541 0 14685 54414 20887 11573631 1639589 6909752 2022150412 2022150412 0 3329446034 0 68.575172 757 757 1009081 757000 1008 880 120 160000 250000 119 158627 121370 12 16000 25000 12 16000 25000 2345
1791391704123789 10 0 0 10 10 10 0 0 0 0 0 0 1312 119 119 0 1800 488 369 0 369 0 0 0 46266100 42620 0 14699 54496 20897 11573641 1639719 6913975 2028878158 2028878158 0 3331006023 0 68.598201 758 758 1010414 758000 1078 900 120 160000 250000 119 158627 121378 12 16000 25000 12 16000 25000 2353
1791391704205382 10 0 0 10 10 10 0 0 0 0 0 0 1311 119 119 0 1800 489 370 0 370 0 0 0 46298711 42722 0 14714 54621 20938 11622234 1639815 6942516 2034436652 2034436652 0 3332565496 0 68.581870 760 760 1013080 760000 742 886 120 160000 250000 119 158627 121386 12 16000 25000 12 16000 25000 2362
1791391704273174 10 0 0 10 10 10 0 0 0 0 0 0 1310 119 119 0 1800 490 371 0 371 0 0 0 46331866 42826 0 14737 54757 20964 11656451 1639942 6971358 2036498110 2036498110 0 3334124232 0 68.564739 747 747 995751 747000 591 858 120 160000 250000 119 158627 121388 12 16000 25000 12 16000 25000 2365
1791391704332289 10 0 0 10 10 10 0 0 0 0 0 0 1309 119 119 0 1800 491 372 0 372 0 0 0 46364635 42924 0 14752 54885 20996 11682383 1640075 6999933 2043121988 2043121988 0 3335650903 0 68.547553 730 730 973090 730000 200 795 120 160000 250000 119 158627 121396 12 16000 25000 12 16000 25000 2373
1791391704378186 10 0 0 10 10 10 0 0 0 0 0 0 1308 119 119 0 1800 492 373 0 373 0 0 0 46397633 43019 0 14767 55038 21024 11694846 1640208 7028583 2053445873 2053445873 0 3337179872 0 68.530104 732 732 975756 732000 984 814 120 160000 250000 119 158627 121414 12 16000 25000 12 16000 25000 2389
1791391704382261 10 0 0 10 10 10 0 0 0 0 0 0 1307 119 119 0 1800 493 374 0 374 0 0 0 46401404 43098 0 14781 55094 21036 11694854 1640338 7030750 2060083677 2060083677 0 3338743228 0 68.556525 781 781 1041073 781000 1642 896 120 160000 250000 119 158627 121413 12 16000 25000 12 16000 25000 2389
1791391704514974 10 0 0 10 10 10 0 0 0 0 0 0 1306 119 119 0 1800 494 375 0 375 0 0 0 46434287 43198 0 14795 55230 21062 11794335 1640402 7059313 2062792737 2062792737 0 3340268652 0 68.539174 763 763 1017079 763000 697 878 120 160000 250000 119 158627 121417 12 16000 25000 12 16000 25000 2392
1791391704540334 10 0 0 10 10 10 0 0 0 0 0 0 1305 119 119 0 1800 495 376 0 376 0 0 0 46459258 43282 0 14809 55323 21081 11794362 1640534 7080323 2069407283 2069407283 0 3341791530 0 68.533477 749 749 998417 749000 326 825 120 160000 250000 119 158627 121425 12 16000 25000 12 16000 25000 2400
1791391704674501 10 0 0 10 10 10 0 0 0 0 0 0 1304 119 119 0 1800 496 377 0 377 0 0 0 46491746 43388 0 14824 55459 21108 11895646 1640633 7108694 2070117197 2070117197 0 3343310113 0 68.516596 748 748 997084 748000 855 829 120 160000 250000 119 158627 121426 12 16000 25000 12 16000 25000 2401
1791391704754245 10 0 0 10 10 10 0 0 0 0 0 0 1303 119 119 0 1800 497 378 0 378 0 0 0 46524442 43487 0 14839 55587 21132 11942244 1640800 7137065 2075502324 2075502324 0 3344536210 0 68.493454 734 734 978422 734000 93 758 120 160000 250000 119 158627 121432 12 16000 25000 12 16000 25000 2407
1791391704864701 10 0 0 10 10 10 0 0 0 0 0 0 1302 119 119 0 1800 498 379 0 379 0 0 0 46557151 43587 0 14855 55711 21161 12019544 1640968 7165460 2080972918 2080972918 0 3346088781 0 68.477004 732 732 975756 732000 864 769 120 160000 250000 119 158627 121440 12 16000 25000 12 16000 25000 2415
1791391705131251 10 0 0 10 10 10 0 0 0 0 0 0 1301 119 119 0 1800 499 380 0 380 0 0 0 46590438 43683 0 14870 55831 21190 12252404 1641099 7193860 2090946181 2090946181 0 3347700799 0 68.460951 724 724 965092 724000 745 767 120 160000 250000 119 158627 121447 12 16000 25000 12 16000 25000 2423
1791391705230610 10 0 0 10 10 10 0 0 0 0 0 0 1300 119 119 0 1800 500 381 0 381 0 0 0 46623399 43781 0 14885 55970 21224 12318378 1641228 7222309 2095473481 2095473481 0 3349262701 0 68.444372 745 745 993085 745000 1611 851 120 160000 250000 119 158627 121454 12 16000 25000 12 16000 25000 2430
1791391705364355 10 0 0 10 10 10 0 0 0 0 0 0 1299 119 119 0 1800 501 382 0 382 0 0 0 46656287 43879 0 14901 56099 21256 12418812 1641366 7250716 2100983555 2100983555 0 3350783717 0 68.427088 742 742 989086 742000 842 851 120 160000 250000 119 158627 121462 12 16000 25000 12 16000 25000 2439
1791391705443100 10 0 0 10 10 10 0 0 0 0 0 0 1298 119 119 0 1800 502 383 0 383 0 0 0 46689034 43983 0 14917 56221 21285 12464393 1641499 7279053 2106436621 2106436621 0 3352301067 0 68.409952 759 759 1011747 759000 928 859 120 160000 250000 119 158627 121468 12 16000 25000 12 16000 25000 2446
1791391705469517 10 0 0 10 10 10 0 0 0 0 0 0 1297 119 118 1 1800 503 384 0 384 0 0 0 46714998 44088 0 14931 56356 21308 12464424 1641634 7301908 2123250072 2111987679 0 3353870281 0 68.403817 757 757 1009081 757000 1002 874 120 160000 250000 119 158627 121484 12 16000 25000 12 16000 25000 2462
1791391705469731 10 0 0 10 10 10 0 0 0 0 0 0 1297 118 118 0 1800 503 385 0 385 0 0 0 46714998 44166 0 14949 56356 21315 12464427 1641740 7301908 2123250072 2123250072 0 3353870281 0 68.403703 766 766 1021078 766000 1779 963 120 160000 250000 118 157294 120481 12 16000 25000 12 16000 25000 2460
1791391705495413 10 0 0 10 10 10 0 0 0 0 0 0 1295 119 119 0 1800 505 386 0 386 0 0 0 46740381 44253 0 14963 56457 21337 12464455 1641780 7322638 2127705064 2127705064 0 3357001458 0 68.430290 782 782 1042406 782000 2022 1067 120 160000 250000 119 158627 121490 12 16000 25000 12 16000 25000 2468
1791391705501923 10 0 0 10 10 10 0 0 0 0 0 0 1294 119 119 0 1800 506 387 0 387 0 0 0 46746586 44333 0 14977 56539 21346 12464464 1641887 7326822 2132381401 2132381401 0 3358514535 0 68.451937 783 783 1043739 783000 1053 1067 120 160000 250000 119 158627 121498 12 16000 25000 12 16000 25000 2475
1791391705605678 10 0 0 10 10 10 0 0 0 0 0 0 1293 119 118 1 1800 507 388 0 388 0 0 0 46778782 44431 0 14992 56725 21371 12535637 1641944 7354788 2144889062 2139185636 0 3360086564 0 68.436744 783 783 1043739 783000 1298 1090 120 160000 250000 119 158627 121516 12 16000 25000 12 16000 25000 2492
1791391705605914 10 0 0 10 10 10 0 0 0 0 0 0 1293 118 118 0 1800 507 389 0 389 0 0 0 46778782 44508 0 15008 56725 21378 12535640 1642072 7354788 2144889062 2144889062 0 3360086564 0 68.436632 812 812 1082396 812000 937 1076 120 160000 250000 118 157294 120511 12 16000 25000 12 16000 25000 2490
1791391705761738 10 0 0 10 10 10 0 0 0 0 0 0 1291 119 119 0 1800 509 390 0 390 0 0 0 46812735 44606 0 15023 56872 21404 12657171 1642113 7382948 2151528608 2151528608 0 3362906721 0 68.444297 817 817 1089061 817000 1284 1097 120 160000 250000 119 158627 121523 12 16000 25000 12 16000 25000 2500
1791391705804268 10 0 0 10 10 10 0 0 0 0 0 0 1290 119 119 0 1800 510 391 0 391 0 0 0 46854951 44684 0 15035 56939 21413 12657178 1642246 7385081 2156974316 2156974316 0 3364457072 0 68.414100 835 835 1113055 835000 1168 1105 120 160000 250000 119 158627 121531 12 16000 25000 12 16000 25000 2508
1791391705828291 10 0 0 10 10 10 0 0 0 0 0 0 1289 119 119 0 1800 511 392 0 392 0 0 0 46878733 44763 0 15048 57008 21421 12657184 1642307 7387201 2159653869 2159653869 0 3365975164 0 68.410164 850 850 1133050 850000 890 1085 120 160000 250000 119 158627 121534 12 16000 25000 12 16000 25000 2511
1791391705836504 10 0 0 10 10 10 0 0 0 0 0 0 1288 119 119 0 1800 512 393 0 393 0 0 0 46886701 44838 0 15060 57092 21431 12657194 1642355 7393467 2166344831 2166344831 0 3367497695 0 68.429379 814 814 1085062 814000 170 997 120 160000 250000 119 158627 121542 12 16000 25000 12 16000 25000 2519
1791391705860721 10 0 0 10 10 10 0 0 0 0 0 0 1287 119 119 0 1800 513 394 0 394 0 0 0 46910609 44922 0 15073 57181 21461 12657220 1642408 7414108 2167069251 2167069251 0 3369051846 0 68.425980 821 821 1094393 821000 1333 1030 120 160000 250000 119 158627 121543 12 16000 25000 12 16000 25000 2520
1791391705956552 10 0 0 10 10 10 0 0 0 0 0 0 1286 119 119 0 1800 514 395 0 395 0 0 0 46942859 45024 0 15088 57306 21499 12720398 1642521 7441931 2171508432 2171508432 0 3370606292 0 68.410417 807 807 1075731 807000 152 946 120 160000 250000 119 158627 121550 12 16000 25000 12 16000 25000 2527
1791391705967456 10 0 0 10 10 10 0 0 0 0 0 0 1285 119 119 0 1800 515 396 0 396 0 0 0 46953394 45106 0 15103 57385 21513 12720411 1642681 7450268 2178265788 2178265788 0 3372173703 0 68.426768 804 804 1071732 804000 893 942 120 160000 250000 119 158627 121559 12 16000 25000 12 16000 25000 2535
1791391705982429 10 0 0 10 10 10 0 0 0 0 0 0 1284 119 119 0 1800 516 397 0 397 0 0 0 46968073 45190 0 15117 57471 21528 12720428 1642752 7462666 2184988250 2184988250 0 3373732450 0 68.436900 822 822 1095726 822000 1134 962 120 160000 250000 119 158627 121567 12 16000 25000 12 16000 25000 2543
1791391705986320 10 0 0 10 10 10 0 0 0 0 0 0 1283 119 118 1 1800 517 398 0 398 0 0 0 46971695 45270 0 15131 57559 21536 12720435 1642821 7464759 2193907676 2193398349 0 3375271103 0 68.462721 819 819 1091727 819000 940 960 120 160000 250000 119 158627 121574 12 16000 25000 12 16000 25000 2552
1791391705986485 10 0 0 10 10 10 0 0 0 0 0 0 1283 118 118 0 1800 517 399 0 399 0 0 0 46971695 45352 0 15153 57559 21544 12720438 1642876 7464759 2193907676 2193907676 0 3375271103 0 68.462602 827 827 1102391 827000 1620 1025 120 160000 250000 118 157294 120569 12 16000 25000 12 16000 25000 2550
1791391706027494 10 0 0 10 10 10 0 0 0 0 0 0 1281 119 119 0 1800 519 400 0 400 0 0 0 46988878 45475 0 15169 57727 44956 12720471 1642942 7477687 2199440862 2199440862 0 3378376869 0 68.500384 806 806 1074398 806000 92 893 120 160000 250000 119 158627 121583 12 16000 25000 12 16000 25000 2560
1791391706166302 10 0 0 10 10 10 0 0 0 0 0 0 1280 119 119 0 1800 520 401 0 401 0 0 0 47023163 45581 0 15184 57872 44983 12824469 1643159 7506038 2204884322 2204884322 0 3379887595 0 68.480943 806 806 1074398 806000 1046 909 120 160000 250000 119 158627 121590 12 16000 25000 12 16000 25000 2567
1791391706235294 10 0 0 10 10 10 0 0 0 0 0 0 1279 119 119 0 1800 521 402 0 402 0 0 0 47055610 45687 0 15200 58021 45010 12860553 1643312 7533916 2210436258 2210436258 0 3381426469 0 68.464772 824 824 1098392 824000 974 917 120 160000 250000 119 158627 121597 12 16000 25000 12 16000 25000 2575
1791391706301006 10 0 0 10 10 10 0 0 0 0 0 0 1278 119 119 0 1800 522 403 0 403 0 0 0 47087882 45785 0 15215 58141 45039 12893576 1643452 7561667 2215859846 2215859846 0 3382978000 0 68.449146 822 822 1095726 822000 1082 934 120 160000 250000 119 158627 121605 12 16000 25000 12 16000 25000 2583
1791391706380623 10 0 0 10 10 10 0 0 0 0 0 0 1277 119 119 0 1800 523 404 0 404 0 0 0 47120103 45884 0 15230 58271 45065 12940529 1643606 7589375 2228589678 2228589678 0 3384493098 0 68.432876 777 777 1035741 777000 223 866 120 160000 250000 119 158627 121614 12 16000 25000 12 16000 25000 2592
1791391706454046 10 0 0 10 10 10 0 0 0 0 0 0 1276 119 118 1 1800 524 405 0 405 0 0 0 47152296 45983 0 15245 58452 45095 12981286 1643743 7617151 2247124993 2234143288 0 3385999566 0 68.416495 795 795 1059735 795000 2225 999 120 160000 250000 119 158627 121630 12 16000 25000 12 16000 25000 2608
1791391706454305 10 0 0 10 10 10 0 0 0 0 0 0 1276 118 118 0 1800 524 406 0 406 0 0 0 47152296 46065 0 15264 58452 45103 12981290 1643890 7617151 2247124993 2247124993 0 3385999566 0 68.416376 754 754 1005082 754000 232 925 120 160000 250000 118 157294 120627 12 16000 25000 12 16000 25000 2606
1791391706482735 10 0 0 10 10 10 0 0 0 0 0 0 1274 119 119 0 1800 526 407 0 407 0 0 0 47180388 46162 0 15279 58568 45130 12981318 1643939 7640408 2259945547 2259945547 0 3389079174 0 68.437728 785 785 1046405 785000 2352 1065 120 160000 250000 119 158627 121637 12 16000 25000 12 16000 25000 2616
1791391706491710 10 0 0 10 10 10 0 0 0 0 0 0 1273 119 119 0 1800 527 408 0 408 0 0 0 47189045 46242 0 15292 58649 45143 12981328 1644052 7646729 2261068775 2261068775 0 3390631315 0 68.456406 804 804 1071732 804000 2963 1251 120 160000 250000 119 158627 121639 12 16000 25000 12 16000 25000 2617
1791391706551855 10 0 0 10 10 10 0 0 0 0 0 0 1272 119 119 0 1800 528 409 0 409 0 0 0 47220767 46355 0 15319 58787 45171 13009382 1644121 7674407 2267761554 2267761554 0 3392172611 0 68.441398 810 810 1079730 810000 291 1158 120 160000 250000 119 158627 121647 12 16000 25000 12 16000 25000 2625
1791391706562807 10 0 0 10 10 10 0 0 0 0 0 0 1271 119 119 0 1800 529 410 0 410 0 0 0 47231351 46439 0 15333 58894 45185 13009395 1644251 7682926 2274472380 2274472380 0 3393694991 0 68.456663 807 807 1075731 807000 901 1134 120 160000 250000 119 158627 121655 12 16000 25000 12 16000 25000 2634
1791391706575491 10 0 0 10 10 10 0 0 0 0 0 0 1270 119 119 0 1800 530 411 0 411 0 0 0 47243741 46523 0 15347 58982 45196 13009412 1644325 7693417 2280264069 2280264069 0 3395206345 0 68.469085 814 814 1085062 814000 1292 1150 120 160000 250000 119 158627 121661 12 16000 25000 12 16000 25000 2641
1791391706661032 10 0 0 10 10 10 0 0 0 0 0 0 1269 119 119 0 1800 531 412 0 412 0 0 0 47275693 46633 0 15363 59115 45222 13062643 1644389 7721270 2287077655 2287077655 0 3396764834 0 68.454103 832 832 1109056 832000 901 1127 120 160000 250000 119 158627 121670 12 16000 25000 12 16000 25000 2649
1791391706680842 10 0 0 10 10 10 0 0 0 0 0 0 1268 119 119 0 1800 532 413 0 413 0 0 0 47295131 46717 0 15376 59209 45243 13062664 1644519 7738114 2293880326 2293880326 0 3398038088 0 68.451524 483 483 643839 483000 26 1020 120 160000 250000 119 158627 121678 12 16000 25000 12 16000 25000 2657
1791391706693725 10 0 0 10 10 10 0 0 0 0 0 0 1267 119 119 0 1800 533 414 0 414 0 0 0 47307716 46797 0 15389 59290 45259 13062679 1644604 7748699 2299385242 2299385242 0 3399560506 0 68.463877 478 478 637174 478000 1054 1024 120 160000 250000 119 158627 121686 12 16000 25000 12 16000 25000 2665
1791391706799949 10 0 0 10 10 10 0 0 0 0 0 0 1266 119 119 0 1800 534 415 0 415 0 0 0 47339691 46897 0 15403 59433 45286 13136568 1644670 7776666 2301845952 2301845952 0 3401081244 0 68.448140 491 491 654503 491000 1306 1053 120 160000 250000 119 158627 121688 12 16000 25000 12 16000 25000 2667
1791391706860173 10 0 0 10 10 10 0 0 0 0 0 0 1265 119 119 0 1800 535 416 0 416 0 0 0 47372107 47017 0 15420 59568 45311 13163933 1644805 7804678 2307411687 2307411687 0 3402608834 0 68.431898 486 486 647838 486000 369 987 120 160000 250000 119 158627 121697 12 16000 25000 12 16000 25000 2676
1791391706871399 10 0 0 10 10 10 0 0 0 0 0 0 1264 119 119 0 1800 536 417 0 417 0 0 0 47382974 47098 0 15434 59657 45327 13163946 1644942 7813182 2311894967 2311894967 0 3404123081 0 68.446549 485 485 646505 485000 1079 997 120 160000 250000 119 158627 121704 12 16000 25000 12 16000 25000 2683
1791391706988156 10 0 0 10 10 10 0 0 0 0 0 0 1263 119 119 0 1800 537 418 0 418 0 0 0 47415038 47204 0 15449 59784 45354 13248279 1645017 7841020 2312642383 2312642383 0 3405681162 0 68.431463 484 484 645172 484000 1619 1059 120 160000 250000 119 158627 121705 12 16000 25000 12 16000 25000 2683
1791391707062668 10 0 0 10 10 10 0 0 0 0 0 0 1262 119 119 0 1800 538 419 0 419 0 0 0 47447750 47331 0 15466 59933 45390 13289573 1645184 7869204 2318209642 2318209642 0 3407199867 0 68.414643 477 477 635841 477000 145 971 120 160000 250000 119 158627 121713 12 16000 25000 12 16000 25000 2692
1791391707078461 10 0 0 10 10 10 0 0 0 0 0 0 1261 119 119 0 1800 539 420 0 420 0 0 0 47463086 47433 0 15479 60026 45408 13289591 1645383 7882142 2320741986 2320741986 0 3408433648 0 68.417178 481 481 641173 481000 1042 979 120 160000 250000 119 158627 121717 12 16000 25000 12 16000 25000 2694
1791391707189810 10 0 0 10 10 10 0 0 0 0 0 0 1260 119 119 0 1800 540 421 0 421 0 0 0 47496003 47542 0 15495 60170 45455 13367589 1645489 7909952 2326257179 2326257179 0 3409945718 0 68.399983 485 485 646505 485000 457 929 120 160000 250000 119 158627 121723 12 16000 25000 12 16000 25000 2701
1791391707286858 10 0 0 10 10 10 0 0 0 0 0 0 1259 119 119 0 1800 541 422 0 422 0 0 0 47529318 47651 0 15512 60308 45482 13430852 1645653 7938073 2331704428 2331704428 0 3411460949 0 68.382303 484 484 645172 484000 855 923 120 160000 250000 119 158627 121730 12 16000 25000 12 16000 25000 2708
1791391707363486 10 0 0 10 10 10 0 0 0 0 0 0 1258 119 119 0 1800 542 423 0 423 0 0 0 47563536 47758 0 15530 60456 45506 13472790 1645815 7966123 2338294933 2338294933 0 3413014951 0 68.364130 475 475 633175 475000 746 907 120 160000 250000 119 158627 121739 12 16000 25000 12 16000 25000 2716
1791391707370033 10 0 0 10 10 10 0 0 0 0 0 0 1257 119 119 0 1800 543 424 0 424 0 0 0 47569712 47839 0 15542 60542 45516 13472799 1645978 7970430 2342849207 2342849207 0 3414573039 0 68.386352 477 477 635841 477000 976 915 120 160000 250000 119 158627 121746 12 16000 25000 12 16000 25000 2723
1791391707434324 10 0 0 10 10 10 0 0 0 0 0 0 1256 119 119 0 1800 544 425 0 425 0 0 0 47603054 47944 0 15557 60685 45552 13503345 1646068 7998101 2345898335 2345898335 0 3416132167 0 68.369555 484 484 645172 484000 1582 981 120 160000 250000 119 158627 121750 12 16000 25000 12 16000 25000 2727
1791391707649199 10 0 0 10 10 10 0 0 0 0 0 0 1255 119 119 0 1800 545 426 0 426 0 0 0 47636703 48066 0 15579 60836 45585 13684059 1646240 8026385 2351520162 2351520162 0 3417650421 0 68.351499 479 479 638507 479000 454 930 120 160000 250000 119 158627 121757 12 16000 25000 12 16000 25000 2735
1791391707669740 10 0 0 10 10 10 0 0 0 0 0 0 1254 119 119 0 1800 546 427 0 427 0 0 0 47656823 48154 0 15591 60920 45605 13684085 1646417 8043654 2353356071 2353356071 0 3419219783 0 68.353918 489 489 651837 489000 1026 940 120 160000 250000 119 158627 121759 12 16000 25000 12 16000 25000 2737
1791391707767868 10 0 0 10 10 10 0 0 0 0 0 0 1253 119 119 0 1800 547 428 0 428 0 0 0 47689504 48266 0 15606 61071 45636 13749084 1646537 8071368 2360036628 2360036628 0 3420719042 0 68.336914 484 484 645172 484000 343 883 120 160000 250000 119 158627 121767 12 16000 25000 12 16000 25000 2745
1791391707895376 10 0 0 10 10 10 0 0 0 0 0 0 1252 119 119 0 1800 548 429 0 429 0 0 0 47721923 48373 0 15623 61213 45667 13843620 1646787 8099211 2362455830 2362455830 0 3422228266 0 68.320515 485 485 646505 485000 829 879 120 160000 250000 119 158627 121769 12 16000 25000 12 16000 25000 2746
1791391708040390 10 0 0 10 10 10 0 0 0 0 0 0 1251 119 119 0 1800 549 430 0 430 0 0 0 47753699 48489 0 15638 61357 45692 13956404 1646930 8126502 2369185042 2369185042 0 3423781475 0 68.305921 472 472 629176 472000 387 832 120 160000 250000 119 158627 121777 12 16000 25000 12 16000 25000 2754
1791391708062271 10 0 0 10 10 10 0 0 0 0 0 0 1250 119 119 0 1800 550 431 0 431 0 0 0 47775184 48580 0 15653 61450 45712 13956429 1647070 8145239 2374838000 2374838000 0 3425299770 0 68.305381 475 475 633175 475000 993 849 120 160000 250000 119 158627 121785 12 16000 25000 12 16000 25000 2762
1791391708101315 10 0 0 10 10 10 0 0 0 0 0 0 1249 119 119 0 1800 551 432 0 432 0 0 0 47807097 48679 0 15668 61586 45738 13963167 1647170 8172672 2386510776 2386510776 0 3426817986 0 68.289945 477 477 635841 477000 1314 896 120 160000 250000 119 158627 121793 12 16000 25000 12 16000 25000 2770
1791391708150925 10 0 0 10 10 10 0 0 0 0 0 0 1248 119 119 0 1800 552 433 0 433 0 0 0 47838786 48782 0 15683 61702 45767 13980678 1647305 8200093 2393074353 2393074353 0 3428319463 0 68.274510 487 487 649171 487000 2048 1009 120 160000 250000 119 158627 121800 12 16000 25000 12 16000 25000 2778
1791391708210791 10 0 0 10 10 10 0 0 0 0 0 0 1247 119 119 0 1800 553 434 0 434 0 0 0 47870459 48882 0 15698 61829 45793 14008442 1647456 8227549 2405830699 2405830699 0 3429872772 0 68.260153 486 486 647838 486000 961 1005 120 160000 250000 119 158627 121809 12 16000 25000 12 16000 25000 2787
1791391708301455 10 0 0 10 10 10 0 0 0 0 0 0 1246 119 119 0 1800 554 435 0 435 0 0 0 47902165 48991 0 15714 61965 45820 14066970 1647590 8254984 2408157794 2408157794 0 3431368138 0 68.244604 488 488 650504 488000 2124 1115 120 160000 250000 119 158627 121811 12 16000 25000 12 16000 25000 2789
1791391708361451 10 0 0 10 10 10 0 0 0 0 0 0 1245 119 119 0 1800 555 436 0 436 0 0 0 47934087 49093 0 15730 62108 45858 14094581 1647740 8282318 2414769339 2414769339 0 3432927175 0 68.230044 482 482 642506 482000 349 1041 120 160000 250000 119 158627 121818 12 16000 25000 12 16000 25000 2797
1791391708471117 10 0 0 10 10 10 0 0 0 0 0 0 1244 119 119 0 1800 556 437 0 437 0 0 0 47966273 49198 0 15745 62224 45888 14171647 1647875 8309481 2416780087 2416780087 0 3434498891 0 68.215375 482 482 642506 482000 873 1025 120 160000 250000 119 158627 121820 12 16000 25000 12 16000 25000 2798
1791391708536961 10 0 0 10 10 10 0 0 0 0 0 0 1243 119 119 0 1800 557 438 0 438 0 0 0 47997746 49306 0 15759 62342 45915 14205544 1648075 8336615 2417640602 2417640602 0 3436056650 0 68.201458 475 475 633175 475000 343 929 120 160000 250000 119 158627 121820 12 16000 25000 12 16000 25000 2799
1791391708581072 10 0 0 10 10 10 0 0 0 0 0 0 1242 119 118 1 1800 558 439 0 439 0 0 0 48028992 49405 0 15773 62524 45940 14217904 1648247 8363536 2435627101 2430229347 0 3437619761 0 68.187999 465 465 619845 465000 134 853 120 160000 250000 119 158627 121836 12 16000 25000 12 16000 25000 2814
1791391708581351 10 0 0 10 10 10 0 0 0 0 0 0 1242 118 118 0 1800 558 440 0 440 0 0 0 48028992 49486 0 15792 62524 45947 14217908 1648414 8363536 2435627101 2435627101 0 3437619761 0 68.187884 475 475 633175 475000 2021 968 120 160000 250000 118 157294 120831 12 16000 25000 12 16000 25000 2812
1791391708609659 10 0 0 10 10 10 0 0 0 0 0 0 1240 119 119 0 1800 560 441 0 441 0 0 0 48056982 49572 0 15805 62637 45971 14217937 1648459 8386357 2440983327 2440983327 0 3440759275 0 68.210326 475 475 633175 475000 878 960 120 160000 250000 119 158627 121841 12 16000 25000 12 16000 25000 2820
1791391708614256 10 0 0 10 10 10 0 0 0 0 0 0 1239 119 119 0 1800 561 442 0 442 0 0 0 48061276 49649 0 15817 62711 45979 14217944 1648577 8388452 2447604473 2447604473 0 3442320373 0 68.235074 487 487 649171 487000 771 942 120 160000 250000 119 158627 121849 12 16000 25000 12 16000 25000 2829
1791391708627008 10 0 0 10 10 10 0 0 0 0 0 0 1238 119 118 1 1800 562 443 0 443 0 0 0 48073688 49731 0 15830 62842 45990 14217958 1648657 8398844 2466134395 2460434655 0 3443847812 0 68.247628 486 486 647838 486000 1101 958 120 160000 250000 119 158627 121868 12 16000 25000 12 16000 25000 2845
1791391708627188 10 0 0 10 10 10 0 0 0 0 0 0 1238 118 118 0 1800 562 444 0 444 0 0 0 48073688 49811 0 15848 62842 45997 14217961 1648729 8398844 2466134395 2466134395 0 3443847812 0 68.247515 506 506 674498 506000 2423 1102 120 160000 250000 118 157294 120863 12 16000 25000 12 16000 25000 2844
1791391708678756 10 0 0 10 10 10 0 0 0 0 0 0 1236 119 118 1 1800 564 445 0 445 0 0 0 48106374 49917 0 15864 63039 46031 14236434 1648773 8425719 2473703432 2472679279 0 3446692216 0 68.257371 510 510 679830 510000 1698 1161 120 160000 250000 119 158627 121877 12 16000 25000 12 16000 25000 2854
1791391708679005 10 0 0 10 10 10 0 0 0 0 0 0 1236 118 118 0 1800 564 446 0 446 0 0 0 48106374 49995 0 15881 63039 46039 14236438 1648914 8425719 2473703432 2473703432 0 3446692216 0 68.257261 511 511 681163 511000 1460 1191 120 160000 250000 118 157294 120872 12 16000 25000 12 16000 25000 2852
1791391708687093 10 0 0 10 10 10 0 0 0 0 0 0 1234 119 119 0 1800 566 447 0 447 0 0 0 48114192 50081 0 15895 63137 46048 14236450 1648962 8429968 2484019864 2484019864 0 3449483945 0 68.301337 503 503 670499 503000 192 1095 120 160000 250000 119 158627 121882 12 16000 25000 12 16000 25000 2860
1791391708711589 10 0 0 10 10 10 0 0 0 0 0 0 1233 119 119 0 1800 567 448 0 448 0 0 0 48138381 50164 0 15909 63224 46072 14236479 1649026 8450864 2490668924 2490668924 0 3451005159 0 68.297040 506 506 674498 506000 2166 1200 120 160000 250000 119 158627 121890 12 16000 25000 12 16000 25000 2868
1791391708776721 10 0 0 10 10 10 0 0 0 0 0 0 1232 119 119 0 1800 568 449 0 449 0 0 0 48169906 50275 0 15937 63350 46103 14269713 1649109 8478116 2497346175 2497346175 0 3452589723 0 68.283571 517 517 689161 517000 1174 1198 120 160000 250000 119 158627 121899 12 16000 25000 12 16000 25000 2876
1791391708787571 10 0 0 10 10 10 0 0 0 0 0 0 1231 119 119 0 1800 569 450 0 450 0 0 0 48180393 50367 0 15950 63440 46116 14269728 1649241 8486575 2503995141 2503995141 0 3454176132 0 68.299962 517 517 689161 517000 863 1167 120 160000 250000 119 158627 121907 12 16000 25000 12 16000 25000 2885
1791391708796072 10 0 0 10 10 10 0 0 0 0 0 0 1230 119 119 0 1800 570 451 0 451 0 0 0 48188617 50444 0 15964 63522 46127 14269741 1649310 8492894 2509362109 2509362109 0 3455735300 0 68.319033 519 519 691827 519000 1282 1179 120 160000 250000 119 158627 121914 12 16000 25000 12 16000 25000 2892
1791391708828188 10 0 0 10 10 10 0 0 0 0 0 0 1229 119 119 0 1800 571 452 0 452 0 0 0 48220043 50543 0 15980 63652 46158 14270088 1649370 8520188 2511487232 2511487232 0 3457290740 0 68.305145 519 519 691827 519000 994 1162 120 160000 250000 119 158627 121917 12 16000 25000 12 16000 25000 2894
1791391708859948 10 0 0 10 10 10 0 0 0 0 0 0 1228 119 119 0 1800 572 453 0 453 0 0 0 48251320 50641 0 15995 63787 46184 14270125 1649531 8547354 2518270900 2518270900 0 3458851754 0 68.291598 527 527 702491 527000 233 1072 120 160000 250000 119 158627 121926 12 16000 25000 12 16000 25000 2903
1791391708915307 10 0 0 10 10 10 0 0 0 0 0 0 1227 119 119 0 1800 573 454 0 454 0 0 0 48282274 50742 0 16010 63908 46207 14294102 1649692 8574343 2524451453 2524451453 0 3460374151 0 68.277758 516 516 687828 516000 1065 1072 120 160000 250000 119 158627 121932 12 16000 25000 12 16000 25000 2910
1791391708920239 10 0 0 10 10 10 0 0 0 0 0 0 1226 119 119 0 1800 574 455 0 455 0 0 0 48286882 50825 0 16023 63973 46215 14294116 1649827 8576473 2531102973 2531102973 0 3461903172 0 68.301298 534 534 711822 534000 1030 1068 120 160000 250000 119 158627 121941 12 16000 25000 12 16000 25000 2918
1791391708955604 10 0 0 10 10 10 0 0 0 0 0 0 1225 119 119 0 1800 575 456 0 456 0 0 0 48318151 50937 0 16038 64117 46246 14297839 1649890 8603469 2540647250 2540647250 0 3463423073 0 68.286953 521 521 694493 521000 955 1058 120 160000 250000 119 158627 121949 12 16000 25000 12 16000 25000 2926
1791391708962969 10 0 0 10 10 10 0 0 0 0 0 0 1224 119 119 0 1800 576 457 0 457 0 0 0 48325183 51018 0 16051 64198 46257 14297849 1650021 8607728 2553476476 2553476476 0 3464965044 0 68.307310 514 514 685162 514000 1705 1122 120 160000 250000 119 158627 121958 12 16000 25000 12 16000 25000 2934
1791391708994506 10 0 0 10 10 10 0 0 0 0 0 0 1223 119 119 0 1800 577 458 0 458 0 0 0 48356171 51120 0 16067 64331 46284 14298045 1650089 8634434 2566383035 2566383035 0 3466517989 0 68.294034 533 533 710489 533000 2092 1218 120 160000 250000 119 158627 121965 12 16000 25000 12 16000 25000 2943
1791391709037014 10 0 0 10 10 10 0 0 0 0 0 0 1222 119 118 1 1800 578 459 0 459 0 0 0 48387298 51223 0 16088 64483 46310 14308987 1650216 8661145 2591840182 2579168285 0 3468025451 0 68.279682 546 546 727818 546000 2171 1312 120 160000 250000 118 157294 121981 12 16000 25000 12 16000 25000 2959
1791391709037262 10 0 0 10 10 10 0 0 0 0 0 0 1222 118 118 0 1800 578 460 0 460 0 0 0 48387298 51302 0 16106 64483 46318 14308990 1650356 8661145 2591840182 2591840182 0 3468025451 0 68.279570 556 556 741148 556000 2103 1390 120 160000 250000 118 157294 120980 12 16000 25000 12 16000 25000 2957
1791391709052575 10 0 0 10 10 10 0 0 0 0 0 0 1220 119 119 0 1800 580 461 0 461 0 0 0 48402334 51383 0 16120 64587 46330 14309007 1650399 8671709 2604595575 2604595575 0 3471134897 0 68.319469 570 570 759810 570000 2823 1531 120 160000 250000 119 158627 121992 12 16000 25000 12 16000 25000 2967
1791391709078641 10 0 0 10 10 10 0 0 0 0 0 0 1219 119 119 0 1800 581 462 0 462 0 0 0 48428061 51472 0 16136 64681 46353 14309035 1650479 8694782 2616760456 2616760456 0 3472360757 0 68.307202 1107 1107 1475631 1107000 2646 1640 120 160000 250000 119 158627 121999 12 16000 25000 12 16000 25000 2975
1791391709095903 10 0 0 10 10 10 0 0 0 0 0 0 1218 119 119 0 1800 582 463 0 463 0 0 0 48445002 51557 0 16150 64766 46373 14309054 1650570 8709437 2622303862 2622303862 0 3473921145 0 68.313906 1122 1122 1495626 1122000 1672 1644 120 160000 250000 119 158627 122008 12 16000 25000 12 16000 25000 2983
1791391709122015 10 0 0 10 10 10 0 0 0 0 0 0 1217 119 119 0 1800 583 464 0 464 0 0 0 48470777 51640 0 16165 64871 46393 14309085 1650647 8732593 2623649302 2623649302 0 3475484167 0 68.308221 1122 1122 1495626 1122000 1280 1609 120 160000 250000 119 158627 122009 12 16000 25000 12 16000 25000 2984
1791391709155368 10 0 0 10 10 10 0 0 0 0 0 0 1216 119 119 0 1800 584 465 0 465 0 0 0 48501662 51743 0 16180 64992 46420 14311183 1650741 8759417 2636697389 2636697389 0 3477002543 0 68.294449 1112 1112 1482296 1112000 163 1469 120 160000 250000 119 158627 122017 12 16000 25000 12 16000 25000 2993
1791391709159934 10 0 0 10 10 10 0 0 0 0 0 0 1215 119 119 0 1800 585 466 0 466 0 0 0 48505908 51821 0 16193 65070 46427 14311190 1650870 8761571 2649605246 2649605246 0 3478529306 0 68.318353 1135 1135 1512955 1135000 2194 1541 120 160000 250000 119 158627 122026 12 16000 25000 12 16000 25000 3001
1791391709198763 10 0 0 10 10 10 0 0 0 0 0 0 1214 119 119 0 1800 586 467 0 467 0 0 0 48536748 51921 0 16209 65203 46459 14318831 1650928 8788186 2662501811 2662501811 0 3480093243 0 68.305546 1143 1143 1523619 1143000 1597 1547 120 160000 250000 119 158627 122034 12 16000 25000 12 16000 25000 3009
1791391709205355 10 0 0 10 10 10 0 0 0 0 0 0 1213 119 119 0 1800 587 468 0 468 0 0 0 48543011 52001 0 16223 65285 46470 14318840 1651054 8792404 2669273291 2669273291 0 3481598623 0 68.326173 1182 1182 1575606 1182000 2278 1619 120 160000 250000 119 158627 122041 12 16000 25000 12 16000 25000 3017
1791391709209393 10 0 0 10 10 10 0 0 0 0 0 0 1212 119 119 0 1800 588 469 0 469 0 0 0 48546808 52077 0 16235 65355 46478 14318847 1651115 8794495 2682172049 2682172049 0 3483110793 0 68.350402 1188 1188 1583604 1188000 1391 1598 120 160000 250000 119 158627 122050 12 16000 25000 12 16000 25000 3025
1791391709366276 10 0 0 10 10 10 0 0 0 0 0 0 1211 119 119 0 1800 589 470 0 470 0 0 0 48577456 52190 0 16250 65478 46506 14444740 1651165 8820972 2694320580 2694320580 0 3484674379 0 68.337829 1229 1229 1638257 1229000 3097 1745 120 160000 250000 119 158627 122058 12 16000 25000 12 16000 25000 3033
1791391709378300 10 0 0 10 10 10 0 0 0 0 0 0 1210 119 119 0 1800 590 471 0 471 0 0 0 48588205 52275 0 16264 66504 46517 14444755 1651282 8829406 2707348401 2707348401 0 3486187519 0 68.352276 1219 1219 1624927 1219000 853 1659 120 160000 250000 119 158627 122064 12 16000 25000 12 16000 25000 3042
1791391709402203 10 0 0 10 10 10 0 0 0 0 0 0 1209 119 119 0 1800 591 472 0 472 0 0 0 48611766 52361 0 16278 66611 46542 14444782 1651355 8850115 2709942930 2709942930 0 3487810555 0 68.350869 1245 1245 1659585 1245000 1848 1678 120 160000 250000 119 158627 122067 12 16000 25000 12 16000 25000 3045
1791391709406457 10 0 0 10 10 10 0 0 0 0 0 0 1208 119 119 0 1800 592 473 0 473 0 0 0 48615733 52444 0 16297 66686 46550 14444788 1651445 8852237 2722941894 2722941894 0 3489362104 0 68.375584 1229 1229 1638257 1229000 349 1549 120 160000 250000 119 158627 122075 12 16000 25000 12 16000 25000 3053
1791391709529834 10 0 0 10 10 10 0 0 0 0 0 0 1207 119 119 0 1800 593 474 0 474 0 0 0 48646916 52544 0 16314 66833 46574 14536632 1651501 8878918 2729451674 2729451674 0 3490927540 0 68.362317 1241 1241 1654253 1241000 1894 1584 120 160000 250000 119 158627 122082 12 16000 25000 12 16000 25000 3061
1791391709630119 10 0 0 10 10 10 0 0 0 0 0 0 1206 119 119 0 1800 594 475 0 475 0 0 0 48677927 52648 0 16330 66951 46601 14605509 1651624 8905538 2731996581 2731996581 0 3492491908 0 68.349282 1252 1252 1668916 1252000 963 1524 120 160000 250000 119 158627 122085 12 16000 25000 12 16000 25000 3064
1791391709630448 10 0 0 10 10 10 0 0 0 0 0 0 1206 118 118 0 1800 594 476 0 476 0 0 0 48677927 52724 0 16344 67014 46608 14605513 1651783 8905538 2738788667 2738788667 0 3492491908 0 68.349176 1238 1238 1650254 1238000 392 1415 120 160000 250000 118 157294 121090 12 16000 25000 12 16000 25000 3071
1791391709677064 10 0 0 10 10 10 0 0 0 0 0 0 1204 119 119 0 1800 596 477 0 477 0 0 0 48710703 52831 0 16360 67153 46632 14619017 1651828 8932366 2744334001 2744334001 0 3495321757 0 68.358429 1226 1226 1634258 1226000 546 1331 120 160000 250000 119 158627 122100 12 16000 25000 12 16000 25000 3079
1791391709701394 10 0 0 10 10 10 0 0 0 0 0 0 1203 119 119 0 1800 597 478 0 478 0 0 0 48734636 52923 0 16374 67244 46663 14619044 1651956 8953478 2757511833 2757511833 0 3496883004 0 68.355285 1223 1223 1630259 1223000 721 1272 120 160000 250000 119 158627 122107 12 16000 25000 12 16000 25000 3087
1791391709707837 10 0 0 10 10 10 0 0 0 0 0 0 1202 119 119 0 1800 598 479 0 479 0 0 0 48740768 53003 0 16387 67326 46672 14619052 1652069 8957738 2763009846 2763009846 0 3498430893 0 68.376836 1267 1267 1688911 1267000 3273 1468 120 160000 250000 119 158627 122115 12 16000 25000 12 16000 25000 3095
1791391709815619 10 0 0 10 10 10 0 0 0 0 0 0 1201 119 119 0 1800 599 480 0 480 0 0 0 48771202 53100 0 16403 67448 46696 14696073 1652128 8984178 2769770825 2769770825 0 3499705811 0 68.358981 1273 1273 1696909 1273000 1311 1454 120 160000 250000 119 158627 122123 12 16000 25000 12 16000 25000 3103
1791391709831587 10 0 0 10 10 10 0 0 0 0 0 0 1200 119 119 0 1800 600 481 0 481 0 0 0 48786804 53183 0 16418 67541 46710 14696091 1652263 8996839 2776420439 2776420439 0 3501222751 0 68.366648 1267 1267 1688911 1267000 1020 1413 120 160000 250000 119 158627 122131 12 16000 25000 12 16000 25000 3111
1791391709850916 10 0 0 10 10 10 0 0 0 0 0 0 1199 119 119 0 1800 601 482 0 482 0 0 0 48805820 53266 0 16431 67630 46727 14696113 1652342 9013720 2783014404 2783014404 0 3502490899 0 68.364677 1240 1240 1652920 1240000 778 1352 120 160000 250000 119 158627 122139 12 16000 25000 12 16000 25000 3119
1791391709855259 10 0 0 10 10 10 0 0 0 0 0 0 1198 119 118 1 1800 602 483 0 483 0 0 0 48809848 53345 0 16444 67758 46734 14696120 1652417 9015846 2801880528 2788585354 0 3504035535 0 68.389078 1245 1245 1659585 1245000 1172 1335 120 160000 250000 119 158627 122157 12 16000 25000 12 16000 25000 3135
1791391709855423 10 0 0 10 10 10 0 0 0 0 0 0 1198 118 118 0 1800 602 484 0 484 0 0 0 48809848 53427 0 16465 67758 46742 14696124 1652471 9015846 2801880528 2801880528 0 3504035535 0 68.388963 1203 1203 1603599 1203000 512 1255 120 160000 250000 118 157294 121152 12 16000 25000 12 16000 25000 3134
1791391709913500 10 0 0 10 10 10 0 0 0 0 0 0 1196 119 119 0 1800 604 485 0 485 0 0 0 48842301 53527 0 16481 67903 46770 14721408 1652515 9042454 2802687031 2802687031 0 3507197371 0 68.405101 1236 1236 1647588 1236000 1917 1321 120 160000 250000 119 158627 122156 12 16000 25000 12 16000 25000 3136
1791391709921960 10 0 0 10 10 10 0 0 0 0 0 0 1195 119 119 0 1800 605 486 0 486 0 0 0 48850412 53609 0 16495 67959 46783 14721419 1652681 9048796 2815912404 2815912404 0 3508710353 0 68.423146 1206 1206 1607598 1206000 75 1200 120 160000 250000 119 158627 122162 12 16000 25000 12 16000 25000 3144
1791391710003686 10 0 0 10 10 10 0 0 0 0 0 0 1194 119 118 1 1800 606 487 0 487 0 0 0 48880890 53723 0 16510 68153 46813 14772187 1652791 9075141 2831228912 2824498423 0 3510270374 0 68.410773 1241 1241 1654253 1241000 2308 1309 120 160000 250000 119 158627 122182 12 16000 25000 12 16000 25000 3160
1791391710003926 10 0 0 10 10 10 0 0 0 0 0 0 1194 118 118 0 1800 606 488 0 488 0 0 0 48880890 53802 0 16527 68153 46820 14772190 1652922 9075141 2831228912 2831228912 0 3510270374 0 68.410663 1276 1276 1700908 1276000 2285 1405 120 160000 250000 118 157294 121177 12 16000 25000 12 16000 25000 3158
1791391710012460 10 0 0 10 10 10 0 0 0 0 0 0 1192 119 119 0 1800 608 489 0 489 0 0 0 48889166 53880 0 16540 68254 46829 14772202 1652962 9079492 2837862700 2837862700 0 3513373774 0 68.459457 1254 1254 1671582 1254000 959 1362 120 160000 250000 119 158627 122188 12 16000 25000 12 16000 25000 3168
1791391710036766 10 0 0 10 10 10 0 0 0 0 0 0 1191 119 119 0 1800 609 490 0 490 0 0 0 48913163 53965 0 16555 68341 46852 14772229 1653027 9100718 2842289969 2842289969 0 3514901176 0 68.455536 1263 1263 1683579 1263000 1374 1364 120 160000 250000 119 158627 122196 12 16000 25000 12 16000 25000 3175
1791391710079133 10 0 0 10 10 10 0 0 0 0 0 0 1190 119 119 0 1800 610 491 0 491 0 0 0 48943767 54070 0 16569 68464 46880 14783634 1653106 9127134 2849092198 2849092198 0 3516428388 0 68.442357 1275 1275 1699575 1275000 1297 1358 120 160000 250000 119 158627 122204 12 16000 25000 12 16000 25000 3183
1791391710127042 10 0 0 10 10 10 0 0 0 0 0 0 1189 119 119 0 1800 611 492 0 492 0 0 0 48974822 54169 0 16584 68602 46907 14800075 1653229 9153619 2855844344 2855844344 0 3518006115 0 68.429556 1273 1273 1696909 1273000 1043 1328 120 160000 250000 119 158627 122213 12 16000 25000 12 16000 25000 3191
1791391710135916 10 0 0 10 10 10 0 0 0 0 0 0 1188 119 119 0 1800 612 493 0 493 0 0 0 48983353 54254 0 16597 68679 46920 14800087 1653364 9160049 2861299226 2861299226 0 3519536409 0 68.447294 1246 1246 1660918 1246000 927 1289 120 160000 250000 119 158627 122220 12 16000 25000 12 16000 25000 3198
1791391710149355 10 0 0 10 10 10 0 0 0 0 0 0 1187 119 119 0 1800 613 494 0 494 0 0 0 48996508 54333 0 16610 68761 46938 14800103 1653431 9170618 2867896674 2867896674 0 3521086634 0 68.458967 1234 1234 1644922 1234000 875 1250 120 160000 250000 119 158627 122227 12 16000 25000 12 16000 25000 3206
1791391710164238 10 0 0 10 10 10 0 0 0 0 0 0 1186 119 119 0 1800 614 495 0 495 0 0 0 49011103 54422 0 16623 68845 46953 14800119 1653495 9183267 2874735748 2874735748 0 3522612298 0 68.468133 1230 1230 1639590 1230000 1195 1246 120 160000 250000 119 158627 122236 12 16000 25000 12 16000 25000 3215
1791391710231002 10 0 0 10 10 10 0 0 0 0 0 0 1185 119 119 0 1800 615 496 0 496 0 0 0 49041157 54521 0 16637 69004 46982 14836430 1653585 9209288 2876004725 2876004725 0 3524134160 0 68.455644 1240 1240 1652920 1240000 923 1215 120 160000 250000 119 158627 122237 12 16000 25000 12 16000 25000 3215
1791391710285870 10 0 0 10 10 10 0 0 0 0 0 0 1184 119 119 0 1800 616 497 0 497 0 0 0 49071597 54615 0 16652 69120 47007 14860457 1653725 9235354 2882797577 2882797577 0 3525642425 0 68.442375 1207 1207 1608931 1207000 207 1118 120 160000 250000 119 158627 122245 12 16000 25000 12 16000 25000 3223
1791391710343797 10 0 0 10 10 10 0 0 0 0 0 0 1183 119 119 0 1800 617 498 0 498 0 0 0 49102285 54728 0 16668 69237 47035 14887250 1653884 9261710 2888271142 2888271142 0 3527195146 0 68.429614 1204 1204 1604932 1204000 1034 1110 120 160000 250000 119 158627 122253 12 16000 25000 12 16000 25000 3231
1791391710369306 10 0 0 10 10 10 0 0 0 0 0 0 1182 119 119 0 1800 618 499 0 499 0 0 0 49127418 54816 0 16683 69330 47054 14887276 1654011 9282700 2895336784 2895336784 0 3528717874 0 68.424049 1210 1210 1612930 1210000 1043 1104 120 160000 250000 119 158627 122262 12 16000 25000 12 16000 25000 3239
1791391710482192 10 0 0 10 10 10 0 0 0 0 0 0 1181 119 119 0 1800 619 500 0 500 0 0 0 49157755 54917 0 16699 69470 47080 14969427 1654111 9308842 2907839493 2907839493 0 3530285437 0 68.412106 1211 1211 1614263 1211000 1344 1128 120 160000 250000 119 158627 122269 12 16000 25000 12 16000 25000 3248
1791391710486569 10 0 0 10 10 10 0 0 0 0 0 0 1180 119 119 0 1800 620 501 0 501 0 0 0 49161816 54997 0 16712 69540 47089 14969433 1654240 9310992 2914442328 2914442328 0 3531875174 0 68.437155 1230 1230 1639590 1230000 2050 1219 120 160000 250000 119 158627 122277 12 16000 25000 12 16000 25000 3256
1791391710495141 10 0 0 10 10 10 0 0 0 0 0 0 1179 119 119 0 1800 621 502 0 502 0 0 0 49170118 55079 0 16725 69622 47107 14969445 1654296 9317368 2921017167 2921017167 0 3533143830 0 68.450077 1252 1252 1668916 1252000 935 1192 120 160000 250000 119 158627 122285 12 16000 25000 12 16000 25000 3263
1791391710501559 10 0 0 10 10 10 0 0 0 0 0 0 1178 119 119 0 1800 622 503 0 503 0 0 0 49176302 55157 0 16738 69691 47120 14969451 1654348 9319467 2932439901 2932439901 0 3534705177 0 68.471616 1251 1251 1667583 1251000 1022 1176 120 160000 250000 119 158627 122293 12 16000 25000 12 16000 25000 3272
1791391710546621 10 0 0 10 10 10 0 0 0 0 0 0 1177 119 119 0 1800 623 504 0 504 0 0 0 49206219 55256 0 16753 69834 47144 14984263 1654395 9345386 2939109877 2939109877 0 3536231111 0 68.459436 1270 1270 1692910 1270000 2162 1273 120 160000 250000 119 158627 122301 12 16000 25000 12 16000 25000 3280
1791391710589502 10 0 0 10 10 10 0 0 0 0 0 0 1176 119 119 0 1800 624 505 0 505 0 0 0 49238972 55356 0 16770 69952 47175 14993990 1654522 9371109 2939657078 2939657078 0 3537750732 0 68.443209 1272 1272 1695576 1272000 1003 1248 120 160000 250000 119 158627 122301 12 16000 25000 12 16000 25000 3280
1791391710827276 10 0 0 10 10 10 0 0 0 0 0 0 1175 119 119 0 1800 625 506 0 506 0 0 0 49269294 55460 0 16789 70088 47202 15201010 1654663 9396900 2940474291 2940474291 0 3539312929 0 68.431195 1245 1245 1659585 1245000 103 1137 120 160000 250000 119 158627 122301 12 16000 25000 12 16000 25000 3280
1791391710840911 10 0 0 10 10 10 0 0 0 0 0 0 1174 119 119 0 1800 626 507 0 507 0 0 0 49282560 55543 0 16802 70176 47214 15201026 1654810 9407366 2941676805 2941676805 0 3540828482 0 68.441974 1208 1208 1610264 1208000 137 1040 120 160000 250000 119 158627 122302 12 16000 25000 12 16000 25000 3281
1791391710857847 10 0 0 10 10 10 0 0 0 0 0 0 1173 119 119 0 1800 627 508 0 508 0 0 0 49299200 55623 0 16816 70256 47233 15201046 1654888 9421848 2943405953 2943405953 0 3542343990 0 68.448072 1171 1171 1560943 1171000 197 958 120 160000 250000 119 158627 122304 12 16000 25000 12 16000 25000 3283
1791391710894442 10 0 0 10 10 10 0 0 0 0 0 0 1172 119 119 0 1800 628 509 0 509 0 0 0 49329253 55726 0 16831 70392 47261 15207221 1654963 9447485 2949064525 2949064525 0 3543861306 0 68.435577 1135 1135 1512955 1135000 268 892 120 160000 250000 119 158627 122313 12 16000 25000 12 16000 25000 3292
1791391710987553 10 0 0 10 10 10 0 0 0 0 0 0 1171 119 119 0 1800 629 510 0 510 0 0 0 49359283 55828 0 16848 70524 47288 15269889 1655093 9473037 2950344372 2950344372 0 3545425120 0 68.424027 1111 1111 1480963 1111000 1136 917 120 160000 250000 119 158627 122314 12 16000 25000 12 16000 25000 3292
1791391711092618 10 0 0 10 10 10 0 0 0 0 0 0 1170 119 119 0 1800 630 511 0 511 0 0 0 49390067 55927 0 16863 70651 47317 15343761 1655222 9498705 2955930004 2955930004 0 3546980158 0 68.411283 1071 1071 1427643 1071000 212 849 120 160000 250000 119 158627 122322 12 16000 25000 12 16000 25000 3300
1791391711099005 10 0 0 10 10 10 0 0 0 0 0 0 1169 119 119 0 1800 631 512 0 512 0 0 0 49396110 56008 0 16876 70727 47328 15343770 1655368 9502951 2961528553 2961528553 0 3548492694 0 68.431980 1059 1059 1411647 1059000 1147 879 120 160000 250000 119 158627 122331 12 16000 25000 12 16000 25000 3309
1791391711107486 10 0 0 10 10 10 0 0 0 0 0 0 1168 119 119 0 1800 632 513 0 513 0 0 0 49404316 56092 0 16890 70808 47339 15343782 1655436 9509297 2968248433 2968248433 0 3550067215 0 68.450869 1058 1058 1410314 1058000 1163 908 120 160000 250000 119 158627 122340 12 16000 25000 12 16000 25000 3317
1791391711166433 10 0 0 10 10 10 0 0 0 0 0 0 1167 119 119 0 1800 633 514 0 514 0 0 0 49435664 56187 0 16905 70940 47365 15371042 1655492 9534954 2969395820 2969395820 0 3551586516 0 68.436657 1085 1085 1446305 1085000 1302 947 120 160000 250000 119 158627 122341 12 16000 25000 12 16000 25000 3318
1791391711219374 10 0 0 10 10 10 0 0 0 0 0 0 1166 119 119 0 1800 634 515 0 515 0 0 0 49465638 56288 0 16920 71058 47396 15393601 1655629 9560529 2971692183 2971692183 0 3553112447 0 68.424481 1046 1046 1394318 1046000 180 873 120 160000 250000 119 158627 122343 12 16000 25000 12 16000 25000 3320
1791391711243578 10 0 0 10 10 10 0 0 0 0 0 0 1165 119 119 0 1800 635 516 0 516 0 0 0 49489449 56380 0 16934 71149 47422 15393628 1655761 9581440 2974391957 2974391957 0 3554678267 0 68.421610 1015 1015 1352995 1015000 310 819 120 160000 250000 119 158627 122347 12 16000 25000 12 16000 25000 3323
1791391711247720 10 0 0 10 10 10 0 0 0 0 0 0 1164 119 119 0 1800 636 517 0 517 0 0 0 49493287 56463 0 16951 71219 47430 15393634 1655879 9583559 2984561216 2984561216 0 3556201105 0 68.445505 980 980 1306340 980000 413 780 120 160000 250000 119 158627 122355 12 16000 25000 12 16000 25000 3332
1791391711258361 10 0 0 10 10 10 0 0 0 0 0 0 1163 119 119 0 1800 637 518 0 518 0 0 0 49503666 56542 0 16964 71299 47444 15393649 1655934 9592022 2985224972 2985224972 0 3557771741 0 68.461285 988 988 1317004 988000 1783 879 120 160000 250000 119 158627 122355 12 16000 25000 12 16000 25000 3332
1791391711360957 10 0 0 10 10 10 0 0 0 0 0 0 1162 119 119 0 1800 638 519 0 519 0 0 0 49533547 56644 0 16979 71431 47468 15465992 1656026 9617793 2990756445 2990756445 0 3559328472 0 68.449830 948 948 1263684 948000 138 807 120 160000 250000 119 158627 122363 12 16000 25000 12 16000 25000 3340
1791391711412199 10 0 0 10 10 10 0 0 0 0 0 0 1161 119 119 0 1800 639 520 0 520 0 0 0 49563835 56749 0 16994 71558 47507 15486486 1656187 9643657 2997407526 2997407526 0 3560899006 0 68.438089 897 897 1195701 897000 222 751 120 160000 250000 119 158627 122372 12 16000 25000 12 16000 25000 3349
1791391711488903 10 0 0 10 10 10 0 0 0 0 0 0 1160 119 119 0 1800 640 521 0 521 0 0 0 49594001 56853 0 17010 71693 47533 15532604 1656318 9669487 3004372436 3004372436 0 3562408597 0 68.425360 879 879 1171707 879000 1015 778 120 160000 250000 119 158627 122379 12 16000 25000 12 16000 25000 3357
1791391711506686 10 0 0 10 10 10 0 0 0 0 0 0 1159 119 119 0 1800 641 522 0 522 0 0 0 49611418 56935 0 17023 71786 47552 15532623 1656450 9684295 3008812438 3008812438 0 3563657436 0 68.425232 889 889 1185037 889000 798 780 120 160000 250000 119 158627 122386 12 16000 25000 12 16000 25000 3363
1791391711506922 10 0 0 10 10 10 0 0 0 0 0 0 1159 118 118 0 1800 641 523 0 523 0 0 0 49611418 57007 0 17035 71835 47559 15532626 1656537 9684295 3014329955 3014329955 0 3563657436 0 68.425133 871 871 1161043 871000 1205 823 120 160000 250000 118 157294 121393 12 16000 25000 12 16000 25000 3370
1791391711565737 10 0 0 10 10 10 0 0 0 0 0 0 1157 119 119 0 1800 643 524 0 524 0 0 0 49643178 57117 0 17051 71979 47587 15559332 1656580 9710000 3019933772 3019933772 0 3566738683 0 68.440380 879 879 1171707 879000 2013 940 120 160000 250000 119 158627 122402 12 16000 25000 12 16000 25000 3380
1791391711665499 10 0 0 10 10 10 0 0 0 0 0 0 1156 119 119 0 1800 644 525 0 525 0 0 0 49673035 57218 0 17067 72113 47609 15628823 1656713 9735397 3025566230 3025566230 0 3568297469 0 68.429044 892 892 1189036 892000 1109 957 120 160000 250000 119 158627 122411 12 16000 25000 12 16000 25000 3388
1791391711777292 10 0 0 10 10 10 0 0 0 0 0 0 1155 119 119 0 1800 645 526 0 526 0 0 0 49702903 57328 0 17083 72250 47637 15710302 1656857 9760769 3031171288 3031171288 0 3569846755 0 68.417511 909 909 1211697 909000 1088 971 120 160000 250000 119 158627 122417 12 16000 25000 12 16000 25000 3394
1791391711818698 10 0 0 10 10 10 0 0 0 0 0 0 1154 119 119 0 1800 646 527 0 527 0 0 0 49742186 57426 0 17098 72368 47665 15712026 1656988 9786007 3036683674 3036683674 0 3571414049 0 68.393421 915 915 1219695 915000 995 975 120 160000 250000 119 158627 122425 12 16000 25000 12 16000 25000 3403
1791391711852355 10 0 0 10 10 10 0 0 0 0 0 0 1153 119 119 0 1800 647 528 0 528 0 0 0 49771680 57537 0 17113 72481 47696 15715769 1657122 9811223 3037438208 3037438208 0 3572932956 0 68.381857 888 888 1183704 888000 1100 988 120 160000 250000 119 158627 122426 12 16000 25000 12 16000 25000 3403
1791391711891170 10 0 0 10 10 10 0 0 0 0 0 0 1152 119 119 0 1800 648 529 0 529 0 0 0 49801033 57639 0 17132 72625 47717 15724781 1657282 9836462 3042832194 3042832194 0 3574494928 0 68.371336 871 871 1161043 871000 154 908 120 160000 250000 119 158627 122434 12 16000 25000 12 16000 25000 3411
1791391711910922 10 0 0 10 10 10 0 0 0 0 0 0 1151 119 119 0 1800 649 530 0 530 0 0 0 49820423 57720 0 17146 72708 47738 15724802 1657415 9853226 3048283969 3048283969 0 3576055833 0 68.374490 870 870 1159710 870000 1024 920 120 160000 250000 119 158627 122442 12 16000 25000 12 16000 25000 3419
1791391711932577 10 0 0 10 10 10 0 0 0 0 0 0 1150 119 119 0 1800 650 531 0 531 0 0 0 49841747 57805 0 17159 72790 47759 15724825 1657508 9872088 3049318697 3049318697 0 3577564667 0 68.373991 882 882 1175706 882000 1789 1006 120 160000 250000 119 158627 122443 12 16000 25000 12 16000 25000 3420
1791391712091110 10 0 0 10 10 10 0 0 0 0 0 0 1149 119 119 0 1800 651 532 0 532 0 0 0 49871325 57917 0 17179 72909 47787 15853412 1657595 9897484 3055960701 3055960701 0 3579122584 0 68.363090 871 871 1161043 871000 329 941 120 160000 250000 119 158627 122450 12 16000 25000 12 16000 25000 3428
1791391712106391 10 0 0 10 10 10 0 0 0 0 0 0 1148 119 119 0 1800 652 533 0 533 0 0 0 49886248 57998 0 17192 72995 47801 15853430 1657730 9910065 3061399539 3061399539 0 3580391269 0 68.366778 890 890 1186370 890000 1159 963 120 160000 250000 119 158627 122456 12 16000 25000 12 16000 25000 3435
1791391712192186 10 0 0 10 10 10 0 0 0 0 0 0 1147 119 119 0 1800 653 534 0 534 0 0 0 49915390 58122 0 17207 73117 47829 15909705 1657808 9935162 3062757767 3062757767 0 3581901201 0 68.355556 865 865 1153045 865000 869 955 120 160000 250000 119 158627 122457 12 16000 25000 12 16000 25000 3436
1791391712204074 10 0 0 10 10 10 0 0 0 0 0 0 1146 119 119 0 1800 654 535 0 535 0 0 0 49926933 58204 0 17219 73197 47849 15909718 1657932 9943631 3064114583 3064114583 0 3583420694 0 68.368649 880 880 1173040 880000 213 883 120 160000 250000 119 158627 122459 12 16000 25000 12 16000 25000 3438
1791391712252113 10 0 0 10 10 10 0 0 0 0 0 0 1145 119 119 0 1800 655 536 0 536 0 0 0 49956378 58316 0 17234 73327 47880 15927943 1658005 9969048 3066231836 3066231836 0 3584974419 0 68.357872 839 839 1118387 839000 222 819 120 160000 250000 119 158627 122462 12 16000 25000 12 16000 25000 3440
1791391712306374 10 0 0 10 10 10 0 0 0 0 0 0 1144 119 119 0 1800 656 537 0 537 0 0 0 49985963 58425 0 17256 73486 47905 15952181 1658128 9994330 3072923097 3072923097 0 3586492791 0 68.346246 807 807 1075731 807000 282 768 120 160000 250000 119 158627 122470 12 16000 25000 12 16000 25000 3448
1791391712377708 10 0 0 10 10 10 0 0 0 0 0 0 1143 119 119 0 1800 657 538 0 538 0 0 0 50015670 58524 0 17271 73605 47932 15993376 1658288 10019757 3078424367 3078424367 0 3587737827 0 68.329276 806 806 1074398 806000 898 782 120 160000 250000 119 158627 122478 12 16000 25000 12 16000 25000 3456
1791391712412401 10 0 0 10 10 10 0 0 0 0 0 0 1142 119 119 0 1800 658 539 0 539 0 0 0 50045568 58629 0 17292 73734 47957 15997758 1658418 10045057 3083971150 3083971150 0 3589002542 0 68.312432 802 802 1069066 802000 1140 817 120 160000 250000 119 158627 122486 12 16000 25000 12 16000 25000 3464
1791391712427829 10 0 0 10 10 10 0 0 0 0 0 0 1141 119 119 0 1800 659 540 0 540 0 0 0 50060636 58711 0 17307 73823 47968 15997773 1658553 10057646 3090593814 3090593814 0 3590569546 0 68.321600 801 801 1067733 801000 1074 843 120 160000 250000 119 158627 122493 12 16000 25000 12 16000 25000 3472
1791391712507933 10 0 0 10 10 10 0 0 0 0 0 0 1140 119 119 0 1800 660 541 0 541 0 0 0 50091344 58821 0 17321 73955 47994 16046791 1658639 10082861 3094511665 3094511665 0 3592063962 0 68.308033 714 714 951762 714000 154 777 120 160000 250000 119 158627 122498 12 16000 25000 12 16000 25000 3475
1791391712514436 10 0 0 10 10 10 0 0 0 0 0 0 1139 119 118 1 1800 661 542 0 542 0 0 0 50097444 58902 0 17334 74099 48004 16046800 1658776 10087162 3101796846 3095124411 0 3593560434 0 68.328069 708 708 943764 708000 633 764 120 160000 250000 119 158627 122509 12 16000 25000 12 16000 25000 3483
1791391712514641 10 0 0 10 10 10 0 0 0 0 0 0 1139 118 118 0 1800 661 543 0 543 0 0 0 50097444 58980 0 17351 74100 48012 16046803 1658875 10087162 3101796846 3101796846 0 3593560434 0 68.327963 685 685 913105 685000 60 696 120 160000 250000 118 157294 121504 12 16000 25000 12 16000 25000 3482
1791391712555173 10 0 0 10 10 10 0 0 0 0 0 0 1137 119 119 0 1800 663 544 0 544 0 0 0 50127879 59085 0 17372 74255 48040 16056533 1658931 10112129 3103125452 3103125452 0 3596562959 0 68.343439 685 685 913105 685000 1205 747 120 160000 250000 119 158627 122509 12 16000 25000 12 16000 25000 3485
1791391712601161 10 0 0 10 10 10 0 0 0 0 0 0 1136 119 119 0 1800 664 545 0 545 0 0 0 50157176 59191 0 17387 74384 48065 16072784 1659088 10137100 3108723396 3108723396 0 3597775949 0 68.326459 670 670 893110 670000 193 694 120 160000 250000 119 158627 122516 12 16000 25000 12 16000 25000 3493
1791391712614404 10 0 0 10 10 10 0 0 0 0 0 0 1135 119 119 0 1800 665 546 0 546 0 0 0 50170035 59277 0 17401 74468 48080 16072799 1659251 10147743 3115348432 3115348432 0 3599277880 0 68.337366 666 666 887778 666000 380 665 120 160000 250000 119 158627 122524 12 16000 25000 12 16000 25000 3501
1791391712733990 10 0 0 10 10 10 0 0 0 0 0 0 1134 119 119 0 1800 666 547 0 547 0 0 0 50199082 59374 0 17416 74601 48107 16162982 1659326 10172894 3120788691 3120788691 0 3600772468 0 68.326099 665 665 886445 665000 983 697 120 160000 250000 119 158627 122531 12 16000 25000 12 16000 25000 3507
1791391712768339 10 0 0 10 10 10 0 0 0 0 0 0 1133 119 119 0 1800 667 548 0 548 0 0 0 50228518 59474 0 17431 74736 48127 16167476 1659461 10198091 3131696856 3131696856 0 3601990254 0 68.309063 663 663 883779 663000 830 711 120 160000 250000 119 158627 122539 12 16000 25000 12 16000 25000 3515
1791391712924097 10 0 0 10 10 10 0 0 0 0 0 0 1132 119 119 0 1800 668 549 0 549 0 0 0 50258022 59579 0 17446 74865 48155 16293304 1659600 10223396 3137245800 3137245800 0 3603493556 0 68.297359 673 673 897109 673000 1871 825 120 160000 250000 119 158627 122548 12 16000 25000 12 16000 25000 3523
1791391712936506 10 0 0 10 10 10 0 0 0 0 0 0 1131 119 118 1 1800 669 550 0 550 0 0 0 50270015 59665 0 17462 75006 48169 16293318 1659739 10231888 3153758276 3149984137 0 3604994952 0 68.309417 655 655 873115 655000 1135 856 120 160000 250000 119 158627 122561 12 16000 25000 12 16000 25000 3534
1791391712936691 10 0 0 10 10 10 0 0 0 0 0 0 1131 118 118 0 1800 669 551 0 551 0 0 0 50270015 59742 0 17478 75006 48182 16293321 1659812 10231888 3153758276 3153758276 0 3604994952 0 68.309312 674 674 898442 674000 2060 975 120 160000 250000 118 157294 121556 12 16000 25000 12 16000 25000 3532
1791391712987482 10 0 0 10 10 10 0 0 0 0 0 0 1129 119 119 0 1800 671 552 0 552 0 0 0 50303495 59845 0 17498 75152 48209 16310290 1659854 10257106 3154533923 3154533923 0 3607975516 0 68.320202 665 665 886445 665000 545 934 120 160000 250000 119 158627 122561 12 16000 25000 12 16000 25000 3534
1791391713000805 10 0 0 10 10 10 0 0 0 0 0 0 1128 119 119 0 1800 672 553 0 553 0 0 0 50316425 59934 0 17512 75234 48224 16310306 1660025 10267770 3157028403 3157028403 0 3609474339 0 68.330920 631 631 841123 631000 103 854 120 160000 250000 119 158627 122562 12 16000 25000 12 16000 25000 3536
1791391713168648 10 0 0 10 10 10 0 0 0 0 0 0 1127 119 119 0 1800 673 554 0 554 0 0 0 50346630 60034 0 17528 75364 48249 16447584 1660106 10293086 3163627695 3163627695 0 3610971960 0 68.318173 623 623 830459 623000 546 825 120 160000 250000 119 158627 122570 12 16000 25000 12 16000 25000 3544
1791391713291661 10 0 0 10 10 10 0 0 0 0 0 0 1126 119 119 0 1800 674 555 0 555 0 0 0 50376278 60131 0 17543 75488 48277 16540467 1660313 10318226 3170231828 3170231828 0 3612199907 0 68.301101 638 638 850454 638000 1041 847 120 160000 250000 119 158627 122578 12 16000 25000 12 16000 25000 3552
1791391713321031 10 0 0 10 10 10 0 0 0 0 0 0 1125 119 119 0 1800 675 556 0 556 0 0 0 50405261 60220 0 17558 75570 48297 16540488 1660451 10334955 3175336133 3175336133 0 3613697638 0 68.290058 654 654 871782 654000 1021 865 120 160000 250000 119 158627 122580 12 16000 25000 12 16000 25000 3554
1791391713327455 10 0 0 10 10 10 0 0 0 0 0 0 1124 119 119 0 1800 676 557 0 557 0 0 0 50411348 60299 0 17572 75661 48307 16540497 1660578 10339178 3182105535 3182105535 0 3615188402 0 68.309884 666 666 887778 666000 902 869 120 160000 250000 119 158627 122588 12 16000 25000 12 16000 25000 3563
1791391713346877 10 0 0 10 10 10 0 0 0 0 0 0 1123 119 118 1 1800 677 558 0 558 0 0 0 50430410 60389 0 17585 75800 48327 16540521 1660646 10355774 3192286033 3191545791 0 3616685722 0 68.312254 681 681 907773 681000 1141 896 120 160000 250000 119 158627 122596 12 16000 25000 12 16000 25000 3570
1791391713347076 10 0 0 10 10 10 0 0 0 0 0 0 1123 118 118 0 1800 677 559 0 559 0 0 0 50430410 60466 0 17602 75800 48335 16540524 1660722 10355774 3192286033 3192286033 0 3616685722 0 68.312150 690 690 919770 690000 1603 966 120 160000 250000 118 157294 121591 12 16000 25000 12 16000 25000 3569
1791391713455504 10 0 0 10 10 10 0 0 0 0 0 0 1121 119 119 0 1800 679 560 0 560 0 0 0 50461212 60566 0 17617 75962 48367 16617787 1660769 10380530 3197432959 3197432959 0 3619408004 0 68.321753 690 690 919770 690000 138 886 120 160000 250000 119 158627 122602 12 16000 25000 12 16000 25000 3576
1791391713599252 10 0 0 10 10 10 0 0 0 0 0 0 1120 119 119 0 1800 680 561 0 561 0 0 0 50490271 60664 0 17632 76104 48396 16732010 1660941 10405374 3199917684 3199917684 0 3620921224 0 68.310894 685 685 913105 685000 755 874 120 160000 250000 119 158627 122605 12 16000 25000 12 16000 25000 3579
1791391713642191 10 0 0 10 10 10 0 0 0 0 0 0 1119 119 119 0 1800 681 562 0 562 0 0 0 50532822 60744 0 17647 76178 48414 16732017 1661130 10407546 3201282927 3201282927 0 3622427146 0 68.281720 672 672 895776 672000 363 802 120 160000 250000 119 158627 122607 12 16000 25000 12 16000 25000 3580
1791391713696242 10 0 0 10 10 10 0 0 0 0 0 0 1118 119 119 0 1800 682 563 0 563 0 0 0 50561868 60855 0 17674 76302 48442 16756663 1661199 10432333 3206911454 3206911454 0 3623919166 0 68.270500 623 623 830459 623000 56 730 120 160000 250000 119 158627 122615 12 16000 25000 12 16000 25000 3589
1791391713757250 10 0 0 10 10 10 0 0 0 0 0 0 1117 119 119 0 1800 683 564 0 564 0 0 0 50591121 60952 0 17689 76422 48467 16788032 1661322 10457175 3212621514 3212621514 0 3625423171 0 68.259259 637 637 849121 637000 1083 765 120 160000 250000 119 158627 122621 12 16000 25000 12 16000 25000 3595
1791391713854092 10 0 0 10 10 10 0 0 0 0 0 0 1116 119 119 0 1800 684 565 0 565 0 0 0 50620269 61060 0 17705 76543 48494 16855310 1661456 10481870 3218105439 3218105439 0 3626924441 0 68.248105 648 648 863784 648000 877 777 120 160000 250000 119 158627 122628 12 16000 25000 12 16000 25000 3602
1791391713881485 10 0 0 10 10 10 0 0 0 0 0 0 1115 119 119 0 1800 685 566 0 566 0 0 0 50647220 61156 0 17720 76673 48522 16855340 1661588 10504472 3229247595 3229247595 0 3628419366 0 68.239818 652 652 869116 652000 651 765 120 160000 250000 119 158627 122633 12 16000 25000 12 16000 25000 3609
1791391713892458 10 0 0 10 10 10 0 0 0 0 0 0 1114 119 119 0 1800 686 567 0 567 0 0 0 50657824 61236 0 17733 76756 48539 16855355 1661742 10512970 3237145582 3237145582 0 3629918842 0 68.253638 653 653 870449 653000 1678 855 120 160000 250000 119 158627 122642 12 16000 25000 12 16000 25000 3617
1791391713896352 10 0 0 10 10 10 0 0 0 0 0 0 1113 119 119 0 1800 687 568 0 568 0 0 0 50661439 61313 0 17745 76832 48547 16855362 1661835 10515088 3243844303 3243844303 0 3631422457 0 68.276941 670 670 893110 670000 1277 897 120 160000 250000 119 158627 122650 12 16000 25000 12 16000 25000 3625
1791391713923059 10 0 0 10 10 10 0 0 0 0 0 0 1112 119 119 0 1800 688 569 0 569 0 0 0 50687782 61418 0 17767 76948 48571 16855394 1661901 10537453 3256460095 3256460095 0 3632926099 0 68.269614 705 705 939765 705000 889 897 120 160000 250000 119 158627 122659 12 16000 25000 12 16000 25000 3633
1791391713936204 10 0 0 10 10 10 0 0 0 0 0 0 1111 119 119 0 1800 689 570 0 570 0 0 0 50700563 61503 0 17780 77031 48586 16855411 1662025 10547982 3259144364 3259144364 0 3634434667 0 68.280653 726 726 967758 726000 2734 1077 120 160000 250000 119 158627 122661 12 16000 25000 12 16000 25000 3636
1791391713953243 10 0 0 10 10 10 0 0 0 0 0 0 1110 119 119 0 1800 690 571 0 571 0 0 0 50717296 61583 0 17793 77120 48603 16855429 1662103 10562513 3263686599 3263686599 0 3635933565 0 68.286195 723 723 963759 723000 665 1038 120 160000 250000 119 158627 122664 12 16000 25000 12 16000 25000 3639
1791391714080822 10 0 0 10 10 10 0 0 0 0 0 0 1109 119 119 0 1800 691 572 0 572 0 0 0 50745899 61685 0 17813 77228 48631 16954044 1662204 10586850 3269082108 3269082108 0 3637438364 0 68.275861 722 722 962426 722000 1040 1040 120 160000 250000 119 158627 122670 12 16000 25000 12 16000 25000 3646
1791391714158134 10 0 0 10 10 10 0 0 0 0 0 0 1108 119 119 0 1800 692 573 0 573 0 0 0 50783973 61790 0 17828 77346 48657 16992852 1662364 10611493 3274554304 3274554304 0 3638953832 0 68.253019 715 715 953095 715000 881 1026 120 160000 250000 119 158627 122679 12 16000 25000 12 16000 25000 3654
1791391714167111 10 0 0 10 10 10 0 0 0 0 0 0 1107 119 118 1 1800 693 574 0 574 0 0 0 50792533 61876 0 17842 77472 48670 16992865 1662522 10617898 3282933512 3276208160 0 3640452559 0 68.269520 715 715 953095 715000 1059 1030 120 160000 250000 118 157294 122688 12 16000 25000 12 16000 25000 3663
1791391714167302 10 0 0 10 10 10 0 0 0 0 0 0 1107 118 118 0 1800 693 575 0 575 0 0 0 50792533 61957 0 17859 77472 48677 16992868 1662604 10617898 3282933512 3282933512 0 3640452559 0 68.269412 704 704 938432 704000 328 962 120 160000 250000 118 157294 121687 12 16000 25000 12 16000 25000 3662
1791391714207222 10 0 0 10 10 10 0 0 0 0 0 0 1105 119 119 0 1800 695 576 0 576 0 0 0 50823066 62063 0 17881 77619 48706 17001908 1662649 10642110 3289770468 3289770468 0 3643455867 0 68.284592 703 703 937099 703000 918 958 120 160000 250000 119 158627 122698 12 16000 25000 12 16000 25000 3672
1791391714312010 10 0 0 10 10 10 0 0 0 0 0 0 1104 119 119 0 1800 696 577 0 577 0 0 0 50851688 62176 0 17896 77746 48733 17077650 1662779 10666348 3295450033 3295450033 0 3644960072 0 68.274229 704 704 938432 704000 1055 968 120 160000 250000 119 158627 122706 12 16000 25000 12 16000 25000 3680
1791391714316173 10 0 0 10 10 10 0 0 0 0 0 0 1103 119 119 0 1800 697 578 0 578 0 0 0 50855502 62254 0 17910 77847 48741 17077656 1662917 10668476 3300055522 3300055522 0 3646450860 0 68.296932 718 718 957094 718000 1123 984 120 160000 250000 119 158627 122712 12 16000 25000 12 16000 25000 3686
1791391714375949 10 0 0 10 10 10 0 0 0 0 0 0 1102 119 119 0 1800 698 579 0 579 0 0 0 50886305 62355 0 17927 77976 48763 17106295 1662969 10694877 3301908106 3301908106 0 3647960789 0 68.283769 721 721 961093 721000 1726 1058 120 160000 250000 119 158627 122714 12 16000 25000 12 16000 25000 3688
1791391714465932 10 0 0 10 10 10 0 0 0 0 0 0 1101 119 119 0 1800 699 580 0 580 0 0 0 50914651 62453 0 17943 78098 48790 17167525 1663105 10719090 3307540320 3307540320 0 3649457982 0 68.273677 700 700 933100 700000 218 977 120 160000 250000 119 158627 122723 12 16000 25000 12 16000 25000 3697
1791391714547221 10 0 0 10 10 10 0 0 0 0 0 0 1100 119 119 0 1800 700 581 0 581 0 0 0 50943013 62569 0 17970 78222 48816 17220022 1663243 10743275 3320396217 3320396217 0 3650959805 0 68.263638 708 708 943764 708000 1077 987 120 160000 250000 119 158627 122729 12 16000 25000 12 16000 25000 3705
1791391714553886 10 0 0 10 10 10 0 0 0 0 0 0 1099 119 119 0 1800 701 582 0 582 0 0 0 50949337 62648 0 17984 78308 48825 17220033 1663375 10747567 3321614584 3321614584 0 3652467296 0 68.283252 725 725 966425 725000 2204 1106 120 160000 250000 119 158627 122729 12 16000 25000 12 16000 25000 3706
1791391714569109 10 0 0 10 10 10 0 0 0 0 0 0 1098 119 119 0 1800 702 583 0 583 0 0 0 50964233 62735 0 17998 78391 48843 17220054 1663473 10760096 3322320548 3322320548 0 3653968255 0 68.291255 711 711 947763 711000 155 1014 120 160000 250000 119 158627 122730 12 16000 25000 12 16000 25000 3706
1791391714580131 10 0 0 10 10 10 0 0 0 0 0 0 1097 119 119 0 1800 703 584 0 584 0 0 0 50974946 62822 0 18013 78468 48854 17220069 1663559 10768430 3323957904 3323957904 0 3655463811 0 68.304749 704 704 938432 704000 81 924 120 160000 250000 119 158627 122730 12 16000 25000 12 16000 25000 3707
1791391714606885 10 0 0 10 10 10 0 0 0 0 0 0 1096 119 119 0 1800 704 585 0 585 0 0 0 51001314 62920 0 18028 78597 48881 17220098 1663635 10790660 3325239313 3325239313 0 3656971142 0 68.297499 705 705 939765 705000 278 862 120 160000 250000 119 158627 122731 12 16000 25000 12 16000 25000 3707
1791391714689126 10 0 0 10 10 10 0 0 0 0 0 0 1095 119 118 1 1800 705 586 0 586 0 0 0 51030384 63027 0 18043 78764 48908 17272790 1663786 10815193 3337403358 3331772786 0 3658476513 0 68.286595 710 710 946430 710000 307 809 120 160000 250000 119 158627 122746 12 16000 25000 12 16000 25000 3722
1791391714689362 10 0 0 10 10 10 0 0 0 0 0 0 1095 118 118 0 1800 705 587 0 587 0 0 0 51030384 63105 0 18060 78765 48916 17272793 1663915 10815193 3337403358 3337403358 0 3658476513 0 68.286491 715 715 953095 715000 1474 875 120 160000 250000 118 157294 121741 12 16000 25000 12 16000 25000 3721
1791391714742847 10 0 0 10 10 10 0 0 0 0 0 0 1093 119 119 0 1800 707 588 0 588 0 0 0 51060875 63215 0 18086 78916 48949 17295429 1663956 10839787 3342134221 3342134221 0 3661470925 0 68.301476 713 713 950429 713000 935 881 120 160000 250000 119 158627 122751 12 16000 25000 12 16000 25000 3728
1791391714772236 10 0 0 10 10 10 0 0 0 0 0 0 1092 119 119 0 1800 708 589 0 589 0 0 0 51089708 63315 0 18100 79039 48976 17295583 1664086 10864312 3347068591 3347068591 0 3662972638 0 68.290840 709 709 945097 709000 788 873 120 160000 250000 119 158627 122757 12 16000 25000 12 16000 25000 3734
1791391714875644 10 0 0 10 10 10 0 0 0 0 0 0 1091 119 119 0 1800 709 590 0 590 0 0 0 51118584 63412 0 18115 79161 48999 17369688 1664246 10888781 3353323532 3353323532 0 3664491864 0 68.280490 784 784 1045072 784000 814 869 120 160000 250000 119 158627 122764 12 16000 25000 12 16000 25000 3742
1791391714987379 10 0 0 10 10 10 0 0 0 0 0 0 1090 119 119 0 1800 710 591 0 591 0 0 0 51147217 63520 0 18129 79282 49023 17452381 1664376 10913142 3358674104 3358674104 0 3665986713 0 68.270007 791 791 1054403 791000 1004 883 120 160000 250000 119 158627 122771 12 16000 25000 12 16000 25000 3749
1791391715084540 10 0 0 10 10 10 0 0 0 0 0 0 1089 119 119 0 1800 711 592 0 592 0 0 0 51176149 63618 0 18144 79414 49048 17520198 1664507 10937420 3367891547 3367891547 0 3667492732 0 68.259358 816 816 1087728 816000 868 883 120 160000 250000 119 158627 122779 12 16000 25000 12 16000 25000 3757
1791391715119743 10 0 0 10 10 10 0 0 0 0 0 0 1088 119 119 0 1800 712 593 0 593 0 0 0 51204820 63716 0 18159 79532 49075 17526328 1664642 10961889 3369309663 3369309663 0 3668991110 0 68.248927 823 823 1097059 823000 1506 945 120 160000 250000 119 158627 122780 12 16000 25000 12 16000 25000 3759
1791391715211598 10 0 0 10 10 10 0 0 0 0 0 0 1087 119 119 0 1800 713 594 0 594 0 0 0 51234000 63816 0 18175 79667 49102 17588582 1664778 10986533 3374663651 3374663651 0 3670499671 0 68.238017 827 827 1102391 827000 277 881 120 160000 250000 119 158627 122787 12 16000 25000 12 16000 25000 3765
1791391715234038 10 0 0 10 10 10 0 0 0 0 0 0 1086 119 119 0 1800 714 595 0 595 0 0 0 51256062 63909 0 18190 79754 49121 17588606 1664910 11005582 3381309536 3381309536 0 3672031645 0 68.237027 848 848 1130384 848000 826 877 120 160000 250000 119 158627 122796 12 16000 25000 12 16000 25000 3774
1791391715238102 10 0 0 10 10 10 0 0 0 0 0 0 1085 119 119 0 1800 715 596 0 596 0 0 0 51259821 63996 0 18203 79832 49129 17588613 1665017 11007706 3383539318 3383539318 0 3673538314 0 68.259910 849 849 1131717 849000 1003 890 120 160000 250000 119 158627 122797 12 16000 25000 12 16000 25000 3775
1791391715262213 10 0 0 10 10 10 0 0 0 0 0 0 1084 119 119 0 1800 716 597 0 597 0 0 0 51283624 64082 0 18217 79927 49151 17588643 1665072 11028888 3396697887 3396697887 0 3675045200 0 68.256140 837 837 1115721 837000 306 834 120 160000 250000 119 158627 122805 12 16000 25000 12 16000 25000 3783
1791391715322556 10 0 0 10 10 10 0 0 0 0 0 0 1083 119 119 0 1800 717 598 0 598 0 0 0 51312135 64181 0 18232 80046 49175 17620115 1665157 11053145 3403302172 3403302172 0 3676536935 0 68.245821 844 844 1125052 844000 2282 976 120 160000 250000 119 158627 122814 12 16000 25000 12 16000 25000 3791
1791391715340231 10 0 0 10 10 10 0 0 0 0 0 0 1082 119 119 0 1800 718 599 0 599 0 0 0 51329436 64263 0 18246 80142 49194 17620136 1665289 11067825 3410027869 3410027869 0 3678042582 0 68.250677 843 843 1123719 843000 1022 982 120 160000 250000 119 158627 122822 12 16000 25000 12 16000 25000 3799
1791391715408544 10 0 0 10 10 10 0 0 0 0 0 0 1081 119 119 0 1800 719 600 0 600 0 0 0 51357742 64361 0 18263 80269 49219 17659780 1665379 11091835 3416641906 3416641906 0 3679545042 0 68.240842 828 828 1103724 828000 1450 1029 120 160000 250000 119 158627 122829 12 16000 25000 12 16000 25000 3807
1791391715453089 10 0 0 10 10 10 0 0 0 0 0 0 1080 119 119 0 1800 720 601 0 601 0 0 0 51386495 64469 0 18279 80386 49247 17675160 1665508 11116094 3422216775 3422216775 0 3681036262 0 68.230203 838 838 1117054 838000 984 1025 120 160000 250000 119 158627 122838 12 16000 25000 12 16000 25000 3816
1791391715514362 10 0 0 10 10 10 0 0 0 0 0 0 1079 119 119 0 1800 721 602 0 602 0 0 0 51415081 64579 0 18295 80505 49272 17707433 1665641 11140298 3428946809 3428946809 0 3682533212 0 68.219902 818 818 1090394 818000 266 952 120 160000 250000 119 158627 122845 12 16000 25000 12 16000 25000 3823
1791391715557185 10 0 0 10 10 10 0 0 0 0 0 0 1078 119 119 0 1800 722 603 0 603 0 0 0 51443451 64681 0 18310 80635 49301 17721468 1665774 11164487 3435701566 3435701566 0 3684038357 0 68.210060 824 824 1098392 824000 920 950 120 160000 250000 119 158627 122854 12 16000 25000 12 16000 25000 3832
1791391715565802 10 0 0 10 10 10 0 0 0 0 0 0 1077 119 119 0 1800 723 604 0 604 0 0 0 51451714 64762 0 18323 80718 49322 17721480 1665908 11170823 3442402067 3442402067 0 3685556295 0 68.227112 825 825 1099725 825000 1096 965 120 160000 250000 119 158627 122862 12 16000 25000 12 16000 25000 3840
1791391715601527 10 0 0 10 10 10 0 0 0 0 0 0 1076 119 119 0 1800 724 605 0 605 0 0 0 51479852 64860 0 18338 80841 49350 17728721 1665977 11194804 3449076880 3449076880 0 3687065385 0 68.217658 829 829 1105057 829000 1324 1001 120 160000 250000 119 158627 122870 12 16000 25000 12 16000 25000 3848
1791391715616640 10 0 0 10 10 10 0 0 0 0 0 0 1075 119 119 0 1800 725 606 0 606 0 0 0 51494611 64943 0 18351 80936 49365 17728736 1666101 11207335 3454766591 3454766591 0 3688564733 0 68.225754 832 832 1109056 832000 1066 1009 120 160000 250000 119 158627 122879 12 16000 25000 12 16000 25000 3856
1791391715756105 10 0 0 10 10 10 0 0 0 0 0 0 1074 119 119 0 1800 726 607 0 607 0 0 0 51522503 65051 0 18367 81061 49392 17839944 1666182 11231238 3460380870 3460380870 0 3690060636 0 68.216377 811 811 1081063 811000 434 954 120 160000 250000 119 158627 122886 12 16000 25000 12 16000 25000 3863
1791391715877929 10 0 0 10 10 10 0 0 0 0 0 0 1073 119 119 0 1800 727 608 0 608 0 0 0 51550841 65151 0 18382 81184 49416 17933038 1666304 11255222 3465908457 3465908457 0 3691561658 0 68.206527 800 800 1066400 800000 986 958 120 160000 250000 119 158627 122893 12 16000 25000 12 16000 25000 3871
1791391715927867 10 0 0 10 10 10 0 0 0 0 0 0 1072 119 119 0 1800 728 609 0 609 0 0 0 51579225 65248 0 18397 81314 49438 17954194 1666427 11279306 3472624821 3472624821 0 3693119560 0 68.197681 812 812 1082396 812000 881 952 120 160000 250000 119 158627 122902 12 16000 25000 12 16000 25000 3879
1791391715952179 10 0 0 10 10 10 0 0 0 0 0 0 1071 119 119 0 1800 729 610 0 610 0 0 0 51603146 65336 0 18412 81420 49463 17954220 1666554 11300413 3478285363 3478285363 0 3694624914 0 68.193776 819 819 1091727 819000 1128 970 120 160000 250000 119 158627 122908 12 16000 25000 12 16000 25000 3886
1791391716054657 10 0 0 10 10 10 0 0 0 0 0 0 1070 119 119 0 1800 730 611 0 611 0 0 0 51631666 65434 0 18428 81539 49488 18027802 1666657 11324353 3484967858 3484967858 0 3696123621 0 68.183673 832 832 1109056 832000 1036 978 120 160000 250000 119 158627 122917 12 16000 25000 12 16000 25000 3894
1791391716107157 10 0 0 10 10 10 0 0 0 0 0 0 1069 119 119 0 1800 731 612 0 612 0 0 0 51659967 65537 0 18442 81662 49510 18051606 1666781 11348270 3491666118 3491666118 0 3697630057 0 68.174006 898 898 1197034 898000 1186 999 120 160000 250000 119 158627 122924 12 16000 25000 12 16000 25000 3902
1791391716274651 10 0 0 10 10 10 0 0 0 0 0 0 1068 119 119 0 1800 732 613 0 613 0 0 0 51688141 65648 0 18458 81788 49537 18190508 1666908 11372138 3498404126 3498404126 0 3699126119 0 68.164315 898 898 1197034 898000 1039 1003 120 160000 250000 119 158627 122933 12 16000 25000 12 16000 25000 3911
1791391716353361 10 0 0 10 10 10 0 0 0 0 0 0 1067 119 119 0 1800 733 614 0 614 0 0 0 51716266 65746 0 18474 81927 49564 18240670 1667042 11395934 3499666781 3499666781 0 3700626182 0 68.154790 901 901 1201033 901000 1031 1007 120 160000 250000 119 158627 122933 12 16000 25000 12 16000 25000 3912
1791391716409090 10 0 0 10 10 10 0 0 0 0 0 0 1066 119 119 0 1800 734 615 0 615 0 0 0 51744650 65849 0 18490 82046 49586 18267572 1667214 11420005 3502173138 3502173138 0 3702135533 0 68.145099 895 895 1193035 895000 215 931 120 160000 250000 119 158627 122937 12 16000 25000 12 16000 25000 3914
1791391716435680 10 0 0 10 10 10 0 0 0 0 0 0 1065 119 119 0 1800 735 616 0 616 0 0 0 51770783 65943 0 18505 82154 49609 18267608 1667387 11441863 3503996726 3503996726 0 3703639339 0 68.138287 869 869 1158377 869000 406 881 120 160000 250000 119 158627 122938 12 16000 25000 12 16000 25000 3916
1791391716446860 10 0 0 10 10 10 0 0 0 0 0 0 1064 119 119 0 1800 736 617 0 617 0 0 0 51781584 66027 0 18519 82238 49621 18267623 1667551 11450427 3510621335 3510621335 0 3705143990 0 68.151658 853 853 1137049 853000 372 832 120 160000 250000 119 158627 122946 12 16000 25000 12 16000 25000 3924
1791391716457291 10 0 0 10 10 10 0 0 0 0 0 0 1063 119 119 0 1800 737 618 0 618 0 0 0 51791717 66107 0 18533 82320 49632 18267638 1667640 11458829 3517395630 3517395630 0 3706642409 0 68.165792 856 856 1141048 856000 1041 853 120 160000 250000 119 158627 122954 12 16000 25000 12 16000 25000 3932
1791391716732504 10 0 0 10 10 10 0 0 0 0 0 0 1062 119 119 0 1800 738 619 0 619 0 0 0 51819495 66220 0 18548 82454 49660 18514713 1667702 11482660 3524041866 3524041866 0 3708145219 0 68.156772 835 835 1113055 835000 1195 888 120 160000 250000 119 158627 122963 12 16000 25000 12 16000 25000 3940
1791391716736709 10 0 0 10 10 10 0 0 0 0 0 0 1061 119 119 0 1800 739 620 0 620 0 0 0 51823362 66301 0 18562 82517 49668 18514720 1667858 11484842 3529514578 3529514578 0 3709638498 0 68.179031 840 840 1119720 840000 970 897 120 160000 250000 119 158627 122970 12 16000 25000 12 16000 25000 3948
1791391716756135 10 0 0 10 10 10 0 0 0 0 0 0 1060 119 119 0 1800 740 621 0 621 0 0 0 51842475 66389 0 18575 82618 49689 18514744 1667919 11501556 3535166574 3535166574 0 3710856347 0 68.176186 840 840 1119720 840000 1010 909 120 160000 250000 119 158627 122978 12 16000 25000 12 16000 25000 3955
1791391716836330 10 0 0 10 10 10 0 0 0 0 0 0 1059 119 119 0 1800 741 622 0 622 0 0 0 51870342 66488 0 18592 82753 49714 18566724 1667988 11525184 3547878767 3547878767 0 3712358133 0 68.167052 844 844 1125052 844000 1145 933 120 160000 250000 119 158627 122987 12 16000 25000 12 16000 25000 3964
1791391716892655 10 0 0 10 10 10 0 0 0 0 0 0 1058 119 119 0 1800 742 623 0 623 0 0 0 51898537 66589 0 18608 82869 49745 18594458 1668112 11549077 3553405058 3553405058 0 3713851555 0 68.157342 863 863 1150379 863000 1963 1034 120 160000 250000 119 158627 122995 12 16000 25000 12 16000 25000 3972
1791391716914882 10 0 0 10 10 10 0 0 0 0 0 0 1057 119 119 0 1800 743 624 0 624 0 0 0 51920375 66684 0 18621 82962 49767 18594480 1668245 11568082 3563739504 3563739504 0 3715356283 0 68.156190 875 875 1166375 875000 1083 1040 120 160000 250000 119 158627 123004 12 16000 25000 12 16000 25000 3980
1791391716950025 10 0 0 10 10 10 0 0 0 0 0 0 1056 119 119 0 1800 744 625 0 625 0 0 0 51948324 66785 0 18637 83090 49795 18601293 1668343 11591748 3568306709 3568306709 0 3716858925 0 68.146986 894 894 1191702 894000 2181 1153 120 160000 250000 119 158627 123011 12 16000 25000 12 16000 25000 3987
1791391716965400 10 0 0 10 10 10 0 0 0 0 0 0 1055 119 119 0 1800 745 626 0 626 0 0 0 51963341 66868 0 18651 83174 49808 18601313 1668480 11604361 3575102380 3575102380 0 3718349370 0 68.154527 891 891 1187703 891000 943 1133 120 160000 250000 119 158627 123020 12 16000 25000 12 16000 25000 3995
1791391716995430 10 0 0 10 10 10 0 0 0 0 0 0 1054 119 119 0 1800 746 627 0 627 0 0 0 51991019 66967 0 18666 83293 49833 18603314 1668562 11627988 3580583933 3580583933 0 3719887126 0 68.146332 894 894 1191702 894000 1289 1149 120 160000 250000 119 158627 123027 12 16000 25000 12 16000 25000 4003
1791391717030659 10 0 0 10 10 10 0 0 0 0 0 0 1053 119 118 1 1800 747 628 0 628 0 0 0 52019327 67066 0 18681 83467 49856 18609789 1668688 11651810 3586610206 3581149111 0 3721384348 0 68.136580 890 890 1186370 890000 1070 1143 120 160000 250000 119 158627 123036 12 16000 25000 12 16000 25000 4012
1791391717030938 10 0 0 10 10 10 0 0 0 0 0 0 1053 118 118 0 1800 747 629 0 629 0 0 0 52019327 67147 0 18700 83467 49864 18609793 1668856 11651810 3586610206 3586610206 0 3721384348 0 68.136474 888 888 1183704 888000 71 1040 120 160000 250000 118 157294 122032 12 16000 25000 12 16000 25000 4010
1791391717043488 10 0 0 10 10 10 0 0 0 0 0 0 1051 119 119 0 1800 749 630 0 630 0 0 0 52031590 67225 0 18713 83562 49879 18609811 1668921 11660364 3592158555 3592158555 0 3724104464 0 68.170126 891 891 1187703 891000 1417 1077 120 160000 250000 119 158627 123042 12 16000 25000 12 16000 25000 4018
1791391717086789 10 0 0 10 10 10 0 0 0 0 0 0 1050 119 119 0 1800 750 631 0 631 0 0 0 52059401 67325 0 18728 83682 49921 18624943 1668993 11684072 3598869303 3598869303 0 3725601068 0 68.161005 867 867 1155711 867000 929 1063 120 160000 250000 119 158627 123050 12 16000 25000 12 16000 25000 4026
1791391717150944 10 0 0 10 10 10 0 0 0 0 0 0 1049 119 119 0 1800 751 632 0 632 0 0 0 52087131 67422 0 18742 83812 49946 18660972 1669116 11707593 3601443116 3601443116 0 3727091621 0 68.151894 889 889 1185037 889000 1037 1061 120 160000 250000 119 158627 123053 12 16000 25000 12 16000 25000 4029
1791391717182024 10 0 0 10 10 10 0 0 0 0 0 0 1048 119 119 0 1800 752 633 0 633 0 0 0 52114753 67519 0 18758 83933 49972 18664025 1669253 11731052 3612238132 3612238132 0 3728604798 0 68.143346 898 898 1197034 898000 331 991 120 160000 250000 119 158627 123059 12 16000 25000 12 16000 25000 4036
1791391717195580 10 0 0 10 10 10 0 0 0 0 0 0 1047 119 118 1 1800 753 634 0 634 0 0 0 52127891 67605 0 18775 84051 49985 18664039 1669418 11741519 3623447517 3617921961 0 3729824313 0 68.148364 926 926 1234358 926000 1766 1067 120 160000 250000 118 157294 123076 12 16000 25000 12 16000 25000 4052
1791391717195758 10 0 0 10 10 10 0 0 0 0 0 0 1047 118 118 0 1800 753 635 0 635 0 0 0 52127891 67682 0 18792 84051 49992 18664042 1669491 11741519 3623447517 3623447517 0 3729824313 0 68.148263 939 939 1251687 939000 1220 1083 120 160000 250000 118 157294 122074 12 16000 25000 12 16000 25000 4051
1791391717227145 10 0 0 10 10 10 0 0 0 0 0 0 1045 119 119 0 1800 755 636 0 636 0 0 0 52157234 67789 0 18808 84205 50017 18665745 1669530 11764766 3630170558 3630170558 0 3732828140 0 68.164687 936 936 1247688 936000 1244 1100 120 160000 250000 119 158627 123090 12 16000 25000 12 16000 25000 4065
1791391717227425 10 0 0 10 10 10 0 0 0 0 0 0 1045 118 118 0 1800 755 637 0 637 0 0 0 52157234 67876 0 18822 84239 50024 18665748 1669659 11764766 3637244319 3637244319 0 3732828140 0 68.164573 931 931 1241023 931000 767 1069 120 160000 250000 118 157294 122093 12 16000 25000 12 16000 25000 4067
1791391717237177 10 0 0 10 10 10 0 0 0 0 0 0 1043 119 119 0 1800 757 638 0 638 0 0 0 52166725 67954 0 18835 84336 50035 18665760 1669700 11771145 3639786148 3639786148 0 3735831297 0 68.206916 944 944 1258352 944000 1715 1133 120 160000 250000 119 158627 123097 12 16000 25000 12 16000 25000 4071
1791391717350715 10 0 0 10 10 10 0 0 0 0 0 0 1042 119 119 0 1800 758 639 0 639 0 0 0 52194016 68057 0 18851 84472 50062 18751646 1669767 11794396 3646580909 3646580909 0 3737335004 0 68.198604 937 937 1249021 937000 437 1066 120 160000 250000 119 158627 123105 12 16000 25000 12 16000 25000 4080
1791391717416733 10 0 0 10 10 10 0 0 0 0 0 0 1041 119 119 0 1800 759 640 0 640 0 0 0 52221792 68154 0 18867 84588 50086 18789493 1669899 11817805 3652173696 3652173696 0 3738837847 0 68.189660 931 931 1241023 931000 750 1036 120 160000 250000 119 158627 123112 12 16000 25000 12 16000 25000 4088
1791391717434475 10 0 0 10 10 10 0 0 0 0 0 0 1040 119 118 1 1800 760 641 0 641 0 0 0 52239125 68235 0 18879 84719 50103 18789513 1670030 11832616 3663005355 3657511763 0 3740340566 0 68.194356 935 935 1246355 935000 1126 1046 120 160000 250000 119 158627 123129 12 16000 25000 12 16000 25000 4103
1791391717434675 10 0 0 10 10 10 0 0 0 0 0 0 1040 118 118 0 1800 760 642 0 642 0 0 0 52239125 68317 0 18895 84719 50111 18789517 1670119 11832616 3663005355 3663005355 0 3740340566 0 68.194249 926 926 1234358 926000 1060 1048 120 160000 250000 118 157294 122123 12 16000 25000 12 16000 25000 4101
1791391717482232 10 0 0 10 10 10 0 0 0 0 0 0 1038 119 119 0 1800 762 643 0 643 0 0 0 52268427 68419 0 18911 84885 50139 18807416 1670160 11856099 3668570730 3668570730 0 3743334399 0 68.210489 929 929 1238357 929000 662 1011 120 160000 250000 119 158627 123135 12 16000 25000 12 16000 25000 4111
1791391717507370 10 0 0 10 10 10 0 0 0 0 0 0 1037 119 119 0 1800 763 644 0 644 0 0 0 52293159 68518 0 18924 84986 50162 18807443 1670295 11877189 3674219050 3674219050 0 3744838898 0 68.205544 932 932 1242356 932000 976 1009 120 160000 250000 119 158627 123144 12 16000 25000 12 16000 25000 4119
1791391717634343 10 0 0 10 10 10 0 0 0 0 0 0 1036 119 119 0 1800 764 645 0 645 0 0 0 52321024 68616 0 18939 85106 50190 18906155 1670420 11900468 3679078387 3679078387 0 3746335178 0 68.196377 930 930 1239690 930000 884 998 120 160000 250000 119 158627 123146 12 16000 25000 12 16000 25000 4122
1791391717687085 10 0 0 10 10 10 0 0 0 0 0 0 1035 119 118 1 1800 765 646 0 646 0 0 0 52349021 68718 0 18955 85284 50227 18930424 1670553 11923686 3686634007 3685902263 0 3747827053 0 68.186962 941 941 1254353 941000 762 976 120 160000 250000 119 158627 123157 12 16000 25000 12 16000 25000 4131
1791391717687338 10 0 0 10 10 10 0 0 0 0 0 0 1035 118 118 0 1800 765 647 0 647 0 0 0 52349021 68808 0 18973 85284 50235 18930428 1670686 11923686 3686634007 3686634007 0 3747827053 0 68.186845 923 923 1230359 923000 1331 1011 120 160000 250000 118 157294 122150 12 16000 25000 12 16000 25000 4129
1791391717753770 10 0 0 10 10 10 0 0 0 0 0 0 1033 119 119 0 1800 767 648 0 648 0 0 0 52378625 68907 0 18990 85429 50260 18966893 1670759 11946887 3692074241 3692074241 0 3750814324 0 68.202547 907 907 1209031 907000 138 927 120 160000 250000 119 158627 123161 12 16000 25000 12 16000 25000 4137
1791391717757824 10 0 0 10 10 10 0 0 0 0 0 0 1032 119 119 0 1800 768 649 0 649 0 0 0 52382319 68985 0 19003 85509 50267 18966901 1670927 11949004 3694501216 3694501216 0 3752032907 0 68.219799 897 897 1195701 897000 794 915 120 160000 250000 119 158627 123163 12 16000 25000 12 16000 25000 4140
1791391717860372 10 0 0 10 10 10 0 0 0 0 0 0 1031 119 119 0 1800 769 650 0 650 0 0 0 52409682 69086 0 19018 85640 50293 19041737 1670993 11972110 3701188363 3701188363 0 3753540020 0 68.211485 880 880 1173040 880000 302 856 120 160000 250000 119 158627 123171 12 16000 25000 12 16000 25000 4148
1791391717914026 10 0 0 10 10 10 0 0 0 0 0 0 1030 119 119 0 1800 770 651 0 651 0 0 0 52437077 69184 0 19033 85758 50320 19067570 1671150 11995164 3707852272 3707852272 0 3755043494 0 68.203077 926 926 1234358 926000 1026 874 120 160000 250000 119 158627 123180 12 16000 25000 12 16000 25000 4157
1791391717965516 10 0 0 10 10 10 0 0 0 0 0 0 1029 119 119 0 1800 771 652 0 652 0 0 0 52464549 69284 0 19049 85891 50345 19091168 1671287 12018404 3713256047 3713256047 0 3756537011 0 68.194393 929 929 1238357 929000 1061 893 120 160000 250000 119 158627 123187 12 16000 25000 12 16000 25000 4164
1791391717976731 10 0 0 10 10 10 0 0 0 0 0 0 1028 119 119 0 1800 772 653 0 653 0 0 0 52475397 69371 0 19062 85985 50359 19091181 1671419 12026891 3718816042 3718816042 0 3758032861 0 68.207351 924 924 1231692 924000 861 891 120 160000 250000 119 158627 123194 12 16000 25000 12 16000 25000 4172
1791391718007871 10 0 0 10 10 10 0 0 0 0 0 0 1027 119 119 0 1800 773 654 0 654 0 0 0 52502507 69475 0 19080 86117 50385 19094850 1671496 12049937 3721477315 3721477315 0 3759526490 0 68.199138 923 923 1230359 923000 1366 938 120 160000 250000 119 158627 123198 12 16000 25000 12 16000 25000 4175
1791391718029733 10 0 0 10 10 10 0 0 0 0 0 0 1026 119 119 0 1800 774 655 0 655 0 0 0 52523979 69557 0 19093 86200 50401 19094877 1671648 12068696 3722507493 3722507493 0 3761037286 0 68.198584 910 910 1213030 910000 434 890 120 160000 250000 119 158627 123198 12 16000 25000 12 16000 25000 4176
1791391718040280 10 0 0 10 10 10 0 0 0 0 0 0 1025 119 119 0 1800 775 656 0 656 0 0 0 52534228 69635 0 19106 86275 50413 19094890 1671746 12077005 3728027003 3728027003 0 3762253622 0 68.207247 923 923 1230359 923000 267 830 120 160000 250000 119 158627 123207 12 16000 25000 12 16000 25000 4184
1791391718050638 10 0 0 10 10 10 0 0 0 0 0 0 1024 119 119 0 1800 776 657 0 657 0 0 0 52544285 69717 0 19119 86358 50425 19094903 1671836 12085299 3734659520 3734659520 0 3763753895 0 68.221296 927 927 1235691 927000 1245 871 120 160000 250000 119 158627 123216 12 16000 25000 12 16000 25000 4192
1791391718056691 10 0 0 10 10 10 0 0 0 0 0 0 1023 119 119 0 1800 777 658 0 658 0 0 0 52550083 69795 0 19132 86438 50434 19094914 1671897 12089459 3740094766 3740094766 0 3765267361 0 68.241108 933 933 1243689 933000 1170 901 120 160000 250000 119 158627 123222 12 16000 25000 12 16000 25000 4198
1791391718064913 10 0 0 10 10 10 0 0 0 0 0 0 1022 119 119 0 1800 778 659 0 659 0 0 0 52558052 69873 0 19145 86516 50445 19094926 1671952 12095737 3749191188 3749191188 0 3766766166 0 68.257834 925 925 1233025 925000 795 891 120 160000 250000 119 158627 123229 12 16000 25000 12 16000 25000 4206
1791391718084087 10 0 0 10 10 10 0 0 0 0 0 0 1021 119 119 0 1800 779 660 0 660 0 0 0 52576935 69960 0 19158 86605 50461 19094948 1672007 12112390 3754534887 3754534887 0 3768266541 0 68.260417 938 938 1250354 938000 1709 971 120 160000 250000 119 158627 123236 12 16000 25000 12 16000 25000 4213
1791391718327692 10 0 0 10 10 10 0 0 0 0 0 0 1020 119 119 0 1800 780 661 0 661 0 0 0 52603884 70064 0 19174 86761 50487 19311211 1672085 12135237 3760427339 3760427339 0 3769775854 0 68.252686 931 931 1241023 931000 870 962 120 160000 250000 119 158627 123243 12 16000 25000 12 16000 25000 4220
1791391718398450 10 0 0 10 10 10 0 0 0 0 0 0 1019 119 119 0 1800 781 662 0 662 0 0 0 52630975 70171 0 19190 86889 50510 19354461 1672217 12158092 3761775615 3761775615 0 3771280681 0 68.244693 926 926 1234358 926000 822 949 120 160000 250000 119 158627 123245 12 16000 25000 12 16000 25000 4221
1791391718526636 10 0 0 10 10 10 0 0 0 0 0 0 1018 119 119 0 1800 782 663 0 663 0 0 0 52658221 70268 0 19205 87010 50533 19455003 1672350 12180901 3767127299 3767127299 0 3772786608 0 68.236541 908 908 1210364 908000 209 877 120 160000 250000 119 158627 123252 12 16000 25000 12 16000 25000 4228
1791391718703691 10 0 0 10 10 10 0 0 0 0 0 0 1017 119 119 0 1800 783 664 0 664 0 0 0 52685716 70393 0 19221 87135 50556 19604137 1672481 12203723 3771513701 3771513701 0 3774289064 0 68.227976 922 922 1229026 922000 898 880 120 160000 250000 119 158627 123258 12 16000 25000 12 16000 25000 4234
1791391718857036 10 0 0 10 10 10 0 0 0 0 0 0 1016 119 119 0 1800 784 665 0 665 0 0 0 52712895 70495 0 19236 87279 50583 19729798 1672686 12226569 3782263368 3782263368 0 3775787493 0 68.219786 932 932 1242356 932000 881 881 120 160000 250000 119 158627 123266 12 16000 25000 12 16000 25000 4242
1791391718904092 10 0 0 10 10 10 0 0 0 0 0 0 1015 119 119 0 1800 785 666 0 666 0 0 0 52740183 70597 0 19251 87393 50610 19749158 1672826 12249572 3788968219 3788968219 0 3777291961 0 68.211572 960 960 1279680 960000 1859 977 120 160000 250000 119 158627 123274 12 16000 25000 12 16000 25000 4250
1791391718926248 10 0 0 10 10 10 0 0 0 0 0 0 1014 119 119 0 1800 786 667 0 667 0 0 0 52761949 70690 0 19265 87477 50629 19749182 1672962 12268552 3795781734 3795781734 0 3778797840 0 68.210533 959 959 1278347 959000 987 979 120 160000 250000 119 158627 123281 12 16000 25000 12 16000 25000 4258
1791391718939291 10 0 0 10 10 10 0 0 0 0 0 0 1013 119 119 0 1800 787 668 0 668 0 0 0 52774675 70771 0 19280 87566 50641 19749199 1673058 12279017 3802929892 3802929892 0 3780303292 0 68.221170 958 958 1277014 958000 1112 993 120 160000 250000 119 158627 123290 12 16000 25000 12 16000 25000 4267
1791391718943486 10 0 0 10 10 10 0 0 0 0 0 0 1012 119 119 0 1800 788 669 0 669 0 0 0 52778619 70848 0 19293 87636 50649 19749205 1673129 12281121 3808522788 3808522788 0 3781799832 0 68.242985 938 938 1250354 938000 526 948 120 160000 250000 119 158627 123297 12 16000 25000 12 16000 25000 4275
1791391718955966 10 0 0 10 10 10 0 0 0 0 0 0 1011 119 119 0 1800 789 670 0 670 0 0 0 52790860 70927 0 19307 87694 50662 19749223 1673181 12291571 3812894048 3812894048 0 3783290972 0 68.253981 945 945 1259685 945000 1670 1020 120 160000 250000 119 158627 123298 12 16000 25000 12 16000 25000 4277
1791391718977437 10 0 0 10 10 10 0 0 0 0 0 0 1010 119 119 0 1800 790 671 0 671 0 0 0 52812016 71008 0 19320 87795 50687 19749245 1673241 12310308 3818941622 3818941622 0 3784785456 0 68.253523 942 942 1255686 942000 998 1018 120 160000 250000 119 158627 123309 12 16000 25000 12 16000 25000 4286
1791391719036374 10 0 0 10 10 10 0 0 0 0 0 0 1009 119 119 0 1800 791 672 0 672 0 0 0 52838665 71116 0 19336 87929 50710 19781163 1673323 12332796 3823280471 3823280471 0 3786290334 0 68.246131 922 922 1229026 922000 1103 1027 120 160000 250000 119 158627 123311 12 16000 25000 12 16000 25000 4289
1791391719080529 10 0 0 10 10 10 0 0 0 0 0 0 1008 119 119 0 1800 792 673 0 673 0 0 0 52865750 71214 0 19352 88050 50736 19797830 1673457 12355529 3833726110 3833726110 0 3787780554 0 68.237934 914 914 1218362 914000 670 993 120 160000 250000 119 158627 123318 12 16000 25000 12 16000 25000 4295
1791391719335138 10 0 0 10 10 10 0 0 0 0 0 0 1007 119 119 0 1800 793 674 0 674 0 0 0 52892811 71318 0 19367 88180 50761 20024968 1673586 12378432 3839411594 3839411594 0 3789278520 0 68.229907 911 911 1214363 911000 1744 1067 120 160000 250000 119 158627 123325 12 16000 25000 12 16000 25000 4302
1791391719366722 10 0 0 10 10 10 0 0 0 0 0 0 1006 119 119 0 1800 794 675 0 675 0 0 0 52920117 71428 0 19394 88299 50786 20028830 1673721 12401263 3841137588 3841137588 0 3790778834 0 68.221608 907 907 1209031 907000 785 1040 120 160000 250000 119 158627 123326 12 16000 25000 12 16000 25000 4303
1791391719418119 10 0 0 10 10 10 0 0 0 0 0 0 1005 119 119 0 1800 795 676 0 676 0 0 0 52946973 71530 0 19409 88421 50816 20052927 1673886 12423892 3854066283 3854066283 0 3792277892 0 68.213884 888 888 1183704 888000 283 967 120 160000 250000 119 158627 123334 12 16000 25000 12 16000 25000 4311
1791391719622250 10 0 0 10 10 10 0 0 0 0 0 0 1004 119 119 0 1800 796 677 0 677 0 0 0 52974022 71640 0 19425 88545 50837 20229560 1674054 12446667 3854724880 3854724880 0 3793497763 0 68.200891 909 909 1211697 909000 2013 1070 120 160000 250000 119 158627 123335 12 16000 25000 12 16000 25000 4312
1791391719622575 10 0 0 10 10 10 0 0 0 0 0 0 1004 118 118 0 1800 796 678 0 678 0 0 0 52974022 71719 0 19438 88595 50844 20229564 1674220 12446667 3856927481 3856927481 0 3793497763 0 68.200789 874 874 1165042 874000 33 970 120 160000 250000 118 157294 122336 12 16000 25000 12 16000 25000 4313
1791391719665459 10 0 0 10 10 10 0 0 0 0 0 0 1002 119 119 0 1800 798 679 0 679 0 0 0 53003111 71820 0 19454 88741 50872 20243003 1674280 12469491 3862429438 3862429438 0 3796528229 0 68.217733 866 866 1154378 866000 736 948 120 160000 250000 119 158627 123348 12 16000 25000 12 16000 25000 4323
1791391719691612 10 0 0 10 10 10 0 0 0 0 0 0 1001 119 119 0 1800 799 680 0 680 0 0 0 53028846 71917 0 19469 88852 50894 20243032 1674415 12489869 3866661688 3866661688 0 3798026721 0 68.211459 868 868 1157044 868000 1086 962 120 160000 250000 119 158627 123352 12 16000 25000 12 16000 25000 4329
1791391719736160 10 0 0 10 10 10 0 0 0 0 0 0 1000 119 119 0 1800 800 681 0 681 0 0 0 53055598 72025 0 19488 88958 50919 20260394 1674575 12512360 3871272514 3871272514 0 3799521182 0 68.203800 862 862 1149046 862000 706 938 120 160000 250000 119 158627 123359 12 16000 25000 12 16000 25000 4336
1791391719835718 10 0 0 10 10 10 0 0 0 0 0 0 999 119 119 0 1800 801 682 0 682 0 0 0 53084819 72134 0 19504 89084 50949 20330309 1674708 12536913 3877798316 3877798316 0 3801014178 0 68.192953 875 875 1166375 875000 869 932 120 160000 250000 119 158627 123366 12 16000 25000 12 16000 25000 4344
1791391719937132 10 0 0 10 10 10 0 0 0 0 0 0 998 119 118 1 1800 802 683 0 683 0 0 0 53111746 72238 0 19519 89266 50973 20404330 1674842 12559533 3885215262 3883259787 0 3802539631 0 68.185647 830 830 1106390 830000 364 877 120 160000 250000 119 158627 123379 12 16000 25000 12 16000 25000 4354
1791391719937374 10 0 0 10 10 10 0 0 0 0 0 0 998 118 118 0 1800 802 684 0 684 0 0 0 53111746 72316 0 19536 89266 50980 20404334 1674976 12559533 3885215262 3885215262 0 3802539631 0 68.185547 817 817 1089061 817000 579 849 120 160000 250000 118 157294 122374 12 16000 25000 12 16000 25000 4353
1791391719970922 10 0 0 10 10 10 0 0 0 0 0 0 996 119 119 0 1800 804 685 0 685 0 0 0 53140904 72416 0 19551 89416 51003 20408358 1675049 12582268 3892190940 3892190940 0 3805533918 0 68.201720 804 804 1071732 804000 393 806 120 160000 250000 119 158627 123386 12 16000 25000 12 16000 25000 4363
1791391720075348 10 0 0 10 10 10 0 0 0 0 0 0 995 119 119 0 1800 805 686 0 686 0 0 0 53169922 72531 0 19568 89539 51027 20483310 1675218 12606912 3894249646 3894249646 0 3806770257 0 68.186547 809 809 1078397 809000 937 820 120 160000 250000 119 158627 123388 12 16000 25000 12 16000 25000 4365
1791391720089243 10 0 0 10 10 10 0 0 0 0 0 0 994 119 118 1 1800 806 687 0 687 0 0 0 53183439 72616 0 19581 89665 51036 20483318 1675350 12609074 3906637943 3900873325 0 3808267829 0 68.195949 783 783 1043739 783000 244 765 120 160000 250000 119 158627 123406 12 16000 25000 12 16000 25000 4381
1791391720089426 10 0 0 10 10 10 0 0 0 0 0 0 994 118 118 0 1800 806 688 0 688 0 0 0 53183439 72694 0 19597 89665 51060 20483321 1675409 12609074 3906637943 3906637943 0 3808267829 0 68.195849 786 786 1047738 786000 680 757 120 160000 250000 118 157294 122401 12 16000 25000 12 16000 25000 4380
1791391720141210 10 0 0 10 10 10 0 0 0 0 0 0 992 119 119 0 1800 808 689 0 689 0 0 0 53212459 72794 0 19613 89820 51084 20505741 1675449 12631872 3911363702 3911363702 0 3810987898 0 68.207263 784 784 1045072 784000 683 751 120 160000 250000 119 158627 123410 12 16000 25000 12 16000 25000 4386
1791391720169969 10 0 0 10 10 10 0 0 0 0 0 0 991 119 119 0 1800 809 690 0 690 0 0 0 53239816 72889 0 19627 89952 51109 20506709 1675608 12654497 3917890561 3917890561 0 3812206309 0 68.193937 777 777 1035741 777000 713 749 120 160000 250000 119 158627 123417 12 16000 25000 12 16000 25000 4394
1791391720174193 10 0 0 10 10 10 0 0 0 0 0 0 990 119 119 0 1800 810 691 0 691 0 0 0 53243710 72968 0 19641 90029 51117 20506717 1675747 12656637 3918438080 3918438080 0 3813769058 0 68.216808 700 700 933100 700000 150 692 120 160000 250000 119 158627 123418 12 16000 25000 12 16000 25000 4395
1791391720277845 10 0 0 10 10 10 0 0 0 0 0 0 989 119 119 0 1800 811 692 0 692 0 0 0 53280694 73076 0 19659 90148 51140 20573026 1675834 12679313 3919782959 3919782959 0 3815255421 0 68.195951 695 695 926435 695000 140 639 120 160000 250000 119 158627 123420 12 16000 25000 12 16000 25000 4396
1791391720343578 10 0 0 10 10 10 0 0 0 0 0 0 988 119 119 0 1800 812 693 0 693 0 0 0 53307680 73174 0 19675 90271 51164 20611338 1675990 12701965 3926362185 3926362185 0 3816753106 0 68.188107 682 682 909106 682000 208 598 120 160000 250000 119 158627 123428 12 16000 25000 12 16000 25000 4404
1791391720603231 10 0 0 10 10 10 0 0 0 0 0 0 987 119 119 0 1800 813 694 0 694 0 0 0 53334579 73275 0 19691 90408 51189 20843643 1676152 12724436 3933066932 3933066932 0 3818249660 0 68.180359 684 684 911772 684000 966 635 120 160000 250000 119 158627 123436 12 16000 25000 12 16000 25000 4412
1791391720682786 10 0 0 10 10 10 0 0 0 0 0 0 986 119 119 0 1800 814 695 0 695 0 0 0 53361157 73377 0 19706 90535 51215 20896205 1676290 12746810 3939654755 3939654755 0 3819757120 0 68.173220 690 690 919770 690000 1162 687 120 160000 250000 119 158627 123445 12 16000 25000 12 16000 25000 4421
1791391720686749 10 0 0 10 10 10 0 0 0 0 0 0 985 119 119 0 1800 815 696 0 696 0 0 0 53364807 73455 0 19719 90598 51223 20896211 1676428 12748944 3942251370 3942251370 0 3821257320 0 68.195237 674 674 898442 674000 476 667 120 160000 250000 119 158627 123447 12 16000 25000 12 16000 25000 4424
1791391720701779 10 0 0 10 10 10 0 0 0 0 0 0 984 119 119 0 1800 816 697 0 697 0 0 0 53379515 73538 0 19732 90700 51239 20896228 1676510 12761550 3948780615 3948780615 0 3822760934 0 68.203194 678 678 903774 678000 445 646 120 160000 250000 119 158627 123455 12 16000 25000 12 16000 25000 4432
1791391720726082 10 0 0 10 10 10 0 0 0 0 0 0 983 119 119 0 1800 817 698 0 698 0 0 0 53403457 73634 0 19747 90817 51269 20896258 1676574 12781504 3955292748 3955292748 0 3824248702 0 68.199068 684 684 911772 684000 1291 710 120 160000 250000 119 158627 123463 12 16000 25000 12 16000 25000 4440
1791391720774439 10 0 0 10 10 10 0 0 0 0 0 0 982 119 119 0 1800 818 699 0 699 0 0 0 53430324 73736 0 19768 90923 51293 20917375 1676692 12803725 3955878486 3955878486 0 3825466634 0 68.186401 698 698 930434 698000 1009 740 120 160000 250000 119 158627 123464 12 16000 25000 12 16000 25000 4440
1791391720886269 10 0 0 10 10 10 0 0 0 0 0 0 981 119 119 0 1800 819 700 0 700 0 0 0 53456795 73836 0 19785 91061 51313 21002280 1676863 12825988 3962382107 3962382107 0 3826964176 0 68.179235 667 667 889111 667000 42 673 120 160000 250000 119 158627 123471 12 16000 25000 12 16000 25000 4448
1791391721001638 10 0 0 10 10 10 0 0 0 0 0 0 980 119 119 0 1800 820 701 0 701 0 0 0 53483470 73939 0 19802 91202 51335 21090512 1677033 12848113 3975481578 3975481578 0 3828191136 0 68.166994 667 667 889111 667000 1012 707 120 160000 250000 119 158627 123478 12 16000 25000 12 16000 25000 4455
1791391721019790 10 0 0 10 10 10 0 0 0 0 0 0 979 119 119 0 1800 821 702 0 702 0 0 0 53501255 74022 0 19815 91290 51352 21090533 1677169 12862961 3986009552 3986009552 0 3829693767 0 68.171007 686 686 914438 686000 2013 835 120 160000 250000 119 158627 123486 12 16000 25000 12 16000 25000 4462
1791391721034899 10 0 0 10 10 10 0 0 0 0 0 0 978 119 119 0 1800 822 703 0 703 0 0 0 53516060 74101 0 19828 91366 51370 21090551 1677259 12875400 3994098235 3994098235 0 3831194741 0 68.178784 698 698 930434 698000 2075 956 120 160000 250000 119 158627 123494 12 16000 25000 12 16000 25000 4470
1791391721127135 10 0 0 10 10 10 0 0 0 0 0 0 977 119 119 0 1800 823 704 0 704 0 0 0 53542035 74219 0 19842 91482 51398 21156451 1677333 12897334 3999602188 3999602188 0 3832706061 0 68.172486 710 710 946430 710000 1148 976 120 160000 250000 119 158627 123502 12 16000 25000 12 16000 25000 4479
1791391721161183 10 0 0 10 10 10 0 0 0 0 0 0 976 119 119 0 1800 824 705 0 705 0 0 0 53568578 74325 0 19861 91604 51425 21163548 1677459 12919368 4006203868 4006203868 0 3834216108 0 68.165465 717 717 955761 717000 873 967 120 160000 250000 119 158627 123509 12 16000 25000 12 16000 25000 4487
1791391721174464 10 0 0 10 10 10 0 0 0 0 0 0 975 119 119 0 1800 825 706 0 706 0 0 0 53581481 74408 0 19874 91682 51446 21163564 1677620 12930063 4010637873 4010637873 0 3835443600 0 68.170785 718 718 957094 718000 1230 994 120 160000 250000 119 158627 123516 12 16000 25000 12 16000 25000 4493
1791391721281017 10 0 0 10 10 10 0 0 0 0 0 0 974 119 119 0 1800 826 707 0 707 0 0 0 53607845 74506 0 19889 91804 51475 21243402 1677696 12952318 4017139882 4017139882 0 3836941392 0 68.163789 717 717 955761 717000 1250 1020 120 160000 250000 119 158627 123523 12 16000 25000 12 16000 25000 4501
1791391721312399 10 0 0 10 10 10 0 0 0 0 0 0 973 119 119 0 1800 827 708 0 708 0 0 0 53635092 74606 0 19904 91938 51498 21247109 1677830 12974594 4022569040 4022569040 0 3838442506 0 68.155737 720 720 959760 720000 1004 1020 120 160000 250000 119 158627 123532 12 16000 25000 12 16000 25000 4509
1791391721378724 10 0 0 10 10 10 0 0 0 0 0 0 972 119 118 1 1800 828 709 0 709 0 0 0 53661788 74704 0 19920 92103 51526 21286294 1677961 12996841 4029664262 4023166378 0 3839952446 0 68.148550 711 711 947763 711000 1077 1026 120 160000 250000 119 158627 123540 12 16000 25000 12 16000 25000 4517
1791391721379003 10 0 0 10 10 10 0 0 0 0 0 0 972 118 118 0 1800 828 710 0 710 0 0 0 53661788 74785 0 19939 92104 51533 21286297 1678129 12996841 4029664262 4029664262 0 3839952446 0 68.148448 698 698 930434 698000 90 936 120 160000 250000 118 157294 122537 12 16000 25000 12 16000 25000 4516
1791391721580775 10 0 0 10 10 10 0 0 0 0 0 0 970 119 119 0 1800 830 711 0 711 0 0 0 53690084 74885 0 19955 92251 51558 21459426 1678183 13019349 4034209063 4034209063 0 3842957107 0 68.165751 703 703 937099 703000 1242 967 120 160000 250000 119 158627 123547 12 16000 25000 12 16000 25000 4524
1791391721598579 10 0 0 10 10 10 0 0 0 0 0 0 969 119 119 0 1800 831 712 0 712 0 0 0 53707398 74969 0 19969 92458 51575 21459447 1678320 13034245 4040814258 4040814258 0 3844456939 0 68.170295 714 714 951762 714000 941 965 120 160000 250000 119 158627 123556 12 16000 25000 12 16000 25000 4532
1791391721736400 10 0 0 10 10 10 0 0 0 0 0 0 968 119 119 0 1800 832 713 0 713 0 0 0 53733400 75070 0 19985 92582 51604 21570892 1678411 13055871 4053857296 4053857296 0 3845948524 0 68.163661 718 718 957094 718000 1148 984 120 160000 250000 119 158627 123563 12 16000 25000 12 16000 25000 4541
1791391721793334 10 0 0 10 10 10 0 0 0 0 0 0 967 119 119 0 1800 833 714 0 714 0 0 0 53759736 75168 0 20001 92703 51626 21601062 1678573 13077918 4067172883 4067172883 0 3847181738 0 68.152038 739 739 985087 739000 2152 1099 120 160000 250000 119 158627 123571 12 16000 25000 12 16000 25000 4548
1791391721799902 10 0 0 10 10 10 0 0 0 0 0 0 966 119 119 0 1800 834 715 0 715 0 0 0 53765964 75258 0 20014 92779 51635 21601072 1678708 13082236 4073754897 4073754897 0 3848677385 0 68.170533 744 744 991752 744000 2116 1199 120 160000 250000 119 158627 123579 12 16000 25000 12 16000 25000 4556
1791391721808171 10 0 0 10 10 10 0 0 0 0 0 0 965 119 119 0 1800 835 716 0 716 0 0 0 53773959 75338 0 20028 92870 51645 21601083 1678771 13088645 4086519057 4086519057 0 3850172573 0 68.186790 745 745 993085 745000 1091 1189 120 160000 250000 119 158627 123586 12 16000 25000 12 16000 25000 4564
1791391721832418 10 0 0 10 10 10 0 0 0 0 0 0 964 119 119 0 1800 836 717 0 717 0 0 0 53797858 75436 0 20043 92992 51663 21601114 1678826 13108421 4093112875 4093112875 0 3851677985 0 68.183066 764 764 1018412 764000 2716 1339 120 160000 250000 119 158627 123595 12 16000 25000 12 16000 25000 4573
1791391721839655 10 0 0 10 10 10 0 0 0 0 0 0 963 119 119 0 1800 837 718 0 718 0 0 0 53804772 75517 0 20056 93076 51673 21601124 1678946 13112709 4093774691 4093774691 0 3853177597 0 68.200757 781 781 1041073 781000 1526 1358 120 160000 250000 119 158627 123596 12 16000 25000 12 16000 25000 4573
1791391721994198 10 0 0 10 10 10 0 0 0 0 0 0 962 119 119 0 1800 838 719 0 719 0 0 0 53830788 75618 0 20072 93222 51699 21729259 1679042 13134590 4095075261 4095075261 0 3854680170 0 68.194297 768 768 1023744 768000 209 1247 120 160000 250000 119 158627 123597 12 16000 25000 12 16000 25000 4575
1791391722007413 10 0 0 10 10 10 0 0 0 0 0 0 961 119 119 0 1800 839 720 0 720 0 0 0 53843618 75704 0 20084 93310 51715 21729276 1679198 13145294 4097342790 4097342790 0 3856184244 0 68.204564 756 756 1007748 756000 197 1146 120 160000 250000 119 158627 123600 12 16000 25000 12 16000 25000 4577
1791391722074387 10 0 0 10 10 10 0 0 0 0 0 0 960 119 119 0 1800 840 721 0 721 0 0 0 53869685 75803 0 20099 93430 51741 21769822 1679287 13167068 4110373496 4110373496 0 3857685537 0 68.198023 750 750 999750 750000 655 1099 120 160000 250000 119 158627 123608 12 16000 25000 12 16000 25000 4585
1791391722157676 10 0 0 10 10 10 0 0 0 0 0 0 959 119 119 0 1800 841 722 0 722 0 0 0 53898301 75904 0 20116 93556 51774 21824071 1679412 13191189 4115686050 4115686050 0 3859183553 0 68.188207 773 773 1030409 773000 2091 1197 120 160000 250000 119 158627 123611 12 16000 25000 12 16000 25000 4588
1791391722175205 10 0 0 10 10 10 0 0 0 0 0 0 958 119 119 0 1800 842 723 0 723 0 0 0 53915452 75988 0 20130 93659 51790 21824091 1679542 13205838 4122290972 4122290972 0 3860687834 0 68.193010 754 754 1005082 754000 624 1142 120 160000 250000 119 158627 123619 12 16000 25000 12 16000 25000 4596
1791391722216825 10 0 0 10 10 10 0 0 0 0 0 0 957 119 119 0 1800 843 724 0 724 0 0 0 53941809 76087 0 20145 93772 51816 21839001 1679627 13227587 4135506844 4135506844 0 3862189772 0 68.186128 763 763 1017079 763000 1539 1181 120 160000 250000 119 158627 123627 12 16000 25000 12 16000 25000 4605
1791391722265318 10 0 0 10 10 10 0 0 0 0 0 0 956 119 119 0 1800 844 725 0 725 0 0 0 53967849 76202 0 20162 93902 51835 21861036 1679757 13249443 4141010576 4141010576 0 3863712869 0 68.180006 794 794 1058402 794000 2142 1276 120 160000 250000 119 158627 123635 12 16000 25000 12 16000 25000 4613
1791391722276384 10 0 0 10 10 10 0 0 0 0 0 0 955 119 119 0 1800 845 726 0 726 0 0 0 53978560 76288 0 20179 93990 51850 21861048 1679890 13257900 4152799935 4152799935 0 3865213452 0 68.192862 776 776 1034408 776000 1053 1255 120 160000 250000 119 158627 123644 12 16000 25000 12 16000 25000 4621
1791391722293462 10 0 0 10 10 10 0 0 0 0 0 0 954 119 119 0 1800 846 727 0 727 0 0 0 53995342 76371 0 20193 94075 51866 21861067 1679963 13272495 4155396941 4155396941 0 3866703985 0 68.197882 841 841 1121053 841000 2571 1384 120 160000 250000 119 158627 123647 12 16000 25000 12 16000 25000 4624
1791391722301661 10 0 0 10 10 10 0 0 0 0 0 0 953 119 118 1 1800 847 728 0 728 0 0 0 54003225 76447 0 20206 94198 51877 21861079 1680039 13278728 4169012508 4168314999 0 3868206105 0 68.214334 839 839 1118387 839000 571 1306 120 160000 250000 119 158627 123657 12 16000 25000 12 16000 25000 4633
1791391722301857 10 0 0 10 10 10 0 0 0 0 0 0 953 118 118 0 1800 847 729 0 729 0 0 0 54003225 76519 0 20220 94235 51885 21861083 1680097 13278728 4169012508 4169012508 0 3868206105 0 68.214243 860 860 1146380 860000 2530 1427 120 160000 250000 118 157294 122661 12 16000 25000 12 16000 25000 4639
1791391722302112 10 0 0 10 10 10 0 0 0 0 0 0 953 117 116 1 1800 847 730 0 730 0 0 0 54003225 76597 0 20233 94307 51901 21861087 1680166 13278728 4188807989 4182112019 0 3868206105 0 68.214145 851 851 1134383 851000 126 1301 120 160000 250000 117 155961 121667 12 16000 25000 12 16000 25000 4646
1791391722302271 10 0 0 10 10 10 0 0 0 0 0 0 953 116 116 0 1800 847 731 0 731 0 0 0 54003225 76674 0 20249 94307 51908 21861091 1680221 13278728 4188807989 4188807989 0 3868206105 0 68.214048 879 879 1171707 879000 3648 1531 120 160000 250000 116 154628 120661 12 16000 25000 12 16000 25000 4645
1791391722310974 10 0 0 10 10 10 0 0 0 0 0 0 949 119 119 0 1800 851 732 0 732 0 0 0 54011651 76753 0 20261 94424 51917 21861100 1680268 13280874 4202035218 4202035218 0 3874214237 0 68.309256 914 914 1218362 914000 1475 1527 120 160000 250000 119 158627 123681 12 16000 25000 12 16000 25000 4657
1791391722328767 10 0 0 10 10 10 0 0 0 0 0 0 948 119 119 0 1800 852 733 0 733 0 0 0 54029148 76841 0 20274 94511 51935 21861123 1680329 13295640 4208801320 4208801320 0 3875703666 0 68.313307 949 949 1265017 949000 2699 1642 120 160000 250000 119 158627 123689 12 16000 25000 12 16000 25000 4665
1791391722351742 10 0 0 10 10 10 0 0 0 0 0 0 947 119 119 0 1800 853 734 0 734 0 0 0 54051784 76933 0 20288 94615 51957 21861149 1680403 13315039 4215630056 4215630056 0 3876940027 0 68.306406 963 963 1283679 963000 1296 1609 120 160000 250000 119 158627 123697 12 16000 25000 12 16000 25000 4673
1791391722375039 10 0 0 10 10 10 0 0 0 0 0 0 946 119 119 0 1800 854 735 0 735 0 0 0 54074729 77022 0 20303 94707 51981 21861172 1680504 13334642 4228837873 4228837873 0 3878435797 0 68.303694 960 960 1279680 960000 816 1533 120 160000 250000 119 158627 123705 12 16000 25000 12 16000 25000 4681
1791391722470587 10 0 0 10 10 10 0 0 0 0 0 0 945 119 119 0 1800 855 736 0 736 0 0 0 54100645 77120 0 20318 94823 52000 21930421 1680621 13356161 4237366582 4237366582 0 3879962134 0 68.297765 997 997 1329001 997000 1862 1566 120 160000 250000 119 158627 123714 12 16000 25000 12 16000 25000 4690
1791391722522581 10 0 0 10 10 10 0 0 0 0 0 0 944 119 119 0 1800 856 737 0 737 0 0 0 54126657 77218 0 20334 94958 52025 21955991 1680752 13377545 4244126289 4244126289 0 3881473546 0 68.291458 1016 1016 1354328 1016000 1560 1566 120 160000 250000 119 158627 123721 12 16000 25000 12 16000 25000 4698
1791391722531425 10 0 0 10 10 10 0 0 0 0 0 0 943 119 119 0 1800 857 738 0 738 0 0 0 54135158 77300 0 20347 95039 52039 21956002 1680886 13383921 4248623738 4248623738 0 3882973682 0 68.307035 1025 1025 1366325 1025000 1039 1515 120 160000 250000 119 158627 123728 12 16000 25000 12 16000 25000 4704
1791391722550875 10 0 0 10 10 10 0 0 0 0 0 0 942 119 119 0 1800 858 739 0 739 0 0 0 54154316 77382 0 20361 95120 52055 21956023 1680952 13400716 4255061657 4255061657 0 3884468579 0 68.309090 1032 1032 1375656 1032000 1118 1478 120 160000 250000 119 158627 123736 12 16000 25000 12 16000 25000 4712
1791391722580060 10 0 0 10 10 10 0 0 0 0 0 0 941 119 119 0 1800 859 740 0 740 0 0 0 54180031 77494 0 20376 95246 52078 21959109 1681053 13422239 4260743742 4260743742 0 3885975795 0 68.303066 1167 1167 1555611 1167000 1163 1448 120 160000 250000 119 158627 123745 12 16000 25000 12 16000 25000 4721
1791391722656645 10 0 0 10 10 10 0 0 0 0 0 0 940 119 119 0 1800 860 741 0 741 0 0 0 54205622 77590 0 20391 95379 52099 22009694 1681179 13443595 4267441498 4267441498 0 3887189271 0 68.292064 1181 1181 1574273 1181000 1129 1418 120 160000 250000 119 158627 123753 12 16000 25000 12 16000 25000 4729
1791391722660766 10 0 0 10 10 10 0 0 0 0 0 0 939 119 119 0 1800 861 742 0 742 0 0 0 54209440 77669 0 20404 95440 52107 22009702 1681305 13445751 4280887151 4280887151 0 3888689570 0 68.313517 1199 1199 1598267 1199000 1038 1381 120 160000 250000 119 158627 123761 12 16000 25000 12 16000 25000 4737
1791391722706978 10 0 0 10 10 10 0 0 0 0 0 0 938 119 119 0 1800 862 743 0 743 0 0 0 54235344 77769 0 20420 95591 52131 22029656 1681363 13467416 4289417797 4289417797 0 3890196346 0 68.307268 1228 1228 1636924 1228000 2425 1484 120 160000 250000 119 158627 123769 12 16000 25000 12 16000 25000 4745
1791391722724709 10 0 0 10 10 10 0 0 0 0 0 0 937 119 119 0 1800 863 744 0 744 0 0 0 54252711 77851 0 20434 95676 52152 22029679 1681494 13482313 4294941849 4294941849 0 3891429799 0 68.306981 1230 1230 1639590 1230000 1234 1461 120 160000 250000 119 158627 123776 12 16000 25000 12 16000 25000 4753
1791391722811760 10 0 0 10 10 10 0 0 0 0 0 0 936 119 119 0 1800 864 745 0 745 0 0 0 54278431 77948 0 20450 95799 52177 22090656 1681580 13503602 4300550735 4300550735 0 3892934277 0 68.300934 1266 1266 1687578 1266000 1167 1433 120 160000 250000 119 158627 123785 12 16000 25000 12 16000 25000 4761
1791391722918351 10 0 0 10 10 10 0 0 0 0 0 0 935 119 119 0 1800 865 746 0 746 0 0 0 54304271 78047 0 20465 95915 52201 22171022 1681702 13525103 4307187596 4307187596 0 3894432098 0 68.294622 1279 1279 1704907 1279000 1082 1400 120 160000 250000 119 158627 123793 12 16000 25000 12 16000 25000 4770
1791391722927388 10 0 0 10 10 10 0 0 0 0 0 0 934 119 119 0 1800 866 747 0 747 0 0 0 54312980 78122 0 20478 95992 52215 22171034 1681831 13531510 4312674477 4312674477 0 3895921194 0 68.309702 1273 1273 1696909 1273000 1011 1363 120 160000 250000 119 158627 123801 12 16000 25000 12 16000 25000 4778
1791391722959420 10 0 0 10 10 10 0 0 0 0 0 0 933 119 119 0 1800 867 748 0 748 0 0 0 54338267 78225 0 20494 96121 52240 22177431 1681900 13552824 4325772092 4325772092 0 3897422098 0 68.304134 1280 1280 1706240 1280000 1363 1363 120 160000 250000 119 158627 123808 12 16000 25000 12 16000 25000 4786
1791391722972450 10 0 0 10 10 10 0 0 0 0 0 0 932 119 119 0 1800 868 749 0 749 0 0 0 54350959 78306 0 20507 96205 52255 22177448 1682020 13563474 4331232395 4331232395 0 3898921316 0 68.314373 1365 1365 1819545 1365000 2112 1437 120 160000 250000 119 158627 123817 12 16000 25000 12 16000 25000 4794
1791391722996272 10 0 0 10 10 10 0 0 0 0 0 0 931 119 119 0 1800 869 750 0 750 0 0 0 54374427 78401 0 20522 96310 52276 22177473 1682099 13582487 4337814009 4337814009 0 3900422325 0 68.311100 1370 1370 1826210 1370000 1206 1415 120 160000 250000 119 158627 123825 12 16000 25000 12 16000 25000 4802
1791391723007173 10 0 0 10 10 10 0 0 0 0 0 0 930 119 119 0 1800 870 751 0 751 0 0 0 54384987 78493 0 20543 96390 52289 22177486 1682218 13591010 4338810661 4338810661 0 3901924191 0 68.324038 1352 1352 1802216 1352000 1251 1400 120 160000 250000 119 158627 123826 12 16000 25000 12 16000 25000 4803
1791391723013412 10 0 0 10 10 10 0 0 0 0 0 0 929 119 119 0 1800 871 752 0 752 0 0 0 54390912 78571 0 20556 96477 52299 22177495 1682327 13595205 4345370819 4345370819 0 3903432874 0 68.342923 1328 1328 1770224 1328000 345 1298 120 160000 250000 119 158627 123834 12 16000 25000 12 16000 25000 4811
1791391723043331 10 0 0 10 10 10 0 0 0 0 0 0 928 119 119 0 1800 872 753 0 753 0 0 0 54416090 78681 0 20570 96603 52323 22181887 1682392 13616276 4358177291 4358177291 0 3904938447 0 68.337557 1326 1326 1767558 1326000 1062 1276 120 160000 250000 119 158627 123842 12 16000 25000 12 16000 25000 4819
1791391723127479 10 0 0 10 10 10 0 0 0 0 0 0 927 119 119 0 1800 873 754 0 754 0 0 0 54441491 78782 0 20585 96726 52346 22240242 1682513 13637439 4363815861 4363815861 0 3906439157 0 68.331842 1358 1358 1810214 1358000 2298 1377 120 160000 250000 119 158627 123850 12 16000 25000 12 16000 25000 4827
1791391723189124 10 0 0 10 10 10 0 0 0 0 0 0 926 119 119 0 1800 874 755 0 755 0 0 0 54466898 78896 0 20612 96842 52370 22276073 1682642 13658657 4369245080 4369245080 0 3907926812 0 68.325881 1349 1349 1798217 1349000 881 1330 120 160000 250000 119 158627 123856 12 16000 25000 12 16000 25000 4834
1791391723259437 10 0 0 10 10 10 0 0 0 0 0 0 925 119 119 0 1800 875 756 0 756 0 0 0 54492235 78998 0 20629 96971 52395 22320645 1682769 13679713 4371464123 4371464123 0 3909143346 0 68.315290 1341 1341 1787553 1341000 936 1293 120 160000 250000 119 158627 123858 12 16000 25000 12 16000 25000 4837
1791391723324868 10 0 0 10 10 10 0 0 0 0 0 0 924 119 119 0 1800 876 757 0 757 0 0 0 54517550 79098 0 20646 97089 52421 22360363 1682901 13700765 4378049725 4378049725 0 3910348158 0 68.304534 1331 1331 1774223 1331000 420 1209 120 160000 250000 119 158627 123867 12 16000 25000 12 16000 25000 4844
1791391723378331 10 0 0 10 10 10 0 0 0 0 0 0 923 119 119 0 1800 877 758 0 758 0 0 0 54543370 79215 0 20673 97219 52446 22387579 1683029 13721929 4383735195 4383735195 0 3911842574 0 68.298192 1328 1328 1770224 1328000 1020 1191 120 160000 250000 119 158627 123876 12 16000 25000 12 16000 25000 4853
1791391723543020 10 0 0 10 10 10 0 0 0 0 0 0 922 119 119 0 1800 878 759 0 759 0 0 0 54569021 79312 0 20688 97346 52473 22526209 1683162 13743152 4384961283 4384961283 0 3913339046 0 68.292128 1354 1354 1804882 1354000 1072 1181 120 160000 250000 119 158627 123877 12 16000 25000 12 16000 25000 4853
1791391723549536 10 0 0 10 10 10 0 0 0 0 0 0 921 119 119 0 1800 879 760 0 760 0 0 0 54575150 79392 0 20701 97434 52485 22526220 1683335 13747500 4390465239 4390465239 0 3914846085 0 68.310666 1331 1331 1774223 1331000 213 1087 120 160000 250000 119 158627 123886 12 16000 25000 12 16000 25000 4861
1791391723573565 10 0 0 10 10 10 0 0 0 0 0 0 920 119 119 0 1800 880 761 0 761 0 0 0 54598802 79487 0 20716 97556 52508 22526246 1683421 13766575 4392751148 4392751148 0 3916341571 0 68.307082 1334 1334 1778222 1334000 1083 1087 120 160000 250000 119 158627 123889 12 16000 25000 12 16000 25000 4864
1791391723637046 10 0 0 10 10 10 0 0 0 0 0 0 919 119 119 0 1800 881 762 0 762 0 0 0 54624783 79587 0 20734 97673 52538 22563358 1683537 13787649 4399294687 4399294687 0 3917554561 0 68.295662 1315 1315 1752895 1315000 360 1017 120 160000 250000 119 158627 123897 12 16000 25000 12 16000 25000 4872
1791391723641269 10 0 0 10 10 10 0 0 0 0 0 0 918 119 119 0 1800 882 763 0 763 0 0 0 54628680 79671 0 20748 97745 52547 22563364 1683672 13789795 4405779870 4405779870 0 3919056492 0 68.316874 1288 1288 1716904 1288000 1015 1017 120 160000 250000 119 158627 123904 12 16000 25000 12 16000 25000 4879
1791391723654154 10 0 0 10 10 10 0 0 0 0 0 0 917 119 119 0 1800 883 764 0 764 0 0 0 54641287 79756 0 20766 97841 52555 22563371 1683733 13791981 4416077926 4416077926 0 3920551080 0 68.327076 1270 1270 1692910 1270000 1331 1048 120 160000 250000 119 158627 123912 12 16000 25000 12 16000 25000 4886
1791391723690398 10 0 0 10 10 10 0 0 0 0 0 0 916 119 119 0 1800 884 765 0 765 0 0 0 54677285 79839 0 20779 97917 52565 22563380 1683782 13796284 4422848041 4422848041 0 3921768866 0 68.303263 1278 1278 1703574 1278000 1438 1087 120 160000 250000 119 158627 123921 12 16000 25000 12 16000 25000 4894
1791391723707708 10 0 0 10 10 10 0 0 0 0 0 0 915 119 119 0 1800 885 766 0 766 0 0 0 54694305 79921 0 20792 98016 52581 22563399 1683835 13811155 4430114844 4430114844 0 3923272168 0 68.308111 1254 1254 1671582 1254000 1310 1110 120 160000 250000 119 158627 123928 12 16000 25000 12 16000 25000 4902
1791391723712317 10 0 0 10 10 10 0 0 0 0 0 0 914 119 119 0 1800 886 767 0 767 0 0 0 54698614 79997 0 20805 98086 52590 22563405 1683957 13813300 4436855943 4436855943 0 3924773564 0 68.328782 1253 1253 1670249 1253000 1475 1164 120 160000 250000 119 158627 123935 12 16000 25000 12 16000 25000 4910
1791391723731769 10 0 0 10 10 10 0 0 0 0 0 0 913 119 119 0 1800 887 768 0 768 0 0 0 54717775 80079 0 20819 98180 52606 22563425 1684010 13830251 4443351689 4443351689 0 3926263250 0 68.330713 1264 1264 1684912 1264000 1201 1168 120 160000 250000 119 158627 123943 12 16000 25000 12 16000 25000 4918
1791391723770651 10 0 0 10 10 10 0 0 0 0 0 0 912 119 119 0 1800 888 769 0 769 0 0 0 54751243 80179 0 20834 98325 52640 22568466 1684081 13859392 4449880813 4449880813 0 3927754128 0 68.314811 1282 1282 1708906 1282000 923 1145 120 160000 250000 119 158627 123951 12 16000 25000 12 16000 25000 4926
1791391723804728 10 0 0 10 10 10 0 0 0 0 0 0 911 119 119 0 1800 889 770 0 770 0 0 0 54775967 80286 0 20849 98454 52660 22577410 1684207 13880111 4463757604 4463757604 0 3929252951 0 68.309945 1294 1294 1724902 1294000 1575 1188 120 160000 250000 119 158627 123958 12 16000 25000 12 16000 25000 4934
1791391723836081 10 0 0 10 10 10 0 0 0 0 0 0 910 119 119 0 1800 890 771 0 771 0 0 0 54800868 80384 0 20864 98583 52701 22583415 1684357 13900859 4468730234 4468730234 0 3930750572 0 68.304853 1300 1300 1732900 1300000 2428 1309 120 160000 250000 119 158627 123961 12 16000 25000 12 16000 25000 4937
1791391723864800 10 0 0 10 10 10 0 0 0 0 0 0 909 119 119 0 1800 891 772 0 772 0 0 0 54826010 80482 0 20880 98715 52736 22586573 1684485 13921560 4469777939 4469777939 0 3931978519 0 68.294782 1310 1310 1746230 1310000 812 1262 120 160000 250000 119 158627 123961 12 16000 25000 12 16000 25000 4938
1791391723903685 10 0 0 10 10 10 0 0 0 0 0 0 908 119 119 0 1800 892 773 0 773 0 0 0 54851120 80581 0 20895 98830 52763 22599919 1684646 13942353 4476642601 4476642601 0 3933476250 0 68.289443 1286 1286 1714238 1286000 207 1160 120 160000 250000 119 158627 123970 12 16000 25000 12 16000 25000 4946
1791391723974638 10 0 0 10 10 10 0 0 0 0 0 0 907 119 119 0 1800 893 774 0 774 0 0 0 54875884 80681 0 20909 98946 52791 22645671 1684813 13963088 4477597123 4477597123 0 3934967014 0 68.284417 1262 1262 1682246 1262000 1113 1156 120 160000 250000 119 158627 123971 12 16000 25000 12 16000 25000 4947
1791391723983356 10 0 0 10 10 10 0 0 0 0 0 0 906 119 119 0 1800 894 775 0 775 0 0 0 54884260 80772 0 20922 99025 52803 22645682 1684940 13969561 4478919115 4478919115 0 3936464334 0 68.299877 1240 1240 1652920 1240000 147 1059 120 160000 250000 119 158627 123972 12 16000 25000 12 16000 25000 4948
1791391724000412 10 0 0 10 10 10 0 0 0 0 0 0 905 119 119 0 1800 895 776 0 776 0 0 0 54901006 80854 0 20935 99121 52818 22645702 1685016 13984248 4481105649 4481105649 0 3937967431 0 68.305045 1202 1202 1602266 1202000 297 985 120 160000 250000 119 158627 123973 12 16000 25000 12 16000 25000 4949
1791391724034617 10 0 0 10 10 10 0 0 0 0 0 0 904 119 119 0 1800 896 777 0 777 0 0 0 54926066 80953 0 20951 99245 52844 22654489 1685092 14004649 4489205860 4489205860 0 3939186616 0 68.294941 1196 1196 1594268 1196000 396 928 120 160000 250000 119 158627 123981 12 16000 25000 12 16000 25000 4957
1791391724045521 10 0 0 10 10 10 0 0 0 0 0 0 903 119 119 0 1800 897 778 0 778 0 0 0 54936623 81034 0 20965 99333 52857 22654503 1685222 14013171 4496016360 4496016360 0 3940699836 0 68.307966 1173 1173 1563609 1173000 1291 965 120 160000 250000 119 158627 123989 12 16000 25000 12 16000 25000 4965
1791391724060326 10 0 0 10 10 10 0 0 0 0 0 0 902 119 119 0 1800 898 779 0 779 0 0 0 54951133 81115 0 20979 99419 52871 22654522 1685295 14025783 4502638201 4502638201 0 3942205758 0 68.315951 1187 1187 1582271 1187000 916 961 120 160000 250000 119 158627 123996 12 16000 25000 12 16000 25000 4973
1791391724104975 10 0 0 10 10 10 0 0 0 0 0 0 901 119 119 0 1800 899 780 0 780 0 0 0 54975597 81228 0 20994 99544 52894 22674353 1685367 14046264 4515748231 4515748231 0 3943697778 0 68.311300 1164 1164 1551612 1164000 1811 1045 120 160000 250000 119 158627 124004 12 16000 25000 12 16000 25000 4981
1791391724143814 10 0 0 10 10 10 0 0 0 0 0 0 900 119 119 0 1800 900 781 0 781 0 0 0 55000932 81325 0 21010 99665 52921 22687465 1685495 14067242 4522534774 4522534774 0 3945201783 0 68.305800 1176 1176 1567608 1176000 1844 1123 120 160000 250000 119 158627 124012 12 16000 25000 12 16000 25000 4989
1791391724200019 10 0 0 10 10 10 0 0 0 0 0 0 899 119 119 0 1800 901 782 0 782 0 0 0 55026076 81435 0 21026 99785 52943 22718124 1685620 14088205 4526640575 4526640575 0 3946703053 0 68.300478 1147 1147 1528951 1147000 1081 1119 120 160000 250000 119 158627 124017 12 16000 25000 12 16000 25000 4996
1791391724267049 10 0 0 10 10 10 0 0 0 0 0 0 898 119 119 0 1800 902 783 0 783 0 0 0 55051260 81537 0 21041 99929 52965 22759540 1685755 14109161 4533211642 4533211642 0 3948197978 0 68.295012 1140 1140 1519620 1140000 893 1098 120 160000 250000 119 158627 124026 12 16000 25000 12 16000 25000 5004
1791391724276010 10 0 0 10 10 10 0 0 0 0 0 0 897 119 119 0 1800 903 784 0 784 0 0 0 55059878 81619 0 21055 100007 52978 22759552 1685893 14115698 4542740366 4542740366 0 3949697454 0 68.310170 1147 1147 1528951 1147000 1026 1092 120 160000 250000 119 158627 124034 12 16000 25000 12 16000 25000 5012
1791391724327938 10 0 0 10 10 10 0 0 0 0 0 0 896 119 119 0 1800 904 785 0 785 0 0 0 55084820 81730 0 21071 100129 52998 22786189 1685967 14136571 4548359171 4548359171 0 3951201069 0 68.305141 1146 1146 1527618 1146000 2276 1209 120 160000 250000 119 158627 124043 12 16000 25000 12 16000 25000 5020
1791391724355785 10 0 0 10 10 10 0 0 0 0 0 0 895 119 119 0 1800 905 786 0 786 0 0 0 55110489 81839 0 21093 100256 53020 22787935 1686116 14157765 4554950301 4554950301 0 3952704711 0 68.299220 1137 1137 1515621 1137000 1105 1200 120 160000 250000 119 158627 124050 12 16000 25000 12 16000 25000 5028
1791391724359932 10 0 0 10 10 10 0 0 0 0 0 0 894 119 119 0 1800 906 787 0 787 0 0 0 55114330 81917 0 21105 100320 53029 22787941 1686246 14159943 4560775416 4560775416 0 3954213279 0 68.320436 1136 1136 1514288 1136000 994 1181 120 160000 250000 119 158627 124058 12 16000 25000 12 16000 25000 5035
1791391724378226 10 0 0 10 10 10 0 0 0 0 0 0 893 119 119 0 1800 907 788 0 788 0 0 0 55132326 82000 0 21119 100424 53044 22787960 1686305 14174918 4567287757 4567287757 0 3955712177 0 68.323955 1125 1125 1499625 1125000 735 1138 120 160000 250000 119 158627 124066 12 16000 25000 12 16000 25000 5043
1791391724395550 10 0 0 10 10 10 0 0 0 0 0 0 892 119 119 0 1800 908 789 0 789 0 0 0 55149349 82090 0 21133 100506 53063 22787979 1686373 14189747 4575623087 4575623087 0 3957216976 0 68.328768 1126 1126 1500958 1126000 1244 1149 120 160000 250000 119 158627 124074 12 16000 25000 12 16000 25000 5051
1791391724508247 10 0 0 10 10 10 0 0 0 0 0 0 891 119 119 0 1800 909 790 0 790 0 0 0 55174162 82198 0 21149 100639 53085 22875506 1686443 14210392 4576487517 4576487517 0 3958732444 0 68.324107 1135 1135 1512955 1135000 1568 1190 120 160000 250000 119 158627 124074 12 16000 25000 12 16000 25000 5052
1791391724514724 10 0 0 10 10 10 0 0 0 0 0 0 890 119 119 0 1800 910 791 0 791 0 0 0 55180278 82278 0 21162 100716 53097 22875516 1686603 14214757 4577618827 4577618827 0 3960231171 0 68.342310 1113 1113 1483629 1113000 134 1088 120 160000 250000 119 158627 124076 12 16000 25000 12 16000 25000 5053
1791391724525613 10 0 0 10 10 10 0 0 0 0 0 0 889 119 119 0 1800 911 792 0 792 0 0 0 55190868 82357 0 21175 100809 53109 22875530 1686684 14223334 4584173892 4584173892 0 3961740159 0 68.355155 1072 1072 1428976 1072000 235 1006 120 160000 250000 119 158627 124084 12 16000 25000 12 16000 25000 5061
1791391724542863 10 0 0 10 10 10 0 0 0 0 0 0 888 119 119 0 1800 912 793 0 793 0 0 0 55207823 82443 0 21188 100900 53124 22875552 1686746 14238193 4589734341 4589734341 0 3963234479 0 68.359862 1073 1073 1430309 1073000 1376 1043 120 160000 250000 119 158627 124092 12 16000 25000 12 16000 25000 5069
1791391724605664 10 0 0 10 10 10 0 0 0 0 0 0 887 119 119 0 1800 913 794 0 794 0 0 0 55233121 82542 0 21204 101034 53149 22912709 1686814 14259037 4590621116 4590621116 0 3964738684 0 68.354409 1073 1073 1430309 1073000 1166 1056 120 160000 250000 119 158627 124093 12 16000 25000 12 16000 25000 5070
1791391724644326 10 0 0 10 10 10 0 0 0 0 0 0 886 119 119 0 1800 914 795 0 795 0 0 0 55257991 82638 0 21220 101150 53171 22926089 1686965 14279673 4597344846 4597344846 0 3966229472 0 68.349263 1051 1051 1400983 1051000 139 968 120 160000 250000 119 158627 124101 12 16000 25000 12 16000 25000 5078
1791391724676921 10 0 0 10 10 10 0 0 0 0 0 0 885 119 119 0 1800 915 796 0 796 0 0 0 55283018 82735 0 21235 101269 53195 22933258 1687102 14300390 4603964767 4603964767 0 3967739401 0 68.344255 1053 1053 1403649 1053000 1068 978 120 160000 250000 119 158627 124109 12 16000 25000 12 16000 25000 5086
1791391724694569 10 0 0 10 10 10 0 0 0 0 0 0 884 119 119 0 1800 916 797 0 797 0 0 0 55300294 82820 0 21248 101356 53212 22933277 1687243 14315310 4604750633 4604750633 0 3969236594 0 68.348612 1049 1049 1398317 1049000 1073 988 120 160000 250000 119 158627 124109 12 16000 25000 12 16000 25000 5087
1791391724770921 10 0 0 10 10 10 0 0 0 0 0 0 883 119 119 0 1800 917 798 0 798 0 0 0 55324801 82921 0 21263 101487 53236 22984750 1687336 14335830 4611458019 4611458019 0 3970738417 0 68.344106 1010 1010 1346330 1010000 167 908 120 160000 250000 119 158627 124117 12 16000 25000 12 16000 25000 5095
1791391724822259 10 0 0 10 10 10 0 0 0 0 0 0 882 119 119 0 1800 918 799 0 799 0 0 0 55349718 83020 0 21278 101614 53259 23010735 1687502 14356555 4618208951 4618208951 0 3972245908 0 68.339199 1006 1006 1340998 1006000 1010 919 120 160000 250000 119 158627 124126 12 16000 25000 12 16000 25000 5103
1791391724833158 10 0 0 10 10 10 0 0 0 0 0 0 881 119 119 0 1800 919 800 0 800 0 0 0 55360259 83114 0 21291 101702 53271 23010748 1687632 14365084 4618838712 4618838712 0 3973746867 0 68.351908 1004 1004 1338332 1004000 1086 936 120 160000 250000 119 158627 124126 12 16000 25000 12 16000 25000 5104
1791391724973779 10 0 0 10 10 10 0 0 0 0 0 0 880 119 119 0 1800 920 801 0 801 0 0 0 55385449 83218 0 21307 101836 53292 23125795 1687736 14385439 4625477894 4625477894 0 3975242423 0 68.346452 1002 1002 1335666 1002000 203 866 120 160000 250000 119 158627 124135 12 16000 25000 12 16000 25000 5112
1791391725029389 10 0 0 10 10 10 0 0 0 0 0 0 879 119 119 0 1800 921 802 0 802 0 0 0 55410285 83326 0 21327 101944 53323 23156159 1687875 14405881 4627495029 4627495029 0 3976749754 0 68.341635 1000 1000 1333000 1000000 1003 880 120 160000 250000 119 158627 124137 12 16000 25000 12 16000 25000 5114
1791391725067896 10 0 0 10 10 10 0 0 0 0 0 0 878 119 119 0 1800 922 803 0 803 0 0 0 55435178 83423 0 21343 102074 53345 23169362 1688010 14426311 4634157460 4634157460 0 3978255125 0 68.336732 964 964 1285012 964000 418 836 120 160000 250000 119 158627 124145 12 16000 25000 12 16000 25000 5123
1791391725074218 10 0 0 10 10 10 0 0 0 0 0 0 877 119 119 0 1800 923 804 0 804 0 0 0 55441162 83509 0 21362 102151 53357 23169372 1688143 14430609 4639603384 4639603384 0 3979752290 0 68.354976 967 967 1289011 967000 989 852 120 160000 250000 119 158627 124152 12 16000 25000 12 16000 25000 5131
1791391725208051 10 0 0 10 10 10 0 0 0 0 0 0 876 119 119 0 1800 924 805 0 805 0 0 0 55488526 83614 0 21378 102336 53397 23255421 1688204 14471293 4640827718 4640827718 0 3981249537 0 68.322282 975 975 1299675 975000 1525 918 120 160000 250000 119 158627 124153 12 16000 25000 12 16000 25000 5132
1791391725251628 10 0 0 10 10 10 0 0 0 0 0 0 875 119 119 0 1800 925 806 0 806 0 0 0 55513159 83717 0 21394 102468 53425 23273930 1688351 14491611 4646407988 4646407988 0 3982751250 0 68.317644 959 959 1278347 959000 140 843 120 160000 250000 119 158627 124161 12 16000 25000 12 16000 25000 5140
1791391725391305 10 0 0 10 10 10 0 0 0 0 0 0 874 119 118 1 1800 926 807 0 807 0 0 0 55537862 83840 0 21427 102628 53449 23388437 1688485 14511939 4657304431 4651856541 0 3984270476 0 68.313199 958 958 1277014 958000 993 859 120 160000 250000 119 158627 124180 12 16000 25000 12 16000 25000 5156
1791391725391544 10 0 0 10 10 10 0 0 0 0 0 0 874 118 118 0 1800 926 808 0 808 0 0 0 55537862 83917 0 21443 102628 53457 23388441 1688618 14511939 4657304431 4657304431 0 3984270476 0 68.313105 958 958 1277014 958000 1056 879 120 160000 250000 118 157294 123174 12 16000 25000 12 16000 25000 5155
1791391725456572 10 0 0 10 10 10 0 0 0 0 0 0 872 119 119 0 1800 928 809 0 809 0 0 0 55564677 84016 0 21458 102775 53483 23426320 1688657 14532418 4662782342 4662782342 0 3987271344 0 68.331493 978 978 1303674 978000 1274 918 120 160000 250000 119 158627 124184 12 16000 25000 12 16000 25000 5163
1791391725534533 10 0 0 10 10 10 0 0 0 0 0 0 871 119 119 0 1800 929 810 0 810 0 0 0 55589443 84113 0 21474 102890 53506 23479123 1688790 14552745 4668169220 4668169220 0 3988769722 0 68.326644 970 970 1293010 970000 738 901 120 160000 250000 119 158627 124192 12 16000 25000 12 16000 25000 5170
1791391725591405 10 0 0 10 10 10 0 0 0 0 0 0 870 119 119 0 1800 930 811 0 811 0 0 0 55614637 84213 0 21489 103014 53531 23510386 1688921 14573056 4670794324 4670794324 0 3990278283 0 68.321445 982 982 1309006 982000 878 899 120 160000 250000 119 158627 124192 12 16000 25000 12 16000 25000 5171
1791391725817650 10 0 0 10 10 10 0 0 0 0 0 0 869 119 119 0 1800 931 812 0 812 0 0 0 55639202 84310 0 21504 103152 53558 23711648 1689054 14593298 4677650225 4677650225 0 3991810257 0 68.317426 967 967 1289011 967000 398 851 120 160000 250000 119 158627 124199 12 16000 25000 12 16000 25000 5178
1791391726069603 10 0 0 10 10 10 0 0 0 0 0 0 868 119 119 0 1800 932 813 0 813 0 0 0 55673172 84425 0 21520 103278 53584 23929204 1689188 14613530 4684379063 4684379063 0 3993316926 0 68.301433 966 966 1287678 966000 1226 888 120 160000 250000 119 158627 124206 12 16000 25000 12 16000 25000 5186
1791391726092404 10 0 0 10 10 10 0 0 0 0 0 0 867 119 119 0 1800 933 814 0 814 0 0 0 55695542 84528 0 21541 103382 53621 23929233 1689320 14631746 4685437640 4685437640 0 3994823812 0 68.299679 960 960 1279680 960000 1262 925 120 160000 250000 119 158627 124208 12 16000 25000 12 16000 25000 5187
1791391726099036 10 0 0 10 10 10 0 0 0 0 0 0 866 119 119 0 1800 934 815 0 815 0 0 0 55701805 84615 0 21561 103461 53631 23929244 1689481 14636053 4690801838 4690801838 0 3996315547 0 68.317406 943 943 1257019 943000 256 861 120 160000 250000 119 158627 124215 12 16000 25000 12 16000 25000 5194
1791391726112570 10 0 0 10 10 10 0 0 0 0 0 0 865 119 119 0 1800 935 816 0 816 0 0 0 55715036 84696 0 21575 103545 53646 23929261 1689563 14646623 4693103045 4693103045 0 3997821194 0 68.326841 924 924 1231692 924000 630 839 120 160000 250000 119 158627 124216 12 16000 25000 12 16000 25000 5195
1791391726208080 10 0 0 10 10 10 0 0 0 0 0 0 864 119 119 0 1800 936 817 0 817 0 0 0 55739280 84799 0 21590 103665 53673 24000187 1689626 14666755 4698417969 4698417969 0 3999323654 0 68.322708 906 906 1207698 906000 363 794 120 160000 250000 119 158627 124222 12 16000 25000 12 16000 25000 5201
1791391726249193 10 0 0 10 10 10 0 0 0 0 0 0 863 119 119 0 1800 937 818 0 818 0 0 0 55763696 84914 0 21609 103785 53696 24016476 1689755 14686927 4700970597 4700970597 0 4000814874 0 68.318162 903 903 1203699 903000 809 796 120 160000 250000 119 158627 124226 12 16000 25000 12 16000 25000 5204
1791391726422538 10 0 0 10 10 10 0 0 0 0 0 0 862 119 119 0 1800 938 819 0 819 0 0 0 55787951 85013 0 21625 103923 53719 24165131 1689898 14707041 4703059781 4703059781 0 4002311824 0 68.313934 883 883 1177039 883000 429 761 120 160000 250000 119 158627 124228 12 16000 25000 12 16000 25000 5207
1791391726464773 10 0 0 10 10 10 0 0 0 0 0 0 861 119 119 0 1800 939 820 0 820 0 0 0 55812314 85113 0 21641 104049 53744 24182599 1690030 14727128 4709682095 4709682095 0 4003816969 0 68.309717 844 844 1125052 844000 408 728 120 160000 250000 119 158627 124236 12 16000 25000 12 16000 25000 5215
1791391726511859 10 0 0 10 10 10 0 0 0 0 0 0 860 119 119 0 1800 940 821 0 821 0 0 0 55836687 85212 0 21656 104176 53769 24204901 1690164 14747200 4715026229 4715026229 0 4005334907 0 68.305710 848 848 1130384 848000 1023 757 120 160000 250000 119 158627 124244 12 16000 25000 12 16000 25000 5222
1791391726629957 10 0 0 10 10 10 0 0 0 0 0 0 859 119 119 0 1800 941 822 0 822 0 0 0 55861142 85323 0 21671 104298 53796 24298125 1690300 14767238 4727727140 4727727140 0 4006843997 0 68.301442 860 860 1146380 860000 858 768 120 160000 250000 119 158627 124252 12 16000 25000 12 16000 25000 5230
1791391726698092 10 0 0 10 10 10 0 0 0 0 0 0 858 119 119 0 1800 942 823 0 823 0 0 0 55885748 85438 0 21686 104429 53817 24341220 1690441 14787282 4733283410 4733283410 0 4008343345 0 68.296822 882 882 1175706 882000 2234 912 120 160000 250000 119 158627 124260 12 16000 25000 12 16000 25000 5238
1791391726732078 10 0 0 10 10 10 0 0 0 0 0 0 857 119 119 0 1800 943 824 0 824 0 0 0 55919434 85519 0 21701 104474 53825 24341228 1690574 14789417 4734546525 4734546525 0 4009839248 0 68.281116 874 874 1165042 874000 386 861 120 160000 250000 119 158627 124259 12 16000 25000 12 16000 25000 5239
1791391726739406 10 0 0 10 10 10 0 0 0 0 0 0 856 119 119 0 1800 944 825 0 825 0 0 0 55926461 85599 0 21714 104568 53836 24341238 1690663 14793764 4741195178 4741195178 0 4011340270 0 68.298009 851 851 1134383 851000 105 789 120 160000 250000 119 158627 124270 12 16000 25000 12 16000 25000 5247
1791391726792362 10 0 0 10 10 10 0 0 0 0 0 0 855 119 119 0 1800 945 826 0 826 0 0 0 55950852 85699 0 21729 104731 53861 24369429 1690727 14813827 4747810857 4747810857 0 4012898172 0 68.294673 839 839 1118387 839000 439 756 120 160000 250000 119 158627 124278 12 16000 25000 12 16000 25000 5255
1791391726810176 10 0 0 10 10 10 0 0 0 0 0 0 854 119 119 0 1800 946 827 0 827 0 0 0 55968301 85782 0 21742 104822 53882 24369447 1690853 14828817 4760734603 4760734603 0 4014403526 0 68.298924 834 834 1111722 834000 1027 783 120 160000 250000 119 158627 124286 12 16000 25000 12 16000 25000 5263
1791391726851117 10 0 0 10 10 10 0 0 0 0 0 0 853 119 119 0 1800 947 828 0 828 0 0 0 55992247 85897 0 21757 104939 53905 24386081 1690935 14848654 4766265753 4766265753 0 4015902233 0 68.295107 861 861 1147713 861000 2767 978 120 160000 250000 119 158627 124294 12 16000 25000 12 16000 25000 5272
1791391726922965 10 0 0 10 10 10 0 0 0 0 0 0 852 119 119 0 1800 948 829 0 829 0 0 0 56016433 85995 0 21773 105055 53939 24433352 1691058 14868654 4773090828 4773090828 0 4017408669 0 68.291152 848 848 1130384 848000 760 958 120 160000 250000 119 158627 124302 12 16000 25000 12 16000 25000 5280
1791391726960090 10 0 0 10 10 10 0 0 0 0 0 0 851 119 119 0 1800 949 830 0 830 0 0 0 56040743 86101 0 21788 105190 53958 24445745 1691194 14888622 4775212518 4775212518 0 4018904731 0 68.286865 830 830 1106390 830000 1072 970 120 160000 250000 119 158627 124305 12 16000 25000 12 16000 25000 5283
1791391726969019 10 0 0 10 10 10 0 0 0 0 0 0 850 119 119 0 1800 950 831 0 831 0 0 0 56049330 86183 0 21802 105271 53972 24445757 1691327 14895084 4781897982 4781897982 0 4020404794 0 68.301804 818 818 1090394 818000 425 918 120 160000 250000 119 158627 124313 12 16000 25000 12 16000 25000 5291
1791391726986700 10 0 0 10 10 10 0 0 0 0 0 0 849 119 119 0 1800 951 832 0 832 0 0 0 56066705 86266 0 21815 105360 53989 24445778 1691401 14909972 4788534348 4788534348 0 4021914145 0 68.306203 824 824 1098392 824000 1232 949 120 160000 250000 119 158627 124320 12 16000 25000 12 16000 25000 5299
1791391727016436 10 0 0 10 10 10 0 0 0 0 0 0 848 119 119 0 1800 952 833 0 833 0 0 0 56090810 86384 0 21830 105485 54013 24451043 1691473 14929998 4801591182 4801591182 0 4023417951 0 68.302279 824 824 1098392 824000 1028 957 120 160000 250000 119 158627 124329 12 16000 25000 12 16000 25000 5307
1791391727023386 10 0 0 10 10 10 0 0 0 0 0 0 847 119 119 0 1800 953 834 0 834 0 0 0 56097429 86465 0 21844 105568 54022 24451053 1691601 14934337 4804500350 4804500350 0 4024922602 0 68.319674 831 831 1107723 831000 2142 1074 120 160000 250000 119 158627 124331 12 16000 25000 12 16000 25000 5309
1791391727052648 10 0 0 10 10 10 0 0 0 0 0 0 846 119 119 0 1800 954 835 0 835 0 0 0 56121459 86564 0 21859 105691 54043 24455952 1691670 14954263 4810164068 4810164068 0 4026421021 0 68.315769 812 812 1082396 812000 324 1002 120 160000 250000 119 158627 124339 12 16000 25000 12 16000 25000 5317
1791391727078446 10 0 0 10 10 10 0 0 0 0 0 0 845 119 119 0 1800 955 836 0 836 0 0 0 56146113 86663 0 21874 105818 54064 24456698 1691794 14974106 4814657471 4814657471 0 4027923831 0 68.311184 805 805 1073065 805000 697 973 120 160000 250000 119 158627 124346 12 16000 25000 12 16000 25000 5324
1791391727118734 10 0 0 10 10 10 0 0 0 0 0 0 844 119 119 0 1800 956 837 0 837 0 0 0 56170132 86760 0 21888 105946 54087 24472564 1691925 14993893 4821166223 4821166223 0 4029417110 0 68.307215 809 809 1078397 809000 954 973 120 160000 250000 119 158627 124354 12 16000 25000 12 16000 25000 5333
1791391727207302 10 0 0 10 10 10 0 0 0 0 0 0 843 119 119 0 1800 957 838 0 838 0 0 0 56194223 86857 0 21904 106069 54115 24536636 1692058 15013748 4824824602 4824824602 0 4030634959 0 68.298495 806 806 1074398 806000 1006 977 120 160000 250000 119 158627 124356 12 16000 25000 12 16000 25000 5334
1791391727218323 10 0 0 10 10 10 0 0 0 0 0 0 842 119 118 1 1800 958 839 0 839 0 0 0 56204852 86936 0 21917 106196 54127 24536652 1692190 15022303 4836988382 4831355407 0 4032136745 0 68.310945 790 790 1053070 790000 655 946 120 160000 250000 119 158627 124374 12 16000 25000 12 16000 25000 5351
1791391727218508 10 0 0 10 10 10 0 0 0 0 0 0 842 118 118 0 1800 958 840 0 840 0 0 0 56204852 87014 0 21934 106196 54134 24536655 1692269 15022303 4836988382 4836988382 0 4032136745 0 68.310851 813 813 1083729 813000 1460 997 120 160000 250000 118 157294 123369 12 16000 25000 12 16000 25000 5349
1791391727266295 10 0 0 10 10 10 0 0 0 0 0 0 840 119 119 0 1800 960 841 0 841 0 0 0 56230725 87114 0 21950 106365 54157 24558216 1692308 15042222 4839273939 4839273939 0 4035134895 0 68.330117 829 829 1105057 829000 1251 1023 120 160000 250000 119 158627 124375 12 16000 25000 12 16000 25000 5353
1791391727329223 10 0 0 10 10 10 0 0 0 0 0 0 839 119 119 0 1800 961 842 0 842 0 0 0 56255122 87211 0 21965 106492 54176 24596346 1692440 15062252 4841502823 4841502823 0 4036637537 0 68.325846 810 810 1079730 810000 343 957 120 160000 250000 119 158627 124378 12 16000 25000 12 16000 25000 5356
1791391727433389 10 0 0 10 10 10 0 0 0 0 0 0 838 119 119 0 1800 962 843 0 843 0 0 0 56279370 87309 0 21980 106609 54201 24675871 1692570 15082269 4847091342 4847091342 0 4038127982 0 68.321551 749 749 998417 749000 86 873 120 160000 250000 119 158627 124386 12 16000 25000 12 16000 25000 5364
1791391727552832 10 0 0 10 10 10 0 0 0 0 0 0 837 119 119 0 1800 963 844 0 844 0 0 0 56303833 87421 0 21995 106729 54230 24770439 1692701 15102211 4847586003 4847586003 0 4039665738 0 68.317783 766 766 1021078 766000 1122 898 120 160000 250000 119 158627 124387 12 16000 25000 12 16000 25000 5365
1791391727587084 10 0 0 10 10 10 0 0 0 0 0 0 836 119 119 0 1800 964 845 0 845 0 0 0 56328085 87519 0 22011 106858 54259 24779988 1692870 15122121 4860618851 4860618851 0 4041162960 0 68.313606 750 750 999750 750000 95 820 120 160000 250000 119 158627 124395 12 16000 25000 12 16000 25000 5373
1791391727643429 10 0 0 10 10 10 0 0 0 0 0 0 835 119 119 0 1800 965 846 0 846 0 0 0 56352253 87618 0 22027 106988 54280 24811712 1693047 15142035 4863186268 4863186268 0 4042379881 0 68.304796 768 768 1023744 768000 1936 929 120 160000 250000 119 158627 124397 12 16000 25000 12 16000 25000 5376
1791391727761297 10 0 0 10 10 10 0 0 0 0 0 0 834 119 119 0 1800 966 847 0 847 0 0 0 56376348 87714 0 22042 107109 54301 24905090 1693180 15161952 4868612517 4868612517 0 4043883076 0 68.300921 766 766 1021078 766000 328 871 120 160000 250000 119 158627 124405 12 16000 25000 12 16000 25000 5382
1791391727770080 10 0 0 10 10 10 0 0 0 0 0 0 833 119 119 0 1800 967 848 0 848 0 0 0 56384787 87795 0 22056 107193 54318 24905100 1693310 15168472 4879195092 4879195092 0 4045379680 0 68.315890 764 764 1018412 764000 893 874 120 160000 250000 119 158627 124412 12 16000 25000 12 16000 25000 5389
1791391727818082 10 0 0 10 10 10 0 0 0 0 0 0 832 119 119 0 1800 968 849 0 849 0 0 0 56408704 87895 0 22072 107315 54353 24928838 1693379 15188184 4884742443 4884742443 0 4046870233 0 68.312009 777 777 1035741 777000 2040 989 120 160000 250000 119 158627 124419 12 16000 25000 12 16000 25000 5397
1791391727879055 10 0 0 10 10 10 0 0 0 0 0 0 831 119 119 0 1800 969 850 0 850 0 0 0 56432840 87995 0 22087 107436 54375 24965277 1693509 15207933 4891613094 4891613094 0 4048383410 0 68.308249 787 787 1049071 787000 1081 999 120 160000 250000 119 158627 124428 12 16000 25000 12 16000 25000 5406
1791391727883305 10 0 0 10 10 10 0 0 0 0 0 0 830 119 119 0 1800 970 851 0 851 0 0 0 56436755 88078 0 22100 107515 54386 24965283 1693640 15210103 4897186799 4897186799 0 4049602925 0 68.323993 788 788 1050404 788000 1058 1005 120 160000 250000 119 158627 124434 12 16000 25000 12 16000 25000 5412
1791391727896287 10 0 0 10 10 10 0 0 0 0 0 0 829 119 119 0 1800 971 852 0 852 0 0 0 56449463 88157 0 22113 107604 54400 24965299 1693697 15220813 4902786569 4902786569 0 4051104547 0 68.333870 797 797 1062401 797000 987 1005 120 160000 250000 119 158627 124443 12 16000 25000 12 16000 25000 5420
1791391727925429 10 0 0 10 10 10 0 0 0 0 0 0 828 119 119 0 1800 972 853 0 853 0 0 0 56472998 88253 0 22129 107725 54424 24970583 1693759 15240292 4908404003 4908404003 0 4052606752 0 68.330649 803 803 1070399 803000 1957 1099 120 160000 250000 119 158627 124450 12 16000 25000 12 16000 25000 5427
1791391727992576 10 0 0 10 10 10 0 0 0 0 0 0 827 119 119 0 1800 973 854 0 854 0 0 0 56496946 88355 0 22145 107844 54444 25013384 1693887 15259793 4913860005 4913860005 0 4054133086 0 68.327331 799 799 1065067 799000 1013 1091 120 160000 250000 119 158627 124457 12 16000 25000 12 16000 25000 5435
1791391728035528 10 0 0 10 10 10 0 0 0 0 0 0 826 119 119 0 1800 974 855 0 855 0 0 0 56520921 88468 0 22172 107965 54470 25031944 1694021 15279324 4926650777 4926650777 0 4055609909 0 68.323136 821 821 1094393 821000 1104 1093 120 160000 250000 119 158627 124466 12 16000 25000 12 16000 25000 5444
1791391728042022 10 0 0 10 10 10 0 0 0 0 0 0 825 119 119 0 1800 975 856 0 856 0 0 0 56527055 88555 0 22185 108050 54496 25031954 1694155 15283630 4939424081 4939424081 0 4057113616 0 68.340959 840 840 1119720 840000 1982 1181 120 160000 250000 119 158627 124475 12 16000 25000 12 16000 25000 5452
1791391728055371 10 0 0 10 10 10 0 0 0 0 0 0 824 119 119 0 1800 976 857 0 857 0 0 0 56540129 88634 0 22198 108129 54510 25031968 1694225 15294409 4946093989 4946093989 0 4058616459 0 68.350394 859 859 1145047 859000 2039 1265 120 160000 250000 119 158627 124483 12 16000 25000 12 16000 25000 5460
1791391728068146 10 0 0 10 10 10 0 0 0 0 0 0 823 119 119 0 1800 977 858 0 858 0 0 0 56552623 88719 0 22210 108211 54521 25031985 1694286 15305078 4946826781 4946826781 0 4060119178 0 68.360516 858 858 1143714 858000 1062 1246 120 160000 250000 119 158627 124484 12 16000 25000 12 16000 25000 5461
1791391728119063 10 0 0 10 10 10 0 0 0 0 0 0 822 119 119 0 1800 978 859 0 859 0 0 0 56576233 88817 0 22225 108345 54545 25058925 1694378 15324560 4956035420 4956035420 0 4061618365 0 68.357146 848 848 1130384 848000 125 1137 120 160000 250000 119 158627 124492 12 16000 25000 12 16000 25000 5469
1791391728206622 10 0 0 10 10 10 0 0 0 0 0 0 821 119 119 0 1800 979 860 0 860 0 0 0 56600397 88915 0 22240 108470 54568 25121892 1694529 15344118 4961511985 4961511985 0 4063113011 0 68.353035 859 859 1145047 859000 1521 1176 120 160000 250000 119 158627 124500 12 16000 25000 12 16000 25000 5477
1791391728260561 10 0 0 10 10 10 0 0 0 0 0 0 820 119 119 0 1800 980 861 0 861 0 0 0 56643540 89030 0 22255 108588 54592 25132274 1694663 15363713 4969064309 4969064309 0 4064617510 0 68.326207 872 872 1162376 872000 1069 1166 120 160000 250000 119 158627 124507 12 16000 25000 12 16000 25000 5484
1791391728334168 10 0 0 10 10 10 0 0 0 0 0 0 819 119 119 0 1800 981 862 0 862 0 0 0 56716824 89123 0 22274 108652 54601 25132280 1694797 15365899 4974422660 4974422660 0 4066113790 0 68.263069 872 872 1162376 872000 1212 1172 120 160000 250000 119 158627 124513 12 16000 25000 12 16000 25000 5490
1791391728423707 10 0 0 10 10 10 0 0 0 0 0 0 818 119 119 0 1800 982 863 0 863 0 0 0 56741076 89222 0 22290 108771 54628 25197238 1694862 15385323 4979913722 4979913722 0 4067605665 0 68.258855 752 752 1002416 752000 94 1068 120 160000 250000 119 158627 124522 12 16000 25000 12 16000 25000 5498
1791391728440137 10 0 0 10 10 10 0 0 0 0 0 0 817 119 119 0 1800 983 864 0 864 0 0 0 56757183 89309 0 22304 108842 54639 25197246 1694990 15389646 4985375641 4985375641 0 4069109328 0 68.264636 761 761 1014413 761000 1087 1070 120 160000 250000 119 158627 124530 12 16000 25000 12 16000 25000 5506
1791391728503256 10 0 0 10 10 10 0 0 0 0 0 0 816 119 119 0 1800 984 865 0 865 0 0 0 56780664 89408 0 22319 108962 54667 25236553 1695053 15408901 4992072537 4992072537 0 4070592936 0 68.261210 767 767 1022411 767000 983 1062 120 160000 250000 119 158627 124537 12 16000 25000 12 16000 25000 5514
1791391728523937 10 0 0 10 10 10 0 0 0 0 0 0 815 119 119 0 1800 985 866 0 866 0 0 0 56801015 89492 0 22332 109039 54678 25236568 1695173 15417466 4998759181 4998759181 0 4071811519 0 68.257118 779 779 1038407 779000 1069 1064 120 160000 250000 119 158627 124545 12 16000 25000 12 16000 25000 5522
1791391728538005 10 0 0 10 10 10 0 0 0 0 0 0 814 119 119 0 1800 986 867 0 867 0 0 0 56814844 89567 0 22344 109100 54687 25236574 1695243 15419585 5001192766 5001192766 0 4073318632 0 68.265698 786 786 1047738 786000 1443 1101 120 160000 250000 119 158627 124548 12 16000 25000 12 16000 25000 5525
1791391728546360 10 0 0 10 10 10 0 0 0 0 0 0 813 119 119 0 1800 987 868 0 868 0 0 0 56822917 89647 0 22359 109179 54696 25236585 1695326 15425922 5013381561 5013381561 0 4074822106 0 68.281113 788 788 1050404 788000 469 1040 120 160000 250000 119 158627 124557 12 16000 25000 12 16000 25000 5534
1791391728579724 10 0 0 10 10 10 0 0 0 0 0 0 812 119 119 0 1800 988 869 0 869 0 0 0 56856027 89728 0 22373 109253 54704 25236591 1695393 15428059 5018696784 5018696784 0 4076315623 0 68.266327 817 817 1089061 817000 3122 1244 120 160000 250000 119 158627 124563 12 16000 25000 12 16000 25000 5541
1791391728593086 10 0 0 10 10 10 0 0 0 0 0 0 811 119 119 0 1800 989 870 0 870 0 0 0 56869152 89810 0 22386 109327 54712 25236598 1695444 15430187 5019731495 5019731495 0 4077811473 0 68.275543 817 817 1089061 817000 1104 1231 120 160000 250000 119 158627 124565 12 16000 25000 12 16000 25000 5542
1791391728721077 10 0 0 10 10 10 0 0 0 0 0 0 810 119 119 0 1800 990 871 0 871 0 0 0 56893026 89923 0 22402 109453 54734 25340378 1695493 15449281 5025258075 5025258075 0 4079305102 0 68.271800 808 808 1077064 808000 198 1131 120 160000 250000 119 158627 124571 12 16000 25000 12 16000 25000 5549
1791391728729780 10 0 0 10 10 10 0 0 0 0 0 0 809 119 119 0 1800 991 872 0 872 0 0 0 56901326 90006 0 22416 109538 54746 25340391 1695681 15455731 5031987411 5031987411 0 4080815898 0 68.287039 790 790 1053070 790000 1087 1125 120 160000 250000 119 158627 124580 12 16000 25000 12 16000 25000 5557
1791391728753609 10 0 0 10 10 10 0 0 0 0 0 0 808 119 119 0 1800 992 873 0 873 0 0 0 56924907 90090 0 22433 109602 54753 25340398 1695748 15457885 5037595402 5037595402 0 4082032234 0 68.279041 811 811 1081063 811000 1130 1127 120 160000 250000 119 158627 124588 12 16000 25000 12 16000 25000 5565
1791391728843836 10 0 0 10 10 10 0 0 0 0 0 0 807 119 119 0 1800 993 874 0 874 0 0 0 56948039 90197 0 22454 109739 54774 25407156 1695798 15476819 5044127284 5044127284 0 4083532507 0 68.276306 810 810 1079730 810000 314 1049 120 160000 250000 119 158627 124595 12 16000 25000 12 16000 25000 5573
1791391728848222 10 0 0 10 10 10 0 0 0 0 0 0 806 119 119 0 1800 994 875 0 875 0 0 0 56952113 90275 0 22467 109816 54782 25407162 1695921 15478982 5053604185 5053604185 0 4085045973 0 68.296640 830 830 1106390 830000 1033 1049 120 160000 250000 119 158627 124604 12 16000 25000 12 16000 25000 5581
1791391728929433 10 0 0 10 10 10 0 0 0 0 0 0 805 119 119 0 1800 995 876 0 876 0 0 0 56975596 90377 0 22483 109941 54814 25464554 1695974 15498157 5060351583 5060351583 0 4086544778 0 68.293461 842 842 1122386 842000 2200 1162 120 160000 250000 119 158627 124613 12 16000 25000 12 16000 25000 5590
1791391728974058 10 0 0 10 10 10 0 0 0 0 0 0 804 119 119 0 1800 996 877 0 877 0 0 0 57019929 90455 0 22497 110004 54821 25464560 1696091 15500324 5065736332 5065736332 0 4088045153 0 68.265408 821 821 1094393 821000 1022 1149 120 160000 250000 119 158627 124619 12 16000 25000 12 16000 25000 5597
1791391729078370 10 0 0 10 10 10 0 0 0 0 0 0 803 119 119 0 1800 997 878 0 878 0 0 0 57045773 90555 0 22513 110132 54847 25542693 1696146 15521544 5071155726 5071155726 0 4089554466 0 68.259603 803 803 1070399 803000 348 1071 120 160000 250000 119 158627 124626 12 16000 25000 12 16000 25000 5603
1791391729106823 10 0 0 10 10 10 0 0 0 0 0 0 802 119 118 1 1800 998 879 0 879 0 0 0 57069035 90663 0 22529 110303 54874 25547429 1696273 15540530 5078046015 5076707136 0 4091059293 0 68.256802 776 776 1034408 776000 311 997 120 160000 250000 119 158627 124636 12 16000 25000 12 16000 25000 5613
1791391729107063 10 0 0 10 10 10 0 0 0 0 0 0 802 118 118 0 1800 998 880 0 880 0 0 0 57069035 90740 0 22545 110303 54882 25547433 1696406 15540530 5078046015 5078046015 0 4091059293 0 68.256710 783 783 1043739 783000 985 997 120 160000 250000 118 157294 123632 12 16000 25000 12 16000 25000 5611
1791391729187503 10 0 0 10 10 10 0 0 0 0 0 0 800 119 119 0 1800 1000 881 0 881 0 0 0 57094606 90842 0 22562 110457 54904 25601952 1696449 15559793 5084875804 5084875804 0 4094067676 0 68.276237 767 767 1022411 767000 202 921 120 160000 250000 119 158627 124644 12 16000 25000 12 16000 25000 5621
1791391729201177 10 0 0 10 10 10 0 0 0 0 0 0 799 119 119 0 1800 1001 882 0 882 0 0 0 57107957 90921 0 22575 110531 54913 25601959 1696584 15561996 5091515821 5091515821 0 4095566105 0 68.285189 769 769 1025077 769000 1193 948 120 160000 250000 119 158627 124653 12 16000 25000 12 16000 25000 5629
1791391729218788 10 0 0 10 10 10 0 0 0 0 0 0 798 119 118 1 1800 1002 883 0 883 0 0 0 57125225 91010 0 22594 110666 54930 25601982 1696641 15576950 5098279421 5097403332 0 4097070573 0 68.289551 745 745 993085 745000 661 921 120 160000 250000 119 158627 124662 12 16000 25000 12 16000 25000 5637
1791391729218976 10 0 0 10 10 10 0 0 0 0 0 0 798 118 118 0 1800 1002 884 0 884 0 0 0 57125225 91092 0 22610 110666 54937 25601985 1696717 15576950 5098279421 5098279421 0 4097070573 0 68.289453 758 758 1010414 758000 958 925 120 160000 250000 118 157294 123657 12 16000 25000 12 16000 25000 5636
1791391729296168 10 0 0 10 10 10 0 0 0 0 0 0 796 119 119 0 1800 1004 885 0 885 0 0 0 57150383 91198 0 22626 110815 54959 25653644 1696796 15595757 5103705421 5103705421 0 4100081904 0 68.309483 745 745 993085 745000 103 845 120 160000 250000 119 158627 124667 12 16000 25000 12 16000 25000 5645
1791391729346899 10 0 0 10 10 10 0 0 0 0 0 0 795 119 119 0 1800 1005 886 0 886 0 0 0 57174009 91299 0 22642 110932 54982 25680300 1696978 15614747 5110575716 5110575716 0 4101578444 0 68.306103 746 746 994418 746000 1073 868 120 160000 250000 119 158627 124675 12 16000 25000 12 16000 25000 5653
1791391729368305 10 0 0 10 10 10 0 0 0 0 0 0 794 119 119 0 1800 1006 887 0 887 0 0 0 57194991 91402 0 22661 111033 55014 25680330 1697110 15631434 5117414945 5117414945 0 4103069584 0 68.305786 749 749 998417 749000 1195 901 120 160000 250000 119 158627 124683 12 16000 25000 12 16000 25000 5661
1791391729601982 10 0 0 10 10 10 0 0 0 0 0 0 793 119 119 0 1800 1007 888 0 888 0 0 0 57218929 91499 0 22676 111163 55037 25889660 1697238 15650330 5122950767 5122950767 0 4104564068 0 68.302008 756 756 1007748 756000 1102 922 120 160000 250000 119 158627 124690 12 16000 25000 12 16000 25000 5668
1791391729619726 10 0 0 10 10 10 0 0 0 0 0 0 792 119 119 0 1800 1008 889 0 889 0 0 0 57236301 91582 0 22690 111255 55053 25889682 1697376 15665188 5129568484 5129568484 0 4106068946 0 68.306246 751 751 1001083 751000 983 929 120 160000 250000 119 158627 124699 12 16000 25000 12 16000 25000 5676
1791391729886961 10 0 0 10 10 10 0 0 0 0 0 0 791 119 119 0 1800 1009 890 0 890 0 0 0 57278497 91684 0 22706 111374 55074 26114368 1697463 15683743 5132230429 5132230429 0 4107559166 0 68.280658 752 752 1002416 752000 1204 957 120 160000 250000 119 158627 124703 12 16000 25000 12 16000 25000 5679
1791391729915860 10 0 0 10 10 10 0 0 0 0 0 0 790 119 119 0 1800 1010 891 0 891 0 0 0 57302351 91795 0 22733 111488 55101 26119003 1697599 15702524 5142721928 5142721928 0 4109057132 0 68.277037 753 753 1003749 753000 421 906 120 160000 250000 119 158627 124709 12 16000 25000 12 16000 25000 5686
1791391730022932 10 0 0 10 10 10 0 0 0 0 0 0 789 119 119 0 1800 1011 892 0 892 0 0 0 57325595 91895 0 22748 111615 55127 26202417 1697734 15721418 5148224963 5148224963 0 4110557446 0 68.274198 816 816 1087728 816000 1770 991 120 160000 250000 119 158627 124717 12 16000 25000 12 16000 25000 5694
1791391730063395 10 0 0 10 10 10 0 0 0 0 0 0 788 119 119 0 1800 1012 893 0 893 0 0 0 57349188 91994 0 22763 111735 55150 26218852 1697906 15740164 5153676175 5153676175 0 4112056504 0 68.270926 816 816 1087728 816000 1112 1004 120 160000 250000 119 158627 124724 12 16000 25000 12 16000 25000 5700
1791391730078798 10 0 0 10 10 10 0 0 0 0 0 0 787 119 119 0 1800 1013 894 0 894 0 0 0 57364192 92086 0 22776 111819 55170 26218869 1698070 15752948 5159206599 5159206599 0 4113276375 0 68.273236 827 827 1102391 827000 876 992 120 160000 250000 119 158627 124731 12 16000 25000 12 16000 25000 5708
1791391730144413 10 0 0 10 10 10 0 0 0 0 0 0 786 119 119 0 1800 1014 895 0 895 0 0 0 57387169 92186 0 22791 111949 55193 26261152 1698147 15771466 5159998288 5159998288 0 4114784782 0 68.270852 810 810 1079730 810000 1042 998 120 160000 250000 119 158627 124732 12 16000 25000 12 16000 25000 5709
1791391730422186 10 0 0 10 10 10 0 0 0 0 0 0 785 119 119 0 1800 1015 896 0 896 0 0 0 57410495 92297 0 22818 112066 55214 26515161 1698316 15790309 5166657830 5166657830 0 4116306841 0 68.268270 810 810 1079730 810000 143 916 120 160000 250000 119 158627 124739 12 16000 25000 12 16000 25000 5717
1791391730447317 10 0 0 10 10 10 0 0 0 0 0 0 784 119 119 0 1800 1016 897 0 897 0 0 0 57433533 92393 0 22833 112187 55235 26516824 1698484 15809073 5173391131 5173391131 0 4117805333 0 68.265658 763 763 1017079 763000 218 849 120 160000 250000 119 158627 124747 12 16000 25000 12 16000 25000 5725
1791391730504266 10 0 0 10 10 10 0 0 0 0 0 0 783 119 119 0 1800 1017 898 0 898 0 0 0 57456288 92502 0 22848 112312 55260 26550607 1698611 15827650 5180117788 5180117788 0 4119299794 0 68.263302 751 751 1001083 751000 1112 876 120 160000 250000 119 158627 124756 12 16000 25000 12 16000 25000 5733
1791391730554376 10 0 0 10 10 10 0 0 0 0 0 0 782 119 119 0 1800 1018 899 0 899 0 0 0 57481230 92605 0 22864 112443 55287 26575362 1698741 15848310 5181442582 5181442582 0 4120792790 0 68.258337 751 751 1001083 751000 1007 890 120 160000 250000 119 158627 124757 12 16000 25000 12 16000 25000 5735
1791391730569774 10 0 0 10 10 10 0 0 0 0 0 0 781 119 119 0 1800 1019 900 0 900 0 0 0 57496275 92688 0 22877 112529 55307 26575381 1698866 15861042 5183414043 5183414043 0 4122318243 0 68.265668 733 733 977089 733000 152 819 120 160000 250000 119 158627 124760 12 16000 25000 12 16000 25000 5737
1791391730594891 10 0 0 10 10 10 0 0 0 0 0 0 780 119 119 0 1800 1020 901 0 901 0 0 0 57518869 92788 0 22893 112646 55327 26577529 1698981 15879492 5189956905 5189956905 0 4123813958 0 68.263537 725 725 966425 725000 390 778 120 160000 250000 119 158627 124768 12 16000 25000 12 16000 25000 5745
1791391730630420 10 0 0 10 10 10 0 0 0 0 0 0 779 119 119 0 1800 1021 902 0 902 0 0 0 57541967 92885 0 22907 112778 55348 26589532 1699127 15898041 5190503182 5190503182 0 4125312530 0 68.260861 721 721 961093 721000 1039 805 120 160000 250000 119 158627 124768 12 16000 25000 12 16000 25000 5746
1791391730672794 10 0 0 10 10 10 0 0 0 0 0 0 778 119 119 0 1800 1022 903 0 903 0 0 0 57564596 92982 0 22922 112904 55369 26608857 1699280 15916442 5195919164 5195919164 0 4126548869 0 68.254405 709 709 945097 709000 107 738 120 160000 250000 119 158627 124775 12 16000 25000 12 16000 25000 5753
1791391730686085 10 0 0 10 10 10 0 0 0 0 0 0 777 119 119 0 1800 1023 904 0 904 0 0 0 57577501 93069 0 22934 112986 55387 26608873 1699440 15927080 5198543251 5198543251 0 4128046441 0 68.263793 709 709 945097 709000 1103 775 120 160000 250000 119 158627 124778 12 16000 25000 12 16000 25000 5756
1791391730690040 10 0 0 10 10 10 0 0 0 0 0 0 776 119 119 0 1800 1024 905 0 905 0 0 0 57581201 93147 0 22947 113056 55395 26608879 1699514 15929209 5205243228 5205243228 0 4129263859 0 68.279452 683 683 910439 683000 408 740 120 160000 250000 119 158627 124787 12 16000 25000 12 16000 25000 5764
1791391730800917 10 0 0 10 10 10 0 0 0 0 0 0 775 119 119 0 1800 1025 906 0 906 0 0 0 57603602 93249 0 22963 113191 55421 26697015 1699570 15947502 5210638017 5210638017 0 4130766510 0 68.277659 668 668 890444 668000 1030 769 120 160000 250000 119 158627 124795 12 16000 25000 12 16000 25000 5772
1791391730804990 10 0 0 10 10 10 0 0 0 0 0 0 774 119 119 0 1800 1026 907 0 907 0 0 0 57607341 93330 0 22976 113267 55428 26697027 1699707 15949671 5212714651 5212714651 0 4131984921 0 68.293277 651 651 867783 651000 375 732 120 160000 250000 119 158627 124797 12 16000 25000 12 16000 25000 5774
1791391730893132 10 0 0 10 10 10 0 0 0 0 0 0 773 119 119 0 1800 1027 908 0 908 0 0 0 57630363 93437 0 22991 113392 55447 26761822 1699761 15968159 5219240516 5219240516 0 4133547670 0 68.291731 653 653 870449 653000 299 691 120 160000 250000 119 158627 124804 12 16000 25000 12 16000 25000 5782
1791391730908579 10 0 0 10 10 10 0 0 0 0 0 0 772 119 119 0 1800 1028 909 0 909 0 0 0 57645446 93527 0 23004 113481 55465 26761843 1699886 15980977 5225868586 5225868586 0 4135034033 0 68.298336 645 645 859785 645000 917 714 120 160000 250000 119 158627 124813 12 16000 25000 12 16000 25000 5791
1791391730929117 10 0 0 10 10 10 0 0 0 0 0 0 771 119 119 0 1800 1029 910 0 910 0 0 0 57665592 93635 0 23019 113615 55483 26761868 1699970 15997145 5231400162 5231400162 0 4136531718 0 68.299115 649 649 865117 649000 1543 796 120 160000 250000 119 158627 124820 12 16000 25000 12 16000 25000 5799
1791391730963932 10 0 0 10 10 10 0 0 0 0 0 0 770 119 119 0 1800 1030 911 0 911 0 0 0 57688485 93734 0 23034 113731 55504 26773405 1700094 16015565 5236822282 5236822282 0 4138028272 0 68.296638 647 647 862451 647000 1253 841 120 160000 250000 119 158627 124827 12 16000 25000 12 16000 25000 5805
1791391730970604 10 0 0 10 10 10 0 0 0 0 0 0 769 119 119 0 1800 1031 912 0 912 0 0 0 57694824 93815 0 23047 113815 55516 26773415 1700223 16019929 5241577873 5241577873 0 4139535732 0 68.313928 738 738 983754 738000 775 835 120 160000 250000 119 158627 124833 12 16000 25000 12 16000 25000 5811
1791391730996509 10 0 0 10 10 10 0 0 0 0 0 0 768 119 119 0 1800 1032 913 0 913 0 0 0 57717267 93914 0 23063 113955 55538 26776528 1700287 16038300 5248211935 5248211935 0 4141035932 0 68.312038 733 733 977089 733000 712 824 120 160000 250000 119 158627 124842 12 16000 25000 12 16000 25000 5819
1791391731030343 10 0 0 10 10 10 0 0 0 0 0 0 767 119 119 0 1800 1033 914 0 914 0 0 0 57750802 93993 0 23077 114013 55554 26776534 1700405 16040478 5254852299 5254852299 0 4142539546 0 68.297131 734 734 978422 734000 1036 846 120 160000 250000 119 158627 124847 12 16000 25000 12 16000 25000 5827
1791391731053298 10 0 0 10 10 10 0 0 0 0 0 0 766 119 119 0 1800 1034 915 0 915 0 0 0 57773379 94095 0 23093 114159 55572 26776564 1700465 16058727 5261755501 5261755501 0 4144027314 0 68.294884 723 723 963759 723000 575 821 120 160000 250000 119 158627 124858 12 16000 25000 12 16000 25000 5836
1791391731109217 10 0 0 10 10 10 0 0 0 0 0 0 765 119 119 0 1800 1035 916 0 916 0 0 0 57795774 94197 0 23108 114287 55607 26809671 1700581 16076977 5268589752 5268589752 0 4145245246 0 68.288407 721 721 961093 721000 1149 854 120 160000 250000 119 158627 124866 12 16000 25000 12 16000 25000 5843
1791391731146694 10 0 0 10 10 10 0 0 0 0 0 0 764 119 119 0 1800 1036 917 0 917 0 0 0 57818322 94296 0 23124 114422 55631 26824194 1700707 16095227 5275221394 5275221394 0 4146742788 0 68.286364 728 728 970424 728000 897 859 120 160000 250000 119 158627 124874 12 16000 25000 12 16000 25000 5852
1791391731177949 10 0 0 10 10 10 0 0 0 0 0 0 763 119 119 0 1800 1037 918 0 918 0 0 0 57840806 94397 0 23140 114541 55655 26832566 1700840 16113315 5281715838 5281715838 0 4147969748 0 68.279941 708 708 943764 708000 1022 876 120 160000 250000 119 158627 124882 12 16000 25000 12 16000 25000 5859
1791391731209861 10 0 0 10 10 10 0 0 0 0 0 0 762 119 119 0 1800 1038 919 0 919 0 0 0 57863256 94509 0 23156 114662 55676 26841614 1700976 16131458 5288392111 5288392111 0 4149472379 0 68.278086 709 709 945097 709000 1030 892 120 160000 250000 119 158627 124889 12 16000 25000 12 16000 25000 5867
1791391731323018 10 0 0 10 10 10 0 0 0 0 0 0 761 119 119 0 1800 1039 920 0 920 0 0 0 57885830 94630 0 23190 114787 55698 26931774 1701107 16149718 5295014787 5295014787 0 4150973353 0 68.276048 719 719 958427 719000 862 890 120 160000 250000 119 158627 124898 12 16000 25000 12 16000 25000 5875
1791391731348164 10 0 0 10 10 10 0 0 0 0 0 0 760 119 119 0 1800 1040 921 0 921 0 0 0 57908368 94733 0 23205 114911 55719 26933970 1701248 16167986 5301961734 5301961734 0 4152484673 0 68.274246 721 721 961093 721000 1196 921 120 160000 250000 119 158627 124906 12 16000 25000 12 16000 25000 5884
1791391731394554 10 0 0 10 10 10 0 0 0 0 0 0 759 119 119 0 1800 1041 922 0 922 0 0 0 57930910 94829 0 23220 115036 55746 26957409 1701382 16186149 5307237479 5307237479 0 4153994720 0 68.272428 723 723 963759 723000 1272 956 120 160000 250000 119 158627 124910 12 16000 25000 12 16000 25000 5887
1791391731405388 10 0 0 10 10 10 0 0 0 0 0 0 758 119 119 0 1800 1042 923 0 923 0 0 0 57941384 94910 0 23233 115130 55759 26957422 1701513 16194749 5313991687 5313991687 0 4155222212 0 68.280182 745 745 993085 745000 873 949 120 160000 250000 119 158627 124918 12 16000 25000 12 16000 25000 5895
1791391731458924 10 0 0 10 10 10 0 0 0 0 0 0 757 119 119 0 1800 1043 924 0 924 0 0 0 57965843 95014 0 23254 115254 55784 26986148 1701586 16214807 5320619588 5320619588 0 4156720004 0 68.275897 745 745 993085 745000 1025 957 120 160000 250000 119 158627 124926 12 16000 25000 12 16000 25000 5903
1791391731521183 10 0 0 10 10 10 0 0 0 0 0 0 756 119 119 0 1800 1044 925 0 925 0 0 0 57988200 95117 0 23277 115375 55807 27025618 1701747 16232776 5327362607 5327362607 0 4158221118 0 68.274143 729 729 971757 729000 781 941 120 160000 250000 119 158627 124934 12 16000 25000 12 16000 25000 5911
1791391731584942 10 0 0 10 10 10 0 0 0 0 0 0 755 119 119 0 1800 1045 926 0 926 0 0 0 58010606 95215 0 23293 115498 55830 27066573 1701876 16250727 5328047887 5328047887 0 4159731058 0 68.272483 728 728 970424 728000 973 945 120 160000 250000 119 158627 124935 12 16000 25000 12 16000 25000 5911
1791391731596424 10 0 0 10 10 10 0 0 0 0 0 0 754 119 119 0 1800 1046 927 0 927 0 0 0 58021693 95303 0 23307 115582 55844 27066587 1702049 16259310 5333547938 5333547938 0 4161235330 0 68.284040 734 734 978422 734000 110 865 120 160000 250000 119 158627 124942 12 16000 25000 12 16000 25000 5919
1791391731603134 10 0 0 10 10 10 0 0 0 0 0 0 753 119 119 0 1800 1047 928 0 928 0 0 0 58028091 95390 0 23321 115665 55855 27066596 1702151 16263531 5336170109 5336170109 0 4162735719 0 68.301039 764 764 1018412 764000 1497 927 120 160000 250000 119 158627 124946 12 16000 25000 12 16000 25000 5922
1791391731628851 10 0 0 10 10 10 0 0 0 0 0 0 752 119 119 0 1800 1048 929 0 929 0 0 0 58050113 95490 0 23338 115788 55874 27069955 1702220 16281347 5341542851 5341542851 0 4164235551 0 68.299653 753 753 1003749 753000 390 876 120 160000 250000 119 158627 124952 12 16000 25000 12 16000 25000 5929
1791391731682402 10 0 0 10 10 10 0 0 0 0 0 0 751 119 119 0 1800 1049 930 0 930 0 0 0 58072534 95589 0 23353 115913 55899 27100692 1702341 16299393 5354279997 5354279997 0 4165727136 0 68.297665 765 765 1019745 765000 811 870 120 160000 250000 119 158627 124960 12 16000 25000 12 16000 25000 5937
1791391731736854 10 0 0 10 10 10 0 0 0 0 0 0 750 119 119 0 1800 1050 931 0 931 0 0 0 58114396 95691 0 23370 116038 55923 27112876 1702471 16317433 5356808957 5356808957 0 4166960350 0 68.268633 782 782 1042406 782000 2210 1001 120 160000 250000 119 158627 124962 12 16000 25000 12 16000 25000 5939
1791391731771164 10 0 0 10 10 10 0 0 0 0 0 0 749 119 119 0 1800 1051 932 0 932 0 0 0 58148374 95779 0 23388 116115 55933 27112883 1702602 16319620 5369487763 5369487763 0 4168455997 0 68.253193 778 778 1037074 778000 389 942 120 160000 250000 119 158627 124970 12 16000 25000 12 16000 25000 5947
1791391731789460 10 0 0 10 10 10 0 0 0 0 0 0 748 119 119 0 1800 1052 933 0 933 0 0 0 58166407 95859 0 23401 116192 55945 27112895 1702666 16326148 5382235588 5382235588 0 4169951185 0 68.256448 785 785 1046405 785000 1096 958 120 160000 250000 119 158627 124979 12 16000 25000 12 16000 25000 5956
1791391731815363 10 0 0 10 10 10 0 0 0 0 0 0 747 119 119 0 1800 1053 934 0 934 0 0 0 58192065 95941 0 23414 116262 55955 27112905 1702722 16330425 5382935543 5382935543 0 4171456597 0 68.250937 828 828 1103724 828000 2547 1114 120 160000 250000 119 158627 124979 12 16000 25000 12 16000 25000 5956
1791391731975652 10 0 0 10 10 10 0 0 0 0 0 0 746 119 119 0 1800 1054 935 0 935 0 0 0 58214229 96045 0 23431 116384 55980 27250669 1702810 16348232 5389696370 5389696370 0 4172956209 0 68.249399 812 812 1082396 812000 118 1018 120 160000 250000 119 158627 124986 12 16000 25000 12 16000 25000 5964
1791391732045747 10 0 0 10 10 10 0 0 0 0 0 0 745 119 119 0 1800 1055 936 0 936 0 0 0 58264797 96143 0 23446 116498 56002 27269779 1702971 16366201 5395314310 5395314310 0 4174458782 0 68.214702 810 810 1079730 810000 1044 1022 120 160000 250000 119 158627 124994 12 16000 25000 12 16000 25000 5972
1791391732051638 10 0 0 10 10 10 0 0 0 0 0 0 744 119 119 0 1800 1056 937 0 937 0 0 0 58270376 96224 0 23460 116564 56010 27269787 1703102 16368359 5405084468 5405084468 0 4175962856 0 68.232663 809 809 1078397 809000 1125 1033 120 160000 250000 119 158627 125002 12 16000 25000 12 16000 25000 5979
1791391732144825 10 0 0 10 10 10 0 0 0 0 0 0 743 119 119 0 1800 1057 938 0 938 0 0 0 58292832 96325 0 23476 116692 56030 27340182 1703162 16386139 5415486613 5415486613 0 4177464149 0 68.230824 823 823 1097059 823000 1990 1127 120 160000 250000 119 158627 125008 12 16000 25000 12 16000 25000 5986
1791391732186704 10 0 0 10 10 10 0 0 0 0 0 0 742 119 119 0 1800 1058 939 0 939 0 0 0 58315184 96419 0 23491 116814 56050 27359331 1703281 16403897 5416261281 5416261281 0 4178962165 0 68.229062 833 833 1110389 833000 1743 1188 120 160000 250000 119 158627 125008 12 16000 25000 12 16000 25000 5986
1791391732299180 10 0 0 10 10 10 0 0 0 0 0 0 741 119 119 0 1800 1059 940 0 940 0 0 0 58337206 96524 0 23507 116936 56090 27449339 1703437 16421577 5421819615 5421819615 0 4180466446 0 68.227777 827 827 1102391 827000 121 1085 120 160000 250000 119 158627 125017 12 16000 25000 12 16000 25000 5995
1791391732314637 10 0 0 10 10 10 0 0 0 0 0 0 740 119 119 0 1800 1060 941 0 941 0 0 0 58352272 96608 0 23521 117015 56113 27449360 1703600 16434468 5431085768 5431085768 0 4181968384 0 68.234598 735 735 979755 735000 131 993 120 160000 250000 119 158627 125025 12 16000 25000 12 16000 25000 6003
1791391732333636 10 0 0 10 10 10 0 0 0 0 0 0 739 119 119 0 1800 1061 942 0 942 0 0 0 58370896 96712 0 23535 117116 56130 27449380 1703706 16449930 5436562739 5436562739 0 4183491481 0 68.237585 745 745 993085 745000 1888 1081 120 160000 250000 119 158627 125033 12 16000 25000 12 16000 25000 6011
1791391732363844 10 0 0 10 10 10 0 0 0 0 0 0 738 119 119 0 1800 1062 943 0 943 0 0 0 58393463 96813 0 23551 117231 56150 27456627 1703839 16467577 5437291434 5437291434 0 4184992064 0 68.235606 747 747 995751 747000 1038 1077 120 160000 250000 119 158627 125033 12 16000 25000 12 16000 25000 6011
1791391732379245 10 0 0 10 10 10 0 0 0 0 0 0 737 119 119 0 1800 1063 944 0 944 0 0 0 58408479 96895 0 23565 117321 56167 27456646 1703994 16480452 5438634395 5438634395 0 4186482597 0 68.242294 733 733 977089 733000 121 985 120 160000 250000 119 158627 125034 12 16000 25000 12 16000 25000 6012
1791391732416446 10 0 0 10 10 10 0 0 0 0 0 0 736 119 119 0 1800 1064 945 0 945 0 0 0 58430144 97009 0 23593 117445 56189 27471795 1704098 16498115 5443926025 5443926025 0 4187984717 0 68.241376 674 674 898442 674000 34 893 120 160000 250000 119 158627 125042 12 16000 25000 12 16000 25000 6019
1791391732427444 10 0 0 10 10 10 0 0 0 0 0 0 735 119 119 0 1800 1065 946 0 946 0 0 0 58440787 97098 0 23610 117533 56204 27471810 1704225 16506719 5450517943 5450517943 0 4189493704 0 68.253449 713 713 950429 713000 912 895 120 160000 250000 119 158627 125050 12 16000 25000 12 16000 25000 6028
1791391732537224 10 0 0 10 10 10 0 0 0 0 0 0 734 119 119 0 1800 1066 947 0 947 0 0 0 58462585 97211 0 23626 117654 56228 27559436 1704301 16524203 5455971010 5455971010 0 4190990686 0 68.252290 693 693 923769 693000 375 845 120 160000 250000 119 158627 125059 12 16000 25000 12 16000 25000 6036
1791391732546193 10 0 0 10 10 10 0 0 0 0 0 0 733 119 119 0 1800 1067 948 0 948 0 0 0 58471214 97298 0 23643 117732 56238 27559448 1704426 16530696 5461552539 5461552539 0 4192487583 0 68.266507 692 692 922436 692000 1005 861 120 160000 250000 119 158627 125067 12 16000 25000 12 16000 25000 6044
1791391732843955 10 0 0 10 10 10 0 0 0 0 0 0 732 119 119 0 1800 1068 949 0 949 0 0 0 58493258 97400 0 23659 117876 56261 27834803 1704493 16548272 5468319908 5468319908 0 4193992849 0 68.265205 710 710 946430 710000 1295 904 120 160000 250000 119 158627 125075 12 16000 25000 12 16000 25000 6052
1791391732894435 10 0 0 10 10 10 0 0 0 0 0 0 731 119 119 0 1800 1069 950 0 950 0 0 0 58515140 97501 0 23674 117999 56283 27862998 1704628 16565786 5473988952 5473988952 0 4195482278 0 68.263836 719 719 958427 719000 1010 915 120 160000 250000 119 158627 125083 12 16000 25000 12 16000 25000 6061
1791391732968023 10 0 0 10 10 10 0 0 0 0 0 0 730 119 119 0 1800 1070 951 0 951 0 0 0 58536929 97601 0 23689 118119 56307 27914395 1704759 16583293 5479518224 5479518224 0 4196718639 0 68.258461 719 719 958427 719000 1082 932 120 160000 250000 119 158627 125091 12 16000 25000 12 16000 25000 6069
1791391733017967 10 0 0 10 10 10 0 0 0 0 0 0 729 119 119 0 1800 1071 952 0 952 0 0 0 58559500 97720 0 23704 118244 56332 27941342 1704895 16600976 5484712822 5484712822 0 4198214409 0 68.256376 732 732 975756 732000 1086 948 120 160000 250000 119 158627 125099 12 16000 25000 12 16000 25000 6076
1791391733117886 10 0 0 10 10 10 0 0 0 0 0 0 728 119 119 0 1800 1072 953 0 953 0 0 0 58581516 97826 0 23726 118366 56353 28018811 1705057 16618573 5491311897 5491311897 0 4199740746 0 68.255450 731 731 974423 731000 1040 958 120 160000 250000 119 158627 125106 12 16000 25000 12 16000 25000 6084
1791391733225175 10 0 0 10 10 10 0 0 0 0 0 0 727 119 119 0 1800 1073 954 0 954 0 0 0 58603506 97929 0 23745 118486 56380 28103706 1705187 16636106 5498065674 5498065674 0 4201252158 0 68.254316 741 741 987753 741000 990 962 120 160000 250000 119 158627 125115 12 16000 25000 12 16000 25000 6092
1791391733233911 10 0 0 10 10 10 0 0 0 0 0 0 726 119 119 0 1800 1074 955 0 955 0 0 0 58611902 98008 0 23757 118571 56394 28103719 1705318 16642625 5500789637 5500789637 0 4202752294 0 68.268831 741 741 987753 741000 1063 973 120 160000 250000 119 158627 125118 12 16000 25000 12 16000 25000 6095
1791391733265368 10 0 0 10 10 10 0 0 0 0 0 0 725 119 118 1 1800 1075 956 0 956 0 0 0 58633746 98112 0 23773 118762 56415 28112928 1705386 16660132 5517861780 5511341550 0 4204247191 0 68.267593 751 751 1001083 751000 502 928 120 160000 250000 119 158627 125132 12 16000 25000 12 16000 25000 6110
1791391733265640 10 0 0 10 10 10 0 0 0 0 0 0 725 118 118 0 1800 1075 957 0 957 0 0 0 58633746 98191 0 23790 118762 56422 28112932 1705544 16660132 5517861780 5517861780 0 4204247191 0 68.267501 775 775 1033075 775000 1702 1004 120 160000 250000 118 157294 124128 12 16000 25000 12 16000 25000 6109
1791391733354886 10 0 0 10 10 10 0 0 0 0 0 0 723 119 119 0 1800 1077 958 0 958 0 0 0 58658098 98293 0 23806 118906 56444 28177494 1705585 16677809 5524417721 5524417721 0 4206967883 0 68.283248 777 777 1035741 777000 1119 1016 120 160000 250000 119 158627 125140 12 16000 25000 12 16000 25000 6118
1791391733393771 10 0 0 10 10 10 0 0 0 0 0 0 722 119 119 0 1800 1078 959 0 959 0 0 0 58680113 98389 0 23822 119024 56466 28193960 1705716 16695317 5530881731 5530881731 0 4208468182 0 68.281904 773 773 1030409 773000 1037 1019 120 160000 250000 119 158627 125148 12 16000 25000 12 16000 25000 6126
1791391733481604 10 0 0 10 10 10 0 0 0 0 0 0 721 119 118 1 1800 1079 960 0 960 0 0 0 58701757 98487 0 23837 119204 56486 28259696 1705848 16712638 5543108922 5537625213 0 4209974958 0 68.281094 771 771 1027743 771000 995 1017 120 160000 250000 119 158627 125167 12 16000 25000 12 16000 25000 6142
1791391733481842 10 0 0 10 10 10 0 0 0 0 0 0 721 118 118 0 1800 1079 961 0 961 0 0 0 58701757 98563 0 23855 119205 56494 28259699 1705981 16712638 5543108922 5543108922 0 4209974958 0 68.281006 777 777 1035741 777000 1160 1032 120 160000 250000 118 157294 124162 12 16000 25000 12 16000 25000 6141
1791391733515513 10 0 0 10 10 10 0 0 0 0 0 0 719 119 119 0 1800 1081 962 0 962 0 0 0 58725928 98672 0 23871 119379 56520 28268829 1706020 16730046 5548720205 5548720205 0 4212712889 0 68.297210 782 782 1042406 782000 1033 1033 120 160000 250000 119 158627 125178 12 16000 25000 12 16000 25000 6154
1791391733515824 10 0 0 10 10 10 0 0 0 0 0 0 719 118 117 1 1800 1081 963 0 963 0 0 0 58725928 98746 0 23884 119451 56528 28268833 1706154 16730046 5557414969 5551782372 0 4212712889 0 68.297125 776 776 1034408 776000 726 1004 120 160000 250000 118 157294 124183 12 16000 25000 12 16000 25000 6159
1791391733515963 10 0 0 10 10 10 0 0 0 0 0 0 719 117 117 0 1800 1081 964 0 964 0 0 0 58725928 98818 0 23898 119451 56535 28268837 1706194 16730046 5557414969 5557414969 0 4212712889 0 68.297041 778 778 1037074 778000 503 956 120 160000 250000 117 155961 123178 12 16000 25000 12 16000 25000 6158
1791391733533669 10 0 0 10 10 10 0 0 0 0 0 0 716 119 119 0 1800 1084 965 0 965 0 0 0 58743323 98903 0 23911 119582 56552 28268856 1706232 16740976 5558099162 5558099162 0 4217200710 0 68.349488 779 779 1038407 779000 1386 999 120 160000 250000 119 158627 125184 12 16000 25000 12 16000 25000 6161
1791391733553263 10 0 0 10 10 10 0 0 0 0 0 0 715 119 119 0 1800 1085 966 0 966 0 0 0 58762496 99001 0 23927 119696 56571 28268884 1706371 16756021 5563577091 5563577091 0 4218699928 0 68.351401 767 767 1022411 767000 131 915 120 160000 250000 119 158627 125193 12 16000 25000 12 16000 25000 6169
1791391733580245 10 0 0 10 10 10 0 0 0 0 0 0 714 119 119 0 1800 1086 967 0 967 0 0 0 58784364 99101 0 23943 119833 56595 28273540 1706544 16773192 5565827549 5565827549 0 4220200937 0 68.350211 763 763 1017079 763000 787 903 120 160000 250000 119 158627 125196 12 16000 25000 12 16000 25000 6172
1791391733584379 10 0 0 10 10 10 0 0 0 0 0 0 713 119 119 0 1800 1087 968 0 968 0 0 0 58788191 99181 0 23956 119896 56603 28273546 1706674 16775371 5572419830 5572419830 0 4221702803 0 68.369998 752 752 1002416 752000 348 850 120 160000 250000 119 158627 125204 12 16000 25000 12 16000 25000 6180
1791391733781015 10 0 0 10 10 10 0 0 0 0 0 0 712 119 119 0 1800 1088 969 0 969 0 0 0 58810073 99282 0 23971 120032 56626 28447959 1706731 16792688 5574735053 5574735053 0 4223211486 0 68.368909 757 757 1009081 757000 1270 891 120 160000 250000 119 158627 125207 12 16000 25000 12 16000 25000 6183
1791391733831462 10 0 0 10 10 10 0 0 0 0 0 0 711 119 119 0 1800 1089 970 0 970 0 0 0 58831792 99386 0 23986 120160 56647 28476221 1706920 16810034 5581590791 5581590791 0 4224717059 0 68.367955 743 743 990419 743000 353 816 120 160000 250000 119 158627 125215 12 16000 25000 12 16000 25000 6191
1791391733878288 10 0 0 10 10 10 0 0 0 0 0 0 710 119 119 0 1800 1090 971 0 971 0 0 0 58853677 99485 0 24001 120291 56670 28500749 1707053 16827266 5586950905 5586950905 0 4226217769 0 68.366737 741 741 987753 741000 1058 841 120 160000 250000 119 158627 125221 12 16000 25000 12 16000 25000 6198
1791391733903549 10 0 0 10 10 10 0 0 0 0 0 0 709 119 119 0 1800 1091 972 0 972 0 0 0 58875097 99581 0 24016 120411 56691 28504194 1707185 16844401 5592406467 5592406467 0 4227705424 0 68.365852 725 725 966425 725000 366 796 120 160000 250000 119 158627 125228 12 16000 25000 12 16000 25000 6206
1791391733907652 10 0 0 10 10 10 0 0 0 0 0 0 708 119 119 0 1800 1092 973 0 973 0 0 0 58878882 99660 0 24029 120483 56700 28504200 1707319 16846530 5598081785 5598081785 0 4228921958 0 68.381044 719 719 958427 719000 713 789 120 160000 250000 119 158627 125236 12 16000 25000 12 16000 25000 6214
1791391733916379 10 0 0 10 10 10 0 0 0 0 0 0 707 119 119 0 1800 1093 974 0 974 0 0 0 58887355 99742 0 24048 120559 56709 28504212 1707375 16852986 5602881409 5602881409 0 4230126770 0 68.390605 687 687 915771 687000 223 735 120 160000 250000 119 158627 125243 12 16000 25000 12 16000 25000 6221
1791391733957074 10 0 0 10 10 10 0 0 0 0 0 0 706 119 119 0 1800 1094 975 0 975 0 0 0 58909381 99844 0 24064 120700 56733 28522541 1707424 16870076 5609565241 5609565241 0 4231621186 0 68.389111 681 681 907773 681000 620 725 120 160000 250000 119 158627 125252 12 16000 25000 12 16000 25000 6229
1791391733983400 10 0 0 10 10 10 0 0 0 0 0 0 705 119 119 0 1800 1095 976 0 976 0 0 0 58931117 99946 0 24078 120823 56757 28526734 1707549 16887163 5611734576 5611734576 0 4233117658 0 68.387987 695 695 926435 695000 1004 753 120 160000 250000 119 158627 125254 12 16000 25000 12 16000 25000 6230
1791391734011344 10 0 0 10 10 10 0 0 0 0 0 0 704 119 119 0 1800 1096 977 0 977 0 0 0 58952925 100055 0 24094 120952 56780 28532454 1707682 16904352 5617305031 5617305031 0 4234624697 0 68.386944 653 653 870449 653000 89 689 120 160000 250000 119 158627 125262 12 16000 25000 12 16000 25000 6238
1791391734080980 10 0 0 10 10 10 0 0 0 0 0 0 703 119 119 0 1800 1097 978 0 978 0 0 0 58974589 100156 0 24113 121068 56801 28580003 1707842 16921483 5622630017 5622630017 0 4236120183 0 68.385890 645 645 859785 645000 330 655 120 160000 250000 119 158627 125268 12 16000 25000 12 16000 25000 6245
1791391734116658 10 0 0 10 10 10 0 0 0 0 0 0 702 119 119 0 1800 1098 979 0 979 0 0 0 58996485 100255 0 24129 121180 56823 28593388 1707982 16938534 5633057675 5633057675 0 4237333173 0 68.380012 617 617 822461 617000 205 612 120 160000 250000 119 158627 125275 12 16000 25000 12 16000 25000 6252
1791391734223141 10 0 0 10 10 10 0 0 0 0 0 0 701 119 119 0 1800 1099 980 0 980 0 0 0 59018049 100362 0 24146 121318 56848 28677868 1708128 16955601 5638521472 5638521472 0 4238835104 0 68.379175 576 576 767808 576000 301 583 120 160000 250000 119 158627 125284 12 16000 25000 12 16000 25000 6260
1791391734257552 10 0 0 10 10 10 0 0 0 0 0 0 700 119 119 0 1800 1100 981 0 981 0 0 0 59039990 100461 0 24161 121435 56871 28689944 1708260 16972649 5640721234 5640721234 0 4240329692 0 68.377793 583 583 777139 583000 987 624 120 160000 250000 119 158627 125286 12 16000 25000 12 16000 25000 6261
1791391734311873 10 0 0 10 10 10 0 0 0 0 0 0 699 119 118 1 1800 1101 982 0 982 0 0 0 59061346 100563 0 24176 121617 56904 28722435 1708392 16989588 5666519329 5654007007 0 4241547478 0 68.372623 568 568 757144 568000 369 600 120 160000 250000 119 158627 125304 12 16000 25000 12 16000 25000 6277
1791391734312119 10 0 0 10 10 10 0 0 0 0 0 0 699 118 118 0 1800 1101 983 0 983 0 0 0 59061346 100648 0 24193 121617 56911 28722439 1708523 16989588 5666519329 5666519329 0 4241547478 0 68.372525 568 568 757144 568000 2185 756 120 160000 250000 118 157294 124298 12 16000 25000 12 16000 25000 6276
1791391734329590 10 0 0 10 10 10 0 0 0 0 0 0 697 119 119 0 1800 1103 984 0 984 0 0 0 59078534 100732 0 24208 121723 56926 28722457 1708563 17002456 5676843918 5676843918 0 4244552176 0 68.400990 592 592 789136 592000 2015 879 120 160000 250000 119 158627 125306 12 16000 25000 12 16000 25000 6284
1791391734438009 10 0 0 10 10 10 0 0 0 0 0 0 696 119 119 0 1800 1104 985 0 985 0 0 0 59099534 100834 0 24223 121844 56948 28809508 1708646 17019196 5687439787 5687439787 0 4246041862 0 68.400606 602 602 802466 602000 2357 1024 120 160000 250000 119 158627 125313 12 16000 25000 12 16000 25000 6291
1791391734442340 10 0 0 10 10 10 0 0 0 0 0 0 695 119 119 0 1800 1105 986 0 986 0 0 0 59103525 100915 0 24237 121935 56958 28809514 1708779 17021362 5693948987 5693948987 0 4247532740 0 68.419917 611 611 814463 611000 1834 1104 120 160000 250000 119 158627 125322 12 16000 25000 12 16000 25000 6299
1791391734501158 10 0 0 10 10 10 0 0 0 0 0 0 694 119 119 0 1800 1106 987 0 987 0 0 0 59124669 101031 0 24253 122054 56980 28846849 1708838 17038151 5700560629 5700560629 0 4249031563 0 68.419491 601 601 801133 601000 872 1082 120 160000 250000 119 158627 125330 12 16000 25000 12 16000 25000 6307
1791391734520911 10 0 0 10 10 10 0 0 0 0 0 0 693 119 119 0 1800 1107 988 0 988 0 0 0 59144007 101132 0 24272 122163 57010 28846878 1708961 17052772 5707427079 5707427079 0 4250529184 0 68.421150 593 593 790469 593000 1101 1084 120 160000 250000 119 158627 125340 12 16000 25000 12 16000 25000 6315
1791391734674199 10 0 0 10 10 10 0 0 0 0 0 0 692 119 119 0 1800 1108 989 0 989 0 0 0 59166049 101232 0 24287 122301 57033 28977713 1709085 17069539 5708739703 5708739703 0 4251757131 0 68.415347 601 601 801133 601000 639 1041 120 160000 250000 119 158627 125339 12 16000 25000 12 16000 25000 6316
1791391734709671 10 0 0 10 10 10 0 0 0 0 0 0 691 119 119 0 1800 1109 990 0 990 0 0 0 59188526 101331 0 24302 122418 57053 28990285 1709249 17086346 5721226543 5721226543 0 4253254862 0 68.413387 640 640 853120 640000 205 961 120 160000 250000 119 158627 125347 12 16000 25000 12 16000 25000 6324
1791391734763429 10 0 0 10 10 10 0 0 0 0 0 0 690 119 119 0 1800 1110 991 0 991 0 0 0 59210013 101428 0 24318 122538 57074 29022133 1709412 17103042 5722202287 5722202287 0 4254745626 0 68.412461 645 645 859785 645000 2179 1080 120 160000 250000 119 158627 125349 12 16000 25000 12 16000 25000 6325
1791391734779090 10 0 0 10 10 10 0 0 0 0 0 0 689 119 119 0 1800 1111 992 0 992 0 0 0 59225264 101520 0 24332 122638 57091 29022153 1709572 17115887 5723460372 5723460372 0 4256242946 0 68.418837 634 634 845122 634000 154 990 120 160000 250000 119 158627 125350 12 16000 25000 12 16000 25000 6326
1791391734829048 10 0 0 10 10 10 0 0 0 0 0 0 688 119 119 0 1800 1112 993 0 993 0 0 0 59246333 101620 0 24349 122747 57115 29050677 1709677 17132545 5729954355 5729954355 0 4257746043 0 68.418586 637 637 849121 637000 259 920 120 160000 250000 119 158627 125358 12 16000 25000 12 16000 25000 6334
1791391734884805 10 0 0 10 10 10 0 0 0 0 0 0 687 119 119 0 1800 1113 994 0 994 0 0 0 59268265 101719 0 24365 122872 57134 29084101 1709808 17149358 5731298598 5731298598 0 4258965228 0 68.412782 602 602 802466 602000 88 840 120 160000 250000 119 158627 125359 12 16000 25000 12 16000 25000 6335
1791391734893716 10 0 0 10 10 10 0 0 0 0 0 0 686 119 119 0 1800 1114 995 0 995 0 0 0 59276842 101800 0 24378 122954 57145 29084111 1709937 17153761 5736891147 5736891147 0 4260478448 0 68.427110 593 593 790469 593000 204 779 120 160000 250000 119 158627 125366 12 16000 25000 12 16000 25000 6343
1791391734970001 10 0 0 10 10 10 0 0 0 0 0 0 685 119 119 0 1800 1115 996 0 996 0 0 0 59297873 101898 0 24393 123085 57164 29139029 1710000 17170321 5742486591 5742486591 0 4261984370 0 68.426948 607 607 809131 607000 1193 820 120 160000 250000 119 158627 125374 12 16000 25000 12 16000 25000 6350
1791391735046097 10 0 0 10 10 10 0 0 0 0 0 0 684 119 119 0 1800 1116 997 0 997 0 0 0 59319424 102005 0 24409 123217 57185 29193162 1710128 17186941 5755451742 5755451742 0 4263476390 0 68.425953 606 606 807798 606000 937 832 120 160000 250000 119 158627 125383 12 16000 25000 12 16000 25000 6358
1791391735052896 10 0 0 10 10 10 0 0 0 0 0 0 683 119 119 0 1800 1117 998 0 998 0 0 0 59325882 102090 0 24423 123300 57197 29193170 1710258 17191272 5768341250 5768341250 0 4264980395 0 68.442555 619 619 825127 619000 2067 953 120 160000 250000 119 158627 125391 12 16000 25000 12 16000 25000 6366
1791391735097582 10 0 0 10 10 10 0 0 0 0 0 0 682 119 119 0 1800 1118 999 0 999 0 0 0 59346783 102188 0 24439 123422 57215 29216632 1710323 17207732 5774899725 5774899725 0 4266481665 0 68.442463 634 634 845122 634000 2361 1091 120 160000 250000 119 158627 125399 12 16000 25000 12 16000 25000 6374
1791391735134362 10 0 0 10 10 10 0 0 0 0 0 0 681 119 119 0 1800 1119 1000 0 1000 0 0 0 59368030 102287 0 24455 123541 57233 29231780 1710449 17224258 5779398545 5779398545 0 4267976590 0 68.441869 623 623 830459 623000 439 1028 120 160000 250000 119 158627 125404 12 16000 25000 12 16000 25000 6381
1791391735191598 10 0 0 10 10 10 0 0 0 0 0 0 680 119 119 0 1800 1120 1001 0 1001 0 0 0 59392010 102387 0 24469 123656 57266 29264634 1710580 17240773 5786045780 5786045780 0 4269476066 0 68.438204 621 621 827793 621000 933 1020 120 160000 250000 119 158627 125411 12 16000 25000 12 16000 25000 6389
1791391735235486 10 0 0 10 10 10 0 0 0 0 0 0 679 119 119 0 1800 1121 1002 0 1002 0 0 0 59413789 102487 0 24484 123797 57287 29286325 1710712 17257391 5798968150 5798968150 0 4270979681 0 68.437139 623 623 830459 623000 1084 1027 120 160000 250000 119 158627 125420 12 16000 25000 12 16000 25000 6397
1791391735240158 10 0 0 10 10 10 0 0 0 0 0 0 678 119 119 0 1800 1122 1003 0 1003 0 0 0 59418136 102572 0 24504 123870 57295 29286332 1710845 17259583 5805613736 5805613736 0 4272483323 0 68.456135 637 637 849121 637000 2182 1140 120 160000 250000 119 158627 125428 12 16000 25000 12 16000 25000 6405
1791391735301008 10 0 0 10 10 10 0 0 0 0 0 0 677 119 119 0 1800 1123 1004 0 1004 0 0 0 59439648 102670 0 24519 123991 57321 29325347 1710902 17276229 5810108696 5810108696 0 4273991891 0 68.455452 626 626 834458 626000 453 1074 120 160000 250000 119 158627 125434 12 16000 25000 12 16000 25000 6412
1791391735311662 10 0 0 10 10 10 0 0 0 0 0 0 676 119 119 0 1800 1124 1005 0 1005 0 0 0 59449953 102757 0 24537 124075 57333 29325360 1711035 17282707 5811454145 5811454145 0 4275490789 0 68.467510 630 630 839790 630000 927 1060 120 160000 250000 119 158627 125435 12 16000 25000 12 16000 25000 6413
1791391735380452 10 0 0 10 10 10 0 0 0 0 0 0 675 119 119 0 1800 1125 1006 0 1006 0 0 0 59470673 102855 0 24553 124206 57354 29373056 1711135 17299102 5824452721 5824452721 0 4276995588 0 68.467673 608 608 810464 608000 152 972 120 160000 250000 119 158627 125443 12 16000 25000 12 16000 25000 6421
1791391735435663 10 0 0 10 10 10 0 0 0 0 0 0 674 119 119 0 1800 1126 1007 0 1007 0 0 0 59491561 102964 0 24568 124325 57373 29406949 1711296 17315471 5837220959 5837220959 0 4278511056 0 68.467801 620 620 826460 620000 1979 1071 120 160000 250000 119 158627 125452 12 16000 25000 12 16000 25000 6429
1791391735508979 10 0 0 10 10 10 0 0 0 0 0 0 673 119 119 0 1800 1127 1008 0 1008 0 0 0 59514791 103059 0 24583 124453 57395 29456624 1711426 17334318 5843877013 5843877013 0 4280009783 0 68.464988 633 633 843789 633000 1986 1161 120 160000 250000 119 158627 125460 12 16000 25000 12 16000 25000 6437
1791391735590114 10 0 0 10 10 10 0 0 0 0 0 0 672 119 119 0 1800 1128 1009 0 1009 0 0 0 59535806 103162 0 24598 124589 57416 29516326 1711563 17351045 5849397180 5849397180 0 4281518771 0 68.464875 630 630 839790 630000 755 1122 120 160000 250000 119 158627 125467 12 16000 25000 12 16000 25000 6444
1791391735598860 10 0 0 10 10 10 0 0 0 0 0 0 671 119 119 0 1800 1129 1010 0 1010 0 0 0 59544211 103246 0 24614 124667 57427 29516338 1711698 17357473 5854968474 5854968474 0 4283013091 0 68.479023 627 627 835791 627000 885 1100 120 160000 250000 119 158627 125476 12 16000 25000 12 16000 25000 6453
1791391735618383 10 0 0 10 10 10 0 0 0 0 0 0 670 119 119 0 1800 1130 1011 0 1011 0 0 0 59563393 103347 0 24634 124768 57445 29516363 1711771 17371902 5859893521 5859893521 0 4284517296 0 68.480934 629 629 838457 629000 1285 1119 120 160000 250000 119 158627 125482 12 16000 25000 12 16000 25000 6459
1791391735649616 10 0 0 10 10 10 0 0 0 0 0 0 669 119 119 0 1800 1131 1012 0 1012 0 0 0 59584456 103443 0 24650 124900 57466 29526128 1711891 17388501 5866567837 5866567837 0 4286008084 0 68.480478 628 628 837124 628000 700 1080 120 160000 250000 119 158627 125491 12 16000 25000 12 16000 25000 6467
1791391735684125 10 0 0 10 10 10 0 0 0 0 0 0 668 119 119 0 1800 1132 1013 0 1013 0 0 0 59605702 103546 0 24666 125024 57487 29538993 1712021 17405019 5867744755 5867744755 0 4287518013 0 68.480109 589 589 785137 589000 147 990 120 160000 250000 119 158627 125492 12 16000 25000 12 16000 25000 6468
1791391735803453 10 0 0 10 10 10 0 0 0 0 0 0 667 119 119 0 1800 1133 1014 0 1014 0 0 0 59626766 103646 0 24680 125142 57509 29636832 1712183 17421500 5868443833 5868443833 0 4289015206 0 68.479749 578 578 770474 578000 204 914 120 160000 250000 119 158627 125492 12 16000 25000 12 16000 25000 6469
1791391735852342 10 0 0 10 10 10 0 0 0 0 0 0 666 119 119 0 1800 1134 1015 0 1015 0 0 0 59647857 103757 0 24695 125262 57528 29664199 1712344 17438144 5870172832 5870172832 0 4290517029 0 68.479420 577 577 769141 577000 107 836 120 160000 250000 119 158627 125492 12 16000 25000 12 16000 25000 6469
1791391735858999 10 0 0 10 10 10 0 0 0 0 0 0 665 119 119 0 1800 1135 1016 0 1016 0 0 0 59654150 103837 0 24707 125343 57537 29664210 1712508 17442460 5876808331 5876808331 0 4292024520 0 68.496175 571 571 761143 571000 271 782 120 160000 250000 119 158627 125501 12 16000 25000 12 16000 25000 6478
1791391735862942 10 0 0 10 10 10 0 0 0 0 0 0 664 119 119 0 1800 1136 1017 0 1017 0 0 0 59657844 103919 0 24721 125405 57545 29664217 1712580 17444615 5883587864 5883587864 0 4293525479 0 68.515800 581 581 774473 581000 1535 856 120 160000 250000 119 158627 125509 12 16000 25000 12 16000 25000 6486
1791391735990594 10 0 0 10 10 10 0 0 0 0 0 0 663 119 119 0 1800 1137 1018 0 1018 0 0 0 59679201 104017 0 24737 125548 57568 29770174 1712628 17461133 5885987426 5885987426 0 4295021035 0 68.515068 582 582 775806 582000 1417 912 120 160000 250000 119 158627 125511 12 16000 25000 12 16000 25000 6489
1791391735994857 10 0 0 10 10 10 0 0 0 0 0 0 662 119 119 0 1800 1138 1019 0 1019 0 0 0 59683156 104096 0 24750 125617 57576 29770181 1712751 17463316 5887645347 5887645347 0 4296528366 0 68.534489 582 582 775806 582000 373 861 120 160000 250000 119 158627 125511 12 16000 25000 12 16000 25000 6489
1791391736041032 10 0 0 10 10 10 0 0 0 0 0 0 661 119 119 0 1800 1139 1020 0 1020 0 0 0 59706210 104196 0 24766 125755 57598 29792962 1712810 17481920 5888913542 5888913542 0 4298033737 0 68.531961 572 572 762476 572000 233 801 120 160000 250000 119 158627 125512 12 16000 25000 12 16000 25000 6490
1791391736045380 10 0 0 10 10 10 0 0 0 0 0 0 660 119 119 0 1800 1140 1021 0 1021 0 0 0 59710206 104274 0 24780 125827 57606 29792969 1712978 17484083 5894384266 5894384266 0 4299530902 0 68.551163 570 570 759810 570000 140 737 120 160000 250000 119 158627 125519 12 16000 25000 12 16000 25000 6498
1791391736065334 10 0 0 10 10 10 0 0 0 0 0 0 659 119 119 0 1800 1141 1022 0 1022 0 0 0 59729802 104387 0 24796 125943 57624 29792997 1713038 17498299 5901246827 5901246827 0 4301028149 0 68.552447 573 573 763809 573000 1177 780 120 160000 250000 119 158627 125528 12 16000 25000 12 16000 25000 6507
1791391736126397 10 0 0 10 10 10 0 0 0 0 0 0 658 119 119 0 1800 1142 1023 0 1023 0 0 0 59750575 104485 0 24811 126080 57644 29832887 1713159 17514723 5907765514 5907765514 0 4302529862 0 68.552470 587 587 782471 587000 459 749 120 160000 250000 119 158627 125536 12 16000 25000 12 16000 25000 6515
1791391736142583 10 0 0 10 10 10 0 0 0 0 0 0 657 119 119 0 1800 1143 1024 0 1024 0 0 0 59766398 104571 0 24824 126161 57671 29832905 1713287 17527465 5915054699 5915054699 0 4304049088 0 68.558454 593 593 790469 593000 1195 794 120 160000 250000 119 158627 125544 12 16000 25000 12 16000 25000 6523
1791391736236441 10 0 0 10 10 10 0 0 0 0 0 0 656 119 119 0 1800 1144 1025 0 1025 0 0 0 59786858 104672 0 24839 126278 57695 29905954 1713373 17543680 5921646831 5921646831 0 4305543937 0 68.558721 596 596 794468 596000 1463 860 120 160000 250000 119 158627 125553 12 16000 25000 12 16000 25000 6531
1791391736245364 10 0 0 10 10 10 0 0 0 0 0 0 655 119 119 0 1800 1145 1026 0 1026 0 0 0 59795428 104752 0 24852 126360 57707 29905966 1713500 17550208 5927214842 5927214842 0 4307049956 0 68.572798 605 605 806465 605000 271 803 120 160000 250000 119 158627 125560 12 16000 25000 12 16000 25000 6539
1791391736264581 10 0 0 10 10 10 0 0 0 0 0 0 654 119 119 0 1800 1146 1027 0 1027 0 0 0 59814254 104859 0 24867 126475 57725 29905990 1713601 17564415 5928764550 5928764550 0 4308548334 0 68.574979 620 620 826460 620000 1303 852 120 160000 250000 119 158627 125561 12 16000 25000 12 16000 25000 6540
1791391736326366 10 0 0 10 10 10 0 0 0 0 0 0 653 119 119 0 1800 1147 1028 0 1028 0 0 0 59835432 104962 0 24882 126593 57746 29946208 1713723 17580933 5934054088 5934054088 0 4310056895 0 68.574634 640 640 853120 640000 318 801 120 160000 250000 119 158627 125567 12 16000 25000 12 16000 25000 6546
1791391736459445 10 0 0 10 10 10 0 0 0 0 0 0 652 119 119 0 1800 1148 1029 0 1029 0 0 0 59856331 105071 0 24897 126711 57767 30057984 1713855 17597321 5939579042 5939579042 0 4311588869 0 68.574974 669 669 891777 669000 843 806 120 160000 250000 119 158627 125575 12 16000 25000 12 16000 25000 6554
1791391736464822 10 0 0 10 10 10 0 0 0 0 0 0 651 119 119 0 1800 1149 1030 0 1030 0 0 0 59861392 105150 0 24911 126789 57775 30057991 1713980 17599498 5944888381 5944888381 0 4313095538 0 68.593057 669 669 891777 669000 1084 834 120 160000 250000 119 158627 125583 12 16000 25000 12 16000 25000 6561
1791391736490001 10 0 0 10 10 10 0 0 0 0 0 0 650 119 119 0 1800 1150 1031 0 1031 0 0 0 59884349 105251 0 24928 126916 57799 30059885 1714035 17617957 5951481797 5951481797 0 4314602424 0 68.590648 673 673 897109 673000 623 814 120 160000 250000 119 158627 125591 12 16000 25000 12 16000 25000 6569
1791391736742470 10 0 0 10 10 10 0 0 0 0 0 0 649 119 119 0 1800 1151 1032 0 1032 0 0 0 59905547 105363 0 24944 127040 57819 30290749 1714160 17634016 5959110716 5959110716 0 4316094159 0 68.589997 653 653 870449 653000 705 804 120 160000 250000 119 158627 125599 12 16000 25000 12 16000 25000 6577
1791391736760081 10 0 0 10 10 10 0 0 0 0 0 0 648 119 119 0 1800 1152 1033 0 1033 0 0 0 59922770 105460 0 24966 127134 57841 30290767 1714291 17648057 5965719860 5965719860 0 4317599806 0 68.594127 642 642 855786 642000 1211 845 120 160000 250000 119 158627 125608 12 16000 25000 12 16000 25000 6585
1791391736903254 10 0 0 10 10 10 0 0 0 0 0 0 647 119 119 0 1800 1153 1034 0 1034 0 0 0 59943232 105558 0 24982 127259 57862 30413098 1714404 17664176 5975029737 5975029737 0 4319102266 0 68.594503 631 631 841123 631000 1062 867 120 160000 250000 119 158627 125615 12 16000 25000 12 16000 25000 6592
1791391736976782 10 0 0 10 10 10 0 0 0 0 0 0 646 119 119 0 1800 1154 1035 0 1035 0 0 0 59963750 105653 0 24998 127384 57886 30465717 1714529 17680281 5987965114 5987965114 0 4320593486 0 68.594639 628 628 837124 628000 1560 935 120 160000 250000 119 158627 125623 12 16000 25000 12 16000 25000 6600
1791391737098817 10 0 0 10 10 10 0 0 0 0 0 0 645 119 119 0 1800 1155 1036 0 1036 0 0 0 59984346 105750 0 25013 127504 57921 30566757 1714656 17696404 5994635019 5994635019 0 4322090436 0 68.594775 644 644 858452 644000 1983 1038 120 160000 250000 119 158627 125630 12 16000 25000 12 16000 25000 6608
1791391737171864 10 0 0 10 10 10 0 0 0 0 0 0 644 119 119 0 1800 1156 1037 0 1037 0 0 0 60005122 105850 0 25028 127630 57943 30618626 1714783 17712549 6001205020 6001205020 0 4323595581 0 68.594833 643 643 857119 643000 1041 1040 120 160000 250000 119 158627 125639 12 16000 25000 12 16000 25000 6617
1791391737207307 10 0 0 10 10 10 0 0 0 0 0 0 643 119 119 0 1800 1157 1038 0 1038 0 0 0 60025650 105946 0 25044 127750 57966 30633147 1714914 17728603 6006810562 6006810562 0 4325113519 0 68.595380 648 648 863784 648000 985 1036 120 160000 250000 119 158627 125647 12 16000 25000 12 16000 25000 6625
1791391737289252 10 0 0 10 10 10 0 0 0 0 0 0 642 119 119 0 1800 1158 1039 0 1039 0 0 0 60047118 106045 0 25060 127871 57988 30693196 1715075 17744715 6007848937 6007848937 0 4326622609 0 68.594711 660 660 879780 660000 1099 1043 120 160000 250000 119 158627 125648 12 16000 25000 12 16000 25000 6626
1791391737309036 10 0 0 10 10 10 0 0 0 0 0 0 641 119 119 0 1800 1159 1040 0 1040 0 0 0 60066484 106137 0 25074 127963 58008 30693213 1715235 17758737 6014596364 6014596364 0 4328121957 0 68.596293 635 635 846455 635000 197 961 120 160000 250000 119 158627 125656 12 16000 25000 12 16000 25000 6634
1791391737338490 10 0 0 10 10 10 0 0 0 0 0 0 640 119 119 0 1800 1160 1041 0 1041 0 0 0 60087073 106236 0 25089 128084 58028 30701655 1715391 17774819 6019035323 6019035323 0 4329617860 0 68.596417 647 647 862451 647000 969 963 120 160000 250000 119 158627 125662 12 16000 25000 12 16000 25000 6641
1791391737365490 10 0 0 10 10 10 0 0 0 0 0 0 639 119 119 0 1800 1161 1042 0 1042 0 0 0 60107773 106344 0 25104 128204 58051 30707550 1715521 17790846 6025704360 6025704360 0 4331118882 0 68.596486 654 654 871782 654000 920 959 120 160000 250000 119 158627 125671 12 16000 25000 12 16000 25000 6649
1791391737422107 10 0 0 10 10 10 0 0 0 0 0 0 638 119 119 0 1800 1162 1043 0 1043 0 0 0 60128315 106450 0 25120 128322 58075 30743226 1715648 17806834 6032067335 6032067335 0 4332676784 0 68.597637 770 770 1026410 770000 1075 971 120 160000 250000 119 158627 125678 12 16000 25000 12 16000 25000 6656
1791391737508083 10 0 0 10 10 10 0 0 0 0 0 0 637 119 119 0 1800 1163 1044 0 1044 0 0 0 60149043 106589 0 25138 128484 58111 30807981 1715777 17823150 6038597708 6038597708 0 4334182138 0 68.597707 786 786 1047738 786000 1146 989 120 160000 250000 119 158627 125686 12 16000 25000 12 16000 25000 6664
1791391737546728 10 0 0 10 10 10 0 0 0 0 0 0 636 119 119 0 1800 1164 1045 0 1045 0 0 0 60171557 106707 0 25155 128638 58137 30823596 1715961 17840205 6045229372 6045229372 0 4335680845 0 68.595663 784 784 1045072 784000 952 987 120 160000 250000 119 158627 125694 12 16000 25000 12 16000 25000 6672
1791391737552064 10 0 0 10 10 10 0 0 0 0 0 0 635 119 119 0 1800 1165 1046 0 1046 0 0 0 60176554 106789 0 25169 128704 58145 30823602 1716117 17842432 6048792183 6048792183 0 4337187281 0 68.613715 786 786 1047738 786000 1062 995 120 160000 250000 119 158627 125696 12 16000 25000 12 16000 25000 6674
1791391737563878 10 0 0 10 10 10 0 0 0 0 0 0 634 119 119 0 1800 1166 1047 0 1047 0 0 0 60188007 106914 0 25184 128817 58165 30823616 1716176 17851508 6054304667 6054304667 0 4338683343 0 68.624203 763 763 1017079 763000 637 961 120 160000 250000 119 158627 125704 12 16000 25000 12 16000 25000 6682
1791391737623228 10 0 0 10 10 10 0 0 0 0 0 0 633 119 119 0 1800 1167 1048 0 1048 0 0 0 60210519 107029 0 25200 128972 58194 30859976 1716332 17868510 6060956715 6060956715 0 4340183406 0 68.622177 744 744 991752 744000 1031 969 120 160000 250000 119 158627 125712 12 16000 25000 12 16000 25000 6691
1791391737632414 10 0 0 10 10 10 0 0 0 0 0 0 632 119 119 0 1800 1168 1049 0 1049 0 0 0 60219343 107115 0 25214 129050 58209 30859986 1716485 17875283 6067779186 6067779186 0 4341692757 0 68.635902 760 760 1013080 760000 957 969 120 160000 250000 119 158627 125721 12 16000 25000 12 16000 25000 6699
1791391737850521 10 0 0 10 10 10 0 0 0 0 0 0 631 119 119 0 1800 1169 1050 0 1050 0 0 0 60240491 107230 0 25233 129198 58234 31056569 1716553 17891461 6074444977 6074444977 0 4343196563 0 68.635484 766 766 1021078 766000 1433 1015 120 160000 250000 119 158627 125729 12 16000 25000 12 16000 25000 6707
1791391737913848 10 0 0 10 10 10 0 0 0 0 0 0 630 119 119 0 1800 1170 1051 0 1051 0 0 0 60261950 107351 0 25265 129330 58255 31097986 1716707 17907740 6081142093 6081142093 0 4344701214 0 68.634718 765 765 1019745 765000 1026 1017 120 160000 250000 119 158627 125737 12 16000 25000 12 16000 25000 6715
1791391737922918 10 0 0 10 10 10 0 0 0 0 0 0 629 119 119 0 1800 1171 1052 0 1052 0 0 0 60270655 107436 0 25278 129412 58271 31097998 1716857 17914417 6085577700 6085577700 0 4346199633 0 68.648394 748 748 997084 748000 1017 1017 120 160000 250000 119 158627 125744 12 16000 25000 12 16000 25000 6722
1791391737936249 10 0 0 10 10 10 0 0 0 0 0 0 628 119 119 0 1800 1172 1053 0 1053 0 0 0 60283690 107520 0 25292 129490 58286 31098013 1716939 17925344 6091176535 6091176535 0 4347702443 0 68.657213 761 761 1014413 761000 837 1000 120 160000 250000 119 158627 125752 12 16000 25000 12 16000 25000 6730
1791391737949220 10 0 0 10 10 10 0 0 0 0 0 0 627 119 119 0 1800 1173 1054 0 1054 0 0 0 60296364 107602 0 25306 129570 58305 31098029 1717017 17936078 6096811916 6096811916 0 4349195722 0 68.666290 766 766 1021078 766000 1592 1059 120 160000 250000 119 158627 125760 12 16000 25000 12 16000 25000 6739
1791391737953494 10 0 0 10 10 10 0 0 0 0 0 0 626 119 119 0 1800 1174 1055 0 1055 0 0 0 60300373 107682 0 25319 129647 58314 31098035 1717092 17938222 6102331178 6102331178 0 4350413571 0 68.680869 767 767 1022411 767000 393 995 120 160000 250000 119 158627 125767 12 16000 25000 12 16000 25000 6745
1791391737967028 10 0 0 10 10 10 0 0 0 0 0 0 625 119 119 0 1800 1175 1056 0 1056 0 0 0 60313673 107759 0 25332 129722 58322 31098041 1717143 17940401 6107927830 6107927830 0 4351915357 0 68.689367 746 746 994418 746000 837 981 120 160000 250000 119 158627 125773 12 16000 25000 12 16000 25000 6752
1791391737985485 10 0 0 10 10 10 0 0 0 0 0 0 624 119 119 0 1800 1176 1057 0 1057 0 0 0 60331797 107863 0 25349 129828 58343 31098060 1717203 17954159 6113372303 6113372303 0 4353408779 0 68.692215 728 728 970424 728000 896 973 120 160000 250000 119 158627 125782 12 16000 25000 12 16000 25000 6760
1791391738010368 10 0 0 10 10 10 0 0 0 0 0 0 623 119 119 0 1800 1177 1058 0 1058 0 0 0 60353138 107980 0 25367 129948 58366 31101181 1717337 17970214 6117848589 6117848589 0 4354913507 0 68.691571 735 735 979755 735000 1547 1030 120 160000 250000 119 158627 125788 12 16000 25000 12 16000 25000 6766
1791391738069999 10 0 0 10 10 10 0 0 0 0 0 0 622 119 119 0 1800 1178 1059 0 1059 0 0 0 60375161 108095 0 25383 130086 58391 31138337 1717487 17986217 6123495321 6123495321 0 4356416149 0 68.690121 713 713 950429 713000 283 958 120 160000 250000 119 158627 125795 12 16000 25000 12 16000 25000 6773
1791391738089301 10 0 0 10 10 10 0 0 0 0 0 0 621 119 119 0 1800 1179 1060 0 1060 0 0 0 60393994 108202 0 25400 130213 58411 31138362 1717651 18000050 6129035258 6129035258 0 4357906594 0 68.692111 709 709 945097 709000 864 950 120 160000 250000 119 158627 125804 12 16000 25000 12 16000 25000 6781
1791391738178782 10 0 0 10 10 10 0 0 0 0 0 0 620 119 119 0 1800 1180 1061 0 1061 0 0 0 60415053 108313 0 25420 130343 58436 31206344 1717798 18016033 6135859861 6135859861 0 4359444350 0 68.692315 719 719 958427 719000 1875 1041 120 160000 250000 119 158627 125812 12 16000 25000 12 16000 25000 6789
1791391738221267 10 0 0 10 10 10 0 0 0 0 0 0 619 119 119 0 1800 1181 1062 0 1062 0 0 0 60435895 108423 0 25440 130479 58457 31227536 1717956 18031914 6148482609 6148482609 0 4360941572 0 68.692127 805 805 1073065 805000 1189 1056 120 160000 250000 119 158627 125819 12 16000 25000 12 16000 25000 6797
1791391738225387 10 0 0 10 10 10 0 0 0 0 0 0 618 119 119 0 1800 1182 1063 0 1063 0 0 0 60439677 108501 0 25453 130552 58465 31227542 1718110 18034113 6155116012 6155116012 0 4362158493 0 68.706915 836 836 1114388 836000 1846 1134 120 160000 250000 119 158627 125828 12 16000 25000 12 16000 25000 6805
1791391738268710 10 0 0 10 10 10 0 0 0 0 0 0 617 119 119 0 1800 1183 1064 0 1064 0 0 0 60460425 108609 0 25471 130682 58488 31249777 1718168 18050028 6157386982 6157386982 0 4363661688 0 68.706925 853 853 1137049 853000 983 1120 120 160000 250000 119 158627 125830 12 16000 25000 12 16000 25000 6808
1791391738287950 10 0 0 10 10 10 0 0 0 0 0 0 616 119 119 0 1800 1184 1065 0 1065 0 0 0 60479117 108725 0 25487 130803 58515 31249813 1718389 18064126 6159620587 6159620587 0 4365158292 0 68.709154 854 854 1138382 854000 331 1044 120 160000 250000 119 158627 125832 12 16000 25000 12 16000 25000 6811
1791391738294659 10 0 0 10 10 10 0 0 0 0 0 0 615 119 118 1 1800 1185 1066 0 1066 0 0 0 60485395 108809 0 25500 130932 58533 31249825 1718555 18068477 6169629822 6166388578 0 4366648845 0 68.725399 830 830 1106390 830000 256 968 120 160000 250000 119 158627 125843 12 16000 25000 12 16000 25000 6821
1791391738294832 10 0 0 10 10 10 0 0 0 0 0 0 615 118 118 0 1800 1185 1067 0 1067 0 0 0 60485395 108889 0 25517 130932 58540 31249827 1718618 18068477 6169629822 6169629822 0 4366648845 0 68.725308 829 829 1105057 829000 1297 1001 120 160000 250000 118 157294 124839 12 16000 25000 12 16000 25000 6820
1791391738375618 10 0 0 10 10 10 0 0 0 0 0 0 613 119 119 0 1800 1187 1068 0 1068 0 0 0 60506809 108991 0 25533 131084 58559 31308862 1718659 18084001 6174092732 6174092732 0 4369381537 0 68.743908 829 829 1105057 829000 448 948 120 160000 250000 119 158627 125851 12 16000 25000 12 16000 25000 6828
1791391738382649 10 0 0 10 10 10 0 0 0 0 0 0 612 119 119 0 1800 1188 1069 0 1069 0 0 0 60513509 109077 0 25546 131161 58568 31308871 1718787 18088302 6180703538 6180703538 0 4370883159 0 68.759835 843 843 1123719 843000 919 946 120 160000 250000 119 158627 125859 12 16000 25000 12 16000 25000 6836
1791391738410628 10 0 0 10 10 10 0 0 0 0 0 0 611 119 119 0 1800 1189 1070 0 1070 0 0 0 60533072 109180 0 25562 131294 58588 31316946 1718848 18103645 6183244053 6183244053 0 4372385364 0 68.761161 798 798 1063734 798000 191 874 120 160000 250000 119 158627 125862 12 16000 25000 12 16000 25000 6839
1791391738414688 10 0 0 10 10 10 0 0 0 0 0 0 610 119 119 0 1800 1190 1071 0 1071 0 0 0 60536843 109258 0 25575 131349 58596 31316953 1718968 18105805 6187752041 6187752041 0 4373911698 0 68.780798 785 785 1046405 785000 365 825 120 160000 250000 119 158627 125866 12 16000 25000 12 16000 25000 6846
1791391738418788 10 0 0 10 10 10 0 0 0 0 0 0 609 119 119 0 1800 1191 1072 0 1072 0 0 0 60540684 109336 0 25587 131443 58605 31316960 1719022 18107970 6188243563 6188243563 0 4375388521 0 68.799576 806 806 1074398 806000 1556 897 120 160000 250000 119 158627 125869 12 16000 25000 12 16000 25000 6847
1791391738441972 10 0 0 10 10 10 0 0 0 0 0 0 608 119 119 0 1800 1192 1073 0 1073 0 0 0 60560744 109438 0 25603 131576 58627 31319723 1719107 18123354 6190684643 6190684643 0 4376892228 0 68.800349 791 791 1054403 791000 119 822 120 160000 250000 119 158627 125870 12 16000 25000 12 16000 25000 6848
1791391738573867 10 0 0 10 10 10 0 0 0 0 0 0 607 119 119 0 1800 1193 1074 0 1074 0 0 0 60580623 109536 0 25619 131695 58646 31431314 1719271 18138762 6196235273 6196235273 0 4378395071 0 68.801318 776 776 1034408 776000 419 783 120 160000 250000 119 158627 125878 12 16000 25000 12 16000 25000 6856
1791391738585201 10 0 0 10 10 10 0 0 0 0 0 0 606 119 118 1 1800 1194 1075 0 1075 0 0 0 60591564 109623 0 25632 131825 58660 31431327 1719401 18147377 6208612184 6202998784 0 4379897790 0 68.812428 818 818 1090394 818000 1118 816 120 160000 250000 119 158627 125897 12 16000 25000 12 16000 25000 6872
1791391738585387 10 0 0 10 10 10 0 0 0 0 0 0 606 118 118 0 1800 1194 1076 0 1076 0 0 0 60591564 109704 0 25652 131825 58667 31431331 1719477 18147377 6208612184 6208612184 0 4379897790 0 68.812336 817 817 1089061 817000 1107 845 120 160000 250000 118 157294 124892 12 16000 25000 12 16000 25000 6871
1791391738703773 10 0 0 10 10 10 0 0 0 0 0 0 604 119 119 0 1800 1196 1077 0 1077 0 0 0 60612737 109807 0 25668 131980 58690 31528207 1719515 18162673 6213084881 6213084881 0 4382891623 0 68.835245 832 832 1109056 832000 1512 911 120 160000 250000 119 158627 125902 12 16000 25000 12 16000 25000 6879
1791391738757113 10 0 0 10 10 10 0 0 0 0 0 0 603 119 119 0 1800 1197 1078 0 1078 0 0 0 60632325 109912 0 25682 132095 58717 31561568 1719637 18177936 6225204934 6225204934 0 4384396122 0 68.836549 826 826 1101058 826000 584 880 120 160000 250000 119 158627 125910 12 16000 25000 12 16000 25000 6887
1791391738790555 10 0 0 10 10 10 0 0 0 0 0 0 602 119 119 0 1800 1198 1079 0 1079 0 0 0 60651910 110009 0 25698 132204 58743 31575043 1719761 18193193 6231986290 6231986290 0 4385892402 0 68.837736 841 841 1121053 841000 1780 968 120 160000 250000 119 158627 125918 12 16000 25000 12 16000 25000 6895
1791391738842659 10 0 0 10 10 10 0 0 0 0 0 0 601 119 119 0 1800 1199 1080 0 1080 0 0 0 60671424 110123 0 25714 132320 58764 31607178 1719941 18208364 6236902091 6236902091 0 4387384277 0 68.838914 788 788 1050404 788000 205 860 120 160000 250000 119 158627 125925 12 16000 25000 12 16000 25000 6902
1791391738879714 10 0 0 10 10 10 0 0 0 0 0 0 600 119 119 0 1800 1200 1081 0 1081 0 0 0 60691604 110221 0 25730 132446 58786 31623650 1720069 18223492 6243588310 6243588310 0 4388887940 0 68.839541 782 782 1042406 782000 479 823 120 160000 250000 119 158627 125934 12 16000 25000 12 16000 25000 6910
1791391738925203 10 0 0 10 10 10 0 0 0 0 0 0 599 119 119 0 1800 1201 1082 0 1082 0 0 0 60711150 110319 0 25746 132566 58805 31649194 1720207 18238714 6250903989 6250903989 0 4390371548 0 68.840570 779 779 1038407 779000 1029 844 120 160000 250000 119 158627 125943 12 16000 25000 12 16000 25000 6919
1791391738969810 10 0 0 10 10 10 0 0 0 0 0 0 598 119 119 0 1800 1202 1083 0 1083 0 0 0 60730404 110416 0 25761 132683 58826 31674164 1720335 18253897 6257487773 6257487773 0 4391590131 0 68.837776 781 781 1041073 781000 1183 878 120 160000 250000 119 158627 125951 12 16000 25000 12 16000 25000 6927
1791391739006011 10 0 0 10 10 10 0 0 0 0 0 0 597 119 119 0 1800 1203 1084 0 1084 0 0 0 60752153 110516 0 25777 132816 58846 31688215 1720462 18271197 6264171334 6264171334 0 4393097244 0 68.836679 772 772 1029076 772000 1006 892 120 160000 250000 119 158627 125959 12 16000 25000 12 16000 25000 6935
1791391739030856 10 0 0 10 10 10 0 0 0 0 0 0 596 119 119 0 1800 1204 1085 0 1085 0 0 0 60771541 110622 0 25793 132930 58865 31693274 1720598 18286186 6269637391 6269637391 0 4394600718 0 68.838189 753 753 1003749 753000 883 892 120 160000 250000 119 158627 125966 12 16000 25000 12 16000 25000 6943
1791391739035293 10 0 0 10 10 10 0 0 0 0 0 0 595 119 119 0 1800 1205 1086 0 1086 0 0 0 60775651 110700 0 25806 133016 58874 31693281 1720727 18288356 6272623271 6272623271 0 4396094235 0 68.856847 740 740 986420 740000 488 853 120 160000 250000 119 158627 125969 12 16000 25000 12 16000 25000 6945
1791391739043808 10 0 0 10 10 10 0 0 0 0 0 0 594 119 119 0 1800 1206 1087 0 1087 0 0 0 60783902 110788 0 25820 133089 58888 31693291 1720786 18294817 6273591633 6273591633 0 4397590085 0 68.870844 727 727 969091 727000 370 807 120 160000 250000 119 158627 125970 12 16000 25000 12 16000 25000 6946
1791391739165231 10 0 0 10 10 10 0 0 0 0 0 0 593 119 119 0 1800 1207 1088 0 1088 0 0 0 60803649 110890 0 25835 133228 58914 31794608 1720859 18309683 6276007620 6276007620 0 4399083714 0 68.871787 715 715 953095 715000 188 748 120 160000 250000 119 158627 125973 12 16000 25000 12 16000 25000 6949
1791391739220298 10 0 0 10 10 10 0 0 0 0 0 0 592 119 119 0 1800 1208 1089 0 1089 0 0 0 60823166 110993 0 25850 133349 58938 31829734 1721013 18324640 6280910222 6280910222 0 4400594510 0 68.873256 716 716 954428 716000 372 713 120 160000 250000 119 158627 125976 12 16000 25000 12 16000 25000 6952
1791391739311243 10 0 0 10 10 10 0 0 0 0 0 0 591 119 119 0 1800 1209 1090 0 1090 0 0 0 60842337 111107 0 25866 133467 58962 31901102 1721142 18339533 6292173035 6292173035 0 4401810846 0 68.870496 714 714 951762 714000 907 733 120 160000 250000 119 158627 125983 12 16000 25000 12 16000 25000 6959
1791391739486364 10 0 0 10 10 10 0 0 0 0 0 0 590 119 119 0 1800 1210 1091 0 1091 0 0 0 60861836 111205 0 25882 133592 58979 32056331 1721271 18354552 6297571869 6297571869 0 4403311119 0 68.871827 730 730 973090 730000 1823 840 120 160000 250000 119 158627 125991 12 16000 25000 12 16000 25000 6966
1791391739490697 10 0 0 10 10 10 0 0 0 0 0 0 589 119 119 0 1800 1211 1092 0 1092 0 0 0 60865851 111284 0 25895 133665 58988 32056338 1721402 18356716 6300294957 6300294957 0 4404824585 0 68.890873 726 726 967758 726000 860 842 120 160000 250000 119 158627 125993 12 16000 25000 12 16000 25000 6969
1791391739516520 10 0 0 10 10 10 0 0 0 0 0 0 588 119 119 0 1800 1212 1093 0 1093 0 0 0 60882778 111429 0 25913 133810 59012 32064839 1721460 18369468 6305795143 6305795143 0 4406323390 0 68.895026 713 713 950429 713000 373 797 120 160000 250000 119 158627 126002 12 16000 25000 12 16000 25000 6977
1791391739523588 10 0 0 10 10 10 0 0 0 0 0 0 587 119 119 0 1800 1213 1094 0 1094 0 0 0 60889463 111521 0 25926 133888 59025 32064850 1721625 18374230 6307135418 6307135418 0 4407823765 0 68.910828 715 715 953095 715000 1184 836 120 160000 250000 119 158627 126002 12 16000 25000 12 16000 25000 6979
1791391739595573 10 0 0 10 10 10 0 0 0 0 0 0 586 119 119 0 1800 1214 1095 0 1095 0 0 0 60909157 111628 0 25941 134028 59044 32116674 1721804 18389330 6319707885 6319707885 0 4409333078 0 68.912055 704 704 938432 704000 316 786 120 160000 250000 119 158627 126011 12 16000 25000 12 16000 25000 6987
1791391739625522 10 0 0 10 10 10 0 0 0 0 0 0 585 119 119 0 1800 1215 1096 0 1096 0 0 0 60928454 111726 0 25957 134155 59062 32126900 1721961 18404276 6321057522 6321057522 0 4410837905 0 68.913670 727 727 969091 727000 1968 903 120 160000 250000 119 158627 126013 12 16000 25000 12 16000 25000 6988
1791391739676247 10 0 0 10 10 10 0 0 0 0 0 0 584 119 119 0 1800 1216 1097 0 1097 0 0 0 60947671 111821 0 25972 134279 59080 32157986 1722120 18419143 6321936207 6321936207 0 4412343832 0 68.915395 713 713 950429 713000 202 835 120 160000 250000 119 158627 126014 12 16000 25000 12 16000 25000 6989
1791391739731618 10 0 0 10 10 10 0 0 0 0 0 0 583 119 119 0 1800 1217 1098 0 1098 0 0 0 60966960 111920 0 25987 134418 59099 32193615 1722289 18433954 6328543005 6328543005 0 4413846288 0 68.916978 698 698 930434 698000 132 767 120 160000 250000 119 158627 126022 12 16000 25000 12 16000 25000 6997
1791391739795025 10 0 0 10 10 10 0 0 0 0 0 0 582 119 119 0 1800 1218 1099 0 1099 0 0 0 60986109 112022 0 26002 134552 59122 32237430 1722452 18448743 6335097537 6335097537 0 4415344717 0 68.918652 694 694 925102 694000 993 790 120 160000 250000 119 158627 126029 12 16000 25000 12 16000 25000 7005
1791391739872979 10 0 0 10 10 10 0 0 0 0 0 0 581 119 119 0 1800 1219 1100 0 1100 0 0 0 61007532 112127 0 26019 134681 59146 32293540 1722590 18465579 6340440282 6340440282 0 4416849185 0 68.917852 694 694 925102 694000 1028 814 120 160000 250000 119 158627 126036 12 16000 25000 12 16000 25000 7011
1791391739910582 10 0 0 10 10 10 0 0 0 0 0 0 580 119 119 0 1800 1220 1101 0 1101 0 0 0 61026453 112226 0 26034 134792 59164 32311820 1722728 18480244 6347119002 6347119002 0 4418355064 0 68.919902 686 686 914438 686000 591 793 120 160000 250000 119 158627 126043 12 16000 25000 12 16000 25000 7020
1791391740000374 10 0 0 10 10 10 0 0 0 0 0 0 579 119 119 0 1800 1221 1102 0 1102 0 0 0 61045638 112328 0 26050 134925 59185 32382018 1722857 18494988 6360303456 6360303456 0 4419860516 0 68.921642 690 690 919770 690000 1042 818 120 160000 250000 119 158627 126052 12 16000 25000 12 16000 25000 7028
1791391740032454 10 0 0 10 10 10 0 0 0 0 0 0 578 119 119 0 1800 1222 1103 0 1103 0 0 0 61064742 112428 0 26065 135059 59202 32394590 1722990 18509654 6367062947 6367062947 0 4421357056 0 68.923336 706 706 941098 706000 2384 972 120 160000 250000 119 158627 126060 12 16000 25000 12 16000 25000 7036
1791391740059373 10 0 0 10 10 10 0 0 0 0 0 0 577 119 119 0 1800 1223 1104 0 1104 0 0 0 61085965 112527 0 26082 135178 59225 32399895 1723116 18526371 6373719596 6373719596 0 4422848196 0 68.922560 723 723 963759 723000 946 970 120 160000 250000 119 158627 126068 12 16000 25000 12 16000 25000 7044
1791391740068226 10 0 0 10 10 10 0 0 0 0 0 0 576 119 119 0 1800 1224 1105 0 1105 0 0 0 61094471 112615 0 26100 135267 59237 32399907 1723243 18532768 6386758744 6386758744 0 4424342680 0 68.936168 722 722 962426 722000 768 951 120 160000 250000 119 158627 126075 12 16000 25000 12 16000 25000 7052
1791391740118763 10 0 0 10 10 10 0 0 0 0 0 0 575 119 119 0 1800 1225 1106 0 1106 0 0 0 61113369 112714 0 26117 135406 59257 32431197 1723311 18547359 6393386304 6393386304 0 4425847558 0 68.938219 743 743 990419 743000 2370 1090 120 160000 250000 119 158627 126084 12 16000 25000 12 16000 25000 7060
1791391740156960 10 0 0 10 10 10 0 0 0 0 0 0 574 119 119 0 1800 1226 1107 0 1107 0 0 0 61132299 112812 0 26133 135520 59277 32450082 1723435 18562055 6406330218 6406330218 0 4427337778 0 68.940006 740 740 986420 740000 990 1081 120 160000 250000 119 158627 126092 12 16000 25000 12 16000 25000 7068
1791391740223521 10 0 0 10 10 10 0 0 0 0 0 0 573 119 119 0 1800 1227 1108 0 1108 0 0 0 61151552 112910 0 26149 135649 59305 32496962 1723570 18576795 6411311660 6411311660 0 4428835744 0 68.941549 784 784 1045072 784000 2362 1207 120 160000 250000 119 158627 126094 12 16000 25000 12 16000 25000 7071
1791391740250991 10 0 0 10 10 10 0 0 0 0 0 0 572 119 119 0 1800 1228 1109 0 1109 0 0 0 61170786 113011 0 26167 135782 59325 32504794 1723698 18591660 6417975447 6417975447 0 4430336058 0 68.943145 783 783 1043739 783000 789 1168 120 160000 250000 119 158627 126102 12 16000 25000 12 16000 25000 7079
1791391740311287 10 0 0 10 10 10 0 0 0 0 0 0 571 119 119 0 1800 1229 1110 0 1110 0 0 0 61190018 113111 0 26183 135903 59344 32545458 1723838 18606306 6423387380 6423387380 0 4431835116 0 68.944724 778 778 1037074 778000 997 1152 120 160000 250000 119 158627 126109 12 16000 25000 12 16000 25000 7087
1791391740424686 10 0 0 10 10 10 0 0 0 0 0 0 570 119 119 0 1800 1230 1111 0 1111 0 0 0 61209556 113210 0 26197 136019 59365 32638935 1723967 18620822 6436035677 6436035677 0 4433054987 0 68.941618 775 775 1033075 775000 998 1138 120 160000 250000 119 158627 126117 12 16000 25000 12 16000 25000 7095
1791391740485240 10 0 0 10 10 10 0 0 0 0 0 0 569 119 119 0 1800 1231 1112 0 1112 0 0 0 61228408 113324 0 26225 136139 59384 32680233 1724093 18635289 6445120287 6445120287 0 4434563394 0 68.943753 776 776 1034408 776000 2073 1230 120 160000 250000 119 158627 126124 12 16000 25000 12 16000 25000 7102
1791391740518097 10 0 0 10 10 10 0 0 0 0 0 0 568 119 119 0 1800 1232 1113 0 1113 0 0 0 61247598 113431 0 26242 136273 59403 32693487 1724223 18649734 6451753527 6451753527 0 4436085453 0 68.945727 785 785 1046405 785000 1565 1263 120 160000 250000 119 158627 126132 12 16000 25000 12 16000 25000 7110
1791391740584454 10 0 0 10 10 10 0 0 0 0 0 0 567 119 119 0 1800 1233 1114 0 1114 0 0 0 61267101 113527 0 26258 136387 59426 32739958 1724352 18664214 6464295565 6464295565 0 4437583945 0 68.946995 798 798 1063734 798000 1053 1243 120 160000 250000 119 158627 126139 12 16000 25000 12 16000 25000 7118
1791391740588816 10 0 0 10 10 10 0 0 0 0 0 0 566 119 119 0 1800 1234 1115 0 1115 0 0 0 61271154 113606 0 26271 136455 59434 32739965 1724480 18666367 6471043800 6471043800 0 4439078406 0 68.965572 831 831 1107723 831000 1896 1307 120 160000 250000 119 158627 126147 12 16000 25000 12 16000 25000 7126
1791391740643168 10 0 0 10 10 10 0 0 0 0 0 0 565 119 119 0 1800 1235 1116 0 1116 0 0 0 61289930 113708 0 26290 136598 59456 32775197 1724535 18680831 6473713968 6473713968 0 4440571402 0 68.967557 822 822 1095726 822000 762 1255 120 160000 250000 119 158627 126150 12 16000 25000 12 16000 25000 7129
1791391740675907 10 0 0 10 10 10 0 0 0 0 0 0 564 119 119 0 1800 1236 1117 0 1117 0 0 0 61308771 113808 0 26306 136714 59475 32788714 1724659 18695207 6479412476 6479412476 0 4442096855 0 68.969974 824 824 1098392 824000 463 1179 120 160000 250000 119 158627 126157 12 16000 25000 12 16000 25000 7136
1791391740696009 10 0 0 10 10 10 0 0 0 0 0 0 563 119 119 0 1800 1237 1118 0 1118 0 0 0 61327710 113915 0 26322 136824 59495 32789484 1724789 18709634 6484966339 6484966339 0 4443592570 0 68.971810 822 822 1095726 822000 800 1143 120 160000 250000 119 158627 126164 12 16000 25000 12 16000 25000 7144
1791391740750395 10 0 0 10 10 10 0 0 0 0 0 0 562 119 119 0 1800 1238 1119 0 1119 0 0 0 61347775 114027 0 26338 136936 59518 32823402 1724919 18723941 6490408871 6490408871 0 4445091142 0 68.972421 884 884 1178372 884000 740 1104 120 160000 250000 119 158627 126173 12 16000 25000 12 16000 25000 7152
1791391740800422 10 0 0 10 10 10 0 0 0 0 0 0 561 119 119 0 1800 1239 1120 0 1120 0 0 0 61366421 114121 0 26352 137060 59536 32854395 1725048 18738266 6491170199 6491170199 0 4446327481 0 68.970575 894 894 1191702 894000 829 1078 120 160000 250000 119 158627 126174 12 16000 25000 12 16000 25000 7152
1791391740809164 10 0 0 10 10 10 0 0 0 0 0 0 560 119 119 0 1800 1240 1121 0 1121 0 0 0 61374778 114208 0 26370 137145 59548 32854406 1725218 18744756 6493402060 6493402060 0 4447825053 0 68.984330 874 874 1165042 874000 120 986 120 160000 250000 119 158627 126176 12 16000 25000 12 16000 25000 7155
1791391740839371 10 0 0 10 10 10 0 0 0 0 0 0 559 119 119 0 1800 1241 1122 0 1122 0 0 0 61393335 114307 0 26385 137270 59569 32865702 1725304 18759138 6500715156 6500715156 0 4449042471 0 68.982283 881 881 1174373 881000 702 959 120 160000 250000 119 158627 126184 12 16000 25000 12 16000 25000 7163
1791391740984041 10 0 0 10 10 10 0 0 0 0 0 0 558 119 119 0 1800 1242 1123 0 1123 0 0 0 61412087 114407 0 26400 137394 59589 32991235 1725421 18773527 6508425090 6508425090 0 4450545122 0 68.984437 895 895 1193035 895000 1200 984 120 160000 250000 119 158627 126191 12 16000 25000 12 16000 25000 7170
1791391740996117 10 0 0 10 10 10 0 0 0 0 0 0 557 119 119 0 1800 1243 1124 0 1124 0 0 0 61423823 114496 0 26413 137472 59601 32991248 1725548 18782117 6513817591 6513817591 0 4451763533 0 68.990064 898 898 1197034 898000 1298 1015 120 160000 250000 119 158627 126199 12 16000 25000 12 16000 25000 7177
1791391741028507 10 0 0 10 10 10 0 0 0 0 0 0 556 119 119 0 1800 1244 1125 0 1125 0 0 0 61444965 114600 0 26431 137591 59622 33002134 1725640 18798371 6519218809 6519218809 0 4453326282 0 68.990463 899 899 1198367 899000 1185 1033 120 160000 250000 119 158627 126205 12 16000 25000 12 16000 25000 7184
1791391741085215 10 0 0 10 10 10 0 0 0 0 0 0 555 119 119 0 1800 1245 1126 0 1126 0 0 0 61463741 114710 0 26448 137732 59643 33039619 1725792 18812598 6525856151 6525856151 0 4454812645 0 68.992323 885 885 1179705 885000 626 994 120 160000 250000 119 158627 126213 12 16000 25000 12 16000 25000 7192
1791391741140860 10 0 0 10 10 10 0 0 0 0 0 0 554 119 119 0 1800 1246 1127 0 1127 0 0 0 61482444 114812 0 26464 137861 59663 33076162 1725921 18826813 6538871887 6538871887 0 4456310330 0 68.994449 897 897 1195701 897000 1245 1019 120 160000 250000 119 158627 126221 12 16000 25000 12 16000 25000 7201
1791391741188494 10 0 0 10 10 10 0 0 0 0 0 0 553 119 119 0 1800 1247 1128 0 1128 0 0 0 61503205 114926 0 26481 137987 59685 33102623 1726048 18843116 6545376255 6545376255 0 4457806884 0 68.994237 903 903 1203699 903000 2257 1140 120 160000 250000 119 158627 126230 12 16000 25000 12 16000 25000 7209
1791391741221351 10 0 0 10 10 10 0 0 0 0 0 0 552 119 119 0 1800 1248 1129 0 1129 0 0 0 61522366 115023 0 26496 138104 59701 33115935 1726179 18857298 6547425506 6547425506 0 4459314344 0 68.996004 968 968 1290344 968000 677 1095 120 160000 250000 119 158627 126232 12 16000 25000 12 16000 25000 7211
1791391741259386 10 0 0 10 10 10 0 0 0 0 0 0 551 119 119 0 1800 1249 1130 0 1130 0 0 0 61541130 115123 0 26512 138234 59722 33134803 1726306 18871526 6548767482 6548767482 0 4460814544 0 68.998099 970 970 1293010 970000 312 1019 120 160000 250000 119 158627 126233 12 16000 25000 12 16000 25000 7212
1791391741501519 10 0 0 10 10 10 0 0 0 0 0 0 550 119 119 0 1800 1250 1131 0 1131 0 0 0 61559714 115223 0 26527 138352 59742 33357932 1726465 18885659 6555375195 6555375195 0 4462318158 0 69.000447 953 953 1270349 953000 205 941 120 160000 250000 119 158627 126242 12 16000 25000 12 16000 25000 7220
1791391741575625 10 0 0 10 10 10 0 0 0 0 0 0 549 119 119 0 1800 1251 1132 0 1132 0 0 0 61580267 115324 0 26544 138475 59763 33411091 1726592 18901842 6557898655 6557898655 0 4463805926 0 69.000345 943 943 1257019 943000 757 924 120 160000 250000 119 158627 126244 12 16000 25000 12 16000 25000 7223
1791391741607045 10 0 0 10 10 10 0 0 0 0 0 0 548 119 119 0 1800 1252 1133 0 1133 0 0 0 61598515 115432 0 26559 138589 59783 33423868 1726718 18915893 6559074672 6559074672 0 4465023858 0 68.998643 926 926 1234358 926000 310 865 120 160000 250000 119 158627 126244 12 16000 25000 12 16000 25000 7223
1791391741710089 10 0 0 10 10 10 0 0 0 0 0 0 547 119 119 0 1800 1253 1134 0 1134 0 0 0 61626786 115537 0 26574 138717 59806 33498192 1726889 18930089 6559749458 6559749458 0 4466521400 0 68.990063 913 913 1217029 913000 194 801 120 160000 250000 119 158627 126244 12 16000 25000 12 16000 25000 7223
1791391741744656 10 0 0 10 10 10 0 0 0 0 0 0 546 119 119 0 1800 1254 1135 0 1135 0 0 0 61646095 115638 0 26589 138839 59824 33513015 1727057 18944258 6572912249 6572912249 0 4467748360 0 68.987327 912 912 1215696 912000 104 734 120 160000 250000 119 158627 126253 12 16000 25000 12 16000 25000 7231
1791391741760282 10 0 0 10 10 10 0 0 0 0 0 0 545 119 119 0 1800 1255 1136 0 1136 0 0 0 61661322 115727 0 26604 138931 59841 33513031 1727218 18956292 6579885782 6579885782 0 4469250991 0 68.993420 870 870 1159710 870000 373 699 120 160000 250000 119 158627 126262 12 16000 25000 12 16000 25000 7240
1791391741822066 10 0 0 10 10 10 0 0 0 0 0 0 544 119 119 0 1800 1256 1137 0 1137 0 0 0 61679655 115825 0 26619 139054 59859 33556103 1727335 18970257 6586461843 6586461843 0 4470751965 0 68.996006 881 881 1174373 881000 940 724 120 160000 250000 119 158627 126270 12 16000 25000 12 16000 25000 7248
1791391741851377 10 0 0 10 10 10 0 0 0 0 0 0 543 119 119 0 1800 1257 1138 0 1138 0 0 0 61698121 115934 0 26635 139166 59879 33566551 1727465 18984268 6593114437 6593114437 0 4472263285 0 68.998590 895 895 1193035 895000 1162 767 120 160000 250000 119 158627 126278 12 16000 25000 12 16000 25000 7256
1791391741939022 10 0 0 10 10 10 0 0 0 0 0 0 542 119 119 0 1800 1258 1139 0 1139 0 0 0 61716412 116032 0 26650 139284 59898 33635520 1727592 18998252 6598587693 6598587693 0 4473773332 0 69.001360 897 897 1195701 897000 963 787 120 160000 250000 119 158627 126286 12 16000 25000 12 16000 25000 7264
1791391741958926 10 0 0 10 10 10 0 0 0 0 0 0 541 119 119 0 1800 1259 1140 0 1140 0 0 0 61734578 116148 0 26665 139399 59919 33636852 1727723 19012185 6605227977 6605227977 0 4475000824 0 68.999891 880 880 1173040 880000 904 799 120 160000 250000 119 158627 126294 12 16000 25000 12 16000 25000 7272
1791391742122187 10 0 0 10 10 10 0 0 0 0 0 0 540 119 119 0 1800 1260 1141 0 1141 0 0 0 61753149 116254 0 26687 139531 59942 33781134 1727847 19026159 6611833915 6611833915 0 4476498616 0 69.002149 883 883 1177039 883000 989 818 120 160000 250000 119 158627 126301 12 16000 25000 12 16000 25000 7280
1791391742240247 10 0 0 10 10 10 0 0 0 0 0 0 539 119 119 0 1800 1261 1142 0 1142 0 0 0 61771440 116355 0 26702 139654 59961 33880507 1727973 19040095 6618383245 6618383245 0 4477999730 0 69.004774 895 895 1193035 895000 947 832 120 160000 250000 119 158627 126310 12 16000 25000 12 16000 25000 7288
1791391742303207 10 0 0 10 10 10 0 0 0 0 0 0 538 119 119 0 1800 1262 1143 0 1143 0 0 0 61789756 116465 0 26717 139780 59981 33924738 1728109 19053974 6621156906 6621156906 0 4479509670 0 69.007496 893 893 1190369 893000 1009 850 120 160000 250000 119 158627 126313 12 16000 25000 12 16000 25000 7291
1791391742314312 10 0 0 10 10 10 0 0 0 0 0 0 537 119 119 0 1800 1263 1144 0 1144 0 0 0 61800487 116549 0 26732 139864 59992 33924751 1728266 19062534 6627875469 6627875469 0 4481013942 0 69.018612 894 894 1191702 894000 495 817 120 160000 250000 119 158627 126321 12 16000 25000 12 16000 25000 7299
1791391742329617 10 0 0 10 10 10 0 0 0 0 0 0 536 119 119 0 1800 1264 1145 0 1145 0 0 0 61815456 116640 0 26746 139963 60010 33924771 1728354 19074169 6630405153 6630405153 0 4482514331 0 69.024933 879 879 1171707 879000 1251 860 120 160000 250000 119 158627 126323 12 16000 25000 12 16000 25000 7302
1791391742348672 10 0 0 10 10 10 0 0 0 0 0 0 535 119 119 0 1800 1265 1146 0 1146 0 0 0 61833576 116740 0 26761 140084 60030 33925337 1728460 19087974 6641046995 6641046995 0 4484014163 0 69.027721 888 888 1183704 888000 546 831 120 160000 250000 119 158627 126330 12 16000 25000 12 16000 25000 7309
1791391742411736 10 0 0 10 10 10 0 0 0 0 0 0 534 119 119 0 1800 1266 1147 0 1147 0 0 0 61851876 116837 0 26776 140199 60060 33969721 1728580 19101753 6645504484 6645504484 0 4485505748 0 69.030183 872 872 1162376 872000 441 794 120 160000 250000 119 158627 126336 12 16000 25000 12 16000 25000 7316
1791391742427112 10 0 0 10 10 10 0 0 0 0 0 0 533 119 119 0 1800 1267 1148 0 1148 0 0 0 61866852 116940 0 26791 140311 60075 33969740 1728708 19113378 6652065971 6652065971 0 4486738962 0 69.032364 871 871 1161043 871000 928 808 120 160000 250000 119 158627 126345 12 16000 25000 12 16000 25000 7323
1791391742469922 10 0 0 10 10 10 0 0 0 0 0 0 532 119 119 0 1800 1268 1149 0 1149 0 0 0 61885476 117045 0 26810 140450 60093 33993517 1728828 19127244 6658879138 6658879138 0 4488234609 0 69.034517 871 871 1161043 871000 1023 830 120 160000 250000 119 158627 126353 12 16000 25000 12 16000 25000 7332
1791391742474057 10 0 0 10 10 10 0 0 0 0 0 0 531 119 119 0 1800 1269 1150 0 1150 0 0 0 61889281 117130 0 26826 140512 60109 33993523 1728968 19129430 6665542723 6665542723 0 4489729797 0 69.053182 880 880 1173040 880000 991 847 120 160000 250000 119 158627 126361 12 16000 25000 12 16000 25000 7340
1791391742566807 10 0 0 10 10 10 0 0 0 0 0 0 530 119 119 0 1800 1270 1151 0 1151 0 0 0 61907627 117235 0 26846 140653 60129 34067550 1729055 19143334 6666843469 6666843469 0 4491235209 0 69.055787 879 879 1171707 879000 990 862 120 160000 250000 119 158627 126363 12 16000 25000 12 16000 25000 7341
1791391742595089 10 0 0 10 10 10 0 0 0 0 0 0 529 119 119 0 1800 1271 1152 0 1152 0 0 0 61925939 117340 0 26860 140779 60148 34077097 1729209 19157142 6673305845 6673305845 0 4492734821 0 69.058339 844 844 1125052 844000 204 799 120 160000 250000 119 158627 126371 12 16000 25000 12 16000 25000 7349
1791391742716815 10 0 0 10 10 10 0 0 0 0 0 0 528 119 119 0 1800 1272 1153 0 1153 0 0 0 61943983 117437 0 26875 140900 60166 34180364 1729366 19170792 6678809163 6678809163 0 4494237394 0 69.061242 846 846 1127718 846000 1068 826 120 160000 250000 119 158627 126380 12 16000 25000 12 16000 25000 7357
1791391742743952 10 0 0 10 10 10 0 0 0 0 0 0 527 119 119 0 1800 1273 1154 0 1154 0 0 0 61962042 117535 0 26890 141016 60185 34189060 1729495 19184450 6679587025 6679587025 0 4495741468 0 69.064149 850 850 1133050 850000 935 838 120 160000 250000 119 158627 126380 12 16000 25000 12 16000 25000 7358
1791391742840929 10 0 0 10 10 10 0 0 0 0 0 0 526 119 119 0 1800 1274 1155 0 1155 0 0 0 61980067 117636 0 26905 141145 60206 34267574 1729658 19198146 6686355718 6686355718 0 4497242761 0 69.067046 812 812 1082396 812000 113 768 120 160000 250000 119 158627 126389 12 16000 25000 12 16000 25000 7366
1791391742844962 10 0 0 10 10 10 0 0 0 0 0 0 525 119 119 0 1800 1275 1156 0 1156 0 0 0 61983751 117716 0 26918 141203 60214 34267581 1729834 19200293 6699279872 6699279872 0 4498740777 0 69.085865 813 813 1083729 813000 1021 793 120 160000 250000 119 158627 126394 12 16000 25000 12 16000 25000 7374
1791391742860648 10 0 0 10 10 10 0 0 0 0 0 0 524 119 119 0 1800 1276 1157 0 1157 0 0 0 61999103 117811 0 26933 141327 60227 34267602 1729892 19211906 6705809016 6705809016 0 4500245058 0 69.091780 815 815 1086395 815000 2760 986 120 160000 250000 119 158627 126404 12 16000 25000 12 16000 25000 7382
1791391742864933 10 0 0 10 10 10 0 0 0 0 0 0 523 119 119 0 1800 1277 1158 0 1158 0 0 0 62003100 117896 0 26946 141388 60235 34267608 1730001 19214062 6712432508 6712432508 0 4501746996 0 69.110297 822 822 1095726 822000 1340 1021 120 160000 250000 119 158627 126412 12 16000 25000 12 16000 25000 7390
1791391742895878 10 0 0 10 10 10 0 0 0 0 0 0 522 119 119 0 1800 1278 1159 0 1159 0 0 0 62021260 117995 0 26962 141526 60253 34280059 1730060 19227834 6718032260 6718032260 0 4503270093 0 69.113365 827 827 1102391 827000 1400 1058 120 160000 250000 119 158627 126421 12 16000 25000 12 16000 25000 7398
1791391742922526 10 0 0 10 10 10 0 0 0 0 0 0 521 119 119 0 1800 1279 1160 0 1160 0 0 0 62041675 118096 0 26978 141659 60274 34285900 1730176 19243610 6719329400 6719329400 0 4504770676 0 69.113577 824 824 1098392 824000 854 1039 120 160000 250000 119 158627 126422 12 16000 25000 12 16000 25000 7398
1791391742938336 10 0 0 10 10 10 0 0 0 0 0 0 520 119 119 0 1800 1280 1161 0 1161 0 0 0 62057060 118193 0 26993 141774 60291 34285919 1730333 19255026 6724921811 6724921811 0 4506261209 0 69.119229 767 767 1022411 767000 72 946 120 160000 250000 119 158627 126430 12 16000 25000 12 16000 25000 7406
1791391743066620 10 0 0 10 10 10 0 0 0 0 0 0 519 119 119 0 1800 1281 1162 0 1162 0 0 0 62084214 118296 0 27009 141900 60308 34386660 1730455 19268475 6731491337 6731491337 0 4507763329 0 69.111972 755 755 1006415 755000 781 931 120 160000 250000 119 158627 126438 12 16000 25000 12 16000 25000 7414
1791391743123795 10 0 0 10 10 10 0 0 0 0 0 0 518 119 119 0 1800 1282 1163 0 1163 0 0 0 62102295 118394 0 27025 142015 60325 34425368 1730582 19281929 6738143547 6738143547 0 4509272316 0 69.114908 754 754 1005082 754000 962 935 120 160000 250000 119 158627 126447 12 16000 25000 12 16000 25000 7423
1791391743148167 10 0 0 10 10 10 0 0 0 0 0 0 517 119 119 0 1800 1283 1164 0 1164 0 0 0 62120194 118499 0 27040 142133 60346 34431445 1730708 19295476 6744381443 6744381443 0 4510769298 0 69.117853 738 738 983754 738000 1014 943 120 160000 250000 119 158627 126453 12 16000 25000 12 16000 25000 7429
1791391743220400 10 0 0 10 10 10 0 0 0 0 0 0 516 119 119 0 1800 1284 1165 0 1165 0 0 0 62138247 118599 0 27055 142246 60380 34485229 1730835 19308992 6750032580 6750032580 0 4512266195 0 69.120629 741 741 987753 741000 926 943 120 160000 250000 119 158627 126461 12 16000 25000 12 16000 25000 7437
1791391743301256 10 0 0 10 10 10 0 0 0 0 0 0 515 119 119 0 1800 1285 1166 0 1166 0 0 0 62156227 118699 0 27072 142387 60406 34547654 1730993 19322555 6752737240 6752737240 0 4513771461 0 69.123613 750 750 999750 750000 1116 961 120 160000 250000 119 158627 126464 12 16000 25000 12 16000 25000 7440
1791391743421701 10 0 0 10 10 10 0 0 0 0 0 0 514 119 119 0 1800 1286 1167 0 1167 0 0 0 62174183 118795 0 27086 142501 60427 34649758 1731124 19336075 6758217440 6758217440 0 4515260890 0 69.126384 741 741 987753 741000 358 903 120 160000 250000 119 158627 126471 12 16000 25000 12 16000 25000 7448
1791391743484357 10 0 0 10 10 10 0 0 0 0 0 0 513 119 119 0 1800 1287 1168 0 1168 0 0 0 62191970 118891 0 27101 142614 60446 34694217 1731282 19349509 6766259160 6766259160 0 4516497251 0 69.125468 746 746 994418 746000 1088 922 120 160000 250000 119 158627 126479 12 16000 25000 12 16000 25000 7456
1791391743570617 10 0 0 10 10 10 0 0 0 0 0 0 512 119 119 0 1800 1288 1169 0 1169 0 0 0 62209758 119005 0 27128 142729 60467 34762293 1731407 19362910 6771813288 6771813288 0 4517993021 0 69.128500 753 753 1003749 753000 1201 950 120 160000 250000 119 158627 126487 12 16000 25000 12 16000 25000 7464
1791391743601732 10 0 0 10 10 10 0 0 0 0 0 0 511 119 119 0 1800 1289 1170 0 1170 0 0 0 62227667 119101 0 27144 142855 60488 34775104 1731535 19376301 6777424057 6777424057 0 4519519358 0 69.131884 767 767 1022411 767000 953 952 120 160000 250000 119 158627 126495 12 16000 25000 12 16000 25000 7473
1791391743620081 10 0 0 10 10 10 0 0 0 0 0 0 510 119 119 0 1800 1290 1171 0 1171 0 0 0 62245404 119210 0 27159 142968 60517 34775316 1731660 19389612 6778563537 6778563537 0 4521030770 0 69.135214 772 772 1029076 772000 1078 965 120 160000 250000 119 158627 126496 12 16000 25000 12 16000 25000 7474
1791391743673417 10 0 0 10 10 10 0 0 0 0 0 0 509 119 119 0 1800 1291 1172 0 1172 0 0 0 62264472 119309 0 27174 143088 60534 34809157 1731828 19402960 6784142358 6784142358 0 4522530906 0 69.136905 755 755 1006415 755000 181 889 120 160000 250000 119 158627 126505 12 16000 25000 12 16000 25000 7482
1791391743700181 10 0 0 10 10 10 0 0 0 0 0 0 508 119 119 0 1800 1292 1173 0 1173 0 0 0 62282220 119413 0 27195 143215 60553 34817743 1731985 19416249 6785488184 6785488184 0 4524025803 0 69.139973 751 751 1001083 751000 1116 912 120 160000 250000 119 158627 126505 12 16000 25000 12 16000 25000 7482
1791391743744687 10 0 0 10 10 10 0 0 0 0 0 0 507 119 119 0 1800 1293 1174 0 1174 0 0 0 62299904 119514 0 27211 143330 60575 34844178 1732113 19429576 6790939595 6790939595 0 4525533019 0 69.143301 738 738 983754 738000 248 848 120 160000 250000 119 158627 126512 12 16000 25000 12 16000 25000 7490
1791391743831995 10 0 0 10 10 10 0 0 0 0 0 0 506 119 119 0 1800 1294 1175 0 1175 0 0 0 62317655 119615 0 27227 143445 60596 34913354 1732237 19442965 6797665926 6797665926 0 4526746495 0 69.142066 746 746 994418 746000 1087 872 120 160000 250000 119 158627 126520 12 16000 25000 12 16000 25000 7498
1791391743847914 10 0 0 10 10 10 0 0 0 0 0 0 505 119 119 0 1800 1295 1176 0 1176 0 0 0 62333102 119721 0 27241 143552 60619 34913372 1732421 19454198 6803090561 6803090561 0 4528246794 0 69.147758 743 743 990419 743000 1022 895 120 160000 250000 119 158627 126528 12 16000 25000 12 16000 25000 7506
1791391743869721 10 0 0 10 10 10 0 0 0 0 0 0 504 119 119 0 1800 1296 1177 0 1177 0 0 0 62351815 119820 0 27257 143679 60637 34916077 1732544 19467602 6808540421 6808540421 0 4529753570 0 69.149937 726 726 967758 726000 1275 933 120 160000 250000 119 158627 126536 12 16000 25000 12 16000 25000 7514
1791391743909232 10 0 0 10 10 10 0 0 0 0 0 0 503 119 119 0 1800 1297 1178 0 1178 0 0 0 62369556 119920 0 27273 143792 60662 34937459 1732672 19480929 6815270958 6815270958 0 4530987023 0 69.149019 732 732 975756 732000 1097 950 120 160000 250000 119 158627 126544 12 16000 25000 12 16000 25000 7522
1791391743913469 10 0 0 10 10 10 0 0 0 0 0 0 502 119 118 1 1800 1298 1179 0 1179 0 0 0 62373433 120005 0 27286 143908 60671 34937465 1732797 19483096 6821964511 6816433534 0 4532491501 0 69.167594 745 745 993085 745000 1026 958 120 160000 250000 119 158627 126555 12 16000 25000 12 16000 25000 7531
1791391743913660 10 0 0 10 10 10 0 0 0 0 0 0 502 118 118 0 1800 1298 1180 0 1180 0 0 0 62373433 120082 0 27303 143909 60679 34937468 1732881 19483096 6821964511 6821964511 0 4532491501 0 69.167509 744 744 991752 744000 176 882 120 160000 250000 118 157294 125550 12 16000 25000 12 16000 25000 7530
1791391743944717 10 0 0 10 10 10 0 0 0 0 0 0 500 119 119 0 1800 1300 1181 0 1181 0 0 0 62393098 120188 0 27319 144062 60700 34948509 1732933 19496474 6828593072 6828593072 0 4535478418 0 69.191200 745 745 993085 745000 811 876 120 160000 250000 119 158627 126561 12 16000 25000 12 16000 25000 7539
1791391743960907 10 0 0 10 10 10 0 0 0 0 0 0 499 119 119 0 1800 1301 1182 0 1182 0 0 0 62408900 120283 0 27333 144170 60719 34948532 1733054 19507497 6831964386 6831964386 0 4536979322 0 69.196501 760 760 1013080 760000 974 886 120 160000 250000 119 158627 126564 12 16000 25000 12 16000 25000 7543
1791391743976897 10 0 0 10 10 10 0 0 0 0 0 0 498 119 119 0 1800 1302 1183 0 1183 0 0 0 62424504 120379 0 27348 144278 60734 34948554 1733178 19518549 6832629899 6832629899 0 4538478540 0 69.201991 768 768 1023744 768000 695 868 120 160000 250000 119 158627 126565 12 16000 25000 12 16000 25000 7543
1791391744025309 10 0 0 10 10 10 0 0 0 0 0 0 497 119 119 0 1800 1303 1184 0 1184 0 0 0 62445426 120479 0 27365 144414 60755 34975598 1733343 19533905 6834824877 6834824877 0 4539979549 0 69.201619 761 761 1014413 761000 68 790 120 160000 250000 119 158627 126568 12 16000 25000 12 16000 25000 7546
1791391744074237 10 0 0 10 10 10 0 0 0 0 0 0 496 119 119 0 1800 1304 1185 0 1185 0 0 0 62462954 120578 0 27381 144531 60778 35006576 1733502 19546957 6840308577 6840308577 0 4541481415 0 69.205014 791 791 1054403 791000 275 741 120 160000 250000 119 158627 126577 12 16000 25000 12 16000 25000 7554
1791391744097311 10 0 0 10 10 10 0 0 0 0 0 0 495 119 119 0 1800 1305 1186 0 1186 0 0 0 62480375 120687 0 27397 144646 60793 35011840 1733628 19559996 6846847808 6846847808 0 4542990098 0 69.208618 792 792 1055736 792000 1103 778 120 160000 250000 119 158627 126584 12 16000 25000 12 16000 25000 7562
1791391744193387 10 0 0 10 10 10 0 0 0 0 0 0 494 119 119 0 1800 1306 1187 0 1187 0 0 0 62499953 120803 0 27415 144771 60812 35087925 1733756 19575157 6853610252 6853610252 0 4544495671 0 69.209781 792 792 1055736 792000 1127 813 120 160000 250000 119 158627 126591 12 16000 25000 12 16000 25000 7570
1791391744234094 10 0 0 10 10 10 0 0 0 0 0 0 493 119 119 0 1800 1307 1188 0 1188 0 0 0 62518018 120908 0 27431 144896 60830 35110163 1733887 19588156 6860329527 6860329527 0 4545996381 0 69.212553 788 788 1050404 788000 792 811 120 160000 250000 119 158627 126600 12 16000 25000 12 16000 25000 7578
1791391744297742 10 0 0 10 10 10 0 0 0 0 0 0 492 119 119 0 1800 1308 1189 0 1189 0 0 0 62535364 121009 0 27446 145022 60849 35156072 1734013 19601123 6865695778 6865695778 0 4547484036 0 69.215924 791 791 1054403 791000 1049 835 120 160000 250000 119 158627 126607 12 16000 25000 12 16000 25000 7585
1791391744306311 10 0 0 10 10 10 0 0 0 0 0 0 491 119 119 0 1800 1309 1190 0 1190 0 0 0 62543588 121091 0 27459 145104 60862 35156083 1734140 19607576 6871294693 6871294693 0 4548700570 0 69.225263 789 789 1051737 789000 891 841 120 160000 250000 119 158627 126615 12 16000 25000 12 16000 25000 7593
1791391744326097 10 0 0 10 10 10 0 0 0 0 0 0 490 119 119 0 1800 1310 1191 0 1191 0 0 0 62562995 121196 0 27476 145230 60901 35156110 1734200 19622633 6877979714 6877979714 0 4549905382 0 69.222045 794 794 1058402 794000 1657 921 120 160000 250000 119 158627 126622 12 16000 25000 12 16000 25000 7601
1791391744337401 10 0 0 10 10 10 0 0 0 0 0 0 489 119 119 0 1800 1311 1192 0 1192 0 0 0 62573947 121277 0 27490 145328 60915 35156125 1734321 19631285 6884946035 6884946035 0 4551399798 0 69.232596 790 790 1053070 790000 793 909 120 160000 250000 119 158627 126632 12 16000 25000 12 16000 25000 7609
1791391744352647 10 0 0 10 10 10 0 0 0 0 0 0 488 119 119 0 1800 1312 1193 0 1193 0 0 0 62588831 121388 0 27506 145442 60932 35156152 1734390 19641969 6891667822 6891667822 0 4552896270 0 69.238799 804 804 1071732 804000 1307 948 120 160000 250000 119 158627 126640 12 16000 25000 12 16000 25000 7617
1791391744432824 10 0 0 10 10 10 0 0 0 0 0 0 487 119 118 1 1800 1313 1194 0 1194 0 0 0 62606292 121489 0 27521 145610 60952 35218442 1734505 19654963 6899557562 6897252228 0 4554403309 0 69.242326 799 799 1065067 799000 919 946 120 160000 250000 119 158627 126653 12 16000 25000 12 16000 25000 7628
1791391744433059 10 0 0 10 10 10 0 0 0 0 0 0 487 118 118 0 1800 1313 1195 0 1195 0 0 0 62606292 121564 0 27537 145610 60960 35218445 1734636 19654963 6899557562 6899557562 0 4554403309 0 69.242243 806 806 1074398 806000 1018 954 120 160000 250000 118 157294 125648 12 16000 25000 12 16000 25000 7627
1791391744540962 10 0 0 10 10 10 0 0 0 0 0 0 485 119 119 0 1800 1315 1196 0 1196 0 0 0 62625578 121675 0 27553 145757 60985 35306716 1734673 19668023 6906241089 6906241089 0 4557111785 0 69.262004 828 828 1103724 828000 435 905 120 160000 250000 119 158627 126661 12 16000 25000 12 16000 25000 7636
1791391744547425 10 0 0 10 10 10 0 0 0 0 0 0 484 119 119 0 1800 1316 1197 0 1197 0 0 0 62631691 121756 0 27567 145849 60996 35306726 1734810 19672385 6916524830 6916524830 0 4558613716 0 69.277992 830 830 1106390 830000 1012 917 120 160000 250000 119 158627 126668 12 16000 25000 12 16000 25000 7643
1791391744599540 10 0 0 10 10 10 0 0 0 0 0 0 483 119 119 0 1800 1317 1198 0 1198 0 0 0 62648950 121852 0 27582 145986 61015 35341241 1734880 19685261 6923203676 6923203676 0 4560108304 0 69.281545 844 844 1125052 844000 1751 999 120 160000 250000 119 158627 126677 12 16000 25000 12 16000 25000 7651
1791391744610576 10 0 0 10 10 10 0 0 0 0 0 0 482 119 119 0 1800 1318 1199 0 1199 0 0 0 62659646 121933 0 27596 146072 61026 35341254 1735007 19693979 6929513598 6929513598 0 4561326090 0 69.288151 844 844 1125052 844000 1020 1002 120 160000 250000 119 158627 126684 12 16000 25000 12 16000 25000 7658
1791391744635273 10 0 0 10 10 10 0 0 0 0 0 0 481 119 119 0 1800 1319 1200 0 1200 0 0 0 62684000 122030 0 27611 146185 61042 35341281 1735076 19704643 6935114792 6935114792 0 4562829392 0 69.284003 846 846 1127718 846000 1116 1014 120 160000 250000 119 158627 126692 12 16000 25000 12 16000 25000 7667
1791391744794270 10 0 0 10 10 10 0 0 0 0 0 0 480 119 119 0 1800 1320 1201 0 1201 0 0 0 62701687 122127 0 27626 146315 61060 35482201 1735197 19717635 6948121722 6948121722 0 4564330788 0 69.287182 869 869 1158377 869000 1906 1102 120 160000 250000 119 158627 126700 12 16000 25000 12 16000 25000 7675
1791391744800634 10 0 0 10 10 10 0 0 0 0 0 0 479 119 119 0 1800 1321 1202 0 1202 0 0 0 62707708 122210 0 27640 146409 61070 35482210 1735324 19722050 6952605744 6952605744 0 4565820474 0 69.303062 863 863 1150379 863000 815 1075 120 160000 250000 119 158627 126708 12 16000 25000 12 16000 25000 7682
1791391744809369 10 0 0 10 10 10 0 0 0 0 0 0 478 119 119 0 1800 1322 1203 0 1203 0 0 0 62716172 122292 0 27653 146492 61083 35482222 1735386 19728659 6962580108 6962580108 0 4567311352 0 69.316264 862 862 1149046 862000 884 1057 120 160000 250000 119 158627 126715 12 16000 25000 12 16000 25000 7689
1791391744912393 10 0 0 10 10 10 0 0 0 0 0 0 477 119 119 0 1800 1323 1204 0 1204 0 0 0 62733304 122396 0 27670 146618 61102 35567792 1735436 19741455 6966678436 6966678436 0 4568810175 0 69.319997 894 894 1191702 894000 1752 1125 120 160000 250000 119 158627 126720 12 16000 25000 12 16000 25000 7695
1791391745067212 10 0 0 10 10 10 0 0 0 0 0 0 476 119 117 2 1800 1324 1205 0 1205 0 0 0 62887733 122484 0 27685 146762 61110 35567799 1735559 19743655 6980040031 6972207951 0 4570307796 0 69.172673 891 891 1187703 891000 878 1102 120 160000 250000 119 158627 126741 12 16000 25000 12 16000 25000 7713
1791391745067376 10 0 0 10 10 10 0 0 0 0 0 0 476 118 117 1 1800 1324 1206 0 1206 0 0 0 62887733 122561 0 27702 146762 61118 35567803 1735618 19743655 6980040031 6978951314 0 4570307796 0 69.172589 825 825 1099725 825000 266 1022 120 160000 250000 118 157294 125735 12 16000 25000 12 16000 25000 7711
1791391745067511 10 0 0 10 10 10 0 0 0 0 0 0 476 117 117 0 1800 1324 1207 0 1207 0 0 0 62887733 122633 0 27717 146762 61126 35567805 1735655 19743655 6980040031 6980040031 0 4570307796 0 69.172510 644 644 858452 644000 69 930 120 160000 250000 117 155961 124730 12 16000 25000 12 16000 25000 7710
1791391745074669 10 0 0 10 10 10 0 0 0 0 0 0 473 119 119 0 1800 1327 1208 0 1208 0 0 0 62894608 122715 0 27730 146865 61135 35567811 1735722 19745873 6981010152 6981010152 0 4574524238 0 69.228683 553 553 737149 553000 17 842 120 160000 250000 119 158627 126738 12 16000 25000 12 16000 25000 7713
1791391745110499 10 0 0 10 10 10 0 0 0 0 0 0 472 119 119 0 1800 1328 1209 0 1209 0 0 0 62921976 122817 0 27746 146999 61150 35575928 1735795 19758709 6993969164 6993969164 0 4576021558 0 69.221168 543 543 723819 543000 139 774 120 160000 250000 119 158627 126748 12 16000 25000 12 16000 25000 7722
1791391745117075 10 0 0 10 10 10 0 0 0 0 0 0 471 119 119 0 1800 1329 1210 0 1210 0 0 0 62928230 122899 0 27762 147078 61161 35575937 1735913 19763131 7000669637 7000669637 0 4577524655 0 69.236947 580 580 773140 580000 2026 897 120 160000 250000 119 158627 126757 12 16000 25000 12 16000 25000 7730
1791391745137418 10 0 0 10 10 10 0 0 0 0 0 0 470 119 119 0 1800 1330 1211 0 1211 0 0 0 62948303 122983 0 27776 147155 61173 35575950 1735973 19771852 7007418277 7007418277 0 4578743840 0 69.233255 585 585 779805 585000 1171 924 120 160000 250000 119 158627 126764 12 16000 25000 12 16000 25000 7738
1791391745165792 10 0 0 10 10 10 0 0 0 0 0 0 469 119 119 0 1800 1331 1212 0 1212 0 0 0 62965455 123083 0 27798 147263 61193 35586868 1736028 19784668 7008745216 7008745216 0 4580257060 0 69.237197 586 586 781138 586000 1137 946 120 160000 250000 119 158627 126766 12 16000 25000 12 16000 25000 7739
1791391745206244 10 0 0 10 10 10 0 0 0 0 0 0 468 119 119 0 1800 1332 1213 0 1213 0 0 0 62982833 123191 0 27815 147376 61211 35609564 1736146 19797540 7013195795 7013195795 0 4581762982 0 69.240770 575 575 766475 575000 204 874 120 160000 250000 119 158627 126772 12 16000 25000 12 16000 25000 7746
1791391745280845 10 0 0 10 10 10 0 0 0 0 0 0 467 119 118 1 1800 1333 1214 0 1214 0 0 0 63000341 123295 0 27832 147552 61235 35666204 1736275 19810446 7026400280 7019882963 0 4583255002 0 69.243993 573 573 763809 573000 891 876 120 160000 250000 119 158627 126789 12 16000 25000 12 16000 25000 7762
1791391745281095 10 0 0 10 10 10 0 0 0 0 0 0 467 118 118 0 1800 1333 1215 0 1215 0 0 0 63000341 123376 0 27848 147552 61243 35666207 1736409 19810446 7026400280 7026400280 0 4583255002 0 69.243904 574 574 765142 574000 1027 892 120 160000 250000 118 157294 125785 12 16000 25000 12 16000 25000 7761
1791391745412599 10 0 0 10 10 10 0 0 0 0 0 0 465 119 119 0 1800 1335 1216 0 1216 0 0 0 63019555 123477 0 27863 147717 61262 35778153 1736447 19823345 7027264244 7027264244 0 4586260277 0 69.268112 583 583 777139 583000 1016 905 120 160000 250000 119 158627 126789 12 16000 25000 12 16000 25000 7763
1791391745432206 10 0 0 10 10 10 0 0 0 0 0 0 464 119 119 0 1800 1336 1217 0 1217 0 0 0 63036853 123576 0 27879 147839 61281 35780022 1736608 19836139 7033013238 7033013238 0 4587755202 0 69.271605 570 570 759810 570000 117 829 120 160000 250000 119 158627 126796 12 16000 25000 12 16000 25000 7770
1791391745441261 10 0 0 10 10 10 0 0 0 0 0 0 463 119 119 0 1800 1337 1218 0 1218 0 0 0 63045532 123667 0 27893 147921 61293 35780032 1736766 19842649 7039569641 7039569641 0 4589254678 0 69.284626 566 566 754478 566000 865 833 120 160000 250000 119 158627 126804 12 16000 25000 12 16000 25000 7778
1791391745523773 10 0 0 10 10 10 0 0 0 0 0 0 462 119 119 0 1800 1338 1219 0 1219 0 0 0 63062458 123764 0 27909 148051 61314 35845283 1736832 19855339 7046116859 7046116859 0 4590758293 0 69.288654 569 569 758477 569000 1344 884 120 160000 250000 119 158627 126813 12 16000 25000 12 16000 25000 7786
1791391745566534 10 0 0 10 10 10 0 0 0 0 0 0 461 119 119 0 1800 1339 1220 0 1220 0 0 0 63089319 123861 0 27923 148164 61334 35860811 1736953 19868034 7051617172 7051617172 0 4592261935 0 69.281790 569 569 758477 569000 1010 897 120 160000 250000 119 158627 126819 12 16000 25000 12 16000 25000 7793
1791391745618599 10 0 0 10 10 10 0 0 0 0 0 0 460 119 119 0 1800 1340 1221 0 1221 0 0 0 63116874 123955 0 27938 148281 61351 35884949 1737073 19880748 7058223805 7058223805 0 4593770503 0 69.274249 578 578 770474 578000 837 892 120 160000 250000 119 158627 126826 12 16000 25000 12 16000 25000 7801
1791391745657113 10 0 0 10 10 10 0 0 0 0 0 0 459 119 119 0 1800 1341 1222 0 1222 0 0 0 63134415 124063 0 27954 148425 61367 35905509 1737193 19893487 7064839194 7064839194 0 4595269401 0 69.277519 580 580 773140 580000 1161 919 120 160000 250000 119 158627 126835 12 16000 25000 12 16000 25000 7809
1791391745703012 10 0 0 10 10 10 0 0 0 0 0 0 458 119 119 0 1800 1342 1223 0 1223 0 0 0 63151797 124179 0 27974 148537 61383 35933629 1737320 19906312 7066197396 7066197396 0 4596774200 0 69.281041 590 590 786470 590000 1064 934 120 160000 250000 119 158627 126835 12 16000 25000 12 16000 25000 7810
1791391745747353 10 0 0 10 10 10 0 0 0 0 0 0 457 119 119 0 1800 1343 1224 0 1224 0 0 0 63168933 124279 0 27989 148658 61401 35960442 1737452 19918968 7066869232 7066869232 0 4598289668 0 69.285009 578 578 770474 578000 190 862 120 160000 250000 119 158627 126836 12 16000 25000 12 16000 25000 7810
1791391745865734 10 0 0 10 10 10 0 0 0 0 0 0 456 119 119 0 1800 1344 1225 0 1225 0 0 0 63186113 124377 0 28004 148774 61419 36061219 1737609 19931619 7068767292 7068767292 0 4599788395 0 69.288676 568 568 757144 568000 138 792 120 160000 250000 119 158627 126837 12 16000 25000 12 16000 25000 7812
1791391746075212 10 0 0 10 10 10 0 0 0 0 0 0 455 119 119 0 1800 1345 1226 0 1226 0 0 0 63203438 124537 0 28021 148936 61443 36252848 1737766 19944475 7069774649 7069774649 0 4601297383 0 69.292270 558 558 743814 558000 293 745 120 160000 250000 119 158627 126838 12 16000 25000 12 16000 25000 7813
1791391746098021 10 0 0 10 10 10 0 0 0 0 0 0 454 119 119 0 1800 1346 1227 0 1227 0 0 0 63220872 124639 0 28036 149056 61462 36257822 1737905 19957292 7071789304 7071789304 0 4602791703 0 69.295585 417 417 555861 417000 7 674 120 160000 250000 119 158627 126840 12 16000 25000 12 16000 25000 7815
1791391746112038 10 0 0 10 10 10 0 0 0 0 0 0 453 119 119 0 1800 1347 1228 0 1228 0 0 0 63234565 124718 0 28049 149125 61476 36257828 1738040 19959496 7078407894 7078407894 0 4604295908 0 69.303164 408 408 543864 408000 228 631 120 160000 250000 119 158627 126847 12 16000 25000 12 16000 25000 7823
1791391746139977 10 0 0 10 10 10 0 0 0 0 0 0 452 119 119 0 1800 1348 1229 0 1229 0 0 0 63253789 124827 0 28064 149260 61500 36266189 1738105 19974259 7079126215 7079126215 0 4605786696 0 69.304456 417 417 555861 417000 972 666 120 160000 250000 119 158627 126848 12 16000 25000 12 16000 25000 7824
1791391746162717 10 0 0 10 10 10 0 0 0 0 0 0 451 119 119 0 1800 1349 1230 0 1230 0 0 0 63276135 124913 0 28078 149354 61512 36266203 1738268 19984207 7084588438 7084588438 0 4607296625 0 69.302647 408 408 543864 408000 83 610 120 160000 250000 119 158627 126857 12 16000 25000 12 16000 25000 7832
1791391746198862 10 0 0 10 10 10 0 0 0 0 0 0 450 119 119 0 1800 1350 1231 0 1231 0 0 0 63293056 125011 0 28094 149481 61530 36285059 1738370 19996574 7086428406 7086428406 0 4608793818 0 69.306564 408 408 543864 408000 1293 678 120 160000 250000 119 158627 126858 12 16000 25000 12 16000 25000 7834
1791391746228799 10 0 0 10 10 10 0 0 0 0 0 0 449 119 119 0 1800 1351 1232 0 1232 0 0 0 63312131 125109 0 28109 149600 61553 36295533 1738495 20011138 7087854099 7087854099 0 4610295641 0 69.308194 404 404 538532 404000 307 643 120 160000 250000 119 158627 126860 12 16000 25000 12 16000 25000 7835
1791391746232867 10 0 0 10 10 10 0 0 0 0 0 0 448 119 119 0 1800 1352 1233 0 1233 0 0 0 63315875 125187 0 28122 149679 61567 36295540 1738621 20013294 7094453142 7094453142 0 4611803132 0 69.326680 407 407 542531 407000 167 598 120 160000 250000 119 158627 126868 12 16000 25000 12 16000 25000 7843
1791391746318953 10 0 0 10 10 10 0 0 0 0 0 0 447 119 119 0 1800 1353 1234 0 1234 0 0 0 63332867 125290 0 28138 149824 61586 36364288 1738676 20025812 7101275834 7101275834 0 4613304091 0 69.330561 414 414 551862 414000 825 621 120 160000 250000 119 158627 126875 12 16000 25000 12 16000 25000 7851
1791391746325906 10 0 0 10 10 10 0 0 0 0 0 0 446 119 119 0 1800 1354 1235 0 1235 0 0 0 63339501 125370 0 28151 149901 61597 36364297 1738799 20030114 7102511861 7102511861 0 4614799647 0 69.345700 415 415 553195 415000 1270 685 120 160000 250000 119 158627 126875 12 16000 25000 12 16000 25000 7852
1791391746405942 10 0 0 10 10 10 0 0 0 0 0 0 445 119 119 0 1800 1355 1236 0 1236 0 0 0 63356274 125476 0 28167 150036 61618 36427223 1738854 20042553 7106973539 7106973539 0 4616306978 0 69.349906 401 401 534533 401000 83 627 120 160000 250000 119 158627 126883 12 16000 25000 12 16000 25000 7859
1791391746481482 10 0 0 10 10 10 0 0 0 0 0 0 444 119 119 0 1800 1356 1237 0 1237 0 0 0 63373651 125572 0 28183 150171 61638 36484994 1738975 20054942 7113716574 7113716574 0 4617812349 0 69.353432 400 400 533200 400000 900 654 120 160000 250000 119 158627 126891 12 16000 25000 12 16000 25000 7868
1791391746514167 10 0 0 10 10 10 0 0 0 0 0 0 443 119 119 0 1800 1357 1238 0 1238 0 0 0 63390373 125674 0 28198 150289 61656 36500568 1739103 20067394 7119229043 7119229043 0 4619309514 0 69.357541 400 400 533200 400000 1035 693 120 160000 250000 119 158627 126899 12 16000 25000 12 16000 25000 7875
1791391746583650 10 0 0 10 10 10 0 0 0 0 0 0 442 119 119 0 1800 1358 1239 0 1239 0 0 0 63407104 125772 0 28213 150407 61675 36552946 1739222 20079688 7125931666 7125931666 0 4620806761 0 69.361644 400 400 533200 400000 1032 727 120 160000 250000 119 158627 126907 12 16000 25000 12 16000 25000 7884
1791391746635781 10 0 0 10 10 10 0 0 0 0 0 0 441 119 119 0 1800 1359 1240 0 1240 0 0 0 63423760 125879 0 28239 150520 61692 36588049 1739338 20092058 7137179745 7137179745 0 4622308474 0 69.365884 399 399 531867 399000 863 741 120 160000 250000 119 158627 126916 12 16000 25000 12 16000 25000 7892
1791391746794342 10 0 0 10 10 10 0 0 0 0 0 0 440 119 119 0 1800 1360 1241 0 1241 0 0 0 63440610 125977 0 28255 150650 61713 36729363 1739465 20104423 7143847120 7143847120 0 4623827700 0 69.370182 407 407 542531 407000 1620 827 120 160000 250000 119 158627 126924 12 16000 25000 12 16000 25000 7900
1791391746857274 10 0 0 10 10 10 0 0 0 0 0 0 439 119 119 0 1800 1361 1242 0 1242 0 0 0 63457408 126074 0 28270 150767 61730 36775120 1739589 20116777 7154433440 7154433440 0 4625322549 0 69.374170 405 405 539865 405000 840 829 120 160000 250000 119 158627 126930 12 16000 25000 12 16000 25000 7907
1791391746905256 10 0 0 10 10 10 0 0 0 0 0 0 438 119 119 0 1800 1362 1243 0 1243 0 0 0 63474099 126177 0 28290 150871 61749 36806025 1739719 20129085 7158912910 7158912910 0 4626828568 0 69.378434 412 412 549196 412000 1735 918 120 160000 250000 119 158627 126937 12 16000 25000 12 16000 25000 7914
1791391746988860 10 0 0 10 10 10 0 0 0 0 0 0 437 119 119 0 1800 1363 1244 0 1244 0 0 0 63491039 126276 0 28306 150994 61766 36872302 1739843 20141344 7164392187 7164392187 0 4628326946 0 69.382314 405 405 539865 405000 326 861 120 160000 250000 119 158627 126943 12 16000 25000 12 16000 25000 7920
1791391746995429 10 0 0 10 10 10 0 0 0 0 0 0 436 119 119 0 1800 1364 1245 0 1245 0 0 0 63497283 126357 0 28319 151065 61777 36872311 1739971 20145682 7166101977 7166101977 0 4629835507 0 69.398029 408 408 543864 408000 703 847 120 160000 250000 119 158627 126945 12 16000 25000 12 16000 25000 7922
1791391747018436 10 0 0 10 10 10 0 0 0 0 0 0 435 119 119 0 1800 1365 1246 0 1246 0 0 0 63513799 126464 0 28334 151186 61794 36878476 1740032 20157839 7172861287 7172861287 0 4631367481 0 69.402859 402 402 535866 402000 391 804 120 160000 250000 119 158627 126953 12 16000 25000 12 16000 25000 7930
1791391747042025 10 0 0 10 10 10 0 0 0 0 0 0 434 119 119 0 1800 1366 1247 0 1247 0 0 0 63532662 126574 0 28349 151305 61816 36882809 1740154 20172108 7178183243 7178183243 0 4632874150 0 69.404746 396 396 527868 396000 862 810 120 160000 250000 119 158627 126960 12 16000 25000 12 16000 25000 7937
1791391747046267 10 0 0 10 10 10 0 0 0 0 0 0 433 119 119 0 1800 1367 1248 0 1248 0 0 0 63536578 126653 0 28362 151380 61824 36882815 1740291 20174262 7183647339 7183647339 0 4634381036 0 69.422964 392 392 522536 392000 551 786 120 160000 250000 119 158627 126967 12 16000 25000 12 16000 25000 7944
1791391747172350 10 0 0 10 10 10 0 0 0 0 0 0 432 119 118 1 1800 1368 1249 0 1249 0 0 0 63555109 126752 0 28377 151563 61844 36989985 1740347 20188460 7196381558 7186194911 0 4635872771 0 69.424994 390 390 519870 390000 869 795 120 160000 250000 119 158627 126977 12 16000 25000 12 16000 25000 7953
1791391747172593 10 0 0 10 10 10 0 0 0 0 0 0 432 118 118 0 1800 1368 1250 0 1250 0 0 0 63555109 126842 0 28394 151563 61851 36989988 1740471 20188460 7196381558 7196381558 0 4635872771 0 69.424896 379 379 505207 379000 183 736 120 160000 250000 118 157294 125971 12 16000 25000 12 16000 25000 7952
1791391747210004 10 0 0 10 10 10 0 0 0 0 0 0 430 119 119 0 1800 1370 1251 0 1251 0 0 0 63573243 126943 0 28409 151719 61870 37008933 1740510 20200511 7203066186 7203066186 0 4638880878 0 69.450057 379 379 505207 379000 1144 777 120 160000 250000 119 158627 126983 12 16000 25000 12 16000 25000 7961
1791391747265715 10 0 0 10 10 10 0 0 0 0 0 0 429 119 119 0 1800 1371 1252 0 1252 0 0 0 63589498 127039 0 28424 151840 61889 37047993 1740648 20212503 7209682548 7209682548 0 4640372098 0 69.454554 381 381 507873 381000 953 795 120 160000 250000 119 158627 126992 12 16000 25000 12 16000 25000 7969
1791391747299488 10 0 0 10 10 10 0 0 0 0 0 0 428 119 119 0 1800 1372 1253 0 1253 0 0 0 63605930 127134 0 28440 151960 61908 37064956 1740771 20224504 7216298133 7216298133 0 4641869048 0 69.458943 376 376 501208 376000 1118 828 120 160000 250000 119 158627 126999 12 16000 25000 12 16000 25000 7977
1791391747462631 10 0 0 10 10 10 0 0 0 0 0 0 427 119 119 0 1800 1373 1254 0 1254 0 0 0 63622238 127246 0 28466 152087 61925 37211393 1740889 20236461 7222953553 7222953553 0 4643374193 0 69.463569 378 378 503874 378000 857 832 120 160000 250000 119 158627 127007 12 16000 25000 12 16000 25000 7985
1791391747469584 10 0 0 10 10 10 0 0 0 0 0 0 426 119 119 0 1800 1374 1255 0 1255 0 0 0 63628858 127327 0 28480 152170 61935 37211403 1741018 20240773 7224012183 7224012183 0 4644892131 0 69.478974 388 388 517204 388000 1026 852 120 160000 250000 119 158627 127009 12 16000 25000 12 16000 25000 7986
1791391747539534 10 0 0 10 10 10 0 0 0 0 0 0 425 119 119 0 1800 1375 1256 0 1256 0 0 0 63645133 127438 0 28496 152305 61956 37264697 1741111 20252665 7230705864 7230705864 0 4646401221 0 69.483689 443 443 590519 443000 222 792 120 160000 250000 119 158627 127017 12 16000 25000 12 16000 25000 7995
1791391747544089 10 0 0 10 10 10 0 0 0 0 0 0 424 119 119 0 1800 1376 1257 0 1257 0 0 0 63649345 127523 0 28509 152377 61964 37264704 1741263 20254819 7237159438 7237159438 0 4647900569 0 69.501428 507 507 675831 507000 1079 821 120 160000 250000 119 158627 127025 12 16000 25000 12 16000 25000 8003
1791391747581146 10 0 0 10 10 10 0 0 0 0 0 0 423 119 119 0 1800 1377 1258 0 1258 0 0 0 63665467 127628 0 28525 152499 61983 37285316 1741320 20266627 7250296650 7250296650 0 4649396472 0 69.506112 520 520 693160 520000 1278 866 120 160000 250000 119 158627 127033 12 16000 25000 12 16000 25000 8011
1791391747663999 10 0 0 10 10 10 0 0 0 0 0 0 422 119 119 0 1800 1378 1259 0 1259 0 0 0 63681480 127726 0 28540 152616 62004 37351776 1741439 20278401 7263640246 7263640246 0 4650897494 0 69.510996 521 521 694493 521000 2339 1010 120 160000 250000 119 158627 127041 12 16000 25000 12 16000 25000 8019
1791391747788897 10 0 0 10 10 10 0 0 0 0 0 0 421 119 119 0 1800 1379 1260 0 1260 0 0 0 63697617 127821 0 28555 152760 62024 37460127 1741568 20290213 7276370242 7276370242 0 4652455396 0 69.516596 534 534 711822 534000 2132 1121 120 160000 250000 119 158627 127049 12 16000 25000 12 16000 25000 8028
1791391747795313 10 0 0 10 10 10 0 0 0 0 0 0 420 119 119 0 1800 1380 1261 0 1261 0 0 0 63703708 127909 0 28573 152837 62033 37460136 1741689 20294543 7282937867 7282937867 0 4653960750 0 69.532358 546 546 727818 546000 2191 1226 120 160000 250000 119 158627 127057 12 16000 25000 12 16000 25000 8035
1791391747819876 10 0 0 10 10 10 0 0 0 0 0 0 419 119 119 0 1800 1381 1262 0 1262 0 0 0 63719911 128007 0 28589 152967 62052 37468170 1741749 20306388 7289562252 7289562252 0 4655459457 0 69.536991 557 557 742481 557000 1079 1212 120 160000 250000 119 158627 127066 12 16000 25000 12 16000 25000 8044
1791391747889481 10 0 0 10 10 10 0 0 0 0 0 0 418 119 119 0 1800 1382 1263 0 1263 0 0 0 63736154 128107 0 28605 153080 62072 37521161 1741866 20318160 7294024705 7294024705 0 4656965893 0 69.541692 560 560 746480 560000 984 1191 120 160000 250000 119 158627 127072 12 16000 25000 12 16000 25000 8051
1791391747953295 10 0 0 10 10 10 0 0 0 0 0 0 417 119 119 0 1800 1383 1264 0 1264 0 0 0 63752182 128206 0 28621 153200 62091 37568559 1741994 20329831 7295067140 7295067140 0 4658461955 0 69.546471 557 557 742481 557000 888 1162 120 160000 250000 119 158627 127073 12 16000 25000 12 16000 25000 8052
1791391748026901 10 0 0 10 10 10 0 0 0 0 0 0 416 119 119 0 1800 1384 1265 0 1265 0 0 0 63768183 128304 0 28636 153328 62109 37625737 1742155 20341494 7297553843 7297553843 0 4659962018 0 69.551337 547 547 729151 547000 196 1069 120 160000 250000 119 158627 127076 12 16000 25000 12 16000 25000 8054
1791391748219644 10 0 0 10 10 10 0 0 0 0 0 0 415 119 119 0 1800 1385 1266 0 1266 0 0 0 63784595 128415 0 28651 153446 62128 37801647 1742306 20353288 7303051338 7303051338 0 4661471369 0 69.555878 541 541 721153 541000 154 981 120 160000 250000 119 158627 127085 12 16000 25000 12 16000 25000 8063
1791391748242736 10 0 0 10 10 10 0 0 0 0 0 0 414 119 119 0 1800 1386 1267 0 1267 0 0 0 63800986 128513 0 28665 153562 62147 37807957 1742440 20365114 7307544297 7307544297 0 4662975175 0 69.560371 542 542 722486 542000 1088 993 120 160000 250000 119 158627 127092 12 16000 25000 12 16000 25000 8070
1791391748319823 10 0 0 10 10 10 0 0 0 0 0 0 413 119 119 0 1800 1387 1268 0 1268 0 0 0 63818886 128611 0 28680 153678 62178 37866749 1742570 20376702 7311989297 7311989297 0 4664479826 0 69.563233 538 538 717154 538000 931 988 120 160000 250000 119 158627 127099 12 16000 25000 12 16000 25000 8077
1791391748443965 10 0 0 10 10 10 0 0 0 0 0 0 412 119 119 0 1800 1388 1269 0 1269 0 0 0 63835054 128709 0 28696 153808 62196 37974330 1742697 20388284 7317532017 7317532017 0 4665978245 0 69.567884 536 536 714488 536000 921 982 120 160000 250000 119 158627 127107 12 16000 25000 12 16000 25000 8085
1791391748491257 10 0 0 10 10 10 0 0 0 0 0 0 411 119 119 0 1800 1389 1270 0 1270 0 0 0 63851512 128806 0 28712 153919 62214 38004782 1742828 20399898 7323070401 7323070401 0 4667481055 0 69.572283 537 537 715821 537000 1085 993 120 160000 250000 119 158627 127116 12 16000 25000 12 16000 25000 8093
1791391748617035 10 0 0 10 10 10 0 0 0 0 0 0 410 119 119 0 1800 1390 1271 0 1271 0 0 0 63867566 128913 0 28727 154037 62232 38114114 1742955 20411462 7325354977 7325354977 0 4668974334 0 69.576967 526 526 701158 526000 388 935 120 160000 250000 119 158627 127118 12 16000 25000 12 16000 25000 8095
1791391748630942 10 0 0 10 10 10 0 0 0 0 0 0 409 119 119 0 1800 1391 1272 0 1272 0 0 0 63881062 129021 0 28742 154148 62250 38114133 1743086 20420882 7332127907 7332127907 0 4670192183 0 69.580324 517 517 689161 517000 360 880 120 160000 250000 119 158627 127125 12 16000 25000 12 16000 25000 8103
1791391748701918 10 0 0 10 10 10 0 0 0 0 0 0 408 119 119 0 1800 1392 1273 0 1273 0 0 0 63896901 129117 0 28757 154271 62265 38168878 1743219 20432392 7339063067 7339063067 0 4671693969 0 69.585376 529 529 705157 529000 1065 899 120 160000 250000 119 158627 127134 12 16000 25000 12 16000 25000 8112
1791391748734328 10 0 0 10 10 10 0 0 0 0 0 0 407 119 118 1 1800 1393 1274 0 1274 0 0 0 63912822 129215 0 28771 154437 62283 38184938 1743344 20443920 7359683330 7346808466 0 4673187391 0 69.590210 540 540 719820 540000 1115 921 120 160000 250000 119 158627 127151 12 16000 25000 12 16000 25000 8127
1791391748734581 10 0 0 10 10 10 0 0 0 0 0 0 407 118 118 0 1800 1393 1275 0 1275 0 0 0 63912822 129299 0 28789 154437 62301 38184942 1743472 20443920 7359683330 7359683330 0 4673187391 0 69.590119 553 553 737149 553000 1677 995 120 160000 250000 118 157294 126146 12 16000 25000 12 16000 25000 8125
1791391748759871 10 0 0 10 10 10 0 0 0 0 0 0 405 119 119 0 1800 1395 1276 0 1276 0 0 0 63931015 129404 0 28805 154587 62321 38191705 1743512 20455472 7365312680 7365312680 0 4676194761 0 69.615012 818 818 1090394 818000 1821 1077 120 160000 250000 119 158627 127157 12 16000 25000 12 16000 25000 8133
1791391748783159 10 0 0 10 10 10 0 0 0 0 0 0 404 119 119 0 1800 1396 1277 0 1277 0 0 0 63946707 129503 0 28820 154706 62340 38198909 1743645 20466836 7367576486 7367576486 0 4677685206 0 69.620039 833 833 1110389 833000 873 1058 120 160000 250000 119 158627 127160 12 16000 25000 12 16000 25000 8136
1791391748787308 10 0 0 10 10 10 0 0 0 0 0 0 403 119 119 0 1800 1397 1278 0 1278 0 0 0 63950539 129581 0 28834 154784 62349 38198916 1743771 20468992 7373289667 7373289667 0 4679222962 0 69.638677 825 825 1099725 825000 460 1001 120 160000 250000 119 158627 127166 12 16000 25000 12 16000 25000 8143
1791391748807322 10 0 0 10 10 10 0 0 0 0 0 0 402 119 119 0 1800 1398 1279 0 1279 0 0 0 63966324 129687 0 28850 154920 62368 38202812 1743826 20480356 7378871305 7378871305 0 4680720184 0 69.643688 843 843 1123719 843000 787 981 120 160000 250000 119 158627 127175 12 16000 25000 12 16000 25000 8151
1791391748811626 10 0 0 10 10 10 0 0 0 0 0 0 401 119 119 0 1800 1399 1280 0 1280 0 0 0 63970322 129766 0 28863 154996 62377 38202818 1743944 20482504 7383371056 7383371056 0 4681937105 0 69.657364 842 842 1122386 842000 1121 995 120 160000 250000 119 158627 127181 12 16000 25000 12 16000 25000 8158
1791391748906127 10 0 0 10 10 10 0 0 0 0 0 0 400 119 119 0 1800 1400 1281 0 1281 0 0 0 63985896 129870 0 28878 155103 62406 38281436 1743992 20493851 7390030153 7390030153 0 4683440300 0 69.662690 851 851 1134383 851000 836 981 120 160000 250000 119 158627 127190 12 16000 25000 12 16000 25000 8167
1791391748920077 10 0 0 10 10 10 0 0 0 0 0 0 399 119 119 0 1800 1401 1282 0 1282 0 0 0 63999399 129967 0 28893 155211 62423 38281462 1744164 20503058 7392624363 7392624363 0 4684936904 0 69.670173 871 871 1161043 871000 1025 989 120 160000 250000 119 158627 127192 12 16000 25000 12 16000 25000 8169
1791391748940184 10 0 0 10 10 10 0 0 0 0 0 0 398 119 119 0 1800 1402 1283 0 1283 0 0 0 64015293 130074 0 28918 155333 62441 38285284 1744286 20514442 7393115006 7393115006 0 4686427457 0 69.674954 863 863 1150379 863000 390 932 120 160000 250000 119 158627 127193 12 16000 25000 12 16000 25000 8170
1791391748954282 10 0 0 10 10 10 0 0 0 0 0 0 397 119 119 0 1800 1403 1284 0 1284 0 0 0 64028956 130170 0 28934 155449 62465 38285306 1744441 20523584 7403768066 7403768066 0 4687940634 0 69.682504 845 845 1126385 845000 93 852 120 160000 250000 119 158627 127199 12 16000 25000 12 16000 25000 8177
1791391749002781 10 0 0 10 10 10 0 0 0 0 0 0 396 119 119 0 1800 1404 1285 0 1285 0 0 0 64044512 130264 0 28949 155566 62485 38317830 1744607 20534841 7410434707 7410434707 0 4689160149 0 69.683634 899 899 1198367 899000 2300 994 120 160000 250000 119 158627 127207 12 16000 25000 12 16000 25000 8185
1791391749025347 10 0 0 10 10 10 0 0 0 0 0 0 395 119 119 0 1800 1405 1286 0 1286 0 0 0 64060224 130360 0 28964 155679 62516 38324287 1744731 20546050 7412971881 7412971881 0 4690661771 0 69.688783 902 902 1202366 902000 1061 1002 120 160000 250000 119 158627 127210 12 16000 25000 12 16000 25000 8188
1791391749077180 10 0 0 10 10 10 0 0 0 0 0 0 394 119 119 0 1800 1406 1287 0 1287 0 0 0 64075614 130467 0 28985 155834 62533 38360300 1744859 20557189 7418473555 7418473555 0 4692163976 0 69.694275 890 890 1186370 890000 397 944 120 160000 250000 119 158627 127226 12 16000 25000 12 16000 25000 8204
1791391749077437 10 0 0 10 10 10 0 0 0 0 0 0 394 118 118 0 1800 1406 1288 0 1288 0 0 0 64075614 130542 0 29000 155859 62540 38360303 1744987 20557189 7431402019 7431402019 0 4692163976 0 69.694194 892 892 1189036 892000 1191 969 120 160000 250000 118 157294 126223 12 16000 25000 12 16000 25000 8202
1791391749103396 10 0 0 10 10 10 0 0 0 0 0 0 392 119 119 0 1800 1408 1289 0 1289 0 0 0 64093323 130642 0 29016 156013 62556 38368221 1745026 20568378 7436826656 7436826656 0 4695167133 0 69.719462 914 914 1218362 914000 2090 1080 120 160000 250000 119 158627 127235 12 16000 25000 12 16000 25000 8212
1791391749123347 10 0 0 10 10 10 0 0 0 0 0 0 391 119 119 0 1800 1409 1290 0 1290 0 0 0 64108879 130750 0 29032 156129 62574 38372172 1745207 20579472 7442341649 7442341649 0 4696670840 0 69.724786 902 902 1202366 902000 1076 1080 120 160000 250000 119 158627 127243 12 16000 25000 12 16000 25000 8220
1791391749139364 10 0 0 10 10 10 0 0 0 0 0 0 390 119 119 0 1800 1410 1291 0 1291 0 0 0 64124491 130847 0 29049 156251 62592 38372194 1745331 20590576 7449157504 7449157504 0 4698173683 0 69.730044 903 903 1203699 903000 869 1060 120 160000 250000 119 158627 127252 12 16000 25000 12 16000 25000 8228
1791391749144580 10 0 0 10 10 10 0 0 0 0 0 0 389 119 119 0 1800 1411 1292 0 1292 0 0 0 64129405 130925 0 29062 156314 62600 38372201 1745456 20592732 7455868966 7455868966 0 4699676402 0 69.746929 884 884 1178372 884000 761 1032 120 160000 250000 119 158627 127259 12 16000 25000 12 16000 25000 8236
1791391749158163 10 0 0 10 10 10 0 0 0 0 0 0 388 119 119 0 1800 1412 1293 0 1293 0 0 0 64142650 131027 0 29077 156436 62619 38372222 1745511 20601716 7466801123 7466801123 0 4701175589 0 69.754690 913 913 1217029 913000 1164 1046 120 160000 250000 119 158627 127267 12 16000 25000 12 16000 25000 8243
1791391749175422 10 0 0 10 10 10 0 0 0 0 0 0 387 119 119 0 1800 1413 1294 0 1294 0 0 0 64158148 131126 0 29093 156564 62637 38373606 1745621 20612792 7473499671 7473499671 0 4702670235 0 69.759939 939 939 1251687 939000 2461 1185 120 160000 250000 119 158627 127275 12 16000 25000 12 16000 25000 8251
1791391749353672 10 0 0 10 10 10 0 0 0 0 0 0 386 119 119 0 1800 1414 1295 0 1295 0 0 0 64173639 131226 0 29109 156678 62656 38535990 1745740 20623914 7478931214 7478931214 0 4704174734 0 69.765338 948 948 1263684 948000 1006 1169 120 160000 250000 119 158627 127281 12 16000 25000 12 16000 25000 8258
1791391749395091 10 0 0 10 10 10 0 0 0 0 0 0 385 119 119 0 1800 1415 1296 0 1296 0 0 0 64189192 131330 0 29124 156791 62675 38561473 1745865 20635012 7485752695 7485752695 0 4705671014 0 69.770541 948 948 1263684 948000 842 1138 120 160000 250000 119 158627 127289 12 16000 25000 12 16000 25000 8266
1791391749399375 10 0 0 10 10 10 0 0 0 0 0 0 384 119 119 0 1800 1416 1297 0 1297 0 0 0 64193179 131406 0 29137 156851 62687 38561479 1745989 20637178 7492282470 7492282470 0 4707162889 0 69.788252 962 962 1282346 962000 1049 1130 120 160000 250000 119 158627 127296 12 16000 25000 12 16000 25000 8274
1791391749527275 10 0 0 10 10 10 0 0 0 0 0 0 383 119 119 0 1800 1417 1298 0 1298 0 0 0 64208636 131504 0 29153 156994 62704 38673590 1746041 20648301 7497955814 7497955814 0 4708666552 0 69.793668 971 971 1294343 971000 1454 1163 120 160000 250000 119 158627 127304 12 16000 25000 12 16000 25000 8282
1791391749567681 10 0 0 10 10 10 0 0 0 0 0 0 382 119 119 0 1800 1418 1299 0 1299 0 0 0 64224184 131610 0 29168 157108 62723 38698071 1746159 20659340 7504674744 7504674744 0 4710150160 0 69.798676 1006 1006 1340998 1006000 988 1147 120 160000 250000 119 158627 127313 12 16000 25000 12 16000 25000 8291
1791391749632726 10 0 0 10 10 10 0 0 0 0 0 0 381 119 119 0 1800 1419 1300 0 1300 0 0 0 64239403 131708 0 29183 157219 62744 38747522 1746278 20670390 7505540830 7505540830 0 4711368743 0 69.800121 1000 1000 1333000 1000000 897 1124 120 160000 250000 119 158627 127314 12 16000 25000 12 16000 25000 8291
1791391749715262 10 0 0 10 10 10 0 0 0 0 0 0 380 119 119 0 1800 1420 1301 0 1301 0 0 0 64254792 131818 0 29209 157335 62759 38814247 1746438 20681397 7512388361 7512388361 0 4712875856 0 69.805642 983 983 1310339 983000 134 1028 120 160000 250000 119 158627 127322 12 16000 25000 12 16000 25000 8299
1791391749737351 10 0 0 10 10 10 0 0 0 0 0 0 379 119 119 0 1800 1421 1302 0 1302 0 0 0 64270301 131914 0 29224 157453 62776 38820418 1746592 20692319 7517821523 7517821523 0 4714379330 0 69.810992 980 980 1306340 980000 1002 1026 120 160000 250000 119 158627 127329 12 16000 25000 12 16000 25000 8306
1791391749758914 10 0 0 10 10 10 0 0 0 0 0 0 378 119 119 0 1800 1422 1303 0 1303 0 0 0 64287928 132013 0 29241 157572 62795 38823972 1746715 20705373 7528352260 7528352260 0 4715872847 0 69.813892 982 982 1309006 982000 880 1013 120 160000 250000 119 158627 127335 12 16000 25000 12 16000 25000 8313
1791391749820860 10 0 0 10 10 10 0 0 0 0 0 0 377 119 119 0 1800 1423 1304 0 1304 0 0 0 64303313 132118 0 29256 157689 62818 38870139 1746838 20716230 7533730679 7533730679 0 4717368697 0 69.819248 991 991 1321003 991000 1382 1050 120 160000 250000 119 158627 127342 12 16000 25000 12 16000 25000 8320
1791391749913129 10 0 0 10 10 10 0 0 0 0 0 0 376 119 119 0 1800 1424 1305 0 1305 0 0 0 64318685 132224 0 29272 157817 62836 38946640 1746962 20727100 7536462830 7536462830 0 4718862326 0 69.824582 996 996 1327668 996000 713 1018 120 160000 250000 119 158627 127345 12 16000 25000 12 16000 25000 8323
1791391749928951 10 0 0 10 10 10 0 0 0 0 0 0 375 119 119 0 1800 1425 1306 0 1306 0 0 0 64333913 132318 0 29287 157928 62854 38946837 1747113 20737955 7541180134 7541180134 0 4720373122 0 69.830337 982 982 1309006 982000 418 960 120 160000 250000 119 158627 127351 12 16000 25000 12 16000 25000 8330
1791391749956574 10 0 0 10 10 10 0 0 0 0 0 0 374 119 119 0 1800 1426 1307 0 1307 0 0 0 64349794 132413 0 29302 158040 62874 38958200 1747244 20748760 7546698581 7546698581 0 4721589458 0 69.831025 976 976 1301008 976000 918 956 120 160000 250000 119 158627 127359 12 16000 25000 12 16000 25000 8338
1791391749986339 10 0 0 10 10 10 0 0 0 0 0 0 373 119 119 0 1800 1427 1308 0 1308 0 0 0 64364989 132525 0 29317 158152 62890 38972385 1747364 20759624 7558715780 7558715780 0 4723089731 0 69.836635 954 954 1271682 954000 1127 974 120 160000 250000 119 158627 127368 12 16000 25000 12 16000 25000 8346
1791391750004787 10 0 0 10 10 10 0 0 0 0 0 0 372 119 119 0 1800 1428 1309 0 1309 0 0 0 64380272 132632 0 29332 158275 62906 38975159 1747484 20770412 7568490610 7568490610 0 4724603197 0 69.842349 922 922 1229026 922000 778 956 120 160000 250000 119 158627 127376 12 16000 25000 12 16000 25000 8354
1791391750030810 10 0 0 10 10 10 0 0 0 0 0 0 371 119 119 0 1800 1429 1310 0 1310 0 0 0 64395640 132726 0 29346 158385 62927 38985447 1747606 20781259 7569727485 7569727485 0 4726102002 0 69.847764 912 912 1215696 912000 1589 1019 120 160000 250000 119 158627 127377 12 16000 25000 12 16000 25000 8355
1791391750069660 10 0 0 10 10 10 0 0 0 0 0 0 370 119 119 0 1800 1430 1311 0 1311 0 0 0 64412997 132826 0 29362 158515 62943 39006546 1747730 20794220 7575188703 7575188703 0 4727602377 0 69.851042 894 894 1191702 894000 192 939 120 160000 250000 119 158627 127383 12 16000 25000 12 16000 25000 8362
1791391750167132 10 0 0 10 10 10 0 0 0 0 0 0 369 119 119 0 1800 1431 1312 0 1312 0 0 0 64428501 132928 0 29377 158641 62960 39088118 1747856 20804982 7581865244 7581865244 0 4729111690 0 69.856452 885 885 1179705 885000 633 910 120 160000 250000 119 158627 127392 12 16000 25000 12 16000 25000 8370
1791391750215813 10 0 0 10 10 10 0 0 0 0 0 0 368 119 119 0 1800 1432 1313 0 1313 0 0 0 64444487 133026 0 29392 158755 62977 39120437 1747978 20815717 7587440345 7587440345 0 4730616517 0 69.861276 890 890 1186370 890000 1120 931 120 160000 250000 119 158627 127400 12 16000 25000 12 16000 25000 8379
1791391750224606 10 0 0 10 10 10 0 0 0 0 0 0 367 119 119 0 1800 1433 1314 0 1314 0 0 0 64452945 133113 0 29406 158841 62989 39120450 1748095 20822260 7600112907 7600112907 0 4732122444 0 69.874270 904 904 1205032 904000 1077 946 120 160000 250000 119 158627 127408 12 16000 25000 12 16000 25000 8386
1791391750263466 10 0 0 10 10 10 0 0 0 0 0 0 366 119 119 0 1800 1434 1315 0 1315 0 0 0 64468291 133228 0 29421 158962 63008 39143621 1748161 20832979 7601463595 7601463595 0 4733624900 0 69.879727 969 969 1291677 969000 2518 1100 120 160000 250000 119 158627 127409 12 16000 25000 12 16000 25000 8388
1791391750267624 10 0 0 10 10 10 0 0 0 0 0 0 365 119 119 0 1800 1435 1316 0 1316 0 0 0 64472137 133307 0 29434 159045 63016 39143629 1748277 20835152 7602327788 7602327788 0 4735123329 0 69.897600 952 952 1269016 952000 214 1014 120 160000 250000 119 158627 127411 12 16000 25000 12 16000 25000 8389
1791391750304178 10 0 0 10 10 10 0 0 0 0 0 0 364 119 119 0 1800 1436 1317 0 1317 0 0 0 64487861 133411 0 29451 159166 63048 39164094 1748364 20845804 7607825828 7607825828 0 4736627797 0 69.902683 931 931 1241023 931000 107 926 120 160000 250000 119 158627 127418 12 16000 25000 12 16000 25000 8397
1791391750317398 10 0 0 10 10 10 0 0 0 0 0 0 363 119 119 0 1800 1437 1318 0 1318 0 0 0 64500674 133506 0 29466 159269 63064 39164117 1748513 20854217 7613809029 7613809029 0 4738133676 0 69.910942 933 933 1243689 933000 1042 938 120 160000 250000 119 158627 127426 12 16000 25000 12 16000 25000 8404
1791391750321442 10 0 0 10 10 10 0 0 0 0 0 0 362 119 119 0 1800 1438 1319 0 1319 0 0 0 64504421 133593 0 29479 159321 63072 39164124 1748633 20856413 7620503087 7620503087 0 4739639128 0 69.929007 926 926 1234358 926000 764 922 120 160000 250000 119 158627 127431 12 16000 25000 12 16000 25000 8412
1791391750423918 10 0 0 10 10 10 0 0 0 0 0 0 361 119 119 0 1800 1439 1320 0 1320 0 0 0 64519750 133693 0 29494 159470 63091 39250920 1748694 20867041 7625853255 7625853255 0 4741135668 0 69.934393 951 951 1267683 951000 956 926 120 160000 250000 119 158627 127440 12 16000 25000 12 16000 25000 8419
1791391750459543 10 0 0 10 10 10 0 0 0 0 0 0 360 119 119 0 1800 1440 1321 0 1321 0 0 0 64535012 133789 0 29508 159579 63107 39270918 1748813 20877605 7632281698 7632281698 0 4742626808 0 69.939775 962 962 1282346 962000 887 924 120 160000 250000 119 158627 127449 12 16000 25000 12 16000 25000 8427
1791391750468369 10 0 0 10 10 10 0 0 0 0 0 0 359 119 119 0 1800 1441 1322 0 1322 0 0 0 64543507 133872 0 29520 159662 63121 39270928 1748935 20884086 7638835241 7638835241 0 4744121292 0 69.952535 964 964 1285012 964000 1169 949 120 160000 250000 119 158627 127457 12 16000 25000 12 16000 25000 8435
1791391750476733 10 0 0 10 10 10 0 0 0 0 0 0 358 119 119 0 1800 1442 1323 0 1323 0 0 0 64551604 133950 0 29534 159745 63130 39270939 1748998 20890583 7644239358 7644239358 0 4745626170 0 69.965881 965 965 1286345 965000 1226 977 120 160000 250000 119 158627 127466 12 16000 25000 12 16000 25000 8443
1791391750499013 10 0 0 10 10 10 0 0 0 0 0 0 357 119 119 0 1800 1443 1324 0 1324 0 0 0 64566367 134058 0 29549 159865 63149 39278136 1749049 20901059 7650786303 7650786303 0 4747116390 0 69.971766 961 961 1281013 961000 1507 1030 120 160000 250000 119 158627 127473 12 16000 25000 12 16000 25000 8451
1791391750524450 10 0 0 10 10 10 0 0 0 0 0 0 356 119 119 0 1800 1444 1325 0 1325 0 0 0 64581750 134158 0 29564 159976 63167 39287817 1749170 20911602 7656178523 7656178523 0 4748614356 0 69.977100 940 940 1253020 940000 926 1021 120 160000 250000 119 158627 127481 12 16000 25000 12 16000 25000 8458
1791391750637461 10 0 0 10 10 10 0 0 0 0 0 0 355 119 119 0 1800 1445 1326 0 1326 0 0 0 64596611 134274 0 29595 160095 63186 39385569 1749291 20922135 7666653342 7666653342 0 4750114670 0 69.983013 914 914 1218362 914000 361 957 120 160000 250000 119 158627 127488 12 16000 25000 12 16000 25000 8466
1791391750674924 10 0 0 10 10 10 0 0 0 0 0 0 354 119 119 0 1800 1446 1327 0 1327 0 0 0 64611601 134371 0 29610 160220 63206 39407651 1749415 20932643 7673342970 7673342970 0 4751613728 0 69.988786 939 939 1251687 939000 1940 1054 120 160000 250000 119 158627 127497 12 16000 25000 12 16000 25000 8474
1791391750823365 10 0 0 10 10 10 0 0 0 0 0 0 353 119 119 0 1800 1447 1328 0 1328 0 0 0 64626532 134470 0 29625 160336 63223 39540790 1749534 20943094 7679925694 7679925694 0 4752833599 0 69.990507 939 939 1251687 939000 827 1033 120 160000 250000 119 158627 127504 12 16000 25000 12 16000 25000 8482
1791391750924701 10 0 0 10 10 10 0 0 0 0 0 0 352 119 119 0 1800 1448 1329 0 1329 0 0 0 64641287 134578 0 29640 160448 63241 39626988 1749654 20953497 7686650017 7686650017 0 4754342006 0 69.996655 939 939 1251687 939000 1048 1035 120 160000 250000 119 158627 127513 12 16000 25000 12 16000 25000 8490
1791391751181355 10 0 0 10 10 10 0 0 0 0 0 0 351 119 119 0 1800 1449 1330 0 1330 0 0 0 64666345 134676 0 29654 160573 63259 39858204 1749774 20963897 7687400718 7687400718 0 4755864065 0 69.991882 942 942 1255686 942000 1004 1033 120 160000 250000 119 158627 127513 12 16000 25000 12 16000 25000 8490
1791391751219130 10 0 0 10 10 10 0 0 0 0 0 0 350 119 119 0 1800 1450 1331 0 1331 0 0 0 64681096 134779 0 29669 160690 63274 39880809 1749935 20974252 7692867151 7692867151 0 4757362557 0 69.997890 924 924 1231692 924000 116 945 120 160000 250000 119 158627 127521 12 16000 25000 12 16000 25000 8499
1791391751230704 10 0 0 10 10 10 0 0 0 0 0 0 349 119 119 0 1800 1451 1332 0 1332 0 0 0 64692286 134869 0 29686 160773 63288 39880822 1750098 20982437 7705650015 7705650015 0 4758857018 0 70.007695 937 937 1249021 937000 1085 959 120 160000 250000 119 158627 127529 12 16000 25000 12 16000 25000 8506
1791391751348275 10 0 0 10 10 10 0 0 0 0 0 0 348 119 119 0 1800 1452 1333 0 1333 0 0 0 64706846 134982 0 29714 160891 63306 39983464 1750198 20992673 7714689211 7714689211 0 4760350014 0 70.013812 975 975 1299675 975000 2298 1090 120 160000 250000 119 158627 127537 12 16000 25000 12 16000 25000 8515
1791391751394739 10 0 0 10 10 10 0 0 0 0 0 0 347 119 119 0 1800 1453 1334 0 1334 0 0 0 64721489 135082 0 29729 161011 63323 40014909 1750318 21002926 7719965305 7719965305 0 4761875467 0 70.020327 967 967 1289011 967000 1620 1143 120 160000 250000 119 158627 127543 12 16000 25000 12 16000 25000 8521
1791391751455630 10 0 0 10 10 10 0 0 0 0 0 0 346 119 119 0 1800 1454 1335 0 1335 0 0 0 64736238 135182 0 29744 161131 63344 40060636 1750470 21013257 7722712593 7722712593 0 4763371182 0 70.026288 962 962 1282346 962000 826 1113 120 160000 250000 119 158627 127546 12 16000 25000 12 16000 25000 8524
1791391751506061 10 0 0 10 10 10 0 0 0 0 0 0 345 119 119 0 1800 1455 1336 0 1336 0 0 0 64750980 135281 0 29759 161248 63359 40095952 1750589 21023562 7723388770 7723388770 0 4764869754 0 70.032297 964 964 1285012 964000 447 1049 120 160000 250000 119 158627 127546 12 16000 25000 12 16000 25000 8524
1791391751571388 10 0 0 10 10 10 0 0 0 0 0 0 344 119 119 0 1800 1456 1337 0 1337 0 0 0 64765596 135377 0 29774 161375 63375 40146236 1750746 21033851 7728879699 7728879699 0 4766106093 0 70.034589 944 944 1258352 944000 108 958 120 160000 250000 119 158627 127554 12 16000 25000 12 16000 25000 8532
1791391751582790 10 0 0 10 10 10 0 0 0 0 0 0 343 119 119 0 1800 1457 1338 0 1338 0 0 0 64776619 135465 0 29788 161466 63389 40146250 1750897 21041863 7734292634 7734292634 0 4767603665 0 70.044603 924 924 1231692 924000 1106 973 120 160000 250000 119 158627 127561 12 16000 25000 12 16000 25000 8540
1791391751613976 10 0 0 10 10 10 0 0 0 0 0 0 342 119 119 0 1800 1458 1339 0 1339 0 0 0 64791223 135562 0 29802 161577 63407 40162484 1750997 21052029 7739794070 7739794070 0 4768821083 0 70.046625 919 919 1225027 919000 785 956 120 160000 250000 119 158627 127570 12 16000 25000 12 16000 25000 8548
1791391751637578 10 0 0 10 10 10 0 0 0 0 0 0 341 119 119 0 1800 1459 1340 0 1340 0 0 0 64805692 135671 0 29816 161689 63425 40171205 1751147 21062203 7746285545 7746285545 0 4770323734 0 70.052968 897 897 1195701 897000 387 901 120 160000 250000 119 158627 127578 12 16000 25000 12 16000 25000 8556
1791391751667821 10 0 0 10 10 10 0 0 0 0 0 0 340 119 119 0 1800 1460 1341 0 1341 0 0 0 64820096 135767 0 29831 161817 63441 40186627 1751297 21072314 7747628420 7747628420 0 4771542145 0 70.055219 897 897 1195701 897000 766 889 120 160000 250000 119 158627 127579 12 16000 25000 12 16000 25000 8557
1791391751706466 10 0 0 10 10 10 0 0 0 0 0 0 339 119 119 0 1800 1461 1342 0 1342 0 0 0 64834736 135866 0 29846 161937 63460 40210253 1751416 21082411 7754162544 7754162544 0 4773104894 0 70.062265 877 877 1169041 877000 185 821 120 160000 250000 119 158627 127587 12 16000 25000 12 16000 25000 8565
1791391751808863 10 0 0 10 10 10 0 0 0 0 0 0 338 119 119 0 1800 1462 1343 0 1343 0 0 0 64849307 135963 0 29861 162055 63477 40297703 1751539 21092474 7756823679 7756823679 0 4774591257 0 70.068264 859 859 1145047 859000 1038 843 120 160000 250000 119 158627 127590 12 16000 25000 12 16000 25000 8568
1791391751879049 10 0 0 10 10 10 0 0 0 0 0 0 337 119 119 0 1800 1463 1344 0 1344 0 0 0 64866245 136074 0 29888 162177 63496 40350527 1751688 21104754 7763411081 7763411081 0 4776088942 0 70.071859 843 843 1123719 843000 329 794 120 160000 250000 119 158627 127598 12 16000 25000 12 16000 25000 8576
1791391751946607 10 0 0 10 10 10 0 0 0 0 0 0 336 119 119 0 1800 1464 1345 0 1345 0 0 0 64882959 136173 0 29903 162302 63516 40400975 1751818 21117027 7768138739 7768138739 0 4777585496 0 70.075691 841 841 1121053 841000 755 792 120 160000 250000 119 158627 127604 12 16000 25000 12 16000 25000 8582
1791391751966355 10 0 0 10 10 10 0 0 0 0 0 0 335 119 119 0 1800 1465 1346 0 1346 0 0 0 64897479 136270 0 29918 162419 63533 40405822 1751945 21127106 7772925670 7772925670 0 4779092956 0 70.082046 830 830 1106390 830000 545 769 120 160000 250000 119 158627 127607 12 16000 25000 12 16000 25000 8585
1791391751996315 10 0 0 10 10 10 0 0 0 0 0 0 334 119 119 0 1800 1466 1347 0 1347 0 0 0 64912297 136397 0 29934 162577 63559 40420509 1752064 21137476 7775000410 7775000410 0 4780593156 0 70.087939 819 819 1091727 819000 719 765 120 160000 250000 119 158627 127610 12 16000 25000 12 16000 25000 8587
1791391752091419 10 0 0 10 10 10 0 0 0 0 0 0 333 119 119 0 1800 1467 1348 0 1348 0 0 0 64928361 136505 0 29948 162725 63580 40499093 1752221 21148060 7787773779 7787773779 0 4782096770 0 70.092558 803 803 1070399 803000 256 716 120 160000 250000 119 158627 127619 12 16000 25000 12 16000 25000 8595
1791391752103896 10 0 0 10 10 10 0 0 0 0 0 0 332 119 118 1 1800 1468 1349 0 1349 0 0 0 64940311 136611 0 29963 162871 63594 40499116 1752437 21156082 7801091774 7794437380 0 4783584538 0 70.101375 823 823 1097059 823000 1959 838 120 160000 250000 119 158627 127637 12 16000 25000 12 16000 25000 8611
1791391752104136 10 0 0 10 10 10 0 0 0 0 0 0 332 118 118 0 1800 1468 1350 0 1350 0 0 0 64940311 136696 0 29980 162871 63602 40499120 1752556 21156082 7801091774 7801091774 0 4783584538 0 70.101283 837 837 1115721 837000 858 840 120 160000 250000 118 157294 126632 12 16000 25000 12 16000 25000 8610
1791391752154758 10 0 0 10 10 10 0 0 0 0 0 0 330 119 119 0 1800 1470 1351 0 1351 0 0 0 64956512 136805 0 30006 163014 63620 40533214 1752592 21166195 7803418860 7803418860 0 4786300012 0 70.123503 833 833 1110389 833000 803 838 120 160000 250000 119 158627 127637 12 16000 25000 12 16000 25000 8614
1791391752221561 10 0 0 10 10 10 0 0 0 0 0 0 329 119 119 0 1800 1471 1352 0 1352 0 0 0 64970703 136912 0 30021 163132 63638 40585438 1752715 21176106 7810015747 7810015747 0 4787526972 0 70.126075 823 823 1097059 823000 355 792 120 160000 250000 119 158627 127646 12 16000 25000 12 16000 25000 8621
1791391752241245 10 0 0 10 10 10 0 0 0 0 0 0 328 119 119 0 1800 1472 1353 0 1353 0 0 0 64984959 137008 0 30036 163243 63657 40590462 1752870 21185937 7816674741 7816674741 0 4789029603 0 70.132626 816 816 1087728 816000 1135 827 120 160000 250000 119 158627 127654 12 16000 25000 12 16000 25000 8630
1791391752388565 10 0 0 10 10 10 0 0 0 0 0 0 327 119 119 0 1800 1473 1354 0 1354 0 0 0 64999156 137107 0 30051 163361 63677 40723183 1752991 21195745 7817350161 7817350161 0 4790530577 0 70.139209 801 801 1067733 801000 431 790 120 160000 250000 119 158627 127654 12 16000 25000 12 16000 25000 8630
1791391752426050 10 0 0 10 10 10 0 0 0 0 0 0 326 119 119 0 1800 1474 1355 0 1355 0 0 0 65013416 137205 0 30066 163480 63695 40746000 1753140 21205546 7824066461 7824066461 0 4792041897 0 70.145874 796 796 1061068 796000 106 724 120 160000 250000 119 158627 127662 12 16000 25000 12 16000 25000 8638
1791391752503222 10 0 0 10 10 10 0 0 0 0 0 0 325 119 119 0 1800 1475 1356 0 1356 0 0 0 65027674 137301 0 30082 163598 63714 40808504 1753296 21215330 7832863427 7832863427 0 4793551944 0 70.152522 798 798 1063734 798000 1040 755 120 160000 250000 119 158627 127671 12 16000 25000 12 16000 25000 8647
1791391752611948 10 0 0 10 10 10 0 0 0 0 0 0 324 119 119 0 1800 1476 1357 0 1357 0 0 0 65041704 137411 0 30098 163711 63733 40902815 1753420 21225078 7838479618 7838479618 0 4794779436 0 70.155264 806 806 1074398 806000 1513 829 120 160000 250000 119 158627 127677 12 16000 25000 12 16000 25000 8653
1791391752653497 10 0 0 10 10 10 0 0 0 0 0 0 323 119 119 0 1800 1477 1358 0 1358 0 0 0 65058098 137527 0 30114 163832 63750 40927565 1753549 21237008 7851056258 7851056258 0 4796277228 0 70.159407 808 808 1077064 808000 850 832 120 160000 250000 119 158627 127684 12 16000 25000 12 16000 25000 8661
1791391752670629 10 0 0 10 10 10 0 0 0 0 0 0 322 119 119 0 1800 1478 1359 0 1359 0 0 0 65072222 137626 0 30129 163949 63787 40930176 1753671 21246704 7864124580 7864124580 0 4797778342 0 70.166058 810 810 1079730 810000 1495 898 120 160000 250000 119 158627 127692 12 16000 25000 12 16000 25000 8669
1791391752689376 10 0 0 10 10 10 0 0 0 0 0 0 321 119 119 0 1800 1479 1360 0 1360 0 0 0 65086215 137724 0 30144 164060 63806 40934559 1753794 21256380 7866737121 7866737121 0 4799288282 0 70.172977 844 844 1125052 844000 2038 1010 120 160000 250000 119 158627 127695 12 16000 25000 12 16000 25000 8672
1791391752806788 10 0 0 10 10 10 0 0 0 0 0 0 320 119 118 1 1800 1480 1361 0 1361 0 0 0 65100235 137826 0 30160 164240 63824 41037474 1753949 21266058 7869963372 7867430286 0 4800792554 0 70.179777 840 840 1119720 840000 379 949 120 160000 250000 119 158627 127700 12 16000 25000 12 16000 25000 8675
1791391752807057 10 0 0 10 10 10 0 0 0 0 0 0 320 118 118 0 1800 1480 1362 0 1362 0 0 0 65100235 137904 0 30178 164241 63831 41037477 1754111 21266058 7869963372 7869963372 0 4800792554 0 70.179693 819 819 1091727 819000 90 867 120 160000 250000 118 157294 126695 12 16000 25000 12 16000 25000 8674
1791391752857541 10 0 0 10 10 10 0 0 0 0 0 0 318 119 119 0 1800 1482 1363 0 1363 0 0 0 65115950 138004 0 30193 164387 63850 41071906 1754159 21275723 7876581212 7876581212 0 4803792775 0 70.206532 808 808 1077064 808000 412 824 120 160000 250000 119 158627 127707 12 16000 25000 12 16000 25000 8683
1791391752871968 10 0 0 10 10 10 0 0 0 0 0 0 317 119 119 0 1800 1483 1364 0 1364 0 0 0 65129972 138103 0 30209 164503 63869 41071932 1754284 21285309 7883247609 7883247609 0 4805284360 0 70.213137 787 787 1049071 787000 999 842 120 160000 250000 119 158627 127715 12 16000 25000 12 16000 25000 8691
1791391752983267 10 0 0 10 10 10 0 0 0 0 0 0 316 119 119 0 1800 1484 1365 0 1365 0 0 0 65143797 138211 0 30224 164618 63890 41169007 1754416 21294906 7888755965 7888755965 0 4806517574 0 70.216167 802 802 1069066 802000 1036 862 120 160000 250000 119 158627 127722 12 16000 25000 12 16000 25000 8699
1791391752996005 10 0 0 10 10 10 0 0 0 0 0 0 315 119 119 0 1800 1485 1366 0 1366 0 0 0 65156155 138304 0 30240 164728 63906 41169025 1754538 21302422 7895595729 7895595729 0 4808013221 0 70.224622 822 822 1095726 822000 1083 885 120 160000 250000 119 158627 127731 12 16000 25000 12 16000 25000 8708
1791391753000257 10 0 0 10 10 10 0 0 0 0 0 0 314 119 119 0 1800 1486 1367 0 1367 0 0 0 65160067 138388 0 30252 164792 63915 41169033 1754692 21304628 7902360579 7902360579 0 4809508409 0 70.242162 802 802 1069066 802000 429 842 120 160000 250000 119 158627 127739 12 16000 25000 12 16000 25000 8716
1791391753053511 10 0 0 10 10 10 0 0 0 0 0 0 313 119 119 0 1800 1487 1368 0 1368 0 0 0 65174186 138489 0 30267 164935 63934 41207807 1754764 21314276 7915407973 7915407973 0 4811013821 0 70.248850 807 807 1075731 807000 1066 865 120 160000 250000 119 158627 127747 12 16000 25000 12 16000 25000 8724
1791391753311316 10 0 0 10 10 10 0 0 0 0 0 0 312 119 119 0 1800 1488 1369 0 1369 0 0 0 65188225 138591 0 30283 165069 63952 41451174 1754886 21323821 7920824254 7920824254 0 4812513433 0 70.255536 828 828 1103724 828000 2384 1014 120 160000 250000 119 158627 127754 12 16000 25000 12 16000 25000 8732
1791391753323636 10 0 0 10 10 10 0 0 0 0 0 0 311 119 119 0 1800 1489 1370 0 1370 0 0 0 65200134 138687 0 30298 165182 63966 41451191 1755034 21331247 7922142831 7922142831 0 4814016006 0 70.264559 830 830 1106390 830000 1025 1016 120 160000 250000 119 158627 127756 12 16000 25000 12 16000 25000 8733
1791391753345165 10 0 0 10 10 10 0 0 0 0 0 0 310 119 119 0 1800 1490 1371 0 1371 0 0 0 65214038 138791 0 30314 165295 63985 41458441 1755154 21340791 7926675538 7926675538 0 4815520080 0 70.271446 809 809 1078397 809000 157 934 120 160000 250000 119 158627 127763 12 16000 25000 12 16000 25000 8740
1791391753357278 10 0 0 10 10 10 0 0 0 0 0 0 309 119 119 0 1800 1491 1372 0 1372 0 0 0 65225759 138896 0 30330 165397 64005 41458459 1755275 21348114 7933440695 7933440695 0 4817021373 0 70.280637 805 805 1073065 805000 930 934 120 160000 250000 119 158627 127771 12 16000 25000 12 16000 25000 8748
1791391753387914 10 0 0 10 10 10 0 0 0 0 0 0 308 119 119 0 1800 1492 1373 0 1373 0 0 0 65239760 138992 0 30346 165521 64022 41474712 1755399 21357578 7940027240 7940027240 0 4818519389 0 70.287334 798 798 1063734 798000 825 924 120 160000 250000 119 158627 127779 12 16000 25000 12 16000 25000 8756
1791391753399935 10 0 0 10 10 10 0 0 0 0 0 0 307 119 119 0 1800 1493 1374 0 1374 0 0 0 65251417 139087 0 30361 165618 64036 41474727 1755520 21364902 7940808276 7940808276 0 4820023670 0 70.296641 799 799 1065067 799000 974 930 120 160000 250000 119 158627 127780 12 16000 25000 12 16000 25000 8757
1791391753486457 10 0 0 10 10 10 0 0 0 0 0 0 306 119 119 0 1800 1494 1375 0 1375 0 0 0 65265315 139189 0 30376 165741 64053 41546929 1755680 21374333 7946336116 7946336116 0 4821525608 0 70.303494 805 805 1073065 805000 117 852 120 160000 250000 119 158627 127788 12 16000 25000 12 16000 25000 8765
1791391753531429 10 0 0 10 10 10 0 0 0 0 0 0 305 119 119 0 1800 1495 1376 0 1376 0 0 0 65279240 139298 0 30391 165853 64070 41577558 1755836 21383692 7952814423 7952814423 0 4823048705 0 70.310616 791 791 1054403 791000 1101 877 120 160000 250000 119 158627 127796 12 16000 25000 12 16000 25000 8773
1791391753543402 10 0 0 10 10 10 0 0 0 0 0 0 304 119 119 0 1800 1496 1377 0 1377 0 0 0 65290820 139404 0 30406 165969 64085 41577574 1755954 21390865 7963429509 7963429509 0 4824549288 0 70.319930 794 794 1058402 794000 975 887 120 160000 250000 119 158627 127802 12 16000 25000 12 16000 25000 8780
1791391753583223 10 0 0 10 10 10 0 0 0 0 0 0 303 119 119 0 1800 1497 1378 0 1378 0 0 0 65304525 139503 0 30421 166089 64103 41603311 1756075 21400252 7976520978 7976520978 0 4826039821 0 70.326818 807 807 1075731 807000 1935 990 120 160000 250000 119 158627 127810 12 16000 25000 12 16000 25000 8788
1791391753606226 10 0 0 10 10 10 0 0 0 0 0 0 302 119 119 0 1800 1498 1379 0 1379 0 0 0 65318289 139602 0 30436 166206 64120 41612174 1756197 21409553 7977262519 7977262519 0 4827541941 0 70.333808 827 827 1102391 827000 2097 1099 120 160000 250000 119 158627 127810 12 16000 25000 12 16000 25000 8788
1791391753650876 10 0 0 10 10 10 0 0 0 0 0 0 301 119 119 0 1800 1499 1380 0 1380 0 0 0 65331955 139700 0 30452 166332 64138 41642737 1756355 21418826 7983911393 7983911393 0 4829050928 0 70.341002 826 826 1101058 826000 108 1003 120 160000 250000 119 158627 127818 12 16000 25000 12 16000 25000 8796
1791391753695785 10 0 0 10 10 10 0 0 0 0 0 0 300 119 119 0 1800 1500 1381 0 1381 0 0 0 65345562 139799 0 30467 166441 64157 41673667 1756477 21428042 7989382295 7989382295 0 4830547910 0 70.348081 826 826 1101058 826000 1044 1008 120 160000 250000 119 158627 127825 12 16000 25000 12 16000 25000 8804
1791391753741410 10 0 0 10 10 10 0 0 0 0 0 0 299 119 118 1 1800 1501 1382 0 1382 0 0 0 65359255 139906 0 30483 166596 64177 41705163 1756602 21437287 8002792038 7996098647 0 4832044807 0 70.355054 806 806 1074398 806000 1103 1018 120 160000 250000 119 158627 127844 12 16000 25000 12 16000 25000 8821
1791391753741644 10 0 0 10 10 10 0 0 0 0 0 0 299 118 118 0 1800 1501 1383 0 1383 0 0 0 65359255 139983 0 30500 166596 64184 41705167 1756729 21437287 8002792038 8002792038 0 4832044807 0 70.354972 798 798 1063734 798000 1058 1022 120 160000 250000 118 157294 126839 12 16000 25000 12 16000 25000 8820
1791391753780825 10 0 0 10 10 10 0 0 0 0 0 0 297 119 118 1 1800 1503 1384 0 1384 0 0 0 65374405 140089 0 30524 166764 64200 41728856 1756763 21446528 8013779741 8008324032 0 4835039502 0 70.382181 803 803 1070399 803000 1119 1032 120 160000 250000 118 157294 127858 12 16000 25000 12 16000 25000 8837
1791391753781062 10 0 0 10 10 10 0 0 0 0 0 0 297 118 118 0 1800 1503 1385 0 1385 0 0 0 65374405 140171 0 30541 166764 64208 41728859 1756889 21446528 8013779741 8013779741 0 4835039502 0 70.382093 812 812 1082396 812000 950 1025 120 160000 250000 118 157294 126857 12 16000 25000 12 16000 25000 8836
1791391753810680 10 0 0 10 10 10 0 0 0 0 0 0 295 119 119 0 1800 1505 1386 0 1386 0 0 0 65389718 140269 0 30557 166898 64224 41742856 1756925 21455697 8016365915 8016365915 0 4837771633 0 70.405302 828 828 1103724 828000 1033 1027 120 160000 250000 119 158627 127863 12 16000 25000 12 16000 25000 8840
1791391753894009 10 0 0 10 10 10 0 0 0 0 0 0 294 119 119 0 1800 1506 1387 0 1387 0 0 0 65403226 140383 0 30588 167015 64240 41812285 1757048 21464788 8021636275 8021636275 0 4839297970 0 70.412879 819 819 1091727 819000 510 978 120 160000 250000 119 158627 127870 12 16000 25000 12 16000 25000 8847
1791391753955344 10 0 0 10 10 10 0 0 0 0 0 0 293 119 118 1 1800 1507 1388 0 1388 0 0 0 65417066 140483 0 30604 167178 64258 41859324 1757201 21473867 8038450937 8032990827 0 4840809382 0 70.419893 820 820 1093060 820000 831 964 120 160000 250000 119 158627 127888 12 16000 25000 12 16000 25000 8864
1791391753955632 10 0 0 10 10 10 0 0 0 0 0 0 293 118 118 0 1800 1507 1389 0 1389 0 0 0 65417066 140563 0 30622 167178 64266 41859328 1757379 21473867 8038450937 8038450937 0 4840809382 0 70.419807 858 858 1143714 858000 2098 1127 120 160000 250000 118 157294 126883 12 16000 25000 12 16000 25000 8862
1791391754165620 10 0 0 10 10 10 0 0 0 0 0 0 291 119 119 0 1800 1509 1390 0 1390 0 0 0 65433185 140669 0 30639 167379 64282 42052816 1757412 21482979 8043671013 8043671013 0 4843804415 0 70.445941 867 867 1155711 867000 1358 1150 120 160000 250000 119 158627 127894 12 16000 25000 12 16000 25000 8871
1791391754206740 10 0 0 10 10 10 0 0 0 0 0 0 290 119 119 0 1800 1510 1391 0 1391 0 0 0 65449023 140772 0 30656 167505 64298 42077702 1757542 21494094 8056728772 8056728772 0 4845311631 0 70.450735 884 884 1178372 884000 1033 1140 120 160000 250000 119 158627 127902 12 16000 25000 12 16000 25000 8879
1791391754210870 10 0 0 10 10 10 0 0 0 0 0 0 289 119 118 1 1800 1511 1392 0 1392 0 0 0 65452795 140857 0 30670 167618 64306 42077709 1757667 21496275 8064672823 8057932599 0 4846525107 0 70.464235 899 899 1198367 899000 1661 1192 120 160000 250000 119 158627 127913 12 16000 25000 12 16000 25000 8888
1791391754211051 10 0 0 10 10 10 0 0 0 0 0 0 289 118 118 0 1800 1511 1393 0 1393 0 0 0 65452795 140934 0 30687 167618 64314 42077712 1757742 21496275 8064672823 8064672823 0 4846525107 0 70.464152 899 899 1198367 899000 184 1095 120 160000 250000 118 157294 126908 12 16000 25000 12 16000 25000 8887
1791391754303004 10 0 0 10 10 10 0 0 0 0 0 0 287 119 119 0 1800 1513 1394 0 1394 0 0 0 65470202 141051 0 30715 167763 64335 42151914 1757783 21507437 8071427696 8071427696 0 4849532182 0 70.489041 901 901 1201033 901000 847 1072 120 160000 250000 119 158627 127919 12 16000 25000 12 16000 25000 8897
1791391754318902 10 0 0 10 10 10 0 0 0 0 0 0 286 119 119 0 1800 1514 1395 0 1395 0 0 0 65485677 141151 0 30731 167886 64355 42151938 1757913 21518509 8078437306 8078437306 0 4850765635 0 70.490236 909 909 1211697 909000 815 1048 120 160000 250000 119 158627 127927 12 16000 25000 12 16000 25000 8905
1791391754324749 10 0 0 10 10 10 0 0 0 0 0 0 285 119 119 0 1800 1515 1396 0 1396 0 0 0 65491220 141228 0 30743 167954 64364 42151945 1758035 21520696 8083972975 8083972975 0 4852270113 0 70.506061 907 907 1209031 907000 735 1019 120 160000 250000 119 158627 127935 12 16000 25000 12 16000 25000 8913
1791391754347879 10 0 0 10 10 10 0 0 0 0 0 0 284 119 119 0 1800 1516 1397 0 1397 0 0 0 65504964 141326 0 30758 168069 64383 42161026 1758088 21529665 8084970462 8084970462 0 4853767934 0 70.512954 924 924 1231692 924000 979 1016 120 160000 250000 119 158627 127937 12 16000 25000 12 16000 25000 8914
1791391754365913 10 0 0 10 10 10 0 0 0 0 0 0 283 119 119 0 1800 1517 1398 0 1398 0 0 0 65518404 141425 0 30774 168188 64400 42165214 1758235 21538542 8089401584 8089401584 0 4855257030 0 70.520042 893 893 1190369 893000 201 938 120 160000 250000 119 158627 127942 12 16000 25000 12 16000 25000 8920
1791391754386316 10 0 0 10 10 10 0 0 0 0 0 0 282 119 119 0 1800 1518 1399 0 1399 0 0 0 65531974 141523 0 30790 168296 64417 42171644 1758393 21547425 8095961455 8095961455 0 4856757934 0 70.527161 893 893 1190369 893000 796 925 120 160000 250000 119 158627 127950 12 16000 25000 12 16000 25000 8928
1791391754424094 10 0 0 10 10 10 0 0 0 0 0 0 281 119 119 0 1800 1519 1400 0 1400 0 0 0 65545413 141630 0 30806 168405 64449 42195589 1758517 21556266 8096635218 8096635218 0 4858257152 0 70.534383 898 898 1197034 898000 1038 937 120 160000 250000 119 158627 127950 12 16000 25000 12 16000 25000 8929
1791391754471523 10 0 0 10 10 10 0 0 0 0 0 0 280 119 119 0 1800 1520 1401 0 1401 0 0 0 65558523 141736 0 30821 168517 64467 42229491 1758676 21565066 8103304970 8103304970 0 4859758161 0 70.541983 892 892 1189036 892000 97 856 120 160000 250000 119 158627 127958 12 16000 25000 12 16000 25000 8937
1791391754531016 10 0 0 10 10 10 0 0 0 0 0 0 279 119 119 0 1800 1521 1402 0 1402 0 0 0 65571741 141835 0 30836 168640 64484 42275348 1758836 21573793 8108727237 8108727237 0 4861260027 0 70.549483 891 891 1187703 891000 1066 877 120 160000 250000 119 158627 127966 12 16000 25000 12 16000 25000 8945
1791391754558932 10 0 0 10 10 10 0 0 0 0 0 0 278 119 119 0 1800 1522 1403 0 1403 0 0 0 65585044 141932 0 30851 168748 64501 42289593 1758961 21582489 8114467485 8114467485 0 4862768710 0 70.556991 916 916 1221028 916000 1077 897 120 160000 250000 119 158627 127975 12 16000 25000 12 16000 25000 8953
1791391754601974 10 0 0 10 10 10 0 0 0 0 0 0 277 119 119 0 1800 1523 1404 0 1404 0 0 0 65598148 142030 0 30867 168860 64518 42319165 1759081 21591132 8119940685 8119940685 0 4864274283 0 70.564662 930 930 1239690 930000 835 892 120 160000 250000 119 158627 127983 12 16000 25000 12 16000 25000 8961
1791391754606066 10 0 0 10 10 10 0 0 0 0 0 0 276 119 119 0 1800 1524 1405 0 1405 0 0 0 65601915 142117 0 30884 168932 64526 42319173 1759212 21593288 8122152232 8122152232 0 4865774993 0 70.582295 930 930 1239690 930000 1059 909 120 160000 250000 119 158627 127985 12 16000 25000 12 16000 25000 8964
1791391754609830 10 0 0 10 10 10 0 0 0 0 0 0 275 119 119 0 1800 1525 1406 0 1406 0 0 0 65605443 142195 0 30897 168998 64533 42319180 1759266 21595443 8132208184 8132208184 0 4867262648 0 70.600002 910 910 1213030 910000 390 860 120 160000 250000 119 158627 127992 12 16000 25000 12 16000 25000 8970
1791391754711843 10 0 0 10 10 10 0 0 0 0 0 0 274 119 119 0 1800 1526 1407 0 1407 0 0 0 65618604 142295 0 30912 169159 64549 42407692 1759309 21604085 8137837337 8137837337 0 4868479182 0 70.603408 925 925 1233025 925000 1607 934 120 160000 250000 119 158627 128000 12 16000 25000 12 16000 25000 8978
1791391754737717 10 0 0 10 10 10 0 0 0 0 0 0 273 119 119 0 1800 1527 1408 0 1408 0 0 0 65631577 142393 0 30926 169269 64565 42420233 1759425 21612596 8150823904 8150823904 0 4869683994 0 70.606846 912 912 1215696 912000 1109 952 120 160000 250000 119 158627 128008 12 16000 25000 12 16000 25000 8986
1791391754752005 10 0 0 10 10 10 0 0 0 0 0 0 272 119 119 0 1800 1528 1409 0 1409 0 0 0 65644683 142492 0 30942 169398 64583 42421015 1759547 21621111 8157542252 8157542252 0 4871178410 0 70.614337 913 913 1217029 913000 2100 1065 120 160000 250000 119 158627 128018 12 16000 25000 12 16000 25000 8994
1791391754781699 10 0 0 10 10 10 0 0 0 0 0 0 271 119 119 0 1800 1529 1410 0 1410 0 0 0 65657940 142586 0 30956 169530 64600 42437059 1759678 21629596 8165681536 8165681536 0 4872674882 0 70.621698 927 927 1235691 927000 1039 1063 120 160000 250000 119 158627 128027 12 16000 25000 12 16000 25000 9002
1791391754958311 10 0 0 10 10 10 0 0 0 0 0 0 270 119 119 0 1800 1530 1411 0 1411 0 0 0 65670939 142687 0 30972 169661 64619 42600271 1759805 21638070 8171107316 8171107316 0 4874181921 0 70.629479 955 955 1273015 955000 1279 1085 120 160000 250000 119 158627 128036 12 16000 25000 12 16000 25000 9010
1791391755037932 10 0 0 10 10 10 0 0 0 0 0 0 269 119 119 0 1800 1531 1412 0 1412 0 0 0 65684343 142783 0 30986 169776 64635 42666113 1759928 21646535 8176570322 8176570322 0 4875677407 0 70.636660 968 968 1290344 968000 1086 1086 120 160000 250000 119 158627 128042 12 16000 25000 12 16000 25000 9017
1791391755138503 10 0 0 10 10 10 0 0 0 0 0 0 268 119 119 0 1800 1532 1413 0 1413 0 0 0 65697812 142882 0 31001 169901 64665 42752822 1760047 21655004 8188857177 8188857177 0 4876890397 0 70.639673 963 963 1283679 963000 783 1057 120 160000 250000 119 158627 128050 12 16000 25000 12 16000 25000 9025
1791391755194232 10 0 0 10 10 10 0 0 0 0 0 0 267 119 119 0 1800 1533 1414 0 1414 0 0 0 65710747 142984 0 31020 170020 64683 42795236 1760167 21663522 8195413927 8195413927 0 4878392328 0 70.647439 981 981 1307673 981000 1898 1140 120 160000 250000 119 158627 128058 12 16000 25000 12 16000 25000 9033
1791391755349913 10 0 0 10 10 10 0 0 0 0 0 0 266 119 119 0 1800 1534 1415 0 1415 0 0 0 65723776 143081 0 31035 170139 64700 42937511 1760290 21672018 8196433807 8196433807 0 4879886916 0 70.655001 981 981 1307673 981000 1046 1132 120 160000 250000 119 158627 128059 12 16000 25000 12 16000 25000 9034
1791391755384846 10 0 0 10 10 10 0 0 0 0 0 0 265 119 119 0 1800 1535 1416 0 1416 0 0 0 65736622 143180 0 31050 170248 64719 42959194 1760447 21680471 8203077709 8203077709 0 4881104702 0 70.658746 997 997 1329001 997000 201 1042 120 160000 250000 119 158627 128066 12 16000 25000 12 16000 25000 9042
1791391755411050 10 0 0 10 10 10 0 0 0 0 0 0 264 119 119 0 1800 1536 1417 0 1417 0 0 0 65749564 143289 0 31075 170357 64739 42972040 1760603 21688915 8203924566 8203924566 0 4882608004 0 70.666508 997 997 1329001 997000 1075 1046 120 160000 250000 119 158627 128067 12 16000 25000 12 16000 25000 9043
1791391755467054 10 0 0 10 10 10 0 0 0 0 0 0 263 119 119 0 1800 1537 1418 0 1418 0 0 0 65763193 143389 0 31091 170478 64755 43013997 1760764 21697376 8209427712 8209427712 0 4884109400 0 70.673513 958 958 1277014 958000 170 962 120 160000 250000 119 158627 128075 12 16000 25000 12 16000 25000 9052
1791391755540451 10 0 0 10 10 10 0 0 0 0 0 0 262 119 119 0 1800 1538 1419 0 1419 0 0 0 65776195 143484 0 31106 170590 64774 43074017 1760893 21705788 8210750578 8210750578 0 4885599086 0 70.681023 953 953 1270349 953000 778 945 120 160000 250000 119 158627 128076 12 16000 25000 12 16000 25000 9053
1791391755651736 10 0 0 10 10 10 0 0 0 0 0 0 261 119 119 0 1800 1539 1420 0 1420 0 0 0 65789240 143585 0 31121 170710 64790 43171874 1761017 21714126 8217392741 8217392741 0 4887089964 0 70.688495 959 959 1278347 959000 208 874 120 160000 250000 119 158627 128084 12 16000 25000 12 16000 25000 9061
1791391755686315 10 0 0 10 10 10 0 0 0 0 0 0 260 119 119 0 1800 1540 1421 0 1421 0 0 0 65802134 143683 0 31135 170831 64810 43193180 1761138 21722468 8221491283 8221491283 0 4888588787 0 70.696244 961 961 1281013 961000 1019 889 120 160000 250000 119 158627 128091 12 16000 25000 12 16000 25000 9067
1791391755711192 10 0 0 10 10 10 0 0 0 0 0 0 259 119 119 0 1800 1541 1422 0 1422 0 0 0 65815008 143828 0 31150 170938 64826 43204774 1761258 21730764 8222809468 8222809468 0 4890086408 0 70.703943 963 963 1283679 963000 864 887 120 160000 250000 119 158627 128092 12 16000 25000 12 16000 25000 9069
1791391755721955 10 0 0 10 10 10 0 0 0 0 0 0 258 119 119 0 1800 1542 1423 0 1423 0 0 0 65825386 143936 0 31165 171038 64841 43204792 1761379 21736885 8228305519 8228305519 0 4891314355 0 70.710457 947 947 1262351 947000 207 821 120 160000 250000 119 158627 128100 12 16000 25000 12 16000 25000 9077
1791391755732832 10 0 0 10 10 10 0 0 0 0 0 0 257 119 119 0 1800 1543 1424 0 1424 0 0 0 65835880 144036 0 31184 171143 64854 43204811 1761502 21743013 8234888599 8234888599 0 4892812086 0 70.720751 953 953 1270349 953000 560 796 120 160000 250000 119 158627 128107 12 16000 25000 12 16000 25000 9085
1791391755760525 10 0 0 10 10 10 0 0 0 0 0 0 256 119 119 0 1800 1544 1425 0 1425 0 0 0 65850807 144136 0 31201 171274 64874 43217190 1761617 21753463 8241614869 8241614869 0 4894302850 0 70.726191 956 956 1274348 956000 1320 848 120 160000 250000 119 158627 128115 12 16000 25000 12 16000 25000 9093
1791391755822661 10 0 0 10 10 10 0 0 0 0 0 0 255 119 119 0 1800 1545 1426 0 1426 0 0 0 65864075 144241 0 31215 171395 64894 43265668 1761741 21761702 8247128019 8247128019 0 4895800170 0 70.733495 951 951 1267683 951000 779 842 120 160000 250000 119 158627 128125 12 16000 25000 12 16000 25000 9102
1791391755874106 10 0 0 10 10 10 0 0 0 0 0 0 254 119 119 0 1800 1546 1427 0 1427 0 0 0 65876820 144346 0 31230 171516 64912 43303979 1761864 21769918 8253820189 8253820189 0 4897303267 0 70.741440 935 935 1246355 935000 1095 867 120 160000 250000 119 158627 128133 12 16000 25000 12 16000 25000 9110
1791391755970009 10 0 0 10 10 10 0 0 0 0 0 0 253 119 119 0 1800 1547 1428 0 1428 0 0 0 65889589 144446 0 31246 171632 64929 43386732 1761989 21778125 8259307131 8259307131 0 4898522452 0 70.745261 914 914 1218362 914000 1070 888 120 160000 250000 119 158627 128141 12 16000 25000 12 16000 25000 9118
1791391755975198 10 0 0 10 10 10 0 0 0 0 0 0 252 119 119 0 1800 1548 1429 0 1429 0 0 0 65894462 144525 0 31259 171708 64937 43386739 1762115 21780287 8272128547 8272128547 0 4900035672 0 70.761809 932 932 1242356 932000 894 890 120 160000 250000 119 158627 128150 12 16000 25000 12 16000 25000 9126
1791391755996543 10 0 0 10 10 10 0 0 0 0 0 0 251 119 119 0 1800 1549 1430 0 1430 0 0 0 65907487 144636 0 31286 171826 64954 43394742 1762167 21788822 8278765902 8278765902 0 4901541594 0 70.769479 956 956 1274348 956000 2392 1038 120 160000 250000 119 158627 128157 12 16000 25000 12 16000 25000 9134
1791391756035205 10 0 0 10 10 10 0 0 0 0 0 0 250 119 119 0 1800 1550 1431 0 1431 0 0 0 65920835 144737 0 31302 171952 64973 43419676 1762281 21797300 8279656680 8279656680 0 4903033614 0 70.776610 959 959 1278347 959000 1266 1061 120 160000 250000 119 158627 128158 12 16000 25000 12 16000 25000 9134
1791391756094325 10 0 0 10 10 10 0 0 0 0 0 0 249 119 119 0 1800 1551 1432 0 1432 0 0 0 65939011 144847 0 31319 172070 64992 43460230 1762404 21809838 8280986850 8280986850 0 4904537619 0 70.778730 941 941 1254353 941000 158 974 120 160000 250000 119 158627 128159 12 16000 25000 12 16000 25000 9136
1791391756108159 10 0 0 10 10 10 0 0 0 0 0 0 248 119 119 0 1800 1552 1433 0 1433 0 0 0 65952483 144934 0 31337 172139 65000 43460237 1762569 21812038 8289536214 8289536214 0 4906038889 0 70.785872 906 906 1207698 906000 113 891 120 160000 250000 119 158627 128168 12 16000 25000 12 16000 25000 9144
1791391756122461 10 0 0 10 10 10 0 0 0 0 0 0 247 119 119 0 1800 1553 1434 0 1434 0 0 0 65966527 145015 0 31352 172210 65008 43460244 1762642 21814232 8296241347 8296241347 0 4907533814 0 70.792313 891 891 1187703 891000 589 862 120 160000 250000 119 158627 128178 12 16000 25000 12 16000 25000 9152
1791391756146170 10 0 0 10 10 10 0 0 0 0 0 0 246 119 119 0 1800 1554 1435 0 1435 0 0 0 65979559 145121 0 31375 172318 65024 43470629 1762685 21822672 8301705303 8301705303 0 4909033290 0 70.799873 861 861 1147713 861000 377 815 120 160000 250000 119 158627 128183 12 16000 25000 12 16000 25000 9159
1791391756166148 10 0 0 10 10 10 0 0 0 0 0 0 245 119 119 0 1800 1555 1436 0 1436 0 0 0 65992295 145225 0 31390 172423 65046 43477486 1762803 21831021 8311999331 8311999331 0 4910536905 0 70.807810 864 864 1151712 864000 778 813 120 160000 250000 119 158627 128190 12 16000 25000 12 16000 25000 9167
1791391756253257 10 0 0 10 10 10 0 0 0 0 0 0 244 119 119 0 1800 1556 1437 0 1437 0 0 0 66005110 145328 0 31405 172545 65062 43551399 1762922 21839371 8312780098 8312780098 0 4912040547 0 70.815660 880 880 1173040 880000 1695 900 120 160000 250000 119 158627 128191 12 16000 25000 12 16000 25000 9168
1791391756287612 10 0 0 10 10 10 0 0 0 0 0 0 243 119 119 0 1800 1557 1438 0 1438 0 0 0 66017972 145424 0 31419 172658 65080 43572493 1763072 21847665 8319345667 8319345667 0 4913549115 0 70.823535 849 849 1131717 849000 152 828 120 160000 250000 119 158627 128199 12 16000 25000 12 16000 25000 9176
1791391756307950 10 0 0 10 10 10 0 0 0 0 0 0 242 119 119 0 1800 1558 1439 0 1439 0 0 0 66030730 145520 0 31434 172764 65096 43579699 1763208 21855959 8328381530 8328381530 0 4915048013 0 70.831379 846 846 1127718 846000 1012 847 120 160000 250000 119 158627 128204 12 16000 25000 12 16000 25000 9182
1791391756400017 10 0 0 10 10 10 0 0 0 0 0 0 241 119 119 0 1800 1559 1440 0 1440 0 0 0 66043441 145629 0 31457 172880 65111 43658664 1763337 21864241 8333544483 8333544483 0 4916552812 0 70.839342 854 854 1138382 854000 1480 910 120 160000 250000 119 158627 128208 12 16000 25000 12 16000 25000 9185
1791391756517094 10 0 0 10 10 10 0 0 0 0 0 0 240 119 119 0 1800 1560 1441 0 1441 0 0 0 66057326 145732 0 31472 172999 65130 43761467 1763466 21872561 8334322086 8334322086 0 4918068280 0 70.846205 835 835 1113055 835000 845 904 120 160000 250000 119 158627 128208 12 16000 25000 12 16000 25000 9185
1791391756566167 10 0 0 10 10 10 0 0 0 0 0 0 239 119 119 0 1800 1561 1442 0 1442 0 0 0 66070066 145845 0 31487 173112 65162 43797369 1763621 21880839 8336351910 8336351910 0 4919567007 0 70.854038 834 834 1111722 834000 122 828 120 160000 250000 119 158627 128212 12 16000 25000 12 16000 25000 9188
1791391756651498 10 0 0 10 10 10 0 0 0 0 0 0 238 119 119 0 1800 1562 1443 0 1443 0 0 0 66085325 145946 0 31508 173218 65180 43867043 1763774 21889091 8344077240 8344077240 0 4921075995 0 70.859334 827 827 1102391 827000 404 787 120 160000 250000 119 158627 128218 12 16000 25000 12 16000 25000 9196
1791391756674442 10 0 0 10 10 10 0 0 0 0 0 0 237 119 119 0 1800 1563 1444 0 1444 0 0 0 66097901 146043 0 31523 173340 65197 43877034 1763895 21897250 8350714226 8350714226 0 4922570315 0 70.867291 837 837 1115721 837000 1324 840 120 160000 250000 119 158627 128225 12 16000 25000 12 16000 25000 9204
1791391756692367 10 0 0 10 10 10 0 0 0 0 0 0 236 119 119 0 1800 1564 1445 0 1445 0 0 0 66110487 146140 0 31538 173452 65217 43882001 1764017 21905378 8351714953 8351714953 0 4924074520 0 70.875377 844 844 1125052 844000 1039 860 120 160000 250000 119 158627 128227 12 16000 25000 12 16000 25000 9205
1791391756702820 10 0 0 10 10 10 0 0 0 0 0 0 235 119 119 0 1800 1565 1446 0 1446 0 0 0 66120586 146227 0 31552 173543 65230 43882015 1764145 21911318 8353629594 8353629594 0 4925565308 0 70.885937 831 831 1107723 831000 198 796 120 160000 250000 119 158627 128228 12 16000 25000 12 16000 25000 9207
1791391756713762 10 0 0 10 10 10 0 0 0 0 0 0 234 119 119 0 1800 1566 1447 0 1447 0 0 0 66131183 146329 0 31566 173632 65244 43882027 1764251 21917239 8360170035 8360170035 0 4927075237 0 70.896221 831 831 1107723 831000 308 749 120 160000 250000 119 158627 128237 12 16000 25000 12 16000 25000 9216
1791391756794285 10 0 0 10 10 10 0 0 0 0 0 0 233 119 119 0 1800 1567 1448 0 1448 0 0 0 66144408 146435 0 31581 173779 65263 43948928 1764357 21925330 8367220368 8367220368 0 4928572430 0 70.903502 836 836 1114388 836000 1106 784 120 160000 250000 119 158627 128245 12 16000 25000 12 16000 25000 9224
1791391756862022 10 0 0 10 10 10 0 0 0 0 0 0 232 119 119 0 1800 1568 1449 0 1449 0 0 0 66157640 146538 0 31597 173909 65283 44003031 1764486 21933557 8367959085 8367959085 0 4930074253 0 70.910844 838 838 1117054 838000 1113 817 120 160000 250000 119 158627 128245 12 16000 25000 12 16000 25000 9224
1791391756866357 10 0 0 10 10 10 0 0 0 0 0 0 231 119 119 0 1800 1569 1450 0 1450 0 0 0 66161612 146618 0 31609 173984 65292 44003038 1764646 21935786 8373311821 8373311821 0 4931581744 0 70.928192 818 818 1090394 818000 50 743 120 160000 250000 119 158627 128252 12 16000 25000 12 16000 25000 9231
1791391756964826 10 0 0 10 10 10 0 0 0 0 0 0 230 119 119 0 1800 1570 1451 0 1451 0 0 0 66176694 146723 0 31624 174110 65310 44086104 1764697 21943935 8379948381 8379948381 0 4933082703 0 70.933533 811 811 1081063 811000 736 743 120 160000 250000 119 158627 128261 12 16000 25000 12 16000 25000 9239
1791391756979258 10 0 0 10 10 10 0 0 0 0 0 0 229 119 119 0 1800 1571 1452 0 1452 0 0 0 66190045 146823 0 31639 174232 65341 44086783 1764824 21952016 8386657621 8386657621 0 4934578259 0 70.940650 811 811 1081063 811000 1004 770 120 160000 250000 119 158627 128269 12 16000 25000 12 16000 25000 9247
1791391757000627 10 0 0 10 10 10 0 0 0 0 0 0 228 119 119 0 1800 1572 1453 0 1453 0 0 0 66202659 146927 0 31654 174367 65362 44095132 1764946 21960081 8387890286 8387890286 0 4936085590 0 70.948718 816 816 1087728 816000 1067 800 120 160000 250000 119 158627 128270 12 16000 25000 12 16000 25000 9249
1791391757046239 10 0 0 10 10 10 0 0 0 0 0 0 227 119 119 0 1800 1573 1454 0 1454 0 0 0 66215742 147040 0 31669 174522 65380 44127218 1765080 21968254 8393292283 8393292283 0 4937590961 0 70.956243 798 798 1063734 798000 173 740 120 160000 250000 119 158627 128277 12 16000 25000 12 16000 25000 9255
1791391757088242 10 0 0 10 10 10 0 0 0 0 0 0 226 119 119 0 1800 1574 1455 0 1455 0 0 0 66228796 147146 0 31686 174689 65400 44155721 1765210 21976476 8399874629 8399874629 0 4939088126 0 70.963686 806 806 1074398 806000 851 752 120 160000 250000 119 158627 128285 12 16000 25000 12 16000 25000 9264
1791391757168936 10 0 0 10 10 10 0 0 0 0 0 0 225 119 119 0 1800 1575 1456 0 1456 0 0 0 66246794 147253 0 31705 174829 65424 44217992 1765342 21988042 8404378079 8404378079 0 4940585373 0 70.965841 795 795 1059735 795000 996 777 120 160000 250000 119 158627 128288 12 16000 25000 12 16000 25000 9266
1791391757197974 10 0 0 10 10 10 0 0 0 0 0 0 224 119 119 0 1800 1576 1457 0 1457 0 0 0 66259743 147370 0 31731 174986 65443 44233637 1765474 21995972 8409956195 8409956195 0 4942087086 0 70.973444 776 776 1034408 776000 385 740 120 160000 250000 119 158627 128306 12 16000 25000 12 16000 25000 9282
1791391757202406 10 0 0 10 10 10 0 0 0 0 0 0 223 119 119 0 1800 1577 1458 0 1458 0 0 0 66263848 147450 0 31744 175069 65451 44233644 1765604 21998173 8416679445 8416679445 0 4943606312 0 70.990788 756 756 1007748 756000 999 766 120 160000 250000 119 158627 128316 12 16000 25000 12 16000 25000 9291
1791391757202589 10 0 0 10 10 10 0 0 0 0 0 0 223 118 118 0 1800 1577 1459 0 1459 0 0 0 66263848 147524 0 31758 175092 65459 44233646 1765661 21998173 8422307413 8422307413 0 4943606312 0 70.990709 747 747 995751 747000 634 754 120 160000 250000 118 157294 127311 12 16000 25000 12 16000 25000 9289
1791391757215391 10 0 0 10 10 10 0 0 0 0 0 0 221 119 119 0 1800 1579 1460 0 1460 0 0 0 66276345 147620 0 31773 175218 65474 44233661 1765696 22003911 8428989496 8428989496 0 4946607180 0 71.020335 747 747 995751 747000 1897 867 120 160000 250000 119 158627 128323 12 16000 25000 12 16000 25000 9299
1791391757269525 10 0 0 10 10 10 0 0 0 0 0 0 220 119 119 0 1800 1580 1461 0 1461 0 0 0 66288686 147730 0 31800 175334 65494 44275080 1765803 22011698 8436619496 8436619496 0 4948105558 0 71.028533 743 743 990419 743000 778 859 120 160000 250000 119 158627 128331 12 16000 25000 12 16000 25000 9307
1791391757289314 10 0 0 10 10 10 0 0 0 0 0 0 219 119 119 0 1800 1581 1462 0 1462 0 0 0 66301181 147827 0 31814 175458 65516 44281987 1765924 22019541 8443265624 8443265624 0 4949614119 0 71.036724 750 750 999750 750000 1176 891 120 160000 250000 119 158627 128340 12 16000 25000 12 16000 25000 9315
1791391757446312 10 0 0 10 10 10 0 0 0 0 0 0 218 119 119 0 1800 1582 1463 0 1463 0 0 0 66313733 147924 0 31830 175568 65536 44426066 1766043 22027328 8448601703 8448601703 0 4951146093 0 71.045187 736 736 981088 736000 1217 924 120 160000 250000 119 158627 128346 12 16000 25000 12 16000 25000 9322
1791391757465433 10 0 0 10 10 10 0 0 0 0 0 0 217 119 119 0 1800 1583 1464 0 1464 0 0 0 66325934 148024 0 31845 175681 65557 44432591 1766164 22035089 8455127161 8455127161 0 4952652762 0 71.053656 733 733 977089 733000 901 922 120 160000 250000 119 158627 128354 12 16000 25000 12 16000 25000 9330
1791391757500278 10 0 0 10 10 10 0 0 0 0 0 0 216 119 119 0 1800 1584 1465 0 1465 0 0 0 66338162 148122 0 31860 175808 65575 44454812 1766291 22042832 8460466516 8460466516 0 4954159648 0 71.062098 728 728 970424 728000 436 875 120 160000 250000 119 158627 128361 12 16000 25000 12 16000 25000 9336
1791391757783330 10 0 0 10 10 10 0 0 0 0 0 0 215 119 119 0 1800 1585 1466 0 1466 0 0 0 66350461 148221 0 31875 175937 65593 44725179 1766410 22050570 8473434550 8473434550 0 4955651383 0 71.070242 725 725 966425 725000 904 879 120 160000 250000 119 158627 128369 12 16000 25000 12 16000 25000 9345
1791391757855508 10 0 0 10 10 10 0 0 0 0 0 0 214 119 119 0 1800 1586 1467 0 1467 0 0 0 66363323 148321 0 31889 176058 65610 44784104 1766541 22058277 8480102339 8480102339 0 4957157030 0 71.077981 758 758 1010414 758000 2262 1015 120 160000 250000 119 158627 128378 12 16000 25000 12 16000 25000 9353
1791391757992279 10 0 0 10 10 10 0 0 0 0 0 0 213 119 119 0 1800 1587 1468 0 1468 0 0 0 66375351 148430 0 31914 176170 65629 44908457 1766667 22065895 8486692911 8486692911 0 4958659490 0 71.086552 763 763 1017079 763000 1100 1024 120 160000 250000 119 158627 128385 12 16000 25000 12 16000 25000 9361
1791391758177912 10 0 0 10 10 10 0 0 0 0 0 0 212 119 119 0 1800 1588 1469 0 1469 0 0 0 66387771 148548 0 31935 176344 65648 45081214 1766788 22073685 8499753671 8499753671 0 4960150710 0 71.094530 777 777 1035741 777000 989 1022 120 160000 250000 119 158627 128394 12 16000 25000 12 16000 25000 9369
1791391758217003 10 0 0 10 10 10 0 0 0 0 0 0 211 119 119 0 1800 1589 1470 0 1470 0 0 0 66400650 148651 0 31955 176460 65665 45107032 1766923 22081477 8506508226 8506508226 0 4961647660 0 71.102113 796 796 1061068 796000 2049 1123 120 160000 250000 119 158627 128402 12 16000 25000 12 16000 25000 9378
1791391758235048 10 0 0 10 10 10 0 0 0 0 0 0 210 119 119 0 1800 1590 1471 0 1471 0 0 0 66414372 148750 0 31970 176569 65686 45110974 1767057 22089102 8510957253 8510957253 0 4963152805 0 71.108915 799 799 1065067 799000 1029 1115 120 160000 250000 119 158627 128408 12 16000 25000 12 16000 25000 9384
1791391758274513 10 0 0 10 10 10 0 0 0 0 0 0 209 119 119 0 1800 1591 1472 0 1472 0 0 0 66427421 148849 0 31985 176697 65704 45136958 1767219 22096712 8516352242 8516352242 0 4964670743 0 71.116615 812 812 1082396 812000 931 1098 120 160000 250000 119 158627 128414 12 16000 25000 12 16000 25000 9391
1791391758338994 10 0 0 10 10 10 0 0 0 0 0 0 208 119 118 1 1800 1592 1473 0 1473 0 0 0 66491567 148931 0 32000 176794 65712 45136965 1767341 22098900 8525496446 8524212272 0 4966179833 0 71.069669 817 817 1089061 817000 742 1065 120 160000 250000 119 158627 128423 12 16000 25000 12 16000 25000 9399
1791391758339160 10 0 0 10 10 10 0 0 0 0 0 0 208 118 118 0 1800 1592 1474 0 1474 0 0 0 66491567 149005 0 32016 176800 65719 45136968 1767399 22098900 8525496446 8525496446 0 4966179833 0 71.069590 789 789 1051737 789000 410 1002 120 160000 250000 118 157294 127418 12 16000 25000 12 16000 25000 9397
1791391758433473 10 0 0 10 10 10 0 0 0 0 0 0 206 119 119 0 1800 1594 1475 0 1475 0 0 0 66505714 149113 0 32032 176952 65736 45216766 1767468 22106459 8532044162 8532044162 0 4969175084 0 71.097246 689 689 918437 689000 24 908 120 160000 250000 119 158627 128430 12 16000 25000 12 16000 25000 9407
1791391758443945 10 0 0 10 10 10 0 0 0 0 0 0 205 119 119 0 1800 1595 1476 0 1476 0 0 0 66515776 149209 0 32047 177066 65752 45216781 1767616 22111800 8538809704 8538809704 0 4970676106 0 71.107886 689 689 918437 689000 1019 920 120 160000 250000 119 158627 128438 12 16000 25000 12 16000 25000 9415
1791391758454270 10 0 0 10 10 10 0 0 0 0 0 0 204 119 119 0 1800 1596 1477 0 1477 0 0 0 66525716 149304 0 32062 177176 65766 45216797 1767742 22117138 8551601066 8551601066 0 4972234008 0 71.119467 683 683 910439 683000 656 895 120 160000 250000 119 158627 128445 12 16000 25000 12 16000 25000 9423
1791391758459135 10 0 0 10 10 10 0 0 0 0 0 0 203 119 119 0 1800 1597 1478 0 1478 0 0 0 66530259 149394 0 32076 177249 65774 45216805 1767865 22119340 8560295362 8560295362 0 4973739362 0 71.136055 701 701 934433 701000 2315 1034 120 160000 250000 119 158627 128454 12 16000 25000 12 16000 25000 9431
1791391758469425 10 0 0 10 10 10 0 0 0 0 0 0 202 119 118 1 1800 1598 1479 0 1479 0 0 0 66539997 149493 0 32093 177599 65788 45216820 1767919 22124647 8567025589 8561543671 0 4975238069 0 71.146994 691 691 921103 691000 1534 1083 120 160000 250000 119 158627 128465 12 16000 25000 12 16000 25000 9440
1791391758469672 10 0 0 10 10 10 0 0 0 0 0 0 202 118 118 0 1800 1598 1480 0 1480 0 0 0 66539997 149572 0 32110 177599 65795 45216825 1768057 22124647 8567025589 8567025589 0 4975238069 0 71.146910 677 677 902441 677000 228 1001 120 160000 250000 118 157294 127460 12 16000 25000 12 16000 25000 9439
1791391758533892 10 0 0 10 10 10 0 0 0 0 0 0 200 119 119 0 1800 1600 1481 0 1481 0 0 0 66553496 149673 0 32126 177749 65813 45267217 1768099 22132037 8573744877 8573744877 0 4978240567 0 71.175332 691 691 921103 691000 1290 1030 120 160000 250000 119 158627 128471 12 16000 25000 12 16000 25000 9448
1791391758633626 10 0 0 10 10 10 0 0 0 0 0 0 199 119 119 0 1800 1601 1482 0 1482 0 0 0 66572611 149786 0 32141 177916 65834 45347390 1768222 22144437 8580424901 8580424901 0 4979740630 0 71.176261 715 715 953095 715000 1233 1051 120 160000 250000 119 158627 128479 12 16000 25000 12 16000 25000 9457
1791391758721810 10 0 0 10 10 10 0 0 0 0 0 0 198 119 119 0 1800 1602 1483 0 1483 0 0 0 66592065 149888 0 32155 178089 65854 45415682 1768345 22156831 8582974848 8582974848 0 4981249981 0 71.176973 724 724 965092 724000 994 1047 120 160000 250000 119 158627 128482 12 16000 25000 12 16000 25000 9460
1791391758827837 10 0 0 10 10 10 0 0 0 0 0 0 197 119 119 0 1800 1603 1484 0 1484 0 0 0 66604407 149988 0 32170 178210 65886 45508964 1768474 22164158 8587449405 8587449405 0 4982753787 0 71.185190 736 736 981088 736000 468 992 120 160000 250000 119 158627 128489 12 16000 25000 12 16000 25000 9466
1791391758929609 10 0 0 10 10 10 0 0 0 0 0 0 196 119 119 0 1800 1604 1485 0 1485 0 0 0 66616449 150101 0 32186 178329 65900 45598268 1768629 22171431 8593062053 8593062053 0 4984258438 0 71.193723 737 737 982421 737000 879 982 120 160000 250000 119 158627 128497 12 16000 25000 12 16000 25000 9474
1791391758933792 10 0 0 10 10 10 0 0 0 0 0 0 195 119 119 0 1800 1605 1486 0 1486 0 0 0 66620324 150180 0 32200 178398 65907 45598275 1768754 22173585 8598506069 8598506069 0 4985756857 0 71.210909 727 727 969091 727000 1051 990 120 160000 250000 119 158627 128505 12 16000 25000 12 16000 25000 9482
1791391758949886 10 0 0 10 10 10 0 0 0 0 0 0 194 119 119 0 1800 1606 1487 0 1487 0 0 0 66632101 150281 0 32216 178523 65923 45602277 1768806 22180829 8605207773 8605207773 0 4987259667 0 71.219704 743 743 990419 743000 1789 1068 120 160000 250000 119 158627 128513 12 16000 25000 12 16000 25000 9491
1791391758999634 10 0 0 10 10 10 0 0 0 0 0 0 193 119 119 0 1800 1607 1488 0 1488 0 0 0 66650886 150385 0 32232 178664 65942 45632837 1768920 22192973 8611979661 8611979661 0 4988752946 0 71.220884 743 743 990419 743000 1007 1063 120 160000 250000 119 158627 128522 12 16000 25000 12 16000 25000 9499
1791391759057076 10 0 0 10 10 10 0 0 0 0 0 0 192 119 119 0 1800 1608 1489 0 1489 0 0 0 66674770 150494 0 32253 178824 65966 45665884 1769095 22207884 8614989643 8614989643 0 4989970795 0 71.212693 737 737 982421 737000 1149 1077 120 160000 250000 119 158627 128523 12 16000 25000 12 16000 25000 9500
1791391759066966 10 0 0 10 10 10 0 0 0 0 0 0 191 119 119 0 1800 1609 1490 0 1490 0 0 0 66684263 150594 0 32268 178938 65981 45665904 1769220 22212916 8621623971 8621623971 0 4991472581 0 71.223900 721 721 961093 721000 260 999 120 160000 250000 119 158627 128531 12 16000 25000 12 16000 25000 9509
1791391759200141 10 0 0 10 10 10 0 0 0 0 0 0 190 119 119 0 1800 1610 1491 0 1491 0 0 0 66703113 150703 0 32283 179084 66003 45779806 1769343 22224924 8627123077 8627123077 0 4992966003 0 71.225006 737 737 982421 737000 1056 1005 120 160000 250000 119 158627 128539 12 16000 25000 12 16000 25000 9517
1791391759253939 10 0 0 10 10 10 0 0 0 0 0 0 189 119 119 0 1800 1611 1492 0 1492 0 0 0 66715705 150804 0 32298 179206 66018 45820626 1769468 22232045 8629391213 8629391213 0 4994470731 0 71.232947 746 746 994418 746000 1108 1016 120 160000 250000 119 158627 128541 12 16000 25000 12 16000 25000 9519
1791391759271396 10 0 0 10 10 10 0 0 0 0 0 0 188 119 119 0 1800 1612 1493 0 1493 0 0 0 66728674 150914 0 32314 179318 66032 45824730 1769595 22239168 8633945754 8633945754 0 4995973373 0 71.240443 731 731 974423 731000 361 953 120 160000 250000 119 158627 128547 12 16000 25000 12 16000 25000 9526
1791391759312459 10 0 0 10 10 10 0 0 0 0 0 0 187 119 119 0 1800 1613 1494 0 1494 0 0 0 66740248 151014 0 32330 179451 66048 45853799 1769746 22246221 8639442299 8639442299 0 4997463818 0 71.249260 729 729 971757 729000 960 955 120 160000 250000 119 158627 128556 12 16000 25000 12 16000 25000 9534
1791391759331788 10 0 0 10 10 10 0 0 0 0 0 0 186 119 119 0 1800 1614 1495 0 1495 0 0 0 66754586 151124 0 32345 179556 66063 45858415 1769868 22253270 8646076400 8646076400 0 4999001574 0 71.255793 740 740 986420 740000 1106 971 120 160000 250000 119 158627 128564 12 16000 25000 12 16000 25000 9542
1791391759343581 10 0 0 10 10 10 0 0 0 0 0 0 185 119 119 0 1800 1615 1496 0 1496 0 0 0 66765989 151221 0 32361 179666 66081 45858437 1769992 22260261 8651761520 8651761520 0 5000498796 0 71.264885 749 749 998417 749000 830 958 120 160000 250000 119 158627 128570 12 16000 25000 12 16000 25000 9549
1791391759357701 10 0 0 10 10 10 0 0 0 0 0 0 184 119 119 0 1800 1616 1497 0 1497 0 0 0 66777323 151316 0 32376 179789 66096 45860849 1770114 22267242 8657507283 8657507283 0 5001715717 0 71.270056 744 744 991752 744000 777 941 120 160000 250000 119 158627 128577 12 16000 25000 12 16000 25000 9556
1791391759367197 10 0 0 10 10 10 0 0 0 0 0 0 183 119 119 0 1800 1617 1498 0 1498 0 0 0 66786422 151413 0 32391 179910 66112 45860864 1770240 22272117 8662911362 8662911362 0 5003218912 0 71.281681 743 743 990419 743000 1063 954 120 160000 250000 119 158627 128585 12 16000 25000 12 16000 25000 9564
1791391759435664 10 0 0 10 10 10 0 0 0 0 0 0 182 119 119 0 1800 1618 1499 0 1499 0 0 0 66797935 151511 0 32406 180023 66129 45917448 1770360 22279063 8663408103 8663408103 0 5004715516 0 71.290637 774 774 1031742 774000 1051 964 120 160000 250000 119 158627 128585 12 16000 25000 12 16000 25000 9564
1791391759519907 10 0 0 10 10 10 0 0 0 0 0 0 181 119 119 0 1800 1619 1500 0 1500 0 0 0 66810009 151653 0 32423 180171 66151 45989111 1770526 22286370 8665955684 8665955684 0 5006206069 0 71.298860 766 766 1021078 766000 101 880 120 160000 250000 119 158627 128588 12 16000 25000 12 16000 25000 9567
1791391759529697 10 0 0 10 10 10 0 0 0 0 0 0 180 119 118 1 1800 1620 1501 0 1501 0 0 0 66819202 151755 0 32437 180342 66165 45989136 1770789 22291181 8678408248 8671695244 0 5007719246 0 71.310512 754 754 1005082 754000 355 830 120 160000 250000 119 158627 128606 12 16000 25000 12 16000 25000 9584
1791391759529924 10 0 0 10 10 10 0 0 0 0 0 0 180 118 118 0 1800 1620 1502 0 1502 0 0 0 66819202 151833 0 32453 180342 66173 45989140 1770908 22291181 8678408248 8678408248 0 5007719246 0 71.310429 749 749 998417 749000 781 826 120 160000 250000 118 157294 127601 12 16000 25000 12 16000 25000 9582
1791391759560407 10 0 0 10 10 10 0 0 0 0 0 0 178 119 119 0 1800 1622 1503 0 1503 0 0 0 66832392 151932 0 32469 180495 66190 46006113 1770943 22298116 8689008326 8689008326 0 5010440383 0 71.335023 759 759 1011747 759000 693 814 120 160000 250000 119 158627 128611 12 16000 25000 12 16000 25000 9590
1791391759594527 10 0 0 10 10 10 0 0 0 0 0 0 177 119 119 0 1800 1623 1504 0 1504 0 0 0 66844792 152040 0 32485 180604 66206 46027456 1771064 22305000 8691548891 8691548891 0 5011942588 0 71.343089 773 773 1030409 773000 1849 916 120 160000 250000 119 158627 128615 12 16000 25000 12 16000 25000 9593
1791391759603768 10 0 0 10 10 10 0 0 0 0 0 0 176 119 119 0 1800 1624 1505 0 1505 0 0 0 66853644 152140 0 32500 180715 66219 46027477 1771184 22309699 8698335353 8698335353 0 5013468922 0 71.355281 761 761 1014413 761000 342 861 120 160000 250000 119 158627 128623 12 16000 25000 12 16000 25000 9601
1791391759751842 10 0 0 10 10 10 0 0 0 0 0 0 175 119 119 0 1800 1625 1506 0 1506 0 0 0 66871989 152245 0 32516 180862 66240 46156795 1771301 22321057 8705084385 8705084385 0 5014945745 0 71.356652 773 773 1030409 773000 794 855 120 160000 250000 119 158627 128631 12 16000 25000 12 16000 25000 9610
1791391759756287 10 0 0 10 10 10 0 0 0 0 0 0 174 119 119 0 1800 1626 1507 0 1507 0 0 0 66876123 152326 0 32530 180932 66248 46156802 1771427 22323215 8707745068 8707745068 0 5016449452 0 71.373560 775 775 1033075 775000 1037 874 120 160000 250000 119 158627 128634 12 16000 25000 12 16000 25000 9613
1791391759760461 10 0 0 10 10 10 0 0 0 0 0 0 173 119 119 0 1800 1627 1508 0 1508 0 0 0 66880051 152408 0 32544 181005 66256 46156810 1771485 22325380 8713334533 8713334533 0 5017952295 0 71.390671 771 771 1027743 771000 375 827 120 160000 250000 119 158627 128640 12 16000 25000 12 16000 25000 9621
1791391759827416 10 0 0 10 10 10 0 0 0 0 0 0 172 119 119 0 1800 1628 1509 0 1509 0 0 0 66891667 152508 0 32559 181155 66270 46211824 1771526 22332185 8717806965 8717806965 0 5019455014 0 71.399571 767 767 1022411 767000 1092 854 120 160000 250000 119 158627 128649 12 16000 25000 12 16000 25000 9628
1791391759894113 10 0 0 10 10 10 0 0 0 0 0 0 171 119 119 0 1800 1629 1510 0 1510 0 0 0 66903813 152626 0 32575 181274 66288 46265984 1771642 22338934 8728958845 8728958845 0 5020954201 0 71.407834 769 769 1025077 769000 937 863 120 160000 250000 119 158627 128656 12 16000 25000 12 16000 25000 9636
1791391760004139 10 0 0 10 10 10 0 0 0 0 0 0 170 119 119 0 1800 1630 1511 0 1511 0 0 0 66915799 152728 0 32590 181387 66305 46363642 1771763 22345660 8734591747 8734591747 0 5022448847 0 71.416217 779 779 1038407 779000 1890 964 120 160000 250000 119 158627 128665 12 16000 25000 12 16000 25000 9644
1791391760028289 10 0 0 10 10 10 0 0 0 0 0 0 169 119 119 0 1800 1631 1512 0 1512 0 0 0 66939651 152807 0 32604 181451 66314 46363648 1771885 22347817 8735325501 8735325501 0 5023953346 0 71.412129 777 777 1035741 777000 1124 980 120 160000 250000 119 158627 128666 12 16000 25000 12 16000 25000 9644
1791391760055556 10 0 0 10 10 10 0 0 0 0 0 0 168 119 119 0 1800 1632 1513 0 1513 0 0 0 66960823 152906 0 32621 181580 66330 46369399 1771965 22354505 8742016058 8742016058 0 5025449626 0 71.410758 732 732 975756 732000 33 888 120 160000 250000 119 158627 128674 12 16000 25000 12 16000 25000 9653
1791391760179535 10 0 0 10 10 10 0 0 0 0 0 0 167 119 118 1 1800 1633 1514 0 1514 0 0 0 67084447 152990 0 32635 181677 66338 46369406 1772105 22356661 8754279226 8748751558 0 5026941501 0 71.300532 747 747 995751 747000 898 890 120 160000 250000 119 158627 128691 12 16000 25000 12 16000 25000 9669
1791391760179688 10 0 0 10 10 10 0 0 0 0 0 0 167 118 118 0 1800 1633 1515 0 1515 0 0 0 67084447 153065 0 32651 181677 66345 46369409 1772156 22356661 8754279226 8754279226 0 5026941501 0 71.300452 579 579 771807 579000 57 810 120 160000 250000 118 157294 127688 12 16000 25000 12 16000 25000 9668
1791391760185584 10 0 0 10 10 10 0 0 0 0 0 0 165 119 119 0 1800 1635 1516 0 1516 0 0 0 67090129 153144 0 32664 181748 66353 46369415 1772190 22358822 8767598982 8767598982 0 5029928772 0 71.336710 518 518 690494 518000 111 743 120 160000 250000 119 158627 128696 12 16000 25000 12 16000 25000 9677
1791391760268214 10 0 0 10 10 10 0 0 0 0 0 0 164 119 119 0 1800 1636 1517 0 1517 0 0 0 67172523 153222 0 32678 181829 66361 46369422 1772235 22360995 8774419335 8774419335 0 5031147355 0 71.266586 528 528 703824 528000 1605 828 120 160000 250000 119 158627 128706 12 16000 25000 12 16000 25000 9685
1791391760331250 10 0 0 10 10 10 0 0 0 0 0 0 163 119 119 0 1800 1637 1518 0 1518 0 0 0 67235337 153301 0 32692 181893 66369 46369428 1772279 22363172 8779341405 8779341405 0 5032654468 0 71.221402 482 482 642506 482000 115 760 120 160000 250000 119 158627 128709 12 16000 25000 12 16000 25000 9688
1791391760378426 10 0 0 10 10 10 0 0 0 0 0 0 162 119 119 0 1800 1638 1519 0 1519 0 0 0 67257376 153430 0 32709 182048 66392 46394196 1772322 22370103 8785971226 8785971226 0 5034157942 0 71.219251 455 455 606515 455000 205 707 120 160000 250000 119 158627 128717 12 16000 25000 12 16000 25000 9696
1791391760462714 10 0 0 10 10 10 0 0 0 0 0 0 161 119 118 1 1800 1639 1520 0 1520 0 0 0 67341264 153526 0 32723 182159 66401 46394204 1772476 22372394 8798506757 8793010637 0 5035651459 0 71.151736 454 454 605182 454000 980 734 120 160000 250000 119 158627 128735 12 16000 25000 12 16000 25000 9713
1791391760462897 10 0 0 10 10 10 0 0 0 0 0 0 161 118 118 0 1800 1639 1521 0 1521 0 0 0 67341264 153604 0 32740 182159 66408 46394208 1772551 22372394 8798506757 8798506757 0 5035651459 0 71.151654 445 445 593185 445000 306 693 120 160000 250000 118 157294 127730 12 16000 25000 12 16000 25000 9711
1791391760492894 10 0 0 10 10 10 0 0 0 0 0 0 159 119 119 0 1800 1641 1522 0 1522 0 0 0 67363392 153730 0 32756 182349 66434 46401678 1772588 22383657 8805098399 8805098399 0 5038640938 0 71.170428 445 445 593185 445000 668 691 120 160000 250000 119 158627 128741 12 16000 25000 12 16000 25000 9721
1791391760506443 10 0 0 10 10 10 0 0 0 0 0 0 158 119 119 0 1800 1642 1523 0 1523 0 0 0 67375890 153837 0 32772 182486 66451 46402293 1772739 22390325 8817809592 8817809592 0 5040151734 0 71.178479 451 451 601183 451000 952 718 120 160000 250000 119 158627 128749 12 16000 25000 12 16000 25000 9729
1791391760511714 10 0 0 10 10 10 0 0 0 0 0 0 157 119 119 0 1800 1643 1524 0 1524 0 0 0 67380831 153919 0 32785 182556 66459 46402299 1772883 22392508 8818949637 8818949637 0 5041368070 0 71.190361 509 509 678497 509000 2088 853 120 160000 250000 119 158627 128750 12 16000 25000 12 16000 25000 9730
1791391760521255 10 0 0 10 10 10 0 0 0 0 0 0 156 119 119 0 1800 1644 1525 0 1525 0 0 0 67389935 154018 0 32801 182679 66474 46402322 1773038 22396886 8824426080 8824426080 0 5042868343 0 71.201844 502 502 669166 502000 270 797 120 160000 250000 119 158627 128758 12 16000 25000 12 16000 25000 9737
1791391760542190 10 0 0 10 10 10 0 0 0 0 0 0 155 119 119 0 1800 1645 1526 0 1526 0 0 0 67407680 154130 0 32822 182835 66501 46405042 1773190 22407810 8831908674 8831908674 0 5044381809 0 71.204389 503 503 670499 503000 829 801 120 160000 250000 119 158627 128766 12 16000 25000 12 16000 25000 9745
1791391760546859 10 0 0 10 10 10 0 0 0 0 0 0 154 119 119 0 1800 1646 1527 0 1527 0 0 0 67412027 154212 0 32835 182911 66510 46405050 1773317 22410310 8834594571 8834594571 0 5045880614 0 71.220876 493 493 657169 493000 1286 849 120 160000 250000 119 158627 128769 12 16000 25000 12 16000 25000 9748
1791391760563038 10 0 0 10 10 10 0 0 0 0 0 0 153 119 119 0 1800 1647 1528 0 1528 0 0 0 67427331 154320 0 32855 183048 66529 46405552 1773404 22418638 8835813699 8835813699 0 5047380989 0 71.225807 483 483 643839 483000 516 818 120 160000 250000 119 158627 128770 12 16000 25000 12 16000 25000 9749
1791391760598010 10 0 0 10 10 10 0 0 0 0 0 0 152 119 119 0 1800 1648 1529 0 1529 0 0 0 67461947 154412 0 32870 183120 66538 46405562 1773556 22421849 8841197341 8841197341 0 5048890302 0 71.210534 477 477 635841 477000 103 749 120 160000 250000 119 158627 128776 12 16000 25000 12 16000 25000 9755
1791391760703460 10 0 0 10 10 10 0 0 0 0 0 0 151 119 119 0 1800 1649 1530 0 1530 0 0 0 67475014 154515 0 32886 183266 66554 46497569 1773646 22429718 8854228185 8854228185 0 5050395129 0 71.217887 465 465 619845 465000 271 704 120 160000 250000 119 158627 128784 12 16000 25000 12 16000 25000 9763
1791391760917710 10 0 0 10 10 10 0 0 0 0 0 0 150 119 119 0 1800 1650 1531 0 1531 0 0 0 67488487 154616 0 32901 183393 66571 46697958 1773767 22437889 8867555507 8867555507 0 5051901056 0 71.224827 473 473 630509 473000 1561 788 120 160000 250000 119 158627 128793 12 16000 25000 12 16000 25000 9771
1791391761004281 10 0 0 10 10 10 0 0 0 0 0 0 149 119 119 0 1800 1651 1532 0 1532 0 0 0 67502017 154718 0 32917 183517 66589 46770598 1773890 22446034 8872839631 8872839631 0 5053403512 0 71.231654 482 482 642506 482000 1485 857 120 160000 250000 119 158627 128799 12 16000 25000 12 16000 25000 9778
1791391761051685 10 0 0 10 10 10 0 0 0 0 0 0 148 119 118 1 1800 1652 1533 0 1533 0 0 0 67549042 154810 0 32936 183637 66598 46770610 1774015 22450130 8885045750 8879437311 0 5054901941 0 71.203189 484 484 645172 484000 608 834 120 160000 250000 119 158627 128817 12 16000 25000 12 16000 25000 9794
1791391761051893 10 0 0 10 10 10 0 0 0 0 0 0 148 118 118 0 1800 1652 1534 0 1534 0 0 0 67549042 154886 0 32953 183637 66605 46770613 1774119 22450130 8885045750 8885045750 0 5054901941 0 71.203109 469 469 625177 469000 223 775 120 160000 250000 118 157294 127812 12 16000 25000 12 16000 25000 9793
1791391761082867 10 0 0 10 10 10 0 0 0 0 0 0 146 119 118 1 1800 1654 1535 0 1535 0 0 0 67579711 154987 0 32970 183765 66613 46770626 1774155 22454252 8892663203 8885921492 0 5057912288 0 71.213148 449 449 598517 449000 175 717 120 160000 250000 118 157294 128824 12 16000 25000 12 16000 25000 9803
1791391761083125 10 0 0 10 10 10 0 0 0 0 0 0 146 118 118 0 1800 1654 1536 0 1536 0 0 0 67579711 155079 0 32992 183765 66620 46770629 1774292 22454252 8892663203 8892663203 0 5057912288 0 71.213051 360 360 479880 360000 6 649 120 160000 250000 118 157294 127822 12 16000 25000 12 16000 25000 9802
1791391761122554 10 0 0 10 10 10 0 0 0 0 0 0 144 119 119 0 1800 1656 1537 0 1537 0 0 0 67600864 155188 0 33013 183927 66641 46788546 1774339 22466204 8899305068 8899305068 0 5060914280 0 71.232957 354 354 471882 354000 303 616 120 160000 250000 119 158627 128834 12 16000 25000 12 16000 25000 9811
1791391761161645 10 0 0 10 10 10 0 0 0 0 0 0 143 119 119 0 1800 1657 1538 0 1538 0 0 0 67614395 155305 0 33033 184037 66657 46813718 1774462 22474112 8904734199 8904734199 0 5062405420 0 71.239596 352 352 469216 352000 749 630 120 160000 250000 119 158627 128843 12 16000 25000 12 16000 25000 9819
1791391761169230 10 0 0 10 10 10 0 0 0 0 0 0 142 119 119 0 1800 1658 1539 0 1539 0 0 0 67621630 155392 0 33047 184132 66667 46813730 1774589 22478102 8909201348 8909201348 0 5063899904 0 71.252928 356 356 474548 356000 528 621 120 160000 250000 119 158627 128849 12 16000 25000 12 16000 25000 9826
1791391761246818 10 0 0 10 10 10 0 0 0 0 0 0 141 119 117 2 1800 1659 1540 0 1540 0 0 0 67698794 155488 0 33064 184288 66677 46813743 1774718 22482061 8927633626 8915775966 0 5065404782 0 71.192949 352 352 469216 352000 473 607 120 160000 250000 119 158627 128874 12 16000 25000 12 16000 25000 9847
1791391761247024 10 0 0 10 10 10 0 0 0 0 0 0 141 118 117 1 1800 1659 1541 0 1541 0 0 0 67698794 155563 0 33081 184288 66685 46813746 1774819 22482061 8927633626 8922335313 0 5065404782 0 71.192870 330 330 439890 330000 106 559 120 160000 250000 118 157294 127869 12 16000 25000 12 16000 25000 9846
1791391761247162 10 0 0 10 10 10 0 0 0 0 0 0 141 117 117 0 1800 1659 1542 0 1542 0 0 0 67698794 155636 0 33097 184288 66692 46813748 1774857 22482061 8927633626 8927633626 0 5065404782 0 71.192794 308 308 410564 308000 81 514 120 160000 250000 117 155961 126864 12 16000 25000 12 16000 25000 9845
1791391761430391 10 0 0 10 10 10 0 0 0 0 0 0 138 119 119 0 1800 1662 1543 0 1543 0 0 0 67736551 155755 0 33116 184427 66708 46958888 1774890 22489823 8933233479 8933233479 0 5069893282 0 71.216126 288 288 383904 288000 72 471 120 160000 250000 119 158627 128878 12 16000 25000 12 16000 25000 9856
1791391761489818 10 0 0 10 10 10 0 0 0 0 0 0 137 119 119 0 1800 1663 1544 0 1544 0 0 0 67750725 155856 0 33132 184555 66725 47003745 1775016 22497476 8938744616 8938744616 0 5071392340 0 71.222208 287 287 382571 287000 737 498 120 160000 250000 119 158627 128886 12 16000 25000 12 16000 25000 9864
1791391761615411 10 0 0 10 10 10 0 0 0 0 0 0 136 119 119 0 1800 1664 1545 0 1545 0 0 0 67764217 155963 0 33154 184665 66742 47115462 1775141 22505103 8944352549 8944352549 0 5072612211 0 71.225076 286 286 381238 286000 656 514 120 160000 250000 119 158627 128893 12 16000 25000 12 16000 25000 9870
1791391761710408 10 0 0 10 10 10 0 0 0 0 0 0 135 119 119 0 1800 1665 1546 0 1546 0 0 0 67777446 156067 0 33170 184789 66761 47196805 1775285 22512707 8955828787 8955828787 0 5074120618 0 71.232273 285 285 379905 285000 525 516 120 160000 250000 119 158627 128900 12 16000 25000 12 16000 25000 9878
1791391761734778 10 0 0 10 10 10 0 0 0 0 0 0 134 119 119 0 1800 1666 1547 0 1547 0 0 0 67791666 156180 0 33185 184912 66778 47206553 1775412 22520255 8958485791 8958485791 0 5075642677 0 71.238609 290 290 386570 290000 1227 586 120 160000 250000 119 158627 128903 12 16000 25000 12 16000 25000 9881
1791391761796121 10 0 0 10 10 10 0 0 0 0 0 0 133 119 119 0 1800 1667 1548 0 1548 0 0 0 67805087 156299 0 33206 185034 66795 47254067 1775538 22527794 8970267858 8970267858 0 5077141169 0 71.245444 286 286 381238 286000 253 555 120 160000 250000 119 158627 128911 12 16000 25000 12 16000 25000 9889
1791391761892387 10 0 0 10 10 10 0 0 0 0 0 0 132 119 119 0 1800 1668 1549 0 1549 0 0 0 67818619 156403 0 33226 185145 66813 47336420 1775662 22535326 8971028027 8971028027 0 5078635630 0 71.252119 295 295 393235 295000 1312 629 120 160000 250000 119 158627 128912 12 16000 25000 12 16000 25000 9889
1791391761900713 10 0 0 10 10 10 0 0 0 0 0 0 131 119 119 0 1800 1669 1550 0 1550 0 0 0 67826548 156498 0 33241 185238 66821 47336434 1775827 22539102 8976671228 8976671228 0 5080128626 0 71.264653 293 293 390569 293000 81 576 120 160000 250000 119 158627 128921 12 16000 25000 12 16000 25000 9898
1791391761915852 10 0 0 10 10 10 0 0 0 0 0 0 130 119 119 0 1800 1670 1551 0 1551 0 0 0 67840144 156600 0 33258 185375 66840 47337553 1775969 22546506 8989498891 8989498891 0 5081654079 0 71.271692 294 294 391902 294000 1421 660 120 160000 250000 119 158627 128928 12 16000 25000 12 16000 25000 9906
1791391761970034 10 0 0 10 10 10 0 0 0 0 0 0 129 119 119 0 1800 1671 1552 0 1552 0 0 0 67854379 156701 0 33274 185506 66859 47377074 1776120 22553908 8991700206 8991700206 0 5083149794 0 71.277642 300 300 399900 300000 1457 738 120 160000 250000 119 158627 128932 12 16000 25000 12 16000 25000 9908
1791391761986855 10 0 0 10 10 10 0 0 0 0 0 0 128 119 119 0 1800 1672 1553 0 1553 0 0 0 67867964 156812 0 33290 185630 66878 47379875 1776280 22561267 9004519330 9004519330 0 5084648366 0 71.284300 291 291 387903 291000 273 693 120 160000 250000 119 158627 128940 12 16000 25000 12 16000 25000 9917
1791391762080358 10 0 0 10 10 10 0 0 0 0 0 0 127 119 119 0 1800 1673 1554 0 1554 0 0 0 67881056 156911 0 33306 185756 66894 47459891 1776403 22568549 9010022820 9010022820 0 5085884705 0 71.287809 301 301 401233 301000 1378 761 120 160000 250000 119 158627 128948 12 16000 25000 12 16000 25000 9925
1791391762148113 10 0 0 10 10 10 0 0 0 0 0 0 126 119 119 0 1800 1674 1555 0 1555 0 0 0 67895161 157020 0 33322 185899 66911 47513125 1776527 22575798 9016620776 9016620776 0 5087382277 0 71.293906 299 299 398567 299000 530 739 120 160000 250000 119 158627 128956 12 16000 25000 12 16000 25000 9933
1791391762252048 10 0 0 10 10 10 0 0 0 0 0 0 125 119 119 0 1800 1675 1556 0 1556 0 0 0 67908302 157123 0 33338 186035 66931 47603513 1776652 22582999 9017246716 9017246716 0 5088599695 0 71.297092 298 298 397234 298000 700 737 120 160000 250000 119 158627 128956 12 16000 25000 12 16000 25000 9933
1791391762344121 10 0 0 10 10 10 0 0 0 0 0 0 124 119 119 0 1800 1676 1557 0 1557 0 0 0 67921382 157228 0 33354 186160 66949 47682067 1776819 22590194 9029594457 9029594457 0 5090102346 0 71.304333 295 295 393235 295000 61 672 120 160000 250000 119 158627 128965 12 16000 25000 12 16000 25000 9941
1791391762384556 10 0 0 10 10 10 0 0 0 0 0 0 123 119 119 0 1800 1677 1558 0 1558 0 0 0 67935239 157348 0 33382 186286 66970 47708205 1776971 22597299 9039878191 9039878191 0 5091320757 0 71.306761 300 300 399900 300000 1263 731 120 160000 250000 119 158627 128971 12 16000 25000 12 16000 25000 9947
1791391762398156 10 0 0 10 10 10 0 0 0 0 0 0 122 119 119 0 1800 1678 1559 0 1559 0 0 0 67948413 157461 0 33402 186408 66988 47708234 1777094 22604347 9046613631 9046613631 0 5092883506 0 71.314733 304 304 405232 304000 1143 772 120 160000 250000 119 158627 128979 12 16000 25000 12 16000 25000 9955
1791391762416440 10 0 0 10 10 10 0 0 0 0 0 0 121 119 119 0 1800 1679 1560 0 1560 0 0 0 67961587 157561 0 33417 186534 67006 47712946 1777217 22611374 9051236730 9051236730 0 5094369869 0 71.321645 299 299 398567 299000 630 759 120 160000 250000 119 158627 128982 12 16000 25000 12 16000 25000 9958
1791391762455581 10 0 0 10 10 10 0 0 0 0 0 0 120 119 119 0 1800 1680 1561 0 1561 0 0 0 67976145 157665 0 33435 186701 67025 47737094 1777342 22618336 9052596403 9052596403 0 5095867554 0 71.327260 297 297 395901 297000 475 732 120 160000 250000 119 158627 128982 12 16000 25000 12 16000 25000 9959
1791391762676565 10 0 0 10 10 10 0 0 0 0 0 0 119 119 119 0 1800 1681 1562 0 1562 0 0 0 67989250 157769 0 33451 186843 67044 47944551 1777469 22625126 9058066333 9058066333 0 5097364108 0 71.334378 300 300 399900 300000 108 672 120 160000 250000 119 158627 128991 12 16000 25000 12 16000 25000 9967
1791391762707145 10 0 0 10 10 10 0 0 0 0 0 0 118 119 118 1 1800 1682 1563 0 1563 0 0 0 68002461 157892 0 33468 187017 67063 47961432 1777620 22631874 9070089535 9063495904 0 5098871568 0 71.341515 299 299 398567 299000 653 672 120 160000 250000 119 158627 129007 12 16000 25000 12 16000 25000 9982
1791391762707375 10 0 0 10 10 10 0 0 0 0 0 0 118 118 118 0 1800 1682 1564 0 1564 0 0 0 68002461 157970 0 33486 187017 67070 47961436 1777741 22631874 9070089535 9070089535 0 5098871568 0 71.341434 333 333 443889 333000 700 676 120 160000 250000 118 157294 128002 12 16000 25000 12 16000 25000 9981
1791391762742001 10 0 0 10 10 10 0 0 0 0 0 0 116 119 119 0 1800 1684 1565 0 1565 0 0 0 68017616 158088 0 33502 187173 67089 47980558 1777774 22638604 9074828128 9074828128 0 5101875382 0 71.367470 345 345 459885 345000 345 645 120 160000 250000 119 158627 129011 12 16000 25000 12 16000 25000 9988
1791391762800827 10 0 0 10 10 10 0 0 0 0 0 0 115 119 119 0 1800 1685 1566 0 1566 0 0 0 68031032 158190 0 33517 187322 67114 48025541 1777903 22645235 9080415078 9080415078 0 5103363150 0 71.374130 335 335 446555 335000 438 626 120 160000 250000 119 158627 129019 12 16000 25000 12 16000 25000 9996
1791391762865756 10 0 0 10 10 10 0 0 0 0 0 0 114 119 118 1 1800 1686 1567 0 1567 0 0 0 68044321 158297 0 33536 187504 67133 48076730 1778026 22651769 9098657757 9091923279 0 5104581082 0 71.377141 353 353 470549 353000 668 631 120 160000 250000 119 158627 129037 12 16000 25000 12 16000 25000 10012
1791391762866046 10 0 0 10 10 10 0 0 0 0 0 0 114 118 118 0 1800 1686 1568 0 1568 0 0 0 68044321 158375 0 33553 187504 67159 48076734 1778188 22651769 9098657757 9098657757 0 5104581082 0 71.377059 367 367 489211 367000 1275 695 120 160000 250000 118 157294 128032 12 16000 25000 12 16000 25000 10010
1791391762876063 10 0 0 10 10 10 0 0 0 0 0 0 112 119 119 0 1800 1688 1569 0 1569 0 0 0 68054005 158474 0 33568 187649 67169 48076750 1778230 22655131 9101058167 9101058167 0 5107305584 0 71.404913 366 366 487878 366000 754 701 120 160000 250000 119 158627 129037 12 16000 25000 12 16000 25000 10014
1791391762900536 10 0 0 10 10 10 0 0 0 0 0 0 111 119 118 1 1800 1689 1570 0 1570 0 0 0 68067070 158578 0 33584 187827 67186 48087706 1778353 22661576 9114409042 9107801360 0 5108808215 0 71.412135 366 366 487878 366000 235 656 120 160000 250000 119 158627 129055 12 16000 25000 12 16000 25000 10030
1791391762900817 10 0 0 10 10 10 0 0 0 0 0 0 111 118 118 0 1800 1689 1571 0 1571 0 0 0 68067070 158667 0 33601 187827 67194 48087711 1778513 22661576 9114409042 9114409042 0 5108808215 0 71.412042 366 366 487878 366000 619 654 120 160000 250000 118 157294 128049 12 16000 25000 12 16000 25000 10029
1791391762953755 10 0 0 10 10 10 0 0 0 0 0 0 109 119 119 0 1800 1691 1572 0 1572 0 0 0 68082330 158786 0 33617 187993 67214 48125032 1778546 22667999 9121045267 9121045267 0 5111820509 0 71.438045 367 367 489211 367000 1256 714 120 160000 250000 119 158627 129061 12 16000 25000 12 16000 25000 10039
1791391763007331 10 0 0 10 10 10 0 0 0 0 0 0 108 119 119 0 1800 1692 1573 0 1573 0 0 0 68095436 158891 0 33633 188153 67233 48165067 1778671 22674349 9131540539 9131540539 0 5113330556 0 71.445317 359 359 478547 359000 715 715 120 160000 250000 119 158627 129068 12 16000 25000 12 16000 25000 10045
1791391763110906 10 0 0 10 10 10 0 0 0 0 0 0 107 119 119 0 1800 1693 1574 0 1574 0 0 0 68108432 158994 0 33649 188300 67252 48255233 1778791 22680622 9132243202 9132243202 0 5114558048 0 71.448756 368 368 490544 368000 1224 766 120 160000 250000 119 158627 129068 12 16000 25000 12 16000 25000 10046
1791391763118975 10 0 0 10 10 10 0 0 0 0 0 0 106 119 119 0 1800 1694 1575 0 1575 0 0 0 68116092 159089 0 33663 188397 67262 48255249 1778961 22683777 9138839540 9138839540 0 5116055840 0 71.461562 361 361 481213 361000 72 699 120 160000 250000 119 158627 129076 12 16000 25000 12 16000 25000 10054
1791391763172977 10 0 0 10 10 10 0 0 0 0 0 0 105 119 119 0 1800 1695 1576 0 1576 0 0 0 68128968 159195 0 33681 188549 67282 48295921 1779115 22689968 9145328402 9145328402 0 5117556954 0 71.468940 360 360 479880 360000 1256 754 120 160000 250000 119 158627 129084 12 16000 25000 12 16000 25000 10062
1791391763198787 10 0 0 10 10 10 0 0 0 0 0 0 104 119 118 1 1800 1696 1577 0 1577 0 0 0 68142974 159298 0 33696 188743 67300 48307257 1779244 22696112 9150065607 9147926508 0 5119066894 0 71.475260 363 363 483879 363000 690 748 120 160000 250000 119 158627 129091 12 16000 25000 12 16000 25000 10068
1791391763199056 10 0 0 10 10 10 0 0 0 0 0 0 104 118 118 0 1800 1696 1578 0 1578 0 0 0 68142974 159377 0 33714 188744 67308 48307260 1779403 22696112 9150065607 9150065607 0 5119066894 0 71.475177 354 354 471882 354000 70 683 120 160000 250000 118 157294 128086 12 16000 25000 12 16000 25000 10066
1791391763219966 10 0 0 10 10 10 0 0 0 0 0 0 102 119 119 0 1800 1698 1579 0 1579 0 0 0 68157916 159482 0 33731 188904 67326 48312840 1779476 22702282 9160605717 9160605717 0 5122071555 0 71.501378 355 355 473215 355000 271 644 120 160000 250000 119 158627 129098 12 16000 25000 12 16000 25000 10076
1791391763358157 10 0 0 10 10 10 0 0 0 0 0 0 101 119 119 0 1800 1699 1580 0 1580 0 0 0 68170817 159592 0 33747 189051 67342 48437699 1779608 22708328 9167161085 9167161085 0 5123571387 0 71.508696 352 352 469216 352000 1179 697 120 160000 250000 119 158627 129106 12 16000 25000 12 16000 25000 10084
1791391763385331 10 0 0 10 10 10 0 0 0 0 0 0 100 119 119 0 1800 1700 1581 0 1581 0 0 0 68184713 159694 0 33763 189196 67357 48450563 1779732 22714318 9173675617 9173675617 0 5125062972 0 71.514863 344 344 458552 344000 797 707 120 160000 250000 119 158627 129114 12 16000 25000 12 16000 25000 10092
1791391763452183 10 0 0 10 10 10 0 0 0 0 0 0 99 119 119 0 1800 1701 1582 0 1582 0 0 0 68202378 159801 0 33784 189352 67377 48499321 1779852 22723191 9180250639 9180250639 0 5126296186 0 71.513475 346 346 461218 346000 770 714 120 160000 250000 119 158627 129122 12 16000 25000 12 16000 25000 10100
1791391763574728 10 0 0 10 10 10 0 0 0 0 0 0 98 119 119 0 1800 1702 1583 0 1583 0 0 0 68220203 159919 0 33814 189514 67399 48603590 1779976 22732016 9187112122 9187112122 0 5127791833 0 71.515570 353 353 470549 353000 620 706 120 160000 250000 119 158627 129131 12 16000 25000 12 16000 25000 10109
1791391763705819 10 0 0 10 10 10 0 0 0 0 0 0 97 119 119 0 1800 1703 1584 0 1584 0 0 0 68238173 160022 0 33830 189693 67419 48716257 1780103 22740765 9193605428 9193605428 0 5129287021 0 71.517520 364 364 485212 364000 675 704 120 160000 250000 119 158627 129139 12 16000 25000 12 16000 25000 10117
1791391763759782 10 0 0 10 10 10 0 0 0 0 0 0 96 119 119 0 1800 1704 1585 0 1585 0 0 0 68255872 160128 0 33847 189856 67438 48752084 1780230 22749438 9200066892 9200066892 0 5130792433 0 71.519893 447 447 595851 447000 666 702 120 160000 250000 119 158627 129147 12 16000 25000 12 16000 25000 10124
1791391763848820 10 0 0 10 10 10 0 0 0 0 0 0 95 119 119 0 1800 1705 1586 0 1586 0 0 0 68273594 160247 0 33862 190023 67460 48822941 1780356 22758048 9201040790 9201040790 0 5132292045 0 71.522145 456 456 607848 456000 739 706 120 160000 250000 119 158627 129148 12 16000 25000 12 16000 25000 10125
1791391763890458 10 0 0 10 10 10 0 0 0 0 0 0 94 119 118 1 1800 1706 1587 0 1587 0 0 0 68291577 160354 0 33879 190247 67481 48846063 1780513 22766602 9207456842 9206687320 0 5133794618 0 71.524178 447 447 595851 447000 113 649 120 160000 250000 119 158627 129158 12 16000 25000 12 16000 25000 10134
1791391763890723 10 0 0 10 10 10 0 0 0 0 0 0 94 118 118 0 1800 1706 1588 0 1588 0 0 0 68291577 160434 0 33896 190247 67489 48846067 1780667 22766602 9207456842 9207456842 0 5133794618 0 71.524094 449 449 598517 449000 659 651 120 160000 250000 118 157294 128153 12 16000 25000 12 16000 25000 10132
1791391764027260 10 0 0 10 10 10 0 0 0 0 0 0 92 119 118 1 1800 1708 1589 0 1589 0 0 0 68312069 160555 0 33913 190484 67509 48961656 1780718 22775103 9214315989 9208764316 0 5136799985 0 71.544421 443 443 590519 443000 77 596 120 160000 250000 119 158627 129165 12 16000 25000 12 16000 25000 10143
1791391764027564 10 0 0 10 10 10 0 0 0 0 0 0 92 118 118 0 1800 1708 1590 0 1590 0 0 0 68312069 160636 0 33932 190484 67516 48961660 1780910 22775103 9214315989 9214315989 0 5136799985 0 71.544336 471 471 627843 471000 124 530 120 160000 250000 118 157294 128161 12 16000 25000 12 16000 25000 10142
1791391764069366 10 0 0 10 10 10 0 0 0 0 0 0 90 119 118 1 1800 1710 1591 0 1591 0 0 0 68331331 160742 0 33948 190745 67538 48983751 1780953 22783464 9221578008 9220877237 0 5139802282 0 71.565908 534 534 711822 534000 917 569 120 160000 250000 119 158627 129176 12 16000 25000 12 16000 25000 10151
1791391764069600 10 0 0 10 10 10 0 0 0 0 0 0 90 118 118 0 1800 1710 1592 0 1592 0 0 0 68331331 160821 0 33965 190745 67545 48983755 1781078 22783464 9221578008 9221578008 0 5139802282 0 71.565826 611 611 814463 611000 866 599 120 160000 250000 118 157294 128171 12 16000 25000 12 16000 25000 10150
1791391764103517 10 0 0 10 10 10 0 0 0 0 0 0 88 119 119 0 1800 1712 1593 0 1593 0 0 0 68350361 160925 0 33981 190927 67566 48998247 1781145 22791683 9228225850 9228225850 0 5142827317 0 71.587947 598 598 797134 598000 68 548 120 160000 250000 119 158627 129182 12 16000 25000 12 16000 25000 10160
1791391764150652 10 0 0 10 10 10 0 0 0 0 0 0 87 119 119 0 1800 1713 1594 0 1594 0 0 0 68367743 161031 0 33997 191109 67587 49027547 1781269 22799786 9238823967 9238823967 0 5144327900 0 71.590561 599 599 798467 599000 732 567 120 160000 250000 119 158627 129188 12 16000 25000 12 16000 25000 10166
1791391764337421 10 0 0 10 10 10 0 0 0 0 0 0 86 119 119 0 1800 1714 1595 0 1595 0 0 0 68385714 161136 0 34013 191273 67608 49195906 1781395 22807838 9246437808 9246437808 0 5145818433 0 71.592420 612 612 815796 612000 1195 629 120 160000 250000 119 158627 129196 12 16000 25000 12 16000 25000 10174
1791391764363794 10 0 0 10 10 10 0 0 0 0 0 0 85 119 119 0 1800 1715 1596 0 1596 0 0 0 68402726 161248 0 34029 191432 67627 49204838 1781514 22815849 9251965654 9251965654 0 5147320553 0 71.595433 603 603 803799 603000 797 646 120 160000 250000 119 158627 129204 12 16000 25000 12 16000 25000 10182
1791391764382152 10 0 0 10 10 10 0 0 0 0 0 0 84 119 119 0 1800 1716 1597 0 1597 0 0 0 68419820 161366 0 34045 191582 67645 49205674 1781633 22823783 9258873174 9258873174 0 5148829540 0 71.598448 613 613 817129 613000 709 653 120 160000 250000 119 158627 129213 12 16000 25000 12 16000 25000 10191
1791391764449537 10 0 0 10 10 10 0 0 0 0 0 0 83 119 119 0 1800 1717 1598 0 1598 0 0 0 68436666 161467 0 34061 191748 67665 49255783 1781752 22831639 9264384708 9264384708 0 5150326522 0 71.601572 603 603 803799 603000 776 666 120 160000 250000 119 158627 129222 12 16000 25000 12 16000 25000 10199
1791391764566949 10 0 0 10 10 10 0 0 0 0 0 0 82 119 119 0 1800 1718 1599 0 1599 0 0 0 68453333 161571 0 34078 191911 67682 49356105 1781867 22839450 9267049379 9267049379 0 5151823419 0 71.604876 614 614 818462 614000 679 668 120 160000 250000 119 158627 129225 12 16000 25000 12 16000 25000 10202
1791391764574883 10 0 0 10 10 10 0 0 0 0 0 0 81 119 119 0 1800 1719 1600 0 1600 0 0 0 68460854 161668 0 34092 192017 67692 49356123 1782029 22842095 9271119943 9271119943 0 5153328685 0 71.617846 601 601 801133 601000 278 631 120 160000 250000 119 158627 129227 12 16000 25000 12 16000 25000 10204
1791391764594665 10 0 0 10 10 10 0 0 0 0 0 0 80 119 119 0 1800 1720 1601 0 1601 0 0 0 68477782 161774 0 34108 192187 67710 49358533 1782144 22849738 9281499427 9281499427 0 5154818114 0 71.620767 580 580 773140 580000 366 606 120 160000 250000 119 158627 129233 12 16000 25000 12 16000 25000 10211
1791391764773243 10 0 0 10 10 10 0 0 0 0 0 0 79 119 119 0 1800 1721 1602 0 1602 0 0 0 68494273 161876 0 34125 192351 67729 49520195 1782262 22857332 9291961068 9291961068 0 5156054475 0 71.620631 597 597 795801 597000 1270 672 120 160000 250000 119 158627 129240 12 16000 25000 12 16000 25000 10218
1791391764792859 10 0 0 10 10 10 0 0 0 0 0 0 78 119 119 0 1800 1722 1603 0 1603 0 0 0 68511523 161980 0 34142 192520 67749 49522111 1782390 22864876 9297545082 9297545082 0 5157550245 0 71.623304 593 593 790469 593000 1259 730 120 160000 250000 119 158627 129249 12 16000 25000 12 16000 25000 10226
1791391764858052 10 0 0 10 10 10 0 0 0 0 0 0 77 119 119 0 1800 1723 1604 0 1604 0 0 0 68528330 162083 0 34159 192719 67778 49570016 1782514 22872339 9298688081 9298688081 0 5159076582 0 71.626863 596 596 794468 596000 663 724 120 160000 250000 119 158627 129250 12 16000 25000 12 16000 25000 10227
1791391764865425 10 0 0 10 10 10 0 0 0 0 0 0 76 119 119 0 1800 1724 1605 0 1605 0 0 0 68535278 162177 0 34173 192841 67787 49570031 1782676 22874807 9304234319 9304234319 0 5160587994 0 71.640503 585 585 779805 585000 128 667 120 160000 250000 119 158627 129258 12 16000 25000 12 16000 25000 10235
1791391764894130 10 0 0 10 10 10 0 0 0 0 0 0 75 119 118 1 1800 1725 1606 0 1606 0 0 0 68552773 162289 0 34189 193067 67810 49580711 1782823 22881925 9311110787 9310117628 0 5162088130 0 71.642966 600 600 799800 600000 858 687 120 160000 250000 119 158627 129274 12 16000 25000 12 16000 25000 10250
1791391764894370 10 0 0 10 10 10 0 0 0 0 0 0 75 118 118 0 1800 1725 1607 0 1607 0 0 0 68552773 162373 0 34206 193067 67817 49580715 1782946 22881925 9311110787 9311110787 0 5162088130 0 71.642879 585 585 779805 585000 542 674 120 160000 250000 118 157294 128270 12 16000 25000 12 16000 25000 10248
1791391764904291 10 0 0 10 10 10 0 0 0 0 0 0 73 119 119 0 1800 1727 1608 0 1608 0 0 0 68562367 162481 0 34232 193179 67826 49580731 1783006 22884382 9316654940 9316654940 0 5165090243 0 71.674424 567 567 755811 567000 120 621 120 160000 250000 119 158627 129273 12 16000 25000 12 16000 25000 10250
1791391764933022 10 0 0 10 10 10 0 0 0 0 0 0 72 119 119 0 1800 1728 1609 0 1609 0 0 0 68578046 162584 0 34248 193369 67867 49593279 1783154 22891360 9323237086 9323237086 0 5166303719 0 71.674804 558 558 743814 558000 341 594 120 160000 250000 119 158627 129280 12 16000 25000 12 16000 25000 10258
1791391764952762 10 0 0 10 10 10 0 0 0 0 0 0 71 119 118 1 1800 1729 1610 0 1610 0 0 0 68594260 162688 0 34264 193574 67887 49596332 1783275 22898169 9342827076 9329847387 0 5167804018 0 71.678603 562 562 749146 562000 674 602 120 160000 250000 119 158627 129296 12 16000 25000 12 16000 25000 10274
1791391764953000 10 0 0 10 10 10 0 0 0 0 0 0 71 118 118 0 1800 1729 1611 0 1611 0 0 0 68594260 162780 0 34281 193574 67894 49596336 1783389 22898169 9342827076 9342827076 0 5167804018 0 71.678507 514 514 685162 514000 98 554 120 160000 250000 118 157294 128293 12 16000 25000 12 16000 25000 10273
1791391764988704 10 0 0 10 10 10 0 0 0 0 0 0 69 119 119 0 1800 1731 1612 0 1612 0 0 0 68611681 162882 0 34297 193765 67914 49614250 1783422 22904902 9348277108 9348277108 0 5170544247 0 71.698242 530 530 706490 530000 1934 689 120 160000 250000 119 158627 129304 12 16000 25000 12 16000 25000 10281
1791391765008892 10 0 0 10 10 10 0 0 0 0 0 0 68 119 119 0 1800 1732 1613 0 1613 0 0 0 68627815 162985 0 34314 193919 67936 49617887 1783538 22911513 9354805136 9354805136 0 5172048725 0 71.702176 529 529 705157 529000 636 685 120 160000 250000 119 158627 129312 12 16000 25000 12 16000 25000 10289
1791391765015980 10 0 0 10 10 10 0 0 0 0 0 0 67 119 119 0 1800 1733 1614 0 1614 0 0 0 68634520 163081 0 34329 194036 67947 49617903 1783661 22913738 9360378101 9360378101 0 5173546546 0 71.715850 539 539 718487 539000 691 687 120 160000 250000 119 158627 129320 12 16000 25000 12 16000 25000 10297
1791391765035776 10 0 0 10 10 10 0 0 0 0 0 0 66 119 119 0 1800 1734 1615 0 1615 0 0 0 68649970 163199 0 34344 194196 67966 49621806 1783783 22920188 9367066205 9367066205 0 5175035642 0 71.720263 544 544 725152 544000 791 698 120 160000 250000 119 158627 129327 12 16000 25000 12 16000 25000 10305
1791391765056175 10 0 0 10 10 10 0 0 0 0 0 0 65 119 119 0 1800 1735 1616 0 1616 0 0 0 68665978 163320 0 34358 194365 67986 49625744 1783904 22926608 9372583485 9372583485 0 5176536546 0 71.724253 546 546 727818 546000 807 710 120 160000 250000 119 158627 129336 12 16000 25000 12 16000 25000 10313
1791391765068039 10 0 0 10 10 10 0 0 0 0 0 0 64 119 119 0 1800 1736 1617 0 1617 0 0 0 68677426 163421 0 34373 194494 68000 49625771 1784027 22930875 9379203536 9379203536 0 5178035764 0 71.732989 537 537 715821 537000 765 716 120 160000 250000 119 158627 129344 12 16000 25000 12 16000 25000 10321
1791391765089292 10 0 0 10 10 10 0 0 0 0 0 0 63 119 119 0 1800 1737 1618 0 1618 0 0 0 68692946 163525 0 34390 194653 68019 49631066 1784159 22937183 9386106621 9386106621 0 5179536773 0 71.737501 542 542 722486 542000 1757 819 120 160000 250000 119 158627 129349 12 16000 25000 12 16000 25000 10327
1791391765097527 10 0 0 10 10 10 0 0 0 0 0 0 62 119 119 0 1800 1738 1619 0 1619 0 0 0 68700805 163620 0 34404 194766 68028 49631079 1784282 22939309 9392758278 9392758278 0 5181038639 0 71.750014 553 553 737149 553000 863 825 120 160000 250000 119 158627 129357 12 16000 25000 12 16000 25000 10335
1791391765187449 10 0 0 10 10 10 0 0 0 0 0 0 61 119 119 0 1800 1739 1620 0 1620 0 0 0 68715916 163723 0 34420 194925 68047 49705470 1784399 22945473 9395033470 9395033470 0 5182547322 0 71.755055 551 551 734483 551000 550 799 120 160000 250000 119 158627 129360 12 16000 25000 12 16000 25000 10338
1791391765306953 10 0 0 10 10 10 0 0 0 0 0 0 60 119 119 0 1800 1740 1621 0 1621 0 0 0 68731064 163834 0 34444 195076 68065 49809394 1784525 22951586 9400504785 9400504785 0 5184052895 0 71.760003 539 539 718487 539000 238 745 120 160000 250000 119 158627 129369 12 16000 25000 12 16000 25000 10346
1791391765333280 10 0 0 10 10 10 0 0 0 0 0 0 59 119 119 0 1800 1741 1622 0 1622 0 0 0 68746350 163955 0 34460 195236 68085 49819983 1784654 22957637 9407294675 9407294675 0 5185553605 0 71.764728 538 538 717154 538000 688 741 120 160000 250000 119 158627 129377 12 16000 25000 12 16000 25000 10354
1791391765394531 10 0 0 10 10 10 0 0 0 0 0 0 58 119 119 0 1800 1742 1623 0 1623 0 0 0 68761682 164056 0 34476 195418 68103 49865453 1784780 22963613 9409561388 9409561388 0 5187041260 0 71.769243 530 530 706490 530000 737 741 120 160000 250000 119 158627 129380 12 16000 25000 12 16000 25000 10357
1791391765414260 10 0 0 10 10 10 0 0 0 0 0 0 57 119 119 0 1800 1743 1624 0 1624 0 0 0 68776415 164159 0 34491 195596 68124 49869999 1784905 22969518 9416333176 9416333176 0 5188257794 0 71.770627 534 534 711822 534000 266 696 120 160000 250000 119 158627 129388 12 16000 25000 12 16000 25000 10365
1791391765526626 10 0 0 10 10 10 0 0 0 0 0 0 56 119 119 0 1800 1744 1625 0 1625 0 0 0 68795387 164271 0 34513 195779 68147 49962927 1785027 22977275 9422895821 9422895821 0 5189462606 0 71.767427 531 531 707823 531000 789 706 120 160000 250000 119 158627 129396 12 16000 25000 12 16000 25000 10373
1791391765555969 10 0 0 10 10 10 0 0 0 0 0 0 56 118 117 1 1800 1744 1626 0 1626 0 0 0 68803916 164371 0 34529 195950 68163 49983308 1785152 22981133 9440372318 9428406315 0 5189462606 0 71.758448 527 527 702491 527000 475 684 120 160000 250000 118 157294 128411 12 16000 25000 12 16000 25000 10388
1791391765556193 10 0 0 10 10 10 0 0 0 0 0 0 56 117 117 0 1800 1744 1627 0 1627 0 0 0 68803916 164454 0 34546 195950 68171 49983312 1785263 22981133 9440372318 9440372318 0 5189462606 0 71.758361 554 554 738482 554000 325 650 120 160000 250000 117 155961 127406 12 16000 25000 12 16000 25000 10386
1791391765662499 10 0 0 10 10 10 0 0 0 0 0 0 56 116 116 0 1800 1744 1628 0 1628 0 0 0 68808286 164607 0 34563 196064 68187 50084910 1785295 22983071 9446008130 9446008130 0 5189462606 0 71.753656 574 574 765142 574000 1779 761 120 160000 250000 116 154628 126413 12 16000 25000 12 16000 25000 10393
1791391765748314 10 0 0 10 10 10 0 0 0 0 0 0 56 115 115 0 1800 1744 1629 0 1629 0 0 0 68819514 164716 0 34583 196190 68208 50159066 1785445 22987310 9451569067 9451569067 0 5189462606 0 71.741863 550 550 733150 550000 254 712 120 160000 250000 115 153295 125419 12 16000 25000 12 16000 25000 10400
1791391765753120 10 0 0 10 10 10 0 0 0 0 0 0 56 114 114 0 1800 1744 1630 0 1630 0 0 0 68823948 164819 0 34601 196276 68221 50159080 1785580 22989258 9457795001 9457795001 0 5189462606 0 71.737145 549 549 731817 549000 741 716 120 160000 250000 114 151962 124423 12 16000 25000 12 16000 25000 10406
1791391765797515 10 0 0 10 10 10 0 0 0 0 0 0 56 113 113 0 1800 1744 1631 0 1631 0 0 0 68832856 164924 0 34618 196430 68239 50194120 1785729 22993151 9462423309 9462423309 0 5189462606 0 71.727774 550 550 733150 550000 909 736 120 160000 250000 113 150629 123429 12 16000 25000 12 16000 25000 10411
1791391765848287 10 0 0 10 10 10 0 0 0 0 0 0 56 112 112 0 1800 1744 1632 0 1632 0 0 0 68841376 165023 0 34634 196554 68257 50236005 1785830 22997011 9469804615 9469804615 0 5189462606 0 71.718816 550 550 733150 550000 635 727 120 160000 250000 112 149296 122434 12 16000 25000 12 16000 25000 10418
1791391765879371 10 0 0 10 10 10 0 0 0 0 0 0 56 111 111 0 1800 1744 1633 0 1633 0 0 0 68849879 165133 0 34650 196669 68274 50258219 1785934 23000868 9471100479 9471100479 0 5189462606 0 71.709865 554 554 738482 554000 964 751 120 160000 250000 111 147963 121433 12 16000 25000 12 16000 25000 10417
1791391765916683 10 0 0 10 10 10 0 0 0 0 0 0 56 110 110 0 1800 1744 1634 0 1634 0 0 0 68858398 165231 0 34666 196786 68289 50286626 1786068 23004728 9476546277 9476546277 0 5189462606 0 71.700913 545 545 726485 545000 156 694 120 160000 250000 110 146630 120438 12 16000 25000 12 16000 25000 10424
1791391765937747 10 0 0 10 10 10 0 0 0 0 0 0 56 109 109 0 1800 1744 1635 0 1635 0 0 0 68866930 165332 0 34682 196901 68305 50298769 1786203 23008579 9483220115 9483220115 0 5189462606 0 71.691946 544 544 725152 544000 698 696 120 160000 250000 109 145297 119444 12 16000 25000 12 16000 25000 10430
1791391765984005 10 0 0 10 10 10 0 0 0 0 0 0 56 108 108 0 1800 1744 1636 0 1636 0 0 0 68875450 165430 0 34697 197025 68323 50336142 1786308 23012438 9488685072 9488685072 0 5189462606 0 71.682997 554 554 738482 554000 688 696 120 160000 250000 108 143964 118451 12 16000 25000 12 16000 25000 10437
1791391766055388 10 0 0 10 10 10 0 0 0 0 0 0 56 107 106 1 1800 1744 1637 0 1637 0 0 0 68883963 165601 0 34722 197243 102766 50364051 1786412 23016283 9500790383 9496266613 0 5189462606 0 71.673982 556 556 741148 556000 780 709 120 160000 250000 107 142631 117464 12 16000 25000 12 16000 25000 10450
1791391766056031 10 0 0 10 10 10 0 0 0 0 0 0 56 106 106 0 1800 1744 1638 0 1638 0 0 0 68883963 166024 0 35078 197243 102774 50364055 1786599 23016283 9500790383 9500790383 0 5189462606 0 71.673543 559 559 745147 559000 395 680 120 160000 250000 106 141298 116461 12 16000 25000 12 16000 25000 10449
1791391766122420 10 0 0 10 10 10 0 0 0 0 0 0 56 105 105 0 1800 1744 1639 0 1639 0 0 0 68895063 166130 0 35096 197375 102798 50418872 1786639 23020367 9507545441 9507545441 0 5189462606 0 71.661913 533 533 710489 533000 108 625 120 160000 250000 105 139965 115468 12 16000 25000 12 16000 25000 10456
1791391766152814 10 0 0 10 10 10 0 0 0 0 0 0 56 104 103 1 1800 1744 1640 0 1640 0 0 0 68912190 166242 0 35112 197986 102823 50431253 1786754 23028110 9515043454 9514087946 0 5189462606 0 71.644029 531 531 707823 531000 721 635 120 160000 250000 104 138632 114473 12 16000 25000 12 16000 25000 10464
1791391766153041 10 0 0 10 10 10 0 0 0 0 0 0 56 103 103 0 1800 1744 1641 0 1641 0 0 0 68912190 166319 0 35129 197986 102832 50431257 1786872 23028110 9515043454 9515043454 0 5189462606 0 71.643949 533 533 710489 533000 1045 676 120 160000 250000 103 137299 113470 12 16000 25000 12 16000 25000 10462
1791391766186149 10 0 0 10 10 10 0 0 0 0 0 0 56 102 101 1 1800 1744 1642 0 1642 0 0 0 68920930 166432 0 35146 198163 102851 50455211 1786953 23031991 9527606556 9526483068 0 5189462606 0 71.634769 534 534 711822 534000 98 621 120 160000 250000 102 135966 112475 12 16000 25000 12 16000 25000 10469
1791391766186394 10 0 0 10 10 10 0 0 0 0 0 0 56 101 101 0 1800 1744 1643 0 1643 0 0 0 68920930 166509 0 35165 198163 102858 50455215 1787091 23031991 9527606556 9527606556 0 5189462606 0 71.634689 543 543 723819 543000 1341 692 120 160000 250000 101 134633 111473 12 16000 25000 12 16000 25000 10468
1791391766220917 10 0 0 10 10 10 0 0 0 0 0 0 56 100 100 0 1800 1744 1644 0 1644 0 0 0 68929643 166617 0 35183 198291 102874 50480703 1787144 23035919 9534222784 9534222784 0 5189462606 0 71.625544 528 528 703824 528000 174 643 120 160000 250000 100 133300 110479 12 16000 25000 12 16000 25000 10474
1791391766225606 10 0 0 10 10 10 0 0 0 0 0 0 56 99 99 0 1800 1744 1645 0 1645 0 0 0 68933979 166717 0 35199 198389 102887 50480717 1787252 23037863 9535430835 9535430835 0 5189462606 0 71.620946 526 526 701158 526000 670 647 120 160000 250000 99 131967 109479 12 16000 25000 12 16000 25000 10474
1791391766276533 10 0 0 10 10 10 0 0 0 0 0 0 56 98 98 0 1800 1744 1646 0 1646 0 0 0 68942581 166816 0 35214 198544 102906 50522644 1787355 23041741 9536763963 9536763963 0 5189462606 0 71.611929 518 518 690494 518000 144 599 120 160000 250000 98 130634 108487 12 16000 25000 12 16000 25000 10482
1791391766281191 10 0 0 10 10 10 0 0 0 0 0 0 56 97 97 0 1800 1744 1647 0 1647 0 0 0 68946914 166940 0 35244 198596 102919 50522657 1787457 23043688 9543282463 9543282463 0 5189462606 0 71.607311 506 506 674498 506000 132 554 120 160000 250000 97 129301 107486 12 16000 25000 12 16000 25000 10480
1791391766324778 10 0 0 10 10 10 0 0 0 0 0 0 56 96 96 0 1800 1744 1648 0 1648 0 0 0 68955509 167041 0 35260 198720 102939 50557300 1787540 23047556 9549841202 9549841202 0 5189462606 0 71.598302 506 506 674498 506000 617 561 120 160000 250000 96 127968 106493 12 16000 25000 12 16000 25000 10487
1791391766638394 10 0 0 10 10 10 0 0 0 0 0 0 56 95 95 0 1800 1744 1649 0 1649 0 0 0 68964176 167150 0 35278 198840 102959 50861872 1787644 23051458 9562939674 9562939674 0 5189462606 0 71.589213 513 513 683829 513000 689 575 120 160000 250000 95 126635 105499 12 16000 25000 12 16000 25000 10493
1791391766748118 10 0 0 10 10 10 0 0 0 0 0 0 56 94 94 0 1800 1744 1650 0 1650 0 0 0 68972775 167260 0 35294 198976 102978 50962597 1787756 23055335 9567882951 9567882951 0 5189462606 0 71.580195 532 532 709156 532000 1593 675 120 160000 250000 94 125302 104502 12 16000 25000 12 16000 25000 10495
1791391766791680 10 0 0 10 10 10 0 0 0 0 0 0 56 93 93 0 1800 1744 1651 0 1651 0 0 0 68981387 167365 0 35313 199088 103013 50997157 1787872 23059212 9574483577 9574483577 0 5189462606 0 71.571172 522 522 695826 522000 586 667 120 160000 250000 93 123969 103509 12 16000 25000 12 16000 25000 10502
1791391766866429 10 0 0 10 10 10 0 0 0 0 0 0 56 92 92 0 1800 1744 1652 0 1652 0 0 0 68990017 167490 0 35338 199194 103032 51062903 1787974 23063104 9580103765 9580103765 0 5189462606 0 71.562111 514 514 685162 514000 700 671 120 160000 250000 92 122636 102515 12 16000 25000 12 16000 25000 10509
1791391766979952 10 0 0 10 10 10 0 0 0 0 0 0 56 91 91 0 1800 1744 1653 0 1653 0 0 0 68998622 167594 0 35356 199308 103050 51167458 1788080 23066977 9586749141 9586749141 0 5189462606 0 71.553100 457 457 609181 457000 74 614 120 160000 250000 91 121303 101521 12 16000 25000 12 16000 25000 10515
1791391767008557 10 0 0 10 10 10 0 0 0 0 0 0 56 90 89 1 1800 1744 1654 0 1654 0 0 0 69007225 167711 0 35371 199474 103069 51187027 1788191 23070859 9605109770 9599536919 0 5189462606 0 71.544081 427 427 569191 427000 101 565 120 160000 250000 90 119970 100538 12 16000 25000 12 16000 25000 10530
1791391767008766 10 0 0 10 10 10 0 0 0 0 0 0 56 89 89 0 1800 1744 1655 0 1655 0 0 0 69007225 167789 0 35387 199474 103076 51187031 1788293 23070859 9605109770 9605109770 0 5189462606 0 71.544000 436 436 581188 436000 1574 664 120 160000 250000 89 118637 99535 12 16000 25000 12 16000 25000 10529
1791391767013458 10 0 0 10 10 10 0 0 0 0 0 0 56 88 88 0 1800 1744 1656 0 1656 0 0 0 69011633 167894 0 35402 199563 103088 51187048 1788332 23072807 9618159225 9618159225 0 5189462606 0 71.539333 440 440 586520 440000 1056 703 120 160000 250000 88 117304 98541 12 16000 25000 12 16000 25000 10535
1791391767119248 10 0 0 10 10 10 0 0 0 0 0 0 56 87 87 0 1800 1744 1657 0 1657 0 0 0 69020966 168012 0 35419 199692 103110 51283138 1788409 23077353 9623121635 9623121635 0 5189462606 0 71.529561 458 458 610514 458000 1592 791 120 160000 250000 87 115971 97546 12 16000 25000 12 16000 25000 10540
1791391767196318 10 0 0 10 10 10 0 0 0 0 0 0 56 86 86 0 1800 1744 1658 0 1658 0 0 0 69030220 168119 0 35437 199813 103128 51350573 1788523 23081873 9629762206 9629762206 0 5189462606 0 71.519884 462 462 615846 462000 588 772 120 160000 250000 86 114638 96552 12 16000 25000 12 16000 25000 10547
1791391767216335 10 0 0 10 10 10 0 0 0 0 0 0 56 85 84 1 1800 1744 1659 0 1659 0 0 0 69039487 168230 0 35453 199974 103146 51360907 1788629 23086384 9640859710 9636447138 0 5189462606 0 71.510193 463 463 617179 463000 767 772 120 160000 250000 85 113305 95567 12 16000 25000 12 16000 25000 10560
1791391767216551 10 0 0 10 10 10 0 0 0 0 0 0 56 84 84 0 1800 1744 1660 0 1660 0 0 0 69039487 168308 0 35470 199974 103158 51360911 1788732 23086384 9640859710 9640859710 0 5189462606 0 71.510112 507 507 675831 507000 680 764 120 160000 250000 84 111972 94565 12 16000 25000 12 16000 25000 10559
1791391767229798 10 0 0 10 10 10 0 0 0 0 0 0 56 83 83 0 1800 1744 1661 0 1661 0 0 0 69048825 168410 0 35485 200091 103173 51364533 1788764 23090895 9647482368 9647482368 0 5189462606 0 71.500360 496 496 661168 496000 1519 838 120 160000 250000 83 110639 93572 12 16000 25000 12 16000 25000 10566
1791391767263730 10 0 0 10 10 10 0 0 0 0 0 0 56 82 82 0 1800 1744 1662 0 1662 0 0 0 69058149 168526 0 35501 200212 103192 51388759 1788866 23095430 9654278930 9654278930 0 5189462606 0 71.490610 498 498 663834 498000 744 830 120 160000 250000 82 109306 92579 12 16000 25000 12 16000 25000 10573
1791391767475448 10 0 0 10 10 10 0 0 0 0 0 0 56 81 81 0 1800 1744 1663 0 1663 0 0 0 69067441 168632 0 35520 200334 103213 51590812 1788971 23099939 9659776431 9659776431 0 5189462606 0 71.480906 441 441 587853 441000 77 758 120 160000 250000 81 107973 91585 12 16000 25000 12 16000 25000 10580
1791391767497684 10 0 0 10 10 10 0 0 0 0 0 0 56 80 80 0 1800 1744 1664 0 1664 0 0 0 69076719 168732 0 35537 200453 103230 51603414 1789070 23104452 9665365535 9665365535 0 5189462606 0 71.471225 440 440 586520 440000 723 756 120 160000 250000 80 106640 90591 12 16000 25000 12 16000 25000 10586
1791391767502727 10 0 0 10 10 10 0 0 0 0 0 0 56 79 79 0 1800 1744 1665 0 1665 0 0 0 69081405 168828 0 35552 200564 103243 51603428 1789173 23106717 9667762665 9667762665 0 5189462606 0 71.466290 439 439 585187 439000 737 756 120 160000 250000 79 105307 89592 12 16000 25000 12 16000 25000 10587
1791391767643927 10 0 0 10 10 10 0 0 0 0 0 0 56 78 78 0 1800 1744 1666 0 1666 0 0 0 69090934 168937 0 35574 200690 103260 51734737 1789261 23111253 9673317419 9673317419 0 5189462606 0 71.456345 434 434 578522 434000 307 713 120 160000 250000 78 103974 88599 12 16000 25000 12 16000 25000 10594
1791391767748841 10 0 0 10 10 10 0 0 0 0 0 0 56 77 77 0 1800 1744 1667 0 1667 0 0 0 69100235 169055 0 35591 200816 103279 51829951 1789377 23115772 9678712896 9678712896 0 5189462606 0 71.446628 429 429 571857 429000 651 708 120 160000 250000 77 102641 87604 12 16000 25000 12 16000 25000 10599
1791391767780838 10 0 0 10 10 10 0 0 0 0 0 0 56 76 75 1 1800 1744 1668 0 1668 0 0 0 69109538 169155 0 35608 200983 103294 51852237 1789479 23120281 9691967197 9685238406 0 5189462606 0 71.436931 427 427 569191 427000 605 699 120 160000 250000 76 101308 86621 12 16000 25000 12 16000 25000 10615
1791391767781061 10 0 0 10 10 10 0 0 0 0 0 0 56 75 75 0 1800 1744 1669 0 1669 0 0 0 69109538 169244 0 35624 200983 103301 51852241 1789583 23120281 9691967197 9691967197 0 5189462606 0 71.436839 429 429 571857 429000 816 711 120 160000 250000 75 99975 85618 12 16000 25000 12 16000 25000 10613
1791391767814963 10 0 0 10 10 10 0 0 0 0 0 0 56 74 74 0 1800 1744 1670 0 1670 0 0 0 69118897 169346 0 35642 201109 103318 51876480 1789616 23124802 9698684354 9698684354 0 5189462606 0 71.427085 412 412 549196 412000 141 656 120 160000 250000 74 98642 84625 12 16000 25000 12 16000 25000 10620
1791391767836820 10 0 0 10 10 10 0 0 0 0 0 0 56 73 73 0 1800 1744 1671 0 1671 0 0 0 69128195 169445 0 35658 201273 103334 51888630 1789726 23129314 9705263339 9705263339 0 5189462606 0 71.417399 411 411 547863 411000 520 644 120 160000 250000 73 97309 83631 12 16000 25000 12 16000 25000 10627
1791391767913665 10 0 0 10 10 10 0 0 0 0 0 0 56 72 72 0 1800 1744 1672 0 1672 0 0 0 69137584 169571 0 35678 201409 103355 51955681 1789828 23133776 9712093792 9712093792 0 5189462606 0 71.407594 411 411 547863 411000 745 655 120 160000 250000 72 95976 82638 12 16000 25000 12 16000 25000 10634
1791391767947761 10 0 0 10 10 10 0 0 0 0 0 0 56 71 71 0 1800 1744 1673 0 1673 0 0 0 69146847 169687 0 35695 201529 103375 51980121 1789944 23138215 9718762600 9718762600 0 5189462606 0 71.397932 406 406 541198 406000 234 614 120 160000 250000 71 94643 81645 12 16000 25000 12 16000 25000 10640
1791391768061443 10 0 0 10 10 10 0 0 0 0 0 0 56 70 70 0 1800 1744 1674 0 1674 0 0 0 69156134 169794 0 35712 201652 103395 52084115 1790072 23142662 9724071768 9724071768 0 5189462606 0 71.388258 396 396 527868 396000 239 579 120 160000 250000 70 93310 80650 12 16000 25000 12 16000 25000 10645
1791391768176923 10 0 0 10 10 10 0 0 0 0 0 0 56 69 69 0 1800 1744 1675 0 1675 0 0 0 69165360 169894 0 35728 201781 103414 52189994 1790180 23147114 9729562388 9729562388 0 5189462606 0 71.378655 396 396 527868 396000 532 575 120 160000 250000 69 91977 79657 12 16000 25000 12 16000 25000 10652
1791391768208199 10 0 0 10 10 10 0 0 0 0 0 0 56 68 68 0 1800 1744 1676 0 1676 0 0 0 69174581 169999 0 35745 201901 103432 52211677 1790287 23151557 9734894405 9734894405 0 5189462606 0 71.369056 400 400 533200 400000 582 577 120 160000 250000 68 90644 78662 12 16000 25000 12 16000 25000 10657
1791391768367157 10 0 0 10 10 10 0 0 0 0 0 0 56 67 67 0 1800 1744 1677 0 1677 0 0 0 69183858 170122 0 35764 202027 103454 52360966 1790387 23156023 9740246266 9740246266 0 5189462606 0 71.359383 390 390 519870 390000 642 585 120 160000 250000 67 89311 77668 12 16000 25000 12 16000 25000 10663
1791391768448641 10 0 0 10 10 10 0 0 0 0 0 0 56 66 65 1 1800 1744 1678 0 1678 0 0 0 69193129 170223 0 35781 202188 103470 52432771 1790493 23160467 9754884508 9746952004 0 5189462606 0 71.349741 398 398 530534 398000 697 597 120 160000 250000 66 87978 76682 12 16000 25000 12 16000 25000 10676
1791391768448856 10 0 0 10 10 10 0 0 0 0 0 0 56 65 65 0 1800 1744 1679 0 1679 0 0 0 69193129 170299 0 35797 202189 103478 52432774 1790601 23160467 9754884508 9754884508 0 5189462606 0 71.349663 399 399 531867 399000 855 623 120 160000 250000 65 86645 75680 12 16000 25000 12 16000 25000 10675
1791391768772552 10 0 0 10 10 10 0 0 0 0 0 0 56 64 64 0 1800 1744 1680 0 1680 0 0 0 69202446 170397 0 35814 202314 103495 52746864 1790632 23164920 9760450331 9760450331 0 5189462606 0 71.339980 400 400 533200 400000 822 643 120 160000 250000 64 85312 74687 12 16000 25000 12 16000 25000 10682
1791391768924653 10 0 0 10 10 10 0 0 0 0 0 0 56 63 63 0 1800 1744 1681 0 1681 0 0 0 69211704 170504 0 35833 202437 103512 52889331 1790738 23169356 9773391145 9773391145 0 5189462606 0 71.330350 401 401 534533 401000 746 654 120 160000 250000 63 83979 73694 12 16000 25000 12 16000 25000 10689
1791391768948730 10 0 0 10 10 10 0 0 0 0 0 0 56 62 61 1 1800 1744 1682 0 1682 0 0 0 69220945 170604 0 35849 202606 103530 52903757 1790843 23173799 9792370233 9785680086 0 5189462606 0 71.320748 408 408 543864 408000 1533 740 120 160000 250000 62 82646 72710 12 16000 25000 12 16000 25000 10703
1791391768948950 10 0 0 10 10 10 0 0 0 0 0 0 56 61 61 0 1800 1744 1683 0 1683 0 0 0 69220945 170680 0 35865 202606 103537 52903762 1790956 23173799 9792370233 9792370233 0 5189462606 0 71.320670 423 423 563859 423000 1529 818 120 160000 250000 61 81313 71707 12 16000 25000 12 16000 25000 10702
1791391769120755 10 0 0 10 10 10 0 0 0 0 0 0 56 60 60 0 1800 1744 1684 0 1684 0 0 0 69230275 170781 0 35882 202723 103555 53065943 1790992 23178243 9797119454 9797119454 0 5189462606 0 71.310978 425 425 566525 425000 1036 840 120 160000 250000 60 79980 70712 12 16000 25000 12 16000 25000 10707
1791391769197658 10 0 0 10 10 10 0 0 0 0 0 0 56 59 59 0 1800 1744 1685 0 1685 0 0 0 69239525 170880 0 35898 202846 103573 53133198 1791129 23182680 9803851395 9803851395 0 5189462606 0 71.301373 424 424 565192 424000 636 812 120 160000 250000 59 78647 69718 12 16000 25000 12 16000 25000 10714
1791391769239371 10 0 0 10 10 10 0 0 0 0 0 0 56 58 58 0 1800 1744 1686 0 1686 0 0 0 69248790 170994 0 35914 202964 103592 53165246 1791257 23187115 9816681535 9816681535 0 5189462606 0 71.291740 424 424 565192 424000 683 800 120 160000 250000 58 77314 68724 12 16000 25000 12 16000 25000 10721
1791391769302469 10 0 0 10 10 10 0 0 0 0 0 0 56 57 57 0 1800 1744 1687 0 1687 0 0 0 69258026 171103 0 35931 203086 103609 53218736 1791360 23191548 9823267769 9823267769 0 5189462606 0 71.282144 437 437 582521 437000 1437 863 120 160000 250000 57 75981 67731 12 16000 25000 12 16000 25000 10727
1791391769430963 10 0 0 10 10 10 0 0 0 0 0 0 56 56 56 0 1800 1744 1688 0 1688 0 0 0 69267281 171206 0 35948 203204 103625 53337615 1791462 23195979 9834471277 9834471277 0 5189462606 0 71.272538 461 461 614513 461000 759 854 120 160000 250000 56 74648 66737 12 16000 25000 12 16000 25000 10734
1791391769506445 10 0 0 10 10 10 0 0 0 0 0 0 56 55 55 0 1800 1744 1689 0 1689 0 0 0 69276536 171305 0 35963 203319 103642 53403481 1791571 23200422 9838954124 9838954124 0 5189462606 0 71.262938 467 467 622511 467000 1101 879 120 160000 250000 55 73315 65742 12 16000 25000 12 16000 25000 10739
1791391769534513 10 0 0 10 10 10 0 0 0 0 0 0 56 54 54 0 1800 1744 1690 0 1690 0 0 0 69285780 171412 0 35979 203440 103659 53421930 1791680 23204857 9845525868 9845525868 0 5189462606 0 71.253344 463 463 617179 463000 610 854 120 160000 250000 54 71982 64748 12 16000 25000 12 16000 25000 10746
1791391769570466 10 0 0 10 10 10 0 0 0 0 0 0 56 53 53 0 1800 1744 1691 0 1691 0 0 0 69295056 171507 0 35994 203553 103676 53448262 1791779 23209296 9851060913 9851060913 0 5189462606 0 71.243732 472 472 629176 472000 753 845 120 160000 250000 53 70649 63755 12 16000 25000 12 16000 25000 10753
1791391769606788 10 0 0 10 10 10 0 0 0 0 0 0 56 52 51 1 1800 1744 1692 0 1692 0 0 0 69304305 171605 0 36010 203724 103692 53474928 1791880 23213718 9864479772 9857782723 0 5189462606 0 71.234147 464 464 618512 464000 722 834 120 160000 250000 52 69316 62772 12 16000 25000 12 16000 25000 10768
1791391769607005 10 0 0 10 10 10 0 0 0 0 0 0 56 51 51 0 1800 1744 1693 0 1693 0 0 0 69304305 171680 0 36026 203724 103708 53474932 1791983 23213718 9864479772 9864479772 0 5189462606 0 71.234070 471 471 627843 471000 778 830 120 160000 250000 51 67983 61769 12 16000 25000 12 16000 25000 10767
1791391769866037 10 0 0 10 10 10 0 0 0 0 0 0 56 50 50 0 1800 1744 1694 0 1694 0 0 0 69313641 171789 0 36043 203843 103724 53724334 1792014 23218154 9871919807 9871919807 0 5189462606 0 71.224388 471 471 627843 471000 746 822 120 160000 250000 50 66650 60776 12 16000 25000 12 16000 25000 10773
1791391769887270 10 0 0 10 10 10 0 0 0 0 0 0 56 49 49 0 1800 1744 1695 0 1695 0 0 0 69322907 171887 0 36060 203971 103741 53735931 1792120 23222585 9877349011 9877349011 0 5189462606 0 71.214791 480 480 639840 480000 802 821 120 160000 250000 49 65317 59783 12 16000 25000 12 16000 25000 10780
1791391769934981 10 0 0 10 10 10 0 0 0 0 0 0 56 48 48 0 1800 1744 1696 0 1696 0 0 0 69332173 171984 0 36077 204096 103760 53774018 1792218 23227018 9884073034 9884073034 0 5189462606 0 71.205197 487 487 649171 487000 657 806 120 160000 250000 48 63984 58790 12 16000 25000 12 16000 25000 10787
1791391770000633 10 0 0 10 10 10 0 0 0 0 0 0 56 47 47 0 1800 1744 1697 0 1697 0 0 0 69341467 172095 0 36094 204213 103779 53830002 1792325 23231455 9889682516 9889682516 0 5189462606 0 71.195563 488 488 650504 488000 699 796 120 160000 250000 47 62651 57796 12 16000 25000 12 16000 25000 10792
1791391770091324 10 0 0 10 10 10 0 0 0 0 0 0 56 46 46 0 1800 1744 1698 0 1698 0 0 0 69350735 172195 0 36111 204337 103798 53911045 1792439 23235879 9896312683 9896312683 0 5189462606 0 71.185970 487 487 649171 487000 644 782 120 160000 250000 46 61318 56803 12 16000 25000 12 16000 25000 10799
1791391770312719 10 0 0 10 10 10 0 0 0 0 0 0 56 45 45 0 1800 1744 1699 0 1699 0 0 0 69360032 172295 0 36127 204466 103816 54122777 1792540 23240321 9901824684 9901824684 0 5189462606 0 71.176349 477 477 635841 477000 761 780 120 160000 250000 45 59985 55810 12 16000 25000 12 16000 25000 10805
1791391770349098 10 0 0 10 10 10 0 0 0 0 0 0 56 44 44 0 1800 1744 1700 0 1700 0 0 0 69369304 172402 0 36143 204587 103834 54149505 1792652 23244748 9907259968 9907259968 0 5189462606 0 71.166750 479 479 638507 479000 727 776 120 160000 250000 44 58652 54815 12 16000 25000 12 16000 25000 10811
1791391770369165 10 0 0 10 10 10 0 0 0 0 0 0 56 43 43 0 1800 1744 1701 0 1701 0 0 0 69378576 172503 0 36159 204701 103853 54159946 1792751 23249182 9914045606 9914045606 0 5189462606 0 71.157159 477 477 635841 477000 590 759 120 160000 250000 43 57319 53822 12 16000 25000 12 16000 25000 10818
1791391770381868 10 0 0 10 10 10 0 0 0 0 0 0 56 42 42 0 1800 1744 1702 0 1702 0 0 0 69387845 172612 0 36175 204814 103872 54163016 1792851 23253610 9919463435 9919463435 0 5189462606 0 71.147566 531 531 707823 531000 797 763 120 160000 250000 42 55986 52827 12 16000 25000 12 16000 25000 10823
1791391770441106 10 0 1 9 10 10 0 0 0 0 0 0 56 41 40 1 1800 1744 1703 0 1703 0 0 0 69397152 172719 0 36193 204994 103891 54212521 1792952 23258031 9938262461 9925000356 0 5189462606 0 71.137938 581 581 774473 581000 586 747 120 160000 250000 41 54653 51844 12 16000 25000 12 16000 25000 10838
1791391770441317 10 0 1 9 10 10 0 0 0 0 0 0 56 40 40 0 1800 1744 1704 0 1704 0 0 0 69397152 172795 0 36209 204994 103898 54212526 1793057 23258031 9938262461 9938262461 0 5189462606 0 71.137861 569 569 758477 569000 702 743 120 160000 250000 40 53320 50841 12 16000 25000 12 16000 25000 10837
1791391770482952 10 0 0 10 10 10 0 0 0 0 0 0 55 40 39 1 1800 1745 1705 0 1705 0 0 0 69435832 172904 0 36226 205391 103935 54214888 1793086 23272012 9950769694 9944886919 0 5189462606 0 71.098220 577 577 769141 577000 1324 801 120 160000 250000 50 66654 56085 12 16000 25000 12 16000 25000 12049
1791391770483233 10 0 0 10 10 10 0 0 0 0 0 0 55 39 38 1 1800 1745 1706 0 1706 0 0 0 69435832 172980 0 36241 205436 103943 54214893 1793213 23272012 9957489290 9951606515 0 5189462606 0 71.098142 565 565 753145 565000 707 793 120 160000 250000 49 65321 55091 12 16000 25000 12 16000 25000 12056
1791391770483365 10 0 0 10 10 10 0 0 0 0 0 0 55 38 38 0 1800 1745 1707 0 1707 0 0 0 69435832 173052 0 36255 205436 103950 54214896 1793247 23272012 9957489290 9957489290 0 5189462606 0 71.098069 573 573 763809 573000 1858 898 120 160000 250000 49 65321 54090 12 16000 25000 12 16000 25000 12055
1791391770492388 10 0 0 10 10 10 0 0 0 0 0 0 55 37 36 1 1800 1745 1708 0 1708 0 0 0 69444467 173148 0 36270 205642 103966 54214917 1793275 23275821 9971608331 9963108963 0 5189462606 0 71.089152 575 575 766475 575000 1033 912 120 160000 250000 48 63988 53120 12 16000 25000 12 16000 25000 12068
1791391770492612 10 0 0 10 10 10 0 0 0 0 0 0 55 36 36 0 1800 1745 1709 0 1709 0 0 0 69444467 173236 0 36286 205642 103973 54214920 1793381 23275821 9971608331 9971608331 0 5189462606 0 71.089062 575 575 766475 575000 803 902 120 160000 250000 47 62655 52117 12 16000 25000 12 16000 25000 12067
1791391770574040 10 0 0 10 10 10 0 0 0 0 0 0 55 35 35 0 1800 1745 1710 0 1710 0 0 0 69520051 173349 0 36303 206560 104043 54219599 1793412 23309869 9978284095 9978284095 0 5189462606 0 71.011849 579 579 771807 579000 1384 950 120 160000 250000 46 61322 51250 12 16000 25000 12 16000 25000 12074
1791391770602197 10 0 0 10 10 10 0 0 0 0 0 0 55 34 34 0 1800 1745 1711 0 1711 0 0 0 69541168 173475 0 36326 206857 104072 54226036 1793536 23319339 9985705978 9985705978 0 5189462606 0 70.990211 581 581 774473 581000 908 946 120 160000 250000 45 59989 50291 12 16000 25000 12 16000 25000 12081
1791391770719335 10 0 1 9 10 10 0 0 0 0 0 0 55 33 33 0 1800 1745 1712 0 1712 0 0 0 69654428 173586 0 36344 208054 104174 54228350 1793648 23370350 9992388907 9992388907 0 5189462606 0 70.874953 679 679 905107 679000 1053 958 120 160000 250000 44 58656 49456 12 16000 25000 12 16000 25000 12088
1791391770724057 10 0 1 9 10 10 0 0 0 0 0 0 55 32 32 0 1800 1745 1713 0 1713 0 0 0 69658761 173683 0 36359 208178 104188 54228363 1793766 23372270 9999033114 9999033114 0 5189462606 0 70.870457 682 682 909106 682000 957 958 120 160000 250000 43 57323 48471 12 16000 25000 12 16000 25000 12094
1791391770733007 10 0 1 9 10 10 0 0 0 0 0 0 55 31 31 0 1800 1745 1714 0 1714 0 0 0 69667277 173780 0 36375 208346 104218 54228384 1793857 23376074 10009498032 10009498032 0 5189462606 0 70.861717 683 683 910439 683000 782 942 120 160000 250000 42 55990 47488 12 16000 25000 12 16000 25000 12100
1791391770795620 10 0 1 9 10 10 0 0 0 0 0 0 55 30 30 0 1800 1745 1715 0 1715 0 0 0 69717975 173884 0 36391 208950 104276 54239402 1793962 23398908 10016181379 10016181379 0 5189462606 0 70.810210 607 607 809131 607000 128 864 120 160000 250000 41 54657 46579 12 16000 25000 12 16000 25000 12106
1791391770808906 10 0 1 9 10 10 0 0 0 0 0 0 55 29 29 0 1800 1745 1716 0 1716 0 0 0 69730757 173992 0 36414 209163 104295 54239432 1794076 23404626 10021569595 10021569595 0 5189462606 0 70.797153 609 609 811797 609000 788 858 120 160000 250000 40 53324 45604 12 16000 25000 12 16000 25000 12112
1791391770813645 10 0 1 9 10 10 0 0 0 0 0 0 55 28 27 1 1800 1745 1717 0 1717 0 0 0 69735103 174086 0 36430 209307 104308 54239445 1794183 23406542 10033721082 10026982919 0 5189462606 0 70.792657 612 612 815796 612000 873 860 120 160000 250000 39 51991 44621 12 16000 25000 12 16000 25000 12126
1791391770813845 10 0 1 9 10 10 0 0 0 0 0 0 55 27 27 0 1800 1745 1718 0 1718 0 0 0 69735103 174170 0 36450 209307 104316 54239448 1794269 23406542 10033721082 10033721082 0 5189462606 0 70.792571 613 613 817129 613000 979 872 120 160000 250000 38 50658 43618 12 16000 25000 12 16000 25000 12124
1791391770831765 10 0 2 8 10 10 0 0 0 0 0 0 55 26 26 0 1800 1745 1719 0 1719 0 0 0 69752157 174274 0 36467 209954 104342 54239489 1794298 23414171 10039240788 10039240788 0 5189462606 0 70.775201 663 663 883779 663000 1142 899 120 160000 250000 37 49325 42663 12 16000 25000 12 16000 25000 12131
1791391770909854 10 0 2 8 10 10 0 0 0 0 0 0 55 25 25 0 1800 1745 1720 0 1720 0 0 0 69815601 174390 0 36492 210654 104410 54253107 1794406 23442695 10045807493 10045807493 0 5189462606 0 70.710928 671 671 894443 671000 1143 924 120 160000 250000 36 47992 41761 12 16000 25000 12 16000 25000 12138
1791391771079603 10 0 2 8 10 10 0 0 0 0 0 0 55 24 23 1 1800 1745 1721 0 1721 0 0 0 69954907 174513 0 36517 212381 104544 54281403 1794524 23505462 10066333056 10056177635 0 5189462606 0 70.570343 675 675 899775 675000 1203 952 120 160000 250000 34 45326 41009 12 16000 25000 12 16000 25000 12152
1791391771079840 10 0 2 8 10 10 0 0 0 0 0 0 55 23 23 0 1800 1745 1722 0 1722 0 0 0 69954907 174597 0 36534 212381 104552 54281407 1794646 23505462 10066333056 10066333056 0 5189462606 0 70.570258 716 716 954428 716000 1808 1036 120 160000 250000 34 45326 40008 12 16000 25000 12 16000 25000 12150
1791391771232473 10 0 3 7 10 10 0 0 0 0 0 0 55 22 22 0 1800 1745 1723 0 1723 0 0 0 70086126 174709 0 36552 213857 104680 54301024 1794678 23564524 10072986859 10072986859 0 5189462606 0 70.438349 757 757 1009081 757000 1574 1089 120 160000 250000 33 43993 39226 12 16000 25000 12 16000 25000 12157
1791391771237189 10 0 3 7 10 10 0 0 0 0 0 0 55 21 21 0 1800 1745 1724 0 1724 0 0 0 70090465 174804 0 36568 213973 104692 54301037 1794797 23566455 10080996644 10080996644 0 5189462606 0 70.433904 757 757 1009081 757000 583 1040 120 160000 250000 32 42660 38234 12 16000 25000 12 16000 25000 12164
1791391771247540 10 0 3 7 10 10 0 0 0 0 0 0 55 20 20 0 1800 1745 1725 0 1725 0 0 0 70099054 174917 0 36583 214117 104709 54302406 1794891 23570293 10088854558 10088854558 0 5189462606 0 70.425182 767 767 1022411 767000 1119 1048 120 160000 250000 31 41327 37250 12 16000 25000 12 16000 25000 12169
1791391771256608 10 0 3 7 10 10 0 0 0 0 0 0 55 19 19 0 1800 1745 1726 0 1726 0 0 0 70107652 175018 0 36598 214328 104724 54302430 1794992 23574139 10100541586 10100541586 0 5189462606 0 70.416465 779 779 1038407 779000 1951 1137 120 160000 250000 30 39994 36284 12 16000 25000 12 16000 25000 12176
1791391771307692 10 0 3 7 10 10 0 0 0 0 0 0 55 18 18 0 1800 1745 1727 0 1727 0 0 0 70150410 175125 0 36614 214807 104774 54309992 1795092 23593526 10113120717 10113120717 0 5189462606 0 70.373545 791 791 1054403 791000 1313 1155 120 160000 250000 29 38661 35340 12 16000 25000 12 16000 25000 12182
1791391771384251 10 0 2 8 10 10 0 0 0 0 0 0 54 18 18 0 1800 1746 1728 0 1728 0 0 0 70222981 175237 0 36631 215692 104835 54312781 1795206 23622852 10123955457 10123955457 0 5189462606 0 70.300887 807 807 1075731 807000 1943 1233 120 160000 250000 40 53328 40711 12 16000 25000 12 16000 25000 13434
1791391771404266 10 0 2 8 10 10 0 0 0 0 0 0 54 17 17 0 1800 1746 1729 0 1729 0 0 0 70242297 175339 0 36647 216066 104861 54312830 1795332 23630814 10130460486 10130460486 0 5189462606 0 70.281502 818 818 1090394 818000 1536 1264 120 160000 250000 39 51995 39785 12 16000 25000 12 16000 25000 13440
1791391771486223 10 0 2 8 10 10 0 0 0 0 0 0 54 16 16 0 1800 1746 1730 0 1730 0 0 0 70319233 175466 0 36669 217332 104940 54316235 1795439 23662717 10137080756 10137080756 0 5189462606 0 70.204672 825 825 1099725 825000 1393 1278 120 160000 250000 38 50662 39001 12 16000 25000 12 16000 25000 13447
1791391771613345 10 0 3 7 10 10 0 0 0 0 0 0 54 15 15 0 1800 1746 1731 0 1731 0 0 0 70430776 175598 0 36686 218878 105030 54329876 1795561 23708811 10143698552 10143698552 0 5189462606 0 70.093632 812 812 1082396 812000 874 1239 120 160000 250000 37 49329 38254 12 16000 25000 12 16000 25000 13453
1791391771683848 10 0 3 7 10 10 0 0 0 0 0 0 54 14 13 1 1800 1746 1732 0 1732 0 0 0 70499902 175712 0 36706 219761 105094 54330033 1795686 23737411 10156893505 10150306235 0 5189462606 0 70.024962 802 802 1069066 802000 1007 1217 120 160000 250000 36 47996 37386 12 16000 25000 12 16000 25000 13468
1791391771684077 10 0 3 7 10 10 0 0 0 0 0 0 54 13 13 0 1800 1746 1733 0 1733 0 0 0 70499902 175795 0 36723 219761 105101 54330037 1795795 23737411 10156893505 10156893505 0 5189462606 0 70.024880 800 800 1066400 800000 843 1182 120 160000 250000 35 46663 36383 12 16000 25000 12 16000 25000 13467
1791391771831382 10 0 3 7 10 10 0 0 0 0 0 0 54 12 12 0 1800 1746 1734 0 1734 0 0 0 70638569 175913 0 36739 221263 105220 54336851 1795826 23794726 10169663126 10169663126 0 5189462606 0 69.887643 804 804 1071732 804000 908 1156 120 160000 250000 34 45330 35585 12 16000 25000 12 16000 25000 13474
1791391771854823 10 0 3 7 10 10 0 0 0 0 0 0 54 11 11 0 1800 1746 1735 0 1735 0 0 0 70658000 176025 0 36755 221546 105251 54340298 1795939 23802720 10181616561 10181616561 0 5189462606 0 69.868361 828 828 1103724 828000 2899 1327 120 160000 250000 33 43997 34623 12 16000 25000 12 16000 25000 13480
1791391771874768 10 0 4 6 10 10 0 0 0 0 0 0 54 10 10 0 1800 1746 1736 0 1736 0 0 0 70677359 176143 0 36767 221751 105330 54340347 1796047 23810718 10181854364 10181854364 0 5189462606 0 69.849154 829 829 1105057 829000 1710 1366 120 160000 250000 21 27997 28179 12 16000 25000 12 16000 25000 13481
1791391771931492 10 0 4 6 10 10 0 0 0 0 0 0 53 10 10 0 1800 1747 1737 0 1737 0 0 0 70731519 176252 0 36786 222384 105386 54341971 1796158 23832995 10188444759 10188444759 0 5189462606 0 69.795696 221 271 360745 239041 1 1234 120 160000 250000 32 42664 32261 12 16000 25000 12 16000 25000 13487
1791391772156937 10 0 5 5 10 10 0 0 0 0 0 0 53 9 9 0 1800 1747 1738 0 1738 0 0 0 70932059 176369 0 36788 224670 105546 54363895 1796502 23916100 10188720653 10188720653 0 5189462606 0 69.598743 219 269 357480 236878 874 1199 120 160000 250000 20 26664 27573 12 16000 25000 12 16000 25000 13487
1791391772726978 10 0 3 7 10 10 0 0 0 0 0 0 51 10 10 0 1800 1749 1739 0 1739 0 0 0 71305817 176503 0 36806 229086 105867 54555061 1796619 24063167 10199523736 10199523736 0 5189462606 0 69.234703 216 313 417238 251266 74 1090 120 160000 250000 43 57331 35419 12 16000 25000 12 16000 25000 14687
1791391772750385 10 0 4 6 10 10 0 0 0 0 0 0 51 9 9 0 1800 1749 1740 0 1740 0 0 0 71326136 176609 0 36827 229449 105895 54557487 1796757 24070836 10211923359 10211923359 0 5189462606 0 69.214926 219 318 423033 254756 1397 1121 120 160000 250000 42 55998 34473 12 16000 25000 12 16000 25000 14693
1791391773126410 10 0 5 5 10 10 0 0 0 0 0 0 51 8 8 0 1800 1749 1741 0 1741 0 0 0 71635778 176742 0 36847 233539 106150 54619182 1796866 24188255 10220007639 10220007639 0 5189462606 0 68.916356 222 322 428827 258245 642 1076 120 160000 250000 41 54665 34074 12 16000 25000 12 16000 25000 14700
1791391773357489 10 0 6 4 10 10 0 0 0 0 0 0 51 7 7 0 1800 1749 1742 0 1742 0 0 0 71814704 176857 0 36860 235699 106351 54668677 1796989 24256401 10220366654 10220366654 0 5189462606 0 68.744963 223 324 430759 259409 1327 1101 120 160000 250000 29 38665 27881 12 16000 25000 12 16000 25000 14700
1791391773532844 10 0 4 6 10 10 0 0 0 0 0 0 49 8 8 0 1800 1751 1743 0 1743 0 0 0 71970739 176972 0 36877 237952 106502 54685288 1797125 24311059 10231508650 10231508650 0 5189462606 0 68.596178 109 183 243177 135694 1 994 120 160000 250000 52 69332 38460 12 16000 25000 12 16000 25000 15930
1791391773578359 10 0 5 5 10 10 0 0 0 0 0 0 49 7 7 0 1800 1751 1744 0 1744 0 0 0 72004302 177090 0 36878 238499 106543 54696170 1797464 24322220 10231721330 10231721330 0 5189462606 0 68.564170 110 185 245408 136939 1852 1078 120 160000 250000 40 53332 33556 12 16000 25000 12 16000 25000 15931
1791391773785310 10 0 4 6 10 10 0 0 0 0 0 0 48 7 7 0 1800 1752 1745 0 1745 0 0 0 72164188 177207 0 36897 240475 106716 54740797 1797578 24374787 10243787695 10243787695 0 5189462606 0 68.412521 109 207 275804 144592 36 977 120 160000 250000 51 67999 34843 12 16000 25000 12 16000 25000 15937
1791391773799346 10 0 5 5 10 10 0 0 0 0 0 0 48 6 6 0 1800 1752 1746 0 1746 0 0 0 72175929 177308 0 36910 240661 106796 54742582 1797698 24378680 10243995699 10243995699 0 5189462606 0 68.401324 111 211 280864 147245 1460 1025 120 160000 250000 39 51999 28409 12 16000 25000 12 16000 25000 15937
1791391773993389 10 0 5 5 10 10 0 0 0 0 0 0 47 6 6 0 1800 1753 1747 0 1747 0 0 0 72312097 177413 0 36912 242528 106955 54798161 1797807 24423837 10244183925 10244183925 0 5189462606 0 68.272736 82 175 232030 115470 1 926 120 160000 250000 39 51999 28680 12 16000 25000 12 16000 25000 15937
1791391774134399 10 0 5 5 10 10 0 0 0 0 0 0 46 6 6 0 1800 1754 1748 0 1748 0 0 0 72415939 177529 0 36930 243973 107061 54833266 1798162 24457519 10253538339 10253538339 0 5189462606 0 68.174966 80 188 250317 119184 46 841 120 160000 250000 50 66666 29873 12 16000 25000 12 16000 25000 15944
1791391774310883 10 0 5 5 10 10 0 0 0 0 0 0 46 5 5 0 1800 1754 1749 0 1749 0 0 0 72555743 177645 0 36948 245632 107192 54867809 1798347 24505908 10263691065 10263691065 0 5189462606 0 68.043815 81 191 253446 120674 1449 929 120 160000 250000 49 65333 29122 12 16000 25000 12 16000 25000 15949
1791391774886518 10 0 5 5 10 10 0 0 0 0 0 0 45 5 5 0 1800 1755 1750 0 1750 0 0 0 73014230 177836 0 36966 252325 107833 54977166 1798460 24627696 10263996672 10263996672 0 5189462606 0 67.617400 82 193 256575 122164 1404 976 120 160000 250000 49 65333 29824 12 16000 25000 12 16000 25000 17169
1791391775175412 10 0 5 5 10 10 0 0 0 0 0 0 44 5 5 0 1800 1756 1751 0 1751 0 0 0 73208881 177963 0 36967 255147 108113 55067936 1798620 24676453 10264273280 10264273280 0 5189462606 0 67.437935 64 165 219411 100572 1 882 120 160000 250000 49 65333 30210 12 16000 25000 12 16000 25000 17169
1791391775810378 10 0 4 6 10 10 0 0 0 0 0 0 42 6 6 0 1800 1758 1752 0 1752 0 0 0 73643936 178139 0 36980 261578 108669 55260030 1799105 24771055 10264524007 10264524007 0 5189462606 0 67.040343 63 177 234840 104143 26 800 120 160000 250000 61 81333 32951 12 16000 25000 12 16000 25000 18414
1791391776048764 10 0 4 6 10 10 0 0 0 0 0 0 41 6 6 0 1800 1759 1753 0 1753 0 0 0 73784612 178249 0 36981 263775 108873 55355027 1799246 24796180 10264755508 10264755508 0 5189462606 0 66.912733 51 155 205374 88470 1 723 120 160000 250000 61 81333 33271 12 16000 25000 12 16000 25000 18414
1791391776441992 10 0 3 7 10 10 0 0 0 0 0 0 39 7 7 0 1800 1761 1754 0 1754 0 0 0 74013311 178398 0 36999 267296 109157 55515084 1799650 24831146 10276239721 10276239721 0 5189462606 0 66.706338 50 163 216314 90817 39 657 120 160000 250000 84 112000 41118 12 16000 25000 12 16000 25000 19697
1791391776856883 10 0 4 6 10 10 0 0 0 0 0 0 39 6 6 0 1800 1761 1755 0 1755 0 0 0 74269807 178536 0 37011 271691 109568 55668290 1799787 24880728 10276488484 10276488484 0 5189462606 0 66.476392 50 163 216314 90817 2505 838 120 160000 250000 72 96000 35336 12 16000 25000 12 16000 25000 19697
1791391777069716 10 0 4 6 10 10 0 0 0 0 0 0 38 6 6 0 1800 1762 1756 0 1756 0 0 0 74386160 178654 0 37012 273592 109730 55762394 1799916 24903139 10276694516 10276694516 0 5189462606 0 66.372555 42 146 194275 79715 1 758 120 160000 250000 72 96000 35627 12 16000 25000 12 16000 25000 19697
1791391778113505 10 0 3 7 10 10 0 0 0 0 0 0 36 7 7 0 1800 1764 1757 0 1757 0 0 0 74850726 178856 0 37025 282944 110474 56330740 1800262 24938927 10277264638 10277264638 0 5189462606 0 65.961412 41 152 201922 81164 35 688 120 160000 250000 84 112000 38906 12 16000 25000 12 16000 25000 20963
1791391778449995 10 0 2 8 10 10 0 0 0 0 0 0 34 8 8 0 1800 1766 1758 0 1758 0 0 0 74987618 178963 0 37026 285734 110706 56526987 1800398 24939814 10277588400 10277588400 0 5189462606 0 65.841191 35 138 182849 72143 1 622 120 160000 250000 96 128000 42638 12 16000 25000 12 16000 25000 22242
1791391778795947 10 0 3 7 10 10 0 0 0 0 0 0 34 7 7 0 1800 1766 1759 0 1759 0 0 0 75133415 179103 0 37039 289087 111011 56722879 1800759 24939942 10277836937 10277836937 0 5189462606 0 65.713607 34 141 187802 72858 27 565 120 160000 250000 84 112000 36710 12 16000 25000 12 16000 25000 22242
1791391779039476 10 0 3 7 10 10 0 0 0 0 0 0 33 7 7 0 1800 1767 1760 0 1760 0 0 0 75223174 179224 0 37040 291131 111174 56874134 1800876 24939957 10278076848 10278076848 0 5189462606 0 65.635276 30 132 174687 66735 1 511 120 160000 250000 84 112000 37044 12 16000 25000 12 16000 25000 22242
1791391784612834 10 0 2 8 10 10 0 0 0 0 0 0 32 8 8 0 1800 1768 1760 0 1760 0 0 0 75403695 179279 0 37040 295101 111497 62262330 1801002 24940437 10278076848 10278076848 0 5189462606 0 65.478466 29 134 177545 66878 72 490 120 160000 250000 96 128000 39797 12 16000 25000 12 16000 25000 22242
1791391786779791 10 0 2 8 10 10 0 0 0 0 0 0 31 8 8 0 1800 1769 1761 0 1761 0 0 0 75407097 179383 0 37054 295209 111566 64425469 1801107 24940484 10292683205 10292683205 0 5189462606 0 65.475429 29 134 177545 66878 72 433 120 160000 250000 96 128000 39798 12 16000 25000 12 16000 25000 22243
1791391787777550 10 0 3 7 10 10 0 0 0 0 0 0 31 7 7 0 1800 1769 1762 0 1762 0 0 0 75410099 179522 0 37056 295369 111581 65419790 1801207 24940484 10293679182 10293679182 0 5189462606 0 65.472708 30 145 192647 69796 1098 499 120 160000 250000 84 112000 37798 12 16000 25000 12 16000 25000 22243
1791391788696149 10 0 3 7 10 10 0 0 0 0 0 0 30 7 7 0 1800 1770 1763 0 1763 0 0 0 75418838 179681 0 37084 295546 111676 66328860 1801540 24941161 10308366622 10308366622 0 5189462606 0 65.465002 30 152 201627 70409 319 482 120 160000 250000 84 112000 37799 12 16000 25000 12 16000 25000 22243
1791391789591793 10 0 2 8 10 10 0 0 0 0 0 0 28 8 8 0 1800 1772 1764 0 1764 0 0 0 75432361 179770 0 37085 295678 111694 67210595 1801666 24942148 10309249094 10309249094 0 5189462606 0 65.453217 30 158 210607 71021 1191 552 120 160000 250000 96 128000 41088 12 16000 25000 12 16000 25000 23530
1791391790218930 10 0 3 7 10 10 0 0 0 0 0 0 28 7 7 0 1800 1772 1765 0 1765 0 0 0 75566014 179940 0 37096 299676 112051 67699103 1801980 24942148 10325867650 10325867650 0 5189462606 0 65.337578 30 165 219586 71633 69 506 120 160000 250000 84 112000 39939 12 16000 25000 12 16000 25000 23530
1791391790584080 10 0 2 8 10 10 0 0 0 0 0 0 26 8 8 0 1800 1774 1766 0 1766 0 0 0 75646055 180068 0 37118 302072 112295 67981037 1802293 24942260 10328659126 10328659126 0 5189462606 0 65.268499 31 178 236185 74654 841 555 120 160000 250000 96 128000 45195 12 16000 25000 12 16000 25000 26306
1791391791294552 10 0 2 8 10 10 0 0 0 0 0 0 25 8 8 0 1800 1775 1767 0 1767 0 0 0 75691951 180168 0 37119 303201 112398 68643895 1802637 24943136 10329717523 10329717523 0 5189462606 0 65.228931 30 179 237546 72858 208 522 120 160000 250000 96 128000 46619 12 16000 25000 12 16000 25000 27494
1791391791894449 10 0 2 8 10 10 0 0 0 0 0 0 24 8 8 0 1800 1776 1768 0 1768 0 0 0 75808080 180330 0 37136 307061 112771 69122623 1803154 24943262 10346416867 10346416867 0 5189462606 0 65.129106 30 185 246526 73470 64 479 120 160000 250000 96 128000 48799 12 16000 25000 12 16000 25000 27495
1791391792128310 10 0 2 8 10 10 0 0 0 0 0 0 23 8 8 0 1800 1777 1769 0 1769 0 0 0 75839623 180424 0 37137 308097 112875 69323521 1803298 24943322 10346696835 10346696835 0 5189462606 0 65.102001 31 199 264022 76552 982 529 120 160000 250000 96 128000 49009 12 16000 25000 12 16000 25000 28883
1791391792790788 10 0 2 8 10 10 0 0 0 0 0 0 22 8 8 0 1800 1778 1770 0 1770 0 0 0 75864452 180535 0 37148 308967 113001 69959660 1803655 24943383 10363416692 10363416692 0 5189462606 0 65.080650 27 179 238037 67225 1 478 120 160000 250000 96 128000 49182 12 16000 25000 12 16000 25000 28883
1791391792947500 10 0 3 7 10 10 0 0 0 0 0 0 22 7 7 0 1800 1778 1771 0 1771 0 0 0 75872878 180621 0 37148 309247 113040 70107426 1803743 24943886 10364464537 10364464537 0 5189462606 0 65.073366 27 185 246119 67776 822 513 120 160000 250000 84 112000 47230 12 16000 25000 12 16000 25000 28883
1791391793555739 10 0 3 7 10 10 0 0 0 0 0 0 21 7 7 0 1800 1779 1772 0 1772 0 0 0 75984543 180779 0 37160 313660 113444 70598611 1804019 24944733 10380929255 10380929255 0 5189462606 0 64.977828 27 191 254201 68327 172 480 120 160000 250000 84 112000 50792 12 16000 25000 12 16000 25000 30100
1791391793781857 10 0 3 7 10 10 0 0 0 0 0 0 20 7 7 0 1800 1780 1773 0 1773 0 0 0 76025731 180930 0 37161 315388 113593 70781305 1804162 24944776 10381917475 10381917475 0 5189462606 0 64.942580 28 204 271996 71429 836 515 120 160000 250000 84 112000 51152 12 16000 25000 12 16000 25000 30100
1791391794133149 10 0 2 8 10 10 0 0 0 0 0 0 18 8 8 0 1800 1782 1774 0 1774 0 0 0 76061016 181077 0 37200 317131 113860 71094717 1804522 24945441 10385293440 10385293440 0 5189462606 0 64.912400 27 203 270364 69429 271 492 120 160000 250000 96 128000 54746 12 16000 25000 12 16000 25000 32884
1791391794620867 10 0 2 8 10 10 0 0 0 0 0 0 17 8 8 0 1800 1783 1775 0 1775 0 0 0 76069855 181157 0 37201 317215 113872 71573256 1804667 24946358 10386342010 10386342010 0 5189462606 0 64.904807 24 186 247508 62205 3 445 120 160000 250000 96 128000 56001 12 16000 25000 12 16000 25000 34137
1791391795646358 10 0 2 8 10 10 0 0 0 0 0 0 16 8 8 0 1800 1784 1776 0 1776 0 0 0 76141019 181314 0 37202 323083 114336 72520325 1805245 24946537 10386586422 10386586422 0 5189462606 0 64.844155 23 184 244079 60082 65 408 120 160000 250000 96 128000 58765 12 16000 25000 12 16000 25000 35529
1791391797141431 10 0 3 7 10 10 0 0 0 0 0 0 16 7 7 0 1800 1784 1777 0 1777 0 0 0 76150155 999713 0 855506 323797 114413 73186903 1805366 24946537 10389353835 10389353835 0 5189462606 414780480 69.275850 20 164 218229 52654 1 351 120 160000 250000 84 112000 55517 12 16000 25000 12 16000 25000 35529
1791391797141769 10 0 4 6 10 10 0 0 0 0 0 0 16 6 5 1 1800 1784 1778 0 1778 0 0 0 76150155 999814 0 855524 323867 114477 73186909 1805443 24946537 10409975377 10406975646 0 5189462606 414780480 69.275759 17 143 190584 45103 2 318 120 160000 250000 72 96000 54902 12 16000 25000 12 16000 25000 36913
1791391797142009 10 0 5 5 10 10 0 0 0 0 0 0 16 5 5 0 1800 1784 1779 0 1779 0 0 0 76150155 999915 0 855550 323867 114544 73186912 1805495 24946537 10409975377 10409975377 0 5189462606 414780480 69.275669 17 147 195672 45449 37 291 120 160000 250000 60 80000 52900 12 16000 25000 12 16000 25000 36913
1791391797400354 10 0 3 7 10 10 0 0 0 0 0 0 13 7 7 0 1800 1787 1780 0 1780 0 0 0 76151909 1000000 0 855551 323939 114556 73443288 1805518 24946623 10410218497 10410218497 0 5189462606 414780480 69.274017 17 151 200761 45796 9 264 120 160000 250000 84 112000 58284 12 16000 25000 12 16000 25000 38298
1791391798164953 10 0 2 8 10 10 0 0 0 0 0 0 11 8 7 1 1800 1789 1781 0 1781 0 0 0 76162291 1000078 0 855553 324152 114579 74196761 1805923 24947676 10415321371 10411227465 0 5189462606 414780480 69.264627 16 146 193741 43429 17 241 120 160000 250000 96 128000 65648 12 16000 25000 12 16000 25000 42266
1791391798165310 10 0 3 7 10 10 0 0 0 0 0 0 11 7 7 0 1800 1789 1782 0 1782 0 0 0 76162291 1000169 0 855579 324169 114647 74196765 1806079 24947676 10415321371 10415321371 0 5189462606 414780480 69.264545 16 149 198530 43756 74 226 120 160000 250000 84 112000 62170 12 16000 25000 12 16000 25000 42266
1791391799609978 10 0 4 6 10 10 0 0 0 0 0 0 11 6 6 0 1800 1790 1784 1 1783 0 0 0 76202872 1000469 0 855591 330659 115220 75593243 1806106 24947746 10440409968 10435328772 0 5189462606 414780480 69.227868 10 98 130068 27756 0 195 120 160000 250000 72 96000 60023 12 16000 25000 12 16000 25000 42267
1791391800613211 10 0 4 6 10 10 0 0 0 0 0 0 10 6 6 0 1800 1791 1785 1 1784 0 0 0 76203962 1000595 0 855616 330786 115295 76594616 1806523 24947894 10445262715 10440181519 0 5189462606 414780480 69.226778 10 100 133061 27960 18 179 120 160000 250000 72 96000 61279 12 16000 25000 12 16000 25000 45036
1791391800659002 10 0 4 6 10 10 0 0 0 0 0 0 9 6 6 0 1800 1792 1786 1 1785 0 0 0 76208499 1000685 0 855617 330869 115305 76635280 1806908 24948759 10446306137 10441224941 0 5189462606 414780480 69.222629 10 100 133061 27347 5 163 120 160000 250000 72 96000 61277 12 16000 25000 12 16000 25000 45036
1791391800998672 10 0 4 6 10 10 0 0 0 0 0 0 8 6 6 0 1800 1793 1787 1 1786 0 0 0 76208860 1000774 0 855618 331036 115324 76973780 1807422 24948918 10446556267 10441475071 0 5189462606 414780480 69.222225 10 103 136054 27552 110 157 120 160000 250000 72 96000 61278 12 16000 25000 12 16000 25000 45036
1791391802456341 10 0 5 5 10 10 0 0 0 0 0 0 8 5 5 0 1800 1793 1788 1 1787 0 0 0 76208869 2176416 0 2031139 331111 115343 77255565 1807535 24948918 10449875858 10444794662 0 5189462606 829560960 73.230431 10 103 136054 26939 1 143 120 160000 250000 60 80000 57886 12 16000 25000 12 16000 25000 45036
1791391802456756 10 0 6 4 10 10 0 0 0 0 0 0 8 4 4 0 1800 1793 1789 1 1788 0 0 0 76208869 2176519 0 2031167 331190 115416 77255577 1807663 24948918 10452301274 10447220078 0 5189462606 829560960 73.230335 10 105 139048 27143 1 130 120 160000 250000 48 64000 57197 12 16000 25000 12 16000 25000 46420
1791391802530679 10 0 5 5 10 10 0 0 0 0 0 0 6 5 5 0 1800 1795 1790 1 1789 0 0 0 76209264 2176593 0 2031167 331243 115427 77328884 1807729 24948986 10452934528 10447853332 0 5189462606 829560960 73.229896 10 107 142041 27347 2 118 120 160000 250000 60 80000 59197 12 16000 25000 12 16000 25000 47805
1791391802677789 10 0 5 5 10 10 0 0 0 0 0 0 5 5 5 0 1800 1796 1791 1 1790 0 0 0 76209469 2176664 0 2031167 331312 115440 77475591 1807758 24949006 10453149519 10448068323 0 5189462606 829560960 73.229639 10 109 145034 27552 1 108 120 160000 250000 60 80000 60584 12 16000 25000 12 16000 25000 49190
1791391804033050 10 0 6 4 10 10 0 0 0 0 0 0 5 4 4 0 1800 1796 1792 1 1791 0 0 0 76209474 3329434 0 3183813 331378 115456 77677935 1807796 24949006 10457312457 10452231261 0 5189462606 1244341440 77.141538 10 109 145034 26939 37 102 120 160000 250000 48 64000 57199 12 16000 25000 12 16000 25000 49190
1791391804033444 10 0 7 3 10 10 0 0 0 0 0 0 5 3 3 0 1800 1796 1793 1 1792 0 0 0 76209474 3329549 0 3183841 331431 115529 77677946 1807917 24949006 10460291669 10455210473 0 5189462606 1244341440 77.141426 10 112 148027 27143 2 93 120 160000 250000 36 48000 56582 12 16000 25000 12 16000 25000 50574
1791391804540701 10 0 7 3 10 10 0 0 0 0 0 0 4 3 3 0 1800 1798 1795 2 1793 0 0 0 76210209 3329860 0 3183841 332064 115559 78183427 1807962 24949086 10463899831 10455706181 0 5189462606 1244341440 77.140412 10 114 151021 26735 0 85 120 160000 250000 36 48000 59350 12 16000 25000 12 16000 25000 51959
1791391809331362 10 0 8 2 10 10 0 0 0 0 0 0 4 2 2 0 1800 1798 1796 2 1794 0 0 0 76210228 4998513 0 4852361 332250 115575 81304862 1808284 24949086 10467069154 10458875504 0 5189462606 1659121920 80.426307 10 114 151021 26123 44 82 120 160000 250000 24 32000 58736 12 16000 25000 12 16000 25000 51959
1791391810439329 10 0 9 1 10 10 0 0 0 0 0 0 4 1 1 0 1800 1798 1797 2 1795 0 0 0 76210228 6106106 0 5959838 332298 115613 81304870 1808537 24949086 10470227525 10462033875 0 5189462606 2073902400 84.149577 10 114 151021 25511 1 72 120 160000 250000 12 16000 55350 12 16000 25000 12 16000 25000 51959
1791391815994930 10 0 9 1 10 10 0 0 0 0 0 0 4 1 1 0 1800 1799 1798 3 1795 0 0 0 76215483 6106311 0 5959838 332353 115627 86854777 1808667 24949824 10475323984 10462033875 0 5189462606 2073902400 84.143995 10 116 154014 25715 1 66 120 160000 250000 12 16000 53964 12 16000 25000 12 16000 25000 51959
1791391816372037 10 0 10 0 10 10 0 0 0 0 0 0 4 0 0 0 1800 1799 1799 3 1796 0 0 0 76215483 6106462 0 5959866 332442 115708 87231466 1808740 24949824 10477702228 10464412119 0 5189462606 2073902400 84.143841 10 118 157007 25919 0 66 120 160000 250000 0 0 53349 12 16000 25000 12 16000 25000 53344
1791391816584506 10 0 10 0 10 10 0 0 0 0 0 0 3 0 0 0 1800 1800 1800 3 1797 0 0 0 76215666 6106589 0 5959868 332558 115724 87443358 1808853 24949853 10477908755 10464618646 0 5189462606 2073902400 84.143524 10 118 157007 25307 149 75 120 160000 250000 0 0 53349 12 16000 25000 12 16000 25000 53344
1791391821130603 10 0 9 1 10 10 0 0 0 0 0 0 1 1 1 0 1800 1802 1801 3 1798 0 0 0 76216226 7172854 0 7025988 332647 115745 90922088 1809254 24949994 10481379565 10468089456 0 5189462606 2488682880 87.810660 10 118 157007 24694 37 73 120 160000 250000 12 16000 55349 12 16000 25000 12 16000 25000 53344
1791391823958258 10 0 10 0 10 10 0 0 0 0 0 0 1 0 0 0 1800 1802 1802 3 1799 0 0 0 76216228 8312286 0 8165282 332714 115804 92609868 1809542 24949994 10484586593 10471296484 0 5189462606 2903463360 91.306652 10 118 157007 24082 4 64 120 160000 250000 0 0 53349 12 16000 25000 12 16000 25000 53344
1791391828973342 10 0 9 1 10 10 0 0 0 0 0 0 0 1 1 0 1800 1803 1802 3 1799 0 0 0 76216870 8312294 0 8165282 332769 125266 97614462 1809693 24950099 10484586593 10471296484 0 5189462606 2903463360 91.305950 10 118 157007 23470 3 59 120 160000 250000 12 16000 55349 12 16000 25000 12 16000 25000 53344
1791391832943910 10 0 10 0 10 10 0 0 0 0 0 0 0 0 0 0 1800 1803 1803 3 1800 0 0 0 76216872 9358658 0 9211469 332884 125286 100538301 1809889 24950099 10489504827 10476214718 0 5189462606 3318243840 94.811930 10 118 157007 23470 3 53 120 160000 250000 0 0 53349 12 16000 25000 12 16000 25000 53344
1791391833026959 0 0 0 0 0 10 10 10 0 0 0 0 0 0 0 0 1800 1803 1803 3 1800 0 0 0 76216872 9358658 0 9211469 332884 125286 100538301 1809889 24950099 10489504827 10476214718 0 5189462606 3318243840 94.811930 10 120 160000 23674 5 51 0 0 0 0 0 0 0 0 0 0 0 0 0
