# timestamp workers_connected workers_init workers_idle workers_busy workers_able workers_joined workers_removed workers_released workers_idled_out workers_blocked workers_slow workers_lost tasks_waiting tasks_on_workers tasks_running tasks_with_results tasks_submitted tasks_dispatched tasks_done tasks_failed tasks_successful tasks_cancelled tasks_exhausted_attempts tasks_recovery time_send time_receive time_send_good time_receive_good time_status_msgs time_internal time_polling time_application time_scheduling time_execute time_execute_good time_execute_exhaustion bytes_sent bytes_received bandwidth capacity_tasks capacity_cores capacity_memory capacity_disk capacity_instantaneous capacity_weighted total_cores total_memory total_disk committed_cores committed_memory committed_disk max_cores max_memory max_disk min_cores min_memory min_disk inuse_cache
1790010327142868 0 0 0 0 0 0 0 0 0 0 0 0 0 0 0 0 0 0 0 0 0 0 0 0 0 0 0 0 0 0 0 0 0 0 0 0 0 0 1.000000 0 0 0 0 0 0 0 0 0 0 0 0 0 0 0 0 0 0 0
1790010327154213 0 0 0 0 0 0 0 0 0 0 0 0 0 0 0 0 0 0 0 0 0 0 0 0 0 0 0 0 0 0 0 0 0 0 0 0 0 0 1.000000 10 10 5120 10240 10 10 0 0 0 0 0 0 0 0 0 0 0 0 0
1790010332191462 0 0 0 0 0 0 0 0 0 0 0 0 451 0 0 0 450 0 0 0 0 0 0 0 0 0 0 0 0 0 0 0 0 0 0 0 0 0 1.000000 10 10 5120 10240 10 10 0 0 0 0 0 0 0 0 0 0 0 0 0
1790010345046240 4 1 4 0 4 4 0 0 0 0 0 0 674 1 1 0 675 0 0 0 0 0 0 0 0 6845 0 0 27491 90636 9270111 5053680 72 0 0 0 328856177 0 1.000000 10 10 5120 10240 10 10 48 64000 100000 0 0 0 12 16000 25000 12 16000 25000 314
1790010345046416 4 1 3 1 4 4 0 0 0 0 0 0 674 1 1 0 675 1 0 0 0 0 0 0 3410153 6845 0 0 27491 90636 9270111 5053680 72 0 0 0 328856177 0 91.782813 10 10 5120 10240 10 10 48 64000 100000 12 16000 2314 12 16000 25000 12 16000 25000 314
1790010349525124 10 0 8 2 10 10 0 0 0 0 0 0 672 2 2 0 675 3 1 0 1 0 0 0 7881306 8118 0 1191 33596 90687 9270148 5053745 386 2707534 2707534 0 995838097 0 120.377003 10 10 5120 10240 10 10 120 160000 250000 24 32000 5506 12 16000 25000 12 16000 25000 637
1790010350129341 10 0 1 9 10 10 0 0 0 0 0 0 640 33 33 0 675 35 2 0 2 0 0 0 8483546 9270 0 2283 34177 90720 9270158 5053922 1132 5297201 5297201 0 1043930697 0 117.224946 10 120 160000 20000 1 10 120 160000 250000 108 144000 34894 12 16000 25000 12 16000 25000 378
1790010350722223 10 0 0 10 10 10 0 0 0 0 0 0 636 36 36 0 675 39 3 0 3 0 0 0 8526802 9361 0 2300 34408 90752 9819245 5054079 4934 6226486 6226486 0 1050063999 0 117.314895 10 120 160000 20000 2 10 120 160000 250000 117 156000 37902 12 16000 25000 12 16000 25000 384
1790010350958433 10 0 0 10 10 10 0 0 0 0 0 0 635 36 36 0 675 40 4 0 4 0 0 0 8540770 9454 0 2316 34497 90772 10041056 5054287 7052 7396828 7396828 0 1051345912 0 117.264950 10 90 120000 16667 127 22 120 160000 250000 117 156000 37895 12 16000 25000 12 16000 25000 384
1790010351737894 10 0 0 10 10 10 0 0 0 0 0 0 634 36 36 0 675 41 5 0 5 0 0 0 8546940 9549 0 2332 34602 90805 10813986 5054392 10847 9577264 9577264 0 1052911060 0 117.353535 10 75 100000 15000 138 34 120 160000 250000 117 156000 37892 12 16000 25000 12 16000 25000 387
1790010352067718 10 0 0 10 10 10 0 0 0 0 0 0 633 36 36 0 675 42 6 0 6 0 0 0 8562761 9640 0 2356 34685 90828 11127634 5054525 14102 11722770 11722770 0 1054461070 0 117.308143 10 66 88000 14000 69 38 120 160000 250000 117 156000 37886 12 16000 25000 12 16000 25000 390
1790010352233086 10 0 0 10 10 10 0 0 0 0 0 0 632 36 36 0 675 43 7 0 7 0 0 0 8618548 9715 0 2369 34775 90848 11236906 5054624 16522 14168645 14168645 0 1056030086 0 116.722076 10 60 80000 13334 50 40 120 160000 250000 117 156000 37888 12 16000 25000 12 16000 25000 393
1790010352322881 10 0 1 9 10 10 0 0 0 0 0 0 631 36 36 0 675 44 8 0 8 0 0 0 8625501 10875 0 3469 34862 90898 11318345 5054703 21418 16954577 16954577 0 1057620096 0 116.788005 10 56 74286 12858 406 77 120 160000 250000 108 144000 36127 12 16000 25000 12 16000 25000 64
1790010353073747 10 0 0 10 10 10 0 0 0 0 0 0 627 39 39 0 675 48 9 0 9 0 0 0 8691655 10958 0 3481 35039 90920 12002668 5054789 24482 17639975 17639975 0 1063573098 0 116.551471 10 64 85000 13750 2 71 120 160000 250000 117 156000 39131 12 16000 25000 12 16000 25000 68
1790010353957002 10 0 0 10 10 10 0 0 0 0 0 0 626 39 39 0 675 49 10 0 10 0 0 0 8707860 11051 0 3497 35133 90941 12869293 5054977 27820 22037840 22037840 0 1065133087 0 116.504236 10 60 80000 13334 150 79 120 160000 250000 117 156000 39139 12 16000 25000 12 16000 25000 75
1790010354143708 10 0 0 10 10 10 0 0 0 0 0 0 625 39 39 0 675 50 11 0 11 0 0 0 8712610 11133 0 3511 35222 90960 13050905 5055109 30720 26208811 26208811 0 1066692560 0 116.610186 10 57 76000 13000 139 85 120 160000 250000 117 156000 39146 12 16000 25000 12 16000 25000 82
1790010354817777 10 0 0 10 10 10 0 0 0 0 0 0 624 39 39 0 675 51 12 0 12 0 0 0 8717273 11215 0 3526 35318 90981 13720013 5055189 33640 31466646 31466646 0 1068251296 0 116.717102 10 55 72728 12728 130 91 120 160000 250000 117 156000 39154 12 16000 25000 12 16000 25000 90
1790010354881192 10 0 0 10 10 10 0 0 0 0 0 0 623 39 39 0 675 52 13 0 13 0 0 0 8722195 11288 0 3538 35402 90995 13778194 5055309 36573 36786674 36786674 0 1069777967 0 116.817056 10 53 70000 12500 168 99 120 160000 250000 117 156000 39162 12 16000 25000 12 16000 25000 98
1790010354970254 10 0 0 10 10 10 0 0 0 0 0 0 622 39 39 0 675 53 14 0 14 0 0 0 8727019 11361 0 3551 35489 91012 13862165 5055380 39472 42091207 42091207 0 1071306936 0 116.918457 10 51 67693 12308 1294 216 120 160000 250000 117 156000 39161 12 16000 25000 12 16000 25000 106
1790010354985995 10 0 0 10 10 10 0 0 0 0 0 0 621 39 39 0 675 54 15 0 15 0 0 0 8731863 11434 0 3562 35581 91036 13872768 5055461 42491 47463736 47463736 0 1072870292 0 117.023228 10 50 65715 12143 237 219 120 160000 250000 117 156000 39169 12 16000 25000 12 16000 25000 114
1790010355018533 10 0 0 10 10 10 0 0 0 0 0 0 620 39 39 0 675 55 16 0 16 0 0 0 8764171 11504 0 3574 35636 91045 13872774 5055534 42940 52880401 52880401 0 1074395716 0 116.757241 10 48 64000 12000 239 221 120 160000 250000 117 156000 39177 12 16000 25000 12 16000 25000 123
1790010355025562 10 0 0 10 10 10 0 0 0 0 0 0 619 39 39 0 675 56 17 0 17 0 0 0 8769711 11582 0 3586 35714 91064 13874010 5055592 45913 57963757 57963757 0 1075918594 0 116.847932 10 47 62500 11875 126 213 120 160000 250000 117 156000 39186 12 16000 25000 12 16000 25000 131
1790010355164859 10 0 0 10 10 10 0 0 0 0 0 0 618 39 39 0 675 57 18 0 18 0 0 0 8774245 11659 0 3601 35801 91083 14008518 5055643 48794 63323881 63323881 0 1077437177 0 116.951444 10 46 61177 11765 224 215 120 160000 250000 117 156000 39185 12 16000 25000 12 16000 25000 138
1790010355199990 10 0 0 10 10 10 0 0 0 0 0 0 617 39 39 0 675 58 19 0 19 0 0 0 8778967 11737 0 3616 35884 91099 14038638 5055732 51671 68488169 68488169 0 1078663274 0 117.020600 10 45 60000 11667 1064 338 120 160000 250000 117 156000 39183 12 16000 25000 12 16000 25000 144
1790010355202925 10 0 0 10 10 10 0 0 0 0 0 0 616 39 39 0 675 59 20 0 20 0 0 0 8781684 11808 0 3628 35932 91109 14038646 5055796 52494 73811090 73811090 0 1080215845 0 117.151879 10 45 58948 11579 81 314 120 160000 250000 117 156000 39190 12 16000 25000 12 16000 25000 153
1790010355205581 10 0 0 10 10 10 0 0 0 0 0 0 615 39 39 0 675 60 21 0 21 0 0 0 8784113 11878 0 3639 35996 91129 14038651 5055846 52926 79221286 79221286 0 1081827863 0 117.293372 10 44 58000 11500 164 300 120 160000 250000 117 156000 39197 12 16000 25000 12 16000 25000 160
1790010355284187 10 0 0 10 10 10 0 0 0 0 0 0 614 39 39 0 675 61 22 0 22 0 0 0 8789332 11954 0 3654 36100 91148 14111776 5055893 55846 84703805 84703805 0 1083389765 0 117.392049 10 43 57143 11429 693 339 120 160000 250000 117 156000 39199 12 16000 25000 12 16000 25000 167
1790010355364088 10 0 0 10 10 10 0 0 0 0 0 0 613 39 39 0 675 62 23 0 23 0 0 0 8804828 12027 0 3665 36184 91168 14175915 5055963 58734 90423615 90423615 0 1084910781 0 117.349276 10 43 56364 11364 781 383 120 160000 250000 117 156000 39207 12 16000 25000 12 16000 25000 175
1790010355500881 10 0 0 10 10 10 0 0 0 0 0 0 612 39 39 0 675 63 24 0 24 0 0 0 8811946 12110 0 3677 36262 91187 14305309 5056045 61622 95753081 95753081 0 1086428131 0 117.417501 10 42 55653 11305 181 364 120 160000 250000 117 156000 39206 12 16000 25000 12 16000 25000 184
1790010355553161 10 0 0 10 10 10 0 0 0 0 0 0 611 39 39 0 675 64 25 0 25 0 0 0 8818282 12185 0 3689 36350 91203 14350972 5056122 64464 101136121 101136121 0 1087997345 0 117.501727 10 42 55000 11250 1127 440 120 160000 250000 117 156000 39215 12 16000 25000 12 16000 25000 192
1790010355567423 10 0 0 10 10 10 0 0 0 0 0 0 610 39 39 0 675 65 26 0 26 0 0 0 8832308 12263 0 3700 36405 91210 14350978 5056193 64890 106892309 106892309 0 1089562742 0 117.483143 10 41 54400 11200 194 417 120 160000 250000 117 156000 39222 12 16000 25000 12 16000 25000 199
1790010355600900 10 0 0 10 10 10 0 0 0 0 0 0 609 39 39 0 675 66 27 0 27 0 0 0 8849707 12336 0 3712 36482 91227 14366827 5056235 67754 112324657 112324657 0 1091128522 0 117.420018 11 45 59231 12270 396 415 120 160000 250000 117 156000 39230 12 16000 25000 12 16000 25000 207
1790010355605805 10 0 0 10 10 10 0 0 0 0 0 0 608 39 39 0 675 67 28 0 28 0 0 0 8854363 12411 0 3723 36552 91240 14366843 5056291 69774 117761962 117761962 0 1092641599 0 117.520107 11 44 58667 12223 140 389 120 160000 250000 117 156000 39238 12 16000 25000 12 16000 25000 215
1790010355904273 10 0 0 10 10 10 0 0 0 0 0 0 607 39 39 0 675 68 29 0 29 0 0 0 8860798 12491 0 3736 36644 91259 14658617 5056342 72615 118455869 118455869 0 1094213628 0 117.602778 12 48 63429 13286 146 366 120 160000 250000 117 156000 39239 12 16000 25000 12 16000 25000 216
1790010356086983 10 0 0 10 10 10 0 0 0 0 0 0 606 39 39 0 675 69 30 0 30 0 0 0 8875230 12569 0 3750 36733 91277 14826587 5056443 75462 123807017 123807017 0 1095476497 0 117.546290 12 48 62897 13242 150 346 120 160000 250000 117 156000 39245 12 16000 25000 12 16000 25000 223
1790010356088952 10 0 0 10 10 10 0 0 0 0 0 0 605 39 39 0 675 70 31 0 31 0 0 0 8876966 12639 0 3761 36781 91285 14826593 5056527 75899 130111587 130111587 0 1097033785 0 117.689475 13 51 67600 14300 403 352 120 160000 250000 117 156000 39251 12 16000 25000 12 16000 25000 231
1790010356122829 10 0 0 10 10 10 0 0 0 0 0 0 604 39 39 0 675 71 32 0 32 0 0 0 8882020 12720 0 3775 36920 91304 14855115 5056570 78756 130651360 130651360 0 1098584136 0 117.787757 13 51 67097 14259 962 412 120 160000 250000 117 156000 39254 12 16000 25000 12 16000 25000 231
1790010356284119 10 0 0 10 10 10 0 0 0 0 0 0 603 39 39 0 675 72 33 0 33 0 0 0 8926888 12792 0 3786 37004 91320 14971283 5056635 81586 137157997 137157997 0 1100102228 0 117.357583 13 50 66625 14219 35 377 120 160000 250000 117 156000 39263 12 16000 25000 12 16000 25000 240
1790010356296581 10 0 0 10 10 10 0 0 0 0 0 0 602 39 39 0 675 73 34 0 34 0 0 0 8931638 12879 0 3800 37091 91335 14978723 5056698 84440 143655653 143655653 0 1101624759 0 117.456453 14 54 71273 15273 58 347 120 160000 250000 117 156000 39271 12 16000 25000 12 16000 25000 248
1790010356300155 10 0 0 10 10 10 0 0 0 0 0 0 601 39 39 0 675 74 35 0 35 0 0 0 8934950 12949 0 3810 37138 91348 14978733 5056802 85658 150174896 150174896 0 1103178910 0 117.577701 14 54 70824 15236 1009 413 120 160000 250000 117 156000 39277 12 16000 25000 12 16000 25000 256
1790010356357625 10 0 0 10 10 10 0 0 0 0 0 0 600 39 39 0 675 75 36 0 36 0 0 0 8969007 13025 0 3823 37254 91364 15001863 5056855 88491 156683506 156683506 0 1104733356 0 117.295933 15 57 75429 16286 1274 498 120 160000 250000 117 156000 39287 12 16000 25000 12 16000 25000 264
1790010356408072 10 0 0 10 10 10 0 0 0 0 0 0 599 39 39 0 675 76 37 0 37 0 0 0 8976187 13100 0 3835 37353 91389 15044836 5056929 93664 163301694 163301694 0 1106300767 0 117.367554 15 57 75000 16250 153 465 120 160000 250000 117 156000 39295 12 16000 25000 12 16000 25000 272
1790010356420078 10 0 0 10 10 10 0 0 0 0 0 0 598 39 39 0 675 77 38 0 38 0 0 0 8987977 13172 0 3846 37400 91396 15044842 5056995 94095 169618051 169618051 0 1107859514 0 117.378033 16 60 79568 17298 1103 528 120 160000 250000 117 156000 39301 12 16000 25000 12 16000 25000 280
1790010356423396 10 0 0 10 10 10 0 0 0 0 0 0 597 39 39 0 675 78 39 0 39 0 0 0 8991048 13248 0 3858 37469 91416 15044855 5057046 95704 176231114 176231114 0 1109398167 0 117.499973 17 64 84106 18343 90 487 120 160000 250000 117 156000 39309 12 16000 25000 12 16000 25000 289
1790010356459728 10 0 0 10 10 10 0 0 0 0 0 0 596 39 39 0 675 79 40 0 40 0 0 0 8995684 13328 0 3871 37581 91432 15076267 5057094 98558 177321770 177321770 0 1110957558 0 117.603539 17 63 83693 18308 998 538 120 160000 250000 117 156000 39312 12 16000 25000 12 16000 25000 290
1790010356532066 10 0 0 10 10 10 0 0 0 0 0 0 595 39 39 0 675 80 41 0 41 0 0 0 9021009 13405 0 3884 37653 91448 15122993 5057193 101372 178286017 178286017 0 1112503933 0 117.436109 17 63 83300 18275 228 509 120 160000 250000 117 156000 39312 12 16000 25000 12 16000 25000 291
1790010356550192 10 0 0 10 10 10 0 0 0 0 0 0 594 39 39 0 675 81 42 0 42 0 0 0 9025862 13483 0 3898 37732 91463 15136006 5057257 104148 185040762 185040762 0 1114014659 0 117.531433 17 63 82927 18244 67 466 120 160000 250000 117 156000 39321 12 16000 25000 12 16000 25000 299
1790010356576740 10 0 0 10 10 10 0 0 0 0 0 0 593 39 39 0 675 82 43 0 43 0 0 0 9052117 13562 0 3909 37815 91486 15136036 5057316 108515 191809551 191809551 0 1115553533 0 117.351911 18 66 87429 19286 1113 530 120 160000 250000 117 156000 39330 12 16000 25000 12 16000 25000 308
1790010356852401 10 0 0 10 10 10 0 0 0 0 0 0 592 39 39 0 675 83 44 0 44 0 0 0 9059246 13640 0 3922 37917 91520 15404267 5057380 113671 198531458 198531458 0 1117105064 0 117.421778 19 69 91907 20326 1177 594 120 160000 250000 117 156000 39339 12 16000 25000 12 16000 25000 316
1790010356859446 10 0 0 10 10 10 0 0 0 0 0 0 591 39 39 0 675 84 45 0 45 0 0 0 9065960 13718 0 3933 38001 91538 15404318 5057455 118387 200506845 200506845 0 1118620162 0 117.493078 19 69 91546 20296 460 582 120 160000 250000 117 156000 39342 12 16000 25000 12 16000 25000 319
1790010356897289 10 0 0 10 10 10 0 0 0 0 0 0 590 39 39 0 675 85 46 0 46 0 0 0 9070613 13789 0 3944 38080 91556 15437243 5057532 121205 207286803 207286803 0 1120126630 0 117.590128 19 69 91200 20267 736 598 120 160000 250000 117 156000 39350 12 16000 25000 12 16000 25000 327
1790010356927892 10 0 0 10 10 10 0 0 0 0 0 0 589 39 39 0 675 86 47 0 47 0 0 0 9085005 13863 0 3956 38166 91573 15453189 5057597 124019 209185270 209185270 0 1121643466 0 117.562159 20 72 95653 21305 296 569 120 160000 250000 117 156000 39353 12 16000 25000 12 16000 25000 330
1790010357116916 10 0 0 10 10 10 0 0 0 0 0 0 588 39 39 0 675 87 48 0 48 0 0 0 9089536 13940 0 3967 38259 91587 15637416 5057659 126827 214551321 214551321 0 1123206238 0 117.666366 20 72 95320 21277 513 565 120 160000 250000 117 156000 39361 12 16000 25000 12 16000 25000 338
1790010357270801 10 0 0 10 10 10 0 0 0 0 0 0 587 39 39 0 675 88 49 0 49 0 0 0 9095478 14014 0 3980 38345 91608 15785097 5057721 130393 219699112 219699112 0 1124758379 0 117.751152 21 75 99750 22313 422 552 120 160000 250000 117 156000 39369 12 16000 25000 12 16000 25000 346
1790010357335185 10 0 0 10 10 10 0 0 0 0 0 0 586 39 39 0 675 89 50 0 50 0 0 0 9100046 14094 0 3995 38424 91624 15844657 5057783 133182 226071069 226071069 0 1126299675 0 117.852378 21 75 99429 22286 94 509 120 160000 250000 117 156000 39378 12 16000 25000 12 16000 25000 355
1790010357448055 10 0 0 10 10 10 0 0 0 0 0 0 585 39 39 0 675 90 51 0 51 0 0 0 9134497 14170 0 4007 38513 91641 15922812 5057846 135926 226937837 226937837 0 1127822055 0 117.566300 41 139 184082 42674 1391 596 120 160000 250000 117 156000 39379 12 16000 25000 12 16000 25000 355
1790010357476195 10 0 0 10 10 10 0 0 0 0 0 0 584 39 39 0 675 91 52 0 52 0 0 0 9138991 14246 0 4019 38603 91656 15946171 5057930 138694 229440442 229440442 0 1129333409 0 117.665069 73 233 309878 74490 199 559 120 160000 250000 117 156000 39384 12 16000 25000 12 16000 25000 359
1790010357663001 10 0 0 10 10 10 0 0 0 0 0 0 583 39 39 0 675 92 53 0 53 0 0 0 9144304 14326 0 4035 38688 91676 16127381 5058009 141921 234725064 234725064 0 1130891898 0 117.758066 74 236 314123 75511 795 583 120 160000 250000 117 156000 39390 12 16000 25000 12 16000 25000 366
1790010358110906 10 0 0 10 10 10 0 0 0 0 0 0 582 39 39 0 675 93 54 0 54 0 0 0 9149517 14411 0 4049 38770 91693 16569794 5058083 144704 236547368 236547368 0 1132165152 0 117.822491 74 236 314123 75511 99 536 120 160000 250000 117 156000 39391 12 16000 25000 12 16000 25000 368
1790010358139939 10 0 0 10 10 10 0 0 0 0 0 0 581 39 39 0 675 94 55 0 55 0 0 0 9154043 14488 0 4063 38853 91709 16594020 5058164 147480 237777286 237777286 0 1133687570 0 117.921695 74 236 314123 75511 424 526 120 160000 250000 117 156000 39392 12 16000 25000 12 16000 25000 369
1790010358394725 10 0 0 10 10 10 0 0 0 0 0 0 580 39 39 0 675 95 56 0 56 0 0 0 9163181 14565 0 4077 38941 91735 16839384 5058229 152962 242211258 242211258 0 1135208308 0 117.961317 75 239 318368 76531 98 485 120 160000 250000 117 156000 39399 12 16000 25000 12 16000 25000 375
1790010358641050 10 0 0 10 10 10 0 0 0 0 0 0 579 39 39 0 675 96 57 0 57 0 0 0 9167757 14661 0 4091 39046 91752 17080813 5058310 155749 248467039 248467039 0 1136735898 0 118.059952 76 242 322613 77552 1263 561 120 160000 250000 117 156000 39408 12 16000 25000 12 16000 25000 383
1790010358695435 10 0 0 10 10 10 0 0 0 0 0 0 578 39 39 0 675 97 58 0 58 0 0 0 9172548 14753 0 4108 39127 91771 17130079 5058424 158523 254787387 254787387 0 1138250145 0 118.154388 218 654 872000 218000 105 518 120 160000 250000 117 156000 39416 12 16000 25000 12 16000 25000 391
1790010358750497 10 0 0 10 10 10 0 0 0 0 0 0 577 39 39 0 675 98 59 0 59 0 0 0 9177491 14826 0 4120 39226 91787 17179920 5058488 161664 257114865 257114865 0 1139808226 0 118.251561 213 639 852000 213000 122 481 120 160000 250000 117 156000 39419 12 16000 25000 12 16000 25000 394
1790010358802310 10 0 0 10 10 10 0 0 0 0 0 0 576 39 39 0 675 99 60 0 60 0 0 0 9182220 14899 0 4132 39312 91805 17226742 5058551 164445 263679534 263679534 0 1141326931 0 118.347298 215 645 860000 215000 158 450 120 160000 250000 117 156000 39427 12 16000 25000 12 16000 25000 402
1790010359186682 10 0 0 10 10 10 0 0 0 0 0 0 575 39 39 0 675 100 61 0 61 0 0 0 9186598 14983 0 4147 39409 91823 17606439 5058631 167210 268718016 268718016 0 1142560712 0 118.417781 223 669 892000 223000 1503 553 120 160000 250000 117 156000 39434 12 16000 25000 12 16000 25000 409
1790010359558454 10 0 0 10 10 10 0 0 0 0 0 0 574 39 39 0 675 101 62 0 62 0 0 0 9191293 15077 0 4160 39508 91838 17973178 5058738 169988 275188856 275188856 0 1144072782 0 118.512815 228 684 912000 228000 1172 614 120 160000 250000 117 156000 39442 12 16000 25000 12 16000 25000 418
1790010360109881 10 0 0 10 10 10 0 0 0 0 0 0 573 39 39 0 675 102 63 0 63 0 0 0 9195862 15157 0 4173 39594 91871 18519734 5058821 172732 280477880 280477880 0 1145588013 0 118.609881 227 681 908000 227000 478 602 120 160000 250000 117 156000 39450 12 16000 25000 12 16000 25000 426
1790010360204791 10 0 0 10 10 10 0 0 0 0 0 0 572 39 39 0 675 103 64 0 64 0 0 0 9200475 15233 0 4185 39679 91891 18609745 5058905 175469 285475487 285475487 0 1147142015 0 118.710345 232 696 928000 232000 1862 725 120 160000 250000 117 156000 39458 12 16000 25000 12 16000 25000 433
1790010360389700 10 0 0 10 10 10 0 0 0 0 0 0 571 39 39 0 675 104 65 0 65 0 0 0 9205567 15319 0 4198 39804 91910 18789204 5059009 178608 290845524 290845524 0 1148700103 0 118.804829 235 705 940000 235000 1218 797 120 160000 250000 117 156000 39467 12 16000 25000 12 16000 25000 442
1790010360435154 10 0 0 10 10 10 0 0 0 0 0 0 570 39 39 0 675 105 66 0 66 0 0 0 9211134 15398 0 4211 39898 91931 18828795 5059089 181753 296111024 296111024 0 1150259231 0 118.893284 238 714 952000 238000 161 736 120 160000 250000 117 156000 39473 12 16000 25000 12 16000 25000 448
1790010360468590 10 0 0 10 10 10 0 0 0 0 0 0 569 39 39 0 675 106 67 0 67 0 0 0 9244325 15474 0 4222 39955 91939 18828802 5059168 182202 301557255 301557255 0 1151777485 0 118.622511 242 726 968000 242000 1145 777 120 160000 250000 117 156000 39481 12 16000 25000 12 16000 25000 457
1790010360506831 10 0 0 10 10 10 0 0 0 0 0 0 568 39 39 0 675 107 68 0 68 0 0 0 9250127 15548 0 4233 40044 91954 18860982 5059224 184980 303666240 303666240 0 1153346847 0 118.708811 243 729 972000 243000 1489 847 120 160000 250000 117 156000 39483 12 16000 25000 12 16000 25000 460
1790010360677836 10 0 0 10 10 10 0 0 0 0 0 0 567 39 39 0 675 108 69 0 69 0 0 0 9266839 15634 0 4255 40131 91974 19014996 5059289 188094 306197230 306197230 0 1154846106 0 118.648023 255 765 1020000 255000 719 835 120 160000 250000 117 156000 39486 12 16000 25000 12 16000 25000 463
1790010360873393 10 0 0 10 10 10 0 0 0 0 0 0 566 39 39 0 675 109 70 0 70 0 0 0 9302892 15711 0 4268 40240 91999 19174175 5059375 191214 311564702 311564702 0 1156355330 0 118.342457 260 780 1040000 260000 376 792 120 160000 250000 117 156000 39493 12 16000 25000 12 16000 25000 471
1790010361030530 10 0 0 10 10 10 0 0 0 0 0 0 565 39 39 0 675 110 71 0 71 0 0 0 9307488 15786 0 4280 40325 92015 19326436 5059457 193928 316990548 316990548 0 1157908539 0 118.442045 260 780 1040000 260000 1108 823 120 160000 250000 117 156000 39502 12 16000 25000 12 16000 25000 479
1790010361038218 10 0 0 10 10 10 0 0 0 0 0 0 564 39 39 0 675 111 72 0 72 0 0 0 9312517 15861 0 4291 40405 92034 19328827 5059526 196839 322418833 322418833 0 1159426834 0 118.532460 261 783 1044000 261000 1496 889 120 160000 250000 117 156000 39510 12 16000 25000 12 16000 25000 487
1790010361116105 10 0 0 10 10 10 0 0 0 0 0 0 563 39 39 0 675 112 73 0 73 0 0 0 9317092 15934 0 4302 40515 92049 19401850 5059594 199535 324343786 324343786 0 1160945050 0 118.628565 269 807 1076000 269000 1369 936 120 160000 250000 117 156000 39512 12 16000 25000 12 16000 25000 490
1790010361243205 10 0 0 10 10 10 0 0 0 0 0 0 562 39 39 0 675 113 74 0 74 0 0 0 9321741 16010 0 4315 40593 92064 19524054 5059651 202240 325066090 325066090 0 1162446527 0 118.721885 266 798 1064000 266000 453 890 120 160000 250000 117 156000 39512 12 16000 25000 12 16000 25000 490
1790010361314718 10 0 0 10 10 10 0 0 0 0 0 0 561 39 39 0 675 114 75 0 75 0 0 0 9326091 16086 0 4327 40684 92083 19590938 5059724 204940 330463827 330463827 0 1163999836 0 118.824204 265 795 1060000 265000 52 810 120 160000 250000 117 156000 39520 12 16000 25000 12 16000 25000 497
1790010361395052 10 0 0 10 10 10 0 0 0 0 0 0 560 39 39 0 675 115 76 0 76 0 0 0 9330632 16175 0 4340 40812 92103 19666405 5059790 207689 334996325 334996325 0 1165495202 0 118.917919 265 795 1060000 265000 432 774 120 160000 250000 117 156000 39526 12 16000 25000 12 16000 25000 504
1790010361466051 10 0 0 10 10 10 0 0 0 0 0 0 559 39 39 0 675 116 77 0 77 0 0 0 9335287 16253 0 4352 40900 92119 19732432 5059902 210403 335989729 335989729 0 1167054239 0 119.016724 275 825 1100000 275000 1558 852 120 160000 250000 117 156000 39527 12 16000 25000 12 16000 25000 505
1790010361570718 10 0 0 10 10 10 0 0 0 0 0 0 558 39 39 0 675 117 78 0 78 0 0 0 9339933 16333 0 4368 40976 92136 19832173 5059985 213190 342355373 342355373 0 1168625955 0 119.116810 282 846 1128000 282000 256 795 120 160000 250000 117 156000 39535 12 16000 25000 12 16000 25000 513
1790010361780475 10 0 0 10 10 10 0 0 0 0 0 0 557 39 39 0 675 118 79 0 79 0 0 0 9346911 16410 0 4381 41085 92158 20034658 5060048 218103 347652996 347652996 0 1170183714 0 119.185720 289 867 1156000 289000 1296 845 120 160000 250000 117 156000 39543 12 16000 25000 12 16000 25000 521
1790010361937233 10 0 0 10 10 10 0 0 0 0 0 0 556 39 39 0 675 119 80 0 80 0 0 0 9351549 16489 0 4392 41177 92174 20186473 5060143 220896 352658040 352658040 0 1171746825 0 119.284833 285 855 1140000 285000 232 786 120 160000 250000 117 156000 39551 12 16000 25000 12 16000 25000 529
1790010361984056 10 0 0 10 10 10 0 0 0 0 0 0 555 39 39 0 675 120 81 0 81 0 0 0 9365624 16564 0 4404 41261 92189 20218954 5060215 223582 358067374 358067374 0 1173317031 0 119.264538 284 852 1136000 284000 1213 829 120 160000 250000 117 156000 39557 12 16000 25000 12 16000 25000 536
1790010362052503 10 0 0 10 10 10 0 0 0 0 0 0 554 39 39 0 675 121 82 0 82 0 0 0 9381298 16640 0 4416 41368 92205 20271445 5060277 226244 359407902 359407902 0 1174886339 0 119.223911 287 861 1148000 287000 223 771 120 160000 250000 117 156000 39558 12 16000 25000 12 16000 25000 537
1790010362085157 10 0 0 10 10 10 0 0 0 0 0 0 553 39 39 0 675 122 83 0 83 0 0 0 9413719 16712 0 4428 41420 92214 20271451 5060353 226677 366182876 366182876 0 1176447437 0 118.970989 312 936 1248000 312000 40 701 120 160000 250000 117 156000 39567 12 16000 25000 12 16000 25000 545
1790010362087411 10 0 0 10 10 10 0 0 0 0 0 0 552 39 39 0 675 123 84 0 84 0 0 0 9415740 16791 0 4440 41482 92222 20271458 5060410 227126 371734835 371734835 0 1177974876 0 119.098934 304 912 1216000 304000 263 660 120 160000 250000 117 156000 39573 12 16000 25000 12 16000 25000 554
1790010362225610 10 0 0 10 10 10 0 0 0 0 0 0 551 39 39 0 675 124 85 0 85 0 0 0 9421670 16879 0 4455 41593 92243 20403446 5060449 230985 376684096 376684096 0 1179546033 0 119.181747 304 912 1216000 304000 1728 765 120 160000 250000 117 156000 39584 12 16000 25000 12 16000 25000 562
1790010362311344 10 0 0 10 10 10 0 0 0 0 0 0 550 39 39 0 675 125 86 0 86 0 0 0 9426633 16955 0 4467 41698 92264 20483921 5060521 234104 382901305 382901305 0 1180819280 0 119.246733 318 954 1272000 318000 922 781 120 160000 250000 117 156000 39591 12 16000 25000 12 16000 25000 569
1790010362483154 10 0 0 10 10 10 0 0 0 0 0 0 549 39 39 0 675 126 87 0 87 0 0 0 9450890 17040 0 4479 41779 92283 20631201 5060592 236758 388264380 388264380 0 1182100332 0 119.069187 317 951 1268000 317000 1235 826 120 160000 250000 117 156000 39599 12 16000 25000 12 16000 25000 577
1790010362524595 10 0 0 10 10 10 0 0 0 0 0 0 548 39 39 0 675 127 88 0 88 0 0 0 9458606 17117 0 4491 41866 92299 20664660 5060655 239411 394697450 394697450 0 1183611009 0 119.123303 350 1050 1400000 350000 1795 921 120 160000 250000 117 156000 39608 12 16000 25000 12 16000 25000 585
1790010362710413 10 0 0 10 10 10 0 0 0 0 0 0 547 39 39 0 675 128 89 0 89 0 0 0 9464189 17204 0 4504 41957 92317 20844609 5060727 242066 401106186 401106186 0 1185132223 0 119.205075 351 1053 1404000 351000 1479 976 120 160000 250000 117 156000 39616 12 16000 25000 12 16000 25000 593
1790010362751168 10 0 0 10 10 10 0 0 0 0 0 0 546 39 39 0 675 129 90 0 90 0 0 0 9504673 17282 0 4518 42009 92325 20844616 5060836 242488 407392760 407392760 0 1186716787 0 118.855983 359 1077 1436000 359000 1315 1010 120 160000 250000 117 156000 39624 12 16000 25000 12 16000 25000 602
1790010362763117 10 0 0 10 10 10 0 0 0 0 0 0 545 39 39 0 675 130 91 0 91 0 0 0 9516411 17357 0 4529 42060 92334 20844621 5060888 242908 413987821 413987821 0 1188303196 0 118.867402 351 1053 1404000 351000 142 926 120 160000 250000 117 156000 39630 12 16000 25000 12 16000 25000 610
1790010362908858 10 0 0 10 10 10 0 0 0 0 0 0 544 39 38 1 675 131 92 0 92 0 0 0 9531294 17434 0 4543 42197 92351 20975182 5060932 245568 425993601 420564279 0 1189862364 0 118.836894 331 993 1324000 331000 147 851 120 160000 250000 117 156000 39651 12 16000 25000 12 16000 25000 627
1790010362909038 10 0 0 10 10 10 0 0 0 0 0 0 544 38 38 0 675 131 93 0 93 0 0 0 9531294 17520 0 4557 42197 92358 20975185 5060998 245568 425993601 425993601 0 1189862364 0 118.835824 319 957 1276000 319000 206 789 120 160000 250000 114 152000 38646 12 16000 25000 12 16000 25000 625
1790010362919095 10 0 0 10 10 10 0 0 0 0 0 0 542 39 39 0 675 133 94 0 94 0 0 0 9540908 17597 0 4569 42309 92385 20975365 5061029 250805 431244698 431244698 0 1192978818 0 119.026276 322 966 1288000 322000 1633 873 120 160000 250000 117 156000 39657 12 16000 25000 12 16000 25000 633
1790010362943827 10 0 0 10 10 10 0 0 0 0 0 0 541 39 39 0 675 134 95 0 95 0 0 0 9547775 17681 0 4585 42402 92407 20992917 5061118 255577 437760592 437760592 0 1194501215 0 119.091565 326 978 1304000 326000 1090 895 120 160000 250000 117 156000 39665 12 16000 25000 12 16000 25000 642
1790010362979782 10 0 0 10 10 10 0 0 0 0 0 0 540 39 39 0 675 135 96 0 96 0 0 0 9562484 17756 0 4596 42485 92425 21013890 5061193 258175 444378105 444378105 0 1196030236 0 119.059994 334 1002 1336000 334000 1490 954 120 160000 250000 117 156000 39673 12 16000 25000 12 16000 25000 650
1790010363624037 10 0 0 10 10 10 0 0 0 0 0 0 539 39 39 0 675 136 97 0 97 0 0 0 9567741 17836 0 4609 42580 92442 21652608 5061260 260787 451144663 451144663 0 1197550137 0 119.144920 341 1023 1364000 341000 1483 1007 120 160000 250000 117 156000 39682 12 16000 25000 12 16000 25000 658
1790010363767678 10 0 0 10 10 10 0 0 0 0 0 0 538 39 39 0 675 137 98 0 98 0 0 0 9574825 17917 0 4622 42676 92471 21788843 5061351 265559 457544181 457544181 0 1199092108 0 119.209226 347 1041 1388000 347000 1383 1044 120 160000 250000 117 156000 39690 12 16000 25000 12 16000 25000 666
1790010363857149 10 0 0 10 10 10 0 0 0 0 0 0 537 39 39 0 675 138 99 0 99 0 0 0 9590353 17993 0 4635 42773 92491 21862487 5061435 268579 460081518 460081518 0 1200645053 0 119.169767 360 1080 1440000 360000 196 962 120 160000 250000 117 156000 39692 12 16000 25000 12 16000 25000 669
1790010363983101 10 0 0 10 10 10 0 0 0 0 0 0 536 39 39 0 675 139 100 0 100 0 0 0 9594791 18076 0 4647 42863 92511 21983707 5061517 271205 462280825 462280825 0 1202152515 0 119.263273 354 1062 1416000 354000 516 919 120 160000 250000 117 156000 39695 12 16000 25000 12 16000 25000 672
1790010364053712 10 0 0 10 10 10 0 0 0 0 0 0 535 39 39 0 675 140 101 0 101 0 0 0 9601239 18150 0 4658 42939 92529 22047595 5061604 273791 467528024 467528024 0 1203710113 0 119.336833 357 1071 1428000 357000 707 899 120 160000 250000 117 156000 39702 12 16000 25000 12 16000 25000 679
1790010364065927 10 0 0 10 10 10 0 0 0 0 0 0 534 39 39 0 675 141 102 0 102 0 0 0 9613210 18227 0 4669 42997 92536 22047601 5061681 274223 474134376 474134376 0 1205261961 0 119.341213 360 1080 1440000 360000 1306 940 120 160000 250000 117 156000 39710 12 16000 25000 12 16000 25000 687
1790010364314656 10 0 0 10 10 10 0 0 0 0 0 0 533 39 39 0 675 142 103 0 103 0 0 0 9617608 18303 0 4681 43109 92547 22291662 5061730 276811 474819869 474819869 0 1206487821 0 119.407127 387 1161 1548000 387000 584 907 120 160000 250000 117 156000 39711 12 16000 25000 12 16000 25000 687
1790010364488945 10 0 0 10 10 10 0 0 0 0 0 0 532 39 39 0 675 143 104 0 104 0 0 0 9643391 18382 0 4695 43192 92566 22439892 5061806 279849 479195116 479195116 0 1208048209 0 119.241525 385 1155 1540000 385000 140 833 120 160000 250000 117 156000 39718 12 16000 25000 12 16000 25000 694
1790010364637689 10 0 0 10 10 10 0 0 0 0 0 0 531 39 39 0 675 144 105 0 105 0 0 0 9647940 18462 0 4709 43272 92597 22583796 5061886 282430 481834610 481834610 0 1209611231 0 119.338629 396 1188 1584000 396000 1207 870 120 160000 250000 117 156000 39720 12 16000 25000 12 16000 25000 697
1790010364649100 10 0 0 10 10 10 0 0 0 0 0 0 530 39 39 0 675 145 106 0 106 0 0 0 9652539 18537 0 4721 43360 92611 22590336 5061959 285035 488368267 488368267 0 1211129607 0 119.430682 386 1158 1544000 386000 190 804 120 160000 250000 117 156000 39729 12 16000 25000 12 16000 25000 705
1790010364929951 10 0 0 10 10 10 0 0 0 0 0 0 529 39 39 0 675 146 107 0 107 0 0 0 9657598 18619 0 4734 43459 92627 22865843 5062028 287661 494652473 494652473 0 1212656370 0 119.517704 425 1275 1700000 425000 1504 873 120 160000 250000 117 156000 39738 12 16000 25000 12 16000 25000 713
1790010365028340 10 0 0 10 10 10 0 0 0 0 0 0 528 39 39 0 675 147 108 0 108 0 0 0 9663311 18698 0 4746 43546 92646 22958207 5062135 290235 500980847 500980847 0 1214220307 0 119.600253 464 1392 1856000 464000 1406 926 120 160000 250000 117 156000 39746 12 16000 25000 12 16000 25000 721
1790010365201683 10 0 0 10 10 10 0 0 0 0 0 0 527 39 39 0 675 148 109 0 109 0 0 0 9668323 18777 0 4759 43643 92669 23126232 5062221 293244 503223688 503223688 0 1215725687 0 119.685599 481 1443 1924000 481000 1453 978 120 160000 250000 117 156000 39749 12 16000 25000 12 16000 25000 724
1790010365274499 10 0 0 10 10 10 0 0 0 0 0 0 526 39 39 0 675 149 110 0 110 0 0 0 9723973 18852 0 4771 43735 92689 23143108 5062300 295814 504005896 504005896 0 1217237857 0 119.149064 463 1389 1852000 463000 152 898 120 160000 250000 117 156000 39749 12 16000 25000 12 16000 25000 725
1790010365357481 10 0 0 10 10 10 0 0 0 0 0 0 525 39 39 0 675 150 111 0 111 0 0 0 9728756 18928 0 4783 43832 92704 23220992 5062407 298376 509154421 509154421 0 1218801443 0 119.242646 456 1368 1824000 456000 248 807 120 160000 250000 117 156000 39758 12 16000 25000 12 16000 25000 733
1790010365491649 10 0 0 10 10 10 0 0 0 0 0 0 524 39 39 0 675 151 112 0 112 0 0 0 9752742 19008 0 4796 43954 92720 23330861 5062481 300950 515890944 515890944 0 1220314583 0 119.096649 462 1386 1848000 462000 1302 856 120 160000 250000 117 156000 39765 12 16000 25000 12 16000 25000 741
1790010365513960 10 0 0 10 10 10 0 0 0 0 0 0 523 39 39 0 675 152 113 0 113 0 0 0 9774806 19090 0 4809 44000 92729 23330866 5062562 301410 519985982 519985982 0 1221937619 0 118.985389 463 1389 1852000 463000 1511 921 120 160000 250000 117 156000 39770 12 16000 25000 12 16000 25000 748
1790010365607708 10 0 0 10 10 10 0 0 0 0 0 0 522 39 39 0 675 153 114 0 114 0 0 0 9779229 19167 0 4821 44116 92745 23419903 5062620 303980 524473082 524473082 0 1223489168 0 119.081755 444 1332 1776000 444000 174 849 120 160000 250000 117 156000 39779 12 16000 25000 12 16000 25000 755
1790010365657629 10 0 0 10 10 10 0 0 0 0 0 0 521 39 39 0 675 154 115 0 115 0 0 0 9784953 19242 0 4833 44202 92767 23463819 5062700 306952 529096530 529096530 0 1225054604 0 119.163594 468 1404 1872000 468000 1035 868 120 160000 250000 117 156000 39786 12 16000 25000 12 16000 25000 762
1790010365691657 10 0 0 10 10 10 0 0 0 0 0 0 520 39 39 0 675 155 116 0 116 0 0 0 9790183 19318 0 4845 44295 92783 23492343 5062764 309931 534394692 534394692 0 1226618972 0 119.251225 468 1404 1872000 468000 1330 914 120 160000 250000 117 156000 39794 12 16000 25000 12 16000 25000 770
1790010365853836 10 0 0 10 10 10 0 0 0 0 0 0 519 39 39 0 675 156 117 0 117 0 0 0 9794803 19397 0 4857 44396 92799 23649611 5062838 312556 538779133 538779133 0 1227885291 0 119.317180 468 1404 1872000 468000 1469 969 120 160000 250000 117 156000 39801 12 16000 25000 12 16000 25000 776
1790010366144151 10 0 0 10 10 10 0 0 0 0 0 0 518 39 39 0 675 157 118 0 118 0 0 0 9799404 19479 0 4868 44484 92816 23935033 5062921 315200 545360288 545360288 0 1229448821 0 119.412133 472 1416 1888000 472000 1392 1012 120 160000 250000 117 156000 39809 12 16000 25000 12 16000 25000 785
1790010366299734 10 0 0 10 10 10 0 0 0 0 0 0 517 39 39 0 675 158 119 0 119 0 0 0 9814599 19553 0 4880 44563 92835 24075147 5063001 317745 550783283 550783283 0 1231010068 0 119.378131 483 1449 1932000 483000 1515 1062 120 160000 250000 117 156000 39816 12 16000 25000 12 16000 25000 793
1790010366337271 10 0 0 10 10 10 0 0 0 0 0 0 516 39 39 0 675 159 120 0 120 0 0 0 9819610 19634 0 4892 44644 92855 24107394 5063078 320708 552477872 552477872 0 1232557957 0 119.466380 484 1452 1936000 484000 1717 1127 120 160000 250000 117 156000 39818 12 16000 25000 12 16000 25000 795
1790010366376358 10 0 0 10 10 10 0 0 0 0 0 0 515 39 39 0 675 160 121 0 121 0 0 0 9824078 19711 0 4904 44730 92871 24141751 5063141 323244 556624863 556624863 0 1233832875 0 119.534736 476 1428 1904000 476000 353 1053 120 160000 250000 117 156000 39824 12 16000 25000 12 16000 25000 801
1790010366507205 10 0 0 10 10 10 0 0 0 0 0 0 514 39 39 0 675 161 122 0 122 0 0 0 9828493 19793 0 4917 44847 92888 24267870 5063217 325773 561885656 561885656 0 1235349815 0 119.627049 474 1422 1896000 474000 1159 1064 120 160000 250000 117 156000 39832 12 16000 25000 12 16000 25000 809
1790010366574345 10 0 0 10 10 10 0 0 0 0 0 0 513 39 39 0 675 162 123 0 123 0 0 0 9833015 19873 0 4928 44930 92905 24330182 5063324 328318 567418570 567418570 0 1236617963 0 119.693920 481 1443 1924000 481000 1742 1131 120 160000 250000 117 156000 39840 12 16000 25000 12 16000 25000 817
1790010366828501 10 0 0 10 10 10 0 0 0 0 0 0 512 39 39 0 675 163 124 0 124 0 0 0 9837679 19969 0 4956 45035 92924 24579348 5063411 330850 568389884 568389884 0 1238162599 0 119.785558 502 1506 2008000 502000 1824 1199 120 160000 250000 117 156000 39841 12 16000 25000 12 16000 25000 818
1790010366881195 10 0 0 10 10 10 0 0 0 0 0 0 511 39 38 1 675 164 125 0 125 0 0 0 9890042 20044 0 4968 45134 92932 24579355 5063535 331284 571148858 568949202 0 1239744996 0 119.304006 503 1509 2012000 503000 308 1113 120 160000 250000 117 156000 39845 12 16000 25000 12 16000 25000 821
1790010366881362 10 0 0 10 10 10 0 0 0 0 0 0 511 38 38 0 675 164 126 0 126 0 0 0 9890042 20125 0 4987 45134 92940 24579358 5063594 331284 571148858 571148858 0 1239744996 0 119.303031 475 1425 1900000 475000 26 1008 120 160000 250000 114 152000 38840 12 16000 25000 12 16000 25000 820
1790010367016797 10 0 0 10 10 10 0 0 0 0 0 0 509 39 39 0 675 166 127 0 127 0 0 0 9907394 20203 0 5001 45244 92960 24697174 5063631 335052 576214615 576214615 0 1242837417 0 119.390636 452 1356 1808000 452000 68 917 120 160000 250000 117 156000 39851 12 16000 25000 12 16000 25000 830
1790010367127074 10 0 0 10 10 10 0 0 0 0 0 0 508 39 39 0 675 167 128 0 128 0 0 0 9914143 20287 0 5017 45339 92981 24800384 5063724 339656 582872073 582872073 0 1244397438 0 119.458276 442 1326 1768000 442000 372 865 120 160000 250000 117 156000 39860 12 16000 25000 12 16000 25000 838
1790010367469579 10 0 0 10 10 10 0 0 0 0 0 0 507 39 39 0 675 168 129 0 129 0 0 0 9921016 20367 0 5032 45429 93005 25135725 5063799 344221 588250951 588250951 0 1245947649 0 119.523438 435 1305 1740000 435000 195 801 120 160000 250000 117 156000 39869 12 16000 25000 12 16000 25000 846
1790010367523155 10 0 0 10 10 10 0 0 0 0 0 0 506 39 39 0 675 169 130 0 130 0 0 0 9925938 20443 0 5044 45516 93022 25184098 5063878 347129 593439361 593439361 0 1247500838 0 119.612300 436 1308 1744000 436000 1711 891 120 160000 250000 117 156000 39875 12 16000 25000 12 16000 25000 853
1790010367534584 10 0 0 10 10 10 0 0 0 0 0 0 505 39 39 0 675 170 131 0 131 0 0 0 9930224 20516 0 5055 45614 93045 25190951 5063955 349606 595361791 595361791 0 1249028240 0 119.706288 437 1311 1748000 437000 224 827 120 160000 250000 117 156000 39878 12 16000 25000 12 16000 25000 856
1790010367847317 10 0 0 10 10 10 0 0 0 0 0 0 504 39 39 0 675 171 132 0 132 0 0 0 9934704 20597 0 5069 45714 93060 25498909 5064033 352069 600720208 600720208 0 1250555452 0 119.797746 464 1392 1856000 464000 452 792 120 160000 250000 117 156000 39886 12 16000 25000 12 16000 25000 864
1790010367893975 10 0 0 10 10 10 0 0 0 0 0 0 503 39 39 0 675 172 133 0 133 0 0 0 9939688 20683 0 5083 45824 93081 25540231 5064151 354612 601482049 601482049 0 1252133179 0 119.887829 480 1440 1920000 480000 962 810 120 160000 250000 117 156000 39887 12 16000 25000 12 16000 25000 864
1790010367985135 10 0 0 10 10 10 0 0 0 0 0 0 502 39 39 0 675 173 134 0 134 0 0 0 10014317 20759 0 5095 45906 93098 25556438 5064281 357103 601928047 601928047 0 1253663473 0 119.140767 468 1404 1872000 468000 157 747 120 160000 250000 117 156000 39886 12 16000 25000 12 16000 25000 865
1790010368010726 10 0 0 10 10 10 0 0 0 0 0 0 501 39 39 0 675 174 135 0 135 0 0 0 10019091 20845 0 5109 45993 93114 25576953 5064374 359981 608362495 608362495 0 1255213698 0 119.230348 460 1380 1840000 460000 103 685 120 160000 250000 117 156000 39894 12 16000 25000 12 16000 25000 873
1790010368333388 10 0 0 10 10 10 0 0 0 0 0 0 500 39 39 0 675 175 136 0 136 0 0 0 10025906 20928 0 5124 46097 93137 25892481 5064449 364484 613783258 613783258 0 1256739362 0 119.293307 460 1380 1840000 460000 1196 736 120 160000 250000 117 156000 39903 12 16000 25000 12 16000 25000 881
1790010368344523 10 0 0 10 10 10 0 0 0 0 0 0 499 39 39 0 675 176 137 0 137 0 0 0 10030547 21006 0 5135 46182 93154 25898677 5064550 367023 620037682 620037682 0 1258261224 0 119.381693 460 1380 1840000 460000 1584 820 120 160000 250000 117 156000 39910 12 16000 25000 12 16000 25000 889
1790010368568248 10 0 0 10 10 10 0 0 0 0 0 0 498 39 39 0 675 177 138 0 138 0 0 0 10037398 21087 0 5147 46276 93173 26115264 5064622 371510 626519716 626519716 0 1259769489 0 119.442422 459 1377 1836000 459000 1310 869 120 160000 250000 117 156000 39918 12 16000 25000 12 16000 25000 897
1790010368613785 10 0 0 10 10 10 0 0 0 0 0 0 497 39 39 0 675 178 139 0 139 0 0 0 10044364 21163 0 5159 46382 93197 26153507 5064722 376013 627605796 627605796 0 1261322210 0 119.505973 434 1302 1736000 434000 194 804 120 160000 250000 117 156000 39919 12 16000 25000 12 16000 25000 898
1790010369130598 10 0 0 10 10 10 0 0 0 0 0 0 496 39 39 0 675 179 140 0 140 0 0 0 10199916 21250 0 5178 46486 93214 26514452 5064810 378943 634206246 634206246 0 1262844938 0 117.828317 459 1377 1836000 459000 249 751 120 160000 250000 117 156000 39928 12 16000 25000 12 16000 25000 906
1790010369344853 10 0 0 10 10 10 0 0 0 0 0 0 495 39 39 0 675 180 141 0 141 0 0 0 10235619 21330 0 5191 46574 93230 26692668 5064931 381414 640798843 640798843 0 1264412501 0 117.563003 501 1503 2004000 501000 1230 798 120 160000 250000 117 156000 39935 12 16000 25000 12 16000 25000 914
1790010369367585 10 0 0 10 10 10 0 0 0 0 0 0 494 39 39 0 675 181 142 0 142 0 0 0 10258088 21404 0 5203 46628 93238 26692674 5065020 381847 646163412 646163412 0 1266002238 0 117.452674 490 1470 1960000 490000 159 737 120 160000 250000 117 156000 39944 12 16000 25000 12 16000 25000 922
1790010369469793 10 0 0 10 10 10 0 0 0 0 0 0 493 39 36 3 675 182 143 0 143 0 0 0 10359937 21479 0 5217 46826 93245 26692681 5065073 382297 671364060 651556466 0 1267270894 0 116.416075 473 1419 1892000 473000 272 692 120 160000 250000 117 156000 39981 12 16000 25000 12 16000 25000 953
1790010369469951 10 0 0 10 10 10 0 0 0 0 0 0 493 38 36 2 675 182 144 0 144 0 0 0 10359937 21554 0 5232 46826 93252 26692684 5065127 382297 671364060 658206802 0 1267270894 0 116.415234 467 1401 1868000 467000 506 675 120 160000 250000 114 152000 38975 12 16000 25000 12 16000 25000 952
1790010369470074 10 0 0 10 10 10 0 0 0 0 0 0 493 37 36 1 675 182 145 0 145 0 0 0 10359937 21621 0 5245 46826 93259 26692687 5065157 382297 671364060 664822488 0 1267270894 0 116.414483 412 1236 1648000 412000 98 620 120 160000 250000 111 148000 37970 12 16000 25000 12 16000 25000 950
1790010369470197 10 0 0 10 10 10 0 0 0 0 0 0 493 36 36 0 675 182 146 0 146 0 0 0 10359937 21690 0 5259 46826 93266 26692690 5065186 382297 671364060 671364060 0 1267270894 0 116.413709 355 1065 1420000 355000 73 567 120 160000 250000 108 144000 36965 12 16000 25000 12 16000 25000 949
1790010369605400 10 0 0 10 10 10 0 0 0 0 0 0 489 39 39 0 675 186 147 0 147 0 0 0 10379576 21774 0 5274 46961 93300 26807951 5065214 384819 678053388 678053388 0 1273439993 0 116.758595 352 1056 1408000 352000 701 581 120 160000 250000 117 156000 39983 12 16000 25000 12 16000 25000 961
1790010369663774 10 0 0 10 10 10 0 0 0 0 0 0 488 39 39 0 675 187 148 0 148 0 0 0 10386278 21851 0 5286 47052 93320 26859302 5065322 389235 684732480 684732480 0 1274955546 0 116.821415 368 1104 1472000 368000 1277 650 120 160000 250000 117 156000 39991 12 16000 25000 12 16000 25000 970
1790010370009653 10 0 0 10 10 10 0 0 0 0 0 0 487 39 39 0 675 188 149 0 149 0 0 0 10501198 21930 0 5298 47137 93336 27089978 5065403 391673 690959382 690959382 0 1276471054 0 115.682111 375 1125 1500000 375000 1414 726 120 160000 250000 117 156000 39999 12 16000 25000 12 16000 25000 978
1790010370082027 10 0 0 10 10 10 0 0 0 0 0 0 486 39 38 1 675 189 150 0 150 0 0 0 10573281 22005 0 5310 47232 93344 27089985 5065491 392093 697337092 693006447 0 1277988370 0 115.030843 375 1125 1500000 375000 419 697 120 160000 250000 117 156000 40009 12 16000 25000 12 16000 25000 987
1790010370082187 10 0 0 10 10 10 0 0 0 0 0 0 486 38 38 0 675 189 151 0 151 0 0 0 10573281 22076 0 5324 47242 93351 27089988 5065543 392093 697337092 697337092 0 1277988370 0 115.030073 302 906 1208000 302000 15 631 120 160000 250000 114 152000 39005 12 16000 25000 12 16000 25000 986
1790010370265789 10 0 0 10 10 10 0 0 0 0 0 0 484 39 39 0 675 191 152 0 152 0 0 0 10630836 22157 0 5340 47376 93370 27215738 5065586 396521 698113202 698113202 0 1281107222 0 114.686929 281 843 1124000 281000 73 578 120 160000 250000 117 156000 40009 12 16000 25000 12 16000 25000 988
1790010370496554 10 0 0 10 10 10 0 0 0 0 0 0 483 39 39 0 675 192 153 0 153 0 0 0 10637494 22234 0 5351 47472 93393 27439529 5065685 400942 703228490 703228490 0 1282619758 0 114.749787 281 843 1124000 281000 185 541 120 160000 250000 117 156000 40018 12 16000 25000 12 16000 25000 996
1790010370570517 10 0 0 10 10 10 0 0 0 0 0 0 482 39 38 1 675 193 154 0 154 0 0 0 10711128 22307 0 5362 47586 93401 27439535 5065795 401374 713753235 707280360 0 1284194279 0 114.101693 275 825 1100000 275000 217 496 120 160000 250000 117 156000 40034 12 16000 25000 12 16000 25000 1010
1790010370570676 10 0 0 10 10 10 0 0 0 0 0 0 482 38 38 0 675 193 155 0 155 0 0 0 10711128 22376 0 5376 47587 93408 27439538 5065857 401374 713753235 713753235 0 1284194279 0 114.100959 278 834 1112000 278000 361 484 120 160000 250000 114 152000 39029 12 16000 25000 12 16000 25000 1009
1790010370624161 10 0 0 10 10 10 0 0 0 0 0 0 480 39 39 0 675 195 156 0 156 0 0 0 10764414 22449 0 5389 47643 93419 27439545 5065887 401843 720494456 720494456 0 1287239511 0 113.805771 265 795 1060000 265000 148 452 120 160000 250000 117 156000 40038 12 16000 25000 12 16000 25000 1019
1790010370723754 10 0 0 10 10 10 0 0 0 0 0 0 479 39 39 0 675 196 157 0 157 0 0 0 10771237 22540 0 5405 47753 93444 27532015 5065941 406201 721741022 721741022 0 1288805331 0 113.871219 259 777 1036000 259000 264 435 120 160000 250000 117 156000 40041 12 16000 25000 12 16000 25000 1020
1790010370796651 10 0 0 10 10 10 0 0 0 0 0 0 478 39 39 0 675 197 158 0 158 0 0 0 10843883 22613 0 5416 47818 93452 27532021 5066022 406660 727254276 727254276 0 1290328169 0 113.242837 253 759 1012000 253000 269 420 120 160000 250000 117 156000 40050 12 16000 25000 12 16000 25000 1028
1790010370859351 10 0 0 10 10 10 0 0 0 0 0 0 477 39 39 0 675 198 159 0 159 0 0 0 10889219 22687 0 5428 47920 93470 27549114 5066077 409539 731535491 731535491 0 1291898805 0 112.908846 259 777 1036000 259000 635 442 120 160000 250000 117 156000 40057 12 16000 25000 12 16000 25000 1035
1790010370937648 10 0 0 10 10 10 0 0 0 0 0 0 476 39 39 0 675 199 160 0 160 0 0 0 10912293 22766 0 5442 47992 93486 27604048 5066177 411996 732863175 732863175 0 1293455536 0 112.805548 263 789 1052000 263000 1191 516 120 160000 250000 117 156000 40059 12 16000 25000 12 16000 25000 1036
1790010370960721 10 0 0 10 10 10 0 0 0 0 0 0 475 39 39 0 675 200 161 0 161 0 0 0 10917135 22852 0 5459 48073 93504 27621982 5066270 414420 738306755 738306755 0 1295026070 0 112.891643 258 774 1032000 258000 306 496 120 160000 250000 117 156000 40067 12 16000 25000 12 16000 25000 1044
1790010370999108 10 0 0 10 10 10 0 0 0 0 0 0 474 39 39 0 675 201 162 0 162 0 0 0 10921794 22929 0 5473 48156 93521 27655432 5066353 416838 744967435 744967435 0 1296535661 0 112.974331 257 771 1028000 257000 1808 625 120 160000 250000 117 156000 40076 12 16000 25000 12 16000 25000 1052
1790010371089123 10 0 0 10 10 10 0 0 0 0 0 0 473 39 39 0 675 202 163 0 163 0 0 0 10935857 23005 0 5487 48233 93539 27731126 5066418 419250 750395509 750395509 0 1297784500 0 112.937251 260 780 1040000 260000 283 592 120 160000 250000 117 156000 40084 12 16000 25000 12 16000 25000 1060
1790010371111512 10 0 0 10 10 10 0 0 0 0 0 0 472 39 39 0 675 203 164 0 164 0 0 0 10940272 23085 0 5502 48317 93553 27748830 5066490 421676 751729609 751729609 0 1299309382 0 113.023592 261 783 1044000 261000 1670 698 120 160000 250000 117 156000 40085 12 16000 25000 12 16000 25000 1061
1790010371137144 10 0 0 10 10 10 0 0 0 0 0 0 471 39 39 0 675 204 165 0 165 0 0 0 10946918 23162 0 5514 48406 93575 27767533 5066561 426042 752741539 752741539 0 1300865747 0 113.089627 229 687 916000 229000 12 632 120 160000 250000 117 156000 40086 12 16000 25000 12 16000 25000 1062
1790010371139977 10 0 0 10 10 10 0 0 0 0 0 0 470 39 39 0 675 205 166 0 166 0 0 0 10949490 23234 0 5525 48478 93584 27767542 5066642 426972 753610410 753610410 0 1302424533 0 113.197856 216 648 864000 216000 24 574 120 160000 250000 117 156000 40086 12 16000 25000 12 16000 25000 1063
1790010371294735 10 0 0 10 10 10 0 0 0 0 0 0 469 39 39 0 675 206 167 0 167 0 0 0 10954344 23308 0 5537 48560 93600 27917200 5066694 429375 757432342 757432342 0 1303973819 0 113.281633 212 636 848000 212000 170 535 120 160000 250000 117 156000 40091 12 16000 25000 12 16000 25000 1069
1790010371311788 10 0 0 10 10 10 0 0 0 0 0 0 468 39 39 0 675 207 168 0 168 0 0 0 10958701 23395 0 5552 48636 93614 27929631 5066766 431784 763711180 763711180 0 1305541113 0 113.371894 209 627 836000 209000 1258 607 120 160000 250000 117 156000 40100 12 16000 25000 12 16000 25000 1077
1790010371338008 10 0 0 10 10 10 0 0 0 0 0 0 467 39 39 0 675 208 169 0 169 0 0 0 10965234 23470 0 5564 48736 93635 27949035 5066828 436108 770114140 770114140 0 1307060020 0 113.435540 210 630 840000 210000 1424 687 120 160000 250000 117 156000 40108 12 16000 25000 12 16000 25000 1085
1790010371460595 10 0 0 10 10 10 0 0 0 0 0 0 466 39 39 0 675 209 170 0 170 0 0 0 11029903 23546 0 5578 48813 93650 28006694 5066896 438504 775194310 775194310 0 1308621992 0 112.905862 215 645 860000 215000 1312 749 120 160000 250000 117 156000 40116 12 16000 25000 12 16000 25000 1093
1790010371686946 10 0 0 10 10 10 0 0 0 0 0 0 465 39 39 0 675 210 171 0 171 0 0 0 11064887 23624 0 5591 48909 93664 28197785 5066962 440927 781625216 781625216 0 1310182897 0 112.683099 215 645 860000 215000 1309 804 120 160000 250000 117 156000 40124 12 16000 25000 12 16000 25000 1101
1790010371712085 10 0 0 10 10 10 0 0 0 0 0 0 464 39 39 0 675 211 172 0 172 0 0 0 11071483 23709 0 5608 48997 93685 28215993 5067077 445254 786995791 786995791 0 1311691731 0 112.744936 206 618 824000 206000 119 738 120 160000 250000 117 156000 40131 12 16000 25000 12 16000 25000 1108
1790010371962585 10 0 0 10 10 10 0 0 0 0 0 0 463 39 39 0 675 212 173 0 173 0 0 0 11078119 23789 0 5620 49100 93703 28459557 5067151 449582 788329358 788329358 0 1313249648 0 112.810560 206 618 824000 206000 1321 796 120 160000 250000 117 156000 40132 12 16000 25000 12 16000 25000 1110
1790010372000822 10 0 0 10 10 10 0 0 0 0 0 0 462 39 39 0 675 213 174 0 174 0 0 0 11092761 23870 0 5631 49182 93720 28482865 5067238 451934 788834864 788834864 0 1314518333 0 112.769991 206 618 824000 206000 286 747 120 160000 250000 117 156000 40132 12 16000 25000 12 16000 25000 1110
1790010372176742 10 0 0 10 10 10 0 0 0 0 0 0 461 39 39 0 675 214 175 0 175 0 0 0 11157286 23947 0 5644 49255 93737 28593991 5067320 454299 793021837 793021837 0 1316028265 0 112.247223 203 609 812000 203000 15 677 120 160000 250000 117 156000 40139 12 16000 25000 12 16000 25000 1116
1790010372221377 10 0 0 10 10 10 0 0 0 0 0 0 460 39 39 0 675 215 176 0 176 0 0 0 11161545 24023 0 5655 49346 93751 28634081 5067403 456662 798361520 798361520 0 1317547758 0 112.333272 211 633 844000 211000 945 704 120 160000 250000 117 156000 40148 12 16000 25000 12 16000 25000 1124
1790010372227404 10 0 0 10 10 10 0 0 0 0 0 0 459 39 39 0 675 216 177 0 177 0 0 0 11166106 24106 0 5667 49424 93761 28635268 5067485 459073 805072540 805072540 0 1319101483 0 112.419068 203 609 812000 203000 101 646 120 160000 250000 117 156000 40155 12 16000 25000 12 16000 25000 1132
1790010372272437 10 0 0 10 10 10 0 0 0 0 0 0 458 39 39 0 675 217 178 0 178 0 0 0 11179862 24189 0 5678 49503 93775 28666279 5067553 461416 810323070 810323070 0 1320619855 0 112.409452 205 615 820000 205000 274 611 120 160000 250000 117 156000 40163 12 16000 25000 12 16000 25000 1140
1790010372296110 10 0 0 10 10 10 0 0 0 0 0 0 457 39 39 0 675 218 179 0 179 0 0 0 11184214 24272 0 5689 49587 93794 28685323 5067624 463765 815734665 815734665 0 1321864891 0 112.470908 205 615 820000 205000 1072 657 120 160000 250000 117 156000 40171 12 16000 25000 12 16000 25000 1148
1790010372709205 10 0 0 10 10 10 0 0 0 0 0 0 456 39 39 0 675 219 180 0 180 0 0 0 11248512 24352 0 5704 49669 93808 29033860 5067687 466104 822285873 822285873 0 1323129606 0 111.935594 209 627 836000 209000 1805 770 120 160000 250000 117 156000 40179 12 16000 25000 12 16000 25000 1156
1790010372858788 10 0 0 10 10 10 0 0 0 0 0 0 455 39 39 0 675 220 181 0 181 0 0 0 11255162 24430 0 5715 49762 93828 29176506 5067762 470416 822919877 822919877 0 1324696610 0 112.001315 211 633 844000 211000 480 743 120 160000 250000 117 156000 40180 12 16000 25000 12 16000 25000 1156
1790010373014713 10 0 0 10 10 10 0 0 0 0 0 0 454 39 39 0 675 221 182 0 182 0 0 0 11260456 24514 0 5729 49897 93858 29326769 5067862 472941 825094266 825094266 0 1326191026 0 112.074230 207 621 828000 207000 198 691 120 160000 250000 117 156000 40184 12 16000 25000 12 16000 25000 1159
1790010373057284 10 0 0 10 10 10 0 0 0 0 0 0 453 39 39 0 675 222 183 0 183 0 0 0 11265064 24590 0 5743 49989 93871 29364402 5067987 475365 827558223 827558223 0 1327687498 0 112.154143 202 606 808000 202000 51 629 120 160000 250000 117 156000 40188 12 16000 25000 12 16000 25000 1162
1790010373241664 10 0 0 10 10 10 0 0 0 0 0 0 452 39 39 0 675 223 184 0 184 0 0 0 11271808 24679 0 5757 50099 93891 29541730 5068055 479775 832948944 832948944 0 1329194537 0 112.213531 200 600 800000 200000 110 580 120 160000 250000 117 156000 40195 12 16000 25000 12 16000 25000 1170
1790010373567235 10 0 0 10 10 10 0 0 0 0 0 0 451 39 39 0 675 224 185 0 185 0 0 0 11276457 24763 0 5771 50197 93907 29862347 5068137 482259 834276134 834276134 0 1330690023 0 112.292735 200 600 800000 200000 1592 680 120 160000 250000 117 156000 40196 12 16000 25000 12 16000 25000 1172
1790010373576351 10 0 0 10 10 10 0 0 0 0 0 0 450 39 39 0 675 225 186 0 186 0 0 0 11281692 24839 0 5782 50289 93928 29865909 5068246 485118 840955027 840955027 0 1331903013 0 112.342300 194 582 776000 194000 107 625 120 160000 250000 117 156000 40204 12 16000 25000 12 16000 25000 1180
1790010373747256 10 0 0 10 10 10 0 0 0 0 0 0 449 39 38 1 675 226 187 0 187 0 0 0 11299138 24923 0 5796 50420 93951 30019026 5068326 489364 850642423 846365320 0 1333404944 0 112.294878 193 579 772000 193000 454 609 120 160000 250000 114 152000 40218 12 16000 25000 12 16000 25000 1195
1790010373747464 10 0 0 10 10 10 0 0 0 0 0 0 449 38 38 0 675 226 188 0 188 0 0 0 11299138 25006 0 5820 50420 93958 30019029 5068423 489364 850642423 850642423 0 1333404944 0 112.294055 197 591 788000 197000 1610 708 120 160000 250000 114 152000 39217 12 16000 25000 12 16000 25000 1193
1790010374116952 10 0 0 10 10 10 0 0 0 0 0 0 447 39 39 0 675 228 189 0 189 0 0 0 11323958 25087 0 5833 50537 93980 30363423 5068457 491782 851740778 851740778 0 1336117318 0 112.275594 184 552 736000 184000 42 644 120 160000 250000 117 156000 40222 12 16000 25000 12 16000 25000 1196
1790010374171794 10 0 0 10 10 10 0 0 0 0 0 0 446 39 39 0 675 229 190 0 190 0 0 0 11358917 25166 0 5845 50617 93996 30383002 5068566 494598 857338993 857338993 0 1337620620 0 112.055967 180 540 720000 180000 320 613 120 160000 250000 117 156000 40228 12 16000 25000 12 16000 25000 1203
1790010374450223 10 0 0 10 10 10 0 0 0 0 0 0 445 39 39 0 675 230 191 0 191 0 0 0 11365627 25257 0 5860 50720 94012 30654398 5068653 498879 858197070 858197070 0 1339122016 0 112.114764 184 552 736000 184000 1099 662 120 160000 250000 117 156000 40229 12 16000 25000 12 16000 25000 1203
1790010374702649 10 0 0 10 10 10 0 0 0 0 0 0 444 39 39 0 675 231 192 0 192 0 0 0 11388379 25338 0 5875 50803 94025 30883783 5068743 501266 864884002 864884002 0 1340611702 0 112.014951 181 543 724000 181000 56 604 120 160000 250000 117 156000 40237 12 16000 25000 12 16000 25000 1212
1790010374892116 10 0 0 10 10 10 0 0 0 0 0 0 443 39 39 0 675 232 193 0 193 0 0 0 11434316 25416 0 5886 50884 94044 31027022 5068834 504100 866713256 866713256 0 1342102580 0 111.689240 183 549 732000 183000 1392 682 120 160000 250000 117 156000 40239 12 16000 25000 12 16000 25000 1214
1790010374925535 10 0 0 10 10 10 0 0 0 0 0 0 442 39 39 0 675 233 194 0 194 0 0 0 11441064 25497 0 5899 50985 94062 31053391 5068912 508373 873289432 873289432 0 1343601403 0 111.747380 189 567 756000 189000 353 651 120 160000 250000 117 156000 40247 12 16000 25000 12 16000 25000 1222
1790010375056392 10 0 0 10 10 10 0 0 0 0 0 0 441 39 39 0 675 234 195 0 195 0 0 0 11448297 25586 0 5916 51099 94085 31176672 5068996 512685 879578352 879578352 0 1345099024 0 111.800547 205 615 820000 205000 1414 727 120 160000 250000 117 156000 40256 12 16000 25000 12 16000 25000 1230
1790010375329298 10 0 0 10 10 10 0 0 0 0 0 0 440 39 39 0 675 235 196 0 196 0 0 0 11452673 25666 0 5928 51190 94101 31444887 5069105 515072 880435804 880435804 0 1346326971 0 111.859168 180 540 720000 180000 41 661 120 160000 250000 117 156000 40256 12 16000 25000 12 16000 25000 1231
1790010375652341 10 0 0 10 10 10 0 0 0 0 0 0 439 39 39 0 675 236 197 0 197 0 0 0 11457194 25745 0 5940 51275 94119 31763111 5069199 517443 885516865 885516865 0 1347824702 0 111.938747 172 516 688000 172000 41 601 120 160000 250000 117 156000 40264 12 16000 25000 12 16000 25000 1239
1790010375811774 10 0 0 10 10 10 0 0 0 0 0 0 438 39 39 0 675 237 198 0 198 0 0 0 11512327 25823 0 5952 51382 94138 31867052 5069336 519825 892163501 892163501 0 1349315466 0 111.526328 162 486 648000 162000 69 526 120 160000 250000 117 156000 40273 12 16000 25000 12 16000 25000 1247
1790010376023837 10 0 0 10 10 10 0 0 0 0 0 0 437 39 39 0 675 238 199 0 199 0 0 0 11557611 25907 0 5967 51468 94156 32033542 5069412 522656 898818172 898818172 0 1350812786 0 111.212799 159 477 636000 159000 194 495 120 160000 250000 117 156000 40281 12 16000 25000 12 16000 25000 1255
1790010376028494 10 0 0 10 10 10 0 0 0 0 0 0 436 39 39 0 675 239 200 0 200 0 0 0 11561966 25982 0 5979 51553 94169 32033561 5069500 525027 904220602 904220602 0 1352315883 0 111.293986 179 537 716000 179000 277 475 120 160000 250000 117 156000 40289 12 16000 25000 12 16000 25000 1263
1790010376095655 10 0 0 10 10 10 0 0 0 0 0 0 435 39 39 0 675 240 201 0 201 0 0 0 11596507 26064 0 5989 51630 94187 32065914 5069570 527373 905385153 905385153 0 1353535068 0 111.062486 184 552 736000 184000 158 445 120 160000 250000 117 156000 40290 12 16000 25000 12 16000 25000 1264
1790010376139054 10 0 0 10 10 10 0 0 0 0 0 0 434 39 39 0 675 241 202 0 202 0 0 0 11603071 26144 0 6002 51721 94205 32102457 5069645 531528 912037028 912037028 0 1355048288 0 111.123128 185 555 740000 185000 226 425 120 160000 250000 117 156000 40298 12 16000 25000 12 16000 25000 1272
1790010376152928 10 0 0 10 10 10 0 0 0 0 0 0 433 39 39 0 675 242 203 0 203 0 0 0 11610170 26225 0 6017 51808 94227 32108936 5069725 536213 917308905 917308905 0 1356554210 0 111.177982 188 564 752000 188000 527 436 120 160000 250000 117 156000 40305 12 16000 25000 12 16000 25000 1280
1790010376184790 10 0 0 10 10 10 0 0 0 0 0 0 432 39 39 0 675 243 204 0 204 0 0 0 11624340 26304 0 6031 51882 94243 32126364 5069802 538555 919343928 919343928 0 1358046230 0 111.164139 187 561 748000 187000 246 418 120 160000 250000 117 156000 40308 12 16000 25000 12 16000 25000 1283
1790010376197428 10 0 0 10 10 10 0 0 0 0 0 0 431 39 39 0 675 244 205 0 205 0 0 0 11636722 26385 0 6042 51952 94254 32126373 5069868 539458 926065167 926065167 0 1359547500 0 111.168107 185 555 740000 185000 63 385 120 160000 250000 117 156000 40316 12 16000 25000 12 16000 25000 1291
1790010376268863 10 0 0 10 10 10 0 0 0 0 0 0 430 39 39 0 675 245 206 0 206 0 0 0 11643839 26465 0 6055 52044 94276 32190420 5069922 543647 926626708 926626708 0 1361051505 0 111.222455 188 564 752000 188000 1149 461 120 160000 250000 117 156000 40318 12 16000 25000 12 16000 25000 1291
1790010376284248 10 0 0 10 10 10 0 0 0 0 0 0 429 39 39 0 675 246 207 0 207 0 0 0 11648190 26544 0 6068 52120 94292 32201182 5070001 545914 931946721 931946721 0 1362546430 0 111.302368 180 540 720000 180000 11 418 120 160000 250000 117 156000 40325 12 16000 25000 12 16000 25000 1299
1790010376292189 10 0 0 10 10 10 0 0 0 0 0 0 428 39 39 0 675 247 208 0 208 0 0 0 11652957 26626 0 6084 52199 94308 32204087 5070073 548215 937226003 937226003 0 1364045906 0 111.378595 180 540 720000 180000 1602 535 120 160000 250000 117 156000 40333 12 16000 25000 12 16000 25000 1306
1790010376360026 10 0 0 10 10 10 0 0 0 0 0 0 427 39 39 0 675 248 209 0 209 0 0 0 11660029 26706 0 6097 52288 94324 32264583 5070135 550499 941309892 941309892 0 1365549521 0 111.433134 180 540 720000 180000 388 521 120 160000 250000 117 156000 40339 12 16000 25000 12 16000 25000 1313
1790010376420090 10 0 0 10 10 10 0 0 0 0 0 0 426 39 39 0 675 249 210 0 210 0 0 0 11665713 26784 0 6110 52371 94348 32318692 5070199 553209 946588831 946588831 0 1367053163 0 111.500862 182 546 728000 182000 1161 584 120 160000 250000 117 156000 40345 12 16000 25000 12 16000 25000 1321
1790010376479581 10 0 0 10 10 10 0 0 0 0 0 0 425 39 39 0 675 250 211 0 211 0 0 0 11670218 26865 0 6125 52448 94363 32373410 5070272 555603 951976085 951976085 0 1368561731 0 111.580141 182 546 728000 182000 1384 662 120 160000 250000 117 156000 40353 12 16000 25000 12 16000 25000 1329
1790010376533335 10 0 0 10 10 10 0 0 0 0 0 0 424 39 39 0 675 251 212 0 212 0 0 0 11675018 26951 0 6138 52550 94378 32422078 5070335 557900 958426227 958426227 0 1370060629 0 111.655708 184 552 736000 184000 1783 773 120 160000 250000 117 156000 40361 12 16000 25000 12 16000 25000 1338
1790010376693616 10 0 0 10 10 10 0 0 0 0 0 0 423 39 39 0 675 252 213 0 213 0 0 0 11682533 27033 0 6151 52646 94404 32574507 5070444 562415 964981843 964981843 0 1371565428 0 111.705824 174 522 696000 174000 88 707 120 160000 250000 117 156000 40370 12 16000 25000 12 16000 25000 1346
1790010376713163 10 0 0 10 10 10 0 0 0 0 0 0 422 39 39 0 675 253 214 0 214 0 0 0 11688979 27110 0 6163 52750 94427 32587301 5070522 566470 970397053 970397053 0 1373080896 0 111.766989 195 585 780000 195000 455 683 120 160000 250000 117 156000 40379 12 16000 25000 12 16000 25000 1354
1790010376738335 10 0 0 10 10 10 0 0 0 0 0 0 421 39 39 0 675 254 215 0 215 0 0 0 11702428 27187 0 6174 52835 94441 32598751 5070593 568727 974776684 974776684 0 1374579623 0 111.759958 206 618 824000 206000 1783 791 120 160000 250000 117 156000 40386 12 16000 25000 12 16000 25000 1361
1790010376772457 10 0 0 10 10 10 0 0 0 0 0 0 420 39 39 0 675 255 216 0 216 0 0 0 11707292 27273 0 6186 52912 94457 32627730 5070673 570970 975275710 975275710 0 1376088611 0 111.835451 199 597 796000 199000 71 721 120 160000 250000 117 156000 40386 12 16000 25000 12 16000 25000 1361
1790010377058240 10 0 0 10 10 10 0 0 0 0 0 0 419 39 39 0 675 256 217 0 217 0 0 0 11720762 27360 0 6203 53007 94472 32899745 5070750 573222 976478321 976478321 0 1377582931 0 111.827700 196 588 784000 196000 121 663 120 160000 250000 117 156000 40386 12 16000 25000 12 16000 25000 1363
1790010377191724 10 0 0 10 10 10 0 0 0 0 0 0 418 39 39 0 675 257 218 0 218 0 0 0 11807711 27444 0 6218 53092 94492 32945958 5070864 576329 981605141 981605141 0 1379087136 0 111.126553 185 555 740000 185000 28 602 120 160000 250000 117 156000 40395 12 16000 25000 12 16000 25000 1371
1790010377316540 10 0 0 10 10 10 0 0 0 0 0 0 417 39 39 0 675 258 219 0 219 0 0 0 11852227 27526 0 6231 53174 94506 33025970 5070950 578545 986740756 986740756 0 1380577924 0 110.829047 175 525 700000 175000 81 552 120 160000 250000 117 156000 40403 12 16000 25000 12 16000 25000 1379
1790010377350548 10 0 0 10 10 10 0 0 0 0 0 0 416 39 39 0 675 259 220 0 220 0 0 0 11856528 27608 0 6244 53251 94526 33055416 5071014 580746 992115299 992115299 0 1382087853 0 110.909341 175 525 700000 175000 1288 624 120 160000 250000 117 156000 40410 12 16000 25000 12 16000 25000 1386
1790010377468945 10 0 0 10 10 10 0 0 0 0 0 0 415 39 38 1 675 260 221 0 221 0 0 0 11862849 27692 0 6257 53378 94552 33167170 5071077 584746 1005313584 998786513 0 1383585046 0 110.969679 180 540 720000 180000 407 604 120 160000 250000 117 156000 40425 12 16000 25000 12 16000 25000 1402
1790010377469118 10 0 0 10 10 10 0 0 0 0 0 0 415 38 38 0 675 260 222 0 222 0 0 0 11862849 27770 0 6271 53378 94559 33167173 5071144 584746 1005313584 1005313584 0 1383585046 0 110.968951 171 513 684000 171000 91 555 120 160000 250000 114 152000 39421 12 16000 25000 12 16000 25000 1401
1790010377643003 10 0 0 10 10 10 0 0 0 0 0 0 413 39 39 0 675 262 223 0 223 0 0 0 12036518 27849 0 6284 53452 94567 33167178 5071175 585228 1011616686 1011616686 0 1386594360 0 109.608687 175 525 700000 175000 1555 653 120 160000 250000 117 156000 40432 12 16000 25000 12 16000 25000 1410
1790010377684883 10 0 0 10 10 10 0 0 0 0 0 0 412 39 39 0 675 263 224 0 224 0 0 0 12078167 27930 0 6297 53502 94575 33167185 5071243 585675 1016412224 1016412224 0 1388095319 0 109.349104 181 543 724000 181000 226 612 120 160000 250000 117 156000 40438 12 16000 25000 12 16000 25000 1417
1790010377735718 10 0 0 10 10 10 0 0 0 0 0 0 411 39 39 0 675 264 225 0 225 0 0 0 12111668 28010 0 6311 53588 94593 33184267 5071293 587906 1023031609 1023031609 0 1389590875 0 109.164109 177 531 708000 177000 160 569 120 160000 250000 117 156000 40448 12 16000 25000 12 16000 25000 1425
1790010377787070 10 0 0 10 10 10 0 0 0 0 0 0 410 39 39 0 675 265 226 0 226 0 0 0 12162780 28090 0 6327 53640 94601 33184274 5071369 588336 1029660404 1029660404 0 1391098206 0 108.823622 186 558 744000 186000 1426 653 120 160000 250000 117 156000 40457 12 16000 25000 12 16000 25000 1434
1790010377814486 10 0 0 10 10 10 0 0 0 0 0 0 409 39 39 0 675 266 227 0 227 0 0 0 12169165 28171 0 6341 53741 94626 33205033 5071413 592323 1036073362 1036073362 0 1392603577 0 108.883634 186 558 744000 186000 366 626 120 160000 250000 117 156000 40466 12 16000 25000 12 16000 25000 1442
1790010377926431 10 0 0 10 10 10 0 0 0 0 0 0 408 39 39 0 675 267 228 0 228 0 0 0 12280872 28255 0 6352 53792 94633 33205040 5071477 592777 1037734607 1037734607 0 1394100742 0 108.010753 179 537 716000 179000 102 576 120 160000 250000 117 156000 40468 12 16000 25000 12 16000 25000 1444
1790010378089683 10 0 0 10 10 10 0 0 0 0 0 0 407 39 39 0 675 268 229 0 229 0 0 0 12305176 28343 0 6366 53879 94650 33343707 5071542 594972 1042053654 1042053654 0 1395597989 0 107.912913 167 501 668000 167000 25 523 120 160000 250000 117 156000 40474 12 16000 25000 12 16000 25000 1451
1790010378112370 10 0 0 10 10 10 0 0 0 0 0 0 406 39 39 0 675 269 230 0 230 0 0 0 12327602 28418 0 6378 53940 94658 33343713 5071634 595420 1046405899 1046405899 0 1397099702 0 107.832304 165 495 660000 165000 203 492 120 160000 250000 117 156000 40480 12 16000 25000 12 16000 25000 1457
1790010378230821 10 0 0 10 10 10 0 0 0 0 0 0 405 39 39 0 675 270 231 0 231 0 0 0 12401258 28496 0 6389 54018 94681 33388245 5071689 597605 1052919965 1052919965 0 1398618928 0 107.309199 166 498 664000 166000 354 480 120 160000 250000 117 156000 40488 12 16000 25000 12 16000 25000 1465
1790010378240276 10 0 0 10 10 10 0 0 0 0 0 0 404 39 39 0 675 271 232 0 232 0 0 0 12405787 28572 0 6400 54101 94700 33392912 5071748 599798 1054796004 1054796004 0 1400113777 0 107.384108 175 525 700000 175000 1455 576 120 160000 250000 117 156000 40491 12 16000 25000 12 16000 25000 1468
1790010378251690 10 0 0 10 10 10 0 0 0 0 0 0 403 39 39 0 675 272 233 0 233 0 0 0 12411947 28658 0 6413 54185 94716 33397898 5071804 603686 1061356067 1061356067 0 1401619796 0 107.445643 177 531 708000 177000 493 569 120 160000 250000 117 156000 40499 12 16000 25000 12 16000 25000 1476
1790010378573981 10 0 0 10 10 10 0 0 0 0 0 0 402 39 39 0 675 273 234 0 234 0 0 0 12418341 28743 0 6425 54287 94740 33713503 5071865 607611 1066684919 1066684919 0 1403118174 0 107.504518 177 531 708000 177000 1475 658 120 160000 250000 117 156000 40507 12 16000 25000 12 16000 25000 1485
1790010378954681 10 0 0 10 10 10 0 0 0 0 0 0 401 39 39 0 675 274 235 0 235 0 0 0 12452053 28823 0 6437 54375 94757 34060204 5071950 609794 1072067723 1072067723 0 1404626735 0 107.328720 182 546 728000 182000 1748 765 120 160000 250000 117 156000 40514 12 16000 25000 12 16000 25000 1491
1790010379037312 10 0 0 10 10 10 0 0 0 0 0 0 400 39 39 0 675 275 236 0 236 0 0 0 12458575 28902 0 6449 54462 94779 34136025 5072030 613782 1073312955 1073312955 0 1406158709 0 107.388982 182 546 728000 182000 1281 816 120 160000 250000 117 156000 40514 12 16000 25000 12 16000 25000 1493
1790010379296061 10 0 0 10 10 10 0 0 0 0 0 0 399 39 39 0 675 276 237 0 237 0 0 0 12465232 28988 0 6463 54574 94802 34387791 5072112 617725 1079894830 1079894830 0 1407665378 0 107.446028 179 537 716000 179000 271 764 120 160000 250000 117 156000 40523 12 16000 25000 12 16000 25000 1501
1790010379474961 10 0 0 10 10 10 0 0 0 0 0 0 398 39 39 0 675 277 238 0 238 0 0 0 12491512 29071 0 6476 54670 94818 34540080 5072229 620478 1081112940 1081112940 0 1409172264 0 107.334570 196 588 784000 196000 1374 824 120 160000 250000 117 156000 40524 12 16000 25000 12 16000 25000 1502
1790010379785652 10 0 0 10 10 10 0 0 0 0 0 0 397 39 39 0 675 278 239 0 239 0 0 0 12499183 29155 0 6489 54762 94833 34842782 5072330 625202 1083181410 1083181410 0 1410663999 0 107.381683 196 588 784000 196000 257 770 120 160000 250000 117 156000 40526 12 16000 25000 12 16000 25000 1505
1790010380047046 10 0 0 10 10 10 0 0 0 0 0 0 396 39 39 0 675 279 240 0 240 0 0 0 12504208 29238 0 6502 54852 94851 35098830 5072435 627998 1085439773 1085439773 0 1412169646 0 107.452485 188 564 752000 188000 65 702 120 160000 250000 117 156000 40528 12 16000 25000 12 16000 25000 1507
1790010380088091 10 0 0 10 10 10 0 0 0 0 0 0 395 39 39 0 675 280 241 0 241 0 0 0 12522168 29321 0 6516 54948 94874 35121606 5072520 633098 1090466252 1090466252 0 1413672106 0 107.412179 184 552 736000 184000 43 639 120 160000 250000 117 156000 40535 12 16000 25000 12 16000 25000 1514
1790010380331267 10 0 0 10 10 10 0 0 0 0 0 0 394 39 39 0 675 281 242 0 242 0 0 0 12568182 29410 0 6533 55038 94890 35318470 5072602 635841 1092869384 1092869384 0 1415163326 0 107.131976 182 546 728000 182000 1051 680 120 160000 250000 117 156000 40538 12 16000 25000 12 16000 25000 1517
1790010380394837 10 0 0 10 10 10 0 0 0 0 0 0 393 39 39 0 675 282 243 0 243 0 0 0 12585344 29488 0 6544 55125 94907 35364558 5072713 640483 1097202444 1097202444 0 1416660276 0 107.098733 168 504 672000 168000 22 617 120 160000 250000 117 156000 40545 12 16000 25000 12 16000 25000 1523
1790010380596585 10 0 0 10 10 10 0 0 0 0 0 0 392 39 39 0 675 283 244 0 244 0 0 0 12639695 29578 0 6555 55208 94919 35511664 5072799 643185 1099847642 1099847642 0 1418165421 0 106.751819 163 489 652000 163000 132 570 120 160000 250000 117 156000 40548 12 16000 25000 12 16000 25000 1526
1790010380713390 10 0 0 10 10 10 0 0 0 0 0 0 391 39 39 0 675 284 245 0 245 0 0 0 12695610 29659 0 6568 55293 94939 35572264 5072884 645869 1104395138 1104395138 0 1419683359 0 106.395830 177 531 708000 177000 108 526 120 160000 250000 117 156000 40555 12 16000 25000 12 16000 25000 1533
1790010380874605 10 0 0 10 10 10 0 0 0 0 0 0 390 39 39 0 675 285 246 0 246 0 0 0 12700899 29740 0 6583 55381 94955 35727881 5072986 648978 1111091389 1111091389 0 1421192449 0 106.463999 181 543 724000 181000 363 504 120 160000 250000 117 156000 40563 12 16000 25000 12 16000 25000 1542
1790010381235234 10 0 0 10 10 10 0 0 0 0 0 0 389 39 39 0 675 286 247 0 247 0 0 0 12708889 29828 0 6599 55504 94983 36080177 5073069 653594 1115090835 1115090835 0 1422691797 0 106.508735 193 579 772000 193000 1090 562 120 160000 250000 117 156000 40569 12 16000 25000 12 16000 25000 1548
1790010381367637 10 0 0 10 10 10 0 0 0 0 0 0 388 39 39 0 675 287 248 0 248 0 0 0 12716123 29908 0 6610 55603 95001 36205011 5073186 658236 1121711043 1121711043 0 1424187700 0 106.559542 190 570 760000 190000 92 517 120 160000 250000 117 156000 40578 12 16000 25000 12 16000 25000 1556
1790010381523683 10 0 0 10 10 10 0 0 0 0 0 0 387 39 39 0 675 288 249 0 249 0 0 0 12753879 29990 0 6623 55708 95022 36322984 5073271 663253 1128337123 1128337123 0 1425688722 0 106.356121 186 558 744000 186000 150 482 120 160000 250000 117 156000 40586 12 16000 25000 12 16000 25000 1564
1790010381589186 10 0 0 10 10 10 0 0 0 0 0 0 386 39 39 0 675 289 250 0 250 0 0 0 12761229 30081 0 6639 55805 95044 36380826 5073352 667867 1133728400 1133728400 0 1427246624 0 106.410403 192 576 768000 192000 1307 564 120 160000 250000 117 156000 40595 12 16000 25000 12 16000 25000 1573
1790010381695010 10 0 0 10 10 10 0 0 0 0 0 0 385 39 39 0 675 290 251 0 251 0 0 0 12785199 30163 0 6653 55877 95058 36462373 5073465 670560 1139134950 1139134950 0 1428751978 0 106.322714 194 582 776000 194000 424 551 120 160000 250000 117 156000 40603 12 16000 25000 12 16000 25000 1581
1790010381752644 10 0 0 10 10 10 0 0 0 0 0 0 384 39 39 0 675 291 252 0 252 0 0 0 12790210 30245 0 6665 55971 95071 36514693 5073556 673235 1141097435 1141097435 0 1430250685 0 106.391961 195 585 780000 195000 1427 637 120 160000 250000 117 156000 40606 12 16000 25000 12 16000 25000 1584
1790010381766723 10 0 0 10 10 10 0 0 0 0 0 0 383 39 39 0 675 292 253 0 253 0 0 0 12795352 30324 0 6676 56053 95084 36523344 5073647 676022 1146440110 1146440110 0 1431757121 0 106.460665 195 585 780000 195000 522 627 120 160000 250000 117 156000 40614 12 16000 25000 12 16000 25000 1592
1790010381770328 10 0 0 10 10 10 0 0 0 0 0 0 382 39 39 0 675 293 254 0 254 0 0 0 12798695 30401 0 6689 56119 95096 36523356 5073723 677743 1152876919 1152876919 0 1433253183 0 106.543497 203 609 812000 203000 1508 714 120 160000 250000 117 156000 40623 12 16000 25000 12 16000 25000 1600
1790010381809120 10 0 0 10 10 10 0 0 0 0 0 0 381 39 39 0 675 294 255 0 255 0 0 0 12822468 30487 0 6701 56228 95111 36538086 5073785 680436 1157901026 1157901026 0 1434753246 0 106.457023 203 609 812000 203000 1691 810 120 160000 250000 117 156000 40630 12 16000 25000 12 16000 25000 1608
1790010381866022 10 0 0 10 10 10 0 0 0 0 0 0 380 39 39 0 675 295 256 0 256 0 0 0 12829462 30565 0 6713 56327 95126 36587685 5073867 684966 1163283409 1163283409 0 1436262597 0 106.510410 215 645 860000 215000 415 773 120 160000 250000 117 156000 40639 12 16000 25000 12 16000 25000 1616
1790010382034856 10 0 0 10 10 10 0 0 0 0 0 0 379 39 39 0 675 296 257 0 257 0 0 0 12834146 30649 0 6726 56414 95142 36751546 5073947 687616 1168592175 1168592175 0 1437766403 0 106.582413 215 645 860000 215000 1471 842 120 160000 250000 117 156000 40647 12 16000 25000 12 16000 25000 1624
1790010382081025 10 0 0 10 10 10 0 0 0 0 0 0 378 39 39 0 675 297 258 0 258 0 0 0 12859337 30731 0 6739 56489 95155 36772248 5074027 690270 1173930997 1173930997 0 1439271054 0 106.484763 215 645 860000 215000 425 803 120 160000 250000 117 156000 40655 12 16000 25000 12 16000 25000 1632
1790010382454119 10 0 0 10 10 10 0 0 0 0 0 0 377 39 39 0 675 298 259 0 259 0 0 0 12864865 30812 0 6751 56623 95172 37139478 5074114 693368 1179063325 1179063325 0 1440769473 0 106.549260 216 648 864000 216000 1551 877 120 160000 250000 117 156000 40663 12 16000 25000 12 16000 25000 1641
1790010382595215 10 0 0 10 10 10 0 0 0 0 0 0 376 39 39 0 675 299 260 0 260 0 0 0 12872413 30894 0 6764 56734 95193 37272712 5074192 698297 1185557399 1185557399 0 1442272283 0 106.597327 216 648 864000 216000 1061 896 120 160000 250000 117 156000 40670 12 16000 25000 12 16000 25000 1649
1790010382673994 10 0 0 10 10 10 0 0 0 0 0 0 375 39 39 0 675 300 261 0 261 0 0 0 12879811 30974 0 6776 56828 95210 37343793 5074276 702777 1192087265 1192087265 0 1443765562 0 106.645888 217 651 868000 217000 1279 935 120 160000 250000 117 156000 40679 12 16000 25000 12 16000 25000 1657
1790010382694143 10 0 0 10 10 10 0 0 0 0 0 0 374 39 39 0 675 301 262 0 262 0 0 0 12887851 31057 0 6790 56924 95226 37355596 5074361 707753 1194718394 1194718394 0 1444983411 0 106.668734 232 696 928000 232000 1403 982 120 160000 250000 117 156000 40681 12 16000 25000 12 16000 25000 1659
1790010382717277 10 0 0 10 10 10 0 0 0 0 0 0 373 39 39 0 675 302 263 0 263 0 0 0 12910729 31134 0 6801 56987 95235 37355603 5074444 708507 1201404058 1201404058 0 1446485197 0 106.590201 227 681 908000 227000 173 904 120 160000 250000 117 156000 40689 12 16000 25000 12 16000 25000 1668
1790010382833909 10 0 0 10 10 10 0 0 0 0 0 0 372 39 39 0 675 303 264 0 264 0 0 0 12925763 31216 0 6815 57065 95249 37456934 5074516 711143 1207699139 1207699139 0 1447978619 0 106.575770 228 684 912000 228000 909 906 120 160000 250000 117 156000 40697 12 16000 25000 12 16000 25000 1676
1790010382846153 10 0 0 10 10 10 0 0 0 0 0 0 371 39 39 0 675 304 265 0 265 0 0 0 12932729 31293 0 6827 57179 95271 37461905 5074588 715627 1214246710 1214246710 0 1449483347 0 106.628563 243 729 972000 243000 1250 941 120 160000 250000 117 156000 40706 12 16000 25000 12 16000 25000 1684
1790010382853615 10 0 0 10 10 10 0 0 0 0 0 0 370 39 39 0 675 305 266 0 266 0 0 0 12939648 31378 0 6839 57265 95291 37462170 5074654 720094 1214641285 1214641285 0 1450985989 0 106.681466 249 747 996000 249000 1093 957 120 160000 250000 117 156000 40706 12 16000 25000 12 16000 25000 1684
1790010382987786 10 0 0 10 10 10 0 0 0 0 0 0 369 39 39 0 675 306 267 0 267 0 0 0 12946639 31457 0 6851 57360 95314 37589054 5074730 724574 1219021684 1219021684 0 1452476434 0 106.732873 259 777 1036000 259000 95 874 120 160000 250000 117 156000 40714 12 16000 25000 12 16000 25000 1691
1790010383275951 10 0 0 10 10 10 0 0 0 0 0 0 368 39 39 0 675 307 268 0 268 0 0 0 12961242 31543 0 6868 57449 95325 37862327 5074812 727193 1225598086 1225598086 0 1454014190 0 106.725078 267 801 1068000 267000 133 802 120 160000 250000 117 156000 40722 12 16000 25000 12 16000 25000 1699
1790010383337338 10 0 0 10 10 10 0 0 0 0 0 0 367 39 39 0 675 308 269 0 269 0 0 0 12975371 31626 0 6880 57532 95341 37909292 5074902 729815 1230689676 1230689676 0 1455511412 0 106.718242 268 804 1072000 268000 1194 841 120 160000 250000 117 156000 40730 12 16000 25000 12 16000 25000 1707
1790010383475662 10 0 0 10 10 10 0 0 0 0 0 0 366 39 39 0 675 309 270 0 270 0 0 0 12989621 31706 0 6894 57650 95358 38033010 5075010 732414 1231306504 1231306504 0 1456728333 0 106.689925 270 810 1080000 270000 1008 858 120 160000 250000 117 156000 40730 12 16000 25000 12 16000 25000 1708
1790010383527790 10 0 0 10 10 10 0 0 0 0 0 0 365 39 39 0 675 310 271 0 271 0 0 0 13015947 31787 0 6906 57747 95374 38058515 5075092 736839 1237690655 1237690655 0 1458231528 0 106.583868 286 858 1144000 286000 137 788 120 160000 250000 117 156000 40738 12 16000 25000 12 16000 25000 1716
1790010383531054 10 0 0 10 10 10 0 0 0 0 0 0 364 39 39 0 675 311 272 0 272 0 0 0 13018974 31861 0 6917 57797 95383 38058521 5075171 737601 1243106600 1243106600 0 1459728132 0 106.667905 260 780 1040000 260000 76 720 120 160000 250000 117 156000 40744 12 16000 25000 12 16000 25000 1724
1790010383558286 10 0 0 10 10 10 0 0 0 0 0 0 363 39 39 0 675 312 273 0 273 0 0 0 13023921 31936 0 6928 57900 95409 38080500 5075231 740302 1248479960 1248479960 0 1461218685 0 106.735753 260 780 1040000 260000 217 672 120 160000 250000 117 156000 40754 12 16000 25000 12 16000 25000 1732
1790010383846821 10 0 0 10 10 10 0 0 0 0 0 0 362 39 39 0 675 313 274 0 274 0 0 0 13028925 32018 0 6940 57996 95423 38363751 5075299 742996 1254971165 1254971165 0 1462731862 0 106.804678 249 747 996000 249000 75 615 120 160000 250000 117 156000 40762 12 16000 25000 12 16000 25000 1740
1790010383948126 10 0 0 10 10 10 0 0 0 0 0 0 361 39 39 0 675 314 275 0 275 0 0 0 13053905 32102 0 6955 58078 95441 38439786 5075384 745964 1261230622 1261230622 0 1463951377 0 106.688987 249 747 996000 249000 1393 691 120 160000 250000 117 156000 40770 12 16000 25000 12 16000 25000 1747
1790010384079859 10 0 0 10 10 10 0 0 0 0 0 0 360 39 39 0 675 315 276 0 276 0 0 0 13079923 32183 0 6967 58161 95457 38545219 5075468 748545 1267747366 1267747366 0 1465452999 0 106.585844 241 723 964000 241000 139 638 120 160000 250000 117 156000 40777 12 16000 25000 12 16000 25000 1755
1790010384226443 10 0 0 10 10 10 0 0 0 0 0 0 359 39 39 0 675 316 277 0 277 0 0 0 13134140 32277 0 6982 58238 95469 38637283 5075563 751117 1274329354 1274329354 0 1466955204 0 106.254990 234 702 936000 234000 70 583 120 160000 250000 117 156000 40786 12 16000 25000 12 16000 25000 1764
1790010384507790 10 0 0 10 10 10 0 0 0 0 0 0 358 39 39 0 675 317 278 0 278 0 0 0 13148893 32361 0 6997 58322 95484 38903599 5075636 753676 1275547957 1275547957 0 1468481538 0 106.245819 235 705 940000 235000 79 535 120 160000 250000 117 156000 40787 12 16000 25000 12 16000 25000 1765
1790010384632797 10 0 0 10 10 10 0 0 0 0 0 0 357 39 39 0 675 318 279 0 279 0 0 0 13156171 32445 0 7011 58420 95504 39021026 5075713 758050 1280047412 1280047412 0 1469958361 0 106.293301 234 702 936000 234000 98 494 120 160000 250000 117 156000 40792 12 16000 25000 12 16000 25000 1770
1790010384664914 10 0 0 10 10 10 0 0 0 0 0 0 356 39 39 0 675 319 280 0 280 0 0 0 13163172 32528 0 7025 58502 95527 39045835 5075809 762432 1286476527 1286476527 0 1471462068 0 106.344914 227 681 908000 227000 102 457 120 160000 250000 117 156000 40800 12 16000 25000 12 16000 25000 1778
1790010384850067 10 0 0 10 10 10 0 0 0 0 0 0 355 39 39 0 675 320 281 0 281 0 0 0 13170113 32624 0 7042 58590 95546 39223749 5075881 766770 1287792716 1287792716 0 1472964911 0 106.396788 227 681 908000 227000 1410 551 120 160000 250000 117 156000 40801 12 16000 25000 12 16000 25000 1780
1790010385155824 10 0 0 10 10 10 0 0 0 0 0 0 354 39 39 0 675 321 282 0 282 0 0 0 13177263 32709 0 7058 58689 95565 39522027 5075987 771126 1292601852 1292601852 0 1474467630 0 106.447001 226 678 904000 226000 248 522 120 160000 250000 117 156000 40808 12 16000 25000 12 16000 25000 1786
1790010385385887 10 0 0 10 10 10 0 0 0 0 0 0 353 39 39 0 675 322 283 0 283 0 0 0 13184833 32790 0 7070 58779 95585 39744217 5076073 775460 1295256289 1295256289 0 1475966817 0 106.493554 222 666 888000 222000 328 504 120 160000 250000 117 156000 40811 12 16000 25000 12 16000 25000 1789
1790010385516054 10 0 0 10 10 10 0 0 0 0 0 0 352 39 39 0 675 323 284 0 284 0 0 0 13191910 32878 0 7084 58887 95606 39866988 5076154 779845 1301812238 1301812238 0 1477461463 0 106.543640 217 651 868000 217000 199 475 120 160000 250000 117 156000 40818 12 16000 25000 12 16000 25000 1797
1790010385730347 10 0 0 10 10 10 0 0 0 0 0 0 351 39 39 0 675 324 285 0 285 0 0 0 13217185 32964 0 7096 58984 95621 40055660 5076268 782418 1308499915 1308499915 0 1478965962 0 106.447999 218 654 872000 218000 1316 558 120 160000 250000 117 156000 40826 12 16000 25000 12 16000 25000 1805
1790010385892486 10 0 0 10 10 10 0 0 0 0 0 0 350 39 39 0 675 325 286 0 286 0 0 0 13224212 33046 0 7109 59093 95640 40210415 5076393 786786 1313944486 1313944486 0 1480462242 0 106.498555 223 669 892000 223000 1361 675 120 160000 250000 117 156000 40834 12 16000 25000 12 16000 25000 1813
1790010385918831 10 0 0 10 10 10 0 0 0 0 0 0 349 39 39 0 675 326 287 0 287 0 0 0 13238860 33125 0 7120 59169 95655 40221825 5076489 789335 1320541759 1320541759 0 1481954117 0 106.487581 213 639 852000 213000 105 620 120 160000 250000 117 156000 40842 12 16000 25000 12 16000 25000 1822
1790010385979956 10 0 0 10 10 10 0 0 0 0 0 0 348 39 39 0 675 327 288 0 288 0 0 0 13246201 33206 0 7132 59270 95683 40275311 5076560 793661 1327041003 1327041003 0 1483457780 0 106.536051 214 642 856000 214000 267 587 120 160000 250000 117 156000 40851 12 16000 25000 12 16000 25000 1830
1790010386058695 10 0 0 10 10 10 0 0 0 0 0 0 347 39 39 0 675 328 289 0 289 0 0 0 13253473 33284 0 7145 59377 95700 40346480 5076635 797959 1332382022 1332382022 0 1484941388 0 106.583605 223 669 892000 223000 1302 657 120 160000 250000 117 156000 40859 12 16000 25000 12 16000 25000 1838
1790010386262710 10 0 0 10 10 10 0 0 0 0 0 0 346 39 39 0 675 329 290 0 290 0 0 0 13258395 33369 0 7157 59461 95713 40545296 5076711 800498 1337403874 1337403874 0 1486159971 0 106.630888 236 708 944000 236000 1506 741 120 160000 250000 117 156000 40867 12 16000 25000 12 16000 25000 1846
1790010386625813 10 0 0 10 10 10 0 0 0 0 0 0 345 39 39 0 675 330 291 0 291 0 0 0 13281575 33455 0 7173 59544 95727 40884944 5076783 803024 1338123711 1338123711 0 1487667084 0 106.552512 236 708 944000 236000 1035 770 120 160000 250000 117 156000 40868 12 16000 25000 12 16000 25000 1846
1790010386882160 10 0 0 10 10 10 0 0 0 0 0 0 344 39 39 0 675 331 292 0 292 0 0 0 13286559 33553 0 7186 59637 95744 41135979 5076885 805568 1343394005 1343394005 0 1489170558 0 106.619502 260 780 1040000 260000 57 702 120 160000 250000 117 156000 40876 12 16000 25000 12 16000 25000 1855
1790010386964241 10 0 0 10 10 10 0 0 0 0 0 0 343 39 39 0 675 332 293 0 293 0 0 0 13312360 33635 0 7200 59718 95758 41191939 5077008 808090 1348544354 1348544354 0 1490664075 0 106.519450 264 792 1056000 264000 241 658 120 160000 250000 117 156000 40884 12 16000 25000 12 16000 25000 1863
1790010386969156 10 0 0 10 10 10 0 0 0 0 0 0 342 39 39 0 675 333 294 0 294 0 0 0 13316983 33711 0 7210 59799 95772 41191955 5077090 810597 1353742502 1353742502 0 1492159925 0 106.588811 272 816 1088000 272000 1276 719 120 160000 250000 117 156000 40892 12 16000 25000 12 16000 25000 1871
1790010387050257 10 0 0 10 10 10 0 0 0 0 0 0 341 39 39 0 675 334 295 0 295 0 0 0 13321803 33801 0 7222 59886 95788 41267951 5077162 813121 1359035549 1359035549 0 1493653554 0 106.656279 276 828 1104000 276000 1457 792 120 160000 250000 117 156000 40900 12 16000 25000 12 16000 25000 1879
1790010387091137 10 0 0 10 10 10 0 0 0 0 0 0 340 39 39 0 675 335 296 0 296 0 0 0 13358413 33880 0 7234 59970 95804 41271948 5077238 815614 1364427439 1364427439 0 1495164350 0 106.471673 275 825 1100000 275000 1385 851 120 160000 250000 117 156000 40908 12 16000 25000 12 16000 25000 1887
1790010387173875 10 0 0 10 10 10 0 0 0 0 0 0 339 39 39 0 675 336 297 0 297 0 0 0 13364009 33956 0 7246 60051 95817 41348815 5077321 818075 1369731141 1369731141 0 1496380686 0 106.513178 289 867 1156000 289000 1544 919 120 160000 250000 117 156000 40916 12 16000 25000 12 16000 25000 1895
1790010387283316 10 0 0 10 10 10 0 0 0 0 0 0 338 39 39 0 675 337 298 0 298 0 0 0 13369595 34033 0 7259 60144 95828 41452403 5077384 820739 1376362572 1376362572 0 1497880959 0 106.574921 302 906 1208000 302000 1550 981 120 160000 250000 117 156000 40924 12 16000 25000 12 16000 25000 1903
1790010387375576 10 0 0 10 10 10 0 0 0 0 0 0 337 39 39 0 675 338 299 0 299 0 0 0 13395653 34115 0 7271 60221 95842 41518321 5077470 823196 1381653024 1381653024 0 1499394425 0 106.474956 285 855 1140000 285000 122 899 120 160000 250000 117 156000 40932 12 16000 25000 12 16000 25000 1911
1790010387410889 10 0 0 10 10 10 0 0 0 0 0 0 336 39 39 0 675 339 300 0 300 0 0 0 13400254 34192 0 7282 60306 95859 41548769 5077533 825671 1387005237 1387005237 0 1500893230 0 106.544276 288 864 1152000 288000 1576 966 120 160000 250000 117 156000 40940 12 16000 25000 12 16000 25000 1919
1790010387448874 10 0 0 10 10 10 0 0 0 0 0 0 335 39 39 0 675 340 301 0 301 0 0 0 13406538 34280 0 7294 60386 95874 41580210 5077591 828566 1389598129 1389598129 0 1502393605 0 106.600223 282 846 1128000 282000 232 896 120 160000 250000 117 156000 40943 12 16000 25000 12 16000 25000 1922
1790010387506475 10 0 0 10 10 10 0 0 0 0 0 0 334 39 39 0 675 341 302 0 302 0 0 0 13414090 34369 0 7313 60490 95892 41629953 5077659 833243 1393752502 1393752502 0 1503902918 0 106.646686 282 846 1128000 282000 505 859 120 160000 250000 117 156000 40949 12 16000 25000 12 16000 25000 1929
1790010387596768 10 0 0 10 10 10 0 0 0 0 0 0 333 39 39 0 675 342 303 0 303 0 0 0 13439321 34453 0 7330 60579 95909 41694695 5077766 836155 1400467951 1400467951 0 1505407745 0 106.552826 277 831 1108000 277000 297 805 120 160000 250000 117 156000 40958 12 16000 25000 12 16000 25000 1938
1790010387940139 10 0 0 10 10 10 0 0 0 0 0 0 332 39 39 0 675 343 304 0 304 0 0 0 13455407 34534 0 7342 60677 95931 42021673 5077849 840352 1406878609 1406878609 0 1506913672 0 106.531590 277 831 1108000 277000 1122 837 120 160000 250000 117 156000 40967 12 16000 25000 12 16000 25000 1945
1790010388001540 10 0 0 10 10 10 0 0 0 0 0 0 331 39 39 0 675 344 305 0 305 0 0 0 13490417 34613 0 7354 60756 95945 42047776 5077936 842843 1412200359 1412200359 0 1508416128 0 106.361148 281 843 1124000 281000 1263 880 120 160000 250000 117 156000 40973 12 16000 25000 12 16000 25000 1952
1790010388069836 10 0 0 10 10 10 0 0 0 0 0 0 330 39 39 0 675 345 306 0 306 0 0 0 13534978 34691 0 7365 60837 95959 42071243 5078010 845292 1418867027 1418867027 0 1509914557 0 106.116570 280 840 1120000 280000 1052 898 120 160000 250000 117 156000 40981 12 16000 25000 12 16000 25000 1961
1790010388358535 10 0 0 10 10 10 0 0 0 0 0 0 329 39 39 0 675 346 307 0 307 0 0 0 13542418 34775 0 7379 60974 95981 42352169 5078077 849861 1425431719 1425431719 0 1511419025 0 106.163439 275 825 1100000 275000 192 830 120 160000 250000 117 156000 40990 12 16000 25000 12 16000 25000 1969
1790010388379826 10 0 0 10 10 10 0 0 0 0 0 0 328 39 39 0 675 347 308 0 308 0 0 0 13563453 34853 0 7392 61032 95990 42352175 5078163 850614 1430796996 1430796996 0 1512924904 0 106.104218 270 810 1080000 270000 288 778 120 160000 250000 117 156000 40999 12 16000 25000 12 16000 25000 1977
1790010388611768 10 0 0 10 10 10 0 0 0 0 0 0 327 39 39 0 675 348 309 0 309 0 0 0 13608799 34936 0 7406 61121 96006 42538483 5078243 853077 1435908587 1435908587 0 1514430356 0 105.856156 265 795 1060000 265000 207 723 120 160000 250000 117 156000 41007 12 16000 25000 12 16000 25000 1985
1790010388624833 10 0 0 10 10 10 0 0 0 0 0 0 326 39 39 0 675 349 310 0 310 0 0 0 13621612 35014 0 7418 61179 96018 42538491 5078321 853816 1440964297 1440964297 0 1515926896 0 105.860741 258 774 1032000 258000 215 674 120 160000 250000 117 156000 41014 12 16000 25000 12 16000 25000 1993
1790010388757069 10 0 0 10 10 10 0 0 0 0 0 0 325 39 39 0 675 350 311 0 311 0 0 0 13627086 35091 0 7430 61266 96033 42664993 5078381 856242 1442635394 1442635394 0 1517418036 0 105.921817 255 765 1020000 255000 500 658 120 160000 250000 117 156000 41017 12 16000 25000 12 16000 25000 1995
1790010388890062 10 0 0 10 10 10 0 0 0 0 0 0 324 39 39 0 675 351 312 0 312 0 0 0 13759847 35167 0 7441 61323 96041 42665000 5078447 856989 1444532641 1444532641 0 1518912520 0 105.005175 249 747 996000 249000 48 599 120 160000 250000 117 156000 41019 12 16000 25000 12 16000 25000 1998
1790010388929039 10 0 0 10 10 10 0 0 0 0 0 0 323 39 39 0 675 352 313 0 313 0 0 0 13783793 35248 0 7452 61403 96058 42679753 5078526 859414 1449926361 1449926361 0 1520417398 0 104.926458 241 723 964000 241000 83 550 120 160000 250000 117 156000 41027 12 16000 25000 12 16000 25000 2005
1790010389203903 10 0 0 10 10 10 0 0 0 0 0 0 322 39 39 0 675 353 314 0 314 0 0 0 13788961 35343 0 7470 61492 96074 42949162 5078591 862272 1456528885 1456528885 0 1521907618 0 104.989315 240 720 960000 240000 1530 646 120 160000 250000 117 156000 41036 12 16000 25000 12 16000 25000 2014
1790010389212062 10 0 0 10 10 10 0 0 0 0 0 0 321 39 39 0 675 354 315 0 315 0 0 0 13796329 35424 0 7482 61595 96104 42949646 5078663 866785 1463021658 1463021658 0 1523405584 0 105.036056 240 720 960000 240000 1219 703 120 160000 250000 117 156000 41044 12 16000 25000 12 16000 25000 2022
1790010389236862 10 0 0 10 10 10 0 0 0 0 0 0 320 39 39 0 675 355 316 0 316 0 0 0 13803021 35507 0 7496 61679 96123 42967474 5078733 870808 1469418960 1469418960 0 1524905898 0 105.088026 242 726 968000 242000 267 662 120 160000 250000 117 156000 41052 12 16000 25000 12 16000 25000 2030
1790010389259782 10 0 0 10 10 10 0 0 0 0 0 0 319 39 39 0 675 356 317 0 317 0 0 0 13809792 35587 0 7508 61771 96140 42983344 5078799 874839 1470049137 1470049137 0 1526404956 0 105.139282 250 750 1000000 250000 1299 725 120 160000 250000 117 156000 41052 12 16000 25000 12 16000 25000 2031
1790010389368261 10 0 0 10 10 10 0 0 0 0 0 0 318 39 39 0 675 357 318 0 318 0 0 0 13824868 35677 0 7521 61854 96153 43076462 5078877 877191 1475546768 1475546768 0 1527624827 0 105.108173 245 735 980000 245000 157 670 120 160000 250000 117 156000 41059 12 16000 25000 12 16000 25000 2037
1790010389468509 10 0 0 10 10 10 0 0 0 0 0 0 317 39 39 0 675 358 319 0 319 0 0 0 13831914 35758 0 7534 61955 96175 43169353 5078961 881299 1482163565 1482163565 0 1529133234 0 105.157887 241 723 964000 241000 239 629 120 160000 250000 117 156000 41067 12 16000 25000 12 16000 25000 2046
1790010389512859 10 0 0 10 10 10 0 0 0 0 0 0 316 39 39 0 675 359 320 0 320 0 0 0 13839962 35838 0 7547 62041 96198 43205348 5079055 885302 1483252481 1483252481 0 1530655293 0 105.200899 247 741 988000 247000 1369 702 120 160000 250000 117 156000 41068 12 16000 25000 12 16000 25000 2047
1790010389985187 10 0 0 10 10 10 0 0 0 0 0 0 315 39 39 0 675 360 321 0 321 0 0 0 13845054 35952 0 7560 62153 96216 43672217 5079158 887805 1483863379 1483863379 0 1532153785 0 105.264396 252 756 1008000 252000 26 637 120 160000 250000 117 156000 41069 12 16000 25000 12 16000 25000 2047
1790010389998332 10 0 0 10 10 10 0 0 0 0 0 0 314 39 39 0 675 361 322 0 322 0 0 0 13857880 36035 0 7572 62220 96224 43672223 5079291 888538 1486407655 1486407655 0 1533648246 0 105.269173 252 756 1008000 252000 117 587 120 160000 250000 117 156000 41072 12 16000 25000 12 16000 25000 2050
1790010390269499 10 0 0 10 10 10 0 0 0 0 0 0 313 39 39 0 675 362 323 0 323 0 0 0 13896506 36131 0 7588 62329 96247 43904442 5079365 893017 1492703073 1492703073 0 1535141242 0 105.078800 268 804 1072000 268000 572 587 120 160000 250000 117 156000 41081 12 16000 25000 12 16000 25000 2059
1790010390401852 10 0 0 10 10 10 0 0 0 0 0 0 312 39 39 0 675 363 324 0 324 0 0 0 13903395 36216 0 7603 62415 96268 44029591 5079466 897015 1497041671 1497041671 0 1536666695 0 105.130592 262 786 1048000 262000 250 555 120 160000 250000 117 156000 41088 12 16000 25000 12 16000 25000 2065
1790010390631093 10 0 0 10 10 10 0 0 0 0 0 0 311 39 39 0 675 364 325 0 325 0 0 0 13908150 36304 0 7622 62499 96281 44253780 5079557 899336 1499597391 1499597391 0 1538162410 0 105.196373 272 816 1088000 272000 1132 612 120 160000 250000 117 156000 41090 12 16000 25000 12 16000 25000 2068
1790010390802846 10 0 0 10 10 10 0 0 0 0 0 0 310 39 39 0 675 365 326 0 326 0 0 0 13915111 36383 0 7634 62602 96302 44418256 5079648 903318 1506266686 1506266686 0 1539660982 0 105.245727 298 894 1192000 298000 532 605 120 160000 250000 117 156000 41099 12 16000 25000 12 16000 25000 2076
1790010390811140 10 0 0 10 10 10 0 0 0 0 0 0 309 39 39 0 675 366 327 0 327 0 0 0 13921651 36458 0 7645 62689 96321 44419698 5079752 907242 1512439505 1512439505 0 1540897321 0 105.280321 310 930 1240000 310000 126 539 120 160000 250000 117 156000 41107 12 16000 25000 12 16000 25000 2084
1790010390836178 10 0 0 10 10 10 0 0 0 0 0 0 308 39 39 0 675 367 328 0 328 0 0 0 13936571 36543 0 7657 62767 96338 44429552 5079817 909547 1519035077 1519035077 0 1542394893 0 105.269476 320 960 1280000 320000 1293 613 120 160000 250000 117 156000 41115 12 16000 25000 12 16000 25000 2092
1790010391022254 10 0 0 10 10 10 0 0 0 0 0 0 307 39 39 0 675 368 329 0 329 0 0 0 13943226 36625 0 7670 62867 96362 44608686 5079878 913455 1525543980 1525543980 0 1543612311 0 105.301796 337 1011 1348000 337000 491 602 120 160000 250000 117 156000 41122 12 16000 25000 12 16000 25000 2100
1790010391154114 10 0 0 10 10 10 0 0 0 0 0 0 306 39 39 0 675 369 330 0 330 0 0 0 13958617 36708 0 7683 62963 96377 44724863 5079956 915901 1532027524 1532027524 0 1545114962 0 105.287763 336 1008 1344000 336000 1348 676 120 160000 250000 117 156000 41131 12 16000 25000 12 16000 25000 2108
1790010391277863 10 0 0 10 10 10 0 0 0 0 0 0 305 39 39 0 675 370 331 0 331 0 0 0 13965483 36790 0 7697 63064 96397 44841386 5080090 919834 1537020206 1537020206 0 1546333373 0 105.318502 344 1032 1376000 344000 1317 740 120 160000 250000 117 156000 41139 12 16000 25000 12 16000 25000 2116
1790010391384512 10 0 0 10 10 10 0 0 0 0 0 0 304 39 39 0 675 371 332 0 332 0 0 0 13972144 36867 0 7709 63163 96424 44941075 5080166 923724 1543243012 1543243012 0 1547896122 0 105.374232 341 1023 1364000 341000 230 691 120 160000 250000 117 156000 41147 12 16000 25000 12 16000 25000 2124
1790010391396957 10 0 0 10 10 10 0 0 0 0 0 0 303 39 39 0 675 372 333 0 333 0 0 0 13984343 36940 0 7720 63230 96432 44941081 5080239 924442 1547537290 1547537290 0 1549382485 0 105.383101 350 1050 1400000 350000 1213 743 120 160000 250000 117 156000 41153 12 16000 25000 12 16000 25000 2131
1790010391893629 10 0 0 10 10 10 0 0 0 0 0 0 302 39 39 0 675 373 334 0 334 0 0 0 14039732 37055 0 7758 63338 96449 45382042 5080298 926885 1552800353 1552800353 0 1550880170 0 105.069046 344 1032 1376000 344000 398 710 120 160000 250000 117 156000 41161 12 16000 25000 12 16000 25000 2138
1790010391956909 10 0 0 10 10 10 0 0 0 0 0 0 301 39 39 0 675 374 335 0 335 0 0 0 14045206 37132 0 7769 63418 96464 45439524 5080428 929234 1557787863 1557787863 0 1552376724 0 105.128979 342 1026 1368000 342000 1324 771 120 160000 250000 117 156000 41170 12 16000 25000 12 16000 25000 2147
1790010391995868 10 0 0 10 10 10 0 0 0 0 0 0 300 39 39 0 675 375 336 0 336 0 0 0 14051933 37213 0 7781 63513 96484 45471468 5080500 933069 1564392101 1564392101 0 1553884184 0 105.180217 366 1098 1464000 366000 1130 807 120 160000 250000 117 156000 41178 12 16000 25000 12 16000 25000 2155
1790010392042243 10 0 0 10 10 10 0 0 0 0 0 0 299 39 39 0 675 376 337 0 337 0 0 0 14060565 37314 0 7800 63629 112970 45492410 5080574 937353 1565035526 1565035526 0 1555384384 0 105.216546 377 1131 1508000 377000 1321 882 120 160000 250000 117 156000 41178 12 16000 25000 12 16000 25000 2155
1790010392243853 10 0 0 10 10 10 0 0 0 0 0 0 298 39 39 0 675 377 338 0 338 0 0 0 14166064 37411 0 7814 63732 112987 45588084 5080772 940131 1571738058 1571738058 0 1556887998 0 104.535270 363 1089 1452000 363000 48 802 120 160000 250000 117 156000 41186 12 16000 25000 12 16000 25000 2164
1790010392302436 10 0 0 10 10 10 0 0 0 0 0 0 297 39 39 0 675 378 339 0 339 0 0 0 14173008 37505 0 7826 63844 113005 45639360 5080889 944072 1578304553 1578304553 0 1558375766 0 104.583342 354 1062 1416000 354000 274 751 120 160000 250000 117 156000 41195 12 16000 25000 12 16000 25000 2171
1790010392329661 10 0 0 10 10 10 0 0 0 0 0 0 296 39 39 0 675 379 340 0 340 0 0 0 14179665 37582 0 7837 63948 113024 45659610 5080983 947917 1583727327 1583727327 0 1559593698 0 104.615504 357 1071 1428000 357000 1368 812 120 160000 250000 117 156000 41203 12 16000 25000 12 16000 25000 2180
1790010392426550 10 0 0 10 10 10 0 0 0 0 0 0 295 39 39 0 675 380 341 0 341 0 0 0 14193911 37667 0 7849 64035 113036 45741957 5081073 950220 1590167911 1590167911 0 1561091240 0 104.610509 358 1074 1432000 358000 227 756 120 160000 250000 117 156000 41210 12 16000 25000 12 16000 25000 2188
1790010392472951 10 0 0 10 10 10 0 0 0 0 0 0 294 39 39 0 675 381 342 0 342 0 0 0 14200366 37753 0 7861 64132 113056 45781595 5081152 954016 1595462329 1595462329 0 1562318200 0 104.644633 368 1104 1472000 368000 1223 803 120 160000 250000 117 156000 41219 12 16000 25000 12 16000 25000 2196
1790010392526131 10 0 0 10 10 10 0 0 0 0 0 0 293 39 39 0 675 382 343 0 343 0 0 0 14253292 37830 0 7875 64202 113063 45781601 5081226 954762 1602015169 1602015169 0 1563820831 0 104.356800 368 1104 1472000 368000 1348 857 120 160000 250000 117 156000 41227 12 16000 25000 12 16000 25000 2204
1790010392567420 10 0 0 10 10 10 0 0 0 0 0 0 292 39 39 0 675 383 344 0 344 0 0 0 14260953 37914 0 7887 64300 113083 45814936 5081293 959412 1607051273 1607051273 0 1565321805 0 104.400384 345 1035 1380000 345000 122 787 120 160000 250000 117 156000 41235 12 16000 25000 12 16000 25000 2212
1790010392669198 10 0 0 10 10 10 0 0 0 0 0 0 291 39 39 0 675 384 345 0 345 0 0 0 14268199 37997 0 7899 64397 113104 45909152 5081384 963167 1609685743 1609685743 0 1566833125 0 104.447647 335 1005 1340000 335000 210 732 120 160000 250000 117 156000 41238 12 16000 25000 12 16000 25000 2215
1790010392770263 10 0 0 10 10 10 0 0 0 0 0 0 290 39 39 0 675 385 346 0 346 0 0 0 14274920 38090 0 7921 64488 113124 46003184 5081472 966956 1615076192 1615076192 0 1568343172 0 104.498537 318 954 1272000 318000 74 669 120 160000 250000 117 156000 41247 12 16000 25000 12 16000 25000 2223
1790010392921002 10 0 0 10 10 10 0 0 0 0 0 0 289 39 39 0 675 386 347 0 347 0 0 0 14279487 38171 0 7935 64575 113136 46149074 5081556 969218 1615654276 1615654276 0 1569570664 0 104.546374 318 954 1272000 318000 1531 754 120 160000 250000 117 156000 41247 12 16000 25000 12 16000 25000 2223
1790010392927714 10 0 0 10 10 10 0 0 0 0 0 0 288 39 39 0 675 387 348 0 348 0 0 0 14284126 38248 0 7947 64657 113147 46150875 5081639 971450 1621166446 1621166446 0 1571068456 0 104.611682 328 984 1312000 328000 47 686 120 160000 250000 117 156000 41255 12 16000 25000 12 16000 25000 2232
1790010392990412 10 0 0 10 10 10 0 0 0 0 0 0 287 39 39 0 675 388 349 0 349 0 0 0 14346570 38334 0 7959 64714 113155 46150881 5081717 972162 1624135654 1624135654 0 1572569570 0 104.256463 328 984 1312000 328000 1400 756 120 160000 250000 117 156000 41258 12 16000 25000 12 16000 25000 2235
1790010393339850 10 0 0 10 10 10 0 0 0 0 0 0 286 39 39 0 675 389 350 0 350 0 0 0 14381471 38415 0 7971 64806 113170 46465152 5081778 974423 1628584326 1628584326 0 1574079510 0 104.103403 319 957 1276000 319000 85 692 120 160000 250000 117 156000 41264 12 16000 25000 12 16000 25000 2242
1790010393378223 10 0 0 10 10 10 0 0 0 0 0 0 285 39 39 0 675 390 351 0 351 0 0 0 14386293 38500 0 7987 64885 113184 46498412 5081871 976741 1629815711 1629815711 0 1575583782 0 104.167442 274 822 1096000 274000 34 629 120 160000 250000 117 156000 41265 12 16000 25000 12 16000 25000 2243
1790010393565243 10 0 0 10 10 10 0 0 0 0 0 0 284 39 39 0 675 391 352 0 352 0 0 0 14392853 38581 0 7999 64981 113199 46678582 5081947 980443 1630455696 1630455696 0 1577084171 0 104.218657 246 738 984000 246000 12 570 120 160000 250000 117 156000 41266 12 16000 25000 12 16000 25000 2244
1790010393659905 10 0 0 10 10 10 0 0 0 0 0 0 283 39 39 0 675 392 353 0 353 0 0 0 14397595 38673 0 8010 65071 113223 46768188 5082034 982685 1634841618 1634841618 0 1578584003 0 104.282840 240 720 960000 240000 184 533 120 160000 250000 117 156000 41274 12 16000 25000 12 16000 25000 2250
1790010393663125 10 0 0 10 10 10 0 0 0 0 0 0 282 39 39 0 675 393 354 0 354 0 0 0 14400521 38751 0 8021 65168 113232 46768195 5082118 983503 1639878079 1639878079 0 1580075588 0 104.359659 236 708 944000 236000 327 514 120 160000 250000 117 156000 41281 12 16000 25000 12 16000 25000 2258
1790010393757225 10 0 0 10 10 10 0 0 0 0 0 0 281 39 39 0 675 394 355 0 355 0 0 0 14407039 38832 0 8035 65254 113251 46855483 5082205 987214 1645660668 1645660668 0 1581308802 0 104.393400 233 699 932000 233000 356 500 120 160000 250000 117 156000 41288 12 16000 25000 12 16000 25000 2265
1790010393785641 10 0 0 10 10 10 0 0 0 0 0 0 280 39 39 0 675 395 356 0 356 0 0 0 14413630 38914 0 8046 65344 113269 46877004 5082293 990917 1652137258 1652137258 0 1582804449 0 104.443892 233 699 932000 233000 172 469 120 160000 250000 117 156000 41295 12 16000 25000 12 16000 25000 2273
1790010394197706 10 0 0 10 10 10 0 0 0 0 0 0 279 39 39 0 675 396 357 0 357 0 0 0 14420628 38999 0 8061 65463 113297 47281742 5082369 995032 1658722642 1658722642 0 1584299637 0 104.491345 232 696 928000 232000 260 450 120 160000 250000 117 156000 41303 12 16000 25000 12 16000 25000 2281
1790010394212647 10 0 0 10 10 10 0 0 0 0 0 0 278 39 39 0 675 397 358 0 358 0 0 0 14427169 39075 0 8073 65564 113316 47289841 5082451 998700 1664022351 1664022351 0 1585805049 0 104.542793 236 708 944000 236000 446 450 120 160000 250000 117 156000 41312 12 16000 25000 12 16000 25000 2289
1790010394238150 10 0 0 10 10 10 0 0 0 0 0 0 277 39 39 0 675 398 359 0 359 0 0 0 14432468 39151 0 8084 65648 113331 47309765 5082535 1000924 1665687210 1665687210 0 1587304661 0 104.602788 237 711 948000 237000 240 430 120 160000 250000 117 156000 41315 12 16000 25000 12 16000 25000 2292
1790010394290828 10 0 0 10 10 10 0 0 0 0 0 0 276 39 38 1 675 399 360 0 360 0 0 0 14484858 39237 0 8096 65751 113340 47309770 5082600 1001659 1671594484 1666266677 0 1588807234 0 104.323516 234 702 936000 234000 326 421 120 160000 250000 114 152000 41323 12 16000 25000 12 16000 25000 2301
1790010394290993 10 0 0 10 10 10 0 0 0 0 0 0 276 38 38 0 675 399 361 0 361 0 0 0 14484858 39305 0 8109 65761 113347 47309773 5082661 1001659 1671594484 1671594484 0 1588807234 0 104.323027 230 690 920000 230000 12 382 120 160000 250000 114 152000 40322 12 16000 25000 12 16000 25000 2299
1790010394846278 10 0 0 10 10 10 0 0 0 0 0 0 274 39 39 0 675 401 362 0 362 0 0 0 14491217 39388 0 8124 65870 113363 47858441 5082693 1003983 1673449221 1673449221 0 1591812601 0 104.474025 231 693 924000 231000 160 361 120 160000 250000 117 156000 41328 12 16000 25000 12 16000 25000 2303
1790010394875200 10 0 0 10 10 10 0 0 0 0 0 0 273 39 39 0 675 402 363 0 363 0 0 0 14495990 39467 0 8135 65959 113375 47882277 5082806 1006172 1680278669 1680278669 0 1593310617 0 104.537437 214 642 856000 214000 30 330 120 160000 250000 117 156000 41337 12 16000 25000 12 16000 25000 2312
1790010394930668 10 0 0 10 10 10 0 0 0 0 0 0 272 39 39 0 675 403 364 0 364 0 0 0 14551205 39544 0 8147 66030 113383 47882284 5082878 1006896 1685688919 1685688919 0 1594814898 0 104.239612 207 621 828000 207000 158 314 120 160000 250000 117 156000 41345 12 16000 25000 12 16000 25000 2320
1790010395002801 10 0 0 10 10 10 0 0 0 0 0 0 271 39 39 0 675 404 365 0 365 0 0 0 14557067 39621 0 8160 66139 113399 47948266 5082942 1009530 1692309793 1692309793 0 1596316836 0 104.295328 209 627 836000 209000 797 362 120 160000 250000 117 156000 41353 12 16000 25000 12 16000 25000 2328
1790010395257071 10 0 0 10 10 10 0 0 0 0 0 0 270 39 39 0 675 405 366 0 366 0 0 0 14563658 39704 0 8173 66294 113426 48195593 5083011 1013115 1693269998 1693269998 0 1597839933 0 104.347130 206 618 824000 206000 293 356 120 160000 250000 117 156000 41352 12 16000 25000 12 16000 25000 2329
1790010395345293 10 0 0 10 10 10 0 0 0 0 0 0 269 39 39 0 675 406 367 0 367 0 0 0 14568558 39784 0 8188 66390 113439 48278619 5083095 1015377 1694411786 1694411786 0 1599330466 0 104.408864 206 618 824000 206000 259 348 120 160000 250000 117 156000 41353 12 16000 25000 12 16000 25000 2330
1790010395590477 10 0 0 10 10 10 0 0 0 0 0 0 268 39 39 0 675 407 368 0 368 0 0 0 14575033 39872 0 8207 66507 113457 48516980 5083198 1018990 1700759527 1700759527 0 1600831049 0 104.459896 206 618 824000 206000 227 337 120 160000 250000 117 156000 41361 12 16000 25000 12 16000 25000 2339
1790010395698202 10 0 0 10 10 10 0 0 0 0 0 0 267 39 39 0 675 408 369 0 369 0 0 0 14581512 39956 0 8219 66606 113474 48617902 5083300 1022537 1706051397 1706051397 0 1602332915 0 104.510966 205 615 820000 205000 1234 425 120 160000 250000 117 156000 41370 12 16000 25000 12 16000 25000 2347
1790010395770350 10 0 0 10 10 10 0 0 0 0 0 0 266 39 39 0 675 409 370 0 370 0 0 0 14586877 40036 0 8232 66693 113490 48684404 5083375 1025110 1712603383 1712603383 0 1603841598 0 104.570427 217 651 868000 217000 1423 523 120 160000 250000 117 156000 41377 12 16000 25000 12 16000 25000 2355
1790010395824444 10 0 0 10 10 10 0 0 0 0 0 0 265 39 38 1 675 410 371 0 371 0 0 0 14640654 40129 0 8246 66803 113499 48684412 5083453 1025861 1724148177 1717580265 0 1605347171 0 104.284517 223 669 892000 223000 1177 588 120 160000 250000 117 156000 41394 12 16000 25000 12 16000 25000 2369
1790010395824679 10 0 0 10 10 10 0 0 0 0 0 0 265 38 38 0 675 410 372 0 372 0 0 0 14640654 40203 0 8262 66803 113507 48684415 5083585 1025861 1724148177 1724148177 0 1605347171 0 104.283991 224 672 896000 224000 468 572 120 160000 250000 114 152000 40389 12 16000 25000 12 16000 25000 2368
1790010395874588 10 0 0 10 10 10 0 0 0 0 0 0 263 39 39 0 675 412 373 0 373 0 0 0 14678064 40285 0 8274 66919 113523 48696651 5083615 1029531 1729214597 1729214597 0 1608335536 0 104.211980 219 657 876000 219000 126 529 120 160000 250000 117 156000 41398 12 16000 25000 12 16000 25000 2376
1790010395932853 10 0 0 10 10 10 0 0 0 0 0 0 262 39 39 0 675 413 374 0 374 0 0 0 14684427 40371 0 8287 67012 113536 48748232 5083721 1033025 1735672087 1735672087 0 1609552070 0 104.245129 219 657 876000 219000 1115 587 120 160000 250000 117 156000 41406 12 16000 25000 12 16000 25000 2384
1790010396365021 10 0 0 10 10 10 0 0 0 0 0 0 261 39 39 0 675 414 375 0 375 0 0 0 14690925 40473 0 8305 67113 113553 49173569 5083811 1036574 1740753231 1740753231 0 1610756882 0 104.276422 223 669 892000 223000 1059 634 120 160000 250000 117 156000 41414 12 16000 25000 12 16000 25000 2391
1790010396497390 10 0 0 10 10 10 0 0 0 0 0 0 260 39 39 0 675 415 376 0 376 0 0 0 14697679 40556 0 8319 67249 113572 49298811 5083918 1040090 1746090967 1746090967 0 1612259002 0 104.325247 232 696 928000 232000 968 667 120 160000 250000 117 156000 41420 12 16000 25000 12 16000 25000 2398
1790010396540304 10 0 0 10 10 10 0 0 0 0 0 0 259 39 39 0 675 416 377 0 377 0 0 0 14704746 40635 0 8331 67346 113590 49334363 5083997 1044054 1752355410 1752355410 0 1613767989 0 104.372283 231 693 924000 231000 1129 713 120 160000 250000 117 156000 41428 12 16000 25000 12 16000 25000 2406
1790010396740677 10 0 0 10 10 10 0 0 0 0 0 0 258 39 39 0 675 417 378 0 378 0 0 0 14711755 40714 0 8343 67437 113608 49527434 5084081 1047486 1757645188 1757645188 0 1615264971 0 104.418909 232 696 928000 232000 1119 754 120 160000 250000 117 156000 41437 12 16000 25000 12 16000 25000 2414
1790010396754693 10 0 0 10 10 10 0 0 0 0 0 0 257 39 39 0 675 418 379 0 379 0 0 0 14716516 40811 0 8365 67530 113622 49536386 5084159 1049649 1758574147 1758574147 0 1616761868 0 104.481270 221 663 884000 221000 100 691 120 160000 250000 117 156000 41438 12 16000 25000 12 16000 25000 2415
1790010396984159 10 0 0 10 10 10 0 0 0 0 0 0 256 39 39 0 675 419 380 0 380 0 0 0 14723101 40889 0 8378 67630 113638 49758932 5084277 1053115 1763596200 1763596200 0 1618267134 0 104.531350 206 618 824000 206000 18 626 120 160000 250000 117 156000 41446 12 16000 25000 12 16000 25000 2424
1790010397088420 10 0 0 10 10 10 0 0 0 0 0 0 255 39 39 0 675 420 381 0 381 0 0 0 14733842 40975 0 8390 67708 113653 49852162 5084368 1055205 1767910182 1767910182 0 1619756563 0 104.550888 209 627 836000 209000 1128 676 120 160000 250000 117 156000 41453 12 16000 25000 12 16000 25000 2431
1790010397187323 10 0 0 10 10 10 0 0 0 0 0 0 254 39 39 0 675 421 382 0 382 0 0 0 14738566 41051 0 8403 67790 113666 49946072 5084445 1057283 1774460500 1774460500 0 1620992924 0 104.596710 207 621 828000 207000 1264 734 120 160000 250000 117 156000 41461 12 16000 25000 12 16000 25000 2439
1790010397255834 10 0 0 10 10 10 0 0 0 0 0 0 253 39 39 0 675 422 383 0 383 0 0 0 14755140 41128 0 8415 67884 113685 49997725 5084521 1060694 1779818222 1779818222 0 1622488694 0 104.575410 211 633 844000 211000 1271 787 120 160000 250000 117 156000 41469 12 16000 25000 12 16000 25000 2447
1790010397466406 10 0 0 10 10 10 0 0 0 0 0 0 252 39 39 0 675 423 384 0 384 0 0 0 14760373 41220 0 8430 67967 113702 50202762 5084608 1063438 1780289427 1780289427 0 1624015031 0 104.636131 211 633 844000 211000 1454 853 120 160000 250000 117 156000 41469 12 16000 25000 12 16000 25000 2447
1790010397534789 10 0 0 10 10 10 0 0 0 0 0 0 251 39 39 0 675 424 385 0 385 0 0 0 14768739 41298 0 8442 68058 113721 50262486 5084694 1067303 1785573885 1785573885 0 1625526443 0 104.673798 205 615 820000 205000 46 775 120 160000 250000 117 156000 41476 12 16000 25000 12 16000 25000 2453
1790010397621279 10 0 0 10 10 10 0 0 0 0 0 0 250 39 39 0 675 425 386 0 386 0 0 0 14782683 41379 0 8453 68161 113733 50334726 5084778 1069358 1790887464 1790887464 0 1627026579 0 104.671274 204 612 816000 204000 929 791 120 160000 250000 117 156000 41483 12 16000 25000 12 16000 25000 2460
1790010397670738 10 0 0 10 10 10 0 0 0 0 0 0 249 39 39 0 675 426 387 0 387 0 0 0 14799055 41454 0 8465 68272 113751 50367504 5084860 1072756 1792855374 1792855374 0 1628521476 0 104.651337 210 630 840000 210000 1180 830 120 160000 250000 117 156000 41486 12 16000 25000 12 16000 25000 2463
1790010397684291 10 0 0 10 10 10 0 0 0 0 0 0 248 39 39 0 675 427 388 0 388 0 0 0 14812364 41529 0 8478 68331 113759 50367510 5084937 1073450 1798096801 1798096801 0 1630028692 0 104.653810 210 630 840000 210000 507 799 120 160000 250000 117 156000 41492 12 16000 25000 12 16000 25000 2470
1790010397761004 10 0 0 10 10 10 0 0 0 0 0 0 247 39 39 0 675 428 389 0 389 0 0 0 14858685 41604 0 8490 68419 113780 50397635 5084997 1076836 1802189558 1802189558 0 1631528991 0 104.423968 206 618 824000 206000 337 755 120 160000 250000 117 156000 41499 12 16000 25000 12 16000 25000 2476
1790010397785158 10 0 0 10 10 10 0 0 0 0 0 0 246 39 39 0 675 429 390 0 390 0 0 0 14865026 41685 0 8502 68506 113799 50415165 5085070 1080211 1808936763 1808936763 0 1632742467 0 104.456614 209 627 836000 209000 956 776 120 160000 250000 117 156000 41507 12 16000 25000 12 16000 25000 2484
1790010397967209 10 0 0 10 10 10 0 0 0 0 0 0 245 39 39 0 675 430 391 0 391 0 0 0 14900369 41766 0 8517 68596 113810 50561608 5085132 1082317 1814376827 1814376827 0 1634249243 0 104.305143 207 621 828000 207000 452 745 120 160000 250000 117 156000 41515 12 16000 25000 12 16000 25000 2492
1790010398243113 10 0 0 10 10 10 0 0 0 0 0 0 244 39 39 0 675 431 392 0 392 0 0 0 14905626 41844 0 8530 68686 113823 50831945 5085238 1084361 1821793566 1821793566 0 1635482696 0 104.346611 198 594 792000 198000 102 683 120 160000 250000 117 156000 41523 12 16000 25000 12 16000 25000 2500
1790010398513253 10 0 0 10 10 10 0 0 0 0 0 0 243 39 39 0 675 432 393 0 393 0 0 0 14912097 41923 0 8543 68775 113843 51095327 5085315 1087686 1828305111 1828305111 0 1636987174 0 104.396853 206 618 824000 206000 512 667 120 160000 250000 117 156000 41530 12 16000 25000 12 16000 25000 2508
1790010398739963 10 0 0 10 10 10 0 0 0 0 0 0 242 39 39 0 675 433 394 0 394 0 0 0 14918859 42001 0 8555 68878 113861 51314961 5085399 1091027 1833700685 1833700685 0 1638484995 0 104.444601 211 633 844000 211000 1278 727 120 160000 250000 117 156000 41539 12 16000 25000 12 16000 25000 2517
1790010398963737 10 0 0 10 10 10 0 0 0 0 0 0 241 39 39 0 675 434 395 0 395 0 0 0 14923707 42082 0 8567 68965 113876 51533584 5085499 1093125 1839094674 1839094674 0 1639974091 0 104.505093 221 663 884000 221000 1436 797 120 160000 250000 117 156000 41547 12 16000 25000 12 16000 25000 2525
1790010399036287 10 0 0 10 10 10 0 0 0 0 0 0 240 39 39 0 675 435 396 0 396 0 0 0 14928187 42163 0 8583 69041 113892 51601376 5085586 1095173 1840401009 1840401009 0 1641474995 0 104.568867 221 663 884000 221000 1444 861 120 160000 250000 117 156000 41548 12 16000 25000 12 16000 25000 2526
1790010399131848 10 0 0 10 10 10 0 0 0 0 0 0 239 39 39 0 675 436 397 0 397 0 0 0 14934482 42242 0 8595 69139 113909 51690330 5085681 1098443 1847001095 1847001095 0 1642974213 0 104.619829 215 645 860000 215000 30 781 120 160000 250000 117 156000 41555 12 16000 25000 12 16000 25000 2534
1790010399182896 10 0 0 10 10 10 0 0 0 0 0 0 238 39 39 0 675 437 398 0 398 0 0 0 14941289 42321 0 8609 69230 113928 51734281 5085757 1101738 1853509344 1853509344 0 1644475222 0 104.667285 215 645 860000 215000 1359 838 120 160000 250000 117 156000 41564 12 16000 25000 12 16000 25000 2542
1790010399387056 10 0 0 10 10 10 0 0 0 0 0 0 237 39 39 0 675 438 399 0 399 0 0 0 15007219 42397 0 8620 69318 113953 51872232 5085827 1103782 1858604141 1858604141 0 1646110921 0 104.311878 225 675 900000 225000 1388 893 120 160000 250000 117 156000 41573 12 16000 25000 12 16000 25000 2551
1790010399549802 10 0 0 10 10 10 0 0 0 0 0 0 236 39 39 0 675 439 400 0 400 0 0 0 15013521 42483 0 8640 69424 113970 52028353 5085918 1107145 1865129047 1865129047 0 1647698272 0 104.368166 245 735 980000 245000 96 817 120 160000 250000 117 156000 41582 12 16000 25000 12 16000 25000 2559
1790010399614428 10 0 0 10 10 10 0 0 0 0 0 0 235 39 39 0 675 440 401 0 401 0 0 0 15019798 42570 0 8652 69529 113984 52086392 5085997 1110463 1870448003 1870448003 0 1649340421 0 104.428042 271 813 1084000 271000 194 757 120 160000 250000 117 156000 41591 12 16000 25000 12 16000 25000 2568
1790010399626951 10 0 0 10 10 10 0 0 0 0 0 0 234 39 39 0 675 441 402 0 402 0 0 0 15032047 42645 0 8664 69606 113991 52086400 5086085 1111205 1875849637 1875849637 0 1650949899 0 104.444490 276 828 1104000 276000 1425 823 120 160000 250000 117 156000 41600 12 16000 25000 12 16000 25000 2576
1790010399672615 10 0 0 10 10 10 0 0 0 0 0 0 233 39 39 0 675 442 403 0 403 0 0 0 15037164 42729 0 8682 69689 114004 52126677 5086155 1113346 1880260495 1880260495 0 1652550145 0 104.509669 278 834 1112000 278000 454 788 120 160000 250000 117 156000 41606 12 16000 25000 12 16000 25000 2583
1790010399713283 10 0 0 10 10 10 0 0 0 0 0 0 232 39 39 0 675 443 404 0 404 0 0 0 15060995 42805 0 8693 69775 114020 52143242 5086227 1115361 1881454499 1881454499 0 1654147611 0 104.445113 281 843 1124000 281000 1121 821 120 160000 250000 117 156000 41607 12 16000 25000 12 16000 25000 2584
1790010399756994 10 0 0 10 10 10 0 0 0 0 0 0 231 39 39 0 675 444 405 0 405 0 0 0 15104464 42882 0 8708 69842 114029 52143247 5086293 1116096 1887808351 1887808351 0 1655741222 0 104.245184 285 855 1140000 285000 227 764 120 160000 250000 117 156000 41617 12 16000 25000 12 16000 25000 2593
1790010400023951 10 0 0 10 10 10 0 0 0 0 0 0 230 39 39 0 675 445 406 0 406 0 0 0 15130731 42979 0 8724 69956 114044 52383626 5086351 1119399 1888583501 1888583501 0 1657345314 0 104.164879 285 855 1140000 285000 263 716 120 160000 250000 117 156000 41617 12 16000 25000 12 16000 25000 2593
1790010400194841 10 0 0 10 10 10 0 0 0 0 0 0 229 39 39 0 675 446 407 0 407 0 0 0 15155044 43057 0 8736 70046 114056 52529885 5086467 1121447 1893927497 1893927497 0 1659017494 0 104.102636 262 786 1048000 262000 12 648 120 160000 250000 117 156000 41625 12 16000 25000 12 16000 25000 2602
1790010400337894 10 0 0 10 10 10 0 0 0 0 0 0 228 39 39 0 675 447 408 0 408 0 0 0 15161904 43137 0 8749 70147 114075 52665766 5086557 1125197 1895222880 1895222880 0 1660665720 0 104.158499 268 804 1072000 268000 1412 724 120 160000 250000 117 156000 41628 12 16000 25000 12 16000 25000 2603
1790010400350092 10 0 0 10 10 10 0 0 0 0 0 0 227 39 39 0 675 448 409 0 409 0 0 0 15168187 43217 0 8762 70244 114096 52671387 5086633 1128455 1901809966 1901809966 0 1662299156 0 104.217337 267 801 1068000 267000 237 677 120 160000 250000 117 156000 41638 12 16000 25000 12 16000 25000 2612
1790010400390186 10 0 0 10 10 10 0 0 0 0 0 0 226 39 39 0 675 449 410 0 410 0 0 0 15174423 43295 0 8774 70336 114114 52704952 5086720 1131742 1908408817 1908408817 0 1663970473 0 104.278835 289 867 1156000 289000 1315 740 120 160000 250000 117 156000 41647 12 16000 25000 12 16000 25000 2620
1790010400400917 10 0 0 10 10 10 0 0 0 0 0 0 225 39 39 0 675 450 411 0 411 0 0 0 15181937 43371 0 8786 70422 114130 52707893 5086795 1134987 1913874130 1913874130 0 1665603115 0 104.329115 301 903 1204000 301000 1333 799 120 160000 250000 117 156000 41655 12 16000 25000 12 16000 25000 2629
1790010400975609 10 0 0 10 10 10 0 0 0 0 0 0 224 39 39 0 675 451 412 0 412 0 0 0 15186583 43454 0 8798 70537 114145 53277630 5086868 1137004 1915066640 1915066640 0 1666892860 0 104.377482 331 993 1324000 331000 1314 850 120 160000 250000 117 156000 41658 12 16000 25000 12 16000 25000 2630
1790010401061716 10 0 0 10 10 10 0 0 0 0 0 0 223 39 39 0 675 452 413 0 413 0 0 0 15193410 43533 0 8810 70640 114163 53356558 5086998 1140709 1920247916 1920247916 0 1668545020 0 104.433582 331 993 1324000 331000 48 736 120 160000 250000 117 156000 41666 12 16000 25000 12 16000 25000 2637
1790010401241789 10 0 0 10 10 10 0 0 0 0 0 0 222 39 39 0 675 453 414 0 414 0 0 0 15208959 43615 0 8822 70734 114178 53520781 5087090 1143135 1925550905 1925550905 0 1670191971 0 104.429533 332 996 1328000 332000 1020 765 120 160000 250000 117 156000 41674 12 16000 25000 12 16000 25000 2644
1790010401303538 10 0 0 10 10 10 0 0 0 0 0 0 221 39 39 0 675 454 415 0 415 0 0 0 15215139 43696 0 8835 70836 114196 53576050 5087171 1146330 1927226278 1927226278 0 1671838425 0 104.489587 338 1014 1352000 338000 1024 791 120 160000 250000 117 156000 41677 12 16000 25000 12 16000 25000 2647
1790010401375509 10 0 0 10 10 10 0 0 0 0 0 0 220 39 39 0 675 455 416 0 416 0 0 0 15219854 43771 0 8847 70928 114210 53643018 5087259 1148362 1932231293 1932231293 0 1673429061 0 104.556180 335 1005 1340000 335000 132 728 120 160000 250000 117 156000 41684 12 16000 25000 12 16000 25000 2655
1790010401442645 10 0 0 10 10 10 0 0 0 0 0 0 219 39 39 0 675 456 417 0 417 0 0 0 15235653 43849 0 8860 71001 114226 53694098 5087332 1150311 1936581352 1936581352 0 1674747881 0 104.529849 341 1023 1364000 341000 1065 761 120 160000 250000 117 156000 41689 12 16000 25000 12 16000 25000 2661
1790010401539130 10 0 0 10 10 10 0 0 0 0 0 0 218 39 39 0 675 457 418 0 418 0 0 0 15241883 43939 0 8884 71084 114243 53784080 5087394 1153479 1943111770 1943111770 0 1676407853 0 104.590196 338 1014 1352000 338000 1266 811 120 160000 250000 117 156000 41697 12 16000 25000 12 16000 25000 2670
1790010401616175 10 0 0 10 10 10 0 0 0 0 0 0 217 39 39 0 675 458 419 0 419 0 0 0 15248282 44020 0 8896 71173 114257 53854447 5087469 1155418 1949795636 1949795636 0 1678054397 0 104.648560 340 1020 1360000 340000 1265 856 120 160000 250000 117 156000 41704 12 16000 25000 12 16000 25000 2678
1790010401706737 10 0 0 10 10 10 0 0 0 0 0 0 216 39 39 0 675 459 420 0 420 0 0 0 15283096 44097 0 8909 71255 114274 53909921 5087549 1157823 1951105638 1951105638 0 1679703075 0 104.512919 317 951 1268000 317000 119 785 120 160000 250000 117 156000 41705 12 16000 25000 12 16000 25000 2679
1790010401817218 10 0 0 10 10 10 0 0 0 0 0 0 215 39 39 0 675 460 421 0 421 0 0 0 15289558 44184 0 8925 71351 114290 54013628 5087637 1160948 1957326525 1957326525 0 1681343553 0 104.570311 314 942 1256000 314000 235 732 120 160000 250000 117 156000 41714 12 16000 25000 12 16000 25000 2687
1790010401878198 10 0 0 10 10 10 0 0 0 0 0 0 214 39 39 0 675 461 422 0 422 0 0 0 15295903 44265 0 8940 71477 114308 54067898 5087752 1164090 1961438601 1961438601 0 1682947360 0 104.626212 335 1005 1340000 335000 1223 781 120 160000 250000 117 156000 41721 12 16000 25000 12 16000 25000 2694
1790010401904456 10 0 0 10 10 10 0 0 0 0 0 0 213 39 39 0 675 462 423 0 423 0 0 0 15309987 44349 0 8951 71559 114324 54079776 5087843 1166004 1966796363 1966796363 0 1684606951 0 104.632749 333 999 1332000 333000 940 797 120 160000 250000 117 156000 41728 12 16000 25000 12 16000 25000 2701
1790010402018177 10 0 0 10 10 10 0 0 0 0 0 0 212 39 39 0 675 463 424 0 424 0 0 0 15316409 44444 0 8966 71668 114339 54186755 5087920 1169139 1972069087 1972069087 0 1686205369 0 104.687595 332 996 1328000 332000 950 813 120 160000 250000 117 156000 41735 12 16000 25000 12 16000 25000 2709
1790010402081421 10 0 0 10 10 10 0 0 0 0 0 0 211 39 39 0 675 464 425 0 425 0 0 0 15340731 44534 0 8980 71753 114354 54225360 5088026 1171090 1978799397 1978799397 0 1687838348 0 104.622708 333 999 1332000 333000 1310 862 120 160000 250000 117 156000 41743 12 16000 25000 12 16000 25000 2718
1790010402138323 10 0 0 10 10 10 0 0 0 0 0 0 210 39 39 0 675 465 426 0 426 0 0 0 15377347 44616 0 8994 71855 114370 54245329 5088117 1174668 1984433989 1984433989 0 1689486449 0 104.475665 335 1005 1340000 335000 1336 909 120 160000 250000 117 156000 41749 12 16000 25000 12 16000 25000 2725
1790010402281903 10 0 0 10 10 10 0 0 0 0 0 0 209 39 39 0 675 466 427 0 427 0 0 0 15383471 44694 0 9007 71948 114385 54382493 5088200 1177749 1988743785 1988743785 0 1691069637 0 104.531529 334 1002 1336000 334000 1006 919 120 160000 250000 117 156000 41756 12 16000 25000 12 16000 25000 2732
1790010402361506 10 0 0 10 10 10 0 0 0 0 0 0 208 39 39 0 675 467 428 0 428 0 0 0 15389610 44772 0 9019 72042 114402 54455671 5088277 1180839 1989454726 1989454726 0 1692722677 0 104.591563 358 1074 1432000 358000 1045 932 120 160000 250000 117 156000 41757 12 16000 25000 12 16000 25000 2732
1790010402422687 10 0 0 10 10 10 0 0 0 0 0 0 207 39 39 0 675 468 429 0 429 0 0 0 15395955 44877 0 9030 72144 114421 54510176 5088360 1183907 1990054070 1990054070 0 1694319993 0 104.646528 369 1107 1476000 369000 22 844 120 160000 250000 117 156000 41757 12 16000 25000 12 16000 25000 2732
1790010402509167 10 0 0 10 10 10 0 0 0 0 0 0 206 39 39 0 675 469 430 0 430 0 0 0 15402323 44956 0 9042 72249 114439 54589972 5088450 1186963 1996702044 1996702044 0 1695962976 0 104.704287 362 1086 1448000 362000 119 774 120 160000 250000 117 156000 41765 12 16000 25000 12 16000 25000 2741
1790010402521757 10 0 0 10 10 10 0 0 0 0 0 0 205 39 39 0 675 470 431 0 431 0 0 0 15414663 45033 0 9055 72302 114447 54589979 5088537 1187700 2001748919 2001748919 0 1697572316 0 104.719467 365 1095 1460000 365000 1331 829 120 160000 250000 117 156000 41772 12 16000 25000 12 16000 25000 2749
1790010402562717 10 0 0 10 10 10 0 0 0 0 0 0 204 39 39 0 675 471 432 0 432 0 0 0 15421287 45111 0 9067 72407 114463 54624034 5088598 1190804 2008451748 2008451748 0 1699165940 0 104.772353 361 1083 1444000 361000 653 813 120 160000 250000 117 156000 41779 12 16000 25000 12 16000 25000 2757
1790010402601225 10 0 0 10 10 10 0 0 0 0 0 0 203 39 39 0 675 472 433 0 433 0 0 0 15427493 45190 0 9081 72511 114479 54656038 5088674 1193820 2013792733 2013792733 0 1700482235 0 104.810926 346 1038 1384000 346000 195 754 120 160000 250000 117 156000 41786 12 16000 25000 12 16000 25000 2765
1790010402680883 10 0 0 10 10 10 0 0 0 0 0 0 202 39 39 0 675 473 434 0 434 0 0 0 15451741 45268 0 9093 72594 114493 54711179 5088749 1195721 2015165176 2015165176 0 1701771010 0 104.725712 357 1071 1428000 357000 1462 824 120 160000 250000 117 156000 41789 12 16000 25000 12 16000 25000 2766
1790010403049892 10 0 0 10 10 10 0 0 0 0 0 0 201 39 39 0 675 474 435 0 435 0 0 0 15456478 45349 0 9105 72688 114509 55075151 5088837 1197760 2020529638 2020529638 0 1703403696 0 104.793606 352 1056 1408000 352000 350 779 120 160000 250000 117 156000 41797 12 16000 25000 12 16000 25000 2774
1790010403090299 10 0 0 10 10 10 0 0 0 0 0 0 200 39 39 0 675 475 436 0 436 0 0 0 15471641 45426 0 9116 72768 114522 55100106 5088933 1199669 2024875319 2024875319 0 1705000660 0 104.788833 347 1041 1388000 347000 385 742 120 160000 250000 117 156000 41803 12 16000 25000 12 16000 25000 2781
1790010403284122 10 0 0 10 10 10 0 0 0 0 0 0 199 39 39 0 675 476 437 0 437 0 0 0 15478034 45504 0 9128 72871 114540 55287221 5089024 1202689 2025473614 2025473614 0 1706730148 0 104.851401 351 1053 1404000 351000 1121 779 120 160000 250000 117 156000 41804 12 16000 25000 12 16000 25000 2782
1790010403319331 10 0 0 10 10 10 0 0 0 0 0 0 198 39 39 0 675 477 438 0 438 0 0 0 15503056 45581 0 9139 72949 114552 55297120 5089125 1204583 2032032599 2032032599 0 1708362748 0 104.782283 350 1050 1400000 350000 152 719 120 160000 250000 117 156000 41812 12 16000 25000 12 16000 25000 2790
1790010403434403 10 0 0 10 10 10 0 0 0 0 0 0 197 39 39 0 675 478 439 0 439 0 0 0 15509760 45668 0 9153 73039 114570 55405181 5089217 1207533 2033322625 2033322625 0 1709979219 0 104.835641 353 1059 1412000 353000 1349 781 120 160000 250000 117 156000 41814 12 16000 25000 12 16000 25000 2791
1790010403914244 10 0 0 10 10 10 0 0 0 0 0 0 196 39 39 0 675 479 440 0 440 0 0 0 15526518 45757 0 9165 73123 114586 55867970 5089297 1210506 2040034013 2040034013 0 1711601487 0 104.821574 350 1050 1400000 350000 255 730 120 160000 250000 117 156000 41823 12 16000 25000 12 16000 25000 2800
1790010404218826 10 0 0 10 10 10 0 0 0 0 0 0 195 39 39 0 675 480 441 0 441 0 0 0 15542727 45846 0 9183 73218 114612 56156017 5089391 1213487 2045284410 2045284410 0 1713239427 0 104.812188 375 1125 1500000 375000 454 704 120 160000 250000 117 156000 41831 12 16000 25000 12 16000 25000 2808
1790010404223523 10 0 0 10 10 10 0 0 0 0 0 0 194 39 39 0 675 481 442 0 442 0 0 0 15547122 45929 0 9195 73297 114620 56156023 5089494 1214240 2051957863 2051957863 0 1714891107 0 104.883105 378 1134 1512000 378000 1339 767 120 160000 250000 117 156000 41838 12 16000 25000 12 16000 25000 2816
1790010404276957 10 0 0 10 10 10 0 0 0 0 0 0 193 39 39 0 675 482 443 0 443 0 0 0 15600321 46005 0 9207 73363 114628 56156029 5089554 1214981 2058570148 2058570148 0 1716545899 0 104.626846 372 1116 1488000 372000 460 738 120 160000 250000 117 156000 41847 12 16000 25000 12 16000 25000 2824
1790010404289917 10 0 0 10 10 10 0 0 0 0 0 0 192 39 39 0 675 483 444 0 444 0 0 0 15606415 46084 0 9220 73464 114643 56162624 5089610 1217981 2060949591 2060949591 0 1718144100 0 104.682958 351 1053 1404000 351000 156 682 120 160000 250000 117 156000 41850 12 16000 25000 12 16000 25000 2827
1790010404455339 10 0 0 10 10 10 0 0 0 0 0 0 191 39 39 0 675 484 445 0 445 0 0 0 15612407 46165 0 9234 73566 114657 56321766 5089682 1220886 2066011619 2066011619 0 1719740828 0 104.739606 346 1038 1384000 346000 472 662 120 160000 250000 117 156000 41858 12 16000 25000 12 16000 25000 2835
1790010404477813 10 0 0 10 10 10 0 0 0 0 0 0 190 39 39 0 675 485 446 0 446 0 0 0 15634592 46265 0 9269 73623 114666 56321773 5089781 1221619 2072653708 2072653708 0 1721415576 0 104.692608 375 1125 1500000 375000 958 692 120 160000 250000 117 156000 41865 12 16000 25000 12 16000 25000 2843
1790010404808786 10 0 0 10 10 10 0 0 0 0 0 0 189 39 39 0 675 486 447 0 447 0 0 0 15640536 46353 0 9281 73736 114681 56646504 5089845 1224530 2079213383 2079213383 0 1722704262 0 104.730696 349 1047 1396000 349000 134 639 120 160000 250000 117 156000 41874 12 16000 25000 12 16000 25000 2851
1790010404822075 10 0 0 10 10 10 0 0 0 0 0 0 188 39 39 0 675 487 448 0 448 0 0 0 15653589 46427 0 9292 73793 114689 56646511 5089917 1225243 2083623637 2083623637 0 1724357002 0 104.743523 349 1047 1396000 349000 1252 700 120 160000 250000 117 156000 41880 12 16000 25000 12 16000 25000 2858
1790010405074999 10 0 0 10 10 10 0 0 0 0 0 0 187 39 39 0 675 488 449 0 449 0 0 0 15678499 46509 0 9305 73874 114701 56874276 5089972 1227099 2089066330 2089066330 0 1726012143 0 104.677432 373 1119 1492000 373000 444 676 120 160000 250000 117 156000 41889 12 16000 25000 12 16000 25000 2867
1790010405099247 10 0 0 10 10 10 0 0 0 0 0 0 186 39 39 0 675 489 450 0 450 0 0 0 15694955 46585 0 9316 73960 114719 56881766 5090074 1230039 2094469675 2094469675 0 1727668123 0 104.667823 390 1170 1560000 390000 1250 733 120 160000 250000 117 156000 41897 12 16000 25000 12 16000 25000 2875
1790010405431634 10 0 0 10 10 10 0 0 0 0 0 0 185 39 39 0 675 490 451 0 451 0 0 0 15701143 46676 0 9331 74055 114732 57207657 5090160 1233041 2095054633 2095054633 0 1729329841 0 104.726721 378 1134 1512000 378000 242 686 120 160000 250000 117 156000 41898 12 16000 25000 12 16000 25000 2875
1790010405508033 10 0 0 10 10 10 0 0 0 0 0 0 184 39 39 0 675 491 452 0 452 0 0 0 15707365 46761 0 9345 74141 114749 57277532 5090253 1235910 2099171423 2099171423 0 1730987645 0 104.785150 363 1089 1452000 363000 25 622 120 160000 250000 117 156000 41904 12 16000 25000 12 16000 25000 2882
1790010405577676 10 0 0 10 10 10 0 0 0 0 0 0 183 39 39 0 675 492 453 0 453 0 0 0 15713432 46837 0 9357 74233 114761 57340827 5090333 1238778 2099659122 2099659122 0 1732623364 0 104.843287 356 1068 1424000 356000 279 589 120 160000 250000 117 156000 41905 12 16000 25000 12 16000 25000 2882
1790010405645067 10 0 0 10 10 10 0 0 0 0 0 0 182 39 39 0 675 493 454 0 454 0 0 0 15720042 46916 0 9372 74315 114774 57401324 5090421 1241676 2105104372 2105104372 0 1734265809 0 104.898152 350 1050 1400000 350000 35 536 120 160000 250000 117 156000 41913 12 16000 25000 12 16000 25000 2891
1790010405694674 10 0 0 10 10 10 0 0 0 0 0 0 181 39 39 0 675 494 455 0 455 0 0 0 15764581 46992 0 9383 74400 114787 57406103 5090509 1243487 2111661029 2111661029 0 1735921820 0 104.702047 360 1080 1440000 360000 1364 618 120 160000 250000 117 156000 41921 12 16000 25000 12 16000 25000 2899
1790010406037006 10 0 0 10 10 10 0 0 0 0 0 0 180 39 39 0 675 495 456 0 456 0 0 0 15771933 47078 0 9399 74495 114805 57740785 5090588 1247184 2118141964 2118141964 0 1737560313 0 104.751596 410 1230 1640000 410000 1210 677 120 160000 250000 117 156000 41930 12 16000 25000 12 16000 25000 2907
1790010406154394 10 0 0 10 10 10 0 0 0 0 0 0 179 39 39 0 675 496 457 0 457 0 0 0 15789521 47167 0 9414 74581 114827 57840237 5090717 1250942 2119472241 2119472241 0 1739117450 0 104.728441 411 1233 1644000 411000 1222 756 120 160000 250000 117 156000 41931 12 16000 25000 12 16000 25000 2908
1790010406404908 10 0 0 10 10 10 0 0 0 0 0 0 178 39 39 0 675 497 458 0 458 0 0 0 15796508 47261 0 9429 74683 114844 58083428 5090817 1254653 2120440240 2120440240 0 1740738495 0 104.779210 404 1212 1616000 404000 93 692 120 160000 250000 117 156000 41933 12 16000 25000 12 16000 25000 2909
1790010406474891 10 0 0 10 10 10 0 0 0 0 0 0 177 39 39 0 675 498 459 0 459 0 0 0 15803328 47341 0 9440 74779 114861 58146265 5090931 1258357 2127156011 2127156011 0 1742318047 0 104.828634 395 1185 1580000 395000 228 647 120 160000 250000 117 156000 41941 12 16000 25000 12 16000 25000 2918
1790010406601980 10 0 0 10 10 10 0 0 0 0 0 0 176 39 39 0 675 499 460 0 460 0 0 0 15810749 47430 0 9457 74884 114877 58265624 5091010 1262124 2133709328 2133709328 0 1743970798 0 104.878382 368 1104 1472000 368000 150 600 120 160000 250000 117 156000 41949 12 16000 25000 12 16000 25000 2926
1790010406784899 10 0 0 10 10 10 0 0 0 0 0 0 175 39 39 0 675 500 461 0 461 0 0 0 15817721 47513 0 9473 74972 114891 58441248 5091127 1265855 2139046452 2139046452 0 1745634267 0 104.931737 358 1074 1432000 358000 277 569 120 160000 250000 117 156000 41957 12 16000 25000 12 16000 25000 2934
1790010406900503 10 0 0 10 10 10 0 0 0 0 0 0 174 39 39 0 675 501 462 0 462 0 0 0 15824858 47610 0 9487 75080 114909 58549382 5091220 1269540 2145602167 2145602167 0 1747290835 0 104.983446 378 1134 1512000 378000 1278 639 120 160000 250000 117 156000 41965 12 16000 25000 12 16000 25000 2942
1790010406913057 10 0 0 10 10 10 0 0 0 0 0 0 173 39 39 0 675 502 463 0 463 0 0 0 15832322 47687 0 9499 75168 114925 58554148 5091343 1273200 2146461185 2146461185 0 1748951876 0 105.033346 380 1140 1520000 380000 1110 686 120 160000 250000 117 156000 41967 12 16000 25000 12 16000 25000 2943
1790010406930441 10 0 0 10 10 10 0 0 0 0 0 0 172 39 39 0 675 503 464 0 464 0 0 0 15838998 47771 0 9511 75257 114940 58564558 5091429 1276807 2151499077 2151499077 0 1750595146 0 105.087298 366 1098 1464000 366000 55 625 120 160000 250000 117 156000 41974 12 16000 25000 12 16000 25000 2951
1790010406964518 10 0 0 10 10 10 0 0 0 0 0 0 171 39 39 0 675 504 465 0 465 0 0 0 15854871 47850 0 9523 75346 114953 58582486 5091505 1280415 2158107071 2158107071 0 1752271740 0 105.082429 371 1113 1484000 371000 378 602 120 160000 250000 117 156000 41983 12 16000 25000 12 16000 25000 2959
1790010407000143 10 0 0 10 10 10 0 0 0 0 0 0 170 39 39 0 675 505 466 0 466 0 0 0 15862194 47934 0 9542 75434 114970 58610507 5091578 1284040 2162481799 2162481799 0 1753858827 0 105.128640 373 1119 1492000 373000 1211 662 120 160000 250000 117 156000 41990 12 16000 25000 12 16000 25000 2966
1790010407411611 10 0 0 10 10 10 0 0 0 0 0 0 169 39 39 0 675 506 467 0 467 0 0 0 15917679 48010 0 9553 75520 114983 58966224 5091650 1286385 2168911305 2168911305 0 1755438469 0 104.857146 361 1083 1444000 361000 189 617 120 160000 250000 117 156000 41997 12 16000 25000 12 16000 25000 2975
1790010407425079 10 0 0 10 10 10 0 0 0 0 0 0 168 39 38 1 675 507 468 0 468 0 0 0 15930875 48084 0 9565 75605 114991 58966231 5091730 1287405 2180631764 2174287251 0 1757033820 0 104.865281 361 1083 1444000 361000 1174 672 120 160000 250000 117 156000 42014 12 16000 25000 12 16000 25000 2991
1790010407425252 10 0 0 10 10 10 0 0 0 0 0 0 168 38 38 0 675 507 469 0 469 0 0 0 15930875 48156 0 9579 75605 114998 58966234 5091791 1287405 2180631764 2180631764 0 1757033820 0 104.864809 375 1125 1500000 375000 180 625 120 160000 250000 114 152000 41008 12 16000 25000 12 16000 25000 2989
1790010407647568 10 0 0 10 10 10 0 0 0 0 0 0 166 39 39 0 675 509 470 0 470 0 0 0 15939352 48247 0 9596 75759 115014 59179762 5091822 1291323 2185750482 2185750482 0 1760279957 0 105.002245 375 1125 1500000 375000 352 599 120 160000 250000 117 156000 42022 12 16000 25000 12 16000 25000 2999
1790010407681551 10 0 0 10 10 10 0 0 0 0 0 0 165 39 39 0 675 510 471 0 471 0 0 0 15946063 48323 0 9607 75845 115031 59206734 5091923 1294884 2191145108 2191145108 0 1761861626 0 105.051996 373 1119 1492000 373000 844 624 120 160000 250000 117 156000 42029 12 16000 25000 12 16000 25000 3007
1790010407705112 10 0 0 10 10 10 0 0 0 0 0 0 164 39 39 0 675 511 472 0 472 0 0 0 15969378 48398 0 9617 75907 115039 59206740 5091998 1295908 2195533038 2195533038 0 1763506782 0 104.996544 375 1125 1500000 375000 1337 694 120 160000 250000 117 156000 42036 12 16000 25000 12 16000 25000 3014
1790010407925485 10 0 0 10 10 10 0 0 0 0 0 0 163 39 39 0 675 512 473 0 473 0 0 0 16017298 48476 0 9631 75986 115058 59378920 5092076 1298255 2202209814 2202209814 0 1765150875 0 104.780452 358 1074 1432000 358000 137 641 120 160000 250000 117 156000 42044 12 16000 25000 12 16000 25000 3022
1790010407948752 10 0 0 10 10 10 0 0 0 0 0 0 162 39 39 0 675 513 474 0 474 0 0 0 16024467 48556 0 9644 76088 115075 59394726 5092149 1301794 2207589556 2207589556 0 1766747805 0 104.827947 359 1077 1436000 359000 1125 689 120 160000 250000 117 156000 42051 12 16000 25000 12 16000 25000 3029
1790010408106258 10 0 0 10 10 10 0 0 0 0 0 0 161 39 39 0 675 514 475 0 475 0 0 0 16031121 48645 0 9657 76178 115088 59545293 5092222 1305272 2208787955 2208787955 0 1768385352 0 104.881109 357 1071 1428000 357000 1014 722 120 160000 250000 117 156000 42052 12 16000 25000 12 16000 25000 3030
1790010408162688 10 0 0 10 10 10 0 0 0 0 0 0 160 39 39 0 675 515 476 0 476 0 0 0 16037782 48722 0 9669 76272 115102 59594783 5092297 1308724 2215237734 2215237734 0 1770020124 0 104.934095 350 1050 1400000 350000 200 672 120 160000 250000 117 156000 42060 12 16000 25000 12 16000 25000 3038
1790010408215162 10 0 0 10 10 10 0 0 0 0 0 0 159 39 39 0 675 516 477 0 477 0 0 0 16044245 48806 0 9681 76357 115116 59640507 5092382 1312184 2221907046 2221907046 0 1771383880 0 104.972221 353 1059 1412000 353000 1243 729 120 160000 250000 117 156000 42069 12 16000 25000 12 16000 25000 3046
1790010408279133 10 0 0 10 10 10 0 0 0 0 0 0 158 39 39 0 675 517 478 0 478 0 0 0 16050672 48883 0 9693 76454 115131 59697772 5092451 1315645 2222532103 2222532103 0 1773026316 0 105.027105 378 1134 1512000 378000 1161 772 120 160000 250000 117 156000 42070 12 16000 25000 12 16000 25000 3047
1790010408408656 10 0 0 10 10 10 0 0 0 0 0 0 157 39 39 0 675 518 479 0 479 0 0 0 16057435 48969 0 9709 76545 115148 59820238 5092531 1319155 2227875858 2227875858 0 1774669465 0 105.079737 378 1134 1512000 378000 121 710 120 160000 250000 117 156000 42078 12 16000 25000 12 16000 25000 3055
1790010408472394 10 0 0 10 10 10 0 0 0 0 0 0 156 39 39 0 675 519 480 0 480 0 0 0 16064095 49055 0 9721 76656 115171 59876960 5092647 1322587 2229937997 2229937997 0 1776317407 0 105.133279 371 1113 1484000 371000 382 679 120 160000 250000 117 156000 42080 12 16000 25000 12 16000 25000 3058
1790010408479827 10 0 0 10 10 10 0 0 0 0 0 0 155 39 39 0 675 520 481 0 481 0 0 0 16070810 49132 0 9734 76750 115187 59877393 5092724 1326077 2235322357 2235322357 0 1777917457 0 105.183642 368 1104 1472000 368000 516 664 120 160000 250000 117 156000 42088 12 16000 25000 12 16000 25000 3066
1790010408708769 10 0 0 10 10 10 0 0 0 0 0 0 154 39 39 0 675 521 482 0 482 0 0 0 16085444 49210 0 9746 76835 115200 60091425 5092802 1328329 2241601687 2241601687 0 1779560272 0 105.184835 385 1155 1540000 385000 1291 726 120 160000 250000 117 156000 42097 12 16000 25000 12 16000 25000 3074
1790010408808386 10 0 0 10 10 10 0 0 0 0 0 0 153 39 39 0 675 522 483 0 483 0 0 0 16092126 49289 0 9758 76930 115215 60184052 5092887 1331755 2243928336 2243928336 0 1780844684 0 105.216664 385 1155 1540000 385000 1092 763 120 160000 250000 117 156000 42099 12 16000 25000 12 16000 25000 3076
1790010408899064 10 0 0 10 10 10 0 0 0 0 0 0 152 39 39 0 675 523 484 0 484 0 0 0 16129182 49366 0 9769 77025 115243 60237380 5092962 1335221 2250709581 2250709581 0 1782484037 0 105.071805 386 1158 1544000 386000 420 730 120 160000 250000 117 156000 42108 12 16000 25000 12 16000 25000 3084
1790010408980069 10 0 0 10 10 10 0 0 0 0 0 0 151 39 39 0 675 524 485 0 485 0 0 0 16136012 49447 0 9782 77127 115261 60311258 5093036 1338614 2257321677 2257321677 0 1784148510 0 105.125014 374 1122 1496000 374000 192 679 120 160000 250000 117 156000 42116 12 16000 25000 12 16000 25000 3092
1790010409082044 10 0 0 10 10 10 0 0 0 0 0 0 150 39 39 0 675 525 486 0 486 0 0 0 16142793 49524 0 9794 77214 115276 60406176 5093113 1341994 2263879990 2263879990 0 1785750884 0 105.174865 377 1131 1508000 377000 1208 732 120 160000 250000 117 156000 42123 12 16000 25000 12 16000 25000 3100
1790010409459533 10 0 0 10 10 10 0 0 0 0 0 0 149 39 39 0 675 526 487 0 487 0 0 0 16189373 49604 0 9806 77304 115289 60736796 5093197 1345404 2268859773 2268859773 0 1787422856 0 104.970853 381 1143 1524000 381000 484 709 120 160000 250000 117 156000 42131 12 16000 25000 12 16000 25000 3108
1790010409573138 10 0 0 10 10 10 0 0 0 0 0 0 148 39 38 1 675 527 488 0 488 0 0 0 16302681 49683 0 9819 77399 115296 60736803 5093286 1346435 2276739685 2274173347 0 1789036011 0 104.337067 368 1104 1472000 368000 213 662 120 160000 250000 117 156000 42144 12 16000 25000 12 16000 25000 3119
1790010409573317 10 0 0 10 10 10 0 0 0 0 0 0 148 38 38 0 675 527 489 0 489 0 0 0 16302681 49751 0 9832 77409 115303 60736807 5093358 1346435 2276739685 2276739685 0 1789036011 0 104.336633 355 1065 1420000 355000 134 611 120 160000 250000 114 152000 41139 12 16000 25000 12 16000 25000 3118
1790010409868664 10 0 0 10 10 10 0 0 0 0 0 0 146 39 39 0 675 529 490 0 490 0 0 0 16311598 49838 0 9846 77524 115319 61022971 5093388 1349916 2282124174 2282124174 0 1792248416 0 104.466459 336 1008 1344000 336000 63 558 120 160000 250000 117 156000 42149 12 16000 25000 12 16000 25000 3126
1790010409987496 10 0 0 10 10 10 0 0 0 0 0 0 145 39 39 0 675 530 491 0 491 0 0 0 16318373 49917 0 9859 77620 115334 61134701 5093504 1353260 2288785253 2288785253 0 1793835230 0 104.515168 335 1005 1340000 335000 1012 603 120 160000 250000 117 156000 42158 12 16000 25000 12 16000 25000 3135
1790010410078881 10 0 0 10 10 10 0 0 0 0 0 0 144 39 39 0 675 531 492 0 492 0 0 0 16325878 50003 0 9879 77720 115349 61218280 5093584 1356656 2289957855 2289957855 0 1795430442 0 104.559620 339 1017 1356000 339000 1095 652 120 160000 250000 117 156000 42159 12 16000 25000 12 16000 25000 3136
1790010410134155 10 0 0 10 10 10 0 0 0 0 0 0 143 39 39 0 675 532 493 0 493 0 0 0 16332780 50087 0 9893 77814 115364 61266354 5093667 1360021 2296642115 2296642115 0 1797028821 0 104.608078 350 1050 1400000 350000 199 609 120 160000 250000 117 156000 42166 12 16000 25000 12 16000 25000 3144
1790010410294467 10 0 0 10 10 10 0 0 0 0 0 0 142 39 39 0 675 533 494 0 494 0 0 0 16339647 50175 0 9911 77904 115379 61419498 5093754 1363337 2298458815 2298458815 0 1798635511 0 104.657176 351 1053 1404000 351000 462 595 120 160000 250000 117 156000 42169 12 16000 25000 12 16000 25000 3147
1790010410562630 10 0 0 10 10 10 0 0 0 0 0 0 141 39 39 0 675 534 495 0 495 0 0 0 16346353 50262 0 9927 77988 115392 61680670 5093834 1365547 2303916775 2303916775 0 1800293543 0 104.710254 347 1041 1388000 347000 445 581 120 160000 250000 117 156000 42177 12 16000 25000 12 16000 25000 3155
1790010410596207 10 0 0 10 10 10 0 0 0 0 0 0 140 39 39 0 675 535 496 0 496 0 0 0 16379637 50348 0 9941 78046 115399 61680677 5093949 1366600 2310204719 2310204719 0 1801943418 0 104.593349 370 1110 1480000 370000 1238 646 120 160000 250000 117 156000 42186 12 16000 25000 12 16000 25000 3163
1790010410608353 10 0 0 10 10 10 0 0 0 0 0 0 139 39 39 0 675 536 497 0 497 0 0 0 16386701 50427 0 9955 78143 115414 61685485 5094009 1369904 2315298606 2315298606 0 1803576134 0 104.642626 363 1089 1452000 363000 363 619 120 160000 250000 117 156000 42194 12 16000 25000 12 16000 25000 3171
1790010410613921 10 0 0 10 10 10 0 0 0 0 0 0 138 39 39 0 675 537 498 0 498 0 0 0 16391743 50508 0 9967 78242 115426 61685714 5094094 1372057 2321983347 2321983347 0 1805168228 0 104.702366 367 1101 1468000 367000 942 652 120 160000 250000 117 156000 42202 12 16000 25000 12 16000 25000 3179
1790010410737483 10 0 0 10 10 10 0 0 0 0 0 0 137 39 39 0 675 538 499 0 499 0 0 0 16469219 50590 0 9980 78325 115443 61731527 5094167 1375300 2323140428 2323140428 0 1806821101 0 104.306223 363 1089 1452000 363000 481 636 120 160000 250000 117 156000 42203 12 16000 25000 12 16000 25000 3181
1790010410902258 10 0 0 10 10 10 0 0 0 0 0 0 136 39 39 0 675 539 500 0 500 0 0 0 16486020 50672 0 9992 78432 115461 61879181 5094258 1378599 2328459489 2328459489 0 1808404861 0 104.291068 366 1098 1464000 366000 203 595 120 160000 250000 117 156000 42212 12 16000 25000 12 16000 25000 3189
1790010410984844 10 0 0 10 10 10 0 0 0 0 0 0 135 39 39 0 675 540 501 0 501 0 0 0 16503422 50752 0 10005 78520 115476 61944059 5094362 1381984 2335160967 2335160967 0 1810033822 0 104.274775 385 1155 1540000 385000 1179 653 120 160000 250000 117 156000 42220 12 16000 25000 12 16000 25000 3197
1790010411057068 10 0 0 10 10 10 0 0 0 0 0 0 134 39 39 0 675 541 502 0 502 0 0 0 16575403 50827 0 10016 78573 115484 61944065 5094444 1382994 2341911610 2341911610 0 1811643724 0 103.915204 396 1188 1584000 396000 1243 711 120 160000 250000 117 156000 42228 12 16000 25000 12 16000 25000 3205
1790010411199671 10 0 0 10 10 10 0 0 0 0 0 0 133 39 39 0 675 542 503 0 503 0 0 0 16582332 50918 0 10035 78678 115501 62079408 5094541 1386291 2347421603 2347421603 0 1813319574 0 103.967433 365 1095 1460000 365000 83 623 120 160000 250000 117 156000 42236 12 16000 25000 12 16000 25000 3214
1790010411541936 10 0 0 10 10 10 0 0 0 0 0 0 132 39 39 0 675 543 504 0 504 0 0 0 16627177 50998 0 10048 78755 115513 62376546 5094635 1388463 2349382700 2349382700 0 1814939683 0 103.780022 344 1032 1376000 344000 127 576 120 160000 250000 117 156000 42239 12 16000 25000 12 16000 25000 3216
1790010411646786 10 0 0 10 10 10 0 0 0 0 0 0 131 39 39 0 675 544 505 0 505 0 0 0 16633953 51082 0 10062 78841 115528 62474332 5094718 1391741 2350339369 2350339369 0 1816541589 0 103.828914 338 1014 1352000 338000 417 562 120 160000 250000 117 156000 42239 12 16000 25000 12 16000 25000 3217
1790010412043620 10 0 0 10 10 10 0 0 0 0 0 0 130 39 38 1 675 545 506 0 506 0 0 0 16641012 51170 0 10076 79004 115549 62863721 5094813 1395083 2360874132 2355438014 0 1818158063 0 103.876812 301 903 1204000 301000 13 509 120 160000 250000 117 156000 42255 12 16000 25000 12 16000 25000 3232
1790010412043846 10 0 0 10 10 10 0 0 0 0 0 0 130 38 38 0 675 545 507 0 507 0 0 0 16641012 51247 0 10090 79004 115557 62863724 5094932 1395083 2360874132 2360874132 0 1818158063 0 103.876333 306 918 1224000 306000 386 498 120 160000 250000 114 152000 41250 12 16000 25000 12 16000 25000 3231
1790010412121960 10 0 0 10 10 10 0 0 0 0 0 0 128 39 38 1 675 547 508 0 508 0 0 0 16718867 51330 0 10103 79116 115564 62863729 5094964 1396149 2367548374 2366190165 0 1821457499 0 103.581206 312 936 1248000 312000 1233 570 120 160000 250000 117 156000 42263 12 16000 25000 12 16000 25000 3241
1790010412122140 10 0 0 10 10 10 0 0 0 0 0 0 128 38 38 0 675 547 509 0 509 0 0 0 16718867 51399 0 10116 79125 115571 62863733 5095038 1396149 2367548374 2367548374 0 1821457499 0 103.580780 320 960 1280000 320000 270 541 120 160000 250000 114 152000 41259 12 16000 25000 12 16000 25000 3240
1790010412240336 10 0 0 10 10 10 0 0 0 0 0 0 126 39 39 0 675 549 510 0 510 0 0 0 16728482 51487 0 10129 79238 115587 62972051 5095068 1399427 2374087233 2374087233 0 1824684729 0 103.704301 313 939 1252000 313000 54 494 120 160000 250000 117 156000 42270 12 16000 25000 12 16000 25000 3250
1790010412340646 10 0 0 10 10 10 0 0 0 0 0 0 125 39 39 0 675 550 511 0 511 0 0 0 16736256 51566 0 10140 79353 115602 63064242 5095181 1402586 2374774005 2374774005 0 1826324381 0 103.748935 314 942 1256000 314000 1191 563 120 160000 250000 117 156000 42270 12 16000 25000 12 16000 25000 3250
1790010412375938 10 0 0 10 10 10 0 0 0 0 0 0 124 39 39 0 675 551 512 0 512 0 0 0 16742822 51642 0 10151 79439 115617 63092685 5095266 1405726 2380094648 2380094648 0 1827957572 0 103.800645 306 918 1224000 306000 119 520 120 160000 250000 117 156000 42279 12 16000 25000 12 16000 25000 3258
1790010412436588 10 0 0 10 10 10 0 0 0 0 0 0 123 39 39 0 675 552 513 0 513 0 0 0 16749745 51722 0 10165 79521 115632 63146134 5095347 1408858 2384245447 2384245447 0 1829597148 0 103.850444 297 891 1188000 297000 99 479 120 160000 250000 117 156000 42285 12 16000 25000 12 16000 25000 3264
1790010412538627 10 0 0 10 10 10 0 0 0 0 0 0 122 39 39 0 675 553 514 0 514 0 0 0 16757093 51815 0 10180 79613 115648 63240526 5095425 1411979 2388369958 2388369958 0 1831268645 0 103.899306 299 897 1196000 299000 775 509 120 160000 250000 117 156000 42292 12 16000 25000 12 16000 25000 3271
1790010412732292 10 0 0 10 10 10 0 0 0 0 0 0 121 39 39 0 675 554 515 0 515 0 0 0 16764298 51893 0 10192 79718 115666 63426646 5095544 1415096 2394941158 2394941158 0 1832872165 0 103.945246 296 888 1184000 296000 1001 558 120 160000 250000 117 156000 42300 12 16000 25000 12 16000 25000 3279
1790010412818235 10 0 0 10 10 10 0 0 0 0 0 0 120 39 39 0 675 555 516 0 516 0 0 0 16832023 51973 0 10205 79807 115679 63444565 5095637 1418142 2400327325 2400327325 0 1834454750 0 103.617199 306 918 1224000 306000 1223 624 120 160000 250000 117 156000 42309 12 16000 25000 12 16000 25000 3287
1790010412923118 10 0 0 10 10 10 0 0 0 0 0 0 119 39 39 0 675 556 517 0 517 0 0 0 16838565 52051 0 10219 79894 115691 63542620 5095721 1421159 2405818405 2405818405 0 1836036073 0 103.665873 305 915 1220000 305000 1256 686 120 160000 250000 117 156000 42315 12 16000 25000 12 16000 25000 3294
1790010413022199 10 0 0 10 10 10 0 0 0 0 0 0 118 39 39 0 675 557 518 0 518 0 0 0 16845073 52131 0 10232 79998 115709 63634896 5095798 1424183 2411133931 2411133931 0 1837682019 0 103.718351 315 945 1260000 315000 1003 718 120 160000 250000 117 156000 42323 12 16000 25000 12 16000 25000 3302
1790010413165271 10 0 0 10 10 10 0 0 0 0 0 0 117 39 39 0 675 558 519 0 519 0 0 0 16850451 52214 0 10245 80087 115721 63772313 5095872 1426221 2416546210 2416546210 0 1839026715 0 103.760711 311 933 1244000 311000 224 671 120 160000 250000 117 156000 42332 12 16000 25000 12 16000 25000 3310
1790010413400583 10 0 0 10 10 10 0 0 0 0 0 0 116 39 39 0 675 559 520 0 520 0 0 0 16858626 52319 0 10270 80250 115738 63999022 5095990 1429444 2418398346 2418398346 0 1840670667 0 103.802617 296 888 1184000 296000 117 618 120 160000 250000 117 156000 42334 12 16000 25000 12 16000 25000 3313
1790010413425430 10 0 0 10 10 10 0 0 0 0 0 0 115 39 39 0 675 560 521 0 521 0 0 0 16883152 52408 0 10281 80311 115749 63999028 5096124 1430455 2424887995 2424887995 0 1842314337 0 103.744303 291 873 1164000 291000 357 593 120 160000 250000 117 156000 42343 12 16000 25000 12 16000 25000 3321
1790010413494442 10 0 0 10 10 10 0 0 0 0 0 0 114 39 39 0 675 561 522 0 522 0 0 0 16951003 52495 0 10293 80412 115766 63999897 5096189 1433555 2430213407 2430213407 0 1843939564 0 103.420943 297 891 1188000 297000 304 566 120 160000 250000 117 156000 42349 12 16000 25000 12 16000 25000 3328
1790010413626124 10 0 0 10 10 10 0 0 0 0 0 0 113 39 39 0 675 562 523 0 523 0 0 0 16958090 52594 0 10310 80535 115783 64124131 5096288 1436658 2434264003 2434264003 0 1845297058 0 103.453360 296 888 1184000 296000 1058 615 120 160000 250000 117 156000 42356 12 16000 25000 12 16000 25000 3334
1790010413816856 10 0 0 10 10 10 0 0 0 0 0 0 112 39 39 0 675 563 524 0 524 0 0 0 16965735 52674 0 10322 80632 115799 64306872 5096420 1439721 2439365421 2439365421 0 1846944207 0 103.498703 258 774 1032000 258000 36 560 120 160000 250000 117 156000 42362 12 16000 25000 12 16000 25000 3341
1790010413901638 10 0 0 10 10 10 0 0 0 0 0 0 111 39 39 0 675 564 525 0 525 0 0 0 16972230 52760 0 10335 80723 115816 64384840 5096515 1442725 2445838841 2445838841 0 1848539803 0 103.548075 262 786 1048000 262000 952 599 120 160000 250000 117 156000 42371 12 16000 25000 12 16000 25000 3349
1790010413983752 10 0 0 10 10 10 0 0 0 0 0 0 110 39 39 0 675 565 526 0 526 0 0 0 16988571 52850 0 10348 80825 115841 64450289 5096597 1445770 2451328307 2451328307 0 1850188102 0 103.540478 259 777 1036000 259000 424 583 120 160000 250000 117 156000 42379 12 16000 25000 12 16000 25000 3358
1790010414488441 10 0 0 10 10 10 0 0 0 0 0 0 109 39 39 0 675 566 527 0 527 0 0 0 17005043 52947 0 10363 80923 115856 64938190 5096681 1448831 2457884386 2457884386 0 1851780586 0 103.528938 256 768 1024000 256000 418 568 120 160000 250000 117 156000 42388 12 16000 25000 12 16000 25000 3366
1790010414618977 10 0 0 10 10 10 0 0 0 0 0 0 108 39 39 0 675 567 528 0 528 0 0 0 17032286 53033 0 10377 81024 115875 65041162 5096776 1451855 2464547696 2464547696 0 1853420819 0 103.454892 263 789 1052000 263000 1178 628 120 160000 250000 117 156000 42396 12 16000 25000 12 16000 25000 3374
1790010414636520 10 0 0 10 10 10 0 0 0 0 0 0 107 39 39 0 675 568 529 0 529 0 0 0 17038776 53116 0 10391 81123 115891 65051896 5096876 1454834 2471071537 2471071537 0 1855060914 0 103.506619 266 798 1064000 266000 1186 683 120 160000 250000 117 156000 42404 12 16000 25000 12 16000 25000 3382
1790010414692790 10 0 0 10 10 10 0 0 0 0 0 0 106 39 39 0 675 569 530 0 530 0 0 0 17045486 53197 0 10404 81231 115907 65101149 5096955 1457789 2473219569 2473219569 0 1856716647 0 103.557858 271 813 1084000 271000 1273 741 120 160000 250000 117 156000 42406 12 16000 25000 12 16000 25000 3385
1790010414763011 10 0 0 10 10 10 0 0 0 0 0 0 105 39 39 0 675 570 531 0 531 0 0 0 17071825 53282 0 10417 81325 115924 65144738 5097027 1460730 2479760761 2479760761 0 1858052327 0 103.472450 267 801 1068000 267000 448 714 120 160000 250000 117 156000 42415 12 16000 25000 12 16000 25000 3393
1790010414950818 10 0 0 10 10 10 0 0 0 0 0 0 104 39 39 0 675 571 532 0 532 0 0 0 17078456 53364 0 10430 81419 115940 65325618 5097107 1463678 2484096218 2484096218 0 1859685182 0 103.522801 268 804 1072000 268000 1220 764 120 160000 250000 117 156000 42422 12 16000 25000 12 16000 25000 3400
1790010415351728 10 0 0 10 10 10 0 0 0 0 0 0 103 39 39 0 675 572 533 0 533 0 0 0 17095821 53450 0 10445 81515 115957 65708866 5097185 1466601 2490602598 2490602598 0 1861322458 0 103.508506 270 810 1080000 270000 760 764 120 160000 250000 117 156000 42430 12 16000 25000 12 16000 25000 3408
1790010415579895 10 0 0 10 10 10 0 0 0 0 0 0 102 39 39 0 675 573 534 0 534 0 0 0 17102567 53536 0 10458 81615 115974 65929977 5097272 1469529 2497195429 2497195429 0 1862959586 0 103.558291 270 810 1080000 270000 183 708 120 160000 250000 117 156000 42438 12 16000 25000 12 16000 25000 3416
1790010415583385 10 0 0 10 10 10 0 0 0 0 0 0 101 39 39 0 675 574 535 0 535 0 0 0 17105799 53614 0 10470 81665 115982 65929984 5097359 1470520 2498955607 2498955607 0 1864305218 0 103.613102 269 807 1076000 269000 1159 753 120 160000 250000 117 156000 42438 12 16000 25000 12 16000 25000 3418
1790010415597224 10 0 0 10 10 10 0 0 0 0 0 0 100 39 39 0 675 575 536 0 536 0 0 0 17119375 53697 0 10483 81736 115992 65929990 5097431 1471512 2499584653 2499584653 0 1865961667 0 103.622678 267 801 1068000 267000 350 714 120 160000 250000 117 156000 42440 12 16000 25000 12 16000 25000 3419
1790010415649933 10 0 0 10 10 10 0 0 0 0 0 0 99 39 39 0 675 576 537 0 537 0 0 0 17171826 53777 0 10496 81812 116000 65929997 5097499 1472494 2504903810 2504903810 0 1867595654 0 103.397136 264 792 1056000 264000 40 649 120 160000 250000 117 156000 42448 12 16000 25000 12 16000 25000 3427
1790010415790271 10 0 0 10 10 10 0 0 0 0 0 0 98 39 39 0 675 577 538 0 538 0 0 0 17180087 53862 0 10510 81913 116015 66061789 5097561 1476303 2511566804 2511566804 0 1869186209 0 103.435079 265 795 1060000 265000 152 602 120 160000 250000 117 156000 42457 12 16000 25000 12 16000 25000 3435
1790010415913856 10 0 0 10 10 10 0 0 0 0 0 0 97 39 39 0 675 578 539 0 539 0 0 0 17210482 53946 0 10525 82018 116032 66154660 5097649 1480994 2516882581 2516882581 0 1870818193 0 103.342622 269 807 1076000 269000 152 559 120 160000 250000 117 156000 42464 12 16000 25000 12 16000 25000 3443
1790010416113459 10 0 0 10 10 10 0 0 0 0 0 0 96 39 39 0 675 579 540 0 540 0 0 0 17306987 54041 0 10544 82096 116046 66257454 5097745 1483854 2517637045 2517637045 0 1872478037 0 102.858783 261 783 1044000 261000 156 520 120 160000 250000 117 156000 42465 12 16000 25000 12 16000 25000 3443
1790010416227458 10 0 0 10 10 10 0 0 0 0 0 0 95 39 39 0 675 580 541 0 541 0 0 0 17315370 54130 0 10559 82187 116062 66362732 5097868 1487592 2522945931 2522945931 0 1873769932 0 102.879545 254 762 1016000 254000 127 466 120 160000 250000 117 156000 42473 12 16000 25000 12 16000 25000 3451
1790010416614080 10 0 0 10 10 10 0 0 0 0 0 0 94 39 39 0 675 581 542 0 542 0 0 0 17323947 54225 0 10576 82312 116080 66740431 5097958 1491408 2528315092 2528315092 0 1875442808 0 102.920010 256 768 1024000 256000 355 456 120 160000 250000 117 156000 42481 12 16000 25000 12 16000 25000 3459
1790010416660476 10 0 0 10 10 10 0 0 0 0 0 0 93 39 39 0 675 582 543 0 543 0 0 0 17340602 54312 0 10595 82416 116091 66769816 5098086 1494219 2535099099 2535099099 0 1877090754 0 102.911302 247 741 988000 247000 123 425 120 160000 250000 117 156000 42490 12 16000 25000 12 16000 25000 3468
1790010416702060 10 0 0 10 10 10 0 0 0 0 0 0 92 39 39 0 675 583 544 0 544 0 0 0 17360377 54396 0 10609 82510 116107 66791325 5098169 1498835 2541660030 2541660030 0 1878741758 0 102.884359 251 753 1004000 251000 1050 487 120 160000 250000 117 156000 42498 12 16000 25000 12 16000 25000 3476
1790010416754330 10 0 0 10 10 10 0 0 0 0 0 0 91 39 39 0 675 584 545 0 545 0 0 0 17379454 54486 0 10629 82606 116122 66824225 5098240 1502582 2542815187 2542815187 0 1880416747 0 102.862873 252 756 1008000 252000 1156 553 120 160000 250000 117 156000 42505 12 16000 25000 12 16000 25000 3481
1790010416754596 10 0 0 10 10 10 0 0 0 0 0 0 91 38 38 0 675 584 546 0 546 0 0 0 17379454 54562 0 10643 82641 116130 66824228 5098366 1502582 2549485030 2549485030 0 1880416747 0 102.862425 247 741 988000 247000 80 508 120 160000 250000 114 152000 41505 12 16000 25000 12 16000 25000 3484
1790010416790307 10 0 0 10 10 10 0 0 0 0 0 0 89 39 39 0 675 586 547 0 547 0 0 0 17414946 54642 0 10658 82700 116138 66824236 5098413 1503547 2556271498 2556271498 0 1883098929 0 102.799395 249 747 996000 249000 1456 601 120 160000 250000 117 156000 42513 12 16000 25000 12 16000 25000 3493
1790010416903316 10 0 0 10 10 10 0 0 0 0 0 0 88 39 39 0 675 587 548 0 548 0 0 0 17424553 54723 0 10671 82820 116152 66927326 5098489 1508081 2562571193 2562571193 0 1884745766 0 102.832270 249 747 996000 249000 452 587 120 160000 250000 117 156000 42524 12 16000 25000 12 16000 25000 3501
1790010417229957 10 0 0 10 10 10 0 0 0 0 0 0 87 39 39 0 675 588 549 0 549 0 0 0 17495954 54826 0 10689 82934 116175 67182200 5098593 1513480 2567675485 2567675485 0 1886344650 0 102.500199 255 765 1020000 255000 1079 636 120 160000 250000 117 156000 42532 12 16000 25000 12 16000 25000 3509
1790010417283033 10 0 0 10 10 10 0 0 0 0 0 0 86 39 39 0 675 589 550 0 550 0 0 0 17514048 54909 0 10702 83048 116189 67216835 5098706 1517090 2570314886 2570314886 0 1887931535 0 102.480290 246 738 984000 246000 135 588 120 160000 250000 117 156000 42534 12 16000 25000 12 16000 25000 3512
1790010417430070 10 0 0 10 10 10 0 0 0 0 0 0 85 39 39 0 675 590 551 0 551 0 0 0 17523797 55002 0 10719 83139 116209 67353819 5098786 1521669 2574717309 2574717309 0 1889525955 0 102.509413 241 723 964000 241000 454 576 120 160000 250000 117 156000 42541 12 16000 25000 12 16000 25000 3519
1790010417534036 10 0 0 10 10 10 0 0 0 0 0 0 84 39 39 0 675 591 552 0 552 0 0 0 17627486 55081 0 10733 83203 116217 67353826 5098883 1522601 2580116143 2580116143 0 1891176270 0 101.996856 260 780 1040000 260000 1058 624 120 160000 250000 117 156000 42547 12 16000 25000 12 16000 25000 3525
1790010417547750 10 0 0 10 10 10 0 0 0 0 0 0 83 39 39 0 675 592 553 0 553 0 0 0 17640951 55157 0 10744 83264 116227 67353833 5098956 1523521 2585213917 2585213917 0 1892847761 0 102.008888 270 810 1080000 270000 562 619 120 160000 250000 117 156000 42556 12 16000 25000 12 16000 25000 3534
1790010417598355 10 0 0 10 10 10 0 0 0 0 0 0 82 39 39 0 675 593 554 0 554 0 0 0 17650564 55246 0 10759 83363 116247 67394530 5099021 1527912 2590684183 2590684183 0 1894526835 0 102.043430 271 813 1084000 271000 422 601 120 160000 250000 117 156000 42564 12 16000 25000 12 16000 25000 3542
1790010417676848 10 0 0 10 10 10 0 0 0 0 0 0 81 39 39 0 675 594 555 0 555 0 0 0 17658423 55330 0 10775 83453 116264 67464870 5099106 1531417 2597301741 2597301741 0 1896097647 0 102.082242 300 900 1200000 300000 1214 662 120 160000 250000 117 156000 42572 12 16000 25000 12 16000 25000 3550
1790010417704408 10 0 0 10 10 10 0 0 0 0 0 0 80 39 39 0 675 595 556 0 556 0 0 0 17684954 55419 0 10789 83536 116277 67465623 5099178 1534877 2603941994 2603941994 0 1897760555 0 102.018458 281 843 1124000 281000 91 607 120 160000 250000 117 156000 42580 12 16000 25000 12 16000 25000 3558
1790010417758096 10 0 0 10 10 10 0 0 0 0 0 0 79 39 39 0 675 596 557 0 557 0 0 0 17738397 55496 0 10800 83595 116285 67465629 5099255 1535754 2609315936 2609315936 0 1899405499 0 101.799771 282 846 1128000 282000 1167 662 120 160000 250000 117 156000 42588 12 16000 25000 12 16000 25000 3566
1790010417963876 10 0 0 10 10 10 0 0 0 0 0 0 78 39 39 0 675 597 558 0 558 0 0 0 17746238 55575 0 10812 83690 116305 67663293 5099316 1539196 2613852922 2613852922 0 1901077679 0 101.844063 287 861 1148000 287000 776 674 120 160000 250000 117 156000 42595 12 16000 25000 12 16000 25000 3573
1790010418119387 10 0 0 10 10 10 0 0 0 0 0 0 77 39 39 0 675 598 559 0 559 0 0 0 17754204 55658 0 10824 83793 116318 67810531 5099397 1542597 2619148467 2619148467 0 1902752673 0 101.887727 290 870 1160000 290000 182 627 120 160000 250000 117 156000 42603 12 16000 25000 12 16000 25000 3581
1790010418470393 10 0 0 10 10 10 0 0 0 0 0 0 76 39 39 0 675 599 560 0 560 0 0 0 17770845 55755 0 10844 83902 116341 68144568 5099477 1545228 2624446537 2624446537 0 1904415698 0 101.881028 289 867 1156000 289000 1230 687 120 160000 250000 117 156000 42611 12 16000 25000 12 16000 25000 3589
1790010418652306 10 0 0 10 10 10 0 0 0 0 0 0 75 39 39 0 675 600 561 0 561 0 0 0 17806158 55837 0 10858 83985 116354 68290847 5099599 1547811 2629465722 2629465722 0 1906010669 0 101.764300 295 885 1180000 295000 927 711 120 160000 250000 117 156000 42620 12 16000 25000 12 16000 25000 3597
1790010418660464 10 0 0 10 10 10 0 0 0 0 0 0 74 39 39 0 675 601 562 0 562 0 0 0 17813991 55931 0 10870 84067 116368 68290864 5099694 1551190 2636036926 2636036926 0 1907664565 0 101.807423 312 936 1248000 312000 889 729 120 160000 250000 117 156000 42629 12 16000 25000 12 16000 25000 3605
1790010418769644 10 0 0 10 10 10 0 0 0 0 0 0 73 39 39 0 675 602 563 0 563 0 0 0 17841759 56017 0 10884 84168 116383 68371977 5099769 1554565 2642559007 2642559007 0 1909289687 0 101.735575 301 903 1204000 301000 149 673 120 160000 250000 117 156000 42637 12 16000 25000 12 16000 25000 3614
1790010418832925 10 0 0 10 10 10 0 0 0 0 0 0 72 39 39 0 675 603 564 0 564 0 0 0 17860343 56102 0 10897 84250 116398 68416375 5099867 1557912 2647890643 2647890643 0 1910917659 0 101.716222 303 909 1212000 303000 1108 716 120 160000 250000 117 156000 42643 12 16000 25000 12 16000 25000 3620
1790010418965891 10 0 0 10 10 10 0 0 0 0 0 0 71 39 39 0 675 604 565 0 565 0 0 0 17869232 56185 0 10910 84349 116413 68540158 5099943 1561217 2654508329 2654508329 0 1912587026 0 101.754125 301 903 1204000 301000 962 741 120 160000 250000 117 156000 42652 12 16000 25000 12 16000 25000 3628
1790010419012260 10 0 0 10 10 10 0 0 0 0 0 0 70 39 39 0 675 605 566 0 566 0 0 0 17901294 56265 0 10922 84458 116427 68554161 5100025 1564498 2658802528 2658802528 0 1914241865 0 101.659881 302 906 1208000 302000 1057 772 120 160000 250000 117 156000 42658 12 16000 25000 12 16000 25000 3635
1790010419224220 10 0 0 10 10 10 0 0 0 0 0 0 69 39 39 0 675 606 567 0 567 0 0 0 17944117 56349 0 10937 84543 116438 68723018 5100103 1566964 2665096777 2665096777 0 1915877946 0 101.504238 294 882 1176000 294000 180 715 120 160000 250000 117 156000 42667 12 16000 25000 12 16000 25000 3644
1790010419250495 10 0 0 10 10 10 0 0 0 0 0 0 68 39 39 0 675 607 568 0 568 0 0 0 17970129 56426 0 10950 84596 116456 68723024 5100192 1567781 2669822273 2669822273 0 1917468541 0 101.441485 302 906 1208000 302000 1129 756 120 160000 250000 117 156000 42671 12 16000 25000 12 16000 25000 3649
1790010419313578 10 0 0 10 10 10 0 0 0 0 0 0 67 39 39 0 675 608 569 0 569 0 0 0 17979182 56503 0 10963 84712 116480 68776752 5100257 1571830 2672417721 2672417721 0 1919058111 0 101.474185 305 915 1220000 305000 135 696 120 160000 250000 117 156000 42675 12 16000 25000 12 16000 25000 3652
1790010419346616 10 0 0 10 10 10 0 0 0 0 0 0 66 39 39 0 675 609 570 0 570 0 0 0 17988639 56582 0 10976 84809 116496 68800027 5100349 1575921 2677765297 2677765297 0 1920660408 0 101.505241 302 906 1208000 302000 176 646 120 160000 250000 117 156000 42683 12 16000 25000 12 16000 25000 3660
1790010419349973 10 0 0 10 10 10 0 0 0 0 0 0 65 39 39 0 675 610 571 0 571 0 0 0 17991757 56652 0 10987 84858 116505 68800034 5100434 1576731 2680436971 2680436971 0 1922273592 0 101.572552 304 912 1216000 304000 383 621 120 160000 250000 117 156000 42684 12 16000 25000 12 16000 25000 3663
1790010419420994 10 0 0 10 10 10 0 0 0 0 0 0 64 39 39 0 675 611 572 0 572 0 0 0 18000779 56732 0 11001 84972 116522 68861742 5100495 1580706 2682322583 2682322583 0 1923609464 0 101.591905 296 888 1184000 296000 162 578 120 160000 250000 117 156000 42688 12 16000 25000 12 16000 25000 3665
1790010419466145 10 0 0 10 10 10 0 0 0 0 0 0 63 39 38 1 675 612 573 0 573 0 0 0 18045635 56812 0 11016 85072 116530 68861749 5100577 1581510 2689624079 2688967665 0 1925225318 0 101.424848 298 894 1192000 298000 19 525 120 160000 250000 117 156000 42698 12 16000 25000 12 16000 25000 3674
1790010419466306 10 0 0 10 10 10 0 0 0 0 0 0 63 38 38 0 675 612 574 0 574 0 0 0 18045635 56883 0 11031 85072 116538 68861752 5100640 1581510 2689624079 2689624079 0 1925225318 0 101.424450 273 819 1092000 273000 76 482 120 160000 250000 114 152000 41693 12 16000 25000 12 16000 25000 3673
1790010419836653 10 0 0 10 10 10 0 0 0 0 0 0 61 39 39 0 675 614 575 0 575 0 0 0 18056930 56968 0 11044 85194 116553 69220526 5100677 1585443 2693808997 2693808997 0 1928527865 0 101.534606 260 780 1040000 260000 17 437 120 160000 250000 117 156000 42703 12 16000 25000 12 16000 25000 3681
1790010419934877 10 0 0 10 10 10 0 0 0 0 0 0 60 39 39 0 675 615 576 0 576 0 0 0 18065845 57058 0 11057 85286 116571 69309488 5100802 1589287 2700251898 2700251898 0 1929821443 0 101.552226 248 744 992000 248000 79 403 120 160000 250000 117 156000 42711 12 16000 25000 12 16000 25000 3689
1790010420272275 10 0 0 10 10 10 0 0 0 0 0 0 59 39 39 0 675 616 577 0 577 0 0 0 18075010 57139 0 11071 85407 116588 69637395 5100885 1593202 2706605976 2706605976 0 1931461079 0 101.586680 233 699 932000 233000 99 374 120 160000 250000 117 156000 42719 12 16000 25000 12 16000 25000 3697
1790010420525008 10 0 0 10 10 10 0 0 0 0 0 0 58 39 39 0 675 617 578 0 578 0 0 0 18084275 57220 0 11085 85511 116621 69880534 5100973 1596969 2707877850 2707877850 0 1933114845 0 101.621282 231 693 924000 231000 416 379 120 160000 250000 117 156000 42720 12 16000 25000 12 16000 25000 3698
1790010420927242 10 0 0 10 10 10 0 0 0 0 0 0 57 39 39 0 675 618 579 0 579 0 0 0 18093737 57313 0 11103 85623 116638 70272968 5101068 1600811 2713218180 2713218180 0 1934700236 0 101.651085 221 663 884000 221000 47 348 120 160000 250000 117 156000 42727 12 16000 25000 12 16000 25000 3705
1790010420960322 10 0 0 10 10 10 0 0 0 0 0 0 56 39 39 0 675 619 580 0 580 0 0 0 18102983 57394 0 11116 85712 116654 70296450 5101207 1604569 2718522846 2718522846 0 1936042826 0 101.669383 224 672 896000 224000 936 406 120 160000 250000 117 156000 42735 12 16000 25000 12 16000 25000 3713
1790010421245763 10 0 0 10 10 10 0 0 0 0 0 0 55 39 39 0 675 620 581 0 581 0 0 0 18139345 57473 0 11128 85800 116667 70545227 5101305 1606824 2724998067 2724998067 0 1937755498 0 101.555538 223 669 892000 223000 1214 486 120 160000 250000 117 156000 42743 12 16000 25000 12 16000 25000 3721
1790010421361727 10 0 0 10 10 10 0 0 0 0 0 0 54 39 39 0 675 621 582 0 582 0 0 0 18149576 57557 0 11141 85884 116683 70650625 5101436 1609810 2731733616 2731733616 0 1939343083 0 101.581160 225 675 900000 225000 1038 566 120 160000 250000 117 156000 42752 12 16000 25000 12 16000 25000 3729
1790010421396530 10 0 0 10 10 10 0 0 0 0 0 0 53 39 39 0 675 622 583 0 583 0 0 0 18159259 57636 0 11152 85972 116699 70675449 5101529 1613485 2737121423 2737121423 0 1940995172 0 101.613214 232 696 928000 232000 1146 623 120 160000 250000 117 156000 42760 12 16000 25000 12 16000 25000 3737
1790010421533086 10 0 0 10 10 10 0 0 0 0 0 0 52 39 39 0 675 623 584 0 584 0 0 0 18168208 57724 0 11165 86069 116718 70802738 5101621 1617170 2742532877 2742532877 0 1942593534 0 101.646465 213 639 852000 213000 58 569 120 160000 250000 117 156000 42767 12 16000 25000 12 16000 25000 3744
1790010421749361 10 0 0 10 10 10 0 0 0 0 0 0 51 39 39 0 675 624 585 0 585 0 0 0 18177228 57801 0 11176 86168 116733 71009680 5101719 1620899 2747488469 2747488469 0 1944188547 0 101.679174 216 648 864000 216000 794 592 120 160000 250000 117 156000 42772 12 16000 25000 12 16000 25000 3750
1790010421765958 10 0 0 10 10 10 0 0 0 0 0 0 50 39 39 0 675 625 586 0 586 0 0 0 18186286 57878 0 11188 86261 116750 71016924 5101806 1624538 2753021334 2753021334 0 1945834474 0 101.714300 216 648 864000 216000 140 549 120 160000 250000 117 156000 42781 12 16000 25000 12 16000 25000 3758
1790010421976614 10 0 0 10 10 10 0 0 0 0 0 0 49 39 39 0 675 626 587 0 587 0 0 0 18204260 57967 0 11200 86363 116763 71209310 5101878 1627420 2758236739 2758236739 0 1947185012 0 101.684221 222 666 888000 222000 1280 621 120 160000 250000 117 156000 42788 12 16000 25000 12 16000 25000 3765
1790010421981171 10 0 0 10 10 10 0 0 0 0 0 0 48 39 39 0 675 627 588 0 588 0 0 0 18208559 58055 0 11216 86411 116771 71209317 5101967 1628178 2763589223 2763589223 0 1948778964 0 101.743019 228 684 912000 228000 981 657 120 160000 250000 117 156000 42794 12 16000 25000 12 16000 25000 3774
1790010422245168 10 0 0 10 10 10 0 0 0 0 0 0 47 39 39 0 675 628 589 0 589 0 0 0 18218015 58145 0 11231 86547 116790 71463526 5102034 1631748 2768586253 2768586253 0 1950373890 0 101.773101 233 699 932000 233000 404 633 120 160000 250000 117 156000 42804 12 16000 25000 12 16000 25000 3782
1790010422407674 10 0 0 10 10 10 0 0 0 0 0 0 46 39 39 0 675 629 590 0 590 0 0 0 18225570 58225 0 11243 86634 116803 71618172 5102140 1634578 2773390143 2773390143 0 1952043521 0 101.817690 234 702 936000 234000 297 601 120 160000 250000 117 156000 42811 12 16000 25000 12 16000 25000 3789
1790010422431782 10 0 0 10 10 10 0 0 0 0 0 0 45 39 39 0 675 630 591 0 591 0 0 0 18232908 58306 0 11256 86725 116815 71634648 5102219 1637424 2780003474 2780003474 0 1953643757 0 101.859826 236 708 944000 236000 1165 657 120 160000 250000 117 156000 42820 12 16000 25000 12 16000 25000 3797
1790010422530656 10 0 0 10 10 10 0 0 0 0 0 0 44 39 39 0 675 631 592 0 592 0 0 0 18241608 58387 0 11268 86825 116834 71724518 5102304 1640968 2780777609 2780777609 0 1955001595 0 101.881711 241 723 964000 241000 247 618 120 160000 250000 117 156000 42821 12 16000 25000 12 16000 25000 3797
1790010422555114 10 0 0 10 10 10 0 0 0 0 0 0 43 39 39 0 675 632 593 0 593 0 0 0 18250172 58463 0 11280 86916 116847 71740126 5102388 1644461 2785778222 2785778222 0 1956671083 0 101.920594 236 708 944000 236000 133 571 120 160000 250000 117 156000 42828 12 16000 25000 12 16000 25000 3805
1790010422764006 10 0 0 10 10 10 0 0 0 0 0 0 42 39 39 0 675 633 594 0 594 0 0 0 18259044 58544 0 11292 87009 116873 71939851 5102463 1647906 2787001022 2787001022 0 1958021718 0 101.941097 234 702 936000 234000 929 606 120 160000 250000 117 156000 42829 12 16000 25000 12 16000 25000 3806
1790010423086707 10 0 0 10 10 10 0 0 0 0 0 0 41 39 39 0 675 634 595 0 595 0 0 0 18267883 58641 0 11307 87114 116889 72253392 5102538 1651429 2792323794 2792323794 0 1959601721 0 101.973611 236 708 944000 236000 181 565 120 160000 250000 117 156000 42838 12 16000 25000 12 16000 25000 3814
1790010423140037 10 0 0 10 10 10 0 0 0 0 0 0 40 39 39 0 675 635 596 0 596 0 0 0 18303401 58720 0 11319 87201 116903 72270876 5102668 1653485 2793212193 2793212193 0 1961242657 0 101.861149 235 705 940000 235000 1192 627 120 160000 250000 117 156000 42838 12 16000 25000 12 16000 25000 3815
1790010423283715 10 0 0 10 10 10 0 0 0 0 0 0 39 39 39 0 675 636 597 0 597 0 0 0 18349059 58807 0 11331 87288 116916 72368604 5102752 1656193 2799698717 2799698717 0 1962876776 0 101.692677 231 693 924000 231000 174 584 120 160000 250000 117 156000 42846 12 16000 25000 12 16000 25000 3824
1790010423335204 10 0 0 10 10 10 0 0 0 0 0 0 38 39 39 0 675 637 598 0 598 0 0 0 18388696 58885 0 11343 87382 116933 72380168 5102830 1660175 2806062508 2806062508 0 1964516246 0 101.558502 232 696 928000 232000 1189 644 120 160000 250000 117 156000 42854 12 16000 25000 12 16000 25000 3832
1790010423355851 10 0 0 10 10 10 0 0 0 0 0 0 37 39 39 0 675 638 599 0 599 0 0 0 18397678 58972 0 11364 87467 116948 72391546 5102907 1663489 2811448964 2811448964 0 1966120264 0 101.591481 227 681 908000 227000 96 591 120 160000 250000 117 156000 42863 12 16000 25000 12 16000 25000 3840
1790010423405544 10 0 0 10 10 10 0 0 0 0 0 0 36 39 39 0 675 639 600 0 600 0 0 0 18435518 59049 0 11376 87588 116966 72403087 5102983 1666152 2816720524 2816720524 0 1967762337 0 101.467874 229 687 916000 229000 1280 659 120 160000 250000 117 156000 42871 12 16000 25000 12 16000 25000 3848
1790010423735096 10 0 0 10 10 10 0 0 0 0 0 0 35 39 39 0 675 640 601 0 601 0 0 0 18523867 59127 0 11389 87676 116979 72643996 5103080 1668790 2820988155 2820988155 0 1969071192 0 101.052211 228 684 912000 228000 397 634 120 160000 250000 117 156000 42877 12 16000 25000 12 16000 25000 3854
1790010423744814 10 0 0 10 10 10 0 0 0 0 0 0 34 39 39 0 675 641 602 0 602 0 0 0 18531057 59205 0 11402 87752 116993 72646246 5103168 1671380 2826073694 2826073694 0 1970720680 0 101.097322 220 660 880000 220000 95 583 120 160000 250000 117 156000 42884 12 16000 25000 12 16000 25000 3862
1790010423908674 10 0 0 10 10 10 0 0 0 0 0 0 33 39 39 0 675 642 603 0 603 0 0 0 18538140 59284 0 11414 87846 117008 72802744 5103242 1673977 2830139183 2830139183 0 1972408511 0 101.144940 221 663 884000 221000 901 615 120 160000 250000 117 156000 42891 12 16000 25000 12 16000 25000 3869
1790010423937556 10 0 0 10 10 10 0 0 0 0 0 0 32 39 39 0 675 643 604 0 604 0 0 0 18546282 59362 0 11426 87930 117021 72823206 5103323 1676536 2836786940 2836786940 0 1974027309 0 101.183229 220 660 880000 220000 784 632 120 160000 250000 117 156000 42900 12 16000 25000 12 16000 25000 3877
1790010424050991 10 0 0 10 10 10 0 0 0 0 0 0 31 39 38 1 675 644 605 0 605 0 0 0 18659437 59441 0 11438 88026 117029 72823214 5103394 1677198 2844249833 2838811515 0 1975679729 0 100.655339 234 702 936000 234000 1217 690 120 160000 250000 117 156000 42912 12 16000 25000 12 16000 25000 3888
1790010424051183 10 0 0 10 10 10 0 0 0 0 0 0 31 38 38 0 675 644 606 0 606 0 0 0 18659437 59518 0 11456 88026 117036 72823217 5103482 1677198 2844249833 2844249833 0 1975679729 0 100.654925 222 666 888000 222000 47 628 120 160000 250000 114 152000 41907 12 16000 25000 12 16000 25000 3887
1790010424117149 10 0 0 10 10 10 0 0 0 0 0 0 29 39 39 0 675 646 607 0 607 0 0 0 18668928 59598 0 11467 88137 117059 72879430 5103512 1679767 2845595562 2845595562 0 1978959923 0 100.770517 197 591 788000 197000 39 571 120 160000 250000 117 156000 42911 12 16000 25000 12 16000 25000 3890
1790010424220858 10 0 0 10 10 10 0 0 0 0 0 0 28 39 39 0 675 647 608 0 608 0 0 0 18678829 59687 0 11479 88233 117077 72972901 5103624 1683550 2852265496 2852265496 0 1980298503 0 100.784919 197 591 788000 197000 221 538 120 160000 250000 117 156000 42920 12 16000 25000 12 16000 25000 3898
1790010424337623 10 0 0 10 10 10 0 0 0 0 0 0 27 39 39 0 675 648 609 0 609 0 0 0 18687369 59766 0 11493 88319 117091 73080843 5103706 1686691 2857549591 2857549591 0 1981960538 0 100.823132 197 591 788000 197000 431 528 120 160000 250000 117 156000 42929 12 16000 25000 12 16000 25000 3906
1790010424391787 10 0 0 10 10 10 0 0 0 0 0 0 26 39 39 0 675 649 610 0 610 0 0 0 18696654 59854 0 11512 88404 117135 73125398 5103783 1689154 2864240647 2864240647 0 1983525414 0 100.852314 191 573 764000 191000 133 491 120 160000 250000 117 156000 42936 12 16000 25000 12 16000 25000 3914
1790010424451672 10 0 0 10 10 10 0 0 0 0 0 0 25 39 39 0 675 650 611 0 611 0 0 0 18706900 59935 0 11525 88509 117150 73174738 5103859 1692219 2870932346 2870932346 0 1985120855 0 100.877893 190 570 760000 190000 297 473 120 160000 250000 117 156000 42944 12 16000 25000 12 16000 25000 3922
1790010424607602 10 0 0 10 10 10 0 0 0 0 0 0 24 39 39 0 675 651 612 0 612 0 0 0 18723933 60015 0 11538 88607 117165 73313322 5103947 1694627 2876187705 2876187705 0 1986776156 0 100.870030 188 564 752000 188000 124 440 120 160000 250000 117 156000 42953 12 16000 25000 12 16000 25000 3930
1790010424743317 10 0 0 10 10 10 0 0 0 0 0 0 23 39 39 0 675 652 613 0 613 0 0 0 18740969 60096 0 11553 88685 117177 73431715 5104038 1697012 2881574330 2881574330 0 1988364788 0 100.858777 188 564 752000 188000 1216 516 120 160000 250000 117 156000 42960 12 16000 25000 12 16000 25000 3937
1790010425056332 10 0 0 10 10 10 0 0 0 0 0 0 22 39 39 0 675 653 614 0 614 0 0 0 18749286 60178 0 11566 88786 117194 73736109 5104121 1699962 2882285509 2882285509 0 1990049782 0 100.899173 188 564 752000 188000 1010 565 120 160000 250000 117 156000 42960 12 16000 25000 12 16000 25000 3938
1790010425104575 10 0 0 10 10 10 0 0 0 0 0 0 21 39 39 0 675 654 615 0 615 0 0 0 18769280 60261 0 11578 88865 117210 73764043 5104228 1702337 2888704477 2888704477 0 1991678530 0 100.874082 183 549 732000 183000 115 522 120 160000 250000 117 156000 42968 12 16000 25000 12 16000 25000 3946
1790010425432435 10 0 0 10 10 10 0 0 0 0 0 0 21 38 38 0 675 654 616 0 616 0 0 0 18772077 60360 0 11592 88934 117224 74088829 5104305 1703540 2894195033 2894195033 0 1991678530 0 100.858570 185 555 740000 185000 270 498 120 160000 250000 114 152000 41973 12 16000 25000 12 16000 25000 3951
1790010425487675 10 0 0 10 10 10 0 0 0 0 0 0 21 37 37 0 675 654 617 0 617 0 0 0 18774752 60435 0 11604 89029 117236 74141126 5104372 1704728 2900842120 2900842120 0 1991678530 0 100.843844 184 552 736000 184000 968 545 120 160000 250000 111 148000 40977 12 16000 25000 12 16000 25000 3958
1790010425651256 10 0 0 10 10 10 0 0 0 0 0 0 21 36 36 0 675 654 618 0 618 0 0 0 18777688 60519 0 11617 89106 117247 74301542 5104410 1705956 2907496428 2907496428 0 1991678530 0 100.827678 190 570 760000 190000 1045 594 120 160000 250000 108 144000 39982 12 16000 25000 12 16000 25000 3964
1790010425796103 10 0 0 10 10 10 0 0 0 0 0 0 21 35 35 0 675 654 619 0 619 0 0 0 18780405 60618 0 11629 89168 117258 74443381 5104507 1707154 2914035330 2914035330 0 1991678530 0 100.812608 191 573 764000 191000 224 559 120 160000 250000 105 140000 38989 12 16000 25000 12 16000 25000 3971
1790010425835875 10 0 0 10 10 10 0 0 0 0 0 0 21 34 34 0 675 654 620 0 620 0 0 0 18783138 60696 0 11641 89230 117269 74480201 5104555 1708351 2915955478 2915955478 0 1991678530 0 100.797569 193 579 772000 193000 1230 625 120 160000 250000 102 136000 37988 12 16000 25000 12 16000 25000 3972
1790010425880310 10 0 0 10 10 10 0 0 0 0 0 0 21 33 33 0 675 654 621 0 621 0 0 0 18785854 60770 0 11652 89290 117283 74521693 5104605 1709559 2922515149 2922515149 0 1991678530 0 100.782647 194 582 776000 194000 335 598 120 160000 250000 99 132000 36992 12 16000 25000 12 16000 25000 3979
1790010425929862 10 0 0 10 10 10 0 0 0 0 0 0 21 32 32 0 675 654 622 0 622 0 0 0 18788589 60849 0 11667 89353 117294 74568303 5104642 1710770 2924704420 2924704420 0 1991678530 0 100.767602 216 648 864000 216000 1143 652 120 160000 250000 96 128000 35991 12 16000 25000 12 16000 25000 3981
1790010425962622 10 0 0 10 10 10 0 0 0 0 0 0 21 31 31 0 675 654 623 0 623 0 0 0 18792683 60925 0 11681 89421 117308 74596757 5104680 1712580 2931190652 2931190652 0 1991678530 0 100.745314 229 687 916000 229000 525 640 120 160000 250000 93 124000 34995 12 16000 25000 12 16000 25000 3987
1790010425968362 10 0 0 10 10 10 0 0 0 0 0 0 21 30 30 0 675 654 624 0 624 0 0 0 18795463 61004 0 11693 89488 117320 74599479 5104736 1713794 2937685505 2937685505 0 1991678530 0 100.730039 242 726 968000 242000 938 670 120 160000 250000 90 120000 34002 12 16000 25000 12 16000 25000 3994
1790010426143265 10 0 0 10 10 10 0 0 0 0 0 0 21 29 29 0 675 654 625 0 625 0 0 0 18798217 61084 0 11708 89541 117333 74771417 5104781 1715016 2942047166 2942047166 0 1991678530 0 100.714902 256 768 1024000 256000 1109 713 120 160000 250000 87 116000 33006 12 16000 25000 12 16000 25000 3999
1790010426263638 10 0 0 10 10 10 0 0 0 0 0 0 21 28 28 0 675 654 626 0 626 0 0 0 18800983 61160 0 11722 89598 117342 74888815 5104829 1716240 2947315457 2947315457 0 1991678530 0 100.699728 268 804 1072000 268000 304 674 120 160000 250000 84 112000 32010 12 16000 25000 12 16000 25000 4005
1790010426265249 10 0 0 10 10 10 0 0 0 0 0 0 21 27 27 0 675 654 627 0 627 0 0 0 18802355 61233 0 11734 89657 117352 74888820 5104904 1716853 2952647722 2952647722 0 1991678530 0 100.692014 262 786 1048000 262000 157 602 120 160000 250000 81 108000 31015 12 16000 25000 12 16000 25000 4010
1790010426543237 10 0 0 10 10 10 0 0 0 0 0 0 21 26 26 0 675 654 628 0 628 0 0 0 18805137 61315 0 11747 89728 117363 75163812 5104937 1718089 2958911335 2958911335 0 1991678530 0 100.676728 273 819 1092000 273000 1217 663 120 160000 250000 78 104000 30021 12 16000 25000 12 16000 25000 4017
1790010426679250 10 0 0 10 10 10 0 0 0 0 0 0 21 25 25 0 675 654 629 0 629 0 0 0 18807895 61396 0 11759 89785 117376 75296855 5104981 1719312 2963028921 2963028921 0 1991678530 0 100.661581 274 822 1096000 274000 1040 700 120 160000 250000 75 100000 29026 12 16000 25000 12 16000 25000 4022
1790010426772592 10 0 0 10 10 10 0 0 0 0 0 0 21 24 24 0 675 654 630 0 630 0 0 0 18812046 61473 0 11772 89853 117389 75385836 5105017 1721179 2965399191 2965399191 0 1991678530 0 100.639031 272 816 1088000 272000 786 710 120 160000 250000 72 96000 28028 12 16000 25000 12 16000 25000 4023
1790010426832329 10 0 0 10 10 10 0 0 0 0 0 0 21 23 23 0 675 654 631 0 631 0 0 0 18814792 61550 0 11784 89909 117401 75442616 5105055 1722408 2970829301 2970829301 0 1991678530 0 100.623980 267 801 1068000 267000 257 667 120 160000 250000 69 92000 27035 12 16000 25000 12 16000 25000 4030
1790010426836424 10 0 0 10 10 10 0 0 0 0 0 0 21 22 21 1 675 654 632 0 632 0 0 0 18817574 61631 0 11796 90018 117412 75443661 5105103 1723629 2979742104 2977133707 0 1991678530 0 100.608721 266 798 1064000 266000 1248 725 120 160000 250000 66 88000 26046 12 16000 25000 12 16000 25000 4040
1790010426836554 10 0 0 10 10 10 0 0 0 0 0 0 21 21 21 0 675 654 633 0 633 0 0 0 18817574 61699 0 11810 90019 117420 75443663 5105138 1723629 2979742104 2979742104 0 1991678530 0 100.608358 296 888 1184000 296000 1115 764 120 160000 250000 63 84000 25044 12 16000 25000 12 16000 25000 4038
1790010427043587 10 0 0 10 10 10 0 0 0 0 0 0 21 20 20 0 675 654 634 0 634 0 0 0 18820408 61782 0 11821 90088 117432 75647643 5105167 1724884 2982732678 2982732678 0 1991678530 0 100.592816 292 876 1168000 292000 435 733 120 160000 250000 60 80000 24044 12 16000 25000 12 16000 25000 4040
1790010427446268 10 0 0 10 10 10 0 0 0 0 0 0 21 19 19 0 675 654 635 0 635 0 0 0 18823675 61874 0 11838 90183 117444 76046787 5105216 1726198 2987765335 2987765335 0 1991678530 0 100.574924 264 792 1056000 264000 27 665 120 160000 250000 57 76000 23050 12 16000 25000 12 16000 25000 4046
1790010427781549 10 0 0 10 10 10 0 0 0 0 0 0 21 18 18 0 675 654 636 0 636 0 0 0 18826475 61964 0 11850 90247 117456 76378953 5105345 1727443 2992055416 2992055416 0 1991678530 0 100.559536 264 792 1056000 264000 1089 708 120 160000 250000 54 72000 22055 12 16000 25000 12 16000 25000 4051
1790010427788541 10 0 0 10 10 10 0 0 0 0 0 0 21 17 17 0 675 654 637 0 637 0 0 0 18829263 62038 0 11862 90312 117467 76382927 5105397 1728699 2997404798 2997404798 0 1991678530 0 100.544301 241 723 964000 241000 51 645 120 160000 250000 51 68000 21060 12 16000 25000 12 16000 25000 4057
1790010427889569 10 0 0 10 10 10 0 0 0 0 0 0 21 16 16 0 675 654 638 0 638 0 0 0 18832044 62111 0 11875 90373 117476 76480971 5105433 1729946 3004039877 3004039877 0 1991678530 0 100.529114 243 729 972000 243000 883 669 120 160000 250000 48 64000 20067 12 16000 25000 12 16000 25000 4064
1790010427977843 10 0 0 10 10 10 0 0 0 0 0 0 21 15 15 0 675 654 639 0 639 0 0 0 18834831 62186 0 11888 90434 117492 76566248 5105472 1731186 3010648701 3010648701 0 1991678530 0 100.513889 247 741 988000 247000 903 693 120 160000 250000 45 60000 19074 12 16000 25000 12 16000 25000 4071
1790010428184467 10 0 0 10 10 10 0 0 0 0 0 0 21 14 14 0 675 654 640 0 640 0 0 0 18839020 62269 0 11906 90501 117504 76768466 5105508 1733049 3015648243 3015648243 0 1991678530 0 100.491171 249 747 996000 249000 1106 734 120 160000 250000 42 56000 18081 12 16000 25000 12 16000 25000 4077
1790010428364866 10 0 1 9 10 10 0 0 0 0 0 0 21 13 13 0 675 654 641 0 641 0 0 0 18841849 62345 0 11919 90570 117514 76945815 5105553 1734295 3022027986 3022027986 0 1991678530 0 100.475728 243 729 972000 243000 115 675 120 160000 250000 39 52000 17088 12 16000 25000 12 16000 25000 4084
1790010428426243 10 0 0 10 10 10 0 0 0 0 0 0 20 13 13 0 675 655 642 0 642 0 0 0 18865426 62431 0 11932 90912 117548 76983070 5105608 1740190 3027333050 3027333050 0 1991678530 0 100.350117 248 744 992000 248000 887 697 120 160000 250000 48 64000 22420 12 16000 25000 12 16000 25000 5352
1790010428726087 10 0 1 9 10 10 0 0 0 0 0 0 20 12 12 0 675 655 643 0 643 0 0 0 18964881 62528 0 11946 92678 117708 77181299 5105678 1771159 3032668413 3032668413 0 1991678530 0 99.825082 242 726 968000 242000 161 646 120 160000 250000 45 60000 21836 12 16000 25000 12 16000 25000 5359
1790010428885862 10 0 2 8 10 10 0 0 0 0 0 0 20 11 11 0 675 655 644 0 644 0 0 0 19017665 62618 0 11959 93661 117795 77286993 5105769 1787535 3039016437 3039016437 0 1991678530 0 99.548453 239 717 956000 239000 159 599 120 160000 250000 42 56000 21061 12 16000 25000 12 16000 25000 5365
1790010428893264 10 0 3 7 10 10 0 0 0 0 0 0 20 10 10 0 675 655 645 0 645 0 0 0 19020672 62693 0 11971 93752 117807 77291132 5105827 1788470 3044159920 3044159920 0 1991678530 0 99.532376 240 720 960000 240000 1082 647 120 160000 250000 39 52000 20076 12 16000 25000 12 16000 25000 5372
1790010429240060 10 0 4 6 10 10 0 0 0 0 0 0 20 9 9 0 675 655 646 0 646 0 0 0 19144992 62800 0 11990 95992 118014 77510934 5105865 1826940 3049276685 3049276685 0 1991678530 0 98.887611 244 732 976000 244000 1402 721 120 160000 250000 36 48000 19553 12 16000 25000 12 16000 25000 5377
1790010429395835 10 0 3 7 10 10 0 0 0 0 0 0 19 9 9 0 675 656 647 0 647 0 0 0 19212914 62895 0 12003 97420 118145 77596943 5105988 1835700 3054613527 3054613527 0 1991678530 0 98.538674 243 729 972000 243000 1071 756 120 160000 250000 45 60000 25134 12 16000 25000 12 16000 25000 6636
1790010429427122 10 0 3 7 10 10 0 0 0 0 0 0 19 8 8 0 675 656 648 0 648 0 0 0 19225753 62980 0 12018 97933 118183 77614619 5106090 1835700 3059984505 3059984505 0 1991678530 0 98.472650 258 774 1032000 258000 1177 798 120 160000 250000 42 56000 24230 12 16000 25000 12 16000 25000 6643
1790010429627053 10 0 4 6 10 10 0 0 0 0 0 0 19 7 7 0 675 656 649 0 649 0 0 0 19280826 63085 0 12032 99561 118324 77757464 5106153 1835700 3066269149 3066269149 0 1991678530 0 98.191760 258 774 1032000 258000 1545 872 120 160000 250000 39 52000 23606 12 16000 25000 12 16000 25000 6650
1790010429769325 10 0 5 5 10 10 0 0 0 0 0 0 19 6 6 0 675 656 650 0 650 0 0 0 19305955 63177 0 12043 100331 118449 77873511 5106224 1835746 3066507518 3066507518 0 1991678530 0 98.063902 261 783 1044000 261000 1067 892 120 160000 250000 27 36000 17269 12 16000 25000 12 16000 25000 6650
1790010429816559 10 0 4 6 10 10 0 0 0 0 0 0 18 6 6 0 675 657 651 0 651 0 0 0 19318339 63267 0 12057 100662 118491 77907798 5106292 1835758 3073003703 3073003703 0 1991678530 0 98.000788 119 379 505143 128715 1 806 120 160000 250000 36 48000 21342 12 16000 25000 12 16000 25000 6656
1790010429974339 10 0 5 5 10 10 0 0 0 0 0 0 18 5 5 0 675 657 652 0 652 0 0 0 19353098 63354 0 12058 101608 118582 78029613 5106331 1836131 3073200857 3073200857 0 1991678530 0 97.824910 118 376 500898 127633 184 746 120 160000 250000 24 32000 16554 12 16000 25000 12 16000 25000 6656
1790010430051564 10 0 5 5 10 10 0 0 0 0 0 0 17 5 5 0 675 658 653 0 653 0 0 0 19370660 63437 0 12070 102062 118633 78088573 5106404 1836519 3078631030 3078631030 0 1991678530 0 97.736090 116 391 520817 134939 26 676 120 160000 250000 33 44000 17669 12 16000 25000 12 16000 25000 6663
1790010430501617 10 0 6 4 10 10 0 0 0 0 0 0 17 4 4 0 675 658 654 0 654 0 0 0 19439192 63554 0 12088 104263 118838 78467421 5106460 1836519 3084059408 3084059408 0 1991678530 0 97.392063 115 388 516327 133776 436 653 120 160000 250000 30 40000 17189 12 16000 25000 12 16000 25000 6669
1790010430691262 10 0 6 4 10 10 0 0 0 0 0 0 16 4 4 0 675 659 655 0 655 0 0 0 19440431 63630 0 12100 104318 118894 78655541 5106538 1836551 3084289298 3084289298 0 1991678530 0 97.385496 118 398 529796 137266 349 624 120 160000 250000 30 40000 15675 12 16000 25000 12 16000 25000 6670
1790010430810313 10 0 7 3 10 10 0 0 0 0 0 0 16 3 3 0 675 659 656 0 656 0 0 0 19443083 63715 0 12114 104416 118910 78771674 5106586 1836551 3090632572 3090632572 0 1991678530 0 97.371832 78 277 369307 97103 1 564 120 160000 250000 27 36000 14682 12 16000 25000 12 16000 25000 6676
1790010430908810 10 0 7 3 10 10 0 0 0 0 0 0 15 3 3 0 675 660 657 0 657 0 0 0 19447548 63781 0 12115 104469 118919 78865405 5106740 1836987 3090842352 3090842352 0 1991678530 0 97.349220 79 281 374041 98347 453 554 120 160000 250000 27 36000 11681 12 16000 25000 12 16000 25000 6676
1790010431250501 10 0 8 2 10 10 0 0 0 0 0 0 15 2 2 0 675 660 658 0 658 0 0 0 19449303 63859 0 12128 104570 118934 79205082 5106784 1836987 3097343501 3097343501 0 1991678530 0 97.340075 77 288 383429 102143 25 503 120 160000 250000 24 32000 10688 12 16000 25000 12 16000 25000 6682
1790010432596678 10 0 7 3 10 10 0 0 0 0 0 0 13 3 3 0 675 662 659 0 659 0 0 0 19590844 64028 0 12140 131104 119538 80382137 5106829 1837668 3097577341 3097577341 0 1991678530 0 96.638262 79 296 393388 104796 1378 589 120 160000 250000 36 48000 16911 12 16000 25000 12 16000 25000 7905
1790010432789510 10 0 7 3 10 10 0 0 0 0 0 0 12 3 3 0 675 663 660 0 660 0 0 0 19595266 64094 0 12141 131186 119550 80570202 5106993 1838065 3097764854 3097764854 0 1991678530 0 96.616200 57 224 297796 80266 1 507 120 160000 250000 36 48000 13911 12 16000 25000 12 16000 25000 7905
1790010446226690 10 0 7 3 10 10 0 0 0 0 0 0 11 4 4 0 675 663 660 0 660 0 0 0 19602516 64105 0 12141 131311 119585 93999313 5107331 1838163 3097764854 3097764854 0 1991678530 0 96.580529 56 230 306286 83429 33 441 120 160000 250000 36 48000 13913 12 16000 25000 12 16000 25000 7906
1790010446227194 10 0 7 3 10 10 0 0 0 0 0 0 11 3 3 0 675 664 661 0 661 0 0 0 19603140 64186 0 12153 131334 119637 93999317 5107331 1838163 3113997037 3113997037 0 1991678530 0 96.577067 56 230 306286 83429 33 402 120 160000 250000 36 48000 13912 12 16000 25000 12 16000 25000 7906
1790010446941567 10 0 7 3 10 10 0 0 0 0 0 0 10 3 3 0 675 665 662 0 662 0 0 0 19605036 64266 0 12165 131449 119692 94711408 5107447 1838190 3130012754 3130012754 0 1991678530 0 96.567365 58 249 331429 87592 813 443 120 160000 250000 36 48000 13913 12 16000 25000 12 16000 25000 7906
1790010447233734 10 0 7 3 10 10 0 0 0 0 0 0 9 3 3 0 675 666 663 0 663 0 0 0 19613494 64332 0 12165 131565 119706 94994806 5107541 1838916 3131007331 3131007331 0 1991678530 0 96.525534 60 269 357552 91837 788 478 120 160000 250000 36 48000 15148 12 16000 25000 12 16000 25000 9140
1790010447947765 10 0 8 2 10 10 0 0 0 0 0 0 9 2 2 0 675 666 664 0 664 0 0 0 19659691 64485 0 12166 135683 120079 95657720 5107682 1839435 3132008214 3132008214 0 1991678530 0 96.298708 60 280 372245 93062 80 441 120 160000 250000 24 32000 14111 12 16000 25000 12 16000 25000 9140
1790010448469522 10 0 8 2 10 10 0 0 0 0 0 0 8 2 2 0 675 667 665 0 665 0 0 0 19696236 64642 0 12177 140668 120641 96136884 5107826 1840245 3147671245 3147671245 0 1991678530 0 96.119852 59 286 380490 92715 170 404 120 160000 250000 24 32000 16582 12 16000 25000 12 16000 25000 10392
1790010449243327 10 0 7 3 10 10 0 0 0 0 0 0 6 3 3 0 675 669 666 0 666 0 0 0 19723654 64774 0 12178 143891 120950 96879384 5107917 1841048 3148431472 3148431472 0 1991678530 0 95.986031 62 312 415021 98694 802 443 120 160000 250000 36 48000 20639 12 16000 25000 12 16000 25000 11615
1790010450773314 10 0 7 3 10 10 0 0 0 0 0 0 5 3 3 0 675 670 667 0 667 0 0 0 19724476 64934 0 12203 158840 121508 98392465 5108135 1841130 3150849652 3150849652 0 1991678530 0 95.981268 60 313 416327 96735 57 406 120 160000 250000 36 48000 23409 12 16000 25000 12 16000 25000 14398
1790010452836927 10 0 7 3 10 10 0 0 0 0 0 0 4 3 3 0 675 671 668 0 668 0 0 0 19724698 65076 0 12237 158958 126928 100450025 5108258 1841176 3154591510 3154591510 0 1991678530 0 95.979502 47 254 337633 76735 3 349 120 160000 250000 36 48000 26055 12 16000 25000 12 16000 25000 17168
1790010452892661 10 0 7 3 10 10 0 0 0 0 0 0 3 3 3 0 675 672 669 0 669 0 0 0 19724859 65184 0 12270 159011 126999 100505169 5108429 1841198 3157144140 3157144140 0 1991678530 0 95.978198 38 212 282286 62817 4 316 120 160000 250000 36 48000 27339 12 16000 25000 12 16000 25000 19943
1790010453085718 10 0 7 3 10 10 0 0 0 0 0 0 2 3 3 0 675 673 670 0 670 0 0 0 19745228 65252 0 12271 159081 127010 100677116 5109005 1841284 3157403182 3157403182 0 1991678530 0 95.879184 33 190 253225 55225 3 287 120 160000 250000 36 48000 25948 12 16000 25000 12 16000 25000 19943
1790010455060731 10 0 7 3 10 10 0 0 0 0 0 0 1 3 3 0 675 674 671 0 671 0 0 0 19745584 65332 0 12272 159217 127027 102651107 5109420 1841436 3157646963 3157646963 0 1991678530 0 95.877074 25 149 197960 42347 1 248 120 160000 250000 36 48000 27333 12 16000 25000 12 16000 25000 21328
1790010456635588 10 0 8 2 10 10 0 0 0 0 0 0 1 2 2 0 675 674 672 0 672 0 0 0 19745588 1106651 0 1053475 159283 127045 103184439 5109515 1841436 3160149248 3160149248 0 1991678530 414780480 110.059076 21 129 171429 36000 1 225 120 160000 250000 24 32000 25333 12 16000 25000 12 16000 25000 21328
1790010456635921 10 0 9 1 10 10 0 0 0 0 0 0 1 1 1 0 675 674 673 0 673 0 0 0 19745588 1106732 0 1053476 159364 127053 103184448 5109649 1841436 3160381227 3160381227 0 1991678530 414780480 110.058648 19 120 159756 32960 3 204 120 160000 250000 12 16000 23333 12 16000 25000 12 16000 25000 21328
1790010460916351 10 0 9 1 10 10 0 0 0 0 0 0 0 1 1 0 675 675 674 0 674 0 0 0 19745798 2350518 0 2297146 159482 127080 106220685 5109676 1841487 3163395634 3163395634 0 1991678530 829560960 121.764354 14 91 121143 24572 1 185 120 160000 250000 12 16000 24718 12 16000 25000 12 16000 25000 21328
1790010461923069 10 0 10 0 10 10 0 0 0 0 0 0 0 0 0 0 675 675 675 0 675 0 0 0 19745798 3356965 0 3303496 159543 127089 106220692 5109838 1841487 3166443303 3166443303 0 1991678530 1244341440 133.581820 13 87 115674 23082 3 160 120 160000 250000 0 0 21332 12 16000 25000 12 16000 25000 21328
1790010461957607 0 0 0 0 0 10 10 10 0 0 0 0 0 0 0 0 675 675 675 0 675 0 0 0 19745798 3356965 0 3303496 159543 127089 106220692 5109838 1841487 3166443303 3166443303 0 1991678530 1244341440 133.581820 11 76 100572 19756 1 153 0 0 0 0 0 0 0 0 0 0 0 0 0
