# timestamp workers_connected workers_init workers_idle workers_busy workers_able workers_joined workers_removed workers_released workers_idled_out workers_blocked workers_slow workers_lost tasks_waiting tasks_on_workers tasks_running tasks_with_results tasks_submitted tasks_dispatched tasks_done tasks_failed tasks_successful tasks_cancelled tasks_exhausted_attempts tasks_recovery time_send time_receive time_send_good time_receive_good time_status_msgs time_internal time_polling time_application time_scheduling time_execute time_execute_good time_execute_exhaustion bytes_sent bytes_received bandwidth capacity_tasks capacity_cores capacity_memory capacity_disk capacity_instantaneous capacity_weighted total_cores total_memory total_disk committed_cores committed_memory committed_disk max_cores max_memory max_disk min_cores min_memory min_disk inuse_cache
1790084180489541 0 0 0 0 0 0 0 0 0 0 0 0 0 0 0 0 0 0 0 0 0 0 0 0 0 0 0 0 0 0 0 0 0 0 0 0 0 0 1.000000 0 0 0 0 0 0 0 0 0 0 0 0 0 0 0 0 0 0 0
1790084180490780 0 0 0 0 0 0 0 0 0 0 0 0 0 0 0 0 0 0 0 0 0 0 0 0 0 0 0 0 0 0 0 0 0 0 0 0 0 0 1.000000 10 10 5120 10240 10 10 0 0 0 0 0 0 0 0 0 0 0 0 0
1790084200738085 4 1 4 0 4 4 0 0 0 0 0 0 1799 1 1 0 1800 0 0 0 0 0 0 0 0 8840 0 0 40423 134984 1726225 1753023 71 0 0 0 319778612 0 1.000000 10 10 5120 10240 10 10 48 64000 100000 0 0 0 12 16000 25000 12 16000 25000 305
1790084200738242 4 1 3 1 4 4 0 0 0 0 0 0 1799 1 1 0 1800 1 0 0 0 0 0 0 16533429 8840 0 0 40423 134984 1726225 1753023 71 0 0 0 319778612 0 18.435479 10 10 5120 10240 10 10 48 64000 100000 12 16000 2305 12 16000 25000 12 16000 25000 305
1790084205986731 10 0 9 1 10 10 0 0 0 0 0 0 1798 2 2 0 1800 1 0 0 0 0 0 0 16533615 8840 0 0 42910 134990 1726239 1753119 214 0 0 0 648634789 0 37.393866 10 10 5120 10240 10 10 120 160000 250000 12 16000 2739 12 16000 25000 12 16000 25000 619
1790084205986856 10 0 8 2 10 10 0 0 0 0 0 0 1798 2 2 0 1800 2 0 0 0 0 0 0 21779420 8840 0 0 42910 134990 1726239 1753119 214 0 0 0 648634789 0 28.390810 10 10 5120 10240 10 10 120 160000 250000 24 32000 5053 12 16000 25000 12 16000 25000 619
1790084205990055 10 0 9 1 10 10 0 0 0 0 0 0 1798 1 1 0 1800 2 1 0 1 0 0 0 21779420 10055 0 1138 44783 135028 1726250 1753163 214 2070477 2070477 0 648634789 0 28.389226 10 10 5120 10240 10 10 120 160000 250000 12 16000 2749 12 16000 25000 12 16000 25000 314
1790084209726694 10 0 0 10 10 10 0 0 0 0 0 0 1698 100 81 19 1800 102 2 0 2 0 0 0 25513651 10143 0 1155 46929 135038 1726262 1753298 1735 31529500 2889445 0 796905718 0 29.775688 10 120 160000 20000 1 10 120 160000 250000 104 138636 102141 12 16000 25000 12 16000 25000 497
1790084209727278 10 0 0 10 10 10 0 0 0 0 0 0 1698 93 81 12 1800 102 9 0 9 0 0 0 25513651 10589 0 1236 46929 135046 1726266 1753406 1735 31529500 17222151 0 796905718 0 29.775167 10 24 31664 11250 1 15 120 160000 250000 104 138636 95131 12 16000 25000 12 16000 25000 488
1790084209727760 10 0 0 10 10 10 0 0 0 0 0 0 1698 92 81 11 1800 102 10 0 10 0 0 0 25513651 10669 0 1255 46929 135122 1726269 1753712 1735 31529500 17699328 0 796905718 0 29.775074 10 23 29627 11112 1 15 120 160000 250000 103 137303 94103 12 16000 25000 12 16000 25000 487
1790084209727914 10 0 0 10 10 10 0 0 0 0 0 0 1698 91 81 10 1800 102 11 0 11 0 0 0 25513651 10751 0 1273 46929 135130 1726272 1753759 1735 31529500 18928919 0 796905718 0 29.774978 10 21 27997 11000 2 15 120 160000 250000 102 135970 93075 12 16000 25000 12 16000 25000 485
1790084209728069 10 0 0 10 10 10 0 0 0 0 0 0 1698 90 81 9 1800 102 12 0 12 0 0 0 25513651 10831 0 1292 46929 135138 1726275 1753807 1735 31529500 19342166 0 796905718 0 29.774885 10 20 26664 10910 3 15 120 160000 250000 100 133304 92045 12 16000 25000 12 16000 25000 484
1790084209728212 10 0 0 10 10 10 0 0 0 0 0 0 1698 89 81 8 1800 102 13 0 13 0 0 0 25513651 10904 0 1308 46929 135145 1726278 1753852 1735 31529500 20922934 0 796905718 0 29.774800 10 20 25553 10834 1 15 120 160000 250000 100 133304 91043 12 16000 25000 12 16000 25000 482
1790084209728357 10 0 0 10 10 10 0 0 0 0 0 0 1698 88 81 7 1800 102 14 0 14 0 0 0 25513651 10978 0 1326 46929 135153 1726281 1753898 1735 31529500 21730654 0 796905718 0 29.774714 10 19 24613 10770 2 15 120 160000 250000 96 127972 90012 12 16000 25000 12 16000 25000 481
1790084209728651 10 0 0 10 10 10 0 0 0 0 0 0 1698 85 81 4 1800 102 17 0 17 0 0 0 25513651 11186 0 1371 46929 135160 1726284 1753953 1735 31529500 23995892 0 796905718 0 29.774471 10 17 22497 10625 1 15 120 160000 250000 96 127972 87008 12 16000 25000 12 16000 25000 477
1790084209730036 10 0 1 9 10 10 0 0 0 0 0 0 1698 84 81 3 1800 102 18 0 18 0 0 0 25513651 12380 0 2509 46929 135208 1726286 1754075 1735 31529500 26594468 0 796905718 0 29.773078 10 17 21958 10589 1 15 120 160000 250000 84 111972 84260 12 16000 25000 12 16000 25000 163
1790084209730187 10 0 1 9 10 10 0 0 0 0 0 0 1698 83 81 2 1800 102 19 0 19 0 0 0 25513651 12457 0 2527 46929 135215 1726289 1754122 1735 31529500 28648986 0 796905718 0 29.772988 10 23 29627 11112 1 15 120 160000 250000 81 107973 83229 12 16000 25000 12 16000 25000 161
1790084209730441 10 0 1 9 10 10 0 0 0 0 0 0 1698 81 81 0 1800 102 21 0 21 0 0 0 25513651 12604 0 2558 46929 135222 1726292 1754204 1735 31529500 31529500 0 796905718 0 29.772817 10 21 27997 11000 7 17 120 160000 250000 81 107973 81226 12 16000 25000 12 16000 25000 159
1790084211033153 10 0 0 10 10 10 0 0 0 0 0 0 1659 119 101 18 1800 141 22 0 22 0 0 0 26814944 12687 0 2575 48141 135243 1726302 1754281 3586 90207378 32044008 0 854596100 0 30.379363 10 21 27299 10953 2 17 120 160000 250000 115 153295 119456 12 16000 25000 12 16000 25000 317
1790084211033601 10 0 0 10 10 10 0 0 0 0 0 0 1659 115 101 14 1800 141 26 0 26 0 0 0 26814944 12985 0 2644 48142 135250 1726305 1754402 3586 90207378 48817031 0 854596100 0 30.379026 10 19 25064 10800 9 17 120 160000 250000 115 153295 115450 12 16000 25000 12 16000 25000 311
1790084211033892 10 0 0 10 10 10 0 0 0 0 0 0 1659 114 101 13 1800 141 27 0 27 0 0 0 26814944 13066 0 2662 48142 135284 1726309 1754558 3586 90207378 49449151 0 854596100 0 30.378934 10 19 24613 10770 8 17 120 160000 250000 112 149296 114420 12 16000 25000 12 16000 25000 310
1790084211034102 10 0 0 10 10 10 0 0 0 0 0 0 1659 112 101 11 1800 141 29 0 29 0 0 0 26814944 13207 0 2692 48142 135291 1726312 1754601 3586 90207378 51360148 0 854596100 0 30.378775 10 18 23807 10715 2 17 120 160000 250000 112 149296 112417 12 16000 25000 12 16000 25000 307
1790084211034291 10 0 0 10 10 10 0 0 0 0 0 0 1659 111 101 10 1800 141 30 0 30 0 0 0 26814944 13284 0 2710 48142 135308 1726316 1754677 3586 90207378 53776414 0 854596100 0 30.378687 10 18 23446 10690 2 17 120 160000 250000 111 147963 111412 12 16000 25000 12 16000 25000 306
1790084211034440 10 0 0 10 10 10 0 0 0 0 0 0 1659 110 101 9 1800 141 31 0 31 0 0 0 26814944 13367 0 2727 48142 135315 1726319 1754718 3586 90207378 58287559 0 854596100 0 30.378593 10 18 23108 10667 8 17 120 160000 250000 103 137299 110392 12 16000 25000 12 16000 25000 304
1790084211034974 10 0 0 10 10 10 0 0 0 0 0 0 1659 103 101 2 1800 141 38 0 38 0 0 0 26814944 13833 0 2817 48142 135321 1726322 1754761 3586 90207378 85982519 0 854596100 0 30.378066 10 16 21259 10541 21 20 120 160000 250000 103 137299 103382 12 16000 25000 12 16000 25000 295
1790084211035384 10 0 0 10 10 10 0 0 0 0 0 0 1659 102 101 1 1800 141 39 0 39 0 0 0 26814944 13913 0 2834 48142 135378 1726325 1755006 3586 90207378 88045673 0 854596100 0 30.377975 10 16 21050 10527 5 20 120 160000 250000 101 134633 102373 12 16000 25000 12 16000 25000 293
1790084211035532 10 0 0 10 10 10 0 0 0 0 0 0 1659 101 101 0 1800 141 40 0 40 0 0 0 26814944 13993 0 2855 48142 135385 1726328 1755047 3586 90207378 90207378 0 854596100 0 30.377885 10 16 20852 10513 2 20 120 160000 250000 101 134633 101371 12 16000 25000 12 16000 25000 292
1790084211585932 10 0 0 10 10 10 0 0 0 0 0 0 1640 119 105 14 1800 160 41 0 41 0 0 0 27364400 14072 0 2871 48931 135394 1726338 1755087 5317 144927847 91890403 0 882316573 0 30.733733 10 16 20664 10500 2 20 120 160000 250000 119 158627 119542 12 16000 25000 12 16000 25000 414
1790084211586119 10 0 0 10 10 10 0 0 0 0 0 0 1640 118 105 13 1800 160 42 0 42 0 0 0 27364400 14150 0 2891 48931 135401 1726341 1755169 5317 144927847 94071062 0 882316573 0 30.733646 10 16 20485 10488 10 20 120 160000 250000 118 157294 118537 12 16000 25000 12 16000 25000 413
1790084211586279 10 0 0 10 10 10 0 0 0 0 0 0 1640 117 105 12 1800 160 43 0 43 0 0 0 27364400 14230 0 2908 48931 135409 1726344 1755217 5317 144927847 96738712 0 882316573 0 30.733556 10 16 20315 10477 7 20 120 160000 250000 117 155961 117532 12 16000 25000 12 16000 25000 411
1790084211586429 10 0 0 10 10 10 0 0 0 0 0 0 1640 116 105 11 1800 160 44 0 44 0 0 0 27364400 14314 0 2925 48931 135417 1726347 1755257 5317 144927847 101046114 0 882316573 0 30.733462 10 16 20152 10466 5 20 120 160000 250000 107 142631 116512 12 16000 25000 12 16000 25000 410
1790084211587041 10 0 0 10 10 10 0 0 0 0 0 0 1640 107 105 2 1800 160 53 0 53 0 0 0 27364400 14858 0 3010 48931 135425 1726350 1755298 5317 144927847 139907085 0 882316573 0 30.732851 10 13 16324 10205 23 21 120 160000 250000 107 142631 107499 12 16000 25000 12 16000 25000 397
1790084211587538 10 0 0 10 10 10 0 0 0 0 0 0 1640 106 105 1 1800 160 54 0 54 0 0 0 27364400 14937 0 3028 48931 135509 1726353 1755611 5317 144927847 140670840 0 882316573 0 30.732762 10 13 16324 10205 30 23 120 160000 250000 106 141298 106470 12 16000 25000 12 16000 25000 395
1790084211587682 10 0 0 10 10 10 0 0 0 0 0 0 1640 105 105 0 1800 160 55 0 55 0 0 0 27364400 15012 0 3045 48931 135516 1726356 1755654 5317 144927847 144927847 0 882316573 0 30.732678 10 13 16324 10205 11 23 120 160000 250000 105 139965 105463 12 16000 25000 12 16000 25000 394
1790084212114821 10 0 0 10 10 10 0 0 0 0 0 0 1625 119 114 5 1800 175 56 0 56 0 0 0 27890947 15100 0 3062 49358 135525 1726366 1755696 7066 152521868 146579893 0 904016395 0 30.894280 10 13 16324 10205 50 27 120 160000 250000 119 158627 119513 12 16000 25000 12 16000 25000 423
1790084212115022 10 0 0 10 10 10 0 0 0 0 0 0 1625 118 114 4 1800 175 57 0 57 0 0 0 27890947 15186 0 3082 49358 135532 1726369 1755784 7066 152521868 146973288 0 904016395 0 30.894184 10 13 16324 10205 20 27 120 160000 250000 118 157294 118494 12 16000 25000 12 16000 25000 422
1790084212115174 10 0 0 10 10 10 0 0 0 0 0 0 1625 117 114 3 1800 175 58 0 58 0 0 0 27890947 15265 0 3100 49358 135540 1726372 1755831 7066 152521868 148309928 0 904016395 0 30.894097 10 13 16324 10205 1 25 120 160000 250000 116 154628 117488 12 16000 25000 12 16000 25000 420
1790084212115322 10 0 0 10 10 10 0 0 0 0 0 0 1625 116 114 2 1800 175 59 0 59 0 0 0 27890947 15342 0 3118 49358 135547 1726374 1755877 7066 152521868 148946373 0 904016395 0 30.894012 10 13 16324 10205 25 25 120 160000 250000 116 154628 116487 12 16000 25000 12 16000 25000 419
1790084212115473 10 0 0 10 10 10 0 0 0 0 0 0 1625 115 114 1 1800 175 60 0 60 0 0 0 27890947 15427 0 3144 49358 135555 1726376 1755917 7066 152521868 150836949 0 904016395 0 30.893918 10 13 16324 10205 2 23 120 160000 250000 114 151962 115480 12 16000 25000 12 16000 25000 418
1790084212115616 10 0 0 10 10 10 0 0 0 0 0 0 1625 114 114 0 1800 175 61 0 61 0 0 0 27890947 15502 0 3160 49358 135562 1726379 1755960 7066 152521868 152521868 0 904016395 0 30.893835 10 13 16324 10205 27 25 120 160000 250000 114 151962 114479 12 16000 25000 12 16000 25000 416
1790084212290835 10 0 0 10 10 10 0 0 0 0 0 0 1619 119 118 1 1800 181 62 0 62 0 0 0 27959583 15601 0 3178 49581 135597 1832542 1756001 14654 154822985 154127232 0 912748041 0 31.115590 10 13 16324 10205 7 25 120 160000 250000 119 158627 119501 12 16000 25000 12 16000 25000 426
1790084212291059 10 0 0 10 10 10 0 0 0 0 0 0 1619 118 118 0 1800 181 63 0 63 0 0 0 27959583 15694 0 3198 49581 135605 1832546 1756101 14654 154822985 154822985 0 912748041 0 31.115487 10 13 16324 10205 126 36 120 160000 250000 118 157294 118494 12 16000 25000 12 16000 25000 425
1790084212337257 10 0 0 10 10 10 0 0 0 0 0 0 1617 119 119 0 1800 183 64 0 64 0 0 0 27991006 15798 0 3230 49698 135634 1846995 1756149 22051 155279665 155279665 0 915753408 0 31.182798 10 13 16324 10205 112 44 120 160000 250000 119 158627 119480 12 16000 25000 12 16000 25000 427
1790084212494699 10 0 0 10 10 10 0 0 0 0 0 0 1616 119 119 0 1800 184 65 0 65 0 0 0 28001535 15887 0 3248 49830 135666 1993522 1756251 29406 156237857 156237857 0 917251424 0 31.221971 10 13 16324 10205 11 42 120 160000 250000 119 158627 119477 12 16000 25000 12 16000 25000 428
1790084212549136 10 0 0 10 10 10 0 0 0 0 0 0 1615 119 119 0 1800 185 66 0 66 0 0 0 28012479 15985 0 3271 49934 135703 2036648 1756349 36832 161539891 161539891 0 918755705 0 31.260854 10 13 16324 10205 16 40 120 160000 250000 119 158627 119483 12 16000 25000 12 16000 25000 436
1790084212697337 10 0 0 10 10 10 0 0 0 0 0 0 1614 119 119 0 1800 186 67 0 67 0 0 0 28072776 16073 0 3288 50037 135735 2124212 1756443 44162 166856186 166856186 0 920257643 0 31.244644 10 13 16324 10205 57 42 120 160000 250000 119 158627 119491 12 16000 25000 12 16000 25000 444
1790084212740956 10 0 0 10 10 10 0 0 0 0 0 0 1613 119 119 0 1800 187 68 0 68 0 0 0 28083500 16160 0 3305 50171 135766 2156728 1756543 51567 172194741 172194741 0 921780740 0 31.284315 10 10 13330 10000 160 54 120 160000 250000 119 158627 119499 12 16000 25000 12 16000 25000 452
1790084212754355 10 0 0 10 10 10 0 0 0 0 0 0 1612 119 119 0 1800 188 69 0 69 0 0 0 28096630 16238 0 3320 50238 135774 2156735 1756633 53329 173898163 173898163 0 923281323 0 31.320521 10 10 13330 10000 225 72 120 160000 250000 119 158627 119502 12 16000 25000 12 16000 25000 455
1790084212787593 10 0 0 10 10 10 0 0 0 0 0 0 1611 119 119 0 1800 189 70 0 70 0 0 0 28129639 16315 0 3334 50303 135781 2156742 1756688 55068 179192216 179192216 0 924771856 0 31.334208 10 10 13330 10000 137 80 120 160000 250000 119 158627 119511 12 16000 25000 12 16000 25000 463
1790084212850459 10 0 0 10 10 10 0 0 0 0 0 0 1610 119 118 1 1800 190 71 0 71 0 0 0 28192232 16400 0 3350 50399 135789 2156749 1756747 56809 185349643 179888638 0 926273976 0 31.315368 10 10 13330 10000 57 78 120 160000 250000 119 158627 119521 12 16000 25000 12 16000 25000 472
1790084212850615 10 0 0 10 10 10 0 0 0 0 0 0 1610 118 118 0 1800 190 72 0 72 0 0 0 28192232 16476 0 3367 50399 135798 2156752 1756799 56809 185349643 185349643 0 926273976 0 31.315284 10 10 13330 10000 14 72 120 160000 250000 118 157294 118516 12 16000 25000 12 16000 25000 471
1790084212878063 10 0 0 10 10 10 0 0 0 0 0 0 1608 119 119 0 1800 192 73 0 73 0 0 0 28204366 16569 0 3384 50542 135830 2171726 1756845 64155 190663705 190663705 0 929279945 0 31.403297 10 10 13330 10000 66 72 120 160000 250000 119 158627 119527 12 16000 25000 12 16000 25000 480
1790084213000371 10 0 0 10 10 10 0 0 0 0 0 0 1607 119 119 0 1800 193 74 0 74 0 0 0 28214916 16663 0 3405 50647 135859 2283142 1756931 71357 192620854 192620854 0 930776842 0 31.442023 10 10 13330 10000 73 73 120 160000 250000 119 158627 119530 12 16000 25000 12 16000 25000 484
1790084213031303 10 0 0 10 10 10 0 0 0 0 0 0 1606 119 119 0 1800 194 75 0 75 0 0 0 28225220 16770 0 3437 50746 135895 2303405 1757021 78592 193335870 193335870 0 932282108 0 31.481263 10 10 13330 10000 319 98 120 160000 250000 119 158627 119530 12 16000 25000 12 16000 25000 485
1790084213068318 10 0 0 10 10 10 0 0 0 0 0 0 1605 119 119 0 1800 195 76 0 76 0 0 0 28235541 16862 0 3453 50862 135924 2329728 1757125 85800 194279507 194279507 0 933771537 0 31.519936 10 10 13330 10000 52 94 120 160000 250000 119 158627 119532 12 16000 25000 12 16000 25000 486
1790084213192429 10 0 0 10 10 10 0 0 0 0 0 0 1604 119 119 0 1800 196 77 0 77 0 0 0 28255476 16955 0 3468 50975 135948 2433549 1757225 92986 195733051 195733051 0 935007898 0 31.539312 10 10 13330 10000 188 104 120 160000 250000 119 158627 119535 12 16000 25000 12 16000 25000 488
1790084213237852 10 0 0 10 10 10 0 0 0 0 0 0 1603 119 119 0 1800 197 78 0 78 0 0 0 28265847 17058 0 3489 51080 135981 2468245 1757316 100157 200476234 200476234 0 936503668 0 31.578068 11 11 14663 11000 14 96 120 160000 250000 119 158627 119516 12 16000 25000 12 16000 25000 494
1790084213330393 10 0 0 10 10 10 0 0 0 0 0 0 1602 119 119 0 1800 198 79 0 79 0 0 0 28286271 17156 0 3512 51200 136014 2539994 1757407 107347 204763427 204763427 0 938030005 0 31.606601 11 11 14663 11000 49 92 120 160000 250000 119 158627 119523 12 16000 25000 12 16000 25000 501
1790084213356781 10 0 0 10 10 10 0 0 0 0 0 0 1601 119 119 0 1800 199 80 0 80 0 0 0 28296666 17247 0 3528 51318 136040 2555629 1757500 114470 206218743 206218743 0 939541417 0 31.645803 12 12 15996 12000 97 94 120 160000 250000 119 158627 119526 12 16000 25000 12 16000 25000 503
1790084213422211 10 0 0 10 10 10 0 0 0 0 0 0 1600 119 119 0 1800 200 81 0 81 0 0 0 28354595 17337 0 3544 51434 136075 2562773 1757590 121534 206604437 206604437 0 941041553 0 31.631514 12 12 15996 12000 62 92 120 160000 250000 119 158627 119527 12 16000 25000 12 16000 25000 504
1790084213480280 10 0 0 10 10 10 0 0 0 0 0 0 1599 119 119 0 1800 201 82 0 82 0 0 0 28364854 17435 0 3560 51547 136106 2610206 1757690 128551 210764965 210764965 0 942536450 0 31.670201 12 12 15996 12000 78 92 120 160000 250000 119 158627 119533 12 16000 25000 12 16000 25000 511
1790084213503093 10 0 0 10 10 10 0 0 0 0 0 0 1598 119 119 0 1800 202 83 0 83 0 0 0 28375101 17533 0 3582 51657 136137 2622397 1757799 135549 216196259 216196259 0 944043666 0 31.709288 13 13 17329 13000 579 141 120 160000 250000 119 158627 119540 12 16000 25000 12 16000 25000 517
1790084213558719 10 0 0 10 10 10 0 0 0 0 0 0 1597 119 119 0 1800 203 84 0 84 0 0 0 28404965 17628 0 3603 51757 136169 2647812 1757889 142559 219721418 219721418 0 945257142 0 31.716580 13 13 17329 13000 86 137 120 160000 250000 119 158627 119547 12 16000 25000 12 16000 25000 524
1790084213604988 10 0 0 10 10 10 0 0 0 0 0 0 1596 119 119 0 1800 204 85 0 85 0 0 0 28415313 17719 0 3620 51884 136200 2683371 1757981 149554 223885181 223885181 0 946757441 0 31.755258 14 14 18662 14000 105 135 120 160000 250000 119 158627 119553 12 16000 25000 12 16000 25000 531
1790084213696263 10 0 0 10 10 10 0 0 0 0 0 0 1595 119 119 0 1800 205 86 0 86 0 0 0 28425918 17818 0 3645 52024 136231 2763643 1758080 156510 227343983 227343983 0 948264217 0 31.793827 14 14 18662 14000 310 153 120 160000 250000 119 158627 119560 12 16000 25000 12 16000 25000 538
1790084213742206 10 0 0 10 10 10 0 0 0 0 0 0 1594 119 119 0 1800 206 87 0 87 0 0 0 28455449 17908 0 3661 52142 136264 2779695 1758176 163492 232491509 232491509 0 949497670 0 31.802065 15 15 19995 15000 146 153 120 160000 250000 119 158627 119565 12 16000 25000 12 16000 25000 544
1790084213882256 10 0 0 10 10 10 0 0 0 0 0 0 1593 119 119 0 1800 207 88 0 88 0 0 0 28465516 18005 0 3676 52256 136298 2909312 1758270 170423 236717267 236717267 0 951002148 0 31.841089 16 16 21328 16000 50 144 120 160000 250000 119 158627 119574 12 16000 25000 12 16000 25000 552
1790084213919244 10 0 0 10 10 10 0 0 0 0 0 0 1592 119 119 0 1800 208 89 0 89 0 0 0 28475614 18097 0 3692 52372 136353 2935819 1758369 177363 240949310 240949310 0 952499969 0 31.879833 18 18 23994 18000 67 138 120 160000 250000 119 158627 119582 12 16000 25000 12 16000 25000 560
1790084213934515 10 0 0 10 10 10 0 0 0 0 0 0 1591 119 119 0 1800 209 90 0 90 0 0 0 28490582 18176 0 3707 52453 136363 2935828 1758473 180969 245289404 245289404 0 953989065 0 31.912820 21 21 27993 21000 127 138 120 160000 250000 119 158627 119590 12 16000 25000 12 16000 25000 568
1790084213999264 10 0 0 10 10 10 0 0 0 0 0 0 1590 119 119 0 1800 210 91 0 91 0 0 0 28509906 18268 0 3723 52569 136394 2980934 1758526 187837 249561400 249561400 0 955489969 0 31.941275 22 22 29326 22000 52 130 120 160000 250000 119 158627 119597 12 16000 25000 12 16000 25000 576
1790084214004913 10 0 0 10 10 10 0 0 0 0 0 0 1589 119 119 0 1800 211 92 0 92 0 0 0 28515271 18347 0 3737 52647 136404 2980945 1758615 191440 253828269 253828269 0 956989187 0 31.985289 23 23 30659 23000 100 128 120 160000 250000 119 158627 119606 12 16000 25000 12 16000 25000 584
1790084214026264 10 0 0 10 10 10 0 0 0 0 0 0 1588 119 119 0 1800 212 93 0 93 0 0 0 28525015 18452 0 3754 52754 136438 2992226 1758667 198251 258113387 258113387 0 958490196 0 32.024403 25 25 33325 25000 707 185 120 160000 250000 119 158627 119614 12 16000 25000 12 16000 25000 592
1790084214147806 10 0 0 10 10 10 0 0 0 0 0 0 1587 119 119 0 1800 213 94 0 94 0 0 0 28535143 18539 0 3770 52880 136469 3103282 1758753 205085 262500564 262500564 0 959992062 0 32.063107 28 28 37324 28000 570 224 120 160000 250000 119 158627 119622 12 16000 25000 12 16000 25000 600
1790084214161529 10 0 0 10 10 10 0 0 0 0 0 0 1586 119 118 1 1800 214 95 0 95 0 0 0 28548546 18619 0 3784 52995 136478 3103288 1758843 206814 271488629 266759663 0 961500745 0 32.098340 30 30 39990 30000 175 220 120 160000 250000 119 158627 119638 12 16000 25000 12 16000 25000 616
1790084214161689 10 0 0 10 10 10 0 0 0 0 0 0 1586 118 118 0 1800 214 96 0 96 0 0 0 28548546 18701 0 3800 52995 136485 3103291 1758894 206814 271488629 271488629 0 961500745 0 32.098248 31 31 41323 31000 30 202 120 160000 250000 118 157294 118634 12 16000 25000 12 16000 25000 614
1790084214196562 10 0 0 10 10 10 0 0 0 0 0 0 1584 119 119 0 1800 216 97 0 97 0 0 0 28583189 18783 0 3815 53071 136493 3103299 1758935 208573 276696155 276696155 0 964507028 0 32.159516 33 33 43989 33000 135 196 120 160000 250000 119 158627 119645 12 16000 25000 12 16000 25000 624
1790084214240676 10 0 0 10 10 10 0 0 0 0 0 0 1583 119 119 0 1800 217 98 0 98 0 0 0 28627060 18861 0 3830 53140 136505 3103306 1758995 210357 280913804 280913804 0 965994683 0 32.159703 35 35 46655 35000 71 185 120 160000 250000 119 158627 119654 12 16000 25000 12 16000 25000 632
1790084214263407 10 0 0 10 10 10 0 0 0 0 0 0 1582 119 119 0 1800 218 99 0 99 0 0 0 28636854 18955 0 3846 53258 136539 3115923 1759046 217135 286199305 286199305 0 967211217 0 32.189093 37 37 49321 37000 78 175 120 160000 250000 119 158627 119661 12 16000 25000 12 16000 25000 639
1790084214292325 10 0 0 10 10 10 0 0 0 0 0 0 1581 119 119 0 1800 219 100 0 100 0 0 0 28646898 19044 0 3861 53371 136572 3134447 1759134 223919 291517101 291517101 0 968416029 0 32.217797 40 40 53320 40000 1152 271 120 160000 250000 119 158627 119669 12 16000 25000 12 16000 25000 647
1790084214310791 10 0 0 10 10 10 0 0 0 0 0 0 1580 119 119 0 1800 220 101 0 101 0 0 0 28658291 19137 0 3878 53506 136604 3141142 1759229 230661 296826365 296826365 0 969976920 0 32.256801 44 44 58652 44000 1166 359 120 160000 250000 119 158627 119677 12 16000 25000 12 16000 25000 655
1790084214354684 10 0 0 10 10 10 0 0 0 0 0 0 1579 119 114 5 1800 221 102 0 102 0 0 0 28701731 19223 0 3894 53750 136612 3141150 1759318 232401 324806086 301961582 0 971202304 0 32.248605 46 46 61318 46000 214 346 120 160000 250000 119 158627 119731 12 16000 25000 12 16000 25000 703
1790084214354838 10 0 0 10 10 10 0 0 0 0 0 0 1579 118 114 4 1800 221 103 0 103 0 0 0 28701731 19299 0 3911 53750 136620 3141153 1759369 232401 324806086 307233986 0 971202304 0 32.248519 48 48 63984 48000 69 320 120 160000 250000 117 155961 118725 12 16000 25000 12 16000 25000 702
1790084214354985 10 0 0 10 10 10 0 0 0 0 0 0 1579 117 114 3 1800 221 104 0 104 0 0 0 28701731 19380 0 3928 53750 136627 3141156 1759409 232401 324806086 312579572 0 971202304 0 32.248428 49 49 65317 49000 123 302 120 160000 250000 117 155961 117723 12 16000 25000 12 16000 25000 700
1790084214355125 10 0 0 10 10 10 0 0 0 0 0 0 1579 116 114 2 1800 221 105 0 105 0 0 0 28701731 19456 0 3945 53750 136634 3141159 1759447 232401 324806086 316303350 0 971202304 0 32.248343 50 50 66650 50000 102 283 120 160000 250000 116 154628 116719 12 16000 25000 12 16000 25000 699
1790084214355265 10 0 0 10 10 10 0 0 0 0 0 0 1579 115 114 1 1800 221 106 0 106 0 0 0 28701731 19531 0 3962 53750 136641 3141162 1759486 232401 324806086 320592734 0 971202304 0 32.248259 51 51 67983 51000 54 262 120 160000 250000 114 151962 115714 12 16000 25000 12 16000 25000 697
1790084214355411 10 0 0 10 10 10 0 0 0 0 0 0 1579 114 114 0 1800 221 107 0 107 0 0 0 28701731 19613 0 3978 53750 136648 3141165 1759526 232401 324806086 324806086 0 971202304 0 32.248167 59 59 78647 59000 123 250 120 160000 250000 114 151962 114712 12 16000 25000 12 16000 25000 696
1790084214628092 10 0 0 10 10 10 0 0 0 0 0 0 1573 119 103 16 1800 227 108 0 108 0 0 0 28973527 19695 0 3994 54478 136656 3141173 1759566 234223 405562119 329193612 0 980544307 0 32.253053 60 60 79980 60000 53 232 120 160000 250000 119 158627 119875 12 16000 25000 12 16000 25000 826
1790084214628268 10 0 0 10 10 10 0 0 0 0 0 0 1573 118 103 15 1800 227 109 0 109 0 0 0 28973527 19771 0 4012 54478 136664 3141176 1759638 234223 405562119 334274596 0 980544307 0 32.252968 66 66 87978 66000 15 212 120 160000 250000 115 153295 118865 12 16000 25000 12 16000 25000 825
1790084214628556 10 0 0 10 10 10 0 0 0 0 0 0 1573 115 103 12 1800 227 112 0 112 0 0 0 28973527 19987 0 4053 54478 136671 3141180 1759679 234223 405562119 349462631 0 980544307 0 32.252728 62 62 82646 62000 17 178 120 160000 250000 115 153295 115860 12 16000 25000 12 16000 25000 820
1790084214628786 10 0 0 10 10 10 0 0 0 0 0 0 1573 114 103 11 1800 227 113 0 113 0 0 0 28973527 20065 0 4073 54478 136696 3141184 1759786 234223 405562119 354893342 0 980544307 0 32.252641 61 61 81313 61000 39 166 120 160000 250000 112 149296 114850 12 16000 25000 12 16000 25000 819
1790084214628997 10 0 0 10 10 10 0 0 0 0 0 0 1573 112 103 9 1800 227 115 0 115 0 0 0 28973527 20210 0 4107 54478 136703 3141187 1759827 234223 405562119 365748274 0 980544307 0 32.252480 57 57 75981 57000 24 147 120 160000 250000 112 149296 112847 12 16000 25000 12 16000 25000 816
1790084214629180 10 0 0 10 10 10 0 0 0 0 0 0 1573 111 103 8 1800 227 116 0 116 0 0 0 28973527 20286 0 4123 54478 136719 3141190 1759900 234223 405562119 366485907 0 980544307 0 32.252395 57 57 75981 57000 61 139 120 160000 250000 111 147963 111842 12 16000 25000 12 16000 25000 815
1790084214629329 10 0 0 10 10 10 0 0 0 0 0 0 1573 110 103 7 1800 227 117 0 117 0 0 0 28973527 20364 0 4142 54478 136726 3141193 1759946 234223 405562119 373167624 0 980544307 0 32.252309 57 57 75981 57000 82 135 120 160000 250000 107 142631 110837 12 16000 25000 12 16000 25000 813
1790084214629615 10 0 0 10 10 10 0 0 0 0 0 0 1573 107 103 4 1800 227 120 0 120 0 0 0 28973527 20576 0 4182 54478 136733 3141196 1759995 234223 405562119 392778466 0 980544307 0 32.252073 51 51 67983 51000 28 118 120 160000 250000 107 142631 107833 12 16000 25000 12 16000 25000 809
1790084214629848 10 0 0 10 10 10 0 0 0 0 0 0 1573 106 103 3 1800 227 121 0 121 0 0 0 28973527 20655 0 4201 54478 136757 3141199 1760105 234223 405562119 397066434 0 980544307 0 32.251985 52 52 69316 52000 98 117 120 160000 250000 106 141298 106828 12 16000 25000 12 16000 25000 807
1790084214629986 10 0 0 10 10 10 0 0 0 0 0 0 1573 105 103 2 1800 227 122 0 122 0 0 0 28973527 20729 0 4217 54478 136764 3141202 1760144 234223 405562119 397899496 0 980544307 0 32.251903 52 52 69316 52000 40 111 120 160000 250000 103 137299 105818 12 16000 25000 12 16000 25000 806
1790084214630194 10 0 0 10 10 10 0 0 0 0 0 0 1573 103 103 0 1800 227 124 0 124 0 0 0 28973527 20869 0 4246 54478 136771 3141206 1760186 234223 405562119 405562119 0 980544307 0 32.251747 48 48 63984 48000 39 98 120 160000 250000 103 137299 103815 12 16000 25000 12 16000 25000 803
1790084215316166 10 0 0 10 10 10 0 0 0 0 0 0 1556 119 103 16 1800 244 125 0 125 0 0 0 29658417 20956 0 4262 55357 136788 3141217 1760258 235985 480836597 406141773 0 1005911475 0 32.322514 47 47 62651 47000 19 92 120 160000 250000 118 157294 120007 12 16000 25000 12 16000 25000 945
1790084215316371 10 0 0 10 10 10 0 0 0 0 0 0 1556 118 103 15 1800 244 126 0 126 0 0 0 29658417 21042 0 4286 55357 136795 3141221 1760349 235985 480836597 409708315 0 1005911475 0 32.322420 42 42 55986 42000 2 84 120 160000 250000 118 157294 119006 12 16000 25000 12 16000 25000 944
1790084215316526 10 0 0 10 10 10 0 0 0 0 0 0 1556 117 103 14 1800 244 127 0 127 0 0 0 29658417 21118 0 4304 55357 136802 3141225 1760393 235985 480836597 414833534 0 1005911475 0 32.322337 42 42 55986 42000 23 79 120 160000 250000 117 155961 117995 12 16000 25000 12 16000 25000 943
1790084215316666 10 0 0 10 10 10 0 0 0 0 0 0 1556 116 103 13 1800 244 128 0 128 0 0 0 29658417 21194 0 4322 55357 136809 3141228 1760432 235985 480836597 415653849 0 1005911475 0 32.322254 37 37 49321 37000 8 73 120 160000 250000 111 147963 116982 12 16000 25000 12 16000 25000 941
1790084215317077 10 0 0 10 10 10 0 0 0 0 0 0 1556 111 103 8 1800 244 133 0 133 0 0 0 29658417 21539 0 4383 55357 136816 3141231 1760473 235985 480836597 437362955 0 1005911475 0 32.321879 27 27 35991 27000 13 59 120 160000 250000 111 147963 111975 12 16000 25000 12 16000 25000 934
1790084215317423 10 0 0 10 10 10 0 0 0 0 0 0 1556 110 103 7 1800 244 134 0 134 0 0 0 29658417 21637 0 4400 55357 136864 3141235 1760650 235985 480836597 443906921 0 1005911475 0 32.321772 26 26 34658 26000 15 55 120 160000 250000 107 142631 110961 12 16000 25000 12 16000 25000 933
1790084215317707 10 0 0 10 10 10 0 0 0 0 0 0 1556 107 103 4 1800 244 137 0 137 0 0 0 29658417 21854 0 4440 55357 136871 3141238 1760691 235985 480836597 463743188 0 1005911475 0 32.321536 23 23 30659 23000 14 49 120 160000 250000 107 142631 107957 12 16000 25000 12 16000 25000 928
1790084215317933 10 0 0 10 10 10 0 0 0 0 0 0 1556 106 103 3 1800 244 138 0 138 0 0 0 29658417 21930 0 4457 55357 136894 3141241 1760798 235985 480836597 467212697 0 1005911475 0 32.321453 22 22 29326 22000 13 47 120 160000 250000 106 141298 106952 12 16000 25000 12 16000 25000 927
1790084215318073 10 0 0 10 10 10 0 0 0 0 0 0 1556 105 103 2 1800 244 139 0 139 0 0 0 29658417 22005 0 4473 55357 136901 3141244 1760837 235985 480836597 470680929 0 1005911475 0 32.321371 22 22 29326 22000 38 47 120 160000 250000 104 138632 105942 12 16000 25000 12 16000 25000 926
1790084215318211 10 0 0 10 10 10 0 0 0 0 0 0 1556 104 103 1 1800 244 140 0 140 0 0 0 29658417 22079 0 4489 55357 136907 3141247 1760876 235985 480836597 474233543 0 1005911475 0 32.321291 21 21 27993 21000 5 43 120 160000 250000 104 138632 104941 12 16000 25000 12 16000 25000 925
1790084215318351 10 0 0 10 10 10 0 0 0 0 0 0 1556 103 103 0 1800 244 141 0 141 0 0 0 29658417 22156 0 4507 55357 136913 3141250 1760913 235985 480836597 480836597 0 1005911475 0 32.321207 20 20 26660 20000 7 41 120 160000 250000 103 137299 103937 12 16000 25000 12 16000 25000 923
1790084215828534 10 0 0 10 10 10 0 0 0 0 0 0 1539 119 98 21 1800 261 142 0 142 0 0 0 30167417 22240 0 4524 56372 136922 3141263 1760959 237843 588560052 482360613 0 1031803220 0 32.594084 20 20 26660 20000 92 47 120 160000 250000 116 154628 120175 12 16000 25000 12 16000 25000 1104
1790084215828859 10 0 0 10 10 10 0 0 0 0 0 0 1539 116 98 18 1800 261 145 0 145 0 0 0 30167417 22458 0 4572 56372 136929 3141266 1761039 237843 588560052 495284984 0 1031803220 0 32.593849 18 18 23994 18000 10 43 120 160000 250000 116 154628 117171 12 16000 25000 12 16000 25000 1100
1790084215829094 10 0 0 10 10 10 0 0 0 0 0 0 1539 115 98 17 1800 261 146 0 146 0 0 0 30167417 22539 0 4589 56372 136953 3141269 1761148 237843 588560052 496186852 0 1031803220 0 32.593762 17 17 22661 17000 8 41 120 160000 250000 114 151962 116165 12 16000 25000 12 16000 25000 1098
1790084215829246 10 0 0 10 10 10 0 0 0 0 0 0 1539 114 98 16 1800 261 147 0 147 0 0 0 30167417 22617 0 4607 56372 136960 3141272 1761197 237843 588560052 500223433 0 1031803220 0 32.593677 17 17 22661 17000 4 39 120 160000 250000 114 151962 115163 12 16000 25000 12 16000 25000 1097
1790084215829408 10 0 0 10 10 10 0 0 0 0 0 0 1539 113 98 15 1800 261 148 0 148 0 0 0 30167417 22701 0 4625 56372 136967 3141276 1761249 237843 588560052 505583168 0 1031803220 0 32.593587 17 17 22661 17000 16 37 120 160000 250000 113 150629 114154 12 16000 25000 12 16000 25000 1096
1790084215829552 10 0 0 10 10 10 0 0 0 0 0 0 1539 112 98 14 1800 261 149 0 149 0 0 0 30167417 22775 0 4642 56372 136974 3141280 1761289 237843 588560052 509858578 0 1031803220 0 32.593507 17 17 22661 17000 41 39 120 160000 250000 108 143964 113142 12 16000 25000 12 16000 25000 1094
1790084215829895 10 0 0 10 10 10 0 0 0 0 0 0 1539 108 98 10 1800 261 153 0 153 0 0 0 30167417 23051 0 4698 56372 136981 3141283 1761331 237843 588560052 523433137 0 1031803220 0 32.593209 15 15 19995 15000 17 36 120 160000 250000 108 143964 109136 12 16000 25000 12 16000 25000 1088
1790084215830171 10 0 0 10 10 10 0 0 0 0 0 0 1539 107 98 9 1800 261 154 0 154 0 0 0 30167417 23126 0 4714 56372 137015 3141287 1761479 237843 588560052 530173104 0 1031803220 0 32.593128 14 14 18662 14000 2 34 120 160000 250000 99 131967 108119 12 16000 25000 12 16000 25000 1087
1790084215830774 10 0 0 10 10 10 0 0 0 0 0 0 1539 99 98 1 1800 261 162 0 162 0 0 0 30167417 23665 0 4813 56372 137022 3141290 1761517 237843 588560052 583292426 0 1031803220 0 32.592546 14 14 18662 14000 23 32 120 160000 250000 99 131967 100108 12 16000 25000 12 16000 25000 1075
1790084215831211 10 0 0 10 10 10 0 0 0 0 0 0 1539 98 98 0 1800 261 163 0 163 0 0 0 30167417 23743 0 4830 56372 137090 3141294 1761782 237843 588560052 588560052 0 1031803220 0 32.592462 14 14 18662 14000 21 32 120 160000 250000 98 130634 99103 12 16000 25000 12 16000 25000 1074
1790084216400956 10 0 0 10 10 10 0 0 0 0 0 0 1517 119 109 10 1800 283 164 0 164 0 0 0 30736281 23833 0 4847 57089 137099 3141304 1761821 239680 631059727 592109867 0 1065217195 0 33.025569 13 13 17329 13000 13 32 120 160000 250000 118 157294 120256 12 16000 25000 12 16000 25000 1176
1790084216401179 10 0 0 10 10 10 0 0 0 0 0 0 1517 118 109 9 1800 283 165 0 165 0 0 0 30736281 23915 0 4869 57090 137106 3141307 1761934 239680 631059727 592515857 0 1065217195 0 33.025481 13 13 17329 13000 37 35 120 160000 250000 118 157294 119254 12 16000 25000 12 16000 25000 1174
1790084216401329 10 0 0 10 10 10 0 0 0 0 0 0 1517 117 109 8 1800 283 166 0 166 0 0 0 30736281 23992 0 4888 57090 137113 3141310 1761979 239680 631059727 596952296 0 1065217195 0 33.025399 13 13 17329 13000 3 33 120 160000 250000 113 150629 118242 12 16000 25000 12 16000 25000 1173
1790084216401686 10 0 0 10 10 10 0 0 0 0 0 0 1517 113 109 4 1800 283 170 0 170 0 0 0 30736281 24270 0 4941 57090 137120 3141313 1762031 239680 631059727 614331006 0 1065217195 0 33.025100 12 12 15996 12000 23 31 120 160000 250000 113 150629 114237 12 16000 25000 12 16000 25000 1167
1790084216401957 10 0 0 10 10 10 0 0 0 0 0 0 1517 112 109 3 1800 283 171 0 171 0 0 0 30736281 24348 0 4959 57090 137154 3141317 1762171 239680 631059727 615898258 0 1065217195 0 33.025016 12 12 15996 12000 24 31 120 160000 250000 112 149296 113225 12 16000 25000 12 16000 25000 1165
1790084216402107 10 0 0 10 10 10 0 0 0 0 0 0 1517 111 109 2 1800 283 172 0 172 0 0 0 30736281 24426 0 4977 57090 137168 3141320 1762210 239680 631059727 621359706 0 1065217195 0 33.024933 12 12 15996 12000 17 31 120 160000 250000 110 146630 112219 12 16000 25000 12 16000 25000 1164
1790084216402250 10 0 0 10 10 10 0 0 0 0 0 0 1517 110 109 1 1800 283 173 0 173 0 0 0 30736281 24502 0 4994 57090 137176 3141322 1762251 239680 631059727 626742085 0 1065217195 0 33.024851 12 12 15996 12000 29 31 120 160000 250000 110 146630 111218 12 16000 25000 12 16000 25000 1163
1790084216402399 10 0 0 10 10 10 0 0 0 0 0 0 1517 109 109 0 1800 283 174 0 174 0 0 0 30736281 24577 0 5009 57090 137192 3141325 1762290 239680 631059727 631059727 0 1065217195 0 33.024771 13 13 17329 13000 59 35 120 160000 250000 109 145297 110212 12 16000 25000 12 16000 25000 1162
1790084216940234 10 0 0 10 10 10 0 0 0 0 0 0 1506 119 109 10 1800 294 175 0 175 0 0 0 31273392 24667 0 5026 57649 137200 3141335 1762330 241506 674142068 631456592 0 1081973763 0 32.968517 13 13 17329 13000 9 33 120 160000 250000 118 157294 120325 12 16000 25000 12 16000 25000 1245
1790084216940431 10 0 0 10 10 10 0 0 0 0 0 0 1506 118 109 9 1800 294 176 0 176 0 0 0 31273392 24753 0 5044 57649 137208 3141338 1762413 241506 674142068 636446073 0 1081973763 0 32.968426 13 13 17329 13000 2 31 120 160000 250000 118 157294 119324 12 16000 25000 12 16000 25000 1244
1790084216940580 10 0 0 10 10 10 0 0 0 0 0 0 1506 117 109 8 1800 294 177 0 177 0 0 0 31273392 24831 0 5062 57649 137215 3141341 1762459 241506 674142068 638624318 0 1081973763 0 32.968344 13 13 17329 13000 10 29 120 160000 250000 117 155961 118320 12 16000 25000 12 16000 25000 1242
1790084216940729 10 0 0 10 10 10 0 0 0 0 0 0 1506 116 109 7 1800 294 178 0 178 0 0 0 31273392 24908 0 5080 57649 137226 3141344 1762502 241506 674142068 642985364 0 1081973763 0 32.968263 13 13 17329 13000 5 27 120 160000 250000 116 154628 117305 12 16000 25000 12 16000 25000 1241
1790084216940883 10 0 0 10 10 10 0 0 0 0 0 0 1506 115 109 6 1800 294 179 0 179 0 0 0 31273392 24987 0 5100 57649 137233 3141347 1762551 241506 674142068 649580486 0 1081973763 0 32.968180 13 13 17329 13000 10 27 120 160000 250000 115 153295 116296 12 16000 25000 12 16000 25000 1239
1790084216941028 10 0 0 10 10 10 0 0 0 0 0 0 1506 114 109 5 1800 294 180 0 180 0 0 0 31273392 25062 0 5116 57649 137240 3141351 1762591 241506 674142068 654084296 0 1081973763 0 32.968101 13 13 17329 13000 73 33 120 160000 250000 113 150629 115281 12 16000 25000 12 16000 25000 1238
1790084216941171 10 0 0 10 10 10 0 0 0 0 0 0 1506 113 109 4 1800 294 181 0 181 0 0 0 31273392 25141 0 5136 57649 137248 3141354 1762630 241506 674142068 658386116 0 1081973763 0 32.968018 13 13 17329 13000 11 31 120 160000 250000 113 150629 114280 12 16000 25000 12 16000 25000 1237
1790084216941309 10 0 0 10 10 10 0 0 0 0 0 0 1506 112 109 3 1800 294 182 0 182 0 0 0 31273392 25215 0 5152 57649 137255 3141357 1762668 241506 674142068 662792281 0 1081973763 0 32.967940 13 13 17329 13000 15 31 120 160000 250000 112 149296 113275 12 16000 25000 12 16000 25000 1235
1790084216941456 10 0 0 10 10 10 0 0 0 0 0 0 1506 111 109 2 1800 294 183 0 183 0 0 0 31273392 25298 0 5176 57649 137262 3141360 1762708 241506 674142068 663492657 0 1081973763 0 32.967852 13 13 17329 13000 11 30 120 160000 250000 111 147963 112254 12 16000 25000 12 16000 25000 1234
1790084216941599 10 0 0 10 10 10 0 0 0 0 0 0 1506 110 109 1 1800 294 184 0 184 0 0 0 31273392 25372 0 5192 57649 137268 3141362 1762751 241506 674142068 668779630 0 1081973763 0 32.967774 13 13 17329 13000 16 30 120 160000 250000 109 145297 111247 12 16000 25000 12 16000 25000 1232
1790084216941745 10 0 0 10 10 10 0 0 0 0 0 0 1506 109 109 0 1800 294 185 0 185 0 0 0 31273392 25447 0 5209 57649 137279 3141365 1762793 241506 674142068 674142068 0 1081973763 0 32.967695 14 14 18662 14000 17 30 120 160000 250000 109 145297 110246 12 16000 25000 12 16000 25000 1231
1790084217400539 10 0 0 10 10 10 0 0 0 0 0 0 1495 119 111 8 1800 305 186 0 186 0 0 0 31731540 25534 0 5227 58132 137288 3141376 1762833 243400 712098215 675867896 0 1098875271 0 32.999549 14 14 18662 14000 23 30 120 160000 250000 118 157294 120339 12 16000 25000 12 16000 25000 1301
1790084217400734 10 0 0 10 10 10 0 0 0 0 0 0 1495 118 111 7 1800 305 187 0 187 0 0 0 31731540 25615 0 5246 58133 137295 3141379 1762919 243400 712098215 680186082 0 1098875271 0 32.999465 14 14 18662 14000 5 28 120 160000 250000 118 157294 119338 12 16000 25000 12 16000 25000 1300
1790084217400908 10 0 0 10 10 10 0 0 0 0 0 0 1495 117 111 6 1800 305 188 0 188 0 0 0 31731540 25692 0 5260 58155 137303 3141382 1762967 243400 712098215 681045511 0 1098875271 0 32.999385 14 14 18662 14000 53 32 120 160000 250000 117 155961 118333 12 16000 25000 12 16000 25000 1299
1790084217401054 10 0 0 10 10 10 0 0 0 0 0 0 1495 116 111 5 1800 305 189 0 189 0 0 0 31731540 25771 0 5276 58155 137310 3141385 1763008 243400 712098215 684514141 0 1098875271 0 32.999303 14 14 18662 14000 3 30 120 160000 250000 116 154628 117328 12 16000 25000 12 16000 25000 1297
1790084217401197 10 0 0 10 10 10 0 0 0 0 0 0 1495 115 111 4 1800 305 190 0 190 0 0 0 31731540 25846 0 5293 58155 137317 3141388 1763051 243400 712098215 687980228 0 1098875271 0 32.999225 14 14 18662 14000 268 54 120 160000 250000 115 153295 116321 12 16000 25000 12 16000 25000 1296
1790084217401349 10 0 0 10 10 10 0 0 0 0 0 0 1495 114 111 3 1800 305 191 0 191 0 0 0 31731540 25920 0 5309 58165 137324 3141392 1763091 243400 712098215 694621166 0 1098875271 0 32.999148 14 14 18662 14000 15 52 120 160000 250000 112 149296 115312 12 16000 25000 12 16000 25000 1295
1790084217401565 10 0 0 10 10 10 0 0 0 0 0 0 1495 112 111 1 1800 305 193 0 193 0 0 0 31731540 26061 0 5338 58165 137331 3141396 1763140 243400 712098215 707798167 0 1098875271 0 32.999001 15 15 19995 15000 93 77 120 160000 250000 112 149296 113310 12 16000 25000 12 16000 25000 1292
1790084217401748 10 0 0 10 10 10 0 0 0 0 0 0 1495 111 111 0 1800 305 194 0 194 0 0 0 31731540 26136 0 5355 58165 137347 3141399 1763214 243400 712098215 712098215 0 1098875271 0 32.998924 15 15 19995 15000 183 88 120 160000 250000 111 147963 112303 12 16000 25000 12 16000 25000 1290
1790084218082023 10 0 0 10 10 10 0 0 0 0 0 0 1486 119 99 20 1800 314 195 0 195 0 0 0 32410772 26222 0 5372 59047 137356 3141408 1763253 245261 804485363 715631144 0 1112383822 0 32.705000 16 16 21328 16000 130 93 120 160000 250000 119 158627 120492 12 16000 25000 12 16000 25000 1438
1790084218082219 10 0 0 10 10 10 0 0 0 0 0 0 1486 118 99 19 1800 314 196 0 196 0 0 0 32410772 26303 0 5392 59047 137363 3141411 1763337 245261 804485363 720705848 0 1112383822 0 32.704918 16 16 21328 16000 12 86 120 160000 250000 118 157294 119486 12 16000 25000 12 16000 25000 1436
1790084218082368 10 0 0 10 10 10 0 0 0 0 0 0 1486 117 99 18 1800 314 197 0 197 0 0 0 32410772 26384 0 5411 59048 137370 3141414 1763379 245261 804485363 726113679 0 1112383822 0 32.704836 16 16 21328 16000 10 80 120 160000 250000 117 155961 118481 12 16000 25000 12 16000 25000 1435
1790084218082521 10 0 0 10 10 10 0 0 0 0 0 0 1486 116 99 17 1800 314 198 0 198 0 0 0 32410772 26463 0 5428 59048 137377 3141417 1763427 245261 804485363 726875656 0 1112383822 0 32.704757 15 15 19995 15000 9 74 120 160000 250000 115 153295 117474 12 16000 25000 12 16000 25000 1433
1790084218082669 10 0 0 10 10 10 0 0 0 0 0 0 1486 115 99 16 1800 314 199 0 199 0 0 0 32410772 26539 0 5445 59048 137384 3141420 1763474 245261 804485363 731092353 0 1112383822 0 32.704680 16 16 21328 16000 10 68 120 160000 250000 115 153295 116473 12 16000 25000 12 16000 25000 1432
1790084218082821 10 0 0 10 10 10 0 0 0 0 0 0 1486 114 99 15 1800 314 200 0 200 0 0 0 32410772 26620 0 5463 59048 137391 3141423 1763519 245261 804485363 737721153 0 1112383822 0 32.704598 15 15 19995 15000 10 64 120 160000 250000 114 151962 115468 12 16000 25000 12 16000 25000 1430
1790084218082963 10 0 0 10 10 10 0 0 0 0 0 0 1486 113 99 14 1800 314 201 0 201 0 0 0 32410772 26697 0 5481 59048 137398 3141426 1763559 245261 804485363 738240659 0 1112383822 0 32.704521 16 16 21328 16000 65 65 120 160000 250000 111 147963 114459 12 16000 25000 12 16000 25000 1429
1790084218083176 10 0 0 10 10 10 0 0 0 0 0 0 1486 111 99 12 1800 314 203 0 203 0 0 0 32410772 26838 0 5509 59048 137413 3141429 1763598 245261 804485363 746979009 0 1112383822 0 32.704379 15 15 19995 15000 9 57 120 160000 250000 111 147963 112457 12 16000 25000 12 16000 25000 1426
1790084218083360 10 0 0 10 10 10 0 0 0 0 0 0 1486 110 99 11 1800 314 204 0 204 0 0 0 32410772 26916 0 5527 59048 137429 3141433 1763669 245261 804485363 748513132 0 1112383822 0 32.704300 15 15 19995 15000 12 53 120 160000 250000 109 145297 111452 12 16000 25000 12 16000 25000 1425
1790084218083516 10 0 0 10 10 10 0 0 0 0 0 0 1486 109 99 10 1800 314 205 0 205 0 0 0 32410772 26993 0 5544 59048 137436 3141436 1763722 245261 804485363 750495324 0 1112383822 0 32.704222 15 15 19995 15000 3 49 120 160000 250000 109 145297 110451 12 16000 25000 12 16000 25000 1423
1790084218083657 10 0 0 10 10 10 0 0 0 0 0 0 1486 108 99 9 1800 314 206 0 206 0 0 0 32410772 27068 0 5560 59048 137442 3141438 1763761 245261 804485363 757106844 0 1112383822 0 32.704147 15 15 19995 15000 14 47 120 160000 250000 104 138632 109436 12 16000 25000 12 16000 25000 1422
1790084218083998 10 0 0 10 10 10 0 0 0 0 0 0 1486 104 99 5 1800 314 210 0 210 0 0 0 32410772 27342 0 5612 59048 137450 3141441 1763803 245261 804485363 782388459 0 1112383822 0 32.703871 14 14 18662 14000 13 42 120 160000 250000 104 138632 105431 12 16000 25000 12 16000 25000 1416
1790084218084262 10 0 0 10 10 10 0 0 0 0 0 0 1486 103 99 4 1800 314 211 0 211 0 0 0 32410772 27419 0 5629 59048 137482 3141444 1763939 245261 804485363 783716026 0 1112383822 0 32.703793 14 14 18662 14000 10 40 120 160000 250000 103 137299 104427 12 16000 25000 12 16000 25000 1415
1790084218084411 10 0 0 10 10 10 0 0 0 0 0 0 1486 102 99 3 1800 314 212 0 212 0 0 0 32410772 27504 0 5646 59048 137490 3141447 1763976 245261 804485363 789129871 0 1112383822 0 32.703707 13 13 17329 13000 3 38 120 160000 250000 99 131967 103419 12 16000 25000 12 16000 25000 1413
1790084218084691 10 0 0 10 10 10 0 0 0 0 0 0 1486 99 99 0 1800 314 215 0 215 0 0 0 32410772 27717 0 5687 59048 137497 3141451 1764017 245261 804485363 804485363 0 1112383822 0 32.703492 14 14 18662 14000 52 39 120 160000 250000 99 131967 100415 12 16000 25000 12 16000 25000 1409
1790084218861218 10 0 0 10 10 10 0 0 0 0 0 0 1465 119 99 20 1800 335 216 0 216 0 0 0 33186000 27807 0 5705 60083 137533 3141461 1764122 247137 893776920 808748931 0 1144322421 0 32.857146 14 14 18662 14000 8 37 120 160000 250000 117 155961 120655 12 16000 25000 12 16000 25000 1582
1790084218861495 10 0 0 10 10 10 0 0 0 0 0 0 1465 117 99 18 1800 335 218 0 218 0 0 0 33186000 27960 0 5736 60083 137540 3141465 1764217 247137 893776920 816749860 0 1144322421 0 32.856995 13 13 17329 13000 8 34 120 160000 250000 117 155961 118652 12 16000 25000 12 16000 25000 1579
1790084218861698 10 0 0 10 10 10 0 0 0 0 0 0 1465 116 99 17 1800 335 219 0 219 0 0 0 33186000 28041 0 5753 60083 137557 3141468 1764304 247137 893776920 821812985 0 1144322421 0 32.856914 13 13 17329 13000 48 36 120 160000 250000 115 153295 117645 12 16000 25000 12 16000 25000 1578
1790084218861842 10 0 0 10 10 10 0 0 0 0 0 0 1465 115 99 16 1800 335 220 0 220 0 0 0 33186000 28118 0 5770 60083 137565 3141471 1764344 247137 893776920 826953276 0 1144322421 0 32.856838 13 13 17329 13000 27 36 120 160000 250000 115 153295 116643 12 16000 25000 12 16000 25000 1576
1790084218861987 10 0 0 10 10 10 0 0 0 0 0 0 1465 114 99 15 1800 335 221 0 221 0 0 0 33186000 28199 0 5788 60083 137572 3141474 1764382 247137 893776920 831294011 0 1144322421 0 32.856758 13 13 17329 13000 22 36 120 160000 250000 112 149296 115636 12 16000 25000 12 16000 25000 1575
1790084218862193 10 0 0 10 10 10 0 0 0 0 0 0 1465 112 99 13 1800 335 223 0 223 0 0 0 33186000 28340 0 5817 60083 137579 3141477 1764422 247137 893776920 841025109 0 1144322421 0 32.856619 13 13 17329 13000 28 36 120 160000 250000 112 149296 113633 12 16000 25000 12 16000 25000 1572
1790084218862387 10 0 0 10 10 10 0 0 0 0 0 0 1465 111 99 12 1800 335 224 0 224 0 0 0 33186000 28416 0 5834 60083 137595 3141481 1764498 247137 893776920 845241877 0 1144322421 0 32.856543 14 14 18662 14000 28 36 120 160000 250000 110 146630 112626 12 16000 25000 12 16000 25000 1571
1790084218862533 10 0 0 10 10 10 0 0 0 0 0 0 1465 110 99 11 1800 335 225 0 225 0 0 0 33186000 28493 0 5852 60083 137602 3141484 1764541 247137 893776920 848835745 0 1144322421 0 32.856467 13 13 17329 13000 6 34 120 160000 250000 110 146630 111625 12 16000 25000 12 16000 25000 1570
1790084218862678 10 0 0 10 10 10 0 0 0 0 0 0 1465 109 99 10 1800 335 226 0 226 0 0 0 33186000 28573 0 5868 60083 137609 3141487 1764580 247137 893776920 854406429 0 1144322421 0 32.856388 14 14 18662 14000 16 34 120 160000 250000 109 145297 110620 12 16000 25000 12 16000 25000 1568
1790084218862829 10 0 0 10 10 10 0 0 0 0 0 0 1465 108 99 9 1800 335 227 0 227 0 0 0 33186000 28654 0 5886 60083 137616 3141490 1764624 247137 893776920 855896659 0 1144322421 0 32.856308 14 14 18662 14000 13 32 120 160000 250000 108 143964 109611 12 16000 25000 12 16000 25000 1567
1790084218862975 10 0 0 10 10 10 0 0 0 0 0 0 1465 107 99 8 1800 335 228 0 228 0 0 0 33186000 28731 0 5904 60084 137622 3141493 1764666 247137 893776920 860258440 0 1144322421 0 32.856232 14 14 18662 14000 3 30 120 160000 250000 105 139965 108601 12 16000 25000 12 16000 25000 1565
1790084218863182 10 0 0 10 10 10 0 0 0 0 0 0 1465 105 99 6 1800 335 230 0 230 0 0 0 33186000 28871 0 5933 60084 137629 3141497 1764707 247137 893776920 867242439 0 1144322421 0 32.856093 14 14 18662 14000 77 35 120 160000 250000 105 139965 106598 12 16000 25000 12 16000 25000 1563
1790084218863375 10 0 0 10 10 10 0 0 0 0 0 0 1465 104 99 5 1800 335 231 0 231 0 0 0 33186000 28948 0 5950 60084 137645 3141500 1764788 247137 893776920 873841425 0 1144322421 0 32.856017 14 14 18662 14000 69 39 120 160000 250000 104 138632 105585 12 16000 25000 12 16000 25000 1561
1790084218863523 10 0 0 10 10 10 0 0 0 0 0 0 1465 103 99 4 1800 335 232 0 232 0 0 0 33186000 29026 0 5969 60084 137653 3141503 1764826 247137 893776920 876358138 0 1144322421 0 32.855940 14 14 18662 14000 45 41 120 160000 250000 103 137299 104581 12 16000 25000 12 16000 25000 1560
1790084218863675 10 0 0 10 10 10 0 0 0 0 0 0 1465 102 99 3 1800 335 233 0 233 0 0 0 33186000 29112 0 5986 60084 137659 3141507 1764865 247137 893776920 877861842 0 1144322421 0 32.855855 14 14 18662 14000 10 39 120 160000 250000 99 131967 103564 12 16000 25000 12 16000 25000 1558
1790084218863952 10 0 0 10 10 10 0 0 0 0 0 0 1465 99 99 0 1800 335 236 0 236 0 0 0 33186000 29318 0 6027 60085 137665 3141510 1764908 247137 893776920 893776920 0 1144322421 0 32.855651 13 13 17329 13000 8 35 120 160000 250000 99 131967 100560 12 16000 25000 12 16000 25000 1554
1790084219428926 10 0 0 10 10 10 0 0 0 0 0 0 1444 119 109 10 1800 356 237 0 237 0 0 0 33750023 29410 0 6046 60780 137698 3141520 1765013 249026 933224145 897299348 0 1176285709 0 33.209364 13 13 17329 13000 8 33 120 160000 250000 119 158627 120699 12 16000 25000 12 16000 25000 1646
1790084219429131 10 0 0 10 10 10 0 0 0 0 0 0 1444 118 109 9 1800 356 238 0 238 0 0 0 33750023 29491 0 6066 60780 137706 3141523 1765108 249026 933224145 901658114 0 1176285709 0 33.209284 13 13 17329 13000 48 35 120 160000 250000 118 157294 119691 12 16000 25000 12 16000 25000 1645
1790084219429276 10 0 0 10 10 10 0 0 0 0 0 0 1444 117 109 8 1800 356 239 0 239 0 0 0 33750023 29569 0 6085 60780 137713 3141527 1765149 249026 933224145 906003370 0 1176285709 0 33.209207 13 13 17329 13000 32 35 120 160000 250000 116 154628 118682 12 16000 25000 12 16000 25000 1643
1790084219429437 10 0 0 10 10 10 0 0 0 0 0 0 1444 116 109 7 1800 356 240 0 240 0 0 0 33750023 29656 0 6101 60780 137720 3141531 1765196 249026 933224145 909498400 0 1176285709 0 33.209122 13 13 17329 13000 9 33 120 160000 250000 116 154628 117681 12 16000 25000 12 16000 25000 1642
1790084219429587 10 0 0 10 10 10 0 0 0 0 0 0 1444 115 109 6 1800 356 241 0 241 0 0 0 33750023 29733 0 6119 60780 137727 3141534 1765242 249026 933224145 914890188 0 1176285709 0 33.209046 12 12 15996 12000 8 31 120 160000 250000 115 153295 116677 12 16000 25000 12 16000 25000 1641
1790084219429730 10 0 0 10 10 10 0 0 0 0 0 0 1444 114 109 5 1800 356 242 0 242 0 0 0 33750023 29809 0 6137 60780 137734 3141537 1765282 249026 933224145 919319236 0 1176285709 0 33.208971 12 12 15996 12000 11 30 120 160000 250000 113 150629 115666 12 16000 25000 12 16000 25000 1640
1790084219429871 10 0 0 10 10 10 0 0 0 0 0 0 1444 113 109 4 1800 356 243 0 243 0 0 0 33750023 29882 0 6152 60781 137740 3141540 1765323 249026 933224145 923612728 0 1176285709 0 33.208899 12 12 15996 12000 9 28 120 160000 250000 113 150629 114665 12 16000 25000 12 16000 25000 1638
1790084219430019 10 0 0 10 10 10 0 0 0 0 0 0 1444 112 109 3 1800 356 244 0 244 0 0 0 33750023 29959 0 6169 60781 137750 3141543 1765365 249026 933224145 930369948 0 1176285709 0 33.208824 11 11 14663 11000 14 28 120 160000 250000 112 149296 113660 12 16000 25000 12 16000 25000 1637
1790084219430159 10 0 0 10 10 10 0 0 0 0 0 0 1444 111 109 2 1800 356 245 0 245 0 0 0 33750023 30035 0 6186 60781 137757 3141546 1765404 249026 933224145 931364442 0 1176285709 0 33.208749 11 11 14663 11000 18 28 120 160000 250000 109 145297 112648 12 16000 25000 12 16000 25000 1635
1790084219430373 10 0 0 10 10 10 0 0 0 0 0 0 1444 109 109 0 1800 356 247 0 247 0 0 0 33750023 30181 0 6215 60781 137764 3141548 1765447 249026 933224145 933224145 0 1176285709 0 33.208606 11 11 14663 11000 3 27 120 160000 250000 109 145297 110645 12 16000 25000 12 16000 25000 1632
1790084219847257 10 0 0 10 10 10 0 0 0 0 0 0 1433 119 107 12 1800 367 248 0 248 0 0 0 34166060 30268 0 6233 61408 137783 3141558 1765527 250843 989376884 937474326 0 1192890179 0 33.267570 11 11 14663 11000 192 44 120 160000 250000 119 158627 120784 12 16000 25000 12 16000 25000 1739
1790084219847471 10 0 0 10 10 10 0 0 0 0 0 0 1433 118 107 11 1800 367 249 0 249 0 0 0 34166060 30364 0 6266 61408 137792 3141561 1765616 250843 989376884 942789493 0 1192890179 0 33.267476 12 12 15996 12000 16 42 120 160000 250000 114 151962 119773 12 16000 25000 12 16000 25000 1737
1790084219847815 10 0 0 10 10 10 0 0 0 0 0 0 1433 114 107 7 1800 367 253 0 253 0 0 0 34166060 30639 0 6319 61408 137799 3141565 1765659 250843 989376884 963007507 0 1192890179 0 33.267209 12 12 15996 12000 25 39 120 160000 250000 114 151962 115768 12 16000 25000 12 16000 25000 1731
1790084219848097 10 0 0 10 10 10 0 0 0 0 0 0 1433 113 107 6 1800 367 254 0 254 0 0 0 34166060 30717 0 6337 61408 137834 3141568 1765807 250843 989376884 968366671 0 1192890179 0 33.267133 13 13 17329 13000 38 39 120 160000 250000 113 150629 114763 12 16000 25000 12 16000 25000 1730
1790084219848245 10 0 0 10 10 10 0 0 0 0 0 0 1433 112 107 5 1800 367 255 0 255 0 0 0 34166060 30797 0 6354 61408 137840 3141571 1765848 250843 989376884 968779000 0 1192890179 0 33.267055 13 13 17329 13000 41 41 120 160000 250000 111 147963 113754 12 16000 25000 12 16000 25000 1728
1790084219848407 10 0 0 10 10 10 0 0 0 0 0 0 1433 111 107 4 1800 367 256 0 256 0 0 0 34166060 30872 0 6371 61408 137863 3141575 1765892 250843 989376884 973097925 0 1192890179 0 33.266982 13 13 17329 13000 5 39 120 160000 250000 111 147963 112753 12 16000 25000 12 16000 25000 1727
1790084219848555 10 0 0 10 10 10 0 0 0 0 0 0 1433 110 107 3 1800 367 257 0 257 0 0 0 34166060 30950 0 6390 61408 137871 3141578 1765936 250843 989376884 974749052 0 1192890179 0 33.266906 13 13 17329 13000 59 41 120 160000 250000 109 145297 111748 12 16000 25000 12 16000 25000 1725
1790084219848695 10 0 0 10 10 10 0 0 0 0 0 0 1433 109 107 2 1800 367 258 0 258 0 0 0 34166060 31024 0 6406 61408 137877 3141581 1765976 250843 989376884 979195627 0 1192890179 0 33.266834 13 13 17329 13000 7 39 120 160000 250000 109 145297 110746 12 16000 25000 12 16000 25000 1724
1790084219848841 10 0 0 10 10 10 0 0 0 0 0 0 1433 108 107 1 1800 367 259 0 259 0 0 0 34166060 31104 0 6422 61408 137884 3141584 1766018 250843 989376884 982782681 0 1192890179 0 33.266756 13 13 17329 13000 25 39 120 160000 250000 108 143964 109739 12 16000 25000 12 16000 25000 1722
1790084219848987 10 0 0 10 10 10 0 0 0 0 0 0 1433 107 107 0 1800 367 260 0 260 0 0 0 34166060 31182 0 6440 61408 137891 3141587 1766061 250843 989376884 989376884 0 1192890179 0 33.266681 13 13 17329 13000 11 37 120 160000 250000 107 142631 108735 12 16000 25000 12 16000 25000 1721
1790084220094575 10 0 0 10 10 10 0 0 0 0 0 0 1420 119 111 8 1800 380 261 0 261 0 0 0 34410956 31271 0 6458 61935 137900 3141598 1766100 252481 1028020254 992852282 0 1212320592 0 33.568068 14 14 18662 14000 395 72 120 160000 250000 119 158627 120855 12 16000 25000 12 16000 25000 1805
1790084220094772 10 0 0 10 10 10 0 0 0 0 0 0 1420 118 111 7 1800 380 262 0 262 0 0 0 34410956 31351 0 6477 61935 137907 3141602 1766189 252481 1028020254 998543725 0 1212320592 0 33.567990 14 14 18662 14000 17 68 120 160000 250000 117 155961 119848 12 16000 25000 12 16000 25000 1804
1790084220094921 10 0 0 10 10 10 0 0 0 0 0 0 1420 117 111 6 1800 380 263 0 263 0 0 0 34410956 31432 0 6499 61935 137914 3141605 1766231 252481 1028020254 1004177237 0 1212320592 0 33.567911 14 14 18662 14000 28 65 120 160000 250000 117 155961 118846 12 16000 25000 12 16000 25000 1802
1790084220095071 10 0 0 10 10 10 0 0 0 0 0 0 1420 116 111 5 1800 380 264 0 264 0 0 0 34410956 31507 0 6516 61935 137921 3141608 1766276 252481 1028020254 1008557387 0 1212320592 0 33.567838 14 14 18662 14000 54 65 120 160000 250000 113 150629 117835 12 16000 25000 12 16000 25000 1801
1790084220095350 10 0 0 10 10 10 0 0 0 0 0 0 1420 113 111 2 1800 380 267 0 267 0 0 0 34410956 31719 0 6556 61935 137928 3141610 1766317 252481 1028020254 1021499731 0 1212320592 0 33.567631 15 15 19995 15000 37 59 120 160000 250000 113 150629 114831 12 16000 25000 12 16000 25000 1796
1790084220095590 10 0 0 10 10 10 0 0 0 0 0 0 1420 112 111 1 1800 380 268 0 268 0 0 0 34410956 31797 0 6573 61935 137953 3141614 1766434 252481 1028020254 1025919413 0 1212320592 0 33.567555 15 15 19995 15000 84 63 120 160000 250000 112 149296 113824 12 16000 25000 12 16000 25000 1795
1790084220095735 10 0 0 10 10 10 0 0 0 0 0 0 1420 111 111 0 1800 380 269 0 269 0 0 0 34410956 31875 0 6591 61935 137960 3141617 1766475 252481 1028020254 1028020254 0 1212320592 0 33.567479 15 15 19995 15000 19 59 120 160000 250000 111 147963 112816 12 16000 25000 12 16000 25000 1793
1790084220504742 10 0 0 10 10 10 0 0 0 0 0 0 1411 119 109 10 1800 389 270 0 270 0 0 0 34819244 31962 0 6608 62482 137971 3141627 1766515 253843 1068957482 1032304881 0 1226239069 0 33.555014 15 15 19995 15000 12 55 120 160000 250000 118 157294 120919 12 16000 25000 12 16000 25000 1873
1790084220504935 10 0 0 10 10 10 0 0 0 0 0 0 1411 118 109 9 1800 389 271 0 271 0 0 0 34819244 32044 0 6629 62482 137978 3141631 1766598 253843 1068957482 1036584865 0 1226239069 0 33.554935 15 15 19995 15000 12 51 120 160000 250000 118 157294 119917 12 16000 25000 12 16000 25000 1871
1790084220505077 10 0 0 10 10 10 0 0 0 0 0 0 1411 117 109 8 1800 389 272 0 272 0 0 0 34819244 32119 0 6645 62482 137986 3141634 1766639 253843 1068957482 1038659435 0 1226239069 0 33.554863 15 15 19995 15000 12 49 120 160000 250000 115 153295 118907 12 16000 25000 12 16000 25000 1870
1790084220505292 10 0 0 10 10 10 0 0 0 0 0 0 1411 115 109 6 1800 389 274 0 274 0 0 0 34819244 32263 0 6675 62482 137993 3141637 1766684 253843 1068957482 1049453274 0 1226239069 0 33.554724 16 16 21328 16000 74 51 120 160000 250000 115 153295 116904 12 16000 25000 12 16000 25000 1867
1790084220505495 10 0 0 10 10 10 0 0 0 0 0 0 1411 114 109 5 1800 389 275 0 275 0 0 0 34819244 32340 0 6692 62482 138016 3141640 1766769 253843 1068957482 1049889262 0 1226239069 0 33.554650 16 16 21328 16000 32 51 120 160000 250000 114 151962 115892 12 16000 25000 12 16000 25000 1865
1790084220505640 10 0 0 10 10 10 0 0 0 0 0 0 1411 113 109 4 1800 389 276 0 276 0 0 0 34819244 32416 0 6709 62482 138023 3141643 1766813 253843 1068957482 1053336186 0 1226239069 0 33.554577 16 16 21328 16000 9 47 120 160000 250000 113 150629 114887 12 16000 25000 12 16000 25000 1864
1790084220505786 10 0 0 10 10 10 0 0 0 0 0 0 1411 112 109 3 1800 389 277 0 277 0 0 0 34819244 32495 0 6727 62482 138030 3141646 1766856 253843 1068957482 1053901603 0 1226239069 0 33.554501 17 17 22661 17000 68 50 120 160000 250000 110 146630 113883 12 16000 25000 12 16000 25000 1862
1790084220506004 10 0 0 10 10 10 0 0 0 0 0 0 1411 110 109 1 1800 389 279 0 279 0 0 0 34819244 32646 0 6759 62482 138037 3141649 1766897 253843 1068957482 1062434082 0 1226239069 0 33.554355 16 16 21328 16000 16 45 120 160000 250000 110 146630 111880 12 16000 25000 12 16000 25000 1860
1790084220506193 10 0 0 10 10 10 0 0 0 0 0 0 1411 109 109 0 1800 389 280 0 280 0 0 0 34819244 32724 0 6777 62482 138053 3141652 1766971 253843 1068957482 1068957482 0 1226239069 0 33.554280 15 15 19995 15000 14 43 120 160000 250000 109 145297 110876 12 16000 25000 12 16000 25000 1858
1790084220820565 10 0 0 10 10 10 0 0 0 0 0 0 1400 119 114 5 1800 400 281 0 281 0 0 0 35133048 32812 0 6796 62885 138063 3141663 1767010 255304 1088897131 1073324852 0 1242933771 0 33.707522 15 15 19995 15000 28 43 120 160000 250000 118 157294 120945 12 16000 25000 12 16000 25000 1902
1790084220820756 10 0 0 10 10 10 0 0 0 0 0 0 1400 118 114 4 1800 400 282 0 282 0 0 0 35133048 32892 0 6815 62885 138073 3141667 1767090 255304 1088897131 1075107443 0 1242933771 0 33.707446 16 16 21328 16000 87 49 120 160000 250000 118 157294 119943 12 16000 25000 12 16000 25000 1900
1790084220820910 10 0 0 10 10 10 0 0 0 0 0 0 1400 117 114 3 1800 400 283 0 283 0 0 0 35133048 32972 0 6835 62885 138080 3141670 1767138 255304 1088897131 1080201212 0 1242933771 0 33.707369 16 16 21328 16000 12 47 120 160000 250000 117 155961 118930 12 16000 25000 12 16000 25000 1899
1790084220821051 10 0 0 10 10 10 0 0 0 0 0 0 1400 116 114 2 1800 400 284 0 284 0 0 0 35133048 33046 0 6852 62886 138087 3141673 1767178 255304 1088897131 1080854332 0 1242933771 0 33.707298 17 17 22661 17000 18 45 120 160000 250000 116 154628 117921 12 16000 25000 12 16000 25000 1897
1790084220821195 10 0 0 10 10 10 0 0 0 0 0 0 1400 115 114 1 1800 400 285 0 285 0 0 0 35133048 33124 0 6870 62886 138094 3141676 1767219 255304 1088897131 1086345478 0 1242933771 0 33.707223 18 18 23994 18000 44 45 120 160000 250000 115 153295 116917 12 16000 25000 12 16000 25000 1896
1790084220821346 10 0 0 10 10 10 0 0 0 0 0 0 1400 114 114 0 1800 400 286 0 286 0 0 0 35133048 33204 0 6889 62886 138101 3141679 1767261 255304 1088897131 1088897131 0 1242933771 0 33.707147 19 19 25327 19000 19 43 120 160000 250000 114 151962 115912 12 16000 25000 12 16000 25000 1895
1790084221058138 10 0 0 10 10 10 0 0 0 0 0 0 1394 119 114 5 1800 406 287 0 287 0 0 0 35369358 33291 0 6907 63190 138110 3141691 1767312 256536 1105257020 1090933333 0 1252127780 0 33.729739 18 18 23994 18000 26 43 120 160000 250000 119 158627 120967 12 16000 25000 12 16000 25000 1931
1790084221058338 10 0 0 10 10 10 0 0 0 0 0 0 1394 118 114 4 1800 406 288 0 288 0 0 0 35369358 33368 0 6923 63206 138117 3141695 1767391 256536 1105257020 1091907693 0 1252127780 0 33.729665 18 18 23994 18000 8 41 120 160000 250000 118 157294 119964 12 16000 25000 12 16000 25000 1930
1790084221058498 10 0 0 10 10 10 0 0 0 0 0 0 1394 117 114 3 1800 406 289 0 289 0 0 0 35369358 33452 0 6942 63206 138124 3141698 1767441 256536 1105257020 1092269070 0 1252127780 0 33.729585 18 18 23994 18000 12 39 120 160000 250000 117 155961 118959 12 16000 25000 12 16000 25000 1928
1790084221058658 10 0 0 10 10 10 0 0 0 0 0 0 1394 116 114 2 1800 406 290 0 290 0 0 0 35369358 33530 0 6960 63217 138131 3141701 1767486 256536 1105257020 1096615057 0 1252127780 0 33.729511 18 18 23994 18000 2 37 120 160000 250000 115 153295 117952 12 16000 25000 12 16000 25000 1927
1790084221058804 10 0 0 10 10 10 0 0 0 0 0 0 1394 115 114 1 1800 406 291 0 291 0 0 0 35369358 33608 0 6979 63217 138138 3141704 1767529 256536 1105257020 1100932072 0 1252127780 0 33.729437 19 19 25327 19000 44 39 120 160000 250000 115 153295 116950 12 16000 25000 12 16000 25000 1925
1790084221058948 10 0 0 10 10 10 0 0 0 0 0 0 1394 114 114 0 1800 406 292 0 292 0 0 0 35369358 33686 0 6997 63217 138145 3141707 1767568 256536 1105257020 1105257020 0 1252127780 0 33.729362 20 20 26660 20000 63 43 120 160000 250000 114 151962 115941 12 16000 25000 12 16000 25000 1924
1790084221267639 10 0 0 10 10 10 0 0 0 0 0 0 1388 119 114 5 1800 412 293 0 293 0 0 0 35577580 33772 0 7014 63529 138153 3141716 1767606 257663 1122131959 1107124152 0 1261380927 0 33.779863 20 20 26660 20000 23 42 120 160000 250000 119 158627 120992 12 16000 25000 12 16000 25000 1961
1790084221267836 10 0 0 10 10 10 0 0 0 0 0 0 1388 118 114 4 1800 412 294 0 294 0 0 0 35577580 33851 0 7031 63545 138160 3141720 1767681 257663 1122131959 1107825296 0 1261380927 0 33.779788 20 20 26660 20000 29 42 120 160000 250000 118 157294 119990 12 16000 25000 12 16000 25000 1960
1790084221267978 10 0 0 10 10 10 0 0 0 0 0 0 1388 117 114 3 1800 412 295 0 295 0 0 0 35577580 33927 0 7048 63545 138167 3141723 1767722 257663 1122131959 1112178662 0 1261380927 0 33.779716 20 20 26660 20000 3 40 120 160000 250000 116 154628 118981 12 16000 25000 12 16000 25000 1958
1790084221268130 10 0 0 10 10 10 0 0 0 0 0 0 1388 116 114 2 1800 412 296 0 296 0 0 0 35577580 34004 0 7062 63555 138174 3141727 1767760 257663 1122131959 1116428030 0 1261380927 0 33.779643 21 21 27993 21000 19 38 120 160000 250000 116 154628 117979 12 16000 25000 12 16000 25000 1957
1790084221268279 10 0 0 10 10 10 0 0 0 0 0 0 1388 115 114 1 1800 412 297 0 297 0 0 0 35577580 34081 0 7080 63555 138185 3141730 1767801 257663 1122131959 1120719301 0 1261380927 0 33.779570 21 21 27993 21000 42 40 120 160000 250000 115 153295 116973 12 16000 25000 12 16000 25000 1955
1790084221268442 10 0 0 10 10 10 0 0 0 0 0 0 1388 114 114 0 1800 412 298 0 298 0 0 0 35577580 34166 0 7098 63555 138206 3141734 1767839 257663 1122131959 1122131959 0 1261380927 0 33.779489 21 21 27993 21000 124 49 120 160000 250000 114 151962 115970 12 16000 25000 12 16000 25000 1954
1790084221363251 10 0 0 10 10 10 0 0 0 0 0 0 1382 119 119 0 1800 418 299 0 299 0 0 0 35672060 34258 0 7118 63700 138223 3141751 1767877 258986 1122588962 1122588962 0 1270360096 0 33.929844 21 21 27993 21000 6 45 120 160000 250000 119 158627 120985 12 16000 25000 12 16000 25000 1961
1790084221379679 10 0 0 10 10 10 0 0 0 0 0 0 1381 119 119 0 1800 419 300 0 300 0 0 0 35688100 34362 0 7136 63802 138251 3141788 1767973 260691 1124062540 1124062540 0 1271884978 0 33.955219 21 21 27993 21000 8 43 120 160000 250000 119 158627 120987 12 16000 25000 12 16000 25000 1964
1790084221517670 10 0 0 10 10 10 0 0 0 0 0 0 1380 119 119 0 1800 420 301 0 301 0 0 0 35694585 34458 0 7155 63912 138279 3272933 1768066 263194 1125873397 1125873397 0 1273441343 0 33.990507 21 21 27993 21000 34 43 120 160000 250000 119 158627 120989 12 16000 25000 12 16000 25000 1967
1790084221588461 10 0 0 10 10 10 0 0 0 0 0 0 1379 119 119 0 1800 421 302 0 302 0 0 0 35702160 34558 0 7173 63999 138306 3335799 1768173 265620 1131266737 1131266737 0 1275000129 0 34.024805 21 21 27993 21000 440 100 120 160000 250000 119 158627 120996 12 16000 25000 12 16000 25000 1974
1790084221611618 10 0 0 10 10 10 0 0 0 0 0 0 1378 119 119 0 1800 422 303 0 303 0 0 0 35725046 34644 0 7189 64056 138315 3335806 1768267 266400 1132036462 1132036462 0 1276549415 0 34.044266 21 21 27993 21000 65 98 120 160000 250000 119 158627 120998 12 16000 25000 12 16000 25000 1975
1790084221645196 10 0 0 10 10 10 0 0 0 0 0 0 1377 119 119 0 1800 423 304 0 304 0 0 0 35731118 34740 0 7211 64183 138341 3362974 1768332 268764 1137445882 1137445882 0 1278116709 0 34.080186 21 21 27993 21000 31 92 120 160000 250000 119 158627 121006 12 16000 25000 12 16000 25000 1983
1790084221678434 10 0 0 10 10 10 0 0 0 0 0 0 1376 119 119 0 1800 424 305 0 305 0 0 0 35764071 34831 0 7227 64245 138349 3362982 1768428 269496 1137970799 1137970799 0 1279635616 0 34.089191 22 22 29326 22000 157 100 120 160000 250000 119 158627 121006 12 16000 25000 12 16000 25000 1984
1790084221719507 10 0 0 10 10 10 0 0 0 0 0 0 1375 119 119 0 1800 425 306 0 306 0 0 0 35780351 34922 0 7243 64376 138388 3387428 1768490 271786 1142283287 1142283287 0 1281197588 0 34.115201 21 21 27993 21000 11 92 120 160000 250000 119 158627 121015 12 16000 25000 12 16000 25000 1992
1790084221752482 10 0 0 10 10 10 0 0 0 0 0 0 1374 119 118 1 1800 426 307 0 307 0 0 0 35805904 35025 0 7268 64530 138418 3394440 1768587 274023 1150089180 1146791191 0 1282758493 0 34.132314 23 23 30659 23000 889 170 120 160000 250000 119 158627 121030 12 16000 25000 12 16000 25000 2005
1790084221752678 10 0 0 10 10 10 0 0 0 0 0 0 1374 118 118 0 1800 426 308 0 308 0 0 0 35805904 35103 0 7286 64530 138425 3394444 1768678 274023 1150089180 1150089180 0 1282758493 0 34.132239 23 23 30659 23000 139 168 120 160000 250000 118 157294 120025 12 16000 25000 12 16000 25000 2003
1790084221766932 10 0 0 10 10 10 0 0 0 0 0 0 1372 119 119 0 1800 428 309 0 309 0 0 0 35819936 35182 0 7300 64600 138435 3394451 1768718 274713 1154392371 1154392371 0 1285825244 0 34.200376 24 24 31992 24000 52 158 120 160000 250000 119 158627 121034 12 16000 25000 12 16000 25000 2013
1790084221799166 10 0 0 10 10 10 0 0 0 0 0 0 1371 119 119 0 1800 429 310 0 310 0 0 0 35851926 35261 0 7315 64675 138443 3394458 1768776 275342 1161129907 1161129907 0 1287093929 0 34.203528 23 23 30659 23000 72 150 120 160000 250000 119 158627 121044 12 16000 25000 12 16000 25000 2021
1790084221831375 10 0 0 10 10 10 0 0 0 0 0 0 1370 119 118 1 1800 430 311 0 311 0 0 0 35883876 35345 0 7332 64764 138451 3394466 1768829 275967 1167865804 1162450403 0 1288603861 0 34.213114 24 24 31992 24000 485 183 120 160000 250000 119 158627 121055 12 16000 25000 12 16000 25000 2032
1790084221831554 10 0 0 10 10 10 0 0 0 0 0 0 1370 118 118 0 1800 430 312 0 312 0 0 0 35883876 35426 0 7351 64764 138458 3394470 1768893 275967 1167865804 1167865804 0 1288603861 0 34.213037 24 24 31992 24000 46 171 120 160000 250000 118 157294 120050 12 16000 25000 12 16000 25000 2031
1790084221866191 10 0 0 10 10 10 0 0 0 0 0 0 1368 119 118 1 1800 432 313 0 313 0 0 0 35918241 35510 0 7366 64880 138466 3394478 1768933 276567 1181219942 1174611819 0 1291677079 0 34.261773 25 25 33325 25000 111 166 120 160000 250000 118 157294 121070 12 16000 25000 12 16000 25000 2048
1790084221866353 10 0 0 10 10 10 0 0 0 0 0 0 1368 118 118 0 1800 432 314 0 314 0 0 0 35918241 35588 0 7384 64880 138473 3394482 1768990 276567 1181219942 1181219942 0 1291677079 0 34.261699 25 25 33325 25000 110 162 120 160000 250000 118 157294 120068 12 16000 25000 12 16000 25000 2047
1790084221948043 10 0 0 10 10 10 0 0 0 0 0 0 1366 119 119 0 1800 434 315 0 315 0 0 0 35936991 35693 0 7411 65018 138505 3457083 1769036 278533 1187777982 1187777982 0 1294440487 0 34.317001 26 26 34658 26000 45 152 120 160000 250000 119 158627 121080 12 16000 25000 12 16000 25000 2056
1790084221956364 10 0 0 10 10 10 0 0 0 0 0 0 1365 119 119 0 1800 435 316 0 316 0 0 0 35942479 35792 0 7431 65132 138535 3459550 1769127 280454 1188674517 1188674517 0 1295705202 0 34.345196 27 27 35991 27000 270 164 120 160000 250000 119 158627 121080 12 16000 25000 12 16000 25000 2057
1790084222103019 10 0 0 10 10 10 0 0 0 0 0 0 1364 119 119 0 1800 436 317 0 317 0 0 0 35948485 35886 0 7448 65252 138568 3599832 1769224 282314 1192390675 1192390675 0 1297272206 0 34.380903 26 26 34658 26000 161 164 120 160000 250000 119 158627 121087 12 16000 25000 12 16000 25000 2064
1790084222147414 10 0 0 10 10 10 0 0 0 0 0 0 1364 118 118 0 1800 436 318 0 318 0 0 0 35952031 36005 0 7473 65334 138598 3640326 1769324 284096 1193484728 1193484728 0 1297272206 0 34.377402 27 27 35991 27000 102 159 120 160000 250000 118 157294 120085 12 16000 25000 12 16000 25000 2064
1790084222153696 10 0 0 10 10 10 0 0 0 0 0 0 1364 117 117 0 1800 436 319 0 319 0 0 0 35955525 36108 0 7491 65430 138626 3642787 1769402 285880 1200191526 1200191526 0 1297272206 0 34.373966 28 28 37324 28000 42 149 120 160000 250000 117 155961 119090 12 16000 25000 12 16000 25000 2071
1790084222167254 10 0 0 10 10 10 0 0 0 0 0 0 1364 116 116 0 1800 436 320 0 320 0 0 0 35959026 36213 0 7519 65509 138653 3652529 1769479 287663 1200614495 1200614495 0 1297272206 0 34.370523 30 30 39990 30000 1022 235 120 160000 250000 116 154628 118087 12 16000 25000 12 16000 25000 2070
1790084222175113 10 0 0 10 10 10 0 0 0 0 0 0 1364 115 115 0 1800 436 321 0 321 0 0 0 35962510 36318 0 7546 65602 138680 3656569 1769566 289448 1204132764 1204132764 0 1297272206 0 34.367096 31 31 41323 31000 18 215 120 160000 250000 115 153295 117090 12 16000 25000 12 16000 25000 2075
1790084222179538 10 0 0 10 10 10 0 0 0 0 0 0 1364 114 114 0 1800 436 322 0 322 0 0 0 35965996 36411 0 7563 65702 138709 3657181 1769648 291231 1210868496 1210868496 0 1297272206 0 34.363680 30 30 39990 30000 18 197 120 160000 250000 114 151962 116096 12 16000 25000 12 16000 25000 2082
1790084222185058 10 0 0 10 10 10 0 0 0 0 0 0 1364 113 113 0 1800 436 323 0 323 0 0 0 35969476 36502 0 7581 65793 138749 3658901 1769723 293013 1217651549 1217651549 0 1297272206 0 34.360272 31 31 41323 31000 151 193 120 160000 250000 113 150629 115103 12 16000 25000 12 16000 25000 2089
1790084222216577 10 0 0 10 10 10 0 0 0 0 0 0 1364 112 112 0 1800 436 324 0 324 0 0 0 35972974 36597 0 7600 65899 138776 3686594 1769799 294800 1221476057 1221476057 0 1297272206 0 34.356843 32 32 42656 32000 475 222 120 160000 250000 112 149296 114109 12 16000 25000 12 16000 25000 2094
1790084222254518 10 0 0 10 10 10 0 0 0 0 0 0 1364 111 111 0 1800 436 325 0 325 0 0 0 35976757 36691 0 7617 66008 138810 3720420 1769876 296797 1222461229 1222461229 0 1297272206 0 34.353145 33 33 43989 33000 516 251 120 160000 250000 111 147963 113107 12 16000 25000 12 16000 25000 2094
1790084222317497 10 0 0 10 10 10 0 0 0 0 0 0 1364 110 110 0 1800 436 326 0 326 0 0 0 35980299 36782 0 7635 66130 138836 3779516 1769956 298606 1222910452 1222910452 0 1297272206 0 34.349679 32 32 42656 32000 197 247 120 160000 250000 110 146630 112106 12 16000 25000 12 16000 25000 2093
1790084222365614 10 0 0 10 10 10 0 0 0 0 0 0 1364 109 109 0 1800 436 327 0 327 0 0 0 35983869 36875 0 7653 66230 138868 3823734 1770039 300450 1227873586 1227873586 0 1297272206 0 34.346186 35 35 46655 35000 100 233 120 160000 250000 109 145297 111112 12 16000 25000 12 16000 25000 2100
1790084222366752 10 0 0 10 10 10 0 0 0 0 0 0 1364 108 108 0 1800 436 328 0 328 0 0 0 35984750 36964 0 7666 66284 138877 3823740 1770117 300919 1232161611 1232161611 0 1297272206 0 34.345261 37 37 49321 37000 848 294 120 160000 250000 108 143964 110119 12 16000 25000 12 16000 25000 2106
1790084222384803 10 0 0 10 10 10 0 0 0 0 0 0 1364 107 107 0 1800 436 329 0 329 0 0 0 35988350 37064 0 7693 66358 138906 3837921 1770160 302714 1233515661 1233515661 0 1297272206 0 34.341734 39 39 51987 39000 128 279 120 160000 250000 107 142631 109117 12 16000 25000 12 16000 25000 2106
1790084222394976 10 0 0 10 10 10 0 0 0 0 0 0 1364 106 106 0 1800 436 330 0 330 0 0 0 35991882 37157 0 7711 66454 138932 3844245 1770230 304513 1238962861 1238962861 0 1297272206 0 34.338279 39 39 51987 39000 11 254 120 160000 250000 106 141298 108122 12 16000 25000 12 16000 25000 2113
1790084222431081 10 0 0 10 10 10 0 0 0 0 0 0 1364 105 105 0 1800 436 331 0 331 0 0 0 35995421 37249 0 7728 66563 138959 3876490 1770301 306325 1243994234 1243994234 0 1297272206 0 34.334818 40 40 53320 40000 1374 364 120 160000 250000 105 139965 107129 12 16000 25000 12 16000 25000 2119
1790084222456844 10 0 0 10 10 10 0 0 0 0 0 0 1364 104 104 0 1800 436 332 0 332 0 0 0 35998964 37365 0 7759 66642 138988 3898388 1770377 308134 1250623082 1250623082 0 1297272206 0 34.331332 42 42 55986 42000 149 344 120 160000 250000 104 138632 106133 12 16000 25000 12 16000 25000 2126
1790084222486903 10 0 0 10 10 10 0 0 0 0 0 0 1364 103 103 0 1800 436 333 0 333 0 0 0 36002529 37459 0 7778 66787 139018 3924514 1770455 309944 1256100682 1256100682 0 1297272206 0 34.327847 44 44 58652 44000 72 319 120 160000 250000 103 137299 105139 12 16000 25000 12 16000 25000 2133
1790084222514449 10 0 0 10 10 10 0 0 0 0 0 0 1364 102 102 0 1800 436 334 0 334 0 0 0 36006085 37557 0 7796 66891 139048 3948170 1770531 311755 1260485300 1260485300 0 1297272206 0 34.324367 45 45 59985 45000 87 297 120 160000 250000 102 135966 104146 12 16000 25000 12 16000 25000 2140
1790084222602557 10 0 0 10 10 10 0 0 0 0 0 0 1364 101 101 0 1800 436 335 0 335 0 0 0 36009635 37663 0 7826 66969 139076 4032419 1770608 313570 1264807138 1264807138 0 1297272206 0 34.320885 48 48 63984 48000 99 279 120 160000 250000 101 134633 103151 12 16000 25000 12 16000 25000 2146
1790084222638374 10 0 0 10 10 10 0 0 0 0 0 0 1364 100 100 0 1800 436 336 0 336 0 0 0 36013172 37757 0 7845 67079 139105 4064367 1770684 315387 1268354541 1268354541 0 1297272206 0 34.317429 48 48 63984 48000 51 258 120 160000 250000 100 133300 102156 12 16000 25000 12 16000 25000 2152
1790084222665935 10 0 0 10 10 10 0 0 0 0 0 0 1364 99 99 0 1800 436 337 0 337 0 0 0 36016726 37850 0 7864 67178 139132 4088038 1770769 317184 1271909943 1271909943 0 1297272206 0 34.313957 52 52 69316 52000 545 287 120 160000 250000 99 131967 101161 12 16000 25000 12 16000 25000 2157
1790084222676531 10 0 0 10 10 10 0 0 0 0 0 0 1364 98 98 0 1800 436 338 0 338 0 0 0 36020271 37940 0 7883 67290 139159 4094763 1770845 319000 1278585236 1278585236 0 1297272206 0 34.310498 54 54 71982 54000 146 274 120 160000 250000 98 130634 100168 12 16000 25000 12 16000 25000 2164
1790084222748139 10 0 0 10 10 10 0 0 0 0 0 0 1364 97 97 0 1800 436 339 0 339 0 0 0 36023850 38034 0 7902 67430 139190 4162425 1770923 320821 1285258921 1285258921 0 1297272206 0 34.307004 61 61 81313 61000 154 263 120 160000 250000 97 129301 99174 12 16000 25000 12 16000 25000 2170
1790084222759420 10 0 0 10 10 10 0 0 0 0 0 0 1364 96 96 0 1800 436 340 0 340 0 0 0 36027437 38133 0 7920 67529 139230 4169769 1771012 322639 1291817309 1291817309 0 1297272206 0 34.303497 62 62 82646 62000 89 247 120 160000 250000 96 127968 98181 12 16000 25000 12 16000 25000 2177
1790084222782138 10 0 0 10 10 10 0 0 0 0 0 0 1364 95 95 0 1800 436 341 0 341 0 0 0 36031006 38228 0 7941 67638 139259 4188585 1771088 324454 1296209852 1296209852 0 1297272206 0 34.300013 64 64 85312 64000 997 321 120 160000 250000 95 126635 97188 12 16000 25000 12 16000 25000 2184
1790084222807883 10 0 0 10 10 10 0 0 0 0 0 0 1364 94 94 0 1800 436 342 0 342 0 0 0 36034580 38322 0 7960 67739 139288 4210432 1771165 326268 1300693297 1300693297 0 1297272206 0 34.296525 69 69 91977 69000 667 356 120 160000 250000 94 125302 96195 12 16000 25000 12 16000 25000 2191
1790084222853813 10 0 0 10 10 10 0 0 0 0 0 0 1364 93 93 0 1800 436 343 0 343 0 0 0 36038168 38413 0 7978 67857 139318 4252425 1771253 328082 1307349265 1307349265 0 1297272206 0 34.293027 70 70 93310 70000 99 332 120 160000 250000 93 123969 95201 12 16000 25000 12 16000 25000 2197
1790084222998180 10 0 0 10 10 10 0 0 0 0 0 0 1364 92 91 1 1800 436 344 0 344 0 0 0 36041786 38515 0 8003 67988 139345 4392799 1771329 329900 1319244087 1313887992 0 1297272206 0 34.289492 80 80 106640 80000 1307 428 120 160000 250000 91 121303 94214 12 16000 25000 12 16000 25000 2210
1790084222998371 10 0 0 10 10 10 0 0 0 0 0 0 1364 91 91 0 1800 436 345 0 345 0 0 0 36041786 38597 0 8020 67988 139353 4392802 1771410 329900 1319244087 1319244087 0 1297272206 0 34.289414 87 87 115971 87000 125 399 120 160000 250000 91 121303 93213 12 16000 25000 12 16000 25000 2209
1790084223095928 10 0 0 10 10 10 0 0 0 0 0 0 1364 90 90 0 1800 436 346 0 346 0 0 0 36045446 38698 0 8049 68082 139378 4486409 1771450 331703 1325798242 1325798242 0 1297272206 0 34.285840 87 87 115971 87000 47 366 120 160000 250000 90 119970 92219 12 16000 25000 12 16000 25000 2216
1790084223109945 10 0 0 10 10 10 0 0 0 0 0 0 1364 89 89 0 1800 436 347 0 347 0 0 0 36049400 38790 0 8067 68181 139407 4496152 1771521 333706 1332701869 1332701869 0 1297272206 0 34.281996 86 86 114638 86000 79 339 120 160000 250000 89 118637 91226 12 16000 25000 12 16000 25000 2223
1790084223134469 10 0 0 10 10 10 0 0 0 0 0 0 1364 88 88 0 1800 436 348 0 348 0 0 0 36052902 38885 0 8085 68277 139436 4516854 1771597 335525 1337753875 1337753875 0 1297272206 0 34.278579 99 99 131967 99000 841 389 120 160000 250000 88 117304 90233 12 16000 25000 12 16000 25000 2229
1790084223200577 10 0 0 10 10 10 0 0 0 0 0 0 1364 87 87 0 1800 436 349 0 349 0 0 0 36056467 38981 0 8101 68385 139460 4579069 1771675 337338 1342075776 1342075776 0 1297272206 0 34.275103 104 104 138632 104000 1057 455 120 160000 250000 87 115971 89240 12 16000 25000 12 16000 25000 2236
1790084223204959 10 0 0 10 10 10 0 0 0 0 0 0 1364 86 86 0 1800 436 350 0 350 0 0 0 36060048 39074 0 8118 68479 139487 4579553 1771752 339151 1343408642 1343408642 0 1297272206 0 34.271614 107 107 142631 107000 306 441 120 160000 250000 86 114638 88240 12 16000 25000 12 16000 25000 2236
1790084223283384 10 0 0 10 10 10 0 0 0 0 0 0 1364 85 85 0 1800 436 351 0 351 0 0 0 36063631 39178 0 8135 68579 139512 4654056 1771829 340973 1345449956 1345449956 0 1297272206 0 34.268114 107 107 142631 107000 269 425 120 160000 250000 85 113305 87241 12 16000 25000 12 16000 25000 2237
1790084223390927 10 0 0 10 10 10 0 0 0 0 0 0 1364 84 84 0 1800 436 352 0 352 0 0 0 36067225 39269 0 8153 68679 139542 4757675 1771909 342774 1349757304 1349757304 0 1297272206 0 34.264617 107 107 142631 107000 46 389 120 160000 250000 84 111972 86248 12 16000 25000 12 16000 25000 2244
1790084223464179 10 0 0 10 10 10 0 0 0 0 0 0 1364 83 83 0 1800 436 353 0 353 0 0 0 36070873 39364 0 8172 68781 139570 4826951 1771988 344595 1354132248 1354132248 0 1297272206 0 34.261065 106 106 141298 106000 51 357 120 160000 250000 83 110639 85255 12 16000 25000 12 16000 25000 2251
1790084223475934 10 0 0 10 10 10 0 0 0 0 0 0 1364 82 82 0 1800 436 354 0 354 0 0 0 36074521 39456 0 8190 68896 139601 4834712 1772070 346420 1356316379 1356316379 0 1297272206 0 34.257517 107 107 142631 107000 680 390 120 160000 250000 82 109306 84257 12 16000 25000 12 16000 25000 2252
1790084223531991 10 0 0 10 10 10 0 0 0 0 0 0 1364 81 81 0 1800 436 355 0 355 0 0 0 36078140 39547 0 8209 68990 139629 4886835 1772144 348229 1361676616 1361676616 0 1297272206 0 34.253998 110 110 146630 110000 348 386 120 160000 250000 81 107973 83262 12 16000 25000 12 16000 25000 2258
1790084223617002 10 0 0 10 10 10 0 0 0 0 0 0 1364 80 80 0 1800 436 356 0 356 0 0 0 36082713 39662 0 8231 69105 139668 4966902 1772223 350568 1366040043 1366040043 0 1297272206 0 34.249553 108 108 143964 108000 120 361 120 160000 250000 80 106640 82269 12 16000 25000 12 16000 25000 2264
1790084223648602 10 0 0 10 10 10 0 0 0 0 0 0 1364 79 79 0 1800 436 357 0 357 0 0 0 36086382 39759 0 8250 77383 139697 4986315 1772310 352396 1371493164 1371493164 0 1297272206 0 34.245982 110 110 146630 110000 655 390 120 160000 250000 79 105307 81274 12 16000 25000 12 16000 25000 2269
1790084223668876 10 0 0 10 10 10 0 0 0 0 0 0 1364 78 78 0 1800 436 358 0 358 0 0 0 36090189 39852 0 8267 77496 139727 5002421 1772405 354206 1376810333 1376810333 0 1297272206 0 34.242286 114 114 151962 114000 394 392 120 160000 250000 78 103974 80280 12 16000 25000 12 16000 25000 2276
1790084223705714 10 0 0 10 10 10 0 0 0 0 0 0 1364 77 77 0 1800 436 359 0 359 0 0 0 36093820 39941 0 8285 77606 139754 5035297 1772485 356026 1381080825 1381080825 0 1297272206 0 34.238760 116 116 154628 116000 223 376 120 160000 250000 77 102641 79286 12 16000 25000 12 16000 25000 2282
1790084223733726 10 0 0 10 10 10 0 0 0 0 0 0 1364 76 76 0 1800 436 360 0 360 0 0 0 36097445 40030 0 8301 77701 139784 5059370 1772564 357838 1385463537 1385463537 0 1297272206 0 34.235242 116 116 154628 116000 992 437 120 160000 250000 76 101308 78292 12 16000 25000 12 16000 25000 2289
1790084223824788 10 0 0 10 10 10 0 0 0 0 0 0 1364 75 75 0 1800 436 361 0 361 0 0 0 36101051 40135 0 8319 77802 139811 5146488 1772641 359639 1389218743 1389218743 0 1297272206 0 34.231726 118 118 157294 118000 305 425 120 160000 250000 75 99975 77297 12 16000 25000 12 16000 25000 2294
1790084223858346 10 0 0 10 10 10 0 0 0 0 0 0 1364 74 74 0 1800 436 362 0 362 0 0 0 36104678 40239 0 8336 77909 139834 5176086 1772716 361463 1395863077 1395863077 0 1297272206 0 34.228193 120 120 159960 120000 507 434 120 160000 250000 74 98642 76304 12 16000 25000 12 16000 25000 2301
1790084223896883 10 0 0 10 10 10 0 0 0 0 0 0 1364 73 73 0 1800 436 363 0 363 0 0 0 36108312 40327 0 8352 78006 139864 5210663 1772801 363263 1400218815 1400218815 0 1297272206 0 34.224668 116 116 154628 116000 59 399 120 160000 250000 73 97309 75310 12 16000 25000 12 16000 25000 2307
1790084223937506 10 0 0 10 10 10 0 0 0 0 0 0 1364 72 72 0 1800 436 364 0 364 0 0 0 36111960 40419 0 8368 78124 139891 5247298 1772879 365077 1404443040 1404443040 0 1297272206 0 34.221128 119 119 158627 119000 51 366 120 160000 250000 72 95976 74317 12 16000 25000 12 16000 25000 2314
1790084224086855 10 0 0 10 10 10 0 0 0 0 0 0 1364 71 71 0 1800 436 365 0 365 0 0 0 36115597 40510 0 8385 78216 139919 5392696 1772956 366895 1408009354 1408009354 0 1297272206 0 34.217599 119 119 158627 119000 956 424 120 160000 250000 71 94643 73323 12 16000 25000 12 16000 25000 2319
1790084224096968 10 0 0 10 10 10 0 0 0 0 0 0 1364 70 70 0 1800 436 366 0 366 0 0 0 36119905 40619 0 8405 78343 139953 5398121 1773036 369079 1412033386 1412033386 0 1297272206 0 34.213420 120 120 159960 120000 264 409 120 160000 250000 70 93310 72328 12 16000 25000 12 16000 25000 2324
1790084224122960 10 0 0 10 10 10 0 0 0 0 0 0 1364 69 69 0 1800 436 367 0 367 0 0 0 36123996 40717 0 8426 78454 139991 5419665 1773119 371258 1418786297 1418786297 0 1297272206 0 34.209457 122 122 162626 122000 646 433 120 160000 250000 69 91977 71334 12 16000 25000 12 16000 25000 2331
1790084224156866 10 0 0 10 10 10 0 0 0 0 0 0 1364 68 68 0 1800 436 368 0 368 0 0 0 36127528 40811 0 8445 78555 140020 5449711 1773200 373082 1422655422 1422655422 0 1297272206 0 34.206027 123 123 163959 123000 104 402 120 160000 250000 68 90644 70339 12 16000 25000 12 16000 25000 2335
1790084224166283 10 0 0 10 10 10 0 0 0 0 0 0 1364 67 67 0 1800 436 369 0 369 0 0 0 36131137 40903 0 8464 78670 140053 5455178 1773278 374905 1426782853 1426782853 0 1297272206 0 34.202527 114 114 151962 114000 32 367 120 160000 250000 67 89311 69344 12 16000 25000 12 16000 25000 2340
1790084224186958 10 0 0 10 10 10 0 0 0 0 0 0 1364 66 66 0 1800 436 370 0 370 0 0 0 36134761 40993 0 8483 78777 140081 5471904 1773356 376711 1431116013 1431116013 0 1297272206 0 34.199016 116 116 154628 116000 286 360 120 160000 250000 66 87978 68350 12 16000 25000 12 16000 25000 2347
1790084224213812 10 0 0 10 10 10 0 0 0 0 0 0 1364 65 65 0 1800 436 371 0 371 0 0 0 36139012 41088 0 8503 78891 140120 5494151 1773432 378883 1435464806 1435464806 0 1297272206 0 34.194908 130 130 173290 130000 999 423 120 160000 250000 65 86645 67357 12 16000 25000 12 16000 25000 2353
1790084224238903 10 0 0 10 10 10 0 0 0 0 0 0 1364 64 64 0 1800 436 372 0 372 0 0 0 36143137 41186 0 8526 79002 140155 5514768 1773513 381052 1439888512 1439888512 0 1297272206 0 34.190917 131 131 174623 131000 319 414 120 160000 250000 64 85312 66364 12 16000 25000 12 16000 25000 2360
1790084224280165 10 0 0 10 10 10 0 0 0 0 0 0 1364 63 63 0 1800 436 373 0 373 0 0 0 36146684 41282 0 8547 79103 140185 5552144 1773592 382882 1443539922 1443539922 0 1297272206 0 34.187475 123 123 163959 123000 43 379 120 160000 250000 63 83979 65370 12 16000 25000 12 16000 25000 2366
1790084224310568 10 0 0 10 10 10 0 0 0 0 0 0 1364 62 62 0 1800 436 374 0 374 0 0 0 36150325 41375 0 8565 79250 140208 5578533 1773681 384703 1450319485 1450319485 0 1297272206 0 34.183948 123 123 163959 123000 772 418 120 160000 250000 62 82646 64377 12 16000 25000 12 16000 25000 2373
1790084224321168 10 0 0 10 10 10 0 0 0 0 0 0 1364 61 61 0 1800 436 375 0 375 0 0 0 36153996 41483 0 8586 79347 140240 5585125 1773759 386524 1454617892 1454617892 0 1297272206 0 34.180379 122 122 162626 122000 92 387 120 160000 250000 61 81313 63384 12 16000 25000 12 16000 25000 2379
1790084224351192 10 0 0 10 10 10 0 0 0 0 0 0 1364 60 60 0 1800 436 376 0 376 0 0 0 36157661 41580 0 8607 79449 140266 5611155 1773839 388357 1459000435 1459000435 0 1297272206 0 34.176827 123 123 163959 123000 269 377 120 160000 250000 60 79980 62390 12 16000 25000 12 16000 25000 2386
1790084224436125 10 0 0 10 10 10 0 0 0 0 0 0 1364 59 59 0 1800 436 377 0 377 0 0 0 36161552 41675 0 8627 79561 140294 5691864 1773915 390188 1463281689 1463281689 0 1297272206 0 34.173064 119 119 158627 119000 69 348 120 160000 250000 59 78647 61397 12 16000 25000 12 16000 25000 2393
1790084224466054 10 0 0 10 10 10 0 0 0 0 0 0 1364 58 58 0 1800 436 378 0 378 0 0 0 36165320 41768 0 8646 79664 140320 5717692 1774004 392013 1467646788 1467646788 0 1297272206 0 34.169420 119 119 158627 119000 98 325 120 160000 250000 58 77314 60404 12 16000 25000 12 16000 25000 2399
1790084224481935 10 0 0 10 10 10 0 0 0 0 0 0 1364 57 57 0 1800 436 379 0 379 0 0 0 36169002 41874 0 8676 79772 140348 5729550 1774079 393841 1474315775 1474315775 0 1297272206 0 34.165845 128 128 170624 128000 923 384 120 160000 250000 57 75981 59411 12 16000 25000 12 16000 25000 2406
1790084224501612 10 0 0 10 10 10 0 0 0 0 0 0 1364 56 56 0 1800 436 380 0 380 0 0 0 36172673 41968 0 8697 79876 140377 5745230 1774154 395669 1479387819 1479387819 0 1297272206 0 34.162293 118 118 157294 118000 39 351 120 160000 250000 56 74648 58418 12 16000 25000 12 16000 25000 2413
1790084224540265 10 0 0 10 10 10 0 0 0 0 0 0 1364 55 55 0 1800 436 381 0 381 0 0 0 36176346 42060 0 8717 79981 140401 5779889 1774229 397489 1484681268 1484681268 0 1297272206 0 34.158742 119 119 158627 119000 347 351 120 160000 250000 55 73315 57425 12 16000 25000 12 16000 25000 2419
1790084224542446 10 0 0 10 10 10 0 0 0 0 0 0 1364 54 54 0 1800 436 382 0 382 0 0 0 36178227 42150 0 8732 80054 140426 5779906 1774303 398484 1490022280 1490022280 0 1297272206 0 34.156883 124 124 165292 124000 1374 452 120 160000 250000 54 71982 56432 12 16000 25000 12 16000 25000 2426
1790084224546735 10 0 0 10 10 10 0 0 0 0 0 0 1364 53 53 0 1800 436 383 0 383 0 0 0 36181803 42241 0 8751 80156 140453 5780327 1774356 400308 1495152314 1495152314 0 1297272206 0 34.153425 122 122 162626 122000 58 415 120 160000 250000 53 70649 55438 12 16000 25000 12 16000 25000 2433
1790084224670094 10 0 0 10 10 10 0 0 0 0 0 0 1364 52 52 0 1800 436 384 0 384 0 0 0 36185477 42336 0 8774 80268 140480 5899683 1774428 402119 1500577926 1500577926 0 1297272206 0 34.149872 122 122 162626 122000 96 385 120 160000 250000 52 69316 54444 12 16000 25000 12 16000 25000 2439
1790084224680925 10 0 0 10 10 10 0 0 0 0 0 0 1364 51 51 0 1800 436 385 0 385 0 0 0 36189177 42429 0 8794 80367 140507 5906500 1774503 403948 1505922187 1505922187 0 1297272206 0 34.146297 125 125 166625 125000 125 360 120 160000 250000 51 67983 53450 12 16000 25000 12 16000 25000 2446
1790084224751619 10 0 0 10 10 10 0 0 0 0 0 0 1364 50 50 0 1800 436 386 0 386 0 0 0 36192865 42520 0 8814 80470 140532 5973189 1774576 405773 1511424973 1511424973 0 1297272206 0 34.142736 124 124 165292 124000 159 341 120 160000 250000 50 66650 52457 12 16000 25000 12 16000 25000 2452
1790084224764933 10 0 0 10 10 10 0 0 0 0 0 0 1364 49 49 0 1800 436 387 0 387 0 0 0 36196541 42614 0 8834 80587 140560 5982476 1774650 407584 1516885316 1516885316 0 1297272206 0 34.139184 127 127 169291 127000 1365 442 120 160000 250000 49 65317 51464 12 16000 25000 12 16000 25000 2459
1790084224834713 10 0 0 10 10 10 0 0 0 0 0 0 1364 48 48 0 1800 436 388 0 388 0 0 0 36200241 42706 0 8853 80704 140587 6048219 1774726 409419 1521236105 1521236105 0 1297272206 0 34.135612 125 125 166625 125000 102 409 120 160000 250000 48 63984 50470 12 16000 25000 12 16000 25000 2466
1790084224854851 10 0 0 10 10 10 0 0 0 0 0 0 1364 47 47 0 1800 436 389 0 389 0 0 0 36203944 42810 0 8882 80808 140618 6064317 1774805 411236 1524727583 1524727583 0 1297272206 0 34.132027 128 128 170624 128000 188 388 120 160000 250000 47 62651 49476 12 16000 25000 12 16000 25000 2471
1790084224859571 10 0 0 10 10 10 0 0 0 0 0 0 1364 46 46 0 1800 436 390 0 390 0 0 0 36207601 42902 0 8902 80921 140641 6065040 1774889 413020 1531402585 1531402585 0 1297272206 0 34.128497 124 124 165292 124000 94 360 120 160000 250000 46 61318 48483 12 16000 25000 12 16000 25000 2478
1790084224870121 10 0 0 10 10 10 0 0 0 0 0 0 1364 45 45 0 1800 436 391 0 391 0 0 0 36211250 42993 0 8922 81021 140666 6071626 1774964 414803 1536815586 1536815586 0 1297272206 0 34.124976 125 125 166625 125000 464 371 120 160000 250000 45 59985 47488 12 16000 25000 12 16000 25000 2484
1790084224906287 10 0 0 10 10 10 0 0 0 0 0 0 1364 44 44 0 1800 436 392 0 392 0 0 0 36214931 43088 0 8938 81119 140698 6103786 1775041 416611 1541095146 1541095146 0 1297272206 0 34.121422 126 126 167958 126000 222 357 120 160000 250000 44 58652 46494 12 16000 25000 12 16000 25000 2490
1790084224913159 10 0 0 10 10 10 0 0 0 0 0 0 1364 43 43 0 1800 436 393 0 393 0 0 0 36218626 43177 0 8954 81212 140729 6106652 1775119 418404 1545402964 1545402964 0 1297272206 0 34.117862 124 124 165292 124000 177 340 120 160000 250000 43 57319 45501 12 16000 25000 12 16000 25000 2497
1790084224941730 10 0 0 10 10 10 0 0 0 0 0 0 1364 42 42 0 1800 436 394 0 394 0 0 0 36222291 43278 0 8970 81322 140758 6131217 1775196 420212 1549713002 1549713002 0 1297272206 0 34.114319 123 123 163959 123000 97 317 120 160000 250000 42 55986 44508 12 16000 25000 12 16000 25000 2504
1790084224948254 10 0 0 10 10 10 0 0 0 0 0 0 1364 41 41 0 1800 436 395 0 395 0 0 0 36225966 43367 0 8987 81415 140788 6133756 1775273 422006 1556269749 1556269749 0 1297272206 0 34.110778 130 130 173290 130000 775 362 120 160000 250000 41 54653 43515 12 16000 25000 12 16000 25000 2511
1790084224964818 10 0 0 10 10 10 0 0 0 0 0 0 1364 40 40 0 1800 436 396 0 396 0 0 0 36229631 43468 0 9004 81506 140818 6146333 1775349 423792 1560671852 1560671852 0 1297272206 0 34.107237 136 136 181288 136000 1233 448 120 160000 250000 40 53320 42522 12 16000 25000 12 16000 25000 2517
1790084225018500 10 0 0 10 10 10 0 0 0 0 0 0 1364 39 39 0 1800 436 397 0 397 0 0 0 36233306 43557 0 9021 81611 140849 6196017 1775424 425587 1567493413 1567493413 0 1297272206 0 34.103698 132 132 175956 132000 100 415 120 160000 250000 39 51987 41529 12 16000 25000 12 16000 25000 2524
1790084225063388 10 0 0 10 10 10 0 0 0 0 0 0 1364 38 38 0 1800 436 398 0 398 0 0 0 36236976 43649 0 9038 81699 140880 6236916 1775500 427390 1572846095 1572846095 0 1297272206 0 34.100162 132 132 175956 132000 498 424 120 160000 250000 38 50654 40536 12 16000 25000 12 16000 25000 2531
1790084225069985 10 0 0 10 10 10 0 0 0 0 0 0 1364 37 37 0 1800 436 399 0 399 0 0 0 36240670 43749 0 9057 81796 140908 6239493 1775576 429183 1577141697 1577141697 0 1297272206 0 34.096596 134 134 178622 134000 1333 514 120 160000 250000 37 49321 39541 12 16000 25000 12 16000 25000 2536
1790084225138829 10 0 0 10 10 10 0 0 0 0 0 0 1364 36 36 0 1800 436 400 0 400 0 0 0 36244362 43844 0 9076 81913 140942 6304293 1775662 430979 1582571750 1582571750 0 1297272206 0 34.093038 127 127 169291 127000 36 469 120 160000 250000 36 47988 38547 12 16000 25000 12 16000 25000 2543
1790084225143699 10 0 0 10 10 10 0 0 0 0 0 0 1364 35 35 0 1800 436 401 0 401 0 0 0 36248050 43935 0 9096 82022 140969 6305144 1775739 432779 1587619929 1587619929 0 1297272206 0 34.089488 132 132 175956 132000 1290 550 120 160000 250000 35 46655 37554 12 16000 25000 12 16000 25000 2549
1790084225148670 10 0 0 10 10 10 0 0 0 0 0 0 1364 34 34 0 1800 436 402 0 402 0 0 0 36251731 44027 0 9116 82129 140993 6306102 1775814 434572 1592703501 1592703501 0 1297272206 0 34.085944 136 136 181288 136000 191 516 120 160000 250000 34 45322 36561 12 16000 25000 12 16000 25000 2556
1790084225224943 10 0 0 10 10 10 0 0 0 0 0 0 1364 33 33 0 1800 436 403 0 403 0 0 0 36256051 44125 0 9137 82238 141023 6377715 1775889 436715 1597081950 1597081950 0 1297272206 0 34.081796 135 135 179955 135000 181 485 120 160000 250000 33 43989 35567 12 16000 25000 12 16000 25000 2563
1790084225310428 10 0 1 9 10 10 0 0 0 0 0 0 1364 32 32 0 1800 436 404 0 404 0 0 0 36259645 44235 0 9156 82344 141051 6459256 1775970 438518 1603305885 1603305885 0 1297272206 0 34.078318 135 135 179955 135000 180 456 120 160000 250000 32 42656 34573 12 16000 25000 12 16000 25000 2569
1790084225324706 10 0 0 10 10 10 0 0 0 0 0 0 1363 32 32 0 1800 437 405 0 405 0 0 0 36271664 44333 0 9178 82495 141103 6461106 1776048 441360 1606830421 1606830421 0 1297272206 0 34.066948 138 138 183954 138000 1108 520 120 160000 250000 43 57323 39872 12 16000 25000 12 16000 25000 3863
1790084225372414 10 0 0 10 10 10 0 0 0 0 0 0 1363 31 31 0 1800 437 406 0 406 0 0 0 36296721 44463 0 9200 83192 141293 6482565 1776141 452718 1611099511 1611099511 0 1297272206 0 34.043337 136 136 181288 136000 109 481 120 160000 250000 42 55990 38938 12 16000 25000 12 16000 25000 3870
1790084225404145 10 0 0 10 10 10 0 0 0 0 0 0 1363 30 30 0 1800 437 407 0 407 0 0 0 36311552 44575 0 9223 83602 141416 6498677 1776236 459512 1616500539 1616500539 0 1297272206 0 34.029345 133 133 177289 133000 98 444 120 160000 250000 41 54657 37986 12 16000 25000 12 16000 25000 3875
1790084225434968 10 0 0 10 10 10 0 0 0 0 0 0 1363 29 29 0 1800 437 408 0 408 0 0 0 36325476 44682 0 9245 84012 141535 6514797 1776327 465798 1623166867 1623166867 0 1297272206 0 34.016217 132 132 175956 132000 149 416 120 160000 250000 40 53324 37031 12 16000 25000 12 16000 25000 3882
1790084225561932 10 0 0 10 10 10 0 0 0 0 0 0 1363 28 28 0 1800 437 409 0 409 0 0 0 36383758 44836 0 9267 85659 142005 6580948 1776422 492415 1627529952 1627529952 0 1297272206 0 33.961651 126 126 167958 126000 59 382 120 160000 250000 39 51991 36210 12 16000 25000 12 16000 25000 3888
1790084225588578 10 0 0 10 10 10 0 0 0 0 0 0 1363 27 27 0 1800 437 410 0 410 0 0 0 36395595 44943 0 9290 86001 142111 6595043 1776519 497695 1633006446 1633006446 0 1297272206 0 33.950519 123 123 163959 123000 67 352 120 160000 250000 38 50658 35253 12 16000 25000 12 16000 25000 3895
1790084225600789 10 0 0 10 10 10 0 0 0 0 0 0 1363 26 26 0 1800 437 411 0 411 0 0 0 36403023 45049 0 9312 86242 142170 6599293 1776611 500953 1637312243 1637312243 0 1297272206 0 33.943501 123 123 163959 123000 384 356 120 160000 250000 37 49325 34277 12 16000 25000 12 16000 25000 3902
1790084225610359 10 0 0 10 10 10 0 0 0 0 0 0 1363 25 25 0 1800 437 412 0 412 0 0 0 36406897 45147 0 9333 86375 142206 6604604 1776702 502673 1641656765 1641656765 0 1297272206 0 33.939803 129 129 171957 129000 892 409 120 160000 250000 36 47992 33289 12 16000 25000 12 16000 25000 3909
1790084225635667 10 0 1 9 10 10 0 0 0 0 0 0 1363 24 24 0 1800 437 413 0 413 0 0 0 36420853 45256 0 9356 86776 142324 6615186 1776795 508946 1646005232 1646005232 0 1297272206 0 33.926712 133 133 177289 133000 173 387 120 160000 250000 35 46659 32337 12 16000 25000 12 16000 25000 3916
1790084229738228 10 0 1 9 10 10 0 0 0 0 0 0 1362 24 1 23 1800 438 414 0 414 0 0 0 40517908 45351 0 9378 92047 142333 6615204 1776890 509120 1771916674 1650321625 0 1617050818 0 38.018144 132 132 175956 132000 242 374 120 160000 250000 46 61326 35430 12 16000 25000 12 16000 25000 4405
1790084229738483 10 0 2 8 10 10 0 0 0 0 0 0 1362 23 1 22 1800 438 415 0 415 0 0 0 40517908 45445 0 9406 92047 142341 6615209 1777020 509120 1771916674 1655417121 0 1617050818 0 38.018056 42 42 55986 42000 2 323 120 160000 250000 45 59993 34426 12 16000 25000 12 16000 25000 4403
1790084229738633 10 0 3 7 10 10 0 0 0 0 0 0 1362 22 1 21 1800 438 416 0 416 0 0 0 40517908 45524 0 9425 92047 142349 6615212 1777063 509120 1771916674 1660757630 0 1617050818 0 38.017982 29 29 38657 29000 2 292 120 160000 250000 40 53328 33421 12 16000 25000 12 16000 25000 4402
1790084229738981 10 0 3 7 10 10 0 0 0 0 0 0 1362 18 1 17 1800 438 420 0 420 0 0 0 40517908 45802 0 9484 92047 142356 6615215 1777106 509120 1771916674 1682205317 0 1617050818 0 38.017722 12 12 15996 12000 2 229 120 160000 250000 40 53328 29415 12 16000 25000 12 16000 25000 4396
1790084229739246 10 0 4 6 10 10 0 0 0 0 0 0 1362 17 1 16 1800 438 421 0 421 0 0 0 40517908 45878 0 9501 92047 142395 6615218 1777238 509120 1771916674 1686605026 0 1617050818 0 38.017650 11 11 14663 11000 2 208 120 160000 250000 38 50662 28410 12 16000 25000 12 16000 25000 4394
1790084229739399 10 0 4 6 10 10 0 0 0 0 0 0 1362 16 1 15 1800 438 422 0 422 0 0 0 40517908 45956 0 9518 92048 142411 6615221 1777277 509120 1771916674 1690873519 0 1617050818 0 38.017577 10 10 13330 10000 2 189 120 160000 250000 38 50662 27408 12 16000 25000 12 16000 25000 4393
1790084229739542 10 0 5 5 10 10 0 0 0 0 0 0 1362 15 1 14 1800 438 423 0 423 0 0 0 40517908 46034 0 9537 92048 142419 6615224 1777316 509120 1771916674 1697580640 0 1617050818 0 38.017504 10 10 13330 10000 2 172 120 160000 250000 32 42664 26397 12 16000 25000 12 16000 25000 4391
1790084229739949 10 0 5 5 10 10 0 0 0 0 0 0 1362 10 1 9 1800 438 428 0 428 0 0 0 40517908 46366 0 9600 92048 142437 6615227 1777354 509120 1771916674 1728342595 0 1617050818 0 38.017193 10 10 13330 10000 2 130 120 160000 250000 32 42664 21390 12 16000 25000 12 16000 25000 4385
1790084229740252 10 0 6 4 10 10 0 0 0 0 0 0 1362 9 1 8 1800 438 429 0 429 0 0 0 40517908 46448 0 9619 92048 142478 6615231 1777513 509120 1771916674 1732679870 0 1617050818 0 38.017116 10 10 13330 10000 3 118 120 160000 250000 29 38665 20385 12 16000 25000 12 16000 25000 4383
1790084229740469 10 0 6 4 10 10 0 0 0 0 0 0 1362 7 1 6 1800 438 431 0 431 0 0 0 40517908 46599 0 9649 92048 142485 6615234 1777552 509120 1771916674 1741283051 0 1617050818 0 38.016975 10 10 13330 10000 2 103 120 160000 250000 29 38665 18382 12 16000 25000 12 16000 25000 4380
1790084229740718 10 0 7 3 10 10 0 0 0 0 0 0 1362 6 1 5 1800 438 432 0 432 0 0 0 40517908 46680 0 9664 92060 142552 6615237 1777622 509120 1771916674 1741529852 0 1617050818 0 38.016899 10 10 13330 10000 2 94 120 160000 250000 17 22665 11825 12 16000 25000 12 16000 25000 4380
1790084229740862 10 0 8 2 10 10 0 0 0 0 0 0 1362 5 1 4 1800 438 433 0 433 0 0 0 40517908 46757 0 9683 92060 142559 6615240 1777662 509120 1771916674 1747977835 0 1617050818 0 38.016827 10 13 16324 10817 1 86 120 160000 250000 14 18666 10818 12 16000 25000 12 16000 25000 4379
1790084229741071 10 0 8 2 10 10 0 0 0 0 0 0 1362 3 1 2 1800 438 435 0 435 0 0 0 40517908 46910 0 9718 92060 142566 6615243 1777693 509120 1771916674 1761211871 0 1617050818 0 38.016683 10 13 16324 10817 2 76 120 160000 250000 14 18666 8815 12 16000 25000 12 16000 25000 4376
1790084229741258 10 0 9 1 10 10 0 0 0 0 0 0 1362 2 1 1 1800 438 436 0 436 0 0 0 40517908 46991 0 9736 92060 142583 6615246 1777764 509120 1771916674 1766483296 0 1617050818 0 38.016607 10 13 16324 10817 3 70 120 160000 250000 12 16000 7812 12 16000 25000 12 16000 25000 4374
1790084229741407 10 0 9 1 10 10 0 0 0 0 0 0 1362 1 1 0 1800 438 437 0 437 0 0 0 40517908 47076 0 9753 92060 142590 6615250 1777801 509120 1771916674 1771916674 0 1617050818 0 38.016528 10 13 16324 10817 2 64 120 160000 250000 12 16000 6811 12 16000 25000 12 16000 25000 4373
1790084235057069 10 0 7 3 10 10 0 0 0 0 0 0 1359 4 4 0 1800 440 437 0 437 0 0 0 40526858 47076 0 9753 92072 142593 6615260 1777842 509950 1771916674 1771916674 0 1964254126 0 46.169019 10 13 16324 10817 3 61 120 160000 250000 36 48000 18038 12 16000 25000 12 16000 25000 5932
1790084235057134 10 0 6 4 10 10 0 0 0 0 0 0 1359 4 4 0 1800 441 437 0 437 0 0 0 45833552 47076 0 9753 92072 142593 6615260 1777842 509950 1771916674 1771916674 0 1964254126 0 40.828968 10 13 16324 10817 3 59 120 160000 250000 48 64000 20369 12 16000 25000 12 16000 25000 5932
1790084235062685 10 0 7 3 10 10 0 0 0 0 0 0 1359 3 1 2 1800 441 438 0 438 0 0 0 45833552 47165 0 9767 97374 142657 6615272 1777905 509950 1774357641 1772117178 0 1964254126 0 40.828889 10 13 16324 10817 3 53 120 160000 250000 36 48000 15806 12 16000 25000 12 16000 25000 5932
1790084235064086 10 0 8 2 10 10 0 0 0 0 0 0 1359 2 1 1 1800 441 439 0 439 0 0 0 45833552 48421 0 10967 97385 142693 6615277 1777982 509950 1774357641 1774155591 0 1964254126 0 40.827772 10 15 19317 11633 1 49 120 160000 250000 24 32000 13066 12 16000 25000 12 16000 25000 5627
1790084235064338 10 0 9 1 10 10 0 0 0 0 0 0 1359 1 1 0 1800 441 440 0 440 0 0 0 45833552 48495 0 10968 97385 142700 6615280 1778134 509950 1774357641 1774357641 0 1964254126 0 40.827706 10 17 22310 11837 1 45 120 160000 250000 12 16000 8065 12 16000 25000 12 16000 25000 5627
1790084236287557 10 0 1 9 10 10 0 0 0 0 0 0 1273 86 79 7 1800 527 441 0 441 0 0 0 47055097 48576 0 10969 98844 142711 6615295 1778226 511846 1778905608 1774516992 0 2089040863 0 42.295314 10 19 25304 12654 1 41 120 160000 250000 108 143972 94372 12 16000 25000 12 16000 25000 5752
1790084236287768 10 0 1 9 10 10 0 0 0 0 0 0 1273 85 79 6 1800 527 442 0 442 0 0 0 47055097 48662 0 10990 98844 142718 6615299 1778321 511846 1778905608 1775114687 0 2089040863 0 42.295236 10 22 28297 13470 1 38 120 160000 250000 107 142639 93344 12 16000 25000 12 16000 25000 5751
1790084236287930 10 0 1 9 10 10 0 0 0 0 0 0 1273 84 79 5 1800 527 443 0 443 0 0 0 47055097 48742 0 11008 98844 142725 6615301 1778377 511846 1778905608 1775841122 0 2089040863 0 42.295164 10 22 28297 13470 2 36 120 160000 250000 104 138640 92314 12 16000 25000 12 16000 25000 5750
1790084236288166 10 0 1 9 10 10 0 0 0 0 0 0 1273 82 79 3 1800 527 445 0 445 0 0 0 47055097 48902 0 11037 98844 142732 6615304 1778426 511846 1778905608 1777046110 0 2089040863 0 42.295021 10 22 28297 13470 1 33 120 160000 250000 104 138640 90311 12 16000 25000 12 16000 25000 5747
1790084236288362 10 0 1 9 10 10 0 0 0 0 0 0 1273 81 79 2 1800 527 446 0 446 0 0 0 47055097 48982 0 11055 98844 142749 6615307 1778507 511846 1778905608 1777872131 0 2089040863 0 42.294949 10 22 28297 13470 3 31 120 160000 250000 101 134641 89283 12 16000 25000 12 16000 25000 5745
1790084236288583 10 0 1 9 10 10 0 0 0 0 0 0 1273 79 79 0 1800 527 448 0 448 0 0 0 47055097 49126 0 11085 98844 142756 6615310 1778558 511846 1778905608 1778905608 0 2089040863 0 42.294820 10 22 28297 13470 1 28 120 160000 250000 101 134641 87280 12 16000 25000 12 16000 25000 5742
1790084236356998 10 0 0 10 10 10 0 0 0 0 0 0 1265 86 86 0 1800 535 449 0 449 0 0 0 47123137 49212 0 11099 99008 142773 6615319 1778639 513658 1780067517 1780067517 0 2099285648 0 42.440855 10 22 28297 13470 1 26 120 160000 250000 119 158639 95299 12 16000 25000 12 16000 25000 5753
1790084236518153 10 0 0 10 10 10 0 0 0 0 0 0 1264 86 86 0 1800 536 450 0 450 0 0 0 47139974 49311 0 11122 99114 142805 6759299 1778717 517569 1780823734 1780823734 0 2100776201 0 42.455746 10 22 28297 13470 18 26 120 160000 250000 119 158639 95277 12 16000 25000 12 16000 25000 5754
1790084236662076 10 0 0 10 10 10 0 0 0 0 0 0 1263 86 86 0 1800 537 451 0 451 0 0 0 47147839 49406 0 11143 99211 142831 6895012 1778817 521445 1781221735 1781221735 0 2102289378 0 42.479161 10 22 28297 13470 162 40 120 160000 250000 119 158639 95255 12 16000 25000 12 16000 25000 5754
1790084236682084 10 0 0 10 10 10 0 0 0 0 0 0 1262 86 86 0 1800 538 452 0 452 0 0 0 47155105 49501 0 11163 99342 142859 6907381 1778917 525275 1782599788 1782599788 0 2103508893 0 42.497175 10 22 28297 13470 55 42 120 160000 250000 119 158639 95256 12 16000 25000 12 16000 25000 5756
1790084236791977 10 0 0 10 10 10 0 0 0 0 0 0 1261 86 86 0 1800 539 453 0 453 0 0 0 47212404 49590 0 11178 99437 142888 6959639 1779013 529106 1784207243 1784207243 0 2105010515 0 42.475873 10 22 28297 13470 284 67 120 160000 250000 119 158639 95258 12 16000 25000 12 16000 25000 5759
1790084236814474 10 0 0 10 10 10 0 0 0 0 0 0 1260 86 86 0 1800 540 454 0 454 0 0 0 47219831 49694 0 11193 99539 142915 6974345 1779111 532877 1784719002 1784719002 0 2106512720 0 42.499413 10 22 28297 13470 249 86 120 160000 250000 119 158639 95259 12 16000 25000 12 16000 25000 5759
1790084236974550 10 0 0 10 10 10 0 0 0 0 0 0 1259 86 86 0 1800 541 455 0 455 0 0 0 47226703 49786 0 11210 99643 142951 7127196 1779207 536663 1785968926 1785968926 0 2108039054 0 42.523943 10 22 28297 13470 94 88 120 160000 250000 119 158639 95237 12 16000 25000 12 16000 25000 5761
1790084237091575 10 0 0 10 10 10 0 0 0 0 0 0 1258 86 86 0 1800 542 456 0 456 0 0 0 47233875 49875 0 11226 99757 142978 7236695 1779307 540442 1786715389 1786715389 0 2109515877 0 42.547199 10 22 28297 13470 177 98 120 160000 250000 119 158639 95234 12 16000 25000 12 16000 25000 5762
1790084237379592 10 0 0 10 10 10 0 0 0 0 0 0 1257 86 86 0 1800 543 457 0 457 0 0 0 47239083 49970 0 11244 99861 143005 7519160 1779402 542858 1788732887 1788732887 0 2111019584 0 42.572753 10 22 28297 13470 31 92 120 160000 250000 119 158639 95237 12 16000 25000 12 16000 25000 5764
1790084237421747 10 0 0 10 10 10 0 0 0 0 0 0 1256 86 86 0 1800 544 458 0 458 0 0 0 47246378 50059 0 11261 99983 143036 7553667 1779490 546655 1790273327 1790273327 0 2112522427 0 42.596409 10 22 28297 13470 792 161 120 160000 250000 119 158639 95239 12 16000 25000 12 16000 25000 5767
1790084237469531 10 0 0 10 10 10 0 0 0 0 0 0 1255 86 86 0 1800 545 459 0 459 0 0 0 47253251 50160 0 11276 100100 143064 7594217 1779579 550369 1791384609 1791384609 0 2114025146 0 42.620425 10 22 28297 13470 45 151 120 160000 250000 119 158639 95240 12 16000 25000 12 16000 25000 5768
1790084237588441 10 0 0 10 10 10 0 0 0 0 0 0 1254 86 86 0 1800 546 460 0 460 0 0 0 47260277 50255 0 11291 100208 143094 7705751 1779670 554068 1793080325 1793080325 0 2115524333 0 42.644230 10 22 28297 13470 255 162 120 160000 250000 119 158639 95243 12 16000 25000 12 16000 25000 5771
1790084237847832 10 0 1 9 10 10 0 0 0 0 0 0 1253 86 86 0 1800 547 461 0 461 0 0 0 47277523 51566 0 12533 100288 143157 7946332 1779759 557791 1795863847 1795863847 0 2117018979 0 42.657627 10 22 28297 13470 121 159 120 160000 250000 108 143972 93481 12 16000 25000 12 16000 25000 5442
1790084238017084 10 0 0 10 10 10 0 0 0 0 0 0 1241 97 97 0 1800 559 462 0 462 0 0 0 47446324 51649 0 12547 100517 143165 7946342 1779860 559350 1798159562 1798159562 0 2134721866 0 42.861396 10 24 31290 13674 1 145 120 160000 250000 119 158635 104523 12 16000 25000 12 16000 25000 5460
1790084238264536 10 0 0 10 10 10 0 0 0 0 0 0 1240 97 97 0 1800 560 463 0 463 0 0 0 47496234 51741 0 12564 100644 143196 8143471 1779993 566679 1800696697 1800696697 0 2135938202 0 42.840718 10 24 31290 13674 436 174 120 160000 250000 119 158635 104525 12 16000 25000 12 16000 25000 5462
1790084238264785 10 0 0 10 10 10 0 0 0 0 0 0 1240 96 96 0 1800 560 464 0 464 0 0 0 47496234 51820 0 12579 100694 143203 8143475 1780084 566679 1803244311 1803244311 0 2135938202 0 42.840647 10 24 31290 13674 302 188 120 160000 250000 118 157302 103526 12 16000 25000 12 16000 25000 5464
1790084238290241 10 0 0 10 10 10 0 0 0 0 0 0 1238 97 97 0 1800 562 465 0 465 0 0 0 47517965 51920 0 12595 100826 143235 8146872 1780125 573915 1805261541 1805261541 0 2138951941 0 42.881406 10 24 31290 13674 204 190 120 160000 250000 119 158635 104533 12 16000 25000 12 16000 25000 5468
1790084238390977 10 0 0 10 10 10 0 0 0 0 0 0 1237 97 97 0 1800 563 466 0 466 0 0 0 47548506 52013 0 12612 100923 143267 8216730 1780218 581191 1807922682 1807922682 0 2140450746 0 42.883837 10 24 31290 13674 183 190 120 160000 250000 119 158635 104534 12 16000 25000 12 16000 25000 5471
1790084238625627 10 0 0 10 10 10 0 0 0 0 0 0 1236 97 97 0 1800 564 467 0 467 0 0 0 47598850 52117 0 12628 101022 143298 8400687 1780307 588374 1808643207 1808643207 0 2141951121 0 42.868464 10 24 31290 13674 278 200 120 160000 250000 119 158635 104511 12 16000 25000 12 16000 25000 5472
1790084238691201 10 0 0 10 10 10 0 0 0 0 0 0 1235 97 97 0 1800 565 468 0 468 0 0 0 47609316 52208 0 12643 101139 143327 8455434 1780407 595533 1812151671 1812151671 0 2143460434 0 42.889169 10 24 31290 13674 51 186 120 160000 250000 119 158635 104519 12 16000 25000 12 16000 25000 5479
1790084238694667 10 0 0 10 10 10 0 0 0 0 0 0 1234 97 97 0 1800 566 469 0 469 0 0 0 47612506 52288 0 12657 101200 143335 8455441 1780505 597033 1815666949 1815666949 0 2144965261 0 42.916335 10 24 31290 13674 570 225 120 160000 250000 119 158635 104525 12 16000 25000 12 16000 25000 5485
1790084238712695 10 0 0 10 10 10 0 0 0 0 0 0 1233 97 97 0 1800 567 470 0 470 0 0 0 47630233 52377 0 12672 101299 143354 8455459 1780562 602387 1819204425 1819204425 0 2146471188 0 42.930419 10 24 31290 13674 830 285 120 160000 250000 119 158635 104532 12 16000 25000 12 16000 25000 5492
1790084238730474 10 0 0 10 10 10 0 0 0 0 0 0 1232 97 97 0 1800 568 471 0 471 0 0 0 47647723 52471 0 12692 101381 143368 8455472 1780629 607521 1822645165 1822645165 0 2147973644 0 42.944632 10 24 31290 13674 1124 367 120 160000 250000 119 158635 104540 12 16000 25000 12 16000 25000 5499
1790084238737332 10 0 0 10 10 10 0 0 0 0 0 0 1231 97 97 0 1800 569 472 0 472 0 0 0 47654299 52554 0 12706 101464 143379 8455484 1780700 612051 1826104360 1826104360 0 2149472073 0 42.968592 10 24 31290 13674 363 367 120 160000 250000 119 158635 104546 12 16000 25000 12 16000 25000 5505
1790084238937191 10 0 0 10 10 10 0 0 0 0 0 0 1230 97 97 0 1800 570 473 0 473 0 0 0 47693045 52647 0 12723 101567 143426 8616262 1780770 619158 1829738866 1829738866 0 2150976541 0 42.963689 10 24 31290 13674 612 392 120 160000 250000 119 158635 104553 12 16000 25000 12 16000 25000 5512
1790084238954789 10 0 0 10 10 10 0 0 0 0 0 0 1229 97 97 0 1800 571 474 0 474 0 0 0 47703524 52737 0 12740 101673 143456 8623041 1780859 626221 1833563471 1833563471 0 2152482420 0 42.984253 10 24 31290 13674 548 408 120 160000 250000 119 158635 104560 12 16000 25000 12 16000 25000 5519
1790084239111139 10 0 0 10 10 10 0 0 0 0 0 0 1228 97 97 0 1800 572 475 0 475 0 0 0 47716499 52837 0 12759 101779 143485 8766058 1780955 634797 1835245852 1835245852 0 2153987872 0 43.002543 10 24 31290 13674 64 375 120 160000 250000 119 158635 104564 12 16000 25000 12 16000 25000 5522
1790084239300232 10 0 0 10 10 10 0 0 0 0 0 0 1227 97 97 0 1800 573 476 0 476 0 0 0 47736572 52927 0 12775 101884 143511 8934740 1781047 641808 1838782054 1838782054 0 2155484412 0 43.014264 10 24 31290 13674 255 364 120 160000 250000 119 158635 104570 12 16000 25000 12 16000 25000 5529
1790084239457894 10 0 0 10 10 10 0 0 0 0 0 0 1226 97 97 0 1800 574 477 0 477 0 0 0 47747266 53024 0 12796 101982 143539 9081361 1781137 648796 1843065110 1843065110 0 2156975552 0 43.034303 10 24 31290 13674 711 399 120 160000 250000 119 158635 104579 12 16000 25000 12 16000 25000 5537
1790084239551638 10 0 0 10 10 10 0 0 0 0 0 0 1225 97 95 2 1800 575 478 0 478 0 0 0 47840651 53108 0 12813 102123 143548 9081369 1781237 650214 1855763284 1847299013 0 2158470036 0 42.980077 10 24 31290 13674 166 377 120 160000 250000 117 155969 104602 12 16000 25000 12 16000 25000 5561
1790084239551878 10 0 0 10 10 10 0 0 0 0 0 0 1225 95 95 0 1800 575 480 0 480 0 0 0 47840651 53262 0 12843 102123 143555 9081372 1781295 650214 1855763284 1855763284 0 2158470036 0 42.979939 10 24 31290 13674 103 338 120 160000 250000 117 155969 102600 12 16000 25000 12 16000 25000 5558
1790084239557860 10 0 0 10 10 10 0 0 0 0 0 0 1222 97 97 0 1800 578 481 0 481 0 0 0 47846355 53342 0 12859 102201 143573 9081380 1781369 651631 1860059585 1860059585 0 2162963100 0 43.064205 10 24 31290 13674 210 326 120 160000 250000 119 158635 104613 12 16000 25000 12 16000 25000 5569
1790084239575611 10 0 0 10 10 10 0 0 0 0 0 0 1221 97 97 0 1800 579 482 0 482 0 0 0 47863809 53422 0 12874 102294 143591 9081393 1781440 656546 1864421299 1864421299 0 2164463414 0 43.078307 10 22 28297 12858 275 322 120 160000 250000 119 158635 104623 12 16000 25000 12 16000 25000 5578
1790084239601878 10 0 0 10 10 10 0 0 0 0 0 0 1220 97 97 0 1800 580 483 0 483 0 0 0 47873920 53517 0 12893 102406 143619 9097227 1781505 663327 1868718882 1868718882 0 2165962472 0 43.098962 10 22 28297 12858 129 304 120 160000 250000 119 158635 104627 12 16000 25000 12 16000 25000 5586
1790084239683183 10 0 0 10 10 10 0 0 0 0 0 0 1219 97 96 1 1800 581 484 0 484 0 0 0 47944010 53607 0 12909 102545 143649 9108070 1781592 670149 1877524423 1873130175 0 2167182343 0 43.060182 10 22 28297 12858 638 337 120 160000 250000 118 157302 104643 12 16000 25000 12 16000 25000 5602
1790084239683394 10 0 0 10 10 10 0 0 0 0 0 0 1219 96 96 0 1800 581 485 0 485 0 0 0 47944010 53693 0 12928 102545 143664 9108073 1781681 670149 1877524423 1877524423 0 2167182343 0 43.060105 10 22 28297 12858 319 337 120 160000 250000 118 157302 103642 12 16000 25000 12 16000 25000 5601
1790084239729716 10 0 0 10 10 10 0 0 0 0 0 0 1217 97 97 0 1800 583 486 0 486 0 0 0 47990078 53778 0 12942 102638 143672 9108082 1781722 671557 1879226038 1879226038 0 2170212809 0 43.078895 10 22 28297 12858 389 343 120 160000 250000 119 158635 104647 12 16000 25000 12 16000 25000 5605
1790084239747975 10 0 0 10 10 10 0 0 0 0 0 0 1216 97 97 0 1800 584 487 0 487 0 0 0 48000409 53869 0 12959 102760 143705 9115675 1781783 678379 1879668374 1879668374 0 2171711301 0 43.099291 10 22 28297 12858 119 322 120 160000 250000 119 158635 104647 12 16000 25000 12 16000 25000 5605
1790084239786157 10 0 0 10 10 10 0 0 0 0 0 0 1215 97 97 0 1800 585 488 0 488 0 0 0 48031621 53969 0 12975 102860 143732 9122294 1781877 685193 1880494156 1880494156 0 2173205762 0 43.100865 10 19 25304 12041 89 300 120 160000 250000 119 158635 104648 12 16000 25000 12 16000 25000 5607
1790084239916086 10 0 0 10 10 10 0 0 0 0 0 0 1214 97 97 0 1800 586 489 0 489 0 0 0 48051077 54060 0 12991 102984 143757 9232399 1781973 691928 1882394054 1882394054 0 2174698758 0 43.112950 10 17 22310 11837 160 287 120 160000 250000 119 158635 104651 12 16000 25000 12 16000 25000 5609
1790084239939821 10 0 0 10 10 10 0 0 0 0 0 0 1213 97 97 0 1800 587 490 0 490 0 0 0 48074531 54140 0 13004 103061 143765 9232407 1782062 693328 1885970335 1885970335 0 2176224211 0 43.122095 11 16 21249 12123 36 264 120 160000 250000 119 158635 104657 12 16000 25000 12 16000 25000 5616
1790084239950916 10 0 0 10 10 10 0 0 0 0 0 0 1212 97 97 0 1800 588 491 0 491 0 0 0 48084708 54236 0 13025 103169 143795 9233010 1782122 700114 1890185036 1890185036 0 2177719926 0 43.142524 13 16 21221 13266 162 255 120 160000 250000 119 158635 104665 12 16000 25000 12 16000 25000 5624
1790084239967910 10 0 0 10 10 10 0 0 0 0 0 0 1211 97 97 0 1800 589 492 0 492 0 0 0 48094785 54331 0 13041 103277 143823 9239583 1782210 706869 1894405262 1894405262 0 2179218498 0 43.163092 14 18 22853 14286 314 261 120 160000 250000 119 158635 104673 12 16000 25000 12 16000 25000 5632
1790084240044569 10 0 0 10 10 10 0 0 0 0 0 0 1210 97 97 0 1800 590 493 0 493 0 0 0 48125311 54435 0 13057 103370 143851 9285377 1782299 713626 1898681788 1898681788 0 2180454837 0 43.160123 15 19 24485 15307 300 265 120 160000 250000 119 158635 104681 12 16000 25000 12 16000 25000 5640
1790084240048175 10 0 0 10 10 10 0 0 0 0 0 0 1209 97 97 0 1800 591 494 0 494 0 0 0 48128635 54516 0 13072 103444 143859 9285385 1782391 715028 1903003941 1903003941 0 2181952409 0 43.186714 16 20 26118 16327 680 306 120 160000 250000 119 158635 104689 12 16000 25000 12 16000 25000 5648
1790084240055049 10 0 0 10 10 10 0 0 0 0 0 0 1208 97 97 0 1800 592 495 0 495 0 0 0 48135252 54595 0 13085 103522 143873 9285396 1782448 719610 1907294315 1907294315 0 2183169827 0 43.204806 17 21 27750 17347 953 370 120 160000 250000 119 158635 104697 12 16000 25000 12 16000 25000 5656
1790084240078353 10 0 0 10 10 10 0 0 0 0 0 0 1207 97 97 0 1800 593 496 0 496 0 0 0 48158330 54672 0 13099 103580 143881 9285402 1782507 720998 1911597816 1911597816 0 2184672478 0 43.213779 19 24 31015 19388 987 431 120 160000 250000 119 158635 104705 12 16000 25000 12 16000 25000 5664
1790084240081792 10 0 0 10 10 10 0 0 0 0 0 0 1206 97 97 0 1800 594 497 0 497 0 0 0 48161495 54754 0 13113 103655 143890 9285408 1782591 722395 1911960873 1911960873 0 2185890889 0 43.234968 21 26 34279 21429 365 422 120 160000 250000 119 158635 104705 12 16000 25000 12 16000 25000 5664
1790084240085180 10 0 0 10 10 10 0 0 0 0 0 0 1205 97 97 0 1800 595 498 0 498 0 0 0 48164639 54836 0 13127 103723 143898 9285416 1782650 723771 1916286487 1916286487 0 2187453638 0 43.262984 22 27 35912 22449 11 383 120 160000 250000 119 158635 104714 12 16000 25000 12 16000 25000 5672
1790084240128290 10 0 0 10 10 10 0 0 0 0 0 0 1204 97 97 0 1800 596 499 0 499 0 0 0 48207508 54911 0 13140 103797 143906 9285423 1782708 725169 1920556753 1920556753 0 2188940001 0 43.253859 23 29 37544 23470 295 375 120 160000 250000 119 158635 104722 12 16000 25000 12 16000 25000 5680
1790084240327983 10 0 0 10 10 10 0 0 0 0 0 0 1203 97 97 0 1800 597 500 0 500 0 0 0 48238608 55005 0 13162 103899 143937 9453711 1782762 733399 1924614408 1924614408 0 2190437686 0 43.255496 23 29 37544 23470 46 344 120 160000 250000 119 158635 104729 12 16000 25000 12 16000 25000 5687
1790084240376959 10 0 0 10 10 10 0 0 0 0 0 0 1202 97 97 0 1800 598 501 0 501 0 0 0 48269082 55103 0 13177 104011 143967 9471860 1782851 739968 1926221114 1926221114 0 2191934240 0 43.257665 24 30 39176 24490 368 348 120 160000 250000 119 158635 104731 12 16000 25000 12 16000 25000 5690
1790084240520371 10 0 0 10 10 10 0 0 0 0 0 0 1201 97 97 0 1800 599 502 0 502 0 0 0 48279490 55194 0 13193 104133 143998 9604505 1782943 746572 1926612096 1926612096 0 2193441700 0 43.278012 24 30 39176 24490 50 320 120 160000 250000 119 158635 104732 12 16000 25000 12 16000 25000 5690
1790084240559984 10 0 0 10 10 10 0 0 0 0 0 0 1200 97 97 0 1800 600 503 0 503 0 0 0 48300883 55296 0 13208 104237 144030 9622369 1783032 753138 1930648554 1930648554 0 2194941900 0 43.288361 24 30 39176 24490 9 291 120 160000 250000 119 158635 104740 12 16000 25000 12 16000 25000 5698
1790084240626833 10 0 0 10 10 10 0 0 0 0 0 0 1199 97 97 0 1800 601 504 0 504 0 0 0 48310809 55388 0 13223 104371 144057 9678907 1783129 759694 1935908270 1935908270 0 2196445514 0 43.309042 24 30 39176 24490 818 343 120 160000 250000 119 158635 104756 12 16000 25000 12 16000 25000 5714
1790084240660501 10 0 0 10 10 10 0 0 0 0 0 0 1198 97 96 1 1800 602 505 0 505 0 0 0 48344164 55470 0 13239 104469 144066 9678915 1783225 761078 1944478285 1940222185 0 2197933282 0 43.308437 25 31 40809 25511 1210 429 120 160000 250000 118 157302 104763 12 16000 25000 12 16000 25000 5722
1790084240660675 10 0 0 10 10 10 0 0 0 0 0 0 1198 96 96 0 1800 602 506 0 506 0 0 0 48344164 55556 0 13257 104469 144073 9678918 1783285 761078 1944478285 1944478285 0 2197933282 0 43.308360 25 31 40809 25511 91 397 120 160000 250000 118 157302 103762 12 16000 25000 12 16000 25000 5720
1790084240686585 10 0 0 10 10 10 0 0 0 0 0 0 1196 97 97 0 1800 604 507 0 507 0 0 0 48365113 55648 0 13273 104584 144103 9683582 1783325 767545 1949770889 1949770889 0 2200648756 0 43.343024 25 31 40809 25511 91 368 120 160000 250000 119 158635 104773 12 16000 25000 12 16000 25000 5730
1790084240693823 10 0 0 10 10 10 0 0 0 0 0 0 1195 97 97 0 1800 605 508 0 508 0 0 0 48372047 55730 0 13287 104664 144120 9683596 1783417 772109 1954165364 1954165364 0 2201875716 0 43.360907 26 32 42441 26531 196 352 120 160000 250000 119 158635 104779 12 16000 25000 12 16000 25000 5738
1790084240721850 10 0 0 10 10 10 0 0 0 0 0 0 1194 97 96 1 1800 606 509 0 509 0 0 0 48381787 55822 0 13303 104823 144147 9701509 1783484 778586 1963886715 1959521584 0 2203378347 0 43.381690 27 34 44073 27552 938 410 120 160000 250000 119 158635 104798 12 16000 25000 12 16000 25000 5754
1790084240722050 10 0 0 10 10 10 0 0 0 0 0 0 1194 96 96 0 1800 606 510 0 510 0 0 0 48381787 55904 0 13321 104823 144155 9701513 1783573 778586 1963886715 1963886715 0 2203378347 0 43.381617 27 34 44073 27552 1234 492 120 160000 250000 118 157302 103793 12 16000 25000 12 16000 25000 5753
1790084240766859 10 0 0 10 10 10 0 0 0 0 0 0 1192 97 90 7 1800 608 511 0 511 0 0 0 48426105 55983 0 13336 105158 144164 9701521 1783615 780018 2003501161 1969292330 0 2206390641 0 43.401144 185 185 246605 185000 1015 544 120 160000 250000 114 151970 104857 12 16000 25000 12 16000 25000 5812
1790084240767313 10 0 0 10 10 10 0 0 0 0 0 0 1192 92 90 2 1800 608 516 0 516 0 0 0 48426105 56343 0 13398 105158 144171 9701525 1783678 780018 2003501161 1996097900 0 2206390641 0 43.400822 193 193 257269 193000 1430 547 120 160000 250000 114 151970 99850 12 16000 25000 12 16000 25000 5805
1790084240767641 10 0 0 10 10 10 0 0 0 0 0 0 1192 91 90 1 1800 608 517 0 517 0 0 0 48426105 56422 0 13416 105158 144222 9701528 1783857 780018 2003501161 2001399159 0 2206390641 0 43.400751 187 187 249271 187000 74 502 120 160000 250000 113 150637 98845 12 16000 25000 12 16000 25000 5804
1790084240767781 10 0 0 10 10 10 0 0 0 0 0 0 1192 90 90 0 1800 608 518 0 518 0 0 0 48426105 56498 0 13435 105158 144228 9701532 1783894 780018 2003501161 2003501161 0 2206390641 0 43.400683 181 181 241273 181000 108 465 120 160000 250000 112 149304 97840 12 16000 25000 12 16000 25000 5802
1790084240968129 10 0 0 10 10 10 0 0 0 0 0 0 1184 97 97 0 1800 616 519 0 519 0 0 0 48579828 56590 0 13450 105371 144256 9747751 1783940 786585 2007800962 2007800962 0 2218141519 0 43.493840 173 173 230609 173000 53 426 120 160000 250000 119 158635 104871 12 16000 25000 12 16000 25000 5819
1790084241041865 10 0 0 10 10 10 0 0 0 0 0 0 1183 97 97 0 1800 617 520 0 520 0 0 0 48589561 56690 0 13473 105479 144283 9811396 1784037 792876 2012907756 2012907756 0 2219633104 0 43.514290 174 174 231942 174000 737 457 120 160000 250000 119 158635 104853 12 16000 25000 12 16000 25000 5825
1790084241079585 10 0 0 10 10 10 0 0 0 0 0 0 1182 97 97 0 1800 618 521 0 521 0 0 0 48599173 56792 0 13488 105586 144312 9839151 1784128 799198 2013311121 2013311121 0 2220866318 0 43.529774 171 171 227943 171000 148 428 120 160000 250000 119 158635 104854 12 16000 25000 12 16000 25000 5826
1790084241151803 10 0 0 10 10 10 0 0 0 0 0 0 1181 97 97 0 1800 619 522 0 522 0 0 0 48618717 56883 0 13503 105711 144342 9891466 1784220 805406 2017643208 2017643208 0 2222361965 0 43.541518 167 167 222611 167000 30 391 120 160000 250000 119 158635 104862 12 16000 25000 12 16000 25000 5834
1790084241190065 10 0 0 10 10 10 0 0 0 0 0 0 1180 97 97 0 1800 620 523 0 523 0 0 0 48628214 56974 0 13518 105816 144371 9919873 1784320 811587 2022586327 2022586327 0 2223857153 0 43.562232 168 168 223944 168000 896 441 120 160000 250000 119 158635 104870 12 16000 25000 12 16000 25000 5841
1790084241264274 10 0 0 10 10 10 0 0 0 0 0 0 1179 97 97 0 1800 621 524 0 524 0 0 0 48702150 57053 0 13534 105885 144381 9919880 1784410 812980 2027014505 2027014505 0 2225362565 0 43.525550 177 177 235941 177000 571 455 120 160000 250000 119 158635 104878 12 16000 25000 12 16000 25000 5850
1790084241267685 10 0 0 10 10 10 0 0 0 0 0 0 1178 97 97 0 1800 622 525 0 525 0 0 0 48705319 57132 0 13550 105955 144389 9919887 1784470 814363 2032011183 2032011183 0 2226862177 0 43.551979 174 174 231942 174000 102 422 120 160000 250000 119 158635 104886 12 16000 25000 12 16000 25000 5858
1790084241283068 10 0 0 10 10 10 0 0 0 0 0 0 1177 97 97 0 1800 623 526 0 526 0 0 0 48714888 57234 0 13566 106063 144421 9925380 1784528 820527 2037041621 2037041621 0 2228364750 0 43.572724 174 174 231942 174000 476 428 120 160000 250000 119 158635 104894 12 16000 25000 12 16000 25000 5866
1790084241366487 10 0 0 10 10 10 0 0 0 0 0 0 1176 97 92 5 1800 624 527 0 527 0 0 0 48797844 57312 0 13580 106324 144429 9925387 1784617 821928 2062425521 2042142282 0 2229868824 0 43.528029 178 178 237274 178000 470 433 120 160000 250000 116 154636 104937 12 16000 25000 12 16000 25000 5908
1790084241366797 10 0 0 10 10 10 0 0 0 0 0 0 1176 94 92 2 1800 624 530 0 530 0 0 0 48797844 57533 0 13622 106325 144437 9925390 1784678 821928 2062425521 2057400542 0 2229868824 0 43.527832 183 183 243939 183000 203 389 120 160000 250000 116 154636 101932 12 16000 25000 12 16000 25000 5904
1790084241367020 10 0 0 10 10 10 0 0 0 0 0 0 1176 93 92 1 1800 624 531 0 531 0 0 0 48797844 57609 0 13639 106325 144462 9925393 1784781 821928 2062425521 2058202128 0 2229868824 0 43.527764 182 182 242606 182000 192 371 120 160000 250000 115 153303 100928 12 16000 25000 12 16000 25000 5902
1790084241367164 10 0 0 10 10 10 0 0 0 0 0 0 1176 92 92 0 1800 624 532 0 532 0 0 0 48797844 57685 0 13656 106325 144469 9925396 1784819 821928 2062425521 2062425521 0 2229868824 0 43.527696 184 184 245272 184000 159 351 120 160000 250000 114 151970 99925 12 16000 25000 12 16000 25000 5901
1790084241449779 10 0 0 10 10 10 0 0 0 0 0 0 1170 97 94 3 1800 630 533 0 533 0 0 0 48880052 57773 0 13672 106569 144478 9925406 1784857 823348 2078850583 2067562731 0 2238887982 0 43.630259 176 176 234608 176000 82 326 120 160000 250000 118 157302 104960 12 16000 25000 12 16000 25000 5931
1790084241449964 10 0 0 10 10 10 0 0 0 0 0 0 1170 96 94 2 1800 630 534 0 534 0 0 0 48880052 57855 0 13690 106569 144485 9925409 1784933 823348 2078850583 2072692442 0 2238887982 0 43.630186 168 168 223944 168000 72 302 120 160000 250000 118 157302 103959 12 16000 25000 12 16000 25000 5930
1790084241450106 10 0 0 10 10 10 0 0 0 0 0 0 1170 95 94 1 1800 630 535 0 535 0 0 0 48880052 57933 0 13708 106569 144492 9925412 1784972 823348 2078850583 2073337834 0 2238887982 0 43.630116 162 162 215946 162000 91 282 120 160000 250000 117 155969 102944 12 16000 25000 12 16000 25000 5928
1790084241450245 10 0 0 10 10 10 0 0 0 0 0 0 1170 94 94 0 1800 630 536 0 536 0 0 0 48880052 58009 0 13726 106569 144499 9925415 1785009 823348 2078850583 2078850583 0 2238887982 0 43.630048 159 159 211947 159000 20 257 120 160000 250000 116 154636 101940 12 16000 25000 12 16000 25000 5927
1790084241467450 10 0 0 10 10 10 0 0 0 0 0 0 1166 97 97 0 1800 634 537 0 537 0 0 0 48893794 58109 0 13742 106756 144527 9928498 1785048 829453 2079344067 2079344067 0 2244904687 0 43.734928 157 157 209281 157000 115 244 120 160000 250000 119 158635 104949 12 16000 25000 12 16000 25000 5931
1790084241551417 10 0 0 10 10 10 0 0 0 0 0 0 1165 97 97 0 1800 635 538 0 538 0 0 0 48977485 58194 0 13758 106819 144536 9928506 1785142 830822 2081047720 2081047720 0 2246405397 0 43.689395 157 157 209281 157000 92 230 120 160000 250000 119 158635 104952 12 16000 25000 12 16000 25000 5934
1790084241725612 10 0 0 10 10 10 0 0 0 0 0 0 1164 97 97 0 1800 636 539 0 539 0 0 0 49036515 58293 0 13781 106929 144558 10043360 1785201 836766 2082999675 2082999675 0 2247893052 0 43.665674 156 156 207948 156000 28 211 120 160000 250000 119 158635 104955 12 16000 25000 12 16000 25000 5938
1790084241905673 10 0 0 10 10 10 0 0 0 0 0 0 1163 97 97 0 1800 637 540 0 540 0 0 0 49045992 58384 0 13796 107035 144586 10213611 1785287 842707 2087301876 2087301876 0 2249109586 0 43.680792 155 155 206615 155000 78 199 120 160000 250000 119 158635 104964 12 16000 25000 12 16000 25000 5946
1790084241924465 10 0 0 10 10 10 0 0 0 0 0 0 1162 97 97 0 1800 638 541 0 541 0 0 0 49055213 58485 0 13818 107134 144618 10222836 1785377 848617 2093803362 2093803362 0 2250314398 0 43.695896 154 154 205282 154000 295 209 120 160000 250000 119 158635 104971 12 16000 25000 12 16000 25000 5954
1790084241983334 10 0 0 10 10 10 0 0 0 0 0 0 1161 97 97 0 1800 639 542 0 542 0 0 0 49064484 58574 0 13834 107261 144653 10272070 1785465 854499 2100312881 2100312881 0 2251816518 0 43.716732 157 157 209281 157000 914 279 120 160000 250000 119 158635 104979 12 16000 25000 12 16000 25000 5962
1790084242111614 10 0 0 10 10 10 0 0 0 0 0 0 1160 97 97 0 1800 640 543 0 543 0 0 0 49083720 59155 0 14119 107404 161946 10362975 1785564 860381 2105669932 2105669932 0 2253325505 0 43.728387 155 155 206615 155000 190 267 120 160000 250000 119 158635 104988 12 16000 25000 12 16000 25000 5970
1790084242205897 10 0 0 10 10 10 0 0 0 0 0 0 1159 97 94 3 1800 641 544 0 544 0 0 0 49177503 59251 0 14136 107594 161958 10362984 1785736 861940 2126508041 2106610249 0 2254822487 0 43.674006 149 149 198617 149000 75 249 120 160000 250000 119 158635 105019 12 16000 25000 12 16000 25000 5995
1790084242206094 10 0 0 10 10 10 0 0 0 0 0 0 1159 96 94 2 1800 641 545 0 545 0 0 0 49177503 59336 0 14155 107594 161965 10362987 1785819 861940 2126508041 2113361259 0 2254822487 0 43.673931 139 139 185287 139000 13 227 120 160000 250000 116 154636 104010 12 16000 25000 12 16000 25000 5994
1790084242206323 10 0 0 10 10 10 0 0 0 0 0 0 1159 94 94 0 1800 641 547 0 547 0 0 0 49177503 59487 0 14190 107594 161972 10362991 1785866 861940 2126508041 2126508041 0 2254822487 0 43.673797 131 131 174623 131000 38 222 120 160000 250000 116 154636 102007 12 16000 25000 12 16000 25000 5991
1790084242232742 10 0 0 10 10 10 0 0 0 0 0 0 1155 97 97 0 1800 645 548 0 548 0 0 0 49191960 59579 0 14205 107772 162006 10374536 1785950 867988 2127367100 2127367100 0 2260550440 0 43.771808 129 129 171957 129000 119 213 120 160000 250000 119 158635 105018 12 16000 25000 12 16000 25000 5996
1790084242306264 10 0 0 10 10 10 0 0 0 0 0 0 1154 97 96 1 1800 646 549 0 549 0 0 0 49265150 59661 0 14220 107885 162014 10374545 1786052 869377 2138272020 2133939871 0 2262046210 0 43.735705 134 134 178622 134000 141 207 120 160000 250000 119 158635 105030 12 16000 25000 12 16000 25000 6011
1790084242306441 10 0 0 10 10 10 0 0 0 0 0 0 1154 96 96 0 1800 646 550 0 550 0 0 0 49265150 59752 0 14239 107885 162021 10374548 1786111 869377 2138272020 2138272020 0 2262046210 0 43.735624 124 124 165292 124000 44 192 120 160000 250000 118 157302 104026 12 16000 25000 12 16000 25000 6010
1790084242406199 10 0 0 10 10 10 0 0 0 0 0 0 1152 97 97 0 1800 648 551 0 551 0 0 0 49276632 59849 0 14258 108039 162044 10462482 1786154 875261 2139217271 2139217271 0 2265083959 0 43.784079 124 124 165292 124000 74 182 120 160000 250000 119 158635 105030 12 16000 25000 12 16000 25000 6012
1790084242476924 10 0 0 10 10 10 0 0 0 0 0 0 1151 97 97 0 1800 649 552 0 552 0 0 0 49285860 59948 0 14279 108139 162073 10523624 1786254 881024 2142966076 2142966076 0 2266584095 0 43.804796 127 127 169291 127000 156 180 120 160000 250000 119 158635 105037 12 16000 25000 12 16000 25000 6019
1790084242583574 10 0 0 10 10 10 0 0 0 0 0 0 1150 97 97 0 1800 650 553 0 553 0 0 0 49304849 60042 0 14298 108247 162094 10610935 1786350 886775 2144781390 2144781390 0 2268078992 0 43.816742 126 126 167958 126000 251 188 120 160000 250000 119 158635 105039 12 16000 25000 12 16000 25000 6022
1790084242678374 10 0 0 10 10 10 0 0 0 0 0 0 1149 97 97 0 1800 651 554 0 554 0 0 0 49314093 60147 0 14316 108366 162115 10696126 1786448 892496 2146642363 2146642363 0 2269586208 0 43.837557 122 122 162626 122000 53 176 120 160000 250000 119 158635 105042 12 16000 25000 12 16000 25000 6024
1790084242693035 10 0 0 10 10 10 0 0 0 0 0 0 1148 97 97 0 1800 652 555 0 555 0 0 0 49323546 60243 0 14335 108477 162138 10700974 1786545 898203 2153312617 2153312617 0 2271086507 0 43.858054 121 121 161293 121000 43 164 120 160000 250000 119 158635 105050 12 16000 25000 12 16000 25000 6032
1790084242706984 10 0 0 10 10 10 0 0 0 0 0 0 1147 97 97 0 1800 653 556 0 556 0 0 0 49332570 60344 0 14351 108594 162166 10705540 1786641 903891 2159894004 2159894004 0 2272299983 0 43.873381 120 120 159960 120000 90 158 120 160000 250000 119 158635 105058 12 16000 25000 12 16000 25000 6040
1790084242730929 10 0 0 10 10 10 0 0 0 0 0 0 1146 97 97 0 1800 654 557 0 557 0 0 0 49356220 60425 0 14366 108664 162185 10705548 1786739 905296 2165228973 2165228973 0 2273806759 0 43.881391 119 119 158627 119000 121 156 120 160000 250000 119 158635 105066 12 16000 25000 12 16000 25000 6048
1790084242734699 10 0 0 10 10 10 0 0 0 0 0 0 1145 97 97 0 1800 655 558 0 558 0 0 0 49359740 60503 0 14379 108744 162192 10705555 1786799 906686 2172021577 2172021577 0 2275040212 0 43.901998 119 119 158627 119000 339 175 120 160000 250000 119 158635 105074 12 16000 25000 12 16000 25000 6056
1790084242758735 10 0 0 10 10 10 0 0 0 0 0 0 1144 97 97 0 1800 656 559 0 559 0 0 0 49383542 60589 0 14394 108802 162203 10705562 1786855 908096 2178577247 2178577247 0 2276544690 0 43.909806 119 119 158627 119000 667 224 120 160000 250000 119 158635 105082 12 16000 25000 12 16000 25000 6064
1790084242779338 10 0 0 10 10 10 0 0 0 0 0 0 1143 97 97 0 1800 657 560 0 560 0 0 0 49392557 60686 0 14416 108922 162232 10716822 1786911 913750 2185282331 2185282331 0 2278042511 0 43.930600 119 119 158627 119000 239 226 120 160000 250000 119 158635 105091 12 16000 25000 12 16000 25000 6073
1790084242804421 10 0 0 10 10 10 0 0 0 0 0 0 1142 97 97 0 1800 658 561 0 561 0 0 0 49401696 60784 0 14432 109036 162258 10732403 1787010 919442 2192135531 2192135531 0 2279531607 0 43.951107 117 117 155961 117000 123 217 120 160000 250000 119 158635 105099 12 16000 25000 12 16000 25000 6081
1790084242804684 10 0 0 10 10 10 0 0 0 0 0 0 1142 96 96 0 1800 658 562 0 562 0 0 0 49401696 60865 0 14446 109090 162265 10732407 1787101 919442 2197467648 2197467648 0 2279531607 0 43.951035 120 120 159960 120000 463 242 120 160000 250000 118 157302 104104 12 16000 25000 12 16000 25000 6088
1790084242821844 10 0 0 10 10 10 0 0 0 0 0 0 1140 97 97 0 1800 660 563 0 563 0 0 0 49412374 60964 0 14468 109237 162296 10738542 1787141 925139 2204046850 2204046850 0 2282531729 0 43.999293 120 120 159960 120000 2018 416 120 160000 250000 119 158635 105115 12 16000 25000 12 16000 25000 6097
1790084242835712 10 0 0 10 10 10 0 0 0 0 0 0 1139 97 97 0 1800 661 564 0 564 0 0 0 49421429 61057 0 14485 109367 162318 10742988 1787235 930735 2210703893 2210703893 0 2284032738 0 44.020087 121 121 161293 121000 438 419 120 160000 250000 119 158635 105123 12 16000 25000 12 16000 25000 6105
1790084242863751 10 0 0 10 10 10 0 0 0 0 0 0 1138 97 97 0 1800 662 565 0 565 0 0 0 49431265 61149 0 14503 109481 162346 10760837 1787326 936356 2217410555 2217410555 0 2285668437 0 44.042776 120 120 159960 120000 270 405 120 160000 250000 119 158635 105131 12 16000 25000 12 16000 25000 6113
1790084242879659 10 0 0 10 10 10 0 0 0 0 0 0 1137 97 97 0 1800 663 566 0 566 0 0 0 49440610 61237 0 14518 109586 162370 10767066 1787419 941879 2218073070 2218073070 0 2287255788 0 44.064964 124 124 165292 124000 195 385 120 160000 250000 119 158635 105132 12 16000 25000 12 16000 25000 6114
1790084242926584 10 0 0 10 10 10 0 0 0 0 0 0 1136 97 97 0 1800 664 567 0 567 0 0 0 49460692 61327 0 14532 109707 162400 10793544 1787520 947456 2224768822 2224768822 0 2288897937 0 44.078639 124 124 165292 124000 88 357 120 160000 250000 119 158635 105142 12 16000 25000 12 16000 25000 6122
1790084242991367 10 0 0 10 10 10 0 0 0 0 0 0 1135 97 97 0 1800 665 568 0 568 0 0 0 49470054 61421 0 14551 109802 162426 10848616 1787623 952998 2229063073 2229063073 0 2290507415 0 44.101212 126 126 167958 126000 152 338 120 160000 250000 119 158635 105150 12 16000 25000 12 16000 25000 6131
1790084243002947 10 0 0 10 10 10 0 0 0 0 0 0 1134 97 97 0 1800 666 569 0 569 0 0 0 49479580 61521 0 14567 109915 162457 10850296 1787722 958538 2233356157 2233356157 0 2292107661 0 44.123448 126 126 167958 126000 781 382 120 160000 250000 119 158635 105159 12 16000 25000 12 16000 25000 6139
1790084243107114 10 0 0 10 10 10 0 0 0 0 0 0 1133 97 97 0 1800 667 570 0 570 0 0 0 49499315 61611 0 14583 110020 162485 10934385 1787818 963983 2236910181 2236910181 0 2293705127 0 44.136538 127 127 169291 127000 291 374 120 160000 250000 119 158635 105165 12 16000 25000 12 16000 25000 6146
1790084243144168 10 0 0 10 10 10 0 0 0 0 0 0 1132 97 97 0 1800 668 571 0 571 0 0 0 49536065 61694 0 14600 110107 162494 10934395 1787911 966977 2241318362 2241318362 0 2295298738 0 44.134402 123 123 163959 123000 38 342 120 160000 250000 119 158635 105174 12 16000 25000 12 16000 25000 6154
1790084243178358 10 0 0 10 10 10 0 0 0 0 0 0 1131 97 97 0 1800 669 572 0 572 0 0 0 49545405 61788 0 14616 110232 162529 10958904 1787976 972403 2244830025 2244830025 0 2296902830 0 44.156847 123 123 163959 123000 873 395 120 160000 250000 119 158635 105181 12 16000 25000 12 16000 25000 6161
1790084243272743 10 0 0 10 10 10 0 0 0 0 0 0 1130 97 92 5 1800 670 573 0 573 0 0 0 49639299 61867 0 14630 110507 162538 10958911 1788077 973794 2273468734 2248036399 0 2298575010 0 44.105443 119 119 158627 119000 55 362 120 160000 250000 119 158635 105233 12 16000 25000 12 16000 25000 6208
1790084243272921 10 0 0 10 10 10 0 0 0 0 0 0 1130 96 92 4 1800 670 574 0 574 0 0 0 49639299 61948 0 14649 110507 162545 10958914 1788146 973794 2273468734 2252347664 0 2298575010 0 44.105371 120 120 159960 120000 181 345 120 160000 250000 118 157302 104228 12 16000 25000 12 16000 25000 6207
1790084243273070 10 0 0 10 10 10 0 0 0 0 0 0 1130 95 92 3 1800 670 575 0 575 0 0 0 49639299 62030 0 14668 110507 162553 10958917 1788186 973794 2273468734 2257677722 0 2298575010 0 44.105298 119 119 158627 119000 180 330 120 160000 250000 114 151970 103221 12 16000 25000 12 16000 25000 6205
1790084243273352 10 0 0 10 10 10 0 0 0 0 0 0 1130 92 92 0 1800 670 578 0 578 0 0 0 49639299 62243 0 14711 110507 162561 10958920 1788226 973794 2273468734 2273468734 0 2298575010 0 44.105109 109 109 145297 109000 65 283 120 160000 250000 114 151970 100216 12 16000 25000 12 16000 25000 6201
1790084243426516 10 0 0 10 10 10 0 0 0 0 0 0 1124 97 91 6 1800 676 579 0 579 0 0 0 49791827 62331 0 14728 110889 162588 10958930 1788337 975247 2307490016 2278542294 0 2308102536 0 44.152347 105 105 139965 105000 50 261 120 160000 250000 119 158635 105295 12 16000 25000 12 16000 25000 6259
1790084243426715 10 0 0 10 10 10 0 0 0 0 0 0 1124 96 91 5 1800 676 580 0 580 0 0 0 49791827 62407 0 14743 110907 162596 10958934 1788414 975247 2307490016 2280504972 0 2308102536 0 44.152280 103 103 137299 103000 82 245 120 160000 250000 118 157302 104290 12 16000 25000 12 16000 25000 6258
1790084243426863 10 0 0 10 10 10 0 0 0 0 0 0 1124 95 91 4 1800 676 581 0 581 0 0 0 49791827 62486 0 14762 110907 162603 10958937 1788456 975247 2307490016 2285828025 0 2308102536 0 44.152210 104 104 138632 104000 186 241 120 160000 250000 117 155969 103284 12 16000 25000 12 16000 25000 6256
1790084243427006 10 0 0 10 10 10 0 0 0 0 0 0 1124 94 91 3 1800 676 582 0 582 0 0 0 49791827 62565 0 14778 110907 162611 10958940 1788493 975247 2307490016 2291301542 0 2308102536 0 44.152140 103 103 137299 103000 62 225 120 160000 250000 113 150637 102268 12 16000 25000 12 16000 25000 6255
1790084243427282 10 0 0 10 10 10 0 0 0 0 0 0 1124 91 91 0 1800 676 585 0 585 0 0 0 49791827 62776 0 14820 110907 162618 10958944 1788531 975247 2307490016 2307490016 0 2308102536 0 44.151953 100 100 133300 100000 84 197 120 160000 250000 113 150637 99264 12 16000 25000 12 16000 25000 6251
1790084243622166 10 0 0 10 10 10 0 0 0 0 0 0 1117 97 94 3 1800 683 586 0 586 0 0 0 49986182 62865 0 14837 111179 162653 10958954 1788638 976722 2325346653 2311815281 0 2319260591 0 44.193034 96 96 127968 96000 38 183 120 160000 250000 117 155969 105318 12 16000 25000 12 16000 25000 6289
1790084243622432 10 0 0 10 10 10 0 0 0 0 0 0 1117 95 94 1 1800 683 588 0 588 0 0 0 49986182 63023 0 14868 111179 162660 10958958 1788717 976722 2325346653 2318834707 0 2319260591 0 44.192895 88 88 117304 88000 22 162 120 160000 250000 117 155969 103316 12 16000 25000 12 16000 25000 6287
1790084243622640 10 0 0 10 10 10 0 0 0 0 0 0 1117 94 94 0 1800 683 589 0 589 0 0 0 49986182 63099 0 14884 111197 162677 10958962 1788794 976722 2325346653 2325346653 0 2319260591 0 44.192828 89 89 118637 89000 186 166 120 160000 250000 116 154636 102311 12 16000 25000 12 16000 25000 6285
1790084243752264 10 0 0 10 10 10 0 0 0 0 0 0 1113 97 97 0 1800 687 590 0 590 0 0 0 50115537 63181 0 14900 111309 162687 10958971 1788832 978168 2326137319 2326137319 0 2325762885 0 44.202411 86 86 114638 86000 48 156 120 160000 250000 119 158635 105322 12 16000 25000 12 16000 25000 6291
1790084243766284 10 0 0 10 10 10 0 0 0 0 0 0 1112 97 97 0 1800 688 591 0 591 0 0 0 50129321 63265 0 14918 111357 162696 10958979 1788902 979562 2327220753 2327220753 0 2327395864 0 44.221225 80 80 106640 80000 7 142 120 160000 250000 119 158635 105321 12 16000 25000 12 16000 25000 6292
1790084243838677 10 0 0 10 10 10 0 0 0 0 0 0 1111 97 97 0 1800 689 592 0 592 0 0 0 50138690 63363 0 14937 111477 162729 11021654 1788979 984816 2331497768 2331497768 0 2329043965 0 44.244195 79 79 105307 79000 267 155 120 160000 250000 119 158635 105331 12 16000 25000 12 16000 25000 6300
1790084243851999 10 0 0 10 10 10 0 0 0 0 0 0 1110 97 97 0 1800 690 593 0 593 0 0 0 50151736 63448 0 14951 111542 162737 11021661 1789073 986215 2335782579 2335782579 0 2330627153 0 44.262693 81 81 107973 81000 641 204 120 160000 250000 119 158635 105339 12 16000 25000 12 16000 25000 6309
1790084243874944 10 0 0 10 10 10 0 0 0 0 0 0 1109 97 97 0 1800 691 594 0 594 0 0 0 50174431 63531 0 14965 111617 162745 11021668 1789133 987623 2340080101 2340080101 0 2332280193 0 44.274004 84 84 111972 84000 317 216 120 160000 250000 119 158635 105347 12 16000 25000 12 16000 25000 6317
1790084243948179 10 0 0 10 10 10 0 0 0 0 0 0 1108 97 95 2 1800 692 595 0 595 0 0 0 50247356 63612 0 14979 111754 162753 11021676 1789188 989025 2349565659 2340869381 0 2333877509 0 44.240036 83 83 110639 83000 172 212 120 160000 250000 119 158635 105368 12 16000 25000 12 16000 25000 6334
1790084243948352 10 0 0 10 10 10 0 0 0 0 0 0 1108 96 95 1 1800 692 596 0 596 0 0 0 50247356 63693 0 14999 111754 162761 11021679 1789253 989025 2349565659 2345196661 0 2333877509 0 44.239965 86 86 114638 86000 56 198 120 160000 250000 117 155969 104361 12 16000 25000 12 16000 25000 6333
1790084243948508 10 0 0 10 10 10 0 0 0 0 0 0 1108 95 95 0 1800 692 597 0 597 0 0 0 50247356 63775 0 15018 111754 162768 11021683 1789301 989025 2349565659 2349565659 0 2333877509 0 44.239893 85 85 113305 85000 69 186 120 160000 250000 117 155969 103359 12 16000 25000 12 16000 25000 6331
1790084243966990 10 0 0 10 10 10 0 0 0 0 0 0 1105 97 97 0 1800 695 598 0 598 0 0 0 50265577 63856 0 15035 111856 162780 11021694 1789339 992100 2350769178 2350769178 0 2338723456 0 44.315629 86 86 114638 86000 1266 292 120 160000 250000 119 158635 105367 12 16000 25000 12 16000 25000 6336
1790084243993822 10 0 0 10 10 10 0 0 0 0 0 0 1104 97 97 0 1800 696 599 0 599 0 0 0 50274496 63959 0 15056 111968 162811 11039269 1789409 997189 2351132043 2351132043 0 2340039751 0 44.332624 89 89 118637 89000 278 292 120 160000 250000 119 158635 105363 12 16000 25000 12 16000 25000 6336
1790084244048341 10 0 0 10 10 10 0 0 0 0 0 0 1103 97 97 0 1800 697 600 0 600 0 0 0 50328741 64039 0 15070 112029 162819 11039276 1789508 998613 2355423131 2355423131 0 2341328526 0 44.309222 89 89 118637 89000 65 271 120 160000 250000 119 158635 105370 12 16000 25000 12 16000 25000 6343
1790084244126806 10 0 0 10 10 10 0 0 0 0 0 0 1102 97 96 1 1800 698 601 0 601 0 0 0 50377473 64128 0 15085 112189 162843 11068646 1789577 1003703 2359386367 2355925098 0 2342961212 0 44.297205 90 90 119970 90000 105 256 120 160000 250000 119 158635 105378 12 16000 25000 12 16000 25000 6350
1790084244127015 10 0 0 10 10 10 0 0 0 0 0 0 1102 96 96 0 1800 698 602 0 602 0 0 0 50377473 64215 0 15103 112189 162850 11068648 1789671 1003703 2359386367 2359386367 0 2342961212 0 44.297128 88 88 117304 88000 20 234 120 160000 250000 118 157302 104372 12 16000 25000 12 16000 25000 6349
1790084244222143 10 0 0 10 10 10 0 0 0 0 0 0 1100 97 95 2 1800 700 603 0 603 0 0 0 50472276 64296 0 15118 112356 162859 11068656 1789714 1005111 2369218428 2363632162 0 2346287664 0 44.276733 90 90 119970 90000 739 284 120 160000 250000 119 158635 105395 12 16000 25000 12 16000 25000 6368
1790084244222311 10 0 0 10 10 10 0 0 0 0 0 0 1100 96 95 1 1800 700 604 0 604 0 0 0 50472276 64374 0 15135 112356 162866 11068659 1789778 1005111 2369218428 2367897946 0 2346287664 0 44.276664 91 91 121303 91000 170 274 120 160000 250000 118 157302 104390 12 16000 25000 12 16000 25000 6367
1790084244222468 10 0 0 10 10 10 0 0 0 0 0 0 1100 95 95 0 1800 700 605 0 605 0 0 0 50472276 64462 0 15159 112357 162873 11068662 1789820 1005111 2369218428 2369218428 0 2346287664 0 44.276587 93 93 123969 93000 262 274 120 160000 250000 117 155969 103386 12 16000 25000 12 16000 25000 6366
1790084244386364 10 0 0 10 10 10 0 0 0 0 0 0 1097 97 97 0 1800 703 606 0 606 0 0 0 50534268 64557 0 15176 112510 162903 11170228 1789859 1010244 2373554292 2373554292 0 2351159003 0 44.314072 89 89 118637 89000 14 249 120 160000 250000 119 158635 105401 12 16000 25000 12 16000 25000 6377
1790084244412392 10 0 0 10 10 10 0 0 0 0 0 0 1096 97 96 1 1800 704 607 0 607 0 0 0 50543276 64647 0 15192 112669 162939 11186842 1789960 1015218 2382139375 2377814729 0 2352796943 0 44.336971 89 89 118637 89000 787 302 120 160000 250000 119 158635 105417 12 16000 25000 12 16000 25000 6393
1790084244412594 10 0 0 10 10 10 0 0 0 0 0 0 1096 96 96 0 1800 704 608 0 608 0 0 0 50543276 64728 0 15212 112669 162946 11186846 1790053 1015218 2382139375 2382139375 0 2352796943 0 44.336900 87 87 115971 87000 184 292 120 160000 250000 118 157302 104414 12 16000 25000 12 16000 25000 6392
1790084244428204 10 0 0 10 10 10 0 0 0 0 0 0 1094 97 97 0 1800 706 609 0 609 0 0 0 50558634 64808 0 15227 112764 162954 11186855 1790092 1016641 2383249866 2383249866 0 2356103415 0 44.385668 87 87 115971 87000 751 337 120 160000 250000 119 158635 105412 12 16000 25000 12 16000 25000 6394
1790084244432128 10 0 0 10 10 10 0 0 0 0 0 0 1093 97 97 0 1800 707 610 0 610 0 0 0 50562304 64888 0 15242 112842 162962 11186863 1790155 1018041 2387602955 2387602955 0 2357701616 0 44.412486 85 85 113305 85000 30 308 120 160000 250000 119 158635 105421 12 16000 25000 12 16000 25000 6403
1790084244557622 10 0 0 10 10 10 0 0 0 0 0 0 1092 97 97 0 1800 708 611 0 611 0 0 0 50687557 64969 0 15257 112905 162971 11186871 1790217 1019473 2388009766 2388009766 0 2359298344 0 44.332813 84 84 111972 84000 185 297 120 160000 250000 119 158635 105421 12 16000 25000 12 16000 25000 6403
1790084244664740 10 0 0 10 10 10 0 0 0 0 0 0 1091 97 97 0 1800 709 612 0 612 0 0 0 50696642 65084 0 15286 112997 162997 11284590 1790278 1024418 2392291527 2392291527 0 2360973092 0 44.356242 78 78 103974 78000 4 270 120 160000 250000 119 158635 105430 12 16000 25000 12 16000 25000 6412
1790084244698497 10 0 0 10 10 10 0 0 0 0 0 0 1090 97 97 0 1800 710 613 0 613 0 0 0 50705494 65177 0 15303 113126 163024 11309124 1790374 1029315 2393136708 2393136708 0 2362261778 0 44.372634 78 78 103974 78000 764 319 120 160000 250000 119 158635 105431 12 16000 25000 12 16000 25000 6413
1790084244759815 10 0 0 10 10 10 0 0 0 0 0 0 1089 97 97 0 1800 711 614 0 614 0 0 0 50745575 65265 0 15320 113234 163047 11330015 1790473 1034230 2397359897 2397359897 0 2363914518 0 44.368575 76 76 101308 76000 61 295 120 160000 250000 119 158635 105439 12 16000 25000 12 16000 25000 6421
1790084244850892 10 0 0 10 10 10 0 0 0 0 0 0 1088 97 97 0 1800 712 615 0 615 0 0 0 50784954 65363 0 15339 113321 163076 11381387 1790564 1039131 2403930044 2403930044 0 2365569659 0 44.365171 75 75 99975 75000 267 293 120 160000 250000 119 158635 105446 12 16000 25000 12 16000 25000 6429
1790084244863092 10 0 0 10 10 10 0 0 0 0 0 0 1087 97 97 0 1800 713 616 0 616 0 0 0 50793792 65452 0 15355 113442 163098 11384403 1790655 1043978 2405315926 2405315926 0 2367225639 0 44.388436 78 78 103974 78000 422 307 120 160000 250000 119 158635 105448 12 16000 25000 12 16000 25000 6431
1790084244907538 10 0 0 10 10 10 0 0 0 0 0 0 1086 97 97 0 1800 714 617 0 617 0 0 0 50837944 65542 0 15373 113518 163106 11384409 1790749 1045394 2411911955 2411911955 0 2368887357 0 44.380989 75 75 99975 75000 31 281 120 160000 250000 119 158635 105456 12 16000 25000 12 16000 25000 6439
1790084244981142 10 0 0 10 10 10 0 0 0 0 0 0 1085 97 97 0 1800 715 618 0 618 0 0 0 50911310 65627 0 15390 113575 163114 11384416 1790812 1046793 2416183232 2416183232 0 2370545161 0 44.348056 75 75 99975 75000 188 273 120 160000 250000 119 158635 105464 12 16000 25000 12 16000 25000 6446
1790084244996951 10 0 0 10 10 10 0 0 0 0 0 0 1084 97 97 0 1800 716 619 0 619 0 0 0 50920278 65732 0 15414 113683 163150 11390933 1790869 1051616 2418245694 2418245694 0 2372180880 0 44.370759 75 75 99975 75000 187 265 120 160000 250000 119 158635 105466 12 16000 25000 12 16000 25000 6448
1790084245050477 10 0 0 10 10 10 0 0 0 0 0 0 1083 97 96 1 1800 717 620 0 620 0 0 0 50973481 65827 0 15436 113787 163158 11390941 1790958 1053040 2426179242 2422611812 0 2373823325 0 44.355114 77 77 102641 77000 283 267 120 160000 250000 119 158635 105480 12 16000 25000 12 16000 25000 6462
1790084245050645 10 0 0 10 10 10 0 0 0 0 0 0 1083 96 96 0 1800 717 621 0 621 0 0 0 50973481 65907 0 15455 113787 163165 11390944 1791019 1053040 2426179242 2426179242 0 2373823325 0 44.355045 76 76 101308 76000 77 249 120 160000 250000 118 157302 104476 12 16000 25000 12 16000 25000 6460
1790084245067047 10 0 0 10 10 10 0 0 0 0 0 0 1081 97 97 0 1800 719 622 0 622 0 0 0 50989634 65993 0 15470 113879 163173 11390951 1791059 1054470 2430536142 2430536142 0 2377117829 0 44.402475 75 75 99975 75000 54 231 120 160000 250000 119 158635 105488 12 16000 25000 12 16000 25000 6470
1790084245102142 10 0 0 10 10 10 0 0 0 0 0 0 1080 97 96 1 1800 720 623 0 623 0 0 0 51024416 66076 0 15487 114013 163181 11390959 1791118 1055871 2439193724 2434883528 0 2378674966 0 44.401240 76 76 101308 76000 275 237 120 160000 250000 119 158635 105505 12 16000 25000 12 16000 25000 6485
1790084245102334 10 0 0 10 10 10 0 0 0 0 0 0 1080 96 96 0 1800 720 624 0 624 0 0 0 51024416 66155 0 15507 114013 163189 11390962 1791204 1055871 2439193724 2439193724 0 2378674966 0 44.401172 76 76 101308 76000 135 224 120 160000 250000 118 157302 104500 12 16000 25000 12 16000 25000 6484
1790084245122637 10 0 0 10 10 10 0 0 0 0 0 0 1078 97 97 0 1800 722 625 0 625 0 0 0 51035423 66249 0 15522 114151 163221 11399930 1791246 1060622 2445880356 2445880356 0 2381875563 0 44.451257 77 77 102641 77000 193 222 120 160000 250000 119 158635 105513 12 16000 25000 12 16000 25000 6494
1790084245126619 10 0 0 10 10 10 0 0 0 0 0 0 1077 97 97 0 1800 723 626 0 626 0 0 0 51039131 66330 0 15536 114218 163230 11399937 1791338 1062025 2451271221 2451271221 0 2383528314 0 44.478803 79 79 105307 79000 150 216 120 160000 250000 119 158635 105521 12 16000 25000 12 16000 25000 6502
1790084245201162 10 0 0 10 10 10 0 0 0 0 0 0 1076 97 97 0 1800 724 627 0 627 0 0 0 51047929 66440 0 15556 114336 163256 11465346 1791400 1066707 2451676531 2451676531 0 2385191783 0 44.502088 82 82 109306 82000 963 290 120 160000 250000 119 158635 105521 12 16000 25000 12 16000 25000 6503
1790084245263017 10 0 0 10 10 10 0 0 0 0 0 0 1075 97 97 0 1800 725 628 0 628 0 0 0 51086587 66539 0 15572 114443 163283 11488196 1791492 1071403 2455208210 2455208210 0 2386848351 0 44.499254 82 82 109306 82000 12 264 120 160000 250000 119 158635 105528 12 16000 25000 12 16000 25000 6510
1790084245310992 10 0 0 10 10 10 0 0 0 0 0 0 1074 97 97 0 1800 726 629 0 629 0 0 0 51114479 66630 0 15587 114571 163308 11507915 1791588 1076079 2460578325 2460578325 0 2388509392 0 44.505875 83 83 110639 83000 665 304 120 160000 250000 119 158635 105537 12 16000 25000 12 16000 25000 6518
1790084245362685 10 0 0 10 10 10 0 0 0 0 0 0 1073 97 97 0 1800 727 630 0 630 0 0 0 51143262 66725 0 15603 114689 163332 11530472 1791682 1080678 2462187300 2462187300 0 2390152662 0 44.511380 84 84 111972 84000 221 297 120 160000 250000 119 158635 105539 12 16000 25000 12 16000 25000 6521
1790084245387053 10 0 0 10 10 10 0 0 0 0 0 0 1072 97 97 0 1800 728 631 0 631 0 0 0 51167339 66809 0 15618 114763 163340 11530480 1791781 1082083 2466467201 2466467201 0 2391829256 0 44.521598 83 83 110639 83000 19 271 120 160000 250000 119 158635 105548 12 16000 25000 12 16000 25000 6529
1790084245400362 10 0 0 10 10 10 0 0 0 0 0 0 1071 97 96 1 1800 729 632 0 632 0 0 0 51180353 66898 0 15635 114873 163349 11530487 1791845 1083484 2474994205 2471507643 0 2393416343 0 44.539749 85 85 113305 85000 158 261 120 160000 250000 119 158635 105564 12 16000 25000 12 16000 25000 6544
1790084245400552 10 0 0 10 10 10 0 0 0 0 0 0 1071 96 96 0 1800 729 633 0 633 0 0 0 51180353 66973 0 15649 114892 163356 11530491 1791913 1083484 2474994205 2474994205 0 2393416343 0 44.539684 88 88 117304 88000 160 252 120 160000 250000 118 157302 104559 12 16000 25000 12 16000 25000 6543
1790084245515353 10 0 0 10 10 10 0 0 0 0 0 0 1069 97 97 0 1800 731 634 0 634 0 0 0 51294906 67059 0 15662 114980 163365 11530500 1791953 1084904 2475648320 2475648320 0 2396591336 0 44.499224 90 90 119970 90000 441 271 120 160000 250000 119 158635 105563 12 16000 25000 12 16000 25000 6545
1790084245529167 10 0 0 10 10 10 0 0 0 0 0 0 1068 97 97 0 1800 732 635 0 635 0 0 0 51308455 67141 0 15677 115053 163373 11530507 1792029 1086304 2480015705 2480015705 0 2398239542 0 44.518013 94 94 125302 94000 68 252 120 160000 250000 119 158635 105572 12 16000 25000 12 16000 25000 6553
1790084245570816 10 0 0 10 10 10 0 0 0 0 0 0 1067 97 97 0 1800 733 636 0 636 0 0 0 51317056 67235 0 15694 115173 163398 11563227 1792095 1090822 2480851290 2480851290 0 2399837473 0 44.540137 104 104 138632 104000 457 273 120 160000 250000 119 158635 105573 12 16000 25000 12 16000 25000 6554
1790084245622081 10 0 0 10 10 10 0 0 0 0 0 0 1066 97 97 0 1800 734 637 0 637 0 0 0 51325601 67331 0 15709 115280 163421 11605586 1792192 1095346 2481369787 2481369787 0 2401419142 0 44.561998 111 111 147963 111000 24 250 120 160000 250000 119 158635 105574 12 16000 25000 12 16000 25000 6555
1790084245637003 10 0 0 10 10 10 0 0 0 0 0 0 1065 97 97 0 1800 735 638 0 638 0 0 0 51334092 67434 0 15724 115386 163442 11611661 1792290 1099821 2485736982 2485736982 0 2403064298 0 44.585071 107 107 142631 107000 15 228 120 160000 250000 119 158635 105582 12 16000 25000 12 16000 25000 6564
1790084245671231 10 0 0 10 10 10 0 0 0 0 0 0 1064 97 97 0 1800 736 639 0 639 0 0 0 51368013 67521 0 15740 115470 163450 11611669 1792389 1101439 2489959970 2489959970 0 2404708391 0 44.586076 116 116 154628 116000 855 290 120 160000 250000 119 158635 105590 12 16000 25000 12 16000 25000 6572
1790084245873599 10 0 0 10 10 10 0 0 0 0 0 0 1063 97 97 0 1800 737 640 0 640 0 0 0 51376463 67624 0 15758 115576 163476 11805259 1792458 1105908 2494226996 2494226996 0 2406305321 0 44.608267 124 124 165292 124000 66 269 120 160000 250000 119 158635 105598 12 16000 25000 12 16000 25000 6580
1790084246038156 10 0 0 10 10 10 0 0 0 0 0 0 1062 97 97 0 1800 738 641 0 641 0 0 0 51385680 67724 0 15779 115676 163514 11960248 1792548 1110353 2494976816 2494976816 0 2407942868 0 44.630541 122 122 162626 122000 78 251 120 160000 250000 119 158635 105599 12 16000 25000 12 16000 25000 6581
1790084246097072 10 0 0 10 10 10 0 0 0 0 0 0 1061 97 97 0 1800 739 642 0 642 0 0 0 51394204 67830 0 15805 115788 163539 12010276 1792648 1114806 2495496748 2495496748 0 2409577640 0 44.653352 117 117 155961 117000 31 230 120 160000 250000 119 158635 105600 12 16000 25000 12 16000 25000 6582
1790084246154749 10 0 0 10 10 10 0 0 0 0 0 0 1060 97 97 0 1800 740 643 0 643 0 0 0 51412184 67922 0 15821 115900 163561 12049628 1792744 1119218 2496667263 2496667263 0 2410941396 0 44.662940 115 115 153295 115000 92 218 120 160000 250000 119 158635 105600 12 16000 25000 12 16000 25000 6582
1790084246189085 10 0 0 10 10 10 0 0 0 0 0 0 1059 97 97 0 1800 741 644 0 644 0 0 0 51446238 68007 0 15838 115965 163570 12049635 1792841 1120629 2502016396 2502016396 0 2412583832 0 44.663748 109 109 145297 109000 16 199 120 160000 250000 119 158635 105609 12 16000 25000 12 16000 25000 6591
1790084246284557 10 0 0 10 10 10 0 0 0 0 0 0 1058 97 97 0 1800 742 645 0 645 0 0 0 51464622 68119 0 15856 116067 163594 12126396 1792905 1125037 2507398462 2507398462 0 2414226981 0 44.678125 111 111 147963 111000 215 201 120 160000 250000 119 158635 105617 12 16000 25000 12 16000 25000 6600
1790084246364794 10 0 0 10 10 10 0 0 0 0 0 0 1057 97 97 0 1800 743 646 0 646 0 0 0 51473456 68212 0 15874 116208 163620 12197427 1792998 1129409 2512848875 2512848875 0 2415874923 0 44.700879 110 110 146630 110000 63 189 120 160000 250000 119 158635 105626 12 16000 25000 12 16000 25000 6608
1790084246388141 10 0 0 10 10 10 0 0 0 0 0 0 1056 97 97 0 1800 744 647 0 647 0 0 0 51496525 68299 0 15893 116272 163628 12197435 1793089 1130826 2517950796 2517950796 0 2417474973 0 44.710398 110 110 146630 110000 373 208 120 160000 250000 119 158635 105634 12 16000 25000 12 16000 25000 6616
1790084246473885 10 0 0 10 10 10 0 0 0 0 0 0 1055 97 92 5 1800 745 648 0 648 0 0 0 51581832 68384 0 15910 116530 163637 12197443 1793150 1132258 2549007805 2522983851 0 2419117788 0 44.666812 112 112 149296 112000 282 216 120 160000 250000 116 154636 105685 12 16000 25000 12 16000 25000 6664
1790084246474190 10 0 0 10 10 10 0 0 0 0 0 0 1055 94 92 2 1800 745 651 0 651 0 0 0 51581832 68602 0 15950 116531 163645 12197446 1793209 1132258 2549007805 2538112892 0 2419117788 0 44.666624 107 107 142631 107000 141 193 120 160000 250000 116 154636 102681 12 16000 25000 12 16000 25000 6660
1790084246474424 10 0 0 10 10 10 0 0 0 0 0 0 1055 93 92 1 1800 745 652 0 652 0 0 0 51581832 68689 0 15967 116531 163670 12197449 1793311 1132258 2549007805 2543633010 0 2419117788 0 44.666549 107 107 142631 107000 270 201 120 160000 250000 115 153303 101676 12 16000 25000 12 16000 25000 6658
1790084246474575 10 0 0 10 10 10 0 0 0 0 0 0 1055 92 92 0 1800 745 653 0 653 0 0 0 51581832 68768 0 15987 116531 163677 12197453 1793352 1132258 2549007805 2549007805 0 2419117788 0 44.666480 106 106 141298 106000 130 195 120 160000 250000 114 151970 100671 12 16000 25000 12 16000 25000 6657
1790084246660545 10 0 0 10 10 10 0 0 0 0 0 0 1049 97 95 2 1800 751 654 0 654 0 0 0 51767430 68855 0 16003 116745 163686 12197461 1793389 1133707 2564372639 2554127583 0 2428593527 0 44.680811 104 104 138632 104000 94 186 120 160000 250000 117 155969 105708 12 16000 25000 12 16000 25000 6689
1790084246660793 10 0 0 10 10 10 0 0 0 0 0 0 1049 95 95 0 1800 751 656 0 656 0 0 0 51767430 69006 0 16034 116745 163694 12197464 1793459 1133707 2564372639 2564372639 0 2428593527 0 44.680681 103 103 137299 103000 878 208 120 160000 250000 117 155969 103705 12 16000 25000 12 16000 25000 6686
1790084246980593 10 0 0 10 10 10 0 0 0 0 0 0 1046 97 95 2 1800 754 657 0 657 0 0 0 52086832 69093 0 16049 116938 163714 12197473 1793530 1135171 2574741076 2568894102 0 2433392746 0 44.494737 96 96 127968 96000 34 192 120 160000 250000 119 158635 105733 12 16000 25000 12 16000 25000 6707
1790084246980774 10 0 0 10 10 10 0 0 0 0 0 0 1046 96 95 1 1800 754 658 0 658 0 0 0 52086832 69172 0 16068 116938 163721 12197476 1793604 1135171 2574741076 2570508686 0 2433392746 0 44.494670 82 82 109306 82000 14 176 120 160000 250000 118 157302 104729 12 16000 25000 12 16000 25000 6706
1790084246980916 10 0 0 10 10 10 0 0 0 0 0 0 1046 95 95 0 1800 754 659 0 659 0 0 0 52086832 69250 0 16085 116938 163728 12197479 1793643 1135171 2574741076 2574741076 0 2433392746 0 44.494603 75 75 99975 75000 7 160 120 160000 250000 117 155969 103723 12 16000 25000 12 16000 25000 6704
1790084247035267 10 0 0 10 10 10 0 0 0 0 0 0 1043 97 97 0 1800 757 660 0 660 0 0 0 52099392 69345 0 16102 117068 163765 12238943 1793681 1139450 2576373544 2576373544 0 2438193027 0 44.571561 68 68 90644 68000 16 147 120 160000 250000 119 158635 105732 12 16000 25000 12 16000 25000 6710
1790084247065605 10 0 0 10 10 10 0 0 0 0 0 0 1042 97 97 0 1800 758 661 0 661 0 0 0 52117326 69445 0 16124 117169 163790 12251005 1793775 1143650 2580703234 2580703234 0 2439851059 0 44.586458 71 71 94643 71000 109 145 120 160000 250000 119 158635 105740 12 16000 25000 12 16000 25000 6717
1790084247192172 10 0 0 10 10 10 0 0 0 0 0 0 1041 97 97 0 1800 759 662 0 662 0 0 0 52125953 69543 0 16143 117264 163818 12368602 1793875 1147792 2585682773 2585682773 0 2441500934 0 44.609150 71 71 94643 71000 947 225 120 160000 250000 119 158635 105743 12 16000 25000 12 16000 25000 6725
1790084247341321 10 0 0 10 10 10 0 0 0 0 0 0 1040 97 97 0 1800 760 663 0 663 0 0 0 52194038 69638 0 16160 117364 163844 12449332 1793966 1151926 2590026253 2590026253 0 2443133650 0 44.580749 73 73 97309 73000 865 288 120 160000 250000 119 158635 105751 12 16000 25000 12 16000 25000 6733
1790084247363164 10 0 0 10 10 10 0 0 0 0 0 0 1039 97 97 0 1800 761 664 0 664 0 0 0 52202009 69738 0 16183 117457 163868 12462852 1794067 1156030 2590893375 2590893375 0 2444725744 0 44.602912 73 73 97309 73000 738 333 120 160000 250000 119 158635 105752 12 16000 25000 12 16000 25000 6734
1790084247403277 10 0 0 10 10 10 0 0 0 0 0 0 1038 97 97 0 1800 762 665 0 665 0 0 0 52210329 69835 0 16199 117582 163889 12494277 1794167 1160133 2595277918 2595277918 0 2446378617 0 44.625882 71 71 94643 71000 116 313 120 160000 250000 119 158635 105761 12 16000 25000 12 16000 25000 6743
1790084247417460 10 0 0 10 10 10 0 0 0 0 0 0 1037 97 97 0 1800 763 666 0 666 0 0 0 52224217 69926 0 16216 117646 163898 12494285 1794272 1161567 2601911175 2601911175 0 2447962377 0 44.642836 73 73 97309 73000 289 311 120 160000 250000 119 158635 105768 12 16000 25000 12 16000 25000 6751
1790084247441200 10 0 0 10 10 10 0 0 0 0 0 0 1036 97 96 1 1800 764 667 0 667 0 0 0 52247680 70008 0 16230 117744 163908 12494292 1794334 1162990 2611326830 2607039692 0 2449591338 0 44.652438 74 74 98642 74000 416 322 120 160000 250000 119 158635 105785 12 16000 25000 12 16000 25000 6768
1790084247441395 10 0 0 10 10 10 0 0 0 0 0 0 1036 96 96 0 1800 764 668 0 668 0 0 0 52247680 70086 0 16247 117763 163922 12494296 1794393 1162990 2611326830 2611326830 0 2449591338 0 44.652372 73 73 97309 73000 65 298 120 160000 250000 118 157302 104782 12 16000 25000 12 16000 25000 6766
1790084247462085 10 0 0 10 10 10 0 0 0 0 0 0 1034 97 97 0 1800 766 669 0 669 0 0 0 52267575 70179 0 16263 117903 163946 12494769 1794434 1167037 2613659079 2613659079 0 2452877090 0 44.695190 72 72 95976 72000 93 279 120 160000 250000 119 158635 105787 12 16000 25000 12 16000 25000 6770
1790084247559643 10 0 0 10 10 10 0 0 0 0 0 0 1033 97 97 0 1800 767 670 0 670 0 0 0 52276141 70270 0 16278 118011 163964 12583421 1794531 1171077 2618999299 2618999299 0 2454497199 0 44.717315 73 73 97309 73000 355 287 120 160000 250000 119 158635 105794 12 16000 25000 12 16000 25000 6777
1790084247613406 10 0 0 10 10 10 0 0 0 0 0 0 1032 97 97 0 1800 768 671 0 671 0 0 0 52295612 70365 0 16293 118108 163994 12617381 1794622 1175080 2622560630 2622560630 0 2456099105 0 44.729780 75 75 99975 75000 623 320 120 160000 250000 119 158635 105800 12 16000 25000 12 16000 25000 6784
1790084247634117 10 0 0 10 10 10 0 0 0 0 0 0 1031 97 97 0 1800 769 672 0 672 0 0 0 52313827 70473 0 16315 118194 164016 12619544 1794714 1179087 2626920750 2626920750 0 2457715579 0 44.743563 74 74 98642 74000 62 296 120 160000 250000 119 158635 105809 12 16000 25000 12 16000 25000 6792
1790084247642947 10 0 0 10 10 10 0 0 0 0 0 0 1030 97 97 0 1800 770 673 0 673 0 0 0 52322277 70577 0 16336 118300 164036 12619575 1794805 1183061 2632250054 2632250054 0 2459357699 0 44.766148 72 72 95976 72000 46 273 120 160000 250000 119 158635 105817 12 16000 25000 12 16000 25000 6800
1790084247657072 10 0 0 10 10 10 0 0 0 0 0 0 1029 97 96 1 1800 771 674 0 674 0 0 0 52336072 70663 0 16351 118422 164045 12619584 1794892 1184517 2637459896 2633090504 0 2461015015 0 44.784450 73 73 97309 73000 1088 353 120 160000 250000 119 158635 105828 12 16000 25000 12 16000 25000 6809
1790084247657251 10 0 0 10 10 10 0 0 0 0 0 0 1029 96 96 0 1800 771 675 0 675 0 0 0 52336072 70747 0 16369 118422 164052 12619587 1794959 1184517 2637459896 2637459896 0 2461015015 0 44.784378 68 68 90644 68000 6 320 120 160000 250000 118 157302 104823 12 16000 25000 12 16000 25000 6808
1790084247747466 10 0 0 10 10 10 0 0 0 0 0 0 1027 97 96 1 1800 773 676 0 676 0 0 0 52425996 70839 0 16385 118545 164060 12619595 1795001 1185950 2646655151 2643154812 0 2464242245 0 44.766214 67 67 89311 67000 317 320 120 160000 250000 119 158635 105842 12 16000 25000 12 16000 25000 6823
1790084247747637 10 0 0 10 10 10 0 0 0 0 0 0 1027 96 96 0 1800 773 677 0 677 0 0 0 52425996 70917 0 16403 118545 164067 12619598 1795067 1185950 2646655151 2646655151 0 2464242245 0 44.766147 68 68 90644 68000 83 298 120 160000 250000 118 157302 104837 12 16000 25000 12 16000 25000 6821
1790084247800822 10 0 0 10 10 10 0 0 0 0 0 0 1025 97 97 0 1800 775 678 0 678 0 0 0 52436569 71024 0 16419 118677 164090 12661885 1795107 1189914 2651079539 2651079539 0 2467515088 0 44.816485 68 68 90644 68000 145 284 120 160000 250000 119 158635 105847 12 16000 25000 12 16000 25000 6830
1790084247827160 10 0 0 10 10 10 0 0 0 0 0 0 1024 97 97 0 1800 776 679 0 679 0 0 0 52444850 71121 0 16441 118773 164112 12679607 1795201 1193813 2655477824 2655477824 0 2469154664 0 44.839110 67 67 89311 67000 70 264 120 160000 250000 119 158635 105856 12 16000 25000 12 16000 25000 6839
1790084247953018 10 0 0 10 10 10 0 0 0 0 0 0 1023 97 97 0 1800 777 680 0 680 0 0 0 52475801 71213 0 16457 118892 164133 12774166 1795291 1197694 2659901429 2659901429 0 2470826161 0 44.842956 68 68 90644 68000 80 247 120 160000 250000 119 158635 105862 12 16000 25000 12 16000 25000 6845
1790084247962210 10 0 0 10 10 10 0 0 0 0 0 0 1022 97 97 0 1800 778 681 0 681 0 0 0 52484265 71304 0 16473 118993 164159 12774556 1795389 1201553 2664191771 2664191771 0 2472429681 0 44.864754 68 68 90644 68000 81 232 120 160000 250000 119 158635 105870 12 16000 25000 12 16000 25000 6853
1790084247994242 10 0 0 10 10 10 0 0 0 0 0 0 1021 97 97 0 1800 779 682 0 682 0 0 0 52492184 71398 0 16489 119096 164184 12798333 1795480 1205384 2669597375 2669597375 0 2474012266 0 44.886628 67 67 89311 67000 96 220 120 160000 250000 119 158635 105878 12 16000 25000 12 16000 25000 6862
1790084248026060 10 0 0 10 10 10 0 0 0 0 0 0 1020 97 97 0 1800 780 683 0 683 0 0 0 52499940 71504 0 16504 119203 164210 12822029 1795570 1209215 2669994303 2669994303 0 2475593589 0 44.908601 68 68 90644 68000 1163 313 120 160000 250000 119 158635 105879 12 16000 25000 12 16000 25000 6862
1790084248065735 10 0 0 10 10 10 0 0 0 0 0 0 1019 97 97 0 1800 781 684 0 684 0 0 0 52509670 71604 0 16527 119295 164235 12851630 1795669 1213039 2670690004 2670690004 0 2477239535 0 44.930059 68 68 90644 68000 27 286 120 160000 250000 119 158635 105881 12 16000 25000 12 16000 25000 6863
1790084248089056 10 0 0 10 10 10 0 0 0 0 0 0 1018 97 97 0 1800 782 685 0 685 0 0 0 52517150 71695 0 16542 119401 164258 12867122 1795773 1216806 2675969337 2675969337 0 2478584231 0 44.947976 67 67 89311 67000 113 270 120 160000 250000 119 158635 105888 12 16000 25000 12 16000 25000 6871
1790084248093542 10 0 0 10 10 10 0 0 0 0 0 0 1017 97 97 0 1800 783 686 0 686 0 0 0 52521341 71778 0 16557 119482 164266 12867129 1795870 1218263 2681362106 2681362106 0 2480228183 0 44.974133 69 69 91977 69000 1129 354 120 160000 250000 119 158635 105895 12 16000 25000 12 16000 25000 6878
1790084248138852 10 0 0 10 10 10 0 0 0 0 0 0 1016 97 97 0 1800 784 687 0 687 0 0 0 52558738 71866 0 16572 119597 164294 12874731 1795927 1222022 2686715206 2686715206 0 2481871853 0 44.971884 71 71 94643 71000 736 393 120 160000 250000 119 158635 105902 12 16000 25000 12 16000 25000 6884
1790084248170147 10 0 0 10 10 10 0 0 0 0 0 0 1015 97 97 0 1800 785 688 0 688 0 0 0 52569821 71967 0 16589 119734 164348 12894530 1796016 1228041 2690214506 2690214506 0 2483497080 0 44.991773 72 72 95976 72000 893 442 120 160000 250000 119 158635 105910 12 16000 25000 12 16000 25000 6892
1790084248202139 10 0 0 10 10 10 0 0 0 0 0 0 1014 97 97 0 1800 786 689 0 689 0 0 0 52577416 72060 0 16604 119849 164372 12918580 1796110 1231808 2692027349 2692027349 0 2484854574 0 45.009792 73 73 97309 73000 639 462 120 160000 250000 119 158635 105912 12 16000 25000 12 16000 25000 6894
1790084248232994 10 0 0 10 10 10 0 0 0 0 0 0 1013 97 97 0 1800 787 690 0 690 0 0 0 52585189 72153 0 16620 119949 164401 12941315 1796212 1235546 2696383181 2696383181 0 2486501723 0 45.032900 73 73 97309 73000 76 425 120 160000 250000 119 158635 105920 12 16000 25000 12 16000 25000 6902
1790084248248608 10 0 0 10 10 10 0 0 0 0 0 0 1012 97 97 0 1800 788 691 0 691 0 0 0 52593326 72244 0 16636 120069 164426 12948437 1796306 1239268 2700682234 2700682234 0 2488097319 0 45.054758 74 74 98642 74000 178 402 120 160000 250000 119 158635 105928 12 16000 25000 12 16000 25000 6910
1790084248257194 10 0 0 10 10 10 0 0 0 0 0 0 1011 97 96 1 1800 789 692 0 692 0 0 0 52600869 72343 0 16657 120194 164454 12949117 1796399 1242951 2705821409 2704982066 0 2489745618 0 45.078065 74 74 98642 74000 59 369 120 160000 250000 118 157302 105937 12 16000 25000 12 16000 25000 6920
1790084248257402 10 0 0 10 10 10 0 0 0 0 0 0 1011 96 96 0 1800 789 693 0 693 0 0 0 52600869 72430 0 16675 120194 164462 12949120 1796490 1242951 2705821409 2705821409 0 2489745618 0 45.077990 77 77 102641 77000 657 398 120 160000 250000 118 157302 104936 12 16000 25000 12 16000 25000 6918
1790084248385218 10 0 0 10 10 10 0 0 0 0 0 0 1009 97 96 1 1800 791 694 0 694 0 0 0 52728407 72517 0 16692 120311 164471 12949129 1796531 1244422 2714549667 2710199894 0 2492978335 0 45.027421 75 75 99975 75000 60 366 120 160000 250000 119 158635 105958 12 16000 25000 12 16000 25000 6936
1790084248385395 10 0 0 10 10 10 0 0 0 0 0 0 1009 96 96 0 1800 791 695 0 695 0 0 0 52728407 72594 0 16709 120311 164486 12949133 1796595 1244422 2714549667 2714549667 0 2492978335 0 45.027355 76 76 101308 76000 81 339 120 160000 250000 118 157302 104950 12 16000 25000 12 16000 25000 6934
1790084248539218 10 0 0 10 10 10 0 0 0 0 0 0 1007 97 97 0 1800 793 696 0 696 0 0 0 52738305 72688 0 16726 120452 164518 13092727 1796635 1248124 2718865063 2718865063 0 2496274163 0 45.078352 73 73 97309 73000 51 312 120 160000 250000 119 158635 105962 12 16000 25000 12 16000 25000 6944
1790084248583185 10 0 0 10 10 10 0 0 0 0 0 0 1006 97 97 0 1800 794 697 0 697 0 0 0 52746064 72785 0 16746 120544 164546 13128597 1796729 1251711 2725517073 2725517073 0 2497609843 0 45.095764 72 72 95976 72000 96 292 120 160000 250000 119 158635 105970 12 16000 25000 12 16000 25000 6952
1790084248598909 10 0 0 10 10 10 0 0 0 0 0 0 1005 97 97 0 1800 795 698 0 698 0 0 0 52753623 72887 0 16761 120651 164571 13136413 1796819 1255265 2730835021 2730835021 0 2499242698 0 45.118702 77 77 102641 77000 1055 368 120 160000 250000 119 158635 105979 12 16000 25000 12 16000 25000 6960
1790084248662767 10 0 0 10 10 10 0 0 0 0 0 0 1004 97 97 0 1800 796 699 0 699 0 0 0 52817181 72973 0 16777 120738 164580 13136422 1796911 1256688 2735216205 2735216205 0 2500879974 0 45.093932 79 79 105307 79000 1015 432 120 160000 250000 119 158635 105986 12 16000 25000 12 16000 25000 6969
1790084248687356 10 0 0 10 10 10 0 0 0 0 0 0 1003 97 97 0 1800 797 700 0 700 0 0 0 52824890 73069 0 16794 120841 164605 13152991 1796977 1260163 2740620794 2740620794 0 2502517102 0 45.116793 79 79 105307 79000 286 419 120 160000 250000 119 158635 105995 12 16000 25000 12 16000 25000 6977
1790084248693004 10 0 0 10 10 10 0 0 0 0 0 0 1002 97 97 0 1800 798 701 0 701 0 0 0 52830166 73176 0 16813 120930 164629 13153016 1797074 1262239 2744896790 2744896790 0 2503862734 0 45.136460 79 79 105307 79000 1069 483 120 160000 250000 119 158635 106002 12 16000 25000 12 16000 25000 6984
1790084248738980 10 0 0 10 10 10 0 0 0 0 0 0 1001 97 97 0 1800 799 702 0 702 0 0 0 52837951 73270 0 16829 121060 164652 13190857 1797155 1265665 2749242989 2749242989 0 2505519183 0 45.159595 80 80 106640 80000 1115 545 120 160000 250000 119 158635 106011 12 16000 25000 12 16000 25000 6993
1790084248753356 10 0 0 10 10 10 0 0 0 0 0 0 1000 97 97 0 1800 800 703 0 703 0 0 0 52852036 73352 0 16842 121142 164661 13190864 1797246 1267024 2751063572 2751063572 0 2507153170 0 45.176950 81 81 107973 81000 751 566 120 160000 250000 119 158635 106013 12 16000 25000 12 16000 25000 6995
1790084248784338 10 0 0 10 10 10 0 0 0 0 0 0 999 97 97 0 1800 801 704 0 704 0 0 0 52859651 73442 0 16858 121248 164688 13213908 1797322 1270525 2755283428 2755283428 0 2508743725 0 45.199030 82 82 109306 82000 16 513 120 160000 250000 119 158635 106021 12 16000 25000 12 16000 25000 7003
1790084248832343 10 0 0 10 10 10 0 0 0 0 0 0 998 97 97 0 1800 802 705 0 705 0 0 0 52867354 73536 0 16873 121353 164711 13253868 1797418 1274002 2760680291 2760680291 0 2510375709 0 45.221772 81 81 107973 81000 679 530 120 160000 250000 119 158635 106030 12 16000 25000 12 16000 25000 7011
1790084248836672 10 0 0 10 10 10 0 0 0 0 0 0 997 97 97 0 1800 803 706 0 706 0 0 0 52871387 73623 0 16888 121430 164720 13253877 1797514 1275471 2765087650 2765087650 0 2512035553 0 45.248151 87 87 115971 87000 1053 582 120 160000 250000 119 158635 106038 12 16000 25000 12 16000 25000 7020
1790084248871557 10 0 0 10 10 10 0 0 0 0 0 0 996 97 97 0 1800 804 707 0 707 0 0 0 52906007 73704 0 16901 121507 164729 13253891 1797580 1276918 2771742497 2771742497 0 2513327448 0 45.241769 101 101 134633 101000 310 557 120 160000 250000 119 158635 106045 12 16000 25000 12 16000 25000 7027
1790084248902160 10 0 0 10 10 10 0 0 0 0 0 0 995 97 97 0 1800 805 708 0 708 0 0 0 52913386 73795 0 16917 121621 164755 13276805 1797637 1280289 2776085467 2776085467 0 2515000324 0 45.265499 119 119 158627 119000 787 580 120 160000 250000 119 158635 106054 12 16000 25000 12 16000 25000 7036
1790084248932645 10 0 0 10 10 10 0 0 0 0 0 0 994 97 97 0 1800 806 709 0 709 0 0 0 52920894 73893 0 16933 121729 164781 13299438 1797728 1283625 2782705102 2782705102 0 2516648270 0 45.288659 131 131 174623 131000 35 528 120 160000 250000 119 158635 106061 12 16000 25000 12 16000 25000 7044
1790084248951301 10 0 0 10 10 10 0 0 0 0 0 0 993 97 97 0 1800 807 710 0 710 0 0 0 52928411 73983 0 16949 121864 164808 13310213 1797819 1286922 2788065696 2788065696 0 2518299274 0 45.311865 135 135 179955 135000 1073 582 120 160000 250000 119 158635 106070 12 16000 25000 12 16000 25000 7052
1790084249055077 10 0 0 10 10 10 0 0 0 0 0 0 992 97 97 0 1800 808 711 0 711 0 0 0 52935911 74085 0 16965 121985 164834 13406110 1797919 1290182 2793517724 2793517724 0 2519974263 0 45.335501 130 130 173290 130000 84 535 120 160000 250000 119 158635 106079 12 16000 25000 12 16000 25000 7061
1790084249124617 10 0 0 10 10 10 0 0 0 0 0 0 991 97 97 0 1800 809 712 0 712 0 0 0 52976216 74182 0 16982 122093 164863 13434989 1798019 1293576 2793972831 2793972831 0 2521316120 0 45.325097 130 130 173290 130000 360 519 120 160000 250000 119 158635 106079 12 16000 25000 12 16000 25000 7061
1790084249139033 10 0 0 10 10 10 0 0 0 0 0 0 990 97 97 0 1800 810 713 0 713 0 0 0 52990333 74272 0 17003 122167 164872 13434997 1798120 1294925 2800687907 2800687907 0 2522656445 0 45.337050 127 127 169291 127000 77 476 120 160000 250000 119 158635 106087 12 16000 25000 12 16000 25000 7069
1790084249189616 10 0 0 10 10 10 0 0 0 0 0 0 989 97 97 0 1800 811 714 0 714 0 0 0 53019719 74366 0 17021 122264 164899 13455885 1798190 1298091 2806105589 2806105589 0 2524303282 0 45.341458 130 130 173290 130000 388 468 120 160000 250000 119 158635 106096 12 16000 25000 12 16000 25000 7077
1790084249294984 10 0 0 10 10 10 0 0 0 0 0 0 988 97 97 0 1800 812 715 0 715 0 0 0 53028679 74465 0 17036 122388 164924 13551934 1798280 1301209 2811218561 2811218561 0 2525902166 0 45.362437 132 132 175956 132000 1090 530 120 160000 250000 119 158635 106104 12 16000 25000 12 16000 25000 7085
1790084249311131 10 0 0 10 10 10 0 0 0 0 0 0 987 97 97 0 1800 813 716 0 716 0 0 0 53044541 74552 0 17054 122449 164933 13551943 1798377 1302496 2817770991 2817770991 0 2527489051 0 45.377307 128 128 170624 128000 94 489 120 160000 250000 119 158635 106113 12 16000 25000 12 16000 25000 7093
1790084249334144 10 0 0 10 10 10 0 0 0 0 0 0 986 97 97 0 1800 814 717 0 717 0 0 0 53055029 74648 0 17070 122611 164971 13564075 1798447 1307309 2823130954 2823130954 0 2529083471 0 45.396887 133 133 177289 133000 278 469 120 160000 250000 119 158635 106119 12 16000 25000 12 16000 25000 7100
1790084249353349 10 0 0 10 10 10 0 0 0 0 0 0 985 97 97 0 1800 815 718 0 718 0 0 0 53065181 74749 0 17093 122739 165007 13572743 1798540 1312075 2827416022 2827416022 0 2530733786 0 45.417745 137 137 182621 137000 834 506 120 160000 250000 119 158635 106127 12 16000 25000 12 16000 25000 7109
1790084249378462 10 0 0 10 10 10 0 0 0 0 0 0 984 97 97 0 1800 816 719 0 719 0 0 0 53072212 74852 0 17109 122857 165029 13590455 1798643 1315068 2834060612 2834060612 0 2532405277 0 45.441642 138 138 183954 138000 284 485 120 160000 250000 119 158635 106136 12 16000 25000 12 16000 25000 7117
1790084249383592 10 0 0 10 10 10 0 0 0 0 0 0 983 97 97 0 1800 817 720 0 720 0 0 0 53077073 74935 0 17123 122915 165038 13590463 1798735 1316304 2834781710 2834781710 0 2534084351 0 45.467542 137 137 182621 137000 252 463 120 160000 250000 119 158635 106134 12 16000 25000 12 16000 25000 7117
1790084249404373 10 0 0 10 10 10 0 0 0 0 0 0 982 97 97 0 1800 818 721 0 721 0 0 0 53085608 75033 0 17141 123064 165070 13602332 1798808 1319593 2835945957 2835945957 0 2535655163 0 45.488338 135 135 179955 135000 12 420 120 160000 250000 119 158635 106138 12 16000 25000 12 16000 25000 7120
1790084249438552 10 0 0 10 10 10 0 0 0 0 0 0 981 97 97 0 1800 819 722 0 722 0 0 0 53093281 75129 0 17158 123171 165095 13628484 1798905 1322513 2842488732 2842488732 0 2537318071 0 45.511519 140 140 186620 140000 181 398 120 160000 250000 119 158635 106146 12 16000 25000 12 16000 25000 7128
1790084249456314 10 0 0 10 10 10 0 0 0 0 0 0 980 97 97 0 1800 820 723 0 723 0 0 0 53110762 75214 0 17174 123237 165104 13628493 1799000 1323682 2843240789 2843240789 0 2538963015 0 45.525983 140 140 186620 140000 422 402 120 160000 250000 119 158635 106147 12 16000 25000 12 16000 25000 7129
1790084249461223 10 0 0 10 10 10 0 0 0 0 0 0 979 97 97 0 1800 821 724 0 724 0 0 0 53115262 75313 0 17188 123417 165120 13628510 1799079 1325040 2849875493 2849875493 0 2540635195 0 45.552027 155 155 206615 155000 73 371 120 160000 250000 119 158635 106155 12 16000 25000 12 16000 25000 7137
1790084249482853 10 0 0 10 10 10 0 0 0 0 0 0 978 97 97 0 1800 822 725 0 725 0 0 0 53126561 75410 0 17204 123586 165159 13638428 1799158 1330391 2856487694 2856487694 0 2542310189 0 45.572295 158 158 210614 158000 1562 488 120 160000 250000 119 158635 106163 12 16000 25000 12 16000 25000 7145
1790084249525197 10 0 0 10 10 10 0 0 0 0 0 0 977 97 97 0 1800 823 726 0 726 0 0 0 53137229 75508 0 17221 123727 165216 13669679 1799262 1335704 2860776248 2860776248 0 2543973214 0 45.592880 166 166 221278 166000 1044 543 120 160000 250000 119 158635 106171 12 16000 25000 12 16000 25000 7153
1790084249529432 10 0 0 10 10 10 0 0 0 0 0 0 976 97 97 0 1800 824 727 0 727 0 0 0 53141158 75599 0 17236 123806 165226 13669687 1799362 1337124 2865172286 2865172286 0 2545568185 0 45.618018 165 165 219945 165000 124 504 120 160000 250000 119 158635 106178 12 16000 25000 12 16000 25000 7160
1790084249627834 10 0 0 10 10 10 0 0 0 0 0 0 975 97 97 0 1800 825 728 0 728 0 0 0 53149165 75694 0 17253 123925 165253 13759747 1799433 1340407 2868686823 2868686823 0 2547222081 0 45.640709 173 173 230609 173000 717 526 120 160000 250000 119 158635 106185 12 16000 25000 12 16000 25000 7167
1790084249731603 10 0 0 10 10 10 0 0 0 0 0 0 974 97 97 0 1800 826 729 0 729 0 0 0 53167682 75798 0 17268 124041 165277 13844634 1799530 1343705 2873029733 2873029733 0 2548847203 0 45.653855 178 178 237274 178000 226 497 120 160000 250000 119 158635 106193 12 16000 25000 12 16000 25000 7175
1790084249832475 10 0 0 10 10 10 0 0 0 0 0 0 973 97 97 0 1800 827 730 0 730 0 0 0 53185945 75897 0 17288 124147 165300 13926897 1799626 1346950 2878428238 2878428238 0 2550475175 0 45.667265 182 182 242606 182000 172 466 120 160000 250000 119 158635 106202 12 16000 25000 12 16000 25000 7183
1790084249886748 10 0 0 10 10 10 0 0 0 0 0 0 972 97 97 0 1800 828 731 0 731 0 0 0 53193629 75990 0 17303 124252 165327 13973134 1799718 1350138 2882779154 2882779154 0 2552144542 0 45.690485 190 190 253270 190000 1061 525 120 160000 250000 119 158635 106210 12 16000 25000 12 16000 25000 7191
1790084249902408 10 0 0 10 10 10 0 0 0 0 0 0 971 97 97 0 1800 829 732 0 732 0 0 0 53202389 76096 0 17323 124359 165351 13979686 1799809 1353327 2885104556 2885104556 0 2553799381 0 45.712503 189 189 251937 189000 731 546 120 160000 250000 119 158635 106213 12 16000 25000 12 16000 25000 7194
1790084249956002 10 0 0 10 10 10 0 0 0 0 0 0 970 97 96 1 1800 830 733 0 733 0 0 0 53255675 76184 0 17341 124447 165362 13979694 1799904 1354644 2893802843 2889502359 0 2555435462 0 45.696010 190 190 253270 190000 140 507 120 160000 250000 119 158635 106230 12 16000 25000 12 16000 25000 7211
1790084249956198 10 0 0 10 10 10 0 0 0 0 0 0 970 96 96 0 1800 830 734 0 734 0 0 0 53255675 76261 0 17358 124463 165370 13979697 1799978 1354644 2893802843 2893802843 0 2555435462 0 45.695944 175 175 233275 175000 36 462 120 160000 250000 118 157302 105226 12 16000 25000 12 16000 25000 7209
1790084250001479 10 0 0 10 10 10 0 0 0 0 0 0 968 97 97 0 1800 832 735 0 735 0 0 0 53300701 76354 0 17381 124547 165383 13979706 1800018 1355951 2898103127 2898103127 0 2558615627 0 45.714137 170 170 226610 170000 131 431 120 160000 250000 119 158635 106238 12 16000 25000 12 16000 25000 7219
1790084250054640 10 0 0 10 10 10 0 0 0 0 0 0 967 97 97 0 1800 833 736 0 736 0 0 0 53349454 76456 0 17404 124662 165411 13983777 1800087 1359160 2902484128 2902484128 0 2560217924 0 45.700936 167 167 222611 167000 148 404 120 160000 250000 119 158635 106245 12 16000 25000 12 16000 25000 7227
1790084250089666 10 0 0 10 10 10 0 0 0 0 0 0 966 97 97 0 1800 834 737 0 737 0 0 0 53384144 76545 0 17420 124763 165427 13983795 1800176 1360762 2904615812 2904615812 0 2561831108 0 45.699982 162 162 215946 162000 122 377 120 160000 250000 119 158635 106249 12 16000 25000 12 16000 25000 7230
1790084250104656 10 0 0 10 10 10 0 0 0 0 0 0 965 97 97 0 1800 835 738 0 738 0 0 0 53391425 76645 0 17441 124856 165452 13991175 1800264 1363724 2906326598 2906326598 0 2563166980 0 45.717501 161 161 214613 161000 497 389 120 160000 250000 119 158635 106252 12 16000 25000 12 16000 25000 7233
1790084250150003 10 0 0 10 10 10 0 0 0 0 0 0 964 97 96 1 1800 836 739 0 739 0 0 0 53436398 76729 0 17456 124987 165460 13991184 1800379 1364954 2913415239 2906713406 0 2564782834 0 45.707804 163 163 217279 163000 287 376 120 160000 250000 119 158635 106272 12 16000 25000 12 16000 25000 7249
1790084250150205 10 0 0 10 10 10 0 0 0 0 0 0 964 96 95 1 1800 836 740 0 740 0 0 0 53436398 76806 0 17473 125012 165467 13991188 1800451 1364954 2919937451 2913415239 0 2564782834 0 45.707738 160 160 213280 160000 13 341 120 160000 250000 117 155969 105264 12 16000 25000 12 16000 25000 7248
1790084250150353 10 0 0 10 10 10 0 0 0 0 0 0 964 95 95 0 1800 836 741 0 741 0 0 0 53436398 76882 0 17490 125012 165474 13991191 1800497 1364954 2919937451 2919937451 0 2564782834 0 45.707673 168 168 223944 168000 332 341 120 160000 250000 117 155969 104263 12 16000 25000 12 16000 25000 7246
1790084250215697 10 0 0 10 10 10 0 0 0 0 0 0 961 97 97 0 1800 839 742 0 742 0 0 0 53500663 76975 0 17505 125152 165500 13991946 1800543 1367860 2924272788 2924272788 0 2569378959 0 45.734579 170 170 226610 170000 1379 443 120 160000 250000 119 158635 106277 12 16000 25000 12 16000 25000 7257
1790084250356598 10 0 0 10 10 10 0 0 0 0 0 0 960 97 97 0 1800 840 743 0 743 0 0 0 53508051 77068 0 17520 125277 165529 14125098 1800637 1370653 2928585147 2928585147 0 2571018595 0 45.757375 174 174 231942 174000 708 470 120 160000 250000 119 158635 106286 12 16000 25000 12 16000 25000 7265
1790084250373789 10 0 0 10 10 10 0 0 0 0 0 0 959 97 97 0 1800 841 744 0 744 0 0 0 53516664 77163 0 17536 125384 165553 14133336 1800728 1373428 2934050448 2934050448 0 2572672361 0 45.779368 181 181 241273 181000 796 503 120 160000 250000 119 158635 106294 12 16000 25000 12 16000 25000 7273
1790084250419873 10 0 0 10 10 10 0 0 0 0 0 0 958 97 97 0 1800 842 745 0 745 0 0 0 53524295 77255 0 17552 125485 165577 14171455 1800820 1376179 2938180151 2938180151 0 2574257752 0 45.800980 189 189 251937 189000 123 466 120 160000 250000 119 158635 106300 12 16000 25000 12 16000 25000 7280
1790084250444500 10 0 0 10 10 10 0 0 0 0 0 0 957 97 97 0 1800 843 746 0 746 0 0 0 53531547 77349 0 17567 125592 165598 14188479 1800912 1378873 2944854363 2944854363 0 2575600342 0 45.818588 195 195 259935 195000 831 503 120 160000 250000 119 158635 106308 12 16000 25000 12 16000 25000 7287
1790084250452521 10 0 0 10 10 10 0 0 0 0 0 0 956 97 97 0 1800 844 747 0 747 0 0 0 53538554 77442 0 17583 125748 165619 14189109 1801002 1381544 2950321266 2950321266 0 2577313014 0 45.842984 193 193 257269 193000 387 493 120 160000 250000 119 158635 106324 12 16000 25000 12 16000 25000 7303
1790084250478856 10 0 0 10 10 10 0 0 0 0 0 0 955 97 97 0 1800 845 748 0 748 0 0 0 53564629 77527 0 17600 125795 165629 14189116 1801095 1382599 2955338421 2955338421 0 2578900599 0 45.848852 194 194 258602 194000 1430 585 120 160000 250000 119 158635 106324 12 16000 25000 12 16000 25000 7303
1790084250483104 10 0 0 10 10 10 0 0 0 0 0 0 954 97 97 0 1800 846 749 0 749 0 0 0 53568633 77611 0 17615 125851 165637 14189124 1801163 1383643 2960712638 2960712638 0 2580552688 0 45.874727 187 187 249271 187000 83 537 120 160000 250000 119 158635 106330 12 16000 25000 12 16000 25000 7312
1790084250503458 10 0 0 10 10 10 0 0 0 0 0 0 953 97 97 0 1800 847 750 0 750 0 0 0 53576931 77723 0 17633 125971 165665 14200820 1801232 1386209 2966160029 2966160029 0 2582151050 0 45.895947 187 187 249271 187000 911 574 120 160000 250000 119 158635 106341 12 16000 25000 12 16000 25000 7320
1790084250546184 10 0 0 10 10 10 0 0 0 0 0 0 952 97 97 0 1800 848 751 0 751 0 0 0 53586424 77816 0 17649 126080 165692 14233711 1801319 1388734 2970215953 2970215953 0 2583746063 0 45.916093 187 187 249271 187000 1138 630 120 160000 250000 119 158635 106347 12 16000 25000 12 16000 25000 7327
1790084250617605 10 0 0 10 10 10 0 0 0 0 0 0 951 97 97 0 1800 849 752 0 752 0 0 0 53593194 77919 0 17667 126181 165717 14298020 1801409 1391243 2974629682 2974629682 0 2585391990 0 45.939460 186 186 247938 186000 271 596 120 160000 250000 119 158635 106354 12 16000 25000 12 16000 25000 7333
1790084250697697 10 0 0 10 10 10 0 0 0 0 0 0 950 97 97 0 1800 850 753 0 753 0 0 0 53640681 78012 0 17682 126281 165742 14330290 1801502 1393732 2979991311 2979991311 0 2586742528 0 45.922746 206 206 274598 206000 313 569 120 160000 250000 119 158635 106361 12 16000 25000 12 16000 25000 7341
1790084250827177 10 0 0 10 10 10 0 0 0 0 0 0 949 97 97 0 1800 851 754 0 754 0 0 0 53647587 78107 0 17698 126398 165763 14452515 1801594 1396163 2980817336 2980817336 0 2588336480 0 45.945056 204 204 271932 204000 220 536 120 160000 250000 119 158635 106363 12 16000 25000 12 16000 25000 7343
1790084251063949 10 0 0 10 10 10 0 0 0 0 0 0 948 97 97 0 1800 852 755 0 755 0 0 0 53664561 78201 0 17714 126511 165786 14671958 1801694 1398586 2984534013 2984534013 0 2589931406 0 45.958767 193 193 257269 193000 19 487 120 160000 250000 119 158635 106370 12 16000 25000 12 16000 25000 7350
1790084251103851 10 0 0 10 10 10 0 0 0 0 0 0 947 97 97 0 1800 853 756 0 756 0 0 0 53684945 78294 0 17729 126620 165810 14691132 1801790 1400957 2985085107 2985085107 0 2591601037 0 45.970879 194 194 258602 194000 703 509 120 160000 250000 119 158635 106370 12 16000 25000 12 16000 25000 7350
1790084251155395 10 0 0 10 10 10 0 0 0 0 0 0 946 97 97 0 1800 854 757 0 757 0 0 0 53692441 78396 0 17744 126720 165841 14734814 1801892 1403291 2987283790 2987283790 0 2593201273 0 45.992765 189 189 251937 189000 99 470 120 160000 250000 119 158635 106372 12 16000 25000 12 16000 25000 7353
1790084251192480 10 0 1 9 10 10 0 0 0 0 0 0 945 97 97 0 1800 855 758 0 758 0 0 0 53729159 78505 0 17769 126790 165900 14734821 1801995 1404174 3003354717 3003354717 0 2594559111 0 45.985352 209 209 278597 209000 469 470 120 160000 250000 108 143968 105377 12 16000 25000 12 16000 25000 7355
1790084251267744 10 0 0 10 10 10 0 0 0 0 0 0 944 97 97 0 1800 856 759 0 759 0 0 0 53736475 78606 0 17789 126896 165951 14802411 1802071 1407858 3006874116 3006874116 0 2594559111 0 45.979014 208 255 339524 212245 286 453 120 160000 250000 119 158635 106380 12 16000 25000 12 16000 25000 7359
1790084251294497 10 0 0 10 10 10 0 0 0 0 0 0 943 97 97 0 1800 857 760 0 760 0 0 0 53745045 78713 0 17817 127017 165976 14820237 1802150 1410145 3011118434 3011118434 0 2596228599 0 46.001183 210 258 342789 214286 76 418 120 160000 250000 119 158635 106389 12 16000 25000 12 16000 25000 7367
1790084251304222 10 0 0 10 10 10 0 0 0 0 0 0 942 97 97 0 1800 858 761 0 761 0 0 0 53752628 78805 0 17832 127114 165999 14822049 1802243 1412364 3016890884 3016890884 0 2597579234 0 46.018552 209 256 341157 213266 298 407 120 160000 250000 119 158635 106393 12 16000 25000 12 16000 25000 7374
1790084251309403 10 0 0 10 10 10 0 0 0 0 0 0 941 97 97 0 1800 859 762 0 762 0 0 0 53757493 78898 0 17847 127194 166013 14822064 1802337 1413563 3021212944 3021212944 0 2599159237 0 46.042303 212 260 346054 216327 369 405 120 160000 250000 119 158635 106402 12 16000 25000 12 16000 25000 7383
1790084251350389 10 0 0 10 10 10 0 0 0 0 0 0 940 97 97 0 1800 860 763 0 763 0 0 0 53768386 79003 0 17865 127296 166037 14851812 1802419 1415727 3025575883 3025575883 0 2600800173 0 46.061961 213 261 347686 217347 1116 475 120 160000 250000 119 158635 106410 12 16000 25000 12 16000 25000 7391
1790084251445586 10 0 0 10 10 10 0 0 0 0 0 0 939 97 96 1 1800 861 764 0 764 0 0 0 53774814 79097 0 17882 127485 166065 14940159 1802510 1417866 3033588843 3030529560 0 2602434292 0 46.085320 212 260 346054 216327 769 504 120 160000 250000 119 158635 106424 12 16000 25000 12 16000 25000 7405
1790084251445784 10 0 0 10 10 10 0 0 0 0 0 0 939 96 96 0 1800 861 765 0 765 0 0 0 53774814 79177 0 17899 127485 166072 14940162 1802601 1417866 3033588843 3033588843 0 2602434292 0 46.085252 222 272 362377 226531 903 543 120 160000 250000 118 157302 105420 12 16000 25000 12 16000 25000 7403
1790084251520954 10 0 0 10 10 10 0 0 0 0 0 0 937 97 97 0 1800 863 766 0 766 0 0 0 53844803 79278 0 17922 127593 166100 14945049 1802639 1420001 3034598420 3034598420 0 2605677780 0 46.082714 209 256 341157 213266 47 496 120 160000 250000 119 158635 106425 12 16000 25000 12 16000 25000 7406
1790084251565473 10 0 0 10 10 10 0 0 0 0 0 0 936 97 96 1 1800 864 767 0 767 0 0 0 53888967 79376 0 17949 127708 166108 14945057 1802736 1420769 3046932110 3039638785 0 2607319853 0 46.073936 205 252 334627 209184 146 463 120 160000 250000 119 158635 106443 12 16000 25000 12 16000 25000 7422
1790084251565656 10 0 0 10 10 10 0 0 0 0 0 0 936 96 96 0 1800 864 768 0 768 0 0 0 53888967 79459 0 17967 127709 166115 14945060 1802807 1420769 3046932110 3046932110 0 2607319853 0 46.073865 202 248 329730 206123 148 433 120 160000 250000 118 157302 105438 12 16000 25000 12 16000 25000 7421
1790084251623231 10 0 0 10 10 10 0 0 0 0 0 0 934 97 95 2 1800 866 769 0 769 0 0 0 53946228 79545 0 17981 127864 166126 14945068 1802845 1421536 3057023722 3052076823 0 2610278196 0 46.077180 201 247 328098 205103 193 410 120 160000 250000 119 158635 106455 12 16000 25000 12 16000 25000 7436
1790084251623416 10 0 0 10 10 10 0 0 0 0 0 0 934 96 95 1 1800 866 770 0 770 0 0 0 53946228 79633 0 17998 127864 166133 14945072 1802914 1421536 3057023722 3054750869 0 2610278196 0 46.077105 200 245 326466 204082 58 377 120 160000 250000 118 157302 105450 12 16000 25000 12 16000 25000 7434
1790084251623565 10 0 0 10 10 10 0 0 0 0 0 0 934 95 95 0 1800 866 771 0 771 0 0 0 53946228 79715 0 18016 127864 166140 14945076 1802954 1421536 3057023722 3057023722 0 2610278196 0 46.077035 199 244 324833 203062 167 357 120 160000 250000 117 155969 104447 12 16000 25000 12 16000 25000 7433
1790084251697119 10 0 0 10 10 10 0 0 0 0 0 0 931 97 97 0 1800 869 772 0 772 0 0 0 53969679 79810 0 18036 128022 166164 14994843 1802995 1423484 3060544759 3060544759 0 2615237245 0 46.144462 195 239 318304 198980 144 337 120 160000 250000 119 158635 106463 12 16000 25000 12 16000 25000 7443
1790084251752070 10 0 0 10 10 10 0 0 0 0 0 0 930 97 97 0 1800 870 773 0 773 0 0 0 53975769 79903 0 18052 128136 166187 15043356 1803086 1425337 3067245136 3067245136 0 2616833992 0 46.167354 199 244 324833 203062 670 370 120 160000 250000 119 158635 106470 12 16000 25000 12 16000 25000 7451
1790084251801205 10 0 0 10 10 10 0 0 0 0 0 0 929 97 97 0 1800 871 774 0 774 0 0 0 53984305 80010 0 18075 128272 166234 15083544 1803179 1428306 3071588478 3071588478 0 2618517439 0 46.189669 190 233 310143 193878 124 347 120 160000 250000 119 158635 106477 12 16000 25000 12 16000 25000 7459
1790084251801521 10 0 1 9 10 10 0 0 0 0 0 0 929 96 96 0 1800 871 775 0 775 0 0 0 53984305 80109 0 18105 128317 166288 15083548 1803274 1428306 3087079190 3087079190 0 2618517439 0 46.189585 187 229 305246 190817 310 345 120 160000 250000 107 142635 104477 12 16000 25000 12 16000 25000 7459
1790084251825108 10 0 0 10 10 10 0 0 0 0 0 0 927 97 97 0 1800 873 776 0 776 0 0 0 53993026 80218 0 18122 128465 166324 15098053 1803320 1431220 3087821484 3087821484 0 2619856019 0 46.205650 199 289 384399 207123 735 384 120 160000 250000 119 158635 106478 12 16000 25000 12 16000 25000 7460
1790084251925255 10 0 0 10 10 10 0 0 0 0 0 0 926 97 97 0 1800 874 777 0 777 0 0 0 53999274 80313 0 18138 128588 166346 15191503 1803508 1432984 3092106882 3092106882 0 2621518054 0 46.229540 194 282 374741 201919 42 351 120 160000 250000 119 158635 106487 12 16000 25000 12 16000 25000 7468
1790084251975920 10 0 0 10 10 10 0 0 0 0 0 0 925 97 97 0 1800 875 778 0 778 0 0 0 54005417 80426 0 18160 128693 166367 15235667 1803603 1434700 3097505669 3097505669 0 2623082930 0 46.251786 196 284 378604 204000 845 400 120 160000 250000 119 158635 106495 12 16000 25000 12 16000 25000 7476
1790084252009288 10 0 0 10 10 10 0 0 0 0 0 0 924 97 97 0 1800 876 779 0 779 0 0 0 54038502 80507 0 18174 128762 166377 15235673 1803699 1435282 3100969684 3100969684 0 2624678371 0 46.251556 189 274 365083 196715 74 369 120 160000 250000 119 158635 106502 12 16000 25000 12 16000 25000 7483
1790084252024519 10 0 0 10 10 10 0 0 0 0 0 0 923 97 97 0 1800 877 780 0 780 0 0 0 54046651 80617 0 18203 128932 166418 15242341 1803768 1437979 3106332867 3106332867 0 2626333672 0 46.273663 188 273 363151 195674 644 397 120 160000 250000 119 158635 106509 12 16000 25000 12 16000 25000 7490
1790084252082723 10 0 0 10 10 10 0 0 0 0 0 0 922 97 97 0 1800 878 781 0 781 0 0 0 54072941 80711 0 18219 129039 166441 15273906 1803862 1439607 3110660055 3110660055 0 2627922304 0 46.279095 177 257 341903 184225 63 366 120 160000 250000 119 158635 106518 12 16000 25000 12 16000 25000 7498
1790084252115540 10 0 0 10 10 10 0 0 0 0 0 0 921 97 97 0 1800 879 782 0 782 0 0 0 54105485 80799 0 18239 129086 166449 15273924 1803954 1440139 3115786044 3115786044 0 2629607298 0 46.280881 180 261 347698 187347 862 415 120 160000 250000 119 158635 106524 12 16000 25000 12 16000 25000 7506
1790084252194444 10 0 1 9 10 10 0 0 0 0 0 0 920 97 97 0 1800 880 783 0 783 0 0 0 54114065 80912 0 18240 129220 166488 15343862 1804024 1443004 3116778436 3116778436 0 2631236046 0 46.302118 190 276 367015 197756 81 384 120 160000 250000 108 143968 105530 12 16000 25000 12 16000 25000 7508
1790084252221452 10 0 0 10 10 10 0 0 0 0 0 0 919 97 97 0 1800 881 784 0 784 0 0 0 54123898 81014 0 18255 129344 166541 15360637 1804121 1445890 3120928986 3120928986 0 2631236046 0 46.293632 191 320 426118 202694 107 358 120 160000 250000 119 158635 106533 12 16000 25000 12 16000 25000 7513
1790084252248248 10 0 0 10 10 10 0 0 0 0 0 0 919 96 96 0 1800 881 785 0 785 0 0 0 54127076 81107 0 18270 129429 166563 15383957 1804198 1447403 3125920849 3125920849 0 2631236046 0 46.290838 195 327 435042 206939 928 415 120 160000 250000 118 157302 105540 12 16000 25000 12 16000 25000 7520
1790084252250169 10 0 0 10 10 10 0 0 0 0 0 0 919 95 95 0 1800 881 786 0 786 0 0 0 54128712 81191 0 18285 129502 166578 15383973 1804276 1448237 3130317288 3130317288 0 2631236046 0 46.289370 191 320 426118 202694 79 383 120 160000 250000 117 155969 104545 12 16000 25000 12 16000 25000 7526
1790084252288270 10 0 0 10 10 10 0 0 0 0 0 0 919 94 94 0 1800 881 787 0 787 0 0 0 54131895 81298 0 18301 129581 166600 15418614 1804326 1449744 3135616233 3135616233 0 2631236046 0 46.286560 189 317 421656 200572 170 363 120 160000 250000 116 154636 103549 12 16000 25000 12 16000 25000 7533
1790084252308689 10 0 0 10 10 10 0 0 0 0 0 0 919 93 93 0 1800 881 788 0 788 0 0 0 54135087 81398 0 18328 129673 166623 15435542 1804393 1451246 3139171238 3139171238 0 2631236046 0 46.283750 192 322 428349 203756 1286 454 120 160000 250000 115 153303 102554 12 16000 25000 12 16000 25000 7538
1790084252319901 10 0 0 10 10 10 0 0 0 0 0 0 919 92 92 0 1800 881 789 0 789 0 0 0 54138330 81490 0 18344 129757 166648 15443221 1804461 1452749 3143458833 3143458833 0 2631236046 0 46.280903 198 332 441734 210123 254 435 120 160000 250000 114 151970 101561 12 16000 25000 12 16000 25000 7545
1790084252348367 10 0 0 10 10 10 0 0 0 0 0 0 919 91 91 0 1800 881 790 0 790 0 0 0 54141525 81579 0 18360 129844 166669 15468204 1804531 1454259 3147840077 3147840077 0 2631236046 0 46.278100 198 332 441734 210123 771 468 120 160000 250000 113 150637 100568 12 16000 25000 12 16000 25000 7551
1790084252355301 10 0 0 10 10 10 0 0 0 0 0 0 919 90 90 0 1800 881 791 0 791 0 0 0 54144711 81666 0 18376 129940 166690 15471651 1804599 1455768 3151056198 3151056198 0 2631236046 0 46.275307 196 328 437272 208000 1032 524 120 160000 250000 112 149304 99572 12 16000 25000 12 16000 25000 7556
1790084252381392 10 0 0 10 10 10 0 0 0 0 0 0 919 89 89 0 1800 881 792 0 792 0 0 0 54147915 81756 0 18392 130032 166718 15494225 1804676 1457276 3156367279 3156367279 0 2631236046 0 46.272496 194 325 432811 205878 233 497 120 160000 250000 111 147971 98579 12 16000 25000 12 16000 25000 7563
1790084252409171 10 0 0 10 10 10 0 0 0 0 0 0 919 88 88 0 1800 881 793 0 793 0 0 0 54151117 81859 0 18409 130115 166739 15518506 1804746 1458793 3159904273 3159904273 0 2631236046 0 46.269676 195 327 435042 206939 1314 577 120 160000 250000 110 146638 97585 12 16000 25000 12 16000 25000 7568
1790084252429299 10 0 0 10 10 10 0 0 0 0 0 0 919 87 87 0 1800 881 794 0 794 0 0 0 54154323 81951 0 18426 130204 166762 15535131 1804816 1460300 3161490752 3161490752 0 2631236046 0 46.266863 195 327 435042 206939 102 532 120 160000 250000 109 145305 96584 12 16000 25000 12 16000 25000 7569
1790084252444482 10 0 0 10 10 10 0 0 0 0 0 0 919 86 86 0 1800 881 795 0 795 0 0 0 54157531 82049 0 18449 130286 166785 15546790 1804893 1461808 3162004195 3162004195 0 2631236046 0 46.264043 191 320 426118 202694 109 491 120 160000 250000 108 143972 95581 12 16000 25000 12 16000 25000 7568
1790084252469386 10 0 1 9 10 10 0 0 0 0 0 0 919 85 85 0 1800 881 796 0 796 0 0 0 54161094 82137 0 18449 130361 166806 15567836 1804973 1463654 3162664154 3162664154 0 2631236046 0 46.260929 188 315 419425 199511 108 454 120 160000 250000 96 127972 93581 12 16000 25000 12 16000 25000 7568
1790084252516187 10 0 0 10 10 10 0 0 0 0 0 0 918 85 85 0 1800 882 797 0 797 0 0 0 54171453 82231 0 18466 130474 166833 15603936 1805051 1466555 3167733553 3167733553 0 2631236046 0 46.252016 183 348 463047 197939 87 419 120 160000 250000 107 142639 94587 12 16000 25000 12 16000 25000 7575
1790084252606498 10 0 0 10 10 10 0 0 0 0 0 0 918 84 84 0 1800 882 798 0 798 0 0 0 54174365 82322 0 18482 130568 166859 15691009 1805140 1468060 3172017253 3172017253 0 2631236046 0 46.249456 193 367 488350 208756 1078 484 120 160000 250000 106 141306 93593 12 16000 25000 12 16000 25000 7581
1790084252642881 10 0 0 10 10 10 0 0 0 0 0 0 918 83 83 0 1800 882 799 0 799 0 0 0 54177301 82410 0 18499 130644 166883 15724178 1805209 1469571 3176406365 3176406365 0 2631236046 0 46.246878 182 346 460516 196858 67 445 120 160000 250000 105 139973 92600 12 16000 25000 12 16000 25000 7588
1790084252673683 10 0 0 10 10 10 0 0 0 0 0 0 918 82 82 0 1800 882 800 0 800 0 0 0 54180229 82514 0 18516 130726 166909 15751754 1805276 1471082 3177769064 3177769064 0 2631236046 0 46.244294 181 344 457986 195776 976 498 120 160000 250000 104 138640 91598 12 16000 25000 12 16000 25000 7588
1790084252775423 10 0 0 10 10 10 0 0 0 0 0 0 918 81 81 0 1800 882 801 0 801 0 0 0 54183196 82609 0 18532 130809 166929 15850233 1805348 1472594 3182153743 3182153743 0 2631236046 0 46.241685 180 342 455456 194694 237 473 120 160000 250000 103 137307 90605 12 16000 25000 12 16000 25000 7594
1790084252853904 10 0 0 10 10 10 0 0 0 0 0 0 918 80 80 0 1800 882 802 0 802 0 0 0 54186186 82701 0 18550 130899 166952 15925429 1805416 1474109 3187304039 3187304039 0 2631236046 0 46.239058 182 346 460516 196858 962 522 120 160000 250000 102 135974 89612 12 16000 25000 12 16000 25000 7601
1790084252885860 10 0 0 10 10 10 0 0 0 0 0 0 918 79 79 0 1800 882 803 0 803 0 0 0 54189170 82792 0 18568 130990 166975 15954100 1805487 1475620 3194000288 3194000288 0 2631236046 0 46.236439 178 338 450395 192531 113 483 120 160000 250000 101 134641 88618 12 16000 25000 12 16000 25000 7608
1790084253047645 10 0 0 10 10 10 0 0 0 0 0 0 918 78 78 0 1800 882 804 0 804 0 0 0 54192166 82890 0 18586 131060 166998 16112614 1805551 1477141 3198356136 3198356136 0 2631236046 0 46.233803 185 352 468107 200103 196 456 120 160000 250000 100 133308 87621 12 16000 25000 12 16000 25000 7613
1790084253070905 10 0 0 10 10 10 0 0 0 0 0 0 918 77 77 0 1800 882 805 0 805 0 0 0 54195172 82987 0 18604 131142 167019 16132575 1805621 1478644 3202637219 3202637219 0 2631236046 0 46.231160 186 354 470637 201184 1159 526 120 160000 250000 99 131975 86628 12 16000 25000 12 16000 25000 7620
1790084253093001 10 0 0 10 10 10 0 0 0 0 0 0 918 76 76 0 1800 882 806 0 806 0 0 0 54198140 83074 0 18620 131228 167038 16151414 1805693 1480156 3208072554 3208072554 0 2631236046 0 46.228558 189 359 478228 204429 893 563 120 160000 250000 98 130642 85634 12 16000 25000 12 16000 25000 7627
1790084253180686 10 0 0 10 10 10 0 0 0 0 0 0 918 75 75 0 1800 882 807 0 807 0 0 0 54201099 83161 0 18637 131308 167063 16235859 1805756 1481678 3213447919 3213447919 0 2631236046 0 46.225964 190 361 480759 205511 387 547 120 160000 250000 97 129309 84641 12 16000 25000 12 16000 25000 7633
1790084253217209 10 0 0 10 10 10 0 0 0 0 0 0 918 74 74 0 1800 882 808 0 808 0 0 0 54204063 83249 0 18653 131419 167085 16269107 1805820 1483190 3217758057 3217758057 0 2631236046 0 46.223365 190 318 423887 201633 1403 631 120 160000 250000 96 127976 83647 12 16000 25000 12 16000 25000 7640
1790084253444698 10 0 0 10 10 10 0 0 0 0 0 0 918 73 73 0 1800 882 809 0 809 0 0 0 54207085 83343 0 18671 131544 167108 16493242 1805884 1484716 3223108955 3223108955 0 2631236046 0 46.220712 198 332 441734 210123 1021 670 120 160000 250000 95 126643 82653 12 16000 25000 12 16000 25000 7646
1790084253484433 10 0 0 10 10 10 0 0 0 0 0 0 918 72 72 0 1800 882 810 0 810 0 0 0 54210127 83450 0 18688 131631 167133 16529625 1805956 1486233 3228594560 3228594560 0 2631236046 0 46.218031 201 337 448427 213307 1316 734 120 160000 250000 94 125310 81660 12 16000 25000 12 16000 25000 7653
1790084253505614 10 0 0 10 10 10 0 0 0 0 0 0 918 71 71 0 1800 882 811 0 811 0 0 0 54213110 83538 0 18705 131713 167158 16547542 1806021 1487756 3233893509 3233893509 0 2631236046 0 46.215417 203 340 452889 215429 1409 801 120 160000 250000 93 123977 80666 12 16000 25000 12 16000 25000 7660
1790084253529210 10 0 0 10 10 10 0 0 0 0 0 0 918 70 70 0 1800 882 812 0 812 0 0 0 54216068 83626 0 18723 131813 167183 16567888 1806083 1489260 3238331006 3238331006 0 2631236046 0 46.212825 204 342 455120 216490 1378 858 120 160000 250000 92 122644 79672 12 16000 25000 12 16000 25000 7665
1790084253542298 10 0 0 10 10 10 0 0 0 0 0 0 918 69 69 0 1800 882 813 0 813 0 0 0 54219031 83717 0 18741 131911 167210 16577714 1806146 1490775 3240042665 3240042665 0 2631236046 0 46.210226 198 332 441734 210123 124 788 120 160000 250000 91 121311 78673 12 16000 25000 12 16000 25000 7666
1790084253564553 10 0 0 10 10 10 0 0 0 0 0 0 918 68 68 0 1800 882 814 0 814 0 0 0 54222012 83805 0 18757 132005 167231 16596701 1806210 1492279 3243456588 3243456588 0 2631236046 0 46.207614 195 327 435042 206939 389 750 120 160000 250000 90 119978 77678 12 16000 25000 12 16000 25000 7671
1790084253672332 10 0 0 10 10 10 0 0 0 0 0 0 918 67 67 0 1800 882 815 0 815 0 0 0 54224997 83905 0 18774 132091 167255 16701191 1806284 1493798 3246916798 3246916798 0 2631236046 0 46.204989 199 334 443965 211184 76 685 120 160000 250000 89 118645 76684 12 16000 25000 12 16000 25000 7676
1790084253711754 10 0 0 10 10 10 0 0 0 0 0 0 918 66 66 0 1800 882 816 0 816 0 0 0 54227987 84007 0 18803 132158 167278 16737338 1806355 1495300 3252500872 3252500872 0 2631236046 0 46.202359 202 339 450658 214368 639 681 120 160000 250000 88 117312 75687 12 16000 25000 12 16000 25000 7682
1790084253754433 10 0 0 10 10 10 0 0 0 0 0 0 918 65 65 0 1800 882 817 0 817 0 0 0 54230956 84119 0 18820 132239 167304 16776735 1806425 1496812 3256897002 3256897002 0 2631236046 0 46.199738 203 340 452889 215429 167 632 120 160000 250000 87 115979 74693 12 16000 25000 12 16000 25000 7688
1790084253776606 10 0 0 10 10 10 0 0 0 0 0 0 918 64 63 1 1800 882 818 0 818 0 0 0 54233944 84219 0 18849 132356 167328 16795596 1806486 1498334 3265578398 3261263748 0 2631236046 0 46.197112 206 345 459582 218613 1038 673 120 160000 250000 85 113313 73708 12 16000 25000 12 16000 25000 7703
1790084253776781 10 0 0 10 10 10 0 0 0 0 0 0 918 63 63 0 1800 882 819 0 819 0 0 0 54233944 84298 0 18867 132356 167335 16795599 1806554 1498334 3265578398 3265578398 0 2631236046 0 46.197044 224 375 499740 237715 925 698 120 160000 250000 85 113313 72706 12 16000 25000 12 16000 25000 7702
1790084253794556 10 0 0 10 10 10 0 0 0 0 0 0 918 62 62 0 1800 882 820 0 820 0 0 0 54236961 84393 0 18883 132435 167363 16810097 1806590 1499844 3270613974 3270613974 0 2631236046 0 46.194398 229 384 510895 243021 852 714 120 160000 250000 84 111980 71713 12 16000 25000 12 16000 25000 7708
1790084253864792 10 0 0 10 10 10 0 0 0 0 0 0 918 61 61 0 1800 882 821 0 821 0 0 0 54239963 84492 0 18899 132526 167383 16877043 1806649 1501348 3274256998 3274256998 0 2631236046 0 46.191761 235 394 524281 249388 1032 746 120 160000 250000 83 110647 70719 12 16000 25000 12 16000 25000 7714
1790084253906913 10 0 0 10 10 10 0 0 0 0 0 0 918 60 60 0 1800 882 822 0 822 0 0 0 54242990 84579 0 18913 132605 167411 16915863 1806708 1502857 3278519040 3278519040 0 2631236046 0 46.189113 235 394 524281 249388 719 744 120 160000 250000 82 109314 69725 12 16000 25000 12 16000 25000 7720
1790084253923813 10 0 0 10 10 10 0 0 0 0 0 0 918 59 59 0 1800 882 823 0 823 0 0 0 54246012 84669 0 18931 132696 167433 16929444 1806774 1504363 3282912311 3282912311 0 2631236046 0 46.186468 242 405 539898 256817 266 699 120 160000 250000 81 107981 68732 12 16000 25000 12 16000 25000 7727
1790084253931685 10 0 0 10 10 10 0 0 0 0 0 0 918 58 58 0 1800 882 824 0 824 0 0 0 54249000 84755 0 18947 132776 167457 16934055 1806837 1505879 3289376785 3289376785 0 2631236046 0 46.183855 245 410 546590 260000 1013 730 120 160000 250000 80 106648 67739 12 16000 25000 12 16000 25000 7733
1790084253948209 10 0 0 10 10 10 0 0 0 0 0 0 918 57 57 0 1800 882 825 0 825 0 0 0 54251991 84842 0 18964 132858 167480 16947306 1806898 1507386 3295881811 3295881811 0 2631236046 0 46.181238 239 347 461666 248756 1447 801 120 160000 250000 79 105315 66745 12 16000 25000 12 16000 25000 7739
1790084253982696 10 0 0 10 10 10 0 0 0 0 0 0 918 56 56 0 1800 882 826 0 826 0 0 0 54254993 84929 0 18980 132951 167510 16978499 1806958 1508895 3297853858 3297853858 0 2631236046 0 46.178613 244 354 471324 253960 260 749 120 160000 250000 78 103982 65746 12 16000 25000 12 16000 25000 7741
1790084254149657 10 0 0 10 10 10 0 0 0 0 0 0 918 55 55 0 1800 882 827 0 827 0 0 0 54258004 85017 0 18998 133052 167533 17142152 1807022 1510411 3302614742 3302614742 0 2631236046 0 46.175980 233 338 450076 242511 59 683 120 160000 250000 77 102649 64751 12 16000 25000 12 16000 25000 7746
1790084254184468 10 0 0 10 10 10 0 0 0 0 0 0 918 54 54 0 1800 882 828 0 828 0 0 0 54261018 85113 0 19015 133148 167557 17173637 1807091 1511913 3305167408 3305167408 0 2631236046 0 46.173337 252 366 486777 262286 1074 722 120 160000 250000 76 101316 63752 12 16000 25000 12 16000 25000 7748
1790084254188604 10 0 0 10 10 10 0 0 0 0 0 0 918 53 53 0 1800 882 829 0 829 0 0 0 54264024 85201 0 19033 133234 167575 17174490 1807152 1513436 3310519031 3310519031 0 2631236046 0 46.170709 251 364 484845 261245 474 699 120 160000 250000 75 99983 62759 12 16000 25000 12 16000 25000 7754
1790084254188828 10 0 0 10 10 10 0 0 0 0 0 0 918 52 52 0 1800 882 830 0 830 0 0 0 54264024 85282 0 19047 133283 167582 17174494 1807215 1513436 3314815949 3314815949 0 2631236046 0 46.170640 279 405 538932 290388 1350 763 120 160000 250000 74 98650 61766 12 16000 25000 12 16000 25000 7761
1790084254287570 10 0 0 10 10 10 0 0 0 0 0 0 918 51 51 0 1800 882 831 0 831 0 0 0 54267075 85369 0 19066 133365 167604 17269936 1807254 1514959 3317476628 3317476628 0 2631236046 0 46.167974 280 406 540863 291429 1028 790 120 160000 250000 73 97317 60767 12 16000 25000 12 16000 25000 7762
1790084254311341 10 0 0 10 10 10 0 0 0 0 0 0 918 50 50 0 1800 882 832 0 832 0 0 0 54271030 85466 0 19088 133458 167640 17289445 1807309 1517019 3321784146 3321784146 0 2631236046 0 46.164533 291 422 562112 302878 96 723 120 160000 250000 72 95984 59774 12 16000 25000 12 16000 25000 7769
1790084254312670 10 0 0 10 10 10 0 0 0 0 0 0 918 49 49 0 1800 882 833 0 833 0 0 0 54272093 85546 0 19102 133530 167649 17289450 1807391 1517522 3326784296 3326784296 0 2631236046 0 46.163562 297 364 484801 303062 793 731 120 160000 250000 71 94651 58780 12 16000 25000 12 16000 25000 7776
1790084254329424 10 0 0 10 10 10 0 0 0 0 0 0 918 48 48 0 1800 882 834 0 834 0 0 0 54275128 85647 0 19119 133607 167673 17302902 1807435 1519038 3331023296 3331023296 0 2631236046 0 46.160899 293 359 478272 298980 297 690 120 160000 250000 70 93318 57786 12 16000 25000 12 16000 25000 7782
1790084254341587 10 0 0 10 10 10 0 0 0 0 0 0 918 47 47 0 1800 882 835 0 835 0 0 0 54278143 85735 0 19137 133691 167694 17311772 1807496 1520559 3337610894 3337610894 0 2631236046 0 46.158264 304 373 496228 310205 122 635 120 160000 250000 69 91985 56793 12 16000 25000 12 16000 25000 7789
1790084254374706 10 0 0 10 10 10 0 0 0 0 0 0 918 46 46 0 1800 882 836 0 836 0 0 0 54281178 85825 0 19154 133779 167718 17341574 1807556 1522073 3341891132 3341891132 0 2631236046 0 46.155611 317 389 517448 323470 1177 689 120 160000 250000 68 90652 55798 12 16000 25000 12 16000 25000 7794
1790084254426348 10 0 0 10 10 10 0 0 0 0 0 0 918 45 45 0 1800 882 837 0 837 0 0 0 54285186 85925 0 19178 133875 167753 17388889 1807619 1524125 3346268593 3346268593 0 2631236046 0 46.152124 316 387 515816 322449 1191 739 120 160000 250000 67 89319 54805 12 16000 25000 12 16000 25000 7801
1790084254585584 10 0 0 10 10 10 0 0 0 0 0 0 918 44 44 0 1800 882 838 0 838 0 0 0 54288295 86027 0 19206 133970 167781 17544680 1807700 1525652 3351658481 3351658481 0 2631236046 0 46.149398 302 370 492963 308164 95 677 120 160000 250000 66 87986 53812 12 16000 25000 12 16000 25000 7807
1790084254682618 10 0 1 9 10 10 0 0 0 0 0 0 918 43 43 0 1800 882 839 0 839 0 0 0 54291354 86119 0 19225 134080 167806 17638334 1807772 1527166 3355977871 3355977871 0 2631236046 0 46.146724 304 373 496228 310205 999 710 120 160000 250000 65 86653 52818 12 16000 25000 12 16000 25000 7814
1790084254691086 10 0 0 10 10 10 0 0 0 0 0 0 917 43 43 0 1800 883 840 0 840 0 0 0 54299572 86196 0 19238 134148 167817 17638343 1807839 1527962 3359023317 3359023317 0 2631236046 0 46.139686 303 372 494595 309184 768 716 120 160000 250000 76 101320 58015 12 16000 25000 12 16000 25000 9010
1790084254787644 10 0 0 10 10 10 0 0 0 0 0 0 917 42 42 0 1800 883 841 0 841 0 0 0 54339623 86319 0 19260 135200 168140 17693180 1807891 1546720 3365665607 3365665607 0 2631236046 0 46.105628 302 370 492963 308164 186 665 120 160000 250000 75 99987 57143 12 16000 25000 12 16000 25000 9016
1790084254800352 10 0 0 10 10 10 0 0 0 0 0 0 917 41 41 0 1800 883 842 0 842 0 0 0 54344937 86420 0 19280 135420 168192 17700068 1807979 1549061 3370041252 3370041252 0 2631236046 0 46.101041 303 372 494595 309184 1141 712 120 160000 250000 74 98654 56170 12 16000 25000 12 16000 25000 9021
1790084254830405 10 0 0 10 10 10 0 0 0 0 0 0 917 40 40 0 1800 883 843 0 843 0 0 0 54356609 86541 0 19302 135792 168287 17717716 1808070 1554285 3373572183 3373572183 0 2631236046 0 46.091055 318 390 519080 324490 1141 755 120 160000 250000 73 97321 55214 12 16000 25000 12 16000 25000 9027
1790084254941613 10 0 0 10 10 10 0 0 0 0 0 0 917 39 39 0 1800 883 844 0 844 0 0 0 54399257 86668 0 19322 136935 168612 17784468 1808154 1574387 3378980302 3378980302 0 2631236046 0 46.054871 327 401 533771 333674 891 769 120 160000 250000 72 95988 54377 12 16000 25000 12 16000 25000 9033
1790084255123812 10 0 0 10 10 10 0 0 0 0 0 0 917 38 38 0 1800 883 845 0 845 0 0 0 54480635 86827 0 19346 139016 169249 17882062 1808249 1612809 3383441128 3383441128 0 2631236046 0 45.986054 335 411 546830 341837 1815 872 120 160000 250000 71 94655 53622 12 16000 25000 12 16000 25000 9039
1790084255189426 10 0 0 10 10 10 0 0 0 0 0 0 917 37 37 0 1800 883 846 0 846 0 0 0 54512518 86963 0 19372 139851 169502 17914345 1808369 1627835 3390040397 3390040397 0 2631236046 0 45.959086 323 323 430559 323000 101 764 120 160000 250000 70 93322 52714 12 16000 25000 12 16000 25000 9045
1790084255201081 10 0 0 10 10 10 0 0 0 0 0 0 917 36 36 0 1800 883 847 0 847 0 0 0 54519918 87079 0 19395 140085 169562 17918066 1808455 1631258 3395403823 3395403823 0 2631236046 0 45.952760 324 324 431892 324000 1050 793 120 160000 250000 69 91989 51744 12 16000 25000 12 16000 25000 9051
1790084255252605 10 0 0 10 10 10 0 0 0 0 0 0 917 35 35 0 1800 883 848 0 848 0 0 0 54542584 87209 0 19425 140653 169725 17945892 1808532 1641959 3398847984 3398847984 0 2631236046 0 45.933585 357 357 475881 357000 1282 842 120 160000 250000 68 90656 50811 12 16000 25000 12 16000 25000 9057
1790084255520148 10 0 0 10 10 10 0 0 0 0 0 0 917 34 34 0 1800 883 849 0 849 0 0 0 54641737 87365 0 19448 143401 170541 18110191 1808614 1688604 3403175469 3403175469 0 2631236046 0 45.850236 355 355 473215 355000 596 819 120 160000 250000 67 89323 50188 12 16000 25000 12 16000 25000 9062
1790084255534869 10 0 0 10 10 10 0 0 0 0 0 0 917 33 33 0 1800 883 850 0 850 0 0 0 54650114 87467 0 19472 143638 170615 18115992 1808706 1692377 3407435553 3407435553 0 2631236046 0 45.843134 343 343 457219 343000 120 752 120 160000 250000 66 87990 49210 12 16000 25000 12 16000 25000 9068
1790084255541944 10 0 0 10 10 10 0 0 0 0 0 0 917 32 32 0 1800 883 851 0 851 0 0 0 54653956 87573 0 19497 143786 170647 18118835 1808786 1693998 3412490394 3412490394 0 2631236046 0 45.839827 342 342 455886 342000 703 748 120 160000 250000 65 86657 48228 12 16000 25000 12 16000 25000 9075
1790084255573318 10 0 0 10 10 10 0 0 0 0 0 0 917 31 31 0 1800 883 852 0 852 0 0 0 54665385 87688 0 19520 144131 170742 18138096 1808862 1699198 3416745632 3416745632 0 2631236046 0 45.830163 363 363 483879 363000 704 744 120 160000 250000 64 85324 47282 12 16000 25000 12 16000 25000 9082
1790084255617902 10 0 0 10 10 10 0 0 0 0 0 0 917 30 30 0 1800 883 853 0 853 0 0 0 54682864 87793 0 19541 144643 170884 18164288 1808949 1707246 3421007892 3421007892 0 2631236046 0 45.815449 375 375 499875 375000 569 728 120 160000 250000 63 83991 46345 12 16000 25000 12 16000 25000 9088
1790084255686708 10 0 0 10 10 10 0 0 0 0 0 0 917 29 29 0 1800 883 854 0 854 0 0 0 54707996 87908 0 19564 145361 171088 18206747 1809031 1718905 3425093565 3425093565 0 2631236046 0 45.794340 375 375 499875 375000 999 755 120 160000 250000 62 82658 45441 12 16000 25000 12 16000 25000 9094
1790084255697882 10 0 0 10 10 10 0 0 0 0 0 0 917 28 28 0 1800 883 855 0 855 0 0 0 54711833 88015 0 19584 145515 171126 18213678 1809114 1720539 3431914331 3431914331 0 2631236046 0 45.791044 357 357 475881 357000 120 694 120 160000 250000 61 81325 44466 12 16000 25000 12 16000 25000 9101
1790084255707393 10 0 0 10 10 10 0 0 0 0 0 0 917 27 27 0 1800 883 856 0 856 0 0 0 54715678 88108 0 19604 145677 171160 18218943 1809190 1722162 3437242904 3437242904 0 2631236046 0 45.787753 364 364 485212 364000 1408 764 120 160000 250000 60 79992 43489 12 16000 25000 12 16000 25000 9107
1790084255775054 10 0 0 10 10 10 0 0 0 0 0 0 917 26 26 0 1800 883 857 0 857 0 0 0 54734784 88218 0 19626 146228 171313 18266551 1809264 1730970 3443852555 3443852555 0 2631236046 0 45.771704 364 364 485212 364000 1321 819 120 160000 250000 59 78659 42566 12 16000 25000 12 16000 25000 9114
1790084255785772 10 0 1 9 10 10 0 0 0 0 0 0 917 25 25 0 1800 883 858 0 858 0 0 0 54737969 88346 0 19649 146293 171430 18273669 1809345 1732422 3447417827 3447417827 0 2631236046 0 45.768938 356 356 474548 356000 258 765 120 160000 250000 47 62659 41950 12 16000 25000 12 16000 25000 10498
1790084255841242 10 0 0 10 10 10 0 0 0 0 0 0 916 25 25 0 1800 884 859 0 859 0 0 0 54742072 88438 0 19666 146397 171462 18324705 1809420 1734053 3452149467 3452149467 0 2631236046 0 45.765437 341 418 556624 347960 142 705 120 160000 250000 58 77326 42956 12 16000 25000 12 16000 25000 10504
1790084255856169 10 0 0 10 10 10 0 0 0 0 0 0 916 24 24 0 1800 884 860 0 860 0 0 0 54744339 88527 0 19684 146481 171497 18337071 1809486 1734958 3456491959 3456491959 0 2631236046 0 45.763470 340 417 554992 346939 996 734 120 160000 250000 57 75993 41963 12 16000 25000 12 16000 25000 10511
1790084255888999 10 0 0 10 10 10 0 0 0 0 0 0 916 23 23 0 1800 884 861 0 861 0 0 0 54746614 88613 0 19701 146569 171526 18367334 1809555 1735860 3461891940 3461891940 0 2631236046 0 45.761500 323 396 527242 329592 125 676 120 160000 250000 56 74660 40970 12 16000 25000 12 16000 25000 10518
1790084255916533 10 0 0 10 10 10 0 0 0 0 0 0 916 22 22 0 1800 884 862 0 862 0 0 0 54749220 88711 0 19715 146667 171552 18391952 1809620 1736808 3468422411 3468422411 0 2631236046 0 45.759243 340 417 554992 346939 1117 720 120 160000 250000 55 73327 39976 12 16000 25000 12 16000 25000 10524
1790084255921525 10 0 1 9 10 10 0 0 0 0 0 0 916 21 21 0 1800 884 863 0 863 0 0 0 54751798 88825 0 19738 146739 171641 18393980 1809710 1737774 3471851139 3471851139 0 2631236046 0 45.756997 346 424 564785 353062 946 743 120 160000 250000 43 57327 39368 12 16000 25000 12 16000 25000 11916
1790084255945454 10 0 0 10 10 10 0 0 0 0 0 0 915 21 21 0 1800 885 864 0 864 0 0 0 54755925 88924 0 19753 146847 171675 18413442 1809781 1739422 3477317610 3477317610 0 2631236046 0 45.753472 358 519 691532 372613 152 686 120 160000 250000 54 71994 40375 12 16000 25000 12 16000 25000 11923
1790084256024296 10 0 0 10 10 10 0 0 0 0 0 0 915 20 20 0 1800 885 865 0 865 0 0 0 54758263 89012 0 19770 146944 171705 18489458 1810035 1740328 3481639435 3481639435 0 2631236046 0 45.751448 350 508 676079 364286 215 641 120 160000 250000 53 70661 39382 12 16000 25000 12 16000 25000 11930
1790084256028852 10 0 0 10 10 10 0 0 0 0 0 0 915 19 19 0 1800 885 866 0 866 0 0 0 54761492 89106 0 19791 147036 171747 18490447 1810116 1741761 3488177339 3488177339 0 2631236046 0 45.748676 364 528 703122 378858 993 676 120 160000 250000 52 69328 38388 12 16000 25000 12 16000 25000 11936
1790084256041864 10 0 1 9 10 10 0 0 0 0 0 0 915 18 18 0 1800 885 867 0 867 0 0 0 54763822 89204 0 19791 147099 171771 18500847 1810192 1742677 3488422478 3488422478 0 2631236046 0 45.746651 366 531 706986 380939 923 701 120 160000 250000 40 53328 36388 12 16000 25000 12 16000 25000 11936
1790084256071494 10 0 0 10 10 10 0 0 0 0 0 0 914 18 18 0 1800 886 868 0 868 0 0 0 54767863 89290 0 19807 147206 171808 18526099 1810265 1744287 3495175956 3495175956 0 2631236046 0 45.743209 356 596 794229 377796 23 636 120 160000 250000 51 67995 37395 12 16000 25000 12 16000 25000 11943
1790084256086634 10 0 1 9 10 10 0 0 0 0 0 0 914 17 17 0 1800 886 869 0 869 0 0 0 54770120 89381 0 19823 147297 171829 18538687 1810332 1745186 3500560001 3500560001 0 2631236046 0 45.741252 359 601 800922 380980 1107 683 120 160000 250000 50 66662 36402 12 16000 25000 12 16000 25000 11950
1790084276544568 10 0 1 9 10 10 0 0 0 0 0 0 913 18 18 0 1800 886 869 0 869 0 0 0 54770120 89381 0 19823 147297 171829 18538690 1810401 1745374 3500560001 3500560001 0 2951014658 0 51.300264 360 603 803153 382041 1381 718 120 160000 250000 50 66662 36402 12 16000 25000 12 16000 25000 12255
1790084276544652 10 0 0 10 10 10 0 0 0 0 0 0 913 18 18 0 1800 887 869 0 869 0 0 0 75228047 89381 0 19823 147297 171829 18538690 1810401 1745374 3500560001 3500560001 0 2951014658 0 37.365945 360 603 803153 382041 1381 752 120 160000 250000 62 82662 38707 12 16000 25000 12 16000 25000 12255
1790084276547324 10 0 1 9 10 10 0 0 0 0 0 0 913 17 1 16 1800 887 870 0 870 0 0 0 75228047 89461 0 19824 149791 171838 18538700 1810462 1745374 3585892558 3500758774 0 2951014658 0 37.365906 360 603 803153 382041 1381 843 120 160000 250000 50 66662 37666 12 16000 25000 12 16000 25000 12763
1790084276547517 10 0 2 8 10 10 0 0 0 0 0 0 913 16 1 15 1800 887 871 0 871 0 0 0 75228047 89551 0 19845 149791 171846 18538704 1810538 1745374 3585892558 3505776695 0 2951014658 0 37.365861 11 21 27834 11898 1 761 120 160000 250000 47 62663 36659 12 16000 25000 12 16000 25000 12762
1790084276547745 10 0 2 8 10 10 0 0 0 0 0 0 913 14 1 13 1800 887 873 0 873 0 0 0 75228047 89709 0 19883 149791 171853 18538707 1810583 1745374 3585892558 3515886428 0 2951014658 0 37.365782 10 19 25304 10817 1 653 120 160000 250000 47 62663 34656 12 16000 25000 12 16000 25000 12759
1790084276547932 10 0 3 7 10 10 0 0 0 0 0 0 913 13 1 12 1800 887 874 0 874 0 0 0 75228047 89787 0 19901 149791 171869 18538710 1810655 1745374 3585892558 3521228007 0 2951014658 0 37.365744 10 19 25304 10817 1 590 120 160000 250000 46 61330 33653 12 16000 25000 12 16000 25000 12757
1790084276548148 10 0 4 6 10 10 0 0 0 0 0 0 913 12 1 11 1800 887 875 0 875 0 0 0 75228047 89874 0 19924 149791 171940 18538713 1810691 1745374 3585892558 3521675115 0 2951014658 0 37.365701 10 19 25304 10817 1 533 120 160000 250000 34 45330 27204 12 16000 25000 12 16000 25000 12757
1790084276548293 10 0 5 5 10 10 0 0 0 0 0 0 913 11 1 10 1800 887 876 0 876 0 0 0 75228047 89953 0 19943 149791 171947 18538716 1810732 1745374 3585892558 3528383336 0 2951014658 0 37.365661 10 22 28297 11633 1 482 120 160000 250000 30 39998 26197 12 16000 25000 12 16000 25000 12756
1790084276548709 10 0 5 5 10 10 0 0 0 0 0 0 913 8 1 7 1800 887 879 0 879 0 0 0 75228047 90165 0 19982 149804 171955 18538720 1810896 1745374 3585892558 3548119793 0 2951014658 0 37.365556 10 22 28297 11633 1 395 120 160000 250000 30 39998 23192 12 16000 25000 12 16000 25000 12751
1790084276548936 10 0 6 4 10 10 0 0 0 0 0 0 913 7 1 6 1800 887 880 0 880 0 0 0 75228047 90246 0 20000 149805 171980 18538723 1810997 1745374 3585892558 3552429211 0 2951014658 0 37.365516 10 22 28297 11633 1 358 120 160000 250000 29 38665 22190 12 16000 25000 12 16000 25000 12749
1790084276549080 10 0 7 3 10 10 0 0 0 0 0 0 913 6 1 5 1800 887 881 0 881 0 0 0 75228047 90324 0 20018 149805 171987 18538726 1811034 1745374 3585892558 3556723364 0 2951014658 0 37.365477 10 22 28297 11633 1 324 120 160000 250000 28 37332 21188 12 16000 25000 12 16000 25000 12748
1790084277510235 10 0 8 2 10 10 0 0 0 0 0 0 913 5 1 4 1800 887 882 0 882 0 0 0 75228047 1051415 0 981013 149805 171996 18538728 1811068 1745374 3585892558 3559747177 0 2951014658 414780480 42.080428 10 22 28297 11633 1 293 120 160000 250000 16 21332 18792 12 16000 25000 12 16000 25000 12352
1790084277510472 10 0 9 1 10 10 0 0 0 0 0 0 913 4 1 3 1800 887 883 0 883 0 0 0 75228047 1051512 0 981048 149805 172004 18538739 1811170 1745374 3585892558 3566406568 0 2951014658 414780480 42.080374 10 24 31290 11837 1 266 120 160000 250000 12 16000 17788 12 16000 25000 12 16000 25000 12351
1790084277510741 10 0 9 1 10 10 0 0 0 0 0 0 913 1 1 0 1800 887 886 0 886 0 0 0 75228047 1051722 0 981092 149805 172011 18538742 1811204 1745374 3585892558 3585892558 0 2951014658 414780480 42.080258 10 24 31290 11837 1 218 120 160000 250000 12 16000 14784 12 16000 25000 12 16000 25000 12346
1790084283103819 10 0 5 5 10 10 0 0 0 0 0 0 909 4 1 3 1800 891 887 0 887 0 0 0 79552666 1051722 0 2244057 155044 172033 18538765 1811310 1746411 3591482562 3588525074 0 3270793270 829560960 48.513519 10 24 31290 11837 1 208 120 160000 250000 60 80000 32494 12 16000 25000 12 16000 25000 13813
1790084283103848 10 0 6 4 10 10 0 0 0 0 0 0 909 4 1 3 1800 891 887 0 887 0 0 0 79552666 2314802 0 2244057 155044 172033 18538765 1811310 1746411 3591482562 3588525074 0 3270793270 829560960 47.765036 10 24 31290 11837 1 189 120 160000 250000 48 64000 30098 12 16000 25000 12 16000 25000 13813
1790084283104125 10 0 7 3 10 10 0 0 0 0 0 0 909 3 1 2 1800 891 888 0 888 0 0 0 79552666 2314874 0 2244058 155067 172053 18538776 1811443 1746411 3591482562 3588679609 0 3270793270 829560960 47.764994 10 26 34283 12041 1 164 120 160000 250000 36 48000 25097 12 16000 25000 12 16000 25000 13813
1790084283104369 10 0 8 2 10 10 0 0 0 0 0 0 909 2 1 1 1800 891 889 0 889 0 0 0 79552666 2314983 0 2244085 155067 172124 18538779 1811488 1746411 3591482562 3588905561 0 3270793270 829560960 47.764930 10 28 37277 12858 1 149 120 160000 250000 24 32000 18686 12 16000 25000 12 16000 25000 13813
1790084283105752 10 0 9 1 10 10 0 0 0 0 0 0 909 1 1 0 1800 891 890 0 890 0 0 0 79552666 2316264 0 2245310 155067 172153 18538782 1811528 1746411 3591482562 3591482562 0 3270793270 829560960 47.764183 10 31 40270 13674 1 135 120 160000 250000 12 16000 15946 12 16000 25000 12 16000 25000 13508
1790084284918340 10 0 0 10 10 10 0 0 0 0 0 0 823 86 76 10 1800 977 891 0 891 0 0 0 81363387 2316364 0 2245328 156632 172163 18538797 1811689 1748435 3601782505 3592074149 0 3395580007 829560960 48.152730 10 33 43263 13878 1 123 120 160000 250000 119 158639 106234 12 16000 25000 12 16000 25000 13636
1790084284918619 10 0 1 9 10 10 0 0 0 0 0 0 823 85 76 9 1800 977 892 0 892 0 0 0 81363387 2316432 0 2245329 156654 172175 18538801 1811844 1748435 3601782505 3592251378 0 3395580007 829560960 48.152690 10 33 43263 13878 2 112 120 160000 250000 107 142639 101233 12 16000 25000 12 16000 25000 13636
1790084284918778 10 0 1 9 10 10 0 0 0 0 0 0 823 84 76 8 1800 977 893 0 893 0 0 0 81363387 2316512 0 2245349 156654 172183 18538805 1811895 1748435 3601782505 3592976098 0 3395580007 829560960 48.152644 10 35 46256 14694 1 102 120 160000 250000 103 137307 100203 12 16000 25000 12 16000 25000 13634
1790084284919054 10 0 1 9 10 10 0 0 0 0 0 0 823 81 76 5 1800 977 896 0 896 0 0 0 81363387 2316724 0 2245388 156654 172190 18538808 1811932 1748435 3601782505 3595232988 0 3395580007 829560960 48.152522 10 35 46256 14694 2 85 120 160000 250000 103 137307 97199 12 16000 25000 12 16000 25000 13630
1790084284920476 10 0 2 8 10 10 0 0 0 0 0 0 823 80 76 4 1800 977 897 0 897 0 0 0 81363387 2317957 0 2246559 156654 172244 18538811 1812047 1748435 3601782505 3597742623 0 3395580007 829560960 48.151813 10 35 46256 14694 7 79 120 160000 250000 91 121307 94459 12 16000 25000 12 16000 25000 13325
1790084284920633 10 0 2 8 10 10 0 0 0 0 0 0 823 79 76 3 1800 977 898 0 898 0 0 0 81363387 2318039 0 2246578 156655 172251 18538814 1812092 1748435 3601782505 3598843961 0 3395580007 829560960 48.151766 10 37 49250 14898 1 73 120 160000 250000 87 115975 93428 12 16000 25000 12 16000 25000 13323
1790084284920943 10 0 2 8 10 10 0 0 0 0 0 0 823 76 76 0 1800 977 901 0 901 0 0 0 81363387 2318253 0 2246622 156655 172258 18538817 1812163 1748435 3601782505 3601782505 0 3395580007 829560960 48.151643 10 37 49250 14898 1 61 120 160000 250000 87 115975 90423 12 16000 25000 12 16000 25000 13319
1790084285255964 10 0 0 10 10 10 0 0 0 0 0 0 801 97 97 0 1800 999 902 0 902 0 0 0 81697804 2318344 0 2246640 157000 172284 18538828 1812274 1750570 3602175018 3602175018 0 3426558902 829560960 48.311572 10 37 49250 14898 1 56 120 160000 250000 119 158635 112469 12 16000 25000 12 16000 25000 13348
1790084285299216 10 0 0 10 10 10 0 0 0 0 0 0 800 97 97 0 1800 1000 903 0 903 0 0 0 81740766 2318427 0 2246656 157065 172293 18538837 1812380 1752126 3603424851 3603424851 0 3428050777 829560960 48.303759 10 37 49250 14898 16 53 120 160000 250000 119 158635 112447 12 16000 25000 12 16000 25000 13349
1790084285407245 10 0 0 10 10 10 0 0 0 0 0 0 799 97 97 0 1800 1001 904 0 904 0 0 0 81751078 2318521 0 2246675 157173 172321 18636237 1812447 1759399 3604653482 3604653482 0 3429554440 829560960 48.314837 10 37 49250 14898 29 51 120 160000 250000 119 158635 112424 12 16000 25000 12 16000 25000 13350
1790084285468953 10 0 0 10 10 10 0 0 0 0 0 0 798 97 97 0 1800 1002 905 0 905 0 0 0 81812507 2318603 0 2246692 157244 172331 18636244 1812539 1760923 3606701923 3606701923 0 3431038048 829560960 48.296330 10 37 49250 14898 50 51 120 160000 250000 119 158635 112421 12 16000 25000 12 16000 25000 13353
1790084285493022 10 0 0 10 10 10 0 0 0 0 0 0 797 97 97 0 1800 1003 906 0 906 0 0 0 81836342 2318684 0 2246708 157306 172339 18636251 1812599 1762441 3607214857 3607214857 0 3432256631 829560960 48.296414 10 37 49250 14898 23 49 120 160000 250000 119 158635 112415 12 16000 25000 12 16000 25000 13353
1790084285748289 10 0 0 10 10 10 0 0 0 0 0 0 796 97 97 0 1800 1004 907 0 907 0 0 0 81865970 2318778 0 2246725 157410 172363 18861594 1812652 1769587 3607962231 3607962231 0 3433763744 829560960 48.296436 10 37 49250 14898 18 47 120 160000 250000 119 158635 112417 12 16000 25000 12 16000 25000 13354
1790084285837611 10 0 0 10 10 10 0 0 0 0 0 0 795 97 97 0 1800 1005 908 0 908 0 0 0 81885192 2318873 0 2246745 157514 172384 18931349 1812755 1776754 3609986670 3609986670 0 3435267218 829560960 48.302384 10 35 46256 14694 49 49 120 160000 250000 119 158635 112420 12 16000 25000 12 16000 25000 13357
1790084285930536 10 0 0 10 10 10 0 0 0 0 0 0 794 97 97 0 1800 1006 909 0 909 0 0 0 81895353 2318969 0 2246767 157609 172405 19013786 1812848 1783865 3610617131 3610617131 0 3436760735 829560960 48.313414 10 35 46256 14694 427 86 120 160000 250000 119 158635 112420 12 16000 25000 12 16000 25000 13358
1790084286155420 10 0 0 10 10 10 0 0 0 0 0 0 793 97 97 0 1800 1007 910 0 910 0 0 0 81925379 2319070 0 2246787 157702 172427 19208318 1812938 1790958 3611728372 3611728372 0 3438256585 829560960 48.313070 10 35 46256 14694 15 80 120 160000 250000 119 158635 112422 12 16000 25000 12 16000 25000 13359
1790084286294869 10 0 0 10 10 10 0 0 0 0 0 0 792 97 97 0 1800 1008 911 0 911 0 0 0 81935719 2319172 0 2246803 157818 172452 19337064 1813034 1797988 3614012209 3614012209 0 3439750214 829560960 48.323989 10 35 46256 14694 248 97 120 160000 250000 119 158635 112425 12 16000 25000 12 16000 25000 13361
1790084286569319 10 0 0 10 10 10 0 0 0 0 0 0 791 97 97 0 1800 1009 912 0 912 0 0 0 81965006 2319260 0 2246818 157929 172473 19581890 1813126 1805028 3616573905 3616573905 0 3441261010 829560960 48.324241 10 35 46256 14694 358 124 120 160000 250000 119 158635 112428 12 16000 25000 12 16000 25000 13364
1790084286649384 10 0 0 10 10 10 0 0 0 0 0 0 790 97 97 0 1800 1010 913 0 913 0 0 0 81975646 2319347 0 2246833 158025 172494 19650989 1813216 1812056 3619143027 3619143027 0 3442477346 829560960 48.331853 10 33 43263 14490 58 118 120 160000 250000 119 158635 112430 12 16000 25000 12 16000 25000 13367
1790084286688873 10 0 0 10 10 10 0 0 0 0 0 0 789 97 97 0 1800 1011 914 0 914 0 0 0 81987632 2319437 0 2246853 158122 172517 19678173 1813298 1820592 3621560395 3621560395 0 3443977619 829560960 48.341901 10 33 43263 14490 79 116 120 160000 250000 119 158635 112433 12 16000 25000 12 16000 25000 13369
1790084286775534 10 0 0 10 10 10 0 0 0 0 0 0 788 97 97 0 1800 1012 915 0 915 0 0 0 82008418 2319526 0 2246868 158229 172541 19743714 1813389 1827602 3624223122 3624223122 0 3445491085 829560960 48.347050 10 33 43263 14490 65 112 120 160000 250000 119 158635 112436 12 16000 25000 12 16000 25000 13373
1790084286927329 10 0 0 10 10 10 0 0 0 0 0 0 787 97 97 0 1800 1013 916 0 916 0 0 0 82061168 2319619 0 2246888 158620 172567 19842137 1813479 1836098 3626231587 3626231587 0 3446989890 829560960 48.333713 10 33 43263 14490 76 110 120 160000 250000 119 158635 112439 12 16000 25000 12 16000 25000 13375
1790084286960148 10 0 0 10 10 10 0 0 0 0 0 0 786 97 97 0 1800 1014 917 0 917 0 0 0 82070848 2319719 0 2246903 158718 172592 19864940 1813571 1843031 3628918797 3628918797 0 3448490265 829560960 48.345067 10 31 40270 14286 130 112 120 160000 250000 119 158635 112442 12 16000 25000 12 16000 25000 13378
1790084287047968 10 0 0 10 10 10 0 0 0 0 0 0 785 97 97 0 1800 1015 918 0 918 0 0 0 82092673 2319809 0 2246919 158819 172615 19930607 1813665 1851443 3632367761 3632367761 0 3449999578 829560960 48.349567 10 31 40270 14286 349 136 120 160000 250000 119 158635 112449 12 16000 25000 12 16000 25000 13385
1790084287113976 10 0 0 10 10 10 0 0 0 0 0 0 784 97 97 0 1800 1016 919 0 919 0 0 0 82121782 2319896 0 2246936 158915 172640 19967194 1813749 1858294 3635809164 3635809164 0 3451504405 829560960 48.349846 10 31 40270 14286 33 127 120 160000 250000 119 158635 112456 12 16000 25000 12 16000 25000 13392
1790084287339406 10 0 0 10 10 10 0 0 0 0 0 0 783 97 97 0 1800 1017 920 0 920 0 0 0 82131658 2319993 0 2246952 159033 172664 20182398 1813843 1865157 3639433397 3639433397 0 3453010332 829560960 48.361142 10 28 37277 14082 243 139 120 160000 250000 119 158635 112463 12 16000 25000 12 16000 25000 13399
1790084287384355 10 0 0 10 10 10 0 0 0 0 0 0 782 97 97 0 1800 1018 921 0 921 0 0 0 82154690 2320086 0 2246973 159131 172689 20203980 1813938 1875078 3642492405 3642492405 0 3454512788 829560960 48.364865 10 28 37277 14082 109 137 120 160000 250000 119 158635 112446 12 16000 25000 12 16000 25000 13405
1790084287573363 10 0 0 10 10 10 0 0 0 0 0 0 781 97 97 0 1800 1019 922 0 922 0 0 0 82164850 2320182 0 2246988 159230 172714 20382494 1814029 1881922 3646837838 3646837838 0 3456011217 829560960 48.375908 10 28 37277 14082 53 129 120 160000 250000 119 158635 112452 12 16000 25000 12 16000 25000 13412
1790084287629995 10 0 0 10 10 10 0 0 0 0 0 0 780 97 97 0 1800 1020 923 0 923 0 0 0 82174819 2320268 0 2247004 159341 172735 20428817 1814129 1888781 3650133888 3650133888 0 3457515685 829560960 48.387132 10 28 37277 14082 326 149 120 160000 250000 119 158635 112459 12 16000 25000 12 16000 25000 13418
1790084287646935 10 0 0 10 10 10 0 0 0 0 0 0 779 97 97 0 1800 1021 924 0 924 0 0 0 82184684 2320358 0 2247020 159440 172758 20435575 1814214 1895589 3654471219 3654471219 0 3459021564 829560960 48.398426 10 28 37277 14082 209 155 120 160000 250000 119 158635 112464 12 16000 25000 12 16000 25000 13424
1790084287660661 10 0 0 10 10 10 0 0 0 0 0 0 778 97 97 0 1800 1022 925 0 925 0 0 0 82198147 2320434 0 2247034 159512 172766 20435581 1814295 1897054 3658798035 3658798035 0 3460527016 829560960 48.407660 10 26 34283 13266 131 153 120 160000 250000 119 158635 112471 12 16000 25000 12 16000 25000 13431
1790084287842078 10 0 0 10 10 10 0 0 0 0 0 0 777 97 97 0 1800 1023 926 0 926 0 0 0 82207956 2320527 0 2247051 159654 172787 20606857 1814352 1903792 3661447578 3661447578 0 3462023556 829560960 48.418874 10 26 34283 13266 163 155 120 160000 250000 119 158635 112462 12 16000 25000 12 16000 25000 13442
1790084287842298 10 0 0 10 10 10 0 0 0 0 0 0 777 96 96 0 1800 1023 927 0 927 0 0 0 82207956 2320607 0 2247067 159679 172794 20606860 1814437 1903792 3665682532 3665682532 0 3462023556 829560960 48.418828 10 26 34283 13266 77 149 120 160000 250000 118 157302 111457 12 16000 25000 12 16000 25000 13440
1790084287902704 10 0 0 10 10 10 0 0 0 0 0 0 775 97 97 0 1800 1025 928 0 928 0 0 0 82219667 2320699 0 2247084 159800 172816 20655255 1814483 1910629 3669902077 3669902077 0 3465009180 829560960 48.445748 10 26 34283 13266 331 168 120 160000 250000 119 158635 112468 12 16000 25000 12 16000 25000 13450
1790084287917811 10 0 0 10 10 10 0 0 0 0 0 0 774 97 97 0 1800 1026 929 0 929 0 0 0 82234490 2320779 0 2247098 159875 172827 20655266 1814571 1913702 3674135735 3674135735 0 3466514058 829560960 48.454182 10 26 34283 13266 303 182 120 160000 250000 119 158635 112476 12 16000 25000 12 16000 25000 13458
1790084287961407 10 0 0 10 10 10 0 0 0 0 0 0 773 97 97 0 1800 1027 930 0 930 0 0 0 82253947 2320872 0 2247113 159987 172847 20679097 1814633 1920417 3678602001 3678602001 0 3468004278 829560960 48.459786 10 26 34283 13266 1128 275 120 160000 250000 119 158635 112484 12 16000 25000 12 16000 25000 13466
1790084287975349 10 0 0 10 10 10 0 0 0 0 0 0 772 97 97 0 1800 1028 931 0 931 0 0 0 82267622 2320952 0 2247128 160057 172856 20679103 1814715 1921834 3683423038 3683423038 0 3469502244 829560960 48.468794 10 26 34283 13266 133 262 120 160000 250000 119 158635 112491 12 16000 25000 12 16000 25000 13473
1790084288037128 10 0 0 10 10 10 0 0 0 0 0 0 771 97 97 0 1800 1029 932 0 932 0 0 0 82286811 2321051 0 2247143 160160 172876 20721382 1814783 1928538 3687799076 3687799076 0 3471002558 829560960 48.474656 10 24 31290 13062 116 249 120 160000 250000 119 158635 112500 12 16000 25000 12 16000 25000 13482
1790084288056463 10 0 0 10 10 10 0 0 0 0 0 0 770 97 97 0 1800 1030 933 0 933 0 0 0 82305539 2321149 0 2247159 160283 172904 20721639 1814864 1935194 3689695019 3689695019 0 3472501616 829560960 48.480765 10 24 31290 13062 319 257 120 160000 250000 119 158635 112502 12 16000 25000 12 16000 25000 13484
1790084288293235 10 0 0 10 10 10 0 0 0 0 0 0 769 97 97 0 1800 1031 934 0 934 0 0 0 82315231 2321242 0 2247175 160403 172935 20948358 1814957 1941849 3690140194 3690140194 0 3473721487 829560960 48.488906 10 24 31290 13062 408 273 120 160000 250000 119 158635 112502 12 16000 25000 12 16000 25000 13484
1790084288404786 10 0 0 10 10 10 0 0 0 0 0 0 768 97 97 0 1800 1032 935 0 935 0 0 0 82326755 2321330 0 2247190 160516 172957 21048028 1815071 1950101 3692222795 3692222795 0 3475229894 829560960 48.499248 10 24 31290 13062 84 247 120 160000 250000 119 158635 112505 12 16000 25000 12 16000 25000 13487
1790084288558034 10 0 0 10 10 10 0 0 0 0 0 0 767 97 97 0 1800 1033 936 0 936 0 0 0 82336339 2321420 0 2247206 160625 172979 21191357 1815162 1956698 3697563917 3697563917 0 3476751953 829560960 48.510852 10 24 31290 13062 78 231 120 160000 250000 119 158635 112513 12 16000 25000 12 16000 25000 13495
1790084288659735 10 0 0 10 10 10 0 0 0 0 0 0 766 97 97 0 1800 1034 937 0 937 0 0 0 82355035 2321519 0 2247232 160726 172997 21274032 1815247 1963286 3697924859 3697924859 0 3478250445 829560960 48.516961 10 22 28297 12858 160 225 120 160000 250000 119 158635 112513 12 16000 25000 12 16000 25000 13495
1790084288717954 10 0 0 10 10 10 0 0 0 0 0 0 765 97 97 0 1800 1035 938 0 938 0 0 0 82373984 2321608 0 2247249 160829 173020 21312974 1815339 1969860 3702202740 3702202740 0 3479744906 829560960 48.522883 10 19 25304 12041 71 211 120 160000 250000 119 158635 112521 12 16000 25000 12 16000 25000 13504
1790084288745409 10 0 0 10 10 10 0 0 0 0 0 0 764 97 96 1 1800 1036 939 0 939 0 0 0 82383628 2321703 0 2247264 160965 173043 21330419 1815431 1976398 3710984194 3706594093 0 3481237902 829560960 48.534114 10 17 22310 11225 181 209 120 160000 250000 118 157302 112538 12 16000 25000 12 16000 25000 13520
1790084288745617 10 0 0 10 10 10 0 0 0 0 0 0 764 96 96 0 1800 1036 940 0 940 0 0 0 82383628 2321795 0 2247282 160965 173053 21330422 1815515 1976398 3710984194 3710984194 0 3481237902 829560960 48.534061 10 15 19317 11021 187 207 120 160000 250000 118 157302 111536 12 16000 25000 12 16000 25000 13519
1790084288750993 10 0 0 10 10 10 0 0 0 0 0 0 762 97 96 1 1800 1038 941 0 941 0 0 0 82388722 2321876 0 2247297 161090 173061 21330430 1815554 1977816 3716321780 3715231080 0 3484259070 829560960 48.565108 10 15 19317 11021 1083 293 120 160000 250000 119 158635 112548 12 16000 25000 12 16000 25000 13530
1790084288751166 10 0 0 10 10 10 0 0 0 0 0 0 762 96 96 0 1800 1038 942 0 942 0 0 0 82388722 2321956 0 2247312 161101 173068 21330433 1815609 1977816 3716321780 3716321780 0 3484259070 829560960 48.565062 12 15 19588 12245 172 282 120 160000 250000 118 157302 111544 12 16000 25000 12 16000 25000 13528
1790084288806006 10 0 0 10 10 10 0 0 0 0 0 0 760 97 95 2 1800 1040 943 0 943 0 0 0 82443264 2322037 0 2247327 161249 173077 21330440 1815646 1979242 3730426745 3720726072 0 3486993981 829560960 48.564537 13 16 21221 13266 84 264 120 160000 250000 118 157302 112574 12 16000 25000 12 16000 25000 13554
1790084288806166 10 0 0 10 10 10 0 0 0 0 0 0 760 96 95 1 1800 1040 944 0 944 0 0 0 82443264 2322114 0 2247344 161249 173084 21330443 1815701 1979242 3730426745 3725087752 0 3486993981 829560960 48.564493 14 18 22853 14286 91 248 120 160000 250000 118 157302 111572 12 16000 25000 12 16000 25000 13552
1790084288806303 10 0 0 10 10 10 0 0 0 0 0 0 760 95 95 0 1800 1040 945 0 945 0 0 0 82443264 2322187 0 2247359 161249 173091 21330446 1815739 1979242 3730426745 3730426745 0 3486993981 829560960 48.564451 15 19 24485 15307 88 233 120 160000 250000 117 155969 110566 12 16000 25000 12 16000 25000 13551
1790084288901860 10 0 0 10 10 10 0 0 0 0 0 0 757 97 94 3 1800 1043 946 0 946 0 0 0 82538468 2322271 0 2247377 161450 173099 21330454 1815775 1980660 3748819774 3734790567 0 3491211622 829560960 48.557317 16 20 26118 16327 116 223 120 160000 250000 117 155969 112606 12 16000 25000 12 16000 25000 13586
1790084288902089 10 0 0 10 10 10 0 0 0 0 0 0 757 95 94 1 1800 1043 948 0 948 0 0 0 82538468 2322420 0 2247407 161450 173107 21330457 1815828 1980660 3748819774 3743397864 0 3491211622 829560960 48.557232 41 41 54653 41000 60 200 120 160000 250000 117 155969 110603 12 16000 25000 12 16000 25000 13583
1790084288902266 10 0 0 10 10 10 0 0 0 0 0 0 757 94 94 0 1800 1043 949 0 949 0 0 0 82538468 2322495 0 2247422 161450 173123 21330460 1815895 1980660 3748819774 3748819774 0 3491211622 829560960 48.557189 45 45 59985 45000 60 187 120 160000 250000 116 154636 109598 12 16000 25000 12 16000 25000 13582
1790084288935602 10 0 0 10 10 10 0 0 0 0 0 0 753 97 97 0 1800 1047 950 0 950 0 0 0 82552449 2322593 0 2247436 161602 173147 21349483 1815930 1987171 3753201322 3753201322 0 3496976830 829560960 48.613914 62 62 82646 62000 45 174 120 160000 250000 119 158635 112612 12 16000 25000 12 16000 25000 13594
1790084288956473 10 0 0 10 10 10 0 0 0 0 0 0 752 97 97 0 1800 1048 951 0 951 0 0 0 82561761 2322688 0 2247458 161704 173168 21360714 1816019 1993480 3757261920 3757261920 0 3498473384 829560960 48.625340 94 94 125302 94000 195 177 120 160000 250000 119 158635 112618 12 16000 25000 12 16000 25000 13601
1790084289082157 10 0 0 10 10 10 0 0 0 0 0 0 751 97 97 0 1800 1049 952 0 952 0 0 0 82570901 2322777 0 2247474 161812 173192 21476932 1816104 1999757 3762586777 3762586777 0 3499980844 829560960 48.636988 96 96 127968 96000 118 173 120 160000 250000 119 158635 112627 12 16000 25000 12 16000 25000 13609
1790084289112817 10 0 0 10 10 10 0 0 0 0 0 0 750 97 97 0 1800 1050 953 0 953 0 0 0 82599455 2322864 0 2247489 161913 173215 21478722 1816188 2006004 3767863881 3767863881 0 3501481044 829560960 48.637432 100 100 133300 100000 384 194 120 160000 250000 119 158635 112635 12 16000 25000 12 16000 25000 13617
1790084289166685 10 0 0 10 10 10 0 0 0 0 0 0 749 97 97 0 1800 1051 954 0 954 0 0 0 82648290 2322952 0 2247506 162017 173237 21483436 1816269 2012274 3773205521 3773205521 0 3502984658 829560960 48.626304 104 104 138632 104000 391 214 120 160000 250000 119 158635 112643 12 16000 25000 12 16000 25000 13625
1790084289195792 10 0 0 10 10 10 0 0 0 0 0 0 748 97 97 0 1800 1052 955 0 955 0 0 0 82667680 2323045 0 2247521 162116 173258 21492821 1816356 2018498 3778590609 3778590609 0 3504472426 829560960 48.631852 111 111 147963 111000 367 230 120 160000 250000 119 158635 112651 12 16000 25000 12 16000 25000 13634
1790084289218146 10 0 0 10 10 10 0 0 0 0 0 0 747 97 97 0 1800 1053 956 0 956 0 0 0 82676844 2323133 0 2247536 162226 173276 21505686 1816446 2024692 3783938283 3783938283 0 3505690358 829560960 48.640223 115 115 153295 115000 233 232 120 160000 250000 119 158635 112659 12 16000 25000 12 16000 25000 13642
1790084289230161 10 0 0 10 10 10 0 0 0 0 0 0 746 97 97 0 1800 1054 957 0 957 0 0 0 82686439 2323220 0 2247552 162324 173294 21507804 1816526 2030880 3789242334 3789242334 0 3507187900 829560960 48.651483 117 117 155961 117000 215 232 120 160000 250000 119 158635 112666 12 16000 25000 12 16000 25000 13648
1790084289243033 10 0 0 10 10 10 0 0 0 0 0 0 745 97 95 2 1800 1055 958 0 958 0 0 0 82698964 2323303 0 2247568 162466 173303 21507812 1816613 2032283 3805422421 3794696021 0 3508414860 829560960 48.658031 119 119 158627 119000 450 254 120 160000 250000 117 155969 112690 12 16000 25000 12 16000 25000 13672
1790084289243265 10 0 0 10 10 10 0 0 0 0 0 0 745 95 95 0 1800 1055 960 0 960 0 0 0 82698964 2323447 0 2247599 162466 173310 21507815 1816673 2032283 3805422421 3805422421 0 3508414860 829560960 48.657949 125 125 166625 125000 332 251 120 160000 250000 117 155969 110687 12 16000 25000 12 16000 25000 13669
1790084289258916 10 0 0 10 10 10 0 0 0 0 0 0 742 97 97 0 1800 1058 961 0 961 0 0 0 82714328 2323527 0 2247612 162563 173327 21507822 1816742 2033714 3810779247 3810779247 0 3512929785 829560960 48.699745 124 124 165292 124000 125 239 120 160000 250000 119 158635 112698 12 16000 25000 12 16000 25000 13680
1790084289303694 10 0 0 10 10 10 0 0 0 0 0 0 741 97 96 1 1800 1059 962 0 962 0 0 0 82743747 2323617 0 2247629 162720 173348 21522833 1816801 2039897 3815486631 3811171862 0 3514439832 829560960 48.699781 129 129 171957 129000 1937 405 120 160000 250000 119 158635 112708 12 16000 25000 12 16000 25000 13689
1790084289303897 10 0 0 10 10 10 0 0 0 0 0 0 741 96 96 0 1800 1059 963 0 963 0 0 0 82743747 2323701 0 2247648 162721 173355 21522836 1816891 2039897 3815486631 3815486631 0 3514439832 829560960 48.699733 130 130 173290 130000 73 374 120 160000 250000 118 157302 111703 12 16000 25000 12 16000 25000 13687
1790084289337695 10 0 0 10 10 10 0 0 0 0 0 0 739 97 96 1 1800 1061 964 0 964 0 0 0 82754425 2323790 0 2247665 162888 173373 21545615 1816934 2046044 3825302778 3820919166 0 3517165116 829560960 48.724118 133 133 177289 133000 276 366 120 160000 250000 119 158635 112724 12 16000 25000 12 16000 25000 13705
1790084289337889 10 0 0 10 10 10 0 0 0 0 0 0 739 96 96 0 1800 1061 965 0 965 0 0 0 82754425 2323868 0 2247683 162889 173380 21545618 1817021 2046044 3825302778 3825302778 0 3517165116 829560960 48.724074 138 138 183954 138000 1326 460 120 160000 250000 118 157302 111719 12 16000 25000 12 16000 25000 13703
1790084289422283 10 0 0 10 10 10 0 0 0 0 0 0 737 97 97 0 1800 1063 966 0 966 0 0 0 82765785 2323969 0 2247699 163012 173405 21618346 1817060 2052228 3829693677 3829693677 0 3520176170 829560960 48.751258 138 138 183954 138000 163 432 120 160000 250000 119 158635 112729 12 16000 25000 12 16000 25000 13712
1790084289573279 10 0 0 10 10 10 0 0 0 0 0 0 736 97 97 0 1800 1064 967 0 967 0 0 0 82776585 2324060 0 2247717 163112 173430 21758214 1817152 2058344 3832291612 3832291612 0 3521680442 829560960 48.761877 137 137 182621 137000 130 403 120 160000 250000 119 158635 112731 12 16000 25000 12 16000 25000 13715
1790084289627343 10 0 0 10 10 10 0 0 0 0 0 0 735 97 97 0 1800 1065 968 0 968 0 0 0 82805896 2324155 0 2247737 163208 173447 21782639 1817251 2064452 3834340434 3834340434 0 3523180831 829560960 48.761841 145 145 193285 145000 176 382 120 160000 250000 119 158635 112734 12 16000 25000 12 16000 25000 13717
1790084289721102 10 0 0 10 10 10 0 0 0 0 0 0 734 97 97 0 1800 1066 969 0 969 0 0 0 82899382 2324238 0 2247754 163274 173455 21782647 1817340 2065866 3839345095 3839345095 0 3524680663 829560960 48.725088 145 145 193285 145000 433 388 120 160000 250000 119 158635 112742 12 16000 25000 12 16000 25000 13725
1790084289783085 10 0 0 10 10 10 0 0 0 0 0 0 733 97 95 2 1800 1067 970 0 970 0 0 0 82961038 2324320 0 2247770 163420 173463 21782656 1817401 2067308 3849586803 3844882949 0 3526172248 829560960 48.706495 136 136 181288 136000 38 355 120 160000 250000 119 158635 112761 12 16000 25000 12 16000 25000 13741
1790084289783254 10 0 0 10 10 10 0 0 0 0 0 0 733 96 95 1 1800 1067 971 0 971 0 0 0 82961038 2324400 0 2247788 163420 173471 21782659 1817463 2067308 3849586803 3845337600 0 3526172248 829560960 48.706450 137 137 182621 137000 80 329 120 160000 250000 117 155969 111754 12 16000 25000 12 16000 25000 13739
1790084289783411 10 0 0 10 10 10 0 0 0 0 0 0 733 95 95 0 1800 1067 972 0 972 0 0 0 82961038 2324486 0 2247807 163420 173478 21782661 1817509 2067308 3849586803 3849586803 0 3526172248 829560960 48.706401 134 134 178622 134000 20 300 120 160000 250000 117 155969 110753 12 16000 25000 12 16000 25000 13738
1790084289803718 10 0 0 10 10 10 0 0 0 0 0 0 730 97 97 0 1800 1070 973 0 973 0 0 0 82973380 2324576 0 2247823 163560 173506 21790307 1817552 2073421 3850167233 3850167233 0 3530396297 829560960 48.746529 132 132 175956 132000 105 282 120 160000 250000 119 158635 112759 12 16000 25000 12 16000 25000 13741
1790084289814983 10 0 0 10 10 10 0 0 0 0 0 0 729 97 97 0 1800 1071 974 0 974 0 0 0 82982612 2324665 0 2247839 163679 173522 21792000 1817646 2079426 3855215230 3855215230 0 3531901709 829560960 48.758032 132 132 175956 132000 123 268 120 160000 250000 119 158635 112768 12 16000 25000 12 16000 25000 13749
1790084289834897 10 0 0 10 10 10 0 0 0 0 0 0 728 97 97 0 1800 1072 975 0 975 0 0 0 82991565 2324757 0 2247858 163775 173542 21802644 1817735 2085405 3859555955 3859555955 0 3533401321 829560960 48.769625 128 128 170624 128000 61 249 120 160000 250000 119 158635 112774 12 16000 25000 12 16000 25000 13756
1790084289841961 10 0 0 10 10 10 0 0 0 0 0 0 727 97 97 0 1800 1073 976 0 976 0 0 0 82998307 2324841 0 2247873 163867 173566 21802660 1817821 2089741 3864580251 3864580251 0 3534903894 829560960 48.782518 129 129 171957 129000 176 243 120 160000 250000 119 158635 112783 12 16000 25000 12 16000 25000 13764
1790084289895089 10 0 0 10 10 10 0 0 0 0 0 0 726 97 97 0 1800 1074 977 0 977 0 0 0 83051159 2324929 0 2247887 163946 173576 21802668 1817894 2091157 3869593986 3869593986 0 3536407968 829560960 48.769070 129 129 171957 129000 219 241 120 160000 250000 119 158635 112799 12 16000 25000 12 16000 25000 13780
1790084289895326 10 0 0 10 10 10 0 0 0 0 0 0 726 96 95 1 1800 1074 978 0 978 0 0 0 83051159 2325008 0 2247901 164013 173584 21802671 1817958 2091157 3879618139 3874627038 0 3536407968 829560960 48.769025 126 126 167958 126000 92 227 120 160000 250000 117 155969 111806 12 16000 25000 12 16000 25000 13787
1790084289895478 10 0 0 10 10 10 0 0 0 0 0 0 726 95 95 0 1800 1074 979 0 979 0 0 0 83051159 2325086 0 2247919 164013 173591 21802682 1817998 2091157 3879618139 3879618139 0 3536407968 829560960 48.768981 126 126 167958 126000 395 244 120 160000 250000 117 155969 110804 12 16000 25000 12 16000 25000 13785
1790084289931308 10 0 0 10 10 10 0 0 0 0 0 0 723 97 97 0 1800 1077 980 0 980 0 0 0 83086758 2325171 0 2247936 164088 173600 21802690 1818035 2092584 3884698745 3884698745 0 3540911558 829560960 48.798891 128 128 170624 128000 406 261 120 160000 250000 119 158635 112815 12 16000 25000 12 16000 25000 13796
1790084289946580 10 0 0 10 10 10 0 0 0 0 0 0 722 97 97 0 1800 1078 981 0 981 0 0 0 83095940 2325267 0 2247951 164217 173625 21808452 1818092 2098551 3889847971 3889847971 0 3542413496 829560960 48.810359 129 129 171957 129000 144 251 120 160000 250000 119 158635 112823 12 16000 25000 12 16000 25000 13805
1790084289997633 10 0 0 10 10 10 0 0 0 0 0 0 721 97 97 0 1800 1079 982 0 982 0 0 0 83134664 2325355 0 2247966 164321 173644 21820462 1818171 2104444 3894082518 3894082518 0 3543936593 829560960 48.805188 128 128 170624 128000 157 243 120 160000 250000 119 158635 112830 12 16000 25000 12 16000 25000 13813
1790084290030989 10 0 0 10 10 10 0 0 0 0 0 0 720 97 97 0 1800 1080 983 0 983 0 0 0 83153237 2325453 0 2247981 164414 173666 21834925 1818253 2110251 3899193275 3899193275 0 3545437176 829560960 48.811269 128 128 170624 128000 295 249 120 160000 250000 119 158635 112838 12 16000 25000 12 16000 25000 13821
1790084290194277 10 0 0 10 10 10 0 0 0 0 0 0 719 97 97 0 1800 1081 984 0 984 0 0 0 83161909 2325539 0 2247996 164520 173684 21989227 1818337 2116032 3904278315 3904278315 0 3546927709 829560960 48.822897 131 131 174623 131000 880 311 120 160000 250000 119 158635 112845 12 16000 25000 12 16000 25000 13829
1790084290227916 10 0 0 10 10 10 0 0 0 0 0 0 718 97 97 0 1800 1082 985 0 985 0 0 0 83189917 2325629 0 2248011 164626 173709 21994532 1818421 2121822 3905349141 3905349141 0 3548429829 829560960 48.823607 132 132 175956 132000 114 293 120 160000 250000 119 158635 112846 12 16000 25000 12 16000 25000 13830
1790084290278622 10 0 0 10 10 10 0 0 0 0 0 0 717 97 97 0 1800 1083 986 0 986 0 0 0 83198858 2325718 0 2248026 164743 173731 22035965 1818504 2127583 3905843650 3905843650 0 3549938816 829560960 48.835278 128 128 170624 128000 25 268 120 160000 250000 119 158635 112847 12 16000 25000 12 16000 25000 13830
1790084290360939 10 0 0 10 10 10 0 0 0 0 0 0 716 97 97 0 1800 1084 987 0 987 0 0 0 83207730 2325807 0 2248042 164847 173754 22109080 1818599 2133367 3911137213 3911137213 0 3551435798 829560960 48.846853 124 124 165292 124000 8 243 120 160000 250000 119 158635 112855 12 16000 25000 12 16000 25000 13838
1790084290423885 10 0 0 10 10 10 0 0 0 0 0 0 715 97 97 0 1800 1085 988 0 988 0 0 0 83216551 2325906 0 2248057 164947 173777 22162876 1818684 2139064 3912837237 3912837237 0 3552932695 829560960 48.858447 124 124 165292 124000 202 240 120 160000 250000 119 158635 112858 12 16000 25000 12 16000 25000 13841
1790084290438843 10 0 0 10 10 10 0 0 0 0 0 0 714 97 97 0 1800 1086 989 0 989 0 0 0 83225427 2326001 0 2248076 165049 173795 22168637 1818771 2144763 3919354234 3919354234 0 3554437961 829560960 48.870104 124 124 165292 124000 311 248 120 160000 250000 119 158635 112866 12 16000 25000 12 16000 25000 13849
1790084290478598 10 0 0 10 10 10 0 0 0 0 0 0 713 97 97 0 1800 1087 990 0 990 0 0 0 83234121 2326088 0 2248091 165151 173818 22199375 1818859 2150428 3925901349 3925901349 0 3555927390 829560960 48.881690 124 124 165292 124000 344 258 120 160000 250000 119 158635 112874 12 16000 25000 12 16000 25000 13857
1790084290538595 10 0 0 10 10 10 0 0 0 0 0 0 712 97 96 1 1800 1088 991 0 991 0 0 0 83242800 2326180 0 2248105 165296 173839 22250320 1818950 2156118 3937968500 3932470666 0 3557163751 829560960 48.890459 126 126 167958 126000 467 279 120 160000 250000 119 158635 112892 12 16000 25000 12 16000 25000 13873
1790084290538785 10 0 0 10 10 10 0 0 0 0 0 0 712 96 96 0 1800 1088 992 0 992 0 0 0 83242800 2326259 0 2248123 165296 173847 22250324 1819032 2156118 3937968500 3937968500 0 3557163751 829560960 48.890414 130 130 173290 130000 825 333 120 160000 250000 118 157302 111887 12 16000 25000 12 16000 25000 13872
1790084290623121 10 0 0 10 10 10 0 0 0 0 0 0 710 97 95 2 1800 1090 993 0 993 0 0 0 83326815 2326339 0 2248138 165465 173855 22250332 1819070 2157538 3956674589 3943431302 0 3560185858 829560960 48.876061 134 134 178622 134000 424 343 120 160000 250000 119 158635 112918 12 16000 25000 12 16000 25000 13897
1790084290623289 10 0 0 10 10 10 0 0 0 0 0 0 710 96 95 1 1800 1090 994 0 994 0 0 0 83326815 2326416 0 2248155 165465 173863 22250335 1819129 2157538 3956674589 3950092585 0 3560185858 829560960 48.876017 134 134 178622 134000 101 320 120 160000 250000 117 155969 111911 12 16000 25000 12 16000 25000 13895
1790084290623440 10 0 0 10 10 10 0 0 0 0 0 0 710 95 95 0 1800 1090 995 0 995 0 0 0 83326815 2326503 0 2248173 165465 173871 22250338 1819167 2157538 3956674589 3956674589 0 3560185858 829560960 48.875968 136 136 181288 136000 198 309 120 160000 250000 117 155969 110909 12 16000 25000 12 16000 25000 13894
1790084290629924 10 0 0 10 10 10 0 0 0 0 0 0 707 97 97 0 1800 1093 996 0 996 0 0 0 83333049 2326590 0 2248189 165558 173880 22250347 1819203 2158965 3958629633 3958629633 0 3564692303 829560960 48.922533 138 138 183954 138000 72 287 120 160000 250000 119 158635 112918 12 16000 25000 12 16000 25000 13900
1790084290657373 10 0 0 10 10 10 0 0 0 0 0 0 706 97 97 0 1800 1094 997 0 997 0 0 0 83341793 2326687 0 2248211 165672 173902 22268732 1819266 2164595 3965141847 3965141847 0 3566199519 829560960 48.934262 142 142 189286 142000 133 273 120 160000 250000 119 158635 112928 12 16000 25000 12 16000 25000 13908
1790084290680049 10 0 0 10 10 10 0 0 0 0 0 0 705 97 97 0 1800 1095 998 0 998 0 0 0 83350344 2326774 0 2248226 165776 173925 22282536 1819349 2170170 3971892725 3971892725 0 3567412995 829560960 48.942836 147 147 195951 147000 252 271 120 160000 250000 119 158635 112934 12 16000 25000 12 16000 25000 13916
1790084290704751 10 0 0 10 10 10 0 0 0 0 0 0 704 97 97 0 1800 1096 999 0 999 0 0 0 83358909 2326863 0 2248242 165882 173948 22298349 1819428 2175737 3978442922 3978442922 0 3568913294 829560960 48.954591 160 160 213280 160000 508 295 120 160000 250000 119 158635 112942 12 16000 25000 12 16000 25000 13924
1790084290738564 10 0 0 10 10 10 0 0 0 0 0 0 703 97 97 0 1800 1097 1000 0 1000 0 0 0 83367650 2326950 0 2248257 165994 173969 22323084 1819522 2181364 3984987964 3984987964 0 3570420070 829560960 48.966316 162 162 215946 162000 461 312 120 160000 250000 119 158635 112950 12 16000 25000 12 16000 25000 13932
1790084290752030 10 0 0 10 10 10 0 0 0 0 0 0 702 97 97 0 1800 1098 1001 0 1001 0 0 0 83380838 2327032 0 2248272 166070 173979 22323091 1819607 2182766 3985927901 3985927901 0 3571653523 829560960 48.972460 167 167 222611 167000 1048 384 120 160000 250000 119 158635 112951 12 16000 25000 12 16000 25000 13933
1790084290806002 10 0 0 10 10 10 0 0 0 0 0 0 701 97 95 2 1800 1099 1002 0 1002 0 0 0 83434476 2327114 0 2248289 166224 173988 22323099 1819671 2184160 3994802173 3986782227 0 3573158001 829560960 48.958514 165 165 219945 165000 119 359 120 160000 250000 119 158635 112964 12 16000 25000 12 16000 25000 13944
1790084290806166 10 0 0 10 10 10 0 0 0 0 0 0 701 96 95 1 1800 1099 1003 0 1003 0 0 0 83434476 2327191 0 2248306 166224 173996 22323102 1819730 2184160 3994802173 3993348905 0 3573158001 829560960 48.958470 157 157 209281 157000 16 326 120 160000 250000 118 157302 111960 12 16000 25000 12 16000 25000 13943
1790084290806313 10 0 0 10 10 10 0 0 0 0 0 0 701 95 95 0 1800 1099 1004 0 1004 0 0 0 83434476 2327272 0 2248322 166224 174003 22323106 1819769 2184160 3994802173 3994802173 0 3573158001 829560960 48.958424 157 157 209281 157000 407 335 120 160000 250000 117 155969 110955 12 16000 25000 12 16000 25000 13941
1790084290842923 10 0 0 10 10 10 0 0 0 0 0 0 698 97 96 1 1800 1102 1005 0 1005 0 0 0 83470785 2327353 0 2248337 166373 174012 22323114 1819806 2185566 4008127606 4001514059 0 3577645822 829560960 48.987542 155 155 206615 155000 99 313 120 160000 250000 118 157302 112987 12 16000 25000 12 16000 25000 13969
1790084290843120 10 0 0 10 10 10 0 0 0 0 0 0 698 96 95 1 1800 1102 1006 0 1006 0 0 0 83470785 2327432 0 2248352 166405 174019 22323117 1819866 2185566 4014814559 4008201012 0 3577645822 829560960 48.987497 157 157 209281 157000 292 311 120 160000 250000 117 155969 111986 12 16000 25000 12 16000 25000 13967
1790084290843261 10 0 0 10 10 10 0 0 0 0 0 0 698 95 95 0 1800 1102 1007 0 1007 0 0 0 83470785 2327508 0 2248368 166405 174026 22323120 1819904 2185566 4014814559 4014814559 0 3577645822 829560960 48.987454 158 158 210614 158000 1469 424 120 160000 250000 117 155969 110985 12 16000 25000 12 16000 25000 13966
1790084290871745 10 0 0 10 10 10 0 0 0 0 0 0 695 97 97 0 1800 1105 1008 0 1008 0 0 0 83492889 2327597 0 2248383 166541 174045 22329203 1819940 2191159 4021457926 4021457926 0 3582147915 829560960 49.024815 158 158 210614 158000 163 399 120 160000 250000 119 158635 112996 12 16000 25000 12 16000 25000 13977
1790084290952994 10 0 0 10 10 10 0 0 0 0 0 0 694 97 97 0 1800 1106 1009 0 1009 0 0 0 83501791 2327689 0 2248403 166631 174066 22401240 1820029 2196592 4026455932 4026455932 0 3583656598 829560960 49.036441 158 158 210614 158000 245 385 120 160000 250000 119 158635 113003 12 16000 25000 12 16000 25000 13985
1790084291058171 10 0 0 10 10 10 0 0 0 0 0 0 693 97 97 0 1800 1107 1010 0 1010 0 0 0 83510252 2327779 0 2248422 166726 174086 22497640 1820114 2202050 4028254472 4028254472 0 3585162171 829560960 49.048283 160 160 213280 160000 208 369 120 160000 250000 119 158635 113006 12 16000 25000 12 16000 25000 13988
1790084291092059 10 0 0 10 10 10 0 0 0 0 0 0 692 97 97 0 1800 1108 1011 0 1011 0 0 0 83543867 2327867 0 2248439 166797 174095 22497647 1820194 2203452 4031965507 4031965507 0 3586662881 829560960 49.045699 156 156 207948 156000 142 348 120 160000 250000 119 158635 113012 12 16000 25000 12 16000 25000 13995
1790084291133915 10 0 0 10 10 10 0 0 0 0 0 0 691 97 97 0 1800 1109 1012 0 1012 0 0 0 83585482 2327947 0 2248455 166866 174103 22497655 1820253 2204857 4032633818 4032633818 0 3588150536 829560960 49.038410 155 155 206615 155000 91 324 120 160000 250000 119 158635 113013 12 16000 25000 12 16000 25000 13995
1790084291328774 10 0 0 10 10 10 0 0 0 0 0 0 690 97 97 0 1800 1110 1013 0 1013 0 0 0 83633130 2328042 0 2248476 166969 174123 22644561 1820319 2210246 4038119767 4038119767 0 3589367070 829560960 49.024671 151 151 201283 151000 26 296 120 160000 250000 119 158635 113021 12 16000 25000 12 16000 25000 14003
1790084291372647 10 0 0 10 10 10 0 0 0 0 0 0 689 97 97 0 1800 1111 1014 0 1014 0 0 0 83641666 2328130 0 2248495 167061 174151 22679571 1820415 2215640 4042420319 4042420319 0 3590571882 829560960 49.033118 151 151 201283 151000 1146 380 120 160000 250000 119 158635 113029 12 16000 25000 12 16000 25000 14012
1790084291411581 10 0 0 10 10 10 0 0 0 0 0 0 688 97 97 0 1800 1112 1015 0 1015 0 0 0 83671034 2328215 0 2248511 167170 174168 22688821 1820496 2221004 4046712282 4046712282 0 3592066298 829560960 49.032897 151 151 201283 151000 182 362 120 160000 250000 119 158635 113037 12 16000 25000 12 16000 25000 14020
1790084291556758 10 0 0 10 10 10 0 0 0 0 0 0 687 97 97 0 1800 1113 1016 0 1016 0 0 0 83680072 2328311 0 2248526 167267 174187 22824647 1820576 2226343 4047447931 4047447931 0 3593562770 829560960 49.044283 154 154 205282 154000 821 407 120 160000 250000 119 158635 113038 12 16000 25000 12 16000 25000 14021
1790084291642612 10 0 0 10 10 10 0 0 0 0 0 0 686 97 97 0 1800 1114 1017 0 1017 0 0 0 83691555 2328402 0 2248542 167371 174209 22898689 1820667 2233270 4048130014 4048130014 0 3595069809 829560960 49.054392 153 153 203949 153000 52 374 120 160000 250000 119 158635 113038 12 16000 25000 12 16000 25000 14022
1790084291684605 10 0 0 10 10 10 0 0 0 0 0 0 685 97 97 0 1800 1115 1018 0 1018 0 0 0 83700229 2328488 0 2248557 167497 174243 22931650 1820759 2238586 4054654394 4054654394 0 3596565295 829560960 49.065976 152 152 202616 152000 96 348 120 160000 250000 119 158635 113048 12 16000 25000 12 16000 25000 14030
1790084291716033 10 0 0 10 10 10 0 0 0 0 0 0 684 97 97 0 1800 1116 1019 0 1019 0 0 0 83708871 2328574 0 2248572 167603 174262 22954113 1820849 2243826 4061208034 4061208034 0 3597778285 829560960 49.074443 167 167 222611 167000 418 356 120 160000 250000 119 158635 113056 12 16000 25000 12 16000 25000 14038
1790084291778315 10 0 0 10 10 10 0 0 0 0 0 0 683 97 96 1 1800 1117 1020 0 1020 0 0 0 83748813 2328668 0 2248594 167735 174285 22976100 1820932 2249117 4072219170 4065595724 0 3599280216 829560960 49.068258 176 176 234608 176000 1068 426 120 160000 250000 119 158635 113074 12 16000 25000 12 16000 25000 14054
1790084291778512 10 0 0 10 10 10 0 0 0 0 0 0 683 96 96 0 1800 1117 1021 0 1021 0 0 0 83748813 2328745 0 2248612 167736 174292 22976103 1821023 2249117 4072219170 4072219170 0 3599280216 829560960 49.068215 182 182 242606 182000 751 459 120 160000 250000 118 157302 112069 12 16000 25000 12 16000 25000 14053
1790084291786223 10 0 0 10 10 10 0 0 0 0 0 0 681 97 97 0 1800 1119 1022 0 1022 0 0 0 83756275 2328826 0 2248625 167833 174300 22976111 1821061 2250544 4078801729 4078801729 0 3601992590 829560960 49.093963 188 188 250604 188000 548 469 120 160000 250000 119 158635 113081 12 16000 25000 12 16000 25000 14062
1790084291791918 10 0 0 10 10 10 0 0 0 0 0 0 680 97 97 0 1800 1120 1023 0 1023 0 0 0 83761716 2328905 0 2248640 167909 174311 22976119 1821118 2253646 4085447967 4085447967 0 3603495892 829560960 49.107469 192 192 255936 192000 463 469 120 160000 250000 119 158635 113089 12 16000 25000 12 16000 25000 14070
1790084291816169 10 0 0 10 10 10 0 0 0 0 0 0 679 97 97 0 1800 1121 1024 0 1024 0 0 0 83772742 2329001 0 2248662 168002 174330 22989056 1821176 2258875 4092111344 4092111344 0 3604997288 829560960 49.117755 206 206 274598 206000 915 514 120 160000 250000 119 158635 113097 12 16000 25000 12 16000 25000 14078
1790084291843029 10 0 0 10 10 10 0 0 0 0 0 0 678 97 96 1 1800 1122 1025 0 1025 0 0 0 83799283 2329085 0 2248677 168118 174341 22989065 1821258 2261938 4105315298 4098728912 0 3606486974 829560960 49.119066 211 211 281263 211000 573 520 120 160000 250000 118 157302 113113 12 16000 25000 12 16000 25000 14094
1790084291843194 10 0 0 10 10 10 0 0 0 0 0 0 678 96 96 0 1800 1122 1026 0 1026 0 0 0 83799283 2329162 0 2248695 168118 174349 22989068 1821318 2261938 4105315298 4105315298 0 3606486974 829560960 49.119022 212 212 282596 212000 262 496 120 160000 250000 118 157302 112112 12 16000 25000 12 16000 25000 14093
1790084291890485 10 0 0 10 10 10 0 0 0 0 0 0 676 97 97 0 1800 1124 1027 0 1027 0 0 0 83846312 2329243 0 2248709 168228 174360 22989076 1821355 2263349 4110627256 4110627256 0 3609476675 829560960 49.125256 222 222 295926 222000 487 496 120 160000 250000 119 158635 113122 12 16000 25000 12 16000 25000 14101
1790084291955285 10 0 0 10 10 10 0 0 0 0 0 0 675 97 95 2 1800 1125 1028 0 1028 0 0 0 83910775 2329331 0 2248724 168380 174369 22989083 1821417 2264763 4128431631 4114931693 0 3610974296 829560960 49.105047 223 223 297259 223000 604 508 120 160000 250000 119 158635 113151 12 16000 25000 12 16000 25000 14126
1790084291955464 10 0 0 10 10 10 0 0 0 0 0 0 675 96 95 1 1800 1125 1029 0 1029 0 0 0 83910775 2329418 0 2248741 168380 174376 22989086 1821477 2264763 4128431631 4121726490 0 3610974296 829560960 49.104997 220 220 293260 220000 211 480 120 160000 250000 117 155969 112142 12 16000 25000 12 16000 25000 14125
1790084291955605 10 0 0 10 10 10 0 0 0 0 0 0 675 95 95 0 1800 1125 1030 0 1030 0 0 0 83910775 2329495 0 2248758 168381 174383 22989089 1821515 2264763 4128431631 4128431631 0 3610974296 829560960 49.104953 225 225 299925 225000 328 466 120 160000 250000 117 155969 111140 12 16000 25000 12 16000 25000 14123
1790084291984847 10 0 0 10 10 10 0 0 0 0 0 0 672 97 97 0 1800 1128 1031 0 1031 0 0 0 83925240 2329594 0 2248773 168530 174405 23003539 1821552 2269957 4135110326 4135110326 0 3615190738 829560960 49.143281 228 228 303924 228000 241 445 120 160000 250000 119 158635 113154 12 16000 25000 12 16000 25000 14134
1790084292004678 10 0 0 10 10 10 0 0 0 0 0 0 671 97 97 0 1800 1129 1032 0 1032 0 0 0 83943321 2329684 0 2248790 168633 174420 23004972 1821639 2273650 4141643866 4141643866 0 3616688058 829560960 49.149482 232 232 309256 232000 1037 504 120 160000 250000 119 158635 113163 12 16000 25000 12 16000 25000 14142
1790084292039495 10 0 0 10 10 10 0 0 0 0 0 0 670 97 96 1 1800 1130 1033 0 1033 0 0 0 83977814 2329781 0 2248808 168743 174429 23004980 1821716 2275093 4148049136 4146720318 0 3618191155 829560960 49.146393 221 221 294593 221000 103 465 120 160000 250000 119 158635 113173 12 16000 25000 12 16000 25000 14152
1790084292039671 10 0 0 10 10 10 0 0 0 0 0 0 670 96 96 0 1800 1130 1034 0 1034 0 0 0 83977814 2329861 0 2248828 168743 174436 23004984 1821784 2275093 4148049136 4148049136 0 3618191155 829560960 49.146347 223 223 297259 223000 144 434 120 160000 250000 118 157302 112169 12 16000 25000 12 16000 25000 14150
1790084292081228 10 0 0 10 10 10 0 0 0 0 0 0 668 97 97 0 1800 1132 1035 0 1035 0 0 0 84010715 2329959 0 2248846 168883 174460 23013311 1821822 2282354 4151245018 4151245018 0 3620923560 829560960 49.157744 226 226 301258 226000 44 397 120 160000 250000 119 158635 113177 12 16000 25000 12 16000 25000 14158
1790084292173477 10 0 0 10 10 10 0 0 0 0 0 0 667 97 97 0 1800 1133 1036 0 1036 0 0 0 84069109 2330065 0 2248871 168969 174478 23046843 1821917 2287358 4152567101 4152567101 0 3622429482 829560960 49.141083 231 231 307923 231000 68 366 120 160000 250000 119 158635 113178 12 16000 25000 12 16000 25000 14159
1790084292206430 10 0 0 10 10 10 0 0 0 0 0 0 666 97 97 0 1800 1134 1037 0 1037 0 0 0 84079277 2330164 0 2248887 169074 174499 23069295 1822001 2293983 4156854554 4156854554 0 3623921502 829560960 49.151711 232 232 309256 232000 174 348 120 160000 250000 119 158635 113187 12 16000 25000 12 16000 25000 14167
1790084292220406 10 0 0 10 10 10 0 0 0 0 0 0 665 97 97 0 1800 1135 1038 0 1038 0 0 0 84092970 2330255 0 2248902 169146 174508 23069302 1822085 2295386 4161137652 4161137652 0 3625425507 829560960 49.160468 232 232 309256 232000 271 342 120 160000 250000 119 158635 113195 12 16000 25000 12 16000 25000 14175
1790084292238912 10 0 0 10 10 10 0 0 0 0 0 0 664 97 97 0 1800 1136 1039 0 1039 0 0 0 84102185 2330344 0 2248918 169239 174529 23078308 1822144 2300329 4161959031 4161959031 0 3626926777 829560960 49.171741 230 230 306590 230000 225 332 120 160000 250000 119 158635 113197 12 16000 25000 12 16000 25000 14176
1790084292263611 10 0 0 10 10 10 0 0 0 0 0 0 663 97 97 0 1800 1137 1040 0 1040 0 0 0 84110850 2330434 0 2248935 169341 174548 23094032 1822223 2305306 4166245376 4166245376 0 3628421702 829560960 49.183253 226 226 301258 226000 153 316 120 160000 250000 119 158635 113205 12 16000 25000 12 16000 25000 14184
1790084292412581 10 0 0 10 10 10 0 0 0 0 0 0 662 97 97 0 1800 1138 1041 0 1041 0 0 0 84139344 2330536 0 2248953 169424 174571 23214193 1822310 2310220 4170596669 4170596669 0 3629921178 829560960 49.183526 222 222 295926 222000 278 314 120 160000 250000 119 158635 113211 12 16000 25000 12 16000 25000 14191
1790084292424941 10 0 0 10 10 10 0 0 0 0 0 0 661 97 97 0 1800 1139 1042 0 1042 0 0 0 84148246 2330633 0 2248975 169529 174590 23217325 1822394 2315280 4174113622 4174113622 0 3631424793 829560960 49.194989 223 223 297259 223000 991 381 120 160000 250000 119 158635 113219 12 16000 25000 12 16000 25000 14198
1790084292479136 10 0 0 10 10 10 0 0 0 0 0 0 660 97 97 0 1800 1140 1043 0 1043 0 0 0 84167351 2330725 0 2248995 169616 174609 23252108 1822482 2320182 4178540883 4178540883 0 3632928435 829560960 49.200650 232 232 309256 232000 671 410 120 160000 250000 119 158635 113228 12 16000 25000 12 16000 25000 14207
1790084292619596 10 0 0 10 10 10 0 0 0 0 0 0 659 97 97 0 1800 1141 1044 0 1044 0 0 0 84175732 2330812 0 2249010 169716 174628 23383869 1822566 2325067 4179407789 4179407789 0 3634437003 829560960 49.212464 235 235 313255 235000 309 401 120 160000 250000 119 158635 113226 12 16000 25000 12 16000 25000 14207
1790084292654729 10 0 0 10 10 10 0 0 0 0 0 0 658 97 97 0 1800 1142 1045 0 1045 0 0 0 84184027 2330901 0 2249025 169823 174648 23410389 1822649 2329989 4179817646 4179817646 0 3635935901 829560960 49.224218 243 243 323919 243000 25 366 120 160000 250000 119 158635 113227 12 16000 25000 12 16000 25000 14208
1790084292710571 10 0 0 10 10 10 0 0 0 0 0 0 657 97 97 0 1800 1143 1046 0 1046 0 0 0 84192404 2330998 0 2249040 169932 174662 23457524 1822738 2334844 4180683429 4180683429 0 3637440700 829560960 49.235983 243 243 323919 243000 77 339 120 160000 250000 119 158635 113228 12 16000 25000 12 16000 25000 14208
1790084292716344 10 0 0 10 10 10 0 0 0 0 0 0 656 97 97 0 1800 1144 1047 0 1047 0 0 0 84197885 2331080 0 2249054 170013 174673 23457536 1822826 2337883 4181837063 4181837063 0 3638956168 829560960 49.249520 237 237 315921 237000 31 310 120 160000 250000 119 158635 113229 12 16000 25000 12 16000 25000 14210
1790084292755015 10 0 0 10 10 10 0 0 0 0 0 0 655 97 97 0 1800 1145 1048 0 1048 0 0 0 84215884 2331178 0 2249070 170109 174691 23477907 1822893 2342719 4182623653 4182623653 0 3640454895 829560960 49.255737 233 233 310589 233000 215 302 120 160000 250000 119 158635 113230 12 16000 25000 12 16000 25000 14211
1790084292784925 10 0 0 10 10 10 0 0 0 0 0 0 654 97 97 0 1800 1146 1049 0 1049 0 0 0 84224546 2331266 0 2249085 170218 174709 23498839 1822973 2347541 4186099307 4186099307 0 3641963883 829560960 49.267384 228 228 303924 228000 95 283 120 160000 250000 119 158635 113237 12 16000 25000 12 16000 25000 14218
1790084292998492 10 0 0 10 10 10 0 0 0 0 0 0 653 97 97 0 1800 1147 1050 0 1050 0 0 0 84233107 2331353 0 2249100 170328 174727 23703527 1823053 2352343 4190344252 4190344252 0 3643458203 829560960 49.278925 225 225 299925 225000 695 324 120 160000 250000 119 158635 113245 12 16000 25000 12 16000 25000 14226
1790084293040835 10 0 0 10 10 10 0 0 0 0 0 0 652 97 97 0 1800 1148 1051 0 1051 0 0 0 84241333 2331454 0 2249115 170423 174749 23737323 1823140 2357155 4195719455 4195719455 0 3644962408 829560960 49.290755 229 229 305257 229000 715 363 120 160000 250000 119 158635 113252 12 16000 25000 12 16000 25000 14234
1790084293044969 10 0 0 10 10 10 0 0 0 0 0 0 651 97 97 0 1800 1149 1052 0 1052 0 0 0 84245187 2331542 0 2249135 170499 174758 23737330 1823222 2358578 4199989049 4199989049 0 3646453196 829560960 49.304932 248 248 330584 248000 1183 443 120 160000 250000 119 158635 113261 12 16000 25000 12 16000 25000 14242
1790084293095618 10 0 0 10 10 10 0 0 0 0 0 0 650 97 97 0 1800 1150 1053 0 1053 0 0 0 84263543 2331630 0 2249151 170600 174778 23769335 1823282 2363351 4204333160 4204333160 0 3647963125 829560960 49.311059 243 243 323919 243000 180 418 120 160000 250000 119 158635 113269 12 16000 25000 12 16000 25000 14250
1790084293127289 10 0 0 10 10 10 0 0 0 0 0 0 649 97 97 0 1800 1151 1054 0 1054 0 0 0 84271883 2331720 0 2249166 170729 174800 23792321 1823369 2368092 4208653594 4208653594 0 3649460318 829560960 49.322746 249 249 331917 249000 787 455 120 160000 250000 119 158635 113277 12 16000 25000 12 16000 25000 14258
1790084293181236 10 0 0 10 10 10 0 0 0 0 0 0 648 97 96 1 1800 1152 1055 0 1055 0 0 0 84325529 2331803 0 2249180 170823 174809 23792330 1823456 2369516 4214163303 4212991034 0 3650962141 829560960 49.308693 243 243 323919 243000 130 424 120 160000 250000 119 158635 113285 12 16000 25000 12 16000 25000 14266
1790084293181408 10 0 0 10 10 10 0 0 0 0 0 0 648 96 96 0 1800 1152 1056 0 1056 0 0 0 84325529 2331887 0 2249197 170823 174817 23792333 1823517 2369516 4214163303 4214163303 0 3650962141 829560960 49.308645 232 232 309256 232000 118 395 120 160000 250000 118 157302 112280 12 16000 25000 12 16000 25000 14265
1790084293234837 10 0 0 10 10 10 0 0 0 0 0 0 646 97 97 0 1800 1154 1057 0 1057 0 0 0 84345605 2331976 0 2249212 170934 174837 23825407 1823556 2374315 4215394878 4215394878 0 3653970591 829560960 49.330275 207 207 275931 207000 10 358 120 160000 250000 119 158635 113284 12 16000 25000 12 16000 25000 14267
1790084293254559 10 0 0 10 10 10 0 0 0 0 0 0 645 97 97 0 1800 1155 1058 0 1058 0 0 0 84354040 2332066 0 2249229 171050 174855 23836358 1823642 2379024 4219739432 4219739432 0 3655466147 829560960 49.341877 204 204 271932 204000 70 331 120 160000 250000 119 158635 113293 12 16000 25000 12 16000 25000 14275
1790084293268565 10 0 0 10 10 10 0 0 0 0 0 0 644 97 97 0 1800 1156 1059 0 1059 0 0 0 84367755 2332153 0 2249242 171137 174866 23836365 1823723 2380445 4220786857 4220786857 0 3656973478 829560960 49.350602 207 207 275931 207000 724 370 120 160000 250000 119 158635 113294 12 16000 25000 12 16000 25000 14277
1790084293293224 10 0 0 10 10 10 0 0 0 0 0 0 643 97 96 1 1800 1157 1060 0 1060 0 0 0 84392118 2332237 0 2249256 171249 174882 23836373 1823781 2381864 4227525506 4225122846 0 3658478849 829560960 49.353245 206 206 274598 206000 75 342 120 160000 250000 119 158635 113307 12 16000 25000 12 16000 25000 14288
1790084293293394 10 0 0 10 10 10 0 0 0 0 0 0 643 96 96 0 1800 1157 1061 0 1061 0 0 0 84392118 2332316 0 2249274 171249 174897 23836377 1823835 2381864 4227525506 4227525506 0 3658478849 829560960 49.353200 211 211 281263 211000 205 330 120 160000 250000 118 157302 112302 12 16000 25000 12 16000 25000 14286
1790084293299288 10 0 0 10 10 10 0 0 0 0 0 0 641 97 97 0 1800 1159 1062 0 1062 0 0 0 84397741 2332397 0 2249287 171346 174905 23836384 1823895 2383294 4231037413 4231037413 0 3661473261 829560960 49.382880 215 215 286595 215000 130 302 120 160000 250000 119 158635 113316 12 16000 25000 12 16000 25000 14298
1790084293299503 10 0 0 10 10 10 0 0 0 0 0 0 641 96 96 0 1800 1159 1063 0 1063 0 0 0 84397741 2332471 0 2249301 171399 174912 23836388 1823951 2383294 4237682834 4237682834 0 3661473261 829560960 49.382838 213 213 283929 213000 998 371 120 160000 250000 118 157302 112316 12 16000 25000 12 16000 25000 14301
1790084293316570 10 0 0 10 10 10 0 0 0 0 0 0 639 97 96 1 1800 1161 1064 0 1064 0 0 0 84414518 2332553 0 2249314 171533 174921 23836395 1823992 2384726 4249748196 4244286784 0 3664494200 829560960 49.406452 220 220 293260 220000 1547 486 120 160000 250000 119 158635 113333 12 16000 25000 12 16000 25000 14317
1790084293316734 10 0 0 10 10 10 0 0 0 0 0 0 639 96 96 0 1800 1161 1065 0 1065 0 0 0 84414518 2332632 0 2249331 171533 174929 23836399 1824049 2384726 4249748196 4249748196 0 3664494200 829560960 49.406407 218 218 290594 218000 284 467 120 160000 250000 118 157302 112328 12 16000 25000 12 16000 25000 14315
1790084293458547 10 0 0 10 10 10 0 0 0 0 0 0 637 97 97 0 1800 1163 1066 0 1066 0 0 0 84425179 2332728 0 2249350 171673 174951 23967237 1824084 2389417 4255216932 4255216932 0 3667495068 829560960 49.433268 224 224 298592 224000 489 470 120 160000 250000 119 158635 113341 12 16000 25000 12 16000 25000 14325
1790084293487855 10 0 0 10 10 10 0 0 0 0 0 0 636 97 97 0 1800 1164 1067 0 1067 0 0 0 84433461 2332817 0 2249365 171784 174969 23987938 1824170 2394002 4259504249 4259504249 0 3668993446 829560960 49.444968 228 228 303924 228000 391 464 120 160000 250000 119 158635 113348 12 16000 25000 12 16000 25000 14332
1790084293492572 10 0 0 10 10 10 0 0 0 0 0 0 635 97 97 0 1800 1165 1068 0 1068 0 0 0 84437894 2332900 0 2249380 171871 174977 23987945 1824252 2395450 4266172055 4266172055 0 3670502007 829560960 49.458974 228 228 303924 228000 992 517 120 160000 250000 119 158635 113357 12 16000 25000 12 16000 25000 14340
1790084293522091 10 0 0 10 10 10 0 0 0 0 0 0 634 97 97 0 1800 1166 1069 0 1069 0 0 0 84445937 2332990 0 2249396 171977 174995 24009128 1824310 2399985 4270512281 4270512281 0 3672033981 829560960 49.471175 218 218 290594 218000 137 480 120 160000 250000 119 158635 113362 12 16000 25000 12 16000 25000 14346
1790084293994972 10 0 0 10 10 10 0 0 0 0 0 0 633 97 97 0 1800 1167 1070 0 1070 0 0 0 84454260 2333081 0 2249412 172098 175013 24473354 1824389 2404522 4275543844 4275543844 0 3673540650 829560960 49.482935 216 216 287928 216000 295 463 120 160000 250000 119 158635 113371 12 16000 25000 12 16000 25000 14355
1790084294029854 10 0 0 10 10 10 0 0 0 0 0 0 632 97 96 1 1800 1168 1071 0 1071 0 0 0 84462242 2333181 0 2249427 172254 175032 24499872 1824474 2409064 4282590722 4277133234 0 3675047536 829560960 49.494884 216 216 287928 216000 772 494 120 160000 250000 119 158635 113383 12 16000 25000 12 16000 25000 14366
1790084294030057 10 0 0 10 10 10 0 0 0 0 0 0 632 96 96 0 1800 1168 1072 0 1072 0 0 0 84462242 2333261 0 2249445 172254 175039 24499875 1824568 2409064 4282590722 4282590722 0 3675047536 829560960 49.494839 210 210 279930 210000 107 457 120 160000 250000 118 157302 112378 12 16000 25000 12 16000 25000 14364
1790084294060575 10 0 0 10 10 10 0 0 0 0 0 0 630 97 97 0 1800 1170 1073 0 1073 0 0 0 84472468 2333352 0 2249461 172374 175057 24519876 1824604 2413572 4283356302 4283356302 0 3678044918 829560960 49.521886 207 207 275931 207000 387 451 120 160000 250000 119 158635 113384 12 16000 25000 12 16000 25000 14367
1790084294110245 10 0 0 10 10 10 0 0 0 0 0 0 629 97 97 0 1800 1171 1074 0 1074 0 0 0 84480310 2333442 0 2249477 172486 175075 24561371 1824697 2418031 4287675504 4287675504 0 3679547378 829560960 49.533867 198 198 263934 198000 30 410 120 160000 250000 119 158635 113392 12 16000 25000 12 16000 25000 14375
1790084294202035 10 0 0 10 10 10 0 0 0 0 0 0 628 97 97 0 1800 1172 1075 0 1075 0 0 0 84488504 2333534 0 2249493 172611 175095 24644616 1824787 2422459 4291840530 4291840530 0 3681038598 829560960 49.545519 200 200 266600 200000 751 445 120 160000 250000 119 158635 113400 12 16000 25000 12 16000 25000 14382
1790084294226795 10 0 0 10 10 10 0 0 0 0 0 0 627 97 97 0 1800 1173 1076 0 1076 0 0 0 84496281 2333624 0 2249508 172715 175114 24661268 1824878 2426909 4297155472 4297155472 0 3682535548 829560960 49.557472 199 199 265267 199000 744 475 120 160000 250000 119 158635 113407 12 16000 25000 12 16000 25000 14390
1790084294300016 10 0 0 10 10 10 0 0 0 0 0 0 626 97 97 0 1800 1174 1077 0 1077 0 0 0 84504799 2333720 0 2249523 172808 175134 24725656 1824961 2431292 4299662368 4299662368 0 3684040693 829560960 49.569085 200 200 266600 200000 1102 537 120 160000 250000 119 158635 113411 12 16000 25000 12 16000 25000 14393
1790084294383894 10 0 0 10 10 10 0 0 0 0 0 0 625 97 95 2 1800 1175 1078 0 1078 0 0 0 84588339 2333802 0 2249538 172943 175142 24725666 1825046 2432729 4314708376 4304930449 0 3685558631 829560960 49.538053 201 201 267933 201000 405 525 120 160000 250000 119 158635 113436 12 16000 25000 12 16000 25000 14417
1790084294384081 10 0 0 10 10 10 0 0 0 0 0 0 625 96 95 1 1800 1175 1079 0 1079 0 0 0 84588339 2333885 0 2249554 172959 175150 24725670 1825106 2432729 4314708376 4309285169 0 3685558631 829560960 49.538005 197 197 262601 197000 159 490 120 160000 250000 118 157302 112432 12 16000 25000 12 16000 25000 14416
1790084294384229 10 0 0 10 10 10 0 0 0 0 0 0 625 95 95 0 1800 1175 1080 0 1080 0 0 0 84588339 2333967 0 2249576 172959 175157 24725673 1825144 2432729 4314708376 4314708376 0 3685558631 829560960 49.537959 193 193 257269 193000 140 457 120 160000 250000 117 155969 111427 12 16000 25000 12 16000 25000 14414
1790084294481556 10 0 0 10 10 10 0 0 0 0 0 0 622 97 97 0 1800 1178 1081 0 1081 0 0 0 84621987 2334060 0 2249594 173096 175178 24789047 1825180 2437192 4315725593 4315725593 0 3690062972 829560960 49.568137 178 178 237274 178000 67 420 120 160000 250000 119 158635 113436 12 16000 25000 12 16000 25000 14418
1790084294512085 10 0 0 10 10 10 0 0 0 0 0 0 621 97 97 0 1800 1179 1082 0 1082 0 0 0 84630027 2334151 0 2249608 173193 175200 24811219 1825267 2441541 4319952829 4319952829 0 3691563994 829560960 49.579963 183 183 243939 183000 198 399 120 160000 250000 119 158635 113443 12 16000 25000 12 16000 25000 14425
1790084294614741 10 0 0 10 10 10 0 0 0 0 0 0 620 97 97 0 1800 1180 1083 0 1083 0 0 0 84637775 2334240 0 2249624 173299 175218 24905804 1825356 2445872 4325323118 4325323118 0 3693121896 829560960 49.592578 188 188 250604 188000 730 432 120 160000 250000 119 158635 113450 12 16000 25000 12 16000 25000 14432
1790084294632708 10 0 0 10 10 10 0 0 0 0 0 0 619 97 97 0 1800 1181 1084 0 1084 0 0 0 84648484 2334336 0 2249638 173398 175242 24912740 1825439 2450182 4330671886 4330671886 0 3694627250 829560960 49.602923 196 196 261268 196000 388 428 120 160000 250000 119 158635 113457 12 16000 25000 12 16000 25000 14440
1790084294667462 10 0 0 10 10 10 0 0 0 0 0 0 618 97 97 0 1800 1182 1085 0 1085 0 0 0 84682966 2334426 0 2249652 173465 175251 24912747 1825520 2451609 4336079650 4336079650 0 3696125957 829560960 49.599641 203 203 270599 203000 219 409 120 160000 250000 119 158635 113466 12 16000 25000 12 16000 25000 14448
1790084294679719 10 0 0 10 10 10 0 0 0 0 0 0 617 97 97 0 1800 1183 1086 0 1086 0 0 0 84691633 2334514 0 2249667 173560 175271 24916059 1825575 2455892 4341509336 4341509336 0 3697632393 829560960 49.611159 206 206 274598 206000 339 403 120 160000 250000 119 158635 113474 12 16000 25000 12 16000 25000 14456
1790084294708476 10 0 0 10 10 10 0 0 0 0 0 0 616 97 97 0 1800 1184 1087 0 1087 0 0 0 84719797 2334609 0 2249687 173653 175290 24916345 1825654 2460123 4346873010 4346873010 0 3699128455 829560960 49.611444 210 210 279930 210000 1139 475 120 160000 250000 119 158635 113482 12 16000 25000 12 16000 25000 14465
1790084294712719 10 0 0 10 10 10 0 0 0 0 0 0 615 97 97 0 1800 1185 1088 0 1088 0 0 0 84723762 2334696 0 2249706 173731 175299 24916352 1825734 2461553 4348315742 4348315742 0 3700628518 829560960 49.625567 214 214 285262 214000 1059 533 120 160000 250000 119 158635 113485 12 16000 25000 12 16000 25000 14467
1790084294746942 10 0 0 10 10 10 0 0 0 0 0 0 614 97 97 0 1800 1186 1089 0 1089 0 0 0 84741245 2334792 0 2249721 173832 175318 24932798 1825794 2465762 4352632853 4352632853 0 3702137869 829560960 49.632079 213 213 283929 213000 98 492 120 160000 250000 119 158635 113493 12 16000 25000 12 16000 25000 14475
1790084294782222 10 0 0 10 10 10 0 0 0 0 0 0 613 97 97 0 1800 1187 1090 0 1090 0 0 0 84758895 2334880 0 2249736 173930 175337 24950117 1825875 2469939 4357986587 4357986587 0 3703641675 829560960 49.638438 215 215 286595 215000 781 521 120 160000 250000 119 158635 113501 12 16000 25000 12 16000 25000 14484
1790084294836658 10 0 0 10 10 10 0 0 0 0 0 0 612 97 97 0 1800 1188 1091 0 1091 0 0 0 84766716 2334968 0 2249751 174032 175358 24996420 1825956 2474116 4362590336 4362590336 0 3705146326 829560960 49.650405 216 216 287928 216000 927 562 120 160000 250000 119 158635 113508 12 16000 25000 12 16000 25000 14491
1790084294897804 10 0 0 10 10 10 0 0 0 0 0 0 611 97 97 0 1800 1189 1092 0 1092 0 0 0 84774725 2335058 0 2249766 174140 175379 25049237 1826037 2478229 4367667147 4367667147 0 3706644745 829560960 49.662193 218 218 290594 218000 1006 607 120 160000 250000 119 158635 113517 12 16000 25000 12 16000 25000 14499
1790084294923150 10 0 0 10 10 10 0 0 0 0 0 0 610 97 97 0 1800 1190 1093 0 1093 0 0 0 84782383 2335149 0 2249782 174263 175402 25066587 1826117 2482348 4369290677 4369290677 0 3708147555 829560960 49.674227 221 221 294593 221000 910 638 120 160000 250000 119 158635 113520 12 16000 25000 12 16000 25000 14501
1790084294927659 10 0 0 10 10 10 0 0 0 0 0 0 609 97 97 0 1800 1191 1094 0 1094 0 0 0 84786612 2335236 0 2249796 174341 175410 25066594 1826200 2483755 4375808092 4375808092 0 3709640834 829560960 49.688112 230 230 306590 230000 293 605 120 160000 250000 119 158635 113527 12 16000 25000 12 16000 25000 14509
1790084294931389 10 0 0 10 10 10 0 0 0 0 0 0 608 97 97 0 1800 1192 1095 0 1095 0 0 0 84790103 2335318 0 2249811 174396 175419 25066600 1826261 2485166 4379896797 4379896797 0 3710858683 829560960 49.699405 237 237 315921 237000 1296 673 120 160000 250000 119 158635 113532 12 16000 25000 12 16000 25000 14516
1790084294936899 10 0 0 10 10 10 0 0 0 0 0 0 607 97 97 0 1800 1193 1096 0 1096 0 0 0 84795333 2335400 0 2249826 174498 175432 25066610 1826316 2487638 4384937040 4384937040 0 3712360469 829560960 49.712813 242 242 322586 242000 164 624 120 160000 250000 119 158635 113543 12 16000 25000 12 16000 25000 14524
1790084294977537 10 0 0 10 10 10 0 0 0 0 0 0 606 97 97 0 1800 1194 1097 0 1097 0 0 0 84812619 2335490 0 2249842 174602 175449 25089668 1826376 2491660 4389980945 4389980945 0 3713853891 829560960 49.719244 233 233 310589 233000 94 573 120 160000 250000 119 158635 113551 12 16000 25000 12 16000 25000 14532
1790084295041008 10 0 0 10 10 10 0 0 0 0 0 0 605 97 95 2 1800 1195 1098 0 1098 0 0 0 84875755 2335573 0 2249857 174739 175458 25089675 1826457 2493070 4404424341 4395042180 0 3715358619 829560960 49.699657 238 238 317254 238000 764 593 120 160000 250000 118 157302 113577 12 16000 25000 12 16000 25000 14557
1790084295041170 10 0 0 10 10 10 0 0 0 0 0 0 605 96 95 1 1800 1195 1099 0 1099 0 0 0 84875755 2335650 0 2249875 174739 175466 25089677 1826515 2493070 4404424341 4400067741 0 3715358619 829560960 49.699613 228 228 303924 228000 99 546 120 160000 250000 118 157302 112576 12 16000 25000 12 16000 25000 14555
1790084295041315 10 0 0 10 10 10 0 0 0 0 0 0 605 95 95 0 1800 1195 1100 0 1100 0 0 0 84875755 2335732 0 2249893 174739 175473 25089680 1826552 2493070 4404424341 4404424341 0 3715358619 829560960 49.699566 214 214 285262 214000 74 501 120 160000 250000 117 155969 111571 12 16000 25000 12 16000 25000 14554
1790084295068748 10 0 0 10 10 10 0 0 0 0 0 0 602 97 97 0 1800 1198 1101 0 1101 0 0 0 84902946 2335816 0 2249909 174826 175481 25089687 1826588 2494504 4409544477 4409544477 0 3719889462 829560960 49.733558 203 203 270599 203000 81 461 120 160000 250000 119 158635 113584 12 16000 25000 12 16000 25000 14565
1790084295103172 10 0 0 10 10 10 0 0 0 0 0 0 601 97 97 0 1800 1199 1102 0 1102 0 0 0 84910911 2335908 0 2249925 174946 175511 25115823 1826648 2498483 4414925461 4414925461 0 3721386684 829560960 49.745331 205 205 273265 205000 305 447 120 160000 250000 119 158635 113591 12 16000 25000 12 16000 25000 14573
1790084295218546 10 0 0 10 10 10 0 0 0 0 0 0 600 97 97 0 1800 1200 1103 0 1103 0 0 0 84928067 2336004 0 2249945 175050 175528 25213717 1826730 2502431 4418745352 4418745352 0 3722603605 829560960 49.748796 190 190 253270 190000 57 410 120 160000 250000 119 158635 113598 12 16000 25000 12 16000 25000 14580
1790084295267555 10 0 0 10 10 10 0 0 0 0 0 0 599 97 97 0 1800 1201 1104 0 1104 0 0 0 84935972 2336092 0 2249959 175148 175549 25254508 1826814 2506396 4424172842 4424172842 0 3724106800 829560960 49.760666 191 191 254603 191000 151 386 120 160000 250000 119 158635 113606 12 16000 25000 12 16000 25000 14588
1790084295301723 10 0 0 10 10 10 0 0 0 0 0 0 598 97 97 0 1800 1202 1105 0 1105 0 0 0 84965395 2336181 0 2249973 175240 175566 25258942 1826906 2510327 4424569935 4424569935 0 3725603404 829560960 49.760193 197 197 262601 197000 1142 460 120 160000 250000 119 158635 113607 12 16000 25000 12 16000 25000 14589
1790084295316162 10 0 0 10 10 10 0 0 0 0 0 0 597 97 97 0 1800 1203 1106 0 1106 0 0 0 84979554 2336264 0 2249987 175312 175578 25258950 1826994 2511739 4428092423 4428092423 0 3727093957 829560960 49.768357 219 219 291927 219000 65 423 120 160000 250000 119 158635 113613 12 16000 25000 12 16000 25000 14596
1790084295402616 10 0 0 10 10 10 0 0 0 0 0 0 596 97 97 0 1800 1204 1107 0 1107 0 0 0 84997016 2336353 0 2250003 175418 175599 25327642 1827058 2515656 4432359644 4432359644 0 3728607134 829560960 49.774879 223 223 297259 223000 278 410 120 160000 250000 119 158635 113622 12 16000 25000 12 16000 25000 14604
1790084295417141 10 0 0 10 10 10 0 0 0 0 0 0 595 97 97 0 1800 1205 1108 0 1108 0 0 0 85011273 2336435 0 2250016 175490 175608 25327648 1827138 2517061 4435809928 4435809928 0 3729826649 829560960 49.780022 215 215 286595 215000 100 381 120 160000 250000 119 158635 113628 12 16000 25000 12 16000 25000 14610
1790084295543536 10 0 0 10 10 10 0 0 0 0 0 0 594 97 97 0 1800 1206 1109 0 1109 0 0 0 85018569 2336525 0 2250031 175605 175624 25446438 1827204 2520910 4441134918 4441134918 0 3731328271 829560960 49.792207 218 218 290594 218000 326 377 120 160000 250000 119 158635 113637 12 16000 25000 12 16000 25000 14619
1790084295676965 10 0 0 10 10 10 0 0 0 0 0 0 593 97 97 0 1800 1207 1110 0 1110 0 0 0 85026175 2336627 0 2250051 175697 175642 25571950 1827282 2524784 4446445809 4446445809 0 3732830476 829560960 49.804212 218 218 290594 218000 224 363 120 160000 250000 119 158635 113644 12 16000 25000 12 16000 25000 14627
1790084295700474 10 0 0 10 10 10 0 0 0 0 0 0 592 97 97 0 1800 1208 1111 0 1111 0 0 0 85049402 2336722 0 2250077 175770 175651 25571957 1827362 2526201 4447062359 4447062359 0 3734356810 829560960 49.807578 224 224 298592 224000 1128 439 120 160000 250000 119 158635 113646 12 16000 25000 12 16000 25000 14627
1790084295764481 10 0 0 10 10 10 0 0 0 0 0 0 591 97 97 0 1800 1209 1112 0 1112 0 0 0 85056843 2336829 0 2250092 175871 175669 25628219 1827418 2530049 4451493167 4451493167 0 3735833633 829560960 49.819392 215 215 286595 215000 21 400 120 160000 250000 119 158635 113653 12 16000 25000 12 16000 25000 14634
1790084295788150 10 0 0 10 10 10 0 0 0 0 0 0 590 97 96 1 1800 1210 1113 0 1113 0 0 0 85080205 2336912 0 2250106 175983 175680 25628226 1827496 2531480 4455737679 4453195957 0 3737337340 829560960 49.822435 213 213 283929 213000 997 459 120 160000 250000 119 158635 113660 12 16000 25000 12 16000 25000 14640
1790084295788322 10 0 0 10 10 10 0 0 0 0 0 0 590 96 96 0 1800 1210 1114 0 1114 0 0 0 85080205 2336991 0 2250123 175983 175688 25628229 1827561 2531480 4455737679 4455737679 0 3737337340 829560960 49.822390 208 208 277264 208000 71 422 120 160000 250000 118 157302 112655 12 16000 25000 12 16000 25000 14639
1790084295884010 10 0 0 10 10 10 0 0 0 0 0 0 588 97 97 0 1800 1212 1115 0 1115 0 0 0 85175660 2337073 0 2250138 176067 175696 25628236 1827598 2532932 4461130271 4461130271 0 3740342902 829560960 49.800752 205 205 273265 205000 228 404 120 160000 250000 119 158635 113665 12 16000 25000 12 16000 25000 14647
1790084295956329 10 0 0 10 10 10 0 0 0 0 0 0 587 97 97 0 1800 1213 1116 0 1116 0 0 0 85183202 2337162 0 2250153 176167 175715 25692718 1827658 2536744 4463784395 4463784395 0 3741842089 829560960 49.812746 205 205 273265 205000 435 408 120 160000 250000 119 158635 113668 12 16000 25000 12 16000 25000 14650
1790084295964910 10 0 0 10 10 10 0 0 0 0 0 0 586 97 97 0 1800 1214 1117 0 1117 0 0 0 85190376 2337260 0 2250167 176266 175740 25693796 1827743 2540508 4464673779 4464673779 0 3743336735 829560960 49.824893 203 203 270599 203000 432 412 120 160000 250000 119 158635 113669 12 16000 25000 12 16000 25000 14651
1790084296021234 10 0 0 10 10 10 0 0 0 0 0 0 585 97 97 0 1800 1215 1118 0 1118 0 0 0 85226816 2337352 0 2250186 176361 175761 25713373 1827822 2544264 4466657555 4466657555 0 3744841234 829560960 49.820491 206 206 274598 206000 151 387 120 160000 250000 119 158635 113671 12 16000 25000 12 16000 25000 14654
1790084296040711 10 0 0 10 10 10 0 0 0 0 0 0 584 97 97 0 1800 1216 1119 0 1119 0 0 0 85234035 2337443 0 2250201 176453 175783 25725320 1827910 2547986 4472105335 4472105335 0 3746337514 829560960 49.832628 206 206 274598 206000 393 389 120 160000 250000 119 158635 113680 12 16000 25000 12 16000 25000 14662
1790084296077008 10 0 0 10 10 10 0 0 0 0 0 0 583 97 97 0 1800 1217 1120 0 1120 0 0 0 85241197 2337532 0 2250215 176552 175799 25754149 1827992 2551693 4477518712 4477518712 0 3747829389 829560960 49.844747 197 197 262601 197000 102 362 120 160000 250000 119 158635 113687 12 16000 25000 12 16000 25000 14669
1790084296111098 10 0 0 10 10 10 0 0 0 0 0 0 582 97 97 0 1800 1218 1121 0 1121 0 0 0 85275024 2337625 0 2250231 176611 175807 25754156 1828070 2553127 4482818236 4482818236 0 3749333052 829560960 49.841817 202 202 269266 202000 928 418 120 160000 250000 119 158635 113695 12 16000 25000 12 16000 25000 14677
1790084296154911 10 0 0 10 10 10 0 0 0 0 0 0 581 97 97 0 1800 1219 1122 0 1122 0 0 0 85318590 2337711 0 2250246 176682 175815 25754163 1828127 2554545 4488210706 4488210706 0 3750816660 829560960 49.833137 194 194 258602 194000 90 387 120 160000 250000 119 158635 113702 12 16000 25000 12 16000 25000 14684
1790084296335042 10 0 0 10 10 10 0 0 0 0 0 0 580 97 97 0 1800 1220 1123 0 1123 0 0 0 85334928 2337799 0 2250262 176782 175837 25917671 1828179 2558196 4494947110 4494947110 0 3752035243 829560960 49.837056 198 198 263934 198000 230 373 120 160000 250000 119 158635 113710 12 16000 25000 12 16000 25000 14692
1790084296403047 10 0 0 10 10 10 0 0 0 0 0 0 579 97 97 0 1800 1221 1124 0 1124 0 0 0 85382332 2337890 0 2250277 176879 175855 25937972 1828255 2561808 4499213522 4499213522 0 3753542356 829560960 49.826458 197 197 262601 197000 271 364 120 160000 250000 119 158635 113717 12 16000 25000 12 16000 25000 14700
1790084296417369 10 0 0 10 10 10 0 0 0 0 0 0 578 97 97 0 1800 1222 1125 0 1125 0 0 0 85396369 2337973 0 2250291 176965 175865 25937980 1828336 2563235 4500329263 4500329263 0 3755045830 829560960 49.834781 188 188 250604 188000 79 337 120 160000 250000 119 158635 113719 12 16000 25000 12 16000 25000 14701
1790084296483088 10 0 0 10 10 10 0 0 0 0 0 0 577 97 97 0 1800 1223 1126 0 1126 0 0 0 85414596 2338067 0 2250311 177059 175884 25985178 1828395 2566832 4505719397 4505719397 0 3756539347 829560960 49.840608 180 180 239940 180000 34 308 120 160000 250000 119 158635 113727 12 16000 25000 12 16000 25000 14709
1790084296497595 10 0 0 10 10 10 0 0 0 0 0 0 576 97 97 0 1800 1224 1127 0 1127 0 0 0 85422082 2338161 0 2250326 177155 175906 25991890 1828473 2570428 4512423999 4512423999 0 3758035197 829560960 49.852558 178 178 237274 178000 157 294 120 160000 250000 119 158635 113735 12 16000 25000 12 16000 25000 14717
1790084296520901 10 0 0 10 10 10 0 0 0 0 0 0 575 97 97 0 1800 1225 1128 0 1128 0 0 0 85445126 2338244 0 2250341 177217 175914 25991898 1828551 2571883 4516714728 4516714728 0 3759528826 829560960 49.855651 184 184 245272 184000 1092 372 120 160000 250000 119 158635 113743 12 16000 25000 12 16000 25000 14726
1790084296594598 10 0 0 10 10 10 0 0 0 0 0 0 574 97 97 0 1800 1226 1129 0 1129 0 0 0 85502430 2338332 0 2250356 177317 175934 26008000 1828611 2575462 4522129736 4522129736 0 3761039622 829560960 49.839480 187 187 249271 187000 470 382 120 160000 250000 119 158635 113750 12 16000 25000 12 16000 25000 14733
1790084296665799 10 0 0 10 10 10 0 0 0 0 0 0 573 97 97 0 1800 1227 1130 0 1130 0 0 0 85529172 2338420 0 2250373 177412 175953 26052156 1828688 2579020 4526506388 4526506388 0 3762255958 829560960 49.837463 194 194 258602 194000 120 357 120 160000 250000 119 158635 113758 12 16000 25000 12 16000 25000 14740
1790084296677542 10 0 0 10 10 10 0 0 0 0 0 0 572 97 97 0 1800 1228 1131 0 1131 0 0 0 85537541 2338517 0 2250394 177502 175979 26055216 1828768 2583172 4531533792 4531533792 0 3763756231 829560960 49.848943 193 193 257269 193000 176 340 120 160000 250000 119 158635 113767 12 16000 25000 12 16000 25000 14749
1790084296785011 10 0 0 10 10 10 0 0 0 0 0 0 571 97 97 0 1800 1229 1132 0 1132 0 0 0 85544809 2338617 0 2250410 177607 175998 26155091 1828850 2586699 4532272591 4532272591 0 3765269697 829560960 49.861188 194 194 258602 194000 727 379 120 160000 250000 119 158635 113768 12 16000 25000 12 16000 25000 14750
1790084296810111 10 0 0 10 10 10 0 0 0 0 0 0 570 97 97 0 1800 1230 1133 0 1133 0 0 0 85552250 2338705 0 2250425 177735 176019 26172403 1828938 2590201 4536597158 4536597158 0 3766768502 829560960 49.873179 191 191 254603 191000 154 358 120 160000 250000 119 158635 113775 12 16000 25000 12 16000 25000 14758
1790084296960376 10 0 0 10 10 10 0 0 0 0 0 0 569 97 97 0 1800 1231 1134 0 1134 0 0 0 85589421 2338797 0 2250441 177838 176040 26285170 1829027 2593679 4538604481 4538604481 0 3768268877 829560960 49.868317 193 193 257269 193000 747 397 120 160000 250000 119 158635 113779 12 16000 25000 12 16000 25000 14761
1790084296988915 10 0 0 10 10 10 0 0 0 0 0 0 568 97 96 1 1800 1232 1135 0 1135 0 0 0 85596427 2338892 0 2250459 177976 176058 26306333 1829119 2597155 4547191063 4542934521 0 3769778190 829560960 49.880659 190 190 253270 190000 131 372 120 160000 250000 118 157302 113795 12 16000 25000 12 16000 25000 14777
1790084296989105 10 0 0 10 10 10 0 0 0 0 0 0 568 96 96 0 1800 1232 1136 0 1136 0 0 0 85596427 2338971 0 2250476 177977 176065 26306336 1829201 2597155 4547191063 4547191063 0 3769778190 829560960 49.880614 190 190 253270 190000 1227 456 120 160000 250000 118 157302 112793 12 16000 25000 12 16000 25000 14776
1790084297026110 10 0 0 10 10 10 0 0 0 0 0 0 566 97 97 0 1800 1234 1137 0 1137 0 0 0 85633164 2339056 0 2250490 178085 176076 26306348 1829238 2598989 4552150963 4552150963 0 3772788944 829560960 49.892374 187 187 249271 187000 274 439 120 160000 250000 119 158635 113805 12 16000 25000 12 16000 25000 14785
1790084297100184 10 0 0 10 10 10 0 0 0 0 0 0 565 97 97 0 1800 1235 1138 0 1138 0 0 0 85641147 2339153 0 2250507 178198 176101 26372122 1829297 2602923 4556456669 4556456669 0 3774291400 829560960 49.904078 192 192 255936 192000 1199 514 120 160000 250000 119 158635 113812 12 16000 25000 12 16000 25000 14793
1790084297152506 10 0 0 10 10 10 0 0 0 0 0 0 564 97 97 0 1800 1236 1139 0 1139 0 0 0 85649028 2339251 0 2250528 178305 176125 26416227 1829378 2606816 4561913503 4561913503 0 3775789829 829560960 49.915794 191 191 254603 191000 482 512 120 160000 250000 119 158635 113820 12 16000 25000 12 16000 25000 14800
1790084297166354 10 0 0 10 10 10 0 0 0 0 0 0 563 97 95 2 1800 1237 1140 0 1140 0 0 0 85662514 2339335 0 2250542 178462 176133 26416237 1829462 2608268 4576869451 4564961172 0 3777294297 829560960 49.924400 190 190 253270 190000 521 514 120 160000 250000 119 158635 113842 12 16000 25000 12 16000 25000 14820
1790084297166533 10 0 0 10 10 10 0 0 0 0 0 0 563 96 95 1 1800 1237 1141 0 1141 0 0 0 85662514 2339413 0 2250559 178462 176140 26416240 1829535 2608268 4576869451 4570340968 0 3777294297 829560960 49.924356 188 188 250604 188000 391 503 120 160000 250000 118 157302 112837 12 16000 25000 12 16000 25000 14819
1790084297166675 10 0 0 10 10 10 0 0 0 0 0 0 563 95 95 0 1800 1237 1142 0 1142 0 0 0 85662514 2339489 0 2250575 178462 176152 26416243 1829571 2608268 4576869451 4576869451 0 3777294297 829560960 49.924313 188 188 250604 188000 699 523 120 160000 250000 117 155969 111831 12 16000 25000 12 16000 25000 14817
1790084297219463 10 0 0 10 10 10 0 0 0 0 0 0 560 97 97 0 1800 1240 1143 0 1143 0 0 0 85713778 2339585 0 2250590 178587 176178 26417463 1829607 2611689 4581084024 4581084024 0 3781802168 829560960 49.944016 192 192 255936 192000 567 529 120 160000 250000 119 158635 113845 12 16000 25000 12 16000 25000 14828
1790084297238335 10 0 0 10 10 10 0 0 0 0 0 0 559 97 97 0 1800 1241 1144 0 1144 0 0 0 85720491 2339674 0 2250606 178697 176203 26429294 1829689 2614967 4587697916 4587697916 0 3783293308 829560960 49.956307 190 190 253270 190000 730 550 120 160000 250000 119 158635 113853 12 16000 25000 12 16000 25000 14836
1790084297296980 10 0 0 10 10 10 0 0 0 0 0 0 558 97 97 0 1800 1242 1145 0 1145 0 0 0 85727350 2339772 0 2250622 178798 176226 26480755 1829773 2618240 4591893017 4591893017 0 3784787792 829560960 49.968544 190 190 253270 190000 195 517 120 160000 250000 119 158635 113861 12 16000 25000 12 16000 25000 14844
1790084297312904 10 0 0 10 10 10 0 0 0 0 0 0 557 97 97 0 1800 1243 1146 0 1146 0 0 0 85734288 2339864 0 2250637 178915 176242 26489415 1829853 2621487 4598574463 4598574463 0 3786292670 829560960 49.980851 198 198 263934 198000 744 540 120 160000 250000 119 158635 113868 12 16000 25000 12 16000 25000 14852
1790084297325083 10 0 0 10 10 10 0 0 0 0 0 0 556 97 97 0 1800 1244 1147 0 1147 0 0 0 85741017 2339966 0 2250656 179007 176260 26494550 1829934 2624724 4605269457 4605269457 0 3787782890 829560960 49.993110 200 200 266600 200000 1088 594 120 160000 250000 119 158635 113877 12 16000 25000 12 16000 25000 14860
1790084297329265 10 0 0 10 10 10 0 0 0 0 0 0 555 97 97 0 1800 1245 1148 0 1148 0 0 0 85744926 2340050 0 2250671 179080 176269 26494558 1830016 2626132 4609552584 4609552584 0 3789280856 829560960 50.007061 211 211 281263 211000 1086 643 120 160000 250000 119 158635 113883 12 16000 25000 12 16000 25000 14866
1790084297343602 10 0 0 10 10 10 0 0 0 0 0 0 554 97 97 0 1800 1246 1149 0 1149 0 0 0 85759014 2340132 0 2250687 179151 176279 26494566 1830076 2627513 4616180202 4616180202 0 3790781170 829560960 50.015259 224 224 298592 224000 912 670 120 160000 250000 119 158635 113891 12 16000 25000 12 16000 25000 14875
1790084297377908 10 0 0 10 10 10 0 0 0 0 0 0 553 97 97 0 1800 1247 1150 0 1150 0 0 0 85793048 2340220 0 2250702 179228 176294 26494581 1830132 2629306 4622713936 4622713936 0 3792280228 829560960 50.012116 238 238 317254 238000 614 666 120 160000 250000 119 158635 113899 12 16000 25000 12 16000 25000 14883
1790084297416518 10 0 0 10 10 10 0 0 0 0 0 0 552 97 97 0 1800 1248 1151 0 1151 0 0 0 85799940 2340311 0 2250717 179344 176316 26525983 1830199 2632376 4629276275 4629276275 0 3793500099 829560960 50.021353 242 242 322586 242000 1342 733 120 160000 250000 119 158635 113907 12 16000 25000 12 16000 25000 14890
1790084297440183 10 0 0 10 10 10 0 0 0 0 0 0 551 97 97 0 1800 1249 1152 0 1152 0 0 0 85816588 2340398 0 2250731 179447 176334 26532695 1830275 2635423 4635855397 4635855397 0 3795008506 829560960 50.028175 270 270 359910 270000 729 733 120 160000 250000 119 158635 113915 12 16000 25000 12 16000 25000 14899
1790084297454757 10 0 0 10 10 10 0 0 0 0 0 0 550 97 96 1 1800 1250 1153 0 1153 0 0 0 85830852 2340483 0 2250748 179561 176343 26532703 1830351 2637112 4645624692 4640239408 0 3796530565 829560960 50.036496 277 277 369241 277000 449 706 120 160000 250000 119 158635 113931 12 16000 25000 12 16000 25000 14913
1790084297454928 10 0 0 10 10 10 0 0 0 0 0 0 550 96 96 0 1800 1250 1154 0 1154 0 0 0 85830852 2340565 0 2250766 179562 176350 26532706 1830412 2637112 4645624692 4645624692 0 3796530565 829560960 50.036450 269 269 358577 269000 175 655 120 160000 250000 118 157302 112926 12 16000 25000 12 16000 25000 14912
1790084297461310 10 0 0 10 10 10 0 0 0 0 0 0 548 97 97 0 1800 1252 1155 0 1155 0 0 0 85836989 2340652 0 2250782 179647 176359 26532716 1830450 2638767 4649898080 4649898080 0 3799523518 829560960 50.065288 267 267 355911 267000 184 610 120 160000 250000 119 158635 113939 12 16000 25000 12 16000 25000 14922
1790084297653135 10 0 0 10 10 10 0 0 0 0 0 0 547 97 97 0 1800 1253 1156 0 1156 0 0 0 85854019 2340745 0 2250800 179734 176383 26707216 1830516 2642539 4654234510 4654234510 0 3801016514 829560960 50.071712 270 270 359910 270000 729 622 120 160000 250000 119 158635 113947 12 16000 25000 12 16000 25000 14930
1790084297669550 10 0 0 10 10 10 0 0 0 0 0 0 546 97 97 0 1800 1254 1157 0 1157 0 0 0 85870159 2340832 0 2250816 179798 176392 26707231 1830597 2644302 4654677608 4654677608 0 3802541967 829560960 50.078993 280 280 373240 280000 264 588 120 160000 250000 119 158635 113947 12 16000 25000 12 16000 25000 14931
1790084297790002 10 0 0 10 10 10 0 0 0 0 0 0 545 97 97 0 1800 1255 1158 0 1158 0 0 0 85887981 2340928 0 2250834 179891 176412 26809560 1830669 2647959 4660048386 4660048386 0 3804037682 829560960 50.084990 277 277 369241 277000 71 539 120 160000 250000 119 158635 113956 12 16000 25000 12 16000 25000 14939
1790084297799559 10 0 0 10 10 10 0 0 0 0 0 0 544 97 97 0 1800 1256 1159 0 1159 0 0 0 85895764 2341022 0 2250854 179987 176430 26811022 1830754 2651587 4665667168 4665667168 0 3805536254 829560960 50.096716 284 284 378572 284000 892 574 120 160000 250000 119 158635 113964 12 16000 25000 12 16000 25000 14946
1790084297881921 10 0 0 10 10 10 0 0 0 0 0 0 543 97 97 0 1800 1257 1160 0 1160 0 0 0 85915987 2341120 0 2250871 180079 176447 26872850 1830836 2655185 4666972040 4666972040 0 3806772593 829560960 50.098540 283 283 377239 283000 840 601 120 160000 250000 119 158635 113966 12 16000 25000 12 16000 25000 14948
1790084297907716 10 0 0 10 10 10 0 0 0 0 0 0 542 97 97 0 1800 1258 1161 0 1161 0 0 0 85923469 2341209 0 2250887 180172 176467 26890858 1830916 2658752 4671385655 4671385655 0 3808270165 829560960 50.110424 275 275 366575 275000 24 546 120 160000 250000 119 158635 113972 12 16000 25000 12 16000 25000 14954
1790084298066457 10 0 0 10 10 10 0 0 0 0 0 0 541 97 96 1 1800 1259 1162 0 1162 0 0 0 85930757 2341306 0 2250902 180343 176484 27041914 1831005 2662289 4675877368 4675243509 0 3809487583 829560960 50.119384 275 275 366575 275000 788 571 120 160000 250000 119 158635 113981 12 16000 25000 12 16000 25000 14961
1790084298066652 10 0 0 10 10 10 0 0 0 0 0 0 541 96 96 0 1800 1259 1163 0 1163 0 0 0 85930757 2341390 0 2250920 180343 176491 27041918 1831087 2662289 4675877368 4675877368 0 3809487583 829560960 50.119337 284 284 378572 284000 655 580 120 160000 250000 118 157302 112976 12 16000 25000 12 16000 25000 14959
1790084298220573 10 0 1 9 10 10 0 0 0 0 0 0 539 97 97 0 1800 1261 1164 0 1164 0 0 0 85939654 2341485 0 2250933 180459 176565 27186599 1831125 2665844 4690967623 4690967623 0 3812208645 829560960 50.143626 280 280 373240 280000 41 529 120 160000 250000 108 143968 112984 12 16000 25000 12 16000 25000 14962
1790084298307526 10 0 0 10 10 10 0 0 0 0 0 0 538 97 97 0 1800 1262 1165 0 1165 0 0 0 85947618 2341579 0 2250950 180562 176591 27265248 1831216 2671083 4695238675 4695238675 0 3812208645 829560960 50.139050 288 353 470111 293878 648 541 120 160000 250000 119 158635 113988 12 16000 25000 12 16000 25000 14969
1790084298452552 10 0 0 10 10 10 0 0 0 0 0 0 537 97 97 0 1800 1263 1166 0 1166 0 0 0 85955339 2341675 0 2250969 180664 176608 27402146 1831386 2674561 4701840588 4701840588 0 3813771394 829560960 50.151490 291 357 475008 296939 734 570 120 160000 250000 119 158635 113997 12 16000 25000 12 16000 25000 14977
1790084298486367 10 0 0 10 10 10 0 0 0 0 0 0 536 97 97 0 1800 1264 1167 0 1167 0 0 0 85988863 2341765 0 2250985 180744 176616 27402154 1831472 2676182 4707118402 4707118402 0 3815257757 829560960 50.148453 297 364 484801 303062 969 609 120 160000 250000 119 158635 114010 12 16000 25000 12 16000 25000 14989
1790084298486594 10 0 0 10 10 10 0 0 0 0 0 0 536 96 96 0 1800 1264 1168 0 1168 0 0 0 85988863 2341841 0 2251000 180790 176624 27402158 1831542 2676182 4713641665 4713641665 0 3815257757 829560960 50.148409 275 337 448890 280613 66 557 120 160000 250000 118 157302 113009 12 16000 25000 12 16000 25000 14991
1790084298562693 10 0 0 10 10 10 0 0 0 0 0 0 534 97 95 2 1800 1266 1169 0 1169 0 0 0 86064631 2341925 0 2251015 180964 176632 27402166 1831580 2677812 4724311544 4714991870 0 3818251996 829560960 50.137683 293 359 478272 298980 1197 620 120 160000 250000 118 157302 114027 12 16000 25000 12 16000 25000 15005
1790084298562872 10 0 0 10 10 10 0 0 0 0 0 0 534 96 95 1 1800 1266 1170 0 1170 0 0 0 86064631 2342006 0 2251032 180964 176639 27402170 1831647 2677812 4724311544 4721690261 0 3818251996 829560960 50.137637 275 337 448890 280613 32 564 120 160000 250000 118 157302 113025 12 16000 25000 12 16000 25000 15004
1790084298563010 10 0 0 10 10 10 0 0 0 0 0 0 534 95 95 0 1800 1266 1171 0 1171 0 0 0 86064631 2342083 0 2251050 180964 176646 27402173 1831682 2677812 4724311544 4724311544 0 3818251996 829560960 50.137593 273 335 445626 278572 94 519 120 160000 250000 117 155969 112020 12 16000 25000 12 16000 25000 15002
1790084298613984 10 0 0 10 10 10 0 0 0 0 0 0 531 97 97 0 1800 1269 1172 0 1172 0 0 0 86088296 2342185 0 2251073 181104 176681 27429145 1831718 2682852 4731033301 4731033301 0 3822763270 829560960 50.172769 238 292 388494 242858 19 471 120 160000 250000 119 158635 114033 12 16000 25000 12 16000 25000 15014
1790084298737876 10 0 0 10 10 10 0 0 0 0 0 0 530 97 97 0 1800 1270 1173 0 1173 0 0 0 86097640 2342277 0 2251089 181223 176719 27543331 1831808 2687742 4737730191 4737730191 0 3824251038 829560960 50.183459 233 286 380333 237756 145 440 120 160000 250000 119 158635 114042 12 16000 25000 12 16000 25000 15022
1790084298751436 10 0 0 10 10 10 0 0 0 0 0 0 529 97 97 0 1800 1271 1174 0 1174 0 0 0 86110916 2342370 0 2251104 181290 176729 27543339 1831897 2689255 4742061453 4742061453 0 3825468970 829560960 50.189006 240 294 391759 244898 189 417 120 160000 250000 119 158635 114050 12 16000 25000 12 16000 25000 15030
1790084298849660 10 0 0 10 10 10 0 0 0 0 0 0 528 97 97 0 1800 1272 1175 0 1175 0 0 0 86147488 2342471 0 2251122 181379 176750 27604689 1831966 2692418 4744388345 4744388345 0 3826966512 829560960 50.184345 243 298 396656 247960 123 389 120 160000 250000 119 158635 114052 12 16000 25000 12 16000 25000 15032
1790084298853806 10 0 1 9 10 10 0 0 0 0 0 0 527 97 97 0 1800 1273 1176 0 1176 0 0 0 86151375 2342548 0 2251122 181441 176758 27604697 1832051 2693889 4745015896 4745015896 0 3828193472 829560960 50.195320 242 297 395024 246939 96 362 120 160000 250000 108 143968 113056 12 16000 25000 12 16000 25000 15033
1790084298888875 10 0 0 10 10 10 0 0 0 0 0 0 526 97 97 0 1800 1274 1177 0 1177 0 0 0 86164086 2342637 0 2251138 181548 176783 27626739 1832115 2699041 4750377141 4750377141 0 3828193472 829560960 50.188061 236 342 455871 245633 115 339 120 160000 250000 119 158635 114060 12 16000 25000 12 16000 25000 15040
1790084298923254 10 0 0 10 10 10 0 0 0 0 0 0 525 97 97 0 1800 1275 1178 0 1178 0 0 0 86189790 2342727 0 2251153 181649 176803 27635106 1832190 2702168 4752333316 4752333316 0 3829696103 829560960 50.189625 238 345 459734 247715 1095 413 120 160000 250000 119 158635 114063 12 16000 25000 12 16000 25000 15043
1790084298983977 10 0 0 10 10 10 0 0 0 0 0 0 524 97 97 0 1800 1276 1179 0 1179 0 0 0 86198326 2342819 0 2251171 181753 176833 27686959 1832273 2706803 4755898878 4755898878 0 3831197077 829560960 50.200901 244 354 471324 253960 326 405 120 160000 250000 119 158635 114071 12 16000 25000 12 16000 25000 15050
1790084299037431 10 0 0 10 10 10 0 0 0 0 0 0 523 97 97 0 1800 1277 1180 0 1180 0 0 0 86204749 2342912 0 2251186 181855 176852 27733672 1832355 2709816 4760173831 4760173831 0 3832708397 829560960 50.213484 246 357 475187 256041 236 389 120 160000 250000 119 158635 114078 12 16000 25000 12 16000 25000 15059
1790084299055609 10 0 0 10 10 10 0 0 0 0 0 0 522 97 97 0 1800 1278 1181 0 1181 0 0 0 86211032 2343014 0 2251201 181955 176873 27745245 1832434 2712773 4765227887 4765227887 0 3834218444 829560960 50.226126 243 353 469392 252919 288 380 120 160000 250000 119 158635 114087 12 16000 25000 12 16000 25000 15067
1790084299133020 10 0 0 10 10 10 0 0 0 0 0 0 521 97 97 0 1800 1279 1182 0 1182 0 0 0 86217180 2343103 0 2251216 182057 176893 27816200 1832512 2715715 4769632465 4769632465 0 3835445936 829560960 50.235807 247 358 477119 257082 854 427 120 160000 250000 119 158635 114095 12 16000 25000 12 16000 25000 15075
1790084299155854 10 0 0 10 10 10 0 0 0 0 0 0 520 97 97 0 1800 1280 1183 0 1183 0 0 0 86223303 2343191 0 2251232 182162 176910 27832597 1832589 2718636 4776161676 4776161676 0 3836943728 829560960 50.248412 245 355 473255 255000 293 415 120 160000 250000 119 158635 114102 12 16000 25000 12 16000 25000 15083
1790084299167554 10 0 0 10 10 10 0 0 0 0 0 0 519 97 97 0 1800 1281 1184 0 1184 0 0 0 86232063 2343281 0 2251247 182285 176934 27835193 1832668 2723013 4776839884 4776839884 0 3838444842 829560960 50.259554 252 366 486777 262286 1015 474 120 160000 250000 119 158635 114103 12 16000 25000 12 16000 25000 15084
1790084299180397 10 0 0 10 10 10 0 0 0 0 0 0 518 97 96 1 1800 1282 1185 0 1185 0 0 0 86240428 2343373 0 2251264 182438 176964 27839282 1832756 2727344 4782796597 4778545314 0 3839954782 829560960 50.271011 240 348 463597 249796 19 431 120 160000 250000 118 157302 114114 12 16000 25000 12 16000 25000 15095
1790084299180596 10 0 0 10 10 10 0 0 0 0 0 0 518 96 96 0 1800 1282 1186 0 1186 0 0 0 86240428 2343453 0 2251283 182438 176971 27839284 1832847 2727344 4782796597 4782796597 0 3839954782 829560960 50.270966 238 345 459734 247715 138 404 120 160000 250000 118 157302 113112 12 16000 25000 12 16000 25000 15093
1790084299206172 10 0 0 10 10 10 0 0 0 0 0 0 516 97 97 0 1800 1284 1187 0 1187 0 0 0 86265774 2343539 0 2251300 182513 176980 27839293 1832883 2728662 4783200818 4783200818 0 3842959443 829560960 50.288875 237 344 457802 246674 770 441 120 160000 250000 119 158635 114116 12 16000 25000 12 16000 25000 15095
1790084299369286 10 0 0 10 10 10 0 0 0 0 0 0 515 97 97 0 1800 1285 1188 0 1188 0 0 0 86272039 2343628 0 2251315 182631 176997 27995841 1832939 2731451 4787237823 4787237823 0 3844459275 829560960 50.301411 224 325 432691 233143 9 400 120 160000 250000 119 158635 114122 12 16000 25000 12 16000 25000 15103
1790084299413015 10 0 0 10 10 10 0 0 0 0 0 0 514 97 97 0 1800 1286 1189 0 1189 0 0 0 86315482 2343711 0 2251331 182706 177005 27995850 1833033 2732713 4793848087 4793848087 0 3845950860 829560960 50.292760 221 321 426896 230021 262 388 120 160000 250000 119 158635 114131 12 16000 25000 12 16000 25000 15110
1790084299447311 10 0 0 10 10 10 0 0 0 0 0 0 513 97 97 0 1800 1287 1190 0 1190 0 0 0 86349536 2343792 0 2251345 182774 177014 27995858 1833092 2733981 4798224659 4798224659 0 3847184074 829560960 50.286664 217 315 419169 225858 141 365 120 160000 250000 119 158635 114139 12 16000 25000 12 16000 25000 15118
1790084299491612 10 0 0 10 10 10 0 0 0 0 0 0 512 97 97 0 1800 1288 1191 0 1191 0 0 0 86355642 2343882 0 2251361 182879 177032 28033764 1833146 2736654 4803197966 4803197966 0 3848679721 829560960 50.299233 212 308 409511 220654 153 345 120 160000 250000 119 158635 114146 12 16000 25000 12 16000 25000 15126
1790084299513830 10 0 0 10 10 10 0 0 0 0 0 0 511 97 97 0 1800 1289 1192 0 1192 0 0 0 86373450 2343973 0 2251377 182991 177058 28037837 1833222 2740671 4807594036 4807594036 0 3850174909 829560960 50.305157 211 306 407579 219613 894 400 120 160000 250000 119 158635 114153 12 16000 25000 12 16000 25000 15133
1790084299593447 10 0 0 10 10 10 0 0 0 0 0 0 510 97 97 0 1800 1290 1193 0 1193 0 0 0 86389537 2344077 0 2251396 183088 177075 28101048 1833302 2743270 4808048162 4808048162 0 3851680321 829560960 50.312158 210 305 405648 218572 317 393 120 160000 250000 119 158635 114154 12 16000 25000 12 16000 25000 15134
1790084299632307 10 0 0 10 10 10 0 0 0 0 0 0 509 97 97 0 1800 1291 1194 0 1194 0 0 0 86404948 2344169 0 2251416 183174 177095 28124191 1833388 2745793 4814963378 4814963378 0 3853179933 829560960 50.319483 210 305 405648 218572 85 364 120 160000 250000 119 158635 114162 12 16000 25000 12 16000 25000 15142
1790084299665927 10 0 0 10 10 10 0 0 0 0 0 0 508 97 97 0 1800 1292 1195 0 1195 0 0 0 86422504 2344259 0 2251432 183279 177123 28139918 1833472 2749615 4819404650 4819404650 0 3854682506 829560960 50.325623 212 308 409511 220654 1172 444 120 160000 250000 119 158635 114170 12 16000 25000 12 16000 25000 15150
1790084299723902 10 0 0 10 10 10 0 0 0 0 0 0 507 97 97 0 1800 1293 1196 0 1196 0 0 0 86447727 2344356 0 2251447 183381 177142 28172343 1833553 2752111 4821961273 4821961273 0 3856186580 829560960 50.327427 210 305 405648 218572 816 481 120 160000 250000 119 158635 114172 12 16000 25000 12 16000 25000 15153
1790084299727682 10 0 0 10 10 10 0 0 0 0 0 0 506 97 97 0 1800 1294 1197 0 1197 0 0 0 86451249 2344440 0 2251462 183441 177150 28172351 1833633 2753253 4827455847 4827455847 0 3857687873 829560960 50.341507 205 298 395989 213368 183 453 120 160000 250000 119 158635 114179 12 16000 25000 12 16000 25000 15162
1790084299760869 10 0 0 10 10 10 0 0 0 0 0 0 505 97 97 0 1800 1295 1198 0 1198 0 0 0 86484173 2344521 0 2251477 183526 177159 28172359 1833695 2754366 4831773014 4831773014 0 3859185889 829560960 50.338885 206 299 397921 214409 968 504 120 160000 250000 119 158635 114189 12 16000 25000 12 16000 25000 15170
1790084299775102 10 0 0 10 10 10 0 0 0 0 0 0 504 97 96 1 1800 1296 1199 0 1199 0 0 0 86498123 2344608 0 2251493 183628 177169 28172367 1833754 2755480 4843700320 4837131714 0 3860690170 829560960 50.347079 201 292 388263 209205 167 472 120 160000 250000 119 158635 114207 12 16000 25000 12 16000 25000 15186
1790084299775267 10 0 0 10 10 10 0 0 0 0 0 0 504 96 96 0 1800 1296 1200 0 1200 0 0 0 86498123 2344687 0 2251511 183628 177176 28172371 1833812 2755480 4843700320 4843700320 0 3860690170 829560960 50.347035 199 289 384399 207123 802 505 120 160000 250000 118 157302 113202 12 16000 25000 12 16000 25000 15185
1790084299818012 10 0 0 10 10 10 0 0 0 0 0 0 502 97 96 1 1800 1298 1201 0 1201 0 0 0 86515638 2344778 0 2251526 183827 177194 28197236 1833848 2757894 4850599165 4844104728 0 3863715205 829560960 50.369525 197 286 380536 205041 290 485 120 160000 250000 119 158635 114214 12 16000 25000 12 16000 25000 15195
1790084299818215 10 0 0 10 10 10 0 0 0 0 0 0 502 96 96 0 1800 1298 1202 0 1202 0 0 0 86515638 2344870 0 2251544 183827 177201 28197239 1833930 2757894 4850599165 4850599165 0 3863715205 829560960 50.369473 186 270 359288 193592 10 440 120 160000 250000 118 157302 113210 12 16000 25000 12 16000 25000 15193
1790084299830087 10 0 0 10 10 10 0 0 0 0 0 0 500 97 97 0 1800 1300 1203 0 1203 0 0 0 86526585 2344960 0 2251560 183960 177225 28197850 1833974 2761394 4857109491 4857109491 0 3866706321 829560960 50.395315 191 277 368946 198796 1029 498 120 160000 250000 119 158635 114222 12 16000 25000 12 16000 25000 15202
1790084299881539 10 0 0 10 10 10 0 0 0 0 0 0 499 97 97 0 1800 1301 1204 0 1204 0 0 0 86534285 2345054 0 2251576 184093 177247 28241247 1834057 2764790 4858407251 4858407251 0 3868208441 829560960 50.407013 196 284 378604 204000 988 547 120 160000 250000 119 158635 114223 12 16000 25000 12 16000 25000 15204
1790084299894988 10 0 0 10 10 10 0 0 0 0 0 0 498 97 97 0 1800 1302 1205 0 1205 0 0 0 86547473 2345138 0 2251591 184151 177255 28241256 1834141 2765800 4863882648 4863882648 0 3869717428 829560960 50.415676 192 279 370878 199837 83 502 120 160000 250000 119 158635 114230 12 16000 25000 12 16000 25000 15212
1790084299919130 10 0 0 10 10 10 0 0 0 0 0 0 497 97 97 0 1800 1303 1206 0 1206 0 0 0 86571347 2345219 0 2251604 184236 177263 28241264 1834209 2766807 4869090895 4869090895 0 3871214410 829560960 50.418150 194 282 374741 201919 459 498 120 160000 250000 119 158635 114240 12 16000 25000 12 16000 25000 15220
1790084299933693 10 0 0 10 10 10 0 0 0 0 0 0 496 97 97 0 1800 1304 1207 0 1207 0 0 0 86585649 2345305 0 2251618 184318 177272 28241271 1834268 2767794 4874083732 4874083732 0 3872711307 829560960 50.426045 194 282 374741 201919 171 467 120 160000 250000 119 158635 114247 12 16000 25000 12 16000 25000 15228
1790084299937283 10 0 0 10 10 10 0 0 0 0 0 0 495 97 97 0 1800 1305 1208 0 1208 0 0 0 86589013 2345390 0 2251635 184371 177281 28241278 1834322 2768763 4880696156 4880696156 0 3874216573 829560960 50.440231 193 280 372810 200878 569 478 120 160000 250000 119 158635 114253 12 16000 25000 12 16000 25000 15236
1790084299983728 10 0 0 10 10 10 0 0 0 0 0 0 494 97 97 0 1800 1306 1209 0 1209 0 0 0 86596188 2345486 0 2251650 184506 177303 28280217 1834377 2771952 4886006720 4886006720 0 3875706002 829560960 50.452078 194 282 374741 201919 1225 552 120 160000 250000 119 158635 114263 12 16000 25000 12 16000 25000 15244
1790084299997640 10 0 0 10 10 10 0 0 0 0 0 0 493 97 97 0 1800 1307 1210 0 1210 0 0 0 86601594 2345578 0 2251667 184591 177319 28288430 1834455 2773974 4891517841 4891517841 0 3876942363 829560960 50.462215 207 300 399853 215449 1057 602 120 160000 250000 119 158635 114272 12 16000 25000 12 16000 25000 15252
1790084300033349 10 0 0 10 10 10 0 0 0 0 0 0 492 97 97 0 1800 1308 1211 0 1211 0 0 0 86606865 2345671 0 2251687 184687 177336 28318564 1834534 2775958 4898051446 4898051446 0 3878438133 829560960 50.475209 208 302 401784 216490 1277 669 120 160000 250000 119 158635 114279 12 16000 25000 12 16000 25000 15260
1790084300076654 10 0 0 10 10 10 0 0 0 0 0 0 491 97 96 1 1800 1309 1212 0 1212 0 0 0 86649855 2345753 0 2251702 184800 177344 28318572 1834618 2776844 4907709488 4903446757 0 3879964470 829560960 50.467136 211 306 407579 219613 1003 702 120 160000 250000 119 158635 114296 12 16000 25000 12 16000 25000 15276
1790084300076830 10 0 0 10 10 10 0 0 0 0 0 0 491 96 96 0 1800 1309 1213 0 1213 0 0 0 86649855 2345830 0 2251717 184811 177352 28318576 1834677 2776844 4907709488 4907709488 0 3879964470 829560960 50.467092 209 303 403716 217531 113 645 120 160000 250000 118 157302 113293 12 16000 25000 12 16000 25000 15275
1790084300116181 10 0 0 10 10 10 0 0 0 0 0 0 489 97 96 1 1800 1311 1214 0 1214 0 0 0 86686247 2345921 0 2251732 184973 177368 28321209 1834715 2778789 4918030870 4912756483 0 3882976018 829560960 50.478671 199 244 324833 203062 170 600 120 160000 250000 119 158635 114313 12 16000 25000 12 16000 25000 15292
1790084300116385 10 0 0 10 10 10 0 0 0 0 0 0 489 96 96 0 1800 1311 1215 0 1215 0 0 0 86686247 2346000 0 2251750 184973 177385 28321212 1834795 2778789 4918030870 4918030870 0 3882976018 829560960 50.478626 200 245 326466 204082 1429 682 120 160000 250000 118 157302 113308 12 16000 25000 12 16000 25000 15291
1790084300190863 10 0 0 10 10 10 0 0 0 0 0 0 487 97 95 2 1800 1313 1216 0 1216 0 0 0 86760412 2346080 0 2251765 185129 177394 28321220 1834832 2779651 4933946300 4923148279 0 3885978131 829560960 50.468697 199 244 324833 203062 1126 727 120 160000 250000 119 158635 114340 12 16000 25000 12 16000 25000 15317
1790084300191032 10 0 0 10 10 10 0 0 0 0 0 0 487 96 95 1 1800 1313 1217 0 1217 0 0 0 86760412 2346162 0 2251783 185129 177401 28321224 1834891 2779651 4933946300 4928594682 0 3885978131 829560960 50.468650 196 240 319936 200000 54 662 120 160000 250000 118 157302 113335 12 16000 25000 12 16000 25000 15316
1790084300191170 10 0 0 10 10 10 0 0 0 0 0 0 487 95 95 0 1800 1313 1218 0 1218 0 0 0 86760412 2346240 0 2251800 185129 177408 28321227 1834926 2779651 4933946300 4933946300 0 3885978131 829560960 50.468606 190 233 310143 193878 154 613 120 160000 250000 117 155969 112330 12 16000 25000 12 16000 25000 15314
1790084300300844 10 0 0 10 10 10 0 0 0 0 0 0 484 97 97 0 1800 1316 1219 0 1219 0 0 0 86778824 2346329 0 2251816 185279 177426 28412180 1834960 2781512 4938930265 4938930265 0 3890198682 829560960 50.503291 191 234 311775 194898 95 564 120 160000 250000 119 158635 114344 12 16000 25000 12 16000 25000 15325
1790084300362485 10 0 0 10 10 10 0 0 0 0 0 0 483 97 97 0 1800 1317 1220 0 1220 0 0 0 86840185 2346425 0 2251844 185342 177435 28412188 1835046 2782278 4944319357 4944319357 0 3891432135 829560960 50.481680 200 245 326466 204082 345 544 120 160000 250000 119 158635 114350 12 16000 25000 12 16000 25000 15331
1790084300475481 10 0 0 10 10 10 0 0 0 0 0 0 482 97 96 1 1800 1318 1221 0 1221 0 0 0 86952895 2346525 0 2251871 185437 177444 28412196 1835104 2783025 4946666522 4945724300 0 3892936613 829560960 50.433974 222 272 362377 226531 120 503 120 160000 250000 119 158635 114355 12 16000 25000 12 16000 25000 15335
1790084300475655 10 0 0 10 10 10 0 0 0 0 0 0 482 96 96 0 1800 1318 1222 0 1222 0 0 0 86952895 2346603 0 2251887 185449 177451 28412199 1835159 2783025 4946666522 4946666522 0 3892936613 829560960 50.433930 208 255 339524 212245 17 456 120 160000 250000 118 157302 113351 12 16000 25000 12 16000 25000 15333
1790084300501136 10 0 0 10 10 10 0 0 0 0 0 0 480 97 97 0 1800 1320 1223 0 1223 0 0 0 86969350 2346693 0 2251906 185557 177469 28420949 1835197 2784689 4949704295 4949704295 0 3895923530 829560960 50.456481 206 253 336260 210205 51 417 120 160000 250000 119 158635 114358 12 16000 25000 12 16000 25000 15338
1790084300599168 10 0 0 10 10 10 0 0 0 0 0 0 479 97 97 0 1800 1321 1224 0 1224 0 0 0 86985823 2346782 0 2251921 185668 177496 28502178 1835276 2787078 4950359916 4950359916 0 3897424434 829560960 50.463149 211 259 344421 215307 553 431 120 160000 250000 119 158635 114358 12 16000 25000 12 16000 25000 15339
1790084300649703 10 0 0 10 10 10 0 0 0 0 0 0 478 97 97 0 1800 1322 1225 0 1225 0 0 0 86992103 2346872 0 2251937 185783 177528 28546091 1835363 2789433 4954590714 4954590714 0 3898923652 829560960 50.475555 213 261 347686 217347 124 402 120 160000 250000 119 158635 114365 12 16000 25000 12 16000 25000 15347
1790084300682948 10 0 0 10 10 10 0 0 0 0 0 0 477 97 97 0 1800 1323 1226 0 1226 0 0 0 86998495 2346969 0 2251958 185897 177552 28572603 1835451 2791714 4959567668 4959567668 0 3900424661 829560960 50.487911 215 215 286595 215000 279 391 120 160000 250000 119 158635 114373 12 16000 25000 12 16000 25000 15355
1790084300798572 10 0 1 9 10 10 0 0 0 0 0 0 476 97 97 0 1800 1324 1227 0 1227 0 0 0 87033690 2347063 0 2251969 185970 177617 28652688 1835531 2793219 4975421603 4975421603 0 3901926527 829560960 50.484002 215 215 286595 215000 1033 455 120 160000 250000 108 143968 113377 12 16000 25000 12 16000 25000 15356
1790084300886855 10 0 0 10 10 10 0 0 0 0 0 0 475 97 97 0 1800 1325 1228 0 1228 0 0 0 87038082 2347150 0 2251985 186068 177640 28736269 1835611 2795410 4976578213 4976578213 0 3901926527 829560960 50.481472 225 276 367274 229592 711 481 120 160000 250000 119 158635 114375 12 16000 25000 12 16000 25000 15356
1790084300946865 10 0 0 10 10 10 0 0 0 0 0 0 474 97 97 0 1800 1326 1229 0 1229 0 0 0 87044442 2347245 0 2252005 186172 177665 28789545 1835741 2797647 4980853632 4980853632 0 3903435210 829560960 50.493922 225 276 367274 229592 213 456 120 160000 250000 119 158635 114383 12 16000 25000 12 16000 25000 15364
1790084301019808 10 0 0 10 10 10 0 0 0 0 0 0 473 97 97 0 1800 1327 1230 0 1230 0 0 0 87059598 2347331 0 2252020 186273 177680 28847027 1835823 2799041 4986325084 4986325084 0 3904940783 829560960 50.501373 227 278 370539 231633 861 497 120 160000 250000 119 158635 114391 12 16000 25000 12 16000 25000 15372
1790084301062257 10 0 0 10 10 10 0 0 0 0 0 0 472 97 97 0 1800 1328 1231 0 1231 0 0 0 87101787 2347418 0 2252034 186334 177689 28847034 1835902 2799632 4991567563 4991567563 0 3906441493 829560960 50.493505 228 280 372171 232654 1315 577 120 160000 250000 119 158635 114399 12 16000 25000 12 16000 25000 15380
1790084301095559 10 0 0 10 10 10 0 0 0 0 0 0 471 97 97 0 1800 1329 1232 0 1232 0 0 0 87134810 2347502 0 2252049 186436 177697 28847042 1835961 2800211 4996955121 4996955121 0 3907929148 829560960 50.490678 220 270 359112 224490 96 531 120 160000 250000 119 158635 114418 12 16000 25000 12 16000 25000 15396
1790084301099065 10 0 0 10 10 10 0 0 0 0 0 0 470 97 97 0 1800 1330 1233 0 1233 0 0 0 87138087 2347584 0 2252065 186492 177707 28847050 1836017 2800771 5002052231 5002052231 0 3909145682 829560960 50.501748 214 263 349318 218368 178 498 120 160000 250000 119 158635 114416 12 16000 25000 12 16000 25000 15396
1790084301150979 10 0 0 10 10 10 0 0 0 0 0 0 469 97 97 0 1800 1331 1234 0 1234 0 0 0 87144191 2347672 0 2252081 186620 177734 28892540 1836071 2802732 5008817259 5008817259 0 3910350494 829560960 50.511093 218 267 355848 222449 141 464 120 160000 250000 119 158635 114424 12 16000 25000 12 16000 25000 15404
1790084301173732 10 0 0 10 10 10 0 0 0 0 0 0 469 96 96 0 1800 1331 1235 0 1235 0 0 0 87146685 2347758 0 2252096 186705 177752 28912512 1836152 2803938 5009792509 5009792509 0 3910350494 829560960 50.509637 208 255 339524 212245 80 427 120 160000 250000 118 157302 113421 12 16000 25000 12 16000 25000 15404
1790084301197035 10 0 0 10 10 10 0 0 0 0 0 0 469 95 95 0 1800 1331 1236 0 1236 0 0 0 87149194 2347847 0 2252115 186773 177769 28933044 1836215 2805133 5014144010 5014144010 0 3910350494 829560960 50.508171 205 252 334627 209184 216 407 120 160000 250000 117 155969 112426 12 16000 25000 12 16000 25000 15411
1790084301217811 10 0 0 10 10 10 0 0 0 0 0 0 469 94 94 0 1800 1331 1237 0 1237 0 0 0 87151705 2347939 0 2252137 186845 177786 28951049 1836274 2806342 5014880697 5014880697 0 3910350494 829560960 50.506702 212 260 346054 216327 126 380 120 160000 250000 116 154636 111425 12 16000 25000 12 16000 25000 15410
1790084301301305 10 0 0 10 10 10 0 0 0 0 0 0 469 93 93 0 1800 1331 1238 0 1238 0 0 0 87154251 2348024 0 2252153 186920 177801 29031748 1836328 2807560 5021559003 5021559003 0 3910350494 829560960 50.505217 211 259 344421 215307 163 360 120 160000 250000 115 153303 110430 12 16000 25000 12 16000 25000 15417
1790084301317194 10 0 0 10 10 10 0 0 0 0 0 0 469 92 92 0 1800 1331 1239 0 1239 0 0 0 87156789 2348108 0 2252168 186990 177820 29044852 1836383 2808772 5025849905 5025849905 0 3910350494 829560960 50.503737 219 269 357480 223470 877 411 120 160000 250000 114 151970 109437 12 16000 25000 12 16000 25000 15424
1790084301336225 10 0 0 10 10 10 0 0 0 0 0 0 469 91 91 0 1800 1331 1240 0 1240 0 0 0 87159354 2348194 0 2252184 187083 177836 29061052 1836435 2810016 5030169460 5030169460 0 3910350494 829560960 50.502242 222 272 362377 226531 281 399 120 160000 250000 113 150637 108444 12 16000 25000 12 16000 25000 15431
1790084301368361 10 0 0 10 10 10 0 0 0 0 0 0 469 90 90 0 1800 1331 1241 0 1241 0 0 0 87161886 2348278 0 2252199 187157 177852 29090408 1836488 2811221 5035512136 5035512136 0 3910350494 829560960 50.500766 217 266 354215 221429 161 377 120 160000 250000 112 149304 107448 12 16000 25000 12 16000 25000 15437
1790084301390738 10 0 0 10 10 10 0 0 0 0 0 0 469 89 89 0 1800 1331 1242 0 1242 0 0 0 87164409 2348371 0 2252214 187229 177866 29109999 1836548 2812434 5040747939 5040747939 0 3910350494 829560960 50.499290 220 270 359112 224490 1415 479 120 160000 250000 111 147971 106452 12 16000 25000 12 16000 25000 15444
1790084301440535 10 0 0 10 10 10 0 0 0 0 0 0 469 88 88 0 1800 1331 1243 0 1243 0 0 0 87166937 2348456 0 2252230 187311 177895 29156999 1836601 2813631 5043025988 5043025988 0 3910350494 829560960 50.497816 216 265 352583 220409 122 445 120 160000 250000 110 146638 105453 12 16000 25000 12 16000 25000 15445
1790084301483163 10 0 0 10 10 10 0 0 0 0 0 0 469 87 87 0 1800 1331 1244 0 1244 0 0 0 87169471 2348547 0 2252247 187389 177912 29196831 1836655 2814838 5047403650 5047403650 0 3910350494 829560960 50.496335 212 260 346054 216327 399 441 120 160000 250000 109 145305 104458 12 16000 25000 12 16000 25000 15452
1790084301496454 10 0 1 9 10 10 0 0 0 0 0 0 469 86 86 0 1800 1331 1245 0 1245 0 0 0 87172410 2348638 0 2252248 187448 177928 29206945 1836708 2816425 5048093701 5048093701 0 3910350494 829560960 50.494626 212 260 346054 216327 964 493 120 160000 250000 97 129305 102458 12 16000 25000 12 16000 25000 15452
1790084301527192 10 0 0 10 10 10 0 0 0 0 0 0 468 86 86 0 1800 1332 1246 0 1246 0 0 0 87181763 2348725 0 2252264 187539 177951 29228056 1836761 2818730 5048659119 5048659119 0 3910350494 829560960 50.489302 212 308 409511 220654 91 454 120 160000 250000 108 143972 103458 12 16000 25000 12 16000 25000 15452
1790084301538115 10 0 0 10 10 10 0 0 0 0 0 0 468 85 85 0 1800 1332 1247 0 1247 0 0 0 87184051 2348808 0 2252280 187618 177969 29236433 1836821 2819942 5053165707 5053165707 0 3910350494 829560960 50.487965 205 298 395989 213368 41 415 120 160000 250000 107 142639 102464 12 16000 25000 12 16000 25000 15457
1790084301565564 10 0 0 10 10 10 0 0 0 0 0 0 468 84 84 0 1800 1332 1248 0 1248 0 0 0 87186343 2348899 0 2252296 187686 177982 29261347 1836871 2821153 5058561848 5058561848 0 3910350494 829560960 50.486621 210 305 405648 218572 984 471 120 160000 250000 106 141306 101467 12 16000 25000 12 16000 25000 15463
1790084301579971 10 0 0 10 10 10 0 0 0 0 0 0 468 83 83 0 1800 1332 1249 0 1249 0 0 0 87188650 2348991 0 2252312 187780 177998 29273177 1836918 2822350 5062839582 5062839582 0 3910350494 829560960 50.485268 208 302 401784 216490 392 465 120 160000 250000 105 139973 100473 12 16000 25000 12 16000 25000 15469
1790084301588632 10 0 0 10 10 10 0 0 0 0 0 0 468 82 82 0 1800 1332 1250 0 1250 0 0 0 87190953 2349073 0 2252327 187846 178013 29279301 1836968 2823558 5067255798 5067255798 0 3910350494 829560960 50.483923 210 305 405648 218572 937 512 120 160000 250000 104 138640 99480 12 16000 25000 12 16000 25000 15476
1790084301744373 10 0 0 10 10 10 0 0 0 0 0 0 468 81 81 0 1800 1332 1251 0 1251 0 0 0 87193256 2349156 0 2252342 187914 178029 29432506 1837014 2824762 5072317076 5072317076 0 3910350494 829560960 50.482578 222 322 428827 231062 889 549 120 160000 250000 103 137307 98487 12 16000 25000 12 16000 25000 15483
1790084301765905 10 0 0 10 10 10 0 0 0 0 0 0 468 80 80 0 1800 1332 1252 0 1252 0 0 0 87195557 2349237 0 2252357 187988 178052 29451485 1837061 2825960 5077595221 5077595221 0 3910350494 829560960 50.481235 221 321 426896 230021 1047 598 120 160000 250000 102 135974 97494 12 16000 25000 12 16000 25000 15489
1790084301799628 10 0 0 10 10 10 0 0 0 0 0 0 468 79 79 0 1800 1332 1253 0 1253 0 0 0 87197866 2349319 0 2252372 188053 178069 29482669 1837108 2827171 5081934151 5081934151 0 3910350494 829560960 50.479887 220 319 424964 228980 1322 670 120 160000 250000 101 134641 96501 12 16000 25000 12 16000 25000 15496
1790084301890152 10 0 0 10 10 10 0 0 0 0 0 0 468 78 78 0 1800 1332 1254 0 1254 0 0 0 87200179 2349411 0 2252388 188133 178085 29570625 1837153 2828373 5085911907 5085911907 0 3910350494 829560960 50.478532 226 328 436554 235225 929 696 120 160000 250000 100 133308 95506 12 16000 25000 12 16000 25000 15501
1790084301904175 10 0 0 10 10 10 0 0 0 0 0 0 468 77 77 0 1800 1332 1255 0 1255 0 0 0 87202498 2349494 0 2252403 188203 178105 29582091 1837201 2829587 5091383645 5091383645 0 3910350494 829560960 50.477178 226 328 436554 235225 1092 735 120 160000 250000 99 131975 94513 12 16000 25000 12 16000 25000 15508
1790084301917266 10 0 1 9 10 10 0 0 0 0 0 0 468 76 76 0 1800 1332 1256 0 1256 0 0 0 87204941 2349592 0 2252424 188257 178181 29592447 1837248 2830912 5094423579 5094423579 0 3910350494 829560960 50.475745 230 334 444281 239388 382 702 120 160000 250000 87 115975 93897 12 16000 25000 12 16000 25000 16892
1790084301922808 10 0 0 10 10 10 0 0 0 0 0 0 467 76 76 0 1800 1333 1257 0 1257 0 0 0 87207433 2349672 0 2252438 188325 178196 29595263 1837296 2832123 5098660911 5098660911 0 3910350494 829560960 50.474296 225 377 501971 238776 134 647 120 160000 250000 98 130642 94903 12 16000 25000 12 16000 25000 16899
1790084301930669 10 0 0 10 10 10 0 0 0 0 0 0 467 75 75 0 1800 1333 1258 0 1258 0 0 0 87211099 2349758 0 2252454 188422 178217 29599046 1837482 2834050 5099986667 5099986667 0 3910350494 829560960 50.472181 220 369 490816 233470 286 612 120 160000 250000 97 129309 93903 12 16000 25000 12 16000 25000 16899
1790084301963672 10 0 0 10 10 10 0 0 0 0 0 0 467 74 74 0 1800 1333 1259 0 1259 0 0 0 87213412 2349842 0 2252469 188504 178233 29629479 1837536 2835254 5105330730 5105330730 0 3910350494 829560960 50.470831 216 362 481892 229225 275 580 120 160000 250000 96 127976 92908 12 16000 25000 12 16000 25000 16904
1790084302035009 10 0 0 10 10 10 0 0 0 0 0 0 467 73 73 0 1800 1333 1260 0 1260 0 0 0 87215735 2349985 0 2252493 189416 203185 29672410 1837588 2836454 5109670166 5109670166 0 3910350494 829560960 50.469441 212 355 472968 224980 220 529 120 160000 250000 95 126643 91914 12 16000 25000 12 16000 25000 16911
1790084302124930 10 0 1 9 10 10 0 0 0 0 0 0 467 72 72 0 1800 1333 1261 0 1261 0 0 0 87219413 2350083 0 2252494 189482 203203 29758285 1837750 2837871 5109866496 5109866496 0 3910350494 829560960 50.467313 203 340 452889 215429 105 488 120 160000 250000 83 110643 89914 12 16000 25000 12 16000 25000 16911
1790084302188420 10 0 0 10 10 10 0 0 0 0 0 0 466 72 72 0 1800 1334 1262 0 1262 0 0 0 87223259 2350186 0 2252512 189581 203221 29817608 1837826 2839776 5115265189 5115265189 0 3910350494 829560960 50.465088 205 390 518713 221735 18 443 120 160000 250000 94 125310 90921 12 16000 25000 12 16000 25000 16918
1790084302219985 10 0 0 10 10 10 0 0 0 0 0 0 466 71 71 0 1800 1334 1263 0 1263 0 0 0 87225565 2350277 0 2252529 189653 203241 29846601 1837887 2840960 5119597489 5119597489 0 3910350494 829560960 50.463738 210 399 531365 227143 1346 532 120 160000 250000 93 123977 89928 12 16000 25000 12 16000 25000 16924
1790084302479248 10 0 0 10 10 10 0 0 0 0 0 0 466 70 70 0 1800 1334 1264 0 1264 0 0 0 87227963 2350383 0 2252547 189742 203260 30103178 1837940 2842188 5126186731 5126186731 0 3910350494 829560960 50.462327 209 397 528834 226062 914 571 120 160000 250000 92 122644 88935 12 16000 25000 12 16000 25000 16931
1790084302589094 10 0 0 10 10 10 0 0 0 0 0 0 466 69 69 0 1800 1334 1265 0 1265 0 0 0 87230669 2350482 0 2252567 189827 203283 30210020 1838009 2843572 5132811909 5132811909 0 3910350494 829560960 50.460747 211 401 533895 228225 1275 641 120 160000 250000 91 121311 87942 12 16000 25000 12 16000 25000 16938
1790084302636222 10 0 0 10 10 10 0 0 0 0 0 0 466 68 68 0 1800 1334 1266 0 1266 0 0 0 87233316 2350579 0 2252588 189927 203307 30254197 1838066 2844952 5137130303 5137130303 0 3910350494 829560960 50.459202 233 443 589562 252021 960 673 120 160000 250000 90 119978 86949 12 16000 25000 12 16000 25000 16944
1790084302699828 10 0 0 10 10 10 0 0 0 0 0 0 466 67 67 0 1800 1334 1267 0 1267 0 0 0 87235655 2350668 0 2252605 190014 203321 30315199 1838120 2846142 5142586050 5142586050 0 3910350494 829560960 50.457834 239 454 604744 258511 472 654 120 160000 250000 89 118645 85954 12 16000 25000 12 16000 25000 16949
1790084302709658 10 0 0 10 10 10 0 0 0 0 0 0 466 66 66 0 1800 1334 1268 0 1268 0 0 0 87237967 2350759 0 2252622 190084 203339 30322467 1838171 2847327 5147952117 5147952117 0 3910350494 829560960 50.456481 254 483 642698 274735 1078 697 120 160000 250000 88 117312 84961 12 16000 25000 12 16000 25000 16956
1790084302833502 10 0 0 10 10 10 0 0 0 0 0 0 466 65 65 0 1800 1334 1269 0 1269 0 0 0 87240297 2350855 0 2252639 190162 203359 30443716 1838223 2848504 5153402027 5153402027 0 3910350494 829560960 50.455114 254 483 642698 274735 396 668 120 160000 250000 87 115979 83966 12 16000 25000 12 16000 25000 16961
1790084302845222 10 0 0 10 10 10 0 0 0 0 0 0 466 64 64 0 1800 1334 1270 0 1270 0 0 0 87242621 2350945 0 2252656 190230 203377 30452870 1838271 2849693 5160134510 5160134510 0 3910350494 829560960 50.453755 267 507 675592 288796 1138 715 120 160000 250000 86 114646 82973 12 16000 25000 12 16000 25000 16968
1790084302926662 10 0 0 10 10 10 0 0 0 0 0 0 466 63 63 0 1800 1334 1271 0 1271 0 0 0 87244957 2351033 0 2252672 190314 203394 30531717 1838320 2850886 5166680998 5166680998 0 3910350494 829560960 50.452390 293 557 741380 316919 193 665 120 160000 250000 85 113313 81980 12 16000 25000 12 16000 25000 16975
1790084303074967 10 0 0 10 10 10 0 0 0 0 0 0 466 62 62 0 1800 1334 1272 0 1272 0 0 0 87247598 2351124 0 2252692 190410 203418 30677098 1838373 2852245 5171960572 5171960572 0 3910350494 829560960 50.450851 291 553 736320 314756 148 616 120 160000 250000 84 111980 80986 12 16000 25000 12 16000 25000 16982
1790084303139410 10 0 0 10 10 10 0 0 0 0 0 0 466 61 61 0 1800 1334 1273 0 1273 0 0 0 87249942 2351217 0 2252709 190494 203462 30738904 1838425 2853439 5176039258 5176039258 0 3910350494 829560960 50.449479 294 558 743910 318000 1210 675 120 160000 250000 83 110647 79991 12 16000 25000 12 16000 25000 16987
1790084303153362 10 0 0 10 10 10 0 0 0 0 0 0 466 60 60 0 1800 1334 1274 0 1274 0 0 0 87252280 2351308 0 2252727 190568 203478 30750258 1838482 2854627 5181374299 5181374299 0 3910350494 829560960 50.448112 299 568 756562 323409 977 706 120 160000 250000 82 109314 78996 12 16000 25000 12 16000 25000 16992
1790084303159723 10 0 0 10 10 10 0 0 0 0 0 0 466 59 59 0 1800 1334 1275 0 1275 0 0 0 87254610 2351396 0 2252743 190640 203495 30754029 1838545 2855813 5186461490 5186461490 0 3910350494 829560960 50.446750 299 568 756562 323409 301 667 120 160000 250000 81 107981 78003 12 16000 25000 12 16000 25000 16999
1790084303315756 10 0 0 10 10 10 0 0 0 0 0 0 466 58 58 0 1800 1334 1276 0 1276 0 0 0 87257304 2351496 0 2252763 190734 203515 30907079 1838593 2857185 5188879113 5188879113 0 3910350494 829560960 50.445177 300 570 759092 324490 1043 704 120 160000 250000 80 106648 77004 12 16000 25000 12 16000 25000 17000
1790084303385832 10 0 0 10 10 10 0 0 0 0 0 0 466 57 57 0 1800 1334 1277 0 1277 0 0 0 87259667 2351588 0 2252781 190823 203531 30974491 1838678 2858365 5193222037 5193222037 0 3910350494 829560960 50.443795 286 479 638061 303511 235 638 120 160000 250000 79 105315 76011 12 16000 25000 12 16000 25000 17007
1790084303457571 10 0 0 10 10 10 0 0 0 0 0 0 466 56 56 0 1800 1334 1278 0 1278 0 0 0 87262011 2351678 0 2252799 190906 203547 31043622 1838733 2859545 5198605739 5198605739 0 3910350494 829560960 50.442425 291 487 649216 308817 948 669 120 160000 250000 78 103982 75016 12 16000 25000 12 16000 25000 17013
1790084303509591 10 0 0 10 10 10 0 0 0 0 0 0 466 55 55 0 1800 1334 1279 0 1279 0 0 0 87264362 2351764 0 2252815 190980 203564 31093038 1838790 2860723 5202919969 5202919969 0 3910350494 829560960 50.441054 293 491 653678 310939 1176 720 120 160000 250000 77 102649 74023 12 16000 25000 12 16000 25000 17020
1790084303588538 10 0 0 10 10 10 0 0 0 0 0 0 466 54 54 0 1800 1334 1280 0 1280 0 0 0 87266707 2351851 0 2252831 191063 203585 31169382 1838841 2861892 5207301082 5207301082 0 3910350494 829560960 50.439685 287 481 640292 304572 311 681 120 160000 250000 76 101316 73029 12 16000 25000 12 16000 25000 17026
1790084303607091 10 0 0 10 10 10 0 0 0 0 0 0 466 53 53 0 1800 1334 1281 0 1281 0 0 0 87269047 2351941 0 2252847 191130 203603 31185349 1838892 2863063 5211696392 5211696392 0 3910350494 829560960 50.438317 302 506 673756 320490 304 646 120 160000 250000 75 99983 72036 12 16000 25000 12 16000 25000 17033
1790084303744696 10 0 0 10 10 10 0 0 0 0 0 0 466 52 52 0 1800 1334 1282 0 1282 0 0 0 87271392 2352031 0 2252865 191206 203622 31320360 1838938 2864254 5215988181 5215988181 0 3910350494 829560960 50.436947 312 523 696066 331103 958 677 120 160000 250000 74 98650 71042 12 16000 25000 12 16000 25000 17040
1790084303845035 10 0 0 10 10 10 0 0 0 0 0 0 466 51 51 0 1800 1334 1283 0 1283 0 0 0 87274068 2352124 0 2252884 191296 203643 31417750 1838989 2865606 5222616353 5222616353 0 3910350494 829560960 50.435389 326 546 727300 345960 920 702 120 160000 250000 73 97317 70049 12 16000 25000 12 16000 25000 17047
1790084303906885 10 0 0 10 10 10 0 0 0 0 0 0 466 50 50 0 1800 1334 1284 0 1284 0 0 0 87276443 2352211 0 2252898 191388 203668 31476940 1839047 2866804 5227960283 5227960283 0 3910350494 829560960 50.434003 352 590 785305 373552 187 653 120 160000 250000 72 95984 69056 12 16000 25000 12 16000 25000 17053
1790084303929083 10 0 0 10 10 10 0 0 0 0 0 0 466 49 49 0 1800 1334 1285 0 1285 0 0 0 87278804 2352297 0 2252915 191507 203688 31496481 1839098 2867976 5234570633 5234570633 0 3910350494 829560960 50.432626 360 603 803153 382041 1432 729 120 160000 250000 71 94651 68062 12 16000 25000 12 16000 25000 17060
1790084303948303 10 0 0 10 10 10 0 0 0 0 0 0 466 48 48 0 1800 1334 1286 0 1286 0 0 0 87281160 2352395 0 2252932 191578 203703 31513087 1839149 2869163 5238911282 5238911282 0 3910350494 829560960 50.431245 382 640 852235 405388 1286 784 120 160000 250000 70 93318 67069 12 16000 25000 12 16000 25000 17067
1790084303978176 10 0 0 10 10 10 0 0 0 0 0 0 466 47 47 0 1800 1334 1287 0 1287 0 0 0 87283526 2352479 0 2252946 191673 203716 31540331 1839198 2870347 5245434209 5245434209 0 3910350494 829560960 50.429867 383 641 854466 406449 327 741 120 160000 250000 69 91985 66076 12 16000 25000 12 16000 25000 17073
1790084303988710 10 0 0 10 10 10 0 0 0 0 0 0 466 46 46 0 1800 1334 1288 0 1288 0 0 0 87285895 2352565 0 2252961 191788 203735 31548206 1839248 2871535 5249732298 5249732298 0 3910350494 829560960 50.428486 378 633 843311 401143 466 715 120 160000 250000 68 90652 65083 12 16000 25000 12 16000 25000 17080
1790084304034167 10 0 0 10 10 10 0 0 0 0 0 0 466 45 45 0 1800 1334 1289 0 1289 0 0 0 87288262 2352649 0 2252975 191884 203754 31591033 1839297 2872714 5256435429 5256435429 0 3910350494 829560960 50.427107 373 625 832156 395837 181 664 120 160000 250000 67 89319 64090 12 16000 25000 12 16000 25000 17087
1790084304057632 10 0 0 10 10 10 0 0 0 0 0 0 466 44 44 0 1800 1334 1290 0 1290 0 0 0 87290650 2352742 0 2252991 192005 203769 31611776 1839375 2873903 5261872979 5261872979 0 3910350494 829560960 50.425711 391 655 872314 414939 1274 724 120 160000 250000 66 87986 63095 12 16000 25000 12 16000 25000 17092
1790084304073483 10 0 0 10 10 10 0 0 0 0 0 0 466 43 43 0 1800 1334 1291 0 1291 0 0 0 87293020 2352836 0 2253014 192109 203785 31624978 1839423 2875073 5268566791 5268566791 0 3910350494 829560960 50.424325 390 653 870083 413878 1075 759 120 160000 250000 65 86653 62102 12 16000 25000 12 16000 25000 17099
1790084304090673 10 0 0 10 10 10 0 0 0 0 0 0 466 42 42 0 1800 1334 1292 0 1292 0 0 0 87295389 2352921 0 2253030 192177 203804 31639558 1839472 2876258 5273904618 5273904618 0 3910350494 829560960 50.422945 398 667 887930 422368 190 704 120 160000 250000 64 85320 61107 12 16000 25000 12 16000 25000 17104
1790084304119303 10 0 0 10 10 10 0 0 0 0 0 0 466 41 41 0 1800 1334 1293 0 1293 0 0 0 87297754 2353006 0 2253044 192273 203819 31665564 1839517 2877433 5278247169 5278247169 0 3910350494 829560960 50.421567 398 667 887930 422368 384 673 120 160000 250000 63 83987 60114 12 16000 25000 12 16000 25000 17111
1790084304173320 10 0 0 10 10 10 0 0 0 0 0 0 466 40 40 0 1800 1334 1294 0 1294 0 0 0 87300152 2353096 0 2253059 192392 203836 31716892 1839564 2878621 5282596165 5282596165 0 3910350494 829560960 50.420168 391 655 872314 414939 291 636 120 160000 250000 62 82654 59120 12 16000 25000 12 16000 25000 17118
1790084304195761 10 0 0 10 10 10 0 0 0 0 0 0 466 39 39 0 1800 1334 1295 0 1295 0 0 0 87302531 2353183 0 2253074 192465 203855 31736697 1839622 2879801 5287936497 5287936497 0 3910350494 829560960 50.418781 399 579 770730 415286 833 656 120 160000 250000 61 81321 58125 12 16000 25000 12 16000 25000 17123
1790084304197269 10 0 0 10 10 10 0 0 0 0 0 0 466 38 38 0 1800 1334 1296 0 1296 0 0 0 87303814 2353265 0 2253088 192523 203867 31736705 1839669 2880479 5293205406 5293205406 0 3910350494 829560960 50.418013 413 599 797773 429858 1128 703 120 160000 250000 60 79988 57132 12 16000 25000 12 16000 25000 17130
1790084304304770 10 0 0 10 10 10 0 0 0 0 0 0 466 37 37 0 1800 1334 1297 0 1297 0 0 0 87306524 2353347 0 2253103 192694 203886 31841160 1839709 2881859 5298597382 5298597382 0 3910350494 829560960 50.416443 415 602 801637 431939 1256 758 120 160000 250000 59 78655 56139 12 16000 25000 12 16000 25000 17136
1790084304321469 10 0 0 10 10 10 0 0 0 0 0 0 466 36 36 0 1800 1334 1298 0 1298 0 0 0 87308925 2353439 0 2253119 192766 203909 31855190 1839764 2883029 5302930616 5302930616 0 3910350494 829560960 50.415042 408 592 788115 424654 235 708 120 160000 250000 58 77322 55144 12 16000 25000 12 16000 25000 17142
1790084304431913 10 0 0 10 10 10 0 0 0 0 0 0 466 35 35 0 1800 1334 1299 0 1299 0 0 0 87311310 2353522 0 2253135 192839 203924 31963008 1839811 2884201 5306998950 5306998950 0 3910350494 829560960 50.413654 409 593 790047 425694 1209 758 120 160000 250000 57 75989 54149 12 16000 25000 12 16000 25000 17147
1790084304445128 10 0 1 9 10 10 0 0 0 0 0 0 466 34 34 0 1800 1334 1300 0 1300 0 0 0 87313698 2353608 0 2253150 192916 203939 31973589 1839860 2885375 5311332631 5311332631 0 3910350494 829560960 50.412263 373 541 720507 388225 66 692 120 160000 250000 56 74656 53156 12 16000 25000 12 16000 25000 17154
1790084304507694 10 0 0 10 10 10 0 0 0 0 0 0 465 34 34 0 1800 1335 1301 0 1301 0 0 0 87335700 2353705 0 2253169 193371 204055 32013392 1839908 2891260 5315920922 5315920922 0 3910350494 829560960 50.399842 355 515 685737 369490 129 638 120 160000 250000 67 89323 58414 12 16000 25000 12 16000 25000 18340
1790084304545627 10 0 0 10 10 10 0 0 0 0 0 0 465 33 33 0 1800 1335 1302 0 1302 0 0 0 87343813 2353797 0 2253188 193678 204108 32042652 1839978 2894337 5320271372 5320271372 0 3910350494 829560960 50.395231 345 500 666421 359082 196 595 120 160000 250000 66 87990 57468 12 16000 25000 12 16000 25000 18346
1790084304598845 10 0 0 10 10 10 0 0 0 0 0 0 465 32 32 0 1800 1335 1303 0 1303 0 0 0 87354707 2353896 0 2253206 194085 204189 32084291 1840035 2898481 5325363531 5325363531 0 3910350494 829560960 50.389056 345 500 666421 359082 1451 679 120 160000 250000 65 86657 56544 12 16000 25000 12 16000 25000 18353
1790084305928067 10 0 1 9 10 10 0 0 0 0 0 0 465 31 31 0 1800 1335 1304 0 1304 0 0 0 87375821 3601963 0 3501150 194732 204340 32143389 1840095 2906589 5327908510 5327908510 0 3910350494 1244341440 54.034041 342 496 660626 355960 360 649 120 160000 250000 53 70657 54660 12 16000 25000 12 16000 25000 18353
1790084305931749 10 0 2 8 10 10 0 0 0 0 0 0 465 30 8 22 1800 1335 1305 0 1305 0 0 0 87375821 3602051 0 3501171 198181 204348 32143399 1840201 2906589 5444938300 5332200677 0 3910350494 1244341440 54.033989 122 205 272180 129470 3 587 120 160000 250000 52 69324 56357 12 16000 25000 12 16000 25000 19902
1790084305931906 10 0 3 7 10 10 0 0 0 0 0 0 465 29 8 21 1800 1335 1306 0 1306 0 0 0 87375821 3602132 0 3501191 198181 204355 32143402 1840250 2906589 5444938300 5336297622 0 3910350494 1244341440 54.033941 82 119 158396 85347 5 531 120 160000 250000 48 63992 55349 12 16000 25000 12 16000 25000 19901
1790084305932177 10 0 3 7 10 10 0 0 0 0 0 0 465 26 8 18 1800 1335 1309 0 1309 0 0 0 87375821 3602341 0 3501232 198181 204362 32143406 1840286 2906589 5444938300 5351320754 0 3910350494 1244341440 54.033816 45 66 86925 46837 6 436 120 160000 250000 48 63992 52345 12 16000 25000 12 16000 25000 19896
1790084305932391 10 0 3 7 10 10 0 0 0 0 0 0 465 25 8 17 1800 1335 1310 0 1310 0 0 0 87375821 3602417 0 3501250 198181 204386 32143409 1840372 2906589 5444938300 5356611520 0 3910350494 1244341440 54.033771 44 64 84993 45796 20 397 120 160000 250000 43 57327 51336 12 16000 25000 12 16000 25000 19895
1790084305932723 10 0 3 7 10 10 0 0 0 0 0 0 465 21 8 13 1800 1335 1314 0 1314 0 0 0 87375821 3602689 0 3501303 198181 204393 32143412 1840406 2906589 5444938300 5378108559 0 3910350494 1244341440 54.033610 31 38 50603 31633 13 312 120 160000 250000 43 57327 47330 12 16000 25000 12 16000 25000 19889
1790084305932973 10 0 4 6 10 10 0 0 0 0 0 0 465 20 8 12 1800 1335 1315 0 1315 0 0 0 87375821 3602767 0 3501321 198181 204436 32143416 1840513 2906589 5444938300 5383511282 0 3910350494 1244341440 54.033563 30 37 48970 30613 23 285 120 160000 250000 42 55994 46328 12 16000 25000 12 16000 25000 19888
1790084305933192 10 0 5 5 10 10 0 0 0 0 0 0 465 19 8 11 1800 1335 1316 0 1316 0 0 0 87375821 3602868 0 3501358 198181 204503 32143418 1840544 2906589 5444938300 5387327900 0 3910350494 1244341440 54.033503 28 35 45706 28572 8 259 120 160000 250000 30 39994 44328 12 16000 25000 12 16000 25000 19888
1790084305933392 10 0 6 4 10 10 0 0 0 0 0 0 465 18 8 10 1800 1335 1317 0 1317 0 0 0 87375821 3602948 0 3501373 198181 204558 32143421 1840581 2906589 5444938300 5387596948 0 3910350494 1244341440 54.033456 26 38 50223 27062 7 235 120 160000 250000 18 23994 37905 12 16000 25000 12 16000 25000 19888
1790084305933714 10 0 6 4 10 10 0 0 0 0 0 0 465 17 8 9 1800 1335 1318 0 1318 0 0 0 87375821 3603025 0 3501391 198181 204565 32143424 1840800 2906589 5444938300 5394364120 0 3910350494 1244341440 54.033410 23 39 51313 25817 1 213 120 160000 250000 13 17329 36897 12 16000 25000 12 16000 25000 19886
1790084305934180 10 0 6 4 10 10 0 0 0 0 0 0 465 13 8 5 1800 1335 1322 0 1322 0 0 0 87375821 3603306 0 3501444 198181 204572 32143427 1840960 2906589 5444938300 5419476906 0 3910350494 1244341440 54.033243 19 32 42389 21327 47 171 120 160000 250000 13 17329 32892 12 16000 25000 12 16000 25000 19881
1790084305934422 10 0 6 4 10 10 0 0 0 0 0 0 465 12 8 4 1800 1335 1323 0 1323 0 0 0 87375821 3603390 0 3501462 198181 204603 32143431 1841067 2906589 5444938300 5425343213 0 3910350494 1244341440 54.033193 18 31 40158 20205 5 156 120 160000 250000 12 15996 31890 12 16000 25000 12 16000 25000 19879
1790084305934555 10 0 7 3 10 10 0 0 0 0 0 0 465 11 8 3 1800 1335 1324 0 1324 0 0 0 87375821 3603465 0 3501479 198181 204610 32143433 1841100 2906589 5444938300 5429750985 0 3910350494 1244341440 54.033149 17 29 37927 19082 32 145 120 160000 250000 8 10664 30883 12 16000 25000 12 16000 25000 19878
1790084305934827 10 0 7 3 10 10 0 0 0 0 0 0 465 8 8 0 1800 1335 1327 0 1327 0 0 0 87375821 3603672 0 3501519 198181 204619 32143436 1841134 2906589 5444938300 5444938300 0 3910350494 1244341440 54.033026 16 27 35696 17960 12 122 120 160000 250000 8 10664 27878 12 16000 25000 12 16000 25000 19874
1790084311572222 10 0 5 5 10 10 0 0 0 0 0 0 462 11 11 0 1800 1337 1327 0 1327 0 0 0 87375821 3603672 0 3501519 198181 204636 32143439 1841213 2906982 5444938300 5444938300 0 4230129106 1244341440 57.385041 15 26 33465 16837 4 117 120 160000 250000 32 42664 34878 12 16000 25000 12 16000 25000 20179
1790084311572306 10 0 4 6 10 10 0 0 0 0 0 0 462 11 11 0 1800 1338 1327 0 1327 0 0 0 93013183 3603672 0 3501519 198181 204636 32143439 1841213 2906982 5444938300 5444938300 0 4230129106 1244341440 54.036762 15 26 33465 16837 4 112 120 160000 250000 44 58664 37183 12 16000 25000 12 16000 25000 20179
1790084311574744 10 0 5 5 10 10 0 0 0 0 0 0 462 10 1 9 1800 1338 1328 0 1328 0 0 0 93013183 3603766 0 3501538 200418 204645 32143449 1841283 2906982 5495821667 5450279453 0 4230129106 1244341440 54.036709 15 26 33465 16837 4 98 120 160000 250000 42 55998 36688 12 16000 25000 12 16000 25000 20243
1790084311574910 10 0 5 5 10 10 0 0 0 0 0 0 462 9 1 8 1800 1338 1329 0 1329 0 0 0 93013183 3603845 0 3501555 200418 204653 32143453 1841343 2906982 5495821667 5455616585 0 4230129106 1244341440 54.036665 11 19 24541 12347 2 90 120 160000 250000 42 55998 35687 12 16000 25000 12 16000 25000 20241
1790084311575038 10 0 6 4 10 10 0 0 0 0 0 0 462 8 1 7 1800 1338 1330 0 1330 0 0 0 93013183 3603913 0 3501556 200418 204660 32143456 1841378 2906982 5495821667 5455839491 0 4230129106 1244341440 54.036627 10 17 22310 11225 2 82 120 160000 250000 30 39998 33686 12 16000 25000 12 16000 25000 20241
1790084311575160 10 0 7 3 10 10 0 0 0 0 0 0 462 7 1 6 1800 1338 1331 0 1331 0 0 0 93013183 3603977 0 3501556 200418 204667 32143459 1841411 2906982 5495821667 5455989172 0 4230129106 1244341440 54.036591 10 19 25304 11429 1 75 120 160000 250000 18 23998 28685 12 16000 25000 12 16000 25000 20241
1790084311575308 10 0 8 2 10 10 0 0 0 0 0 0 462 6 1 5 1800 1338 1332 0 1332 0 0 0 93013183 3604055 0 3501574 200418 204685 32143462 1841444 2906982 5495821667 5462719884 0 4230129106 1244341440 54.036547 10 22 28297 12245 1 69 120 160000 250000 17 22665 27681 12 16000 25000 12 16000 25000 20240
1790084311575463 10 0 9 1 10 10 0 0 0 0 0 0 462 5 1 4 1800 1338 1333 0 1333 0 0 0 93013183 3604149 0 3501594 200418 204692 32143465 1841480 2906982 5495821667 5469519201 0 4230129106 1244341440 54.036495 10 22 28297 12245 2 63 120 160000 250000 12 16000 26676 12 16000 25000 12 16000 25000 20238
1790084311575809 10 0 9 1 10 10 0 0 0 0 0 0 462 1 1 0 1800 1338 1337 0 1337 0 0 0 93013183 3604433 0 3501654 200418 204699 32143469 1841516 2906982 5495821667 5495821667 0 4230129106 1244341440 54.036336 10 22 28297 12245 2 52 120 160000 250000 12 16000 22670 12 16000 25000 12 16000 25000 20233
1790084315372071 10 0 6 4 10 10 0 0 0 0 0 0 458 4 2 2 1800 1342 1338 0 1338 0 0 0 96802292 3605712 0 3502865 206075 204761 32143493 1841625 2908525 5500900106 5497862057 0 4549907718 1244341440 55.033726 10 22 28297 12245 2 48 120 160000 250000 48 64000 34726 12 16000 25000 12 16000 25000 21832
1790084315372348 10 0 7 3 10 10 0 0 0 0 0 0 458 3 2 1 1800 1342 1339 0 1339 0 0 0 96802292 3605800 0 3502881 206075 204819 32143498 1841729 2908525 5500900106 5498101953 0 4549907718 1244341440 55.033678 10 24 31290 12449 1 44 120 160000 250000 36 48000 28269 12 16000 25000 12 16000 25000 21832
1790084316302591 10 0 8 2 10 10 0 0 0 0 0 0 458 2 2 0 1800 1342 1340 0 1340 0 0 0 96802292 4535923 0 4432911 206075 204829 32143502 1841818 2908525 5500900106 5500900106 0 4549907718 1659121920 58.431975 10 26 34283 13266 1 40 120 160000 250000 24 32000 25873 12 16000 25000 12 16000 25000 21436
1790084317737278 10 0 0 10 10 10 0 0 0 0 0 0 373 86 80 6 1800 1427 1341 0 1341 0 0 0 98235165 4536018 0 4432929 207506 204840 32143524 1842050 2910229 5505142518 5501721101 0 4674694455 1659121920 58.775211 10 28 37277 13470 2 38 120 160000 250000 116 154640 114151 12 16000 25000 12 16000 25000 21560
1790084317737663 10 0 0 10 10 10 0 0 0 0 0 0 373 83 80 3 1800 1427 1344 0 1344 0 0 0 98235165 4536248 0 4432973 207506 204848 32143528 1842176 2910229 5505142518 5503905850 0 4674694455 1659121920 58.775080 10 28 37277 13470 1 33 120 160000 250000 116 154640 111147 12 16000 25000 12 16000 25000 21556
1790084317737885 10 0 1 9 10 10 0 0 0 0 0 0 373 82 80 2 1800 1427 1345 0 1345 0 0 0 98235165 4536316 0 4432974 207506 204872 32143532 1842285 2910229 5505142518 5504078743 0 4674694455 1659121920 58.775041 10 28 37277 13470 1 31 120 160000 250000 104 138640 106146 12 16000 25000 12 16000 25000 21556
1790084317738024 10 0 1 9 10 10 0 0 0 0 0 0 373 81 80 1 1800 1427 1346 0 1346 0 0 0 98235165 4536393 0 4432993 207506 204879 32143534 1842321 2910229 5505142518 5504490307 0 4674694455 1659121920 58.774997 10 31 40270 14286 1 29 120 160000 250000 103 137307 105118 12 16000 25000 12 16000 25000 21554
1790084317738167 10 0 1 9 10 10 0 0 0 0 0 0 373 80 80 0 1800 1427 1347 0 1347 0 0 0 98235165 4536470 0 4433012 207506 204887 32143537 1842356 2910229 5505142518 5505142518 0 4674694455 1659121920 58.774953 10 31 40270 14286 5 27 120 160000 250000 102 135974 104090 12 16000 25000 12 16000 25000 21553
1790084317853842 10 0 0 10 10 10 0 0 0 0 0 0 366 86 86 0 1800 1434 1348 0 1348 0 0 0 98306198 4536564 0 4433033 207660 204907 32187848 1842399 2914553 5506109031 5506109031 0 4683442636 1659121920 58.815427 10 31 40270 14286 6 25 120 160000 250000 119 158639 111109 12 16000 25000 12 16000 25000 21561
1790084317904153 10 0 1 9 10 10 0 0 0 0 0 0 365 86 86 0 1800 1435 1349 0 1349 0 0 0 98317596 4537810 0 4434211 207743 204952 32225274 1842489 2922138 5508628766 5508628766 0 4684939240 1659121920 58.822073 10 31 40270 14286 14 25 120 160000 250000 108 143972 109374 12 16000 25000 12 16000 25000 21258
1790084318026291 10 0 0 10 10 10 0 0 0 0 0 0 353 97 97 0 1800 1447 1350 0 1350 0 0 0 98439309 4537902 0 4434229 207954 204962 32225285 1842571 2923942 5508945625 5508945625 0 4702672571 1659121920 58.916725 10 33 43263 14490 1 23 120 160000 250000 119 158635 120388 12 16000 25000 12 16000 25000 21274
1790084318047937 10 0 0 10 10 10 0 0 0 0 0 0 352 97 97 0 1800 1448 1351 0 1351 0 0 0 98450056 4537989 0 4434245 208076 204979 32235809 1842700 2931561 5509948433 5509948433 0 4704177070 1659121920 58.924459 10 33 43263 14490 12 23 120 160000 250000 119 158635 120392 12 16000 25000 12 16000 25000 21275
1790084318182353 10 0 0 10 10 10 0 0 0 0 0 0 351 97 97 0 1800 1449 1352 0 1352 0 0 0 98475285 4538093 0 4434264 208168 205008 32344670 1842780 2943064 5511554133 5511554133 0 4705673350 1659121920 58.923820 10 33 43263 14490 19 23 120 160000 250000 119 158635 120388 12 16000 25000 12 16000 25000 21277
1790084318274143 10 0 0 10 10 10 0 0 0 0 0 0 350 97 97 0 1800 1450 1353 0 1353 0 0 0 98485445 4538177 0 4434279 208263 205025 32426003 1842861 2950432 5512065176 5512065176 0 4707165225 1659121920 58.931771 10 33 43263 14490 56 27 120 160000 250000 119 158635 120388 12 16000 25000 12 16000 25000 21278
1790084318537812 10 0 0 10 10 10 0 0 0 0 0 0 349 97 97 0 1800 1451 1354 0 1354 0 0 0 98544896 4538266 0 4434295 208381 205039 32629905 1842937 2957817 5512812837 5512812837 0 4708668888 1659121920 58.911644 10 31 40270 14286 46 29 120 160000 250000 119 158635 120390 12 16000 25000 12 16000 25000 21279
1790084318606640 10 0 0 10 10 10 0 0 0 0 0 0 348 97 97 0 1800 1452 1355 0 1355 0 0 0 98564666 4538351 0 4434310 208466 205056 32678672 1843019 2965181 5514183730 5514183730 0 4710152496 1659121920 58.914022 10 31 40270 14286 35 31 120 160000 250000 119 158635 120392 12 16000 25000 12 16000 25000 21281
1790084318641592 10 0 0 10 10 10 0 0 0 0 0 0 347 97 97 0 1800 1453 1356 0 1356 0 0 0 98594499 4538441 0 4434330 208542 205073 32683514 1843094 2972478 5515414264 5515414264 0 4711371079 1659121920 58.908197 10 31 40270 14286 93 38 120 160000 250000 119 158635 120370 12 16000 25000 12 16000 25000 21282
1790084318645358 10 0 0 10 10 10 0 0 0 0 0 0 346 97 97 0 1800 1454 1357 0 1357 0 0 0 98598017 4538529 0 4434348 208588 205081 32683522 1843166 2974118 5516677878 5516677878 0 4712878192 1659121920 58.920073 10 31 40270 14286 157 50 120 160000 250000 119 158635 120345 12 16000 25000 12 16000 25000 21283
1790084318702017 10 0 0 10 10 10 0 0 0 0 0 0 345 97 97 0 1800 1455 1358 0 1358 0 0 0 98608141 4538618 0 4434365 208718 205099 32729736 1843231 2981466 5517191515 5517191515 0 4714381666 1659121920 58.928140 10 31 40270 14286 209 66 120 160000 250000 119 158635 120348 12 16000 25000 12 16000 25000 21284
1790084318875332 10 0 0 10 10 10 0 0 0 0 0 0 344 97 97 0 1800 1456 1359 0 1359 0 0 0 98618070 4538705 0 4434383 208806 205113 32892847 1843300 2988770 5518769006 5518769006 0 4715875183 1659121920 58.936226 10 31 40270 14286 92 70 120 160000 250000 119 158635 120351 12 16000 25000 12 16000 25000 21286
1790084318970902 10 0 0 10 10 10 0 0 0 0 0 0 343 97 97 0 1800 1457 1360 0 1360 0 0 0 98687581 4538801 0 4434405 208889 205131 32918613 1843376 2996317 5519880115 5519880115 0 4717371033 1659121920 58.910304 10 31 40270 14286 65 70 120 160000 250000 119 158635 120353 12 16000 25000 12 16000 25000 21288
1790084319440094 10 0 0 10 10 10 0 0 0 0 0 0 342 97 97 0 1800 1458 1361 0 1361 0 0 0 98698732 4538895 0 4434419 208980 205148 33376356 1843452 3003639 5521590017 5521590017 0 4718864662 1659121920 58.917685 10 31 40270 14286 202 84 120 160000 250000 119 158635 120355 12 16000 25000 12 16000 25000 21291
1790084319651660 10 0 0 10 10 10 0 0 0 0 0 0 341 97 97 0 1800 1459 1362 0 1362 0 0 0 98718052 4538989 0 4434433 209087 205163 33568297 1843523 3010974 5523861891 5523861891 0 4720375458 1659121920 58.920561 10 31 40270 14286 166 93 120 160000 250000 119 158635 120358 12 16000 25000 12 16000 25000 21293
1790084319917579 10 0 0 10 10 10 0 0 0 0 0 0 340 97 97 0 1800 1460 1363 0 1363 0 0 0 98737885 4539072 0 4434447 209182 205182 33814098 1843593 3018242 5526402637 5526402637 0 4721591794 1659121920 58.920431 10 31 40270 14286 291 113 120 160000 250000 119 158635 120360 12 16000 25000 12 16000 25000 21295
1790084319925091 10 0 0 10 10 10 0 0 0 0 0 0 339 97 97 0 1800 1461 1364 0 1364 0 0 0 98745112 4539157 0 4434462 209268 205193 33814112 1843662 3023280 5528819863 5528819863 0 4723092067 1659121920 58.930112 10 31 40270 14286 362 138 120 160000 250000 119 158635 120364 12 16000 25000 12 16000 25000 21298
1790084319938735 10 0 0 10 10 10 0 0 0 0 0 0 338 97 97 0 1800 1462 1365 0 1365 0 0 0 98758504 4539237 0 4434477 209339 205201 33814119 1843729 3024936 5531363079 5531363079 0 4724605533 1659121920 58.936399 10 31 40270 14286 377 162 120 160000 250000 119 158635 120366 12 16000 25000 12 16000 25000 21301
1790084319984488 10 0 0 10 10 10 0 0 0 0 0 0 337 97 97 0 1800 1463 1366 0 1366 0 0 0 98778137 4539323 0 4434493 209459 205221 33839940 1843783 3032175 5534900813 5534900813 0 4726104338 1659121920 58.938986 10 28 37277 14082 150 162 120 160000 250000 119 158635 120372 12 16000 25000 12 16000 25000 21308
1790084319999361 10 0 0 10 10 10 0 0 0 0 0 0 336 97 97 0 1800 1464 1367 0 1367 0 0 0 98788073 4539413 0 4434508 209555 205239 33844581 1843854 3039401 5538389820 5538389820 0 4727604713 1659121920 58.947115 10 26 34283 13266 65 154 120 160000 250000 119 158635 120379 12 16000 25000 12 16000 25000 21314
1790084320057008 10 0 0 10 10 10 0 0 0 0 0 0 335 97 97 0 1800 1465 1368 0 1368 0 0 0 98827166 4539496 0 4434523 209645 205263 33862841 1843930 3046533 5541895782 5541895782 0 4729114026 1659121920 58.938699 10 26 34283 13266 64 146 120 160000 250000 119 158635 120385 12 16000 25000 12 16000 25000 21321
1790084320075421 10 0 0 10 10 10 0 0 0 0 0 0 334 97 97 0 1800 1466 1369 0 1369 0 0 0 98836923 4539586 0 4434539 209748 205275 33871203 1844000 3053680 5544575679 5544575679 0 4730618853 1659121920 58.946967 10 26 34283 13266 80 140 120 160000 250000 119 158635 120389 12 16000 25000 12 16000 25000 21324
1790084320139301 10 0 0 10 10 10 0 0 0 0 0 0 333 97 97 0 1800 1467 1370 0 1370 0 0 0 98886990 4539669 0 4434553 209843 205290 33884731 1844071 3060817 5548405179 5548405179 0 4732124780 1659121920 58.932270 10 26 34283 13266 468 173 120 160000 250000 119 158635 120396 12 16000 25000 12 16000 25000 21331
1790084320183524 10 0 0 10 10 10 0 0 0 0 0 0 332 97 97 0 1800 1468 1371 0 1371 0 0 0 98908776 4539757 0 4434572 209935 205306 33906876 1844148 3069558 5551075993 5551075993 0 4733627236 1659121920 58.933660 10 26 34283 13266 660 222 120 160000 250000 119 158635 120400 12 16000 25000 12 16000 25000 21334
1790084320656628 10 0 0 10 10 10 0 0 0 0 0 0 331 97 97 0 1800 1469 1372 0 1372 0 0 0 98918679 4539853 0 4434586 210044 205320 34369764 1844222 3076691 5553709168 5553709168 0 4735125665 1659121920 58.941777 10 26 34283 13266 315 232 120 160000 250000 119 158635 120379 12 16000 25000 12 16000 25000 21337
1790084320702551 10 0 0 10 10 10 0 0 0 0 0 0 330 97 97 0 1800 1470 1373 0 1373 0 0 0 98938628 4539937 0 4434602 210146 205339 34395432 1844301 3083814 5558016254 5558016254 0 4736630133 1659121920 58.944231 10 26 34283 13266 166 226 120 160000 250000 119 158635 120387 12 16000 25000 12 16000 25000 21346
1790084320747262 10 0 0 10 10 10 0 0 0 0 0 0 329 97 97 0 1800 1471 1374 0 1374 0 0 0 98959282 4540022 0 4434615 210308 205363 34419124 1844376 3090856 5559308165 5559308165 0 4738136012 1659121920 58.946296 10 26 34283 13266 95 214 120 160000 250000 119 158635 120389 12 16000 25000 12 16000 25000 21348
1790084320894293 10 0 0 10 10 10 0 0 0 0 0 0 328 97 97 0 1800 1472 1375 0 1375 0 0 0 98978567 4540114 0 4434634 210624 205380 34546349 1844445 3097888 5561225813 5561225813 0 4739641464 1659121920 58.949131 10 26 34283 13266 88 202 120 160000 250000 119 158635 120360 12 16000 25000 12 16000 25000 21350
1790084320959481 10 0 0 10 10 10 0 0 0 0 0 0 327 97 97 0 1800 1473 1376 0 1376 0 0 0 98988467 4540207 0 4434655 210729 205396 34601320 1844528 3104874 5565519831 5565519831 0 4741138004 1659121920 58.957227 10 26 34283 13266 360 218 120 160000 250000 119 158635 120369 12 16000 25000 12 16000 25000 21358
1790084320996119 10 0 0 10 10 10 0 0 0 0 0 0 326 97 97 0 1800 1474 1377 0 1377 0 0 0 99024816 4540297 0 4434670 210810 205410 34601333 1844604 3109918 5569912508 5569912508 0 4742629144 1659121920 58.950214 10 26 34283 13266 311 228 120 160000 250000 119 158635 120377 12 16000 25000 12 16000 25000 21367
1790084321156510 10 0 0 10 10 10 0 0 0 0 0 0 325 97 97 0 1800 1475 1378 0 1378 0 0 0 99034747 4540383 0 4434685 210913 205427 34751498 1844673 3116813 5574169666 5574169666 0 4744123628 1659121920 58.958273 10 26 34283 13266 130 220 120 160000 250000 119 158635 120384 12 16000 25000 12 16000 25000 21373
1790084321249442 10 0 0 10 10 10 0 0 0 0 0 0 324 97 97 0 1800 1476 1379 0 1379 0 0 0 99127407 4540477 0 4434700 210985 205434 34751506 1844746 3118348 5577649532 5577649532 0 4745628506 1659121920 58.919366 10 26 34283 13266 294 228 120 160000 250000 119 158635 120391 12 16000 25000 12 16000 25000 21380
1790084321375869 10 0 0 10 10 10 0 0 0 0 0 0 323 97 97 0 1800 1477 1380 0 1380 0 0 0 99147123 4540565 0 4434716 211068 205452 34857956 1844800 3125261 5581514180 5581514180 0 4747118726 1659121920 58.921819 10 24 31290 13062 52 212 120 160000 250000 119 158635 120399 12 16000 25000 12 16000 25000 21386
1790084321438473 10 0 0 10 10 10 0 0 0 0 0 0 322 97 97 0 1800 1478 1381 0 1381 0 0 0 99156894 4540657 0 4434737 211175 205468 34910488 1844867 3132126 5581958605 5581958605 0 4748616692 1659121920 58.929991 10 22 28297 12245 753 266 120 160000 250000 119 158635 120400 12 16000 25000 12 16000 25000 21387
1790084321460403 10 0 0 10 10 10 0 0 0 0 0 0 321 97 97 0 1800 1479 1382 0 1382 0 0 0 99176744 4540751 0 4434752 211263 205487 34912275 1844941 3138951 5586240701 5586240701 0 4750117006 1659121920 58.932454 10 22 28297 12245 14 242 120 160000 250000 119 158635 120406 12 16000 25000 12 16000 25000 21393
1790084321530288 10 0 0 10 10 10 0 0 0 0 0 0 320 97 97 0 1800 1480 1383 0 1383 0 0 0 99190449 4540842 0 4434770 211367 205507 34968147 1845015 3149497 5590528036 5590528036 0 4751616064 1659121920 58.938398 10 22 28297 12245 59 225 120 160000 250000 119 158635 120413 12 16000 25000 12 16000 25000 21402
1790084321544401 10 0 0 10 10 10 0 0 0 0 0 0 319 97 97 0 1800 1481 1384 0 1384 0 0 0 99200207 4540932 0 4434785 211482 205520 34972185 1845088 3156266 5594768921 5594768921 0 4752835935 1659121920 58.944018 10 22 28297 12245 432 246 120 160000 250000 119 158635 120421 12 16000 25000 12 16000 25000 21409
1790084321583772 10 0 0 10 10 10 0 0 0 0 0 0 318 97 97 0 1800 1482 1385 0 1385 0 0 0 99211175 4541019 0 4434803 211566 205539 35000304 1845162 3163083 5595589970 5595589970 0 4754344342 1659121920 58.951602 10 22 28297 12245 783 299 120 160000 250000 119 158635 120423 12 16000 25000 12 16000 25000 21411
1790084321587901 10 0 0 10 10 10 0 0 0 0 0 0 317 97 97 0 1800 1483 1386 0 1386 0 0 0 99215035 4541102 0 4434817 211644 205547 35000312 1845233 3164616 5599871956 5599871956 0 4755866401 1659121920 58.963352 10 22 28297 12245 56 276 120 160000 250000 119 158635 120430 12 16000 25000 12 16000 25000 21419
1790084321595592 10 0 0 10 10 10 0 0 0 0 0 0 316 97 97 0 1800 1484 1387 0 1387 0 0 0 99222447 4541187 0 4434833 211733 205560 35000324 1845292 3169697 5604167006 5604167006 0 4757364893 1659121920 58.972864 10 22 28297 12245 1159 363 120 160000 250000 119 158635 120439 12 16000 25000 12 16000 25000 21427
1790084321599598 10 0 0 10 10 10 0 0 0 0 0 0 315 97 97 0 1800 1485 1388 0 1388 0 0 0 99226210 4541268 0 4434848 211800 205569 35000331 1845354 3171247 5608455587 5608455587 0 4758859354 1659121920 58.984414 10 19 25304 12041 790 406 120 160000 250000 119 158635 120447 12 16000 25000 12 16000 25000 21436
1790084321634446 10 0 0 10 10 10 0 0 0 0 0 0 314 97 96 1 1800 1486 1389 0 1389 0 0 0 99260792 4541353 0 4434862 211895 205581 35000337 1845403 3172780 5617119862 5612819974 0 4760352350 1659121920 58.978432 11 19 24541 12347 618 428 120 160000 250000 118 157302 120463 12 16000 25000 12 16000 25000 21452
1790084321634605 10 0 0 10 10 10 0 0 0 0 0 0 314 96 96 0 1800 1486 1390 0 1390 0 0 0 99260792 4541438 0 4434881 211895 205588 35000340 1845451 3172780 5617119862 5617119862 0 4760352350 1659121920 58.978384 14 21 27044 15429 188 405 120 160000 250000 118 157302 119462 12 16000 25000 12 16000 25000 21450
1790084321670829 10 0 0 10 10 10 0 0 0 0 0 0 312 97 94 3 1800 1488 1391 0 1391 0 0 0 99296673 4541522 0 4434900 212075 205596 35000348 1845492 3174338 5634267194 5621245744 0 4763373518 1659121920 58.985703 15 22 28975 16531 298 395 120 160000 250000 119 158635 120499 12 16000 25000 12 16000 25000 21482
1790084321671007 10 0 0 10 10 10 0 0 0 0 0 0 312 96 94 2 1800 1488 1392 0 1392 0 0 0 99296673 4541603 0 4434914 212093 205605 35000351 1845543 3174338 5634267194 5625606621 0 4763373518 1659121920 58.985657 16 24 30907 17633 113 368 120 160000 250000 116 154636 119489 12 16000 25000 12 16000 25000 21481
1790084321671231 10 0 0 10 10 10 0 0 0 0 0 0 312 94 94 0 1800 1488 1394 0 1394 0 0 0 99296673 4541755 0 4434950 212093 205622 35000354 1845578 3174338 5634267194 5634267194 0 4763373518 1659121920 58.985571 21 31 40565 23143 151 333 120 160000 250000 116 154636 117486 12 16000 25000 12 16000 25000 21478
1790084321703846 10 0 0 10 10 10 0 0 0 0 0 0 308 97 97 0 1800 1492 1395 0 1395 0 0 0 99328991 4541839 0 4434967 212203 205639 35000362 1845639 3175896 5635917045 5635917045 0 4768823419 1659121920 59.017208 26 32 42441 26531 95 311 120 160000 250000 119 158635 120501 12 16000 25000 12 16000 25000 21485
1790084321788347 10 0 0 10 10 10 0 0 0 0 0 0 307 97 97 0 1800 1493 1396 0 1396 0 0 0 99338866 4541923 0 4434982 212300 205654 35074718 1845691 3182558 5640481743 5640481743 0 4770326070 1659121920 59.025345 27 34 44073 27552 31 284 120 160000 250000 119 158635 120508 12 16000 25000 12 16000 25000 21492
1790084321860744 10 0 0 10 10 10 0 0 0 0 0 0 306 97 97 0 1800 1494 1397 0 1397 0 0 0 99358506 4542014 0 4434997 212415 205669 35127159 1845767 3189128 5644725824 5644725824 0 4771544481 1659121920 59.025319 28 35 45706 28572 972 352 120 160000 250000 119 158635 120516 12 16000 25000 12 16000 25000 21499
1790084321911717 10 0 0 10 10 10 0 0 0 0 0 0 305 97 97 0 1800 1495 1398 0 1398 0 0 0 99368188 4542103 0 4435016 212513 205683 35168155 1845838 3195726 5645086702 5645086702 0 4773107230 1659121920 59.034112 29 36 47338 29592 410 358 120 160000 250000 119 158635 120511 12 16000 25000 12 16000 25000 21500
1790084321942638 10 0 0 10 10 10 0 0 0 0 0 0 304 97 95 2 1800 1496 1399 0 1399 0 0 0 99397347 4542186 0 4435033 212675 205704 35169561 1845908 3202261 5657965068 5649403281 0 4774593593 1659121920 59.031141 127 127 169291 127000 60 330 120 160000 250000 117 155969 120537 12 16000 25000 12 16000 25000 21524
1790084321942900 10 0 0 10 10 10 0 0 0 0 0 0 304 95 95 0 1800 1496 1401 0 1401 0 0 0 99397347 4542346 0 4435065 212675 205712 35169564 1845981 3202261 5657965068 5657965068 0 4774593593 1659121920 59.031050 142 142 189286 142000 453 340 120 160000 250000 117 155969 118534 12 16000 25000 12 16000 25000 21522
1790084321975060 10 0 0 10 10 10 0 0 0 0 0 0 301 97 96 1 1800 1499 1402 0 1402 0 0 0 99429183 4542428 0 4435079 212812 205730 35169573 1846042 3203835 5666467576 5662214526 0 4779095292 1659121920 59.054220 148 148 197284 148000 531 360 120 160000 250000 118 157302 120553 12 16000 25000 12 16000 25000 21541
1790084321975221 10 0 0 10 10 10 0 0 0 0 0 0 301 96 96 0 1800 1499 1403 0 1403 0 0 0 99429183 4542507 0 4435095 212812 205738 35169576 1846097 3203835 5666467576 5666467576 0 4779095292 1659121920 59.054175 148 148 197284 148000 127 338 120 160000 250000 118 157302 119551 12 16000 25000 12 16000 25000 21539
1790084322014766 10 0 0 10 10 10 0 0 0 0 0 0 299 97 97 0 1800 1501 1404 0 1404 0 0 0 99441458 4542592 0 4435110 212920 205756 35196583 1846130 3210465 5670804431 5670804431 0 4782099106 1659121920 59.074705 153 153 203949 153000 400 345 120 160000 250000 119 158635 120561 12 16000 25000 12 16000 25000 21549
1790084322041049 10 0 0 10 10 10 0 0 0 0 0 0 298 97 97 0 1800 1502 1405 0 1405 0 0 0 99451925 4542676 0 4435125 213020 205771 35212111 1846199 3216932 5675211577 5675211577 0 4783586874 1659121920 59.082355 152 152 202616 152000 110 323 120 160000 250000 119 158635 120569 12 16000 25000 12 16000 25000 21557
1790084322110032 10 0 0 10 10 10 0 0 0 0 0 0 297 97 97 0 1800 1503 1406 0 1406 0 0 0 99472284 4542759 0 4435140 213117 205784 35260458 1846264 3223437 5679550142 5679550142 0 4784804806 1659121920 59.081910 155 155 206615 155000 418 333 120 160000 250000 119 158635 120577 12 16000 25000 12 16000 25000 21565
1790084322129482 10 0 0 10 10 10 0 0 0 0 0 0 296 97 97 0 1800 1504 1407 0 1407 0 0 0 99481540 4542845 0 4435155 213228 205799 35270350 1846335 3229846 5683941195 5683941195 0 4786302348 1659121920 59.090333 157 157 209281 157000 391 339 120 160000 250000 119 158635 120585 12 16000 25000 12 16000 25000 21573
1790084322192452 10 0 0 10 10 10 0 0 0 0 0 0 295 97 96 1 1800 1505 1408 0 1408 0 0 0 99544216 4542938 0 4435169 213328 205808 35270357 1846401 3231381 5692692377 5688320957 0 4787529308 1659121920 59.065941 160 160 213280 160000 398 345 120 160000 250000 119 158635 120603 12 16000 25000 12 16000 25000 21589
1790084322192619 10 0 0 10 10 10 0 0 0 0 0 0 295 96 96 0 1800 1505 1409 0 1409 0 0 0 99544216 4543022 0 4435188 213328 205815 35270361 1846457 3231381 5692692377 5692692377 0 4787529308 1659121920 59.065893 156 156 207948 156000 64 318 120 160000 250000 118 157302 119598 12 16000 25000 12 16000 25000 21588
1790084322198607 10 0 0 10 10 10 0 0 0 0 0 0 293 97 97 0 1800 1507 1410 0 1410 0 0 0 99549957 4543102 0 4435203 213429 205824 35270369 1846489 3232927 5697086599 5697086599 0 4790532913 1659121920 59.090109 157 157 209281 157000 226 310 120 160000 250000 119 158635 120608 12 16000 25000 12 16000 25000 21597
1790084322246095 10 0 0 10 10 10 0 0 0 0 0 0 292 97 97 0 1800 1508 1411 0 1411 0 0 0 99597190 4543182 0 4435217 213508 205837 35270384 1846540 3237778 5702371459 5702371459 0 4792044233 1659121920 59.077103 159 159 211947 159000 257 306 120 160000 250000 119 158635 120616 12 16000 25000 12 16000 25000 21605
1790084322331477 10 0 0 10 10 10 0 0 0 0 0 0 291 97 97 0 1800 1509 1412 0 1412 0 0 0 99606673 4543275 0 4435237 213604 205851 35345994 1846600 3244087 5702765551 5702765551 0 4793554280 1659121920 59.085498 154 154 205282 154000 83 285 120 160000 250000 119 158635 120616 12 16000 25000 12 16000 25000 21605
1790084322392717 10 0 0 10 10 10 0 0 0 0 0 0 290 97 97 0 1800 1510 1413 0 1413 0 0 0 99643929 4543359 0 4435252 213721 205866 35369670 1846669 3250405 5707125929 5707125929 0 4794781772 1659121920 59.075558 150 150 199950 150000 16 260 120 160000 250000 119 158635 120624 12 16000 25000 12 16000 25000 21613
1790084322409041 10 0 0 10 10 10 0 0 0 0 0 0 289 97 97 0 1800 1511 1414 0 1414 0 0 0 99653594 4543442 0 4435266 213813 205882 35376047 1846740 3256698 5712718340 5712718340 0 4796279564 1659121920 59.083740 151 151 201283 151000 816 315 120 160000 250000 119 158635 120633 12 16000 25000 12 16000 25000 21621
1790084322489460 10 0 0 10 10 10 0 0 0 0 0 0 288 97 97 0 1800 1512 1415 0 1415 0 0 0 99663726 4543538 0 4435282 213892 205897 35446051 1846812 3262934 5718017269 5718017269 0 4797780678 1659121920 59.091679 138 138 183954 138000 37 289 120 160000 250000 119 158635 120641 12 16000 25000 12 16000 25000 21629
1790084322514392 10 0 0 10 10 10 0 0 0 0 0 0 287 97 97 0 1800 1513 1416 0 1416 0 0 0 99673652 4543632 0 4435298 213988 205917 35460760 1846881 3269141 5723309953 5723309953 0 4799290618 1659121920 59.099815 144 144 191952 144000 362 297 120 160000 250000 119 158635 120649 12 16000 25000 12 16000 25000 21637
1790084322518405 10 0 0 10 10 10 0 0 0 0 0 0 286 97 97 0 1800 1514 1417 0 1417 0 0 0 99677395 4543721 0 4435314 214067 205925 35460767 1846951 3270668 5723712197 5723712197 0 4800794890 1659121920 59.111406 148 148 197284 148000 156 284 120 160000 250000 119 158635 120649 12 16000 25000 12 16000 25000 21638
1790084322635663 10 0 0 10 10 10 0 0 0 0 0 0 285 97 97 0 1800 1515 1418 0 1418 0 0 0 99717379 4543809 0 4435333 214164 205938 35537762 1847012 3278640 5729012516 5729012516 0 4802295279 1659121920 59.102411 150 150 199950 150000 71 264 120 160000 250000 119 158635 120658 12 16000 25000 12 16000 25000 21644
1790084322703641 10 0 0 10 10 10 0 0 0 0 0 0 284 97 97 0 1800 1516 1419 0 1419 0 0 0 99746381 4543891 0 4435347 214252 205954 35576462 1847083 3284813 5733386617 5733386617 0 4803795111 1659121920 59.099644 151 151 201283 151000 497 288 120 160000 250000 119 158635 120666 12 16000 25000 12 16000 25000 21652
1790084322731190 10 0 0 10 10 10 0 0 0 0 0 0 283 97 97 0 1800 1517 1420 0 1420 0 0 0 99755507 4543984 0 4435362 214353 205970 35594586 1847151 3291000 5739010708 5739010708 0 4805286696 1659121920 59.108059 146 146 194618 146000 80 269 120 160000 250000 119 158635 120674 12 16000 25000 12 16000 25000 21661
1790084322778034 10 0 0 10 10 10 0 0 0 0 0 0 282 97 97 0 1800 1518 1421 0 1421 0 0 0 99766682 4544069 0 4435377 214446 205987 35629974 1847217 3297147 5743236251 5743236251 0 4806519910 1659121920 59.112953 142 142 189286 142000 88 252 120 160000 250000 119 158635 120683 12 16000 25000 12 16000 25000 21668
1790084322819324 10 0 0 10 10 10 0 0 0 0 0 0 281 97 97 0 1800 1519 1422 0 1422 0 0 0 99786695 4544152 0 4435393 214543 206001 35650947 1847307 3303282 5744072382 5744072382 0 4808015557 1659121920 59.115239 143 143 190619 143000 297 260 120 160000 250000 119 158635 120684 12 16000 25000 12 16000 25000 21670
1790084322843904 10 0 0 10 10 10 0 0 0 0 0 0 280 97 97 0 1800 1520 1423 0 1423 0 0 0 99811016 4544233 0 4435409 214608 206013 35650955 1847382 3304829 5749326019 5749326019 0 4809510745 1659121920 59.115079 145 145 193285 145000 161 252 120 160000 250000 119 158635 120691 12 16000 25000 12 16000 25000 21678
1790084322878715 10 0 0 10 10 10 0 0 0 0 0 0 279 97 95 2 1800 1521 1424 0 1424 0 0 0 99845516 4544317 0 4435425 214748 206021 35650963 1847438 3306372 5760553190 5754650113 0 4811016157 1659121920 59.109248 149 149 198617 149000 669 293 120 160000 250000 119 158635 120709 12 16000 25000 12 16000 25000 21693
1790084322878881 10 0 0 10 10 10 0 0 0 0 0 0 279 96 95 1 1800 1521 1425 0 1425 0 0 0 99845516 4544395 0 4435441 214748 206033 35650966 1847495 3306372 5760553190 5755104751 0 4811016157 1659121920 59.109204 150 150 199950 150000 287 293 120 160000 250000 118 157302 119704 12 16000 25000 12 16000 25000 21691
1790084322879027 10 0 0 10 10 10 0 0 0 0 0 0 279 95 95 0 1800 1521 1426 0 1426 0 0 0 99845516 4544476 0 4435459 214748 206040 35650969 1847531 3306372 5760553190 5760553190 0 4811016157 1659121920 59.109158 145 145 193285 145000 15 267 120 160000 250000 117 155969 118701 12 16000 25000 12 16000 25000 21690
1790084322906754 10 0 0 10 10 10 0 0 0 0 0 0 276 97 96 1 1800 1524 1427 0 1427 0 0 0 99872956 4544557 0 4435473 214886 206049 35650977 1847566 3307954 5771162056 5765878363 0 4815522416 1659121920 59.134735 147 147 195951 147000 219 263 120 160000 250000 118 157302 120725 12 16000 25000 12 16000 25000 21709
1790084322906917 10 0 0 10 10 10 0 0 0 0 0 0 276 96 96 0 1800 1524 1428 0 1428 0 0 0 99872956 4544639 0 4435489 214886 206056 35650980 1847620 3307954 5771162056 5771162056 0 4815522416 1659121920 59.134689 148 148 197284 148000 358 273 120 160000 250000 118 157302 119724 12 16000 25000 12 16000 25000 21708
1790084322926949 10 0 0 10 10 10 0 0 0 0 0 0 274 97 97 0 1800 1526 1429 0 1429 0 0 0 99884719 4544726 0 4435504 214998 206069 35658985 1847655 3314084 5776480237 5776480237 0 4818521725 1659121920 59.155369 153 153 203949 153000 155 263 120 160000 250000 119 158635 120733 12 16000 25000 12 16000 25000 21717
1790084322961355 10 0 0 10 10 10 0 0 0 0 0 0 273 97 97 0 1800 1527 1430 0 1430 0 0 0 99918877 4544808 0 4435518 215066 206077 35658992 1847721 3315609 5781857655 5781857655 0 4820026006 1659121920 59.149713 154 154 205282 154000 723 308 120 160000 250000 119 158635 120741 12 16000 25000 12 16000 25000 21725
1790084322977949 10 0 0 10 10 10 0 0 0 0 0 0 272 97 97 0 1800 1528 1431 0 1431 0 0 0 99935221 4544888 0 4435533 215146 206085 35658999 1847780 3317153 5786198824 5786198824 0 4821527944 1659121920 59.154124 161 161 214613 161000 611 339 120 160000 250000 119 158635 120748 12 16000 25000 12 16000 25000 21732
1790084323002368 10 0 0 10 10 10 0 0 0 0 0 0 271 97 97 0 1800 1529 1432 0 1432 0 0 0 99944297 4544975 0 4435549 215261 206103 35674054 1847829 3323163 5791662733 5791662733 0 4823051041 1659121920 59.162838 167 167 222611 167000 146 321 120 160000 250000 119 158635 120756 12 16000 25000 12 16000 25000 21740
1790084323016513 10 0 0 10 10 10 0 0 0 0 0 0 270 97 97 0 1800 1530 1433 0 1433 0 0 0 99958185 4545056 0 4435563 215335 206111 35674063 1847891 3324702 5797103471 5797103471 0 4824551624 1659121920 59.168624 166 166 221278 166000 215 311 120 160000 250000 119 158635 120764 12 16000 25000 12 16000 25000 21749
1790084323041540 10 0 0 10 10 10 0 0 0 0 0 0 269 97 97 0 1800 1531 1434 0 1434 0 0 0 99982976 4545141 0 4435577 215400 206119 35674070 1847943 3326244 5802518704 5802518704 0 4826042157 1659121920 59.168142 163 163 217279 163000 156 297 120 160000 250000 119 158635 120772 12 16000 25000 12 16000 25000 21757
1790084323045705 10 0 0 10 10 10 0 0 0 0 0 0 268 97 97 0 1800 1532 1435 0 1435 0 0 0 99986894 4545220 0 4435592 215476 206135 35674077 1847994 3327780 5808050754 5808050754 0 4827544277 1659121920 59.179583 164 164 218612 164000 174 286 120 160000 250000 119 158635 120781 12 16000 25000 12 16000 25000 21765
1790084323114222 10 0 0 10 10 10 0 0 0 0 0 0 267 97 97 0 1800 1533 1436 0 1436 0 0 0 99998773 4545308 0 4435608 215581 206154 35730432 1848043 3336539 5812453444 5812453444 0 4829053264 1659121920 59.186574 165 165 219945 165000 1771 432 120 160000 250000 119 158635 120789 12 16000 25000 12 16000 25000 21774
1790084323114457 10 0 0 10 10 10 0 0 0 0 0 0 267 96 96 0 1800 1533 1437 0 1437 0 0 0 99998773 4545401 0 4435622 215630 206162 35730435 1848109 3336539 5812860298 5812860298 0 4829053264 1659121920 59.186522 165 165 219945 165000 483 438 120 160000 250000 118 157302 119788 12 16000 25000 12 16000 25000 21773
1790084323215950 10 0 0 10 10 10 0 0 0 0 0 0 265 97 97 0 1800 1535 1438 0 1438 0 0 0 100039910 4545491 0 4435640 215738 206177 35790517 1848153 3342478 5817136585 5817136585 0 4832047143 1659121920 59.190491 162 162 215946 162000 115 407 120 160000 250000 119 158635 120800 12 16000 25000 12 16000 25000 21782
1790084323250001 10 0 0 10 10 10 0 0 0 0 0 0 264 97 97 0 1800 1536 1439 0 1439 0 0 0 100073690 4545575 0 4435655 215811 206185 35790525 1848231 3344014 5819686764 5819686764 0 4833552409 1659121920 59.185053 157 157 209281 157000 67 374 120 160000 250000 119 158635 120806 12 16000 25000 12 16000 25000 21785
1790084323336853 10 0 0 10 10 10 0 0 0 0 0 0 263 97 97 0 1800 1537 1440 0 1440 0 0 0 100082386 4545659 0 4435671 215911 206200 35868406 1848287 3349882 5821388135 5821388135 0 4835041838 1659121920 59.193662 153 153 203949 153000 60 345 120 160000 250000 119 158635 120808 12 16000 25000 12 16000 25000 21788
1790084323388375 10 0 0 10 10 10 0 0 0 0 0 0 262 97 97 0 1800 1538 1441 0 1441 0 0 0 100091170 4545742 0 4435685 216007 206220 35910855 1848358 3355724 5826713044 5826713044 0 4836278199 1659121920 59.199915 151 151 201283 151000 49 317 120 160000 250000 119 158635 120816 12 16000 25000 12 16000 25000 21796
1790084323425340 10 0 0 10 10 10 0 0 0 0 0 0 261 97 97 0 1800 1539 1442 0 1442 0 0 0 100120259 4545825 0 4435700 216130 206233 35918425 1848420 3361514 5832173568 5832173568 0 4837773969 1659121920 59.197044 156 156 207948 156000 353 321 120 160000 250000 119 158635 120823 12 16000 25000 12 16000 25000 21803
1790084323556215 10 0 0 10 10 10 0 0 0 0 0 0 260 97 97 0 1800 1540 1443 0 1443 0 0 0 100130581 4545911 0 4435715 216237 206247 36038672 1848499 3367338 5834128422 5834128422 0 4839300306 1659121920 59.205064 158 158 210614 158000 337 323 120 160000 250000 119 158635 120826 12 16000 25000 12 16000 25000 21806
1790084323822753 10 0 0 10 10 10 0 0 0 0 0 0 259 97 97 0 1800 1541 1444 0 1444 0 0 0 100140016 4545997 0 4435731 216338 206262 36295484 1848566 3373118 5835071790 5835071790 0 4840811718 1659121920 59.213448 161 161 214613 161000 370 329 120 160000 250000 119 158635 120828 12 16000 25000 12 16000 25000 21807
1790084323850179 10 0 0 10 10 10 0 0 0 0 0 0 258 97 97 0 1800 1542 1445 0 1445 0 0 0 100148730 4546093 0 4435750 216427 206276 36313904 1848638 3378866 5841591998 5841591998 0 4842311854 1659121920 59.222130 163 163 217279 163000 27 300 120 160000 250000 119 158635 120835 12 16000 25000 12 16000 25000 21815
1790084323902555 10 0 0 10 10 10 0 0 0 0 0 0 257 97 95 2 1800 1543 1446 0 1446 0 0 0 100200768 4546178 0 4435767 216574 206284 36313910 1848710 3380402 5852776827 5845311346 0 4843806751 1659121920 59.206271 164 164 218612 164000 880 357 120 160000 250000 119 158635 120851 12 16000 25000 12 16000 25000 21831
1790084323902730 10 0 0 10 10 10 0 0 0 0 0 0 257 96 95 1 1800 1543 1447 0 1447 0 0 0 100200768 4546258 0 4435786 216574 206295 36313913 1848773 3380402 5852776827 5846269368 0 4843806751 1659121920 59.206226 160 160 213280 160000 86 332 120 160000 250000 118 157302 119847 12 16000 25000 12 16000 25000 21830
1790084323902865 10 0 0 10 10 10 0 0 0 0 0 0 257 95 95 0 1800 1543 1448 0 1448 0 0 0 100200768 4546333 0 4435802 216574 206302 36313915 1848807 3380402 5852776827 5852776827 0 4843806751 1659121920 59.206183 156 156 207948 156000 26 303 120 160000 250000 117 155969 118843 12 16000 25000 12 16000 25000 21829
1790084323959592 10 0 0 10 10 10 0 0 0 0 0 0 254 97 94 3 1800 1546 1449 0 1449 0 0 0 100257134 4546417 0 4435819 216783 206311 36313923 1848842 3381954 5873140287 5859306552 0 4848027742 1659121920 59.212703 153 153 203949 153000 115 286 120 160000 250000 119 158635 120879 12 16000 25000 12 16000 25000 21856
1790084323959761 10 0 0 10 10 10 0 0 0 0 0 0 254 96 94 2 1800 1546 1450 0 1450 0 0 0 100257134 4546499 0 4435838 216783 206319 36313926 1848900 3381954 5873140287 5859971643 0 4848027742 1659121920 59.212656 151 151 201283 151000 186 277 120 160000 250000 118 157302 119874 12 16000 25000 12 16000 25000 21854
1790084323959907 10 0 0 10 10 10 0 0 0 0 0 0 254 95 94 1 1800 1546 1451 0 1451 0 0 0 100257134 4546578 0 4435855 216783 206326 36313929 1848940 3381954 5873140287 5866559824 0 4848027742 1659121920 59.212612 145 145 193285 145000 16 252 120 160000 250000 116 154636 118866 12 16000 25000 12 16000 25000 21853
1790084323960051 10 0 0 10 10 10 0 0 0 0 0 0 254 94 94 0 1800 1546 1452 0 1452 0 0 0 100257134 4546654 0 4435873 216783 206333 36313932 1848977 3381954 5873140287 5873140287 0 4848027742 1659121920 59.212569 149 149 198617 149000 407 268 120 160000 250000 116 154636 117865 12 16000 25000 12 16000 25000 21851
1790084324028486 10 0 0 10 10 10 0 0 0 0 0 0 250 97 96 1 1800 1550 1453 0 1453 0 0 0 100325275 4546737 0 4435889 216929 206342 36313941 1849008 3383529 5886360253 5879736848 0 4853770270 1659121920 59.226269 150 150 199950 150000 555 297 120 160000 250000 119 158635 120892 12 16000 25000 12 16000 25000 21871
1790084324028662 10 0 0 10 10 10 0 0 0 0 0 0 250 96 96 0 1800 1550 1454 0 1454 0 0 0 100325275 4546813 0 4435904 216940 206349 36313944 1849070 3383529 5886360253 5886360253 0 4853770270 1659121920 59.226226 152 152 202616 152000 197 288 120 160000 250000 118 157302 119886 12 16000 25000 12 16000 25000 21870
1790084324054696 10 0 0 10 10 10 0 0 0 0 0 0 248 97 96 1 1800 1552 1455 0 1455 0 0 0 100351026 4546897 0 4435918 217072 206357 36313952 1849104 3385084 5894788255 5892987021 0 4856760270 1659121920 59.238823 148 148 197284 148000 107 271 120 160000 250000 119 158635 120904 12 16000 25000 12 16000 25000 21882
1790084324054858 10 0 0 10 10 10 0 0 0 0 0 0 248 96 96 0 1800 1552 1456 0 1456 0 0 0 100351026 4546979 0 4435936 217072 206364 36313956 1849156 3385084 5894788255 5894788255 0 4856760270 1659121920 59.238777 148 148 197284 148000 241 269 120 160000 250000 118 157302 119899 12 16000 25000 12 16000 25000 21881
1790084324070227 10 0 0 10 10 10 0 0 0 0 0 0 246 97 97 0 1800 1554 1457 0 1457 0 0 0 100366159 4547059 0 4435951 217160 206372 36313964 1849191 3386654 5901448457 5901448457 0 4859760497 1659121920 59.257459 142 142 189286 142000 34 247 120 160000 250000 119 158635 120911 12 16000 25000 12 16000 25000 21890
1790084324115579 10 0 0 10 10 10 0 0 0 0 0 0 245 97 97 0 1800 1555 1458 0 1458 0 0 0 100374928 4547149 0 4435967 217270 206385 36350260 1849246 3392226 5908222193 5908222193 0 4861262363 1659121920 59.266107 149 149 198617 149000 379 261 120 160000 250000 119 158635 120918 12 16000 25000 12 16000 25000 21898
1790084324159667 10 0 0 10 10 10 0 0 0 0 0 0 244 97 96 1 1800 1556 1459 0 1459 0 0 0 100418740 4547240 0 4435983 217354 206394 36350267 1849313 3393767 5921566026 5914894974 0 4862771046 1659121920 59.255025 151 151 201283 151000 455 281 120 160000 250000 118 157302 120932 12 16000 25000 12 16000 25000 21915
1790084324159836 10 0 0 10 10 10 0 0 0 0 0 0 244 96 96 0 1800 1556 1460 0 1460 0 0 0 100418740 4547319 0 4436001 217354 206402 36350270 1849375 3393767 5921566026 5921566026 0 4862771046 1659121920 59.254981 150 150 199950 150000 143 269 120 160000 250000 118 157302 119930 12 16000 25000 12 16000 25000 21914
1790084324193748 10 0 0 10 10 10 0 0 0 0 0 0 242 97 97 0 1800 1558 1461 0 1461 0 0 0 100430031 4547408 0 4436017 217506 206418 36372582 1849409 3399346 5928254904 5928254904 0 4865777329 1659121920 59.275868 154 154 205282 154000 196 263 120 160000 250000 119 158635 120942 12 16000 25000 12 16000 25000 21923
1790084324269254 10 0 0 10 10 10 0 0 0 0 0 0 241 97 97 0 1800 1559 1462 0 1462 0 0 0 100438618 4547495 0 4436036 217601 206432 36439214 1849480 3404866 5934571551 5934571551 0 4867264984 1659121920 59.284484 159 159 211947 159000 375 275 120 160000 250000 119 158635 120949 12 16000 25000 12 16000 25000 21931
1790084324322804 10 0 0 10 10 10 0 0 0 0 0 0 240 97 97 0 1800 1560 1463 0 1463 0 0 0 100491911 4547585 0 4436054 217667 206440 36439221 1849548 3406442 5936438916 5936438916 0 4868481518 1659121920 59.265400 156 156 207948 156000 143 263 120 160000 250000 119 158635 120951 12 16000 25000 12 16000 25000 21933
1790084324357459 10 0 0 10 10 10 0 0 0 0 0 0 239 97 97 0 1800 1561 1464 0 1464 0 0 0 100510274 4547681 0 4436075 217756 206455 36455240 1849602 3411907 5940733775 5940733775 0 4869686330 1659121920 59.265924 166 166 221278 166000 41 242 120 160000 250000 119 158635 120959 12 16000 25000 12 16000 25000 21941
1790084324373137 10 0 0 10 10 10 0 0 0 0 0 0 238 97 97 0 1800 1562 1465 0 1465 0 0 0 100518606 4547766 0 4436091 217856 206470 36462304 1849666 3417357 5945115825 5945115825 0 4871180746 1659121920 59.274740 166 166 221278 166000 827 300 120 160000 250000 119 158635 120967 12 16000 25000 12 16000 25000 21949
1790084324492204 10 0 0 10 10 10 0 0 0 0 0 0 237 97 97 0 1800 1563 1466 0 1466 0 0 0 100536293 4547855 0 4436112 217948 206484 36563401 1849730 3422780 5951634118 5951634118 0 4872677218 1659121920 59.278295 169 169 225277 169000 706 341 120 160000 250000 119 158635 120975 12 16000 25000 12 16000 25000 21957
1790084324514492 10 0 0 10 10 10 0 0 0 0 0 0 236 97 97 0 1800 1564 1467 0 1467 0 0 0 100554990 4547937 0 4436127 218056 206498 36566703 1849793 3428167 5958196532 5958196532 0 4874184257 1659121920 59.281378 173 173 230609 173000 1142 420 120 160000 250000 119 158635 120983 12 16000 25000 12 16000 25000 21965
1790084324619726 10 0 0 10 10 10 0 0 0 0 0 0 235 97 94 3 1800 1565 1468 0 1468 0 0 0 100659859 4548024 0 4436144 218237 206506 36566709 1849856 3429712 5981479778 5961746015 0 4875679743 1659121920 59.235794 170 170 226610 170000 139 393 120 160000 250000 119 158635 121016 12 16000 25000 12 16000 25000 21996
1790084324619887 10 0 0 10 10 10 0 0 0 0 0 0 235 96 94 2 1800 1565 1469 0 1469 0 0 0 100659859 4548099 0 4436160 218238 206513 36566712 1849914 3429712 5981479778 5968345150 0 4875679743 1659121920 59.235752 167 167 222611 167000 49 360 120 160000 250000 116 154636 120010 12 16000 25000 12 16000 25000 21994
1790084324620096 10 0 0 10 10 10 0 0 0 0 0 0 235 94 94 0 1800 1565 1471 0 1471 0 0 0 100659859 4548241 0 4436188 218238 206520 36566715 1849956 3429712 5981479778 5981479778 0 4875679743 1659121920 59.235672 163 163 217279 163000 77 326 120 160000 250000 116 154636 118007 12 16000 25000 12 16000 25000 21991
1790084324650031 10 0 0 10 10 10 0 0 0 0 0 0 231 97 96 1 1800 1569 1472 0 1472 0 0 0 100689458 4548323 0 4436202 218389 206537 36566723 1850017 3431250 5994752841 5988140897 0 4881107038 1659121920 59.268148 165 165 219945 165000 427 337 120 160000 250000 118 157302 121030 12 16000 25000 12 16000 25000 22012
1790084324650191 10 0 0 10 10 10 0 0 0 0 0 0 231 96 96 0 1800 1569 1473 0 1473 0 0 0 100689458 4548401 0 4436219 218389 206544 36566726 1850073 3431250 5994752841 5994752841 0 4881107038 1659121920 59.268104 164 164 218612 164000 250 329 120 160000 250000 118 157302 120028 12 16000 25000 12 16000 25000 22010
1790084324701019 10 0 0 10 10 10 0 0 0 0 0 0 229 97 97 0 1800 1571 1474 0 1474 0 0 0 100719590 4548492 0 4436234 218502 206559 36587151 1850106 3436581 6001484458 6001484458 0 4884111736 1659121920 59.278309 165 165 219945 165000 428 339 120 160000 250000 119 158635 121038 12 16000 25000 12 16000 25000 22020
1790084324972935 10 0 0 10 10 10 0 0 0 0 0 0 228 97 97 0 1800 1572 1475 0 1475 0 0 0 100729091 4548576 0 4436248 218609 206574 36849272 1850175 3441846 6009013820 6009013820 0 4885601422 1659121920 59.286406 173 173 230609 173000 1252 429 120 160000 250000 119 158635 121046 12 16000 25000 12 16000 25000 22028
1790084324987141 10 0 0 10 10 10 0 0 0 0 0 0 227 97 97 0 1800 1573 1476 0 1476 0 0 0 100738653 4548659 0 4436263 218721 206589 36853625 1850238 3447121 6014333138 6014333138 0 4887092300 1659121920 59.294480 175 175 233275 175000 479 435 120 160000 250000 119 158635 121053 12 16000 25000 12 16000 25000 22035
1790084325006736 10 0 0 10 10 10 0 0 0 0 0 0 226 97 97 0 1800 1574 1477 0 1477 0 0 0 100757161 4548745 0 4436280 218830 206612 36854408 1850303 3452370 6018620738 6018620738 0 4888591123 1659121920 59.297584 175 175 233275 175000 338 427 120 160000 250000 119 158635 121063 12 16000 25000 12 16000 25000 22043
1790084325044814 10 0 0 10 10 10 0 0 0 0 0 0 225 97 97 0 1800 1575 1478 0 1478 0 0 0 100765309 4548837 0 4436298 218920 206627 36884057 1850367 3457568 6019705409 6019705409 0 4890088744 1659121920 59.306506 177 177 235941 177000 265 412 120 160000 250000 119 158635 121064 12 16000 25000 12 16000 25000 22044
1790084325078723 10 0 0 10 10 10 0 0 0 0 0 0 224 97 97 0 1800 1576 1479 0 1479 0 0 0 100798945 4548919 0 4436313 219001 206636 36884065 1850442 3459127 6023242593 6023242593 0 4891316691 1659121920 59.298640 169 169 225277 169000 25 375 120 160000 250000 119 158635 121071 12 16000 25000 12 16000 25000 22051
1790084325115957 10 0 0 10 10 10 0 0 0 0 0 0 223 97 97 0 1800 1577 1480 0 1480 0 0 0 100809332 4549008 0 4436332 219116 206652 36910609 1850500 3466172 6024189517 6024189517 0 4892814422 1659121920 59.306301 168 168 223944 168000 328 371 120 160000 250000 119 158635 121073 12 16000 25000 12 16000 25000 22052
1790084325166821 10 0 0 10 10 10 0 0 0 0 0 0 222 97 97 0 1800 1578 1481 0 1481 0 0 0 100817514 4549096 0 4436349 219207 206668 36953005 1850571 3471380 6027676814 6027676814 0 4894305186 1659121920 59.315139 168 168 223944 168000 109 346 120 160000 250000 119 158635 121078 12 16000 25000 12 16000 25000 22059
1790084325190853 10 0 0 10 10 10 0 0 0 0 0 0 221 97 96 1 1800 1579 1482 0 1482 0 0 0 100841241 4549182 0 4436362 219321 206677 36953013 1850642 3472937 6035313723 6034208212 0 4895802506 1659121920 59.315286 169 169 225277 169000 592 371 120 160000 250000 119 158635 121086 12 16000 25000 12 16000 25000 22068
1790084325191014 10 0 0 10 10 10 0 0 0 0 0 0 221 96 96 0 1800 1579 1483 0 1483 0 0 0 100841241 4549262 0 4436380 219321 206684 36953016 1850698 3472937 6035313723 6035313723 0 4895802506 1659121920 59.315241 172 172 229276 172000 479 383 120 160000 250000 118 157302 120082 12 16000 25000 12 16000 25000 22066
1790084325208752 10 0 0 10 10 10 0 0 0 0 0 0 219 97 97 0 1800 1581 1484 0 1484 0 0 0 100858719 4549343 0 4436394 219433 206693 36953025 1850732 3474524 6036134447 6036134447 0 4898524788 1659121920 59.329990 169 169 225277 169000 37 350 120 160000 250000 119 158635 121088 12 16000 25000 12 16000 25000 22069
1790084325242374 10 0 0 10 10 10 0 0 0 0 0 0 218 97 97 0 1800 1582 1485 0 1485 0 0 0 100892087 4549428 0 4436410 219507 206701 36953033 1850792 3476088 6037339133 6037339133 0 4900038008 1659121920 59.324853 165 165 219945 165000 58 323 120 160000 250000 119 158635 121090 12 16000 25000 12 16000 25000 22070
1790084325276645 10 0 0 10 10 10 0 0 0 0 0 0 217 97 97 0 1800 1583 1486 0 1486 0 0 0 100926108 4549514 0 4436425 219574 206709 36953041 1850850 3477666 6043942151 6043942151 0 4901543930 1659121920 59.319285 162 162 215946 162000 95 302 120 160000 250000 119 158635 121098 12 16000 25000 12 16000 25000 22078
1790084325326569 10 0 0 10 10 10 0 0 0 0 0 0 216 97 97 0 1800 1584 1487 0 1487 0 0 0 100964023 4549602 0 4436441 219662 206724 36964788 1850901 3482832 6051297113 6051297113 0 4903035950 1659121920 59.311406 163 163 217279 163000 209 294 120 160000 250000 119 158635 121106 12 16000 25000 12 16000 25000 22086
1790084325442211 10 0 0 10 10 10 0 0 0 0 0 0 215 97 97 0 1800 1585 1488 0 1488 0 0 0 100972198 4549696 0 4436459 219756 206741 37071967 1850966 3487927 6054718335 6054718335 0 4904539955 1659121920 59.320351 172 172 229276 172000 1333 396 120 160000 250000 119 158635 121112 12 16000 25000 12 16000 25000 22092
1790084325498235 10 0 0 10 10 10 0 0 0 0 0 0 214 97 97 0 1800 1586 1489 0 1489 0 0 0 101010742 4549788 0 4436474 219854 206755 37089161 1851027 3493056 6055586841 6055586841 0 4906041225 1659121920 59.312202 178 178 237274 178000 590 416 120 160000 250000 119 158635 121114 12 16000 25000 12 16000 25000 22093
1790084325522411 10 0 0 10 10 10 0 0 0 0 0 0 213 97 97 0 1800 1587 1490 0 1490 0 0 0 101034652 4549879 0 4436490 219920 206764 37089169 1851101 3494643 6059036740 6059036740 0 4907536150 1659121920 59.312222 181 181 241273 181000 123 389 120 160000 250000 119 158635 121119 12 16000 25000 12 16000 25000 22100
1790084325554296 10 0 0 10 10 10 0 0 0 0 0 0 212 97 97 0 1800 1588 1491 0 1491 0 0 0 101042774 4549965 0 4436505 220038 206779 37112631 1851163 3499722 6063326572 6063326572 0 4909035626 1659121920 59.321154 177 177 235941 177000 112 363 120 160000 250000 119 158635 121128 12 16000 25000 12 16000 25000 22108
1790084325588793 10 0 0 10 10 10 0 0 0 0 0 0 211 97 97 0 1800 1589 1492 0 1492 0 0 0 101077015 4550048 0 4436520 220110 206787 37112640 1851230 3501282 6064189996 6064189996 0 4910539241 1659121920 59.315453 177 177 235941 177000 295 357 120 160000 250000 119 158635 121128 12 16000 25000 12 16000 25000 22109
1790084325646293 10 0 0 10 10 10 0 0 0 0 0 0 210 97 97 0 1800 1590 1493 0 1493 0 0 0 101085112 4550147 0 4436542 220206 206803 37161743 1851291 3506329 6067642610 6067642610 0 4912042883 1659121920 59.324426 173 173 230609 173000 37 326 120 160000 250000 119 158635 121136 12 16000 25000 12 16000 25000 22116
1790084325707690 10 0 0 10 10 10 0 0 0 0 0 0 209 97 97 0 1800 1591 1494 0 1494 0 0 0 101092963 4550237 0 4436560 220300 206816 37215005 1851360 3511331 6071645679 6071645679 0 4913551451 1659121920 59.333585 172 172 229276 172000 55 301 120 160000 250000 119 158635 121141 12 16000 25000 12 16000 25000 22122
1790084325733631 10 0 0 10 10 10 0 0 0 0 0 0 208 97 97 0 1800 1592 1495 0 1495 0 0 0 101112184 4550324 0 4436574 220389 206832 37221451 1851423 3516307 6072366519 6072366519 0 4915050349 1659121920 59.336271 167 167 222611 167000 150 287 120 160000 250000 119 158635 121142 12 16000 25000 12 16000 25000 22123
1790084325785301 10 0 0 10 10 10 0 0 0 0 0 0 207 97 97 0 1800 1593 1496 0 1496 0 0 0 101120310 4550408 0 4436590 220482 206848 37264712 1851494 3521275 6076697978 6076697978 0 4916555148 1659121920 59.345242 170 170 226610 170000 132 273 120 160000 250000 119 158635 121150 12 16000 25000 12 16000 25000 22131
1790084325821829 10 0 0 10 10 10 0 0 0 0 0 0 206 97 97 0 1800 1594 1497 0 1497 0 0 0 101128304 4550495 0 4436605 220588 206861 37292946 1851569 3526208 6080930152 6080930152 0 4918070616 1659121920 59.354380 175 175 233275 175000 290 275 120 160000 250000 119 158635 121159 12 16000 25000 12 16000 25000 22139
1790084325841857 10 0 0 10 10 10 0 0 0 0 0 0 205 97 97 0 1800 1595 1498 0 1498 0 0 0 101146857 4550584 0 4436619 220678 206874 37294142 1851634 3531121 6084407297 6084407297 0 4919569343 1659121920 59.357434 180 180 239940 180000 773 324 120 160000 250000 119 158635 121166 12 16000 25000 12 16000 25000 22146
1790084325900674 10 0 0 10 10 10 0 0 0 0 0 0 204 97 97 0 1800 1596 1499 0 1499 0 0 0 101155641 4550674 0 4436637 220780 206889 37343886 1851696 3536004 6085185254 6085185254 0 4921078331 1659121920 59.366065 178 178 237274 178000 106 304 120 160000 250000 119 158635 121166 12 16000 25000 12 16000 25000 22147
1790084325915655 10 0 0 10 10 10 0 0 0 0 0 0 203 97 97 0 1800 1597 1500 0 1500 0 0 0 101170356 4550757 0 4436651 220854 206900 37343893 1851768 3537565 6089423360 6089423360 0 4922572651 1659121920 59.371235 184 184 245272 184000 127 288 120 160000 250000 119 158635 121175 12 16000 25000 12 16000 25000 22155
1790084325939616 10 0 0 10 10 10 0 0 0 0 0 0 202 97 95 2 1800 1598 1501 0 1501 0 0 0 101193990 4550839 0 4436666 221001 206911 37343900 1851831 3539124 6098782660 6090171679 0 4924076856 1659121920 59.371486 182 182 242606 182000 217 282 120 160000 250000 117 155969 121192 12 16000 25000 12 16000 25000 22172
1790084325939857 10 0 0 10 10 10 0 0 0 0 0 0 202 95 95 0 1800 1598 1503 0 1503 0 0 0 101193990 4550981 0 4436693 221014 206923 37343903 1851885 3539124 6098782660 6098782660 0 4924076856 1659121920 59.371406 178 178 237274 178000 1067 300 120 160000 250000 117 155969 119190 12 16000 25000 12 16000 25000 22169
1790084325979750 10 0 0 10 10 10 0 0 0 0 0 0 199 97 97 0 1800 1601 1504 0 1504 0 0 0 101205468 4551072 0 4436708 221139 206949 37371989 1851952 3543990 6103101366 6103101366 0 4928574766 1659121920 59.405472 184 184 245272 184000 943 364 120 160000 250000 119 158635 121200 12 16000 25000 12 16000 25000 22180
1790084326009485 10 0 0 10 10 10 0 0 0 0 0 0 198 97 97 0 1800 1602 1505 0 1505 0 0 0 101214948 4551167 0 4436731 221245 206966 37391939 1852020 3550356 6107425455 6107425455 0 4930076589 1659121920 59.413635 183 183 243939 183000 167 346 120 160000 250000 119 158635 121208 12 16000 25000 12 16000 25000 22188
1790084326070034 10 0 0 10 10 10 0 0 0 0 0 0 197 97 97 0 1800 1603 1506 0 1506 0 0 0 101252639 4551253 0 4436746 221337 206981 37414523 1852085 3555082 6111785476 6111785476 0 4931584080 1659121920 59.406010 192 192 255936 192000 462 358 120 160000 250000 119 158635 121216 12 16000 25000 12 16000 25000 22196
1790084326172107 10 0 0 10 10 10 0 0 0 0 0 0 196 97 97 0 1800 1604 1507 0 1507 0 0 0 101262065 4551342 0 4436765 221432 206997 37506881 1852152 3561372 6116087735 6116087735 0 4933085039 1659121920 59.414196 192 192 255936 192000 769 399 120 160000 250000 119 158635 121224 12 16000 25000 12 16000 25000 22204
1790084326186336 10 0 0 10 10 10 0 0 0 0 0 0 195 97 97 0 1800 1605 1508 0 1508 0 0 0 101276030 4551432 0 4436783 221506 207006 37506889 1852218 3562922 6120463595 6120463595 0 4934580595 1659121920 59.419782 191 191 254603 191000 496 409 120 160000 250000 119 158635 121231 12 16000 25000 12 16000 25000 22211
1790084326222028 10 0 0 10 10 10 0 0 0 0 0 0 194 97 96 1 1800 1606 1509 0 1509 0 0 0 101283885 4551521 0 4436800 221662 207018 37534388 1852281 3567609 6128978588 6124736883 0 4936087926 1659121920 59.428905 193 193 257269 193000 202 390 120 160000 250000 118 157302 121247 12 16000 25000 12 16000 25000 22227
1790084326222202 10 0 0 10 10 10 0 0 0 0 0 0 194 96 96 0 1800 1606 1510 0 1510 0 0 0 101283885 4551605 0 4436825 221662 207025 37534392 1852344 3567609 6128978588 6128978588 0 4936087926 1659121920 59.428857 197 197 262601 197000 789 429 120 160000 250000 118 157302 120245 12 16000 25000 12 16000 25000 22226
1790084326306454 10 0 0 10 10 10 0 0 0 0 0 0 192 97 95 2 1800 1608 1511 0 1511 0 0 0 101367821 4551696 0 4436840 221819 207033 37534401 1852378 3569171 6139324996 6133254227 0 4939090462 1659121920 59.408746 197 197 262601 197000 889 474 120 160000 250000 119 158635 121267 12 16000 25000 12 16000 25000 22244
1790084326306610 10 0 0 10 10 10 0 0 0 0 0 0 192 96 95 1 1800 1608 1512 0 1512 0 0 0 101367821 4551774 0 4436859 221819 207040 37534404 1852429 3569171 6139324996 6133955413 0 4939090462 1659121920 59.408702 189 189 251937 189000 59 435 120 160000 250000 118 157302 120262 12 16000 25000 12 16000 25000 22243
1790084326306752 10 0 0 10 10 10 0 0 0 0 0 0 192 95 95 0 1800 1608 1513 0 1513 0 0 0 101367821 4551849 0 4436875 221819 207047 37534407 1852470 3569171 6139324996 6139324996 0 4939090462 1659121920 59.408660 178 178 237274 178000 7 394 120 160000 250000 117 155969 119257 12 16000 25000 12 16000 25000 22241
1790084326323175 10 0 0 10 10 10 0 0 0 0 0 0 189 97 97 0 1800 1611 1514 0 1514 0 0 0 101383075 4551940 0 4436892 221957 207066 37535273 1852507 3576907 6143687959 6143687959 0 4943608648 1659121920 59.440729 173 173 230609 173000 127 369 120 160000 250000 119 158635 121271 12 16000 25000 12 16000 25000 22252
1790084326344012 10 0 0 10 10 10 0 0 0 0 0 0 188 97 97 0 1800 1612 1515 0 1515 0 0 0 101400969 4552034 0 4436911 222038 207080 37537934 1852579 3581481 6145523863 6145523863 0 4945103497 1659121920 59.444093 172 172 229276 172000 305 363 120 160000 250000 119 158635 121273 12 16000 25000 12 16000 25000 22254
1790084326516062 10 0 0 10 10 10 0 0 0 0 0 0 187 97 97 0 1800 1613 1516 0 1516 0 0 0 101408897 4552120 0 4436926 222145 207093 37701763 1852648 3586063 6152115799 6152115799 0 4946609516 1659121920 59.453152 166 166 221278 166000 120 340 120 160000 250000 119 158635 121280 12 16000 25000 12 16000 25000 22262
1790084326540218 10 0 0 10 10 10 0 0 0 0 0 0 186 97 97 0 1800 1614 1517 0 1517 0 0 0 101425609 4552210 0 4436946 222224 207105 37708939 1852717 3590585 6158714552 6158714552 0 4948107894 1659121920 59.457209 173 173 230609 173000 1073 412 120 160000 250000 119 158635 121288 12 16000 25000 12 16000 25000 22270
1790084326564251 10 0 0 10 10 10 0 0 0 0 0 0 185 97 97 0 1800 1615 1518 0 1518 0 0 0 101449393 4552296 0 4436964 222285 207114 37708946 1852784 3592135 6163061065 6163061065 0 4949616455 1659121920 59.457393 185 185 246605 185000 416 414 120 160000 250000 119 158635 121297 12 16000 25000 12 16000 25000 22279
1790084326576342 10 0 0 10 10 10 0 0 0 0 0 0 184 97 96 1 1800 1616 1519 0 1519 0 0 0 101457058 4552385 0 4436982 222425 207134 37713047 1852842 3596638 6170801531 6165475813 0 4951148429 1659121920 59.466826 187 187 249271 187000 190 393 120 160000 250000 119 158635 121307 12 16000 25000 12 16000 25000 22289
1790084326576525 10 0 0 10 10 10 0 0 0 0 0 0 184 96 96 0 1800 1616 1520 0 1520 0 0 0 101457058 4552466 0 4437003 222425 207142 37713050 1852914 3596638 6170801531 6170801531 0 4951148429 1659121920 59.466780 191 191 254603 191000 53 360 120 160000 250000 118 157302 120304 12 16000 25000 12 16000 25000 22288
1790084326592319 10 0 0 10 10 10 0 0 0 0 0 0 182 97 97 0 1800 1618 1521 0 1521 0 0 0 101472611 4552548 0 4437017 222517 207151 37713057 1852948 3598197 6175194972 6175194972 0 4954161984 1659121920 59.485117 176 176 234608 176000 57 331 120 160000 250000 119 158635 121315 12 16000 25000 12 16000 25000 22298
1790084326616365 10 0 0 10 10 10 0 0 0 0 0 0 181 97 97 0 1800 1619 1522 0 1522 0 0 0 101496413 4552632 0 4437032 222585 207160 37713066 1853005 3599753 6181835060 6181835060 0 4955653719 1659121920 59.485134 177 177 235941 177000 752 373 120 160000 250000 119 158635 121323 12 16000 25000 12 16000 25000 22306
1790084326714573 10 0 0 10 10 10 0 0 0 0 0 0 180 97 97 0 1800 1620 1523 0 1523 0 0 0 101507301 4552722 0 4437048 222698 207176 37800091 1853062 3607030 6188428790 6188428790 0 4957159366 1659121920 59.492515 174 174 231942 174000 179 355 120 160000 250000 119 158635 121331 12 16000 25000 12 16000 25000 22314
1790084326731552 10 0 0 10 10 10 0 0 0 0 0 0 179 97 97 0 1800 1621 1524 0 1524 0 0 0 101515627 4552811 0 4437066 222785 207188 37808473 1853126 3611434 6193779045 6193779045 0 4958661826 1659121920 59.501304 167 167 222611 167000 147 336 120 160000 250000 119 158635 121339 12 16000 25000 12 16000 25000 22322
1790084326782868 10 0 0 10 10 10 0 0 0 0 0 0 178 97 97 0 1800 1622 1525 0 1525 0 0 0 101523010 4552899 0 4437083 222874 207200 37852136 1853186 3615817 6197432087 6197432087 0 4960153046 1659121920 59.510520 167 167 222611 167000 1065 408 120 160000 250000 119 158635 121346 12 16000 25000 12 16000 25000 22329
1790084326816835 10 0 0 10 10 10 0 0 0 0 0 0 177 97 97 0 1800 1623 1526 0 1526 0 0 0 101556721 4552986 0 4437097 222946 207209 37852144 1853248 3617362 6200907714 6200907714 0 4961649996 1659121920 59.505019 166 166 221278 166000 245 393 120 160000 250000 119 158635 121353 12 16000 25000 12 16000 25000 22335
1790084326854159 10 0 0 10 10 10 0 0 0 0 0 0 176 97 97 0 1800 1624 1527 0 1527 0 0 0 101583878 4553074 0 4437115 223036 207221 37862046 1853303 3621701 6206296168 6206296168 0 4963155141 1659121920 59.503268 167 167 222611 167000 881 442 120 160000 250000 119 158635 121362 12 16000 25000 12 16000 25000 22344
1790084326872464 10 0 1 9 10 10 0 0 0 0 0 0 175 97 97 0 1800 1625 1528 0 1528 0 0 0 101591408 4553170 0 4437127 223112 207276 37872508 1853371 3626057 6221568349 6221568349 0 4964673079 1659121920 59.512632 177 177 235941 177000 1102 507 120 160000 250000 108 143968 120366 12 16000 25000 12 16000 25000 22345
1790084326906827 10 0 0 10 10 10 0 0 0 0 0 0 174 97 97 0 1800 1626 1529 0 1529 0 0 0 101600217 4553252 0 4437142 223203 207291 37897793 1853431 3633107 6228285067 6228285067 0 4964673079 1659121920 59.507647 186 228 303613 189796 662 523 120 160000 250000 119 158635 121371 12 16000 25000 12 16000 25000 22352
1790084326921065 10 0 0 10 10 10 0 0 0 0 0 0 173 97 97 0 1800 1627 1530 0 1530 0 0 0 101610950 4553344 0 4437161 223295 207307 37900960 1853545 3640204 6232652991 6232652991 0 4966182169 1659121920 59.515136 192 236 313407 195919 1088 579 120 160000 250000 119 158635 121379 12 16000 25000 12 16000 25000 22361
1790084327001805 10 0 0 10 10 10 0 0 0 0 0 0 172 97 97 0 1800 1628 1531 0 1531 0 0 0 101628773 4553432 0 4437175 223388 207320 37963600 1853611 3644525 6234321243 6234321243 0 4967681517 1659121920 59.518563 187 229 305246 190817 128 536 120 160000 250000 119 158635 121381 12 16000 25000 12 16000 25000 22362
1790084327064137 10 0 0 10 10 10 0 0 0 0 0 0 171 97 97 0 1800 1629 1532 0 1532 0 0 0 101649867 4553517 0 4437190 223502 207335 38004532 1853683 3651543 6238647088 6238647088 0 4969177420 1659121920 59.520126 184 226 300349 187756 262 510 120 160000 250000 119 158635 121388 12 16000 25000 12 16000 25000 22369
1790084327079060 10 0 0 10 10 10 0 0 0 0 0 0 170 97 97 0 1800 1630 1533 0 1533 0 0 0 101664515 4553601 0 4437206 223583 207343 38004541 1853757 3653103 6239433607 6239433607 0 4970678442 1659121920 59.525348 191 234 311775 194898 647 524 120 160000 250000 119 158635 121389 12 16000 25000 12 16000 25000 22370
1790084327113276 10 0 0 10 10 10 0 0 0 0 0 0 169 97 97 0 1800 1631 1534 0 1534 0 0 0 101681568 4553688 0 4437224 223675 207359 38021430 1853813 3657387 6243752057 6243752057 0 4972236344 1659121920 59.529730 182 223 297084 185715 12 475 120 160000 250000 119 158635 121398 12 16000 25000 12 16000 25000 22379
1790084327187555 10 0 0 10 10 10 0 0 0 0 0 0 168 97 97 0 1800 1632 1535 0 1535 0 0 0 101688897 4553772 0 4437239 223770 207374 38088100 1853881 3661635 6246263159 6246263159 0 4973741698 1659121920 59.539089 184 226 300349 187756 264 455 120 160000 250000 119 158635 121400 12 16000 25000 12 16000 25000 22381
1790084327204890 10 0 0 10 10 10 0 0 0 0 0 0 167 97 97 0 1800 1633 1536 0 1536 0 0 0 101705933 4553857 0 4437254 223869 207386 38088115 1853950 3665909 6250624532 6250624532 0 4975240405 1659121920 59.542946 181 222 295452 184694 99 422 120 160000 250000 119 158635 121408 12 16000 25000 12 16000 25000 22389
1790084327410765 10 0 0 10 10 10 0 0 0 0 0 0 166 97 97 0 1800 1634 1537 0 1537 0 0 0 101713962 4553943 0 4437268 223964 207398 38285681 1854018 3670185 6254883426 6254883426 0 4976746841 1659121920 59.551918 176 216 287290 179592 184 400 120 160000 250000 119 158635 121417 12 16000 25000 12 16000 25000 22398
1790084327475790 10 0 0 10 10 10 0 0 0 0 0 0 165 97 97 0 1800 1635 1538 0 1538 0 0 0 101721337 4554029 0 4437283 224080 207412 38343031 1854084 3674433 6259316860 6259316860 0 4978242903 1659121920 59.561163 174 214 284025 177552 166 378 120 160000 250000 119 158635 121423 12 16000 25000 12 16000 25000 22404
1790084327522126 10 0 1 9 10 10 0 0 0 0 0 0 164 97 97 0 1800 1636 1539 0 1539 0 0 0 101729018 4554119 0 4437284 224158 207426 38381410 1854157 3679104 6259957314 6259957314 0 4979742966 1659121920 59.570268 174 214 284025 177552 175 359 120 160000 250000 108 143968 120426 12 16000 25000 12 16000 25000 22406
1790084327590614 10 0 0 10 10 10 0 0 0 0 0 0 163 97 97 0 1800 1637 1540 0 1540 0 0 0 101742505 4554203 0 4437299 224241 207440 38436145 1854222 3686284 6264295875 6264295875 0 4979742966 1659121920 59.562662 175 254 338040 182143 72 332 120 160000 250000 119 158635 121431 12 16000 25000 12 16000 25000 22412
1790084327707420 10 0 0 10 10 10 0 0 0 0 0 0 162 97 97 0 1800 1638 1541 0 1541 0 0 0 101769281 4554293 0 4437313 224329 207453 38525910 1854276 3690476 6268952449 6268952449 0 4981252317 1659121920 59.561150 172 250 332245 179021 122 312 120 160000 250000 119 158635 121438 12 16000 25000 12 16000 25000 22419
1790084327751675 10 0 0 10 10 10 0 0 0 0 0 0 161 97 97 0 1800 1639 1542 0 1542 0 0 0 101813290 4554375 0 4437329 224399 207461 38525918 1854337 3692086 6274439770 6274439770 0 4982756123 1659121920 59.549944 178 258 343835 185266 994 380 120 160000 250000 119 158635 121446 12 16000 25000 12 16000 25000 22427
1790084327766375 10 0 0 10 10 10 0 0 0 0 0 0 160 97 97 0 1800 1640 1543 0 1543 0 0 0 101827748 4554456 0 4437343 224477 207470 38525925 1854388 3693675 6275664083 6275664083 0 4984260774 1659121920 59.555294 187 271 361220 194633 310 374 120 160000 250000 119 158635 121446 12 16000 25000 12 16000 25000 22429
1790084327796803 10 0 0 10 10 10 0 0 0 0 0 0 159 97 97 0 1800 1641 1544 0 1544 0 0 0 101837823 4554542 0 4437359 224578 207486 38545998 1854439 3700364 6277273517 6277273517 0 4985759193 1659121920 59.563038 185 269 357356 192552 49 343 120 160000 250000 119 158635 121449 12 16000 25000 12 16000 25000 22431
1790084327828707 10 0 0 10 10 10 0 0 0 0 0 0 158 97 97 0 1800 1642 1545 0 1545 0 0 0 101854648 4554632 0 4437374 224672 207498 38560778 1854523 3704527 6282606849 6282606849 0 4987262003 1659121920 59.567038 184 267 355425 191511 111 311 120 160000 250000 119 158635 121458 12 16000 25000 12 16000 25000 22440
1790084327845648 10 0 0 10 10 10 0 0 0 0 0 0 157 97 97 0 1800 1643 1546 0 1546 0 0 0 101862149 4554716 0 4437389 224769 207511 38569939 1854589 3708652 6287544884 6287544884 0 4988755282 1659121920 59.576175 186 270 359288 193592 968 376 120 160000 250000 119 158635 121466 12 16000 25000 12 16000 25000 22448
1790084327885419 10 0 0 10 10 10 0 0 0 0 0 0 156 97 97 0 1800 1644 1547 0 1547 0 0 0 101869036 4554806 0 4437406 224856 207525 38602555 1854644 3712744 6291867778 6291867778 0 4989973131 1659121920 59.583182 185 269 357356 192552 335 373 120 160000 250000 119 158635 121475 12 16000 25000 12 16000 25000 22456
1790084327928145 10 0 0 10 10 10 0 0 0 0 0 0 155 97 97 0 1800 1645 1548 0 1548 0 0 0 101876093 4554889 0 4437420 224946 207549 38637957 1854696 3716843 6297276473 6297276473 0 4991474917 1659121920 59.592642 191 277 368946 198796 734 410 120 160000 250000 119 158635 121483 12 16000 25000 12 16000 25000 22464
1790084327956148 10 0 0 10 10 10 0 0 0 0 0 0 154 97 97 0 1800 1646 1549 0 1549 0 0 0 101883260 4554973 0 4437434 225042 207562 38658530 1854749 3720912 6298925126 6298925126 0 4992968339 1659121920 59.601963 195 283 376673 202960 1164 484 120 160000 250000 119 158635 121485 12 16000 25000 12 16000 25000 22467
1790084328049674 10 0 0 10 10 10 0 0 0 0 0 0 153 97 97 0 1800 1647 1550 0 1550 0 0 0 101890562 4555058 0 4437448 225135 207575 38744492 1854803 3724986 6300782896 6300782896 0 4994473067 1659121920 59.611308 192 279 370878 199837 70 445 120 160000 250000 119 158635 121487 12 16000 25000 12 16000 25000 22469
1790084328087211 10 0 0 10 10 10 0 0 0 0 0 0 152 97 97 0 1800 1648 1551 0 1551 0 0 0 101907830 4555143 0 4437463 225234 207589 38764488 1854858 3729833 6303269510 6303269510 0 4995975709 1659121920 59.615052 197 286 380536 205041 381 439 120 160000 250000 119 158635 121489 12 16000 25000 12 16000 25000 22472
1790084328126594 10 0 0 10 10 10 0 0 0 0 0 0 151 97 97 0 1800 1649 1552 0 1552 0 0 0 101944719 4555232 0 4437477 225323 207602 38766710 1854920 3733874 6303583681 6303583681 0 4997466154 1659121920 59.607700 194 282 374741 201919 224 419 120 160000 250000 119 158635 121490 12 16000 25000 12 16000 25000 22473
1790084328166804 10 0 0 10 10 10 0 0 0 0 0 0 150 97 97 0 1800 1650 1553 0 1553 0 0 0 101952312 4555319 0 4437493 225427 207617 38799040 1854983 3738672 6307120398 6307120398 0 4999003910 1659121920 59.617171 188 273 363151 195674 21 382 120 160000 250000 119 158635 121498 12 16000 25000 12 16000 25000 22479
1790084328197007 10 0 0 10 10 10 0 0 0 0 0 0 149 97 97 0 1800 1651 1554 0 1554 0 0 0 101959275 4555403 0 4437508 225517 207630 38822012 1855046 3742671 6310953925 6310953925 0 5000501132 1659121920 59.626632 190 276 367015 197756 382 382 120 160000 250000 119 158635 121505 12 16000 25000 12 16000 25000 22487
1790084328255471 10 0 0 10 10 10 0 0 0 0 0 0 148 97 96 1 1800 1652 1555 0 1555 0 0 0 101975973 4555500 0 4437524 225643 207643 38863466 1855102 3746656 6320574107 6315301771 0 5001718053 1659121920 59.628125 191 277 368946 198796 704 415 120 160000 250000 119 158635 121521 12 16000 25000 12 16000 25000 22502
1790084328255631 10 0 0 10 10 10 0 0 0 0 0 0 148 96 96 0 1800 1652 1556 0 1556 0 0 0 101975973 4555578 0 4437542 225643 207651 38863469 1855156 3746656 6320574107 6320574107 0 5001718053 1659121920 59.628082 191 277 368946 198796 1010 474 120 160000 250000 118 157302 120518 12 16000 25000 12 16000 25000 22501
1790084328301604 10 0 0 10 10 10 0 0 0 0 0 0 146 97 97 0 1800 1654 1557 0 1557 0 0 0 102006443 4555692 0 4437581 225741 207664 38878698 1855189 3750610 6325961033 6325961033 0 5004717852 1659121920 59.637814 192 279 370878 199837 1071 533 120 160000 250000 119 158635 121529 12 16000 25000 12 16000 25000 22511
1790084328340140 10 0 0 10 10 10 0 0 0 0 0 0 145 97 97 0 1800 1655 1558 0 1558 0 0 0 102042981 4555772 0 4437595 225835 207677 38880430 1855248 3754543 6331405793 6331405793 0 5006208405 1659121920 59.630663 196 284 378604 204000 1042 584 120 160000 250000 119 158635 121538 12 16000 25000 12 16000 25000 22519
1790084328409231 10 0 0 10 10 10 0 0 0 0 0 0 144 97 97 0 1800 1656 1559 0 1559 0 0 0 102049783 4555856 0 4437609 225939 207689 38942447 1855301 3758449 6336852957 6336852957 0 5007721582 1659121920 59.640348 196 284 378604 204000 387 566 120 160000 250000 119 158635 121546 12 16000 25000 12 16000 25000 22527
1790084328432294 10 0 0 10 10 10 0 0 0 0 0 0 143 97 97 0 1800 1657 1560 0 1560 0 0 0 102066366 4555939 0 4437624 226032 207701 38948658 1855356 3762325 6342306365 6342306365 0 5008941097 1659121920 59.641934 192 279 370878 199837 157 527 120 160000 250000 119 158635 121554 12 16000 25000 12 16000 25000 22535
1790084328461370 10 0 0 10 10 10 0 0 0 0 0 0 142 97 97 0 1800 1658 1561 0 1561 0 0 0 102082223 4556023 0 4437638 226118 207715 38961624 1855407 3766178 6347750554 6347750554 0 5010442719 1659121920 59.646447 203 295 392126 211286 319 508 120 160000 250000 119 158635 121562 12 16000 25000 12 16000 25000 22543
1790084328484891 10 0 0 10 10 10 0 0 0 0 0 0 141 97 97 0 1800 1659 1562 0 1562 0 0 0 102088915 4556114 0 4437655 226205 207729 38978181 1855460 3770034 6349923177 6349923177 0 5011944924 1659121920 59.656087 228 331 440417 237307 378 496 120 160000 250000 119 158635 121565 12 16000 25000 12 16000 25000 22546
1790084328501427 10 0 0 10 10 10 0 0 0 0 0 0 140 97 97 0 1800 1660 1563 0 1563 0 0 0 102104870 4556211 0 4437669 226285 207741 38978498 1855515 3773836 6355377809 6355377809 0 5013471258 1659121920 59.660756 234 340 452007 243552 455 493 120 160000 250000 119 158635 121574 12 16000 25000 12 16000 25000 22555
1790084328680258 10 0 0 10 10 10 0 0 0 0 0 0 139 97 97 0 1800 1661 1564 0 1564 0 0 0 102111750 4556293 0 4437683 226392 207754 39150174 1855569 3777640 6359720321 6359720321 0 5014948081 1659121920 59.670066 238 345 459734 247715 1138 557 120 160000 250000 119 158635 121581 12 16000 25000 12 16000 25000 22562
1790084328862059 10 0 0 10 10 10 0 0 0 0 0 0 138 97 97 0 1800 1662 1565 0 1565 0 0 0 102128477 4556377 0 4437697 226483 207768 39314985 1855626 3781442 6365168922 6365168922 0 5016451788 1659121920 59.674105 241 350 465529 250837 300 533 120 160000 250000 119 158635 121590 12 16000 25000 12 16000 25000 22570
1790084328920708 10 0 0 10 10 10 0 0 0 0 0 0 137 97 97 0 1800 1663 1566 0 1566 0 0 0 102135753 4556465 0 4437716 226566 207782 39366086 1855692 3785207 6365916300 6365916300 0 5017954631 1659121920 59.683420 235 341 453939 244592 221 504 120 160000 250000 119 158635 121591 12 16000 25000 12 16000 25000 22571
1790084328982673 10 0 0 10 10 10 0 0 0 0 0 0 136 97 97 0 1800 1664 1567 0 1567 0 0 0 102142266 4556557 0 4437734 226658 207793 39421267 1855747 3788955 6366776200 6366776200 0 5019457350 1659121920 59.693156 231 335 446212 240429 125 468 120 160000 250000 119 158635 121591 12 16000 25000 12 16000 25000 22572
1790084329032745 10 0 0 10 10 10 0 0 0 0 0 0 135 97 97 0 1800 1665 1568 0 1568 0 0 0 102168561 4556641 0 4437749 226755 207807 39444768 1855808 3792720 6369185640 6369185640 0 5020956537 1659121920 59.691799 224 325 432691 233143 25 425 120 160000 250000 119 158635 121593 12 16000 25000 12 16000 25000 22575
1790084329314503 10 0 0 10 10 10 0 0 0 0 0 0 134 97 97 0 1800 1666 1569 0 1569 0 0 0 102188604 4556728 0 4437765 226858 207824 39706193 1855871 3798510 6374672163 6374672163 0 5022451183 1659121920 59.693895 234 340 452007 243552 388 423 120 160000 250000 119 158635 121601 12 16000 25000 12 16000 25000 22583
1790084329336232 10 0 0 10 10 10 0 0 0 0 0 0 133 97 97 0 1800 1667 1570 0 1570 0 0 0 102195321 4556812 0 4437780 226953 207843 39720930 1855931 3802198 6378062629 6378062629 0 5023955682 1659121920 59.703533 261 379 504162 271654 1140 494 120 160000 250000 119 158635 121608 12 16000 25000 12 16000 25000 22589
1790084329385309 10 0 0 10 10 10 0 0 0 0 0 0 132 97 96 1 1800 1668 1571 0 1571 0 0 0 102201677 4556898 0 4437794 227094 207855 39763336 1855990 3805872 6384520220 6383418250 0 5025451962 1659121920 59.713296 260 377 502230 270613 655 511 120 160000 250000 119 158635 121616 12 16000 25000 12 16000 25000 22597
1790084329385481 10 0 0 10 10 10 0 0 0 0 0 0 132 96 96 0 1800 1668 1572 0 1572 0 0 0 102201677 4556977 0 4437812 227094 207863 39763339 1856056 3805872 6384520220 6384520220 0 5025451962 1659121920 59.713252 249 361 480982 259164 80 470 120 160000 250000 118 157302 120612 12 16000 25000 12 16000 25000 22596
1790084329402414 10 0 0 10 10 10 0 0 0 0 0 0 130 97 96 1 1800 1670 1573 0 1573 0 0 0 102218323 4557069 0 4437826 227213 207872 39763347 1856093 3807498 6392555849 6389886750 0 5028447500 1659121920 59.730647 248 360 479050 258123 44 429 120 160000 250000 119 158635 121626 12 16000 25000 12 16000 25000 22607
1790084329402582 10 0 0 10 10 10 0 0 0 0 0 0 130 96 96 0 1800 1670 1574 0 1574 0 0 0 102218323 4557143 0 4437840 227230 207879 39763350 1856144 3807498 6392555849 6392555849 0 5028447500 1659121920 59.730605 247 358 477119 257082 803 466 120 160000 250000 118 157302 120621 12 16000 25000 12 16000 25000 22605
1790084329438428 10 0 0 10 10 10 0 0 0 0 0 0 128 97 95 2 1800 1672 1575 0 1575 0 0 0 102253854 4557232 0 4437855 227392 207887 39763357 1856175 3809133 6406748376 6396896130 0 5031149691 1659121920 59.734813 245 355 473255 255000 146 435 120 160000 250000 119 158635 121649 12 16000 25000 12 16000 25000 22628
1790084329438584 10 0 0 10 10 10 0 0 0 0 0 0 128 96 95 1 1800 1672 1576 0 1576 0 0 0 102253854 4557308 0 4437871 227392 207895 39763360 1856223 3809133 6406748376 6401246212 0 5031149691 1659121920 59.734770 232 337 448144 241470 83 402 120 160000 250000 118 157302 120644 12 16000 25000 12 16000 25000 22627
1790084329438717 10 0 0 10 10 10 0 0 0 0 0 0 128 95 95 0 1800 1672 1577 0 1577 0 0 0 102253854 4557383 0 4437887 227392 207902 39763363 1856255 3809133 6406748376 6406748376 0 5031149691 1659121920 59.734728 230 334 444281 239388 477 410 120 160000 250000 117 155969 119640 12 16000 25000 12 16000 25000 22625
1790084329477127 10 0 0 10 10 10 0 0 0 0 0 0 125 97 96 1 1800 1675 1578 0 1578 0 0 0 102291968 4557467 0 4437903 227541 207910 39763372 1856286 3810773 6415221129 6410964465 0 5035653795 1659121920 59.753574 216 265 352583 220409 175 388 120 160000 250000 119 158635 121662 12 16000 25000 12 16000 25000 22643
1790084329477287 10 0 0 10 10 10 0 0 0 0 0 0 125 96 96 0 1800 1675 1579 0 1579 0 0 0 102291968 4557544 0 4437920 227541 207917 39763376 1856341 3810773 6415221129 6415221129 0 5035653795 1659121920 59.753531 202 248 329730 206123 82 359 120 160000 250000 118 157302 120658 12 16000 25000 12 16000 25000 22642
1790084329693582 10 0 0 10 10 10 0 0 0 0 0 0 123 97 97 0 1800 1677 1580 0 1580 0 0 0 102300496 4557636 0 4437939 228073 207930 39970455 1856374 3814363 6422028087 6422028087 0 5038643274 1659121920 59.775391 206 253 336260 210205 248 349 120 160000 250000 119 158635 121668 12 16000 25000 12 16000 25000 22651
1790084329746169 10 0 0 10 10 10 0 0 0 0 0 0 122 97 97 0 1800 1678 1581 0 1581 0 0 0 102336475 4557724 0 4437957 228151 207952 39986790 1856440 3817890 6427450074 6427450074 0 5040154070 1659121920 59.768701 212 260 346054 216327 954 409 120 160000 250000 119 158635 121676 12 16000 25000 12 16000 25000 22658
1790084329895640 10 0 0 10 10 10 0 0 0 0 0 0 121 97 96 1 1800 1679 1582 0 1582 0 0 0 102344773 4557814 0 4437972 228297 207965 40127634 1856499 3823263 6436235550 6431868254 0 5041370406 1659121920 59.774862 202 248 329730 206123 100 380 120 160000 250000 118 157302 121692 12 16000 25000 12 16000 25000 22674
1790084329895803 10 0 0 10 10 10 0 0 0 0 0 0 121 96 96 0 1800 1679 1583 0 1583 0 0 0 102344773 4557891 0 4437989 228297 207972 40127637 1856557 3823263 6436235550 6436235550 0 5041370406 1659121920 59.774819 214 263 349318 218368 128 356 120 160000 250000 118 157302 120690 12 16000 25000 12 16000 25000 22673
1790084330101751 10 0 0 10 10 10 0 0 0 0 0 0 119 97 91 6 1800 1681 1584 0 1584 0 0 0 102550244 4557978 0 4438006 228614 207980 40127646 1856595 3824924 6470953385 6440575709 0 5044384145 1659121920 59.686936 217 266 354215 221429 806 401 120 160000 250000 118 157302 121754 12 16000 25000 12 16000 25000 22728
1790084330101911 10 0 0 10 10 10 0 0 0 0 0 0 119 96 91 5 1800 1681 1585 0 1585 0 0 0 102550244 4558053 0 4438023 228615 207987 40127649 1856652 3824924 6470953385 6444863904 0 5044384145 1659121920 59.686894 218 267 355848 222449 159 378 120 160000 250000 118 157302 120753 12 16000 25000 12 16000 25000 22726
1790084330102039 10 0 0 10 10 10 0 0 0 0 0 0 119 95 91 4 1800 1681 1586 0 1586 0 0 0 102550244 4558125 0 4438038 228615 207994 40127652 1856682 3824924 6470953385 6449244919 0 5044384145 1659121920 59.686854 217 266 354215 221429 155 357 120 160000 250000 116 154636 119744 12 16000 25000 12 16000 25000 22725
1790084330102172 10 0 0 10 10 10 0 0 0 0 0 0 119 94 91 3 1800 1681 1587 0 1587 0 0 0 102550244 4558199 0 4438053 228615 208001 40127655 1856712 3824924 6470953385 6453564165 0 5044384145 1659121920 59.686813 188 231 306878 191837 27 326 120 160000 250000 116 154636 118743 12 16000 25000 12 16000 25000 22724
1790084330102306 10 0 0 10 10 10 0 0 0 0 0 0 119 93 91 2 1800 1681 1588 0 1588 0 0 0 102550244 4558274 0 4438070 228615 208008 40127658 1856744 3824924 6470953385 6460186153 0 5044384145 1659121920 59.686771 170 209 277496 173470 32 298 120 160000 250000 113 150637 117736 12 16000 25000 12 16000 25000 22722
1790084330102518 10 0 0 10 10 10 0 0 0 0 0 0 119 91 91 0 1800 1681 1590 0 1590 0 0 0 102550244 4558431 0 4438103 228615 208015 40127661 1856774 3824924 6470953385 6470953385 0 5044384145 1659121920 59.686683 164 164 218612 164000 71 272 120 160000 250000 113 150637 115734 12 16000 25000 12 16000 25000 22720
1790084330207370 10 0 0 10 10 10 0 0 0 0 0 0 112 97 91 6 1800 1688 1591 0 1591 0 0 0 102654547 4558524 0 4438121 228956 208039 40127671 1856837 3826610 6494179065 6474240716 0 5054904277 1659121920 59.722143 152 152 202616 152000 54 252 120 160000 250000 119 158635 121796 12 16000 25000 12 16000 25000 22770
1790084330207559 10 0 0 10 10 10 0 0 0 0 0 0 112 96 91 5 1800 1688 1592 0 1592 0 0 0 102654547 4558602 0 4438138 228974 208047 40127675 1856895 3826610 6494179065 6478528541 0 5054904277 1659121920 59.722099 138 138 183954 138000 25 231 120 160000 250000 118 157302 120789 12 16000 25000 12 16000 25000 22769
1790084330207693 10 0 0 10 10 10 0 0 0 0 0 0 112 95 91 4 1800 1688 1593 0 1593 0 0 0 102654547 4558678 0 4438155 228974 208054 40127678 1856928 3826610 6494179065 6482847254 0 5054904277 1659121920 59.722057 134 134 178622 134000 45 214 120 160000 250000 115 153303 119786 12 16000 25000 12 16000 25000 22767
1790084330207895 10 0 0 10 10 10 0 0 0 0 0 0 112 93 91 2 1800 1688 1595 0 1595 0 0 0 102654547 4558824 0 4438190 228974 208063 40127680 1856957 3826610 6494179065 6491283748 0 5054904277 1659121920 59.721976 127 127 169291 127000 59 196 120 160000 250000 115 153303 117783 12 16000 25000 12 16000 25000 22765
1790084330208064 10 0 0 10 10 10 0 0 0 0 0 0 112 92 91 1 1800 1688 1596 0 1596 0 0 0 102654547 4558900 0 4438207 228974 208079 40127683 1857015 3826610 6494179065 6493460128 0 5054904277 1659121920 59.721933 124 124 165292 124000 91 186 120 160000 250000 113 150637 116777 12 16000 25000 12 16000 25000 22763
1790084330208195 10 0 0 10 10 10 0 0 0 0 0 0 112 91 91 0 1800 1688 1597 0 1597 0 0 0 102654547 4558977 0 4438226 228974 208086 40127686 1857044 3826610 6494179065 6494179065 0 5054904277 1659121920 59.721891 116 116 154628 116000 22 171 120 160000 250000 113 150637 115776 12 16000 25000 12 16000 25000 22762
1790084330288569 10 0 0 10 10 10 0 0 0 0 0 0 105 97 97 0 1800 1695 1598 0 1598 0 0 0 102734583 4559062 0 4438240 229162 208095 40127696 1857073 3828247 6498434536 6498434536 0 5065407118 1659121920 59.770647 107 107 142631 107000 7 156 120 160000 250000 119 158635 121803 12 16000 25000 12 16000 25000 22778
1790084330310158 10 0 0 10 10 10 0 0 0 0 0 0 104 97 97 0 1800 1696 1599 0 1599 0 0 0 102750427 4559144 0 4438255 229252 208107 40133174 1857134 3831414 6506083740 6506083740 0 5066897338 1659121920 59.775021 107 107 142631 107000 81 150 120 160000 250000 119 158635 121811 12 16000 25000 12 16000 25000 22786
1790084330324385 10 0 0 10 10 10 0 0 0 0 0 0 103 97 97 0 1800 1697 1600 0 1600 0 0 0 102758501 4559238 0 4438270 229355 208124 40139020 1857196 3836055 6510363529 6510363529 0 5068395304 1659121920 59.783783 109 109 145297 109000 308 166 120 160000 250000 119 158635 121819 12 16000 25000 12 16000 25000 22795
1790084330337766 10 0 0 10 10 10 0 0 0 0 0 0 102 97 97 0 1800 1698 1601 0 1601 0 0 0 102771628 4559319 0 4438285 229432 208133 40139028 1857256 3837608 6514750769 6514750769 0 5069895618 1659121920 59.789757 108 108 143964 108000 125 163 120 160000 250000 119 158635 121827 12 16000 25000 12 16000 25000 22803
1790084330362429 10 0 0 10 10 10 0 0 0 0 0 0 101 97 97 0 1800 1699 1602 0 1602 0 0 0 102796045 4559409 0 4438301 229497 208141 40139037 1857309 3839151 6519015938 6519015938 0 5071394676 1659121920 59.789425 111 111 147963 111000 532 200 120 160000 250000 119 158635 121835 12 16000 25000 12 16000 25000 22811
1790084330576337 10 0 0 10 10 10 0 0 0 0 0 0 100 97 97 0 1800 1700 1603 0 1603 0 0 0 102802044 4559494 0 4438315 229594 208155 40346674 1857367 3842145 6522854807 6522854807 0 5072614547 1659121920 59.796872 110 110 146630 110000 161 198 120 160000 250000 119 158635 121842 12 16000 25000 12 16000 25000 22817
1790084330580578 10 0 0 10 10 10 0 0 0 0 0 0 99 97 97 0 1800 1701 1604 0 1604 0 0 0 102806027 4559575 0 4438330 229675 208164 40346681 1857430 3843631 6527096567 6527096567 0 5074122954 1659121920 59.808007 110 110 146630 110000 726 251 120 160000 250000 119 158635 121850 12 16000 25000 12 16000 25000 22825
1790084330594745 10 0 0 10 10 10 0 0 0 0 0 0 98 97 97 0 1800 1702 1605 0 1605 0 0 0 102819951 4559659 0 4438343 229750 208172 40346690 1857480 3845121 6533660003 6533660003 0 5075645013 1659121920 59.813723 110 110 146630 110000 283 255 120 160000 250000 119 158635 121858 12 16000 25000 12 16000 25000 22833
1790084330600646 10 0 0 10 10 10 0 0 0 0 0 0 97 97 97 0 1800 1703 1606 0 1606 0 0 0 102825599 4559741 0 4438358 229833 208185 40346701 1857527 3847985 6540203904 6540203904 0 5077143505 1659121920 59.823839 110 110 146630 110000 824 311 120 160000 250000 119 158635 121866 12 16000 25000 12 16000 25000 22841
1790084330609171 10 0 0 10 10 10 0 0 0 0 0 0 96 97 97 0 1800 1704 1607 0 1607 0 0 0 102833088 4559824 0 4438373 229926 208202 40347474 1857580 3852204 6541886360 6541886360 0 5078637966 1659121920 59.832892 110 110 146630 110000 254 307 120 160000 250000 119 158635 121868 12 16000 25000 12 16000 25000 22843
1790084330635297 10 0 0 10 10 10 0 0 0 0 0 0 95 97 97 0 1800 1705 1608 0 1608 0 0 0 102840745 4559909 0 4438388 230045 208216 40365649 1857636 3856332 6546206858 6546206858 0 5080130962 1659121920 59.841837 108 108 143964 108000 308 308 120 160000 250000 119 158635 121882 12 16000 25000 12 16000 25000 22856
1790084330649201 10 0 0 10 10 10 0 0 0 0 0 0 94 97 96 1 1800 1706 1609 0 1609 0 0 0 102854372 4559991 0 4438403 230149 208225 40365656 1857693 3857721 6559343225 6552782839 0 5081656415 1659121920 59.847743 109 109 145297 109000 814 358 120 160000 250000 118 157302 121893 12 16000 25000 12 16000 25000 22868
1790084330649355 10 0 0 10 10 10 0 0 0 0 0 0 94 96 96 0 1800 1706 1610 0 1610 0 0 0 102854372 4560067 0 4438420 230149 208232 40365659 1857744 3857721 6559343225 6559343225 0 5081656415 1659121920 59.847700 110 110 146630 110000 968 418 120 160000 250000 118 157302 120891 12 16000 25000 12 16000 25000 22866
1790084330730133 10 0 0 10 10 10 0 0 0 0 0 0 92 97 97 0 1800 1708 1611 0 1611 0 0 0 102876045 4560160 0 4438438 230260 208247 40424488 1857783 3863067 6559787474 6559787474 0 5084650702 1659121920 59.862155 111 111 147963 111000 361 414 120 160000 250000 119 158635 121895 12 16000 25000 12 16000 25000 22868
1790084330758576 10 0 0 10 10 10 0 0 0 0 0 0 91 97 97 0 1800 1709 1612 0 1612 0 0 0 102883517 4560244 0 4438453 230358 208261 40445175 1857852 3867016 6566345916 6566345916 0 5085887041 1659121920 59.868919 110 110 146630 110000 67 381 120 160000 250000 119 158635 121901 12 16000 25000 12 16000 25000 22876
1790084330775300 10 0 0 10 10 10 0 0 0 0 0 0 90 97 96 1 1800 1710 1613 0 1613 0 0 0 102892502 4560327 0 4438468 230494 208276 40452600 1857911 3872196 6576383424 6573154480 0 5087384613 1659121920 59.877158 110 110 146630 110000 1100 452 120 160000 250000 119 158635 123294 12 16000 25000 12 16000 25000 24269
1790084330775543 10 0 1 9 10 10 0 0 0 0 0 0 90 96 96 0 1800 1710 1614 0 1614 0 0 0 102892502 4560426 0 4438497 230494 208341 40452603 1857970 3872196 6576383424 6576383424 0 5087384613 1659121920 59.877103 112 112 149296 112000 1104 516 120 160000 250000 107 142635 121293 12 16000 25000 12 16000 25000 24269
1790084330811121 10 0 0 10 10 10 0 0 0 0 0 0 88 97 97 0 1800 1712 1615 0 1615 0 0 0 102912045 4560509 0 4438512 230601 208357 40468375 1858004 3877294 6580624318 6580624318 0 5088602031 1659121920 59.876971 111 136 181189 113266 137 480 120 160000 250000 119 158635 123300 12 16000 25000 12 16000 25000 24277
1790084330869860 10 0 0 10 10 10 0 0 0 0 0 0 87 97 97 0 1800 1713 1616 0 1616 0 0 0 102930845 4560592 0 4438527 230706 208375 40507870 1858222 3882364 6587324494 6587324494 0 5090104682 1659121920 59.879784 113 139 184453 115307 805 513 120 160000 250000 119 158635 123309 12 16000 25000 12 16000 25000 24285
1790084330889086 10 0 0 10 10 10 0 0 0 0 0 0 86 97 97 0 1800 1714 1617 0 1617 0 0 0 102939482 4560683 0 4438541 230805 208391 40518173 1858282 3887286 6591596236 6591596236 0 5091323093 1659121920 59.885732 118 145 192615 120409 961 558 120 160000 250000 119 158635 123316 12 16000 25000 12 16000 25000 24292
1790084330921310 10 0 0 10 10 10 0 0 0 0 0 0 85 97 97 0 1800 1715 1618 0 1618 0 0 0 102956726 4560775 0 4438556 230904 208410 40532867 1858340 3890937 6597206085 6597206085 0 5092885842 1659121920 59.889937 117 144 190983 119388 176 521 120 160000 250000 119 158635 123322 12 16000 25000 12 16000 25000 24299
1790084330986574 10 0 1 9 10 10 0 0 0 0 0 0 84 97 97 0 1800 1716 1619 0 1619 0 0 0 102965744 4560850 0 4438557 230988 208426 40588863 1858396 3895756 6597404565 6597404565 0 5094372205 1659121920 59.898055 116 143 189350 118368 165 488 120 160000 250000 108 143968 122326 12 16000 25000 12 16000 25000 24301
1790084331061042 10 0 0 10 10 10 0 0 0 0 0 0 83 97 97 0 1800 1717 1620 0 1620 0 0 0 102974291 4560932 0 4438572 231075 208443 40654522 1858454 3901721 6602740400 6602740400 0 5094372205 1659121920 59.893249 114 166 220209 118654 17 443 120 160000 250000 119 158635 123331 12 16000 25000 12 16000 25000 24307
1790084331108510 10 0 0 10 10 10 0 0 0 0 0 0 82 97 97 0 1800 1718 1621 0 1621 0 0 0 102981416 4561024 0 4438587 231178 208456 40694597 1858496 3905261 6609945543 6609945543 0 5095869890 1659121920 59.902511 117 170 226004 121776 316 431 120 160000 250000 119 158635 123339 12 16000 25000 12 16000 25000 24315
1790084331212042 10 0 0 10 10 10 0 0 0 0 0 0 81 97 97 0 1800 1719 1622 0 1622 0 0 0 103084702 4561104 0 4438601 231244 208464 40694606 1858556 3906896 6610478825 6610478825 0 5097366444 1659121920 59.858249 118 171 227936 122817 137 403 120 160000 250000 119 158635 123339 12 16000 25000 12 16000 25000 24316
1790084331255992 10 0 0 10 10 10 0 0 0 0 0 0 80 97 97 0 1800 1720 1623 0 1623 0 0 0 103128396 4561188 0 4438619 231316 208472 40694614 1858621 3908467 6614852310 6614852310 0 5098873904 1659121920 59.847265 110 160 212482 114490 6 366 120 160000 250000 119 158635 123348 12 16000 25000 12 16000 25000 24324
1790084331291078 10 0 0 10 10 10 0 0 0 0 0 0 79 97 97 0 1800 1721 1624 0 1624 0 0 0 103156355 4561282 0 4438639 231397 208486 40701485 1858670 3913017 6621521556 6621521556 0 5100374104 1659121920 59.844961 109 158 210551 113449 68 338 120 160000 250000 119 158635 123352 12 16000 25000 12 16000 25000 24332
1790084331313933 10 0 0 10 10 10 0 0 0 0 0 0 78 97 96 1 1800 1722 1625 0 1625 0 0 0 103178911 4561368 0 4438652 231506 208495 40701494 1858738 3914487 6629357324 6625899913 0 5101877718 1659121920 59.845693 107 156 206687 111368 63 312 120 160000 250000 119 158635 123368 12 16000 25000 12 16000 25000 24347
1790084331314095 10 0 0 10 10 10 0 0 0 0 0 0 78 96 96 0 1800 1722 1626 0 1626 0 0 0 103178911 4561447 0 4438670 231506 208502 40701497 1858793 3914487 6629357324 6629357324 0 5101877718 1659121920 59.845650 107 156 206687 111368 316 314 120 160000 250000 118 157302 122364 12 16000 25000 12 16000 25000 24346
1790084331331747 10 0 0 10 10 10 0 0 0 0 0 0 76 97 97 0 1800 1724 1627 0 1627 0 0 0 103188420 4561530 0 4438686 231627 208517 40709370 1858826 3918810 6633594403 6633594403 0 5104583418 1659121920 59.864270 107 156 206687 111368 329 316 120 160000 250000 119 158635 123375 12 16000 25000 12 16000 25000 24355
1790084331355922 10 0 0 10 10 10 0 0 0 0 0 0 75 97 97 0 1800 1725 1628 0 1628 0 0 0 103212341 4561612 0 4438702 231695 208526 40709377 1858893 3920218 6634681340 6634681340 0 5106080960 1659121920 59.864188 109 158 210551 113449 285 314 120 160000 250000 119 158635 123375 12 16000 25000 12 16000 25000 24357
1790084331369840 10 0 0 10 10 10 0 0 0 0 0 0 74 97 97 0 1800 1726 1629 0 1629 0 0 0 103226011 4561694 0 4438717 231773 208534 40709386 1858945 3921623 6638932976 6638932976 0 5107307920 1659121920 59.867407 106 154 204756 110327 31 287 120 160000 250000 119 158635 123382 12 16000 25000 12 16000 25000 24364
1790084331393909 10 0 0 10 10 10 0 0 0 0 0 0 73 97 97 0 1800 1727 1630 0 1630 0 0 0 103249839 4561775 0 4438731 231852 208542 40709394 1858994 3923029 6640836948 6640836948 0 5108810551 1659121920 59.867422 105 153 202824 109286 991 357 120 160000 250000 119 158635 123385 12 16000 25000 12 16000 25000 24367
1790084331481945 10 0 0 10 10 10 0 0 0 0 0 0 72 97 97 0 1800 1728 1631 0 1631 0 0 0 103316518 4561870 0 4438749 231936 208555 40730483 1859053 3927106 6647639822 6647639822 0 5110311525 1659121920 59.843634 106 154 204756 110327 185 341 120 160000 250000 119 158635 123393 12 16000 25000 12 16000 25000 24375
1790084331485949 10 0 0 10 10 10 0 0 0 0 0 0 71 97 97 0 1800 1729 1632 0 1632 0 0 0 103320290 4561956 0 4438766 231986 208563 40730492 1859115 3928450 6651913412 6651913412 0 5111822845 1659121920 59.854854 108 157 208619 112409 972 403 120 160000 250000 119 158635 123398 12 16000 25000 12 16000 25000 24383
1790084331593592 10 0 0 10 10 10 0 0 0 0 0 0 70 97 97 0 1800 1730 1633 0 1633 0 0 0 103378076 4562040 0 4438781 232091 208576 40780072 1859167 3932390 6658525935 6658525935 0 5113332892 1659121920 59.836106 108 157 208619 112409 633 426 120 160000 250000 119 158635 123409 12 16000 25000 12 16000 25000 24391
1790084331600935 10 0 0 10 10 10 0 0 0 0 0 0 69 97 97 0 1800 1731 1634 0 1634 0 0 0 103385134 4562125 0 4438797 232186 208589 40780088 1859224 3936239 6659200426 6659200426 0 5114560384 1659121920 59.842991 110 160 212482 114490 877 471 120 160000 250000 119 158635 123409 12 16000 25000 12 16000 25000 24391
1790084331653716 10 0 0 10 10 10 0 0 0 0 0 0 68 97 97 0 1800 1732 1635 0 1635 0 0 0 103437682 4562209 0 4438814 232236 208598 40780096 1859289 3937513 6663398427 6663398427 0 5116058176 1659121920 59.827053 110 160 212482 114490 148 440 120 160000 250000 119 158635 123414 12 16000 25000 12 16000 25000 24399
1790084331756822 10 0 0 10 10 10 0 0 0 0 0 0 67 97 96 1 1800 1733 1636 0 1636 0 0 0 103446527 4562303 0 4438832 232388 208618 40874012 1859349 3942524 6670551303 6663799104 0 5117559290 1659121920 59.835356 117 170 226004 121776 95 407 120 160000 250000 119 158635 123427 12 16000 25000 12 16000 25000 24408
1790084331756989 10 0 0 10 10 10 0 0 0 0 0 0 67 96 96 0 1800 1733 1637 0 1637 0 0 0 103446527 4562383 0 4438851 232388 208626 40874015 1859408 3942524 6670551303 6670551303 0 5117559290 1659121920 59.835312 122 177 235662 126980 18 370 120 160000 250000 118 157302 122422 12 16000 25000 12 16000 25000 24407
1790084331782812 10 0 0 10 10 10 0 0 0 0 0 0 65 97 96 1 1800 1735 1638 0 1638 0 0 0 103472067 4562465 0 4438866 232525 208634 40874024 1859440 3943781 6676166327 6674111878 0 5120573502 1659121920 59.847729 125 182 241457 130103 396 374 120 160000 250000 119 158635 123436 12 16000 25000 12 16000 25000 24417
1790084331782972 10 0 0 10 10 10 0 0 0 0 0 0 65 96 96 0 1800 1735 1639 0 1639 0 0 0 103472067 4562545 0 4438882 232525 208641 40874028 1859491 3943781 6676166327 6676166327 0 5120573502 1659121920 59.847685 128 186 247252 133225 145 353 120 160000 250000 118 157302 122431 12 16000 25000 12 16000 25000 24416
1790084331807320 10 0 0 10 10 10 0 0 0 0 0 0 63 97 97 0 1800 1737 1640 0 1640 0 0 0 103492495 4562637 0 4438901 232639 208658 40877677 1859523 3948563 6682695956 6682695956 0 5123573723 1659121920 59.862799 131 190 253047 136347 60 326 120 160000 250000 119 158635 123443 12 16000 25000 12 16000 25000 24426
1790084331825404 10 0 0 10 10 10 0 0 0 0 0 0 62 97 97 0 1800 1738 1641 0 1641 0 0 0 103502363 4562738 0 4438924 232751 208677 40885570 1859595 3954292 6684349877 6684349877 0 5125065308 1659121920 59.870440 142 206 274295 147796 189 314 120 160000 250000 119 158635 123447 12 16000 25000 12 16000 25000 24429
1790084331878572 10 0 0 10 10 10 0 0 0 0 0 0 61 97 97 0 1800 1739 1642 0 1642 0 0 0 103555277 4562823 0 4438940 232820 208686 40885577 1859658 3955429 6685959134 6685959134 0 5126298522 1659121920 59.851969 150 218 289748 156123 337 318 120 160000 250000 119 158635 123449 12 16000 25000 12 16000 25000 24431
1790084331883900 10 0 0 10 10 10 0 0 0 0 0 0 60 97 97 0 1800 1740 1643 0 1643 0 0 0 103560349 4562912 0 4438959 232893 208697 40885588 1859712 3957698 6691263045 6691263045 0 5127794169 1659121920 59.862304 147 213 283953 153000 27 291 120 160000 250000 119 158635 123458 12 16000 25000 12 16000 25000 24439
1790084332008822 10 0 0 10 10 10 0 0 0 0 0 0 59 97 97 0 1800 1741 1644 0 1644 0 0 0 103606747 4562996 0 4438974 232985 208710 40963850 1859768 3961012 6696705069 6696705069 0 5129289357 1659121920 59.849763 155 225 299407 161327 1846 443 120 160000 250000 119 158635 123466 12 16000 25000 12 16000 25000 24446
1790084332028790 10 0 0 10 10 10 0 0 0 0 0 0 58 97 97 0 1800 1742 1645 0 1645 0 0 0 103617794 4563083 0 4438991 233095 208728 40972476 1859826 3966378 6703523912 6703523912 0 5130794769 1659121920 59.856874 159 231 307133 165490 210 421 120 160000 250000 119 158635 123474 12 16000 25000 12 16000 25000 24454
1790084332034094 10 0 0 10 10 10 0 0 0 0 0 0 57 97 97 0 1800 1743 1646 0 1646 0 0 0 103622834 4563168 0 4439007 233174 208740 40972488 1859885 3968519 6707942780 6707942780 0 5132294381 1659121920 59.867258 173 251 334176 180062 374 417 120 160000 250000 119 158635 123482 12 16000 25000 12 16000 25000 24463
1790084332133044 10 0 0 10 10 10 0 0 0 0 0 0 56 97 97 0 1800 1744 1647 0 1647 0 0 0 103640734 4563253 0 4439022 233275 208753 41053262 1859943 3972669 6712184783 6712184783 0 5133796954 1659121920 59.870550 189 274 365083 196715 184 395 120 160000 250000 119 158635 123490 12 16000 25000 12 16000 25000 24471
1790084332318408 10 0 0 10 10 10 0 0 0 0 0 0 55 97 97 0 1800 1745 1648 0 1648 0 0 0 103658660 4563342 0 4439040 233371 208784 41220405 1860003 3976753 6713888294 6713888294 0 5135301028 1659121920 59.873838 197 286 380536 205041 831 438 120 160000 250000 119 158635 123493 12 16000 25000 12 16000 25000 24474
1790084332332405 10 0 0 10 10 10 0 0 0 0 0 0 54 97 97 0 1800 1746 1649 0 1649 0 0 0 103672404 4563437 0 4439057 233429 208793 41220413 1860070 3977769 6718260159 6718260159 0 5136802321 1659121920 59.879411 195 283 376673 202960 331 428 120 160000 250000 119 158635 123499 12 16000 25000 12 16000 25000 24482
1790084332373670 10 0 0 10 10 10 0 0 0 0 0 0 53 97 97 0 1800 1747 1650 0 1650 0 0 0 103690334 4563527 0 4439077 233546 208807 41243453 1860127 3981756 6723774801 6723774801 0 5138300337 1659121920 59.882640 201 292 388263 209205 1135 498 120 160000 250000 119 158635 123509 12 16000 25000 12 16000 25000 24491
1790084332426966 10 0 0 10 10 10 0 0 0 0 0 0 52 97 97 0 1800 1748 1651 0 1651 0 0 0 103718593 4563612 0 4439091 233644 208820 41268216 1860184 3985614 6724545386 6724545386 0 5139804618 1659121920 59.880214 203 295 392126 211286 1303 578 120 160000 250000 119 158635 123509 12 16000 25000 12 16000 25000 24491
1790084332465920 10 0 0 10 10 10 0 0 0 0 0 0 51 97 97 0 1800 1749 1652 0 1652 0 0 0 103736321 4563702 0 4439106 233741 208835 41289162 1860241 3989402 6728879502 6728879502 0 5141306556 1659121920 59.883588 194 282 374741 201919 15 524 120 160000 250000 119 158635 123518 12 16000 25000 12 16000 25000 24499
1790084332505239 10 0 1 9 10 10 0 0 0 0 0 0 50 97 97 0 1800 1750 1653 0 1653 0 0 0 103743921 4563792 0 4439118 233832 208899 41320552 1860307 3993133 6743621009 6743621009 0 5142829653 1659121920 59.892748 195 283 376673 202960 928 565 120 160000 250000 108 143968 122522 12 16000 25000 12 16000 25000 24501
1790084332514387 10 0 0 10 10 10 0 0 0 0 0 0 49 97 97 0 1800 1751 1654 0 1654 0 0 0 103749819 4563880 0 4439138 233905 208914 41323539 1860368 3996808 6744320596 6744320596 0 5142829653 1659121920 59.889438 203 340 452889 215429 609 571 120 160000 250000 119 158635 123519 12 16000 25000 12 16000 25000 24500
1790084332529061 10 0 0 10 10 10 0 0 0 0 0 0 48 97 97 0 1800 1752 1655 0 1655 0 0 0 103764184 4563962 0 4439153 233987 208922 41323547 1860475 3997766 6749769201 6749769201 0 5144330236 1659121920 59.894661 198 332 441734 210123 107 526 120 160000 250000 119 158635 123527 12 16000 25000 12 16000 25000 24508
1790084332540243 10 0 0 10 10 10 0 0 0 0 0 0 47 97 97 0 1800 1753 1656 0 1656 0 0 0 103770467 4564047 0 4439171 234070 208936 41328192 1860527 4000489 6756393017 6756393017 0 5145820769 1659121920 59.904262 198 332 441734 210123 348 510 120 160000 250000 119 158635 123534 12 16000 25000 12 16000 25000 24516
1790084332613697 10 0 0 10 10 10 0 0 0 0 0 0 46 97 97 0 1800 1754 1657 0 1657 0 0 0 103819085 4564135 0 4439188 234173 208954 41352742 1860584 4004866 6757691656 6757691656 0 5147322889 1659121920 59.890559 201 337 448427 213307 438 504 120 160000 250000 119 158635 123536 12 16000 25000 12 16000 25000 24517
1790084332641674 10 0 0 10 10 10 0 0 0 0 0 0 45 97 97 0 1800 1755 1658 0 1658 0 0 0 103827986 4564231 0 4439209 234294 208971 41371504 1860642 4009157 6762072330 6762072330 0 5148831876 1659121920 59.898864 195 327 435042 206939 57 461 120 160000 250000 119 158635 123544 12 16000 25000 12 16000 25000 24526
1790084332806775 10 0 0 10 10 10 0 0 0 0 0 0 44 97 97 0 1800 1756 1659 0 1659 0 0 0 103835278 4564321 0 4439227 234388 208989 41529022 1860712 4012549 6767398610 6767398610 0 5150328858 1659121920 59.907955 193 323 430580 204817 901 504 120 160000 250000 119 158635 123553 12 16000 25000 12 16000 25000 24534
1790084332837703 10 0 0 10 10 10 0 0 0 0 0 0 43 97 97 0 1800 1757 1660 0 1660 0 0 0 103852684 4564406 0 4439241 234491 209003 41542240 1860794 4015845 6773919580 6773919580 0 5151825755 1659121920 59.911457 195 327 435042 206939 1314 621 120 160000 250000 119 158635 123561 12 16000 25000 12 16000 25000 24542
1790084332853676 10 0 0 10 10 10 0 0 0 0 0 0 42 97 97 0 1800 1758 1661 0 1661 0 0 0 103861042 4564494 0 4439256 234595 209019 41549566 1860854 4019874 6778349929 6778349929 0 5153331021 1659121920 59.920030 201 337 448427 213307 1212 680 120 160000 250000 119 158635 123568 12 16000 25000 12 16000 25000 24549
1790084332948373 10 0 0 10 10 10 0 0 0 0 0 0 41 97 97 0 1800 1759 1662 0 1662 0 0 0 103916344 4564581 0 4439270 234687 209033 41588689 1860915 4022245 6784948335 6784948335 0 5154820450 1659121920 59.902530 197 330 439503 209062 327 647 120 160000 250000 119 158635 123576 12 16000 25000 12 16000 25000 24557
1790084333056043 10 0 0 10 10 10 0 0 0 0 0 0 40 97 97 0 1800 1760 1663 0 1663 0 0 0 103925776 4564673 0 4439288 234805 209054 41686613 1860973 4026828 6785665150 6785665150 0 5156056811 1659121920 59.908139 197 330 439503 209062 1242 706 120 160000 250000 119 158635 123576 12 16000 25000 12 16000 25000 24558
1790084333104039 10 0 0 10 10 10 0 0 0 0 0 0 39 97 97 0 1800 1761 1664 0 1664 0 0 0 103932841 4564760 0 4439305 234899 209068 41727259 1861043 4029834 6791017499 6791017499 0 5157552581 1659121920 59.917338 196 284 378604 204000 36 642 120 160000 250000 119 158635 123585 12 16000 25000 12 16000 25000 24566
1790084333127105 10 0 0 10 10 10 0 0 0 0 0 0 38 97 97 0 1800 1762 1665 0 1665 0 0 0 103939892 4564847 0 4439324 234999 209083 41742990 1861108 4032752 6792485044 6792485044 0 5159078918 1659121920 59.926811 190 276 367015 197756 123 593 120 160000 250000 119 158635 123587 12 16000 25000 12 16000 25000 24569
1790084333163307 10 0 0 10 10 10 0 0 0 0 0 0 37 97 97 0 1800 1763 1666 0 1666 0 0 0 103946571 4564932 0 4439338 235109 209097 41772222 1861169 4035613 6793633007 6793633007 0 5160590330 1659121920 59.936359 186 270 359288 193592 304 566 120 160000 250000 119 158635 123588 12 16000 25000 12 16000 25000 24570
1790084333192509 10 0 0 10 10 10 0 0 0 0 0 0 36 97 97 0 1800 1764 1667 0 1667 0 0 0 103974081 4565022 0 4439353 235236 209113 41773601 1861228 4039077 6798991906 6798991906 0 5162090466 1659121920 59.934299 186 270 359288 193592 205 531 120 160000 250000 119 158635 123597 12 16000 25000 12 16000 25000 24578
1790084333239844 10 0 0 10 10 10 0 0 0 0 0 0 35 97 97 0 1800 1765 1668 0 1668 0 0 0 103980895 4565110 0 4439368 235345 209128 41813829 1861286 4041801 6805638851 6805638851 0 5163585363 1659121920 59.943622 191 277 368946 198796 1225 599 120 160000 250000 119 158635 123605 12 16000 25000 12 16000 25000 24586
1790084333243212 10 0 0 10 10 10 0 0 0 0 0 0 34 97 97 0 1800 1766 1669 0 1669 0 0 0 103984014 4565192 0 4439387 235414 209136 41813837 1861351 4042484 6811113350 6811113350 0 5165092579 1659121920 59.955096 197 242 321569 201021 484 589 120 160000 250000 119 158635 123612 12 16000 25000 12 16000 25000 24594
1790084333265025 10 0 1 9 10 10 0 0 0 0 0 0 33 97 97 0 1800 1767 1670 0 1670 0 0 0 103991121 4565269 0 4439387 235530 209151 41828259 1861408 4045499 6811865863 6811865863 0 5166306055 1659121920 59.961789 197 242 321569 201021 332 565 120 160000 250000 108 143968 122617 12 16000 25000 12 16000 25000 24595
1790084333371079 10 0 0 10 10 10 0 0 0 0 0 0 32 97 97 0 1800 1768 1671 0 1671 0 0 0 104000328 4565359 0 4439407 235607 209167 41924849 1861464 4048439 6816892565 6816892565 0 5166306055 1659121920 59.956654 199 289 384399 207123 107 522 120 160000 250000 119 158635 123621 12 16000 25000 12 16000 25000 24601
1790084333469862 10 0 0 10 10 10 0 0 0 0 0 0 31 97 97 0 1800 1769 1672 0 1672 0 0 0 104006587 4565441 0 4439420 235707 209182 42017110 1861512 4050946 6817455089 6817455089 0 5167806354 1659121920 59.966331 226 328 436554 235225 1358 604 120 160000 250000 119 158635 123622 12 16000 25000 12 16000 25000 24602
1790084333511012 10 0 0 10 10 10 0 0 0 0 0 0 30 97 97 0 1800 1770 1673 0 1673 0 0 0 104012718 4565526 0 4439435 235805 209196 42051852 1861572 4053356 6824053381 6824053381 0 5169313130 1659121920 59.976132 224 325 432691 233143 11 547 120 160000 250000 119 158635 123629 12 16000 25000 12 16000 25000 24610
1790084333587441 10 0 0 10 10 10 0 0 0 0 0 0 29 97 97 0 1800 1771 1674 0 1674 0 0 0 104021704 4565688 0 4439456 236023 209219 42118805 1861633 4057021 6829575356 6829575356 0 5170546583 1659121920 59.981912 253 367 488709 263327 1270 619 120 160000 250000 119 158635 123637 12 16000 25000 12 16000 25000 24618
1790084333597407 10 0 0 10 10 10 0 0 0 0 0 0 28 97 97 0 1800 1772 1675 0 1675 0 0 0 104029547 4565831 0 4439487 236159 209240 42120386 1861852 4059916 6836148814 6836148814 0 5172051061 1659121920 59.990714 254 369 490640 264368 364 595 120 160000 250000 119 158635 124041 12 16000 25000 12 16000 25000 25022
1790084333620777 10 0 0 10 10 10 0 0 0 0 0 0 27 97 96 1 1800 1773 1676 0 1676 0 0 0 104052448 4565946 0 4439503 236264 209251 42120399 1862053 4060701 6843021399 6840424537 0 5173548882 1659121920 59.991153 254 369 490640 264368 307 568 120 160000 250000 119 158635 124048 12 16000 25000 12 16000 25000 25029
1790084335073687 10 0 1 9 10 10 0 0 0 0 0 0 27 96 96 0 1800 1773 1677 0 1677 0 0 0 104052448 6018619 0 5892013 236264 209265 42120402 1862247 4060701 6843021399 6843021399 0 5173548882 2073902400 62.793142 256 371 494504 266449 519 564 120 160000 250000 107 142635 121652 12 16000 25000 12 16000 25000 24634
1790084335075761 10 0 1 9 10 10 0 0 0 0 0 0 27 95 61 34 1800 1773 1678 0 1678 0 0 0 104052448 6018734 0 5892034 237920 209274 42120412 1862508 4060701 6994011565 6846451923 0 5173548882 2073902400 62.793076 93 156 207482 98694 2 510 120 160000 250000 102 135970 120934 12 16000 25000 12 16000 25000 24881
1790084335076111 10 0 1 9 10 10 0 0 0 0 0 0 27 91 61 30 1800 1773 1682 0 1682 0 0 0 104052448 6019013 0 5892090 237920 209283 42120415 1862550 4060701 6994011565 6862949734 0 5173548882 2073902400 62.792917 41 69 91471 43511 8 400 120 160000 250000 102 135970 116928 12 16000 25000 12 16000 25000 24876
1790084335076360 10 0 1 9 10 10 0 0 0 0 0 0 27 90 61 29 1800 1773 1683 0 1683 0 0 0 104052448 6019095 0 5892109 237920 209317 42120418 1862663 4060701 6994011565 6864033749 0 5173548882 2073902400 62.792871 33 56 73623 35021 3 363 120 160000 250000 95 126639 115915 12 16000 25000 12 16000 25000 24874
1790084335076841 10 0 1 9 10 10 0 0 0 0 0 0 27 84 61 23 1800 1773 1689 0 1689 0 0 0 104052448 6019505 0 5892196 237921 209325 42120420 1862703 4060701 6994011565 6896360550 0 5173548882 2073902400 62.792637 18 31 40158 19103 22 258 120 160000 250000 95 126639 109906 12 16000 25000 12 16000 25000 24866
1790084335077156 10 0 1 9 10 10 0 0 0 0 0 0 27 83 61 22 1800 1773 1690 0 1690 0 0 0 104052448 6019590 0 5892214 237921 209378 42120423 1862857 4060701 6994011565 6899820454 0 5173548882 2073902400 62.792588 18 31 40158 19103 32 237 120 160000 250000 88 117308 108896 12 16000 25000 12 16000 25000 24865
1790084335077621 10 0 1 9 10 10 0 0 0 0 0 0 27 77 61 16 1800 1773 1696 0 1696 0 0 0 104052448 6019996 0 5892295 237921 209386 42120426 1862890 4060701 6994011565 6925599640 0 5173548882 2073902400 62.792357 14 24 31234 14858 17 171 120 160000 250000 88 117308 102887 12 16000 25000 12 16000 25000 24856
1790084335077920 10 0 1 9 10 10 0 0 0 0 0 0 27 76 61 15 1800 1773 1697 0 1697 0 0 0 104052448 6020079 0 5892318 237921 209434 42120429 1863038 4060701 6994011565 6929086704 0 5173548882 2073902400 62.792309 14 24 31234 14858 36 159 120 160000 250000 81 107977 101874 12 16000 25000 12 16000 25000 24855
1790084335078372 10 0 1 9 10 10 0 0 0 0 0 0 27 70 61 9 1800 1773 1703 0 1703 0 0 0 104052448 6020474 0 5892394 237921 209441 42120432 1863069 4060701 6994011565 6954273742 0 5173548882 2073902400 62.792084 11 16 21249 11449 11 116 120 160000 250000 81 107977 95865 12 16000 25000 12 16000 25000 24846
1790084335078679 10 0 1 9 10 10 0 0 0 0 0 0 27 69 61 8 1800 1773 1704 0 1704 0 0 0 104052448 6020555 0 5892412 237921 209493 42120435 1863218 4060701 6994011565 6956494628 0 5173548882 2073902400 62.792038 11 16 21249 11449 13 107 120 160000 250000 77 102645 94856 12 16000 25000 12 16000 25000 24845
1790084335078947 10 0 1 9 10 10 0 0 0 0 0 0 27 66 61 5 1800 1773 1707 0 1707 0 0 0 104052448 6020766 0 5892456 237921 209500 42120438 1863250 4060701 6994011565 6969686357 0 5173548882 2073902400 62.791917 10 15 19317 10409 5 89 120 160000 250000 77 102645 91852 12 16000 25000 12 16000 25000 24841
1790084335079152 10 0 1 9 10 10 0 0 0 0 0 0 27 65 61 4 1800 1773 1708 0 1708 0 0 0 104052448 6020846 0 5892473 237921 209523 42120441 1863332 4060701 6994011565 6975053417 0 5173548882 2073902400 62.791872 10 15 19317 10409 267 107 120 160000 250000 75 99979 90846 12 16000 25000 12 16000 25000 24840
1790084335079286 10 0 1 9 10 10 0 0 0 0 0 0 27 64 61 3 1800 1773 1709 0 1709 0 0 0 104052448 6020924 0 5892489 237921 209530 42120444 1863361 4060701 6994011565 6978100634 0 5173548882 2073902400 62.791827 10 15 19317 10409 19 99 120 160000 250000 75 99979 89845 12 16000 25000 12 16000 25000 24838
1790084335079429 10 0 1 9 10 10 0 0 0 0 0 0 27 63 61 2 1800 1773 1710 0 1710 0 0 0 104052448 6021009 0 5892505 237921 209537 42120447 1863393 4060701 6994011565 6983439997 0 5173548882 2073902400 62.791779 10 15 19317 10409 3 91 120 160000 250000 72 95980 88842 12 16000 25000 12 16000 25000 24837
1790084335079625 10 0 1 9 10 10 0 0 0 0 0 0 27 61 61 0 1800 1773 1712 0 1712 0 0 0 104052448 6021148 0 5892535 237922 209544 42120449 1863424 4060701 6994011565 6994011565 0 5173548882 2073902400 62.791699 10 15 19317 10409 5 80 120 160000 250000 72 95980 86839 12 16000 25000 12 16000 25000 24834
1790084335318957 10 0 0 10 10 10 0 0 0 0 0 0 15 72 70 2 1800 1785 1713 0 1713 0 0 0 104290734 6021269 0 5892554 238742 209562 42120462 1863477 4062432 7010167946 6998336958 0 5189464942 2073902400 62.793592 10 15 19317 10409 6 74 120 160000 250000 94 125310 103458 12 16000 25000 12 16000 25000 26256
1790084335319260 10 0 0 10 10 10 0 0 0 0 0 0 15 71 70 1 1800 1785 1714 0 1714 0 0 0 104290734 6021350 0 5892572 238742 209571 42120465 1863667 4062432 7010167946 7002717360 0 5189464942 2073902400 62.793546 10 15 19317 10409 42 72 120 160000 250000 93 123977 102451 12 16000 25000 12 16000 25000 26255
1790084335319405 10 0 0 10 10 10 0 0 0 0 0 0 15 70 70 0 1800 1785 1715 0 1715 0 0 0 104290734 6021431 0 5892587 238743 209578 42120467 1863702 4062432 7010167946 7010167946 0 5189464942 2073902400 62.793500 10 15 19317 10409 35 70 120 160000 250000 92 122644 101448 12 16000 25000 12 16000 25000 26253
1790084335404824 10 0 0 10 10 10 0 0 0 0 0 0 15 69 69 0 1800 1785 1716 0 1716 0 0 0 104302622 6021522 0 5892603 239370 209630 42193157 1863737 4062432 7013694093 7013694093 0 5189464942 2073902400 62.786681 10 15 19317 10409 74 72 120 160000 250000 91 121311 100563 12 16000 25000 12 16000 25000 26259
1790084335497196 10 0 0 10 10 10 0 0 0 0 0 0 15 68 68 0 1800 1785 1717 0 1717 0 0 0 104313827 6021603 0 5892618 239968 209679 42273509 1863789 4062432 7017911493 7017911493 0 5189464942 2073902400 62.780259 10 15 19317 10409 68 72 120 160000 250000 90 119978 99695 12 16000 25000 12 16000 25000 26265
1790084335553648 10 0 0 10 10 10 0 0 0 0 0 0 15 67 67 0 1800 1785 1718 0 1718 0 0 0 104320803 6021687 0 5892635 240308 209715 42322453 1863837 4062432 7023230635 7023230635 0 5189464942 2073902400 62.776242 10 15 19317 10409 185 84 120 160000 250000 89 118645 98757 12 16000 25000 12 16000 25000 26272
1790084335655801 10 0 0 10 10 10 0 0 0 0 0 0 15 66 66 0 1800 1785 1719 0 1719 0 0 0 104336302 6021779 0 5892652 241076 209782 42408094 1863882 4062432 7029837661 7029837661 0 5189464942 2073902400 62.767373 10 15 19317 10409 388 115 120 160000 250000 88 117312 97920 12 16000 25000 12 16000 25000 26279
1790084335675249 10 0 0 10 10 10 0 0 0 0 0 0 15 65 65 0 1800 1785 1720 0 1720 0 0 0 104339440 6021855 0 5892667 241246 209805 42424066 1863928 4062432 7034143212 7034143212 0 5189464942 2073902400 62.765546 10 13 16324 10205 427 146 120 160000 250000 87 115979 96953 12 16000 25000 12 16000 25000 26284
1790084335731200 10 0 0 10 10 10 0 0 0 0 0 0 15 64 64 0 1800 1785 1721 0 1721 0 0 0 104346443 6021936 0 5892682 241603 209843 42472467 1863972 4062432 7040868237 7040868237 0 5189464942 2073902400 62.761517 10 13 16324 10205 336 165 120 160000 250000 86 114646 96028 12 16000 25000 12 16000 25000 26291
1790084335793263 10 0 0 10 10 10 0 0 0 0 0 0 15 63 63 0 1800 1785 1722 0 1722 0 0 0 104354678 6022021 0 5892696 242021 209886 42525678 1864014 4062432 7045267600 7045267600 0 5189464942 2073902400 62.756786 10 13 16324 10205 293 179 120 160000 250000 85 113313 95112 12 16000 25000 12 16000 25000 26298
1790084335808072 10 0 0 10 10 10 0 0 0 0 0 0 15 62 62 0 1800 1785 1723 0 1723 0 0 0 104358197 6022101 0 5892712 242211 209907 42536618 1864054 4062432 7050281701 7050281701 0 5189464942 2073902400 62.754740 10 13 16324 10205 191 181 120 160000 250000 84 111980 94151 12 16000 25000 12 16000 25000 26303
1790084335891758 10 0 0 10 10 10 0 0 0 0 0 0 15 61 61 0 1800 1785 1724 0 1724 0 0 0 104370766 6022188 0 5892725 242802 209960 42606931 1864093 4062432 7054633379 7054633379 0 5189464942 2073902400 62.747545 10 13 16324 10205 283 192 120 160000 250000 83 110647 93270 12 16000 25000 12 16000 25000 26309
1790084335923592 10 0 0 10 10 10 0 0 0 0 0 0 15 60 60 0 1800 1785 1725 0 1725 0 0 0 104375869 6022268 0 5892739 243060 209988 42633235 1864135 4062432 7061139731 7061139731 0 5189464942 2073902400 62.744599 10 13 16324 10205 82 182 120 160000 250000 82 109314 92323 12 16000 25000 12 16000 25000 26316
1790084335981766 10 0 0 10 10 10 0 0 0 0 0 0 15 59 59 0 1800 1785 1726 0 1726 0 0 0 104384926 6022353 0 5892755 243508 210033 42681702 1864177 4062432 7066913645 7066913645 0 5189464942 2073902400 62.739404 10 13 16324 10205 464 211 120 160000 250000 81 107981 91402 12 16000 25000 12 16000 25000 26322
1790084335986220 10 0 0 10 10 10 0 0 0 0 0 0 15 58 58 0 1800 1785 1727 0 1727 0 0 0 104386512 6022434 0 5892768 243608 210048 42684309 1864222 4062432 7067734345 7067734345 0 5189464942 2073902400 62.738457 10 10 13330 10000 342 225 120 160000 250000 80 106648 90416 12 16000 25000 12 16000 25000 26321
1790084335992692 10 0 0 10 10 10 0 0 0 0 0 0 15 57 57 0 1800 1785 1728 0 1728 0 0 0 104388502 6022512 0 5892782 243715 210064 42688531 1864261 4062432 7074251963 7074251963 0 5189464942 2073902400 62.737282 10 10 13330 10000 64 210 120 160000 250000 79 105315 89433 12 16000 25000 12 16000 25000 26328
1790084336050781 10 0 0 10 10 10 0 0 0 0 0 0 15 56 56 0 1800 1785 1729 0 1729 0 0 0 104396878 6022601 0 5892797 244126 210106 42737632 1864302 4062432 7075032369 7075032369 0 5189464942 2073902400 62.732472 10 10 13330 10000 280 218 120 160000 250000 78 103982 88507 12 16000 25000 12 16000 25000 26328
1790084336081913 10 0 0 10 10 10 0 0 0 0 0 0 15 55 55 0 1800 1785 1730 0 1730 0 0 0 104402071 6022686 0 5892811 244372 210131 42763141 1864349 4062432 7081711223 7081711223 0 5189464942 2073902400 62.729474 10 10 13330 10000 15 199 120 160000 250000 77 102649 87556 12 16000 25000 12 16000 25000 26334
1790084336099737 10 0 0 10 10 10 0 0 0 0 0 0 15 54 54 0 1800 1785 1731 0 1731 0 0 0 104406041 6022766 0 5892827 244558 210151 42776646 1864391 4062432 7086022971 7086022971 0 5189464942 2073902400 62.727173 10 10 13330 10000 469 226 120 160000 250000 76 101316 86589 12 16000 25000 12 16000 25000 26341
1790084336170725 10 0 0 10 10 10 0 0 0 0 0 0 15 53 53 0 1800 1785 1732 0 1732 0 0 0 104417219 6022852 0 5892842 245077 210218 42835719 1864430 4062432 7090396202 7090396202 0 5189464942 2073902400 62.720775 10 10 13330 10000 501 254 120 160000 250000 75 99983 85687 12 16000 25000 12 16000 25000 26348
1790084336171996 10 0 0 10 10 10 0 0 0 0 0 0 15 52 52 0 1800 1785 1733 0 1733 0 0 0 104418022 6022926 0 5892855 245131 210233 42835987 1864469 4062432 7094685118 7094685118 0 5189464942 2073902400 62.720277 10 10 13330 10000 325 262 120 160000 250000 74 98650 84694 12 16000 25000 12 16000 25000 26355
1790084336213071 10 0 1 9 10 10 0 0 0 0 0 0 15 51 51 0 1800 1785 1734 0 1734 0 0 0 104424181 6023066 0 5892913 245418 210358 42870287 1864506 4062545 7097610345 7097610345 0 5189464942 2073902400 62.716700 11 11 14663 11000 1208 355 120 160000 250000 62 82650 84130 12 16000 25000 12 16000 25000 27740
1790084336263862 10 0 0 10 10 10 0 0 0 0 0 0 14 51 51 0 1800 1786 1735 0 1735 0 0 0 104434364 6023146 0 5892926 245857 210396 42910257 1864550 4062559 7101227779 7101227779 0 5189464942 2073902400 62.710873 12 15 19588 12245 133 334 120 160000 250000 73 97317 85217 12 16000 25000 12 16000 25000 27745
1790084336437445 10 0 1 9 10 10 0 0 0 0 0 0 14 50 50 0 1800 1786 1736 0 1736 0 0 0 104454331 6023255 0 5892926 260030 210472 43049050 1864977 4062659 7101441541 7101441541 0 5189464942 2073902400 62.699477 12 15 19588 12245 939 394 120 160000 250000 61 81317 83433 12 16000 25000 12 16000 25000 27753
1790084336440856 10 0 0 10 10 10 0 0 0 0 0 0 13 50 50 0 1800 1787 1737 0 1737 0 0 0 104455321 6023333 0 5892941 260057 210481 43051245 1865070 4062677 7105828148 7105828148 0 5189464942 2073902400 62.698871 13 19 25112 13531 21 359 120 160000 250000 72 95984 84430 12 16000 25000 12 16000 25000 27752
1790084336448532 10 0 0 10 10 10 0 0 0 0 0 0 13 49 49 0 1800 1787 1738 0 1738 0 0 0 104456936 6023421 0 5892958 260125 210498 43057062 1865123 4062677 7111210624 7111210624 0 5189464942 2073902400 62.697905 13 19 25112 13531 228 347 120 160000 250000 71 94651 83437 12 16000 25000 12 16000 25000 27759
1790084336462160 10 0 0 10 10 10 0 0 0 0 0 0 13 48 48 0 1800 1787 1739 0 1739 0 0 0 104457745 6023501 0 5892971 260181 210509 43069674 1865164 4062677 7115524897 7115524897 0 5189464942 2073902400 62.697400 13 19 25112 13531 1204 431 120 160000 250000 70 93318 82444 12 16000 25000 12 16000 25000 27766
1790084336625664 10 0 1 9 10 10 0 0 0 0 0 0 13 47 47 0 1800 1787 1740 0 1740 0 0 0 104458644 6023601 0 5893000 260232 210568 43232013 1865199 4062716 7115723124 7115723124 0 5189464942 2073902400 62.696833 13 19 25112 13531 310 420 120 160000 250000 58 77318 75770 12 16000 25000 12 16000 25000 27766
1790084336640476 10 0 0 10 10 10 0 0 0 0 0 0 12 47 47 0 1800 1788 1741 0 1741 0 0 0 104460421 6023678 0 5893013 260308 210582 43244815 1865246 4062731 7120016476 7120016476 0 5189464942 2073902400 62.695781 13 22 29003 14592 1 381 120 160000 250000 69 91985 79777 12 16000 25000 12 16000 25000 27773
1790084336674792 10 0 0 10 10 10 0 0 0 0 0 0 12 46 46 0 1800 1788 1742 0 1742 0 0 0 104461254 6023754 0 5893028 260373 210591 43277788 1865584 4062731 7125435469 7125435469 0 5189464942 2073902400 62.695265 13 22 29003 14592 313 375 120 160000 250000 68 90652 78784 12 16000 25000 12 16000 25000 27780
1790084336705774 10 0 1 9 10 10 0 0 0 0 0 0 12 45 45 0 1800 1788 1743 0 1743 0 0 0 104462087 6023830 0 5893042 260430 210601 43307735 1865622 4062731 7129670809 7129670809 0 5189464942 2073902400 62.694749 14 24 31234 15715 127 352 120 160000 250000 67 89319 77791 12 16000 25000 12 16000 25000 27786
1790084336784669 10 0 1 9 10 10 0 0 0 0 0 0 11 45 45 0 1800 1789 1744 0 1744 0 0 0 104471722 6023909 0 5893043 260527 210610 43376753 1865660 4064145 7129815176 7129815176 0 5189464942 2073902400 62.689238 14 24 31234 15715 1172 432 120 160000 250000 67 89319 75988 12 16000 25000 12 16000 25000 28981
1790084336840044 10 0 1 9 10 10 0 0 0 0 0 0 11 44 44 0 1800 1789 1745 0 1745 0 0 0 104477136 6023989 0 5893057 260845 210643 43426167 1865744 4064145 7136461595 7136461595 0 5189464942 2073902400 62.686121 14 27 35425 16858 10 391 120 160000 250000 66 87986 75061 12 16000 25000 12 16000 25000 28987
1790084336890696 10 0 1 9 10 10 0 0 0 0 0 0 11 43 43 0 1800 1789 1746 0 1746 0 0 0 104483194 6024082 0 5893070 261169 210680 43470228 1865794 4064145 7143036905 7143036905 0 5189464942 2073902400 62.682632 14 27 35425 16858 477 401 120 160000 250000 65 86653 74134 12 16000 25000 12 16000 25000 28994
1790084336909140 10 0 1 9 10 10 0 0 0 0 0 0 11 42 42 0 1800 1789 1747 0 1747 0 0 0 104485135 6024159 0 5893082 261284 210700 43486441 1865851 4064145 7149735069 7149735069 0 5189464942 2073902400 62.681487 15 29 37955 18062 1412 500 120 160000 250000 64 85320 73156 12 16000 25000 12 16000 25000 29001
1790084336912648 10 0 1 9 10 10 0 0 0 0 0 0 11 41 41 0 1800 1789 1748 0 1748 0 0 0 104486117 6024235 0 5893096 261364 210713 43488741 1865892 4064145 7155191140 7155191140 0 5189464942 2073902400 62.680887 17 33 43016 20470 902 541 120 160000 250000 63 83987 72167 12 16000 25000 12 16000 25000 29008
1790084336950907 10 0 1 9 10 10 0 0 0 0 0 0 11 40 40 0 1800 1789 1749 0 1749 0 0 0 104490968 6024314 0 5893110 261666 210759 43521656 1865931 4064145 7160543388 7160543388 0 5189464942 2073902400 62.678091 18 35 45546 21674 89 498 120 160000 250000 62 82654 71238 12 16000 25000 12 16000 25000 29013
1790084336952195 10 0 1 9 10 10 0 0 0 0 0 0 11 39 39 0 1800 1789 1750 0 1750 0 0 0 104491616 6024388 0 5893124 261722 210769 43522089 1865977 4064145 7164962591 7164962591 0 5189464942 2073902400 62.677681 20 38 50607 24082 1286 576 120 160000 250000 61 81321 70243 12 16000 25000 12 16000 25000 29019
1790084337204266 10 0 1 9 10 10 0 0 0 0 0 0 11 38 38 0 1800 1789 1751 0 1751 0 0 0 104520139 6024500 0 5893139 263179 210900 43743844 1866010 4064145 7171502418 7171502418 0 5189464942 2073902400 62.661446 20 38 50607 24082 1506 668 120 160000 250000 60 79988 69594 12 16000 25000 12 16000 25000 29025
1790084337213496 10 0 1 9 10 10 0 0 0 0 0 0 11 37 37 0 1800 1789 1752 0 1752 0 0 0 104520826 6024580 0 5893153 263262 210912 43752117 1866088 4064145 7173496784 7173496784 0 5189464942 2073902400 62.661011 21 40 53137 25286 452 648 120 160000 250000 59 78655 68599 12 16000 25000 12 16000 25000 29026
1790084337239151 10 0 1 9 10 10 0 0 0 0 0 0 11 36 36 0 1800 1789 1753 0 1753 0 0 0 104524758 6024659 0 5893167 263498 210935 43773422 1866144 4064145 7180068484 7180068484 0 5189464942 2073902400 62.658737 22 42 55667 26490 90 595 120 160000 250000 58 77322 67652 12 16000 25000 12 16000 25000 29033
1790084337287190 10 0 1 9 10 10 0 0 0 0 0 0 11 35 35 0 1800 1789 1754 0 1754 0 0 0 104530011 6024738 0 5893181 263796 210962 43815730 1866193 4064145 7186481206 7186481206 0 5189464942 2073902400 62.655715 26 50 65788 31307 1259 661 120 160000 250000 57 75989 66716 12 16000 25000 12 16000 25000 29039
1790084337321277 10 0 1 9 10 10 0 0 0 0 0 0 11 34 34 0 1800 1789 1755 0 1755 0 0 0 104534938 6024815 0 5893196 264067 210992 43844448 1866234 4064145 7191875446 7191875446 0 5189464942 2073902400 62.652880 30 57 75910 36123 1579 751 120 160000 250000 56 74656 65774 12 16000 25000 12 16000 25000 29045
1790084337359693 10 0 1 9 10 10 0 0 0 0 0 0 11 33 33 0 1800 1789 1756 0 1756 0 0 0 104539887 6024908 0 5893212 264344 211021 43877451 1866276 4064145 7198632486 7198632486 0 5189464942 2073902400 62.650022 31 59 78440 37327 128 691 120 160000 250000 55 73323 64835 12 16000 25000 12 16000 25000 29052
1790084337417799 10 0 1 9 10 10 0 0 0 0 0 0 11 32 32 0 1800 1789 1757 0 1757 0 0 0 104546475 6024993 0 5893225 264681 211057 43928436 1866321 4064145 7205286623 7205286623 0 5189464942 2073902400 62.646241 31 59 78440 37327 925 715 120 160000 250000 54 71990 63911 12 16000 25000 12 16000 25000 29059
1790084337461106 10 0 1 9 10 10 0 0 0 0 0 0 11 31 31 0 1800 1789 1758 0 1758 0 0 0 104551452 6025073 0 5893239 264991 211083 43966286 1866363 4064145 7209686980 7209686980 0 5189464942 2073902400 62.643376 33 63 83501 39735 1465 789 120 160000 250000 53 70657 62984 12 16000 25000 12 16000 25000 29066
1790084337468779 10 0 1 9 10 10 0 0 0 0 0 0 11 30 30 0 1800 1789 1759 0 1759 0 0 0 104552477 6025153 0 5893256 265067 211095 43972694 1866415 4064145 7214024100 7214024100 0 5189464942 2073902400 62.642750 41 78 103743 49368 1157 826 120 160000 250000 52 69324 61995 12 16000 25000 12 16000 25000 29072
1790084337632211 10 0 1 9 10 10 0 0 0 0 0 0 11 29 29 0 1800 1789 1760 0 1760 0 0 0 104572432 6025243 0 5893271 266047 211187 44114924 1866454 4064145 7218409300 7218409300 0 5189464942 2073902400 62.631397 52 99 131576 62613 1185 862 120 160000 250000 51 67991 61218 12 16000 25000 12 16000 25000 29078
1790084337786417 10 0 1 9 10 10 0 0 0 0 0 0 11 28 28 0 1800 1789 1761 0 1761 0 0 0 104591445 6025349 0 5893286 266990 211282 44248871 1866508 4064145 7223797595 7223797595 0 5189464942 2073902400 62.620572 69 131 174592 83082 1552 930 120 160000 250000 50 66658 60438 12 16000 25000 12 16000 25000 29084
1790084337856689 10 0 1 9 10 10 0 0 0 0 0 0 11 27 27 0 1800 1789 1762 0 1762 0 0 0 104599867 6025438 0 5893300 267422 211319 44310060 1866581 4064145 7230442381 7230442381 0 5189464942 2073902400 62.615754 94 179 237849 113184 229 862 120 160000 250000 49 65325 59540 12 16000 25000 12 16000 25000 29091
1790084338076665 10 0 1 9 10 10 0 0 0 0 0 0 11 26 26 0 1800 1789 1763 0 1763 0 0 0 104600930 6025524 0 5893316 267504 211330 44528685 1866670 4064145 7235698075 7235698075 0 5189464942 2073902400 62.615104 95 181 240380 114388 65 750 120 160000 250000 48 63992 58547 12 16000 25000 12 16000 25000 29098
1790084338291166 10 0 1 9 10 10 0 0 0 0 0 0 11 25 25 0 1800 1789 1764 0 1764 0 0 0 104601961 6025617 0 5893345 267564 211342 44741918 1866724 4064145 7241029101 7241029101 0 5189464942 2073902400 62.614467 100 190 253031 120409 396 717 120 160000 250000 47 62659 57553 12 16000 25000 12 16000 25000 29103
1790084338420859 10 0 1 9 10 10 0 0 0 0 0 0 11 24 24 0 1800 1789 1765 0 1765 0 0 0 104602669 6025701 0 5893358 267622 211353 44870691 1866765 4064145 7246829692 7246829692 0 5189464942 2073902400 62.614019 103 196 260622 124021 491 696 120 160000 250000 46 61326 56558 12 16000 25000 12 16000 25000 29108
1790084338428033 10 0 1 9 10 10 0 0 0 0 0 0 11 23 23 0 1800 1789 1766 0 1766 0 0 0 104603351 6025776 0 5893372 267677 211364 44876986 1866805 4064145 7252061358 7252061358 0 5189464942 2073902400 62.613591 107 204 270743 128837 1024 729 120 160000 250000 45 59993 55565 12 16000 25000 12 16000 25000 29115
1790084338461566 10 0 1 9 10 10 0 0 0 0 0 0 11 22 22 0 1800 1789 1767 0 1767 0 0 0 104604049 6025850 0 5893384 267735 211375 44909625 1866841 4064145 7258740757 7258740757 0 5189464942 2073902400 62.613154 108 205 273274 130041 1756 830 120 160000 250000 44 58660 54572 12 16000 25000 12 16000 25000 29122
1790084338467543 10 0 1 9 10 10 0 0 0 0 0 0 11 21 21 0 1800 1789 1768 0 1768 0 0 0 104604743 6025926 0 5893398 267794 211385 44914703 1866881 4064145 7264100218 7264100218 0 5189464942 2073902400 62.612718 108 205 273274 130041 275 777 120 160000 250000 43 57327 53578 12 16000 25000 12 16000 25000 29128
1790084338468554 10 0 1 9 10 10 0 0 0 0 0 0 11 20 20 0 1800 1789 1769 0 1769 0 0 0 104605439 6026000 0 5893412 267848 211398 44914827 1866916 4064145 7270768873 7270768873 0 5189464942 2073902400 62.612282 108 205 273274 130041 1705 869 120 160000 250000 42 55994 52585 12 16000 25000 12 16000 25000 29135
1790084338611205 10 0 1 9 10 10 0 0 0 0 0 0 11 19 19 0 1800 1789 1770 0 1770 0 0 0 104606490 6026088 0 5893427 267915 211409 45056085 1867068 4064145 7274242770 7274242770 0 5189464942 2073902400 62.611638 110 209 278334 132449 1497 931 120 160000 250000 41 54661 51590 12 16000 25000 12 16000 25000 29140
1790084338798476 10 0 1 9 10 10 0 0 0 0 0 0 11 18 18 0 1800 1789 1771 0 1771 0 0 0 104607205 6026176 0 5893451 267973 211420 45242424 1867111 4064145 7281007047 7281007047 0 5189464942 2073902400 62.611183 107 204 270743 128837 73 849 120 160000 250000 40 53328 50597 12 16000 25000 12 16000 25000 29147
1790084338815395 10 0 1 9 10 10 0 0 0 0 0 0 11 17 17 0 1800 1789 1772 0 1772 0 0 0 104607900 6026251 0 5893464 268041 211439 45258423 1867157 4064145 7284501597 7284501597 0 5189464942 2073902400 62.610747 109 207 275804 131245 1498 913 120 160000 250000 39 51995 49603 12 16000 25000 12 16000 25000 29153
1790084338861137 10 0 1 9 10 10 0 0 0 0 0 0 11 16 16 0 1800 1789 1773 0 1773 0 0 0 104608596 6026324 0 5893477 268102 211451 45303270 1867194 4064145 7288043752 7288043752 0 5189464942 2073902400 62.610312 109 207 275804 131245 669 890 120 160000 250000 38 50662 48608 12 16000 25000 12 16000 25000 29158
1790084338886434 10 0 2 8 10 10 0 0 0 0 0 0 11 15 15 0 1800 1789 1774 0 1774 0 0 0 104609306 6026412 0 5893491 268165 211461 45327635 1867240 4064145 7293456434 7293456434 0 5189464942 2073902400 62.609861 111 211 280864 133654 668 869 120 160000 250000 37 49329 47615 12 16000 25000 12 16000 25000 29165
1790084340089424 10 0 3 7 10 10 0 0 0 0 0 0 11 14 14 0 1800 1789 1775 0 1775 0 0 0 104610018 7120651 0 6987559 268212 211477 45435553 1867278 4064145 7295998919 7295998919 0 5189464942 2488682880 65.536638 111 211 280864 133654 1753 956 120 160000 250000 25 33329 45615 12 16000 25000 12 16000 25000 29165
1790084340090284 10 0 4 6 10 10 0 0 0 0 0 0 11 13 2 11 1800 1789 1776 0 1776 0 0 0 104610018 7120761 0 6987577 268743 211485 45435561 1867458 4064145 7363938888 7300210940 0 5189464942 2488682880 65.536573 72 153 203734 88164 3 864 120 160000 250000 22 29330 44724 12 16000 25000 12 16000 25000 29260
1790084340090528 10 0 4 6 10 10 0 0 0 0 0 0 11 11 2 9 1800 1789 1778 0 1778 0 0 0 104610018 7120926 0 6987608 268743 211492 45435564 1867509 4064145 7363938888 7308732777 0 5189464942 2488682880 65.536476 51 109 144312 62449 7 744 120 160000 250000 22 29330 42721 12 16000 25000 12 16000 25000 29257
1790084340090709 10 0 5 5 10 10 0 0 0 0 0 0 11 10 2 8 1800 1789 1779 0 1779 0 0 0 104610018 7121010 0 6987627 268743 211509 45435567 1867571 4064145 7363938888 7315405567 0 5189464942 2488682880 65.536427 46 98 130164 56327 7 673 120 160000 250000 18 23998 41713 12 16000 25000 12 16000 25000 29256
1790084340090980 10 0 5 5 10 10 0 0 0 0 0 0 11 7 2 5 1800 1789 1782 0 1782 0 0 0 104610018 7121219 0 6987671 268743 211516 45435569 1867604 4064145 7363938888 7334482687 0 5189464942 2488682880 65.536305 33 71 93378 40409 24 552 120 160000 250000 18 23998 38709 12 16000 25000 12 16000 25000 29251
1790084340091179 10 0 6 4 10 10 0 0 0 0 0 0 11 6 2 4 1800 1789 1783 0 1783 0 0 0 104610018 7121295 0 6987690 268743 211541 45435572 1867682 4064145 7363938888 7338777180 0 5189464942 2488682880 65.536260 30 64 84889 36735 8 500 120 160000 250000 17 22665 37706 12 16000 25000 12 16000 25000 29250
1790084340091310 10 0 7 3 10 10 0 0 0 0 0 0 11 5 2 3 1800 1789 1784 0 1784 0 0 0 104610018 7121372 0 6987708 268743 211548 45435575 1867710 4064145 7363938888 7345372020 0 5189464942 2488682880 65.536215 29 56 73379 34919 9 453 120 160000 250000 15 19999 36701 12 16000 25000 12 16000 25000 29249
1790084340091449 10 0 7 3 10 10 0 0 0 0 0 0 11 4 2 2 1800 1789 1785 0 1785 0 0 0 104610018 7121454 0 6987726 268743 211555 45435578 1867741 4064145 7363938888 7351978460 0 5189464942 2488682880 65.536167 26 50 65788 31307 7 410 120 160000 250000 15 19999 35699 12 16000 25000 12 16000 25000 29247
1790084340091581 10 0 8 2 10 10 0 0 0 0 0 0 11 3 2 1 1800 1789 1786 0 1786 0 0 0 104610018 7121532 0 6987743 268743 211563 45435580 1867769 4064145 7363938888 7358529861 0 5189464942 2488682880 65.536121 25 42 55775 29592 11 372 120 160000 250000 14 18666 34695 12 16000 25000 12 16000 25000 29246
1790084340091719 10 0 8 2 10 10 0 0 0 0 0 0 11 2 2 0 1800 1789 1787 0 1787 0 0 0 104610018 7121609 0 6987760 268743 211570 45435583 1867801 4064145 7363938888 7363938888 0 5189464942 2488682880 65.536076 25 42 55775 29592 22 339 120 160000 250000 13 17333 33693 12 16000 25000 12 16000 25000 29244
1790084340710318 10 0 9 1 10 10 0 0 0 0 0 0 11 1 1 0 1800 1789 1788 0 1788 0 0 0 104612074 7121706 0 6987780 268825 211584 46051887 1867830 4064145 7369337215 7369337215 0 5189464942 2488682880 65.534813 22 37 49082 26041 5 308 120 160000 250000 12 16000 32700 12 16000 25000 12 16000 25000 29251
1790084341956153 10 0 8 2 10 10 0 0 0 0 0 0 9 2 2 0 1800 1791 1789 0 1789 0 0 0 104725668 7122038 0 6987845 275329 212201 47176367 1867920 4065828 7369537541 7369537541 0 5189464942 2488682880 65.468060 22 37 49082 26041 128 291 120 160000 250000 24 32000 38844 12 16000 25000 12 16000 25000 30395
1790084342266971 10 0 8 2 10 10 0 0 0 0 0 0 8 2 2 0 1800 1792 1790 0 1790 0 0 0 104733672 7122130 0 6987846 275503 212213 47478541 1868251 4068012 7369836843 7369836843 0 5189464942 2488682880 65.463322 23 39 51313 27225 1 264 120 160000 250000 24 32000 35844 12 16000 25000 12 16000 25000 30395
1790084352938588 10 0 8 2 10 10 0 0 0 0 0 0 7 3 3 0 1800 1792 1790 0 1790 0 0 0 104740849 7122151 0 6987846 275673 212274 58141531 1868953 4068191 7369836843 7369836843 0 5189464942 2488682880 65.459110 23 44 58198 29103 25 232 120 160000 250000 24 32000 35846 12 16000 25000 12 16000 25000 30396
1790084352945017 10 0 8 2 10 10 0 0 0 0 0 0 7 2 2 0 1800 1793 1791 0 1791 0 0 0 104742136 7122307 0 6987927 275736 212332 58146861 1868953 4068191 7384911800 7384911800 0 5189464942 2488682880 65.458265 23 44 58198 29103 25 213 120 160000 250000 24 32000 34401 12 16000 25000 12 16000 25000 30396
1790084353573168 10 0 9 1 10 10 0 0 0 0 0 0 7 1 1 0 1800 1793 1792 0 1792 0 0 0 104742333 7122443 0 6987929 275899 212343 58774386 1869052 4068191 7385542473 7385542473 0 5189464942 2488682880 65.458070 22 47 62252 28286 14 195 120 160000 250000 12 16000 32400 12 16000 25000 12 16000 25000 30396
1790084356614395 10 0 8 2 10 10 0 0 0 0 0 0 5 2 2 0 1800 1795 1793 0 1793 0 0 0 104749309 7122561 0 6987951 276043 212439 61807775 1869515 4069544 7388552698 7388552698 0 5189464942 2488682880 65.453920 21 50 65709 27429 156 193 120 160000 250000 24 32000 37170 12 16000 25000 12 16000 25000 33165
1790084357418375 10 0 9 1 10 10 0 0 0 0 0 0 5 1 1 0 1800 1795 1794 0 1794 0 0 0 104749407 7122713 0 6987977 276214 212516 62611070 1869679 4069544 7403687992 7403687992 0 5189464942 2488682880 65.453773 21 50 65709 26143 105 185 120 160000 250000 12 16000 35169 12 16000 25000 12 16000 25000 33165
1790084358097285 10 0 8 2 10 10 0 0 0 0 0 0 3 2 2 0 1800 1797 1795 0 1795 0 0 0 104760169 7122782 0 6987978 276303 212528 63278577 1870119 4070574 7404350627 7404350627 0 5189464942 2488682880 65.447437 22 57 75423 27837 742 266 120 160000 250000 24 32000 38343 12 16000 25000 12 16000 25000 34336
1790084359076193 10 0 8 2 10 10 0 0 0 0 0 0 2 2 2 0 1800 1798 1796 0 1796 0 0 0 104760893 7122928 0 6987979 281982 212975 64250189 1870269 4070671 7404596618 7404596618 0 5189464942 2488682880 65.446928 22 62 82008 28286 43 245 120 160000 250000 24 32000 39662 12 16000 25000 12 16000 25000 34337
1790084362612529 10 0 9 1 10 10 0 0 0 0 0 0 2 1 1 0 1800 1798 1797 0 1797 0 0 0 104760937 8124091 0 7989007 282560 226620 66770796 1870425 4070671 7407099598 7407099598 0 5189464942 2903463360 68.370607 17 56 73547 22552 3 212 120 160000 250000 12 16000 37764 12 16000 25000 12 16000 25000 34337
1790084362703804 10 0 9 1 10 10 0 0 0 0 0 0 1 1 1 0 1800 1799 1798 0 1798 0 0 0 104761200 8124196 0 7989037 282644 226694 66861141 1870803 4070721 7410641794 7410641794 0 5189464942 2903463360 68.370384 17 56 73547 22552 3 184 120 160000 250000 12 16000 39110 12 16000 25000 12 16000 25000 37106
1790084365646909 10 0 9 1 10 10 0 0 0 0 0 0 0 1 1 0 1800 1800 1799 0 1799 0 0 0 104761649 8124288 0 7989038 282842 226718 69803411 1870849 4070843 7410908935 7410908935 0 5189464942 2903463360 68.370056 16 56 74010 21552 4 167 120 160000 250000 12 16000 39110 12 16000 25000 12 16000 25000 37106
1790084369431953 10 0 10 0 10 10 0 0 0 0 0 0 0 0 0 0 1800 1800 1800 0 1800 0 0 0 104761652 8986910 0 8851531 283067 226751 72724736 1871652 4070843 7413812908 7413812908 0 5189464942 3318243840 71.329107 13 49 64024 17776 1 152 120 160000 250000 0 0 37110 12 16000 25000 12 16000 25000 37106
1790084369497992 0 0 0 0 0 10 10 10 0 0 0 0 0 0 0 0 1800 1800 1800 0 1800 0 0 0 104761652 8986910 0 8851531 283067 226751 72724736 1871652 4070843 7413812908 7413812908 0 5189464942 3318243840 71.329107 13 51 67916 18041 4 138 0 0 0 0 0 0 0 0 0 0 0 0 0
