# timestamp workers_connected workers_init workers_idle workers_busy workers_able workers_joined workers_removed workers_released workers_idled_out workers_blocked workers_slow workers_lost tasks_waiting tasks_on_workers tasks_running tasks_with_results tasks_submitted tasks_dispatched tasks_done tasks_failed tasks_successful tasks_cancelled tasks_exhausted_attempts tasks_recovery time_send time_receive time_send_good time_receive_good time_status_msgs time_internal time_polling time_application time_scheduling time_execute time_execute_good time_execute_exhaustion bytes_sent bytes_received bandwidth capacity_tasks capacity_cores capacity_memory capacity_disk capacity_instantaneous capacity_weighted total_cores total_memory total_disk committed_cores committed_memory committed_disk max_cores max_memory max_disk min_cores min_memory min_disk inuse_cache
1787060041945872 0 0 0 0 0 0 0 0 0 0 0 0 0 0 0 0 0 0 0 0 0 0 0 0 0 0 0 0 0 0 0 0 0 0 0 0 0 0 1.000000 0 0 0 0 0 0 0 0 0 0 0 0 0 0 0 0 0 0 0
1787060041947115 0 0 0 0 0 0 0 0 0 0 0 0 0 0 0 0 0 0 0 0 0 0 0 0 0 0 0 0 0 0 0 0 0 0 0 0 0 0 1.000000 10 10 5120 10240 10 10 0 0 0 0 0 0 0 0 0 0 0 0 0
1787060046002047 10 0 0 10 10 10 0 0 0 0 0 0 218 22 22 0 240 22 0 0 0 0 0 0 3224439 13563 0 0 68301 229875 414521 26038 3023295 0 0 0 3626506 0 1.068099 10 10 5120 10240 10 10 88 160000 250000 88 159998 187515 12 16000 25000 8 16000 25000 4
1787060053092754 10 0 0 10 10 10 0 0 0 0 0 0 218 23 22 1 240 22 0 0 0 0 0 0 10236663 15596 0 0 77882 256820 446025 26094 9657774 10327402 0 0 3626506 0 0.337341 10 10 5120 10240 10 10 88 160000 250000 88 159998 187516 12 16000 25000 8 16000 25000 4
1787060053092920 10 0 0 10 10 10 0 0 0 0 0 0 218 21 21 0 240 22 1 0 1 0 0 0 10236663 15724 0 1 77989 256831 446025 26094 9657774 10327402 10327402 0 3626506 0 0.337337 10 10 5120 10240 10 10 88 160000 250000 84 151998 178138 12 16000 25000 8 16000 25000 4
1787060053093781 10 0 0 10 10 10 0 0 0 0 0 0 217 21 21 0 240 23 2 0 2 0 0 0 10237251 15818 0 2 78022 256840 446031 26202 9658128 20647528 20647528 0 3626506 0 0.337314 3178 12712 25424000 29791366 3178 320 88 160000 250000 84 154665 181260 12 16000 25000 8 16000 25000 4
1787060053094522 10 0 0 10 10 10 0 0 0 0 0 0 216 21 21 0 240 24 3 0 3 0 0 0 10237761 15916 0 3 78069 256849 446037 26250 9658468 30992370 30992370 0 3626506 0 0.337294 2759 11036 18392874 21553308 2438 527 88 160000 250000 84 151998 178133 12 16000 25000 8 16000 25000 4
1787060053101050 10 0 0 10 10 10 0 0 0 0 0 0 215 21 21 0 240 25 4 0 4 0 0 0 10243988 16005 0 4 78144 256878 446068 26282 9663318 41346388 41346388 0 3953330 0 0.367465 3588 14352 25514268 29897907 8965 1350 88 160000 250000 84 154665 181257 12 16000 25000 8 16000 25000 5
1787060053104612 10 0 0 10 10 10 0 0 0 0 0 0 214 21 21 0 240 26 5 0 5 0 0 0 10247301 16096 0 5 78207 256897 446084 26317 9665613 51698830 51698830 0 4280154 0 0.397712 3482 13928 23212753 27201384 3199 1531 88 160000 250000 84 151998 178129 12 16000 25000 8 16000 25000 5
1787060053113250 10 0 0 10 10 10 0 0 0 0 0 0 213 21 21 0 240 27 6 0 6 0 0 0 10255642 16184 0 6 78275 256935 446123 26349 9672495 62048414 62048414 0 4606978 0 0.427729 3369 13476 23357951 27371272 2980 1673 88 160000 250000 84 151998 178128 12 16000 25000 8 16000 25000 5
1787060053133412 10 0 0 10 10 10 0 0 0 0 0 0 212 21 21 0 240 28 7 0 7 0 0 0 10275374 16272 0 6 78364 257017 446213 26381 9690261 72424835 72424835 0 4933802 0 0.457190 3663 14652 26047593 30522864 6510 2145 88 160000 250000 84 151998 178127 12 16000 25000 8 16000 25000 6
1787060053137347 10 0 0 10 10 10 0 0 0 0 0 0 211 21 21 0 240 29 8 0 8 0 0 0 10279062 16358 0 7 78427 257036 446232 26412 9692953 82814785 82814785 0 5260626 0 0.487297 3454 13816 25000052 29295225 2575 2188 88 160000 250000 84 154665 181253 12 16000 25000 8 16000 25000 6
1787060053139490 10 0 0 10 10 10 0 0 0 0 0 0 210 21 21 0 240 30 9 0 9 0 0 0 10280999 16444 0 8 78467 257049 446245 26443 9694627 93180352 93180352 0 5260626 0 0.487201 3717 14868 26018536 30488577 7914 2747 88 160000 250000 84 154665 181253 12 16000 25000 8 16000 25000 6
1787060053161182 10 0 0 10 10 10 0 0 0 0 0 0 209 21 21 0 240 31 10 0 10 0 0 0 10302234 16532 0 9 78557 257131 446348 26484 9714586 103592502 103592502 0 5260626 0 0.486194 3509 14036 23912666 28020827 2426 2716 88 160000 250000 84 151998 178127 12 16000 25000 8 16000 25000 6
1787060053176471 10 0 0 10 10 10 0 0 0 0 0 0 208 21 21 0 240 32 11 0 11 0 0 0 10317148 16624 0 9 78619 257197 446423 26514 9728504 114002252 114002252 0 5260626 0 0.485488 3546 14184 24585128 28808768 3918 2835 88 160000 250000 84 151998 178127 12 16000 25000 8 16000 25000 6
1787060053179953 10 0 0 10 10 10 0 0 0 0 0 0 207 21 21 0 240 33 12 0 12 0 0 0 10320399 16710 0 9 78678 257214 446439 26544 9730514 124413216 124413216 0 5587058 0 0.515447 3631 14524 25526591 29911931 4765 3024 88 160000 250000 84 151998 178126 12 16000 25000 8 16000 25000 6
1787060053236575 10 0 0 10 10 10 0 0 0 0 0 0 206 21 21 0 240 34 13 0 13 0 0 0 10376200 16808 0 10 78802 257442 446699 26577 9782316 134880534 134880534 0 5913490 0 0.542629 3609 14436 25663599 30072444 3387 3061 88 160000 250000 84 151998 178126 12 16000 25000 8 16000 25000 7
1787060053384611 10 0 0 10 10 10 0 0 0 0 0 0 205 21 21 0 240 35 14 0 14 0 0 0 10522408 16940 0 10 79046 257994 447350 26608 9920627 145511508 145511508 0 5913490 0 0.535094 3835 15340 27532940 32262897 14827 4209 88 160000 250000 84 151998 178125 12 16000 25000 8 16000 25000 7
1787060053390716 10 0 0 10 10 10 0 0 0 0 0 0 204 21 21 0 240 36 15 0 15 0 0 0 10528241 17020 0 11 79117 258023 447380 26639 9925978 156139075 156139075 0 5913490 0 0.534794 3886 15544 28126868 32958832 4688 4256 88 160000 250000 84 151998 178126 12 16000 25000 8 16000 25000 7
1787060053442767 10 0 0 10 10 10 0 0 0 0 0 0 203 21 21 0 240 37 16 0 16 0 0 0 10579255 17119 0 12 79509 258229 447608 26671 9974153 166824284 166824284 0 5913490 0 0.532214 3834 15336 27945260 32746003 3239 4158 88 160000 250000 84 151998 178126 12 16000 25000 8 16000 25000 7
1787060056630979 10 0 0 10 10 10 0 0 0 0 0 0 202 21 21 0 240 38 17 0 17 0 0 0 13731790 18120 0 13 83890 270305 461815 26702 12957254 180707400 180707400 0 5913490 0 0.410151 3967 15868 29091003 34088555 8041 4538 88 160000 250000 84 154665 181253 12 16000 25000 8 16000 25000 8
1787060057419486 10 0 0 10 10 10 0 0 0 0 0 0 201 21 21 0 240 39 18 0 18 0 0 0 14511297 18365 0 13 85043 273360 465319 26773 13694690 195351303 195351303 0 5913490 0 0.388140 4138 16552 29858105 34987399 8576 4932 88 160000 250000 84 154665 181253 12 16000 25000 8 16000 25000 8
1787060057457642 10 0 0 10 10 10 0 0 0 0 0 0 200 21 21 0 240 40 19 0 19 0 0 0 14548782 18469 0 14 85170 273515 465486 26816 13729939 199626166 199626166 0 5913490 0 0.387138 3951 15804 28095561 32922037 2536 4700 88 160000 250000 84 151998 178128 12 16000 25000 8 16000 25000 8
1787060057467053 10 0 0 10 10 10 0 0 0 0 0 0 199 21 21 0 240 41 20 0 20 0 0 0 14557871 18554 0 14 85245 273568 465529 26849 13737666 214331761 214331761 0 6240420 0 0.408284 3832 15328 27428650 32140548 1611 4400 88 160000 250000 84 151998 178127 12 16000 25000 8 16000 25000 9
1787060057535695 10 0 0 10 10 10 0 0 0 0 0 0 198 21 21 0 240 42 21 0 21 0 0 0 14625542 18653 0 15 85408 273841 465827 26882 13800834 229106618 229106618 0 6567350 0 0.427686 3750 15000 26999625 31637813 2912 4256 88 160000 250000 84 151998 178127 12 16000 25000 8 16000 25000 9
1787060058189029 10 0 0 10 10 10 0 0 0 0 0 0 197 21 21 0 240 43 22 0 22 0 0 0 15271384 18924 0 16 86355 276382 468690 26916 14411896 234155706 234155706 0 6567350 0 0.409613 3931 15724 28452578 33340356 12984 5108 88 160000 250000 84 154665 181252 12 16000 25000 8 16000 25000 9
1787060058240294 10 0 0 10 10 10 0 0 0 0 0 0 196 21 21 0 240 44 23 0 23 0 0 0 15321858 19022 0 17 86480 276596 468922 26957 14459497 239292870 239292870 0 6567350 0 0.408263 3857 15428 27582985 32321354 2085 4814 88 160000 250000 84 154665 181253 12 16000 25000 8 16000 25000 9
1787060058374195 10 0 0 10 10 10 0 0 0 0 0 0 195 21 21 0 240 45 24 0 24 0 0 0 15454079 19148 0 18 86691 277117 469519 26989 14584547 244570467 244570467 0 6567350 0 0.404771 3821 15284 27023442 31665666 2678 4607 88 160000 250000 84 151998 178127 12 16000 25000 8 16000 25000 9
1787060058392386 10 0 0 10 10 10 0 0 0 0 0 0 194 21 21 0 240 46 25 0 25 0 0 0 15471853 19233 0 19 86781 277194 469607 27019 14601214 249784377 249784377 0 6567350 0 0.404304 3790 15160 26950690 31580412 2783 4430 88 160000 250000 84 151998 178127 12 16000 25000 8 16000 25000 10
1787060058490268 10 0 0 10 10 10 0 0 0 0 0 0 193 21 21 0 240 47 26 0 26 0 0 0 15568443 19332 0 19 86983 277573 470045 27049 14692470 255112277 255112277 0 6567350 0 0.401796 3764 15056 26899652 31520602 2831 4275 88 160000 250000 84 151998 178128 12 16000 25000 8 16000 25000 10
1787060058583906 10 0 0 10 10 10 0 0 0 0 0 0 192 21 21 0 240 48 27 0 27 0 0 0 15660834 19440 0 20 87167 277925 470484 27080 14779795 260560347 260560347 0 6567350 0 0.399426 3786 15144 27181151 31850454 5229 4369 88 160000 250000 84 151998 178127 12 16000 25000 8 16000 25000 10
1787060058656300 10 0 0 10 10 10 0 0 0 0 0 0 191 21 21 0 240 49 28 0 28 0 0 0 15732223 19546 0 21 87328 278186 470804 27112 14846428 265770162 265770162 0 6893970 0 0.417388 3741 14964 26971779 31605112 2405 4178 88 160000 250000 84 151998 178128 12 16000 25000 8 16000 25000 10
1787060058737889 10 0 0 10 10 10 0 0 0 0 0 0 190 21 21 0 240 50 29 0 29 0 0 0 15812698 19642 0 21 87498 278513 471168 27145 14922414 271392663 271392663 0 6893970 0 0.415264 3630 14520 26273940 30787392 1465 3915 88 160000 250000 84 151998 178127 12 16000 25000 8 16000 25000 10
1787060058748986 10 0 0 10 10 10 0 0 0 0 0 0 189 21 21 0 240 51 30 0 30 0 0 0 15823456 19732 0 22 87575 278565 471222 27178 14932438 277046424 277046424 0 6893970 0 0.414980 3610 14440 26224036 30728912 2842 3811 88 160000 250000 84 154665 181253 12 16000 25000 8 16000 25000 11
1787060058757245 10 0 0 10 10 10 0 0 0 0 0 0 188 21 21 0 240 52 31 0 31 0 0 0 15831407 19827 0 22 87641 278607 471259 27207 14939761 282697275 282697275 0 6893970 0 0.414769 3624 14496 26092438 30574692 4524 3881 88 160000 250000 84 151998 178129 12 16000 25000 8 16000 25000 11
1787060059491507 10 0 0 10 10 10 0 0 0 0 0 0 187 21 21 0 240 53 32 0 32 0 0 0 16557299 20111 0 23 88691 281405 474529 27237 15627255 289045287 289045287 0 6893970 0 0.396600 3622 14488 26171521 30667358 3504 3846 88 160000 250000 84 154665 181253 12 16000 25000 8 16000 25000 11
1787060060574473 10 0 0 10 10 10 0 0 0 0 0 0 186 21 21 0 240 54 33 0 33 0 0 0 17628042 20473 0 24 90207 285547 479313 27304 16640131 306874685 306874685 0 6893970 0 0.372530 3531 14124 25305133 29652125 1663 3634 88 160000 250000 84 151998 178126 12 16000 25000 8 16000 25000 11
1787060061484029 10 0 0 10 10 10 0 0 0 0 0 0 185 21 21 0 240 55 34 0 34 0 0 0 18527236 20762 0 25 91542 289041 483345 27364 17490680 311723237 311723237 0 6893970 0 0.354464 3683 14732 26487467 31037562 12271 4477 88 160000 250000 84 154665 181252 12 16000 25000 8 16000 25000 11
1787060062507226 10 0 0 10 10 10 0 0 0 0 0 0 184 21 21 0 240 56 35 0 35 0 0 0 19538849 21135 0 26 93011 292905 487838 27405 18447905 320993153 320993153 0 6893970 0 0.336125 3558 14232 25393970 29756209 1132 4152 88 160000 250000 84 151998 178127 12 16000 25000 8 16000 25000 12
1787060062515283 10 0 0 10 10 10 0 0 0 0 0 0 183 21 21 0 240 57 36 0 36 0 0 0 19546608 21218 0 28 93079 292943 487873 27449 18454283 326083724 326083724 0 7221014 0 0.351930 3640 14560 26068952 30547140 16207 5328 88 160000 250000 84 154665 181254 12 16000 25000 8 16000 25000 12
1787060062782754 10 0 0 10 10 10 0 0 0 0 0 0 182 21 21 0 240 58 37 0 37 0 0 0 19810888 21391 0 29 93493 293982 489067 27482 18703238 331407016 331407016 0 7548058 0 0.362963 3498 13992 24874278 29147231 1008 4907 88 160000 250000 84 151998 178129 12 16000 25000 8 16000 25000 12
1787060062836841 10 0 0 10 10 10 0 0 0 0 0 0 181 21 21 0 240 59 38 0 38 0 0 0 19864168 21495 0 30 93604 294184 489299 27534 18753547 336774668 336774668 0 7548058 0 0.361989 3493 13972 24922650 29203911 3252 4747 88 160000 250000 84 151998 178128 12 16000 25000 8 16000 25000 12
1787060063344127 10 0 0 10 10 10 0 0 0 0 0 0 180 21 21 0 240 60 39 0 39 0 0 0 20365616 21699 0 30 94402 296095 491508 27566 19227797 341875916 341875916 0 7548058 0 0.353082 3478 13912 24894792 29171268 2721 4550 88 160000 250000 84 154665 181253 12 16000 25000 8 16000 25000 13
1787060063395420 10 0 0 10 10 10 0 0 0 0 0 0 179 21 21 0 240 61 40 0 40 0 0 0 20416133 21786 0 31 94520 296308 491742 27599 19275440 346891698 346891698 0 7548058 0 0.352208 3444 13776 24490284 28697263 2104 4312 88 160000 250000 84 151998 178129 12 16000 25000 8 16000 25000 13
1787060063458782 10 0 0 10 10 10 0 0 0 0 0 0 178 21 21 0 240 62 41 0 41 0 0 0 20478527 21887 0 32 94715 296557 492024 27630 19334333 356954897 356954897 0 7548058 0 0.351134 3318 13272 23668041 27733773 951 3985 88 160000 250000 84 151998 178130 12 16000 25000 8 16000 25000 13
1787060063499166 10 0 0 10 10 10 0 0 0 0 0 0 177 21 21 0 240 63 42 0 42 0 0 0 20518215 21981 0 33 94848 296740 492204 27661 19371724 377708790 377708790 0 7548058 0 0.350454 3267 13068 23373314 27388417 2139 3806 88 160000 250000 84 151998 178129 12 16000 25000 8 16000 25000 14
1787060063502335 10 0 0 10 10 10 0 0 0 0 0 0 176 21 21 0 240 64 43 0 43 0 0 0 20521152 22062 0 34 94905 296760 492221 27693 19374290 382719600 382719600 0 7548058 0 0.350402 3322 13288 23833689 27927877 4644 3888 88 160000 250000 84 151998 178129 12 16000 25000 8 16000 25000 14
1787060063659447 10 0 0 10 10 10 0 0 0 0 0 0 175 21 21 0 240 65 44 0 44 0 0 0 20676198 22212 0 35 95207 297381 492945 27725 19519577 387791850 387791850 0 7875102 0 0.362843 3333 13332 23976595 28095330 4548 3953 88 160000 250000 84 151998 178130 12 16000 25000 8 16000 25000 14
1787060063683300 10 0 0 10 10 10 0 0 0 0 0 0 174 21 21 0 240 66 45 0 45 0 0 0 20699564 22304 0 36 95313 297475 493047 27761 19540597 393281265 393281265 0 8202146 0 0.377484 3288 13152 23713131 27786608 1626 3727 88 160000 250000 84 154665 181254 12 16000 25000 8 16000 25000 15
1787060063728635 10 0 0 10 10 10 0 0 0 0 0 0 173 21 21 0 240 67 46 0 46 0 0 0 20744139 22401 0 36 95453 297660 493266 27793 19581670 403915618 403915618 0 8529190 0 0.391691 3207 12828 22995046 26945161 1173 3479 88 160000 250000 84 151998 178130 12 16000 25000 8 16000 25000 15
1787060063816264 10 0 0 10 10 10 0 0 0 0 0 0 172 21 21 0 240 68 47 0 47 0 0 0 20830513 22499 0 37 95658 298010 493690 27825 19661884 409336599 409336599 0 8856234 0 0.405024 3264 13056 23462626 27493063 9479 4064 88 160000 250000 84 151998 178129 12 16000 25000 8 16000 25000 15
1787060063871173 10 0 0 10 10 10 0 0 0 0 0 0 171 21 21 0 240 69 48 0 48 0 0 0 20884553 22598 0 38 95792 298245 493956 27858 19712430 414447206 414447206 0 8856234 0 0.403975 3237 12948 23324445 27331145 1981 3862 88 160000 250000 84 151998 178128 12 16000 25000 8 16000 25000 15
1787060063903314 10 0 0 10 10 10 0 0 0 0 0 0 170 21 21 0 240 70 49 0 49 0 0 0 20916094 22690 0 39 95905 298387 494116 27890 19741771 419608552 419608552 0 8856234 0 0.403365 3197 12788 23089134 27055362 1617 3644 88 160000 250000 84 151998 178127 12 16000 25000 8 16000 25000 16
1787060063934247 10 0 0 10 10 10 0 0 0 0 0 0 169 21 21 0 240 71 50 0 50 0 0 0 20946432 22780 0 39 96027 298523 494270 27922 19769998 424885370 424885370 0 8856234 0 0.402779 3142 12568 22741796 26648361 1318 3418 88 160000 250000 84 151998 178127 12 16000 25000 8 16000 25000 16
1787060063957025 10 0 0 10 10 10 0 0 0 0 0 0 168 21 21 0 240 72 51 0 51 0 0 0 20968738 22868 0 39 96107 298627 494387 27952 19790756 435454901 435454901 0 8856234 0 0.402350 3158 12632 22857604 26784014 5446 3617 88 160000 250000 84 151998 178126 12 16000 25000 8 16000 25000 16
1787060064228687 10 0 0 10 10 10 0 0 0 0 0 0 167 21 21 0 240 73 52 0 52 0 0 0 21236771 23018 0 40 96579 299838 495755 27984 20040129 440930230 440930230 0 9183408 0 0.411950 3197 12788 23313895 27318643 3882 3644 88 160000 250000 84 154665 181251 12 16000 25000 8 16000 25000 16
1787060064742582 10 0 0 10 10 10 0 0 0 0 0 0 166 21 21 0 240 74 53 0 53 0 0 0 21743912 23266 0 40 97464 302094 498359 28021 20512146 446179995 446179995 0 9510582 0 0.416682 3086 12344 22336468 26173311 1301 3416 88 160000 250000 84 154665 181251 12 16000 25000 8 16000 25000 16
1787060065604319 10 0 0 10 10 10 0 0 0 0 0 0 165 21 21 0 240 75 54 0 54 0 0 0 22594337 23639 0 41 98886 305921 502751 28062 21303819 451205768 451205768 0 9510582 0 0.401008 3098 12392 22423324 26275039 4760 3548 88 160000 250000 84 151998 178125 12 16000 25000 8 16000 25000 16
1787060066781516 10 0 0 10 10 10 0 0 0 0 0 0 164 21 21 0 240 76 55 0 55 0 0 0 23756149 24016 0 42 100775 311199 508788 28104 22384019 456498846 456498846 0 9510582 0 0.381410 3048 12192 22061424 25850975 1296 3329 88 160000 250000 84 154665 181251 12 16000 25000 8 16000 25000 17
1787060067050963 10 0 0 10 10 10 0 0 0 0 0 0 163 21 21 0 240 77 56 0 56 0 0 0 24021829 24186 0 43 101274 312441 510191 28150 22630332 460765076 460765076 0 9510582 0 0.377193 2950 11800 21191536 24831656 1251 3128 88 160000 250000 84 151998 178128 12 16000 25000 8 16000 25000 17
1787060067662034 10 0 0 10 10 10 0 0 0 0 0 0 162 21 21 0 240 78 57 0 57 0 0 0 24624595 24436 0 44 102322 315221 513432 28188 23188367 465907925 465907925 0 9510582 0 0.367966 2954 11816 21220270 24865280 2399 3058 88 160000 250000 84 154665 181253 12 16000 25000 8 16000 25000 17
1787060067987556 10 0 0 10 10 10 0 0 0 0 0 0 161 21 21 0 240 79 58 0 58 0 0 0 24945504 24619 0 45 102948 316728 515177 28235 23485300 471055217 471055217 0 9510582 0 0.363234 2861 11444 20552198 24082453 1378 2895 88 160000 250000 84 151998 178127 12 16000 25000 8 16000 25000 17
1787060068065056 10 0 0 10 10 10 0 0 0 0 0 0 160 21 21 0 240 80 59 0 59 0 0 0 25021727 24721 0 46 103143 317100 515612 28269 23555558 481583466 481583466 0 9510582 0 0.362127 2844 11376 20584872 24120748 1586 2768 88 160000 250000 84 151998 178128 12 16000 25000 8 16000 25000 18
1787060068540754 10 0 0 10 10 10 0 0 0 0 0 0 159 21 21 0 240 81 60 0 60 0 0 0 25490734 24940 0 47 104019 319325 518186 28301 23987546 486775148 486775148 0 9825951 0 0.367255 2882 11528 20859916 24443037 11142 3585 88 160000 250000 84 154665 181252 12 16000 25000 8 16000 25000 18
1787060068570097 10 0 0 10 10 10 0 0 0 0 0 0 158 21 21 0 240 82 61 0 61 0 0 0 25519448 25041 0 48 104136 319456 518342 28345 24012985 491659975 491659975 0 10141320 0 0.378615 2787 11148 20020614 23459559 1088 3343 88 160000 250000 84 154665 181252 12 16000 25000 8 16000 25000 18
1787060068633982 10 0 0 10 10 10 0 0 0 0 0 0 157 21 21 0 240 83 62 0 62 0 0 0 25582228 25138 0 48 104311 319786 518708 28380 24070641 496829706 496829706 0 10141320 0 0.377685 2772 11088 19761984 23156496 2719 3283 88 160000 250000 84 151998 178127 12 16000 25000 8 16000 25000 18
1787060068658556 10 0 0 10 10 10 0 0 0 0 0 0 156 21 21 0 240 84 63 0 63 0 0 0 25606229 25234 0 49 104425 319918 518855 28412 24092539 502088639 502088639 0 10141320 0 0.377330 2641 10564 18828067 22062119 974 3059 88 160000 250000 84 151998 178127 12 16000 25000 8 16000 25000 19
1787060068792893 10 0 0 10 10 10 0 0 0 0 0 0 155 21 21 0 240 85 64 0 64 0 0 0 25738402 25365 0 50 104732 320614 519637 28443 24213498 507063107 507063107 0 10141320 0 0.375392 2568 10272 18307639 21452299 1305 2889 88 160000 250000 84 151998 178128 12 16000 25000 8 16000 25000 19
1787060068827293 10 0 0 10 10 10 0 0 0 0 0 0 154 21 21 0 240 86 65 0 65 0 0 0 25772088 25456 0 51 104865 320796 519850 28474 24244182 512386550 512386550 0 10141320 0 0.374901 2552 10208 18193573 21318601 2504 2852 88 160000 250000 84 151998 178127 12 16000 25000 8 16000 25000 19
1787060068877292 10 0 0 10 10 10 0 0 0 0 0 0 153 21 21 0 240 87 66 0 66 0 0 0 25821148 25550 0 52 105024 321048 520150 28505 24288979 517533424 517533424 0 10141320 0 0.374188 2456 9824 17509175 20516648 1177 2690 88 160000 250000 84 151998 178127 12 16000 25000 8 16000 25000 20
1787060068988976 10 0 0 10 10 10 0 0 0 0 0 0 152 21 21 0 240 88 67 0 67 0 0 0 25930963 25684 0 53 105248 321646 520823 28536 24388978 522563439 522563439 0 10141320 0 0.372603 2393 9572 17190287 20142956 3172 2738 88 160000 250000 84 151998 178126 12 16000 25000 8 16000 25000 20
1787060069070888 10 0 0 10 10 10 0 0 0 0 0 0 151 21 21 0 240 89 68 0 68 0 0 0 26011432 25792 0 54 105475 322065 521307 28567 24461266 527972990 527972990 0 10456689 0 0.383001 2393 9572 17320534 20295546 2854 2750 88 160000 250000 84 151998 178127 12 16000 25000 8 16000 25000 20
1787060069158973 10 0 0 10 10 10 0 0 0 0 0 0 150 21 21 0 240 90 69 0 69 0 0 0 26097963 25897 0 55 105723 322527 521868 28600 24539038 533196694 533196694 0 10772058 0 0.393243 2418 9672 17501484 20507540 3138 2789 88 160000 250000 84 151998 178127 12 16000 25000 8 16000 25000 20
1787060069299919 10 0 0 10 10 10 0 0 0 0 0 0 149 21 21 0 240 91 70 0 70 0 0 0 26236541 26029 0 56 106045 323262 522747 28631 24664444 538265509 538265509 0 10772058 0 0.391166 2423 9692 17537674 20549909 6046 3107 88 160000 250000 84 154665 181252 12 16000 25000 8 16000 25000 20
1787060069316658 10 0 0 10 10 10 0 0 0 0 0 0 148 21 21 0 240 92 71 0 71 0 0 0 26252801 26119 0 57 106146 323360 522859 28662 24679022 543706621 543706621 0 10772058 0 0.390923 2330 9320 16737722 19612550 2255 3025 88 160000 250000 84 151998 178128 12 16000 25000 8 16000 25000 20
1787060069709137 10 0 0 10 10 10 0 0 0 0 0 0 147 21 21 0 240 93 72 0 72 0 0 0 26638814 26372 0 58 106978 325542 525347 28692 25027224 549911489 549911489 0 10772058 0 0.385260 2302 9208 16661876 19523650 1294 2857 88 160000 250000 84 151998 178127 12 16000 25000 8 16000 25000 20
1787060069732229 10 0 0 10 10 10 0 0 0 0 0 0 146 21 21 0 240 94 73 0 73 0 0 0 26661316 26465 0 59 107083 325685 525500 28725 25047319 555736054 555736054 0 10772058 0 0.384934 2312 9248 16860095 19755887 3516 2922 88 160000 250000 84 151998 178128 12 16000 25000 8 16000 25000 21
1787060070283822 10 0 0 10 10 10 0 0 0 0 0 0 145 21 21 0 240 95 74 0 74 0 0 0 27203724 26752 0 60 108202 328792 529123 28755 25534619 561276171 561276171 0 10772058 0 0.377262 2277 9108 16604860 19456780 1390 2774 88 160000 250000 84 154665 181253 12 16000 25000 8 16000 25000 21
1787060070703625 10 0 0 10 10 10 0 0 0 0 0 0 144 21 21 0 240 96 75 0 75 0 0 0 27616443 26992 0 60 109120 331142 531889 28787 25904597 566371557 566371557 0 10772058 0 0.371627 2295 9180 16611210 19464212 5814 3071 88 160000 250000 84 151998 178127 12 16000 25000 8 16000 25000 21
1787060071879812 10 0 0 10 10 10 0 0 0 0 0 0 143 21 21 0 240 97 76 0 76 0 0 0 28772797 27478 0 61 111499 337963 539770 28819 26938677 571466228 571466228 0 11087197 0 0.367135 2248 8992 16271024 19065598 1367 2906 88 160000 250000 84 154665 181252 12 16000 25000 8 16000 25000 21
1787060072206572 10 0 0 10 10 10 0 0 0 0 0 0 142 21 21 0 240 98 77 0 77 0 0 0 29093769 27697 0 62 112235 339899 541968 28871 27224371 576619152 576619152 0 11402336 0 0.373405 2227 8908 15997814 18745455 1485 2768 88 160000 250000 84 151998 178129 12 16000 25000 8 16000 25000 22
1787060072290881 10 0 0 10 10 10 0 0 0 0 0 0 141 21 21 0 240 99 78 0 78 0 0 0 29176458 27822 0 63 112453 340402 542531 28906 27296624 586401097 586401097 0 11717475 0 0.382638 2243 8972 16112751 18880098 2067 2700 88 160000 250000 84 151998 178128 12 16000 25000 8 16000 25000 22
1787060073772543 10 0 0 10 10 10 0 0 0 0 0 0 140 21 21 0 240 100 79 0 79 0 0 0 30632301 28440 0 64 115588 349299 552792 28939 28591990 592182282 592182282 0 11717475 0 0.364461 2281 9124 16385727 19199957 6394 3061 88 160000 250000 84 151998 178126 12 16000 25000 8 16000 25000 22
1787060073899430 10 0 0 10 10 10 0 0 0 0 0 0 139 21 21 0 240 101 80 0 80 0 0 0 30756730 28573 0 65 115944 350058 553700 28987 28702377 598417259 598417259 0 11717475 0 0.362987 2243 8972 16234834 19023158 1596 2919 88 160000 250000 84 154665 181252 12 16000 25000 8 16000 25000 22
1787060074013909 10 0 0 10 10 10 0 0 0 0 0 0 138 21 21 0 240 102 81 0 81 0 0 0 30868935 28701 0 66 116255 350789 554519 29019 28801573 603886483 603886483 0 11717475 0 0.361667 2237 8948 16069650 18829594 2785 2907 88 160000 250000 84 154665 181252 12 16000 25000 8 16000 25000 23
1787060074268645 10 0 0 10 10 10 0 0 0 0 0 0 137 21 21 0 240 103 82 0 82 0 0 0 31118909 28892 0 67 116861 352363 556340 29049 29022583 609583753 609583753 0 11717475 0 0.358762 2232 8928 16033732 18787507 1464 2767 88 160000 250000 84 154665 181251 12 16000 25000 8 16000 25000 23
1787060074428050 10 0 0 10 10 10 0 0 0 0 0 0 136 21 21 0 240 104 83 0 83 0 0 0 31275282 29047 0 68 117264 353333 557458 29082 29160535 615179542 615179542 0 11717475 0 0.356968 2152 8608 15341916 17976864 5119 2997 88 160000 250000 84 151998 178125 12 16000 25000 8 16000 25000 23
1787060074549952 10 0 0 10 10 10 0 0 0 0 0 0 135 21 21 0 240 105 84 0 84 0 0 0 31394809 29182 0 69 117588 354082 558329 29113 29264927 621066628 621066628 0 12032397 0 0.365166 2149 8596 15437495 18088835 1168 2820 88 160000 250000 84 151998 178126 12 16000 25000 8 16000 25000 23
1787060074563165 10 0 0 10 10 10 0 0 0 0 0 0 134 21 21 0 240 106 85 0 85 0 0 0 31407590 29283 0 69 117665 354158 558414 29150 29274944 626638796 626638796 0 12347319 0 0.374570 2073 8292 14891544 17449087 1419 2684 88 160000 250000 84 151998 178127 12 16000 25000 8 16000 25000 23
1787060074656728 10 0 0 10 10 10 0 0 0 0 0 0 133 21 21 0 240 107 86 0 86 0 0 0 31499299 29405 0 70 117919 354729 559086 29182 29354813 632655722 632655722 0 12662241 0 0.383005 2123 8492 15366274 18005326 3016 2717 88 160000 250000 84 151998 178127 12 16000 25000 8 16000 25000 23
1787060074677252 10 0 0 10 10 10 0 0 0 0 0 0 132 21 21 0 240 108 87 0 87 0 0 0 31519272 29503 0 71 118012 354855 559218 29216 29371379 638172748 638172748 0 12977163 0 0.392281 2069 8276 14975422 17547316 1064 2557 88 160000 250000 84 151998 178128 12 16000 25000 8 16000 25000 24
1787060074759374 10 0 0 10 10 10 0 0 0 0 0 0 131 21 21 0 240 109 88 0 88 0 0 0 31599733 29626 0 71 118222 355376 559794 29249 29441195 643859307 643859307 0 13292085 0 0.400777 2083 8332 15076754 17666019 5076 2803 88 160000 250000 84 151998 178129 12 16000 25000 8 16000 25000 24
1787060074770290 10 0 0 10 10 10 0 0 0 0 0 0 130 21 21 0 240 110 89 0 89 0 0 0 31610269 29713 0 71 118285 355452 559877 29282 29450241 649833261 649833261 0 13292085 0 0.400642 2097 8388 15292223 17918470 3228 2846 88 160000 250000 84 151998 178129 12 16000 25000 8 16000 25000 24
1787060075123331 10 0 0 10 10 10 0 0 0 0 0 0 129 21 21 0 240 111 90 0 90 0 0 0 31956703 29932 0 71 119071 357772 562428 29312 29753294 656078333 656078333 0 13292085 0 0.396301 2133 8532 15554751 18226050 1822 2747 88 160000 250000 84 151998 178130 12 16000 25000 8 16000 25000 24
1787060075221401 10 0 0 10 10 10 0 0 0 0 0 0 128 21 21 0 240 112 91 0 91 0 0 0 32052848 30074 0 71 119312 358377 563118 29343 29837294 661587353 661587353 0 13292085 0 0.395111 2165 8660 15788108 18499451 7749 3236 88 160000 250000 84 151998 178129 12 16000 25000 8 16000 25000 24
1787060075438399 10 0 0 10 10 10 0 0 0 0 0 0 127 21 21 0 240 113 92 0 92 0 0 0 32265943 30237 0 72 119810 359670 564626 29373 30017154 667708041 667708041 0 13607177 0 0.401807 2076 8304 15139082 17738933 1789 3096 88 160000 250000 84 151998 178129 12 16000 25000 8 16000 25000 25
1787060075459386 10 0 0 10 10 10 0 0 0 0 0 0 126 21 21 0 240 114 93 0 93 0 0 0 32286355 30325 0 72 119920 359808 564768 29410 30034050 673430786 673430786 0 13922269 0 0.410850 2087 8348 15219299 17832894 6855 3463 88 160000 250000 84 151998 178130 12 16000 25000 8 16000 25000 25
1787060075802826 10 0 0 10 10 10 0 0 0 0 0 0 125 21 21 0 240 115 94 0 94 0 0 0 32623464 30517 0 73 120688 362040 567218 29441 30327312 679928292 679928292 0 14237361 0 0.415809 2075 8300 15131790 17730325 1346 3258 88 160000 250000 84 154665 181255 12 16000 25000 8 16000 25000 25
1787060076076894 10 0 0 10 10 10 0 0 0 0 0 0 124 21 21 0 240 116 95 0 95 0 0 0 32892480 30721 0 73 121340 363722 569151 29474 30560610 685720141 685720141 0 14552453 0 0.421536 2074 8296 15124497 17721780 1241 3063 88 160000 250000 84 154665 181255 12 16000 25000 8 16000 25000 26
1787060076200276 10 0 0 10 10 10 0 0 0 0 0 0 123 21 21 0 240 117 96 0 96 0 0 0 33013491 30872 0 73 121642 364487 570010 29507 30665583 691214640 691214640 0 14552453 0 0.419990 2040 8160 14765520 17301147 5459 3297 88 160000 250000 84 151998 178130 12 16000 25000 8 16000 25000 26
1787060076674501 10 0 0 10 10 10 0 0 0 0 0 0 122 21 21 0 240 118 97 0 97 0 0 0 33479021 31163 0 74 122633 367599 573352 29539 31069462 695680119 695680119 0 14552453 0 0.414152 2051 8204 14845138 17394406 2775 3247 88 160000 250000 84 151998 178131 12 16000 25000 8 16000 25000 26
1787060076963403 10 0 0 10 10 10 0 0 0 0 0 0 121 21 21 0 240 119 98 0 98 0 0 0 33762674 31390 0 75 123277 369343 575404 29581 31315135 700351952 700351952 0 14552453 0 0.410673 2060 8240 14910280 17470734 1958 3122 88 160000 250000 84 151998 178132 12 16000 25000 8 16000 25000 26
1787060077856943 10 0 0 10 10 10 0 0 0 0 0 0 120 21 21 0 240 120 99 0 99 0 0 0 34640513 31830 0 76 125174 374656 581721 29614 32074410 706326723 706326723 0 14552453 0 0.400270 2109 8436 15264942 17886268 8865 3683 88 160000 250000 84 154665 181256 12 16000 25000 8 16000 25000 26
1787060078567397 10 0 0 10 10 10 0 0 0 0 0 0 119 21 21 0 240 121 100 0 100 0 0 0 35338137 32209 0 76 126670 379235 586717 29654 32676855 716825978 716825978 0 14867958 0 0.400878 2095 8380 15049583 17633947 2750 3593 88 160000 250000 84 151998 178131 12 16000 25000 8 16000 25000 26
1787060079290053 10 0 0 10 10 10 0 0 0 0 0 0 118 21 21 0 240 122 101 0 101 0 0 0 36048216 32585 0 77 128131 383548 591841 29696 33289181 722099815 722099815 0 15183463 0 0.401324 2091 8364 15020848 17600246 3594 3594 88 160000 250000 84 154665 181257 12 16000 25000 8 16000 25000 27
1787060079581903 10 0 0 10 10 10 0 0 0 0 0 0 117 21 21 0 240 123 102 0 102 0 0 0 36334904 32795 0 77 128744 385245 593868 29737 33536543 727905485 727905485 0 15183463 0 0.398158 2122 8488 15243539 17861145 2458 3484 88 160000 250000 84 151998 178131 12 16000 25000 8 16000 25000 27
1787060079777835 10 0 0 10 10 10 0 0 0 0 0 0 116 21 21 0 240 124 103 0 103 0 0 0 36527300 32969 0 77 129181 386420 595251 29772 33702215 733413454 733413454 0 15183463 0 0.396061 2089 8356 15120182 17716586 1655 3307 88 160000 250000 84 154665 181256 12 16000 25000 8 16000 25000 27
1787060080229685 10 0 0 10 10 10 0 0 0 0 0 0 115 21 21 0 240 125 104 0 104 0 0 0 36971297 33246 0 78 130156 389041 598429 29808 34084287 739211190 739211190 0 15183463 0 0.391305 2137 8548 15351293 17987337 5226 3495 88 160000 250000 84 151998 178130 12 16000 25000 8 16000 25000 27
1787060080301029 10 0 0 10 10 10 0 0 0 0 0 0 114 21 21 0 240 126 105 0 105 0 0 0 37041205 33369 0 79 130353 389465 598929 29842 34144175 744738544 744738544 0 15183463 0 0.390566 2149 8596 15554462 18225373 1557 3307 88 160000 250000 84 151998 178131 12 16000 25000 8 16000 25000 27
1787060080440139 10 0 0 10 10 10 0 0 0 0 0 0 113 21 21 0 240 127 106 0 106 0 0 0 37177687 33529 0 79 130676 390317 599902 29874 34261098 750499233 750499233 0 15183463 0 0.389132 2135 8540 15453130 18106641 1716 3153 88 160000 250000 84 151998 178132 12 16000 25000 8 16000 25000 27
1787060080487222 10 0 0 10 10 10 0 0 0 0 0 0 112 21 21 0 240 128 107 0 107 0 0 0 37223741 33632 0 79 130830 390629 600231 29907 34300388 756421193 756421193 0 15183463 0 0.388650 2168 8672 15809986 18524753 2841 3124 88 160000 250000 84 151998 178132 12 16000 25000 8 16000 25000 28
1787060080622986 10 0 0 10 10 10 0 0 0 0 0 0 111 21 21 0 240 129 108 0 108 0 0 0 37356992 33776 0 80 131181 391430 601152 29938 34413350 762283695 762283695 0 15498835 0 0.395307 2195 8780 16006881 18755424 3058 3118 88 160000 250000 84 151998 178131 12 16000 25000 8 16000 25000 28
1787060080638617 10 0 0 10 10 10 0 0 0 0 0 0 110 21 21 0 240 130 109 0 109 0 0 0 37372156 33876 0 80 131272 391518 601261 29970 34425381 769018006 769018006 0 15814207 0 0.403186 2159 8636 15744354 18447785 6165 3416 88 160000 250000 84 154665 181257 12 16000 25000 8 16000 25000 28
1787060080694040 10 0 0 10 10 10 0 0 0 0 0 0 109 21 21 0 240 131 110 0 110 0 0 0 37426442 33987 0 81 131427 391850 601641 30000 34470970 774587647 774587647 0 16129579 0 0.410630 2172 8688 15839155 18558865 1433 3223 88 160000 250000 84 151998 178133 12 16000 25000 8 16000 25000 29
1787060081091611 10 0 0 10 10 10 0 0 0 0 0 0 108 21 21 0 240 132 111 0 111 0 0 0 37817074 34226 0 82 132327 394134 604356 30031 34803180 779874175 779874175 0 16444951 0 0.414335 2193 8772 16111658 18878139 6128 3507 88 160000 250000 84 154665 181258 12 16000 25000 8 16000 25000 29
1787060081478335 10 0 0 10 10 10 0 0 0 0 0 0 107 21 21 0 240 133 112 0 112 0 0 0 38197081 34498 0 83 133133 396327 607034 30080 35126760 785274437 785274437 0 16444951 0 0.410214 2250 9000 16407965 19225344 2551 3415 88 160000 250000 84 154665 181257 12 16000 25000 8 16000 25000 29
1787060081566426 10 0 0 10 10 10 0 0 0 0 0 0 106 21 21 0 240 134 113 0 113 0 0 0 38283484 34627 0 84 133354 396848 607654 30122 35199974 791400170 791400170 0 16444951 0 0.409288 2307 9228 16698066 19565244 5363 3606 88 160000 250000 84 151998 178131 12 16000 25000 8 16000 25000 29
1787060081586578 10 0 0 10 10 10 0 0 0 0 0 0 105 21 21 0 240 135 114 0 114 0 0 0 38303104 34724 0 85 133443 396973 607794 30153 35216513 797757377 797757377 0 16444951 0 0.409077 2314 9256 16748732 19624609 2894 3538 88 160000 250000 84 151998 178129 12 16000 25000 8 16000 25000 29
1787060081608835 10 0 0 10 10 10 0 0 0 0 0 0 104 21 21 0 240 136 115 0 115 0 0 0 38324776 34819 0 86 133556 397110 607953 30182 35234730 803161930 803161930 0 16444951 0 0.408845 2262 9048 16372356 19183572 815 3273 88 160000 250000 84 151998 178130 12 16000 25000 8 16000 25000 29
1787060081611653 10 0 0 10 10 10 0 0 0 0 0 0 103 21 21 0 240 137 116 0 116 0 0 0 38327354 34907 0 87 133621 397127 607969 30211 35236026 809312037 809312037 0 16760481 0 0.416661 2225 8900 16104550 18869783 1408 3092 88 160000 250000 84 151998 178131 12 16000 25000 8 16000 25000 29
1787060082315582 10 0 0 10 10 10 0 0 0 0 0 0 102 21 21 0 240 138 117 0 117 0 0 0 39019295 35302 0 88 135047 401189 612800 30242 35820819 814663233 814663233 0 17076011 0 0.416979 2229 8916 16133502 18903706 3082 3092 88 160000 250000 84 151998 178131 12 16000 25000 8 16000 25000 30
1787060083155651 10 0 0 10 10 10 0 0 0 0 0 0 101 21 21 0 240 139 118 0 118 0 0 0 39844715 35719 0 89 136779 406354 618672 30279 36517853 819958969 819958969 0 17391541 0 0.415890 2245 8980 16249310 19039399 6656 3441 88 160000 250000 84 154665 181257 12 16000 25000 8 16000 25000 30
1787060083756909 10 0 0 10 10 10 0 0 0 0 0 0 100 21 21 0 240 140 119 0 119 0 0 0 39846794 35818 0 90 136848 406378 1217595 30320 36518737 825145291 825145291 0 17707071 0 0.423412 2212 8848 15890060 18618450 1911 3293 88 160000 250000 84 151998 178133 12 16000 25000 8 16000 25000 30
1787060084301294 10 0 0 10 10 10 0 0 0 0 0 0 99 21 21 0 240 141 120 0 120 0 0 0 39848933 35902 0 91 136922 406393 1759597 30357 36519628 830154418 830154418 0 18022601 0 0.430933 2201 8804 15930838 18666210 1732 3141 88 160000 250000 84 154665 181258 12 16000 25000 8 16000 25000 31
1787060085272246 10 0 0 10 10 10 0 0 0 0 0 0 98 21 21 0 240 142 121 0 121 0 0 0 39850183 35997 0 92 136986 406409 2729060 30393 36520520 835647510 835647510 0 18022601 0 0.430918 2236 8944 16062466 18820424 2588 3088 88 160000 250000 84 154665 181258 12 16000 25000 8 16000 25000 31
1787060085313885 10 0 0 10 10 10 0 0 0 0 0 0 97 21 21 0 240 143 122 0 122 0 0 0 39851445 36081 0 92 137049 406423 2769199 30445 36521425 841378238 841378238 0 18022601 0 0.430904 2242 8968 15983539 18727930 4823 3258 88 160000 250000 84 151998 178132 12 16000 25000 8 16000 25000 31
1787060086126756 10 0 0 10 10 10 0 0 0 0 0 0 96 21 21 0 240 144 123 0 123 0 0 0 39852676 36179 0 92 137107 406437 3580614 30476 36522315 846879286 846879286 0 18022601 0 0.430890 2297 9188 16375642 19187357 5253 3453 88 160000 250000 84 151998 178131 12 16000 25000 8 16000 25000 31
1787060086269475 10 0 0 10 10 10 0 0 0 0 0 0 95 21 21 0 240 145 124 0 124 0 0 0 39854779 36269 0 93 137176 406454 3720994 30513 36523217 852658371 852658371 0 18337627 0 0.438397 2267 9068 16285157 19081316 2158 3328 88 160000 250000 84 151998 178134 12 16000 25000 8 16000 25000 31
1787060086306113 10 0 0 10 10 10 0 0 0 0 0 0 94 21 21 0 240 146 125 0 125 0 0 0 39856806 36353 0 94 137249 406469 3755375 30545 36524107 858730035 858730035 0 18652653 0 0.445905 2286 9144 16421645 19241169 1925 3192 88 160000 250000 84 151998 178133 12 16000 25000 8 16000 25000 31
1787060086465706 10 0 0 10 10 10 0 0 0 0 0 0 93 21 21 0 240 147 126 0 126 0 0 0 39858839 36440 0 95 137327 406482 3912700 30576 36525033 870642408 870642408 0 18967679 0 0.453412 2273 9092 16451974 19276687 1321 3011 88 160000 250000 84 151998 178132 12 16000 25000 8 16000 25000 32
1787060086472306 10 0 0 10 10 10 0 0 0 0 0 0 92 21 21 0 240 148 127 0 127 0 0 0 39860980 36526 0 96 137397 406498 3916926 30607 36525935 876809219 876809219 0 19282705 0 0.460917 2313 9252 16741494 19615916 3709 3080 88 160000 250000 84 151998 178132 12 16000 25000 8 16000 25000 32
1787060086545707 10 0 0 10 10 10 0 0 0 0 0 0 91 21 21 0 240 149 128 0 128 0 0 0 39863064 36613 0 96 137479 406515 3988002 30638 36526835 882658806 882658806 0 19597731 0 0.468421 2236 8944 16184168 18962866 1435 2920 88 160000 250000 84 151998 178133 12 16000 25000 8 16000 25000 32
1787060086604384 10 0 0 10 10 10 0 0 0 0 0 0 90 21 21 0 240 150 129 0 129 0 0 0 39864322 36697 0 97 137538 406531 4045190 30685 36527747 894603351 894603351 0 19597731 0 0.468405 2266 9064 16401308 19217253 3052 2934 88 160000 250000 84 151998 178131 12 16000 25000 8 16000 25000 32
1787060086728753 10 0 0 10 10 10 0 0 0 0 0 0 89 21 21 0 240 151 130 0 130 0 0 0 39865840 36787 0 97 137612 406550 4167803 30715 36528862 899764434 899764434 0 19597731 0 0.468387 2298 9192 16758001 19635168 4052 3044 88 160000 250000 84 151998 178131 12 16000 25000 8 16000 25000 32
1787060086908808 10 0 0 10 10 10 0 0 0 0 0 0 88 21 21 0 240 152 131 0 131 0 0 0 39867078 36871 0 98 137659 406566 4346420 30745 36529767 906032132 906032132 0 19597731 0 0.468371 2344 9376 17221034 20177643 4793 3216 88 160000 250000 84 154665 181255 12 16000 25000 8 16000 25000 32
1787060087013397 10 0 0 10 10 10 0 0 0 0 0 0 87 21 21 0 240 153 132 0 132 0 0 0 39869166 36953 0 99 137731 406579 4448699 30775 36530667 911952443 911952443 0 19913480 0 0.475891 2326 9304 17088790 20022695 2686 3165 88 160000 250000 84 154665 181255 12 16000 25000 8 16000 25000 33
1787060087216265 10 0 0 10 10 10 0 0 0 0 0 0 86 21 21 0 240 154 133 0 133 0 0 0 39870412 37048 0 100 137785 406604 4650093 30805 36531559 917554679 917554679 0 19913480 0 0.475875 2394 9576 17458074 20455362 4565 3302 88 160000 250000 84 151998 178129 12 16000 25000 8 16000 25000 33
1787060087322775 10 0 0 10 10 10 0 0 0 0 0 0 85 21 21 0 240 155 134 0 134 0 0 0 39871942 37131 0 101 137856 406625 4754841 30838 36532691 923287354 923287354 0 19913480 0 0.475856 2430 9720 17720602 20762925 2553 3230 88 160000 250000 84 151998 178128 12 16000 25000 8 16000 25000 33
1787060087408141 10 0 0 10 10 10 0 0 0 0 0 0 84 21 21 0 240 156 135 0 135 0 0 0 39873481 37214 0 102 137928 406644 4838440 30868 36533818 928378067 928378067 0 19913480 0 0.475837 2402 9608 17516414 20523681 1706 3082 88 160000 250000 84 151998 178128 12 16000 25000 8 16000 25000 33
1787060087423347 10 0 0 10 10 10 0 0 0 0 0 0 83 21 21 0 240 157 136 0 136 0 0 0 39875024 37294 0 103 138000 406661 4851877 30897 36534978 934190406 934190406 0 19913480 0 0.475817 2474 9896 18041469 21138879 3029 3078 88 160000 250000 84 151998 178128 12 16000 25000 8 16000 25000 34
1787060087766321 10 0 0 10 10 10 0 0 0 0 0 0 82 21 21 0 240 158 137 0 137 0 0 0 39876564 37379 0 104 138075 406679 5193079 30925 36536120 945279179 945279179 0 19913480 0 0.475798 2457 9828 17917497 20993624 2881 3060 88 160000 250000 84 151998 178127 12 16000 25000 8 16000 25000 34
1787060088387948 10 0 0 10 10 10 0 0 0 0 0 0 81 21 21 0 240 159 138 0 138 0 0 0 39877579 37468 0 104 138134 406693 5813473 30957 36536813 950509030 950509030 0 19913480 0 0.475785 2479 9916 18077931 21181601 3866 3140 88 160000 250000 84 154665 181252 12 16000 25000 8 16000 25000 34
1787060088986114 10 0 0 10 10 10 0 0 0 0 0 0 80 21 21 0 240 160 139 0 139 0 0 0 39879123 37556 0 104 138220 406711 6409836 31002 36537961 955735025 955735025 0 19913480 0 0.475765 2494 9976 18051572 21150698 2305 3060 88 160000 250000 84 151998 178129 12 16000 25000 8 16000 25000 34
1787060089282701 10 0 0 10 10 10 0 0 0 0 0 0 76 24 24 0 240 164 140 0 140 0 0 0 39883787 37647 0 105 138426 406739 6701366 31038 36540633 960714208 960714208 0 19915834 0 0.475765 2440 9760 17660720 20692744 1721 2931 88 160000 250000 84 154665 181260 12 16000 25000 8 16000 25000 34
1787060090335914 10 0 0 10 10 10 0 0 0 0 0 0 72 27 27 0 240 168 141 0 141 0 0 0 39888346 37737 0 106 138645 406776 7749611 31071 36543856 965735036 965735036 0 19915834 0 0.475710 2456 9824 17642852 20671789 2428 2883 88 160000 250000 84 151997 178132 12 16000 25000 8 16000 25000 34
1787060090491948 10 0 0 10 10 10 0 0 0 0 0 0 68 30 30 0 240 172 142 0 142 0 0 0 39891708 37824 0 107 138880 406806 7901839 31128 36546086 970953400 970953400 0 19915834 0 0.475668 2445 9780 17563833 20579204 4861 3076 88 160000 250000 84 154664 181255 12 16000 25000 8 16000 25000 34
1787060091246042 10 0 0 10 10 10 0 0 0 0 0 0 64 33 33 0 240 176 143 0 143 0 0 0 39895671 37925 0 108 139120 406839 8651525 31164 36548915 975890004 975890004 0 19915834 0 0.475620 2504 10016 17851374 20916091 4534 3219 88 160000 250000 84 151996 178135 12 16000 25000 8 16000 25000 34
1787060091276372 10 0 0 10 10 10 0 0 0 0 0 0 60 36 36 0 240 180 144 0 144 0 0 0 39898523 38025 0 109 139291 406861 8678642 31203 36550736 979755367 979755367 0 19915834 0 0.475585 2536 10144 18217538 21345060 1569 3059 88 160000 250000 84 151996 178142 12 16000 25000 8 16000 25000 34
1787060091314518 10 0 0 10 10 10 0 0 0 0 0 0 56 39 39 0 240 184 145 0 145 0 0 0 39901493 38109 0 109 139485 406890 8713453 31233 36552609 984797143 984797143 0 19915834 0 0.475549 2484 9936 17979192 21065778 1435 2901 88 160000 250000 84 151996 178150 12 16000 25000 8 16000 25000 34
1787060091319375 10 0 0 10 10 10 0 0 0 0 0 0 52 42 42 0 240 188 146 0 146 0 0 0 39903667 38192 0 110 139624 406915 8715824 31263 36553897 989987495 989987495 0 19915834 0 0.475522 2457 9828 17783766 20836764 1627 2778 88 160000 250000 84 151996 178152 12 16000 25000 8 16000 25000 34
1787060091351594 10 0 0 10 10 10 0 0 0 0 0 0 48 45 45 0 240 192 147 0 147 0 0 0 39906434 38294 0 111 139849 406948 8744856 31292 36555687 994870420 994870420 0 19915834 0 0.475488 2467 9868 17856146 20921570 2471 2749 88 160000 250000 84 151996 178159 12 16000 25000 8 16000 25000 34
1787060091354426 10 0 0 10 10 10 0 0 0 0 0 0 44 48 48 0 240 196 148 0 148 0 0 0 39908199 38380 0 111 139943 406964 8745668 31324 36556556 999749368 999749368 0 19915834 0 0.475465 2423 9692 17537674 20548388 1757 2653 88 160000 250000 84 151996 178160 12 16000 25000 8 16000 25000 34
1787060091577309 10 0 0 10 10 10 0 0 0 0 0 0 40 51 51 0 240 200 149 0 149 0 0 0 39911834 38467 0 112 140276 407011 8964384 31354 36558998 1004596809 1004596809 0 19915834 0 0.475421 2397 9588 17479952 20480739 1621 2553 88 160000 250000 84 151996 178166 12 16000 25000 8 16000 25000 34
1787060091669473 10 0 0 10 10 10 0 0 0 0 0 0 36 54 54 0 240 204 150 0 150 0 0 0 39914398 38554 0 112 140483 407045 9053598 31386 36560561 1015822177 1015822177 0 19915834 0 0.475390 2390 9560 17428905 20420892 5076 2800 88 160000 250000 84 151996 178167 12 16000 25000 8 16000 25000 34
1787060091688132 10 0 0 10 10 10 0 0 0 0 0 0 32 57 57 0 240 208 151 0 151 0 0 0 39916478 38638 0 112 140660 407078 9069824 31417 36561745 1019743124 1019743124 0 19915834 0 0.475364 2406 9624 17676539 20711057 2954 2816 88 160000 250000 84 151996 178163 12 16000 25000 8 16000 25000 34
1787060091795154 10 0 0 10 10 10 0 0 0 0 0 0 28 60 60 0 240 212 152 0 152 0 0 0 39918517 38725 0 112 140854 407109 9174439 31447 36562868 1030057719 1030057719 0 19915834 0 0.475339 2447 9788 17977760 21063989 5578 3087 88 160000 250000 84 154663 181295 12 16000 25000 8 16000 25000 34
1787060091827211 10 0 0 10 10 10 0 0 0 0 0 0 24 63 63 0 240 216 153 0 153 0 0 0 39920250 38812 0 112 141026 407137 9204423 31476 36563748 1035275853 1035275853 0 19915834 0 0.475317 2467 9868 18124697 21236150 5039 3278 88 160000 250000 84 151995 178173 12 16000 25000 8 16000 25000 34
1787060091865564 10 0 0 10 10 10 0 0 0 0 0 0 20 66 66 0 240 220 154 0 154 0 0 0 39921971 38903 0 112 141245 407176 9240644 31506 36564636 1040594571 1040594571 0 19915834 0 0.475295 2445 9780 17963066 21046735 1151 3071 88 160000 250000 84 151995 178172 12 16000 25000 8 16000 25000 34
1787060091975347 10 0 0 10 10 10 0 0 0 0 0 0 16 69 69 0 240 224 155 0 155 0 0 0 39923530 38988 0 113 141455 407213 9348478 31536 36565291 1045658856 1045658856 0 19915834 0 0.475276 2490 9960 18293675 21434060 5570 3315 88 160000 250000 84 154662 181297 12 16000 25000 8 16000 25000 34
1787060092362128 10 0 0 10 10 10 0 0 0 0 0 0 12 72 72 0 240 228 156 0 156 0 0 0 39924841 39081 0 114 141657 407251 9733549 31566 36565765 1050800501 1050800501 0 19915834 0 0.475259 2483 9932 18107101 21215437 2418 3229 88 160000 250000 84 151994 178171 12 16000 25000 8 16000 25000 34
1787060092521044 10 0 0 10 10 10 0 0 0 0 0 0 8 75 75 0 240 232 157 0 157 0 0 0 39925804 39168 0 115 141837 407283 9891147 31597 36566035 1056307008 1056307008 0 19915834 0 0.475247 2433 9732 17742479 20788186 1272 3039 88 160000 250000 84 154661 181292 12 16000 25000 8 16000 25000 34
1787060092555115 10 0 0 10 10 10 0 0 0 0 0 0 4 78 78 0 240 236 158 0 158 0 0 0 39926618 39251 0 116 141981 407314 9924085 31627 36566141 1061435062 1061435062 0 19915834 0 0.475236 2430 9720 17588340 20607566 5608 3290 88 160000 250000 84 151993 178162 12 16000 25000 8 16000 25000 34
1787060092597964 10 0 0 10 10 10 0 0 0 0 0 0 1 80 80 0 240 239 159 0 159 0 0 0 39927127 39330 0 117 142062 407329 9966191 31657 36566179 1066706841 1066706841 0 19915834 0 0.475229 2440 9760 17793526 20847921 1443 3111 88 160000 250000 83 149993 175810 12 16000 25000 8 16000 25000 34
1787060093299011 10 0 0 10 10 10 0 0 0 0 0 0 1 79 79 0 240 239 160 0 160 0 0 0 39927132 42358 0 3058 142160 407352 10664027 31687 36566179 1071011088 1071011088 0 19915834 88 0.475195 2390 9560 17428905 20420673 1623 2967 88 160000 250000 82 147993 173462 12 16000 25000 8 16000 25000 34
1787060093302499 10 0 0 10 10 10 0 0 0 0 0 0 1 78 78 0 240 239 161 0 161 0 0 0 39927132 44671 0 5285 142192 407362 10664031 32794 36566179 1075316693 1075316693 0 19915834 2248 0.475219 2264 8918 16356061 19163628 508 2729 88 160000 250000 81 145993 171119 12 16000 25000 8 16000 25000 34
1787060093313587 10 0 0 10 10 10 0 0 0 0 0 0 1 77 77 0 240 239 162 0 162 0 0 0 39927135 46304 0 6823 142236 407377 10670029 36166 36566179 1079637327 1079637327 0 19915834 7694 0.475330 2119 8217 15164386 17767361 465 2509 88 160000 250000 80 143993 168776 12 16000 25000 8 16000 25000 34
1787060093330390 10 0 0 10 10 10 0 0 0 0 0 0 0 77 77 0 240 240 163 0 163 0 0 0 39927333 46383 0 6824 142280 407388 10684874 37768 36566194 1084575140 1084575140 0 19915834 7694 0.475326 2055 7843 14454745 16935885 780 2341 88 160000 250000 77 140660 164863 12 16000 25000 8 16000 25000 34
1787060093372617 10 0 0 10 10 10 0 0 0 0 0 0 0 76 76 0 240 240 164 0 164 0 0 0 39927335 48337 0 8685 142355 407405 10724997 37799 36566194 1088955009 1088955009 0 19915834 8572 0.475324 2094 7992 14615095 17123739 1109 2222 88 160000 250000 76 138660 162520 12 16000 25000 8 16000 25000 34
1787060093623825 10 0 0 10 10 10 0 0 0 0 0 0 0 75 75 0 240 240 165 0 165 0 0 0 39927336 50385 0 10636 142440 407421 10972556 39272 36566194 1093288157 1093288157 0 19915834 9150 0.475313 2062 7744 14139261 16566203 798 2084 88 160000 250000 75 137327 160958 12 16000 25000 8 16000 25000 34
1787060093767940 10 0 0 10 10 10 0 0 0 0 0 0 0 74 74 0 240 240 166 0 166 0 0 0 39927337 52238 0 12404 142489 407436 11113372 40629 36566194 1097766810 1097766810 0 19915834 9238 0.475293 1974 7292 13267254 15544495 600 1940 88 160000 250000 74 135994 159397 12 16000 25000 8 16000 25000 34
1787060093791411 10 0 0 10 10 10 0 0 0 0 0 0 0 73 73 0 240 240 167 0 167 0 0 0 39927338 54117 0 14202 142540 407449 11134073 41431 36566194 1102268308 1102268308 0 19915834 9326 0.475273 1897 6892 12491629 14635714 720 1822 88 160000 250000 73 134661 157835 12 16000 25000 8 16000 25000 34
1787060093829508 10 0 0 10 10 10 0 0 0 0 0 0 0 72 72 0 240 240 168 0 168 0 0 0 39927338 56169 0 16168 142584 407465 11169320 42144 36566194 1106809720 1106809720 0 19915834 9414 0.475251 1843 6583 11985594 14042814 673 1711 88 160000 250000 72 133328 156274 12 16000 25000 8 16000 25000 34
1787060094866903 10 0 0 10 10 10 0 0 0 0 0 0 0 71 71 0 240 240 169 0 169 0 0 0 39927340 58600 0 18514 142635 407480 12203432 42903 36566194 1111332934 1111332934 0 19915834 11571 0.475273 1813 6364 11543815 13525184 870 1630 88 160000 250000 71 131328 153931 12 16000 25000 8 16000 25000 34
1787060094884960 10 0 0 10 10 10 0 0 0 0 0 0 0 70 70 0 240 240 170 0 170 0 0 0 39927340 60469 0 20300 142682 407493 12217154 45278 36566194 1115719124 1115719124 0 19915834 11659 0.475253 1752 6043 11036242 12930485 647 1535 88 160000 250000 70 129995 152369 12 16000 25000 8 16000 25000 34
1787060094963580 10 0 0 10 10 10 0 0 0 0 0 0 0 69 69 0 240 240 171 0 171 0 0 0 39927340 62283 0 22021 142728 407507 12292941 46215 36566194 1120181785 1120181785 0 19915834 12237 0.475246 1688 5719 10495296 12296684 660 1451 88 160000 250000 69 128662 150808 12 16000 25000 8 16000 25000 34
1787060094967379 10 0 0 10 10 10 0 0 0 0 0 0 0 68 68 0 240 240 172 0 172 0 0 0 39927340 64431 0 24088 142761 407516 12292944 47797 36566194 1124647725 1124647725 0 19915834 12325 0.475222 1610 5356 9791265 11471793 539 1363 88 160000 250000 68 127329 149246 12 16000 25000 8 16000 25000 34
1787060095091643 10 0 1 9 10 10 0 0 0 0 0 0 0 67 67 0 240 240 173 0 173 0 0 0 39927340 66214 0 25794 142815 407531 12414714 48417 36566194 1129241218 1129241218 0 19915834 12413 0.475203 1547 5052 9197642 10776260 499 1279 88 160000 250000 67 125996 147685 12 16000 25000 8 16000 25000 34
1787060095684755 10 0 1 9 10 10 0 0 0 0 0 0 0 66 66 0 240 240 174 0 174 0 0 0 39927340 68527 0 28020 142861 407546 13004623 49224 36566194 1133643153 1133643153 0 19915834 12501 0.475178 1516 4858 8807063 10318647 788 1232 88 160000 250000 66 123996 145334 12 16000 25000 8 16000 25000 34
1787060095715232 10 0 1 9 10 10 0 0 0 0 0 0 0 65 65 0 240 240 175 0 175 0 0 0 39927340 70676 0 30085 142905 407568 13031996 50088 36566194 1138076677 1138076677 0 19915834 12589 0.475154 1495 4699 8502004 9961208 728 1184 88 160000 250000 65 121996 142991 12 16000 25000 8 16000 25000 34
1787060095774480 10 0 1 9 10 10 0 0 0 0 0 0 0 64 64 0 240 240 176 0 176 0 0 0 39927341 72378 0 31705 142946 407581 13088676 50875 36566194 1142525936 1142525936 0 19915834 12677 0.475136 1444 4450 8035153 9414210 977 1165 88 160000 250000 64 119996 140641 12 16000 25000 8 16000 25000 34
1787060095841337 10 0 1 9 10 10 0 0 0 0 0 0 0 63 63 0 240 240 177 0 177 0 0 0 39927342 74137 0 33379 142991 407602 13152744 51813 36566194 1147086818 1147086818 0 19915834 12765 0.475117 1426 4308 7760380 9092257 812 1132 88 160000 250000 63 117996 138298 12 16000 25000 8 16000 25000 34
1787060095906869 10 0 1 9 10 10 0 0 0 0 0 0 0 62 62 0 240 240 178 0 178 0 0 0 39927344 76508 0 35670 143052 407616 13214701 52918 36566194 1151667163 1151667163 0 19915834 12853 0.475091 1404 4155 7468736 8750538 1165 1136 88 160000 250000 62 115996 135955 12 16000 25000 8 16000 25000 34
1787060095973402 10 0 1 9 10 10 0 0 0 0 0 0 0 61 61 0 240 240 179 0 179 0 0 0 39927344 78222 0 37305 143099 407631 13278492 53861 36566194 1156315733 1156315733 0 19915834 12941 0.475073 1339 3881 6959002 8153301 690 1093 88 160000 250000 61 113996 133612 12 16000 25000 8 16000 25000 34
1787060096422862 10 0 1 9 10 10 0 0 0 0 0 0 0 60 60 0 240 240 180 0 180 0 0 0 39927344 80179 0 39176 143166 407646 13725023 54727 36566194 1161484023 1161484023 0 19915834 14205 0.475080 1307 3708 6632652 7770942 879 1073 88 160000 250000 60 111996 131267 12 16000 25000 8 16000 25000 34
1787060096471962 10 0 1 9 2 10 0 0 0 0 0 0 13 59 58 1 253 240 181 0 181 0 0 0 39927344 82155 0 41066 143224 407655 13725027 101754 36566194 1171762442 1166619910 0 19915834 14784 0.475070 1265 3512 6333468 7420387 647 1032 88 160000 250000 58 107996 128916 12 16000 25000 8 16000 25000 34
1787060096492922 10 0 1 9 2 10 0 0 0 0 0 0 19 58 58 0 259 240 182 0 182 0 0 0 39927344 84218 0 43046 143224 407665 13725031 120614 36566194 1171762442 1171762442 0 19915834 18417 0.475132 1147 3114 5664659 6636794 241 956 88 160000 250000 58 107996 126573 12 16000 25000 8 16000 25000 34
1787060096623165 10 0 1 9 2 10 0 0 0 0 0 0 56 57 55 2 296 240 183 0 183 0 0 0 39927344 86354 0 45089 143317 407679 13725037 248584 36566194 1187679695 1177089466 0 19915834 18505 0.475109 997 2646 4801776 5625827 146 878 88 160000 250000 56 103996 124231 12 16000 25000 8 16000 25000 34
1787060096626780 10 0 1 9 2 10 0 0 0 0 0 0 56 56 55 1 296 240 184 0 184 0 0 0 39927344 88849 0 47503 143317 407688 13725041 249667 36566194 1187679695 1182447266 0 19915834 18593 0.475081 842 2183 3952159 4630390 108 804 88 160000 250000 56 103996 121888 12 16000 25000 8 16000 25000 34
1787060096630652 10 0 1 9 2 10 0 0 0 0 0 0 56 55 54 1 296 240 185 0 185 0 0 0 39927344 90754 0 49326 143350 407697 13725045 251561 36566194 1193054037 1187821608 0 19915834 18681 0.475061 789 1997 3606777 4225723 242 750 88 160000 250000 55 101996 119545 12 16000 25000 8 16000 25000 34
1787060096633764 10 0 1 9 2 10 0 0 0 0 0 0 56 54 54 0 296 240 186 0 186 0 0 0 39927344 92956 0 51444 143350 407706 13725048 252435 36566194 1193054037 1193054037 0 19915834 18769 0.475037 769 1899 3421187 4008272 533 730 88 160000 250000 54 99996 117193 12 16000 25000 8 16000 25000 34
1787060096773010 10 0 0 10 2 10 0 0 0 0 0 0 55 54 54 0 296 241 187 0 187 0 0 0 39935294 94933 0 53332 143475 407723 13853031 253603 36568920 1198024164 1198024164 0 20556744 18857 0.490190 663 1597 2868423 3360639 112 671 88 160000 250000 65 114663 134380 12 16000 25000 8 16000 25000 35
1787060096824359 10 0 0 10 2 10 0 0 0 0 0 0 55 53 53 0 296 241 188 0 188 0 0 0 39937284 96863 0 55180 143527 407739 13898916 255057 36570868 1203488775 1203488775 0 20556744 19241 0.490151 654 1535 2776097 3252466 689 673 88 160000 250000 64 112663 132037 12 16000 25000 8 16000 25000 35
1787060096858671 10 0 0 10 2 10 0 0 0 0 0 0 59 52 52 0 300 241 189 0 189 0 0 0 39939405 98952 0 57174 143575 407755 13916908 267081 36572934 1208987335 1208987335 0 20556744 20121 0.490121 646 1477 2663037 3119993 704 677 88 160000 250000 63 110663 129694 12 16000 25000 8 16000 25000 35
1787060096915439 10 0 0 10 2 10 0 0 0 0 0 0 68 51 51 0 309 241 190 0 190 0 0 0 39941816 101142 0 59279 143620 407770 13939364 296705 36575295 1214544561 1214544561 0 20556744 20405 0.490071 638 1420 2586661 3030507 693 679 88 160000 250000 62 108663 127351 12 16000 25000 8 16000 25000 35
1787060096925644 10 0 0 10 2 10 0 0 0 0 0 0 71 50 49 1 312 241 191 0 191 0 0 0 39941816 103289 0 61343 143696 407779 13939368 304651 36575295 1223986656 1218865051 0 20556744 20493 0.490047 630 1363 2477083 2902115 862 698 88 160000 250000 61 106663 125009 12 16000 25000 8 16000 25000 35
1787060096928212 10 0 0 10 2 10 0 0 0 0 0 0 71 49 49 0 312 241 192 0 192 0 0 0 39941816 105044 0 63012 143696 407788 13939372 305427 36575295 1223986656 1223986656 0 20556744 20581 0.490028 559 1176 2159897 2530499 87 639 88 160000 250000 60 105330 123446 12 16000 25000 8 16000 25000 35
1787060096942628 10 0 0 10 2 10 0 0 0 0 0 0 71 48 48 0 312 241 193 0 193 0 0 0 39944306 106875 0 64754 143767 407802 13948584 306199 36577715 1228325861 1228325861 0 20556744 23322 0.490040 550 1123 2050288 2402081 454 622 88 160000 250000 59 103330 121103 12 16000 25000 8 16000 25000 35
1787060097039935 10 0 1 9 2 10 0 0 0 0 0 0 99 47 46 1 340 241 194 0 194 0 0 0 39944306 108864 0 66653 143844 407812 13948591 401400 36577715 1238451240 1232774938 0 20556744 24004 0.490032 547 1083 1972125 2310495 771 638 88 160000 250000 58 101330 118761 12 16000 25000 8 16000 25000 35
1787060097063687 10 0 2 8 2 10 0 0 0 0 0 0 106 46 46 0 347 241 195 0 195 0 0 0 39944306 111170 0 68869 143844 407822 13948595 422809 36577715 1238451240 1238451240 0 20556744 26917 0.490073 510 979 1776278 2081042 126 589 88 160000 250000 57 99330 116417 12 16000 25000 8 16000 25000 35
1787060097168488 10 0 2 8 2 10 0 0 0 0 0 0 136 45 45 0 377 241 196 0 196 0 0 0 39944306 113587 0 71189 143886 407832 13948603 525108 36577715 1243754484 1243754484 0 20556744 27005 0.490046 478 888 1606295 1881884 163 548 88 160000 250000 56 97330 114068 12 16000 25000 8 16000 25000 35
1787060097198021 10 0 2 8 2 10 0 0 0 0 0 0 136 44 44 0 377 241 197 0 197 0 0 0 39970651 115710 0 73227 143938 407867 13948639 526018 36603499 1249119212 1249119212 0 20556744 27192 0.489702 449 807 1453862 1703296 143 509 88 160000 250000 55 95330 111725 12 16000 25000 8 16000 25000 35
1787060097241903 10 0 2 8 2 10 0 0 0 0 0 0 138 43 43 0 379 241 198 0 198 0 0 0 40006320 117591 0 75014 143987 407917 13948683 532172 36638455 1254526386 1254526386 0 20556744 28552 0.489276 448 778 1395767 1635223 907 548 88 160000 250000 54 93330 109382 12 16000 25000 8 16000 25000 35
1787060097291071 10 0 2 8 2 10 0 0 0 0 0 0 152 42 41 1 393 241 199 0 199 0 0 0 40006320 119642 0 76975 144043 407930 13948688 579189 36638455 1264840522 1259941091 0 20556744 28640 0.489253 444 744 1328938 1556925 759 569 88 160000 250000 52 89330 107039 12 16000 25000 8 16000 25000 35
1787060097293605 10 0 2 8 2 10 0 0 0 0 0 0 152 41 41 0 393 241 200 0 200 0 0 0 40006320 121367 0 78608 144043 407940 13948692 579962 36638455 1264840522 1264840522 0 20556744 28728 0.489234 402 649 1154003 1351970 112 526 88 160000 250000 52 89330 104696 12 16000 25000 8 16000 25000 35
1787060097319422 10 0 2 8 2 10 0 0 0 0 0 0 152 40 40 0 393 241 201 0 201 0 0 0 40028715 123732 0 80883 144096 407972 13948722 580878 36660426 1269789303 1269789303 0 20556744 28816 0.488935 384 596 1055311 1236337 156 491 88 160000 250000 51 87330 102353 12 16000 25000 8 16000 25000 35
1787060097458634 10 0 2 8 2 10 0 0 0 0 0 0 152 39 39 0 393 241 202 0 202 0 0 0 40164412 125947 0 83005 144183 408106 13948874 581761 36793639 1274878468 1274878468 0 20556744 30873 0.487310 372 555 997029 1168054 607 503 88 160000 250000 50 85330 100010 12 16000 25000 8 16000 25000 35
1787060099924475 10 0 2 8 2 10 0 0 0 0 0 0 173 38 38 0 414 241 203 0 203 0 0 0 42549995 128531 0 85350 144979 410310 13951452 653291 39135899 1284460031 1284460031 0 20556744 30961 0.460043 370 529 946362 1108692 709 524 88 160000 250000 49 83330 97667 12 16000 25000 8 16000 25000 35
1787060100015333 10 0 2 8 2 10 0 0 0 0 0 0 173 37 37 0 414 241 204 0 204 0 0 0 42637404 130556 0 87285 145048 410399 13951553 654405 39221671 1294130973 1294130973 0 20556744 36394 0.459202 374 512 910797 1067022 1415 612 88 160000 250000 48 81330 95324 12 16000 25000 8 16000 25000 35
1787060100185097 10 0 2 8 2 10 0 0 0 0 0 0 173 36 36 0 414 241 205 0 205 0 0 0 42803045 132427 0 89064 145146 410570 13951737 656142 39384295 1303033047 1303033047 0 20556744 36482 0.457413 377 493 892460 1045535 1222 672 88 160000 250000 47 79330 92981 12 16000 25000 8 16000 25000 35
1787060100229358 10 0 2 8 2 10 0 0 0 0 0 0 173 35 35 0 414 241 206 0 206 0 0 0 42844045 134756 0 91309 145203 410618 13951786 656887 39424577 1311567794 1311567794 0 20556744 37862 0.456982 382 476 857520 1004598 1469 750 88 160000 250000 46 77330 90638 12 16000 25000 8 16000 25000 35
1787060100279097 10 0 2 8 2 10 0 0 0 0 0 0 187 34 34 0 428 241 207 0 207 0 0 0 42844045 136339 0 92808 145247 410627 13951792 704960 39424577 1320146141 1320146141 0 20556744 38930 0.456989 383 454 833713 976703 1397 814 88 160000 250000 45 75330 88295 12 16000 25000 8 16000 25000 35
1787060100724996 10 0 2 8 2 10 0 0 0 0 0 0 198 33 33 0 439 241 208 0 208 0 0 0 43249579 138416 0 94770 145425 411021 13952230 742113 39822692 1329176626 1329176626 0 20556744 39018 0.452698 383 430 786815 921756 689 803 88 160000 250000 44 73330 85952 12 16000 25000 8 16000 25000 35
1787060100888634 10 0 3 7 2 10 0 0 0 0 0 0 198 32 32 0 439 241 209 0 209 0 0 0 43409211 140721 0 96970 145518 411180 13952408 743322 39979279 1338370831 1338370831 0 20556744 40590 0.451049 388 412 749577 878126 1607 883 88 160000 250000 43 71330 83609 12 16000 25000 8 16000 25000 35
1787060101218808 10 0 3 7 2 10 0 0 0 0 0 0 214 31 31 0 455 241 210 0 210 0 0 0 43644384 142707 0 98853 145631 411419 13952679 835632 40210037 1347911984 1347911984 0 20556744 40678 0.448608 396 421 765032 896231 1610 955 88 160000 250000 42 69330 81266 12 16000 25000 8 16000 25000 35
1787060101626190 10 0 3 7 2 10 0 0 0 0 0 0 214 30 30 0 455 241 211 0 211 0 0 0 44047904 144417 0 100455 145808 411793 13953136 836666 40606190 1358175489 1358175489 0 20556744 40766 0.444496 405 430 782419 916600 1282 988 88 160000 250000 41 67330 78923 12 16000 25000 8 16000 25000 35
1787060101887357 10 0 3 7 2 10 0 0 0 0 0 0 214 29 29 0 455 241 212 0 212 0 0 0 44305067 146914 0 102843 145933 412048 13953421 837423 40858755 1368738061 1368738061 0 20556744 41246 0.441910 413 439 797874 934706 1307 1020 88 160000 250000 40 65330 76580 12 16000 25000 8 16000 25000 35
1787060101906993 10 0 3 7 2 10 0 0 0 0 0 0 219 28 28 0 460 241 213 0 213 0 0 0 44305067 149135 0 104977 145965 412064 13953425 854758 40858755 1379047032 1379047032 0 20556744 41334 0.441890 418 418 779101 912708 1102 1029 88 160000 250000 39 63330 74237 12 16000 25000 8 16000 25000 35
1787060101916211 10 0 3 7 2 10 0 0 0 0 0 0 219 27 27 0 460 241 214 0 214 0 0 0 44310680 151323 0 107084 146016 412080 13953436 856073 40864232 1389379590 1389379590 0 20556744 41422 0.441814 417 417 777237 910524 508 979 88 160000 250000 38 61330 71894 12 16000 25000 8 16000 25000 35
1787060101922993 10 0 3 7 2 10 0 0 0 0 0 0 219 26 26 0 460 241 215 0 215 0 0 0 44314403 153176 0 108855 146058 412095 13953442 857190 40867878 1399980567 1399980567 0 20556744 41903 0.441769 427 427 801689 939170 1672 1047 88 160000 250000 37 59330 69551 12 16000 25000 8 16000 25000 35
1787060102468769 10 0 3 7 2 10 0 0 0 0 0 0 224 25 25 0 465 241 216 0 216 0 0 0 44838338 155264 0 110832 146554 412616 13954015 875209 41382220 1410863743 1410863743 0 20556744 42692 0.436621 435 435 822630 963703 1491 1092 88 160000 250000 36 57330 67208 12 16000 25000 8 16000 25000 35
1787060102542942 10 0 4 6 2 10 0 0 0 0 0 0 232 24 24 0 473 241 217 0 217 0 0 0 44838338 157214 0 112692 146587 412626 13954020 947359 41382220 1420994641 1420994641 0 20556744 42780 0.436604 443 443 843789 988492 1407 1123 88 160000 250000 35 55330 64865 12 16000 25000 8 16000 25000 35
1787060102562657 10 0 5 5 2 10 0 0 0 0 0 0 232 23 23 0 473 241 218 0 218 0 0 0 44855019 159340 0 114735 146659 412658 13954042 948114 41398514 1431971473 1431971473 0 20556744 47563 0.436523 425 425 815289 955106 206 1035 88 160000 250000 34 53330 62522 12 16000 25000 8 16000 25000 35
1787060102819264 10 0 5 5 2 10 0 0 0 0 0 0 281 22 22 0 522 241 219 0 219 0 0 0 44855019 161737 0 117032 146703 412668 13954052 1202235 41398514 1442561556 1442561556 0 20556744 49129 0.436533 433 433 830636 973084 1411 1072 88 160000 250000 33 51997 60961 12 16000 25000 8 16000 25000 35
1787060105772076 10 0 5 5 2 10 0 0 0 0 0 0 297 21 21 0 538 241 220 0 220 0 0 0 47710309 164740 0 119737 147625 415260 13957198 1289349 44201433 1457988575 1457988575 0 20556744 50015 0.410488 331 331 634967 743859 42 973 88 160000 250000 32 49997 58618 12 16000 25000 8 16000 25000 35
1787060106780053 10 0 5 5 2 10 0 0 0 0 0 0 297 20 20 0 538 241 221 0 221 0 0 0 48711312 166949 0 121783 148017 416218 13958283 1291408 45184129 1473090775 1473090775 0 20556744 50103 0.402065 342 342 660724 774034 1775 1053 88 160000 250000 31 47997 56275 12 16000 25000 8 16000 25000 35
1787060106785167 10 0 5 5 2 10 0 0 0 0 0 0 297 19 19 0 538 241 222 0 222 0 0 0 48713166 169021 0 123773 148064 416231 13958289 1292502 45185947 1488548363 1488548363 0 20556744 50191 0.402034 353 353 686780 804560 1881 1135 88 160000 250000 30 45997 53932 12 16000 25000 8 16000 25000 35
1787060106804899 10 0 5 5 2 10 0 0 0 0 0 0 297 18 18 0 538 241 223 0 223 0 0 0 48729684 171354 0 126021 148118 416256 13958312 1293252 45202172 1503675686 1503675686 0 20556744 50279 0.401881 364 364 713136 835436 2059 1226 88 160000 250000 29 43997 51589 12 16000 25000 8 16000 25000 35
1787060106876479 10 0 6 4 2 10 0 0 0 0 0 0 297 17 17 0 538 241 224 0 224 0 0 0 48797713 173780 0 128361 148187 416327 13958393 1294119 45268967 1518875364 1518875364 0 20556744 50755 0.401312 374 374 732728 858388 1997 1302 88 160000 250000 28 41997 49246 12 16000 25000 8 16000 25000 35
1787060107098956 10 0 7 3 2 10 0 0 0 0 0 0 302 16 16 0 543 241 225 0 225 0 0 0 48969873 174091 0 128569 148288 416510 13958581 1343593 45437981 1529332159 1529332159 0 20556744 50755 0.399903 384 384 752319 881339 2126 1384 88 160000 250000 16 25997 30497 12 16000 25000 8 16000 25000 39
1787060107416958 10 0 6 4 2 10 0 0 0 0 0 0 301 16 16 0 543 242 226 0 226 0 0 0 49284566 176306 0 130675 148505 416832 13958924 1343702 45740998 1544875341 1544875341 0 21197654 50843 0.409701 389 477 873258 1023031 1481 1394 88 160000 250000 27 39997 46904 12 16000 25000 8 16000 25000 39
1787060107747124 10 0 6 4 2 10 0 0 0 0 0 0 301 15 15 0 543 242 227 0 227 0 0 0 49610937 178236 0 132499 148661 417151 13959291 1344622 46061338 1560093463 1560093463 0 21197654 50931 0.407001 399 489 895707 1049330 2037 1458 88 160000 250000 26 38664 45342 12 16000 25000 8 16000 25000 39
1787060110368086 10 0 7 3 2 10 0 0 0 0 0 0 301 14 14 0 543 242 228 0 228 0 0 0 52221814 180712 0 134698 149574 419574 13962153 1345359 48623605 1577123408 1577123408 0 21197654 51019 0.386705 409 501 912588 1069106 1954 1507 88 160000 250000 25 36664 42999 12 16000 25000 8 16000 25000 39
1787060112406131 10 0 7 3 2 10 0 0 0 0 0 0 301 13 13 0 543 242 229 0 229 0 0 0 54249897 184118 0 137891 150264 421508 13964386 1346554 50614301 1597544088 1597544088 0 21197654 51107 0.372275 420 515 937132 1097859 2146 1570 88 160000 250000 24 35331 41438 12 16000 25000 8 16000 25000 39
1787060112449752 10 0 7 3 2 10 0 0 0 0 0 0 301 12 12 0 543 242 230 0 230 0 0 0 54290334 186158 0 139838 150323 421555 13964435 1347510 50653988 1617466025 1617466025 0 21197654 55034 0.372053 435 533 964680 1130130 2058 1619 88 160000 250000 23 33998 39876 12 16000 25000 8 16000 25000 39
1787060112594892 10 0 7 3 2 10 0 0 0 0 0 0 341 11 8 3 583 242 231 0 231 0 0 0 54290334 187990 0 141570 150457 421565 13964445 1490637 50653988 1698463131 1637947750 0 21197654 63046 0.372181 456 559 1005043 1177416 3181 1773 88 160000 250000 19 28666 38315 12 16000 25000 8 16000 25000 39
1787060112877928 10 0 7 3 2 10 0 0 0 0 0 0 422 10 7 3 664 242 232 0 232 0 0 0 54290334 189993 0 143474 150502 421574 13964456 1771576 50653988 1719206931 1658691550 0 21197654 63134 0.372169 428 525 937504 1098292 150 1615 88 160000 250000 18 26666 35972 12 16000 25000 8 16000 25000 39
1787060112885213 10 0 7 3 2 10 0 0 0 0 0 0 422 7 7 0 664 242 235 0 235 0 0 0 54290334 196198 0 149435 150502 421584 13964460 1772616 50653988 1719206931 1719206931 0 21197654 71505 0.372273 260 319 562434 658894 62 1330 88 160000 250000 18 26666 31287 12 16000 25000 8 16000 25000 39
1787060116538389 10 0 8 2 2 10 0 0 0 0 0 0 507 6 6 0 749 242 236 0 236 0 0 0 57648352 196708 0 149642 151607 424939 13968235 2058213 53949540 1728638992 1728638992 0 21197654 71505 0.350658 225 276 483659 566608 48 1206 88 160000 250000 6 10666 12542 12 16000 25000 8 16000 25000 43
1787060117907251 10 0 7 3 2 10 0 0 0 0 0 0 506 6 6 0 749 243 237 0 237 0 0 0 59010989 199046 0 151797 152165 426282 13969718 2058366 55280602 1754673919 1754673919 0 21838564 71593 0.352899 227 329 555905 651238 1329 1219 88 160000 250000 17 24666 28945 12 16000 25000 8 16000 25000 43
1787060123061006 10 0 7 3 2 10 0 0 0 0 0 0 506 7 6 1 749 243 237 0 237 0 0 0 64150066 199308 0 151797 153670 431184 13975373 2059356 60322493 1785863665 1754673919 0 21838564 71593 0.324714 236 342 577945 677058 3953 1356 88 160000 250000 17 24666 28946 12 16000 25000 8 16000 25000 43
1787060123063138 10 0 7 3 2 10 0 0 0 0 0 0 506 5 5 0 749 243 238 0 238 0 0 0 64150066 201402 0 153797 153792 431194 13975373 2059356 60322493 1785863665 1785863665 0 21838564 71681 0.324705 236 342 577945 677058 3953 1610 88 160000 250000 16 22666 26602 12 16000 25000 8 16000 25000 43
1787060123095888 10 0 7 3 2 10 0 0 0 0 0 0 506 4 4 0 749 243 239 0 239 0 0 0 64179312 203604 0 155913 153847 431232 13975410 2060498 60351186 1817595387 1817595387 0 21838564 71769 0.324548 247 358 604883 708616 4185 1862 88 160000 250000 15 20666 24259 12 16000 25000 8 16000 25000 43
1787060125476906 10 0 8 2 2 10 0 0 0 0 0 0 506 3 3 0 749 243 240 0 240 0 0 0 66552913 204070 0 156131 154680 433465 13977977 2061211 62680083 1826525163 1826525163 0 21838564 71769 0.313006 258 374 631821 740174 3534 2026 88 160000 250000 3 4666 5517 12 16000 25000 8 16000 25000 47
1787060130002388 10 0 7 3 2 10 0 0 0 0 0 0 505 4 4 0 749 244 240 0 240 0 0 0 71065836 204343 0 156131 156089 437925 13982928 2061427 67098554 1826525163 1826525163 0 22479474 71769 0.301761 264 442 721944 845727 1061 1978 88 160000 250000 15 20666 24261 12 16000 25000 8 16000 25000 47
1787060132854850 10 0 7 3 2 10 0 0 0 0 0 0 505 3 3 0 749 244 241 0 241 0 0 0 73908381 206806 0 158313 157019 440565 13986044 2061485 69887917 1867577057 1867577057 0 22479474 71857 0.290178 264 442 721944 845727 1061 1890 88 160000 250000 14 19333 22700 12 16000 25000 8 16000 25000 47
1787060133359098 10 0 8 2 2 10 0 0 0 0 0 0 505 2 2 0 749 244 242 0 242 0 0 0 74408127 208890 0 160281 157233 441048 13986600 2062495 70378146 1909573479 1909573479 0 22479474 71945 0.288228 280 469 765698 896983 5535 2247 88 160000 250000 13 17333 20357 12 16000 25000 8 16000 25000 47
1787060134173637 10 0 9 1 2 10 0 0 0 0 0 0 505 1 1 0 749 244 243 0 243 0 0 0 75219370 209256 0 160511 157514 441835 13987501 2063222 71174190 1918258565 1918258565 0 22479474 71945 0.285127 296 496 809452 948240 5447 2559 88 160000 250000 1 1333 1616 12 16000 25000 8 16000 25000 51
1787060139002232 10 0 8 2 2 10 0 0 0 0 0 0 504 2 2 0 749 245 243 0 243 0 0 0 80034860 209563 0 160511 159082 446391 13992759 2063344 75892167 1918258565 1918258565 0 23120384 71945 0.275632 301 572 909125 1064960 770 2470 88 160000 250000 13 17333 20358 12 16000 25000 8 16000 25000 52
1787060148806201 10 0 8 2 2 10 0 0 0 0 0 0 504 3 2 1 749 245 243 0 243 0 0 0 89813011 210118 0 160511 161965 455420 14003590 2063418 85485182 1975264262 1918258565 0 23120384 71945 0.245692 301 572 909125 1064960 770 2385 88 160000 250000 13 17333 20359 12 16000 25000 8 16000 25000 52
1787060148808557 10 0 9 1 2 10 0 0 0 0 0 0 504 1 1 0 749 245 244 0 244 0 0 0 89813011 212435 0 162724 162089 455431 14003590 2063418 85485182 1975264262 1975264262 0 23120384 72033 0.245686 301 572 909125 1064960 770 2229 88 160000 250000 12 16000 18796 12 16000 25000 8 16000 25000 52
1787060153001399 10 0 8 2 2 10 0 0 0 0 0 0 503 2 2 0 749 246 244 0 244 0 0 0 93992303 212725 0 162724 163607 459706 14008532 2064675 89572196 1975264262 1975264262 0 23761294 72033 0.241274 328 623 986209 1155257 8168 2526 88 160000 250000 24 32000 37550 12 16000 25000 8 16000 25000 52
1787060153242243 10 0 9 1 2 10 0 0 0 0 0 0 503 1 1 0 749 246 245 0 245 0 0 0 94232006 213048 0 162945 163730 459958 14008825 2064726 89806990 1994323451 1994323451 0 23761294 72033 0.240661 328 623 986209 1155257 8168 3077 88 160000 250000 12 16000 18813 12 16000 25000 8 16000 25000 56
1787060158001402 10 0 8 2 2 10 0 0 0 0 0 0 502 2 2 0 749 247 245 0 245 0 0 0 98977028 213370 0 162945 165397 464953 14014494 2064863 94447425 1994323451 1994323451 0 24402204 72033 0.235310 338 718 1112848 1303539 2085 3028 88 160000 250000 24 32000 37551 12 16000 25000 8 16000 25000 56
1787060158375957 10 0 9 1 2 10 0 0 0 0 0 0 502 1 1 0 749 247 246 0 246 0 0 0 99350000 213726 0 163171 165587 465341 14014956 2064915 94812802 2003879213 2003879213 0 24402204 72033 0.234427 338 718 1112848 1303539 2085 2937 88 160000 250000 12 16000 18801 12 16000 25000 8 16000 25000 60
1787060162759163 10 0 9 1 2 10 0 0 0 0 0 0 501 1 1 0 749 248 247 0 247 0 0 0 103719052 214313 0 163389 167923 469828 14020277 2065094 99083668 2013387740 2013387740 0 25043114 72033 0.230452 340 798 1216576 1425071 936 2742 88 160000 250000 12 16000 18811 12 16000 25000 8 16000 25000 64
1787060167001433 10 0 8 2 2 10 0 0 0 0 0 0 500 2 2 0 749 249 247 0 247 0 0 0 107948630 214581 0 163389 169404 474261 14025365 2065282 103217785 2013387740 2013387740 0 25684024 72033 0.227091 341 877 1317583 1543306 1173 2664 88 160000 250000 24 32000 37546 12 16000 25000 8 16000 25000 65
1787060167977565 10 0 9 1 2 10 0 0 0 0 0 0 500 1 1 0 749 249 248 0 248 0 0 0 108921443 214985 0 163619 169796 475242 14026546 2065337 104170491 2022980146 2022980146 0 25684024 72033 0.225066 341 877 1317583 1543306 1173 2520 88 160000 250000 12 16000 18806 12 16000 25000 8 16000 25000 68
1787060171981394 10 0 9 1 2 10 0 0 0 0 0 0 499 1 1 0 749 250 249 0 249 0 0 0 112913027 215596 0 163840 171211 479368 14031373 2065484 108071999 2032193585 2032193585 0 26324934 72033 0.222526 349 976 1448208 1696322 1084 2381 88 160000 250000 12 16000 18824 12 16000 25000 8 16000 25000 72
1787060176001580 10 0 8 2 2 10 0 0 0 0 0 0 498 2 2 0 749 251 249 0 249 0 0 0 116921275 215864 0 163840 172582 483526 14036217 2065654 111988592 2032193585 2032193585 0 26965846 72033 0.220129 355 1073 1574534 1844189 1091 2317 88 160000 250000 24 32000 37555 12 16000 25000 8 16000 25000 73
1787060177354680 10 0 9 1 2 10 0 0 0 0 0 0 498 1 1 0 749 251 250 0 250 0 0 0 118270032 216258 0 164057 173078 484908 14037850 2065703 113309111 2041561659 2041561659 0 26965846 72033 0.217623 355 1073 1574534 1844189 1091 2198 88 160000 250000 12 16000 18810 12 16000 25000 8 16000 25000 77
1787060181160418 10 0 9 1 2 10 0 0 0 0 0 0 497 1 1 0 749 252 251 0 251 0 0 0 122064054 216810 0 164260 174458 488956 14042381 2065827 117015661 2050732058 2050732058 0 27606758 72033 0.215868 357 1159 1685405 1974045 1072 2089 88 160000 250000 12 16000 18829 12 16000 25000 8 16000 25000 81
1787060186001827 10 0 8 2 2 10 0 0 0 0 0 0 496 2 2 0 749 253 251 0 251 0 0 0 126891053 217127 0 164260 176181 493920 14048180 2066018 121732986 2050732058 2050732058 0 28246765 72033 0.212472 359 1246 1797418 2105118 1106 2040 88 160000 250000 24 32000 37557 12 16000 25000 8 16000 25000 81
1787060186400476 10 0 9 1 2 10 0 0 0 0 0 0 496 1 1 0 749 253 252 0 252 0 0 0 127288062 217475 0 164488 176372 494323 14048674 2066068 122121667 2059767789 2059767789 0 28246765 72033 0.211810 359 1246 1797418 2105118 1106 1950 88 160000 250000 12 16000 18816 12 16000 25000 8 16000 25000 85
1787060186636659 10 0 9 1 2 10 0 0 0 0 0 0 495 1 1 0 749 254 253 0 253 0 0 0 127402777 338279 0 285123 176573 494447 14048807 2066217 122233969 2059848699 2059848699 0 28246765 52345817 0.601679 358 1323 1894697 2219032 923 1851 88 160000 250000 12 16000 18849 12 16000 25000 8 16000 25000 118
1787060190071877 10 0 9 1 2 10 0 0 0 0 0 0 494 1 1 0 749 255 254 0 254 0 0 0 130826828 339021 0 285390 177972 498211 14052900 2066387 125576659 2068751270 2068751270 0 28886772 52345817 0.590622 331 1243 1774316 2077944 1 1672 88 160000 250000 12 16000 18841 12 16000 25000 8 16000 25000 122
1787060195002215 10 0 8 2 2 10 0 0 0 0 0 0 493 2 2 0 749 256 254 0 254 0 0 0 135741439 339310 0 285390 179771 503265 14058722 2067722 130383555 2068751270 2068751270 0 29526779 52345817 0.573775 331 1318 1868887 2188578 1061 1642 88 160000 250000 24 32000 37567 12 16000 25000 8 16000 25000 123
1787060195856122 10 0 9 1 2 10 0 0 0 0 0 0 493 1 1 0 749 256 255 0 255 0 0 0 136592240 339683 0 285613 180143 504156 14059718 2067940 131217225 2077956563 2077956563 0 29526779 52345817 0.570209 331 1318 1868887 2188578 1061 1586 88 160000 250000 12 16000 18855 12 16000 25000 8 16000 25000 126
1787060200001055 10 0 8 2 2 10 0 0 0 0 0 0 492 2 2 0 749 257 255 0 255 0 0 0 140724868 339950 0 285613 181588 508584 14064591 2068131 135260752 2077956563 2077956563 0 30166786 52345817 0.557830 330 1388 1957527 2292184 667 1541 88 160000 250000 24 32000 37569 12 16000 25000 8 16000 25000 127
1787060204946574 10 0 9 1 2 10 0 0 0 0 0 0 492 1 1 0 749 257 256 0 256 0 0 0 145655621 340603 0 285821 183412 513544 14070522 2068217 140091560 2087038582 2087038582 0 30166786 52345817 0.538988 330 1388 1957527 2292184 667 1457 88 160000 250000 12 16000 18859 12 16000 25000 8 16000 25000 131
1787060209001548 10 0 8 2 2 10 0 0 0 0 0 0 491 2 2 0 749 258 256 0 256 0 0 0 149698658 340859 0 285821 184849 517724 14075224 2068421 144044110 2087038582 2087038582 0 30806793 52345817 0.528531 331 1466 2058030 2409662 1127 1441 88 160000 250000 24 32000 37570 12 16000 25000 8 16000 25000 131
1787060209622771 10 0 9 1 2 10 0 0 0 0 0 0 491 1 1 0 749 258 257 0 257 0 0 0 150317594 341207 0 286026 185122 518361 14075958 2068527 144650712 2106575895 2106575895 0 30806793 52345817 0.526358 331 1466 2058030 2409662 1127 1412 88 160000 250000 12 16000 18848 12 16000 25000 8 16000 25000 135
1787060214001973 10 0 8 2 2 10 0 0 0 0 0 0 490 2 2 0 749 259 257 0 257 0 0 0 154683920 341489 0 286026 186616 522936 14081110 2068668 148918764 2106575895 2106575895 0 31449854 52345817 0.515488 334 1555 2172112 2543117 1620 1423 88 160000 250000 24 32000 37571 12 16000 25000 8 16000 25000 135
1787060218611628 10 0 9 1 2 10 0 0 0 0 0 0 490 1 1 0 749 259 258 0 258 0 0 0 159279940 342092 0 286237 188276 527599 14086560 2068767 153423638 2115551816 2115551816 0 31449854 52345817 0.500644 334 1555 2172112 2543117 1620 1443 88 160000 250000 12 16000 18852 12 16000 25000 8 16000 25000 139
1787060219228233 10 0 9 1 2 10 0 0 0 0 0 0 489 1 1 0 749 260 259 0 259 0 0 0 159894022 342421 0 286440 188607 528303 14087288 2068993 154015118 2129822913 2129822913 0 32092915 52345817 0.502551 333 1625 2260751 2646764 712 1373 88 160000 250000 12 16000 18865 12 16000 25000 8 16000 25000 143
1787060219330812 10 0 9 1 2 10 0 0 0 0 0 0 488 1 1 0 749 261 260 0 260 0 0 0 159949377 389206 0 333088 188698 528370 14087355 2069167 154069259 2129863937 2129863937 0 32092915 74126559 0.631780 335 1710 2370043 2774508 1402 1377 88 160000 250000 12 16000 18874 12 16000 25000 8 16000 25000 151
1787060224000999 10 0 8 2 2 10 0 0 0 0 0 0 487 2 2 0 749 262 260 0 260 0 0 0 164603098 389511 0 333088 190303 533144 14092869 2069379 158621480 2129863937 2129863937 0 32735976 74126559 0.617676 323 1668 2307117 2700732 1 1309 88 160000 250000 24 32000 37574 12 16000 25000 8 16000 25000 152
1787060229518073 10 0 8 2 2 10 0 0 0 0 0 0 487 3 2 1 749 262 260 0 260 0 0 0 170104237 389885 0 333088 192099 538643 14099413 2069569 164014006 2140757215 2129863937 0 32735976 74126559 0.597745 323 1668 2307117 2700732 1 1244 88 160000 250000 24 32000 37579 12 16000 25000 8 16000 25000 156
1787060229518427 10 0 9 1 2 10 0 0 0 0 0 0 487 1 1 0 749 262 261 0 261 0 0 0 170104237 390198 0 333303 192217 538655 14099413 2069569 164014006 2140757215 2140757215 0 32735976 74126559 0.597744 323 1668 2307117 2700732 1 1123 88 160000 250000 12 16000 18859 12 16000 25000 8 16000 25000 155
1787060230145554 10 0 9 1 2 10 0 0 0 0 0 0 486 1 1 0 749 263 262 0 262 0 0 0 170728955 390547 0 333514 192538 539284 14100134 2069761 164616537 2151559738 2151559738 0 33379037 74126559 0.599145 323 1741 2399403 2808632 830 1096 88 160000 250000 12 16000 18879 12 16000 25000 8 16000 25000 160
1787060235001183 10 0 8 2 2 10 0 0 0 0 0 0 485 2 2 0 749 264 262 0 262 0 0 0 175570561 390841 0 333514 194105 544241 14105854 2069909 169353823 2151559738 2151559738 0 34022098 74126559 0.586143 324 1819 2499403 2925438 914 1087 88 160000 250000 24 32000 37576 12 16000 25000 8 16000 25000 160
1787060238637754 10 0 9 1 2 10 0 0 0 0 0 0 485 1 1 0 749 264 263 0 263 0 0 0 179196113 391365 0 333738 195614 547856 14110174 2070036 172909457 2160666254 2160666254 0 34022098 74126559 0.574308 324 1819 2499403 2925438 914 1071 88 160000 250000 12 16000 18865 12 16000 25000 8 16000 25000 164
1787060238959444 10 0 9 1 2 10 0 0 0 0 0 0 484 1 1 0 749 265 264 0 264 0 0 0 179516246 391665 0 333929 195835 548203 14110541 2070260 173213262 2169468350 2169468350 0 34665159 74126559 0.576694 323 1886 2583974 3024289 732 1039 88 160000 250000 12 16000 18884 12 16000 25000 8 16000 25000 168
1787060243001391 10 0 8 2 2 10 0 0 0 0 0 0 483 2 2 0 749 266 264 0 264 0 0 0 183546355 391932 0 333929 197212 552346 14115273 2070410 177154303 2169468350 2169468350 0 35308220 74126559 0.567392 322 1952 2667974 3122349 766 1026 88 160000 250000 24 32000 37578 12 16000 25000 8 16000 25000 169
1787060247850274 10 0 9 1 2 10 0 0 0 0 0 0 483 1 1 0 749 266 265 0 265 0 0 0 188381011 392542 0 334142 198822 557206 14121040 2070511 181893428 2178667415 2178667415 0 35308220 74126559 0.552859 322 1952 2667974 3122349 766 1001 88 160000 250000 12 16000 18870 12 16000 25000 8 16000 25000 172
1787060248076538 10 0 9 1 2 10 0 0 0 0 0 0 482 1 1 0 749 267 266 0 266 0 0 0 188606014 392841 0 334349 199014 557439 14121295 2070689 182102729 2187771825 2187771825 0 35951281 74126559 0.555445 320 2012 2742832 3209809 704 973 88 160000 250000 12 16000 18889 12 16000 25000 8 16000 25000 176
1787060253001811 10 0 8 2 2 10 0 0 0 0 0 0 481 2 2 0 749 268 266 0 266 0 0 0 193516998 393136 0 334349 200682 562432 14127038 2070831 186905152 2187771825 2187771825 0 36594342 74126559 0.544539 325 2116 2878545 3368367 736 962 88 160000 250000 24 32000 37581 12 16000 25000 8 16000 25000 177
1787060256953165 10 0 9 1 2 10 0 0 0 0 0 0 481 1 1 0 749 268 267 0 267 0 0 0 197456645 393817 0 334684 202054 566332 14131763 2070897 190765634 2196861288 2196861288 0 36594342 74126559 0.533694 325 2116 2878545 3368367 736 941 88 160000 250000 12 16000 18876 12 16000 25000 8 16000 25000 180
1787060258218451 10 0 9 1 2 10 0 0 0 0 0 0 480 1 1 0 749 269 268 0 268 0 0 0 198717656 394197 0 334897 202620 567628 14133229 2071067 191991840 2206990814 2206990814 0 37237403 74126559 0.533393 323 2176 2953117 3455474 696 918 88 160000 250000 12 16000 18894 12 16000 25000 8 16000 25000 185
1787060263001338 10 0 8 2 2 10 0 0 0 0 0 0 479 2 2 0 749 270 268 0 268 0 0 0 203486626 394523 0 334897 204289 572439 14138826 2071237 196653148 2206990814 2206990814 0 37880466 74126559 0.523924 359 2499 3389715 3966053 838 914 88 160000 250000 24 32000 37583 12 16000 25000 8 16000 25000 185
1787060265925980 10 0 9 1 2 10 0 0 0 0 0 0 479 1 1 0 749 270 269 0 269 0 0 0 206402560 395027 0 335122 205343 575248 14142270 2071356 199511136 2215951304 2215951304 0 37880466 74126559 0.516535 359 2499 3389715 3966053 838 908 88 160000 250000 12 16000 18881 12 16000 25000 8 16000 25000 189
1787060267568643 10 0 9 1 2 10 0 0 0 0 0 0 478 1 1 0 749 271 270 0 270 0 0 0 208039812 395453 0 335333 206031 576947 14144187 2071579 201105773 2225284482 2225284482 0 38523529 74126559 0.515419 356 2558 3463103 4051742 748 893 88 160000 250000 12 16000 18900 12 16000 25000 8 16000 25000 193
1787060272001702 10 0 8 2 2 10 0 0 0 0 0 0 477 2 2 0 749 272 270 0 270 0 0 0 212459848 395756 0 335333 207608 581475 14149357 2071757 205427334 2225284482 2225284482 0 39166592 74126559 0.507597 352 2608 3524763 4123584 560 877 88 160000 250000 24 32000 37586 12 16000 25000 8 16000 25000 193
1787060274857368 10 0 9 1 2 10 0 0 0 0 0 0 477 1 1 0 749 272 271 0 271 0 0 0 215306884 396283 0 335576 208655 584321 14152735 2071826 208216447 2234204397 2234204397 0 39166592 74126559 0.500896 352 2608 3524763 4123584 560 847 88 160000 250000 12 16000 18886 12 16000 25000 8 16000 25000 197
1787060277106804 10 0 9 1 2 10 0 0 0 0 0 0 476 1 1 0 749 273 272 0 272 0 0 0 217549078 396734 0 335797 209544 586751 14155346 2072023 210403712 2243728180 2243728180 0 39809655 74126559 0.498555 348 2657 3584138 4192864 805 843 88 160000 250000 12 16000 18905 12 16000 25000 8 16000 25000 201
1787060282000672 10 0 8 2 2 10 0 0 0 0 0 0 475 2 2 0 749 274 272 0 272 0 0 0 222428688 397085 0 335797 211171 591607 14160967 2072430 215169342 2243728180 2243728180 0 40452718 74126559 0.490389 344 2703 3641226 4259349 679 835 88 160000 250000 24 32000 37588 12 16000 25000 8 16000 25000 202
1787060284026223 10 0 9 1 2 10 0 0 0 0 0 0 475 1 1 0 749 274 273 0 273 0 0 0 224447188 397530 0 336009 212740 593634 14163357 2072492 217146660 2252883720 2252883720 0 40452718 74126559 0.485986 344 2703 3641226 4259349 679 821 88 160000 250000 12 16000 18884 12 16000 25000 8 16000 25000 205
1787060286420235 10 0 9 1 2 10 0 0 0 0 0 0 474 1 1 0 749 275 274 0 274 0 0 0 226833775 398019 0 336229 213633 596044 14166158 2072659 219473067 2262179327 2262179327 0 41095781 74126559 0.483579 341 2756 3706900 4335986 708 811 88 160000 250000 12 16000 18911 12 16000 25000 8 16000 25000 210
1787060291000617 10 0 8 2 2 10 0 0 0 0 0 0 473 2 2 0 749 276 274 0 274 0 0 0 231400876 398292 0 336229 215271 600646 14171443 2072845 223936836 2262179327 2262179327 0 41738844 74126559 0.476697 339 2740 3685159 4310067 540 798 88 160000 250000 24 32000 37589 12 16000 25000 8 16000 25000 210
1787060293857272 10 0 9 1 2 10 0 0 0 0 0 0 473 1 1 0 749 276 275 0 275 0 0 0 234248922 398823 0 336441 216335 603417 14174847 2072907 226726688 2271995896 2271995896 0 41738844 74126559 0.470910 339 2740 3685159 4310067 540 774 88 160000 250000 12 16000 18895 12 16000 25000 8 16000 25000 214
1787060296516192 10 0 9 1 2 10 0 0 0 0 0 0 472 1 1 0 749 277 276 0 276 0 0 0 236899516 399333 0 336656 217402 606161 14177943 2073069 229311990 2282079950 2282079950 0 42381907 74126559 0.468233 335 2783 3737390 4370971 697 768 88 160000 250000 12 16000 18916 12 16000 25000 8 16000 25000 218
1787060301001571 10 0 8 2 2 10 0 0 0 0 0 0 471 2 2 0 749 278 276 0 276 0 0 0 241371740 399626 0 336656 218990 610600 14183311 2073257 233678821 2282079950 2282079950 0 43024970 74126559 0.462108 332 2833 3803298 4447755 873 774 88 160000 250000 24 32000 37591 12 16000 25000 8 16000 25000 218
1787060304252696 10 0 9 1 2 10 0 0 0 0 0 0 471 1 1 0 749 278 277 0 277 0 0 0 244613053 400164 0 336888 220163 613841 14187200 2073358 236851693 2292462273 2292462273 0 43024970 74126559 0.455993 332 2833 3803298 4447755 873 784 88 160000 250000 12 16000 18901 12 16000 25000 8 16000 25000 222
1787060308820970 10 0 9 1 2 10 0 0 0 0 0 0 470 1 1 0 749 279 278 0 278 0 0 0 249167457 400740 0 337097 221882 618654 14192491 2073538 241204903 2304753982 2304753982 0 43668033 74126559 0.450128 328 2872 3851189 4503573 813 788 88 160000 250000 12 16000 18920 12 16000 25000 8 16000 25000 226
1787060313000909 10 0 8 2 2 10 0 0 0 0 0 0 469 2 2 0 749 280 278 0 278 0 0 0 253335581 400982 0 337097 223277 622777 14197215 2073733 245030586 2304753982 2304753982 0 44311096 74126559 0.445150 324 2910 3901205 4561765 968 797 88 160000 250000 24 32000 37593 12 16000 25000 8 16000 25000 227
1787060351691950 10 0 8 2 2 10 0 0 0 0 0 0 469 3 2 1 749 280 278 0 278 0 0 0 291915005 403396 0 337097 236461 662023 14243648 2074080 282775434 2347364520 2304753982 0 44311096 74126559 0.386397 324 2910 3901205 4561765 968 806 88 160000 250000 24 32000 37598 12 16000 25000 8 16000 25000 231
1787060351692310 10 0 9 1 2 10 0 0 0 0 0 0 469 1 1 0 749 280 279 0 279 0 0 0 291915005 403713 0 337316 236594 662035 14243648 2074080 282775434 2347364520 2347364520 0 44311096 74126559 0.386397 324 2910 3901205 4561765 968 823 88 160000 250000 12 16000 18924 12 16000 25000 8 16000 25000 230
1787060356003195 10 0 8 2 2 10 0 0 0 0 0 0 468 2 2 0 749 281 279 0 279 0 0 0 296213352 403982 0 337316 238082 666455 14248594 2074318 286843495 2347364520 2347364520 0 44954159 74126559 0.382864 300 2762 3702025 4328573 164 791 88 160000 250000 24 32000 37594 12 16000 25000 8 16000 25000 231
1787060414288348 10 0 8 2 2 10 0 0 0 0 0 0 468 3 2 1 749 281 279 0 279 0 0 0 354328009 407422 0 337316 258454 725268 14319821 2074801 343690761 2457292255 2347364520 0 44954159 74126559 0.320138 300 2762 3702025 4328573 164 760 88 160000 250000 24 32000 37585 12 16000 25000 8 16000 25000 235
1787060414288712 10 0 9 1 2 10 0 0 0 0 0 0 468 1 1 0 749 281 280 0 280 0 0 0 354328009 407746 0 337545 258572 725280 14319821 2074801 343690761 2457292255 2457292255 0 44954159 74126559 0.320138 300 2762 3702025 4328573 164 703 88 160000 250000 12 16000 18901 12 16000 25000 8 16000 25000 234
1787060419001647 10 0 8 2 2 10 0 0 0 0 0 0 467 2 2 0 749 282 280 0 280 0 0 0 359026922 408034 0 337545 260161 730151 14325598 2074977 348247489 2457292255 2457292255 0 45597222 74126559 0.317658 340 3206 4297399 5024520 1019 719 88 160000 250000 24 32000 37588 12 16000 25000 8 16000 25000 235
1787060422400885 10 0 9 1 2 10 0 0 0 0 0 0 467 1 1 0 749 282 281 0 281 0 0 0 362415875 408534 0 337744 261346 733511 14329817 2075039 351564792 2527858239 2527858239 0 45597222 74126559 0.314691 340 3206 4297399 5024520 1019 749 88 160000 250000 12 16000 18929 12 16000 25000 8 16000 25000 239
1787060427002516 10 0 8 2 2 10 0 0 0 0 0 0 466 2 2 0 749 283 281 0 281 0 0 0 367003692 408820 0 337744 262942 738221 14335528 2075201 356043683 2527858239 2527858239 0 46240285 74126559 0.312430 381 3678 4924472 5757309 497 737 88 160000 250000 24 32000 37596 12 16000 25000 8 16000 25000 239
1787060433159477 10 0 8 2 2 10 0 0 0 0 0 0 466 3 2 1 749 283 281 0 281 0 0 0 373142471 409167 0 337744 264989 744467 14343269 2075298 362050349 2546683363 2527858239 0 46240285 74126559 0.307296 381 3678 4924472 5757309 497 725 88 160000 250000 24 32000 37601 12 16000 25000 8 16000 25000 243
1787060433159833 10 0 9 1 2 10 0 0 0 0 0 0 466 1 1 0 749 283 282 0 282 0 0 0 373142471 409482 0 337966 265113 744479 14343269 2075298 362050349 2546683363 2546683363 0 46240285 74126559 0.307295 381 3678 4924472 5757309 497 704 88 160000 250000 12 16000 18913 12 16000 25000 8 16000 25000 243
1787060438002793 10 0 8 2 2 10 0 0 0 0 0 0 465 2 2 0 749 284 282 0 282 0 0 0 377971237 409753 0 337966 266727 749293 14349174 2075470 366654985 2546683363 2546683363 0 46883348 74126559 0.304994 443 4376 5858431 6848961 413 690 88 160000 250000 24 32000 37598 12 16000 25000 8 16000 25000 243
1787060445671348 10 0 8 2 2 10 0 0 0 0 0 0 465 3 2 1 749 284 282 0 282 0 0 0 385617429 410231 0 337966 269223 757012 14358621 2075571 374136966 2559068655 2546683363 0 46883348 74126559 0.298953 443 4376 5858431 6848961 413 677 88 160000 250000 24 32000 37603 12 16000 25000 8 16000 25000 248
1787060445671733 10 0 9 1 2 10 0 0 0 0 0 0 465 1 1 0 749 284 283 0 283 0 0 0 385617429 410575 0 338215 269352 757024 14358621 2075571 374136966 2559068655 2559068655 0 46883348 74126559 0.298953 443 4376 5858431 6848961 413 652 88 160000 250000 12 16000 18917 12 16000 25000 8 16000 25000 247
1787060450002249 10 0 8 2 2 10 0 0 0 0 0 0 464 2 2 0 749 285 283 0 283 0 0 0 389934464 410857 0 338215 270871 761728 14364137 2075751 378350620 2559068655 2559068655 0 47526411 74126559 0.297217 488 4930 6599603 7715139 99 625 88 160000 250000 24 32000 37599 12 16000 25000 8 16000 25000 248
1787060462707651 10 0 8 2 2 10 0 0 0 0 0 0 464 3 2 1 749 285 283 0 283 0 0 0 402602003 411600 0 338215 275082 774801 14380308 2075895 390740886 2576091998 2559068655 0 47526411 74126559 0.287874 488 4930 6599603 7715139 99 599 88 160000 250000 24 32000 37604 12 16000 25000 8 16000 25000 252
1787060462708023 10 0 9 1 2 10 0 0 0 0 0 0 464 1 1 0 749 285 284 0 284 0 0 0 402602003 411919 0 338437 275245 774821 14380308 2075895 390740886 2576091998 2576091998 0 47526411 74126559 0.287874 488 4930 6599603 7715139 99 551 88 160000 250000 12 16000 18921 12 16000 25000 8 16000 25000 251
1787060467002584 10 0 8 2 2 10 0 0 0 0 0 0 463 2 2 0 749 286 284 0 284 0 0 0 406883790 412143 0 338437 276669 779233 14385583 2076057 394868202 2576091998 2576091998 0 48169474 74126559 0.286353 633 6537 8750024 10228615 1351 591 88 160000 250000 24 32000 37600 12 16000 25000 8 16000 25000 252
1787060482621116 10 0 8 2 2 10 0 0 0 0 0 0 463 3 2 1 749 286 284 0 284 0 0 0 422456665 413068 0 338437 281806 794611 14405171 2076484 410104032 2595937358 2576091998 0 48169474 74126559 0.275807 633 6537 8750024 10228615 1351 629 88 160000 250000 24 32000 37605 12 16000 25000 8 16000 25000 256
1787060482621489 10 0 9 1 2 10 0 0 0 0 0 0 463 1 1 0 749 286 285 0 285 0 0 0 422456665 413388 0 338652 281870 794624 14405171 2076484 410104032 2595937358 2595937358 0 48169474 74126559 0.275807 633 6537 8750024 10228615 1351 701 88 160000 250000 12 16000 18925 12 16000 25000 8 16000 25000 255
1787060484216127 10 0 9 1 2 10 0 0 0 0 0 0 462 1 1 0 749 287 286 0 286 0 0 0 424046045 413807 0 338872 282533 796231 14407123 2076641 411638351 2657738624 2657738624 0 48812537 74126559 0.276219 613 6331 8473562 9904545 293 662 88 160000 250000 12 16000 18938 12 16000 25000 8 16000 25000 259
1787060489002457 10 0 8 2 2 10 0 0 0 0 0 0 461 2 2 0 749 288 286 0 286 0 0 0 428818015 414103 0 338872 284187 801119 14413070 2076830 416275222 2657738624 2657738624 0 49455600 74126559 0.274577 635 6700 8959099 10471455 4529 856 88 160000 250000 24 32000 37602 12 16000 25000 8 16000 25000 260
1787060504856137 10 0 8 2 2 10 0 0 0 0 0 0 461 3 2 1 749 288 286 0 286 0 0 0 444625271 415037 0 338872 289470 816899 14433037 2077000 431736594 2679949947 2657738624 0 49455600 74126559 0.264823 635 6700 8959099 10471455 4529 1040 88 160000 250000 24 32000 37607 12 16000 25000 8 16000 25000 264
1787060504856491 10 0 9 1 2 10 0 0 0 0 0 0 461 1 1 0 749 288 287 0 287 0 0 0 444625271 415350 0 339088 289585 816911 14433037 2077000 431736594 2679949947 2679949947 0 49455600 74126559 0.264823 635 6700 8959099 10471455 4529 1381 88 160000 250000 12 16000 18931 12 16000 25000 8 16000 25000 264
1787060509002918 10 0 8 2 2 10 0 0 0 0 0 0 460 2 2 0 749 289 287 0 287 0 0 0 448759151 415586 0 339088 290995 821217 14438244 2077183 435769445 2679949947 2679949947 0 50098663 74126559 0.263751 622 6703 8953399 10464310 951 1360 88 160000 250000 24 32000 37602 12 16000 25000 8 16000 25000 264
1787060509263578 10 0 9 1 2 10 0 0 0 0 0 0 460 1 1 0 749 289 288 0 288 0 0 0 449018555 415929 0 339311 291139 821502 14438569 2077250 436023284 2704962333 2704962333 0 50098663 74126559 0.263599 622 6703 8953399 10464310 951 1321 88 160000 250000 12 16000 18943 12 16000 25000 8 16000 25000 268
1787060514002194 10 0 8 2 2 10 0 0 0 0 0 0 459 2 2 0 749 290 288 0 288 0 0 0 453742926 416188 0 339311 292719 826464 14444473 2077376 440602395 2704962333 2704962333 0 50741726 74126559 0.262207 607 6677 8910909 10414039 721 1291 88 160000 250000 24 32000 37603 12 16000 25000 8 16000 25000 268
1787060519253180 10 0 8 2 2 10 0 0 0 0 0 0 459 3 2 1 749 290 288 0 288 0 0 0 458978332 416511 0 339311 294524 831716 14451112 2077473 445723431 2714905740 2704962333 0 50741726 74126559 0.259219 607 6677 8910909 10414039 721 1263 88 160000 250000 24 32000 37608 12 16000 25000 8 16000 25000 272
1787060519253523 10 0 9 1 2 10 0 0 0 0 0 0 459 1 1 0 749 290 289 0 289 0 0 0 458978332 416815 0 339521 294584 831728 14451112 2077473 445723431 2714905740 2714905740 0 50741726 74126559 0.259218 607 6677 8910909 10414039 721 1211 88 160000 250000 12 16000 18947 12 16000 25000 8 16000 25000 272
1787060524003094 10 0 8 2 2 10 0 0 0 0 0 0 458 2 2 0 749 291 289 0 289 0 0 0 463712702 417087 0 339521 297028 836696 14457148 2077601 450332264 2714905740 2714905740 0 51384789 74126559 0.257895 592 6512 8690705 10155640 215 1162 88 160000 250000 24 32000 37590 12 16000 25000 8 16000 25000 272
1787060529273994 10 0 8 2 2 10 0 0 0 0 0 0 458 3 2 1 749 291 289 0 289 0 0 0 468967866 417377 0 339521 298793 842079 14463881 2077701 455470945 2724902865 2714905740 0 51384789 74126559 0.255008 592 6512 8690705 10155640 215 1115 88 160000 250000 24 32000 37595 12 16000 25000 8 16000 25000 277
1787060529274330 10 0 9 1 2 10 0 0 0 0 0 0 458 1 1 0 749 291 290 0 290 0 0 0 468967866 417673 0 339723 298911 842091 14463881 2077701 455470945 2724902865 2724902865 0 51384789 74126559 0.255008 592 6512 8690705 10155640 215 1028 88 160000 250000 12 16000 18944 12 16000 25000 8 16000 25000 276
1787060534002149 10 0 8 2 2 10 0 0 0 0 0 0 457 2 2 0 749 292 290 0 290 0 0 0 473681446 417946 0 339723 300536 846927 14469840 2077838 460050919 2724902865 2724902865 0 52027852 74126559 0.253766 565 6342 8463458 9889495 428 998 88 160000 250000 24 32000 37598 12 16000 25000 8 16000 25000 277
1787060539360520 10 0 8 2 2 10 0 0 0 0 0 0 457 3 2 1 749 292 290 0 290 0 0 0 479024103 418260 0 339723 302276 852262 14476538 2077935 465275479 2734957924 2724902865 0 52027852 74126559 0.250938 565 6342 8463458 9889495 428 970 88 160000 250000 24 32000 37603 12 16000 25000 8 16000 25000 281
1787060539360863 10 0 9 1 2 10 0 0 0 0 0 0 457 1 1 0 749 292 291 0 291 0 0 0 479024103 418556 0 339926 302405 852274 14476538 2077935 465275479 2734957924 2734957924 0 52027852 74126559 0.250938 565 6342 8463458 9889495 428 918 88 160000 250000 12 16000 18948 12 16000 25000 8 16000 25000 280
1787060544000830 10 0 8 2 2 10 0 0 0 0 0 0 456 2 2 0 749 293 291 0 291 0 0 0 483649941 418820 0 339926 303989 857145 14482446 2078071 469786921 2734957924 2734957924 0 52670915 74126559 0.249806 536 6137 8182194 9560233 323 889 88 160000 250000 24 32000 37600 12 16000 25000 8 16000 25000 281
1787060548405665 10 0 9 1 2 10 0 0 0 0 0 0 456 1 1 0 749 293 292 0 292 0 0 0 488041296 419439 0 340166 305561 861568 14488088 2078135 474079041 2743991058 2743991058 0 52670915 74126559 0.247560 536 6137 8182194 9560233 323 835 88 160000 250000 12 16000 18952 12 16000 25000 8 16000 25000 284
1787060553000701 10 0 8 2 2 10 0 0 0 0 0 0 455 2 2 0 749 294 292 0 292 0 0 0 492622224 419709 0 340166 307176 866412 14493971 2078291 478545289 2743991058 2743991058 0 53313978 74126559 0.246504 536 6137 8182194 9559216 795 833 88 160000 250000 24 32000 37601 12 16000 25000 8 16000 25000 285
1787060557752208 10 0 9 1 2 10 0 0 0 0 0 0 455 1 1 0 749 294 293 0 293 0 0 0 497359233 420271 0 340369 308850 871273 14500025 2078354 483173901 2753325260 2753325260 0 53313978 74126559 0.244158 536 6137 8182194 9559216 795 831 88 160000 250000 12 16000 18956 12 16000 25000 8 16000 25000 288
1787060557796026 10 0 9 1 2 10 0 0 0 0 0 0 454 1 1 0 749 295 294 0 294 0 0 0 497402328 420541 0 340552 309016 871317 14500074 2078517 483206003 2806249898 2806249898 0 53957041 74126559 0.245368 504 5884 7844565 9164186 777 827 88 160000 250000 12 16000 18941 12 16000 25000 8 16000 25000 293
1787060562001961 10 0 8 2 2 10 0 0 0 0 0 0 453 2 2 0 749 296 294 0 294 0 0 0 501595460 420837 0 340552 310479 875626 14505422 2078640 487292382 2806249898 2806249898 0 54596784 74126559 0.244534 524 6117 8155857 9527106 3631 968 88 160000 250000 24 32000 37610 12 16000 25000 8 16000 25000 293
1787060567242269 10 0 8 2 2 10 0 0 0 0 0 0 452 3 3 0 749 296 294 0 294 0 0 0 506819271 421121 0 340552 312231 880880 14512174 2078735 492397788 2806249898 2806249898 0 54596784 74126559 0.242016 524 6117 8155857 9527106 3631 1102 88 160000 250000 24 32000 37615 12 16000 25000 8 16000 25000 447
1787060567244310 10 0 8 2 2 10 0 0 0 0 0 0 452 2 2 0 749 297 295 0 295 0 0 0 506821904 421413 0 340756 312254 880892 14512177 2078735 492399434 2815726356 2815726356 0 54596784 74126559 0.242014 524 6117 8155857 9527106 3631 1350 88 160000 250000 16 24000 28488 12 16000 25000 8 16000 25000 446
1787060567882977 10 0 8 2 2 10 0 0 0 0 0 0 451 2 2 0 749 298 296 0 296 0 0 0 507165751 714312 0 633497 313097 881273 14512619 2078868 492727091 2815934878 2815934878 0 55236527 230947904 0.537384 522 6094 8124728 9489585 619 1280 88 160000 250000 24 32000 37760 12 16000 25000 8 16000 25000 447
1787060568960282 10 0 9 1 2 10 0 0 0 0 0 0 451 1 1 0 749 298 297 0 297 0 0 0 508239266 714691 0 633714 313547 882318 14514042 2079060 493780184 2827086998 2827086998 0 55236527 230947904 0.536250 406 4674 6252947 7303240 1 1157 88 160000 250000 12 16000 19095 12 16000 25000 8 16000 25000 450
1787060573001929 10 0 8 2 2 10 0 0 0 0 0 0 450 2 2 0 749 299 297 0 297 0 0 0 512268738 714926 0 633714 314892 886360 14519236 2079236 497722765 2827086998 2827086998 0 55876270 230947904 0.533227 406 4674 6252947 7302563 943 1147 88 160000 250000 24 32000 37761 12 16000 25000 8 16000 25000 451
1787060575983623 10 0 9 1 2 10 0 0 0 0 0 0 450 1 1 0 749 299 298 0 298 0 0 0 515241391 715409 0 633916 315927 889211 14523021 2079300 500638556 2835813421 2835813421 0 55876270 230947904 0.530155 406 4674 6252947 7302563 943 1128 88 160000 250000 12 16000 19123 12 16000 25000 8 16000 25000 455
1787060578700271 10 0 8 2 2 10 0 0 0 0 0 0 448 2 2 0 749 301 299 0 299 0 0 0 517949372 715869 0 634125 316966 891984 14526471 2079460 503283989 2845539635 2845539635 0 56516509 230947904 0.528563 405 4662 6237546 7283808 694 1087 88 160000 250000 16 24000 28430 12 16000 25000 8 16000 25000 471
1787060578790562 10 0 8 2 2 10 0 0 0 0 0 0 447 2 2 0 749 302 300 0 300 0 0 0 518003811 751201 0 669312 317143 892048 14526529 2079634 503327156 2845580785 2845580785 0 57156748 244016350 0.553674 404 4651 6222145 7265149 724 1052 88 160000 250000 24 32000 37776 12 16000 25000 8 16000 25000 472
1787060585729193 10 0 8 2 2 10 0 0 0 0 0 0 447 3 2 1 749 302 300 0 300 0 0 0 524920850 751626 0 669312 319494 898626 14535433 2079858 510111823 2855313746 2845580785 0 57156748 244016350 0.546388 391 4437 5958090 6956309 1 1000 88 160000 250000 24 32000 37781 12 16000 25000 8 16000 25000 476
1787060585729540 10 0 9 1 2 10 0 0 0 0 0 0 447 1 1 0 749 302 301 0 301 0 0 0 524920850 751924 0 669521 319612 898638 14535433 2079858 510111823 2855313746 2855313746 0 57156748 244016350 0.546388 391 4437 5958090 6956309 1 904 88 160000 250000 12 16000 19142 12 16000 25000 8 16000 25000 475
1787060588261332 10 0 9 1 2 10 0 0 0 0 0 0 446 1 1 0 749 303 302 0 302 0 0 0 527444593 752394 0 669726 320534 901150 14538659 2080021 512577201 2864860178 2864860178 0 57796987 244016350 0.544932 391 4437 5958090 6955460 771 892 88 160000 250000 12 16000 19117 12 16000 25000 8 16000 25000 480
1787060593001269 10 0 8 2 2 10 0 0 0 0 0 0 445 2 2 0 749 304 302 0 302 0 0 0 532170159 752672 0 669726 322142 905957 14544744 2080206 517200418 2864860178 2864860178 0 58437226 244016350 0.541246 425 4892 6568705 7668039 669 881 88 160000 250000 24 32000 37778 12 16000 25000 8 16000 25000 480
1787060594712424 10 0 9 1 2 10 0 0 0 0 0 0 445 1 1 0 749 304 303 0 303 0 0 0 533875817 753069 0 669933 322766 907663 14546966 2080273 518872475 2873831590 2873831590 0 58437226 244016350 0.539519 425 4892 6568705 7668039 669 861 88 160000 250000 12 16000 19147 12 16000 25000 8 16000 25000 484
1787060597407424 10 0 9 1 2 10 0 0 0 0 0 0 444 1 1 0 749 305 304 0 304 0 0 0 536562174 753539 0 670130 323780 910492 14550386 2080437 521497792 2882965274 2882965274 0 59077465 244016350 0.537957 424 4881 6553249 7649192 806 857 88 160000 250000 12 16000 19123 12 16000 25000 8 16000 25000 488
1787060602001383 10 0 8 2 2 10 0 0 0 0 0 0 443 2 2 0 749 306 304 0 304 0 0 0 541141977 753833 0 670130 325327 915445 14556247 2080619 525978627 2882965274 2882965274 0 59717704 244016350 0.534537 424 4881 6553249 7648705 758 853 88 160000 250000 24 32000 37781 12 16000 25000 8 16000 25000 488
1787060605284097 10 0 9 1 2 10 0 0 0 0 0 0 443 1 1 0 749 306 305 0 305 0 0 0 544414151 754352 0 670327 326457 918696 14560458 2081191 529187409 2893525084 2893525084 0 59717704 244016350 0.531328 424 4881 6553249 7648705 758 845 88 160000 250000 12 16000 19152 12 16000 25000 8 16000 25000 492
1787060606693379 10 0 9 1 2 10 0 0 0 0 0 0 442 1 1 0 749 307 306 0 306 0 0 0 545818623 754746 0 670536 327040 920176 14562244 2081358 530554838 2902798866 2902798866 0 60357943 244016350 0.531080 424 4881 6553249 7648004 916 853 88 160000 250000 12 16000 19128 12 16000 25000 8 16000 25000 496
1787060611001000 10 0 8 2 2 10 0 0 0 0 0 0 441 2 2 0 749 308 306 0 306 0 0 0 550113288 754978 0 670536 328530 924453 14567687 2081536 534754869 2902798866 2902798866 0 60998182 244016350 0.528047 419 4823 6475970 7557232 785 850 88 160000 250000 24 32000 37783 12 16000 25000 8 16000 25000 497
1787060614587062 10 0 9 1 2 10 0 0 0 0 0 0 441 1 1 0 749 308 307 0 307 0 0 0 553688591 755496 0 670722 329794 927878 14572233 2081594 538260171 2912090353 2912090353 0 60998182 244016350 0.524642 419 4823 6475970 7557232 785 844 88 160000 250000 12 16000 19157 12 16000 25000 8 16000 25000 500
1787060616038982 10 0 8 2 2 10 0 0 0 0 0 0 439 2 2 0 749 310 308 0 308 0 0 0 555135627 755881 0 670922 330396 929336 14574073 2081756 539666788 2921422615 2921422615 0 61637825 244016350 0.524373 419 4823 6475970 7556437 835 844 88 160000 250000 16 24000 28480 12 16000 25000 8 16000 25000 538
1787060616187201 10 0 8 2 2 10 0 0 0 0 0 0 438 2 2 0 749 311 309 0 309 0 0 0 555209913 829163 0 744056 330652 929417 14574168 2081932 539729914 2921466145 2921466145 0 62277468 278865538 0.585102 416 4789 6429603 7501856 717 832 88 160000 250000 24 32000 37817 12 16000 25000 8 16000 25000 538
1787060624237205 10 0 8 2 2 10 0 0 0 0 0 0 438 3 2 1 749 311 309 0 309 0 0 0 563236580 829634 0 744056 333315 937193 14584276 2082191 547603773 2931100225 2921466145 0 62277468 278865538 0.576775 406 4674 6297143 7347082 1 791 88 160000 250000 24 32000 37822 12 16000 25000 8 16000 25000 542
1787060624237550 10 0 9 1 2 10 0 0 0 0 0 0 438 1 1 0 749 311 310 0 310 0 0 0 563236580 829929 0 744258 333376 937214 14584276 2082191 547603773 2931100225 2931100225 0 62277468 278865538 0.576775 406 4674 6297143 7347082 1 715 88 160000 250000 12 16000 19194 12 16000 25000 8 16000 25000 542
1787060629001382 10 0 8 2 2 10 0 0 0 0 0 0 437 2 2 0 749 312 310 0 310 0 0 0 567986320 830205 0 744258 334950 942022 14590215 2082353 552253423 2931100225 2931100225 0 62920970 278865538 0.573037 405 4662 6281633 7328217 600 710 88 160000 250000 24 32000 37818 12 16000 25000 8 16000 25000 542
1787060633481968 10 0 9 1 2 10 0 0 0 0 0 0 437 1 1 0 749 312 311 0 311 0 0 0 572453481 830818 0 744480 336456 946476 14595781 2082416 556636789 2940331803 2940331803 0 62920970 278865538 0.568571 405 4662 6281633 7328217 600 700 88 160000 250000 12 16000 19199 12 16000 25000 8 16000 25000 546
1787060635731980 10 0 9 1 2 10 0 0 0 0 0 0 436 1 1 0 749 313 312 0 312 0 0 0 574696330 831277 0 744671 337300 948776 14598558 2082577 558826830 2960012337 2960012337 0 63564472 278865538 0.567421 404 4651 6266123 7309486 739 704 88 160000 250000 12 16000 19173 12 16000 25000 8 16000 25000 550
1787060635804605 10 0 9 1 2 10 0 0 0 0 0 0 435 1 1 0 749 314 313 0 313 0 0 0 574733308 866530 0 779774 337384 948822 14598603 2082759 558862929 2960039126 2960039126 0 63564472 287577835 0.581785 410 4720 6359184 7417490 1624 794 88 160000 250000 12 16000 19177 12 16000 25000 8 16000 25000 554
1787060640000679 10 0 8 2 2 10 0 0 0 0 0 0 434 2 2 0 749 315 313 0 313 0 0 0 578916651 866791 0 779774 338795 953331 14603807 2082903 562955687 2960039126 2960039126 0 64207974 287577835 0.578646 398 4517 6086420 7099049 1 755 88 160000 250000 24 32000 37821 12 16000 25000 8 16000 25000 555
1787060645412491 10 0 8 2 2 10 0 0 0 0 0 0 434 3 2 1 749 315 313 0 313 0 0 0 584311891 867106 0 779774 341444 958569 14610616 2083010 568247656 2971955915 2960039126 0 64207974 287577835 0.573310 398 4517 6086420 7099049 1 718 88 160000 250000 24 32000 37812 12 16000 25000 8 16000 25000 559
1787060645412873 10 0 9 1 2 10 0 0 0 0 0 0 434 1 1 0 749 315 314 0 314 0 0 0 584311891 867438 0 780013 341510 958581 14610616 2083010 568247656 2971955915 2971955915 0 64207974 287577835 0.573310 398 4517 6086420 7099049 1 649 88 160000 250000 12 16000 19199 12 16000 25000 8 16000 25000 558
1787060646124218 10 0 9 1 2 10 0 0 0 0 0 0 433 1 1 0 749 316 315 0 315 0 0 0 585020525 867786 0 780225 341911 959289 14611529 2083146 568933121 2982261832 2982261832 0 64851476 287577835 0.573664 400 4539 6117005 7133964 864 671 88 160000 250000 12 16000 19182 12 16000 25000 8 16000 25000 563
1787060651001779 10 0 8 2 2 10 0 0 0 0 0 0 432 2 2 0 749 317 315 0 315 0 0 0 589882072 868113 0 780225 343689 964915 14618047 2083322 573678125 2982261832 2982261832 0 65494978 287577835 0.569981 400 4539 6117005 7133554 771 676 88 160000 250000 24 32000 37823 12 16000 25000 8 16000 25000 563
1787060655369772 10 0 9 1 2 10 0 0 0 0 0 0 432 1 1 0 749 317 316 0 316 0 0 0 594237149 868652 0 780429 345170 969123 14623488 2083387 577947669 2992205809 2992205809 0 65494978 287577835 0.565809 400 4539 6117005 7133554 771 686 88 160000 250000 12 16000 19211 12 16000 25000 8 16000 25000 567
1787060656326216 10 0 9 1 2 10 0 0 0 0 0 0 431 1 1 0 749 318 317 0 317 0 0 0 595190181 869013 0 780641 345611 970129 14624651 2083549 578872597 3002386878 3002386878 0 66138480 287577835 0.565934 400 4539 6117005 7132794 789 697 88 160000 250000 12 16000 19187 12 16000 25000 8 16000 25000 571
1787060661001192 10 0 8 2 2 10 0 0 0 0 0 0 430 2 2 0 749 319 317 0 317 0 0 0 599851319 869271 0 780641 347234 974756 14630517 2083708 583433048 3002386878 3002386878 0 66781982 287577835 0.562564 399 4528 6101712 7114553 495 687 88 160000 250000 24 32000 37825 12 16000 25000 8 16000 25000 572
1787060664420405 10 0 9 1 2 10 0 0 0 0 0 0 430 1 1 0 749 319 318 0 318 0 0 0 603260295 869758 0 780847 348350 978199 14634737 2083773 586776197 3011424867 3011424867 0 66781982 287577835 0.559389 399 4528 6101712 7114553 495 669 88 160000 250000 12 16000 19216 12 16000 25000 8 16000 25000 575
1787060665437116 10 0 9 1 2 10 0 0 0 0 0 0 429 1 1 0 749 320 319 0 319 0 0 0 604273403 870120 0 781047 348814 979282 14635960 2083943 587758035 3020524663 3020524663 0 67425484 287577835 0.559467 399 4528 6101712 7113796 734 677 88 160000 250000 12 16000 19193 12 16000 25000 8 16000 25000 579
1787060670001769 10 0 8 2 2 10 0 0 0 0 0 0 428 2 2 0 749 321 319 0 319 0 0 0 608824549 870378 0 781047 350266 984066 14641503 2084104 592198867 3020524663 3020524663 0 68068986 287577835 0.556297 400 4539 6117005 7131215 843 686 88 160000 250000 24 32000 37828 12 16000 25000 8 16000 25000 580
1787060674291313 10 0 9 1 2 10 0 0 0 0 0 0 428 1 1 0 749 321 320 0 320 0 0 0 613101704 870942 0 781250 351630 988122 14646750 2084167 596392344 3030380599 3030380599 0 68068986 287577835 0.552421 400 4539 6117005 7131215 843 702 88 160000 250000 12 16000 19221 12 16000 25000 8 16000 25000 583
1787060676392728 10 0 9 1 2 10 0 0 0 0 0 0 427 1 1 0 749 322 321 0 321 0 0 0 615196306 871382 0 781466 352458 990341 14649317 2084327 598435316 3041314999 3041314999 0 68712488 287577835 0.551538 400 4539 6117005 7130456 674 700 88 160000 250000 12 16000 19199 12 16000 25000 8 16000 25000 588
1787060681001549 10 0 8 2 2 10 0 0 0 0 0 0 426 2 2 0 749 323 321 0 321 0 0 0 619791447 871651 0 781466 353968 995057 14655013 2084504 602919517 3041314999 3041314999 0 69355992 287577835 0.548443 399 4528 6101712 7112220 524 692 88 160000 250000 24 32000 37830 12 16000 25000 8 16000 25000 588
1787060683670734 10 0 9 1 2 10 0 0 0 0 0 0 426 1 1 0 749 323 322 0 322 0 0 0 622452685 872087 0 781669 354836 997600 14658314 2084568 605527627 3050681749 3050681749 0 69355992 287577835 0.546102 399 4528 6101712 7112220 524 676 88 160000 250000 12 16000 19226 12 16000 25000 8 16000 25000 592
1787060685390324 10 0 9 1 2 10 0 0 0 0 0 0 425 1 1 0 749 324 323 0 323 0 0 0 624166757 872506 0 781888 355500 999261 14660426 2084728 607196924 3059658022 3059658022 0 69999496 287577835 0.545585 399 4528 6101712 7111463 759 685 88 160000 250000 12 16000 19204 12 16000 25000 8 16000 25000 596
1787060690001191 10 0 8 2 2 10 0 0 0 0 0 0 424 2 2 0 749 325 323 0 323 0 0 0 628763897 872751 0 781888 356948 1004085 14666134 2084886 611691745 3059658022 3059658022 0 70643000 287577835 0.542576 398 4517 6086420 7093226 428 673 88 160000 250000 24 32000 37832 12 16000 25000 8 16000 25000 596
1787060692477045 10 0 9 1 2 10 0 0 0 0 0 0 424 1 1 0 749 325 324 0 324 0 0 0 631232289 873204 0 782096 357756 1006476 14669206 2084946 614111117 3068450909 3068450909 0 70643000 287577835 0.540457 398 4517 6086420 7093226 428 650 88 160000 250000 12 16000 19231 12 16000 25000 8 16000 25000 600
1787060694672754 10 0 9 1 2 10 0 0 0 0 0 0 423 1 1 0 749 326 325 0 325 0 0 0 633421136 873664 0 782310 358559 1008590 14671884 2085096 616246350 3077721322 3077721322 0 71286504 287577835 0.539559 398 4517 6086420 7092470 672 653 88 160000 250000 12 16000 19209 12 16000 25000 8 16000 25000 604
1787060699001843 10 0 8 2 2 10 0 0 0 0 0 0 422 2 2 0 749 327 325 0 325 0 0 0 637737428 873929 0 782310 359988 1012877 14677304 2085270 620465384 3077721322 3077721322 0 71930008 287577835 0.536873 398 4517 6086420 7092062 793 660 88 160000 250000 24 32000 37834 12 16000 25000 8 16000 25000 605
1787060701357938 10 0 9 1 2 10 0 0 0 0 0 0 422 1 1 0 749 327 326 0 326 0 0 0 640086285 874379 0 782522 360774 1015171 14680333 2085331 622767063 3086589597 3086589597 0 71930008 287577835 0.534906 398 4517 6086420 7092062 793 674 88 160000 250000 12 16000 19237 12 16000 25000 8 16000 25000 608
1787060704024316 10 0 9 1 2 10 0 0 0 0 0 0 421 1 1 0 749 328 327 0 327 0 0 0 642744419 874864 0 782737 361719 1017755 14683612 2085485 625359612 3095927184 3095927184 0 72573512 287577835 0.533649 397 4505 6071127 7073489 721 680 88 160000 250000 12 16000 19213 12 16000 25000 8 16000 25000 612
1787060709002227 10 0 8 2 2 10 0 0 0 0 0 0 420 2 2 0 749 329 327 0 327 0 0 0 647707488 875150 0 782737 363411 1022762 14689895 2085660 630210691 3095927184 3095927184 0 73217016 287577835 0.530512 395 4483 6040542 7037449 685 681 88 160000 250000 24 32000 37836 12 16000 25000 8 16000 25000 613
1787060710710616 10 0 9 1 2 10 0 0 0 0 0 0 420 1 1 0 749 329 328 0 328 0 0 0 649410513 875551 0 782937 364064 1024408 14692030 2085725 631878539 3105267025 3105267025 0 73217016 287577835 0.529122 395 4483 6040542 7037449 685 683 88 160000 250000 12 16000 19243 12 16000 25000 8 16000 25000 617
1787060713953558 10 0 9 1 2 10 0 0 0 0 0 0 419 1 1 0 749 330 329 0 329 0 0 0 652643431 876040 0 783135 365228 1027640 14696104 2085884 635033856 3115184483 3115184483 0 73860520 287577835 0.527443 432 4902 6606365 7695992 747 690 88 160000 250000 12 16000 19218 12 16000 25000 8 16000 25000 621
1787060718001523 10 0 8 2 2 10 0 0 0 0 0 0 418 2 2 0 749 331 329 0 329 0 0 0 656679420 876275 0 783135 366613 1031634 14701113 2086063 638975089 3115184483 3115184483 0 74504024 287577835 0.525139 397 4505 6071127 7071921 868 699 88 160000 250000 24 32000 37838 12 16000 25000 8 16000 25000 621
1787060719659510 10 0 9 1 2 10 0 0 0 0 0 0 418 1 1 0 749 331 330 0 330 0 0 0 658332085 876682 0 783343 367241 1033286 14703189 2086161 640593058 3124121190 3124121190 0 74504024 287577835 0.523822 397 4505 6071127 7071921 868 716 88 160000 250000 12 16000 19248 12 16000 25000 8 16000 25000 625
1787060723164903 10 0 9 1 2 10 0 0 0 0 0 0 417 1 1 0 749 332 331 0 331 0 0 0 661826398 877221 0 783545 368479 1037127 14707481 2086324 644002400 3133318736 3133318736 0 75147528 287577835 0.521986 390 4426 5964079 6946631 754 720 88 160000 250000 12 16000 19224 12 16000 25000 8 16000 25000 629
1787060728001633 10 0 8 2 2 10 0 0 0 0 0 0 416 2 2 0 749 333 331 0 331 0 0 0 666648930 877499 0 783545 370117 1041894 14713446 2086508 648711384 3133318736 3133318736 0 75791032 287577835 0.519134 392 4448 5994664 6981708 685 719 88 160000 250000 24 32000 37841 12 16000 25000 8 16000 25000 630
1787060728680046 10 0 9 1 2 10 0 0 0 0 0 0 416 1 1 0 749 333 332 0 332 0 0 0 667324873 877858 0 783773 370414 1042579 14714283 2086612 649372899 3142325897 3142325897 0 75791032 287577835 0.518608 392 4448 5994664 6981708 685 717 88 160000 250000 12 16000 19253 12 16000 25000 8 16000 25000 633
1787060732135207 10 0 9 1 2 10 0 0 0 0 0 0 415 1 1 0 749 334 333 0 333 0 0 0 670769082 878403 0 784023 371686 1046350 14718562 2086773 652734650 3151284106 3151284106 0 76434536 287577835 0.516862 422 4789 6453440 7515222 691 715 88 160000 250000 12 16000 19229 12 16000 25000 8 16000 25000 637
1787060737002065 10 0 8 2 2 10 0 0 0 0 0 0 414 2 2 0 749 335 333 0 333 0 0 0 675621574 878693 0 784023 373299 1051166 14724622 2086952 657472788 3151284106 3151284106 0 77078040 287577835 0.514062 416 4721 6361685 7407816 763 718 88 160000 250000 24 32000 37843 12 16000 25000 8 16000 25000 638
1787060738707148 10 0 9 1 2 10 0 0 0 0 0 0 414 1 1 0 749 335 334 0 334 0 0 0 677321265 879077 0 784221 373920 1052844 14726775 2087014 659135937 3161297306 3161297306 0 77078040 287577835 0.512773 416 4721 6361685 7407816 763 724 88 160000 250000 12 16000 19258 12 16000 25000 8 16000 25000 642
1787060741603152 10 0 9 1 2 10 0 0 0 0 0 0 413 1 1 0 749 336 335 0 335 0 0 0 680208089 879554 0 784422 375027 1055909 14730285 2087189 661947261 3170752786 3170752786 0 77721544 287577835 0.511500 426 4834 6514610 7585107 738 726 88 160000 250000 12 16000 19235 12 16000 25000 8 16000 25000 646
1787060746002354 10 0 8 2 2 10 0 0 0 0 0 0 412 2 2 0 749 337 335 0 335 0 0 0 684594180 879836 0 784422 376523 1060379 14735718 2087371 666228111 3170752786 3170752786 0 78365048 287577835 0.509123 387 4392 5918202 6890275 780 729 88 160000 250000 24 32000 37844 12 16000 25000 8 16000 25000 646
1787060747894853 10 0 9 1 2 10 0 0 0 0 0 0 412 1 1 0 749 337 336 0 336 0 0 0 686480720 880287 0 784640 377200 1062296 14738071 2087431 668074771 3179924446 3179924446 0 78365048 287577835 0.507725 387 4392 5918202 6890275 780 735 88 160000 250000 12 16000 19262 12 16000 25000 8 16000 25000 650
1787060750546640 10 0 9 1 2 10 0 0 0 0 0 0 411 1 1 0 749 338 337 0 337 0 0 0 689123986 880783 0 784855 378178 1065233 14741250 2087599 670652254 3188855695 3188855695 0 79008552 287577835 0.506669 379 4301 5795862 6747144 584 721 88 160000 250000 12 16000 19240 12 16000 25000 8 16000 25000 654
1787060755002131 10 0 8 2 2 10 0 0 0 0 0 0 410 2 2 0 749 339 337 0 337 0 0 0 693566189 881063 0 784855 379729 1069737 14746696 2087776 674985962 3188855695 3188855695 0 79652056 287577835 0.504311 373 4233 5704107 6639918 752 723 88 160000 250000 24 32000 37846 12 16000 25000 8 16000 25000 655
1787060756851864 10 0 9 1 2 10 0 0 0 0 0 0 410 1 1 0 749 339 338 0 338 0 0 0 695410111 881484 0 785063 380439 1071553 14749001 2087837 676789922 3197800881 3197800881 0 79652056 287577835 0.502976 373 4233 5704107 6639918 752 727 88 160000 250000 12 16000 19268 12 16000 25000 8 16000 25000 658
1787060759828721 10 0 9 1 2 10 0 0 0 0 0 0 409 1 1 0 749 340 339 0 339 0 0 0 698377722 882003 0 785289 381500 1074535 14752656 2087994 679682186 3207069199 3207069199 0 80293499 287577835 0.501716 383 4346 5857032 6817328 779 733 88 160000 250000 12 16000 19244 12 16000 25000 8 16000 25000 662
1787060760316454 10 0 9 1 2 10 0 0 0 0 0 0 408 1 1 0 749 341 340 0 340 0 0 0 698595817 1150522 0 1053671 381866 1074754 14752924 2088177 679895844 3207227776 3207227776 0 80293499 405193844 0.661664 385 4369 5887617 6852533 691 729 88 160000 250000 12 16000 19302 12 16000 25000 8 16000 25000 720
1787060765001632 10 0 8 2 2 10 0 0 0 0 0 0 407 2 2 0 749 342 340 0 340 0 0 0 703265005 1150795 0 1053671 384292 1079720 14758614 2088337 684458850 3207227776 3207227776 0 80934942 405193844 0.658146 305 3412 4597819 5351149 1 693 88 160000 250000 24 32000 37849 12 16000 25000 8 16000 25000 721
1787060766196307 10 0 9 1 2 10 0 0 0 0 0 0 407 1 1 0 749 342 341 0 341 0 0 0 704455385 1151165 0 1053870 384789 1081243 14760065 2088462 685625785 3216557525 3216557525 0 80934942 405193844 0.657035 305 3412 4597819 5351149 1 627 88 160000 250000 12 16000 19281 12 16000 25000 8 16000 25000 725
1787060769361780 10 0 9 1 2 10 0 0 0 0 0 0 406 1 1 0 749 343 342 0 342 0 0 0 707611006 1151682 0 1054114 385998 1084438 14763928 2088629 688711138 3225583582 3225583582 0 81576385 405193844 0.654973 305 3412 4597819 5350701 650 631 88 160000 250000 12 16000 19307 12 16000 25000 8 16000 25000 729
1787060774002012 10 0 8 2 2 10 0 0 0 0 0 0 405 2 2 0 749 344 342 0 342 0 0 0 712237574 1151969 0 1054114 387587 1089074 14769612 2088803 693238260 3225583582 3225583582 0 82217828 405193844 0.651582 303 3389 4567670 5315072 478 624 88 160000 250000 24 32000 37865 12 16000 25000 8 16000 25000 729
1787060775465070 10 0 9 1 2 10 0 0 0 0 0 0 405 1 1 0 749 344 343 0 343 0 0 0 713695976 1152392 0 1054329 388156 1090516 14771386 2088862 694668751 3234840351 3234840351 0 82217828 405193844 0.650253 303 3389 4567670 5315072 478 611 88 160000 250000 12 16000 19293 12 16000 25000 8 16000 25000 733
1787060778876758 10 0 9 1 2 10 0 0 0 0 0 0 404 1 1 0 749 345 344 0 344 0 0 0 717097093 1152880 0 1054525 389389 1094007 14775588 2089025 697990729 3244343738 3244343738 0 82859271 405193844 0.648025 276 3087 4160650 4840911 795 630 88 160000 250000 12 16000 19312 12 16000 25000 8 16000 25000 737
1787060783003017 10 0 8 2 2 10 0 0 0 0 0 0 403 2 2 0 749 346 344 0 344 0 0 0 721210643 1153131 0 1054525 390859 1098461 14780703 2089245 702013819 3244343738 3244343738 0 83500714 405193844 0.645181 276 3087 4160650 4840417 844 641 88 160000 250000 24 32000 37867 12 16000 25000 8 16000 25000 738
1787060786209158 10 0 9 1 2 10 0 0 0 0 0 0 403 1 1 0 749 346 345 0 345 0 0 0 724406991 1153637 0 1054753 391932 1101793 14784688 2089305 705147209 3255073021 3255073021 0 83500714 405193844 0.642338 276 3087 4160650 4840417 844 662 88 160000 250000 12 16000 19298 12 16000 25000 8 16000 25000 741
1787060789138651 10 0 9 1 2 10 0 0 0 0 0 0 402 1 1 0 749 347 346 0 346 0 0 0 727327316 1154097 0 1054951 393061 1104768 14788306 2089467 707999381 3265322861 3265322861 0 84142986 405193844 0.640604 388 4403 5912376 6877447 741 670 88 160000 250000 12 16000 19319 12 16000 25000 8 16000 25000 745
1787060789253438 10 0 9 1 2 10 0 0 0 0 0 0 401 1 1 0 749 348 347 0 347 0 0 0 727385938 1209799 0 1110522 393164 1104842 14788376 2089643 708056752 3265364855 3265364855 0 84142986 431330735 0.674714 387 4392 5897138 6858815 878 691 88 160000 250000 12 16000 19331 12 16000 25000 8 16000 25000 758
1787060794002668 10 0 8 2 2 10 0 0 0 0 0 0 400 2 2 0 749 349 347 0 347 0 0 0 732121062 1210058 0 1110522 394746 1109942 14794034 2089799 712691872 3265364855 3265364855 0 84785258 431330735 0.671193 360 4027 5407340 6288796 1 657 88 160000 250000 24 32000 37873 12 16000 25000 8 16000 25000 758
1787060795884046 10 0 9 1 2 10 0 0 0 0 0 0 400 1 1 0 749 349 348 0 348 0 0 0 733996676 1210486 0 1110738 395413 1111753 14796308 2089864 714531265 3275026593 3275026593 0 84785258 431330735 0.669480 360 4027 5407340 6288796 1 594 88 160000 250000 12 16000 19307 12 16000 25000 8 16000 25000 762
1787060798666734 10 0 9 1 2 10 0 0 0 0 0 0 399 1 1 0 749 350 349 0 349 0 0 0 736770732 1210928 0 1110934 396452 1114571 14799685 2090026 717242125 3284427315 3284427315 0 85427530 431330735 0.667793 360 4027 5407340 6288091 754 610 88 160000 250000 12 16000 19336 12 16000 25000 8 16000 25000 766
1787060803002834 10 0 8 2 2 10 0 0 0 0 0 0 398 2 2 0 749 351 349 0 349 0 0 0 741094005 1211144 0 1110934 397927 1119004 14804936 2090199 721470222 3284427315 3284427315 0 86069802 431330735 0.664729 381 4324 5784972 6726561 770 618 88 160000 250000 24 32000 37875 12 16000 25000 8 16000 25000 767
1787060805904176 10 0 9 1 2 10 0 0 0 0 0 0 398 1 1 0 749 351 350 0 350 0 0 0 743986263 1211649 0 1111154 398994 1122002 14808550 2090258 724304948 3294433335 3294433335 0 86069802 431330735 0.662148 381 4324 5784972 6726561 770 634 88 160000 250000 12 16000 19312 12 16000 25000 8 16000 25000 770
1787060807635267 10 0 9 1 2 10 0 0 0 0 0 0 397 1 1 0 749 352 351 0 351 0 0 0 745711541 1212076 0 1111372 399748 1123874 14810684 2090431 725985728 3303388707 3303388707 0 86712074 431330735 0.661439 380 4312 5769789 6708354 727 644 88 160000 250000 12 16000 19341 12 16000 25000 8 16000 25000 774
1787060812002721 10 0 8 2 2 10 0 0 0 0 0 0 396 2 2 0 749 353 351 0 351 0 0 0 750065806 1212313 0 1111372 401331 1128265 14816125 2090601 730243006 3303388707 3303388707 0 87354346 431330735 0.658420 380 4312 5769789 6707388 699 647 88 160000 250000 24 32000 37877 12 16000 25000 8 16000 25000 775
1787060815216093 10 0 9 1 2 10 0 0 0 0 0 0 396 1 1 0 749 353 352 0 352 0 0 0 753269542 1212818 0 1111578 402457 1131435 14820031 2090665 733384783 3312685572 3312685572 0 87354346 431330735 0.655624 380 4312 5769789 6707388 699 653 88 160000 250000 12 16000 19317 12 16000 25000 8 16000 25000 779
1787060820002609 10 0 8 2 2 10 0 0 0 0 0 0 395 2 2 0 749 354 352 0 352 0 0 0 758042036 1213075 0 1111578 404052 1136188 14825874 2090828 738053663 3312685572 3312685572 0 87996618 431330735 0.652309 380 4312 5769789 6706836 633 652 88 160000 250000 24 32000 37878 12 16000 25000 8 16000 25000 779
1787060824372410 10 0 9 1 2 10 0 0 0 0 0 0 395 1 1 0 749 354 353 0 353 0 0 0 762398877 1213652 0 1111788 405522 1140523 14831254 2090890 742326824 3321829228 3321829228 0 87996618 431330735 0.648587 380 4312 5769789 6706836 633 652 88 160000 250000 12 16000 19322 12 16000 25000 8 16000 25000 783
1787060829002989 10 0 8 2 2 10 0 0 0 0 0 0 394 2 2 0 749 355 353 0 353 0 0 0 767015694 1213916 0 1111788 407096 1145244 14836936 2091058 746842543 3321829228 3321829228 0 88638890 431330735 0.645486 379 4301 5754605 6688420 742 657 88 160000 250000 24 32000 37878 12 16000 25000 8 16000 25000 783
1787060832925491 10 0 9 1 2 10 0 0 0 0 0 0 394 1 1 0 749 355 354 0 354 0 0 0 770926542 1214480 0 1112011 408448 1149097 14841724 2091121 750674964 3347107505 3347107505 0 88638890 431330735 0.642216 379 4301 5754605 6688420 742 666 88 160000 250000 12 16000 19346 12 16000 25000 8 16000 25000 787
1787060833663062 10 0 9 1 2 10 0 0 0 0 0 0 393 1 1 0 749 356 355 0 355 0 0 0 771661480 1214818 0 1112213 408815 1149789 14842580 2091288 751345890 3356386324 3356386324 0 89281162 431330735 0.642398 392 4448 5951992 6917064 2178 814 88 160000 250000 12 16000 19327 12 16000 25000 8 16000 25000 791
1787060838002654 10 0 8 2 2 10 0 0 0 0 0 0 392 2 2 0 749 357 355 0 355 0 0 0 775988528 1215057 0 1112213 410186 1154103 14847779 2091463 755479993 3356386324 3356386324 0 89923434 431330735 0.639609 392 4448 5951992 6916266 807 814 88 160000 250000 24 32000 37880 12 16000 25000 8 16000 25000 792
1787060843226571 10 0 8 2 2 10 0 0 0 0 0 0 392 3 2 1 749 357 355 0 355 0 0 0 781197287 1215344 0 1112213 411845 1159224 14854274 2091558 760582913 3366634813 3356386324 0 89923434 431330735 0.635351 392 4448 5951992 6916266 807 814 88 160000 250000 24 32000 37885 12 16000 25000 8 16000 25000 796
1787060843226915 10 0 9 1 2 10 0 0 0 0 0 0 392 1 1 0 749 357 356 0 356 0 0 0 781197287 1215647 0 1112417 411957 1159235 14854274 2091558 760582913 3366634813 3366634813 0 89923434 431330735 0.635351 392 4448 5951992 6916266 807 814 88 160000 250000 12 16000 19352 12 16000 25000 8 16000 25000 795
1787060843348569 10 0 9 1 2 10 0 0 0 0 0 0 391 1 1 0 749 358 357 0 357 0 0 0 781317984 1216000 0 1112661 412112 1159360 14854407 2091688 760691869 3376207441 3376207441 0 90565708 431330735 0.636035 379 4301 5754605 6686152 195 755 88 160000 250000 12 16000 19331 12 16000 25000 8 16000 25000 799
1787060848001770 10 0 8 2 2 10 0 0 0 0 0 0 390 2 2 0 749 359 357 0 357 0 0 0 785957398 1216264 0 1112661 413710 1164051 14860135 2091837 765227814 3376207441 3376207441 0 91207982 431330735 0.633065 351 3983 5329463 6191474 86 722 88 160000 250000 24 32000 37883 12 16000 25000 8 16000 25000 800
1787060852819591 10 0 9 1 2 10 0 0 0 0 0 0 390 1 1 0 749 359 358 0 358 0 0 0 790760842 1216858 0 1112870 415353 1168910 14866070 2091900 769933340 3385667041 3385667041 0 91207982 431330735 0.629224 351 3983 5329463 6191474 86 661 88 160000 250000 12 16000 19335 12 16000 25000 8 16000 25000 804
1787060853203435 10 0 9 1 2 10 0 0 0 0 0 0 389 1 1 0 749 360 359 0 359 0 0 0 791142975 1217164 0 1113069 415586 1169309 14866535 2092071 770297749 3395629926 3395629926 0 91850256 431330735 0.629694 386 4443 5923911 6881575 852 681 88 160000 250000 12 16000 19359 12 16000 25000 8 16000 25000 808
1787060858002262 10 0 8 2 2 10 0 0 0 0 0 0 388 2 2 0 749 361 359 0 359 0 0 0 795927566 1217473 0 1113069 417243 1174196 14872407 2092218 774963379 3395629926 3395629926 0 92492530 431330735 0.626682 387 4455 5939258 6898633 746 685 88 160000 250000 24 32000 37885 12 16000 25000 8 16000 25000 808
1787060861673162 10 0 9 1 2 10 0 0 0 0 0 0 388 1 1 0 749 361 360 0 360 0 0 0 799587310 1218025 0 1113277 418538 1177941 14876954 2092275 778547462 3404470753 3404470753 0 92492530 431330735 0.623818 387 4455 5939258 6898633 746 692 88 160000 250000 12 16000 19340 12 16000 25000 8 16000 25000 812
1787060862381196 10 0 9 1 2 10 0 0 0 0 0 0 387 1 1 0 749 362 361 0 361 0 0 0 800292972 1218359 0 1113476 418852 1178587 14877690 2092435 779130500 3413626079 3413626079 0 93134804 431330735 0.624033 387 4455 5939258 6898041 713 695 88 160000 250000 12 16000 19364 12 16000 25000 8 16000 25000 816
1787060867002636 10 0 8 2 2 10 0 0 0 0 0 0 386 2 2 0 749 363 361 0 361 0 0 0 804900273 1218651 0 1113476 420467 1183683 14883377 2092580 783629179 3413626079 3413626079 0 93777078 431330735 0.621226 375 4317 5755095 6683195 414 681 88 160000 250000 24 32000 37888 12 16000 25000 8 16000 25000 817
1787060872260807 10 0 8 2 2 10 0 0 0 0 0 0 386 3 2 1 749 363 361 0 361 0 0 0 810142778 1218979 0 1113476 422219 1189083 14890011 2092673 788761070 3424101729 3413626079 0 93777078 431330735 0.617212 375 4317 5755095 6683195 414 668 88 160000 250000 24 32000 37893 12 16000 25000 8 16000 25000 821
1787060872261165 10 0 9 1 2 10 0 0 0 0 0 0 386 1 1 0 749 363 362 0 362 0 0 0 810142778 1219297 0 1113688 422332 1189094 14890011 2092673 788761070 3424101729 3424101729 0 93777078 431330735 0.617211 375 4317 5755095 6683195 414 644 88 160000 250000 12 16000 19346 12 16000 25000 8 16000 25000 820
1787060872292765 10 0 9 1 2 10 0 0 0 0 0 0 385 1 1 0 749 364 363 0 363 0 0 0 810173795 1219558 0 1113870 422453 1189113 14890031 2092809 788772492 3433998353 3433998353 0 94419352 431330735 0.617942 364 4250 5665519 6578710 94 591 88 160000 250000 12 16000 19369 12 16000 25000 8 16000 25000 824
1787060877002493 10 0 8 2 2 10 0 0 0 0 0 0 384 2 2 0 749 365 363 0 363 0 0 0 814869184 1219856 0 1113870 423975 1194236 14895983 2092909 793359375 3433998353 3433998353 0 95061626 431330735 0.615137 362 4226 5634390 6541848 675 596 88 160000 250000 24 32000 37890 12 16000 25000 8 16000 25000 825
1787060881657221 10 0 9 1 2 10 0 0 0 0 0 0 384 1 1 0 749 365 364 0 364 0 0 0 819509914 1220459 0 1114096 425509 1198869 14901909 2092973 797901813 3443351642 3443351642 0 95061626 431330735 0.611659 362 4226 5634390 6541848 675 604 88 160000 250000 12 16000 19373 12 16000 25000 8 16000 25000 828
1787060881965423 10 0 9 1 2 10 0 0 0 0 0 0 383 1 1 0 749 366 365 0 365 0 0 0 819816594 1220782 0 1114306 425729 1199217 14902280 2093133 798191028 3453034755 3453034755 0 95703900 431330735 0.612176 362 4226 5634390 6540929 858 630 88 160000 250000 12 16000 19353 12 16000 25000 8 16000 25000 833
1787060886002534 10 0 8 2 2 10 0 0 0 0 0 0 382 2 2 0 749 367 365 0 365 0 0 0 823840545 1221037 0 1114306 427911 1203569 14907344 2093269 802118339 3453034755 3453034755 0 96346174 431330735 0.609933 360 4203 5603261 6504245 465 622 88 160000 250000 24 32000 37877 12 16000 25000 8 16000 25000 833
1787060890779752 10 0 9 1 2 10 0 0 0 0 0 0 382 1 1 0 749 367 366 0 366 0 0 0 828603352 1221620 0 1114507 429539 1208344 14913413 2093332 806777985 3462144503 3462144503 0 96346174 431330735 0.606431 360 4203 5603261 6504245 465 608 88 160000 250000 12 16000 19371 12 16000 25000 8 16000 25000 837
1787060890800223 10 0 9 1 2 10 0 0 0 0 0 0 381 1 1 0 749 368 367 0 367 0 0 0 828623185 1221897 0 1114702 429662 1208364 14913430 2093498 806787682 3470967791 3470967791 0 96988448 431330735 0.607155 361 4215 5618826 6521395 732 621 88 160000 250000 12 16000 19358 12 16000 25000 8 16000 25000 841
1787060895003192 10 0 8 2 2 10 0 0 0 0 0 0 380 2 2 0 749 369 367 0 367 0 0 0 832813233 1222149 0 1114702 431174 1212927 14918762 2093595 810876735 3470967791 3470967791 0 97630722 431330735 0.604839 361 4215 5618826 6520843 786 630 88 160000 250000 24 32000 37893 12 16000 25000 8 16000 25000 842
1787060899799999 10 0 9 1 2 10 0 0 0 0 0 0 380 1 1 0 749 369 368 0 368 0 0 0 837595465 1222793 0 1114911 432822 1217765 14924872 2093655 815556186 3479955294 3479955294 0 97630722 431330735 0.601390 361 4215 5618826 6520843 786 646 88 160000 250000 12 16000 19362 12 16000 25000 8 16000 25000 845
1787060899848087 10 0 9 1 2 10 0 0 0 0 0 0 379 1 1 0 749 370 369 0 369 0 0 0 837642845 1223080 0 1115110 432939 1217819 14924926 2093816 815593214 3489011504 3489011504 0 98272996 431330735 0.602086 361 4215 5618826 6520086 749 657 88 160000 250000 12 16000 19385 12 16000 25000 8 16000 25000 849
1787060904002111 10 0 8 2 2 10 0 0 0 0 0 0 378 2 2 0 749 371 369 0 369 0 0 0 841784314 1223335 0 1115110 434449 1222003 14930208 2093917 819634160 3489011504 3489011504 0 98915270 431330735 0.599855 361 4215 5618826 6519373 767 663 88 160000 250000 24 32000 37894 12 16000 25000 8 16000 25000 850
1787060909231585 10 0 8 2 2 10 0 0 0 0 0 0 378 3 2 1 749 371 369 0 369 0 0 0 846998174 1223652 0 1115110 436280 1227216 14936897 2094014 824735329 3498429686 3489011504 0 98915270 431330735 0.596167 361 4215 5618826 6519373 767 669 88 160000 250000 24 32000 37899 12 16000 25000 8 16000 25000 854
1787060909231922 10 0 9 1 2 10 0 0 0 0 0 0 378 1 1 0 749 371 370 0 370 0 0 0 846998174 1223950 0 1115316 436336 1227228 14936897 2094014 824735329 3498429686 3498429686 0 98915270 431330735 0.596167 361 4215 5618826 6519373 767 679 88 160000 250000 12 16000 19366 12 16000 25000 8 16000 25000 853
1787060909555184 10 0 9 1 2 10 0 0 0 0 0 0 377 1 1 0 749 372 371 0 371 0 0 0 847319897 1224270 0 1115525 436592 1227552 14937284 2094153 825040539 3508122417 3508122417 0 99557544 431330735 0.596663 362 4226 5634390 6536673 702 683 88 160000 250000 12 16000 19391 12 16000 25000 8 16000 25000 858
1787060914001718 10 0 8 2 2 10 0 0 0 0 0 0 376 2 2 0 749 373 371 0 371 0 0 0 851752858 1224538 0 1115525 438166 1232129 14942920 2094309 829365350 3508122417 3508122417 0 100199818 431330735 0.594280 362 4226 5634390 6535953 687 684 88 160000 250000 24 32000 37897 12 16000 25000 8 16000 25000 858
1787060919263441 10 0 8 2 2 10 0 0 0 0 0 0 376 3 2 1 749 373 371 0 371 0 0 0 856998817 1224887 0 1115525 440091 1237429 14949586 2094404 834495591 3517816797 3508122417 0 100199818 431330735 0.590647 362 4226 5634390 6535953 687 685 88 160000 250000 24 32000 37902 12 16000 25000 8 16000 25000 862
1787060919263799 10 0 9 1 2 10 0 0 0 0 0 0 376 1 1 0 749 373 372 0 372 0 0 0 856998817 1225206 0 1115749 440147 1237441 14949586 2094404 834495591 3517816797 3517816797 0 100199818 431330735 0.590647 362 4226 5634390 6535953 687 687 88 160000 250000 12 16000 19395 12 16000 25000 8 16000 25000 862
1787060919438651 10 0 9 1 2 10 0 0 0 0 0 0 375 1 1 0 749 374 373 0 373 0 0 0 857172575 1225508 0 1115961 440319 1237630 14949802 2094544 834655693 3528011196 3528011196 0 100842092 431330735 0.591240 364 4250 5665519 6571138 697 689 88 160000 250000 12 16000 19372 12 16000 25000 8 16000 25000 866
1787060924003204 10 0 8 2 2 10 0 0 0 0 0 0 374 2 2 0 749 375 373 0 373 0 0 0 861723235 1225773 0 1115961 441917 1242350 14955634 2094660 839094567 3528011196 3528011196 0 101484366 431330735 0.588832 366 4273 5696649 6606683 847 697 88 160000 250000 24 32000 37899 12 16000 25000 8 16000 25000 867
1787060928100711 10 0 9 1 2 10 0 0 0 0 0 0 374 1 1 0 749 375 374 0 374 0 0 0 865808233 1226344 0 1116171 443383 1246460 14960877 2094722 843088077 3536660957 3536660957 0 101484366 431330735 0.586057 366 4273 5696649 6606683 847 713 88 160000 250000 12 16000 19376 12 16000 25000 8 16000 25000 870
1787060933001575 10 0 8 2 2 10 0 0 0 0 0 0 373 2 2 0 749 376 374 0 374 0 0 0 870694019 1226645 0 1116171 444980 1251786 14967086 2094885 847851628 3536660957 3536660957 0 102126640 431330735 0.583476 365 4261 5681084 6587872 719 714 88 160000 250000 24 32000 37900 12 16000 25000 8 16000 25000 871
1787060933601710 10 0 9 1 2 10 0 0 0 0 0 0 373 1 1 0 749 376 375 0 375 0 0 0 871291916 1227017 0 1116410 445234 1252394 14967839 2094947 848436197 3550987256 3550987256 0 102126640 431330735 0.583076 365 4261 5681084 6587872 719 716 88 160000 250000 12 16000 19401 12 16000 25000 8 16000 25000 874
1787060936999702 10 0 9 1 2 10 0 0 0 0 0 0 372 1 1 0 749 377 376 0 376 0 0 0 874678883 1227528 0 1116613 446540 1256144 14972183 2095080 851735205 3559874662 3559874662 0 102767247 431330735 0.581518 370 4320 5758907 6677381 1266 771 88 160000 250000 12 16000 19382 12 16000 25000 8 16000 25000 878
1787060937604886 10 0 9 1 2 10 0 0 0 0 0 0 371 1 1 0 749 378 377 0 377 0 0 0 874864244 1646353 0 1535285 446857 1256338 14972400 2095263 851916750 3560006271 3560006271 0 102767247 557659040 0.718567 370 4320 5758907 6676611 791 773 88 160000 250000 12 16000 19436 12 16000 25000 8 16000 25000 932
1787060942001363 10 0 8 2 2 10 0 0 0 0 0 0 370 2 2 0 749 379 377 0 377 0 0 0 879245993 1646651 0 1535285 448374 1260910 14978265 2095412 856191981 3560006271 3560006271 0 103409027 557659040 0.715687 265 3051 4066934 4714732 1 735 88 160000 250000 24 32000 37917 12 16000 25000 8 16000 25000 933
1787060943109742 10 0 8 2 2 10 0 0 0 0 0 0 369 2 2 0 749 380 378 0 378 0 0 0 880350594 1647033 0 1535496 448794 1262034 14979693 2095525 857274863 3569498420 3569498420 0 103409027 557659040 0.714791 265 3051 4066934 4714732 1 665 88 160000 250000 16 24000 28797 12 16000 25000 8 16000 25000 941
1787060943174416 10 0 8 2 2 10 0 0 0 0 0 0 368 2 2 0 749 381 379 0 379 0 0 0 880400738 1661124 0 1549468 448928 1262088 14979742 2095685 857310826 3569543861 3569543861 0 104050807 562015189 0.720142 265 3051 4066934 4714075 609 661 88 160000 250000 24 32000 37922 12 16000 25000 8 16000 25000 941
1787060947881260 10 0 9 1 2 10 0 0 0 0 0 0 368 1 1 0 749 381 380 0 380 0 0 0 885093339 1661757 0 1549682 450603 1266693 14985754 2095822 861911924 3579796785 3579796785 0 104050807 562015189 0.716331 258 2928 3917383 4541039 3 598 88 160000 250000 12 16000 19446 12 16000 25000 8 16000 25000 945
1787060952000955 10 0 8 2 2 10 0 0 0 0 0 0 367 2 2 0 749 382 380 0 380 0 0 0 889200593 1661981 0 1549682 452022 1270853 14990989 2096005 865929557 3579796785 3579796785 0 104692587 562015189 0.713715 257 2917 3902199 4522706 444 591 88 160000 250000 24 32000 37922 12 16000 25000 8 16000 25000 945
1787060952604867 10 0 9 1 2 10 0 0 0 0 0 0 367 1 1 0 749 382 381 0 381 0 0 0 889802238 1662341 0 1549909 452292 1271491 14991751 2096065 866519701 3589275886 3589275886 0 104692587 562015189 0.713233 257 2917 3902199 4522706 444 577 88 160000 250000 12 16000 19427 12 16000 25000 8 16000 25000 949
1787060956612552 10 0 9 1 2 10 0 0 0 0 0 0 366 1 1 0 749 383 382 0 382 0 0 0 893797358 1662899 0 1550124 453761 1275668 14996837 2096212 870428373 3597995002 3597995002 0 105334367 562015189 0.710734 257 2917 3902199 4522214 604 581 88 160000 250000 12 16000 19451 12 16000 25000 8 16000 25000 953
1787060961000589 10 0 8 2 2 10 0 0 0 0 0 0 365 2 2 0 749 384 382 0 382 0 0 0 898171886 1663152 0 1550124 455284 1280451 15002346 2096392 874704433 3597995002 3597995002 0 105976147 562015189 0.707959 257 2917 3902199 4521479 738 589 88 160000 250000 24 32000 37924 12 16000 25000 8 16000 25000 954
1787060961643767 10 0 9 1 2 10 0 0 0 0 0 0 365 1 1 0 749 384 383 0 383 0 0 0 898812697 1663496 0 1550335 455552 1281122 15003167 2096451 875332607 3607022969 3607022969 0 105976147 562015189 0.707455 257 2917 3902199 4521479 738 605 88 160000 250000 12 16000 19432 12 16000 25000 8 16000 25000 957
1787060965548149 10 0 9 1 2 10 0 0 0 0 0 0 364 1 1 0 749 385 384 0 384 0 0 0 902704835 1664075 0 1550569 456889 1285253 15008058 2096605 879136886 3615946328 3615946328 0 106617927 562015189 0.705086 257 2917 3902199 4520987 850 630 88 160000 250000 12 16000 19456 12 16000 25000 8 16000 25000 961
1787060970000703 10 0 8 2 2 10 0 0 0 0 0 0 363 2 2 0 749 386 384 0 384 0 0 0 907143712 1664353 0 1550569 458351 1290174 15013579 2096788 883479101 3615946328 3615946328 0 107259707 562015189 0.702316 256 2905 3887016 4502663 750 636 88 160000 250000 24 32000 37927 12 16000 25000 8 16000 25000 962
1787060971248840 10 0 9 1 2 10 0 0 0 0 0 0 363 1 1 0 749 386 385 0 385 0 0 0 908387674 1664752 0 1550772 458836 1291448 15015162 2096848 884698593 3625537592 3625537592 0 107259707 562015189 0.701356 256 2905 3887016 4502663 750 648 88 160000 250000 12 16000 19439 12 16000 25000 8 16000 25000 966
1787060974521990 10 0 9 1 2 10 0 0 0 0 0 0 362 1 1 0 749 387 386 0 386 0 0 0 911650479 1665263 0 1550975 460119 1294766 15019310 2097004 887886429 3634499461 3634499461 0 107901487 562015189 0.699520 257 2917 3902199 4519760 712 655 88 160000 250000 12 16000 19460 12 16000 25000 8 16000 25000 970
1787060979001514 10 0 8 2 2 10 0 0 0 0 0 0 361 2 2 0 749 388 386 0 386 0 0 0 916116626 1665529 0 1550975 461583 1299202 15025067 2097178 892247011 3634499461 3634499461 0 108543267 562015189 0.696782 257 2917 3902199 4519028 772 661 88 160000 250000 24 32000 37928 12 16000 25000 8 16000 25000 970
1787060980599150 10 0 9 1 2 10 0 0 0 0 0 0 361 1 1 0 749 388 387 0 387 0 0 0 917709157 1665935 0 1551195 462144 1300782 15027108 2097238 893807876 3643837924 3643837924 0 108543267 562015189 0.695575 257 2917 3902199 4519028 772 673 88 160000 250000 12 16000 19444 12 16000 25000 8 16000 25000 974
1787060983418576 10 0 9 1 2 10 0 0 0 0 0 0 360 1 1 0 749 389 388 0 388 0 0 0 920519534 1666416 0 1551404 463150 1303799 15030709 2097393 896550772 3652717309 3652717309 0 109185047 562015189 0.694119 257 2917 3902199 4518533 810 687 88 160000 250000 12 16000 19465 12 16000 25000 8 16000 25000 978
1787060988001801 10 0 8 2 2 10 0 0 0 0 0 0 359 2 2 0 749 390 388 0 388 0 0 0 925088841 1666653 0 1551404 464756 1308434 15036658 2097570 901017874 3652717309 3652717309 0 109826829 562015189 0.691357 257 2917 3902199 4517801 527 679 88 160000 250000 24 32000 37930 12 16000 25000 8 16000 25000 979
1787060989685224 10 0 9 1 2 10 0 0 0 0 0 0 359 1 1 0 749 390 389 0 389 0 0 0 926766821 1667069 0 1551614 465410 1310124 15038787 2097630 902662179 3661789621 3661789621 0 109826829 562015189 0.690107 257 2917 3902199 4517801 527 665 88 160000 250000 12 16000 19449 12 16000 25000 8 16000 25000 982
1787060993092563 10 0 9 1 2 10 0 0 0 0 0 0 358 1 1 0 749 391 390 0 390 0 0 0 930163198 1667588 0 1551809 466760 1313734 15043177 2097782 905978273 3671450094 3671450094 0 110468611 562015189 0.688248 319 3672 4913030 5687637 675 667 88 160000 250000 12 16000 19471 12 16000 25000 8 16000 25000 986
1787060998000885 10 0 8 2 2 10 0 0 0 0 0 0 357 2 2 0 749 392 390 0 390 0 0 0 935056556 1667865 0 1551809 468516 1318669 15049560 2097960 910762125 3671450094 3671450094 0 111110393 562015189 0.685306 320 3684 4928432 5704717 734 671 88 160000 250000 24 32000 37933 12 16000 25000 8 16000 25000 987
1787060998819090 9 0 8 1 2 10 1 0 1 0 0 1 357 1 1 0 749 392 391 0 391 0 0 0 935871124 1668256 0 1552053 469388 1319646 15050642 2098018 911559167 3680570751 3680570751 0 111110393 562015189 0.684710 320 3684 4928432 5704717 734 678 80 144000 225000 12 16000 19450 12 16000 25000 8 16000 25000 987
1787061002242215 9 0 8 1 2 10 1 0 1 0 0 1 356 1 1 0 749 393 392 0 392 0 0 0 939282457 1668759 0 1552249 470829 1323687 15055183 2098177 914880545 3689707338 3689707338 0 111752517 562015189 0.682878 321 3695 4943833 5722033 707 682 80 144000 225000 12 16000 19473 12 16000 25000 8 16000 25000 991
1787061002489542 8 0 7 1 2 10 2 0 2 0 0 2 355 1 1 0 749 394 393 0 393 0 0 0 939395488 1801861 0 1685191 471491 1323830 15055327 2098357 914991083 3689792716 3689792716 0 111752517 618645119 0.740080 321 3695 4943833 5721282 718 686 72 128000 200000 12 16000 19493 12 16000 25000 8 16000 25000 1012
1787061007000775 8 0 6 2 2 10 2 0 2 0 0 2 354 2 2 0 749 395 393 0 393 0 0 0 943889567 1802218 0 1685191 473935 1329580 15061956 2098501 919364521 3689792716 3689792716 0 112394641 618645119 0.737210 284 3223 4312158 4989951 1 652 72 128000 200000 24 32000 37919 12 16000 25000 8 16000 25000 1013
1787061008023119 8 0 7 1 2 10 2 0 2 0 0 2 354 1 1 0 749 395 394 0 394 0 0 0 944907661 1802633 0 1685421 474471 1330923 15063458 2098572 920357340 3698983158 3698983158 0 112394641 618645119 0.736417 284 3223 4312158 4989951 1 590 72 128000 200000 12 16000 19451 12 16000 25000 8 16000 25000 1016
1787061012192395 8 0 7 1 2 10 2 0 2 0 0 2 353 1 1 0 749 396 395 0 395 0 0 0 949061319 1803234 0 1685623 476254 1336245 15069653 2098748 924399763 3708668849 3708668849 0 113036765 618645119 0.733844 284 3223 4312158 4989408 694 601 72 128000 200000 12 16000 19499 12 16000 25000 8 16000 25000 1021
1787061017001703 8 0 6 2 2 10 2 0 2 0 0 2 352 2 2 0 749 397 395 0 395 0 0 0 953853235 1803542 0 1685623 478117 1342365 15076779 2098942 929066103 3708668849 3708668849 0 113678889 618645119 0.730805 282 3200 4281791 4953611 576 600 72 128000 200000 24 32000 37935 12 16000 25000 8 16000 25000 1021
1787061017202143 8 0 7 1 2 10 2 0 2 0 0 2 352 1 1 0 749 397 396 0 396 0 0 0 954052505 1803863 0 1685839 478254 1342618 15077076 2099006 929260624 3717835262 3717835262 0 113678889 618645119 0.730652 282 3200 4281791 4953611 576 598 72 128000 200000 12 16000 19462 12 16000 25000 8 16000 25000 1025
1787061021566886 8 0 7 1 2 10 2 0 2 0 0 2 351 1 1 0 749 398 397 0 397 0 0 0 958401028 1804515 0 1686072 480060 1348251 15083494 2099161 933494545 3727197821 3727197821 0 114321013 618645119 0.727981 300 3454 4620405 5345032 747 614 72 128000 200000 12 16000 19504 12 16000 25000 8 16000 25000 1029
1787061026001456 8 0 6 2 2 10 2 0 2 0 0 2 350 2 2 0 749 399 397 0 397 0 0 0 962819533 1804839 0 1686072 481795 1353979 15089979 2099355 937796805 3727197821 3727197821 0 114963137 618645119 0.725281 300 3454 4620405 5344210 809 624 72 128000 200000 24 32000 37937 12 16000 25000 8 16000 25000 1029
1787061026774094 8 0 7 1 2 10 2 0 2 0 0 2 350 1 1 0 749 399 398 0 398 0 0 0 963588964 1805217 0 1686289 482155 1354970 15091118 2099419 938547778 3736758692 3736758692 0 114963137 618645119 0.724702 300 3454 4620405 5344210 809 643 72 128000 200000 12 16000 19468 12 16000 25000 8 16000 25000 1033
1787061031000818 8 0 6 2 2 10 2 0 2 0 0 2 349 2 2 0 749 400 398 0 398 0 0 0 967800334 1805525 0 1686289 483795 1360439 15097328 2099589 942646612 3736758692 3736758692 0 115605261 618645119 0.722186 300 3454 4620405 5343792 888 656 72 128000 200000 24 32000 37937 12 16000 25000 8 16000 25000 1034
1787061031134820 8 0 7 1 2 10 2 0 2 0 0 2 349 1 1 0 749 400 399 0 399 0 0 0 967933406 1805839 0 1686498 483915 1360600 15097525 2099649 942776479 3746313340 3746313340 0 115605261 618645119 0.722087 300 3454 4620405 5343792 888 679 72 128000 200000 12 16000 19509 12 16000 25000 8 16000 25000 1037
1787061036000868 8 0 6 2 2 10 2 0 2 0 0 2 348 2 2 0 749 401 399 0 399 0 0 0 972781834 1806213 0 1686498 485801 1366848 15104716 2099781 947494863 3746313340 3746313340 0 116247385 618645119 0.719122 300 3454 4620405 5342970 738 682 72 128000 200000 24 32000 37939 12 16000 25000 8 16000 25000 1038
1787061036547431 8 0 7 1 2 10 2 0 2 0 0 2 348 1 1 0 749 401 400 0 400 0 0 0 973325988 1806560 0 1686709 486067 1367548 15105539 2099842 948025701 3756073295 3756073295 0 116247385 618645119 0.718721 300 3454 4620405 5342970 738 688 72 128000 200000 12 16000 19474 12 16000 25000 8 16000 25000 1041
1787061040254403 8 0 7 1 2 10 2 0 2 0 0 2 347 1 1 0 749 402 401 0 401 0 0 0 977019124 1807171 0 1686914 487635 1372234 15111003 2100016 951616370 3765180880 3765180880 0 116889509 618645119 0.716634 300 3454 4620405 5342547 748 694 72 128000 200000 12 16000 19514 12 16000 25000 8 16000 25000 1045
1787061045000927 8 0 6 2 2 10 2 0 2 0 0 2 346 2 2 0 749 403 401 0 401 0 0 0 981748504 1807518 0 1686914 489505 1378221 15117995 2100226 956219871 3765180880 3765180880 0 117531633 618645119 0.713811 301 3465 4635806 5359531 779 699 72 128000 200000 24 32000 37941 12 16000 25000 8 16000 25000 1046
1787061046653611 8 0 7 1 2 10 2 0 2 0 0 2 346 1 1 0 749 403 402 0 402 0 0 0 983394916 1807952 0 1687113 490201 1380302 15120409 2100283 957825276 3775275062 3775275062 0 117531633 618645119 0.712618 301 3465 4635806 5359531 779 707 72 128000 200000 12 16000 19479 12 16000 25000 8 16000 25000 1050
1787061050286511 8 0 7 1 2 10 2 0 2 0 0 2 345 1 1 0 749 404 403 0 403 0 0 0 987014250 1808547 0 1687325 491725 1384957 15125687 2100454 961343261 3785293365 3785293365 0 118173759 618645119 0.710628 302 3477 4651207 5376755 867 723 72 128000 200000 12 16000 19519 12 16000 25000 8 16000 25000 1054
1787061055001104 8 0 6 2 2 10 2 0 2 0 0 2 344 2 2 0 749 405 403 0 403 0 0 0 991711594 1808901 0 1687325 493553 1391012 15132696 2100651 965912414 3785293365 3785293365 0 118815885 618645119 0.707884 291 3350 4481792 5180267 746 725 72 128000 200000 24 32000 37943 12 16000 25000 8 16000 25000 1054
1787061055797228 8 0 7 1 2 10 2 0 2 0 0 2 344 1 1 0 749 405 404 0 404 0 0 0 992504466 1809290 0 1687568 493913 1392012 15133868 2100709 966685613 3794424067 3794424067 0 118815885 618645119 0.707320 291 3350 4481792 5180267 746 728 72 128000 200000 12 16000 19484 12 16000 25000 8 16000 25000 1058
1787061059500809 8 0 7 1 2 10 2 0 2 0 0 2 343 1 1 0 749 406 405 0 405 0 0 0 996194119 1809892 0 1687773 495429 1396815 15139334 2100871 970270878 3803625509 3803625509 0 119458011 618645119 0.705318 291 3350 4481792 5179710 726 728 72 128000 200000 12 16000 19525 12 16000 25000 8 16000 25000 1062
1787061064000865 8 0 6 2 2 10 2 0 2 0 0 2 342 2 2 0 749 407 405 0 405 0 0 0 1000677642 1810232 0 1687773 497219 1402693 15146013 2101064 974629624 3803625509 3803625509 0 120100137 618645119 0.702774 298 3431 4589602 5303646 737 729 72 128000 200000 24 32000 37946 12 16000 25000 8 16000 25000 1063
1787061064882352 8 0 7 1 2 10 2 0 2 0 0 2 342 1 1 0 749 407 406 0 406 0 0 0 1001555521 1810612 0 1687984 497620 1403822 15147322 2101128 975485185 3812697884 3812697884 0 120100137 618645119 0.702159 298 3431 4589602 5303646 737 731 72 128000 200000 12 16000 19489 12 16000 25000 8 16000 25000 1066
1787061068715240 8 0 7 1 2 10 2 0 2 0 0 2 341 1 1 0 749 408 407 0 407 0 0 0 1005374072 1811238 0 1688201 499253 1408632 15152993 2101316 979186090 3821899868 3821899868 0 120742263 618645119 0.700104 319 3672 4913030 5676783 731 731 72 128000 200000 12 16000 19531 12 16000 25000 8 16000 25000 1070
1787061073000643 8 0 6 2 2 10 2 0 2 0 0 2 340 2 2 0 749 409 407 0 407 0 0 0 1009644034 1811538 0 1688201 500894 1414064 15159271 2101506 983336106 3821899868 3821899868 0 121384389 618645119 0.697754 319 3672 4913030 5675933 762 733 72 128000 200000 24 32000 37947 12 16000 25000 8 16000 25000 1071
1787061074103885 8 0 7 1 2 10 2 0 2 0 0 2 340 1 1 0 749 409 408 0 408 0 0 0 1010742953 1811921 0 1688403 501353 1415440 15160898 2101567 984407078 3831096408 3831096408 0 121384389 618645119 0.696996 319 3672 4913030 5675933 762 737 72 128000 200000 12 16000 19493 12 16000 25000 8 16000 25000 1075
1787061078157627 8 0 7 1 2 10 2 0 2 0 0 2 339 1 1 0 749 410 409 0 409 0 0 0 1014781708 1812549 0 1688612 503008 1420596 15166799 2101726 988332635 3840524497 3840524497 0 122026515 618645119 0.694829 316 3638 4866826 5622095 374 702 72 128000 200000 12 16000 19536 12 16000 25000 8 16000 25000 1079
1787061083001183 8 0 6 2 2 10 2 0 2 0 0 2 338 2 2 0 749 411 409 0 409 0 0 0 1019607614 1812942 0 1688612 505036 1426669 15173920 2101954 993023914 3840524497 3840524497 0 122668641 618645119 0.692146 316 3638 4866826 5621249 676 701 72 128000 200000 24 32000 37949 12 16000 25000 8 16000 25000 1079
1787061083121056 8 0 7 1 2 10 2 0 2 0 0 2 338 1 1 0 749 411 410 0 410 0 0 0 1019726598 1813267 0 1688836 505136 1426831 15174097 2102014 993139776 3849530272 3849530272 0 122668641 618645119 0.692065 316 3638 4866826 5621249 676 699 72 128000 200000 12 16000 19498 12 16000 25000 8 16000 25000 1083
1787061087558979 8 0 7 1 2 10 2 0 2 0 0 2 337 1 1 0 749 412 411 0 411 0 0 0 1024148203 1813853 0 1689042 506948 1432524 15180603 2102138 997437843 3858919557 3858919557 0 123310767 618645119 0.689679 318 3661 4897629 5656364 813 711 72 128000 200000 12 16000 19541 12 16000 25000 8 16000 25000 1087
1787061092001667 8 0 6 2 2 10 2 0 2 0 0 2 336 2 2 0 749 413 411 0 411 0 0 0 1028574861 1814165 0 1689042 508613 1438205 15187099 2102318 1001738711 3858919557 3858919557 0 123952893 618645119 0.687310 343 3948 5282662 6100128 805 716 72 128000 200000 24 32000 37951 12 16000 25000 8 16000 25000 1088
1787061092135359 8 0 7 1 2 10 2 0 2 0 0 2 336 1 1 0 749 413 412 0 412 0 0 0 1028707618 1814474 0 1689256 508738 1438370 15187294 2102379 1001868009 3867921903 3867921903 0 123952893 618645119 0.687221 343 3948 5282662 6100128 805 726 72 128000 200000 12 16000 19504 12 16000 25000 8 16000 25000 1091
1787061097001512 8 0 6 2 2 10 2 0 2 0 0 2 335 2 2 0 749 414 412 0 412 0 0 0 1033556310 1814817 0 1689256 510608 1444563 15194430 2102501 1006579151 3867921903 3867921903 0 124594127 618645119 0.684593 343 3948 5282662 6099629 771 729 72 128000 200000 24 32000 37951 12 16000 25000 8 16000 25000 1092
1787061098264981 8 0 7 1 2 10 2 0 2 0 0 2 335 1 1 0 749 414 413 0 413 0 0 0 1034814890 1815201 0 1689458 511152 1446136 15196287 2102564 1007805209 3878614368 3878614368 0 124594127 618645119 0.683762 343 3948 5282662 6099629 771 734 72 128000 200000 12 16000 19545 12 16000 25000 8 16000 25000 1095
1787061098610587 8 0 7 1 2 10 2 0 2 0 0 2 334 1 1 0 749 415 414 0 414 0 0 0 1034962579 2012248 0 1886340 511403 1446321 15196492 2102718 1007949285 3878719336 3878719336 0 124594127 705768089 0.763659 343 3948 5282662 6098868 810 742 72 128000 200000 12 16000 19587 12 16000 25000 8 16000 25000 1137
1787061102076840 8 0 7 1 2 10 2 0 2 0 0 2 333 1 1 0 749 416 415 0 415 0 0 0 1038415813 2012829 0 1886568 512802 1450785 15201643 2102867 1011307451 3888647113 3888647113 0 125235361 705768089 0.761712 286 3246 4342525 5012971 1 670 72 128000 200000 12 16000 19520 12 16000 25000 8 16000 25000 1141
1787061107001046 8 0 6 2 2 10 2 0 2 0 0 2 332 2 2 0 749 417 415 0 415 0 0 0 1043322215 2013192 0 1886568 514751 1456971 15208978 2103059 1016087144 3888647113 3888647113 0 125876595 705768089 0.758721 287 3257 4357709 5030094 741 674 72 128000 200000 24 32000 37964 12 16000 25000 8 16000 25000 1142
1787061107525059 8 0 7 1 2 10 2 0 2 0 0 2 332 1 1 0 749 417 416 0 416 0 0 0 1043843935 2013550 0 1886778 515017 1457603 15209758 2103120 1016596575 3897545630 3897545630 0 125876595 705768089 0.758342 287 3257 4357709 5030094 741 682 72 128000 200000 12 16000 19592 12 16000 25000 8 16000 25000 1145
1787061111551550 8 0 7 1 2 10 2 0 2 0 0 2 331 1 1 0 749 418 417 0 417 0 0 0 1047855593 2014141 0 1886988 516630 1462672 15215755 2103270 1020503791 3907007958 3907007958 0 126517829 705768089 0.756027 286 3246 4342525 5011622 570 672 72 128000 200000 12 16000 19525 12 16000 25000 8 16000 25000 1149
1787061116001388 8 0 6 2 2 10 2 0 2 0 0 2 330 2 2 0 749 419 417 0 417 0 0 0 1052289332 2014472 0 1886988 518373 1468310 15222375 2103451 1024821605 3907007958 3907007958 0 127159063 705768089 0.753427 286 3246 4342525 5011093 788 678 72 128000 200000 24 32000 37967 12 16000 25000 8 16000 25000 1150
1787061116734652 8 0 7 1 2 10 2 0 2 0 0 2 330 1 1 0 749 419 418 0 418 0 0 0 1053019583 2014843 0 1887218 518709 1469210 15223463 2103510 1025534739 3916205365 3916205365 0 127159063 705768089 0.752906 286 3246 4342525 5011093 788 690 72 128000 200000 12 16000 19598 12 16000 25000 8 16000 25000 1153
1787061120790074 8 0 7 1 2 10 2 0 2 0 0 2 329 1 1 0 749 420 419 0 419 0 0 0 1057060075 2015472 0 1887445 520413 1474275 15229447 2103641 1029470260 3925432043 3925432043 0 127800297 705768089 0.750610 286 3246 4342525 5010274 774 699 72 128000 200000 12 16000 19530 12 16000 25000 8 16000 25000 1158
1787061125001054 8 0 6 2 2 10 2 0 2 0 0 2 328 2 2 0 749 421 419 0 419 0 0 0 1061254736 2015733 0 1887445 522656 1479605 15235710 2103824 1033554691 3925432043 3925432043 0 128441531 705768089 0.748224 286 3246 4342525 5009744 803 705 72 128000 200000 24 32000 37955 12 16000 25000 8 16000 25000 1158
1787061125894109 8 0 7 1 2 10 2 0 2 0 0 2 328 1 1 0 749 421 420 0 420 0 0 0 1062144165 2016087 0 1887634 523065 1480712 15237045 2103886 1034423164 3934580326 3934580326 0 128441531 705768089 0.747598 286 3246 4342525 5009744 803 715 72 128000 200000 12 16000 19596 12 16000 25000 8 16000 25000 1162
1787061129850515 8 0 7 1 2 10 2 0 2 0 0 2 327 1 1 0 749 422 421 0 421 0 0 0 1066085823 2016716 0 1887869 524721 1485744 15242928 2104039 1038255737 3943627802 3943627802 0 129082765 705768089 0.745411 287 3257 4357709 5026444 840 728 72 128000 200000 12 16000 19536 12 16000 25000 8 16000 25000 1166
1787061134000835 8 0 6 2 2 10 2 0 2 0 0 2 326 2 2 0 749 423 421 0 421 0 0 0 1070221072 2017026 0 1887869 526371 1490949 15249142 2104222 1042276455 3943627802 3943627802 0 129723999 705768089 0.743107 287 3257 4357709 5026044 717 728 72 128000 200000 24 32000 37972 12 16000 25000 8 16000 25000 1167
1787061134920670 8 0 7 1 2 10 2 0 2 0 0 2 326 1 1 0 749 423 422 0 422 0 0 0 1071137225 2017413 0 1888088 526803 1492051 15250521 2104280 1043169434 3952641941 3952641941 0 129723999 705768089 0.742472 287 3257 4357709 5026044 717 728 72 128000 200000 12 16000 19608 12 16000 25000 8 16000 25000 1170
1787061138893002 8 0 7 1 2 10 2 0 2 0 0 2 325 1 1 0 749 424 423 0 423 0 0 0 1075094699 2018008 0 1888308 528459 1497033 15256491 2104423 1047015798 3961672182 3961672182 0 130365233 705768089 0.740311 286 3246 4342525 5007586 744 730 72 128000 200000 12 16000 19541 12 16000 25000 8 16000 25000 1174
1787061143002533 8 0 6 2 2 10 2 0 2 0 0 2 324 2 2 0 749 425 423 0 423 0 0 0 1079189353 2018330 0 1888308 530097 1502125 15262615 2104603 1050995348 3961672182 3961672182 0 131006469 705768089 0.738073 286 3246 4342525 5007056 760 732 72 128000 200000 24 32000 37974 12 16000 25000 8 16000 25000 1175
1787061144170120 8 0 7 1 2 10 2 0 2 0 0 2 324 1 1 0 749 425 424 0 424 0 0 0 1080352360 2018729 0 1888520 530622 1503548 15264365 2104662 1052128802 3970907579 3970907579 0 131006469 705768089 0.737280 286 3246 4342525 5007056 760 736 72 128000 200000 12 16000 19613 12 16000 25000 8 16000 25000 1178
1787061147954308 8 0 7 1 2 10 2 0 2 0 0 2 323 1 1 0 749 426 425 0 425 0 0 0 1084122369 2019321 0 1888730 532199 1508284 15270084 2104824 1055792264 3979957435 3979957435 0 131647705 705768089 0.735283 282 3200 4281791 4936225 672 730 72 128000 200000 12 16000 19547 12 16000 25000 8 16000 25000 1183
1787061152002842 8 0 6 2 2 10 2 0 2 0 0 2 322 2 2 0 749 427 425 0 425 0 0 0 1088156056 2019620 0 1888730 533869 1513423 15276128 2104998 1059711640 3979957435 3979957435 0 132288941 705768089 0.733124 282 3200 4281791 4935703 817 735 72 128000 200000 24 32000 37975 12 16000 25000 8 16000 25000 1183
1787061152912308 8 0 7 1 2 10 2 0 2 0 0 2 322 1 1 0 749 427 426 0 426 0 0 0 1089061846 2019984 0 1888919 534296 1514548 15277512 2105058 1060593991 3988687784 3988687784 0 132288941 705768089 0.732515 282 3200 4281791 4935703 817 744 72 128000 200000 12 16000 19618 12 16000 25000 8 16000 25000 1187
1787061157002052 8 0 6 2 2 10 2 0 2 0 0 2 321 2 2 0 749 428 426 0 426 0 0 0 1093136400 2020270 0 1888919 535888 1520116 15283598 2105196 1064552418 3988687784 3988687784 0 132929863 705768089 0.730347 417 4800 6422362 7402219 758 745 72 128000 200000 24 32000 37975 12 16000 25000 8 16000 25000 1187
1787061157109729 8 0 6 2 2 10 2 0 2 0 0 2 320 2 2 0 749 429 427 0 427 0 0 0 1093243266 2020559 0 1889112 535988 1520255 15283761 2105256 1064656158 3997830265 3997830265 0 132929863 705768089 0.730276 417 4800 6422362 7402219 758 747 72 128000 200000 16 24000 28978 12 16000 25000 8 16000 25000 1245
1787061157533255 8 0 6 2 2 10 2 0 2 0 0 2 319 2 2 0 749 430 428 0 428 0 0 0 1093421886 2264386 0 2132781 536339 1520477 15284037 2105386 1064820976 3997957820 3997957820 0 133570785 762398020 0.779842 418 4812 6437764 7419355 725 745 72 128000 200000 24 32000 38030 12 16000 25000 8 16000 25000 1245
1787061162164164 8 0 7 1 2 10 2 0 2 0 0 2 319 1 1 0 749 430 429 0 429 0 0 0 1098035817 2265077 0 2132988 538208 1526155 15290908 2105596 1069320353 4007195702 4007195702 0 133570785 762398020 0.776572 329 3787 5067044 5839636 1 673 72 128000 200000 12 16000 19677 12 16000 25000 8 16000 25000 1249
1787061166528682 8 0 7 1 2 10 2 0 2 0 0 2 318 1 1 0 749 431 430 0 430 0 0 0 1102384301 2265715 0 2133213 540008 1531579 15297394 2105728 1073553371 4016603141 4016603141 0 134211707 762398020 0.774067 331 3810 5097846 5874310 676 675 72 128000 200000 12 16000 19610 12 16000 25000 8 16000 25000 1253
1787061170795375 8 0 7 1 2 10 2 0 2 0 0 2 317 1 1 0 749 432 431 0 431 0 0 0 1106635245 2266364 0 2133415 541762 1536837 15303739 2105912 1077691260 4025222968 4025222968 0 134852629 762398020 0.771651 332 3822 5113248 5891569 839 692 72 128000 200000 12 16000 19682 12 16000 25000 8 16000 25000 1257
1787061175002231 8 0 6 2 2 10 2 0 2 0 0 2 316 2 2 0 749 433 431 0 431 0 0 0 1110826933 2266662 0 2133415 543413 1542139 15309924 2106101 1081770396 4025222968 4025222968 0 135493551 762398020 0.769294 332 3822 5113248 5890746 779 697 72 128000 200000 24 32000 38033 12 16000 25000 8 16000 25000 1258
1787061180262244 8 0 6 2 2 10 2 0 2 0 0 2 316 3 2 1 749 433 431 0 431 0 0 0 1116068479 2267070 0 2133415 545447 1548446 15317796 2106193 1086885058 4034676117 4025222968 0 135493551 762398020 0.765688 332 3822 5113248 5890746 779 702 72 128000 200000 24 32000 38038 12 16000 25000 8 16000 25000 1262
1787061180262595 8 0 7 1 2 10 2 0 2 0 0 2 316 1 1 0 749 433 432 0 432 0 0 0 1116068479 2267382 0 2133626 545505 1548458 15317796 2106193 1086885058 4034676117 4034676117 0 135493551 762398020 0.765688 332 3822 5113248 5890746 779 710 72 128000 200000 12 16000 19686 12 16000 25000 8 16000 25000 1262
1787061185002205 8 0 6 2 2 10 2 0 2 0 0 2 315 2 2 0 749 434 432 0 432 0 0 0 1120790881 2267707 0 2133626 547255 1554708 15324786 2106335 1091479571 4034676117 4034676117 0 136134473 762398020 0.763012 332 3822 5113248 5889775 689 709 72 128000 200000 24 32000 38035 12 16000 25000 8 16000 25000 1262
1787061186053261 8 0 7 1 2 10 2 0 2 0 0 2 315 1 1 0 749 434 433 0 433 0 0 0 1121837790 2268086 0 2133840 547735 1555979 15326383 2106397 1092501175 4054186681 4054186681 0 136134473 762398020 0.762301 332 3822 5113248 5889775 689 708 72 128000 200000 12 16000 19617 12 16000 25000 8 16000 25000 1266
1787061188879500 8 0 7 1 2 10 2 0 2 0 0 2 314 1 1 0 749 435 434 0 434 0 0 0 1124653435 2268631 0 2134054 548991 1559415 15330561 2106552 1095236317 4062791341 4062791341 0 136775395 762398020 0.760939 339 3902 5221057 6013610 1427 779 72 128000 200000 12 16000 19692 12 16000 25000 8 16000 25000 1270
1787061193002657 8 0 6 2 2 10 2 0 2 0 0 2 313 2 2 0 749 436 434 0 434 0 0 0 1128761636 2268930 0 2134054 550543 1564630 15336781 2106738 1099231609 4062791341 4062791341 0 137416317 762398020 0.758715 339 3902 5221057 6012619 721 777 72 128000 200000 24 32000 38038 12 16000 25000 8 16000 25000 1270
1787061194796341 8 0 7 1 2 10 2 0 2 0 0 2 313 1 1 0 749 436 435 0 435 0 0 0 1130548445 2269363 0 2134256 551263 1566807 15339628 2106797 1100973566 4071521550 4071521550 0 137416317 762398020 0.757518 339 3902 5221057 6012619 721 773 72 128000 200000 12 16000 19622 12 16000 25000 8 16000 25000 1274
1787061197599724 8 0 7 1 2 10 2 0 2 0 0 2 312 1 1 0 749 437 436 0 436 0 0 0 1133341177 2269878 0 2134467 552416 1570444 15343774 2106953 1103686832 4080229658 4080229658 0 138057239 762398020 0.756193 339 3902 5221057 6012271 696 767 72 128000 200000 12 16000 19697 12 16000 25000 8 16000 25000 1278
1787061202002469 8 0 6 2 2 10 2 0 2 0 0 2 311 2 2 0 749 438 436 0 436 0 0 0 1137727634 2270229 0 2134467 554164 1576223 15350383 2107131 1107951127 4080229658 4080229658 0 138698161 762398020 0.753819 338 3891 5205656 5993553 740 766 72 128000 200000 24 32000 38040 12 16000 25000 8 16000 25000 1279
1787061203702240 8 0 7 1 2 10 2 0 2 0 0 2 311 1 1 0 749 438 437 0 437 0 0 0 1139420871 2270681 0 2134689 554901 1578258 15353071 2107196 1109601611 4089123617 4089123617 0 138698161 762398020 0.752701 338 3891 5205656 5993553 740 764 72 128000 200000 12 16000 19627 12 16000 25000 8 16000 25000 1282
1787061206466615 8 0 7 1 2 10 2 0 2 0 0 2 310 1 1 0 749 439 438 0 438 0 0 0 1142174453 2271215 0 2134895 556141 1581910 15357267 2107356 1112274475 4097979269 4097979269 0 139339587 762398020 0.751424 339 3902 5221057 6010937 766 766 72 128000 200000 12 16000 19702 12 16000 25000 8 16000 25000 1286
1787061206622665 8 0 7 1 2 10 2 0 2 0 0 2 309 1 1 0 749 440 439 0 439 0 0 0 1142247795 2353346 0 2216886 556277 1582007 15357374 2107542 1112345961 4098032328 4098032328 0 139339587 805959504 0.787617 340 3914 5236458 6027680 813 772 72 128000 200000 12 16000 19719 12 16000 25000 8 16000 25000 1303
1787061211002562 8 0 6 2 2 10 2 0 2 0 0 2 308 2 2 0 749 441 439 0 439 0 0 0 1146611571 2353723 0 2216886 558046 1587366 15364285 2107682 1116593243 4098032328 4098032328 0 139981013 805959504 0.785158 311 3529 4722117 5435197 1 734 72 128000 200000 24 32000 38047 12 16000 25000 8 16000 25000 1304
1787061212800328 8 0 7 1 2 10 2 0 2 0 0 2 308 1 1 0 749 441 440 0 440 0 0 0 1148402643 2354174 0 2217104 558807 1589504 15366935 2107747 1118340811 4107119209 4107119209 0 139981013 805959504 0.783936 311 3529 4722117 5435197 1 664 72 128000 200000 12 16000 19637 12 16000 25000 8 16000 25000 1307
1787061215605675 8 0 7 1 2 10 2 0 2 0 0 2 307 1 1 0 749 442 441 0 441 0 0 0 1151197285 2354693 0 2217324 559984 1592986 15371323 2107905 1121057477 4116090083 4116090083 0 140622439 805959504 0.782566 311 3529 4722117 5434764 835 682 72 128000 200000 12 16000 19723 12 16000 25000 8 16000 25000 1311
1787061220001775 8 0 6 2 2 10 2 0 2 0 0 2 306 2 2 0 749 443 441 0 441 0 0 0 1155577381 2355032 0 2217324 561776 1598463 15377958 2108089 1125318862 4116090083 4116090083 0 141263865 805959504 0.780134 311 3529 4722117 5433911 760 686 72 128000 200000 24 32000 38048 12 16000 25000 8 16000 25000 1312
1787061221992459 8 0 7 1 2 10 2 0 2 0 0 2 306 1 1 0 749 443 442 0 442 0 0 0 1157560563 2355533 0 2217538 562606 1600879 15380977 2108147 1127253678 4125270700 4125270700 0 141263865 805959504 0.778800 311 3529 4722117 5433911 760 694 72 128000 200000 12 16000 19642 12 16000 25000 8 16000 25000 1316
1787061224499452 8 0 7 1 2 10 2 0 2 0 0 2 305 1 1 0 749 444 443 0 443 0 0 0 1160057759 2356005 0 2217747 563681 1604239 15384760 2108317 1129678695 4134153370 4134153370 0 141905291 805959504 0.777653 357 4110 5498281 6326911 822 708 72 128000 200000 12 16000 19728 12 16000 25000 8 16000 25000 1320
1787061229002040 8 0 6 2 2 10 2 0 2 0 0 2 304 2 2 0 749 445 443 0 443 0 0 0 1164543678 2356367 0 2217747 565470 1610217 15391501 2108505 1134041867 4134153370 4134153370 0 142546717 805959504 0.775187 358 4121 5513683 6343499 826 714 72 128000 200000 24 32000 38050 12 16000 25000 8 16000 25000 1320
1787061231436100 8 0 7 1 2 10 2 0 2 0 0 2 304 1 1 0 749 445 444 0 444 0 0 0 1166968760 2356872 0 2217965 566459 1613180 15395171 2108564 1136406934 4143584142 4143584142 0 142546717 805959504 0.773579 358 4121 5513683 6343499 826 726 72 128000 200000 12 16000 19647 12 16000 25000 8 16000 25000 1324
1787061233480887 8 0 7 1 2 10 2 0 2 0 0 2 303 1 1 0 749 446 445 0 445 0 0 0 1169005539 2357313 0 2218153 567401 1615854 15398227 2108719 1138381676 4152554070 4152554070 0 143188143 805959504 0.772756 359 4133 5529084 6360982 753 730 72 128000 200000 12 16000 19734 12 16000 25000 8 16000 25000 1328
1787061238002428 8 0 6 2 2 10 2 0 2 0 0 2 302 2 2 0 749 447 445 0 445 0 0 0 1173510286 2357680 0 2218153 569204 1621893 15404947 2108920 1142762306 4152554070 4152554070 0 143829569 805959504 0.770316 359 4133 5529084 6359845 804 734 72 128000 200000 24 32000 38051 12 16000 25000 8 16000 25000 1329
1787061240927571 8 0 7 1 2 10 2 0 2 0 0 2 302 1 1 0 749 447 446 0 446 0 0 0 1176424695 2358261 0 2218364 570360 1625412 15409339 2108981 1145602773 4162032396 4162032396 0 143829569 805959504 0.768411 359 4133 5529084 6359845 804 742 72 128000 200000 12 16000 19651 12 16000 25000 8 16000 25000 1332
1787061244251083 8 0 7 1 2 10 2 0 2 0 0 2 301 1 1 0 749 448 447 0 447 0 0 0 1179734735 2358804 0 2218560 572446 1629823 15414427 2109133 1148819097 4172789727 4172789727 0 144470995 805959504 0.766776 359 4133 5529084 6359614 740 742 72 128000 200000 12 16000 19733 12 16000 25000 8 16000 25000 1336
1787061249002496 8 0 6 2 2 10 2 0 2 0 0 2 300 2 2 0 749 449 447 0 447 0 0 0 1184468534 2359134 0 2218560 574294 1635851 15421930 2109314 1153422608 4172789727 4172789727 0 145112421 805959504 0.764233 359 4133 5529084 6358471 862 748 72 128000 200000 24 32000 38047 12 16000 25000 8 16000 25000 1337
1787061250307926 8 0 7 1 2 10 2 0 2 0 0 2 300 1 1 0 749 449 448 0 448 0 0 0 1185768705 2359562 0 2218783 574894 1637457 15424031 2109378 1154689409 4182157641 4182157641 0 145112421 805959504 0.763396 359 4133 5529084 6358471 862 760 72 128000 200000 12 16000 19656 12 16000 25000 8 16000 25000 1340
1787061255002074 8 0 6 2 2 10 2 0 2 0 0 2 299 2 2 0 749 450 448 0 448 0 0 0 1190445256 2359921 0 2218783 576755 1643417 15431584 2109558 1159234665 4182157641 4182157641 0 145753849 805959504 0.760916 359 4133 5529084 6358240 774 761 72 128000 200000 24 32000 38055 12 16000 25000 8 16000 25000 1341
1787061259785869 8 0 7 1 2 10 2 0 2 0 0 2 299 1 1 0 749 450 449 0 449 0 0 0 1195211333 2360613 0 2219002 578653 1649301 15439204 2109619 1163878859 4191621405 4191621405 0 145753849 805959504 0.757887 359 4133 5529084 6358240 774 763 72 128000 200000 12 16000 19660 12 16000 25000 8 16000 25000 1345
1787061264002218 8 0 6 2 2 10 2 0 2 0 0 2 298 2 2 0 749 451 449 0 449 0 0 0 1199412021 2360939 0 2219002 580335 1654512 15445919 2109778 1167960691 4191621405 4191621405 0 146395277 805959504 0.755747 359 4133 5529084 6357718 684 760 72 128000 200000 24 32000 38056 12 16000 25000 8 16000 25000 1345
1787061269049273 8 0 6 2 2 10 2 0 2 0 0 2 298 3 2 1 749 451 449 0 449 0 0 0 1204440808 2361336 0 2219002 582310 1660561 15453966 2109873 1172860348 4200871717 4191621405 0 146395277 805959504 0.752598 359 4133 5529084 6357718 684 757 72 128000 200000 24 32000 38061 12 16000 25000 8 16000 25000 1349
1787061269049619 8 0 7 1 2 10 2 0 2 0 0 2 298 1 1 0 749 451 450 0 450 0 0 0 1204440808 2361642 0 2219205 582368 1660574 15453966 2109873 1172860348 4200871717 4200871717 0 146395277 805959504 0.752597 359 4133 5529084 6357718 684 751 72 128000 200000 12 16000 19664 12 16000 25000 8 16000 25000 1349
1787061274002062 8 0 6 2 2 10 2 0 2 0 0 2 297 2 2 0 749 452 450 0 450 0 0 0 1209374834 2362050 0 2219205 584314 1667242 15461460 2110013 1177655809 4200871717 4200871717 0 147036705 805959504 0.750037 358 4121 5513683 6339757 706 749 72 128000 200000 24 32000 38057 12 16000 25000 8 16000 25000 1349
1787061278209277 8 0 7 1 2 10 2 0 2 0 0 2 297 1 1 0 749 452 451 0 451 0 0 0 1213566551 2362658 0 2219408 585958 1672319 15468151 2110072 1181739173 4210019406 4210019406 0 147036705 805959504 0.747451 358 4121 5513683 6339757 706 745 72 128000 200000 12 16000 19669 12 16000 25000 8 16000 25000 1353
1787061279071205 8 0 7 1 2 10 2 0 2 0 0 2 296 1 1 0 749 453 452 0 452 0 0 0 1214424677 2363010 0 2219600 586435 1673517 15469456 2110231 1182565437 4244825478 4244825478 0 147678133 805959504 0.747427 358 4121 5513683 6339214 784 749 72 128000 200000 12 16000 19748 12 16000 25000 8 16000 25000 1357
1787061284001776 8 0 6 2 2 10 2 0 2 0 0 2 295 2 2 0 749 454 452 0 452 0 0 0 1219337045 2363403 0 2219600 588375 1679606 15477252 2110408 1187338462 4244825478 4244825478 0 148319561 805959504 0.744922 378 4351 5821710 6692492 2539 839 72 128000 200000 24 32000 38058 12 16000 25000 8 16000 25000 1358
1787061287389970 8 0 7 1 2 10 2 0 2 0 0 2 295 1 1 0 749 454 453 0 453 0 0 0 1222712617 2363993 0 2219835 589783 1683689 15482625 2110470 1190625821 4253994336 4253994336 0 148319561 805959504 0.742869 378 4351 5821710 6692492 2539 1005 72 128000 200000 12 16000 19674 12 16000 25000 8 16000 25000 1361
1787061288586535 8 0 7 1 2 10 2 0 2 0 0 2 294 1 1 0 749 455 454 0 454 0 0 0 1223904151 2364431 0 2220053 590397 1685278 15484419 2110628 1191776350 4263497486 4263497486 0 148959469 805959504 0.742645 378 4351 5821710 6691914 797 986 72 128000 200000 12 16000 19753 12 16000 25000 8 16000 25000 1365
1787061288833104 8 0 7 1 2 10 2 0 2 0 0 2 293 1 1 0 749 456 455 0 455 0 0 0 1224030053 2484280 0 2339764 590623 1685442 15484593 2110813 1191899130 4263585395 4263585395 0 148959469 871301733 0.793303 379 4363 5837111 6708747 804 969 72 128000 200000 12 16000 19790 12 16000 25000 8 16000 25000 1403
1787061293001797 8 0 6 2 2 10 2 0 2 0 0 2 292 2 2 0 749 457 455 0 455 0 0 0 1228183740 2484585 0 2339764 592330 1690560 15490797 2110960 1195942891 4263585395 4263585395 0 149599377 871301733 0.791121 332 3768 5040973 5793097 1 921 72 128000 200000 24 32000 38071 12 16000 25000 8 16000 25000 1403
1787061296756895 8 0 7 1 2 10 2 0 2 0 0 2 292 1 1 0 749 457 456 0 456 0 0 0 1231925167 2485182 0 2340007 593835 1695160 15496393 2111069 1199593417 4272940585 4272940585 0 149599377 871301733 0.788722 332 3768 5040973 5793097 1 832 72 128000 200000 12 16000 19690 12 16000 25000 8 16000 25000 1407
1787061298657898 8 0 7 1 2 10 2 0 2 0 0 2 291 1 1 0 749 458 457 0 457 0 0 0 1233818774 2485644 0 2340225 594754 1697519 15499219 2111229 1201431594 4282741184 4282741184 0 150239285 871301733 0.788008 332 3768 5040973 5792858 820 832 72 128000 200000 12 16000 19797 12 16000 25000 8 16000 25000 1411
1787061303002708 8 0 6 2 2 10 2 0 2 0 0 2 290 2 2 0 749 459 457 0 457 0 0 0 1238147473 2485979 0 2340225 596520 1702859 15505651 2111442 1205646147 4282741184 4282741184 0 150879193 871301733 0.785750 333 3779 5056157 5809104 411 811 72 128000 200000 24 32000 38073 12 16000 25000 8 16000 25000 1412
1787061305874582 8 0 7 1 2 10 2 0 2 0 0 2 290 1 1 0 749 459 458 0 458 0 0 0 1241008845 2486578 0 2340463 597646 1706293 15509969 2111503 1208437298 4291847087 4291847087 0 150879193 871301733 0.783942 333 3779 5056157 5809104 411 772 72 128000 200000 12 16000 19694 12 16000 25000 8 16000 25000 1415
1787061307487221 8 0 7 1 2 10 2 0 2 0 0 2 289 1 1 0 749 460 459 0 459 0 0 0 1242614981 2486974 0 2340667 598393 1708483 15512375 2111661 1209994733 4300663990 4300663990 0 151519102 871301733 0.783420 333 3779 5056157 5808869 797 776 72 128000 200000 12 16000 19802 12 16000 25000 8 16000 25000 1419
1787061307592471 8 0 7 1 2 10 2 0 2 0 0 2 288 1 1 0 749 461 460 0 460 0 0 0 1242653580 2553173 0 2406717 598492 1708542 15512432 2111855 1210032262 4300691398 4300691398 0 151519102 888726327 0.796699 333 3779 5056157 5807661 732 772 72 128000 200000 12 16000 19810 12 16000 25000 8 16000 25000 1428
1787061312002241 8 0 6 2 2 10 2 0 2 0 0 2 287 2 2 0 749 462 460 0 460 0 0 0 1247046809 2553537 0 2406717 600328 1714081 15519346 2112006 1214307694 4300691398 4300691398 0 152159011 888726327 0.794386 311 3479 4654414 5345791 1 734 72 128000 200000 24 32000 38078 12 16000 25000 8 16000 25000 1428
1787061314971585 8 0 7 1 2 10 2 0 2 0 0 2 287 1 1 0 749 462 461 0 461 0 0 0 1250005096 2554107 0 2406932 601567 1717672 15523924 2112070 1217194064 4309776904 4309776904 0 152159011 888726327 0.792510 311 3479 4654414 5345791 1 664 72 128000 200000 12 16000 19702 12 16000 25000 8 16000 25000 1432
1787061317961279 8 0 7 1 2 10 2 0 2 0 0 2 286 1 1 0 749 463 462 0 462 0 0 0 1252983570 2554600 0 2407125 602848 1721326 15528494 2112239 1220077820 4320134024 4320134024 0 152798920 888726327 0.791116 311 3479 4654414 5345334 815 680 72 128000 200000 12 16000 19815 12 16000 25000 8 16000 25000 1436
1787061322002019 8 0 6 2 2 10 2 0 2 0 0 2 285 2 2 0 749 464 462 0 462 0 0 0 1257009919 2554868 0 2407125 604415 1726121 15534640 2112421 1223918016 4320134024 4320134024 0 153438829 888726327 0.789071 311 3479 4654414 5344424 913 692 72 128000 200000 24 32000 38080 12 16000 25000 8 16000 25000 1437
1787061380220545 8 0 6 2 2 10 2 0 2 0 0 2 285 3 2 1 749 464 462 0 462 0 0 0 1315023670 2559203 0 2407125 626840 1795145 15624489 2112866 1280532605 4382299812 4320134024 0 153438829 888726327 0.754325 311 3479 4654414 5344424 913 704 72 128000 200000 24 32000 38071 12 16000 25000 8 16000 25000 1441
1787061380220893 8 0 7 1 2 10 2 0 2 0 0 2 285 1 1 0 749 464 463 0 463 0 0 0 1315023670 2559511 0 2407338 626963 1795157 15624489 2112866 1280532605 4382299812 4382299812 0 153438829 888726327 0.754325 311 3479 4654414 5344424 913 725 72 128000 200000 12 16000 19812 12 16000 25000 8 16000 25000 1440
1787061385001706 8 0 6 2 2 10 2 0 2 0 0 2 284 2 2 0 749 465 463 0 463 0 0 0 1319787505 2559854 0 2407338 628816 1800918 15631722 2113030 1285063713 4382299812 4382299812 0 154080002 888726327 0.752070 395 4483 5997543 6885667 665 722 72 128000 200000 24 32000 38074 12 16000 25000 8 16000 25000 1441
1787061400003165 8 0 6 2 2 10 2 0 2 0 0 2 284 3 2 1 749 465 463 0 463 0 0 0 1334735964 2560986 0 2407338 634379 1818923 15654946 2113197 1299655089 4467305015 4382299812 0 154080002 888726327 0.743663 395 4483 5997543 6885667 665 720 72 128000 200000 24 32000 38079 12 16000 25000 8 16000 25000 1445
1787061400003508 8 0 7 1 2 10 2 0 2 0 0 2 284 1 1 0 749 465 464 0 464 0 0 0 1334735964 2561290 0 2407547 634503 1818935 15654946 2113197 1299655089 4467305015 4467305015 0 154080002 888726327 0.743662 395 4483 5997543 6885667 665 716 72 128000 200000 12 16000 19708 12 16000 25000 8 16000 25000 1444
1787061400100180 8 0 7 1 2 10 2 0 2 0 0 2 283 1 1 0 749 466 465 0 465 0 0 0 1334785529 2607977 0 2454102 634599 1819009 15655014 2113341 1299703383 4467341485 4467341485 0 154080002 906150921 0.756034 450 5107 6832644 7843776 3221 961 72 128000 200000 12 16000 19717 12 16000 25000 8 16000 25000 1453
1787061405001584 8 0 6 2 2 10 2 0 2 0 0 2 282 2 2 0 749 467 465 0 465 0 0 0 1339669396 2608321 0 2454102 636498 1824875 15662511 2113484 1304460591 4467341485 4467341485 0 154721175 906150921 0.753739 428 4787 6405431 7353331 1 913 72 128000 200000 24 32000 38083 12 16000 25000 8 16000 25000 1453
1787061417834888 8 0 6 2 2 10 2 0 2 0 0 2 282 3 2 1 749 467 465 0 465 0 0 0 1352458227 2609277 0 2454102 641245 1839768 15682087 2113613 1316948013 4485061471 4467341485 0 154721175 906150921 0.746624 428 4787 6405431 7353331 1 868 72 128000 200000 24 32000 38088 12 16000 25000 8 16000 25000 1457
1787061417835257 8 0 7 1 2 10 2 0 2 0 0 2 282 1 1 0 749 467 466 0 466 0 0 0 1352458227 2609602 0 2454318 641367 1839780 15682087 2113613 1316948013 4485061471 4485061471 0 154721175 906150921 0.746624 428 4787 6405431 7353331 1 784 72 128000 200000 12 16000 19721 12 16000 25000 8 16000 25000 1457
1787061422001277 8 0 6 2 2 10 2 0 2 0 0 2 281 2 2 0 749 468 466 0 466 0 0 0 1356609359 2609955 0 2454318 642998 1844683 15688422 2113773 1320951368 4485061471 4485061471 0 155362348 906150921 0.744794 433 4843 6480261 7438545 1201 805 72 128000 200000 24 32000 38084 12 16000 25000 8 16000 25000 1457
1787061431336311 8 0 6 2 2 10 2 0 2 0 0 2 281 3 2 1 749 468 466 0 466 0 0 0 1365911709 2610624 0 2454318 646571 1855779 15702607 2113867 1330033355 4498508813 4485061471 0 155362348 906150921 0.739731 433 4843 6480261 7438545 1201 825 72 128000 200000 24 32000 38089 12 16000 25000 8 16000 25000 1462
1787061431336697 8 0 7 1 2 10 2 0 2 0 0 2 281 1 1 0 749 468 467 0 467 0 0 0 1365911709 2610970 0 2454571 646697 1855791 15702607 2113867 1330033355 4498508813 4498508813 0 155362348 906150921 0.739730 433 4843 6480261 7438545 1201 862 72 128000 200000 12 16000 19725 12 16000 25000 8 16000 25000 1461
1787061436000598 8 0 6 2 2 10 2 0 2 0 0 2 280 2 2 0 749 469 467 0 467 0 0 0 1370558886 2611302 0 2454571 648447 1861839 15709358 2114029 1334540918 4498508813 4498508813 0 156003521 906150921 0.737672 423 4731 6330601 7266670 250 832 72 128000 200000 24 32000 38086 12 16000 25000 8 16000 25000 1462
1787061451535928 8 0 6 2 2 10 2 0 2 0 0 2 280 3 2 1 749 469 467 0 467 0 0 0 1386040298 2612449 0 2454571 654102 1880132 15733025 2114187 1349650995 4569701235 4498508813 0 156003521 906150921 0.729448 423 4731 6330601 7266670 250 803 72 128000 200000 24 32000 38091 12 16000 25000 8 16000 25000 1466
1787061451536298 8 0 7 1 2 10 2 0 2 0 0 2 280 1 1 0 749 469 468 0 468 0 0 0 1386040298 2612778 0 2454806 654220 1880145 15733025 2114187 1349650995 4569701235 4569701235 0 156003521 906150921 0.729447 423 4731 6330601 7266670 250 750 72 128000 200000 12 16000 19828 12 16000 25000 8 16000 25000 1465
1787061456001511 8 0 6 2 2 10 2 0 2 0 0 2 279 2 2 0 749 470 468 0 468 0 0 0 1390489568 2613122 0 2454806 655950 1885508 15739805 2114325 1353975741 4569701235 4569701235 0 156644694 906150921 0.727556 433 4843 6480261 7436868 581 742 72 128000 200000 24 32000 38087 12 16000 25000 8 16000 25000 1466
1787061456145886 8 0 7 1 2 10 2 0 2 0 0 2 279 1 1 0 749 470 469 0 469 0 0 0 1390632967 2613420 0 2454996 656058 1885711 15740028 2114384 1354115796 4594476210 4594476210 0 156644694 906150921 0.727481 433 4843 6480261 7436868 581 727 72 128000 200000 12 16000 19730 12 16000 25000 8 16000 25000 1469
1787061461001836 8 0 6 2 2 10 2 0 2 0 0 2 278 2 2 0 749 471 469 0 469 0 0 0 1395471722 2613782 0 2454996 657980 1891440 15747380 2114512 1358818138 4594476210 4594476210 0 157285867 906150921 0.725401 437 4888 6540125 7505482 731 728 72 128000 200000 24 32000 38088 12 16000 25000 8 16000 25000 1470
1787061472362495 8 0 6 2 2 10 2 0 2 0 0 2 278 3 2 1 749 471 469 0 469 0 0 0 1406793110 2614613 0 2454996 662127 1904582 15764657 2114638 1369868015 4610670798 4594476210 0 157285867 906150921 0.719573 437 4888 6540125 7505482 731 729 72 128000 200000 24 32000 38093 12 16000 25000 8 16000 25000 1474
1787061472362850 8 0 7 1 2 10 2 0 2 0 0 2 278 1 1 0 749 471 470 0 470 0 0 0 1406793110 2614928 0 2455218 662268 1904593 15764657 2114638 1369868015 4610670798 4610670798 0 157285867 906150921 0.719573 437 4888 6540125 7505482 731 731 72 128000 200000 12 16000 19734 12 16000 25000 8 16000 25000 1473
1787061477001088 8 0 6 2 2 10 2 0 2 0 0 2 277 2 2 0 749 472 470 0 470 0 0 0 1411414908 2615257 0 2455218 664016 1910154 15771667 2114796 1374348226 4610670798 4610670798 0 157927040 906150921 0.717654 439 4910 6570057 7539107 733 732 72 128000 200000 24 32000 38089 12 16000 25000 8 16000 25000 1474
1787061501715361 8 0 6 2 2 10 2 0 2 0 0 2 277 3 2 1 749 472 470 0 470 0 0 0 1436042135 2617035 0 2455218 673943 1939343 15809339 2114989 1398383426 4639989779 4610670798 0 157927040 906150921 0.705368 439 4910 6570057 7539107 733 733 72 128000 200000 24 32000 38080 12 16000 25000 8 16000 25000 1478
1787061501715726 8 0 7 1 2 10 2 0 2 0 0 2 277 1 1 0 749 472 471 0 471 0 0 0 1436042135 2617359 0 2455450 674061 1939355 15809339 2114989 1398383426 4639989779 4639989779 0 157927040 906150921 0.705368 439 4910 6570057 7539107 733 733 72 128000 200000 12 16000 19731 12 16000 25000 8 16000 25000 1478
1787061506001884 8 0 6 2 2 10 2 0 2 0 0 2 276 2 2 0 749 473 471 0 471 0 0 0 1440313204 2617697 0 2455450 675764 1944452 15815713 2115146 1402440935 4639989779 4639989779 0 158572207 906150921 0.703706 446 4988 6674818 7659204 873 740 72 128000 200000 24 32000 38083 12 16000 25000 8 16000 25000 1478
1787061519120924 8 0 6 2 2 10 2 0 2 0 0 2 276 3 2 1 749 473 471 0 471 0 0 0 1453386687 2618653 0 2455450 680693 1959716 15835769 2115273 1415198123 4707550928 4639989779 0 158572207 906150921 0.697387 446 4988 6674818 7659204 873 747 72 128000 200000 24 32000 38088 12 16000 25000 8 16000 25000 1482
1787061519121268 8 0 7 1 2 10 2 0 2 0 0 2 276 1 1 0 749 473 472 0 472 0 0 0 1453386687 2618956 0 2455652 680800 1959728 15835769 2115273 1415198123 4707550928 4707550928 0 158572207 906150921 0.697387 446 4988 6674818 7659204 873 760 72 128000 200000 12 16000 19836 12 16000 25000 8 16000 25000 1482
1787061519318510 8 0 7 1 2 10 2 0 2 0 0 2 275 1 1 0 749 474 473 0 473 0 0 0 1453451893 2750425 0 2586963 680968 1959831 15835859 2115431 1415261679 4707593038 4707593038 0 158572207 936643962 0.717263 480 5369 7183661 8241356 2872 967 72 128000 200000 12 16000 19856 12 16000 25000 8 16000 25000 1502
1787061524001646 8 0 6 2 2 10 2 0 2 0 0 2 274 2 2 0 749 475 473 0 473 0 0 0 1458118688 2750767 0 2586963 682816 1965630 15842401 2115577 1419737248 4707593038 4707593038 0 159217374 936643962 0.715392 435 4794 6415496 7359761 1 919 72 128000 200000 24 32000 38096 12 16000 25000 8 16000 25000 1503
1787061532015330 8 0 6 2 2 10 2 0 2 0 0 2 274 3 2 1 749 475 473 0 473 0 0 0 1466104955 2751322 0 2586963 685824 1974828 15854273 2115677 1427540075 4720203849 4707593038 0 159217374 936643962 0.711502 435 4794 6415496 7359761 1 874 72 128000 200000 24 32000 38101 12 16000 25000 8 16000 25000 1507
1787061532015682 8 0 7 1 2 10 2 0 2 0 0 2 274 1 1 0 749 475 474 0 474 0 0 0 1466104955 2751633 0 2587180 685936 1974840 15854273 2115677 1427540075 4720203849 4720203849 0 159217374 936643962 0.711502 435 4794 6415496 7359761 1 790 72 128000 200000 12 16000 19861 12 16000 25000 8 16000 25000 1507
1787061532339586 8 0 7 1 2 10 2 0 2 0 0 2 273 1 1 0 749 476 475 0 475 0 0 0 1466427147 2751971 0 2587393 686166 1975245 15854712 2115843 1427834056 4750712907 4750712907 0 159862541 936643962 0.711765 419 4618 6179524 7087409 147 728 72 128000 200000 12 16000 19749 12 16000 25000 8 16000 25000 1511
1787061537000630 8 0 6 2 2 10 2 0 2 0 0 2 272 2 2 0 749 477 475 0 475 0 0 0 1471072163 2752291 0 2587393 687906 1980720 15861514 2115980 1432212378 4750712907 4750712907 0 160507708 936643962 0.709939 407 4486 6002544 6884347 267 705 72 128000 200000 24 32000 38097 12 16000 25000 8 16000 25000 1511
1787061541957225 8 0 7 1 2 10 2 0 2 0 0 2 272 1 1 0 749 477 476 0 476 0 0 0 1476011124 2753007 0 2587627 689845 1986541 15869029 2116044 1437035984 4760631001 4760631001 0 160507708 936643962 0.707567 407 4486 6002544 6884347 267 664 72 128000 200000 12 16000 19865 12 16000 25000 8 16000 25000 1515
1787061546002290 8 0 6 2 2 10 2 0 2 0 0 2 271 2 2 0 749 478 476 0 476 0 0 0 1480041804 2753323 0 2587627 691471 1991355 15875109 2116206 1440941232 4760631001 4760631001 0 161152875 936643962 0.706059 405 4464 5973048 6848924 430 653 72 128000 200000 24 32000 38098 12 16000 25000 8 16000 25000 1516
1787061551110136 8 0 6 2 2 10 2 0 2 0 0 2 271 3 2 1 749 478 476 0 476 0 0 0 1485131689 2753731 0 2587627 693399 1997388 15882848 2116308 1445912185 4769750531 4760631001 0 161152875 936643962 0.703643 405 4464 5973048 6848924 430 642 72 128000 200000 24 32000 38103 12 16000 25000 8 16000 25000 1520
1787061551110471 8 0 7 1 2 10 2 0 2 0 0 2 271 1 1 0 749 478 477 0 477 0 0 0 1485131689 2754025 0 2587823 693519 1997401 15882848 2116308 1445912185 4769750531 4769750531 0 161152875 936643962 0.703643 405 4464 5973048 6848924 430 622 72 128000 200000 12 16000 19869 12 16000 25000 8 16000 25000 1519
1787061556001871 8 0 6 2 2 10 2 0 2 0 0 2 270 2 2 0 749 479 477 0 477 0 0 0 1490005725 2754363 0 2587823 695461 2003151 15890331 2116458 1450651779 4769750531 4769750531 0 161798042 936643962 0.701758 477 5335 7112801 8152685 274 605 72 128000 200000 24 32000 38099 12 16000 25000 8 16000 25000 1520
1787061560287277 8 0 7 1 2 10 2 0 2 0 0 2 270 1 1 0 749 479 478 0 478 0 0 0 1494275929 2754968 0 2588027 697146 2008068 15896904 2116519 1454822236 4778904918 4778904918 0 161798042 936643962 0.699756 477 5335 7112801 8152685 274 574 72 128000 200000 12 16000 19873 12 16000 25000 8 16000 25000 1523
1787061565001706 8 0 6 2 2 10 2 0 2 0 0 2 269 2 2 0 749 480 478 0 478 0 0 0 1498973848 2755309 0 2588027 698970 2013529 15904030 2116675 1459387395 4778904918 4778904918 0 162443209 936643962 0.697976 475 5313 7082978 8117266 414 566 72 128000 200000 24 32000 38101 12 16000 25000 8 16000 25000 1524
1787061569869163 8 0 7 1 2 10 2 0 2 0 0 2 269 1 1 0 749 480 479 0 479 0 0 0 1503824042 2756004 0 2588242 700839 2019111 15911531 2116734 1464122723 4816269827 4816269827 0 162443209 936643962 0.695729 475 5313 7082978 8117266 414 552 72 128000 200000 12 16000 19757 12 16000 25000 8 16000 25000 1527
1787061574002195 8 0 6 2 2 10 2 0 2 0 0 2 268 2 2 0 749 481 479 0 479 0 0 0 1507942593 2756306 0 2588242 702461 2024243 15917428 2116896 1468033521 4816269827 4816269827 0 163088376 936643962 0.694239 450 5033 6710189 7689325 228 536 72 128000 200000 24 32000 38102 12 16000 25000 8 16000 25000 1528
1787061590308499 8 0 6 2 2 10 2 0 2 0 0 2 268 3 2 1 749 481 479 0 479 0 0 0 1524192434 2757466 0 2588242 708458 2043328 15942251 2117053 1483894878 4846264875 4816269827 0 163088376 936643962 0.686851 450 5033 6710189 7689325 228 521 72 128000 200000 24 32000 38107 12 16000 25000 8 16000 25000 1532
1787061590308837 8 0 7 1 2 10 2 0 2 0 0 2 268 1 1 0 749 481 480 0 480 0 0 0 1524192434 2757758 0 2588440 708526 2043339 15942251 2117053 1483894878 4846264875 4846264875 0 163088376 936643962 0.686850 450 5033 6710189 7689325 228 494 72 128000 200000 12 16000 19878 12 16000 25000 8 16000 25000 1532
1787061594781905 8 0 7 1 2 10 2 0 2 0 0 2 267 1 1 0 749 482 481 0 481 0 0 0 1528649346 2758430 0 2588664 710418 2048531 15948999 2117210 1488221262 4871062279 4871062279 0 163733543 936643962 0.685253 458 5123 6829482 7824832 1145 558 72 128000 200000 12 16000 19762 12 16000 25000 8 16000 25000 1536
1787061599002148 8 0 6 2 2 10 2 0 2 0 0 2 266 2 2 0 749 483 481 0 481 0 0 0 1532854924 2758719 0 2588664 711973 2053658 15955031 2117390 1492262283 4871062279 4871062279 0 164378710 936643962 0.683777 441 4932 6575985 7534330 216 541 72 128000 200000 24 32000 38105 12 16000 25000 8 16000 25000 1536
1787061600792061 8 0 7 1 2 10 2 0 2 0 0 2 266 1 1 0 749 483 482 0 482 0 0 0 1534638269 2759172 0 2588872 712676 2055800 15957633 2117454 1494002048 4881518957 4881518957 0 164378710 936643962 0.682983 441 4932 6575985 7534330 216 510 72 128000 200000 12 16000 19884 12 16000 25000 8 16000 25000 1540
1787061605001916 8 0 6 2 2 10 2 0 2 0 0 2 265 2 2 0 749 484 482 0 482 0 0 0 1538832323 2759488 0 2588872 714944 2060887 15964070 2117614 1498080713 4881518957 4881518957 0 165023879 936643962 0.681524 434 4854 6471605 7412977 399 505 72 128000 200000 24 32000 38092 12 16000 25000 8 16000 25000 1540
1787061610694924 8 0 6 2 2 10 2 0 2 0 0 2 265 3 2 1 749 484 482 0 482 0 0 0 1544505401 2759893 0 2588872 716952 2067605 15972813 2117709 1503613631 4891408308 4881518957 0 165023879 936643962 0.679025 434 4854 6471605 7412977 399 500 72 128000 200000 24 32000 38097 12 16000 25000 8 16000 25000 1545
1787061610695254 8 0 7 1 2 10 2 0 2 0 0 2 265 1 1 0 749 484 483 0 483 0 0 0 1544505401 2760182 0 2589071 717068 2067617 15972813 2117709 1503613631 4891408308 4891408308 0 165023879 936643962 0.679025 434 4854 6471605 7412977 399 491 72 128000 200000 12 16000 19881 12 16000 25000 8 16000 25000 1544
1787061610771730 8 0 7 1 2 10 2 0 2 0 0 2 264 1 1 0 749 485 484 0 484 0 0 0 1544581072 2760456 0 2589255 717213 2067703 15972921 2117858 1503677272 4907333976 4907333976 0 165669048 936643962 0.679390 434 4854 6471605 7411848 731 515 72 128000 200000 12 16000 19768 12 16000 25000 8 16000 25000 1548
1787061615001928 8 0 6 2 2 10 2 0 2 0 0 2 263 2 2 0 749 486 484 0 484 0 0 0 1548796202 2760775 0 2589255 718810 2072795 15979338 2117974 1507774755 4907333976 4907333976 0 166314217 936643962 0.677940 426 4765 6352313 7274546 250 502 72 128000 200000 24 32000 38108 12 16000 25000 8 16000 25000 1549
1787061620093586 8 0 6 2 2 10 2 0 2 0 0 2 263 3 2 1 749 486 484 0 484 0 0 0 1553870023 2761180 0 2589255 720791 2078607 15987184 2118066 1512721509 4916717815 4907333976 0 166314217 936643962 0.675730 426 4765 6352313 7274546 250 490 72 128000 200000 24 32000 38113 12 16000 25000 8 16000 25000 1553
1787061620093931 8 0 7 1 2 10 2 0 2 0 0 2 263 1 1 0 749 486 485 0 485 0 0 0 1553870023 2761485 0 2589468 720852 2078618 15987184 2118066 1512721509 4916717815 4916717815 0 166314217 936643962 0.675730 426 4765 6352313 7274546 250 467 72 128000 200000 12 16000 19894 12 16000 25000 8 16000 25000 1552
1787061620642195 8 0 7 1 2 10 2 0 2 0 0 2 262 1 1 0 749 487 486 0 486 0 0 0 1554415784 2761821 0 2589672 721187 2079272 15988013 2118198 1513244080 4926572210 4926572210 0 166959386 936643962 0.675888 426 4765 6352313 7273438 646 485 72 128000 200000 12 16000 19773 12 16000 25000 8 16000 25000 1556
1787061625001737 8 0 6 2 2 10 2 0 2 0 0 2 261 2 2 0 749 488 486 0 486 0 0 0 1558759734 2762143 0 2589672 722842 2084553 15994677 2118344 1517469733 4926572210 4926572210 0 167604555 936643962 0.674402 426 4765 6352313 7272759 624 492 72 128000 200000 24 32000 38109 12 16000 25000 8 16000 25000 1557
1787061629606437 8 0 7 1 2 10 2 0 2 0 0 2 261 1 1 0 749 488 487 0 487 0 0 0 1563347943 2762805 0 2589874 724580 2089990 16001787 2118409 1521941224 4936072682 4936072682 0 167604555 936643962 0.672426 426 4765 6352313 7272759 624 506 72 128000 200000 12 16000 19899 12 16000 25000 8 16000 25000 1561
1787061630130401 8 0 7 1 2 10 2 0 2 0 0 2 260 1 1 0 749 489 488 0 488 0 0 0 1563869446 2763161 0 2590098 724884 2090624 16002580 2118570 1522440136 4945547195 4945547195 0 168249724 936643962 0.672595 426 4765 6352313 7271644 810 537 72 128000 200000 12 16000 19778 12 16000 25000 8 16000 25000 1565
1787061635001585 8 0 6 2 2 10 2 0 2 0 0 2 259 2 2 0 749 490 488 0 488 0 0 0 1568723208 2763523 0 2590098 726714 2096439 16010090 2118733 1527159660 4945547195 4945547195 0 168894893 936643962 0.670909 451 5118 6823281 7810835 708 546 72 128000 200000 24 32000 38111 12 16000 25000 8 16000 25000 1565
1787061639491668 8 0 7 1 2 10 2 0 2 0 0 2 259 1 1 0 749 490 489 0 489 0 0 0 1573197245 2764208 0 2590314 728397 2101624 16017032 2118794 1531519435 4955418324 4955418324 0 168894893 936643962 0.669004 451 5118 6823281 7810835 708 563 72 128000 200000 12 16000 19904 12 16000 25000 8 16000 25000 1569
1787061639527747 8 0 7 1 2 10 2 0 2 0 0 2 258 1 1 0 749 491 490 0 490 0 0 0 1573232694 2764493 0 2590506 728522 2101645 16017047 2118950 1531524882 4964803371 4964803371 0 169540062 936643962 0.669379 451 5118 6823281 7808971 717 579 72 128000 200000 12 16000 19785 12 16000 25000 8 16000 25000 1573
1787061644002915 8 0 6 2 2 10 2 0 2 0 0 2 257 2 2 0 749 492 490 0 490 0 0 0 1577691872 2764791 0 2590506 730172 2107390 16023573 2119123 1535838972 4964803371 4964803371 0 170185231 936643962 0.667879 451 5118 6823281 7809026 784 590 72 128000 200000 24 32000 38113 12 16000 25000 8 16000 25000 1574
1787061651785724 8 0 6 2 2 10 2 0 2 0 0 2 257 3 2 1 749 492 490 0 490 0 0 0 1585448207 2765406 0 2590506 732980 2116427 16034935 2119221 1543392235 4977029339 4964803371 0 170185231 936643962 0.664618 451 5118 6823281 7809026 784 600 72 128000 200000 24 32000 38118 12 16000 25000 8 16000 25000 1578
1787061651786073 8 0 7 1 2 10 2 0 2 0 0 2 257 1 1 0 749 492 491 0 491 0 0 0 1585448207 2765714 0 2590721 733100 2116438 16034935 2119221 1543392235 4977029339 4977029339 0 170185231 936643962 0.664617 451 5118 6823281 7809026 784 619 72 128000 200000 12 16000 19789 12 16000 25000 8 16000 25000 1577
1787061652433370 8 0 7 1 2 10 2 0 2 0 0 2 256 1 1 0 749 493 492 0 492 0 0 0 1586092630 2766068 0 2590928 733461 2117252 16035866 2119379 1544009711 4989939616 4989939616 0 170830400 936643962 0.664735 448 5084 6777893 7756341 382 597 72 128000 200000 12 16000 19909 12 16000 25000 8 16000 25000 1581
1787061657002795 8 0 6 2 2 10 2 0 2 0 0 2 255 2 2 0 749 494 492 0 492 0 0 0 1590646139 2766378 0 2590928 735180 2122751 16042488 2119536 1548424087 4989939616 4989939616 0 171475569 936643962 0.663221 445 5050 6732505 7703352 415 588 72 128000 200000 24 32000 38115 12 16000 25000 8 16000 25000 1582
1787061661258827 8 0 7 1 2 10 2 0 2 0 0 2 255 1 1 0 749 494 493 0 493 0 0 0 1594887280 2766958 0 2591129 736737 2127728 16048835 2119598 1552553286 4999398133 4999398133 0 171475569 936643962 0.661460 445 5050 6732505 7703352 415 572 72 128000 200000 12 16000 19794 12 16000 25000 8 16000 25000 1586
1787061661754457 8 0 7 1 2 10 2 0 2 0 0 2 254 1 1 0 749 495 494 0 494 0 0 0 1595380537 2767294 0 2591331 737069 2128380 16049548 2119761 1553024148 5008696966 5008696966 0 172120738 936643962 0.661641 445 5050 6732505 7702617 680 584 72 128000 200000 12 16000 19914 12 16000 25000 8 16000 25000 1590
1787061666002131 8 0 6 2 2 10 2 0 2 0 0 2 253 2 2 0 749 496 494 0 494 0 0 0 1599612910 2767603 0 2591331 738666 2133605 16055648 2119943 1557136095 5008696966 5008696966 0 172765907 936643962 0.660277 442 5016 6687118 7649647 424 576 72 128000 200000 24 32000 38117 12 16000 25000 8 16000 25000 1590
1787061670579284 8 0 7 1 2 10 2 0 2 0 0 2 253 1 1 0 749 496 495 0 495 0 0 0 1604174179 2768241 0 2591539 740364 2139020 16062249 2120004 1561577512 5018005955 5018005955 0 172765907 936643962 0.658403 442 5016 6687118 7649647 424 562 72 128000 200000 12 16000 19799 12 16000 25000 8 16000 25000 1594
1787061670752108 8 0 7 1 2 10 2 0 2 0 0 2 252 1 1 0 749 497 496 0 496 0 0 0 1604345873 2768528 0 2591730 740536 2139218 16062482 2120157 1561725325 5026992324 5026992324 0 173411076 936643962 0.658715 443 5027 6702247 7666222 836 589 72 128000 200000 12 16000 19920 12 16000 25000 8 16000 25000 1598
1787061675001703 8 0 6 2 2 10 2 0 2 0 0 2 251 2 2 0 749 498 496 0 496 0 0 0 1608580195 2768851 0 2591730 742098 2144758 16068710 2120286 1565838037 5026992324 5026992324 0 174056245 936643962 0.657366 442 5016 6687118 7647881 820 601 72 128000 200000 24 32000 38120 12 16000 25000 8 16000 25000 1599
1787061679467043 8 0 7 1 2 10 2 0 2 0 0 2 251 1 1 0 749 498 497 0 497 0 0 0 1613029751 2769475 0 2591932 743748 2149946 16075584 2120345 1570169674 5035695875 5035695875 0 174056245 936643962 0.655556 442 5016 6687118 7647881 820 623 72 128000 200000 12 16000 19925 12 16000 25000 8 16000 25000 1602
1787061684002428 8 0 6 2 2 10 2 0 2 0 0 2 250 2 2 0 749 499 497 0 497 0 0 0 1617548889 2769809 0 2591932 745414 2155852 16082160 2120505 1574559322 5035695875 5035695875 0 174701414 936643962 0.654107 442 5016 6687118 7646062 785 632 72 128000 200000 24 32000 38121 12 16000 25000 8 16000 25000 1603
1787061689091122 8 0 6 2 2 10 2 0 2 0 0 2 250 3 2 1 749 499 497 0 497 0 0 0 1622620148 2770129 0 2591932 747228 2161885 16089610 2120600 1579496112 5045306072 5035695875 0 174701414 936643962 0.652066 442 5016 6687118 7646062 785 640 72 128000 200000 24 32000 38126 12 16000 25000 8 16000 25000 1607
1787061689091464 8 0 7 1 2 10 2 0 2 0 0 2 250 1 1 0 749 499 498 0 498 0 0 0 1622620148 2770430 0 2592140 747289 2161897 16089610 2120600 1579496112 5045306072 5045306072 0 174701414 936643962 0.652066 442 5016 6687118 7646062 785 655 72 128000 200000 12 16000 19929 12 16000 25000 8 16000 25000 1606
1787061689862289 8 0 7 1 2 10 2 0 2 0 0 2 249 1 1 0 749 500 499 0 499 0 0 0 1623387720 2770782 0 2592343 747710 2162819 16090754 2120739 1580234422 5064566571 5064566571 0 175346583 936643962 0.652136 442 5016 6687118 7644235 691 659 72 128000 200000 12 16000 19805 12 16000 25000 8 16000 25000 1610
1787061694001867 8 0 6 2 2 10 2 0 2 0 0 2 248 2 2 0 749 501 499 0 499 0 0 0 1627512456 2771069 0 2592343 749266 2167880 16097117 2120882 1584239236 5064566571 5064566571 0 175991752 936643962 0.650864 445 5050 6732505 7695438 868 670 72 128000 200000 24 32000 38123 12 16000 25000 8 16000 25000 1611
1787061699029244 8 0 6 2 2 10 2 0 2 0 0 2 248 3 2 1 749 501 499 0 499 0 0 0 1632522259 2771418 0 2592343 751201 2173660 16104906 2120977 1589115591 5074491763 5064566571 0 175991752 936643962 0.648869 445 5050 6732505 7695438 868 680 72 128000 200000 24 32000 38128 12 16000 25000 8 16000 25000 1615
1787061699029713 8 0 7 1 2 10 2 0 2 0 0 2 248 1 1 0 749 501 500 0 500 0 0 0 1632522259 2771847 0 2592682 751261 2173673 16104906 2120977 1589115591 5074491763 5074491763 0 175991752 936643962 0.648869 445 5050 6732505 7695438 868 699 72 128000 200000 12 16000 19934 12 16000 25000 8 16000 25000 1615
1787061699482381 8 0 7 1 2 10 2 0 2 0 0 2 247 1 1 0 749 502 501 0 501 0 0 0 1632972776 2772170 0 2592884 751532 2174266 16105550 2121112 1589543758 5084098835 5084098835 0 176636921 936643962 0.649067 445 5050 6732505 7693626 777 707 72 128000 200000 12 16000 19810 12 16000 25000 8 16000 25000 1619
1787061704001812 8 0 6 2 2 10 2 0 2 0 0 2 246 2 2 0 749 503 501 0 501 0 0 0 1637476140 2772485 0 2592884 753204 2180026 16112165 2121255 1593915637 5084098835 5084098835 0 177282090 936643962 0.647660 433 4914 6550955 7486184 755 710 72 128000 200000 24 32000 38125 12 16000 25000 8 16000 25000 1619
1787061708681328 8 0 7 1 2 10 2 0 2 0 0 2 246 1 1 0 749 503 502 0 502 0 0 0 1642139192 2773102 0 2593100 754978 2185382 16119322 2121316 1598451953 5093286262 5093286262 0 177282090 936643962 0.645823 433 4914 6550955 7486184 755 716 72 128000 200000 12 16000 19814 12 16000 25000 8 16000 25000 1623
1787061708826229 8 0 7 1 2 10 2 0 2 0 0 2 245 1 1 0 749 504 503 0 503 0 0 0 1642283038 2773381 0 2593289 755147 2185559 16119526 2121472 1598582094 5103070533 5103070533 0 177927259 936643962 0.646141 433 4914 6550955 7485528 820 727 72 128000 200000 12 16000 19940 12 16000 25000 8 16000 25000 1627
1787061713002741 8 0 6 2 2 10 2 0 2 0 0 2 244 2 2 0 749 505 503 0 503 0 0 0 1646445075 2773682 0 2593289 756715 2190545 16125574 2121590 1602620977 5103070533 5103070533 0 178572428 936643962 0.644883 433 4914 6550955 7484454 818 732 72 128000 200000 24 32000 38128 12 16000 25000 8 16000 25000 1628
1787061717762761 8 0 7 1 2 10 2 0 2 0 0 2 244 1 1 0 749 505 504 0 504 0 0 0 1651188667 2774311 0 2593497 758476 2196043 16132510 2121650 1607235713 5112140109 5112140109 0 178572428 936643962 0.643033 433 4914 6550955 7484454 818 742 72 128000 200000 12 16000 19821 12 16000 25000 8 16000 25000 1631
1787061717867221 8 0 7 1 2 10 2 0 2 0 0 2 243 1 1 0 749 506 505 0 505 0 0 0 1651292219 2774598 0 2593691 758622 2196166 16132658 2121799 1607325854 5121169238 5121169238 0 179217597 936643962 0.643365 473 5445 7259093 8293657 787 748 72 128000 200000 12 16000 19945 12 16000 25000 8 16000 25000 1635
1787061722002639 8 0 6 2 2 10 2 0 2 0 0 2 242 2 2 0 749 507 505 0 505 0 0 0 1655413016 2774885 0 2593691 760183 2201082 16138937 2121910 1611323177 5121169238 5121169238 0 179862766 936643962 0.642137 473 5445 7259093 8291739 778 750 72 128000 200000 24 32000 38129 12 16000 25000 8 16000 25000 1636
1787061727030596 8 0 6 2 2 10 2 0 2 0 0 2 242 3 2 1 749 507 505 0 505 0 0 0 1660422870 2775223 0 2593691 762639 2206943 16146658 2122006 1616194787 5130422432 5121169238 0 179862766 936643962 0.640203 473 5445 7259093 8291739 778 752 72 128000 200000 24 32000 38120 12 16000 25000 8 16000 25000 1640
1787061727030942 8 0 7 1 2 10 2 0 2 0 0 2 242 1 1 0 749 507 506 0 506 0 0 0 1660422870 2775523 0 2593900 762703 2206955 16146658 2122006 1616194787 5130422432 5130422432 0 179862766 936643962 0.640203 473 5445 7259093 8291739 778 756 72 128000 200000 12 16000 19819 12 16000 25000 8 16000 25000 1640
1787061727166160 8 0 7 1 2 10 2 0 2 0 0 2 241 1 1 0 749 508 507 0 507 0 0 0 1660557077 2775814 0 2594095 762860 2207135 16146844 2122137 1616316003 5139707394 5139707394 0 180507935 936643962 0.640521 475 5468 7289787 8327061 631 745 72 128000 200000 12 16000 19950 12 16000 25000 8 16000 25000 1644
1787061732001528 8 0 6 2 2 10 2 0 2 0 0 2 240 2 2 0 749 509 507 0 507 0 0 0 1665375188 2776156 0 2594095 764614 2213162 16154221 2122257 1620991393 5139707394 5139707394 0 181153104 936643962 0.639039 474 5456 7274440 8307607 677 742 72 128000 200000 24 32000 38131 12 16000 25000 8 16000 25000 1644
1787061736025238 8 0 7 1 2 10 2 0 2 0 0 2 240 1 1 0 749 509 508 0 508 0 0 0 1669384513 2776725 0 2594295 766133 2217905 16160410 2122317 1624888588 5148689432 5148689432 0 181153104 936643962 0.637507 474 5456 7274440 8307607 677 736 72 128000 200000 12 16000 19831 12 16000 25000 8 16000 25000 1648
1787061737137162 8 0 7 1 2 10 2 0 2 0 0 2 239 1 1 0 749 510 509 0 509 0 0 0 1670492060 2777103 0 2594493 766665 2219291 16161962 2122475 1625917812 5158646477 5158646477 0 181798273 936643962 0.637453 475 5468 7289787 8325403 751 738 72 128000 200000 12 16000 19956 12 16000 25000 8 16000 25000 1652
1787061742000803 8 0 6 2 2 10 2 0 2 0 0 2 238 2 2 0 749 511 509 0 509 0 0 0 1675338841 2777438 0 2594493 768517 2225065 16168973 2122639 1630619897 5158646477 5158646477 0 182443442 936643962 0.635978 498 5814 7751177 8851348 728 738 72 128000 200000 24 32000 38134 12 16000 25000 8 16000 25000 1653
1787061745153429 8 0 7 1 2 10 2 0 2 0 0 2 238 1 1 0 749 511 510 0 510 0 0 0 1678480426 2777972 0 2594707 769719 2228733 16173554 2122697 1633673231 5167723871 5167723871 0 182443442 936643962 0.634789 498 5814 7751177 8851348 728 738 72 128000 200000 12 16000 19836 12 16000 25000 8 16000 25000 1656
1787061745819665 8 0 7 1 2 10 2 0 2 0 0 2 237 1 1 0 749 512 511 0 511 0 0 0 1679143742 2778334 0 2594931 770073 2229561 16174506 2122868 1634308463 5176393905 5176393905 0 183088611 936643962 0.634905 487 5685 7579967 8655061 180 685 72 128000 200000 12 16000 19962 12 16000 25000 8 16000 25000 1660
1787061750001010 8 0 6 2 2 10 2 0 2 0 0 2 236 2 2 0 749 513 511 0 511 0 0 0 1683310230 2778621 0 2594931 771683 2234860 16180528 2123020 1638348648 5176393905 5176393905 0 183733780 936643962 0.633701 486 5674 7564402 8636397 713 687 72 128000 200000 24 32000 38135 12 16000 25000 8 16000 25000 1661
1787061754416089 8 0 7 1 2 10 2 0 2 0 0 2 236 1 1 0 749 513 512 0 512 0 0 0 1687709651 2779210 0 2595140 773277 2239996 16187360 2123083 1642624677 5185644915 5185644915 0 183733780 936643962 0.632051 486 5674 7564402 8636397 713 691 72 128000 200000 12 16000 19840 12 16000 25000 8 16000 25000 1664
1787061755251031 8 0 7 1 2 10 2 0 2 0 0 2 235 1 1 0 749 514 513 0 513 0 0 0 1688541053 2779550 0 2595335 773729 2240999 16188624 2123247 1643423452 5195063005 5195063005 0 184378949 936643962 0.632104 478 5580 7439885 8494563 818 704 72 128000 200000 12 16000 19967 12 16000 25000 8 16000 25000 1669
1787061760001853 8 0 6 2 2 10 2 0 2 0 0 2 234 2 2 0 749 515 513 0 513 0 0 0 1693275025 2779918 0 2595335 775509 2246629 16195864 2123403 1647993228 5195063005 5195063005 0 185024118 936643962 0.630702 436 5090 6786171 7746377 726 706 72 128000 200000 24 32000 38137 12 16000 25000 8 16000 25000 1669
1787061763808204 8 0 7 1 2 10 2 0 2 0 0 2 234 1 1 0 749 515 514 0 514 0 0 0 1697067846 2780493 0 2595553 776957 2251053 16201666 2123465 1651679062 5204443701 5204443701 0 185024118 936643962 0.629295 436 5090 6786171 7746377 726 708 72 128000 200000 12 16000 19845 12 16000 25000 8 16000 25000 1673
1787061764562131 8 0 7 1 2 10 2 0 2 0 0 2 233 1 1 0 749 516 515 0 515 0 0 0 1697818499 2780834 0 2595755 777390 2251965 16202810 2123619 1652399022 5213722644 5213722644 0 185669287 936643962 0.629379 455 5386 7180950 8196916 847 722 72 128000 200000 12 16000 19972 12 16000 25000 8 16000 25000 1677
1787061769000990 8 0 6 2 2 10 2 0 2 0 0 2 232 2 2 0 749 517 515 0 515 0 0 0 1702241650 2781142 0 2595755 779001 2257357 16209493 2123785 1656686331 5213722644 5213722644 0 186314456 936643962 0.628107 445 5268 7023127 8014986 292 701 72 128000 200000 24 32000 38140 12 16000 25000 8 16000 25000 1678
1787061772657175 8 0 7 1 2 10 2 0 2 0 0 2 232 1 1 0 749 517 516 0 516 0 0 0 1705884853 2781689 0 2595968 780403 2261560 16215061 2123849 1660226344 5222559739 5222559739 0 186314456 936643962 0.626767 445 5268 7023127 8014986 292 662 72 128000 200000 12 16000 19852 12 16000 25000 8 16000 25000 1681
1787061774109371 8 0 7 1 2 10 2 0 2 0 0 2 231 1 1 0 749 518 517 0 517 0 0 0 1707331299 2782097 0 2596170 781055 2263333 16217297 2124006 1661622090 5232093513 5232093513 0 186959625 936643962 0.626597 454 5374 7165167 8176427 765 673 72 128000 200000 12 16000 19976 12 16000 25000 8 16000 25000 1685
1787061779000777 8 0 6 2 2 10 2 0 2 0 0 2 230 2 2 0 749 519 517 0 517 0 0 0 1712205685 2782435 0 2596170 782903 2269202 16224345 2124185 1666346801 5232093513 5232093513 0 187604794 936643962 0.625175 446 5280 7038909 8031496 726 676 72 128000 200000 24 32000 38141 12 16000 25000 8 16000 25000 1686
1787061783441972 8 0 7 1 2 10 2 0 2 0 0 2 230 1 1 0 749 519 518 0 518 0 0 0 1716631479 2783061 0 2596366 784575 2274399 16230745 2124244 1670644356 5241413608 5241413608 0 187604794 936643962 0.623565 446 5280 7038909 8031496 726 682 72 128000 200000 12 16000 19980 12 16000 25000 8 16000 25000 1689
1787061783786673 8 0 7 1 2 10 2 0 2 0 0 2 229 1 1 0 749 520 519 0 519 0 0 0 1716974405 2783377 0 2596570 784817 2274846 16231234 2124397 1670967155 5252530669 5252530669 0 188249963 936643962 0.623799 442 5232 6975780 7957699 767 691 72 128000 200000 12 16000 19858 12 16000 25000 8 16000 25000 1694
1787061788001169 8 0 6 2 2 10 2 0 2 0 0 2 228 2 2 0 749 521 519 0 519 0 0 0 1721173979 2783644 0 2596570 786369 2280208 16237375 2124518 1675035392 5252530669 5252530669 0 188895132 936643962 0.622636 442 5232 6975780 7957076 917 703 72 128000 200000 24 32000 38143 12 16000 25000 8 16000 25000 1694
1787061793180175 8 0 6 2 2 10 2 0 2 0 0 2 228 3 2 1 749 521 519 0 519 0 0 0 1726335484 2783951 0 2596570 788222 2286238 16244912 2124615 1680047846 5262254789 5252530669 0 188895132 936643962 0.620777 442 5232 6975780 7957076 917 714 72 128000 200000 24 32000 38148 12 16000 25000 8 16000 25000 1698
1787061793180513 8 0 7 1 2 10 2 0 2 0 0 2 228 1 1 0 749 521 520 0 520 0 0 0 1726335484 2784249 0 2596775 788280 2286249 16244912 2124615 1680047846 5262254789 5262254789 0 188895132 936643962 0.620777 442 5232 6975780 7957076 917 735 72 128000 200000 12 16000 19985 12 16000 25000 8 16000 25000 1698
1787061798001435 8 0 6 2 2 10 2 0 2 0 0 2 227 2 2 0 749 522 520 0 520 0 0 0 1731139277 2784558 0 2596775 790076 2292028 16252313 2124748 1684700793 5262254789 5262254789 0 189536765 936643962 0.619410 434 5138 6849521 7811349 689 733 72 128000 200000 24 32000 38144 12 16000 25000 8 16000 25000 1698
1787061798021153 8 0 6 2 2 10 2 0 2 0 0 2 226 2 2 0 749 523 521 0 521 0 0 0 1731158454 2784855 0 2596986 790142 2292063 16252345 2124815 1684718205 5276475193 5276475193 0 189536765 936643962 0.619403 434 5138 6849521 7811349 689 729 72 128000 200000 16 24000 29416 12 16000 25000 8 16000 25000 1901
1787061799277257 8 0 6 2 2 10 2 0 2 0 0 2 225 2 2 0 749 524 522 0 522 0 0 0 1731788019 3408296 0 3220251 791221 2292822 16253251 2124936 1685324002 5276925081 5276925081 0 190178398 1145739088 0.734228 400 4735 6312923 7199621 1031 760 72 128000 200000 24 32000 38345 12 16000 25000 8 16000 25000 1902
1787061802980782 8 0 7 1 2 10 2 0 2 0 0 2 225 1 1 0 749 524 523 0 523 0 0 0 1735478848 3408919 0 3220467 792582 2297033 16258432 2125083 1688930237 5286711643 5286711643 0 190178398 1145739088 0.732670 274 3244 4339266 4950030 1 687 72 128000 200000 12 16000 20191 12 16000 25000 8 16000 25000 1905
1787061807000572 8 0 6 2 2 10 2 0 2 0 0 2 224 2 2 0 749 525 523 0 523 0 0 0 1739484710 3409187 0 3220467 794104 2301866 16264104 2125286 1692832960 5286711643 5286711643 0 190820031 1145739088 0.731337 283 3350 4481796 5112154 731 690 72 128000 200000 24 32000 38346 12 16000 25000 8 16000 25000 1906
1787061807808552 8 0 7 1 2 10 2 0 2 0 0 2 224 1 1 0 749 525 524 0 524 0 0 0 1740289493 3409598 0 3220704 794454 2302813 16265233 2125351 1693619463 5296487900 5296487900 0 190820031 1145739088 0.730999 283 3350 4481796 5112154 731 695 72 128000 200000 12 16000 20067 12 16000 25000 8 16000 25000 1910
1787061812001771 8 0 6 2 2 10 2 0 2 0 0 2 223 2 2 0 749 526 524 0 524 0 0 0 1744468241 3409931 0 3220704 796089 2307813 16271142 2125511 1697691266 5296487900 5296487900 0 191461664 1145739088 0.729601 287 3398 4545143 5184007 901 706 72 128000 200000 24 32000 38348 12 16000 25000 8 16000 25000 1910
1787061814291400 8 0 7 1 2 10 2 0 2 0 0 2 223 1 1 0 749 526 525 0 525 0 0 0 1746749801 3410426 0 3220914 797057 2310436 16274382 2125570 1699919990 5307786554 5307786554 0 191461664 1145739088 0.728650 287 3398 4545143 5184007 901 726 72 128000 200000 12 16000 20197 12 16000 25000 8 16000 25000 1914
1787061816907458 8 0 7 1 2 10 2 0 2 0 0 2 222 1 1 0 749 527 526 0 526 0 0 0 1749355975 3410977 0 3221140 798126 2313922 16278114 2125735 1702445680 5316874299 5316874299 0 192103297 1145739088 0.727915 290 3433 4592654 5237716 975 751 72 128000 200000 12 16000 20072 12 16000 25000 8 16000 25000 1918
1787061821001464 8 0 6 2 2 10 2 0 2 0 0 2 221 2 2 0 749 528 526 0 526 0 0 0 1753435803 3411276 0 3221140 799646 2318795 16283905 2125923 1706419324 5316874299 5316874299 0 192744930 1145739088 0.726573 293 3469 4640164 5292177 840 756 72 128000 200000 24 32000 38350 12 16000 25000 8 16000 25000 1919
1787061823313020 8 0 7 1 2 10 2 0 2 0 0 2 221 1 1 0 749 528 527 0 527 0 0 0 1755739134 3411742 0 3221361 800500 2321535 16287243 2125989 1708668101 5325873380 5325873380 0 192744930 1145739088 0.725622 293 3469 4640164 5292177 840 765 72 128000 200000 12 16000 20202 12 16000 25000 8 16000 25000 1922
1787061828001686 8 0 6 2 2 10 2 0 2 0 0 2 220 2 2 0 749 529 527 0 527 0 0 0 1760411577 3412083 0 3221361 802234 2327181 16293868 2126160 1713210987 5325873380 5325873380 0 193386563 1145739088 0.724046 293 3469 4640164 5291711 406 748 72 128000 200000 24 32000 38351 12 16000 25000 8 16000 25000 1923
1787061831287768 8 0 7 1 2 10 2 0 2 0 0 2 220 1 1 0 749 529 528 0 528 0 0 0 1763686209 3412643 0 3221564 803479 2330995 16298574 2126221 1716409294 5340240080 5340240080 0 193386563 1145739088 0.722704 293 3469 4640164 5291711 406 715 72 128000 200000 12 16000 20077 12 16000 25000 8 16000 25000 1926
1787061832487478 8 0 7 1 2 10 2 0 2 0 0 2 219 1 1 0 749 530 529 0 529 0 0 0 1764881127 3413055 0 3221795 804063 2332531 16300245 2126380 1717566172 5349391788 5349391788 0 194028196 1145739088 0.722562 305 3611 4830205 5507992 1086 752 72 128000 200000 12 16000 20207 12 16000 25000 8 16000 25000 1930
1787061837001713 8 0 6 2 2 10 2 0 2 0 0 2 218 2 2 0 749 531 529 0 529 0 0 0 1769379518 3413365 0 3221795 805778 2338320 16306525 2126565 1721947335 5349391788 5349391788 0 194669829 1145739088 0.721073 294 3480 4656000 5308875 409 735 72 128000 200000 24 32000 38354 12 16000 25000 8 16000 25000 1931
1787061840426671 8 0 7 1 2 10 2 0 2 0 0 2 218 1 1 0 749 531 530 0 530 0 0 0 1772792541 3413952 0 3222010 807096 2342345 16311382 2126625 1725279087 5358518268 5358518268 0 194669829 1145739088 0.719687 294 3480 4656000 5308875 409 704 72 128000 200000 12 16000 20083 12 16000 25000 8 16000 25000 1935
1787061841160618 8 0 7 1 2 10 2 0 2 0 0 2 217 1 1 0 749 532 531 0 531 0 0 0 1773523289 3414315 0 3222229 807476 2343310 16312405 2126818 1725983176 5367179354 5367179354 0 195311462 1145739088 0.719736 303 3587 4798531 5470951 755 710 72 128000 200000 12 16000 20212 12 16000 25000 8 16000 25000 1939
1787061846001692 8 0 6 2 2 10 2 0 2 0 0 2 216 2 2 0 749 533 531 0 531 0 0 0 1778346460 3414662 0 3222229 809852 2349534 16319151 2127014 1730682945 5367179354 5367179354 0 195953097 1145739088 0.718131 305 3611 4830205 5506578 740 712 72 128000 200000 24 32000 38342 12 16000 25000 8 16000 25000 1939
1787061850382144 7 0 6 1 2 10 3 0 3 0 0 3 216 1 1 0 749 533 532 0 532 0 0 0 1782709365 3415620 0 3222743 812125 2355554 16325718 2127075 1734931599 5376388690 5376388690 0 195953097 1145739088 0.716376 305 3611 4830205 5506578 740 716 64 112000 175000 12 16000 20202 12 16000 25000 8 16000 25000 1936
1787061850637689 7 0 6 1 2 10 3 0 3 0 0 3 215 1 1 0 749 534 533 0 533 0 0 0 1782963252 3415955 0 3222963 812367 2355947 16326098 2127249 1735165486 5386587336 5386587336 0 196594732 1145739088 0.716617 304 3599 4814368 5488040 779 723 64 112000 175000 12 16000 20083 12 16000 25000 8 16000 25000 1940
1787061855000885 7 0 5 2 2 10 3 0 3 0 0 3 214 2 2 0 749 535 533 0 533 0 0 0 1787309622 3416286 0 3222963 814193 2362162 16332626 2127441 1739364803 5386587336 5386587336 0 197236367 1145739088 0.715219 311 3682 4925225 5613957 849 730 64 112000 175000 24 32000 38350 12 16000 25000 8 16000 25000 1941
1787061859744800 7 0 6 1 2 10 3 0 3 0 0 3 214 1 1 0 749 535 534 0 534 0 0 0 1792035495 3416993 0 3223185 816181 2368568 16339761 2127500 1743961354 5395933935 5395933935 0 197236367 1145739088 0.713336 311 3682 4925225 5613957 849 742 64 112000 175000 12 16000 20213 12 16000 25000 8 16000 25000 1944
1787061860375303 7 0 6 1 2 10 3 0 3 0 0 3 213 1 1 0 749 536 535 0 535 0 0 0 1792662986 3417345 0 3223388 816559 2369463 16340683 2127686 1744562172 5405636646 5405636646 0 197878002 1145739088 0.713428 311 3682 4925225 5613462 595 728 64 112000 175000 12 16000 20088 12 16000 25000 8 16000 25000 1948
1787061865001555 7 0 5 2 2 10 3 0 3 0 0 3 212 2 2 0 749 537 535 0 535 0 0 0 1797271263 3417723 0 3223388 818443 2376008 16347785 2127878 1749005182 5405636646 5405636646 0 198519637 1145739088 0.711941 307 3634 4861878 5540812 281 706 64 112000 175000 24 32000 38352 12 16000 25000 8 16000 25000 1949
1787061869131534 7 0 6 1 2 10 3 0 3 0 0 3 212 1 1 0 749 537 536 0 536 0 0 0 1801384830 3418378 0 3223587 820106 2382095 16354137 2127939 1753004243 5415009393 5415009393 0 198519637 1145739088 0.710318 307 3634 4861878 5540812 281 665 64 112000 175000 12 16000 20219 12 16000 25000 8 16000 25000 1952
1787061869693892 7 0 6 1 2 10 3 0 3 0 0 3 211 1 1 0 749 538 537 0 537 0 0 0 1801944361 3418735 0 3223802 820479 2382963 16354986 2128099 1753538149 5424286549 5424286549 0 199160497 1145739088 0.710437 306 3623 4846041 5522281 688 669 64 112000 175000 12 16000 20093 12 16000 25000 8 16000 25000 1957
1787061870033823 7 0 6 1 2 10 3 0 3 0 0 3 210 1 1 0 749 539 538 0 538 0 0 0 1802088054 3614032 0 3418959 820725 2383173 16355193 2128284 1753678157 5424393236 5424393236 0 199160497 1211081315 0.744814 301 3563 4766858 5431605 226 626 64 112000 175000 12 16000 20126 12 16000 25000 8 16000 25000 1990
1787061875000652 7 0 5 2 2 10 3 0 3 0 0 3 209 2 2 0 749 540 538 0 538 0 0 0 1807035527 3614461 0 3418959 822848 2390393 16362569 2128431 1758491003 5424393236 5424393236 0 199801357 1211081315 0.743116 259 3024 4045332 4609648 1 595 64 112000 175000 24 32000 38362 12 16000 25000 8 16000 25000 1990
1787061878374741 7 0 6 1 2 10 3 0 3 0 0 3 209 1 1 0 749 540 539 0 539 0 0 0 1810396756 3615021 0 3419166 824286 2394984 16367487 2128499 1761767849 5433623540 5433623540 0 199801357 1211081315 0.741739 259 3024 4045332 4609648 1 538 64 112000 175000 12 16000 20233 12 16000 25000 8 16000 25000 1994
1787061879139765 7 0 6 1 2 10 3 0 3 0 0 3 208 1 1 0 749 541 540 0 540 0 0 0 1811158289 3615368 0 3419359 824702 2396106 16368608 2128670 1762500726 5442711918 5442711918 0 200442217 1211081315 0.741764 259 3024 4045332 4608594 734 558 64 112000 175000 12 16000 20131 12 16000 25000 8 16000 25000 1998
1787061884001609 7 0 5 2 2 10 3 0 3 0 0 3 207 2 2 0 749 542 540 0 540 0 0 0 1816001603 3615769 0 3419359 826741 2402866 16375830 2128862 1767211785 5442711918 5442711918 0 201083077 1211081315 0.740125 260 3036 4060951 4625894 528 557 64 112000 175000 24 32000 38364 12 16000 25000 8 16000 25000 1999
1787061887796845 7 0 6 1 2 10 3 0 3 0 0 3 207 1 1 0 749 542 541 0 541 0 0 0 1819782012 3616417 0 3419563 828323 2408371 16381479 2128922 1770895345 5452122331 5452122331 0 201083077 1211081315 0.738591 260 3036 4060951 4625894 528 555 64 112000 175000 12 16000 20238 12 16000 25000 8 16000 25000 2002
1787061888577300 7 0 6 1 2 10 3 0 3 0 0 3 206 1 1 0 749 543 542 0 542 0 0 0 1820558946 3616772 0 3419748 828763 2409449 16382634 2129096 1771642471 5461548082 5461548082 0 201727765 1211081315 0.738613 260 3036 4060951 4625480 831 583 64 112000 175000 12 16000 20137 12 16000 25000 8 16000 25000 2007
1787061888666089 7 0 6 1 2 10 3 0 3 0 0 3 205 1 1 0 749 544 543 0 543 0 0 0 1820604178 3659838 0 3462687 828862 2409523 16382695 2129311 1771686473 5461581707 5461581707 0 201727765 1228505909 0.747686 261 3047 4076570 4642775 825 608 64 112000 175000 12 16000 20146 12 16000 25000 8 16000 25000 2015
1787061893000604 7 0 5 2 2 10 3 0 3 0 0 3 204 2 2 0 749 545 543 0 543 0 0 0 1824922353 3660194 0 3462687 830564 2415551 16389117 2129451 1775887397 5461581707 5461581707 0 202372453 1228505909 0.746257 251 2890 3865739 4402788 1 578 64 112000 175000 24 32000 38369 12 16000 25000 8 16000 25000 2015
1787061897874284 7 0 6 1 2 10 3 0 3 0 0 3 204 1 1 0 749 545 544 0 544 0 0 0 1829777964 3660889 0 3462867 832437 2422143 16396180 2129514 1780621560 5470777792 5470777792 0 202372453 1228505909 0.744280 251 2890 3865739 4402788 1 523 64 112000 175000 12 16000 20150 12 16000 25000 8 16000 25000 2019
1787061902001090 7 0 5 2 2 10 3 0 3 0 0 3 203 2 2 0 749 546 544 0 544 0 0 0 1833887307 3661304 0 3462867 834138 2428920 16402815 2129687 1784613698 5470777792 5470777792 0 203017141 1228505909 0.742950 251 2890 3865739 4402277 781 536 64 112000 175000 24 32000 38371 12 16000 25000 8 16000 25000 2020
1787061912190006 7 0 5 2 2 10 3 0 3 0 0 3 203 3 2 1 749 546 544 0 544 0 0 0 1844038224 3662130 0 3462867 838028 2443092 16418018 2129822 1794508885 5485079706 5470777792 0 203017141 1228505909 0.738868 251 2890 3865739 4402277 781 549 64 112000 175000 24 32000 38376 12 16000 25000 8 16000 25000 2024
1787061912190335 7 0 6 1 2 10 3 0 3 0 0 3 203 1 1 0 749 546 545 0 545 0 0 0 1844038224 3662419 0 3463061 838087 2443103 16418018 2129822 1794508885 5485079706 5485079706 0 203017141 1228505909 0.738868 251 2890 3865739 4402277 781 572 64 112000 175000 12 16000 20154 12 16000 25000 8 16000 25000 2023
1787061917001306 7 0 5 2 2 10 3 0 3 0 0 3 202 2 2 0 749 547 545 0 545 0 0 0 1848830836 3662744 0 3463061 840057 2450028 16425079 2129963 1799170794 5485079706 5485079706 0 203661829 1228505909 0.737288 253 2913 3896541 4437448 1036 596 64 112000 175000 24 32000 38372 12 16000 25000 8 16000 25000 2024
1787061919365278 7 0 6 1 2 10 3 0 3 0 0 3 202 1 1 0 749 547 546 0 546 0 0 0 1851185646 3663222 0 3463279 841104 2453222 16428596 2130022 1801466027 5516636104 5516636104 0 203661829 1228505909 0.736352 253 2913 3896541 4437448 1036 639 64 112000 175000 12 16000 20248 12 16000 25000 8 16000 25000 2027
1787061921308846 7 0 6 1 2 10 3 0 3 0 0 3 201 1 1 0 749 548 547 0 547 0 0 0 1853120939 3663885 0 3463666 842030 2456118 16431431 2130189 1803342666 5525742015 5525742015 0 204306517 1228505909 0.735915 266 3062 4096759 4665068 2698 840 64 112000 175000 12 16000 20159 12 16000 25000 8 16000 25000 2031
1787061926000783 7 0 5 2 2 10 3 0 3 0 0 3 200 2 2 0 749 549 547 0 547 0 0 0 1857794829 3664244 0 3463666 843936 2462842 16438380 2130433 1807887780 5525742015 5525742015 0 204951205 1228505909 0.734398 266 3062 4096759 4665186 741 836 64 112000 175000 24 32000 38374 12 16000 25000 8 16000 25000 2032
1787061928255716 7 0 6 1 2 10 3 0 3 0 0 3 200 1 1 0 749 549 548 0 548 0 0 0 1860041093 3664725 0 3463873 844883 2465912 16441652 2130492 1810076504 5534619795 5534619795 0 204951205 1228505909 0.733512 266 3062 4096759 4665186 741 828 64 112000 175000 12 16000 20253 12 16000 25000 8 16000 25000 2036
1787061930454542 7 0 6 1 2 10 3 0 3 0 0 3 199 1 1 0 749 550 549 0 549 0 0 0 1862230867 3665250 0 3464075 845896 2469122 16444926 2130659 1812201157 5543753190 5543753190 0 205595893 1228505909 0.732981 261 3005 4019752 4576452 721 818 64 112000 175000 12 16000 20164 12 16000 25000 8 16000 25000 2040
1787061935002520 7 0 5 2 2 10 3 0 3 0 0 3 198 2 2 0 749 551 549 0 549 0 0 0 1866761251 3665621 0 3464075 847687 2475702 16451721 2130845 1816604986 5543753190 5543753190 0 206240581 1228505909 0.731534 261 3005 4019752 4576568 770 816 64 112000 175000 24 32000 38376 12 16000 25000 8 16000 25000 2040
1787061939053350 7 0 6 1 2 10 3 0 3 0 0 3 198 1 1 0 749 551 550 0 550 0 0 0 1870796495 3666274 0 3464305 849324 2481450 16457782 2130905 1820536067 5554538575 5554538575 0 206240581 1228505909 0.729959 261 3005 4019752 4576568 770 812 64 112000 175000 12 16000 20258 12 16000 25000 8 16000 25000 2044
1787061939817060 7 0 6 1 2 10 3 0 3 0 0 3 197 1 1 0 749 552 551 0 551 0 0 0 1871556725 3666631 0 3464515 849748 2482532 16458909 2131070 1821267011 5563888818 5563888818 0 206885269 1228505909 0.729991 262 3016 4035153 4593056 905 822 64 112000 175000 12 16000 20170 12 16000 25000 8 16000 25000 2048
1787061944002293 7 0 5 2 2 10 3 0 3 0 0 3 196 2 2 0 749 553 551 0 551 0 0 0 1875726106 3666944 0 3464515 851357 2488399 16465088 2131217 1825318568 5563888818 5563888818 0 207529957 1228505909 0.728698 262 3016 4035153 4592506 784 821 64 112000 175000 24 32000 38377 12 16000 25000 8 16000 25000 2049
1787061948040722 7 0 6 1 2 10 3 0 3 0 0 3 196 1 1 0 749 553 552 0 552 0 0 0 1879749106 3667572 0 3464733 853007 2493997 16471097 2131276 1829236752 5572864678 5572864678 0 207529957 1228505909 0.727142 262 3016 4035153 4592506 784 819 64 112000 175000 12 16000 20263 12 16000 25000 8 16000 25000 2052
1787061948987277 7 0 6 1 2 10 3 0 3 0 0 3 195 1 1 0 749 554 553 0 553 0 0 0 1880691480 3667954 0 3464937 853517 2495342 16472515 2131436 1830145201 5582022502 5582022502 0 208174647 1228505909 0.727104 262 3016 4035153 4592125 803 819 64 112000 175000 12 16000 20174 12 16000 25000 8 16000 25000 2056
1787061953002161 7 0 5 2 2 10 3 0 3 0 0 3 194 2 2 0 749 555 553 0 553 0 0 0 1884690867 3668277 0 3464937 855060 2501201 16478486 2131591 1834029541 5582022502 5582022502 0 208819337 1228505909 0.725890 262 3016 4035153 4591572 757 816 64 112000 175000 24 32000 38378 12 16000 25000 8 16000 25000 2057
1787061958073382 7 0 5 2 2 10 3 0 3 0 0 3 194 3 2 1 749 555 553 0 553 0 0 0 1889743179 3668657 0 3464937 856990 2508248 16486004 2131683 1838948886 5591097447 5582022502 0 208819337 1228505909 0.723952 262 3016 4035153 4591572 757 814 64 112000 175000 24 32000 38383 12 16000 25000 8 16000 25000 2061
1787061958073742 7 0 6 1 2 10 3 0 3 0 0 3 194 1 1 0 749 555 554 0 554 0 0 0 1889743179 3668978 0 3465159 857111 2508259 16486004 2131683 1838948886 5591097447 5591097447 0 208819337 1228505909 0.723952 262 3016 4035153 4591572 757 810 64 112000 175000 12 16000 20178 12 16000 25000 8 16000 25000 2061
1787061963001950 7 0 5 2 2 10 3 0 3 0 0 3 193 2 2 0 749 556 554 0 554 0 0 0 1894651121 3669368 0 3465159 859656 2516110 16493365 2131834 1843717175 5591097447 5591097447 0 209464027 1228505909 0.722404 262 3016 4035153 4591668 810 810 64 112000 175000 24 32000 38365 12 16000 25000 8 16000 25000 2061
1787061967164333 7 0 6 1 2 10 3 0 3 0 0 3 193 1 1 0 749 556 555 0 555 0 0 0 1898797527 3670020 0 3465368 861330 2521887 16499598 2131898 1847754202 5600173683 5600173683 0 209464027 1228505909 0.720830 262 3016 4035153 4591668 810 810 64 112000 175000 12 16000 20175 12 16000 25000 8 16000 25000 2065
1787061972001752 7 0 5 2 2 10 3 0 3 0 0 3 192 2 2 0 749 557 555 0 555 0 0 0 1903616255 3670408 0 3465368 863260 2528922 16506837 2132053 1852435576 5600173683 5600173683 0 210108717 1228505909 0.719331 262 3016 4035153 4591103 647 802 64 112000 175000 24 32000 38374 12 16000 25000 8 16000 25000 2065
1787061976327388 7 0 6 1 2 10 3 0 3 0 0 3 192 1 1 0 749 557 556 0 556 0 0 0 1907925361 3671088 0 3465598 864972 2534927 16513381 2132116 1856630047 5609324440 5609324440 0 210108717 1228505909 0.717709 262 3016 4035153 4591103 647 788 64 112000 175000 12 16000 20179 12 16000 25000 8 16000 25000 2069
1787061978236713 7 0 6 1 2 10 3 0 3 0 0 3 191 1 1 0 749 558 557 0 557 0 0 0 1909826830 3671562 0 3465820 865873 2537650 16516167 2132283 1858470485 5639508766 5639508766 0 210753407 1228505909 0.717317 262 3016 4035153 4591183 764 786 64 112000 175000 12 16000 20272 12 16000 25000 8 16000 25000 2073
1787061983002680 7 0 5 2 2 10 3 0 3 0 0 3 190 2 2 0 749 559 557 0 557 0 0 0 1914574192 3671903 0 3465820 867836 2544842 16523281 2132463 1863081160 5639508766 5639508766 0 211398097 1228505909 0.715862 274 3154 4219970 4800405 2661 880 64 112000 175000 24 32000 38383 12 16000 25000 8 16000 25000 2074
1787061985706967 7 0 6 1 2 10 3 0 3 0 0 3 190 1 1 0 749 559 558 0 558 0 0 0 1917268008 3672450 0 3466038 868985 2548514 16527304 2132524 1865702635 5648876119 5648876119 0 211398097 1228505909 0.714858 274 3154 4219970 4800405 2661 1055 64 112000 175000 12 16000 20191 12 16000 25000 8 16000 25000 2077
1787061989857628 7 0 6 1 2 10 3 0 3 0 0 3 189 1 1 0 749 560 559 0 559 0 0 0 1921402373 3673087 0 3466253 870776 2554367 16533539 2132681 1869716574 5660485587 5660485587 0 212042787 1228505909 0.713642 274 3154 4219970 4800489 788 1030 64 112000 175000 12 16000 20277 12 16000 25000 8 16000 25000 2081
1787061994002095 7 0 5 2 2 10 3 0 3 0 0 3 188 2 2 0 749 561 559 0 559 0 0 0 1925530858 3673410 0 3466253 872463 2560259 16539795 2132860 1873723254 5660485587 5660485587 0 212687477 1228505909 0.712433 281 3235 4327779 4922041 1046 1031 64 112000 175000 24 32000 38385 12 16000 25000 8 16000 25000 2082
1787061994884595 7 0 6 1 2 10 3 0 3 0 0 3 188 1 1 0 749 561 560 0 560 0 0 0 1926409439 3673787 0 3466453 872909 2561616 16541143 2132919 1874577865 5669651891 5669651891 0 212687477 1228505909 0.712109 281 3235 4327779 4922041 1046 1033 64 112000 175000 12 16000 20196 12 16000 25000 8 16000 25000 2085
1787061998599355 7 0 6 1 2 10 3 0 3 0 0 3 187 1 1 0 749 562 561 0 561 0 0 0 1930109466 3674420 0 3466665 874535 2566820 16546788 2133079 1878166791 5678382395 5678382395 0 213332167 1228505909 0.711064 282 3246 4343180 4939643 833 1014 64 112000 175000 12 16000 20282 12 16000 25000 8 16000 25000 2090
1787062003001715 7 0 5 2 2 10 3 0 3 0 0 3 186 2 2 0 749 563 561 0 561 0 0 0 1934495188 3674793 0 3466665 876278 2573190 16552925 2133270 1882422010 5678382395 5678382395 0 213976857 1228505909 0.709772 281 3235 4327779 4921039 802 1004 64 112000 175000 24 32000 38388 12 16000 25000 8 16000 25000 2090
1787062003753444 7 0 6 1 2 10 3 0 3 0 0 3 186 1 1 0 749 563 562 0 562 0 0 0 1935243772 3675153 0 3466868 876634 2574215 16553975 2133330 1883150223 5687239519 5687239519 0 213976857 1228505909 0.709498 281 3235 4327779 4921039 802 985 64 112000 175000 12 16000 20203 12 16000 25000 8 16000 25000 2094
1787062007220948 7 0 6 1 2 10 3 0 3 0 0 3 185 1 1 0 749 564 563 0 563 0 0 0 1938696986 3675788 0 3467068 878112 2579557 16559304 2133482 1886492840 5695848803 5695848803 0 214621547 1228505909 0.708553 281 3235 4327779 4921129 776 966 64 112000 175000 12 16000 20286 12 16000 25000 8 16000 25000 2098
1787062012002283 7 0 5 2 2 10 3 0 3 0 0 3 184 2 2 0 749 565 563 0 563 0 0 0 1943459162 3676176 0 3467068 880024 2586730 16566893 2133652 1891105574 5695848803 5695848803 0 215266237 1228505909 0.707135 281 3235 4327779 4920041 721 954 64 112000 175000 24 32000 38389 12 16000 25000 8 16000 25000 2099
1787062013055061 7 0 6 1 2 10 3 0 3 0 0 3 184 1 1 0 749 565 564 0 564 0 0 0 1944507539 3676571 0 3467278 880503 2588177 16568470 2133714 1892123189 5705137043 5705137043 0 215266237 1228505909 0.706755 281 3235 4327779 4920041 721 932 64 112000 175000 12 16000 20208 12 16000 25000 8 16000 25000 2102
1787062016502620 7 0 6 1 2 10 3 0 3 0 0 3 183 1 1 0 749 566 565 0 565 0 0 0 1947941222 3677159 0 3467490 881974 2593252 16573703 2133859 1895446305 5714407044 5714407044 0 215910927 1228505909 0.705826 284 3269 4373983 4972655 711 911 64 112000 175000 12 16000 20291 12 16000 25000 8 16000 25000 2106
1787062021001696 7 0 5 2 2 10 3 0 3 0 0 3 182 2 2 0 749 567 565 0 565 0 0 0 1952422205 3677548 0 3467490 883755 2600192 16580666 2134034 1899785844 5714407044 5714407044 0 216555617 1228505909 0.704523 284 3269 4373983 4971555 818 907 64 112000 175000 24 32000 38391 12 16000 25000 8 16000 25000 2107
1787062026310627 7 0 5 2 2 10 3 0 3 0 0 3 182 3 2 1 749 567 565 0 565 0 0 0 1957710826 3677969 0 3467490 885896 2607490 16588691 2134132 1904917653 5724201197 5714407044 0 216555617 1228505909 0.702624 284 3269 4373983 4971555 818 903 64 112000 175000 24 32000 38396 12 16000 25000 8 16000 25000 2111
1787062026310972 7 0 6 1 2 10 3 0 3 0 0 3 182 1 1 0 749 567 566 0 566 0 0 0 1957710826 3678274 0 3467689 885962 2607502 16588691 2134132 1904917653 5724201197 5724201197 0 216555617 1228505909 0.702623 284 3269 4373983 4971555 818 895 64 112000 175000 12 16000 20295 12 16000 25000 8 16000 25000 2110
1787062027375869 7 0 6 1 2 10 3 0 3 0 0 3 181 1 1 0 749 568 567 0 567 0 0 0 1958770933 3678676 0 3467906 886488 2609185 16590263 2134279 1905936609 5738509803 5738509803 0 217200307 1228505909 0.702557 284 3269 4373983 4971160 707 878 64 112000 175000 12 16000 20214 12 16000 25000 8 16000 25000 2115
1787062032002000 7 0 5 2 2 10 3 0 3 0 0 3 180 2 2 0 749 569 567 0 567 0 0 0 1963378657 3679024 0 3467906 888365 2616223 16597334 2134450 1910397434 5738509803 5738509803 0 217844997 1228505909 0.701224 287 3304 4420187 5023777 1204 895 64 112000 175000 24 32000 38394 12 16000 25000 8 16000 25000 2115
1787062034969430 7 0 6 1 2 10 3 0 3 0 0 3 180 1 1 0 749 569 568 0 568 0 0 0 1966334436 3679595 0 3468134 889611 2620270 16601986 2134509 1913264621 5747155778 5747155778 0 217844997 1228505909 0.700172 287 3304 4420187 5023777 1204 926 64 112000 175000 12 16000 20302 12 16000 25000 8 16000 25000 2119
1787062039001895 7 0 5 2 2 10 3 0 3 0 0 3 179 2 2 0 749 570 568 0 568 0 0 0 1970351063 3679932 0 3468134 891254 2626183 16608137 2134670 1917151263 5747155778 5747155778 0 218489687 1228505909 0.699058 286 3292 4404786 5005152 710 916 64 112000 175000 24 32000 38395 12 16000 25000 8 16000 25000 2119
1787062044603477 7 0 5 2 2 10 3 0 3 0 0 3 179 3 2 1 749 570 568 0 568 0 0 0 1975931312 3680414 0 3468134 893384 2633925 16616898 2134762 1922563138 5756778747 5747155778 0 218489687 1228505909 0.697087 286 3292 4404786 5005152 710 906 64 112000 175000 24 32000 38400 12 16000 25000 8 16000 25000 2123
1787062044603819 7 0 6 1 2 10 3 0 3 0 0 3 179 1 1 0 749 570 569 0 569 0 0 0 1975931312 3680717 0 3468345 893493 2633937 16616898 2134762 1922563138 5756778747 5756778747 0 218489687 1228505909 0.697087 286 3292 4404786 5005152 710 888 64 112000 175000 12 16000 20306 12 16000 25000 8 16000 25000 2123
1787062046713761 7 0 6 1 2 10 3 0 3 0 0 3 178 1 1 0 749 571 570 0 570 0 0 0 1978032458 3681228 0 3468565 894464 2637032 16620148 2134900 1924590406 5776104472 5776104472 0 219134377 1228505909 0.696658 286 3292 4404786 5004750 867 886 64 112000 175000 12 16000 20219 12 16000 25000 8 16000 25000 2127
1787062051001640 7 0 5 2 2 10 3 0 3 0 0 3 177 2 2 0 749 572 570 0 570 0 0 0 1982303577 3681576 0 3468565 896193 2643286 16626647 2135082 1928721098 5776104472 5776104472 0 219779067 1228505909 0.695470 289 3327 4450990 5056623 1632 924 64 112000 175000 24 32000 38397 12 16000 25000 8 16000 25000 2128
1787062054373256 7 0 6 1 2 10 3 0 3 0 0 3 177 1 1 0 749 572 571 0 571 0 0 0 1985661854 3682166 0 3468774 897554 2648068 16631942 2135143 1931977207 5785858739 5785858739 0 219779067 1228505909 0.694295 289 3327 4450990 5056623 1632 994 64 112000 175000 12 16000 20311 12 16000 25000 8 16000 25000 2131
1787062057432220 7 0 6 1 2 10 3 0 3 0 0 3 176 1 1 0 749 573 572 0 572 0 0 0 1988708392 3682766 0 3468999 898877 2652612 16636516 2135300 1934922067 5796563481 5796563481 0 220423757 1228505909 0.693542 545 6363 8482714 9632937 656 962 64 112000 175000 12 16000 20225 12 16000 25000 8 16000 25000 2135
1787062062001815 7 0 5 2 2 10 3 0 3 0 0 3 175 2 2 0 749 574 572 0 572 0 0 0 1993260061 3683157 0 3468999 900704 2659164 16643634 2135475 1939324137 5796563481 5796563481 0 221068447 1228505909 0.692269 546 6374 8498279 9650812 800 954 64 112000 175000 24 32000 38400 12 16000 25000 8 16000 25000 2136
1787062063667321 7 0 6 1 2 10 3 0 3 0 0 3 175 1 1 0 749 574 573 0 573 0 0 0 1994918783 3683607 0 3469207 901437 2661437 16646244 2135537 1940931878 5805845205 5805845205 0 221068447 1228505909 0.691694 546 6374 8498279 9650812 800 940 64 112000 175000 12 16000 20316 12 16000 25000 8 16000 25000 2139
1787062066456967 7 0 6 1 2 10 3 0 3 0 0 3 174 1 1 0 749 575 574 0 574 0 0 0 1997696945 3684152 0 3469423 902695 2665529 16650612 2135682 1943615365 5814857961 5814857961 0 221713137 1228505909 0.691041 544 6351 8467150 9613288 773 925 64 112000 175000 12 16000 20230 12 16000 25000 8 16000 25000 2144
1787062071002494 7 0 5 2 2 10 3 0 3 0 0 3 173 2 2 0 749 576 574 0 574 0 0 0 2002224671 3684563 0 3469423 904535 2671984 16657694 2135860 1947994066 5814857961 5814857961 0 222357827 1228505909 0.689788 542 6328 8436020 9578153 773 918 64 112000 175000 24 32000 38402 12 16000 25000 8 16000 25000 2144
1787062072574714 7 0 6 1 2 10 3 0 3 0 0 3 173 1 1 0 749 576 575 0 575 0 0 0 2003790524 3685052 0 3469660 905200 2674161 16660054 2135925 1949511565 5823753390 5823753390 0 222357827 1228505909 0.689249 542 6328 8436020 9578153 773 905 64 112000 175000 12 16000 20321 12 16000 25000 8 16000 25000 2148
1787062075691214 7 0 6 1 2 10 3 0 3 0 0 3 172 1 1 0 749 577 576 0 576 0 0 0 2006894604 3685628 0 3469878 906479 2678598 16664781 2136077 1952509886 5832974923 5832974923 0 223002517 1228505909 0.688491 541 6316 8420456 9558319 763 892 64 112000 175000 12 16000 20236 12 16000 25000 8 16000 25000 2152
1787062080002271 7 0 5 2 2 10 3 0 3 0 0 3 171 2 2 0 749 578 576 0 576 0 0 0 2011188522 3685953 0 3469878 908238 2685181 16671363 2136262 1956661083 5832974923 5832974923 0 223647207 1228505909 0.687329 547 6386 8513843 9664536 746 885 64 112000 175000 24 32000 38403 12 16000 25000 8 16000 25000 2153
1787062082016288 7 0 6 1 2 10 3 0 3 0 0 3 171 1 1 0 749 578 577 0 577 0 0 0 2013194307 3686423 0 3470089 909123 2688119 16674516 2136321 1958604279 5842402193 5842402193 0 223647207 1228505909 0.686645 547 6386 8513843 9664536 746 873 64 112000 175000 12 16000 20325 12 16000 25000 8 16000 25000 2156
1787062084536109 7 0 6 1 2 10 3 0 3 0 0 3 170 1 1 0 749 579 578 0 578 0 0 0 2015703210 3686948 0 3470290 910766 2691877 16678313 2136480 1961025331 5851234917 5851234917 0 224291897 1228505909 0.686096 541 6316 8420456 9556365 674 855 64 112000 175000 12 16000 20234 12 16000 25000 8 16000 25000 2160
1787062089002595 7 0 5 2 2 10 3 0 3 0 0 3 169 2 2 0 749 580 578 0 578 0 0 0 2020152006 3687349 0 3470290 912559 2698513 16685176 2136655 1965324326 5851234917 5851234917 0 224936587 1228505909 0.684892 547 6386 8513843 9662552 747 850 64 112000 175000 24 32000 38398 12 16000 25000 8 16000 25000 2161
1787062091135466 7 0 6 1 2 10 3 0 3 0 0 3 169 1 1 0 749 580 579 0 579 0 0 0 2022276096 3687818 0 3470502 913479 2701672 16688542 2136714 1967381586 5860342518 5860342518 0 224936587 1228505909 0.684173 547 6386 8513843 9662552 747 841 64 112000 175000 12 16000 20331 12 16000 25000 8 16000 25000 2164
1787062093593441 7 0 6 1 2 10 3 0 3 0 0 3 168 1 1 0 749 581 580 0 580 0 0 0 2024723726 3688345 0 3470721 914589 2705458 16692268 2136881 1969742171 5869387944 5869387944 0 225581277 1228505909 0.683651 548 6398 8529408 9678027 809 839 64 112000 175000 12 16000 20245 12 16000 25000 8 16000 25000 2169
1787062098002134 7 0 5 2 2 10 3 0 3 0 0 3 167 2 2 0 749 582 580 0 580 0 0 0 2029115433 3688672 0 3470721 916363 2711887 16698760 2137064 1973985466 5869387944 5869387944 0 226225967 1228505909 0.682476 548 6398 8529408 9678228 782 837 64 112000 175000 24 32000 38406 12 16000 25000 8 16000 25000 2169
1787062099993064 7 0 6 1 2 10 3 0 3 0 0 3 167 1 1 0 749 582 581 0 581 0 0 0 2031098522 3689123 0 3470913 917189 2714665 16701741 2137125 1975905506 5878233667 5878233667 0 226225967 1228505909 0.681811 548 6398 8529408 9678228 782 833 64 112000 175000 12 16000 20336 12 16000 25000 8 16000 25000 2173
1787062102709378 7 0 6 1 2 10 3 0 3 0 0 3 166 1 1 0 749 583 582 0 582 0 0 0 2033803446 3689681 0 3471127 918367 2718803 16705932 2137279 1978514799 5887337303 5887337303 0 226874046 1228505909 0.681209 548 6398 8529408 9677457 767 827 64 112000 175000 12 16000 20250 12 16000 25000 8 16000 25000 2177
1787062103666625 7 0 6 1 2 10 3 0 3 0 0 3 165 1 1 0 749 584 583 0 583 0 0 0 2034083551 4365268 0 4146542 918797 2719238 16706311 2137461 1978787785 5887545071 5887545071 0 226874046 1398395702 0.760371 547 6386 8513843 9658575 763 821 64 112000 175000 12 16000 20325 12 16000 25000 8 16000 25000 2252
1787062108002541 7 0 5 2 2 10 3 0 3 0 0 3 164 2 2 0 749 585 583 0 583 0 0 0 2038402826 4365592 0 4146542 920546 2725531 16712653 2137601 1982985822 5887545071 5887545071 0 227522125 1398395702 0.759066 299 3442 4588729 5205822 1 780 64 112000 175000 24 32000 38427 12 16000 25000 8 16000 25000 2252
1787062108827614 7 0 6 1 2 10 3 0 3 0 0 3 164 1 1 0 749 585 584 0 584 0 0 0 2039224383 4365963 0 4146746 920942 2726647 16713850 2137677 1983785922 5896367168 5896367168 0 227522125 1398395702 0.758761 299 3442 4588729 5205822 1 705 64 112000 175000 12 16000 20360 12 16000 25000 8 16000 25000 2256
1787062113001608 7 0 5 2 2 10 3 0 3 0 0 3 163 2 2 0 749 586 584 0 584 0 0 0 2043382249 4366301 0 4146746 922636 2732631 16720144 2137824 1987823579 5896367168 5896367168 0 228170204 1398395702 0.757522 302 3477 4634770 5256848 728 707 64 112000 175000 24 32000 38428 12 16000 25000 8 16000 25000 2256
1787062117816018 7 0 6 1 2 10 3 0 3 0 0 3 163 1 1 0 749 586 585 0 585 0 0 0 2048178099 4366944 0 4146946 924627 2739460 16727328 2137888 1992491431 5910489744 5910489744 0 228170204 1398395702 0.755752 302 3477 4634770 5256848 728 710 64 112000 175000 12 16000 20330 12 16000 25000 8 16000 25000 2260
1787062117896344 7 0 6 1 2 10 3 0 3 0 0 3 162 1 1 0 749 587 586 0 586 0 0 0 2048257514 4367237 0 4147144 924766 2739584 16727442 2138079 1992558856 5919545638 5919545638 0 228818283 1398395702 0.756023 303 3488 4650117 5274037 534 694 64 112000 175000 12 16000 20366 12 16000 25000 8 16000 25000 2264
1787062122000848 7 0 5 2 2 10 3 0 3 0 0 3 161 2 2 0 749 588 586 0 586 0 0 0 2052346046 4367538 0 4147144 926514 2745591 16733605 2138196 1996527487 5919545638 5919545638 0 229466362 1398395702 0.754821 308 3546 4726851 5359837 722 696 64 112000 175000 24 32000 38432 12 16000 25000 8 16000 25000 2265
1787062127024564 7 0 5 2 2 10 3 0 3 0 0 3 161 3 2 1 749 588 586 0 586 0 0 0 2057350277 4367961 0 4147144 928493 2753160 16741111 2138289 2001395230 5928660057 5919545638 0 229466362 1398395702 0.752989 308 3546 4726851 5359837 722 698 64 112000 175000 24 32000 38437 12 16000 25000 8 16000 25000 2269
1787062127024892 7 0 6 1 2 10 3 0 3 0 0 3 161 1 1 0 749 588 587 0 587 0 0 0 2057350277 4368251 0 4147337 928555 2753172 16741111 2138289 2001395230 5928660057 5928660057 0 229466362 1398395702 0.752988 308 3546 4726851 5359837 722 702 64 112000 175000 12 16000 20370 12 16000 25000 8 16000 25000 2268
1787062127154384 7 0 6 1 2 10 3 0 3 0 0 3 160 1 1 0 749 589 588 0 588 0 0 0 2057478693 4368545 0 4147532 928735 2753384 16741302 2138424 2001510584 5937984476 5937984476 0 230114441 1398395702 0.753241 363 4238 5649955 6405648 658 698 64 112000 175000 12 16000 20337 12 16000 25000 8 16000 25000 2272
1787062132001704 7 0 5 2 2 10 3 0 3 0 0 3 159 2 2 0 749 590 588 0 588 0 0 0 2062306632 4368920 0 4147532 930723 2760749 16748845 2138604 2006197330 5937984476 5937984476 0 230762520 1398395702 0.751780 362 4226 5634390 6387747 686 698 64 112000 175000 24 32000 38434 12 16000 25000 8 16000 25000 2273
1787062135980880 7 0 6 1 2 10 3 0 3 0 0 3 159 1 1 0 749 590 589 0 589 0 0 0 2066269846 4369547 0 4147743 932377 2766503 16755182 2138665 2010052319 5946928903 5946928903 0 230762520 1398395702 0.750341 362 4226 5634390 6387747 686 698 64 112000 175000 12 16000 20375 12 16000 25000 8 16000 25000 2277
1787062136183826 7 0 6 1 2 10 3 0 3 0 0 3 158 1 1 0 749 591 590 0 590 0 0 0 2066471438 4369852 0 4147950 932570 2766782 16755497 2138828 2010239044 5955947024 5955947024 0 231410599 1398395702 0.750567 364 4250 5665519 6421746 794 708 64 112000 175000 12 16000 20342 12 16000 25000 8 16000 25000 2281
1787062141000851 7 0 5 2 2 10 3 0 3 0 0 3 157 2 2 0 749 592 590 0 590 0 0 0 2071269277 4370244 0 4147950 934485 2774022 16763183 2138931 2014876441 5955947024 5955947024 0 232058678 1398395702 0.749129 364 4250 5665519 6421490 820 714 64 112000 175000 24 32000 38436 12 16000 25000 8 16000 25000 2281
1787062144744805 7 0 6 1 2 10 3 0 3 0 0 3 157 1 1 0 749 592 591 0 591 0 0 0 2074998252 4370833 0 4148150 936077 2779378 16769205 2138992 2018501846 5964699050 5964699050 0 232058678 1398395702 0.747786 364 4250 5665519 6421490 820 725 64 112000 175000 12 16000 20380 12 16000 25000 8 16000 25000 2285
1787062145559013 7 0 6 1 2 10 3 0 3 0 0 3 156 1 1 0 749 593 592 0 592 0 0 0 2075808850 4371190 0 4148357 936529 2780573 16770347 2139148 2019242498 5974043641 5974043641 0 232706757 1398395702 0.747791 363 4238 5649955 6402559 757 729 64 112000 175000 12 16000 20347 12 16000 25000 8 16000 25000 2289
1787062150001269 6 0 4 2 2 10 4 0 3 0 0 4 155 2 2 0 749 594 592 0 592 0 0 0 2080230688 4371612 0 4148357 939392 2788221 16777614 2139291 2023513506 5974043641 5974043641 0 233354838 1398395702 0.746501 376 4451 5934148 6724020 308 708 56 96000 150000 24 32000 38180 12 16000 25000 8 16000 25000 2033
1787062154410759 6 0 5 1 2 10 4 0 3 0 0 4 155 1 1 0 749 594 593 0 593 0 0 0 2084620415 4372273 0 4148569 941440 2795977 16784929 2139353 2027756039 5982883262 5982883262 0 233354838 1398395702 0.744933 376 4451 5934148 6724020 308 669 56 96000 150000 12 16000 20094 12 16000 25000 8 16000 25000 2036
1787062154491911 6 0 5 1 2 10 4 0 3 0 0 4 154 1 1 0 749 595 594 0 594 0 0 0 2084700662 4372558 0 4148768 941583 2796116 16785053 2139511 2027824259 5992577667 5992577667 0 234002919 1398395702 0.745200 376 4451 5934148 6722996 748 677 56 96000 150000 12 16000 20128 12 16000 25000 8 16000 25000 2040
1787062159001003 6 0 4 2 2 10 4 0 3 0 0 4 153 2 2 0 749 596 594 0 594 0 0 0 2089189616 4372955 0 4148768 943652 2804029 16792495 2139611 2032152503 5992577667 5992577667 0 234651000 1398395702 0.743897 363 4297 5728978 6489335 185 653 56 96000 150000 24 32000 38180 12 16000 25000 8 16000 25000 2041
1787062163396974 6 0 5 1 2 10 4 0 3 0 0 4 153 1 1 0 749 596 595 0 595 0 0 0 2093566000 4373629 0 4148963 945651 2811616 16799841 2139673 2036379951 6001551846 6001551846 0 234651000 1398395702 0.742345 363 4297 5728978 6489335 185 608 56 96000 150000 12 16000 20099 12 16000 25000 8 16000 25000 2044
1787062164660589 6 0 5 1 2 10 4 0 3 0 0 4 152 1 1 0 749 597 596 0 596 0 0 0 2094823076 4374045 0 4149150 946389 2814061 16801981 2139832 2037584378 6011709657 6011709657 0 235299081 1398395702 0.742195 346 4096 5460678 6185135 766 624 56 96000 150000 12 16000 20133 12 16000 25000 8 16000 25000 2049
1787062169001112 6 0 4 2 2 10 4 0 3 0 0 4 151 2 2 0 749 598 596 0 596 0 0 0 2099143717 4374486 0 4149150 948436 2821840 16809350 2140008 2041748055 6011709657 6011709657 0 235947162 1398395702 0.740964 348 4120 5492243 6219716 958 641 56 96000 150000 24 32000 38182 12 16000 25000 8 16000 25000 2049
1787062172486909 6 0 5 1 2 10 4 0 3 0 0 4 151 1 1 0 749 598 597 0 597 0 0 0 2102613721 4375099 0 4149365 950096 2827812 16815284 2140069 2045098775 6020787030 6020787030 0 235947162 1398395702 0.739743 348 4120 5492243 6219716 958 673 56 96000 150000 12 16000 20104 12 16000 25000 8 16000 25000 2053
1787062174995495 6 0 5 1 2 10 4 0 3 0 0 4 150 1 1 0 749 599 598 0 598 0 0 0 2105110550 4375661 0 4149572 951346 2832220 16819474 2140224 2047499157 6031110069 6031110069 0 236595243 1398395702 0.739160 348 4120 5492243 6219423 742 681 56 96000 150000 12 16000 20138 12 16000 25000 8 16000 25000 2057
1787062179000580 6 0 4 2 2 10 4 0 3 0 0 4 149 2 2 0 749 600 598 0 598 0 0 0 2109097585 4376031 0 4149572 953167 2839427 16826029 2140405 2051338399 6031110069 6031110069 0 237243324 1398395702 0.738058 349 4132 5508025 6236119 896 692 56 96000 150000 24 32000 38185 12 16000 25000 8 16000 25000 2057
1787062181331888 6 0 5 1 2 10 4 0 3 0 0 4 149 1 1 0 749 600 599 0 599 0 0 0 2111418438 4376571 0 4149783 954255 2843323 16829850 2140462 2053578699 6039941570 6039941570 0 237243324 1398395702 0.737249 349 4132 5508025 6236119 896 713 56 96000 150000 12 16000 20110 12 16000 25000 8 16000 25000 2061
1787062184655905 6 0 5 1 2 10 4 0 3 0 0 4 148 1 1 0 749 601 600 0 600 0 0 0 2114726983 4377185 0 4149999 955899 2849158 16835476 2140618 2056763558 6049590194 6049590194 0 237891405 1398395702 0.736389 347 4108 5476461 6200090 671 709 56 96000 150000 12 16000 20144 12 16000 25000 8 16000 25000 2065
1787062189000712 6 0 4 2 2 10 4 0 3 0 0 4 147 2 2 0 749 602 600 0 600 0 0 0 2119052250 4377583 0 4149999 957961 2856938 16842500 2140796 2060929449 6049590194 6049590194 0 238539486 1398395702 0.735180 347 4108 5476461 6198922 843 716 56 96000 150000 24 32000 38188 12 16000 25000 8 16000 25000 2066
1787062190695663 6 0 5 1 2 10 4 0 3 0 0 4 147 1 1 0 749 602 601 0 601 0 0 0 2120739464 4378069 0 4150217 958787 2859762 16845264 2140857 2062559113 6058941981 6058941981 0 238539486 1398395702 0.734596 347 4108 5476461 6198922 843 729 56 96000 150000 12 16000 20115 12 16000 25000 8 16000 25000 2069
1787062193653596 6 0 5 1 2 10 4 0 3 0 0 4 146 1 1 0 749 603 602 0 602 0 0 0 2123683538 4378699 0 4150419 960224 2864969 16850251 2141012 2065391486 6067927730 6067927730 0 239187567 1398395702 0.733870 347 4108 5476461 6198630 802 737 56 96000 150000 12 16000 20149 12 16000 25000 8 16000 25000 2073
1787062198000836 6 0 4 2 2 10 4 0 3 0 0 4 145 2 2 0 749 604 602 0 602 0 0 0 2128011451 4379064 0 4150419 962241 2872539 16857381 2141192 2069557739 6067927730 6067927730 0 239835648 1398395702 0.732670 347 4108 5476461 6197467 775 739 56 96000 150000 24 32000 38190 12 16000 25000 8 16000 25000 2074
1787062199898056 6 0 5 1 2 10 4 0 3 0 0 4 145 1 1 0 749 604 603 0 603 0 0 0 2129899815 4379528 0 4150630 963172 2875975 16860467 2141253 2071379465 6077118632 6077118632 0 239835648 1398395702 0.732022 347 4108 5476461 6197467 775 743 56 96000 150000 12 16000 20120 12 16000 25000 8 16000 25000 2078
1787062203770614 6 0 5 1 2 10 4 0 3 0 0 4 144 1 1 0 749 605 604 0 604 0 0 0 2133753892 4380211 0 4150844 965546 2882588 16867121 2141411 2075086706 6087221372 6087221372 0 240483729 1398395702 0.730991 348 4120 5492243 6214400 822 751 56 96000 150000 12 16000 20147 12 16000 25000 8 16000 25000 2082
1787062208001237 6 0 4 2 2 10 4 0 3 0 0 4 143 2 2 0 749 606 604 0 604 0 0 0 2137965063 4380636 0 4150844 967541 2889925 16874605 2141588 2079139539 6087221372 6087221372 0 241131810 1398395702 0.729843 348 4120 5492243 6213255 725 750 56 96000 150000 24 32000 38185 12 16000 25000 8 16000 25000 2082
1787062208964719 6 0 5 1 2 10 4 0 3 0 0 4 143 1 1 0 749 606 605 0 605 0 0 0 2138923826 4381056 0 4151074 968045 2891521 16876310 2141647 2080063976 6096276341 6096276341 0 241131810 1398395702 0.729516 348 4120 5492243 6213255 725 748 56 96000 150000 12 16000 20125 12 16000 25000 8 16000 25000 2086
1787062213000595 7 0 5 2 2 11 4 0 3 0 0 4 142 2 2 0 749 607 605 0 605 0 0 0 2142941172 4381440 0 4151074 970127 2898876 16882957 2141792 2083932586 6096276341 6096276341 0 241779891 1398395702 0.728439 348 4120 5492243 6212349 796 751 64 112000 175000 24 32000 38193 12 16000 25000 8 16000 25000 2087
1787062214569435 7 0 6 1 2 11 4 0 3 0 0 4 142 1 1 0 749 607 606 0 606 0 0 0 2144501541 4382643 0 4152000 970861 2901643 16885932 2141861 2085442748 6107063184 6107063184 0 241779891 1398395702 0.727910 348 4120 5492243 6212349 796 757 64 112000 175000 12 16000 20160 12 16000 25000 8 16000 25000 2090
1787062218080322 7 0 6 1 2 11 4 0 3 0 0 4 141 1 1 0 749 608 607 0 607 0 0 0 2147996686 4383358 0 4152261 972457 2907482 16891855 2142047 2088801891 6116167497 6116167497 0 242427972 1398395702 0.727014 334 3954 5271291 5961900 928 775 64 112000 175000 12 16000 20130 12 16000 25000 8 16000 25000 2094
1787062223000866 7 0 5 2 2 11 4 0 3 0 0 4 140 2 2 0 749 609 607 0 607 0 0 0 2152897502 4383787 0 4152261 974561 2914813 16899532 2142227 2093543982 6116167497 6116167497 0 243076053 1398395702 0.725649 335 3966 5287073 5978879 829 778 64 112000 175000 24 32000 38194 12 16000 25000 8 16000 25000 2095
1787062224933295 7 0 6 1 2 11 4 0 3 0 0 4 140 1 1 0 749 609 608 0 608 0 0 0 2154821936 4384289 0 4152466 975422 2917613 16902542 2142288 2095409855 6126499552 6126499552 0 243076053 1398395702 0.725002 335 3966 5287073 5978879 829 784 64 112000 175000 12 16000 20165 12 16000 25000 8 16000 25000 2098
1787062227097225 7 0 6 1 2 11 4 0 3 0 0 4 139 1 1 0 749 610 609 0 609 0 0 0 2156976716 4384834 0 4152699 976505 2920837 16905904 2142441 2097488683 6135504447 6135504447 0 243724134 1398395702 0.724565 329 3895 5192379 5871271 329 741 64 112000 175000 12 16000 20135 12 16000 25000 8 16000 25000 2103
1787062232000915 7 0 5 2 2 11 4 0 3 0 0 4 138 2 2 0 749 611 609 0 609 0 0 0 2161861023 4385234 0 4152699 978509 2928035 16913538 2142614 2102214977 6135504447 6135504447 0 244372215 1398395702 0.723217 329 3895 5192379 5870410 773 743 64 112000 175000 24 32000 38196 12 16000 25000 8 16000 25000 2103
1787062233748012 7 0 6 1 2 11 4 0 3 0 0 4 138 1 1 0 749 611 610 0 610 0 0 0 2163601003 4385731 0 4152904 979283 2930440 16916303 2142676 2103901578 6144307063 6144307063 0 244372215 1398395702 0.722636 329 3895 5192379 5870410 773 747 64 112000 175000 12 16000 20170 12 16000 25000 8 16000 25000 2107
1787062236132108 7 0 6 1 2 11 4 0 3 0 0 4 137 1 1 0 749 612 611 0 611 0 0 0 2165974936 4386431 0 4153310 980408 2934034 16919974 2142831 2106180693 6153330106 6153330106 0 245020296 1398395702 0.722130 328 3883 5176597 5852044 748 748 64 112000 175000 12 16000 20140 12 16000 25000 8 16000 25000 2111
1787062241001043 7 0 5 2 2 11 4 0 3 0 0 4 136 2 2 0 749 613 611 0 611 0 0 0 2170824455 4386848 0 4153310 982523 2941057 16927615 2143002 2110871365 6153330106 6153330106 0 245668377 1398395702 0.720804 329 3895 5192379 5869025 784 750 64 112000 175000 24 32000 38199 12 16000 25000 8 16000 25000 2111
1787062243346862 7 0 6 1 2 11 4 0 3 0 0 4 136 1 1 0 749 613 612 0 612 0 0 0 2173160816 4387390 0 4153533 983550 2944287 16931350 2143061 2113135136 6162902017 6162902017 0 245668377 1398395702 0.720031 329 3895 5192379 5869025 784 754 64 112000 175000 12 16000 20176 12 16000 25000 8 16000 25000 2115
1787062246338159 7 0 6 1 2 11 4 0 3 0 0 4 135 1 1 0 749 614 613 0 613 0 0 0 2176139937 4387941 0 4153755 984939 2948610 16935940 2143212 2116012511 6173097549 6173097549 0 246316458 1398395702 0.719330 326 3859 5145032 5814989 360 717 64 112000 175000 12 16000 20146 12 16000 25000 8 16000 25000 2119
1787062251001058 7 0 5 2 2 11 4 0 3 0 0 4 134 2 2 0 749 615 613 0 613 0 0 0 2180784370 4388366 0 4153755 986957 2955380 16943123 2143391 2120501291 6173097549 6173097549 0 246964539 1398395702 0.718084 327 3871 5160815 5831975 1001 732 64 112000 175000 24 32000 38202 12 16000 25000 8 16000 25000 2120
1787062253827072 7 0 6 1 2 11 4 0 3 0 0 4 134 1 1 0 749 615 614 0 614 0 0 0 2183599050 4388930 0 4153952 988119 2959414 16947582 2143451 2123227126 6183566512 6183566512 0 246964539 1398395702 0.717160 327 3871 5160815 5831975 1001 759 64 112000 175000 12 16000 20181 12 16000 25000 8 16000 25000 2123
1787062255642992 7 0 6 1 2 11 4 0 3 0 0 4 133 1 1 0 749 616 615 0 615 0 0 0 2185407128 4389407 0 4154167 989033 2962142 16950420 2143606 2124969609 6192858481 6192858481 0 247612620 1398395702 0.716850 328 3883 5176597 5849288 958 779 64 112000 175000 12 16000 20151 12 16000 25000 8 16000 25000 2127
1787062260001707 7 0 5 2 2 11 4 0 3 0 0 4 132 2 2 0 749 617 615 0 615 0 0 0 2189748402 4389804 0 4154167 990858 2968706 16957130 2143783 2129162789 6192858481 6192858481 0 248260701 1398395702 0.715713 328 3883 5176597 5848992 742 778 64 112000 175000 24 32000 38204 12 16000 25000 8 16000 25000 2128
1787062264567484 7 0 6 1 2 11 4 0 3 0 0 4 132 1 1 0 749 617 616 0 616 0 0 0 2194296464 4390503 0 4154390 992788 2975057 16964094 2143841 2133568706 6203587779 6203587779 0 248260701 1398395702 0.714233 328 3883 5176597 5848992 742 776 64 112000 175000 12 16000 20186 12 16000 25000 8 16000 25000 2132
1787062265130651 7 0 6 1 2 11 4 0 3 0 0 4 131 1 1 0 749 618 617 0 617 0 0 0 2194856797 4390857 0 4154607 993140 2975890 16964947 2144007 2134101004 6213058499 6213058499 0 248908782 1398395702 0.714332 326 3859 5145032 5812254 994 798 64 112000 175000 12 16000 20156 12 16000 25000 8 16000 25000 2136
1787062270001405 7 0 5 2 2 11 4 0 3 0 0 4 130 2 2 0 749 619 617 0 617 0 0 0 2199708558 4391279 0 4154607 995199 2982762 16972403 2144158 2138789846 6213058499 6213058499 0 249556863 1398395702 0.713039 325 3847 5129250 5794132 571 787 64 112000 175000 24 32000 38206 12 16000 25000 8 16000 25000 2136
1787062273098164 7 0 6 1 2 11 4 0 3 0 0 4 130 1 1 0 749 619 618 0 618 0 0 0 2202793018 4391847 0 4154810 996552 2987091 16977235 2144219 2141774992 6221576259 6221576259 0 249556863 1398395702 0.712043 325 3847 5129250 5794132 571 767 64 112000 175000 12 16000 20191 12 16000 25000 8 16000 25000 2140
1787062274208161 7 0 6 1 2 11 4 0 3 0 0 4 129 1 1 0 749 620 619 0 619 0 0 0 2203897885 4392277 0 4155051 997186 2988764 16978955 2144376 2142825339 6230641942 6230641942 0 250204944 1398395702 0.711966 324 3836 5113468 5775813 677 759 64 112000 175000 12 16000 20162 12 16000 25000 8 16000 25000 2144
1787062279001703 7 0 5 2 2 11 4 0 3 0 0 4 128 2 2 0 749 621 619 0 619 0 0 0 2208672166 4392774 0 4155051 999261 2995745 16986397 2144558 2147436227 6230641942 6230641942 0 250853025 1398395702 0.710709 317 3753 5002992 5650183 788 761 64 112000 175000 24 32000 38207 12 16000 25000 8 16000 25000 2145
1787062281998134 7 0 6 1 2 11 4 0 3 0 0 4 128 1 1 0 749 621 620 0 620 0 0 0 2211656663 4393334 0 4155260 1000599 2999888 16991065 2144621 2150325663 6239520182 6239520182 0 250853025 1398395702 0.709752 317 3753 5002992 5650183 788 765 64 112000 175000 12 16000 20196 12 16000 25000 8 16000 25000 2148
1787062283176015 7 0 6 1 2 11 4 0 3 0 0 4 127 1 1 0 749 622 621 0 621 0 0 0 2212829364 4393751 0 4155453 1001231 3001668 16992809 2144779 2151452113 6248475415 6248475415 0 251501106 1398395702 0.709655 315 3729 4971427 5614057 415 732 64 112000 175000 12 16000 20166 12 16000 25000 8 16000 25000 2152
1787062288001198 7 0 5 2 2 11 4 0 3 0 0 4 126 2 2 0 749 623 621 0 621 0 0 0 2217635469 4394207 0 4155453 1003371 3008728 17000144 2144949 2156094096 6248475415 6248475415 0 252149187 1398395702 0.708398 314 3717 4955645 5595394 730 732 64 112000 175000 24 32000 38208 12 16000 25000 8 16000 25000 2153
1787062290632329 7 0 6 1 2 11 4 0 3 0 0 4 126 1 1 0 749 623 622 0 622 0 0 0 2220256057 4394737 0 4155660 1004570 3012434 17004204 2145011 2158630821 6257098106 6257098106 0 252149187 1398395702 0.707564 314 3717 4955645 5595394 730 732 64 112000 175000 12 16000 20201 12 16000 25000 8 16000 25000 2157
1787062292073792 7 0 6 1 2 11 4 0 3 0 0 4 125 1 1 0 749 624 623 0 623 0 0 0 2221691380 4395161 0 4155862 1005283 3014488 17006398 2145181 2160010887 6265983613 6265983613 0 252797268 1398395702 0.707385 314 3717 4955645 5594913 771 736 64 112000 175000 12 16000 20171 12 16000 25000 8 16000 25000 2161
1787062297000886 7 0 5 2 2 11 4 0 3 0 0 4 124 2 2 0 749 625 623 0 623 0 0 0 2226599043 4395602 0 4155862 1007403 3021724 17013848 2145351 2164712012 6265983613 6265983613 0 253445349 1398395702 0.706106 314 3717 4955645 5594072 745 737 64 112000 175000 24 32000 38210 12 16000 25000 8 16000 25000 2161
1787062301290179 7 0 6 1 2 11 4 0 3 0 0 4 124 1 1 0 749 625 624 0 624 0 0 0 2230871479 4396304 0 4156071 1009205 3027740 17020554 2145414 2168846373 6275148296 6275148296 0 253445349 1398395702 0.704756 314 3717 4955645 5594072 745 739 64 112000 175000 12 16000 20175 12 16000 25000 8 16000 25000 2165
1787062301449529 7 0 6 1 2 11 4 0 3 0 0 4 123 1 1 0 749 626 625 0 625 0 0 0 2231029602 4396610 0 4156273 1009387 3027988 17020791 2145582 2168989347 6285954241 6285954241 0 254093430 1398395702 0.704983 305 3611 4813604 5433457 179 685 64 112000 175000 12 16000 20208 12 16000 25000 8 16000 25000 2169
1787062306000972 7 0 5 2 2 11 4 0 3 0 0 4 122 2 2 0 749 627 625 0 625 0 0 0 2235562761 4397045 0 4156273 1011342 3034732 17027954 2145687 2173364020 6285954241 6285954241 0 254741511 1398395702 0.703832 307 3634 4845168 5468071 989 701 64 112000 175000 24 32000 38214 12 16000 25000 8 16000 25000 2170
1787062310270289 7 0 6 1 2 11 4 0 3 0 0 4 122 1 1 0 749 627 626 0 626 0 0 0 2239815113 4397772 0 4156474 1013163 3040880 17034570 2145750 2177477085 6294763404 6294763404 0 254741511 1398395702 0.702498 307 3634 4845168 5468071 989 730 64 112000 175000 12 16000 20212 12 16000 25000 8 16000 25000 2173
1787062310281978 7 0 6 1 2 11 4 0 3 0 0 4 121 1 1 0 749 628 627 0 627 0 0 0 2239826213 4398051 0 4156671 1013275 3040891 17034576 2145905 2177478248 6303739356 6303739356 0 255389592 1398395702 0.702770 307 3634 4845168 5467602 778 736 64 112000 175000 12 16000 20182 12 16000 25000 8 16000 25000 2177
1787062315001188 7 0 5 2 2 11 4 0 3 0 0 4 120 2 2 0 749 629 627 0 627 0 0 0 2244526925 4398480 0 4156671 1015217 3047697 17041908 2145998 2182015242 6303739356 6303739356 0 256037673 1398395702 0.701575 306 3623 4829386 5448977 578 729 64 112000 175000 24 32000 38216 12 16000 25000 8 16000 25000 2178
1787062319246207 7 0 6 1 2 11 4 0 3 0 0 4 120 1 1 0 749 629 628 0 628 0 0 0 2248755169 4399147 0 4156874 1017057 3053598 17048592 2146061 2186103855 6312702976 6312702976 0 256037673 1398395702 0.700259 306 3623 4829386 5448977 578 715 64 112000 175000 12 16000 20217 12 16000 25000 8 16000 25000 2181
1787062320448256 7 0 6 1 2 11 4 0 3 0 0 4 119 1 1 0 749 630 629 0 629 0 0 0 2249951888 4399566 0 4157089 1017671 3055382 17050458 2146224 2187251389 6322857437 6322857437 0 256685754 1398395702 0.700161 306 3623 4829386 5448508 749 719 64 112000 175000 12 16000 20187 12 16000 25000 8 16000 25000 2186
1787062325001350 7 0 5 2 2 11 4 0 3 0 0 4 118 2 2 0 749 631 629 0 629 0 0 0 2254486417 4399967 0 4157089 1020185 3061981 17057508 2146392 2191625247 6322857437 6322857437 0 257333835 1398395702 0.699029 307 3634 4845168 5465496 878 727 64 112000 175000 24 32000 38204 12 16000 25000 8 16000 25000 2186
1787062328601117 7 0 6 1 2 11 4 0 3 0 0 4 118 1 1 0 749 631 630 0 630 0 0 0 2258072149 4400609 0 4157304 1021714 3066812 17063156 2146455 2195091081 6332200360 6332200360 0 257333835 1398395702 0.697921 307 3634 4845168 5465496 878 743 64 112000 175000 12 16000 20215 12 16000 25000 8 16000 25000 2190
1787062331201325 7 0 6 1 2 11 4 0 3 0 0 4 117 1 1 0 749 632 631 0 631 0 0 0 2260661422 4401172 0 4157529 1022964 3070601 17067315 2146612 2197584817 6342940244 6342940244 0 257981916 1398395702 0.697396 307 3634 4845168 5465031 802 749 64 112000 175000 12 16000 20192 12 16000 25000 8 16000 25000 2194
1787062336002404 7 0 5 2 2 11 4 0 3 0 0 4 116 2 2 0 749 633 631 0 631 0 0 0 2265443412 4401571 0 4157529 1025096 3077548 17074818 2146786 2202198457 6342940244 6342940244 0 258629997 1398395702 0.696199 308 3646 4860951 5482012 836 754 64 112000 175000 24 32000 38220 12 16000 25000 8 16000 25000 2195
1787062337524134 7 0 6 1 2 11 4 0 3 0 0 4 116 1 1 0 749 633 632 0 632 0 0 0 2266958824 4402005 0 4157725 1025808 3079614 17077236 2146861 2203662890 6351852086 6351852086 0 258629997 1398395702 0.695734 308 3646 4860951 5482012 836 763 64 112000 175000 12 16000 20228 12 16000 25000 8 16000 25000 2198
1787062340633516 7 0 6 1 2 11 4 0 3 0 0 4 115 1 1 0 749 634 633 0 633 0 0 0 2270055571 4402577 0 4157934 1027219 3084018 17082082 2147018 2206646828 6361272992 6361272992 0 259278078 1398395702 0.695058 625 7500 10000000 11276499 822 769 64 112000 175000 12 16000 20197 12 16000 25000 8 16000 25000 2202
1787062345002457 7 0 5 2 2 11 4 0 3 0 0 4 114 2 2 0 749 635 633 0 633 0 0 0 2274406854 4402979 0 4157934 1029156 3090602 17088914 2147191 2210841647 6361272992 6361272992 0 259926159 1398395702 0.694002 627 7524 10032000 11312027 861 774 64 112000 175000 24 32000 38221 12 16000 25000 8 16000 25000 2203
1787062346762218 7 0 6 1 2 11 4 0 3 0 0 4 114 1 1 0 749 635 634 0 634 0 0 0 2276159288 4403459 0 4158155 1029954 3093171 17091645 2147259 2212535452 6370499241 6370499241 0 259926159 1398395702 0.693469 627 7524 10032000 11312027 861 784 64 112000 175000 12 16000 20232 12 16000 25000 8 16000 25000 2206
1787062349715251 7 0 6 1 2 11 4 0 3 0 0 4 113 1 1 0 749 636 635 0 635 0 0 0 2279100225 4404057 0 4158362 1031332 3097419 17096207 2147414 2215367586 6379569791 6379569791 0 260574240 1398395702 0.692846 633 7596 10128000 11418872 801 786 64 112000 175000 12 16000 20202 12 16000 25000 8 16000 25000 2211
1787062354002176 7 0 5 2 2 11 4 0 3 0 0 4 112 2 2 0 749 637 635 0 635 0 0 0 2283370100 4404438 0 4158362 1033148 3103647 17102921 2147586 2219481846 6379569791 6379569791 0 261222321 1398395702 0.691823 635 7620 10160000 11454377 837 789 64 112000 175000 24 32000 38223 12 16000 25000 8 16000 25000 2211
1787062355474291 7 0 6 1 2 11 4 0 3 0 0 4 112 1 1 0 749 637 636 0 636 0 0 0 2284836088 4404868 0 4158570 1033813 3105743 17105219 2147646 2220897427 6388270151 6388270151 0 261222321 1398395702 0.691380 635 7620 10160000 11454377 837 795 64 112000 175000 12 16000 20237 12 16000 25000 8 16000 25000 2215
1787062358818063 7 0 6 1 2 11 4 0 3 0 0 4 111 1 1 0 749 638 637 0 637 0 0 0 2288166235 4405506 0 4158809 1035330 3110555 17110426 2147795 2224104514 6397360974 6397360974 0 261870402 1398395702 0.690645 636 7632 10176000 11471442 765 793 64 112000 175000 12 16000 20207 12 16000 25000 8 16000 25000 2219
1787062363002242 7 0 5 2 2 11 4 0 3 0 0 4 110 2 2 0 749 639 637 0 637 0 0 0 2292333895 4405857 0 4158809 1037115 3116535 17116946 2147967 2228120533 6397360974 6397360974 0 262518483 1398395702 0.689661 638 7656 10208000 11506500 781 793 64 112000 175000 24 32000 38226 12 16000 25000 8 16000 25000 2219
1787062364753755 7 0 6 1 2 11 4 0 3 0 0 4 110 1 1 0 749 639 638 0 638 0 0 0 2294078174 4406335 0 4159038 1037892 3119047 17119680 2148026 2229805104 6406628502 6406628502 0 262518483 1398395702 0.689137 638 7656 10208000 11506500 781 793 64 112000 175000 12 16000 20243 12 16000 25000 8 16000 25000 2223
1787062368008997 7 0 6 1 2 11 4 0 3 0 0 4 109 1 1 0 749 640 639 0 639 0 0 0 2297320012 4406916 0 4159242 1039422 3123896 17124688 2148182 2232925500 6415805730 6415805730 0 263166564 1398395702 0.688435 638 7656 10208000 11505523 798 795 64 112000 175000 12 16000 20213 12 16000 25000 8 16000 25000 2227
1787062373001714 7 0 5 2 2 11 4 0 3 0 0 4 108 2 2 0 749 641 639 0 639 0 0 0 2302293299 4407335 0 4159242 1041526 3130815 17132524 2148356 2237716210 6415805730 6415805730 0 263814645 1398395702 0.687218 636 7632 10176000 11468443 686 790 64 112000 175000 24 32000 38229 12 16000 25000 8 16000 25000 2228
1787062374749423 7 0 6 1 2 11 4 0 3 0 0 4 108 1 1 0 749 641 640 0 640 0 0 0 2304033833 4407767 0 4159445 1042349 3133240 17135257 2148416 2239395741 6425785679 6425785679 0 263814645 1398395702 0.686700 636 7632 10176000 11468443 686 781 64 112000 175000 12 16000 20248 12 16000 25000 8 16000 25000 2231
1787062377084137 7 0 6 1 2 11 4 0 3 0 0 4 107 1 1 0 749 642 641 0 641 0 0 0 2306358677 4408304 0 4159645 1043433 3136779 17138901 2148575 2241630308 6434848709 6434848709 0 264462726 1398395702 0.686277 634 7608 10144000 11431409 648 769 64 112000 175000 12 16000 20218 12 16000 25000 8 16000 25000 2235
1787062382002426 7 0 5 2 2 11 4 0 3 0 0 4 106 2 2 0 749 643 641 0 641 0 0 0 2311257227 4408732 0 4159645 1045514 3143985 17146648 2148742 2246349926 6434848709 6434848709 0 265110807 1398395702 0.685092 650 7800 10400000 11718864 770 770 64 112000 175000 24 32000 38231 12 16000 25000 8 16000 25000 2236
1787062383585618 7 0 6 1 2 11 4 0 3 0 0 4 106 1 1 0 749 643 642 0 642 0 0 0 2312833960 4409198 0 4159849 1046215 3146121 17149116 2148798 2247871944 6443673484 6443673484 0 265110807 1398395702 0.684625 650 7800 10400000 11718864 770 770 64 112000 175000 12 16000 20253 12 16000 25000 8 16000 25000 2240
1787062386751026 7 0 6 1 2 11 4 0 3 0 0 4 105 1 1 0 749 644 643 0 643 0 0 0 2315986382 4409815 0 4160058 1047681 3150623 17154070 2148949 2250905387 6453328939 6453328939 0 265758888 1398395702 0.683961 651 7812 10416000 11735448 797 774 64 112000 175000 12 16000 20223 12 16000 25000 8 16000 25000 2244
1787062391001859 7 0 5 2 2 11 4 0 3 0 0 4 104 2 2 0 749 645 643 0 643 0 0 0 2320220256 4410181 0 4160058 1049559 3156883 17160629 2149128 2254982082 6453328939 6453328939 0 266406969 1398395702 0.682981 691 8292 11056000 12455896 869 779 64 112000 175000 24 32000 38233 12 16000 25000 8 16000 25000 2244
1787062395335358 7 0 6 1 2 11 4 0 3 0 0 4 104 1 1 0 749 645 644 0 644 0 0 0 2324536934 4410870 0 4160277 1051402 3162866 17167330 2149185 2259147823 6465066335 6465066335 0 266406969 1398395702 0.681715 691 8292 11056000 12455896 869 789 64 112000 175000 12 16000 20258 12 16000 25000 8 16000 25000 2248
1787062396228515 7 0 6 1 2 11 4 0 3 0 0 4 103 1 1 0 749 646 645 0 645 0 0 0 2325426006 4411264 0 4160484 1051913 3164191 17168666 2149346 2259995573 6474528998 6474528998 0 267055050 1398395702 0.681720 695 8340 11120000 12526468 976 808 64 112000 175000 12 16000 20229 12 16000 25000 8 16000 25000 2252
1787062401001714 7 0 5 2 2 11 4 0 3 0 0 4 102 2 2 0 749 647 645 0 645 0 0 0 2330180600 4411686 0 4160484 1053926 3170946 17176084 2149513 2264575293 6474528998 6474528998 0 267703131 1398395702 0.680597 690 8280 11040000 12435737 653 801 64 112000 175000 24 32000 38234 12 16000 25000 8 16000 25000 2253
1787062403864588 7 0 6 1 2 11 4 0 3 0 0 4 102 1 1 0 749 647 646 0 646 0 0 0 2333031997 4412218 0 4160685 1055131 3175057 17180549 2149572 2267327000 6483045128 6483045128 0 267703131 1398395702 0.679766 690 8280 11040000 12435737 653 787 64 112000 175000 12 16000 20263 12 16000 25000 8 16000 25000 2256
1787062405293338 7 0 6 1 2 11 4 0 3 0 0 4 101 1 1 0 749 648 647 0 647 0 0 0 2334454478 4412672 0 4160906 1055868 3177212 17182756 2149725 2268690323 6492098253 6492098253 0 268351212 1398395702 0.679617 689 8268 11024000 12416195 667 776 64 112000 175000 12 16000 20234 12 16000 25000 8 16000 25000 2260
1787062410317149 7 0 5 2 2 11 4 0 3 0 0 4 100 2 2 0 749 649 647 0 647 0 0 0 2334472814 4412682 0 4160906 1055954 3177233 22187841 2149914 2268698329 6492098253 6492098253 0 268999293 1398395702 0.679876 687 8244 10992000 12379534 797 778 64 112000 175000 24 32000 38235 12 16000 25000 8 16000 25000 2261
1787062413806079 7 0 6 1 2 11 4 0 3 0 0 4 100 1 1 0 749 649 648 0 648 0 0 0 2334478212 4412976 0 4161088 1056057 3177276 25670831 2149976 2268703047 6502026252 6502026252 0 268999293 1398395702 0.679874 687 8244 10992000 12379534 797 780 64 112000 175000 12 16000 20268 12 16000 25000 8 16000 25000 2265
1787062414393218 7 0 6 1 2 11 4 0 3 0 0 4 99 1 1 0 749 650 649 0 649 0 0 0 2334490152 4413264 0 4161276 1056196 3177289 26245394 2150142 2268705285 6511115219 6511115219 0 269647374 1398395702 0.680135 689 8268 11024000 12414044 755 778 64 112000 175000 12 16000 20239 12 16000 25000 8 16000 25000 2269
1787062419048970 7 0 5 2 2 11 4 0 3 0 0 4 98 2 2 0 749 651 649 0 649 0 0 0 2334508355 4413272 0 4161276 1056340 3177314 30882556 2150293 2268713205 6511115219 6511115219 0 270295455 1398395702 0.680394 689 8268 11024000 12413422 860 783 64 112000 175000 24 32000 38237 12 16000 25000 8 16000 25000 2269
1787062423267956 7 0 6 1 2 11 4 0 3 0 0 4 98 1 1 0 749 651 650 0 650 0 0 0 2334514736 4413599 0 4161493 1056439 3177345 35094600 2150356 2268718904 6520563651 6520563651 0 270295455 1398395702 0.680392 689 8268 11024000 12413422 860 791 64 112000 175000 12 16000 20273 12 16000 25000 8 16000 25000 2273
1787062424399401 7 0 6 1 2 11 4 0 3 0 0 4 97 1 1 0 749 652 651 0 651 0 0 0 2334529470 4413909 0 4161699 1056596 3177366 36210631 2150516 2268723324 6530556502 6530556502 0 270943536 1398395702 0.680652 687 8244 10992000 12375864 721 785 64 112000 175000 12 16000 20245 12 16000 25000 8 16000 25000 2277
1787062429422765 7 0 5 2 2 11 4 0 3 0 0 4 96 2 2 0 749 653 651 0 651 0 0 0 2334547651 4413918 0 4161699 1056683 3177396 41215434 2150703 2268731145 6530556502 6530556502 0 271591617 1398395702 0.680911 687 8244 10992000 12375243 768 785 64 112000 175000 24 32000 38241 12 16000 25000 8 16000 25000 2278
1787062432402620 7 0 6 1 2 11 4 0 3 0 0 4 96 1 1 0 749 653 652 0 652 0 0 0 2334550164 4414251 0 4161903 1056799 3177417 44192199 2150764 2268733377 6539679576 6539679576 0 271591617 1398395702 0.680910 687 8244 10992000 12375243 768 785 64 112000 175000 12 16000 20279 12 16000 25000 8 16000 25000 2281
1787062434315837 7 0 6 1 2 11 4 0 3 0 0 4 95 1 1 0 749 654 653 0 653 0 0 0 2334572070 4414564 0 4162109 1056972 3177446 46082807 2150923 2268737785 6549582677 6549582677 0 272239698 1398395702 0.681168 687 8244 10992000 12373719 812 789 64 112000 175000 12 16000 20250 12 16000 25000 8 16000 25000 2285
1787062439338981 7 0 5 2 2 11 4 0 3 0 0 4 94 2 2 0 749 655 653 0 653 0 0 0 2334590614 4414573 0 4162109 1057058 3177471 51087026 2151107 2268745456 6549582677 6549582677 0 272887779 1398395702 0.681427 688 8256 11008000 12391109 763 788 64 112000 175000 24 32000 38243 12 16000 25000 8 16000 25000 2286
1787062442221756 7 0 6 1 2 11 4 0 3 0 0 4 94 1 1 0 749 655 654 0 654 0 0 0 2334594218 4414877 0 4162306 1057148 3177494 53965683 2151168 2268748697 6559380803 6559380803 0 272887779 1398395702 0.681425 688 8256 11008000 12391109 763 786 64 112000 175000 12 16000 20284 12 16000 25000 8 16000 25000 2289
1787062443236495 7 0 6 1 2 11 4 0 3 0 0 4 93 1 1 0 749 656 655 0 655 0 0 0 2334607143 4415237 0 4162569 1057374 3177514 54966704 2151328 2268751892 6568288740 6568288740 0 273535860 1398395702 0.681686 680 8160 10880000 12245517 474 757 64 112000 175000 12 16000 20255 12 16000 25000 8 16000 25000 2294
1787062448262076 7 0 5 2 2 11 4 0 3 0 0 4 92 2 2 0 749 657 655 0 655 0 0 0 2334627027 4415248 0 4162569 1057693 3177547 59971785 2151514 2268759318 6568288740 6568288740 0 274183941 1398395702 0.681944 676 8112 10816000 12172874 720 756 64 112000 175000 24 32000 38238 12 16000 25000 8 16000 25000 2294
1787062451673224 7 0 6 1 2 11 4 0 3 0 0 4 92 1 1 0 749 657 656 0 656 0 0 0 2334630753 4415560 0 4162767 1057780 3177573 63378685 2151575 2268762575 6577729214 6577729214 0 274183941 1398395702 0.681943 676 8112 10816000 12172874 720 754 64 112000 175000 12 16000 20289 12 16000 25000 8 16000 25000 2298
1787062452620546 7 0 6 1 2 11 4 0 3 0 0 4 91 1 1 0 749 658 657 0 657 0 0 0 2334642608 4415849 0 4162955 1057928 3177595 64313504 2151737 2268764647 6587099803 6587099803 0 274832022 1398395702 0.682204 677 8124 10832000 12189379 885 768 64 112000 175000 12 16000 20260 12 16000 25000 8 16000 25000 2302
1787062457646360 7 0 5 2 2 11 4 0 3 0 0 4 90 2 2 0 749 659 657 0 657 0 0 0 2334662476 4415858 0 4162955 1058093 3177631 69318974 2151903 2268774024 6587099803 6587099803 0 275480103 1398395702 0.682462 694 8328 11104000 12494847 728 766 64 112000 175000 24 32000 38247 12 16000 25000 8 16000 25000 2303
1787062462168236 7 0 6 1 2 11 4 0 3 0 0 4 90 1 1 0 749 659 658 0 658 0 0 0 2334668452 4416178 0 4163161 1058195 3177667 73834277 2152000 2268779278 6597582518 6597582518 0 275480103 1398395702 0.682460 694 8328 11104000 12494847 728 764 64 112000 175000 12 16000 20295 12 16000 25000 8 16000 25000 2306
1787062467190998 7 0 5 2 2 11 4 0 3 0 0 4 89 2 2 0 749 660 658 0 658 0 0 0 2334685820 4416186 0 4163161 1058279 3177693 78839352 2152130 2268786402 6597582518 6597582518 0 276128184 1398395702 0.682719 696 8352 11136000 12529321 876 770 64 112000 175000 24 32000 38248 12 16000 25000 8 16000 25000 2307
1787062467260503 7 0 6 1 2 11 4 0 3 0 0 4 89 1 1 0 749 660 659 0 659 0 0 0 2334686874 4416483 0 4163357 1058349 3177707 78907328 2152194 2268787408 6612209155 6612209155 0 276128184 1398395702 0.682719 696 8352 11136000 12529321 876 781 64 112000 175000 12 16000 20265 12 16000 25000 8 16000 25000 2310
1787062470978565 7 0 6 1 2 11 4 0 3 0 0 4 88 1 1 0 749 661 660 0 660 0 0 0 2334703103 4416800 0 4163564 1058528 3177768 82608447 2152320 2268793464 6621007370 6621007370 0 276776265 1398395702 0.682978 704 8448 11264000 12672712 1126 816 64 112000 175000 12 16000 20300 12 16000 25000 8 16000 25000 2314
1787062476002961 7 0 5 2 2 11 4 0 3 0 0 4 87 2 2 0 749 662 660 0 660 0 0 0 2334722047 4416807 0 4163564 1058613 3177795 87613523 2152497 2268800430 6621007370 6621007370 0 277424346 1398395702 0.683237 703 8436 11248000 12653150 746 813 64 112000 175000 24 32000 38249 12 16000 25000 8 16000 25000 2315
1787062477117575 7 0 6 1 2 11 4 0 3 0 0 4 87 1 1 0 749 662 661 0 661 0 0 0 2334724179 4417121 0 4163767 1058691 3177815 88725496 2152560 2268802392 6630851240 6630851240 0 277424346 1398395702 0.683236 703 8436 11248000 12653150 746 807 64 112000 175000 12 16000 20270 12 16000 25000 8 16000 25000 2319
1787062480012981 7 0 6 1 2 11 4 0 3 0 0 4 86 1 1 0 749 663 662 0 662 0 0 0 2334739066 4417451 0 4163987 1058856 3177846 91605318 2152703 2268807337 6639871551 6639871551 0 278072427 1398395702 0.683496 718 8616 11488000 12922484 763 803 64 112000 175000 12 16000 20305 12 16000 25000 8 16000 25000 2323
1787062485036794 7 0 5 2 2 11 4 0 3 0 0 4 85 2 2 0 749 664 662 0 662 0 0 0 2334757421 4417459 0 4163987 1058942 3177871 96610406 2152878 2268814141 6639871551 6639871551 0 278715338 1398395702 0.683753 713 8556 11408000 12830912 656 796 64 112000 175000 24 32000 38251 12 16000 25000 8 16000 25000 2323
1787062489040581 7 0 6 1 2 11 4 0 3 0 0 4 85 1 1 0 749 664 663 0 663 0 0 0 2334760856 4417847 0 4164235 1059036 3177900 100610142 2152944 2268817126 6648886653 6648886653 0 278715338 1398395702 0.683752 713 8556 11408000 12830912 656 783 64 112000 175000 12 16000 20309 12 16000 25000 8 16000 25000 2327
1787062494065528 7 0 5 2 2 11 4 0 3 0 0 4 84 2 2 0 749 665 663 0 663 0 0 0 2334780315 4417857 0 4164235 1059140 3177930 105615243 2153107 2268824023 6648886653 6648886653 0 279358249 1398395702 0.684008 709 8508 11344000 12757801 745 782 64 112000 175000 24 32000 38253 12 16000 25000 8 16000 25000 2327
1787062498149010 7 0 6 1 2 11 4 0 3 0 0 4 84 1 1 0 749 665 664 0 664 0 0 0 2334785697 4418184 0 4164439 1059227 3177961 109692795 2153172 2268828821 6657980911 6657980911 0 279358249 1398395702 0.684007 709 8508 11344000 12757801 745 780 64 112000 175000 12 16000 20313 12 16000 25000 8 16000 25000 2331
1787062501793767 7 0 6 1 2 11 4 0 3 0 0 4 83 1 1 0 749 666 665 0 665 0 0 0 2334801299 4418500 0 4164645 1059402 3177988 113321213 2153360 2268833549 6682646223 6682646223 0 280001160 1398395702 0.684264 708 8496 11328000 12738192 661 770 64 112000 175000 12 16000 20278 12 16000 25000 8 16000 25000 2335
1787062503746027 7 0 6 1 2 11 4 0 3 0 0 4 82 1 1 0 749 667 666 0 666 0 0 0 2334847153 5795535 0 5541540 1060204 3178113 113849381 2153579 2268877018 6683063233 6683063233 0 280001160 1746887582 0.825838 729 8748 11664000 13115406 2333 924 64 112000 175000 12 16000 20444 12 16000 25000 8 16000 25000 2501
1787062507226602 7 0 6 1 2 11 4 0 3 0 0 4 81 1 1 0 749 668 667 0 667 0 0 0 2334865920 5795893 0 5541767 1060425 3178159 117310340 2153765 2268884705 6692128750 6692128750 0 280644071 1746887582 0.826093 217 2569 3424761 3850652 1 835 64 112000 175000 12 16000 20360 12 16000 25000 8 16000 25000 2505
1787062512248927 7 0 5 2 2 11 4 0 3 0 0 4 80 2 2 0 749 669 667 0 667 0 0 0 2334883127 5795905 0 5541767 1060513 3178191 122314968 2154045 2268891537 6692128750 6692128750 0 281286982 1746887582 0.826349 217 2569 3424761 3850307 776 833 64 112000 175000 24 32000 38298 12 16000 25000 8 16000 25000 2506
1787062513084911 7 0 6 1 2 11 4 0 3 0 0 4 80 1 1 0 749 669 668 0 668 0 0 0 2334884205 5796227 0 5541973 1060616 3178211 123149333 2154109 2268892515 6701416365 6701416365 0 281286982 1746887582 0.826349 217 2569 3424761 3850307 776 829 64 112000 175000 12 16000 20449 12 16000 25000 8 16000 25000 2510
1787062516953982 7 0 6 1 2 11 4 0 3 0 0 4 79 1 1 0 749 670 669 0 669 0 0 0 2334898978 5796562 0 5542182 1060800 3178243 127002891 2154261 2268897210 6711132392 6711132392 0 281929893 1746887582 0.826605 213 2522 3361632 3778479 183 767 64 112000 175000 12 16000 20365 12 16000 25000 8 16000 25000 2514
1787062521975785 7 0 5 2 2 11 4 0 3 0 0 4 78 2 2 0 749 671 669 0 669 0 0 0 2334915742 5796574 0 5542182 1060889 3178277 132007518 2154467 2268903816 6711132392 6711132392 0 282572804 1746887582 0.826861 215 2545 3393196 3813616 893 774 64 112000 175000 24 32000 38300 12 16000 25000 8 16000 25000 2514
1787062522409756 7 0 6 1 2 11 4 0 3 0 0 4 78 1 1 0 749 671 670 0 670 0 0 0 2334916690 5796889 0 5542393 1060961 3178292 132439990 2154569 2268904704 6720445106 6720445106 0 282572804 1746887582 0.826861 215 2545 3393196 3813616 893 786 64 112000 175000 12 16000 20454 12 16000 25000 8 16000 25000 2518
1787062526636747 7 0 6 1 2 11 4 0 3 0 0 4 77 1 1 0 749 672 671 0 671 0 0 0 2334934327 5797229 0 5542617 1061131 3178334 136648626 2154694 2268911109 6730114215 6730114215 0 283215715 1746887582 0.827116 215 2545 3393196 3812757 789 788 64 112000 175000 12 16000 20371 12 16000 25000 8 16000 25000 2522
1787062531533190 7 0 5 2 2 11 4 0 3 0 0 4 76 2 2 0 749 673 671 0 671 0 0 0 2334951468 5797238 0 5542617 1061288 3178370 141527472 2154881 2268917491 6730114215 6730114215 0 283858626 1746887582 0.827372 215 2545 3393196 3812418 729 786 64 112000 175000 24 32000 38307 12 16000 25000 8 16000 25000 2527
1787062531533654 7 0 6 1 2 11 4 0 3 0 0 4 76 1 1 0 749 673 672 0 672 0 0 0 2334951468 5797568 0 5542848 1061313 3178381 141527478 2154945 2268917491 6739224592 6739224592 0 283858626 1746887582 0.827372 215 2545 3393196 3812418 729 782 64 112000 175000 12 16000 20459 12 16000 25000 8 16000 25000 2526
1787062536555854 7 0 5 2 2 11 4 0 3 0 0 4 75 2 2 0 749 674 672 0 672 0 0 0 2334968244 5797577 0 5542848 1061401 3178413 146532575 2155067 2268923880 6739224592 6739224592 0 284501537 1746887582 0.827628 215 2545 3393196 3811559 688 778 64 112000 175000 24 32000 38302 12 16000 25000 8 16000 25000 2527
1787062536656430 7 0 6 1 2 11 4 0 3 0 0 4 75 1 1 0 749 674 673 0 673 0 0 0 2334969201 5797897 0 5543049 1061478 3178428 146631685 2155132 2268924751 6749230138 6749230138 0 284501537 1746887582 0.827628 215 2545 3393196 3811559 688 770 64 112000 175000 12 16000 20375 12 16000 25000 8 16000 25000 2530
1787062540843362 7 0 6 1 2 11 4 0 3 0 0 4 74 1 1 0 749 675 674 0 674 0 0 0 2334985668 5798242 0 5543275 1061657 3178466 150801409 2155276 2268930902 6758527637 6758527637 0 285144450 1746887582 0.827884 219 2593 3456326 3881986 728 766 64 112000 175000 12 16000 20464 12 16000 25000 8 16000 25000 2535
1787062545865482 7 0 5 2 2 11 4 0 3 0 0 4 73 2 2 0 749 676 674 0 674 0 0 0 2335002310 5798252 0 5543275 1061748 3178494 155806496 2155473 2268936944 6758527637 6758527637 0 285787363 1746887582 0.828140 218 2581 3440543 3863522 781 767 64 112000 175000 24 32000 38304 12 16000 25000 8 16000 25000 2535
1787062547122956 7 0 6 1 2 11 4 0 3 0 0 4 73 1 1 0 749 676 675 0 675 0 0 0 2335004192 5798589 0 5543502 1061843 3178515 157061531 2155544 2268938680 6768981847 6768981847 0 285787363 1746887582 0.828139 218 2581 3440543 3863522 781 769 64 112000 175000 12 16000 20380 12 16000 25000 8 16000 25000 2539
1787062550346541 7 0 6 1 2 11 4 0 3 0 0 4 72 1 1 0 749 677 676 0 676 0 0 0 2335019554 5798896 0 5543694 1062028 3178555 160269016 2155714 2268943798 6778470763 6778470763 0 286430276 1746887582 0.828395 219 2593 3456326 3880896 871 780 64 112000 175000 12 16000 20470 12 16000 25000 8 16000 25000 2543
1787062555367540 7 0 5 2 2 11 4 0 3 0 0 4 71 2 2 0 749 678 676 0 676 0 0 0 2335035679 5798908 0 5543694 1062121 3178587 165273490 2155894 2268949733 6778470763 6778470763 0 287073189 1746887582 0.828652 219 2593 3456326 3880018 683 776 64 112000 175000 24 32000 38308 12 16000 25000 8 16000 25000 2543
1787062555843089 7 0 6 1 2 11 4 0 3 0 0 4 71 1 1 0 749 678 677 0 677 0 0 0 2335035679 5799246 0 5543928 1062192 3178600 165748522 2155956 2268949733 6787179488 6787179488 0 287073189 1746887582 0.828651 219 2593 3456326 3880018 683 768 64 112000 175000 12 16000 20386 12 16000 25000 8 16000 25000 2547
1787062559438284 7 0 6 1 2 11 4 0 3 0 0 4 70 1 1 0 749 679 678 0 678 0 0 0 2335050685 5799578 0 5544145 1062360 3178643 169327997 2156094 2268954693 6796259196 6796259196 0 287716102 1746887582 0.828908 219 2593 3456326 3879669 787 770 64 112000 175000 12 16000 20475 12 16000 25000 8 16000 25000 2551
1787062564462873 7 0 5 2 2 11 4 0 3 0 0 4 69 2 2 0 749 680 678 0 678 0 0 0 2335069408 5799588 0 5544145 1063077 3178682 174332745 2156277 2268962090 6796259196 6796259196 0 288359015 1746887582 0.829163 219 2593 3456326 3878791 778 771 64 112000 175000 24 32000 38296 12 16000 25000 8 16000 25000 2552
1787062565194118 7 0 6 1 2 11 4 0 3 0 0 4 69 1 1 0 749 680 679 0 679 0 0 0 2335070278 5799896 0 5544351 1063146 3178717 175062602 2156342 2268962901 6805596627 6805596627 0 288359015 1746887582 0.829163 219 2593 3456326 3878791 778 773 64 112000 175000 12 16000 20384 12 16000 25000 8 16000 25000 2555
1787062568633058 7 0 6 1 2 11 4 0 3 0 0 4 68 1 1 0 749 681 680 0 680 0 0 0 2335086240 5800235 0 5544569 1063316 3178752 178484850 2156497 2268967693 6814778341 6814778341 0 289001928 1746887582 0.829419 219 2593 3456326 3878442 704 767 64 112000 175000 12 16000 20480 12 16000 25000 8 16000 25000 2559
1787062573656499 7 0 5 2 2 11 4 0 3 0 0 4 67 2 2 0 749 682 680 0 680 0 0 0 2335103524 5800239 0 5544569 1063550 3178778 183490504 2156685 2268974721 6814778341 6814778341 0 289644841 1746887582 0.829675 218 2581 3440543 3859858 724 765 64 112000 175000 24 32000 38312 12 16000 25000 8 16000 25000 2560
1787062575334541 7 0 6 1 2 11 4 0 3 0 0 4 67 1 1 0 749 682 681 0 681 0 0 0 2335104382 5800582 0 5544803 1063645 3178793 185167122 2156757 2268975505 6824906403 6824906403 0 289644841 1746887582 0.829674 218 2581 3440543 3859858 724 762 64 112000 175000 12 16000 20396 12 16000 25000 8 16000 25000 2564
1787062577929937 7 0 6 1 2 11 4 0 3 0 0 4 66 1 1 0 749 683 682 0 682 0 0 0 2335118621 5800925 0 5545033 1063805 3178819 187747550 2156920 2268979366 6834191131 6834191131 0 290287754 1746887582 0.829931 218 2581 3440543 3859511 842 770 64 112000 175000 12 16000 20485 12 16000 25000 8 16000 25000 2568
1787062582949873 7 0 5 2 2 11 4 0 3 0 0 4 65 2 2 0 749 684 682 0 682 0 0 0 2335133092 5800931 0 5545033 1063888 3178841 192752649 2157098 2268984676 6834191131 6834191131 0 290930667 1746887582 0.830188 218 2581 3440543 3858637 788 771 64 112000 175000 24 32000 38314 12 16000 25000 8 16000 25000 2568
1787062584490013 7 0 6 1 2 11 4 0 3 0 0 4 65 1 1 0 749 684 683 0 683 0 0 0 2335133936 5801271 0 5545258 1064076 3178867 194291295 2157160 2268985449 6843334784 6843334784 0 290930667 1746887582 0.830187 218 2581 3440543 3858637 788 773 64 112000 175000 12 16000 20402 12 16000 25000 8 16000 25000 2572
1787062587449103 7 0 6 1 2 11 4 0 3 0 0 4 64 1 1 0 749 685 684 0 684 0 0 0 2335147888 5801578 0 5545447 1064258 3178898 197235709 2157331 2268989229 6852841205 6852841205 0 291573580 1746887582 0.830444 218 2581 3440543 3858294 798 777 64 112000 175000 12 16000 20490 12 16000 25000 8 16000 25000 2576
1787062592469700 7 0 5 2 2 11 4 0 3 0 0 4 63 2 2 0 749 686 684 0 684 0 0 0 2335163198 5801583 0 5545447 1064343 3178920 202240627 2157510 2268994308 6852841205 6852841205 0 292214529 1746887582 0.830700 218 2581 3440543 3857423 767 777 64 112000 175000 24 32000 38314 12 16000 25000 8 16000 25000 2577
1787062594214979 7 0 5 2 2 11 4 0 3 0 0 4 62 2 2 0 749 687 685 0 685 0 0 0 2335166232 5801922 0 5545688 1064432 3178942 203982324 2157574 2268996587 6862552157 6862552157 0 292214529 1746887582 0.830699 218 2581 3440543 3857423 767 777 64 112000 175000 16 24000 29867 12 16000 25000 8 16000 25000 2667
1787062594799085 7 0 5 2 2 11 4 0 3 0 0 4 61 2 2 0 749 688 686 0 686 0 0 0 2335195248 6169366 0 5912997 1064940 3179019 204169188 2157731 2269014617 6862689077 6862689077 0 292860629 1838366699 0.868082 219 2593 3456326 3874769 710 771 64 112000 175000 24 32000 38402 12 16000 25000 8 16000 25000 2668
1787062596510057 7 0 6 1 2 11 4 0 3 0 0 4 61 1 1 0 749 688 687 0 687 0 0 0 2335196904 6169675 0 5913197 1065020 3179040 205877913 2157879 2269016122 6871738801 6871738801 0 292860629 1838366699 0.868081 179 2090 2795809 3135486 1 697 64 112000 175000 12 16000 20582 12 16000 25000 8 16000 25000 2672
1787062596545031 7 0 6 1 2 11 4 0 3 0 0 4 60 1 1 0 749 689 688 0 688 0 0 0 2335200333 6184994 0 5928393 1065079 3179062 205893836 2158069 2269019268 6871756033 6871756033 0 292860629 1842722848 0.869849 178 2078 2780190 3117378 832 711 64 112000 175000 12 16000 20582 12 16000 25000 8 16000 25000 2672
1787062601565600 7 0 5 2 2 11 4 0 3 0 0 4 59 2 2 0 749 690 688 0 688 0 0 0 2335215401 6185006 0 5928393 1065175 3179096 210898990 2158200 2269024344 6871756033 6871756033 0 293506729 1842722848 0.870106 175 2015 2695236 3021721 1 676 64 112000 175000 24 32000 38403 12 16000 25000 8 16000 25000 2672
1787062603047018 7 0 6 1 2 11 4 0 3 0 0 4 59 1 1 0 749 690 689 0 689 0 0 0 2335216895 6185335 0 5928600 1065259 3179115 212378386 2158264 2269025729 6880575133 6880575133 0 293506729 1842722848 0.870106 175 2015 2695236 3021721 1 611 64 112000 175000 12 16000 20499 12 16000 25000 8 16000 25000 2676
1787062605417211 7 0 6 1 2 11 4 0 3 0 0 4 58 1 1 0 749 691 690 0 690 0 0 0 2335229885 6185666 0 5928819 1065438 3179137 214734835 2158459 2269028475 6889436365 6889436365 0 294152829 1842722848 0.870364 174 2003 2679835 3004188 700 621 64 112000 175000 12 16000 20587 12 16000 25000 8 16000 25000 2680
1787062610438039 7 0 5 2 2 11 4 0 3 0 0 4 57 2 2 0 749 692 690 0 690 0 0 0 2335245280 6185669 0 5928819 1065524 3179159 219739905 2158644 2269033199 6889436365 6889436365 0 294798929 1842722848 0.870621 174 2003 2679835 3003501 834 632 64 112000 175000 24 32000 38405 12 16000 25000 8 16000 25000 2681
1787062612481681 7 0 6 1 2 11 4 0 3 0 0 4 57 1 1 0 749 692 691 0 691 0 0 0 2335247494 6186018 0 5929059 1065612 3179183 221780727 2158756 2269035265 6898858664 6898858664 0 294798929 1842722848 0.870620 174 2003 2679835 3003501 834 653 64 112000 175000 12 16000 20504 12 16000 25000 8 16000 25000 2684
1787062617502547 7 0 5 2 2 11 4 0 3 0 0 4 56 2 2 0 749 693 691 0 691 0 0 0 2335262909 6186024 0 5929059 1065706 3179208 226785808 2158924 2269040541 6898858664 6898858664 0 295445029 1842722848 0.870878 175 2015 2695236 3020494 785 660 64 112000 175000 24 32000 38407 12 16000 25000 8 16000 25000 2685
1787062622060153 7 0 6 1 2 11 4 0 3 0 0 4 56 1 1 0 749 693 692 0 692 0 0 0 2335266668 6186355 0 5929269 1065821 3179244 231338998 2159060 2269043989 6908423279 6908423279 0 295445029 1842722848 0.870876 175 2015 2695236 3020494 785 673 64 112000 175000 12 16000 20508 12 16000 25000 8 16000 25000 2688
1787062627082435 7 0 5 2 2 11 4 0 3 0 0 4 55 2 2 0 749 694 692 0 692 0 0 0 2335283502 6186366 0 5929269 1065909 3179273 236344102 2159190 2269048717 6908423279 6908423279 0 296091129 1842722848 0.871133 174 2003 2679835 3002848 708 675 64 112000 175000 24 32000 38408 12 16000 25000 8 16000 25000 2689
1787062632935737 7 0 5 2 2 11 4 0 3 0 0 4 55 3 2 1 749 694 692 0 692 0 0 0 2335287869 6186373 0 5929269 1065985 3179298 242192756 2159287 2269052732 6919285268 6908423279 0 296091129 1842722848 0.871131 174 2003 2679835 3002848 708 677 64 112000 175000 24 32000 38413 12 16000 25000 8 16000 25000 2693
1787062632936101 7 0 6 1 2 11 4 0 3 0 0 4 55 1 1 0 749 694 693 0 693 0 0 0 2335287869 6186694 0 5929491 1066051 3179310 242192756 2159287 2269052732 6919285268 6919285268 0 296091129 1842722848 0.871131 174 2003 2679835 3002848 708 681 64 112000 175000 12 16000 20512 12 16000 25000 8 16000 25000 2692
1787062634906038 7 0 6 1 2 11 4 0 3 0 0 4 54 1 1 0 749 695 694 0 694 0 0 0 2335300887 6187028 0 5929713 1066214 3179335 244148985 2159427 2269055907 6948761585 6948761585 0 296737229 1842722848 0.871390 174 2003 2679835 3002571 795 693 64 112000 175000 12 16000 20595 12 16000 25000 8 16000 25000 2697
1787062639925485 7 0 5 2 2 11 4 0 3 0 0 4 53 2 2 0 749 696 694 0 694 0 0 0 2335315483 6187037 0 5929713 1066298 3179361 249153447 2159623 2269060360 6948761585 6948761585 0 297383329 1842722848 0.871647 182 2095 2803046 3139913 2425 780 64 112000 175000 24 32000 38411 12 16000 25000 8 16000 25000 2697
1787062644423735 7 0 6 1 2 11 4 0 3 0 0 4 53 1 1 0 749 696 695 0 695 0 0 0 2335319118 6187371 0 5929926 1066399 3179421 253647409 2159728 2269063652 6958264982 6958264982 0 297383329 1842722848 0.871646 182 2095 2803046 3139913 2425 942 64 112000 175000 12 16000 20599 12 16000 25000 8 16000 25000 2701
1787062646834629 7 0 6 1 2 11 4 0 3 0 0 4 52 1 1 0 749 697 696 0 696 0 0 0 2335333129 6187706 0 5930144 1066578 3179455 256043551 2159887 2269067360 6972151602 6972151602 0 298029429 1842722848 0.871904 182 2095 2803046 3139319 684 918 64 112000 175000 12 16000 20519 12 16000 25000 8 16000 25000 2705
1787062651855256 7 0 5 2 2 11 4 0 3 0 0 4 51 2 2 0 749 698 696 0 696 0 0 0 2335348284 6187715 0 5930144 1066672 3179483 261048637 2160074 2269072291 6972151602 6972151602 0 298675529 1842722848 0.872161 184 2118 2833848 3173412 1198 932 64 112000 175000 24 32000 38413 12 16000 25000 8 16000 25000 2706
1787062653662938 7 0 6 1 2 11 4 0 3 0 0 4 51 1 1 0 749 698 697 0 697 0 0 0 2335349014 6188035 0 5930343 1066780 3179502 262855042 2160138 2269072949 6981379235 6981379235 0 298675529 1842722848 0.872161 184 2118 2833848 3173412 1198 959 64 112000 175000 12 16000 20604 12 16000 25000 8 16000 25000 2709
1787062655794692 7 0 6 1 2 11 4 0 3 0 0 4 50 1 1 0 749 699 698 0 698 0 0 0 2335362261 6188365 0 5930554 1066948 3179533 264972825 2160302 2269075998 6990327235 6990327235 0 299321631 1842722848 0.872419 184 2118 2833848 3172815 822 947 64 112000 175000 12 16000 20525 12 16000 25000 8 16000 25000 2713
1787062660816478 7 0 5 2 2 11 4 0 3 0 0 4 49 2 2 0 749 700 698 0 698 0 0 0 2335378578 6188374 0 5930554 1067042 3179563 269977909 2160478 2269080758 6990327235 6990327235 0 299967733 1842722848 0.872676 184 2118 2833848 3172409 765 938 64 112000 175000 24 32000 38415 12 16000 25000 8 16000 25000 2714
1787062664107579 7 0 6 1 2 11 4 0 3 0 0 4 49 1 1 0 749 700 699 0 699 0 0 0 2335381076 6188695 0 5930747 1067129 3179590 273265967 2160554 2269083084 7000759928 7000759928 0 299967733 1842722848 0.872675 184 2118 2833848 3172409 765 922 64 112000 175000 12 16000 20609 12 16000 25000 8 16000 25000 2717
1787062665161708 7 0 6 1 2 11 4 0 3 0 0 4 48 1 1 0 749 701 700 0 700 0 0 0 2335393795 6189018 0 5930965 1067302 3179615 274306669 2160709 2269085892 7010111689 7010111689 0 300613835 1842722848 0.872933 184 2118 2833848 3171812 901 920 64 112000 175000 12 16000 20530 12 16000 25000 8 16000 25000 2722
1787062670181967 7 0 5 2 2 11 4 0 3 0 0 4 47 2 2 0 749 702 700 0 700 0 0 0 2335408563 6189030 0 5930965 1067394 3179647 279311767 2160883 2269090504 7010111689 7010111689 0 301259937 1842722848 0.873191 184 2118 2833848 3171404 627 906 64 112000 175000 24 32000 38417 12 16000 25000 8 16000 25000 2722
1787062674375608 7 0 6 1 2 11 4 0 3 0 0 4 47 1 1 0 749 702 701 0 701 0 0 0 2335411733 6189377 0 5931188 1067501 3179687 283501646 2160947 2269093390 7019313610 7019313610 0 301259937 1842722848 0.873189 184 2118 2833848 3171404 627 880 64 112000 175000 12 16000 20534 12 16000 25000 8 16000 25000 2726
1787062678176910 7 0 6 1 2 11 4 0 3 0 0 4 46 1 1 0 749 703 702 0 702 0 0 0 2335424795 6189712 0 5931397 1067696 3179719 287289080 2161143 2269096707 7033371687 7033371687 0 301906039 1842722848 0.873448 184 2118 2833848 3171111 792 872 64 112000 175000 12 16000 20617 12 16000 25000 8 16000 25000 2730
1787062683117037 7 0 5 2 2 11 4 0 3 0 0 4 45 2 2 0 749 704 702 0 702 0 0 0 2335438844 6189720 0 5931397 1067858 3179750 292214725 2161330 2269100555 7033371687 7033371687 0 302552141 1842722848 0.873705 186 2141 2864651 3204859 1289 893 64 112000 175000 24 32000 38424 12 16000 25000 8 16000 25000 2735
1787062683117481 7 0 6 1 2 11 4 0 3 0 0 4 45 1 1 0 749 704 703 0 703 0 0 0 2335438844 6190025 0 5931607 1067880 3179774 292214729 2161390 2269100555 7042101767 7042101767 0 302552141 1842722848 0.873705 186 2141 2864651 3204859 1289 932 64 112000 175000 12 16000 20538 12 16000 25000 8 16000 25000 2734
1787062687220496 7 0 6 1 2 11 4 0 3 0 0 4 44 1 1 0 749 705 704 0 704 0 0 0 2335454410 6190340 0 5931809 1068488 3179815 296301056 2161520 2269105332 7051134036 7051134036 0 303198243 1842722848 0.873963 186 2141 2864651 3204563 764 916 64 112000 175000 12 16000 20615 12 16000 25000 8 16000 25000 2738
1787062692240115 7 0 5 2 2 11 4 0 3 0 0 4 43 2 2 0 749 706 704 0 704 0 0 0 2335468670 6190350 0 5931809 1068580 3179849 301305957 2161759 2269109543 7051134036 7051134036 0 303844345 1842722848 0.874220 186 2141 2864651 3203840 825 912 64 112000 175000 24 32000 38414 12 16000 25000 8 16000 25000 2739
1787062693348278 7 0 6 1 2 11 4 0 3 0 0 4 43 1 1 0 749 706 705 0 705 0 0 0 2335470857 6190666 0 5932022 1068775 3179872 302411255 2161856 2269111601 7061352372 7061352372 0 303844345 1842722848 0.874219 186 2141 2864651 3203840 825 904 64 112000 175000 12 16000 20543 12 16000 25000 8 16000 25000 2742
1787062696292272 7 0 6 1 2 11 4 0 3 0 0 4 42 1 1 0 749 707 706 0 706 0 0 0 2335482927 6191012 0 5932249 1068952 3179903 305342432 2162018 2269114073 7070412898 7070412898 0 304490447 1842722848 0.874478 186 2141 2864651 3203544 840 898 64 112000 175000 12 16000 20627 12 16000 25000 8 16000 25000 2746
1787062701311763 7 0 5 2 2 11 4 0 3 0 0 4 41 2 2 0 749 708 706 0 706 0 0 0 2335496912 6191023 0 5932249 1069055 3179929 310347517 2162206 2269118045 7070412898 7070412898 0 305136549 1842722848 0.874736 186 2141 2864651 3202821 837 895 64 112000 175000 24 32000 38424 12 16000 25000 8 16000 25000 2747
1787062702309415 7 0 6 1 2 11 4 0 3 0 0 4 41 1 1 0 749 708 707 0 707 0 0 0 2335496912 6191334 0 5932444 1069149 3179942 311344654 2162270 2269118045 7079362899 7079362899 0 305136549 1842722848 0.874736 186 2141 2864651 3202821 837 891 64 112000 175000 12 16000 20549 12 16000 25000 8 16000 25000 2751
1787062705465978 7 0 6 1 2 11 4 0 3 0 0 4 40 1 1 0 749 709 708 0 708 0 0 0 2335510162 6191686 0 5932681 1069341 3179977 314487175 2162449 2269121438 7088524867 7088524867 0 305782651 1842722848 0.874994 186 2141 2864651 3202525 829 886 64 112000 175000 12 16000 20632 12 16000 25000 8 16000 25000 2755
1787062710485299 7 0 5 2 2 11 4 0 3 0 0 4 39 2 2 0 749 710 708 0 708 0 0 0 2335523944 6191696 0 5932681 1069439 3180006 319492271 2162678 2269125254 7088524867 7088524867 0 306428753 1842722848 0.875252 184 2118 2833848 3167374 805 882 64 112000 175000 24 32000 38426 12 16000 25000 8 16000 25000 2755
1787062710935282 7 0 6 1 2 11 4 0 3 0 0 4 39 1 1 0 749 710 709 0 709 0 0 0 2335524434 6192013 0 5932897 1069512 3180021 319941266 2162741 2269125712 7097139120 7097139120 0 306428753 1842722848 0.875251 184 2118 2833848 3167374 805 876 64 112000 175000 12 16000 20555 12 16000 25000 8 16000 25000 2759
1787062714815492 7 0 6 1 2 11 4 0 3 0 0 4 38 1 1 0 749 711 710 0 710 0 0 0 2335536897 6192336 0 5933099 1069687 3180065 323808306 2162872 2269128456 7106477442 7106477442 0 307074855 1842722848 0.875510 184 2118 2833848 3167084 765 866 64 112000 175000 12 16000 20636 12 16000 25000 8 16000 25000 2763
1787062719837348 7 0 5 2 2 11 4 0 3 0 0 4 37 2 2 0 749 712 710 0 710 0 0 0 2335553264 6192346 0 5933099 1069780 3180094 328813400 2163059 2269132059 7106477442 7106477442 0 307720957 1842722848 0.875767 184 2118 2833848 3166371 867 867 64 112000 175000 24 32000 38427 12 16000 25000 8 16000 25000 2764
1787062720047370 7 0 6 1 2 11 4 0 3 0 0 4 37 1 1 0 749 712 711 0 711 0 0 0 2335553719 6192648 0 5933296 1069846 3180107 329022441 2163171 2269132493 7115576008 7115576008 0 307720957 1842722848 0.875767 184 2118 2833848 3166371 867 867 64 112000 175000 12 16000 20560 12 16000 25000 8 16000 25000 2767
1787062723860904 7 0 6 1 2 11 4 0 3 0 0 4 36 1 1 0 749 713 712 0 712 0 0 0 2335565952 6192978 0 5933508 1070042 3180140 332823036 2163287 2269135124 7124607531 7124607531 0 308367059 1842722848 0.876025 184 2118 2833848 3166078 688 851 64 112000 175000 12 16000 20641 12 16000 25000 8 16000 25000 2771
1787062728806323 7 0 6 1 2 11 4 0 3 0 0 4 35 1 1 0 749 714 713 0 713 0 0 0 2335579179 6193328 0 5933726 1070215 3180169 337754449 2163476 2269138168 7133355627 7133355627 0 309013161 1842722848 0.876283 184 2118 2833848 3165492 669 834 64 112000 175000 12 16000 20565 12 16000 25000 8 16000 25000 2776
1787062732963472 7 0 6 1 2 11 4 0 3 0 0 4 34 1 1 0 749 715 714 0 714 0 0 0 2335592772 6193656 0 5933936 1070402 3180231 341897166 2163702 2269141450 7142446393 7142446393 0 309659263 1842722848 0.876541 184 2118 2833848 3165211 828 834 64 112000 175000 12 16000 20648 12 16000 25000 8 16000 25000 2780
1787062737915337 7 0 5 2 2 11 4 0 3 0 0 4 33 2 2 0 749 716 714 0 714 0 0 0 2335606317 6193667 0 5933936 1070558 3180260 346835001 2163933 2269144650 7142446393 7142446393 0 310305365 1842722848 0.876799 178 2049 2741440 3061297 795 833 64 112000 175000 24 32000 38436 12 16000 25000 8 16000 25000 2784
1787062737915801 7 0 6 1 2 11 4 0 3 0 0 4 33 1 1 0 749 716 715 0 715 0 0 0 2335606317 6194001 0 5934174 1070580 3180272 346835005 2163996 2269144650 7151543722 7151543722 0 310305365 1842722848 0.876799 178 2049 2741440 3061297 795 831 64 112000 175000 12 16000 20569 12 16000 25000 8 16000 25000 2784
1787062741796508 7 0 6 1 2 11 4 0 3 0 0 4 32 1 1 0 749 717 716 0 716 0 0 0 2335619054 6194331 0 5934380 1070758 3180305 350702242 2164158 2269147326 7160364678 7160364678 0 310951467 1842722848 0.877057 437 5102 6825521 7621499 775 827 64 112000 175000 12 16000 20653 12 16000 25000 8 16000 25000 2788
1787062746814455 7 0 5 2 2 11 4 0 3 0 0 4 31 2 2 0 749 718 716 0 716 0 0 0 2335632140 6194339 0 5934380 1070854 3180334 355706614 2164378 2269150297 7160364678 7160364678 0 311597569 1842722848 0.877315 437 5102 6825521 7620101 757 824 64 112000 175000 24 32000 38433 12 16000 25000 8 16000 25000 2789
1787062747271573 7 0 6 1 2 11 4 0 3 0 0 4 31 1 1 0 749 718 717 0 717 0 0 0 2335632546 6194657 0 5934589 1070926 3180349 356162814 2164454 2269150666 7169706485 7169706485 0 311597569 1842722848 0.877315 437 5102 6825521 7620101 757 818 64 112000 175000 12 16000 20574 12 16000 25000 8 16000 25000 2792
1787062751252171 7 0 6 1 2 11 4 0 3 0 0 4 30 1 1 0 749 719 718 0 718 0 0 0 2335646598 6194955 0 5934776 1071102 3180383 360128678 2164591 2269153197 7179147805 7179147805 0 312243671 1842722848 0.877573 452 5277 7059807 7881750 685 806 64 112000 175000 12 16000 20658 12 16000 25000 8 16000 25000 2796
1787062756271041 7 0 5 2 2 11 4 0 3 0 0 4 29 2 2 0 749 720 718 0 718 0 0 0 2335659998 6194966 0 5934776 1071193 3180418 365133752 2164776 2269156046 7179147805 7179147805 0 312889773 1842722848 0.877831 451 5265 7044188 7862870 678 800 64 112000 175000 24 32000 38435 12 16000 25000 8 16000 25000 2797
1787062757150879 7 0 6 1 2 11 4 0 3 0 0 4 29 1 1 0 749 720 719 0 719 0 0 0 2335660436 6195311 0 5935013 1071291 3180437 366012567 2164868 2269156417 7189011672 7189011672 0 312889773 1842722848 0.877830 451 5265 7044188 7862870 678 789 64 112000 175000 12 16000 20579 12 16000 25000 8 16000 25000 2800
1787062762169217 7 0 5 2 2 11 4 0 3 0 0 4 28 2 2 0 749 721 719 0 719 0 0 0 2335673310 6195323 0 5935013 1071387 3180470 371017669 2165023 2269159152 7189011672 7189011672 0 313535875 1842722848 0.878089 450 5254 7028569 7845525 652 783 64 112000 175000 24 32000 38436 12 16000 25000 8 16000 25000 2801
1787062766284492 7 0 6 1 2 11 4 0 3 0 0 4 28 1 1 0 749 721 720 0 720 0 0 0 2335675247 6195663 0 5935242 1071476 3180507 375130442 2165085 2269160859 7198133606 7198133606 0 313535875 1842722848 0.878088 450 5254 7028569 7845525 652 771 64 112000 175000 12 16000 20584 12 16000 25000 8 16000 25000 2805
1787062771302826 7 0 5 2 2 11 4 0 3 0 0 4 27 2 2 0 749 722 720 0 720 0 0 0 2335688101 6195672 0 5935242 1071563 3180540 380135534 2165258 2269163439 7198133606 7198133606 0 314181977 1842722848 0.878346 450 5254 7028569 7844809 803 773 64 112000 175000 24 32000 38437 12 16000 25000 8 16000 25000 2805
1787062775700797 7 0 6 1 2 11 4 0 3 0 0 4 27 1 1 0 749 722 721 0 721 0 0 0 2335690056 6196015 0 5935459 1071657 3180580 384530932 2165361 2269165129 7207537951 7207537951 0 314181977 1842722848 0.878345 450 5254 7028569 7844809 803 777 64 112000 175000 12 16000 20588 12 16000 25000 8 16000 25000 2809
1787062780718980 7 0 5 2 2 11 4 0 3 0 0 4 26 2 2 0 749 723 721 0 721 0 0 0 2335702763 6196022 0 5935459 1071749 3180608 389536042 2165526 2269167619 7207537951 7207537951 0 314828079 1842722848 0.878604 451 5265 7044188 7862297 810 779 64 112000 175000 24 32000 38438 12 16000 25000 8 16000 25000 2809
1787062780895218 7 0 6 1 2 11 4 0 3 0 0 4 26 1 1 0 749 723 722 0 722 0 0 0 2335703076 6196333 0 5935671 1071818 3180622 389711477 2165590 2269167912 7237168963 7237168963 0 314828079 1842722848 0.878603 451 5265 7044188 7862297 810 783 64 112000 175000 12 16000 20664 12 16000 25000 8 16000 25000 2813
1787062784504241 7 0 6 1 2 11 4 0 3 0 0 4 25 1 1 0 749 724 723 0 723 0 0 0 2335715531 6196672 0 5935898 1071995 3180659 393307327 2165713 2269170001 7245960538 7245960538 0 315474181 1842722848 0.878862 471 5499 7356569 8209487 2534 955 64 112000 175000 12 16000 20594 12 16000 25000 8 16000 25000 2817
1787062789522008 7 0 5 2 2 11 4 0 3 0 0 4 24 2 2 0 749 725 723 0 723 0 0 0 2335728149 6196680 0 5935898 1072085 3180688 398312100 2165885 2269172264 7245960538 7245960538 0 316120283 1842722848 0.879120 471 5499 7356569 8209552 763 946 64 112000 175000 24 32000 38441 12 16000 25000 8 16000 25000 2818
1787062790438019 7 0 6 1 2 11 4 0 3 0 0 4 24 1 1 0 749 725 724 0 724 0 0 0 2335728466 6196980 0 5936096 1072161 3180704 399227309 2165945 2269172547 7255489146 7255489146 0 316120283 1842722848 0.879120 471 5499 7356569 8209552 763 929 64 112000 175000 12 16000 20669 12 16000 25000 8 16000 25000 2821
1787062793342943 7 0 6 1 2 11 4 0 3 0 0 4 23 1 1 0 749 726 725 0 725 0 0 0 2335740263 6197318 0 5936317 1072339 3180732 402119709 2166096 2269173919 7264316184 7264316184 0 316766385 1842722848 0.879378 469 5475 7325331 8173228 685 906 64 112000 175000 12 16000 20599 12 16000 25000 8 16000 25000 2825
1787062798360443 7 0 5 2 2 11 4 0 3 0 0 4 22 2 2 0 749 727 725 0 725 0 0 0 2335752198 6197328 0 5936317 1072426 3180764 407124833 2166312 2269176070 7264316184 7264316184 0 317412487 1842722848 0.879637 469 5475 7325331 8173292 780 900 64 112000 175000 24 32000 38444 12 16000 25000 8 16000 25000 2826
1787062799482054 7 0 6 1 2 11 4 0 3 0 0 4 22 1 1 0 749 727 726 0 726 0 0 0 2335752536 6197658 0 5936525 1072517 3180783 408245561 2166385 2269176351 7273348479 7273348479 0 317412487 1842722848 0.879637 469 5475 7325331 8173292 780 889 64 112000 175000 12 16000 20675 12 16000 25000 8 16000 25000 2830
1787062802285181 7 0 6 1 2 11 4 0 3 0 0 4 21 1 1 0 749 728 727 0 727 0 0 0 2335764418 6197973 0 5936731 1072685 3180826 411036076 2166551 2269177850 7282279324 7282279324 0 318058589 1842722848 0.879895 469 5475 7325331 8171828 792 881 64 112000 175000 12 16000 20604 12 16000 25000 8 16000 25000 2834
1787062807303997 7 0 5 2 2 11 4 0 3 0 0 4 20 2 2 0 749 729 727 0 727 0 0 0 2335777138 6197985 0 5936731 1073199 3180861 416041325 2166767 2269180331 7282279324 7282279324 0 318704691 1842722848 0.880154 470 5487 7340950 8189316 813 878 64 112000 175000 24 32000 38432 12 16000 25000 8 16000 25000 2834
1787062811143974 7 0 6 1 2 11 4 0 3 0 0 4 20 1 1 0 749 729 728 0 728 0 0 0 2335778381 6198317 0 5936947 1073290 3180895 419879476 2166831 2269181367 7291126267 7291126267 0 318704691 1842722848 0.880153 470 5487 7340950 8189316 813 872 64 112000 175000 12 16000 20601 12 16000 25000 8 16000 25000 2838
1787062816356295 7 0 5 2 2 11 4 0 3 0 0 4 19 2 2 0 749 730 728 0 728 0 0 0 2335930355 6198331 0 5936947 1073560 3180931 424939266 2166990 2269183884 7291126267 7291126267 0 319350793 1842722848 0.880359 470 5487 7340950 8188540 772 867 64 112000 175000 24 32000 38440 12 16000 25000 8 16000 25000 2838
1787062820256177 7 0 6 1 2 11 4 0 3 0 0 4 19 1 1 0 749 730 729 0 729 0 0 0 2335931420 6198667 0 5937163 1073696 3180960 428837444 2167085 2269184792 7300087637 7300087637 0 319350793 1842722848 0.880358 470 5487 7340950 8188540 772 859 64 112000 175000 12 16000 20605 12 16000 25000 8 16000 25000 2842
1787062825278189 7 0 5 2 2 11 4 0 3 0 0 4 18 2 2 0 749 731 729 0 729 0 0 0 2335948373 6198681 0 5937163 1073782 3180999 433842114 2167241 2269186595 7300087637 7300087637 0 319996895 1842722848 0.880615 415 4845 6481902 7230338 60 820 64 112000 175000 24 32000 38441 12 16000 25000 8 16000 25000 2843
1787062829379159 7 0 6 1 2 11 4 0 3 0 0 4 18 1 1 0 749 731 730 0 730 0 0 0 2335949743 6199005 0 5937372 1073887 3181035 437941147 2167303 2269187729 7309193992 7309193992 0 319996895 1842722848 0.880615 415 4845 6481902 7230338 60 746 64 112000 175000 12 16000 20610 12 16000 25000 8 16000 25000 2846
1787062834042049 7 0 5 2 2 11 4 0 3 0 0 4 17 2 2 0 749 732 730 0 730 0 0 0 2335961835 6199018 0 5937372 1074043 3181067 442591533 2167463 2269189433 7309193992 7309193992 0 320642997 1842722848 0.880873 412 4810 6435045 7177364 559 737 64 112000 175000 24 32000 38446 12 16000 25000 8 16000 25000 2851
1787062834044802 7 0 6 1 2 11 4 0 3 0 0 4 17 1 1 0 749 732 731 0 731 0 0 0 2335961835 6199330 0 5937586 1074070 3181078 442593839 2167524 2269189433 7343742459 7343742459 0 320642997 1842722848 0.880873 412 4810 6435045 7177364 559 721 64 112000 175000 12 16000 20682 12 16000 25000 8 16000 25000 2850
1787062838289204 7 0 6 1 2 11 4 0 3 0 0 4 16 1 1 0 749 733 732 0 732 0 0 0 2335973869 6199648 0 5937784 1074267 3181121 446825481 2167643 2269190995 7352640676 7352640676 0 321289099 1842722848 0.881131 433 5055 6763045 7542651 2475 893 64 112000 175000 12 16000 20622 12 16000 25000 8 16000 25000 2854
1787062843077065 7 0 5 2 2 11 4 0 3 0 0 4 15 2 2 0 749 734 732 0 732 0 0 0 2335995683 6199657 0 5937784 1074419 3181152 451591116 2167816 2269192442 7352640676 7352640676 0 321935201 1842722848 0.881386 433 5055 6763045 7541902 774 888 64 112000 175000 24 32000 38455 12 16000 25000 8 16000 25000 2859
1787062843077521 7 0 6 1 2 11 4 0 3 0 0 4 15 1 1 0 749 734 733 0 733 0 0 0 2335995683 6199945 0 5937977 1074442 3181163 451591119 2167919 2269192442 7361661455 7361661455 0 321935201 1842722848 0.881386 433 5055 6763045 7541902 774 878 64 112000 175000 12 16000 20688 12 16000 25000 8 16000 25000 2859
1787062847425165 7 0 6 1 2 11 4 0 3 0 0 4 14 1 1 0 749 735 734 0 734 0 0 0 2336006969 6200261 0 5938184 1074621 3181195 455926792 2168035 2269193591 7370775722 7370775722 0 322581303 1842722848 0.881645 433 5055 6763045 7541352 774 869 64 112000 175000 12 16000 20626 12 16000 25000 8 16000 25000 2863
1787062852441874 7 0 5 2 2 11 4 0 3 0 0 4 13 2 2 0 749 736 734 0 734 0 0 0 2336018129 6200272 0 5938184 1074706 3181236 460931961 2168210 2269194874 7370775722 7370775722 0 323227405 1842722848 0.881904 429 5008 6700569 7470950 427 847 64 112000 175000 24 32000 38452 12 16000 25000 8 16000 25000 2863
1787062853161213 7 0 6 1 2 11 4 0 3 0 0 4 13 1 1 0 749 736 735 0 735 0 0 0 2336018129 6200589 0 5938397 1074782 3181254 461650800 2168270 2269194874 7380848083 7380848083 0 323227405 1842722848 0.881904 429 5008 6700569 7470950 427 807 64 112000 175000 12 16000 20694 12 16000 25000 8 16000 25000 2867
1787062856055180 7 0 6 1 2 11 4 0 3 0 0 4 12 1 1 0 749 737 736 0 736 0 0 0 2336028263 6200914 0 5938610 1074955 3181277 464533942 2168397 2269195602 7389466958 7389466958 0 323873507 1842722848 0.882163 695 8227 10968703 12222164 913 818 64 112000 175000 12 16000 20631 12 16000 25000 8 16000 25000 2871
1787062861072326 7 0 5 2 2 11 4 0 3 0 0 4 11 2 2 0 749 738 736 0 736 0 0 0 2336039563 6200926 0 5938610 1075050 3181314 469539343 2168616 2269196751 7389466958 7389466958 0 324519609 1842722848 0.882422 694 8215 10952921 12204589 799 818 64 112000 175000 24 32000 38454 12 16000 25000 8 16000 25000 2872
1787062862327804 7 0 6 1 2 11 4 0 3 0 0 4 11 1 1 0 749 738 737 0 737 0 0 0 2336039932 6201257 0 5938831 1075150 3181338 470793871 2168711 2269197032 7398622537 7398622537 0 324519609 1842722848 0.882421 694 8215 10952921 12204589 799 818 64 112000 175000 12 16000 20699 12 16000 25000 8 16000 25000 2875
1787062865021412 7 0 6 1 2 11 4 0 3 0 0 4 10 1 1 0 749 739 738 0 738 0 0 0 2336050833 6201607 0 5939043 1075322 3181367 473475820 2168871 2269197634 7407577293 7407577293 0 325165711 1842722848 0.882680 713 8556 11408000 12710626 855 822 64 112000 175000 12 16000 20637 12 16000 25000 8 16000 25000 2879
1787062870038304 7 0 5 2 2 11 4 0 3 0 0 4 9 2 2 0 749 740 738 0 738 0 0 0 2336062238 6201619 0 5939043 1075415 3181401 478480900 2169059 2269198575 7407577293 7407577293 0 325811813 1842722848 0.882939 714 8568 11424000 12727185 810 822 64 112000 175000 24 32000 38457 12 16000 25000 8 16000 25000 2880
1787062874018563 7 0 6 1 2 11 4 0 3 0 0 4 9 1 1 0 749 740 739 0 739 0 0 0 2336062773 6201953 0 5939249 1075508 3181430 482460066 2169123 2269198953 7416562725 7416562725 0 325811813 1842722848 0.882939 714 8568 11424000 12727185 810 822 64 112000 175000 12 16000 20641 12 16000 25000 8 16000 25000 2884
1787062879044901 7 0 5 2 2 11 4 0 3 0 0 4 8 2 2 0 749 741 739 0 739 0 0 0 2336084198 6201961 0 5939249 1075596 3181462 487464612 2169280 2269199727 7416562725 7416562725 0 326457915 1842722848 0.883194 714 8568 11424000 12727152 793 821 64 112000 175000 24 32000 38458 12 16000 25000 8 16000 25000 2884
1787062884118435 7 0 5 2 2 11 4 0 3 0 0 4 8 3 2 1 749 741 739 0 739 0 0 0 2336085058 6201971 0 5939249 1075667 3181492 492537004 2169374 2269200344 7426640858 7416562725 0 326457915 1842722848 0.883193 714 8568 11424000 12727152 793 820 64 112000 175000 24 32000 38463 12 16000 25000 8 16000 25000 2888
1787062884118766 7 0 6 1 2 11 4 0 3 0 0 4 8 1 1 0 749 741 740 0 740 0 0 0 2336085058 6202262 0 5939442 1075736 3181504 492537004 2169374 2269200344 7426640858 7426640858 0 326457915 1842722848 0.883193 714 8568 11424000 12727152 793 818 64 112000 175000 12 16000 20646 12 16000 25000 8 16000 25000 2888
1787062886853573 7 0 6 1 2 11 4 0 3 0 0 4 7 1 1 0 749 742 741 0 741 0 0 0 2336095945 6202586 0 5939642 1075911 3181536 495260234 2169500 2269200858 7451154837 7451154837 0 327104017 1842722848 0.883452 706 8472 11296000 12583255 464 785 64 112000 175000 12 16000 20706 12 16000 25000 8 16000 25000 2892
1787062891870022 7 0 5 2 2 11 4 0 3 0 0 4 6 2 2 0 749 743 741 0 741 0 0 0 2336106817 6202595 0 5939642 1076016 3181566 500265422 2169676 2269201448 7451154837 7451154837 0 327750119 1842722848 0.883711 727 8724 11632000 12955363 2143 853 64 112000 175000 24 32000 38459 12 16000 25000 8 16000 25000 2892
1787062894957062 7 0 6 1 2 11 4 0 3 0 0 4 6 1 1 0 749 743 742 0 742 0 0 0 2336107319 6202907 0 5939844 1076150 3181597 503351381 2169740 2269201778 7461981311 7461981311 0 327750119 1842722848 0.883711 727 8724 11632000 12955363 2143 980 64 112000 175000 12 16000 20651 12 16000 25000 8 16000 25000 2896
1787062895994472 7 0 6 1 2 11 4 0 3 0 0 4 5 1 1 0 749 744 743 0 743 0 0 0 2336118210 6203188 0 5940022 1076308 3181620 504377246 2169898 2269202054 7471110634 7471110634 0 328396221 1842722848 0.883969 730 8760 11680000 13007517 939 977 64 112000 175000 12 16000 20711 12 16000 25000 8 16000 25000 2900
1787062900010869 7 0 5 2 2 11 4 0 3 0 0 4 4 2 2 0 749 745 743 0 743 0 0 0 2336128858 6203198 0 5940022 1076413 3181652 508382610 2170066 2269202528 7471110634 7471110634 0 329042323 1842722848 0.884228 703 8436 11248000 12525481 813 969 64 112000 175000 24 32000 38461 12 16000 25000 8 16000 25000 2901
1787062903996767 7 0 6 1 2 11 4 0 3 0 0 4 4 1 1 0 749 745 744 0 744 0 0 0 2336129206 6203532 0 5940233 1076514 3181682 512367591 2170131 2269202719 7480138192 7480138192 0 329042323 1842722848 0.884228 703 8436 11248000 12525481 813 955 64 112000 175000 12 16000 20656 12 16000 25000 8 16000 25000 2904
1787062905074759 7 0 6 1 2 11 4 0 3 0 0 4 3 1 1 0 749 746 745 0 745 0 0 0 2336139243 6203879 0 5940470 1076670 3181711 513434801 2170301 2269202907 7489204844 7489204844 0 329688425 1842722848 0.884487 704 8448 11264000 12543212 765 937 64 112000 175000 12 16000 20716 12 16000 25000 8 16000 25000 2908
1787062910090686 7 0 5 2 2 11 4 0 3 0 0 4 2 2 2 0 749 747 745 0 745 0 0 0 2336149364 6203891 0 5940470 1076765 3181744 518440213 2170480 2269203139 7489204844 7489204844 0 330334527 1842722848 0.884747 696 8352 11136000 12398587 682 925 64 112000 175000 24 32000 38463 12 16000 25000 8 16000 25000 2909
1787062913072974 7 0 6 1 2 11 4 0 3 0 0 4 2 1 1 0 749 747 746 0 746 0 0 0 2336149528 6204221 0 5940682 1076856 3181766 521421785 2170546 2269203208 7498269763 7498269763 0 330334527 1842722848 0.884746 696 8352 11136000 12398587 682 902 64 112000 175000 12 16000 20661 12 16000 25000 8 16000 25000 2913
1787062916808776 7 0 6 1 2 11 4 0 3 0 0 4 1 1 1 0 749 748 747 0 747 0 0 0 2336159635 6204529 0 5940875 1077070 3181802 525146734 2170704 2269203231 7509992610 7509992610 0 330980629 1842722848 0.885006 696 8352 11136000 12398502 830 896 64 112000 175000 12 16000 20723 12 16000 25000 8 16000 25000 2917
1787062922846070 7 0 6 1 2 11 4 0 3 0 0 4 1 2 1 1 749 748 747 0 747 0 0 0 2336159907 6204540 0 5940875 1077081 3181841 531183288 2170974 2269203231 7519754528 7509992610 0 330980629 1842722848 0.885005 701 8412 11216000 12485469 1084 906 64 112000 175000 12 16000 20728 12 16000 25000 8 16000 25000 2921
1787062922846432 7 0 7 0 2 11 4 0 3 0 0 4 1 0 0 0 749 748 748 0 748 0 0 0 2336159907 6204852 0 5941089 1077205 3181857 531183288 2170974 2269203231 7519754528 7519754528 0 330980629 1842722848 0.885005 701 8412 11216000 12485469 1084 924 64 112000 175000 0 0 2923 12 16000 25000 8 16000 25000 2920
1787062924122155 7 0 7 0 2 11 4 0 3 0 0 4 0 0 0 0 749 749 749 0 749 0 0 0 2336160767 7083069 0 6819174 1077683 3181950 531579181 2171121 2269203312 7520049064 7520049064 0 330980629 2104091753 0.991048 700 8400 11200000 12467572 871 920 64 112000 175000 0 0 3027 12 16000 25000 8 16000 25000 3024
1787062924152866 0 0 0 0 0 11 11 7 3 0 0 4 0 0 0 0 749 749 749 0 749 0 0 0 2336160767 7083069 0 6819174 1077683 3181950 531579181 2171121 2269203312 7520049064 7520049064 0 330980629 2104091753 0.991048 299 3540 4718910 5252503 1 875 0 0 0 0 0 0 0 0 0 0 0 0 0
