# timestamp workers_connected workers_init workers_idle workers_busy workers_able workers_joined workers_removed workers_released workers_idled_out workers_blocked workers_slow workers_lost tasks_waiting tasks_on_workers tasks_running tasks_with_results tasks_submitted tasks_dispatched tasks_done tasks_failed tasks_successful tasks_cancelled tasks_exhausted_attempts tasks_recovery time_send time_receive time_send_good time_receive_good time_status_msgs time_internal time_polling time_application time_scheduling time_execute time_execute_good time_execute_exhaustion bytes_sent bytes_received bandwidth capacity_tasks capacity_cores capacity_memory capacity_disk capacity_instantaneous capacity_weighted total_cores total_memory total_disk committed_cores committed_memory committed_disk max_cores max_memory max_disk min_cores min_memory min_disk inuse_cache
1787063729986849 0 0 0 0 0 0 0 0 0 0 0 0 0 0 0 0 0 0 0 0 0 0 0 0 0 0 0 0 0 0 0 0 0 0 0 0 0 0 1.000000 0 0 0 0 0 0 0 0 0 0 0 0 0 0 0 0 0 0 0
1787063729988140 0 0 0 0 0 0 0 0 0 0 0 0 0 0 0 0 0 0 0 0 0 0 0 0 0 0 0 0 0 0 0 0 0 0 0 0 0 0 1.000000 10 10 5120 10240 10 10 0 0 0 0 0 0 0 0 0 0 0 0 0
1787063735940061 10 0 0 10 10 10 0 0 0 0 0 0 218 22 22 0 240 22 0 0 0 0 0 0 21529 21981 0 0 113689 384867 5255840 23169 2387 0 0 0 3614758 0 1.000000 10 10 5120 10240 10 10 88 160000 250000 88 159998 187514 12 16000 25000 8 16000 25000 4
1787063739942366 10 0 0 10 10 10 0 0 0 0 0 0 218 21 21 0 240 22 1 0 1 0 0 0 23626 22096 0 1 114125 384902 9255419 23182 4215 7013912 7013912 0 3614758 0 1.000000 10 10 5120 10240 10 10 88 160000 250000 84 151998 178138 12 16000 25000 8 16000 25000 4
1787063739982772 10 0 0 10 10 10 0 0 0 0 0 0 217 21 21 0 240 23 2 0 2 0 0 0 25253 22191 0 2 114203 384921 9293897 23265 5496 14065450 14065450 0 3614758 0 1.000000 3058 12232 24464000 28666456 3058 308 88 160000 250000 84 151998 178137 12 16000 25000 8 16000 25000 4
1787063740031984 10 0 0 10 10 10 0 0 0 0 0 0 216 21 21 0 240 24 3 0 3 0 0 0 26311 22275 0 2 114251 384937 9341840 23306 6310 21172041 21172041 0 3614758 0 1.000000 3932 15728 31456000 36859551 5492 815 88 160000 250000 84 151998 178135 12 16000 25000 8 16000 25000 4
1787063740317316 10 0 0 10 10 10 0 0 0 0 0 0 215 21 21 0 240 25 4 0 4 0 0 0 27879 22370 0 4 114337 384956 9625345 23337 7569 28568448 28568448 0 3614758 0 1.000000 3385 13540 27080000 31731836 2654 995 88 160000 250000 84 151998 178134 12 16000 25000 8 16000 25000 5
1787063740514084 10 0 0 10 10 10 0 0 0 0 0 0 214 21 21 0 240 26 5 0 5 0 0 0 29409 22459 0 5 114423 384972 9820337 23370 8791 36163726 36163726 0 3614758 0 1.000000 3097 12388 24776000 29032053 2492 1142 88 160000 250000 84 151998 178133 12 16000 25000 8 16000 25000 5
1787063742403539 10 0 0 10 10 10 0 0 0 0 0 0 213 21 21 0 240 27 6 0 6 0 0 0 32483 22545 0 6 114521 385003 11706433 23405 10614 45632941 45632941 0 3941582 0 1.000000 3026 12104 24208000 28366481 2786 1304 88 160000 250000 84 151998 178132 12 16000 25000 8 16000 25000 5
1787063742540331 10 0 0 10 10 10 0 0 0 0 0 0 212 21 21 0 240 28 7 0 7 0 0 0 34747 22632 0 7 114592 385023 11840719 23446 11512 55241870 55241870 0 4268406 0 1.000000 3115 12460 24920000 29200789 3510 1520 88 160000 250000 84 151998 178133 12 16000 25000 8 16000 25000 6
1787063743064257 10 0 0 10 10 10 0 0 0 0 0 0 211 21 21 0 240 29 8 0 8 0 0 0 36819 22724 0 8 114666 385039 12362333 23479 12423 65379674 65379674 0 4595230 0 1.000000 3126 12504 25008000 29303906 3176 1682 88 160000 250000 84 151998 178133 12 16000 25000 8 16000 25000 6
1787063743415784 10 0 0 10 10 10 0 0 0 0 0 0 210 21 21 0 240 30 9 0 9 0 0 0 39666 22815 0 9 114749 385060 12710755 23513 13775 75866913 75866913 0 4922054 0 1.000000 3301 13204 26408000 30944400 4751 1982 88 160000 250000 84 151998 178133 12 16000 25000 8 16000 25000 6
1787063743422010 10 0 0 10 10 10 0 0 0 0 0 0 209 21 21 0 240 31 10 0 10 0 0 0 41962 22909 0 10 114833 385081 12714429 23545 15106 86367001 86367001 0 5248878 0 1.000000 3185 12740 25480000 29856987 2613 2044 88 160000 250000 84 151998 178133 12 16000 25000 8 16000 25000 6
1787063743802460 10 0 0 10 10 10 0 0 0 0 0 0 208 21 21 0 240 32 11 0 11 0 0 0 44388 23012 0 10 114905 385102 13092200 23577 16310 97233197 97233197 0 5575702 0 1.000000 3314 13256 26512000 31066265 4684 2302 88 160000 250000 84 151998 178132 12 16000 25000 8 16000 25000 7
1787063743875903 10 0 0 10 10 10 0 0 0 0 0 0 207 21 21 0 240 33 12 0 12 0 0 0 46692 23095 0 10 114983 385125 13163092 23608 17537 108173182 108173182 0 5902526 0 1.000000 3385 13540 27080000 31731837 4076 2476 88 160000 250000 84 151998 178132 12 16000 25000 8 16000 25000 7
1787063744048460 10 0 0 10 10 10 0 0 0 0 0 0 206 21 21 0 240 34 13 0 13 0 0 0 47715 23179 0 11 115034 385141 13334417 23641 18302 119288404 119288404 0 5902526 0 1.000000 3359 13436 26872000 31488106 3152 2543 88 160000 250000 84 151998 178131 12 16000 25000 8 16000 25000 7
1787063744412947 10 0 0 10 10 10 0 0 0 0 0 0 205 21 21 0 240 35 14 0 14 0 0 0 50148 23264 0 11 115117 385160 13696226 23673 19512 123717471 123717471 0 6228958 0 1.000000 3380 13520 27040000 31684965 3590 2646 88 160000 250000 84 151998 178131 12 16000 25000 8 16000 25000 7
1787063744423002 10 0 0 10 10 10 0 0 0 0 0 0 204 21 21 0 240 36 15 0 15 0 0 0 52106 23349 0 12 115178 385178 13704101 23707 20292 135223052 135223052 0 6555390 0 1.000000 3414 13656 27312000 32003690 4717 2849 88 160000 250000 84 151998 178130 12 16000 25000 8 16000 25000 8
1787063744516307 10 0 0 10 10 10 0 0 0 0 0 0 203 21 21 0 240 37 16 0 16 0 0 0 54120 23434 0 13 115245 385193 13795170 23739 21065 146815892 146815892 0 6881822 0 1.000000 3578 14312 28624000 33541067 7366 3290 88 160000 250000 84 154665 181253 12 16000 25000 8 16000 25000 8
1787063744554088 10 0 0 10 10 10 0 0 0 0 0 0 202 21 21 0 240 38 17 0 17 0 0 0 56533 23517 0 14 115320 385214 13830301 23771 22257 158445635 158445635 0 7208254 0 1.000000 3695 14780 28944090 33916117 5992 3555 88 160000 250000 84 154665 181253 12 16000 25000 8 16000 25000 8
1787063744717577 10 0 0 10 10 10 0 0 0 0 0 0 201 21 21 0 240 39 18 0 18 0 0 0 57686 23612 0 15 115376 385235 13992408 23804 23113 170243219 170243219 0 7208254 0 1.000000 3742 14968 28761893 33702599 4460 3644 88 160000 250000 84 151998 178127 12 16000 25000 8 16000 25000 8
1787063744808074 10 0 0 10 10 10 0 0 0 0 0 0 200 21 21 0 240 40 19 0 19 0 0 0 59605 23696 0 16 115456 385257 14080743 23834 24671 182134365 182134365 0 7208254 0 1.000000 3820 15280 29428007 34483140 5293 3806 88 160000 250000 84 151998 178127 12 16000 25000 8 16000 25000 9
1787063745118085 10 0 0 10 10 10 0 0 0 0 0 0 199 21 21 0 240 41 20 0 20 0 0 0 61083 23777 0 16 115511 385283 14389056 23866 25840 187305742 187305742 0 7208254 0 1.000000 3839 15356 29634252 34724816 4132 3839 88 160000 250000 84 151998 178126 12 16000 25000 8 16000 25000 9
1787063745299003 10 0 0 10 10 10 0 0 0 0 0 0 198 21 21 0 240 42 21 0 21 0 0 0 63006 23860 0 17 115592 385309 14567804 23898 27424 192569152 192569152 0 7208254 0 1.000000 3633 14532 28095079 32921247 1257 3588 88 160000 250000 84 151998 178127 12 16000 25000 8 16000 25000 9
1787063745566819 10 0 0 10 10 10 0 0 0 0 0 0 197 21 21 0 240 43 22 0 22 0 0 0 65310 23943 0 17 115678 385324 14833075 23929 28588 197814830 197814830 0 7535184 0 1.000000 3501 14004 27118746 31777202 1530 3389 88 160000 250000 84 151998 178128 12 16000 25000 8 16000 25000 9
1787063746190035 10 0 0 10 10 10 0 0 0 0 0 0 196 21 21 0 240 44 23 0 23 0 0 0 67587 24041 0 18 116046 385340 15453475 23962 29747 203487887 203487887 0 7862114 0 1.000000 3372 13488 26158444 30651940 1433 3200 88 160000 250000 84 151998 178129 12 16000 25000 8 16000 25000 10
1787063746656631 10 0 0 10 10 10 0 0 0 0 0 0 195 21 21 0 240 45 24 0 24 0 0 0 70210 24146 0 19 116133 385363 15917175 23997 31306 207602233 207602233 0 8189044 0 1.000000 3315 13260 25751209 30174752 2087 3093 88 160000 250000 84 151998 178130 12 16000 25000 8 16000 25000 10
1787063746925184 10 0 0 10 10 10 0 0 0 0 0 0 194 21 21 0 240 46 25 0 25 0 0 0 72112 24232 0 19 116214 385378 16183585 24033 32054 221604481 221604481 0 8515974 0 1.000000 3287 13148 25565465 29957102 2320 3019 88 160000 250000 84 154665 181256 12 16000 25000 8 16000 25000 10
1787063747930901 10 0 0 10 10 10 0 0 0 0 0 0 193 21 21 0 240 47 26 0 26 0 0 0 75419 24317 0 19 116297 385399 17185750 24065 33621 226468389 226468389 0 8842904 0 1.000000 3346 13384 25697147 30111491 4547 3169 88 160000 250000 84 151998 178132 12 16000 25000 8 16000 25000 11
1787063748268299 10 0 0 10 10 10 0 0 0 0 0 0 192 21 21 0 240 48 27 0 27 0 0 0 76936 24405 0 20 116356 385415 17521401 24101 34813 232329862 232329862 0 8842904 0 1.000000 3291 13164 25315259 29663999 1891 3046 88 160000 250000 84 151998 178130 12 16000 25000 8 16000 25000 11
1787063748753029 10 0 0 10 10 10 0 0 0 0 0 0 191 21 21 0 240 49 28 0 28 0 0 0 78451 24487 0 20 116435 385433 18004381 24133 35976 237657819 237657819 0 8842904 0 1.000000 3230 12920 24882844 29157300 1885 2933 88 160000 250000 84 151998 178131 12 16000 25000 8 16000 25000 11
1787063748838199 10 0 0 10 10 10 0 0 0 0 0 0 190 21 21 0 240 50 29 0 29 0 0 0 79958 24582 0 20 116492 385452 18087818 24165 37137 242080669 242080669 0 8842904 0 1.000000 3176 12704 24500458 28709226 1836 2827 88 160000 250000 84 151998 178130 12 16000 25000 8 16000 25000 11
1787063748909288 10 0 0 10 10 10 0 0 0 0 0 0 189 21 21 0 240 51 30 0 30 0 0 0 81803 24679 0 21 116578 385468 18156810 24195 37919 247570280 247570280 0 9169524 0 1.000000 3142 12568 24269134 28438161 1984 2745 88 160000 250000 84 151998 178129 12 16000 25000 8 16000 25000 11
1787063750144443 10 0 0 10 10 10 0 0 0 0 0 0 188 21 21 0 240 52 31 0 31 0 0 0 84812 24767 0 22 116658 385492 19388707 24226 39784 253910052 253910052 0 9496144 0 1.000000 3065 12260 23702565 27774264 1475 2622 88 160000 250000 84 151998 178129 12 16000 25000 8 16000 25000 11
1787063750163837 10 0 0 10 10 10 0 0 0 0 0 0 187 21 21 0 240 53 32 0 32 0 0 0 87305 24853 0 23 116729 385509 19405375 24262 40913 259517630 259517630 0 9822764 0 1.000000 3067 12268 23744418 27823305 3125 2672 88 160000 250000 84 154665 181254 12 16000 25000 8 16000 25000 12
1787063750286836 10 0 0 10 10 10 0 0 0 0 0 0 186 21 21 0 240 54 33 0 33 0 0 0 89463 24955 0 23 116804 385523 19525968 24293 42023 264502550 264502550 0 10149384 0 1.000000 3060 12240 23459873 27489869 2790 2684 88 160000 250000 84 151998 178130 12 16000 25000 8 16000 25000 12
1787063750305283 10 0 0 10 10 10 0 0 0 0 0 0 185 21 21 0 240 55 34 0 34 0 0 0 91701 25036 0 23 116881 385539 19541943 24325 43134 270085033 270085033 0 10476004 0 1.000000 3021 12084 23191394 27175269 1822 2601 88 160000 250000 84 151998 178129 12 16000 25000 8 16000 25000 12
1787063750445508 10 0 0 10 10 10 0 0 0 0 0 0 184 21 21 0 240 56 35 0 35 0 0 0 94203 25118 0 24 116960 385561 19679426 24355 44591 276479515 276479515 0 10802624 0 1.000000 2916 11664 22413063 26263233 1103 2456 88 160000 250000 84 151998 178129 12 16000 25000 8 16000 25000 13
1787063750582682 10 0 0 10 10 10 0 0 0 0 0 0 183 21 21 0 240 57 36 0 36 0 0 0 96587 25205 0 25 117037 385577 19813966 24400 45673 282252756 282252756 0 11129244 0 1.000000 2910 11640 22393032 26239761 2657 2477 88 160000 250000 84 151998 178129 12 16000 25000 8 16000 25000 13
1787063750633134 10 0 0 10 10 10 0 0 0 0 0 0 182 21 21 0 240 58 37 0 37 0 0 0 98832 25288 0 26 117112 385594 19861942 24432 46753 287762745 287762745 0 11455864 0 1.000000 2933 11732 22594855 26476253 4788 2703 88 160000 250000 84 151998 178129 12 16000 25000 8 16000 25000 13
1787063750996852 10 0 0 10 10 10 0 0 0 0 0 0 181 21 21 0 240 59 38 0 38 0 0 0 101203 25372 0 27 117187 385612 20223055 24464 47818 294334257 294334257 0 11782908 0 1.000000 2846 11384 21947429 25717610 1126 2551 88 160000 250000 84 151998 178128 12 16000 25000 8 16000 25000 14
1787063751145932 10 0 0 10 10 10 0 0 0 0 0 0 180 21 21 0 240 60 39 0 39 0 0 0 103652 25458 0 27 117257 385629 20369457 24497 48880 299911168 299911168 0 12109952 0 1.000000 2850 11400 21999900 25779094 3018 2598 88 160000 250000 84 151998 178130 12 16000 25000 8 16000 25000 14
1787063751576698 10 0 0 10 10 10 0 0 0 0 0 0 179 21 21 0 240 61 40 0 40 0 0 0 105859 25541 0 27 117336 385645 20797780 24529 49956 304829224 304829224 0 12436996 0 1.000000 2847 11388 21997236 25775972 2733 2612 88 160000 250000 84 151998 178129 12 16000 25000 8 16000 25000 14
1787063751876401 10 0 0 10 10 10 0 0 0 0 0 0 178 21 21 0 240 62 41 0 41 0 0 0 107986 25624 0 27 117410 385668 21095114 24562 50997 310512960 310512960 0 12764040 0 1.000000 2844 11376 21993506 25771600 2663 2618 88 160000 250000 84 151998 178129 12 16000 25000 8 16000 25000 15
1787063752522934 10 0 0 10 10 10 0 0 0 0 0 0 177 21 21 0 240 63 42 0 42 0 0 0 110703 25711 0 28 117498 385686 21738678 24596 52016 330106520 330106520 0 13091084 0 1.000000 2832 11328 21919128 25684445 2307 2589 88 160000 250000 84 154665 181252 12 16000 25000 8 16000 25000 15
1787063752543103 10 0 0 10 10 10 0 0 0 0 0 0 176 21 21 0 240 64 43 0 43 0 0 0 112947 25795 0 29 117571 385714 21756356 24632 53035 349720770 349720770 0 13418128 0 1.000000 2974 11896 22847755 26772586 14397 3741 88 160000 250000 84 154665 181251 12 16000 25000 8 16000 25000 15
1787063754315724 10 0 0 10 10 10 0 0 0 0 0 0 175 21 21 0 240 65 44 0 44 0 0 0 114677 25907 0 43 117634 385760 23526967 24664 54399 355123430 355123430 0 13418128 0 1.000000 3080 12320 23493811 27529667 7759 4133 88 160000 250000 84 151998 178126 12 16000 25000 8 16000 25000 15
1787063754370275 10 0 0 10 10 10 0 0 0 0 0 0 174 21 21 0 240 66 45 0 45 0 0 0 116010 25999 0 43 117690 385780 23579957 24700 55398 361220018 361220018 0 13418128 0 1.000000 3032 12128 23153317 27130629 1501 3877 88 160000 250000 84 151998 178124 12 16000 25000 8 16000 25000 15
1787063754445905 10 0 0 10 10 10 0 0 0 0 0 0 173 21 21 0 240 67 46 0 46 0 0 0 119130 26087 0 43 117761 385795 23652237 24731 56395 367733667 367733667 0 13745172 0 1.000000 2952 11808 22566269 26442737 1169 3614 88 160000 250000 84 151998 178124 12 16000 25000 8 16000 25000 15
1787063754509115 10 0 0 10 10 10 0 0 0 0 0 0 172 21 21 0 240 68 47 0 47 0 0 0 121521 26185 0 57 117841 385812 23712806 24762 57387 373402371 373402371 0 14072216 0 1.000000 2977 11908 22780393 26693595 5497 3799 88 160000 250000 84 151998 178124 12 16000 25000 8 16000 25000 15
1787063755005398 10 0 0 10 10 10 0 0 0 0 0 0 171 21 21 0 240 69 48 0 48 0 0 0 123346 26277 0 58 117906 385827 24207031 24793 58045 383887914 383887914 0 14399260 0 1.000000 2973 11892 22771789 26683466 2763 3699 88 160000 250000 84 154665 181249 12 16000 25000 8 16000 25000 16
1787063755071740 10 0 0 10 10 10 0 0 0 0 0 0 170 21 21 0 240 70 49 0 49 0 0 0 125373 26366 0 58 117982 385850 24271101 24828 59020 390204538 390204538 0 14726304 0 1.000000 2977 11908 22658134 26550282 3105 3642 88 160000 250000 84 151998 178124 12 16000 25000 8 16000 25000 16
1787063755346842 10 0 0 10 10 10 0 0 0 0 0 0 169 21 21 0 240 71 50 0 50 0 0 0 128053 26458 0 58 118060 385869 24543277 24860 59975 401674140 401674140 0 15053348 0 1.000000 2981 11924 22712239 26613638 3284 3608 88 160000 250000 84 151998 178123 12 16000 25000 8 16000 25000 16
1787063755892664 10 0 0 10 10 10 0 0 0 0 0 0 168 21 21 0 240 72 51 0 51 0 0 0 130478 26557 0 73 118158 385891 25086399 24894 60928 407277105 407277105 0 15380392 0 1.000000 3041 12164 23169379 27149304 9837 4216 88 160000 250000 84 151998 178125 12 16000 25000 8 16000 25000 16
1787063756534249 10 0 0 10 10 10 0 0 0 0 0 0 167 21 21 0 240 73 52 0 52 0 0 0 131372 26774 0 77 118298 385911 25726647 24928 61560 413175778 413175778 0 15380392 0 1.000000 2998 11992 22841762 26765364 2074 4008 88 160000 250000 84 151998 178125 12 16000 25000 8 16000 25000 16
1787063756757341 10 0 0 10 10 10 0 0 0 0 0 0 166 21 21 0 240 74 53 0 53 0 0 0 133010 26891 0 91 118389 385932 25947641 25127 62557 419786293 419786293 0 15380392 0 1.000000 3001 12004 22864619 26792102 2754 3887 88 160000 250000 84 151998 178123 12 16000 25000 8 16000 25000 16
1787063756938519 10 0 0 10 10 10 0 0 0 0 0 0 165 21 21 0 240 75 54 0 54 0 0 0 136266 26985 0 92 118465 385953 26125262 25208 63466 425146057 425146057 0 15707566 0 1.000000 3012 12048 22948428 26890307 3009 3803 88 160000 250000 84 151998 178125 12 16000 25000 8 16000 25000 16
1787063757186705 10 0 0 10 10 10 0 0 0 0 0 0 164 21 21 0 240 76 55 0 55 0 0 0 137952 27088 0 106 118541 385968 26371473 25271 64083 431747707 431747707 0 16034740 0 1.000000 3015 12060 22971285 26917044 2853 3711 88 160000 250000 84 151998 178124 12 16000 25000 8 16000 25000 16
1787063757247520 10 0 0 10 10 10 0 0 0 0 0 0 163 21 21 0 240 77 56 0 56 0 0 0 139958 27191 0 107 118618 385991 26429988 25330 65006 456064705 456064705 0 16361914 0 1.000000 3004 12016 22887476 26818839 2996 3642 88 160000 250000 84 154665 181252 12 16000 25000 8 16000 25000 17
1787063757354057 10 0 0 10 10 10 0 0 0 0 0 0 162 21 21 0 240 78 57 0 57 0 0 0 142459 27292 0 123 118695 386006 26533750 25378 65895 463110877 463110877 0 16689088 0 1.000000 3136 12544 23722496 27797280 10500 4311 88 160000 250000 84 151998 178127 12 16000 25000 8 16000 25000 17
1787063757392963 10 0 0 10 10 10 0 0 0 0 0 0 161 21 21 0 240 79 58 0 58 0 0 0 145967 27384 0 124 118761 386024 26568896 25427 66763 469355778 469355778 0 17016262 0 1.000000 3104 12416 23480430 27513587 2887 4173 88 160000 250000 84 151998 178127 12 16000 25000 8 16000 25000 17
1787063757525898 10 0 0 10 10 10 0 0 0 0 0 0 160 21 21 0 240 80 59 0 59 0 0 0 147935 27487 0 142 118846 386043 26699588 25470 67637 476433396 476433396 0 17343436 0 1.000000 3121 12484 23609028 27664226 3182 4077 88 160000 250000 84 151998 178128 12 16000 25000 8 16000 25000 17
1787063757862840 10 0 0 10 10 10 0 0 0 0 0 0 159 21 21 0 240 81 60 0 60 0 0 0 152686 27579 0 143 118925 386059 27031518 25520 68488 481770900 481770900 0 17670610 0 1.000000 3085 12340 23336703 27345078 2728 3946 88 160000 250000 84 154665 181253 12 16000 25000 8 16000 25000 17
1787063758162194 10 0 0 10 10 10 0 0 0 0 0 0 158 21 21 0 240 82 61 0 61 0 0 0 153897 27689 0 144 118996 386079 27329377 25577 69337 487388626 487388626 0 17670610 0 1.000000 3052 12208 22920956 26857912 2396 3796 88 160000 250000 84 154665 181253 12 16000 25000 8 16000 25000 17
1787063758808851 10 0 0 10 10 10 0 0 0 0 0 0 157 21 21 0 240 83 62 0 62 0 0 0 156958 27862 0 146 119450 386103 27972195 25670 70189 494318118 494318118 0 17985979 0 1.000000 3066 12264 22859220 26785562 4773 3892 88 160000 250000 84 151998 178129 12 16000 25000 8 16000 25000 18
1787063759126930 10 0 0 10 10 10 0 0 0 0 0 0 156 21 21 0 240 84 63 0 63 0 0 0 160283 28012 0 148 119582 386136 28286418 25853 71378 498933486 498933486 0 18301348 0 1.000000 3042 12168 22680283 26575844 2568 3764 88 160000 250000 84 151998 178130 12 16000 25000 8 16000 25000 18
1787063759655667 10 0 0 10 10 10 0 0 0 0 0 0 155 21 21 0 240 85 64 0 64 0 0 0 161783 28196 0 152 119717 386152 28813107 26036 71669 504140717 504140717 0 18616717 0 1.000000 3012 12048 22456612 26313708 2079 3600 88 160000 250000 84 151998 178131 12 16000 25000 8 16000 25000 18
1787063759725084 10 0 0 10 10 10 0 0 0 0 0 0 154 21 21 0 240 86 65 0 65 0 0 0 164166 28340 0 168 119836 386176 28879624 26233 72536 513699239 513699239 0 18932086 0 1.000000 2945 11780 21957079 25728332 2296 3474 88 160000 250000 84 154665 181256 12 16000 25000 8 16000 25000 18
1787063759730029 10 0 0 10 10 10 0 0 0 0 0 0 153 21 21 0 240 87 66 0 66 0 0 0 166830 28432 0 169 119912 386196 28881532 26390 73349 519111163 519111163 0 19247455 0 1.000000 2915 11660 21733408 25466244 3800 3507 88 160000 250000 84 151998 178131 12 16000 25000 8 16000 25000 19
1787063759739867 10 0 0 10 10 10 0 0 0 0 0 0 152 21 21 0 240 88 67 0 67 0 0 0 168906 28519 0 170 119988 386215 28889038 26437 74153 531923131 531923131 0 19562824 0 1.000000 2875 11500 21591661 25300118 2453 3405 88 160000 250000 84 154665 181257 12 16000 25000 8 16000 25000 19
1787063760246591 10 0 0 10 10 10 0 0 0 0 0 0 151 21 21 0 240 89 68 0 68 0 0 0 170351 28663 0 171 120098 386248 29393959 26481 74977 537160814 537160814 0 19562824 0 1.000000 2875 11500 21435179 25116749 5027 3564 88 160000 250000 84 154665 181257 12 16000 25000 8 16000 25000 19
1787063760729183 10 0 0 10 10 10 0 0 0 0 0 0 150 21 21 0 240 90 69 0 69 0 0 0 171768 28795 0 173 120205 386275 29874655 26661 75778 542814877 542814877 0 19562824 0 1.000000 2813 11252 20819817 24395686 1594 3373 88 160000 250000 84 151998 178131 12 16000 25000 8 16000 25000 19
1787063761355342 10 0 0 10 10 10 0 0 0 0 0 0 149 21 21 0 240 91 70 0 70 0 0 0 173439 28980 0 175 120344 386294 30498599 26828 76325 547230041 547230041 0 19878193 0 1.000000 2838 11352 21004849 24612454 1783 3219 88 160000 250000 84 151998 178131 12 16000 25000 8 16000 25000 19
1787063761455233 10 0 0 10 10 10 0 0 0 0 0 0 148 21 21 0 240 92 71 0 71 0 0 0 175585 29091 0 177 120434 386314 30595888 27026 76862 552790573 552790573 0 20193562 0 1.000000 2880 11520 21315703 24976654 3276 3225 88 160000 250000 84 151998 178131 12 16000 25000 8 16000 25000 19
1787063761586559 10 0 0 10 10 10 0 0 0 0 0 0 147 21 21 0 240 93 72 0 72 0 0 0 177800 29197 0 178 120517 386336 30724629 27156 77858 557838652 557838652 0 20508931 0 1.000000 2926 11704 21656162 25375541 3014 3205 88 160000 250000 84 151998 178132 12 16000 25000 8 16000 25000 20
1787063761660217 10 0 0 10 10 10 0 0 0 0 0 0 146 21 21 0 240 94 73 0 73 0 0 0 179904 29293 0 179 120592 386360 30795889 27227 78824 565124572 565124572 0 20824300 0 1.000000 2894 11576 21419321 25097979 1325 3022 88 160000 250000 84 151998 178132 12 16000 25000 8 16000 25000 20
1787063762210432 10 0 0 10 10 10 0 0 0 0 0 0 145 21 21 0 240 95 74 0 74 0 0 0 182348 29432 0 180 120727 386390 31343277 27277 79813 576334989 576334989 0 21139669 0 1.000000 2872 11488 21256493 24907142 1892 2913 88 160000 250000 84 151998 178132 12 16000 25000 8 16000 25000 20
1787063762408338 10 0 0 10 10 10 0 0 0 0 0 0 144 21 21 0 240 96 75 0 75 0 0 0 184245 29527 0 182 120808 386410 31538882 27456 80526 581492161 581492161 0 21455038 0 1.000000 2852 11408 21263698 24915553 3805 3001 88 160000 250000 84 154665 181257 12 16000 25000 8 16000 25000 21
1787063762731334 10 0 0 10 10 10 0 0 0 0 0 0 143 21 21 0 240 97 76 0 76 0 0 0 185974 29627 0 183 120887 386433 31859862 27511 81225 586828369 586828369 0 21770407 0 1.000000 2835 11340 20982645 24586220 1497 2855 88 160000 250000 84 151998 178132 12 16000 25000 8 16000 25000 21
1787063762877014 10 0 0 10 10 10 0 0 0 0 0 0 142 21 21 0 240 98 77 0 77 0 0 0 186981 29714 0 184 120945 386460 32004265 27579 81906 591841200 591841200 0 21770407 0 1.000000 2856 11424 21138072 24768296 2711 2842 88 160000 250000 84 154665 181256 12 16000 25000 8 16000 25000 21
1787063762906887 10 0 0 10 10 10 0 0 0 0 0 0 141 21 21 0 240 99 78 0 78 0 0 0 188298 29802 0 185 121027 386486 32032557 27623 82833 597389560 597389560 0 21770407 0 1.000000 2895 11580 21269152 24921874 4398 2994 88 160000 250000 84 151998 178131 12 16000 25000 8 16000 25000 21
1787063763249861 10 0 0 10 10 10 0 0 0 0 0 0 140 21 21 0 240 100 79 0 79 0 0 0 189630 29926 0 186 121143 386508 32373861 27668 83742 605289873 605289873 0 21770407 0 1.000000 2856 11424 20982624 24586095 1295 2830 88 160000 250000 84 151998 178131 12 16000 25000 8 16000 25000 22
1787063763311132 10 0 0 10 10 10 0 0 0 0 0 0 139 21 21 0 240 101 80 0 80 0 0 0 190612 30027 0 188 121197 386527 32433838 27780 84392 610434997 610434997 0 21770407 0 1.000000 2904 11616 21335274 24999307 3162 2863 88 160000 250000 84 154665 181254 12 16000 25000 8 16000 25000 22
1787063763420452 10 0 0 10 10 10 0 0 0 0 0 0 138 21 21 0 240 102 81 0 81 0 0 0 191534 30115 0 189 121257 386541 32542001 27825 85041 616666559 616666559 0 21770407 0 1.000000 2859 11436 20849054 24429572 1444 2726 88 160000 250000 84 151998 178128 12 16000 25000 8 16000 25000 22
1787063763504418 10 0 0 10 10 10 0 0 0 0 0 0 137 21 21 0 240 103 82 0 82 0 0 0 192731 30216 0 191 121334 386563 32624501 27870 85903 621042056 621042056 0 21770407 0 1.000000 2864 11456 21041399 24654964 3140 2767 88 160000 250000 84 151998 178128 12 16000 25000 8 16000 25000 22
1787063764064600 10 0 0 10 10 10 0 0 0 0 0 0 136 21 21 0 240 104 83 0 83 0 0 0 193422 30404 0 193 121490 386583 33183555 27913 86339 627575936 627575936 0 21770407 0 1.000000 2885 11540 21195683 24835700 2646 2756 88 160000 250000 84 151998 178129 12 16000 25000 8 16000 25000 22
1787063764410186 10 0 0 10 10 10 0 0 0 0 0 0 135 21 21 0 240 105 84 0 84 0 0 0 195590 30500 0 193 121579 386607 33526534 28111 87023 633173463 633173463 0 22085329 0 1.000000 2905 11620 21342620 25007826 1442 2629 88 160000 250000 84 151998 178129 12 16000 25000 8 16000 25000 23
1787063764879984 10 0 0 10 10 10 0 0 0 0 0 0 134 21 21 0 240 106 85 0 85 0 0 0 197458 30606 0 194 121683 386626 33994127 28185 87668 638395294 638395294 0 22400251 0 1.000000 2874 11496 21114868 24740917 1622 2532 88 160000 250000 84 151998 178129 12 16000 25000 8 16000 25000 23
1787063765071370 10 0 0 10 10 10 0 0 0 0 0 0 133 21 21 0 240 107 86 0 86 0 0 0 199428 30704 0 195 121774 386649 34183205 28278 88516 643733222 643733222 0 22715173 0 1.000000 2849 11396 20931196 24525661 2479 2528 88 160000 250000 84 151998 178129 12 16000 25000 8 16000 25000 23
1787063765216561 10 0 0 10 10 10 0 0 0 0 0 0 132 21 21 0 240 108 87 0 87 0 0 0 201463 30802 0 196 121861 386670 34326046 28359 89374 649220732 649220732 0 23030095 0 1.000000 2886 11544 21203030 24844131 1658 2444 88 160000 250000 84 154665 181254 12 16000 25000 8 16000 25000 23
1787063765225586 10 0 0 10 10 10 0 0 0 0 0 0 131 21 21 0 240 109 88 0 88 0 0 0 203401 30896 0 198 121933 386693 34332863 28410 90216 654705321 654705321 0 23345017 0 1.000000 2843 11372 20732375 24292638 1501 2353 88 160000 250000 84 154665 181255 12 16000 25000 8 16000 25000 24
1787063765881630 10 0 0 10 10 10 0 0 0 0 0 0 130 21 21 0 240 110 89 0 89 0 0 0 204443 31028 0 199 122016 386715 34987563 28448 90877 660338674 660338674 0 23345017 0 1.000000 2868 11472 20758584 24323333 5810 2691 88 160000 250000 84 154665 181255 12 16000 25000 8 16000 25000 24
1787063765979003 10 0 0 10 10 10 0 0 0 0 0 0 129 21 21 0 240 111 90 0 90 0 0 0 205432 31126 0 200 122070 386732 35083630 28566 91518 664959725 664959725 0 23345017 0 1.000000 2886 11544 20731788 24291919 4275 2847 88 160000 250000 84 151998 178130 12 16000 25000 8 16000 25000 24
1787063765985375 10 0 0 10 10 10 0 0 0 0 0 0 128 21 21 0 240 112 91 0 91 0 0 0 206366 31210 0 201 122135 386754 35088831 28607 92154 670212833 670212833 0 23345017 0 1.000000 2882 11528 20703053 24258206 2065 2771 88 160000 250000 84 151998 178130 12 16000 25000 8 16000 25000 24
1787063766723840 10 0 0 10 10 10 0 0 0 0 0 0 127 21 21 0 240 113 92 0 92 0 0 0 208160 31305 0 202 122230 386775 35825231 28642 92800 675478121 675478121 0 23660109 0 1.000000 2734 10936 19788692 23186803 1894 2687 88 160000 250000 84 151998 178130 12 16000 25000 8 16000 25000 24
1787063766831272 10 0 0 10 10 10 0 0 0 0 0 0 126 21 21 0 240 114 93 0 93 0 0 0 209916 31387 0 203 122303 386792 35930641 28705 93447 680720333 680720333 0 23975201 0 1.000000 2608 10432 19018654 22284469 1733 2595 88 160000 250000 84 151998 178130 12 16000 25000 8 16000 25000 25
1787063767388265 10 0 0 10 10 10 0 0 0 0 0 0 125 21 21 0 240 115 94 0 94 0 0 0 211834 31475 0 203 122388 386814 36485454 28745 94303 686445057 686445057 0 24290293 0 1.000000 2634 10536 19208257 22506630 2282 2566 88 160000 250000 84 151998 178131 12 16000 25000 8 16000 25000 25
1787063767969932 10 0 0 10 10 10 0 0 0 0 0 0 124 21 21 0 240 116 95 0 95 0 0 0 213614 31566 0 203 122470 386832 37065064 28803 94961 690906552 690906552 0 24605385 0 1.000000 2676 10704 19514539 22865465 1825 2494 88 160000 250000 84 151998 178131 12 16000 25000 8 16000 25000 25
1787063768026091 10 0 0 10 10 10 0 0 0 0 0 0 123 21 21 0 240 117 96 0 96 0 0 0 215053 31653 0 204 122530 386847 37119536 28864 95389 696521137 696521137 0 24920477 0 1.000000 2603 10412 18982192 22241706 1165 2365 88 160000 250000 84 154665 181256 12 16000 25000 8 16000 25000 26
1787063768103218 10 0 0 10 10 10 0 0 0 0 0 0 122 21 21 0 240 118 97 0 97 0 0 0 216706 31737 0 205 122602 386865 37194761 28908 96035 702410800 702410800 0 25235569 0 1.000000 2583 10332 18695754 21906107 1886 2320 88 160000 250000 84 151998 178132 12 16000 25000 8 16000 25000 26
1787063768198087 10 0 0 10 10 10 0 0 0 0 0 0 121 21 21 0 240 119 98 0 98 0 0 0 218677 31820 0 205 122675 386890 37287416 28944 96896 707726402 707726402 0 25550661 0 1.000000 2558 10232 18654033 21857197 2101 2300 88 160000 250000 84 154665 181258 12 16000 25000 8 16000 25000 26
1787063768285880 10 0 0 10 10 10 0 0 0 0 0 0 120 21 21 0 240 120 99 0 99 0 0 0 219624 31908 0 206 122739 386907 37374031 28983 97559 713279703 713279703 0 25550661 0 1.000000 2483 9932 17971954 21058019 1005 2175 88 160000 250000 84 151998 178132 12 16000 25000 8 16000 25000 26
1787063768472809 10 0 0 10 10 10 0 0 0 0 0 0 119 21 21 0 240 121 100 0 100 0 0 0 221322 31992 0 207 122813 386926 37558997 29033 98213 718840936 718840936 0 25866166 0 1.000000 2439 9756 17653482 20684823 5330 2483 88 160000 250000 84 151998 178133 12 16000 25000 8 16000 25000 26
1787063768808692 10 0 0 10 10 10 0 0 0 0 0 0 118 21 21 0 240 122 101 0 101 0 0 0 223093 32081 0 208 122893 386945 37892850 29077 98886 724337113 724337113 0 26181671 0 1.000000 2405 9620 17407390 20396474 1234 2362 88 160000 250000 84 154665 181260 12 16000 25000 8 16000 25000 27
1787063768821565 10 0 0 10 10 10 0 0 0 0 0 0 117 21 21 0 240 123 102 0 102 0 0 0 224991 32176 0 209 122963 386968 37903553 29133 99747 736398049 736398049 0 26497176 0 1.000000 2419 9676 17377060 20360958 4565 2578 88 160000 250000 84 151998 178136 12 16000 25000 8 16000 25000 27
1787063769078742 10 0 0 10 10 10 0 0 0 0 0 0 116 21 21 0 240 124 103 0 103 0 0 0 226605 32265 0 210 123043 386987 38158866 29174 100407 742225585 742225585 0 26812681 0 1.000000 2445 9780 17563833 20579802 3948 2713 88 160000 250000 84 151998 178136 12 16000 25000 8 16000 25000 27
1787063769962013 10 0 0 10 10 10 0 0 0 0 0 0 115 21 21 0 240 125 104 0 104 0 0 0 227282 32413 0 212 123127 387003 39041136 29223 100842 748120437 748120437 0 26812681 0 1.000000 2464 9856 17700320 20739727 5337 2970 88 160000 250000 84 151998 178135 12 16000 25000 8 16000 25000 27
1787063769978784 10 0 0 10 10 10 0 0 0 0 0 0 114 21 21 0 240 126 105 0 105 0 0 0 228687 32503 0 213 123200 387027 39056174 29333 101746 754674939 754674939 0 26812681 0 1.000000 2460 9840 17671586 20706021 2758 2950 88 160000 250000 84 151998 178136 12 16000 25000 8 16000 25000 28
1787063770374106 10 0 0 10 10 10 0 0 0 0 0 0 113 21 20 1 240 127 106 0 106 0 0 0 229890 32598 0 214 123316 387046 39449997 29373 102594 766128073 760636370 0 26812681 0 1.000000 2298 9192 16632924 19488987 1802 2839 88 160000 250000 84 151998 178137 12 16000 25000 8 16000 25000 28
1787063770374262 10 0 0 10 10 10 0 0 0 0 0 0 113 20 20 0 240 127 107 0 107 0 0 0 229890 32677 0 214 123316 387054 39450000 29417 102594 766128073 766128073 0 26812681 0 1.000000 2293 9172 16596734 19446583 2631 2820 88 160000 250000 80 143998 168761 12 16000 25000 8 16000 25000 28
1787063770593179 10 0 0 10 10 10 0 0 0 0 0 0 111 21 21 0 240 129 108 0 108 0 0 0 231893 32761 0 214 123399 387074 39666671 29446 103259 771645670 771645670 0 27128053 0 1.000000 2280 9120 16502640 19336332 2336 2773 88 160000 250000 84 151998 178135 12 16000 25000 8 16000 25000 28
1787063770604758 10 0 0 10 10 10 0 0 0 0 0 0 110 21 21 0 240 130 109 0 109 0 0 0 233878 32843 0 215 123473 387094 39676014 29494 104120 776267046 776267046 0 27443425 0 1.000000 2244 8976 16242072 19031021 1382 2638 88 160000 250000 84 151998 178135 12 16000 25000 8 16000 25000 29
1787063771405435 10 0 0 10 10 10 0 0 0 0 0 0 109 21 21 0 240 131 110 0 110 0 0 0 235498 32951 0 216 123548 387111 40474806 29532 104569 781684147 781684147 0 27758797 0 1.000000 2205 8820 16079805 18840837 1099 2489 88 160000 250000 84 151998 178134 12 16000 25000 8 16000 25000 29
1787063771545061 10 0 0 10 10 10 0 0 0 0 0 0 108 21 21 0 240 132 111 0 111 0 0 0 237243 33040 0 217 123620 387129 40612421 29596 105234 788010260 788010260 0 28074169 0 1.000000 2178 8712 16001455 18749013 1955 2438 88 160000 250000 84 154665 181259 12 16000 25000 8 16000 25000 29
1787063772384495 10 0 0 10 10 10 0 0 0 0 0 0 107 21 21 0 240 133 112 0 112 0 0 0 239235 33143 0 219 123719 387152 41449557 29649 106128 793667910 793667910 0 28389541 0 1.000000 2181 8724 15904787 18635766 2877 2481 88 160000 250000 84 151998 178134 12 16000 25000 8 16000 25000 29
1787063772790187 10 0 0 10 10 10 0 0 0 0 0 0 106 21 21 0 240 134 113 0 113 0 0 0 240189 33231 0 220 123782 387168 41854013 29734 106777 799624107 799624107 0 28389541 0 1.000000 2180 8720 15897495 18627222 2028 2438 88 160000 250000 84 151998 178133 12 16000 25000 8 16000 25000 29
1787063772870688 10 0 0 10 10 10 0 0 0 0 0 0 105 21 21 0 240 135 114 0 114 0 0 0 241137 33318 0 221 123825 387185 41933341 29787 107433 804523129 804523129 0 28389541 0 1.000000 2181 8724 15904787 18635766 2341 2430 88 160000 250000 84 151998 178132 12 16000 25000 8 16000 25000 29
1787063773348540 10 0 0 10 10 10 0 0 0 0 0 0 104 21 21 0 240 136 115 0 115 0 0 0 242083 33406 0 222 123885 387213 42410004 29823 108102 809671460 809671460 0 28389541 0 1.000000 2162 8648 15883906 18611247 3180 2504 88 160000 250000 84 154665 181254 12 16000 25000 8 16000 25000 29
1787063773351394 10 0 0 10 10 10 0 0 0 0 0 0 103 21 21 0 240 137 116 0 116 0 0 0 243835 33491 0 223 123950 387231 42410871 29867 108759 814994580 814994580 0 28705071 0 1.000000 2165 8660 15788108 18499020 2653 2520 88 160000 250000 84 154665 181254 12 16000 25000 8 16000 25000 30
1787063773745297 10 0 0 10 10 10 0 0 0 0 0 0 102 21 21 0 240 138 117 0 117 0 0 0 244815 33575 0 224 124012 387249 42803566 29904 109410 820633416 820633416 0 28705071 0 1.000000 2117 8468 15438072 18088880 2654 2534 88 160000 250000 84 151998 178129 12 16000 25000 8 16000 25000 30
1787063774056070 10 0 0 10 10 10 0 0 0 0 0 0 101 21 21 0 240 139 118 0 118 0 0 0 246046 33658 0 225 124092 387271 43112849 29949 110286 827298066 827298066 0 28705071 0 1.000000 2124 8496 15604725 18284129 1833 2466 88 160000 250000 84 151998 178129 12 16000 25000 8 16000 25000 30
1787063774092881 10 0 0 10 10 10 0 0 0 0 0 0 100 21 21 0 240 140 119 0 119 0 0 0 247283 33759 0 225 124162 387289 43148173 29987 111180 833103009 833103009 0 28705071 0 1.000000 2135 8540 15685540 18378821 2246 2445 88 160000 250000 84 151998 178128 12 16000 25000 8 16000 25000 30
1787063774181265 10 0 0 10 10 10 0 0 0 0 0 0 99 21 21 0 240 141 120 0 120 0 0 0 248769 33846 0 226 124233 387305 43234831 30027 112271 838472981 838472981 0 28705071 0 1.000000 2137 8548 15700234 18396038 3135 2513 88 160000 250000 84 154665 181253 12 16000 25000 8 16000 25000 31
1787063774298505 10 0 0 10 10 10 0 0 0 0 0 0 98 21 21 0 240 142 121 0 121 0 0 0 250043 33940 0 227 124299 387323 43350555 30067 113168 844295595 844295595 0 28705071 0 1.000000 2126 8504 15503704 18165781 2228 2486 88 160000 250000 84 151998 178128 12 16000 25000 8 16000 25000 31
1787063775145127 10 0 0 10 10 10 0 0 0 0 0 0 97 21 21 0 240 143 122 0 122 0 0 0 251614 34057 0 228 124377 387345 44195286 30140 114291 848833389 848833389 0 28705071 0 1.000000 2147 8588 15656845 18345217 2008 2441 88 160000 250000 84 151998 178129 12 16000 25000 8 16000 25000 31
1787063775702212 10 0 0 10 10 10 0 0 0 0 0 0 96 21 21 0 240 144 123 0 123 0 0 0 253179 34154 0 230 124461 387361 44750505 30213 115423 854158874 854158874 0 28705071 0 1.000000 2150 8600 15678722 18370818 1911 2390 88 160000 250000 84 151998 178131 12 16000 25000 8 16000 25000 31
1787063775910017 10 0 0 10 10 10 0 0 0 0 0 0 95 21 21 0 240 145 124 0 124 0 0 0 255326 34266 0 231 124556 387378 44955831 30290 116327 860085616 860085616 0 29020097 0 1.000000 2119 8476 15452657 18105904 2523 2404 88 160000 250000 84 151998 178130 12 16000 25000 8 16000 25000 32
1787063776027777 10 0 0 10 10 10 0 0 0 0 0 0 94 21 21 0 240 146 125 0 125 0 0 0 257615 34359 0 232 124626 387396 45070970 30417 117223 866147296 866147296 0 29335123 0 1.000000 2111 8444 15509216 18172156 1382 2305 88 160000 250000 84 151998 178131 12 16000 25000 8 16000 25000 32
1787063776243384 10 0 0 10 10 10 0 0 0 0 0 0 93 21 21 0 240 147 126 0 126 0 0 0 259620 34444 0 233 124698 387410 45284314 30477 118115 871793953 871793953 0 29650149 0 1.000000 2087 8348 15332891 17965557 1589 2236 88 160000 250000 84 151998 178132 12 16000 25000 8 16000 25000 32
1787063776260652 10 0 0 10 10 10 0 0 0 0 0 0 92 21 21 0 240 148 127 0 127 0 0 0 261818 34526 0 234 124774 387430 45299135 30521 119232 877679001 877679001 0 29965175 0 1.000000 2058 8232 15231846 17847113 1677 2183 88 160000 250000 84 151998 178132 12 16000 25000 8 16000 25000 32
1787063776658472 10 0 0 10 10 10 0 0 0 0 0 0 91 21 21 0 240 149 128 0 128 0 0 0 263815 34617 0 235 124858 387445 45694702 30559 120154 888454497 888454497 0 30280201 0 1.000000 2108 8432 15601911 18280684 4963 2455 88 160000 250000 84 154665 181256 12 16000 25000 8 16000 25000 33
1787063776666795 10 0 0 10 10 10 0 0 0 0 0 0 90 21 21 0 240 150 129 0 129 0 0 0 266010 34700 0 236 124928 387464 45700564 30622 121274 899894651 899894651 0 30595227 0 1.000000 2153 8612 15817784 18533607 9923 3184 88 160000 250000 84 154665 181256 12 16000 25000 8 16000 25000 33
1787063776680829 10 0 0 10 10 10 0 0 0 0 0 0 89 21 21 0 240 151 130 0 130 0 0 0 267215 34780 0 236 124984 387477 45713186 30658 122153 905167138 905167138 0 30595227 0 1.000000 2246 8984 16501042 19334176 12884 4130 88 160000 250000 84 151998 178131 12 16000 25000 8 16000 25000 33
1787063776825506 10 0 0 10 10 10 0 0 0 0 0 0 88 21 21 0 240 152 131 0 131 0 0 0 268713 34876 0 236 125057 387494 45856115 30695 123276 910445296 910445296 0 30595227 0 1.000000 2226 8904 16354104 19161942 1947 3918 88 160000 250000 84 154665 181256 12 16000 25000 8 16000 25000 33
1787063777325892 10 0 0 10 10 10 0 0 0 0 0 0 87 21 21 0 240 153 132 0 132 0 0 0 270720 34973 0 238 125137 387515 46354222 30746 124195 914899469 914899469 0 30910976 0 1.000000 2226 8904 16232946 19020001 2526 3783 88 160000 250000 84 151998 178133 12 16000 25000 8 16000 25000 34
1787063777482153 10 0 0 10 10 10 0 0 0 0 0 0 86 21 21 0 240 154 133 0 133 0 0 0 272686 35061 0 239 125206 387543 46508253 30801 125093 919995252 919995252 0 31226725 0 1.000000 2274 9096 16582983 19430101 5259 3928 88 160000 250000 84 151998 178133 12 16000 25000 8 16000 25000 34
1787063778448550 10 0 0 10 10 10 0 0 0 0 0 0 85 21 21 0 240 155 134 0 134 0 0 0 274936 35160 0 240 125301 387577 47472106 30841 126041 925651964 925651964 0 31542474 0 1.000000 2303 9212 16794463 19677855 3108 3849 88 160000 250000 84 151998 178133 12 16000 25000 8 16000 25000 34
1787063778496793 10 0 0 10 10 10 0 0 0 0 0 0 84 21 21 0 240 156 135 0 135 0 0 0 277263 35272 0 240 125371 387603 47517697 30931 127165 930795084 930795084 0 31858223 0 1.000000 2319 9276 16911142 19814530 3940 3859 88 160000 250000 84 154665 181258 12 16000 25000 8 16000 25000 35
1787063778798112 10 0 0 10 10 10 0 0 0 0 0 0 83 21 21 0 240 157 136 0 136 0 0 0 279380 35370 0 241 125456 387622 47816576 31019 128067 936242297 936242297 0 32173972 0 1.000000 2340 9360 16936920 19844753 2478 3725 88 160000 250000 84 154665 181259 12 16000 25000 8 16000 25000 35
1787063779114606 10 0 0 10 10 10 0 0 0 0 0 0 82 21 21 0 240 158 137 0 137 0 0 0 280650 35476 0 243 125519 387639 48131515 31090 128983 941605561 941605561 0 32173972 0 1.000000 2368 9472 17139584 20082211 2518 3608 88 160000 250000 84 151998 178132 12 16000 25000 8 16000 25000 35
1787063779174460 10 0 0 10 10 10 0 0 0 0 0 0 81 21 21 0 240 159 138 0 138 0 0 0 282175 35559 0 243 125585 387659 48189598 31143 130110 946597472 946597472 0 32173972 0 1.000000 2275 9100 16590275 19438575 918 3347 88 160000 250000 84 154665 181257 12 16000 25000 8 16000 25000 35
1787063779349433 10 0 0 10 10 10 0 0 0 0 0 0 80 21 21 0 240 160 139 0 139 0 0 0 283397 35642 0 244 125640 387676 48363134 31180 131015 951885504 951885504 0 32173972 0 1.000000 2274 9096 16582983 19430031 4482 3458 88 160000 250000 84 151998 178132 12 16000 25000 8 16000 25000 35
1787063779420916 10 0 0 10 10 10 0 0 0 0 0 0 76 24 24 0 240 164 140 0 140 0 0 0 287671 35732 0 244 125849 387702 48429950 31219 133431 956157343 956157343 0 32176326 0 1.000000 2227 8908 16240239 19028409 1025 3222 88 160000 250000 84 151998 178139 12 16000 25000 8 16000 25000 35
1787063779614286 10 0 0 10 10 10 0 0 0 0 0 0 72 27 27 0 240 168 141 0 141 0 0 0 290966 35827 0 246 126073 387728 48619612 31258 135575 961675133 961675133 0 32176326 0 1.000000 2203 8812 16065221 18823309 1144 3021 88 160000 250000 84 151998 178146 12 16000 25000 8 16000 25000 35
1787063779715539 10 0 0 10 10 10 0 0 0 0 0 0 68 30 30 0 240 172 142 0 142 0 0 0 295006 35922 0 247 126289 387766 48716395 31300 138386 967086909 967086909 0 32176326 0 1.000000 2198 8792 16028758 18780554 1608 2884 88 160000 250000 84 151998 178153 12 16000 25000 8 16000 25000 35
1787063780323598 10 0 0 10 10 10 0 0 0 0 0 0 64 33 33 0 240 176 143 0 143 0 0 0 299287 36041 0 248 126514 387803 49319716 31340 141427 978586756 978586756 0 32176326 0 1.000000 2155 8620 15715184 18413112 1077 2709 88 160000 250000 84 151998 178161 12 16000 25000 8 16000 25000 35
1787063781014377 10 0 0 10 10 10 0 0 0 0 0 0 60 36 36 0 240 180 144 0 144 0 0 0 302854 36158 0 249 126730 387838 50006479 31389 143826 983896636 983896636 0 32176326 0 1.000000 2217 8868 16167315 18942863 5811 3013 88 160000 250000 84 151998 178167 12 16000 25000 8 16000 25000 35
1787063781364623 10 0 0 10 10 10 0 0 0 0 0 0 56 39 39 0 240 184 145 0 145 0 0 0 306679 36268 0 250 126960 387877 50352415 31461 146461 989014286 989014286 0 32176326 0 1.000000 2254 9016 16437134 19258970 2601 2974 88 160000 250000 84 151998 178173 12 16000 25000 8 16000 25000 35
1787063781478010 10 0 0 10 10 10 0 0 0 0 0 0 52 42 42 0 240 188 146 0 146 0 0 0 309767 36362 0 252 127171 387909 50462289 31522 148560 994580087 994580087 0 32176326 0 1.000000 2243 8972 16479001 19307973 1510 2832 88 160000 250000 84 151998 178179 12 16000 25000 8 16000 25000 35
1787063781557720 10 0 0 10 10 10 0 0 0 0 0 0 48 45 45 0 240 192 147 0 147 0 0 0 312899 36470 0 253 127421 387942 50538400 31565 150621 998809154 998809154 0 32176326 0 1.000000 2256 9024 16574510 19419879 2896 2839 88 160000 250000 84 151998 178178 12 16000 25000 8 16000 25000 35
1787063781581372 10 0 0 10 10 10 0 0 0 0 0 0 44 48 48 0 240 196 148 0 148 0 0 0 315279 36570 0 255 127595 387969 50559308 31602 152019 1004360346 1004360346 0 32176326 0 1.000000 2296 9184 16993352 19910573 1657 2724 88 160000 250000 84 151998 178175 12 16000 25000 8 16000 25000 35
1787063781691808 10 0 0 10 10 10 0 0 0 0 0 0 40 51 51 0 240 200 149 0 149 0 0 0 318141 36662 0 256 127824 388002 50666460 31641 153875 1009390042 1009390042 0 32176326 0 1.000000 2276 9104 16845327 19737101 2528 2706 88 160000 250000 84 154665 181305 12 16000 25000 8 16000 25000 35
1787063781709169 10 0 0 10 10 10 0 0 0 0 0 0 36 54 54 0 240 204 150 0 150 0 0 0 320808 36756 0 257 128050 388037 50680727 31680 155546 1014836469 1014836469 0 32176326 0 1.000000 2291 9164 16831650 19721092 1465 2586 88 160000 250000 84 151997 178179 12 16000 25000 8 16000 25000 35
1787063781862058 10 0 0 10 10 10 0 0 0 0 0 0 32 57 57 0 240 208 151 0 151 0 0 0 323051 36845 0 258 128255 388069 50830981 31717 156899 1020030683 1020030683 0 32176326 0 1.000000 2278 9112 16860129 19754410 2842 2612 88 160000 250000 84 154664 181300 12 16000 25000 8 16000 25000 35
1787063782096186 10 0 0 10 10 10 0 0 0 0 0 0 28 60 60 0 240 212 152 0 152 0 0 0 324982 36955 0 259 128427 388103 51062795 31754 157935 1025299252 1025299252 0 32176326 0 1.000000 2262 9048 16618591 19471389 5916 2935 88 160000 250000 84 154663 181297 12 16000 25000 8 16000 25000 35
1787063782228864 10 0 0 10 10 10 0 0 0 0 0 0 24 63 63 0 240 216 153 0 153 0 0 0 326864 37048 0 260 128620 388147 51193193 31795 158880 1030842746 1030842746 0 32176326 0 1.000000 2243 8972 16356918 19164810 2760 2919 88 160000 250000 84 151995 178170 12 16000 25000 8 16000 25000 35
1787063782359289 10 0 0 10 10 10 0 0 0 0 0 0 20 66 66 0 240 220 154 0 154 0 0 0 328352 37139 0 261 128791 388177 51321773 31831 159599 1035716815 1035716815 0 32176326 0 1.000000 2202 8808 16057928 18814461 1271 2759 88 160000 250000 84 151995 178167 12 16000 25000 8 16000 25000 35
1787063783855154 10 0 0 10 10 10 0 0 0 0 0 0 16 69 69 0 240 224 155 0 155 0 0 0 329953 37276 0 262 129051 388218 52815525 31871 160339 1041120692 1041120692 0 32176326 0 1.000000 2201 8804 16050636 18805884 1686 2655 88 160000 250000 84 151995 178165 12 16000 25000 8 16000 25000 35
1787063783920279 10 0 0 10 10 10 0 0 0 0 0 0 12 72 72 0 240 228 156 0 156 0 0 0 331143 37373 0 263 129233 388248 52878976 32015 160788 1046240221 1046240221 0 32176326 0 1.000000 2194 8776 15999589 18746040 2206 2612 88 160000 250000 84 154662 181297 12 16000 25000 8 16000 25000 35
1787063783925689 10 0 0 10 10 10 0 0 0 0 0 0 8 75 75 0 240 232 157 0 157 0 0 0 332203 37460 0 264 129406 388277 52882972 32051 161088 1051666691 1051666691 0 32176326 0 1.000000 2190 8760 15851220 18572184 2110 2564 88 160000 250000 84 154661 181294 12 16000 25000 8 16000 25000 35
1787063784048002 10 0 0 10 10 10 0 0 0 0 0 0 4 78 78 0 240 236 158 0 158 0 0 0 333017 40618 0 3329 129612 388310 53001006 32085 161211 1056354000 1056354000 0 32176326 2150 1.000000 2220 8880 15947529 18685038 2464 2555 88 160000 250000 87 157993 185196 12 16000 25000 8 16000 25000 35
1787063784123076 10 0 0 10 10 10 0 0 0 0 0 0 3 78 78 0 240 237 159 0 159 0 0 0 333242 40708 0 3330 129725 388331 53072703 34988 161234 1061301611 1061301611 0 32176326 2150 1.000000 2126 8374 15011947 17588865 477 2354 88 160000 250000 84 154660 181286 12 16000 25000 8 16000 25000 35
1787063784156217 10 0 0 10 10 10 0 0 0 0 0 0 2 78 78 0 240 238 160 0 160 0 0 0 333416 42661 0 5205 129770 388346 53103586 35030 161248 1066100151 1066100151 0 32176326 7592 1.000000 2154 8485 15092419 17683132 5998 2711 88 160000 250000 84 153993 180502 12 16000 25000 8 16000 25000 35
1787063784161775 10 0 0 10 10 10 0 0 0 0 0 0 2 77 77 0 240 238 161 0 161 0 0 0 333419 44373 0 6834 129816 388360 53105639 36735 161248 1070906043 1070906043 0 32176326 7680 1.000000 2066 8012 14335300 16796011 684 2514 88 160000 250000 83 151993 178159 12 16000 25000 8 16000 25000 35
1787063784289322 10 0 0 10 10 10 0 0 0 0 0 0 2 76 76 0 240 238 162 0 162 0 0 0 333424 46144 0 8520 129869 388375 53230499 37555 161248 1075838185 1075838185 0 32176326 8566 1.000000 2007 7660 13680163 16028394 766 2344 88 160000 250000 82 149993 175816 12 16000 25000 8 16000 25000 35
1787063784562033 10 0 0 10 10 10 0 0 0 0 0 0 2 75 75 0 240 238 163 0 163 0 0 0 333430 48184 0 10460 129912 388391 53499872 38763 161248 1080778068 1080778068 0 32176326 10722 1.000000 1942 7293 12999313 15230651 738 2188 88 160000 250000 81 147993 173467 12 16000 25000 8 16000 25000 35
1787063784587249 10 0 0 10 10 10 0 0 0 0 0 0 2 74 74 0 240 238 164 0 164 0 0 0 333434 50774 0 12967 129976 388407 53519716 41438 161248 1085744114 1085744114 0 32176326 16168 1.000000 1869 6904 12281810 14389994 698 2044 88 160000 250000 80 145993 171124 12 16000 25000 8 16000 25000 35
1787063784644434 10 0 0 10 10 10 0 0 0 0 0 0 2 73 73 0 240 238 165 0 165 0 0 0 333441 52696 0 14798 130032 388424 53573128 43185 161248 1090769596 1090769596 0 32176326 16256 1.000000 1814 6590 11796998 13821931 783 1922 88 160000 250000 79 143993 168781 12 16000 25000 8 16000 25000 35
1787063784692934 10 0 0 10 10 10 0 0 0 0 0 0 2 72 72 0 240 238 166 0 166 0 0 0 333459 54871 0 16815 130147 388453 53618279 44167 161248 1095842349 1095842349 0 32176326 17138 1.000000 1783 6368 11474115 13443593 1122 1844 88 160000 250000 78 141993 166438 12 16000 25000 8 16000 25000 35
1787063785225236 10 0 0 10 10 10 0 0 0 0 0 0 2 71 71 0 240 238 167 0 167 0 0 0 333466 56655 0 18469 130213 388474 54146992 45849 161248 1101344202 1101344202 0 32176326 17226 1.000000 1753 6154 11066403 12965877 937 1756 88 160000 250000 77 139993 164088 12 16000 25000 8 16000 25000 35
1787063785244658 10 0 0 10 10 10 0 0 0 0 0 0 1 71 71 0 240 239 168 0 168 0 0 0 333715 56748 0 18471 130271 388489 54165171 46649 161284 1107469392 1107469392 0 32176326 17226 1.000000 1697 5853 10505089 12308194 743 1658 88 160000 250000 74 133993 157050 12 16000 25000 8 16000 25000 35
1787063785256429 10 0 0 10 10 10 0 0 0 0 0 0 1 70 70 0 240 239 169 0 169 0 0 0 333719 58370 0 20012 130347 388511 54175146 46695 161284 1113001544 1113001544 0 32176326 17804 1.000000 1670 5760 10337948 12112340 1314 1625 88 160000 250000 73 131993 154708 12 16000 25000 8 16000 25000 35
1787063785466518 10 0 0 10 10 10 0 0 0 0 0 0 1 69 69 0 240 239 170 0 170 0 0 0 333724 60257 0 21780 130413 388531 54381946 47984 161284 1118137027 1118137027 0 32176326 17892 1.000000 1616 5475 9893746 11591865 690 1535 88 160000 250000 72 129993 152357 12 16000 25000 8 16000 25000 35
1787063785502179 10 0 0 10 10 10 0 0 0 0 0 0 1 68 68 0 240 239 171 0 171 0 0 0 333728 62020 0 23452 130461 388547 54414845 48882 161284 1123918102 1123918102 0 32176326 17980 1.000000 1577 5246 9461872 11085844 774 1461 88 160000 250000 71 127993 150014 12 16000 25000 8 16000 25000 35
1787063785515642 10 0 0 10 10 10 0 0 0 0 0 0 1 67 67 0 240 239 172 0 172 0 0 0 333730 63781 0 25110 130508 388564 54425760 49570 161284 1129104418 1129104418 0 32176326 19244 1.000000 1558 5088 9157098 10728762 1075 1424 88 160000 250000 70 125993 147671 12 16000 25000 8 16000 25000 35
1787063785603879 10 0 0 10 2 10 0 0 0 0 0 0 14 66 66 0 253 239 173 0 173 0 0 0 334222 65575 0 26789 130572 388588 54465867 95300 161752 1134377857 1134377857 0 32176326 19332 1.000000 1531 4906 8810937 10323166 1014 1385 88 160000 250000 69 123993 145328 12 16000 25000 8 16000 25000 35
1787063785606317 10 0 0 10 2 10 0 0 0 0 0 0 14 65 65 0 253 239 174 0 174 0 0 0 334222 67125 0 28254 130607 388598 54465871 96112 161752 1139654066 1139654066 0 32176326 19420 1.000000 1509 4743 8499551 9958315 825 1331 88 160000 250000 68 121993 142985 12 16000 25000 8 16000 25000 35
1787063785701250 10 0 0 10 2 10 0 0 0 0 0 0 14 64 64 0 253 239 175 0 175 0 0 0 334663 68912 0 29947 130661 388616 54557861 96729 162170 1144332764 1144332764 0 32176326 19508 1.000000 1485 4577 8182532 9586865 835 1284 88 160000 250000 67 119993 140635 12 16000 25000 8 16000 25000 35
1787063785809581 10 0 0 10 2 10 0 0 0 0 0 0 14 63 63 0 253 239 176 0 176 0 0 0 335124 70490 0 31433 130710 388632 54663253 97539 162615 1149121382 1149121382 0 32176326 19596 1.000000 1448 4374 7801352 9140264 636 1222 88 160000 250000 66 117993 138292 12 16000 25000 8 16000 25000 35
1787063785817802 10 0 0 10 2 10 0 0 0 0 0 0 14 62 62 0 253 239 177 0 177 0 0 0 335574 72393 0 33248 130762 388647 54668346 98222 163054 1153565959 1153565959 0 32176326 23234 1.000000 1405 4158 7397641 8667266 783 1181 88 160000 250000 65 115993 135942 12 16000 25000 8 16000 25000 35
1787063785941550 10 0 0 10 2 10 0 0 0 0 0 0 51 61 57 4 290 239 178 0 178 0 0 0 335574 74141 0 34889 130902 388659 54668358 220028 163054 1176856366 1158112593 0 32176326 23814 1.000000 1325 3840 6886296 8068135 554 1121 88 160000 250000 62 109993 133601 12 16000 25000 8 16000 25000 35
1787063785962601 10 0 0 10 2 10 0 0 0 0 0 0 57 59 57 2 296 239 180 0 180 0 0 0 335574 77577 0 38149 130902 388668 54668364 237599 163054 1176856366 1167123828 0 32176326 24770 1.000000 806 2238 4035429 4727980 49 979 88 160000 250000 62 109993 128915 12 16000 25000 8 16000 25000 35
1787063785992632 10 0 0 10 2 10 0 0 0 0 0 0 67 58 57 1 306 239 181 0 181 0 0 0 335574 79412 0 39885 130902 388688 54668370 265742 163054 1176856366 1172012739 0 32176326 24858 1.000000 632 1716 3121268 3656920 51 889 88 160000 250000 60 105993 126570 12 16000 25000 8 16000 25000 35
1787063785995160 10 0 0 10 2 10 0 0 0 0 0 0 67 57 57 0 306 239 182 0 182 0 0 0 335574 80966 0 41351 130902 388697 54668374 266677 163054 1176856366 1176856366 0 32176326 24946 1.000000 520 1380 2504458 2934257 55 809 88 160000 250000 60 105993 124227 12 16000 25000 8 16000 25000 35
1787063786192048 10 0 1 9 2 10 0 0 0 0 0 0 67 56 56 0 306 239 183 0 183 0 0 0 336931 81091 0 41353 130978 388714 54863035 267306 164292 1193968630 1193968630 0 32176326 24946 1.000000 409 1061 1919771 2249229 36 735 88 160000 250000 56 97993 114853 12 16000 25000 8 16000 25000 35
1787063786907085 10 0 0 10 2 10 0 0 0 0 0 0 66 56 56 0 306 240 184 0 184 0 0 0 340773 83203 0 43327 131090 388737 55571854 267405 167780 1198508271 1198508271 0 32176326 25034 1.000000 427 1107 2004260 2348224 20844 2697 88 160000 250000 56 97993 114854 12 16000 25000 8 16000 25000 35
1787063786909904 10 0 0 10 2 10 0 0 0 0 0 0 66 55 55 0 306 240 185 0 185 0 0 0 340773 84845 0 44877 131137 388747 55571859 268494 167780 1203053330 1203053330 0 32176326 25122 1.000000 423 1071 1956712 2292507 617 2495 88 160000 250000 55 95993 112511 12 16000 25000 8 16000 25000 35
1787063786937765 10 0 0 10 2 10 0 0 0 0 0 0 66 54 54 0 306 240 186 0 186 0 0 0 343328 86510 0 46443 131192 388764 55594759 269137 170142 1208290806 1208290806 0 32176326 25210 1.000000 419 1035 1909708 2237428 847 2335 88 160000 250000 54 94660 110942 12 16000 25000 8 16000 25000 35
1787063786958344 10 0 0 10 2 10 0 0 0 0 0 0 66 53 53 0 306 240 187 0 187 0 0 0 345896 88056 0 47908 131239 388780 55610418 269856 172655 1212882812 1212882812 0 32176326 25298 1.000000 417 1005 1843855 2160267 650 2171 88 160000 250000 53 92660 108599 12 16000 25000 8 16000 25000 35
1787063786973306 10 0 0 10 2 10 0 0 0 0 0 0 66 52 52 0 306 240 188 0 188 0 0 0 347171 89871 0 49643 131284 388793 55621560 270501 173909 1217622413 1217622413 0 32176326 26650 1.000000 413 970 1798076 2106623 690 2027 88 160000 250000 52 90660 106256 12 16000 25000 8 16000 25000 35
1787063787093317 10 0 1 9 2 10 0 0 0 0 0 0 80 51 51 0 320 240 189 0 189 0 0 0 350387 91668 0 51339 131340 388813 55691670 315288 176981 1222348081 1222348081 0 32176326 26738 1.000000 413 944 1747505 2047372 1015 1929 88 160000 250000 51 88660 103913 12 16000 25000 8 16000 25000 35
1787063787274726 10 0 1 9 2 10 0 0 0 0 0 0 80 50 50 0 320 240 190 0 190 0 0 0 353424 93428 0 53010 131395 388828 55867422 316051 179959 1228135246 1228135246 0 32176326 26826 1.000000 411 915 1688716 1978494 608 1801 88 160000 250000 50 86660 101570 12 16000 25000 8 16000 25000 35
1787063787522007 10 0 1 9 2 10 0 0 0 0 0 0 80 49 49 0 320 240 191 0 191 0 0 0 356569 95464 0 54939 131458 388845 56108730 316735 183013 1234066776 1234066776 0 32176326 26914 1.000000 408 883 1626430 1905519 659 1690 88 160000 250000 49 84660 99226 12 16000 25000 8 16000 25000 35
1787063787616550 10 0 1 9 2 10 0 0 0 0 0 0 80 48 48 0 320 240 192 0 192 0 0 0 359677 97176 0 56556 131554 388861 56197488 317562 186045 1240094990 1240094990 0 32176326 27002 1.000000 407 856 1572607 1842458 694 1594 88 160000 250000 48 82660 96883 12 16000 25000 8 16000 25000 35
1787063787633965 10 0 1 9 2 10 0 0 0 0 0 0 80 47 47 0 320 240 193 0 193 0 0 0 362770 98796 0 58089 131604 388877 56209374 318288 189071 1246139998 1246139998 0 32176326 27090 1.000000 395 807 1477873 1731461 890 1526 88 160000 250000 47 80660 94540 12 16000 25000 8 16000 25000 35
1787063787675350 10 0 1 9 2 10 0 0 0 0 0 0 80 46 46 0 320 240 194 0 194 0 0 0 365860 100528 0 59740 131659 388892 56235377 328755 192097 1252223865 1252223865 0 32176326 27178 1.000000 393 778 1422267 1666312 841 1460 88 160000 250000 46 78660 92197 12 16000 25000 8 16000 25000 35
1787063788380096 10 0 1 9 2 10 0 0 0 0 0 0 80 45 45 0 320 240 195 0 195 0 0 0 369139 102334 0 61434 131737 388912 56934308 329359 195184 1256669627 1256669627 0 32176326 31134 1.000000 391 751 1367152 1601738 649 1382 88 160000 250000 45 77327 90635 12 16000 25000 8 16000 25000 35
1787063788529618 10 0 1 9 2 10 0 0 0 0 0 0 120 44 43 1 360 240 196 0 196 0 0 0 369139 104486 0 63455 131815 388925 56934325 476592 195184 1265787222 1261199037 0 32176326 32691 1.000000 386 717 1297150 1519716 540 1300 88 160000 250000 43 73327 88292 12 16000 25000 8 16000 25000 35
1787063788583068 10 0 1 9 2 10 0 0 0 0 0 0 136 43 42 1 376 240 197 0 197 0 0 0 369139 106402 0 65265 131859 388935 56934337 528031 195184 1270503806 1265787222 0 32176326 40707 1.000000 320 575 1036174 1213960 32 1177 88 160000 250000 42 71327 85949 12 16000 25000 8 16000 25000 35
1787063788936905 10 0 2 8 2 10 0 0 0 0 0 0 217 42 41 1 457 240 198 0 198 0 0 0 369139 108351 0 67093 131913 388947 56934355 879806 195184 1275435247 1270718663 0 32176326 46748 1.000000 273 474 850557 996494 33 1066 88 160000 250000 41 69327 83606 12 16000 25000 8 16000 25000 35
1787063789522774 10 0 2 8 2 10 0 0 0 0 0 0 278 41 40 1 518 240 199 0 199 0 0 0 369139 110325 0 68940 131976 388958 56934373 1463578 195184 1280504981 1275788397 0 32176326 47424 1.000000 237 397 722275 846196 33 966 88 160000 250000 40 67327 81263 12 16000 25000 8 16000 25000 35
1787063789576293 10 0 2 8 2 10 0 0 0 0 0 0 285 40 40 0 525 240 200 0 200 0 0 0 369139 112309 0 70820 131976 388969 56934380 1515067 195184 1280504981 1280504981 0 32176326 49477 1.000000 174 281 508972 596295 13 874 88 160000 250000 40 67327 78920 12 16000 25000 8 16000 25000 35
1787063790238152 10 0 3 7 2 10 0 0 0 0 0 0 306 39 39 0 546 240 201 0 201 0 0 0 369139 114250 0 72618 132028 388981 56934396 2174877 195184 1285146846 1285146846 0 32176326 49565 1.000000 104 162 297139 348116 5 790 88 160000 250000 39 65327 76577 12 16000 25000 8 16000 25000 35
1787063790510899 10 0 4 6 2 10 0 0 0 0 0 0 306 38 38 0 546 240 202 0 202 0 0 0 377876 116023 0 74284 132096 389009 57195712 2175670 203217 1289458841 1289458841 0 32176326 50041 1.000000 91 136 253807 297348 14 716 88 160000 250000 38 63327 74233 12 16000 25000 8 16000 25000 35
1787063790864451 10 0 4 6 2 10 0 0 0 0 0 0 311 37 37 0 551 240 203 0 203 0 0 0 384149 117857 0 75999 132171 389034 57525887 2190809 209075 1298606973 1298606973 0 32176326 50129 1.000000 91 130 242664 284292 656 711 88 160000 250000 37 61327 71890 12 16000 25000 8 16000 25000 35
1787063790877435 10 0 4 6 2 10 0 0 0 0 0 0 311 36 36 0 551 240 204 0 204 0 0 0 392497 119434 0 77484 132230 389055 57527981 2191667 216941 1309759570 1309759570 0 32176326 50217 1.000000 92 126 234065 274218 1356 775 88 160000 250000 36 59327 69547 12 16000 25000 8 16000 25000 35
1787063790883797 10 0 4 6 2 10 0 0 0 0 0 0 311 35 35 0 551 240 205 0 205 0 0 0 396390 121061 0 79023 132274 389068 57527988 2192417 220727 1318925686 1318925686 0 32176326 51283 1.000000 94 123 227644 266693 1275 824 88 160000 250000 35 57327 67204 12 16000 25000 8 16000 25000 35
1787063790948886 10 0 4 6 2 10 0 0 0 0 0 0 322 34 34 0 562 240 206 0 206 0 0 0 404682 122696 0 80556 132330 389089 57546858 2228603 228640 1328155937 1328155937 0 32176326 51371 1.000000 95 119 223603 261959 1173 859 88 160000 250000 34 55327 64861 12 16000 25000 8 16000 25000 35
1787063791980037 10 0 4 6 2 10 0 0 0 0 0 0 322 33 33 0 562 240 207 0 207 0 0 0 419742 124621 0 82359 132424 389119 58560090 2229380 242937 1338648328 1338648328 0 32176326 51459 1.000000 96 114 219427 257064 1035 877 88 160000 250000 33 53327 62518 12 16000 25000 8 16000 25000 35
1787063792031198 10 0 4 6 2 10 0 0 0 0 0 0 322 32 32 0 562 240 208 0 208 0 0 0 428006 126345 0 83994 132485 389140 58600201 2230332 250945 1349192549 1349192549 0 32176326 51547 1.000000 98 116 223998 262419 1160 906 88 160000 250000 32 51327 60175 12 16000 25000 8 16000 25000 35
1787063792061076 10 0 4 6 2 10 0 0 0 0 0 0 322 31 31 0 562 240 209 0 209 0 0 0 436144 128090 0 85645 132539 389161 58619354 2231068 258860 1359017239 1359017239 0 32176326 51635 1.000000 100 113 221768 259805 1201 935 88 160000 250000 31 49327 57832 12 16000 25000 8 16000 25000 35
1787063792090380 10 0 4 6 2 10 0 0 0 0 0 0 322 30 30 0 562 240 210 0 210 0 0 0 444363 129790 0 87254 132595 389178 58637909 2231796 266857 1368871600 1368871600 0 32176326 51723 1.000000 102 115 226203 265001 1406 982 88 160000 250000 30 47327 55489 12 16000 25000 8 16000 25000 35
1787063792169163 10 0 5 5 2 10 0 0 0 0 0 0 322 29 29 0 562 240 211 0 211 0 0 0 450536 131449 0 88823 132660 389197 58708091 2232456 272867 1378806054 1378806054 0 32176326 51811 1.000000 104 117 230639 270197 1452 1029 88 160000 250000 29 45327 53146 12 16000 25000 8 16000 25000 35
1787063792719972 10 0 5 5 2 10 0 0 0 0 0 0 322 28 28 0 562 240 212 0 212 0 0 0 458797 133199 0 90473 132730 389220 59247941 2233282 280798 1389655188 1389655188 0 32176326 51899 1.000000 105 118 232856 272795 1931 1118 88 160000 250000 28 43994 51585 12 16000 25000 8 16000 25000 35
1787063792733842 10 0 5 5 2 10 0 0 0 0 0 0 322 27 27 0 562 240 213 0 213 0 0 0 467097 134977 0 92161 132778 389242 59250731 2234189 288756 1400687921 1400687921 0 32176326 56666 1.000000 107 121 235835 276285 1358 1142 88 160000 250000 27 42661 50023 12 16000 25000 8 16000 25000 35
1787063792894390 10 0 5 5 2 10 0 0 0 0 0 0 371 26 26 0 611 240 214 0 214 0 0 0 467097 137058 0 94115 132827 389253 59250746 2392552 288756 1411767383 1411767383 0 32176326 57456 1.000000 109 123 238759 279711 1288 1157 88 160000 250000 26 41328 48462 12 16000 25000 8 16000 25000 35
1787063794261320 10 0 5 5 2 10 0 0 0 0 0 0 379 25 25 0 619 240 215 0 215 0 0 0 483146 139137 0 96058 132932 389293 60575227 2416698 303481 1422097891 1422097891 0 32176326 57644 1.000000 107 121 232922 272872 91 1054 88 160000 250000 25 39995 46900 12 16000 25000 8 16000 25000 35
1787063794301687 10 0 5 5 2 10 0 0 0 0 0 0 381 24 24 0 621 240 216 0 216 0 0 0 492925 140863 0 97682 132989 389316 60598268 2422409 312544 1432471028 1432471028 0 32176326 57732 1.000000 109 123 235792 276234 2113 1158 88 160000 250000 24 38662 45339 12 16000 25000 8 16000 25000 35
1787063794314570 10 0 5 5 2 10 0 0 0 0 0 0 381 23 23 0 621 240 217 0 217 0 0 0 502240 142806 0 99520 133041 389337 60598935 2423260 321551 1442850201 1442850201 0 32176326 59845 1.000000 110 124 236458 277014 1324 1175 88 160000 250000 23 37329 43777 12 16000 25000 8 16000 25000 35
1787063794396012 10 0 5 5 2 10 0 0 0 0 0 0 403 22 22 0 643 240 218 0 218 0 0 0 502240 144654 0 101257 133085 389348 60598943 2502766 321551 1453241898 1453241898 0 32176326 59933 1.000000 112 119 225518 264196 1159 1175 88 160000 250000 22 35996 42216 12 16000 25000 8 16000 25000 35
1787063794450170 10 0 5 5 2 10 0 0 0 0 0 0 403 21 21 0 643 240 219 0 219 0 0 0 512484 146502 0 103004 133147 389371 60640070 2503591 331145 1463762526 1463762526 0 32176326 60021 1.000000 111 118 221994 260067 125 1074 88 160000 250000 21 34663 40654 12 16000 25000 8 16000 25000 35
1787063795064038 10 0 6 4 2 10 0 0 0 0 0 0 403 20 20 0 643 240 220 0 220 0 0 0 522393 148311 0 104709 133225 389393 61241271 2504403 340535 1477110235 1477110235 0 32176326 60109 1.000000 112 119 222469 260623 1212 1088 88 160000 250000 20 32663 38311 12 16000 25000 8 16000 25000 35
1787063796873339 10 0 7 3 2 10 0 0 0 0 0 0 403 19 19 0 643 240 221 0 221 0 0 0 540811 150218 0 106496 133338 389439 63029120 2505337 357689 1492497248 1492497248 0 32176326 60197 1.000000 115 123 228428 267604 1918 1170 88 160000 250000 19 30663 35968 12 16000 25000 8 16000 25000 35
1787063798372192 10 0 7 3 2 10 0 0 0 0 0 0 403 18 18 0 643 240 222 0 222 0 0 0 559200 152245 0 108399 133447 389479 64506350 2506361 374768 1506934188 1506934188 0 32176326 62899 1.000000 118 126 234387 274585 1954 1248 88 160000 250000 18 29330 34407 12 16000 25000 8 16000 25000 35
1787063798467020 10 0 7 3 2 10 0 0 0 0 0 0 431 17 17 0 671 240 223 0 223 0 0 0 559200 153963 0 110005 133494 389491 64506362 2599369 374768 1521208254 1521208254 0 32176326 62987 1.000000 121 129 238699 279636 1610 1285 88 160000 250000 17 27997 32845 12 16000 25000 8 16000 25000 35
1787063798491852 10 0 8 2 2 10 0 0 0 0 0 0 431 16 16 0 671 240 224 0 224 0 0 0 569912 155606 0 111556 133546 389516 64517939 2600160 384777 1535772608 1535772608 0 32176326 63075 1.000000 121 129 237052 277707 205 1180 88 160000 250000 16 26664 31284 12 16000 25000 8 16000 25000 35
1787063798626113 10 0 7 3 2 10 0 0 0 0 0 0 430 16 16 0 671 241 225 0 225 0 0 0 584954 157377 0 113224 133683 389546 64634484 2600869 393864 1552529154 1552529154 0 32817236 64630 1.000000 124 132 241241 282614 2072 1268 88 160000 250000 27 41331 48475 12 16000 25000 8 16000 25000 36
1787063803596893 10 0 7 3 2 10 0 0 0 0 0 0 446 15 14 1 687 241 226 0 226 0 0 0 630070 159562 0 115269 134209 389639 69506236 2651920 435154 1595747360 1574257374 0 32817236 65994 1.000000 128 136 247281 289689 2360 1375 88 160000 250000 25 38665 46914 12 16000 25000 8 16000 25000 36
1787063803645676 10 0 7 3 2 10 0 0 0 0 0 0 460 14 13 1 701 241 227 0 227 0 0 0 630070 161167 0 116768 134249 389653 69506243 2699009 435154 1617480001 1595990015 0 32817236 66082 1.000000 134 143 257048 301131 3401 1574 88 160000 250000 24 37332 45352 12 16000 25000 8 16000 25000 36
1787063803648105 10 0 7 3 2 10 0 0 0 0 0 0 460 13 12 1 701 241 228 0 228 0 0 0 630070 162829 0 118344 134291 389663 69506246 2699693 435154 1639024539 1617534553 0 32817236 66170 1.000000 138 147 262843 307919 432 1463 88 160000 250000 23 35999 43791 12 16000 25000 8 16000 25000 36
1787063803650706 10 0 7 3 2 10 0 0 0 0 0 0 460 12 12 0 701 241 229 0 229 0 0 0 630070 164666 0 120091 134291 389673 69506249 2700420 435154 1639024539 1639024539 0 32817236 66357 1.000000 147 156 277983 325656 3080 1621 88 160000 250000 23 35999 42229 12 16000 25000 8 16000 25000 36
1787063808208638 10 0 8 2 2 10 0 0 0 0 0 0 462 11 11 0 703 241 230 0 230 0 0 0 677531 165057 0 120327 134414 389783 74011522 2704946 478228 1648731722 1648731722 0 32817236 66357 1.000000 154 164 289124 338708 338 1497 88 160000 250000 11 19999 23480 12 16000 25000 8 16000 25000 39
1787063808412808 10 0 7 3 2 10 0 0 0 0 0 0 461 11 11 0 703 242 231 0 231 0 0 0 694808 166874 0 121987 136130 389919 74194506 2705140 488638 1675038914 1675038914 0 33458146 66445 1.000000 160 206 346103 405466 1118 1461 88 160000 250000 22 34666 40669 12 16000 25000 8 16000 25000 40
1787063817464315 10 0 7 3 2 10 0 0 0 0 0 0 461 12 11 1 703 242 231 0 231 0 0 0 774536 166894 0 121987 136254 390029 83163516 2707555 562623 1684285830 1675038914 0 33458146 66445 1.000000 175 225 376168 440687 3002 1539 88 160000 250000 22 34666 40674 12 16000 25000 8 16000 25000 44
1787063817464736 10 0 8 2 2 10 0 0 0 0 0 0 461 10 10 0 703 242 232 0 232 0 0 0 774536 167271 0 122237 136320 390041 83163516 2707555 562623 1684285830 1684285830 0 33458146 66445 1.000000 175 225 376168 440687 3002 1683 88 160000 250000 10 18666 21923 12 16000 25000 8 16000 25000 44
1787063822505657 10 0 7 3 2 10 0 0 0 0 0 0 460 12 11 1 703 243 232 0 232 0 0 0 823004 167282 0 122237 136423 390095 88155433 2707775 602386 1725095368 1684285830 0 34099056 66445 1.000000 171 248 395489 463313 1053 1652 88 160000 250000 22 34666 40671 12 16000 25000 8 16000 25000 44
1787063822508725 10 0 7 3 2 10 0 0 0 0 0 0 460 10 10 0 703 243 233 0 233 0 0 0 823004 170318 0 125136 136561 390095 88155433 2707775 602386 1725095368 1725095368 0 34099056 66533 1.000000 171 248 395489 463313 1053 1595 88 160000 250000 21 33333 39108 12 16000 25000 8 16000 25000 44
1787063822603635 10 0 8 2 2 10 0 0 0 0 0 0 460 9 9 0 703 243 234 0 234 0 0 0 833420 172229 0 126950 136631 390140 88236889 2708762 612037 1765594870 1765594870 0 34099056 66621 32.399902 184 267 423050 495601 5703 1997 88 160000 250000 20 32000 37547 12 16000 25000 8 16000 25000 44
1787063826263275 10 0 8 2 2 10 0 0 0 0 0 0 459 9 9 0 703 244 235 0 235 0 0 0 870757 172581 0 127176 136891 390223 91857608 2709609 641444 1774386032 1774386032 0 34739966 66621 31.815335 196 284 447972 524796 5223 2313 88 160000 250000 20 32000 37557 12 16000 25000 8 16000 25000 48
1787063830087935 10 0 7 3 2 10 0 0 0 0 0 0 458 9 9 0 703 245 236 0 236 0 0 0 908647 174504 0 128953 137086 390289 95641887 2709870 670979 1825047328 1825047328 0 35380876 67206 31.210723 198 332 511810 599568 1268 2212 88 160000 250000 31 46000 53952 12 16000 25000 8 16000 25000 49
1787063831974657 10 0 8 2 2 10 0 0 0 0 0 0 458 8 8 0 703 245 237 0 237 0 0 0 927762 175044 0 129372 137182 390327 97507103 2711554 688694 1834408328 1834408328 0 35380876 67206 30.654463 214 359 553169 648018 10388 3010 88 160000 250000 19 30000 35203 12 16000 25000 8 16000 25000 53
1787063834821942 10 0 8 2 2 10 0 0 0 0 0 0 457 8 8 0 703 246 238 0 238 0 0 0 958750 175381 0 129591 137370 390370 100322551 2711797 712589 1842959740 1842959740 0 36021786 67206 30.346710 215 409 617182 723019 1042 2819 88 160000 250000 19 30000 35212 12 16000 25000 8 16000 25000 57
1787063839877821 10 0 7 3 2 10 0 0 0 0 0 0 456 9 9 0 703 247 238 0 238 0 0 0 1008964 175392 0 129591 137470 390432 105327670 2712090 754267 1842959740 1842959740 0 36662696 67206 29.575874 217 461 684923 802348 1258 2741 88 160000 250000 31 46000 53954 12 16000 25000 8 16000 25000 57
1787063841080625 10 0 8 2 2 10 0 0 0 0 0 0 456 8 8 0 703 247 239 0 239 0 0 0 1025874 175732 0 129809 137553 390469 106512966 2712190 770079 1852056582 1852056582 0 36662696 67206 29.151289 217 461 684923 802348 1258 2597 88 160000 250000 19 30000 35208 12 16000 25000 8 16000 25000 61
1787063843612774 10 0 8 2 2 10 0 0 0 0 0 0 455 8 8 0 703 248 240 0 240 0 0 0 1067849 176074 0 130038 137720 390522 109002326 2712406 795438 1860838553 1860838553 0 37303606 67206 28.650956 218 512 750365 879010 1047 2447 88 160000 250000 19 30000 35218 12 16000 25000 8 16000 25000 65
1787063848667072 10 0 7 3 2 10 0 0 0 0 0 0 454 9 9 0 703 249 240 0 240 0 0 0 1117541 176084 0 130038 137808 390581 114006460 2712640 836718 1860838553 1860838553 0 37944516 67206 28.022652 219 564 816379 956301 1049 2378 88 160000 250000 31 46000 53957 12 16000 25000 8 16000 25000 66
1787063850206776 10 0 7 3 2 10 0 0 0 0 0 0 454 8 8 0 703 249 241 0 241 0 0 0 1132590 178155 0 132002 137911 390641 115528732 2712749 850728 1931618851 1931618851 0 37944516 67294 27.656704 219 564 816379 956301 1049 2249 88 160000 250000 30 44000 51614 12 16000 25000 8 16000 25000 66
1787063850239349 10 0 7 3 2 10 0 0 0 0 0 0 454 7 7 0 703 249 242 0 242 0 0 0 1142749 179982 0 133733 137973 390675 115548298 2713639 860296 2002430130 2002430130 0 37944516 67382 27.406155 241 620 898389 1052368 14419 3437 88 160000 250000 29 42000 49271 12 16000 25000 8 16000 25000 66
1787063850264811 10 0 7 3 2 10 0 0 0 0 0 0 454 6 6 0 703 249 243 0 243 0 0 0 1152555 181753 0 135417 138028 390701 115561305 2714409 869752 2073267860 2073267860 0 37944516 67470 27.168431 264 679 984128 1152801 10527 4129 88 160000 250000 28 40000 46928 12 16000 25000 8 16000 25000 66
1787063850494256 10 0 7 3 2 10 0 0 0 0 0 0 454 5 5 0 703 249 244 0 244 0 0 0 1162394 183621 0 137173 138083 390727 115778259 2715087 879264 2142198267 2142198267 0 37944516 67752 26.932333 287 738 1069866 1253234 11840 4882 88 160000 250000 27 38000 44585 12 16000 25000 8 16000 25000 66
1787063850526374 10 0 7 3 2 10 0 0 0 0 0 0 457 4 4 0 706 249 245 0 245 0 0 0 1172485 185350 0 138814 138140 390746 115787699 2725843 888784 2211160003 2211160003 0 37944516 70662 26.699930 310 798 1159824 1358612 11628 5541 88 160000 250000 26 36000 42242 12 16000 25000 8 16000 25000 66
1787063850627010 10 0 7 3 2 10 0 0 0 0 0 0 487 3 3 0 736 249 246 0 246 0 0 0 1172485 187154 0 140520 138182 390755 115787710 2824585 888784 2280178809 2280178809 0 37944516 71047 26.664774 349 898 1305738 1529534 11197 6093 88 160000 250000 25 34000 39899 12 16000 25000 8 16000 25000 66
1787063850729559 10 0 8 2 2 10 0 0 0 0 0 0 491 2 2 0 740 249 247 0 247 0 0 0 1181589 189003 0 142263 138246 390777 115867973 2835803 897239 2349345494 2349345494 0 37944516 71931 26.452299 385 990 1440427 1687308 1379 5635 88 160000 250000 24 32000 37556 12 16000 25000 8 16000 25000 66
1787063851074245 10 0 9 1 2 10 0 0 0 0 0 0 500 1 1 0 749 249 248 0 248 0 0 0 1192652 189316 0 142476 138304 390805 116171721 2865249 907520 2359320369 2359320369 0 37944516 71931 26.234550 433 1114 1620013 1897674 15139 6563 88 160000 250000 12 16000 18812 12 16000 25000 8 16000 25000 69
1787063852500280 10 0 9 1 2 10 0 0 0 0 0 0 499 1 1 0 749 250 249 0 249 0 0 0 1218059 189606 0 142675 138675 390841 117571443 2865421 926257 2368199011 2368199011 0 38585426 71931 26.189845 514 1438 2069920 2424670 544 5978 88 160000 250000 12 16000 18822 12 16000 25000 8 16000 25000 73
1787063857561255 10 0 8 2 2 10 0 0 0 0 0 0 498 2 2 0 749 251 249 0 249 0 0 0 1272935 189614 0 142675 139289 390896 122576563 2865648 970492 2368199011 2368199011 0 39226338 71931 25.624953 978 2954 4217915 4940572 1048 5732 88 160000 250000 24 32000 37544 12 16000 25000 8 16000 25000 74
1787063860326985 10 0 9 1 2 10 0 0 0 0 0 0 498 1 1 0 749 251 250 0 250 0 0 0 1297859 189916 0 142864 139385 390931 125316824 2865726 994108 2377444345 2377444345 0 39226338 71931 25.190469 978 2954 4217915 4940572 1048 5276 88 160000 250000 12 16000 18810 12 16000 25000 8 16000 25000 77
1787063862265021 10 0 9 1 2 10 0 0 0 0 0 0 497 1 1 0 749 252 251 0 251 0 0 0 1325486 190240 0 143078 139550 390962 127226477 2865931 1011062 2387199458 2387199458 0 39867250 71931 25.129193 1424 4621 6548279 7670071 1311 4890 88 160000 250000 12 16000 18828 12 16000 25000 8 16000 25000 82
1787063867328452 10 0 8 2 2 10 0 0 0 0 0 0 496 2 2 0 749 253 251 0 251 0 0 0 1383286 190249 0 143078 139644 391025 132231604 2866190 1054889 2387199458 2387199458 0 40510316 71931 24.595733 1426 4948 6964905 8157688 1076 4700 88 160000 250000 24 32000 37559 12 16000 25000 8 16000 25000 82
1787063869519172 10 0 8 2 2 10 0 0 0 0 0 0 495 2 2 0 749 254 252 0 252 0 0 0 1410596 190707 0 143439 139747 391062 134394287 2866274 1080160 2396378044 2396378044 0 40510316 71931 24.169221 1426 4948 6964905 8157688 1076 4347 88 160000 250000 16 24000 28226 12 16000 25000 8 16000 25000 136
1787063869783913 10 0 8 2 2 10 0 0 0 0 0 0 494 2 2 0 749 255 253 0 253 0 0 0 1464875 325093 0 277678 140114 391125 134469656 2866510 1123417 2396460594 2396460594 0 41153382 52345712 49.815239 1414 5224 7310294 8562045 694 3992 88 160000 250000 24 32000 37610 12 16000 25000 8 16000 25000 136
1787063871863819 10 0 9 1 2 10 0 0 0 0 0 0 494 1 1 0 749 255 254 0 254 0 0 0 1491822 325447 0 277905 140211 391166 136521862 2866726 1148566 2406046993 2406046993 0 41153382 52345712 49.066861 1142 4289 6043907 7078449 1 3604 88 160000 250000 12 16000 18883 12 16000 25000 8 16000 25000 140
1787063876925129 10 0 8 2 2 10 0 0 0 0 0 0 493 2 2 0 749 256 254 0 254 0 0 0 1547526 325454 0 277905 140308 391218 141526994 2866969 1192269 2406046993 2406046993 0 41796448 52345712 47.934820 1137 4525 6342303 7427575 803 3464 88 160000 250000 24 32000 37611 12 16000 25000 8 16000 25000 140
1787063878387291 10 0 9 1 2 10 0 0 0 0 0 0 493 1 1 0 749 256 255 0 255 0 0 0 1563685 325740 0 278085 140404 391244 142972464 2867048 1207314 2414903836 2414903836 0 41796448 52345712 47.517610 1137 4525 6342303 7427575 803 3205 88 160000 250000 12 16000 18877 12 16000 25000 8 16000 25000 144
1787063880579908 10 0 9 1 2 10 0 0 0 0 0 0 492 1 1 0 749 257 256 0 256 0 0 0 1602078 326054 0 278292 140579 391288 145125929 2867230 1234240 2423607009 2423607009 0 42439514 52345712 46.881767 1134 4768 6649568 7787248 816 2973 88 160000 250000 12 16000 18887 12 16000 25000 8 16000 25000 148
1787063885641927 10 0 8 2 2 10 0 0 0 0 0 0 491 2 2 0 749 258 256 0 256 0 0 0 1658497 326065 0 278292 140674 391343 150131078 2867435 1277901 2423607009 2423607009 0 43082580 52345712 45.857731 1128 4996 6936671 8123085 697 2860 88 160000 250000 24 32000 37614 12 16000 25000 8 16000 25000 149
1787063887618595 10 0 9 1 2 10 0 0 0 0 0 0 491 1 1 0 749 258 257 0 257 0 0 0 1674424 326421 0 278508 140773 391372 152091218 2867512 1292830 2432827101 2432827101 0 43082580 52345712 45.484538 1128 4996 6936671 8123085 697 2650 88 160000 250000 12 16000 18883 12 16000 25000 8 16000 25000 152
1787063890374093 10 0 9 1 2 10 0 0 0 0 0 0 490 1 1 0 749 259 258 0 258 0 0 0 1712908 326734 0 278706 140953 391419 154807475 2867689 1319893 2442608440 2442608440 0 43725646 52345712 44.920033 1125 5235 7239651 8477656 852 2476 88 160000 250000 12 16000 18892 12 16000 25000 8 16000 25000 156
1787063895434372 10 0 8 2 2 10 0 0 0 0 0 0 489 2 2 0 749 260 258 0 258 0 0 0 1768771 326745 0 278706 141050 391475 159811452 2867894 1363385 2442608440 2442608440 0 44368712 52345712 44.014964 1118 5454 7514033 8798535 785 2392 88 160000 250000 24 32000 37616 12 16000 25000 8 16000 25000 157
1787063896608249 10 0 9 1 2 10 0 0 0 0 0 0 489 1 1 0 749 260 259 0 259 0 0 0 1786532 327055 0 278911 141159 391518 160966988 2867973 1380033 2451585422 2451585422 0 44368712 52345712 43.638640 1118 5454 7514033 8798535 785 2236 88 160000 250000 12 16000 18888 12 16000 25000 8 16000 25000 161
1787063899195328 10 0 9 1 2 10 0 0 0 0 0 0 488 1 1 0 749 261 260 0 260 0 0 0 1822304 327385 0 279117 141342 391560 163517534 2868142 1404873 2460395506 2460395506 0 45011778 52345712 43.191056 1111 5669 7784415 9114871 730 2090 88 160000 250000 12 16000 18897 12 16000 25000 8 16000 25000 165
1787063904257369 10 0 8 2 2 10 0 0 0 0 0 0 487 2 2 0 749 262 260 0 260 0 0 0 1878687 327401 0 279117 141442 391622 168522676 2868397 1448280 2460395506 2460395506 0 45654844 52345712 42.364862 1104 5881 8050797 9426324 819 2027 88 160000 250000 24 32000 37618 12 16000 25000 8 16000 25000 165
1787063906746289 10 0 9 1 2 10 0 0 0 0 0 0 487 1 1 0 749 262 261 0 261 0 0 0 1903538 327698 0 279305 141536 391660 170986191 2868478 1471474 2470522495 2470522495 0 45654844 52345712 41.887372 1104 5881 8050797 9426324 819 1910 88 160000 250000 12 16000 18893 12 16000 25000 8 16000 25000 169
1787063909420456 10 0 9 1 2 10 0 0 0 0 0 0 486 1 1 0 749 263 262 0 262 0 0 0 1940026 327997 0 279498 141731 391699 173623122 2868656 1496485 2480736588 2480736588 0 46297910 52345712 41.478366 1100 6107 8350886 9777395 946 1817 88 160000 250000 12 16000 18903 12 16000 25000 8 16000 25000 173
1787063914485696 10 0 8 2 2 10 0 0 0 0 0 0 485 2 2 0 749 264 262 0 262 0 0 0 1995359 328005 0 279498 141827 391756 178628243 2868911 1539507 2480736588 2480736588 0 46940978 52345712 40.754340 1097 6336 8656472 10134702 964 1775 88 160000 250000 24 32000 37621 12 16000 25000 8 16000 25000 174
1787063916686546 10 0 9 1 2 10 0 0 0 0 0 0 485 1 1 0 749 264 263 0 263 0 0 0 2021867 328302 0 279685 141931 391802 180802003 2868991 1564272 2490663746 2490663746 0 46940978 52345712 40.289514 1097 6336 8656472 10134702 964 1697 88 160000 250000 12 16000 18898 12 16000 25000 8 16000 25000 177
1787063919229977 10 0 9 1 2 10 0 0 0 0 0 0 484 1 1 0 749 265 264 0 264 0 0 0 2060419 328609 0 279886 142096 391840 183306136 2869192 1590874 2500460059 2500460059 0 47584046 52345712 39.890886 1233 7398 10098723 11822873 779 1609 88 160000 250000 12 16000 18909 12 16000 25000 8 16000 25000 181
1787063924290551 10 0 8 2 2 10 0 0 0 0 0 0 483 2 2 0 749 266 264 0 264 0 0 0 2115450 328615 0 279886 142192 391892 188311239 2869398 1633829 2500460059 2500460059 0 48227114 52345712 39.243523 1221 7601 10365917 12135108 767 1567 88 160000 250000 24 32000 37622 12 16000 25000 8 16000 25000 182
1787063926226973 10 0 9 1 2 10 0 0 0 0 0 0 483 1 1 0 749 266 265 0 265 0 0 0 2132849 328907 0 280073 142285 391922 190229693 2869514 1650309 2509986722 2509986722 0 48227114 52345712 38.961506 1221 7601 10365917 12135108 767 1489 88 160000 250000 12 16000 18902 12 16000 25000 8 16000 25000 185
1787063931287718 10 0 8 2 2 10 0 0 0 0 0 0 482 2 2 0 749 267 265 0 265 0 0 0 2188006 328913 0 280073 142387 391971 195234869 2869694 1693202 2509986722 2509986722 0 48870182 52345712 38.351253 1213 7823 10661082 12480248 712 1451 88 160000 250000 24 32000 37623 12 16000 25000 8 16000 25000 186
1787063935156251 10 0 9 1 2 10 0 0 0 0 0 0 482 1 1 0 749 267 266 0 266 0 0 0 2221186 329199 0 280252 142485 392016 199069652 2869788 1724353 2518905006 2518905006 0 48870182 52345712 37.848011 1213 7823 10661082 12480248 712 1380 88 160000 250000 12 16000 18906 12 16000 25000 8 16000 25000 190
1787063940216983 10 0 8 2 2 10 0 0 0 0 0 0 481 2 2 0 749 268 266 0 266 0 0 0 2276389 329204 0 280252 142578 392071 204074767 2869973 1766912 2518905006 2518905006 0 49513250 52345712 37.281446 1209 8069 10987812 12862268 839 1353 88 160000 250000 24 32000 37624 12 16000 25000 8 16000 25000 190
1787063945190749 10 0 9 1 2 10 0 0 0 0 0 0 481 1 1 0 749 268 267 0 267 0 0 0 2320691 329511 0 280451 142685 392133 209003580 2870096 1808283 2528926109 2528926109 0 49513250 52345712 36.653914 1209 8069 10987812 12862268 839 1304 88 160000 250000 12 16000 18911 12 16000 25000 8 16000 25000 194
1787063949395293 10 0 9 1 2 10 0 0 0 0 0 0 480 1 1 0 749 269 268 0 268 0 0 0 2376175 329826 0 280649 142871 392194 213151891 2870242 1850943 2559078453 2559078453 0 50156318 52345712 36.124729 1312 9051 12316628 14417207 769 1253 88 160000 250000 12 16000 18915 12 16000 25000 8 16000 25000 198
1787063954455371 10 0 8 2 2 10 0 0 0 0 0 0 479 2 2 0 749 270 268 0 268 0 0 0 2431312 329833 0 280649 142965 392252 218156384 2870451 1893624 2559078453 2559078453 0 50799386 52345712 35.625377 1329 9466 12874023 15069009 2396 1311 88 160000 250000 24 32000 37625 12 16000 25000 8 16000 25000 199
1787063954766790 10 0 9 1 2 10 0 0 0 0 0 0 479 1 1 0 749 270 269 0 269 0 0 0 2439910 330127 0 280847 143037 392279 218458699 2870531 1901777 2568641357 2568641357 0 50799386 52345712 35.511017 1329 9466 12874023 15069009 2396 1418 88 160000 250000 12 16000 18916 12 16000 25000 8 16000 25000 202
1787063958898296 10 0 9 1 2 10 0 0 0 0 0 0 478 1 1 0 749 271 270 0 270 0 0 0 2492291 330436 0 281045 143208 392342 222537095 2870678 1942214 2578133082 2578133082 0 51442454 52345712 35.065420 1315 9662 13114120 15349392 746 1354 88 160000 250000 12 16000 18920 12 16000 25000 8 16000 25000 206
1787063963957966 10 0 8 2 2 10 0 0 0 0 0 0 477 2 2 0 749 272 270 0 270 0 0 0 2546398 330448 0 281045 143308 392391 227542218 2870882 1984690 2578133082 2578133082 0 52085522 52345712 34.618949 1303 9866 13366733 15644357 872 1330 88 160000 250000 24 32000 37627 12 16000 25000 8 16000 25000 207
1787063964170852 10 0 9 1 2 10 0 0 0 0 0 0 477 1 1 0 749 272 271 0 271 0 0 0 2555038 330771 0 281259 143385 392421 227745912 2870962 1992833 2587524228 2587524228 0 52085522 52345712 34.511427 1303 9866 13366733 15644357 872 1287 88 160000 250000 12 16000 18921 12 16000 25000 8 16000 25000 210
1787063968230433 10 0 9 1 2 10 0 0 0 0 0 0 476 1 1 0 749 273 272 0 272 0 0 0 2609749 331096 0 281469 143583 392475 231750016 2871111 2035135 2596843029 2596843029 0 52728590 52345712 34.074106 1292 10073 13640620 15964256 747 1235 88 160000 250000 12 16000 18926 12 16000 25000 8 16000 25000 215
1787063973156559 10 0 9 1 2 10 0 0 0 0 0 0 475 1 1 0 749 274 273 0 273 0 0 0 2661423 331452 0 281681 143963 392524 236623415 2871328 2075381 2605817353 2605817353 0 53371658 52345712 33.686653 1379 11061 14971916 17521567 720 1186 88 160000 250000 12 16000 18927 12 16000 25000 8 16000 25000 219
1787063976837918 9 0 8 1 2 10 1 0 0 0 0 1 474 1 1 0 749 275 274 0 274 0 0 0 2712046 331780 0 281890 145228 392613 240252210 2871535 2112776 2614413960 2614413960 0 54014726 52345712 33.324250 1365 11255 15228498 17821106 814 1151 80 144000 225000 12 16000 18919 12 16000 25000 8 16000 25000 218
1787063981895318 9 0 7 2 2 10 1 0 0 0 0 1 473 2 2 0 749 276 274 0 274 0 0 0 2763985 331794 0 281890 145330 392685 245257185 2871738 2150655 2614413960 2614413960 0 54657794 52345712 32.963107 1349 11426 15453787 18083958 821 1135 80 144000 225000 24 32000 37621 12 16000 25000 8 16000 25000 219
1787063983186884 9 0 8 1 2 10 1 0 0 0 0 1 473 1 1 0 749 276 275 0 275 0 0 0 2779758 332116 0 282094 145442 392734 246532370 2871819 2165149 2624430835 2624430835 0 54657794 52345712 32.792618 1349 11426 15453787 18083958 821 1106 80 144000 225000 12 16000 18927 12 16000 25000 8 16000 25000 222
1787063986091961 9 0 8 1 2 10 1 0 0 0 0 1 472 1 1 0 749 277 276 0 276 0 0 0 2814771 332433 0 282293 145644 392794 249401637 2871997 2188388 2633670805 2633670805 0 55300862 52345712 32.619358 1323 11502 15551946 18198068 770 1074 80 144000 225000 12 16000 18931 12 16000 25000 8 16000 25000 227
1787063991146886 9 0 7 2 2 10 1 0 0 0 0 1 471 2 2 0 749 278 276 0 276 0 0 0 2864138 332441 0 282293 145737 392855 254406746 2872199 2225635 2633670805 2633670805 0 55943930 52345712 32.307367 1370 12219 16514512 19323564 675 1055 80 144000 225000 24 32000 37630 12 16000 25000 8 16000 25000 227
1787063993102873 9 0 8 1 2 10 1 0 0 0 0 1 471 1 1 0 749 278 277 0 277 0 0 0 2879180 332776 0 282520 145830 392898 256347098 2872279 2239932 2643574009 2643574009 0 55943930 52345712 32.152698 1370 12219 16514512 19323564 675 1018 80 144000 225000 12 16000 18932 12 16000 25000 8 16000 25000 231
1787063995046444 9 0 8 1 2 10 1 0 0 0 0 1 470 1 1 0 749 279 278 0 278 0 0 0 2904560 333230 0 282861 145994 392921 258264449 2872446 2254855 2652517459 2652517459 0 56586998 52345712 32.085567 1345 12298 16615746 19441207 797 997 80 144000 225000 12 16000 18936 12 16000 25000 8 16000 25000 235
1787064000102135 9 0 7 2 2 10 1 0 0 0 0 1 469 2 2 0 749 280 278 0 278 0 0 0 2953488 333236 0 282861 146102 392971 263269540 2873879 2291858 2652517459 2652517459 0 57230066 52345712 31.794457 1428 13377 18068543 21140120 840 990 80 144000 225000 24 32000 37632 12 16000 25000 8 16000 25000 235
1787064002069751 9 0 8 1 2 10 1 0 0 0 0 1 469 1 1 0 749 280 279 0 279 0 0 0 2968232 333556 0 283076 146197 393000 265221851 2873941 2305922 2661471690 2661471690 0 57230066 52345712 31.649399 1428 13377 18068543 21140120 840 976 80 144000 225000 12 16000 18938 12 16000 25000 8 16000 25000 239
1787064004131372 9 0 8 1 2 10 1 0 0 0 0 1 468 1 1 0 749 281 280 0 280 0 0 0 3002196 333894 0 283297 146360 393038 267248782 2874094 2328758 2670542846 2670542846 0 57873134 52345712 31.507808 1420 13302 17967318 21020079 728 953 80 144000 225000 12 16000 18942 12 16000 25000 8 16000 25000 243
1787064009186122 9 0 7 2 2 10 1 0 0 0 0 1 467 2 2 0 749 282 280 0 280 0 0 0 3051409 333902 0 283297 146453 393088 272253890 2874288 2365729 2670542846 2670542846 0 58516202 52345712 31.230856 1389 13324 17990839 21046667 748 943 80 144000 225000 24 32000 37633 12 16000 25000 8 16000 25000 244
1787064011165539 9 0 8 1 2 10 1 0 0 0 0 1 467 1 1 0 749 282 281 0 281 0 0 0 3064796 334230 0 283510 146545 393114 274219361 2874352 2378316 2679627391 2679627391 0 58516202 52345712 31.104840 1389 13324 17990839 21046667 748 925 80 144000 225000 12 16000 18943 12 16000 25000 8 16000 25000 247
1787064013097228 9 0 8 1 2 10 1 0 0 0 0 1 466 1 1 0 749 283 282 0 282 0 0 0 3089724 334536 0 283704 146712 393143 276125413 2874509 2392382 2688581962 2688581962 0 59159270 52345712 31.054721 1385 13285 17939029 20984468 834 917 80 144000 225000 12 16000 18947 12 16000 25000 8 16000 25000 251
1787064018152032 9 0 7 2 2 10 1 0 0 0 0 1 465 2 2 0 749 284 282 0 282 0 0 0 3138983 334545 0 283704 146805 393195 281130545 2874680 2429169 2688581962 2688581962 0 59802338 52345712 30.790803 1334 13095 17677760 20677906 821 913 80 144000 225000 24 32000 37635 12 16000 25000 8 16000 25000 252
1787064020432938 9 0 8 1 2 10 1 0 0 0 0 1 465 1 1 0 749 284 283 0 283 0 0 0 3160010 334864 0 283915 146910 393252 283389839 2874743 2448880 2697837929 2697837929 0 59802338 52345712 30.602738 1334 13095 17677760 20677906 821 905 80 144000 225000 12 16000 18948 12 16000 25000 8 16000 25000 256
1787064023243469 9 0 8 1 2 10 1 0 0 0 0 1 464 1 1 0 749 285 284 0 284 0 0 0 3191688 335165 0 284095 147086 393293 286167977 2874906 2469874 2707972832 2707972832 0 60445406 52345712 30.499143 1285 12903 17413062 20367401 837 899 80 144000 225000 12 16000 18952 12 16000 25000 8 16000 25000 260
1787064028325283 9 0 7 2 2 10 1 0 0 0 0 1 463 2 2 0 749 286 284 0 284 0 0 0 3268019 335172 0 284095 147184 393337 291173050 2875095 2506146 2707972832 2707972832 0 61088474 52345712 30.023185 1279 12843 17331756 20270754 923 901 80 144000 225000 24 32000 37638 12 16000 25000 8 16000 25000 260
1787064030780299 9 0 8 1 2 10 1 0 0 0 0 1 463 1 1 0 749 286 285 0 285 0 0 0 3288662 335490 0 284294 147282 393382 293606854 2875158 2525666 2718309076 2718309076 0 61088474 52345712 29.849540 1279 12843 17331756 20270754 923 904 80 144000 225000 12 16000 18954 12 16000 25000 8 16000 25000 264
1787064033559033 9 0 8 1 2 10 1 0 0 0 0 1 462 1 1 0 749 287 286 0 286 0 0 0 3320537 335802 0 284500 147449 393422 296352980 2875326 2546665 2728585374 2728585374 0 61731542 52345712 29.754502 1214 12463 16797796 19645357 960 910 80 144000 225000 12 16000 18958 12 16000 25000 8 16000 25000 268
1787064038612846 9 0 7 2 2 10 1 0 0 0 0 1 461 2 2 0 749 288 286 0 286 0 0 0 3368874 335812 0 284500 147542 393474 301358043 2875512 2583269 2728585374 2728585374 0 62374610 52345712 29.531740 1168 11990 16161307 18899343 265 878 80 144000 225000 24 32000 37641 12 16000 25000 8 16000 25000 269
1787064040116819 10 0 9 1 2 11 1 0 0 0 0 1 461 1 1 0 749 288 287 0 287 0 0 0 3393291 336111 0 284702 147857 393519 302836835 2875574 2606679 2737909219 2737909219 0 62374610 52345712 29.336023 1168 11990 16161307 18899343 265 819 88 160000 250000 12 16000 18959 12 16000 25000 8 16000 25000 272
1787064043388361 10 0 9 1 2 11 1 0 0 0 0 1 460 1 1 0 749 289 288 0 288 0 0 0 3438903 336429 0 284910 148029 393568 306062018 2875744 2639824 2747725661 2747725661 0 63017678 52345712 29.141570 1161 11919 16064449 18784672 756 813 88 160000 250000 12 16000 18963 12 16000 25000 8 16000 25000 276
1787064048447273 10 0 8 2 2 11 1 0 0 0 0 1 459 2 2 0 749 290 288 0 288 0 0 0 3492233 336441 0 284910 148131 393623 311067162 2875934 2680624 2747725661 2747725661 0 63657686 52345712 28.894981 1156 11867 15995266 18702164 784 812 88 160000 250000 24 32000 37643 12 16000 25000 8 16000 25000 277
1787064049764104 10 0 9 1 2 11 1 0 0 0 0 1 459 1 1 0 749 290 289 0 289 0 0 0 3507383 336734 0 285097 148219 393655 312368322 2876000 2694652 2757361035 2757361035 0 63657686 52345712 28.778901 1156 11867 15995266 18702164 784 810 88 160000 250000 12 16000 18964 12 16000 25000 8 16000 25000 281
1787064051002650 10 0 9 1 2 11 1 0 0 0 0 1 458 1 1 0 749 291 290 0 290 0 0 0 3561160 1300591 0 1248805 148572 393736 312588586 2876171 2746448 2757565077 2757565077 0 63657686 209167059 53.516923 1152 11826 15939919 18636057 833 814 88 160000 250000 12 16000 19035 12 16000 25000 8 16000 25000 351
1787064053369067 10 0 9 1 2 11 1 0 0 0 0 1 457 1 1 0 749 292 291 0 291 0 0 0 3620171 1300910 0 1249000 148772 393789 314895181 2876370 2771865 2767532758 2767532758 0 64297694 209167059 52.995736 457 4720 6354474 7429058 1 736 88 160000 250000 12 16000 18985 12 16000 25000 8 16000 25000 355
1787064058427982 10 0 8 2 2 11 1 0 0 0 0 1 456 2 2 0 749 293 291 0 291 0 0 0 3674225 1300930 0 1249000 148867 393852 319899559 2876583 2812720 2767532758 2767532758 0 64937702 209167059 52.542417 422 4453 5988379 7000722 789 739 88 160000 250000 24 32000 37662 12 16000 25000 8 16000 25000 356
1787064060775984 10 0 9 1 2 11 1 0 0 0 0 1 456 1 1 0 749 293 292 0 292 0 0 0 3697313 1301265 0 1249217 148966 393891 322223896 2876649 2834315 2777272719 2777272719 0 64937702 209167059 52.296207 422 4453 5988379 7000722 789 745 88 160000 250000 12 16000 19040 12 16000 25000 8 16000 25000 359
1787064062794622 10 0 9 1 2 11 1 0 0 0 0 1 455 1 1 0 749 294 293 0 293 0 0 0 3724035 1301582 0 1249405 149135 393921 324215086 2876813 2849689 2786686831 2786686831 0 65577710 209167059 52.136291 383 4128 5544379 6480953 296 702 88 160000 250000 12 16000 18991 12 16000 25000 8 16000 25000 364
1787064067853636 10 0 8 2 2 11 1 0 0 0 0 1 454 2 2 0 749 295 293 0 293 0 0 0 3777462 1301595 0 1249405 149241 393977 329220227 2877002 2890285 2786686831 2786686831 0 66217718 209167059 51.707903 350 3850 5166665 6039156 854 710 88 160000 250000 24 32000 37664 12 16000 25000 8 16000 25000 364
1787064071850739 10 0 9 1 2 11 1 0 0 0 0 1 454 1 1 0 749 295 294 0 294 0 0 0 3807844 1301926 0 1249624 149335 394022 333186371 2877066 2919175 2797749752 2797749752 0 66217718 209167059 51.397106 350 3850 5166665 6039156 854 725 88 160000 250000 12 16000 19044 12 16000 25000 8 16000 25000 368
1787064073528576 10 0 8 2 2 11 1 0 0 0 0 1 452 2 2 0 749 297 295 0 295 0 0 0 3982880 1302216 0 1249815 149488 394050 334688492 2877238 2936206 2808470461 2808470461 0 66857626 209167059 49.807544 317 3559 4770094 5575024 964 749 88 160000 250000 16 24000 28372 12 16000 25000 8 16000 25000 393
1787064073969070 10 0 8 2 2 11 1 0 0 0 0 1 451 2 2 0 749 298 296 0 296 0 0 0 4183244 1541961 0 1489434 149648 394065 334688498 2877413 2937928 2808608692 2808608692 0 67497534 230947801 49.713443 292 3344 4477332 5232621 833 758 88 160000 250000 24 32000 37687 12 16000 25000 8 16000 25000 393
1787064139126647 10 0 8 2 2 11 1 0 0 0 0 1 451 3 2 1 749 298 296 0 296 0 0 0 4718116 1542093 0 1489434 150603 394805 399304422 2878065 3442052 2874005258 2808608692 0 67497534 230947801 45.464880 218 2510 3369360 3937741 1 721 88 160000 250000 24 32000 37678 12 16000 25000 8 16000 25000 397
1787064139127040 10 0 9 1 2 11 1 0 0 0 0 1 451 1 1 0 749 298 297 0 297 0 0 0 4718116 1542417 0 1489656 150673 394818 399304422 2878065 3442052 2874005258 2874005258 0 67497534 230947801 45.462527 218 2510 3369360 3937741 1 651 88 160000 250000 12 16000 19014 12 16000 25000 8 16000 25000 397
1787064144679395 10 0 8 2 2 11 1 0 0 0 0 1 450 2 2 0 749 299 297 0 297 0 0 0 5264434 1542433 0 1489656 150780 394890 404309640 2878218 3483184 2874005258 2874005258 0 68137442 230947801 41.903260 225 2590 3477550 4063824 325 635 88 160000 250000 24 32000 37681 12 16000 25000 8 16000 25000 397
1787064156172645 10 0 8 2 2 11 1 0 0 0 0 1 450 3 2 1 749 299 297 0 297 0 0 0 5362464 1542458 0 1489656 150823 395028 415704338 2878359 3574497 2958169088 2874005258 0 68137442 230947801 41.308202 225 2590 3477550 4063824 325 620 88 160000 250000 24 32000 37686 12 16000 25000 8 16000 25000 402
1787064156172996 10 0 9 1 2 11 1 0 0 0 0 1 450 1 1 0 749 299 298 0 298 0 0 0 5362464 1542758 0 1489854 150951 395041 415704338 2878359 3574497 2958169088 2958169088 0 68137442 230947801 41.306408 225 2590 3477550 4063824 325 592 88 160000 250000 12 16000 19071 12 16000 25000 8 16000 25000 401
1787064161260886 10 0 8 2 2 11 1 0 0 0 0 1 449 2 2 0 749 300 298 0 298 0 0 0 5444708 1542767 0 1489854 151199 395098 420709443 2878528 3614406 2958169088 2958169088 0 68777350 230947801 40.907506 242 2786 3740298 4370283 533 590 88 160000 250000 24 32000 37689 12 16000 25000 8 16000 25000 402
1787064171928358 10 0 8 2 2 11 1 0 0 0 0 1 449 3 2 1 749 300 298 0 298 0 0 0 5530156 1542778 0 1489854 151235 395185 431291033 2878661 3696006 2973883513 2958169088 0 68777350 230947801 40.413240 242 2786 3740298 4370283 533 588 88 160000 250000 24 32000 37694 12 16000 25000 8 16000 25000 406
1787064171928711 10 0 9 1 2 11 1 0 0 0 0 1 449 1 1 0 749 300 299 0 299 0 0 0 5530156 1543077 0 1490057 151380 395197 431291033 2878661 3696006 2973883513 2973883513 0 68777350 230947801 40.411532 242 2786 3740298 4370283 533 584 88 160000 250000 12 16000 19076 12 16000 25000 8 16000 25000 405
1787064176038049 10 0 8 2 2 11 1 0 0 0 0 1 448 2 2 0 749 301 299 0 299 0 0 0 5634949 1543086 0 1490057 151488 395253 435295171 2878824 3729068 2973883513 2973883513 0 69417254 230947801 39.906526 241 2774 3724842 4351597 384 574 88 160000 250000 24 32000 37689 12 16000 25000 8 16000 25000 406
1787064183814995 10 0 8 2 2 11 1 0 0 0 0 1 448 3 2 1 749 301 299 0 299 0 0 0 5697501 1543094 0 1490057 151509 395329 443009220 2878926 3788853 2985699094 2973883513 0 69417254 230947801 39.561726 241 2774 3724842 4351597 384 565 88 160000 250000 24 32000 37694 12 16000 25000 8 16000 25000 410
1787064183815347 10 0 9 1 2 11 1 0 0 0 0 1 448 1 1 0 749 301 300 0 300 0 0 0 5697501 1543401 0 1490262 151634 395342 443009220 2878926 3788853 2985699094 2985699094 0 69417254 230947801 39.560049 241 2774 3724842 4351597 384 548 88 160000 250000 12 16000 19080 12 16000 25000 8 16000 25000 409
1787064188884263 10 0 8 2 2 11 1 0 0 0 0 1 447 2 2 0 749 302 300 0 300 0 0 0 5760888 1543410 0 1490262 151729 395392 448014345 2879108 3829447 2985699094 2985699094 0 70057158 230947801 39.300245 236 2717 3647564 4260726 168 529 88 160000 250000 24 32000 37690 12 16000 25000 8 16000 25000 410
1787064194326935 10 0 8 2 2 11 1 0 0 0 0 1 447 3 2 1 749 302 300 0 300 0 0 0 5809771 1543416 0 1490262 151821 395460 453407784 2879208 3875642 2996187435 2985699094 0 70057158 230947801 39.038950 236 2717 3647564 4260726 168 511 88 160000 250000 24 32000 37695 12 16000 25000 8 16000 25000 414
1787064194327288 10 0 9 1 2 11 1 0 0 0 0 1 447 1 1 0 749 302 301 0 301 0 0 0 5809771 1543726 0 1490472 151884 395473 453407784 2879208 3875642 2996187435 2996187435 0 70057158 230947801 39.037304 236 2717 3647564 4260726 168 478 88 160000 250000 12 16000 19084 12 16000 25000 8 16000 25000 413
1787064199405289 10 0 8 2 2 11 1 0 0 0 0 1 446 2 2 0 749 303 301 0 301 0 0 0 5882274 1543733 0 1490472 151981 395521 458412906 2879356 3915836 2996187435 2996187435 0 70697062 230947801 38.738310 236 2717 3647564 4260094 452 477 88 160000 250000 24 32000 37691 12 16000 25000 8 16000 25000 414
1787064204350298 10 0 7 3 2 11 1 0 0 0 0 1 445 3 3 0 749 304 301 0 301 0 0 0 5922495 1543742 0 1490472 152059 395564 463317444 2879421 3953965 2996187435 2996187435 0 70697062 230947801 38.529578 236 2717 3647564 4260094 452 476 88 160000 250000 28 40000 47058 12 16000 25000 8 16000 25000 435
1787064204350700 10 0 8 2 2 11 1 0 0 0 0 1 445 2 2 0 749 304 302 0 302 0 0 0 5922495 1544045 0 1490684 152081 395576 463317447 2879455 3953965 3060905519 3060905519 0 70697062 230947801 38.528014 236 2717 3647564 4260094 452 474 88 160000 250000 16 24000 28391 12 16000 25000 8 16000 25000 434
1787064204447389 10 0 8 2 2 11 1 0 0 0 0 1 444 2 2 0 749 305 303 0 303 0 0 0 5963143 1580406 0 1526904 152251 395603 463336744 2879612 3963481 3060947232 3060947232 0 71336966 248372395 40.418456 232 2709 3623618 4231943 129 441 88 160000 250000 24 32000 37709 12 16000 25000 8 16000 25000 435
1787064208776392 10 0 9 1 2 11 1 0 0 0 0 1 444 1 1 0 749 305 304 0 304 0 0 0 6003265 1580729 0 1527113 152353 395662 467624937 2879771 4001807 3075364549 3075364549 0 71336966 248372395 40.202907 225 2590 3477550 4061193 1 399 88 160000 250000 12 16000 19106 12 16000 25000 8 16000 25000 438
1787064213834741 10 0 8 2 2 11 1 0 0 0 0 1 443 2 2 0 749 306 304 0 304 0 0 0 6056039 1580734 0 1527113 152510 395711 472630053 2879969 4041609 3075364549 3075364549 0 71978738 248372395 40.005202 225 2590 3477550 4060590 459 402 88 160000 250000 24 32000 37711 12 16000 25000 8 16000 25000 439
1787064229026942 10 0 8 2 2 11 1 0 0 0 0 1 443 3 2 1 749 306 304 0 304 0 0 0 6184873 1580754 0 1527113 153284 395875 487692170 2880143 4164106 3095600947 3075364549 0 71978738 248372395 39.341401 225 2590 3477550 4060590 459 405 88 160000 250000 24 32000 37702 12 16000 25000 8 16000 25000 443
1787064229027454 10 0 9 1 2 11 1 0 0 0 0 1 443 1 1 0 749 306 305 0 305 0 0 0 6184873 1581215 0 1527458 153356 395888 487692170 2880143 4164106 3095600947 3095600947 0 71978738 248372395 39.339066 225 2590 3477550 4060590 459 411 88 160000 250000 12 16000 19103 12 16000 25000 8 16000 25000 443
1787064234106607 10 0 8 2 2 11 1 0 0 0 0 1 442 2 2 0 749 307 305 0 305 0 0 0 6259384 1581229 0 1527458 153458 395951 492696406 2880291 4204264 3095600947 3095600947 0 72620510 248372395 39.043209 229 2636 3539373 4132197 1417 462 88 160000 250000 24 32000 37705 12 16000 25000 8 16000 25000 443
1787064240014056 10 0 8 2 2 11 1 0 0 0 0 1 442 3 2 1 749 307 305 0 305 0 0 0 6309046 1581242 0 1527458 153562 396020 498553786 2880427 4250515 3106553033 3095600947 0 72620510 248372395 38.797404 229 2636 3539373 4132197 1417 510 88 160000 250000 24 32000 37710 12 16000 25000 8 16000 25000 447
1787064240014412 10 0 9 1 2 11 1 0 0 0 0 1 442 1 1 0 749 307 306 0 306 0 0 0 6309046 1581543 0 1527659 153627 396044 498553786 2880427 4250515 3106553033 3106553033 0 72620510 248372395 38.795924 229 2636 3539373 4132197 1417 600 88 160000 250000 12 16000 19107 12 16000 25000 8 16000 25000 447
1787064241532558 10 0 9 1 2 11 1 0 0 0 0 1 441 1 1 0 749 308 307 0 307 0 0 0 6338154 1581875 0 1527879 153792 396074 500042112 2880583 4265694 3143702898 3143702898 0 73262282 248372395 38.728991 228 2625 3523917 4113531 318 573 88 160000 250000 12 16000 19053 12 16000 25000 8 16000 25000 451
1787064241640635 10 0 9 1 2 11 1 0 0 0 0 1 440 1 1 0 749 309 308 0 308 0 0 0 6357499 1641495 0 1587356 153912 396108 500070858 2880747 4284058 3143734370 3143734370 0 73262282 265796990 40.424098 236 2717 3647564 4257566 1174 633 88 160000 250000 12 16000 19066 12 16000 25000 8 16000 25000 463
1787064246718832 10 0 8 2 2 11 1 0 0 0 0 1 439 2 2 0 749 310 308 0 308 0 0 0 6430124 1641501 0 1587356 154023 396160 505075981 2880947 4323628 3143734370 3143734370 0 73904054 265796990 40.136176 228 2588 3474283 4055046 1 602 88 160000 250000 24 32000 37716 12 16000 25000 8 16000 25000 464
1787064253695032 10 0 8 2 2 11 1 0 0 0 0 1 439 3 2 1 749 310 308 0 308 0 0 0 6483263 1641505 0 1587356 154046 396217 511998688 2881061 4374269 3157400816 3143734370 0 73904054 265796990 39.873651 228 2588 3474283 4055046 1 572 88 160000 250000 24 32000 37721 12 16000 25000 8 16000 25000 468
1787064253695381 10 0 9 1 2 11 1 0 0 0 0 1 439 1 1 0 749 310 309 0 309 0 0 0 6483263 1641807 0 1587560 154180 396229 511998688 2881061 4374269 3157400816 3157400816 0 73904054 265796990 39.872169 228 2588 3474283 4055046 1 517 88 160000 250000 12 16000 19121 12 16000 25000 8 16000 25000 467
1787064258772496 10 0 8 2 2 11 1 0 0 0 0 1 438 2 2 0 749 311 309 0 309 0 0 0 6554896 1641813 0 1587560 154274 396278 517003771 2881242 4413503 3157400816 3157400816 0 74545826 265796990 39.598356 229 2599 3489521 4072249 963 540 88 160000 250000 24 32000 37717 12 16000 25000 8 16000 25000 468
1787064266050320 10 0 8 2 2 11 1 0 0 0 0 1 438 3 2 1 749 311 309 0 309 0 0 0 6615946 1641823 0 1587560 154294 396353 524220170 2881349 4471541 3169724458 3157400816 0 74545826 265796990 39.305556 229 2599 3489521 4072249 963 562 88 160000 250000 24 32000 37722 12 16000 25000 8 16000 25000 472
1787064266050718 10 0 9 1 2 11 1 0 0 0 0 1 438 1 1 0 749 311 310 0 310 0 0 0 6615946 1642176 0 1587808 154431 396366 524220170 2881349 4471541 3169724458 3169724458 0 74545826 265796990 39.303876 229 2599 3489521 4072249 963 602 88 160000 250000 12 16000 19126 12 16000 25000 8 16000 25000 472
1787064270775840 10 0 9 1 2 11 1 0 0 0 0 1 437 1 1 0 749 312 311 0 311 0 0 0 6698878 1642512 0 1588014 154606 396430 528861546 2881547 4509426 3198827884 3198827884 0 75187598 265796990 38.984899 228 2588 3474283 4053845 394 583 88 160000 250000 12 16000 19071 12 16000 25000 8 16000 25000 476
1787064275847784 10 0 8 2 2 11 1 0 0 0 0 1 436 2 2 0 749 313 311 0 311 0 0 0 6761507 1642520 0 1588014 154697 396479 533866631 2881779 4548110 3198827884 3198827884 0 75829370 265796990 38.767163 233 2644 3550474 4142417 929 601 88 160000 250000 24 32000 37718 12 16000 25000 8 16000 25000 476
1787064280277570 10 0 9 1 2 11 1 0 0 0 0 1 436 1 1 0 749 313 312 0 312 0 0 0 6799649 1642822 0 1588202 154817 396539 538257644 2881875 4584932 3208304281 3208304281 0 75829370 265796990 38.590631 233 2644 3550474 4142417 929 634 88 160000 250000 12 16000 19075 12 16000 25000 8 16000 25000 480
1787064285332644 10 0 8 2 2 11 1 0 0 0 0 1 435 2 2 0 749 314 312 0 312 0 0 0 6849127 1642827 0 1588202 155004 396590 543262743 2882055 4623556 3208304281 3208304281 0 76471142 265796990 38.437835 232 2633 3535235 4124269 381 622 88 160000 250000 24 32000 37720 12 16000 25000 8 16000 25000 481
1787064289905235 10 0 9 1 2 11 1 0 0 0 0 1 435 1 1 0 749 314 313 0 313 0 0 0 6887163 1643177 0 1588445 155101 396646 547796688 2882120 4660324 3217919346 3217919346 0 76471142 265796990 38.264867 232 2633 3535235 4124269 381 599 88 160000 250000 12 16000 19079 12 16000 25000 8 16000 25000 484
1787064294971688 10 0 8 2 2 11 1 0 0 0 0 1 434 2 2 0 749 315 313 0 313 0 0 0 6948117 1643183 0 1588445 155194 396696 552801809 2882279 4699180 3217919346 3217919346 0 77112914 265796990 38.064597 232 2633 3535235 4123928 792 609 88 160000 250000 24 32000 37721 12 16000 25000 8 16000 25000 485
1787064299833305 10 0 9 1 2 11 1 0 0 0 0 1 434 1 1 0 749 315 314 0 314 0 0 0 6987403 1643488 0 1588642 155288 396760 557623532 2882380 4736241 3227824060 3227824060 0 77112914 265796990 37.889989 232 2633 3535235 4123928 792 628 88 160000 250000 12 16000 19083 12 16000 25000 8 16000 25000 488
1787064304900767 10 0 8 2 2 11 1 0 0 0 0 1 433 2 2 0 749 316 314 0 314 0 0 0 7049332 1643500 0 1588642 155389 396814 562628673 2882531 4775151 3227824060 3227824060 0 77754686 265796990 37.690411 231 2622 3519997 4105771 431 619 88 160000 250000 24 32000 37722 12 16000 25000 8 16000 25000 489
1787064306592570 10 0 9 1 2 11 1 0 0 0 0 1 433 1 1 0 749 316 315 0 315 0 0 0 7063122 1643830 0 1588844 155472 396863 564306104 2882596 4788104 3268321740 3268321740 0 77754686 265796990 37.629289 231 2622 3519997 4105771 431 602 88 160000 250000 12 16000 19135 12 16000 25000 8 16000 25000 492
1787064311661121 10 0 8 2 2 11 1 0 0 0 0 1 432 2 2 0 749 317 315 0 315 0 0 0 7126126 1643842 0 1588844 155571 396917 569311231 2882769 4826915 3268321740 3268321740 0 78396460 265796990 37.428695 239 2712 3641902 4247337 926 619 88 160000 250000 24 32000 37723 12 16000 25000 8 16000 25000 493
1787064315379866 10 0 9 1 2 11 1 0 0 0 0 1 432 1 1 0 749 317 316 0 316 0 0 0 7156660 1644160 0 1589050 155676 396961 572998864 2882834 4856146 3283844967 3283844967 0 78396460 265796990 37.297485 239 2712 3641902 4247337 926 650 88 160000 250000 12 16000 19088 12 16000 25000 8 16000 25000 497
1787064320437319 10 0 8 2 2 11 1 0 0 0 0 1 431 2 2 0 749 318 316 0 316 0 0 0 7208559 1644170 0 1589050 155772 397015 578004022 2882993 4894971 3283844967 3283844967 0 79038234 265796990 37.147923 240 2724 3657140 4264726 675 652 88 160000 250000 24 32000 37724 12 16000 25000 8 16000 25000 497
1787064321038713 10 0 9 1 2 11 1 0 0 0 0 1 431 1 1 0 749 318 317 0 317 0 0 0 7216631 1644484 0 1589253 155878 397045 578596796 2883054 4902438 3298266057 3298266057 0 79038234 265796990 37.112767 240 2724 3657140 4264726 675 656 88 160000 250000 12 16000 19140 12 16000 25000 8 16000 25000 501
1787064325142947 10 0 9 1 2 11 1 0 0 0 0 1 430 1 1 0 749 319 318 0 318 0 0 0 7310285 1644802 0 1589458 156056 397121 582606583 2883232 4941104 3308015283 3308015283 0 79680008 265796990 36.791663 234 2656 3565712 4157513 584 650 88 160000 250000 12 16000 19095 12 16000 25000 8 16000 25000 505
1787064330210823 10 0 8 2 2 11 1 0 0 0 0 1 429 2 2 0 749 320 318 0 318 0 0 0 7372612 1644814 0 1589458 156155 397180 587611710 2883415 4979641 3308015283 3308015283 0 80324725 265796990 36.605500 234 2656 3565712 4157144 721 654 88 160000 250000 24 32000 37727 12 16000 25000 8 16000 25000 505
1787064334770566 10 0 9 1 2 11 1 0 0 0 0 1 429 1 1 0 749 320 319 0 319 0 0 0 7411106 1645137 0 1589657 156357 397236 592132255 2883479 5015954 3317618298 3317618298 0 80324725 265796990 36.448601 234 2656 3565712 4157144 721 662 88 160000 250000 12 16000 19099 12 16000 25000 8 16000 25000 509
1787064336740244 10 0 8 2 2 11 1 0 0 0 0 1 427 2 2 0 749 322 320 0 320 0 0 0 7480982 1645584 0 1590007 157036 397264 594030702 2883647 5032377 3333263430 3333263430 0 80969442 265796990 36.235123 233 2644 3550474 4139008 397 637 88 160000 250000 16 24000 28533 12 16000 25000 8 16000 25000 567
1787064337009953 10 0 8 2 2 11 1 0 0 0 0 1 426 2 2 0 749 323 321 0 321 0 0 0 7529417 1762878 0 1707151 157393 397317 594134034 2883843 5068590 3333366669 3333366669 0 81614159 322426921 41.467000 232 2633 3535235 4120654 280 603 88 160000 250000 24 32000 37776 12 16000 25000 8 16000 25000 568
1787064344305147 10 0 8 2 2 11 1 0 0 0 0 1 426 3 2 1 749 323 321 0 321 0 0 0 7593491 1762888 0 1707151 157503 397407 601364583 2884122 5128741 3342846224 3333366669 0 81614159 322426921 41.182983 218 2439 3286310 3830355 1 573 88 160000 250000 24 32000 37781 12 16000 25000 8 16000 25000 572
1787064344305511 10 0 9 1 2 11 1 0 0 0 0 1 426 1 1 0 749 323 322 0 322 0 0 0 7593491 1763200 0 1707366 157567 397427 601364583 2884122 5128741 3342846224 3342846224 0 81614159 322426921 41.181610 218 2439 3286310 3830355 1 518 88 160000 250000 12 16000 19158 12 16000 25000 8 16000 25000 571
1787064347784405 10 0 9 1 2 11 1 0 0 0 0 1 425 1 1 0 749 324 323 0 323 0 0 0 7644054 1763504 0 1707558 157741 397481 604792169 2884289 5157928 3353877739 3353877739 0 82258876 322426921 41.024297 216 2416 3256161 3794870 173 485 88 160000 250000 12 16000 19205 12 16000 25000 8 16000 25000 576
1787064352840135 10 0 8 2 2 11 1 0 0 0 0 1 424 2 2 0 749 325 323 0 323 0 0 0 7694243 1763509 0 1707558 157833 397529 609797287 2884491 5196023 3353877739 3353877739 0 82903593 322426921 40.871584 216 2416 3256161 3794335 899 506 88 160000 250000 24 32000 37786 12 16000 25000 8 16000 25000 576
1787064355853616 10 0 9 1 2 11 1 0 0 0 0 1 424 1 1 0 749 325 324 0 324 0 0 0 7714912 1763840 0 1707761 157913 397565 612789550 2884553 5215743 3365405097 3365405097 0 82903593 322426921 40.781033 216 2416 3256161 3794335 899 545 88 160000 250000 12 16000 19163 12 16000 25000 8 16000 25000 580
1787064357177764 10 0 9 1 2 11 1 0 0 0 0 1 423 1 1 0 749 326 325 0 325 0 0 0 7741979 1764113 0 1707939 158062 397596 614085985 2884713 5232083 3374785677 3374785677 0 83548310 322426921 40.728425 216 2416 3256161 3793991 566 548 88 160000 250000 12 16000 19210 12 16000 25000 8 16000 25000 584
1787064362233805 10 0 8 2 2 11 1 0 0 0 0 1 422 2 2 0 749 327 325 0 325 0 0 0 7792499 1764121 0 1707939 158162 397642 619091123 2884865 5270193 3374785677 3374785677 0 84193027 322426921 40.577422 216 2416 3256161 3793455 756 559 88 160000 250000 24 32000 37788 12 16000 25000 8 16000 25000 584
1787064365823164 10 0 9 1 2 11 1 0 0 0 0 1 422 1 1 0 749 327 326 0 326 0 0 0 7823231 1764427 0 1708129 158267 397690 622649182 2884932 5299103 3384742027 3384742027 0 84193027 322426921 40.446061 216 2416 3256161 3793455 756 579 88 160000 250000 12 16000 19168 12 16000 25000 8 16000 25000 588
1787064370898922 10 0 8 2 2 11 1 0 0 0 0 1 421 2 2 0 749 328 326 0 326 0 0 0 7893407 1764440 0 1708129 158363 397749 627654346 2885097 5337117 3384742027 3384742027 0 84837744 322426921 40.215780 216 2416 3256161 3793111 775 589 88 160000 250000 24 32000 37789 12 16000 25000 8 16000 25000 589
1787064372723963 10 0 9 1 2 11 1 0 0 0 0 1 421 1 1 0 749 328 327 0 327 0 0 0 7907190 1764776 0 1708343 158459 397777 629465039 2885159 5349938 3400276674 3400276674 0 84837744 322426921 40.157074 216 2416 3256161 3793111 775 608 88 160000 250000 12 16000 19216 12 16000 25000 8 16000 25000 592
1787064375572174 10 0 9 1 2 11 1 0 0 0 0 1 420 1 1 0 749 329 328 0 328 0 0 0 7943038 1765069 0 1708526 158646 397823 632276673 2885326 5373522 3409992537 3409992537 0 85482461 322426921 40.070912 218 2439 3286310 3827692 1385 684 88 160000 250000 12 16000 19172 12 16000 25000 8 16000 25000 596
1787064380627402 10 0 8 2 2 11 1 0 0 0 0 1 419 2 2 0 749 330 328 0 328 0 0 0 7993378 1765076 0 1708526 158732 397881 637281119 2885519 5411090 3409992537 3409992537 0 86127178 322426921 39.927180 217 2427 3271236 3809789 297 665 88 160000 250000 24 32000 37790 12 16000 25000 8 16000 25000 597
1787064382431973 10 0 9 1 2 11 1 0 0 0 0 1 419 1 1 0 749 330 329 0 329 0 0 0 8008048 1765372 0 1708720 158819 397915 639070498 2885582 5425235 3419686608 3419686608 0 86127178 322426921 39.866040 217 2427 3271236 3809789 297 630 88 160000 250000 12 16000 19221 12 16000 25000 8 16000 25000 600
1787064384810631 10 0 9 1 2 11 1 0 0 0 0 1 418 1 1 0 749 331 330 0 330 0 0 0 8061190 1765692 0 1708929 158994 397969 641395279 2885727 5448352 3428911303 3428911303 0 86771897 322426921 39.711722 217 2427 3271236 3809247 713 639 88 160000 250000 12 16000 19178 12 16000 25000 8 16000 25000 605
1787064389865263 10 0 8 2 2 11 1 0 0 0 0 1 417 2 2 0 749 332 330 0 330 0 0 0 8110292 1765698 0 1708929 159096 398009 646400391 2885917 5485618 3428911303 3428911303 0 87416616 322426921 39.576514 217 2427 3271236 3808905 690 642 88 160000 250000 24 32000 37791 12 16000 25000 8 16000 25000 605
1787064391568128 10 0 9 1 2 11 1 0 0 0 0 1 417 1 1 0 749 332 331 0 331 0 0 0 8124800 1766031 0 1709161 159165 398041 648088213 2885980 5499676 3438015136 3438015136 0 87416616 322426921 39.517130 217 2427 3271236 3808905 690 648 88 160000 250000 12 16000 19226 12 16000 25000 8 16000 25000 609
1787064394627606 10 0 9 1 2 11 1 0 0 0 0 1 416 1 1 0 749 333 332 0 332 0 0 0 8165902 1766346 0 1709355 159337 398096 651105876 2886120 5529703 3447818983 3447818983 0 88061335 322426921 39.414250 216 2416 3256161 3790817 285 613 88 160000 250000 12 16000 19183 12 16000 25000 8 16000 25000 613
1787064399681908 10 0 8 2 2 11 1 0 0 0 0 1 415 2 2 0 749 334 332 0 332 0 0 0 8214687 1766351 0 1709355 159432 398138 656110993 2886308 5566725 3447818983 3447818983 0 88706054 322426921 39.283185 216 2416 3256161 3790473 769 621 88 160000 250000 24 32000 37793 12 16000 25000 8 16000 25000 614
1787064400806138 10 0 9 1 2 11 1 0 0 0 0 1 415 1 1 0 749 334 333 0 333 0 0 0 8229674 1766641 0 1709551 159613 398170 657219633 2886372 5580885 3457044311 3457044311 0 88706054 322426921 39.223150 216 2416 3256161 3790473 769 636 88 160000 250000 12 16000 19231 12 16000 25000 8 16000 25000 617
1787064404409824 10 0 9 1 2 11 1 0 0 0 0 1 414 1 1 0 749 335 334 0 334 0 0 0 8271004 1766942 0 1709748 159771 398222 660781287 2886523 5610536 3466813255 3466813255 0 89350773 322426921 39.121730 216 2416 3256161 3789938 745 648 88 160000 250000 12 16000 19189 12 16000 25000 8 16000 25000 621
1787064409464046 10 0 8 2 2 11 1 0 0 0 0 1 413 2 2 0 749 336 334 0 334 0 0 0 8319878 1766952 0 1709748 159868 398269 665786239 2886695 5647453 3466813255 3466813255 0 89995492 322426921 38.993089 215 2405 3241086 3772049 757 654 88 160000 250000 24 32000 37796 12 16000 25000 8 16000 25000 622
1787064410774678 10 0 9 1 2 11 1 0 0 0 0 1 413 1 1 0 749 336 335 0 335 0 0 0 8334624 1767258 0 1709953 159947 398299 667081607 2886760 5661475 3476767941 3476767941 0 89995492 322426921 38.934989 215 2405 3241086 3772049 757 665 88 160000 250000 12 16000 19236 12 16000 25000 8 16000 25000 625
1787064414418072 10 0 9 1 2 11 1 0 0 0 0 1 412 1 1 0 749 337 336 0 336 0 0 0 8375276 1767555 0 1710142 160133 398347 670683644 2886900 5691405 3486762903 3486762903 0 90640211 322426921 38.838418 217 2427 3271236 3806600 736 673 88 160000 250000 12 16000 19194 12 16000 25000 8 16000 25000 630
1787064419471811 10 0 8 2 2 11 1 0 0 0 0 1 411 2 2 0 749 338 336 0 336 0 0 0 8424398 1767564 0 1710142 160225 398396 675687848 2887090 5728044 3486762903 3486762903 0 91284930 322426921 38.711523 217 2427 3271236 3806255 773 678 88 160000 250000 24 32000 37799 12 16000 25000 8 16000 25000 630
1787064420165838 10 0 9 1 2 11 1 0 0 0 0 1 411 1 1 0 749 338 337 0 337 0 0 0 8431786 1767869 0 1710348 160284 398417 676374005 2887152 5734985 3496141226 3496141226 0 91284930 322426921 38.682325 217 2427 3271236 3806255 773 688 88 160000 250000 12 16000 19242 12 16000 25000 8 16000 25000 634
1787064425218796 10 0 8 2 2 11 1 0 0 0 0 1 410 2 2 0 749 339 337 0 337 0 0 0 8479289 1767873 0 1710348 160380 398471 681379101 2887289 5771301 3496141226 3496141226 0 91929649 322426921 38.562991 217 2427 3271236 3805717 749 692 88 160000 250000 24 32000 37800 12 16000 25000 8 16000 25000 634
1787064427164499 10 0 9 1 2 11 1 0 0 0 0 1 410 1 1 0 749 339 338 0 338 0 0 0 8493997 1768177 0 1710540 160462 398505 683309578 2887351 5785259 3508873663 3508873663 0 91929649 322426921 38.506579 217 2427 3271236 3805717 749 698 88 160000 250000 12 16000 19199 12 16000 25000 8 16000 25000 638
1787064429217733 10 0 9 1 2 11 1 0 0 0 0 1 409 1 1 0 749 340 339 0 339 0 0 0 8527322 1768470 0 1710728 160615 398546 685328806 2887506 5807898 3517912690 3517912690 0 92574368 322426921 38.440566 218 2439 3286310 3822907 935 722 88 160000 250000 12 16000 19247 12 16000 25000 8 16000 25000 642
1787064434271586 10 0 8 2 2 11 1 0 0 0 0 1 408 2 2 0 749 341 339 0 339 0 0 0 8575618 1768482 0 1710728 160714 398601 690333943 2887686 5844408 3517912690 3517912690 0 93219087 322426921 38.320484 312 3541 4771264 5549864 720 722 88 160000 250000 24 32000 37802 12 16000 25000 8 16000 25000 643
1787064436002487 10 0 9 1 2 11 1 0 0 0 0 1 408 1 1 0 749 341 340 0 340 0 0 0 8588128 1768780 0 1710925 160785 398626 692051834 2887752 5856463 3526739608 3526739608 0 93219087 322426921 38.273095 312 3541 4771264 5549864 720 722 88 160000 250000 12 16000 19204 12 16000 25000 8 16000 25000 646
1787064438230109 10 0 9 1 2 11 1 0 0 0 0 1 407 1 1 0 749 342 341 0 341 0 0 0 8621849 1769077 0 1711119 160957 398666 694245033 2887912 5879029 3535738875 3535738875 0 93863806 322426921 38.206968 312 3541 4771264 5549368 822 732 88 160000 250000 12 16000 19253 12 16000 25000 8 16000 25000 650
1787064443283806 10 0 8 2 2 11 1 0 0 0 0 1 406 2 2 0 749 343 341 0 341 0 0 0 8670021 1769085 0 1711119 161052 398721 699250142 2888091 5915491 3535738875 3535738875 0 94508525 322426921 38.089529 314 3563 4801849 5584484 705 731 88 160000 250000 24 32000 37803 12 16000 25000 8 16000 25000 651
1787064444924095 10 0 9 1 2 11 1 0 0 0 0 1 406 1 1 0 749 343 342 0 342 0 0 0 8682691 1769404 0 1711317 161140 398751 700877221 2888156 5927554 3544648975 3544648975 0 94508525 322426921 38.042194 314 3563 4801849 5584484 705 729 88 160000 250000 12 16000 19208 12 16000 25000 8 16000 25000 654
1787064448208203 10 0 9 1 2 11 1 0 0 0 0 1 405 1 1 0 749 344 343 0 343 0 0 0 8723398 1769710 0 1711519 161334 398803 704119863 2888326 5956906 3554613978 3554613978 0 95153244 322426921 37.952099 314 3563 4801849 5583984 798 737 88 160000 250000 12 16000 19258 12 16000 25000 8 16000 25000 659
1787064453293903 10 0 8 2 2 11 1 0 0 0 0 1 404 2 2 0 749 345 343 0 343 0 0 0 8800161 1769715 0 1711519 161426 398845 709124939 2888515 5992854 3554613978 3554613978 0 95797963 322426921 37.734627 313 3552 4786556 5565741 782 740 88 160000 250000 24 32000 37805 12 16000 25000 8 16000 25000 659
1787064455072520 10 0 9 1 2 11 1 0 0 0 0 1 404 1 1 0 749 345 344 0 344 0 0 0 8814317 1770038 0 1711746 161607 398873 710888771 2888576 6006540 3564749367 3564749367 0 95797963 322426921 37.683008 313 3552 4786556 5565741 782 745 88 160000 250000 12 16000 19214 12 16000 25000 8 16000 25000 663
1787064457481547 10 0 9 1 2 11 1 0 0 0 0 1 403 1 1 0 749 346 345 0 345 0 0 0 8847665 1770323 0 1711933 162253 398919 713263278 2888733 6028882 3573979935 3573979935 0 96442682 322426921 37.621551 313 3552 4786556 5565247 798 751 88 160000 250000 12 16000 19255 12 16000 25000 8 16000 25000 667
1787064462533939 10 0 8 2 2 11 1 0 0 0 0 1 402 2 2 0 749 347 345 0 345 0 0 0 8894563 1770328 0 1711933 162343 398964 718268384 2888907 6064789 3573979935 3573979935 0 97087401 322426921 37.513748 355 4087 5486801 6378573 218 725 88 160000 250000 24 32000 37801 12 16000 25000 8 16000 25000 668
1787064465487405 10 0 9 1 2 11 1 0 0 0 0 1 402 1 1 0 749 347 346 0 346 0 0 0 8913866 1770637 0 1712132 162446 398997 721201993 2888970 6083460 3584383358 3584383358 0 97087401 322426921 37.444890 355 4087 5486801 6378573 218 676 88 160000 250000 12 16000 19220 12 16000 25000 8 16000 25000 671
1787064467316991 10 0 9 1 2 11 1 0 0 0 0 1 401 1 1 0 749 348 347 0 347 0 0 0 8941176 1770914 0 1712309 162589 399031 723003612 2889141 6098979 3594206060 3594206060 0 97732120 322426921 37.405855 361 4156 5579535 6485806 936 702 88 160000 250000 12 16000 19267 12 16000 25000 8 16000 25000 675
1787064472390198 10 0 8 2 2 11 1 0 0 0 0 1 400 2 2 0 749 349 347 0 347 0 0 0 9008870 1770922 0 1712309 162688 399080 728008743 2889293 6135152 3594206060 3594206060 0 98376839 322426921 37.227967 349 4018 5394066 6269677 792 707 88 160000 250000 24 32000 37810 12 16000 25000 8 16000 25000 676
1787064474904620 10 0 9 1 2 11 1 0 0 0 0 1 400 1 1 0 749 349 348 0 348 0 0 0 9030304 1771233 0 1712505 162777 399114 730501196 2889357 6155636 3603608933 3603608933 0 98376839 322426921 37.153022 349 4018 5394066 6269677 792 716 88 160000 250000 12 16000 19225 12 16000 25000 8 16000 25000 679
1787064477345744 10 0 9 1 2 11 1 0 0 0 0 1 399 1 1 0 749 350 349 0 349 0 0 0 9063045 1771540 0 1712697 162939 399154 732908879 2889515 6177731 3613605341 3613605341 0 99021558 322426921 37.096445 351 4041 5424978 6305402 673 712 88 160000 250000 12 16000 19273 12 16000 25000 8 16000 25000 684
1787064482399136 10 0 8 2 2 11 1 0 0 0 0 1 398 2 2 0 749 351 349 0 349 0 0 0 9110901 1771548 0 1712697 163031 399195 737914002 2889699 6213515 3613605341 3613605341 0 99666277 322426921 36.989784 358 4121 5533168 6430630 313 693 88 160000 250000 24 32000 37813 12 16000 25000 8 16000 25000 684
1787064484631425 10 0 9 1 2 11 1 0 0 0 0 1 398 1 1 0 749 351 350 0 350 0 0 0 9131869 1771848 0 1712892 163125 399227 740124794 2889764 6233772 3623319194 3623319194 0 99666277 322426921 36.917635 358 4121 5533168 6430630 313 656 88 160000 250000 12 16000 19230 12 16000 25000 8 16000 25000 688
1787064487324383 10 0 9 1 2 11 1 0 0 0 0 1 397 1 1 0 749 352 351 0 351 0 0 0 9164414 1772144 0 1713084 163279 399264 742784504 2889946 6255809 3633284659 3633284659 0 100310996 322426921 36.862996 360 4144 5564080 6466374 770 668 88 160000 250000 12 16000 19278 12 16000 25000 8 16000 25000 692
1787064492377396 10 0 8 2 2 11 1 0 0 0 0 1 396 2 2 0 749 353 351 0 351 0 0 0 9211949 1772148 0 1713084 163368 399309 747789596 2890125 6291385 3633284659 3633284659 0 100955715 322426921 36.759430 457 5261 7063290 8207513 778 674 88 160000 250000 24 32000 37815 12 16000 25000 8 16000 25000 692
1787064493300173 10 0 9 1 2 11 1 0 0 0 0 1 396 1 1 0 749 353 352 0 352 0 0 0 9217175 1772437 0 1713272 163438 399324 748706675 2890189 6296399 3641942319 3641942319 0 100955715 322426921 36.740983 457 5261 7063290 8207513 778 685 88 160000 250000 12 16000 19235 12 16000 25000 8 16000 25000 696
1787064496306653 10 0 9 1 2 11 1 0 0 0 0 1 395 1 1 0 749 354 353 0 353 0 0 0 9256999 1772762 0 1713492 163592 399358 751672644 2890334 6316581 3650913165 3650913165 0 101600434 322426921 36.662988 482 5627 7528378 8747282 807 698 88 160000 250000 12 16000 19284 12 16000 25000 8 16000 25000 700
1787064501359548 10 0 8 2 2 11 1 0 0 0 0 1 394 2 2 0 749 355 353 0 353 0 0 0 9304386 1772768 0 1713492 163685 399410 756677752 2890512 6351916 3650913165 3650913165 0 102245153 322426921 36.561634 485 5662 7575235 8801021 810 704 88 160000 250000 24 32000 37816 12 16000 25000 8 16000 25000 701
1787064503512414 10 0 9 1 2 11 1 0 0 0 0 1 394 1 1 0 749 355 354 0 354 0 0 0 9325582 1773097 0 1713708 163771 399451 758808859 2890577 6372134 3661103376 3661103376 0 102245153 322426921 36.490726 485 5662 7575235 8801021 810 715 88 160000 250000 12 16000 19240 12 16000 25000 8 16000 25000 704
1787064505190029 10 0 9 1 2 11 1 0 0 0 0 1 393 1 1 0 749 356 355 0 355 0 0 0 9349442 1773380 0 1713886 163968 399476 760461900 2890758 6385633 3669975384 3669975384 0 102889872 322426921 36.466798 474 5534 7403426 8601171 470 692 88 160000 250000 12 16000 19289 12 16000 25000 8 16000 25000 708
1787064510242421 10 0 8 2 2 11 1 0 0 0 0 1 392 2 2 0 749 357 355 0 355 0 0 0 9396343 1773389 0 1713886 164057 399520 765467003 2890934 6420716 3669975384 3669975384 0 103534591 322426921 36.368693 482 5627 7528378 8745659 806 698 88 160000 250000 24 32000 37818 12 16000 25000 8 16000 25000 709
1787064512226976 10 0 9 1 2 11 1 0 0 0 0 1 392 1 1 0 749 357 356 0 356 0 0 0 9410652 1773801 0 1714196 164154 399550 767436599 2890998 6434197 3678676802 3678676802 0 103534591 322426921 36.320824 482 5627 7528378 8745659 806 710 88 160000 250000 12 16000 19246 12 16000 25000 8 16000 25000 713
1787064517279770 10 0 8 2 2 11 1 0 0 0 0 1 391 2 2 0 749 358 356 0 356 0 0 0 9457947 1773809 0 1714196 164242 399600 772441709 2891163 6469470 3678676802 3678676802 0 104179310 322426921 36.222600 465 5429 7262854 8436377 681 709 88 160000 250000 24 32000 37818 12 16000 25000 8 16000 25000 713
1787064520895352 10 0 9 1 2 11 1 0 0 0 0 1 391 1 1 0 749 358 357 0 357 0 0 0 9486563 1774123 0 1714399 164368 399650 776028073 2891229 6496361 3687332111 3687332111 0 104179310 322426921 36.129540 465 5429 7262854 8436377 681 707 88 160000 250000 12 16000 19250 12 16000 25000 8 16000 25000 717
1787064525947392 10 0 8 2 2 11 1 0 0 0 0 1 390 2 2 0 749 359 357 0 357 0 0 0 9533274 1774126 0 1714399 164518 399692 781032959 2891405 6531318 3687332111 3687332111 0 104824029 322426921 36.034655 500 5919 7918368 9197373 680 706 88 160000 250000 24 32000 37819 12 16000 25000 8 16000 25000 717
1787064530157591 10 0 9 1 2 11 1 0 0 0 0 1 390 1 1 0 749 359 358 0 358 0 0 0 9568280 1774460 0 1714618 164635 399745 785207503 2891504 6564532 3712286475 3712286475 0 104824029 322426921 35.922384 500 5919 7918368 9197373 680 704 88 160000 250000 12 16000 19294 12 16000 25000 8 16000 25000 721
1787064535210675 10 0 8 2 2 11 1 0 0 0 0 1 389 2 2 0 749 360 358 0 358 0 0 0 9615927 1774466 0 1714618 164728 399785 790212596 2891640 6599391 3712286475 3712286475 0 105465653 322426921 35.825819 511 6049 8092572 9398996 1943 766 88 160000 250000 24 32000 37820 12 16000 25000 8 16000 25000 722
1787064539605340 10 0 9 1 2 11 1 0 0 0 0 1 389 1 1 0 749 360 359 0 359 0 0 0 9649372 1774797 0 1714817 164843 399838 794573203 2891706 6630909 3721721758 3721721758 0 105465653 322426921 35.719899 511 6049 8092572 9398996 1943 881 88 160000 250000 12 16000 19298 12 16000 25000 8 16000 25000 725
1787064539969759 10 0 8 2 2 11 1 0 0 0 0 1 387 2 2 0 749 362 360 0 360 0 0 0 9669096 1775100 0 1715034 164968 399854 794917242 2891889 6639372 3740781952 3740781952 0 106107277 322426921 35.710858 517 6120 8187592 9508628 778 872 88 160000 250000 16 24000 28739 12 16000 25000 8 16000 25000 891
1787064540815862 10 0 8 2 2 11 1 0 0 0 0 1 386 2 2 0 749 363 361 0 361 0 0 0 9794430 2240946 0 2180733 165795 399999 795171008 2892010 6752643 3741013902 3741013902 0 106748901 492316711 47.469517 517 6120 8187592 9507773 1378 922 88 160000 250000 24 32000 37985 12 16000 25000 8 16000 25000 892
1787064548501084 10 0 8 2 2 11 1 0 0 0 0 1 386 3 2 1 749 363 361 0 361 0 0 0 9851249 2240955 0 2180733 165815 400071 802798922 2892262 6806422 3749898577 3741013902 0 106748901 492316711 47.246432 325 3794 5093878 5915022 1 876 88 160000 250000 24 32000 37990 12 16000 25000 8 16000 25000 896
1787064548501440 10 0 9 1 2 11 1 0 0 0 0 1 386 1 1 0 749 363 362 0 362 0 0 0 9851249 2241265 0 2180940 165944 400084 802798922 2892262 6806422 3749898577 3749898577 0 106748901 492316711 47.245220 325 3794 5093878 5915022 1 792 88 160000 250000 12 16000 19465 12 16000 25000 8 16000 25000 895
1787064549461260 10 0 9 1 2 11 1 0 0 0 0 1 385 1 1 0 749 364 363 0 363 0 0 0 9868317 2241632 0 2181165 166162 400104 803740865 2892437 6813127 3759378803 3759378803 0 107390525 492316711 47.227729 325 3794 5093878 5914216 804 794 88 160000 250000 12 16000 19424 12 16000 25000 8 16000 25000 900
1787064554513378 10 0 8 2 2 11 1 0 0 0 0 1 384 2 2 0 749 365 363 0 363 0 0 0 9915668 2241638 0 2181165 166257 400146 808745216 2892638 6848291 3759378803 3759378803 0 108032149 492316711 47.094092 327 3818 5125225 5950111 866 798 88 160000 250000 24 32000 37988 12 16000 25000 8 16000 25000 900
1787064558069461 10 0 9 1 2 11 1 0 0 0 0 1 384 1 1 0 749 365 364 0 364 0 0 0 9944146 2241973 0 2181382 166351 400199 812272233 2892699 6875335 3768933455 3768933455 0 108032149 492316711 46.982742 327 3818 5125225 5950111 866 806 88 160000 250000 12 16000 19471 12 16000 25000 8 16000 25000 904
1787064558725807 10 0 9 1 2 11 1 0 0 0 0 1 383 1 1 0 749 366 365 0 365 0 0 0 9963020 2242281 0 2181596 166506 400217 812909012 2892875 6883799 3778184128 3778184128 0 108673773 492316711 46.959038 314 3666 4921470 5713106 735 800 88 160000 250000 12 16000 19429 12 16000 25000 8 16000 25000 908
1787064563777824 10 0 8 2 2 11 1 0 0 0 0 1 382 2 2 0 749 367 365 0 365 0 0 0 10009523 2242290 0 2181596 166598 400268 817914148 2893016 6918569 3778184128 3778184128 0 109315397 492316711 46.830709 312 3643 4890123 5676239 686 795 88 160000 250000 24 32000 37990 12 16000 25000 8 16000 25000 908
1787064567553344 10 0 9 1 2 11 1 0 0 0 0 1 382 1 1 0 749 367 366 0 366 0 0 0 10036463 2242612 0 2181808 166701 400318 821662147 2893078 6944837 3787654646 3787654646 0 109315397 492316711 46.726735 312 3643 4890123 5676239 686 785 88 160000 250000 12 16000 19476 12 16000 25000 8 16000 25000 912
1787064569468460 10 0 9 1 2 11 1 0 0 0 0 1 381 1 1 0 749 368 367 0 367 0 0 0 10060535 2242970 0 2182047 166885 400350 823552423 2893237 6958289 3798385890 3798385890 0 109957021 492316711 46.683688 311 3631 4874449 5657593 729 781 88 160000 250000 12 16000 19434 12 16000 25000 8 16000 25000 916
1787064574519897 10 0 8 2 2 11 1 0 0 0 0 1 380 2 2 0 749 369 367 0 367 0 0 0 10106379 2242978 0 2182047 167047 400399 828557546 2893429 6992703 3798385890 3798385890 0 110598645 492316711 46.559905 312 3643 4890123 5675308 969 791 88 160000 250000 24 32000 37992 12 16000 25000 8 16000 25000 917
1787064576821326 10 0 9 1 2 11 1 0 0 0 0 1 380 1 1 0 749 369 368 0 368 0 0 0 10126524 2243308 0 2182283 167738 400435 830837668 2893495 7012111 3807640893 3807640893 0 110598645 492316711 46.482837 312 3643 4890123 5675308 969 809 88 160000 250000 12 16000 19475 12 16000 25000 8 16000 25000 920
1787064579113071 10 0 9 1 2 11 1 0 0 0 0 1 379 1 1 0 749 370 369 0 369 0 0 0 10158114 2243608 0 2182482 167889 400471 833097142 2893654 7033226 3817272506 3817272506 0 111240269 492316711 46.412651 314 3666 4921470 5710933 732 803 88 160000 250000 12 16000 19438 12 16000 25000 8 16000 25000 924
1787064584164331 10 0 8 2 2 11 1 0 0 0 0 1 378 2 2 0 749 371 369 0 369 0 0 0 10203900 2243613 0 2182482 167981 400517 838102225 2893818 7067362 3817272506 3817272506 0 111881895 492316711 46.291070 319 3724 4999837 5801691 763 801 88 160000 250000 24 32000 37993 12 16000 25000 8 16000 25000 925
1787064585890687 10 0 9 1 2 11 1 0 0 0 0 1 378 1 1 0 749 371 370 0 370 0 0 0 10215627 2243937 0 2182696 168063 400544 839816322 2893883 7078553 3826330634 3826330634 0 111881895 492316711 46.246297 319 3724 4999837 5801691 763 799 88 160000 250000 12 16000 19487 12 16000 25000 8 16000 25000 929
1787064587870243 10 0 9 1 2 11 1 0 0 0 0 1 377 1 1 0 749 372 371 0 371 0 0 0 10240642 2244236 0 2182893 168219 400577 841770176 2894048 7093242 3835074612 3835074612 0 112523521 492316711 46.201540 363 4297 5748735 6669803 833 803 88 160000 250000 12 16000 19444 12 16000 25000 8 16000 25000 933
1787064592920848 10 0 8 2 2 11 1 0 0 0 0 1 376 2 2 0 749 373 371 0 371 0 0 0 10285769 2244243 0 2182893 168316 400617 846775286 2894197 7127078 3835074612 3835074612 0 113165147 492316711 46.083954 374 4427 5922939 6871352 680 797 88 160000 250000 24 32000 37995 12 16000 25000 8 16000 25000 933
1787064594945953 10 0 9 1 2 11 1 0 0 0 0 1 376 1 1 0 749 373 372 0 372 0 0 0 10305483 2244553 0 2183101 168408 400654 848780139 2894261 7146158 3844117102 3844117102 0 113165147 492316711 46.010426 374 4427 5922939 6871352 680 787 88 160000 250000 12 16000 19491 12 16000 25000 8 16000 25000 937
1787064596412311 10 0 9 1 2 11 1 0 0 0 0 1 375 1 1 0 749 374 373 0 373 0 0 0 10330860 2244854 0 2183307 168546 400682 850220468 2894407 7160617 3852646176 3852646176 0 113806773 492316711 45.965136 372 4404 5891266 6834037 728 783 88 160000 250000 12 16000 19450 12 16000 25000 8 16000 25000 941
1787064601462413 10 0 8 2 2 11 1 0 0 0 0 1 374 2 2 0 749 375 373 0 373 0 0 0 10375460 2244861 0 2183307 168641 400731 855225579 2894565 7194033 3852646176 3852646176 0 114448399 492316711 45.851156 372 4404 5891266 6833468 673 778 88 160000 250000 24 32000 37998 12 16000 25000 8 16000 25000 942
1787064604186975 10 0 9 1 2 11 1 0 0 0 0 1 374 1 1 0 749 375 374 0 374 0 0 0 10395289 2245177 0 2183514 168720 400769 857929755 2894633 7213067 3861873540 3861873540 0 114448399 492316711 45.778083 372 4404 5891266 6833468 673 768 88 160000 250000 12 16000 19496 12 16000 25000 8 16000 25000 945
1787064605039000 10 0 8 2 2 11 1 0 0 0 0 1 372 2 2 0 749 377 375 0 375 0 0 0 10414163 2245640 0 2183894 168854 400790 858762106 2894779 7221205 3870486615 3870486615 0 115096482 492316711 45.756981 372 4404 5891266 6832898 693 762 88 160000 250000 16 24000 28777 12 16000 25000 8 16000 25000 1012
1787064605519509 10 0 8 2 2 11 1 0 0 0 0 1 371 2 2 0 749 378 376 0 376 0 0 0 10470469 2413086 0 2351192 169251 400885 859018193 2894915 7266949 3870584657 3870584657 0 115744565 557658939 49.847082 370 4380 5859592 6795596 648 752 88 160000 250000 24 32000 38064 12 16000 25000 8 16000 25000 1012
1787064612853100 10 0 8 2 2 11 1 0 0 0 0 1 371 3 2 1 749 378 376 0 376 0 0 0 10526179 2413096 0 2351192 169332 400957 866295595 2895143 7319693 3879237964 3870584657 0 115744565 557658939 49.632427 279 3257 4372898 5071238 1 715 88 160000 250000 24 32000 38069 12 16000 25000 8 16000 25000 1016
1787064612853454 10 0 9 1 2 11 1 0 0 0 0 1 371 1 1 0 749 378 377 0 377 0 0 0 10526179 2413404 0 2351406 169398 400969 866295595 2895143 7319693 3879237964 3879237964 0 115744565 557658939 49.631246 279 3257 4372898 5071238 1 647 88 160000 250000 12 16000 19565 12 16000 25000 8 16000 25000 1016
1787064613895111 10 0 9 1 2 11 1 0 0 0 0 1 370 1 1 0 749 379 378 0 378 0 0 0 10551120 2413701 0 2351601 169549 400998 867311629 2895320 7334038 3888081302 3888081302 0 116392648 557658939 49.582303 282 3292 4419919 5125086 674 651 88 160000 250000 12 16000 19523 12 16000 25000 8 16000 25000 1020
1787064618945904 10 0 8 2 2 11 1 0 0 0 0 1 369 2 2 0 749 380 378 0 378 0 0 0 10596392 2413710 0 2351601 169644 401044 872316759 2895483 7367573 3888081302 3888081302 0 117040731 557658939 49.457241 282 3292 4419919 5124926 710 654 88 160000 250000 24 32000 38066 12 16000 25000 8 16000 25000 1021
1787064621713227 10 0 9 1 2 11 1 0 0 0 0 1 369 1 1 0 749 380 379 0 379 0 0 0 10614887 2414041 0 2351803 169746 401084 875065006 2895547 7384840 3896929704 3896929704 0 117040731 557658939 49.385778 282 3292 4419919 5124926 710 660 88 160000 250000 12 16000 19570 12 16000 25000 8 16000 25000 1024
1787064622700978 10 0 9 1 2 11 1 0 0 0 0 1 368 1 1 0 749 381 380 0 380 0 0 0 10633460 2414335 0 2351999 169890 401110 876033518 2895718 7393118 3905722486 3905722486 0 117688814 557658939 49.361736 282 3292 4419919 5124244 804 675 88 160000 250000 12 16000 19528 12 16000 25000 8 16000 25000 1028
1787064627750450 10 0 8 2 2 11 1 0 0 0 0 1 367 2 2 0 749 382 380 0 380 0 0 0 10677523 2414340 0 2351999 169974 401152 881038571 2895875 7426198 3905722486 3905722486 0 118336897 557658939 49.242790 285 3327 4466939 5178596 689 676 88 160000 250000 24 32000 38068 12 16000 25000 8 16000 25000 1029
1787064631381002 10 0 9 1 2 11 1 0 0 0 0 1 367 1 1 0 749 382 381 0 381 0 0 0 10703837 2414678 0 2352215 170116 401195 884642172 2895945 7451248 3915376976 3915376976 0 118336897 557658939 49.142747 285 3327 4466939 5178596 689 678 88 160000 250000 12 16000 19576 12 16000 25000 8 16000 25000 1032
1787064631970727 10 0 9 1 2 11 1 0 0 0 0 1 366 1 1 0 749 383 382 0 382 0 0 0 10720265 2414987 0 2352424 170257 401212 885214801 2896113 7457556 3924635695 3924635695 0 118984980 557658939 49.127183 285 3327 4466939 5177911 748 686 88 160000 250000 12 16000 19532 12 16000 25000 8 16000 25000 1037
1787064636016067 10 0 8 2 2 11 1 0 0 0 0 1 365 2 2 0 749 384 382 0 382 0 0 0 10758000 2414993 0 2352424 170348 401247 889218885 2896278 7484317 3924635695 3924635695 0 119633063 557658939 49.033351 285 3327 4466939 5177750 865 695 88 160000 250000 24 32000 38069 12 16000 25000 8 16000 25000 1037
1787064640816288 10 0 9 1 2 11 1 0 0 0 0 1 365 1 1 0 749 384 383 0 383 0 0 0 10790448 2415291 0 2352613 170461 401293 893986086 2896338 7515528 3934057661 3934057661 0 119633063 557658939 48.911764 285 3327 4466939 5177750 865 713 88 160000 250000 12 16000 19581 12 16000 25000 8 16000 25000 1041
1787064641839687 10 0 9 1 2 11 1 0 0 0 0 1 364 1 1 0 749 385 384 0 384 0 0 0 10812106 2415574 0 2352807 170670 401316 894987114 2896502 7526906 3943915563 3943915563 0 120281146 557658939 48.877358 285 3327 4466939 5177060 727 715 88 160000 250000 12 16000 19538 12 16000 25000 8 16000 25000 1045
1787064646888509 10 0 8 2 2 11 1 0 0 0 0 1 363 2 2 0 749 386 384 0 384 0 0 0 10855518 2415579 0 2352807 170768 401353 899992171 2896653 7559534 3943915563 3943915563 0 120929229 557658939 48.764025 285 3327 4466939 5176899 918 726 88 160000 250000 24 32000 38070 12 16000 25000 8 16000 25000 1046
1787064652124576 10 0 8 2 2 11 1 0 0 0 0 1 363 3 2 1 749 386 384 0 384 0 0 0 10892100 2415585 0 2352807 170780 401398 905191348 2896751 7594691 3954189610 3943915563 0 120929229 557658939 48.629954 285 3327 4466939 5176899 918 736 88 160000 250000 24 32000 38075 12 16000 25000 8 16000 25000 1050
1787064652124922 10 0 9 1 2 11 1 0 0 0 0 1 363 1 1 0 749 386 385 0 385 0 0 0 10892100 2415887 0 2353013 170910 401410 905191348 2896751 7594691 3954189610 3954189610 0 120929229 557658939 48.628850 285 3327 4466939 5176899 918 755 88 160000 250000 12 16000 19542 12 16000 25000 8 16000 25000 1049
1787064655213149 10 0 9 1 2 11 1 0 0 0 0 1 362 1 1 0 749 387 386 0 386 0 0 0 10929774 2416181 0 2353197 171101 401458 908241198 2896886 7621325 3968573371 3968573371 0 121577314 557658939 48.536817 286 3339 4482613 5194626 945 774 88 160000 250000 12 16000 19587 12 16000 25000 8 16000 25000 1053
1787064660263766 10 0 8 2 2 11 1 0 0 0 0 1 361 2 2 0 749 388 386 0 386 0 0 0 10974857 2416187 0 2353197 171189 401514 913246319 2897069 7654174 3968573371 3968573371 0 122225399 557658939 48.419543 289 3374 4529633 5248690 1128 792 88 160000 250000 24 32000 38072 12 16000 25000 8 16000 25000 1054
1787064661402775 10 0 9 1 2 11 1 0 0 0 0 1 361 1 1 0 749 388 387 0 387 0 0 0 10988274 2416505 0 2353406 171295 401546 914371349 2897135 7666661 3977838014 3977838014 0 122225399 557658939 48.369931 289 3374 4529633 5248690 1128 825 88 160000 250000 12 16000 19547 12 16000 25000 8 16000 25000 1057
1787064664576052 10 0 9 1 2 11 1 0 0 0 0 1 360 1 1 0 749 389 388 0 388 0 0 0 11025682 2416830 0 2353621 171481 401587 917506458 2897304 7693056 3987187015 3987187015 0 122873484 557658939 48.280135 287 3351 4498286 5211928 718 815 88 160000 250000 12 16000 19592 12 16000 25000 8 16000 25000 1062
1787064669624986 10 0 8 2 2 11 1 0 0 0 0 1 359 2 2 0 749 390 388 0 388 0 0 0 11069124 2416836 0 2353621 171577 401628 922511554 2897484 7725539 3987187015 3987187015 0 123521569 557658939 48.170420 287 3351 4498286 5211506 691 809 88 160000 250000 24 32000 38075 12 16000 25000 8 16000 25000 1062
1787064669926600 10 0 9 1 2 11 1 0 0 0 0 1 359 1 1 0 749 390 389 0 389 0 0 0 11075458 2417153 0 2353834 171652 401649 922806319 2897549 7731656 3995697769 3995697769 0 123521569 557658939 48.146675 287 3351 4498286 5211506 691 799 88 160000 250000 12 16000 19553 12 16000 25000 8 16000 25000 1066
1787064673936468 10 0 9 1 2 11 1 0 0 0 0 1 358 1 1 0 749 391 390 0 390 0 0 0 11113484 2417458 0 2354025 171842 401700 926777417 2897709 7758306 4005045196 4005045196 0 124169654 557658939 48.055961 286 3339 4482613 5192910 669 787 88 160000 250000 12 16000 19598 12 16000 25000 8 16000 25000 1070
1787064678985445 10 0 8 2 2 11 1 0 0 0 0 1 357 2 2 0 749 392 390 0 390 0 0 0 11156952 2417466 0 2354025 171931 401747 931782521 2897898 7790486 4005045196 4005045196 0 124817739 557658939 47.947579 287 3351 4498286 5210645 740 785 88 160000 250000 24 32000 38078 12 16000 25000 8 16000 25000 1070
1787064679600015 10 0 9 1 2 11 1 0 0 0 0 1 357 1 1 0 749 392 391 0 391 0 0 0 11164857 2417772 0 2354234 172018 401769 932388662 2897968 7798183 4014703932 4014703932 0 124817739 557658939 47.918594 287 3351 4498286 5210645 740 781 88 160000 250000 12 16000 19558 12 16000 25000 8 16000 25000 1074
1787064682920309 10 0 9 1 2 11 1 0 0 0 0 1 356 1 1 0 749 393 392 0 392 0 0 0 11200154 2418055 0 2354412 172182 401816 935672997 2898099 7822378 4023676457 4023676457 0 125465824 557658939 47.838783 287 3351 4498286 5210206 673 771 88 160000 250000 12 16000 19603 12 16000 25000 8 16000 25000 1078
1787064687968882 10 0 8 2 2 11 1 0 0 0 0 1 355 2 2 0 749 394 392 0 392 0 0 0 11243222 2418064 0 2354412 172288 401853 940678071 2898285 7854185 4023676457 4023676457 0 126113909 557658939 47.733179 286 3339 4482613 5191636 819 774 88 160000 250000 24 32000 38080 12 16000 25000 8 16000 25000 1079
1787064692141454 10 0 9 1 2 11 1 0 0 0 0 1 355 1 1 0 749 394 393 0 393 0 0 0 11287235 2418356 0 2354596 172436 401923 944805970 2898384 7896284 4032884415 4032884415 0 126113909 557658939 47.578875 286 3339 4482613 5191636 819 780 88 160000 250000 12 16000 19607 12 16000 25000 8 16000 25000 1082
1787064693635879 10 0 9 1 2 11 1 0 0 0 0 1 354 1 1 0 749 395 394 0 394 0 0 0 11311803 2418715 0 2354853 172623 401954 946275064 2898540 7910158 4046906708 4046906708 0 126761994 557658939 47.537512 286 3339 4482613 5190944 719 775 88 160000 250000 12 16000 19564 12 16000 25000 8 16000 25000 1086
1787064698685109 10 0 8 2 2 11 1 0 0 0 0 1 353 2 2 0 749 396 394 0 394 0 0 0 11354927 2418722 0 2354853 173355 401988 951280157 2898720 7941780 4046906708 4046906708 0 127410079 557658939 47.433525 294 3432 4608000 5335979 1056 790 88 160000 250000 24 32000 38068 12 16000 25000 8 16000 25000 1087
1787064702103286 10 0 9 1 2 11 1 0 0 0 0 1 353 1 1 0 749 396 395 0 395 0 0 0 11379589 2419044 0 2355070 173485 402037 954673067 2898783 7965491 4056855277 4056855277 0 127410079 557658939 47.347641 294 3432 4608000 5335979 1056 817 88 160000 250000 12 16000 19606 12 16000 25000 8 16000 25000 1091
1787064707151334 10 0 8 2 2 11 1 0 0 0 0 1 352 2 2 0 749 397 395 0 395 0 0 0 11422167 2419049 0 2355070 173577 402077 959678150 2898954 7996994 4056855277 4056855277 0 128058164 557658939 47.246628 293 3421 4592327 5317125 769 815 88 160000 250000 24 32000 38075 12 16000 25000 8 16000 25000 1091
1787064707657720 10 0 9 1 2 11 1 0 0 0 0 1 352 1 1 0 749 397 396 0 396 0 0 0 11428475 2419369 0 2355291 173640 402096 960177726 2899017 8002967 4070863689 4070863689 0 128058164 557658939 47.224015 293 3421 4592327 5317125 769 811 88 160000 250000 12 16000 19568 12 16000 25000 8 16000 25000 1095
1787064711471130 10 0 9 1 2 11 1 0 0 0 0 1 351 1 1 0 749 398 397 0 397 0 0 0 11463651 2419670 0 2355488 173818 402139 963955278 2899147 8026672 4080220225 4080220225 0 128706249 557658939 47.147858 296 3456 4639347 5371399 1071 837 88 160000 250000 12 16000 19618 12 16000 25000 8 16000 25000 1099
1787064716518571 10 0 8 2 2 11 1 0 0 0 0 1 350 2 2 0 749 399 397 0 397 0 0 0 11505625 2419676 0 2355488 173908 402174 968960350 2899340 8057772 4080220225 4080220225 0 129354334 557658939 47.050108 296 3456 4639347 5370683 854 838 88 160000 250000 24 32000 38084 12 16000 25000 8 16000 25000 1100
1787064716669590 10 0 9 1 2 11 1 0 0 0 0 1 350 1 1 0 749 399 398 0 398 0 0 0 11509824 2419961 0 2355669 173975 402190 969106705 2899401 8061860 4089220376 4089220376 0 129354334 557658939 47.034962 296 3456 4639347 5370683 854 840 88 160000 250000 12 16000 19574 12 16000 25000 8 16000 25000 1103
1787064721140709 10 0 8 2 2 11 1 0 0 0 0 1 349 2 2 0 749 400 398 0 398 0 0 0 11553862 2419968 0 2355669 174123 402237 973533418 2899522 8093385 4089220376 4089220376 0 130002419 557658939 46.930940 299 3491 4686368 5424947 788 838 88 160000 250000 24 32000 38090 12 16000 25000 8 16000 25000 1108
1787064721141153 10 0 9 1 2 11 1 0 0 0 0 1 349 1 1 0 749 400 399 0 399 0 0 0 11553862 2420268 0 2355875 174146 402249 973533421 2899586 8093385 4098877142 4098877142 0 130002419 557658939 46.929932 299 3491 4686368 5424947 788 834 88 160000 250000 12 16000 19622 12 16000 25000 8 16000 25000 1107
1787064725367678 10 0 9 1 2 11 1 0 0 0 0 1 348 1 1 0 749 401 400 0 400 0 0 0 11606143 2420584 0 2356082 174326 402316 977706926 2899724 8124451 4107561357 4107561357 0 130650504 557658939 46.798019 299 3491 4686368 5424224 750 826 88 160000 250000 12 16000 19580 12 16000 25000 8 16000 25000 1111
1787064730415700 10 0 8 2 2 11 1 0 0 0 0 1 347 2 2 0 749 402 400 0 400 0 0 0 11648696 2420589 0 2356082 174424 402357 982711994 2899908 8155565 4107561357 4107561357 0 131298589 557658939 46.700390 298 3479 4670694 5405909 640 817 88 160000 250000 24 32000 38088 12 16000 25000 8 16000 25000 1112
1787064730868992 10 0 9 1 2 11 1 0 0 0 0 1 347 1 1 0 749 402 401 0 401 0 0 0 11652919 2420878 0 2356278 174484 402373 983160601 2899971 8159637 4117268058 4117268058 0 131298589 557658939 46.685418 298 3479 4670694 5405909 640 801 88 160000 250000 12 16000 19627 12 16000 25000 8 16000 25000 1116
1787064734375741 10 0 9 1 2 11 1 0 0 0 0 1 346 1 1 0 749 403 402 0 402 0 0 0 11689053 2421234 0 2356529 174656 402425 986630473 2900104 8184785 4126262307 4126262307 0 131946674 557658939 46.608489 297 3468 4655021 5387050 466 770 88 160000 250000 12 16000 19585 12 16000 25000 8 16000 25000 1120
1787064739423306 10 0 8 2 2 11 1 0 0 0 0 1 345 2 2 0 749 404 402 0 402 0 0 0 11731178 2421242 0 2356529 174752 402466 991635527 2900275 8215699 4126262307 4126262307 0 132594759 557658939 46.513404 297 3468 4655021 5386877 669 765 88 160000 250000 24 32000 38091 12 16000 25000 8 16000 25000 1120
1787064740155669 10 0 9 1 2 11 1 0 0 0 0 1 345 1 1 0 749 404 403 0 403 0 0 0 11737227 2421556 0 2356733 174827 402496 992361324 2900337 8221503 4135535733 4135535733 0 132594759 557658939 46.492500 297 3468 4655021 5386877 669 757 88 160000 250000 12 16000 19633 12 16000 25000 8 16000 25000 1124
1787064743872843 10 0 9 1 2 11 1 0 0 0 0 1 344 1 1 0 749 405 404 0 404 0 0 0 11771223 2421867 0 2356935 175007 402538 996043795 2900473 8244826 4145021406 4145021406 0 133242844 557658939 46.423667 298 3479 4670694 5404294 717 754 88 160000 250000 12 16000 19590 12 16000 25000 8 16000 25000 1128
1787064748920747 10 0 8 2 2 11 1 0 0 0 0 1 343 2 2 0 749 406 404 0 404 0 0 0 11813657 2421873 0 2356935 175096 402577 1001048875 2900660 8275651 4145021406 4145021406 0 133890929 557658939 46.328682 298 3479 4670694 5404126 856 760 88 160000 250000 24 32000 38093 12 16000 25000 8 16000 25000 1129
1787064749113861 10 0 9 1 2 11 1 0 0 0 0 1 343 1 1 0 749 406 405 0 405 0 0 0 11817910 2422167 0 2357137 175164 402594 1001237262 2900722 8279684 4153968450 4153968450 0 133890929 557658939 46.313889 298 3479 4670694 5404126 856 770 88 160000 250000 12 16000 19638 12 16000 25000 8 16000 25000 1132
1787064752460349 10 0 9 1 2 11 1 0 0 0 0 1 342 1 1 0 749 407 406 0 406 0 0 0 11853337 2422472 0 2357340 175319 402639 1004547651 2900860 8304480 4162542468 4162542468 0 134539014 557658939 46.241261 299 3491 4686368 5421537 825 776 88 160000 250000 12 16000 19595 12 16000 25000 8 16000 25000 1136
1787064757507139 10 0 8 2 2 11 1 0 0 0 0 1 341 2 2 0 749 408 406 0 406 0 0 0 11894663 2422475 0 2357340 175422 402676 1009552724 2901040 8334963 4162542468 4162542468 0 135187099 557658939 46.150947 298 3479 4670694 5402972 654 770 88 160000 250000 24 32000 38095 12 16000 25000 8 16000 25000 1137
1787064761158635 10 0 9 1 2 11 1 0 0 0 0 1 341 1 1 0 749 408 407 0 407 0 0 0 11916734 2422793 0 2357535 175506 402717 1013181601 2901103 8356251 4171229657 4171229657 0 135187099 557658939 46.078889 298 3479 4670694 5402972 654 760 88 160000 250000 12 16000 19599 12 16000 25000 8 16000 25000 1140
1787064766206342 10 0 8 2 2 11 1 0 0 0 0 1 340 2 2 0 749 409 407 0 407 0 0 0 11958978 2422799 0 2357535 175709 402755 1018186585 2901264 8386910 4171229657 4171229657 0 135835184 557658939 45.986496 289 3374 4529633 5239613 810 763 88 160000 250000 24 32000 38096 12 16000 25000 8 16000 25000 1141
1787064768222508 10 0 9 1 2 11 1 0 0 0 0 1 340 1 1 0 749 409 408 0 408 0 0 0 11972590 2423101 0 2357740 175792 402787 1020188622 2901328 8400110 4190326118 4190326118 0 135835184 557658939 45.942048 289 3374 4529633 5239613 810 769 88 160000 250000 12 16000 19645 12 16000 25000 8 16000 25000 1145
1787064769880936 10 0 9 1 2 11 1 0 0 0 0 1 339 1 1 0 749 410 409 0 409 0 0 0 11995908 2423407 0 2357952 175955 402814 1021823045 2901472 8413428 4199034901 4199034901 0 136483269 557658939 45.909642 295 3444 4623674 5347965 1607 851 88 160000 250000 12 16000 19605 12 16000 25000 8 16000 25000 1149
1787064774927982 10 0 8 2 2 11 1 0 0 0 0 1 338 2 2 0 749 411 409 0 409 0 0 0 12037519 2423414 0 2357952 176043 402854 1026828113 2901629 8443871 4199034901 4199034901 0 137131354 557658939 45.820256 288 3362 4513960 5220628 660 842 88 160000 250000 24 32000 38096 12 16000 25000 8 16000 25000 1149
1787064777483072 10 0 9 1 2 11 1 0 0 0 0 1 338 1 1 0 749 411 410 0 410 0 0 0 12053473 2423728 0 2358161 176134 402887 1029366712 2901691 8459147 4208284526 4208284526 0 137131354 557658939 45.768768 288 3362 4513960 5220628 660 825 88 160000 250000 12 16000 19649 12 16000 25000 8 16000 25000 1153
1787064782530873 10 0 8 2 2 11 1 0 0 0 0 1 337 2 2 0 749 412 410 0 410 0 0 0 12095802 2423733 0 2358161 176234 402921 1034371803 2901851 8489433 4208284526 4208284526 0 137779439 557658939 45.677890 475 5623 7522449 8698855 872 828 88 160000 250000 24 32000 38097 12 16000 25000 8 16000 25000 1154
1787064786372125 10 0 9 1 2 11 1 0 0 0 0 1 337 1 1 0 749 412 411 0 411 0 0 0 12117834 2424044 0 2358363 176337 402960 1038190466 2901915 8510376 4217161437 4217161437 0 137779439 557658939 45.607708 475 5623 7522449 8698855 872 834 88 160000 250000 12 16000 19653 12 16000 25000 8 16000 25000 1157
1787064789034492 10 0 9 1 2 11 1 0 0 0 0 1 336 1 1 0 749 413 412 0 412 0 0 0 12148162 2424384 0 2358590 176530 403004 1040821699 2902109 8529511 4236301338 4236301338 0 138427524 557658939 45.554139 474 5611 7506613 8679816 753 827 88 160000 250000 12 16000 19611 12 16000 25000 8 16000 25000 1161
1787064794082144 10 0 8 2 2 11 1 0 0 0 0 1 335 2 2 0 749 414 412 0 412 0 0 0 12190267 2424392 0 2358590 176636 403048 1045826814 2902314 8560108 4236301338 4236301338 0 139075609 557658939 45.465162 483 5718 7649143 8843883 1437 858 88 160000 250000 24 32000 38099 12 16000 25000 8 16000 25000 1162
1787064795649790 10 0 9 1 2 11 1 0 0 0 0 1 335 1 1 0 749 414 413 0 413 0 0 0 12200543 2424710 0 2358795 176728 403076 1047383640 2902379 8569854 4245567360 4245567360 0 139075609 557658939 45.432229 483 5718 7649143 8843883 1437 915 88 160000 250000 12 16000 19658 12 16000 25000 8 16000 25000 1165
1787064797614252 10 0 9 1 2 11 1 0 0 0 0 1 334 1 1 0 749 415 414 0 414 0 0 0 12222827 2425078 0 2359031 176912 403104 1049325035 2902548 8581372 4254135401 4254135401 0 139723694 557658939 45.404166 484 5729 7664980 8861453 823 907 88 160000 250000 12 16000 19617 12 16000 25000 8 16000 25000 1170
1787064802661489 10 0 8 2 2 11 1 0 0 0 0 1 333 2 2 0 749 416 414 0 414 0 0 0 12265682 2425088 0 2359031 177009 403158 1054328951 2902759 8612220 4254135401 4254135401 0 140371779 557658939 45.313756 484 5729 7664980 8860712 758 900 88 160000 250000 24 32000 38102 12 16000 25000 8 16000 25000 1170
1787064804542104 10 0 9 1 2 11 1 0 0 0 0 1 333 1 1 0 749 416 415 0 415 0 0 0 12276302 2425416 0 2359235 177101 403186 1056198389 2902828 8622145 4263015784 4263015784 0 140371779 557658939 45.280012 484 5729 7664980 8860712 758 887 88 160000 250000 12 16000 19663 12 16000 25000 8 16000 25000 1174
1787064808104483 10 0 9 1 2 11 1 0 0 0 0 1 332 1 1 0 749 417 416 0 416 0 0 0 12312891 2425782 0 2359487 177281 403242 1059723370 2902996 8647288 4273492643 4273492643 0 141019864 557658939 45.208414 484 5729 7664980 8859971 768 877 88 160000 250000 12 16000 19622 12 16000 25000 8 16000 25000 1178
1787064813154564 10 0 8 2 2 11 1 0 0 0 0 1 331 2 2 0 749 418 416 0 416 0 0 0 12354577 2425787 0 2359487 177378 403286 1064728479 2903199 8677440 4273492643 4273492643 0 141667949 557658939 45.122711 483 5718 7649143 8840926 809 874 88 160000 250000 24 32000 38105 12 16000 25000 8 16000 25000 1179
1787064813646319 10 0 9 1 2 11 1 0 0 0 0 1 331 1 1 0 749 418 417 0 417 0 0 0 12358586 2426085 0 2359685 177443 403312 1065215739 2903262 8681308 4282585465 4282585465 0 141667949 557658939 45.109566 483 5718 7649143 8840926 809 868 88 160000 250000 12 16000 19669 12 16000 25000 8 16000 25000 1182
1787064816717499 10 0 9 1 2 11 1 0 0 0 0 1 330 1 1 0 749 419 418 0 418 0 0 0 12396399 2426407 0 2359909 178235 403366 1068247774 2903390 8705776 4291184686 4291184686 0 142316034 557658939 45.035208 483 5718 7649143 8840187 824 864 88 160000 250000 12 16000 19620 12 16000 25000 8 16000 25000 1186
1787064821764698 10 0 8 2 2 11 1 0 0 0 0 1 329 2 2 0 749 420 418 0 418 0 0 0 12438045 2426413 0 2359909 178328 403406 1073252904 2903594 8735607 4291184686 4291184686 0 142964119 557658939 44.950594 482 5706 7633307 8821146 641 853 88 160000 250000 24 32000 38100 12 16000 25000 8 16000 25000 1187
1787064822631317 10 0 9 1 2 11 1 0 0 0 0 1 329 1 1 0 749 420 419 0 419 0 0 0 12443958 2426723 0 2360118 178409 403426 1074113101 2903660 8741164 4300154735 4300154735 0 142964119 557658939 44.931783 482 5706 7633307 8821146 641 833 88 160000 250000 12 16000 19674 12 16000 25000 8 16000 25000 1190
1787064825242549 10 0 9 1 2 11 1 0 0 0 0 1 328 1 1 0 749 421 420 0 420 0 0 0 12473536 2427068 0 2360348 178580 403472 1076693953 2903858 8759720 4308665968 4308665968 0 143612204 557658939 44.883031 480 5682 7601633 8783817 613 812 88 160000 250000 12 16000 19632 12 16000 25000 8 16000 25000 1195
1787064830290484 10 0 8 2 2 11 1 0 0 0 0 1 327 2 2 0 749 422 420 0 420 0 0 0 12515825 2427078 0 2360348 178677 403524 1081699164 2904056 8789585 4308665968 4308665968 0 144260289 557658939 44.797342 480 5682 7601633 8783082 635 804 88 160000 250000 24 32000 38109 12 16000 25000 8 16000 25000 1195
1787064831567347 10 0 9 1 2 11 1 0 0 0 0 1 327 1 1 0 749 422 421 0 421 0 0 0 12525779 2427381 0 2360543 178763 403557 1082965547 2904126 8798909 4317590866 4317590866 0 144260289 557658939 44.766614 480 5682 7601633 8783082 635 788 88 160000 250000 12 16000 19680 12 16000 25000 8 16000 25000 1199
1787064833907058 10 0 9 1 2 11 1 0 0 0 0 1 326 1 1 0 749 423 422 0 422 0 0 0 12564991 2427713 0 2360765 178936 403606 1085265199 2904386 8817515 4326241433 4326241433 0 144908374 557658939 44.689764 480 5682 7601633 8782355 830 793 88 160000 250000 12 16000 19636 12 16000 25000 8 16000 25000 1203
1787064838953867 10 0 8 2 2 11 1 0 0 0 0 1 325 2 2 0 749 424 422 0 422 0 0 0 12606717 2427725 0 2360765 179037 403653 1090269837 2904590 8847176 4326241433 4326241433 0 145556459 557658939 44.606808 480 5682 7601633 8781627 638 786 88 160000 250000 24 32000 38110 12 16000 25000 8 16000 25000 1203
1787064842607189 10 0 9 1 2 11 1 0 0 0 0 1 325 1 1 0 749 424 423 0 423 0 0 0 12628731 2428097 0 2361024 179146 403695 1093900509 2904657 8867685 4334929889 4334929889 0 145556459 557658939 44.540488 480 5682 7601633 8781627 638 772 88 160000 250000 12 16000 19641 12 16000 25000 8 16000 25000 1207
1787064846249740 10 0 9 1 2 11 1 0 0 0 0 1 324 1 1 0 749 425 424 0 424 0 0 0 12664900 2428494 0 2361309 179335 403762 1097506007 2904849 8891663 4349589447 4349589447 0 146204544 557658939 44.473531 480 5682 7601633 8781326 770 772 88 160000 250000 12 16000 19685 12 16000 25000 8 16000 25000 1211
1787064851267615 10 0 8 2 2 11 1 0 0 0 0 1 323 3 2 1 749 426 424 0 424 0 0 0 12704826 2428505 0 2361309 179428 403815 1102483396 2905073 8919416 4358238261 4349589447 0 146852629 557658939 44.397006 482 5706 7633307 8816749 655 767 88 160000 250000 24 32000 38117 12 16000 25000 8 16000 25000 1216
1787064851267954 10 0 9 1 2 11 1 0 0 0 0 1 323 1 1 0 749 426 425 0 425 0 0 0 12704826 2428813 0 2361516 179591 403815 1102483396 2905073 8919416 4358238261 4358238261 0 146852629 557658939 44.396102 482 5706 7633307 8816749 655 757 88 160000 250000 12 16000 19646 12 16000 25000 8 16000 25000 1215
1787064856135907 10 0 8 2 2 11 1 0 0 0 0 1 322 2 2 0 749 427 425 0 425 0 0 0 12746118 2428820 0 2361516 179751 403870 1107309564 2905295 8948654 4358238261 4358238261 0 147500714 557658939 44.316006 785 9420 12560000 14506668 746 757 88 160000 250000 24 32000 38118 12 16000 25000 8 16000 25000 1220
1787064856136351 10 0 9 1 2 11 1 0 0 0 0 1 322 1 1 0 749 427 426 0 426 0 0 0 12746118 2429123 0 2361723 179774 403886 1107309567 2905362 8948654 4368111486 4368111486 0 147500714 557658939 44.315122 785 9420 12560000 14506668 746 757 88 160000 250000 12 16000 19690 12 16000 25000 8 16000 25000 1219
1787064860269142 10 0 9 1 2 11 1 0 0 0 0 1 321 1 1 0 749 428 427 0 427 0 0 0 12784837 2429432 0 2361924 179947 403941 1111402938 2905490 8975794 4377101217 4377101217 0 148148799 557658939 44.242067 787 9444 12592000 14542423 760 759 88 160000 250000 12 16000 19652 12 16000 25000 8 16000 25000 1224
1787064865207027 10 0 8 2 2 11 1 0 0 0 0 1 320 2 2 0 749 429 427 0 427 0 0 0 12826096 2429442 0 2361924 180113 403995 1116299086 2905676 9005032 4377101217 4377101217 0 148796884 557658939 44.162898 789 9468 12624000 14578124 814 762 88 160000 250000 24 32000 38122 12 16000 25000 8 16000 25000 1228
1787064865207461 10 0 9 1 2 11 1 0 0 0 0 1 320 1 1 0 749 429 428 0 428 0 0 0 12826096 2429741 0 2362126 180136 404008 1116299089 2905741 9005032 4386158856 4386158856 0 148796884 557658939 44.162033 789 9468 12624000 14578124 814 768 88 160000 250000 12 16000 19696 12 16000 25000 8 16000 25000 1228
1787064869812992 10 0 9 1 2 11 1 0 0 0 0 1 319 1 1 0 749 430 429 0 429 0 0 0 12922866 2430073 0 2362342 180320 404061 1120807096 2905892 9032156 4395691314 4395691314 0 149444969 557658939 43.922980 787 9444 12592000 14539966 688 761 88 160000 250000 12 16000 19657 12 16000 25000 8 16000 25000 1232
1787064874859908 10 0 8 2 2 11 1 0 0 0 0 1 318 2 2 0 749 431 429 0 429 0 0 0 12965135 2430084 0 2362342 180417 404111 1125811308 2906097 9061073 4395691314 4395691314 0 150093054 557658939 43.842501 790 9480 12640000 14594134 865 767 88 160000 250000 24 32000 38119 12 16000 25000 8 16000 25000 1233
1787064875410975 10 0 9 1 2 11 1 0 0 0 0 1 318 1 1 0 749 431 430 0 430 0 0 0 12969088 2430404 0 2362559 180490 404126 1126357904 2906163 9064737 4405825557 4405825557 0 150093054 557658939 43.830335 790 9480 12640000 14594134 865 777 88 160000 250000 12 16000 19701 12 16000 25000 8 16000 25000 1236
1787064879229940 10 0 9 1 2 11 1 0 0 0 0 1 317 1 1 0 749 432 431 0 431 0 0 0 13003834 2430744 0 2362779 180681 404177 1130141336 2906327 9088112 4415227682 4415227682 0 150741139 557658939 43.770744 726 8712 11616000 13410713 147 717 88 160000 250000 12 16000 19662 12 16000 25000 8 16000 25000 1240
1787064884274316 10 0 8 2 2 11 1 0 0 0 0 1 316 2 2 0 749 433 431 0 431 0 0 0 13044201 2430759 0 2362779 180902 404230 1135144795 2906511 9116861 4415227682 4415227682 0 151389224 557658939 43.696463 722 8664 11552000 13335676 652 714 88 160000 250000 24 32000 38121 12 16000 25000 8 16000 25000 1241
1787064884287783 10 0 9 1 2 11 1 0 0 0 0 1 316 1 1 0 749 433 432 0 432 0 0 0 13049915 2431059 0 2362982 180979 404248 1135152050 2906579 9122240 4424091355 4424091355 0 151389224 557658939 43.679488 722 8664 11552000 13335676 652 709 88 160000 250000 12 16000 19706 12 16000 25000 8 16000 25000 1244
1787064887880850 10 0 9 1 2 11 1 0 0 0 0 1 315 1 1 0 749 434 433 0 433 0 0 0 13083291 2431404 0 2363208 181163 404294 1138710995 2906716 9143784 4432730939 4432730939 0 152037309 557658939 43.624389 721 8652 11536000 13316113 692 709 88 160000 250000 12 16000 19667 12 16000 25000 8 16000 25000 1249
1787064892926307 10 0 8 2 2 11 1 0 0 0 0 1 314 2 2 0 749 435 433 0 433 0 0 0 13123896 2431411 0 2363208 181260 404343 1143715398 2906938 9172251 4432730939 4432730939 0 152685394 557658939 43.550227 719 8628 11504000 13278030 788 713 88 160000 250000 24 32000 38123 12 16000 25000 8 16000 25000 1249
1787064893219721 10 0 9 1 2 11 1 0 0 0 0 1 314 1 1 0 749 435 434 0 434 0 0 0 13129449 2431717 0 2363414 181329 404362 1144002752 2907002 9177537 4441649358 4441649358 0 152685394 557658939 43.533829 719 8628 11504000 13278030 788 721 88 160000 250000 12 16000 19712 12 16000 25000 8 16000 25000 1253
1787064896593321 10 0 9 1 2 11 1 0 0 0 0 1 313 1 1 0 749 436 435 0 435 0 0 0 13162950 2432045 0 2363626 181512 404401 1147342095 2907169 9199008 4450350151 4450350151 0 153333479 557658939 43.479027 715 8580 11440000 13202443 676 717 88 160000 250000 12 16000 19672 12 16000 25000 8 16000 25000 1257
1787064901638660 10 0 8 2 2 11 1 0 0 0 0 1 312 2 2 0 749 437 435 0 435 0 0 0 13204156 2432058 0 2363626 181607 404462 1152345764 2907375 9227818 4450350151 4450350151 0 153981564 557658939 43.403938 708 8496 11328000 13072700 772 720 88 160000 250000 24 32000 38123 12 16000 25000 8 16000 25000 1257
1787064902505579 10 0 9 1 2 11 1 0 0 0 0 1 312 1 1 0 749 437 436 0 436 0 0 0 13208031 2432415 0 2363850 181700 404483 1153208229 2907442 9231385 4459623997 4459623997 0 153981564 557658939 43.392194 708 8496 11328000 13072700 772 726 88 160000 250000 12 16000 19717 12 16000 25000 8 16000 25000 1261
1787064905536954 10 0 9 1 2 11 1 0 0 0 0 1 311 1 1 0 749 438 437 0 437 0 0 0 13235467 2432781 0 2364073 181897 404530 1156211331 2907628 9247631 4468555934 4468555934 0 154629649 557658939 43.354645 709 8508 11344000 13089450 797 734 88 160000 250000 12 16000 19677 12 16000 25000 8 16000 25000 1265
1787064910584223 10 0 8 2 2 11 1 0 0 0 0 1 310 2 2 0 749 439 437 0 437 0 0 0 13277093 2432797 0 2364073 181997 404583 1161216515 2907832 9276247 4468555934 4468555934 0 155277734 557658939 43.279068 711 8532 11376000 13125873 792 737 88 160000 250000 24 32000 38125 12 16000 25000 8 16000 25000 1266
1787064911362085 10 0 9 1 2 11 1 0 0 0 0 1 310 1 1 0 749 439 438 0 438 0 0 0 13280880 2433108 0 2364267 182085 404602 1161990073 2907895 9279734 4477401070 4477401070 0 155277734 557658939 43.267781 711 8532 11376000 13125873 792 743 88 160000 250000 12 16000 19722 12 16000 25000 8 16000 25000 1269
1787064914347639 10 0 9 1 2 11 1 0 0 0 0 1 309 1 1 0 749 440 439 0 439 0 0 0 13307977 2433444 0 2364476 182259 404643 1164947766 2908074 9295746 4486199454 4486199454 0 155925819 557658939 43.231641 713 8556 11408000 13161071 806 750 88 160000 250000 12 16000 19682 12 16000 25000 8 16000 25000 1273
1787064919393026 10 0 8 2 2 11 1 0 0 0 0 1 308 2 2 0 749 441 439 0 439 0 0 0 13347756 2433451 0 2364476 182363 404694 1169952882 2908327 9323926 4486199454 4486199454 0 156573904 557658939 43.161814 713 8556 11408000 13160569 741 750 88 160000 250000 24 32000 38127 12 16000 25000 8 16000 25000 1274
1787064920808673 10 0 9 1 2 11 1 0 0 0 0 1 308 1 1 0 749 441 440 0 440 0 0 0 13357302 2433789 0 2364681 182458 404720 1171358423 2908390 9332754 4495634824 4495634824 0 156573904 557658939 43.134798 713 8556 11408000 13160569 741 750 88 160000 250000 12 16000 19727 12 16000 25000 8 16000 25000 1278
1787064923553569 10 0 9 1 2 11 1 0 0 0 0 1 307 1 1 0 749 442 441 0 441 0 0 0 13384590 2434138 0 2364875 182650 404767 1174075235 2908558 9348816 4504829436 4504829436 0 157221989 557658939 43.098508 717 8604 11472000 13232667 873 763 88 160000 250000 12 16000 19688 12 16000 25000 8 16000 25000 1282
1787064928598458 10 0 8 2 2 11 1 0 0 0 0 1 306 2 2 0 749 443 441 0 441 0 0 0 13425466 2434162 0 2364875 182759 404826 1179078725 2908781 9377666 4504829436 4504829436 0 157870074 557658939 43.026333 717 8604 11472000 13232162 849 768 88 160000 250000 24 32000 38131 12 16000 25000 8 16000 25000 1282
1787064929855127 10 0 9 1 2 11 1 0 0 0 0 1 306 1 1 0 749 443 442 0 442 0 0 0 13434973 2434473 0 2365076 182866 404856 1180325332 2908849 9386404 4513864546 4513864546 0 157870074 557658939 42.999714 717 8604 11472000 13232162 849 777 88 160000 250000 12 16000 19733 12 16000 25000 8 16000 25000 1286
1787064932666486 10 0 9 1 2 11 1 0 0 0 0 1 305 1 1 0 749 444 443 0 443 0 0 0 13462140 2434792 0 2365284 183039 404892 1183108759 2909053 9401979 4522966356 4522966356 0 158518159 557658939 42.964246 719 8628 11504000 13267972 822 783 88 160000 250000 12 16000 19693 12 16000 25000 8 16000 25000 1290
1787064937712313 10 0 8 2 2 11 1 0 0 0 0 1 304 2 2 0 749 445 443 0 443 0 0 0 13502607 2434807 0 2365284 183820 404945 1188112954 2909299 9430224 4522966356 4522966356 0 159166244 557658939 42.893895 714 8568 11424000 13174568 852 787 88 160000 250000 24 32000 38119 12 16000 25000 8 16000 25000 1291
1787064938877402 10 0 9 1 2 11 1 0 0 0 0 1 304 1 1 0 749 445 444 0 444 0 0 0 13511618 2435106 0 2365481 183914 404968 1189268510 2909365 9438731 4531976580 4531976580 0 159166244 557658939 42.868853 714 8568 11424000 13174568 852 795 88 160000 250000 12 16000 19731 12 16000 25000 8 16000 25000 1294
1787064941298774 10 0 9 1 2 11 1 0 0 0 0 1 303 1 1 0 749 446 445 0 445 0 0 0 13539848 2435420 0 2365685 184110 405009 1191660878 2909551 9455999 4540595539 4540595539 0 159814329 557658939 42.830945 714 8568 11424000 13173475 772 793 88 160000 250000 12 16000 19698 12 16000 25000 8 16000 25000 1298
1787064946563395 9 0 7 2 2 11 2 0 1 0 0 2 302 2 2 0 749 447 445 0 445 0 0 0 13583157 2435433 0 2365685 184341 405077 1196881595 2909755 9486774 4540595539 4540595539 0 160462414 557658939 42.753694 706 8472 11296000 13024750 668 787 80 144000 225000 24 32000 38135 12 16000 25000 8 16000 25000 1299
1787064948034606 9 0 8 1 2 11 2 0 1 0 0 2 302 1 1 0 749 447 446 0 446 0 0 0 13594444 2435762 0 2365899 184437 405104 1198340966 2909819 9497338 4549738178 4549738178 0 160462414 557658939 42.722713 706 8472 11296000 13024750 668 777 80 144000 225000 12 16000 19743 12 16000 25000 8 16000 25000 1303
1787064950972607 9 0 8 1 2 11 2 0 1 0 0 2 301 1 1 0 749 448 447 0 447 0 0 0 13618668 2436124 0 2366140 184619 405138 1201253962 2909991 9511036 4559400299 4559400299 0 161110499 557658939 42.695785 703 8436 11248000 12968338 644 765 80 144000 225000 12 16000 19703 12 16000 25000 8 16000 25000 1307
1787064955009324 9 0 7 2 2 11 2 0 1 0 0 2 300 2 2 0 749 449 447 0 447 0 0 0 13652124 2436132 0 2366140 184708 405175 1205256817 2910192 9530993 4559400299 4559400299 0 161758584 557658939 42.645394 704 8448 11264000 12985665 854 770 80 144000 225000 24 32000 38137 12 16000 25000 8 16000 25000 1307
1787064961051928 9 0 7 2 2 11 2 0 1 0 0 2 300 3 2 1 749 449 447 0 447 0 0 0 13685171 2436144 0 2366140 184720 405222 1211266051 2910291 9561597 4569466599 4559400299 0 161758584 557658939 42.557944 704 8448 11264000 12985665 854 775 80 144000 225000 24 32000 38142 12 16000 25000 8 16000 25000 1311
1787064961052306 9 0 8 1 2 11 2 0 1 0 0 2 300 1 1 0 749 449 448 0 448 0 0 0 13685171 2436469 0 2366348 184853 405244 1211266051 2910291 9561597 4569466599 4569466599 0 161758584 557658939 42.557086 704 8448 11264000 12985665 854 783 80 144000 225000 12 16000 19708 12 16000 25000 8 16000 25000 1311
1787064966093027 9 0 7 2 2 11 2 0 1 0 0 2 299 2 2 0 749 450 448 0 448 0 0 0 13721330 2436476 0 2366348 184942 405281 1216270238 2910465 9585930 4569466599 4569466599 0 162406669 557658939 42.500082 704 8448 11264000 12985180 775 783 80 144000 225000 24 32000 38137 12 16000 25000 8 16000 25000 1311
1787064969887230 9 0 8 1 2 11 2 0 1 0 0 2 299 1 1 0 749 450 449 0 449 0 0 0 13739129 2436799 0 2366554 185059 405316 1220046061 2910528 9602495 4578290126 4578290126 0 162406669 557658939 42.452469 704 8448 11264000 12985180 775 783 80 144000 225000 12 16000 19712 12 16000 25000 8 16000 25000 1315
1787064974928217 9 0 7 2 2 11 2 0 1 0 0 2 298 2 2 0 749 451 449 0 449 0 0 0 13775859 2436807 0 2366554 185148 405353 1225049898 2910742 9626795 4578290126 4578290126 0 163054754 557658939 42.394393 707 8484 11312000 13039346 799 784 80 144000 225000 24 32000 38138 12 16000 25000 8 16000 25000 1316
1787064980210274 9 0 7 2 2 11 2 0 1 0 0 2 298 3 2 1 749 451 449 0 449 0 0 0 13803624 2436816 0 2366554 185159 405397 1230303872 2910841 9652555 4588601527 4578290126 0 163054754 557658939 42.321891 707 8484 11312000 13039346 799 785 80 144000 225000 24 32000 38143 12 16000 25000 8 16000 25000 1320
1787064980210695 9 0 8 1 2 11 2 0 1 0 0 2 298 1 1 0 749 451 450 0 450 0 0 0 13803624 2437191 0 2366831 185298 405409 1230303872 2910841 9652555 4588601527 4588601527 0 163054754 557658939 42.320914 707 8484 11312000 13039346 799 787 80 144000 225000 12 16000 19716 12 16000 25000 8 16000 25000 1319
1787064983422095 9 0 8 1 2 11 2 0 1 0 0 2 297 1 1 0 749 452 451 0 451 0 0 0 13833099 2437508 0 2367039 185470 405447 1233485078 2910995 9670922 4623977890 4623977890 0 163702839 557658939 42.281410 718 8616 11488000 13241672 884 797 80 144000 225000 12 16000 19752 12 16000 25000 8 16000 25000 1323
1787064988462847 9 0 7 2 2 11 2 0 1 0 0 2 296 2 2 0 749 453 451 0 451 0 0 0 13868764 2437516 0 2367039 185569 405482 1238489744 2911192 9695008 4623977890 4623977890 0 164350924 557658939 42.226815 761 9132 12176000 14032914 3280 922 80 144000 225000 24 32000 38141 12 16000 25000 8 16000 25000 1324
1787064990232615 9 0 8 1 2 11 2 0 1 0 0 2 296 1 1 0 749 453 452 0 452 0 0 0 13878674 2437843 0 2367246 185680 405511 1240249029 2911259 9704177 4633986901 4633986901 0 164350924 557658939 42.200321 761 9132 12176000 14032914 3280 1152 80 144000 225000 12 16000 19720 12 16000 25000 8 16000 25000 1327
1787064993430438 9 0 8 1 2 11 2 0 1 0 0 2 295 1 1 0 749 454 453 0 453 0 0 0 13911370 2438178 0 2367462 185852 405557 1243410740 2911455 9725413 4643980670 4643980670 0 164999009 557658939 42.152867 763 9156 12208000 14069211 796 1119 80 144000 225000 12 16000 19757 12 16000 25000 8 16000 25000 1332
1787064998471699 9 0 7 2 2 11 2 0 1 0 0 2 294 2 2 0 749 455 453 0 453 0 0 0 13947108 2438190 0 2367462 185941 405597 1248415852 2911646 9749533 4643980670 4643980670 0 165647094 557658939 42.098617 760 9120 12160000 14012101 704 1099 80 144000 225000 24 32000 38143 12 16000 25000 8 16000 25000 1332
1787065000067558 9 0 8 1 2 11 2 0 1 0 0 2 294 1 1 0 749 455 454 0 454 0 0 0 13956699 2438506 0 2367655 186032 405625 1250001580 2911711 9758511 4653802555 4653802555 0 165647094 557658939 42.073179 760 9120 12160000 14012101 704 1062 80 144000 225000 12 16000 19725 12 16000 25000 8 16000 25000 1336
1787065002358391 9 0 8 1 2 11 2 0 1 0 0 2 293 1 1 0 749 456 455 0 455 0 0 0 13982404 2438824 0 2367866 186198 405658 1252265977 2911891 9773324 4662717622 4662717622 0 166295179 557658939 42.044142 759 9108 12144000 13993083 776 1035 80 144000 225000 12 16000 19762 12 16000 25000 8 16000 25000 1340
1787065007399581 9 0 7 2 2 11 2 0 1 0 0 2 292 2 2 0 749 457 455 0 455 0 0 0 14018108 2438829 0 2367866 186287 405692 1257271066 2912087 9797130 4662717622 4662717622 0 166941287 557658939 41.990355 760 9120 12160000 14009728 712 1019 80 144000 225000 24 32000 38146 12 16000 25000 8 16000 25000 1341
1787065009783387 9 0 8 1 2 11 2 0 1 0 0 2 292 1 1 0 749 457 456 0 456 0 0 0 14030229 2439167 0 2368098 186377 405717 1259642197 2912150 9808762 4672422103 4672422103 0 166941287 557658939 41.958589 760 9120 12160000 14009728 712 990 80 144000 225000 12 16000 19731 12 16000 25000 8 16000 25000 1344
1787065010991805 9 0 8 1 2 11 2 0 1 0 0 2 291 1 1 0 749 458 457 0 457 0 0 0 14122516 3121000 0 3049793 187085 405837 1260075427 2912336 9897993 4672794323 4672794323 0 166941287 906150817 59.348707 761 9132 12176000 14026904 883 980 80 144000 225000 12 16000 19889 12 16000 25000 8 16000 25000 1502
1787065011539451 9 0 8 1 2 11 2 0 1 0 0 2 290 1 1 0 749 459 458 0 458 0 0 0 14173990 3121294 0 3049991 187229 405855 1260570963 2912485 9904102 4681961938 4681961938 0 167587395 906150817 59.206692 326 3859 5145032 5926985 1 886 80 144000 225000 12 16000 19806 12 16000 25000 8 16000 25000 1506
1787065016578391 9 0 7 2 2 11 2 0 1 0 0 2 289 2 2 0 749 460 458 0 458 0 0 0 14207511 3121299 0 3049991 187320 405887 1265576014 2912660 9927260 4681961938 4681961938 0 168233503 906150817 59.127703 326 3859 5145032 5926236 702 877 80 144000 225000 24 32000 38187 12 16000 25000 8 16000 25000 1507
1787065021060228 9 0 8 1 2 11 2 0 1 0 0 2 289 1 1 0 749 460 459 0 459 0 0 0 14231250 3121606 0 3050189 187406 405929 1270033532 2912745 9950356 4691468618 4691468618 0 168233503 906150817 59.045769 326 3859 5145032 5926236 702 861 80 144000 225000 12 16000 19810 12 16000 25000 8 16000 25000 1510
1787065021941200 9 0 8 1 2 11 2 0 1 0 0 2 288 1 1 0 749 461 460 0 460 0 0 0 14256850 3121892 0 3050378 187544 405950 1270888303 2912871 9956301 4702369162 4702369162 0 168879611 906150817 58.993275 326 3859 5145032 5925762 692 845 80 144000 225000 12 16000 19895 12 16000 25000 8 16000 25000 1514
1787065026979789 9 0 7 2 2 11 2 0 1 0 0 2 287 2 2 0 749 462 460 0 460 0 0 0 14290880 3121898 0 3050378 187632 405983 1275892495 2913040 9979534 4702369162 4702369162 0 169525719 906150817 58.913350 319 3776 5034556 5797531 225 814 80 144000 225000 24 32000 38189 12 16000 25000 8 16000 25000 1515
1787065030256090 9 0 8 1 2 11 2 0 1 0 0 2 287 1 1 0 749 462 461 0 461 0 0 0 14309240 3122238 0 3050604 187727 406021 1279149855 2913104 9997021 4711542747 4711542747 0 169525719 906150817 58.850149 319 3776 5034556 5797531 225 757 80 144000 225000 12 16000 19815 12 16000 25000 8 16000 25000 1519
1787065031883205 9 0 8 1 2 11 2 0 1 0 0 2 286 1 1 0 749 463 462 0 462 0 0 0 14333088 3122546 0 3050813 187881 406048 1280752426 2913275 10008838 4721470288 4721470288 0 170171827 906150817 58.804009 311 3682 4908298 5651410 418 725 80 144000 225000 12 16000 19901 12 16000 25000 8 16000 25000 1523
1787065036922464 9 0 7 2 2 11 2 0 1 0 0 2 285 2 2 0 749 464 462 0 462 0 0 0 14366906 3122550 0 3050813 187970 406077 1285757514 2913444 10032116 4721470288 4721470288 0 170817935 906150817 58.725522 311 3682 4908298 5650444 703 724 80 144000 225000 24 32000 38190 12 16000 25000 8 16000 25000 1523
1787065039974974 9 0 8 1 2 11 2 0 1 0 0 2 285 1 1 0 749 464 463 0 463 0 0 0 14384106 3122860 0 3051009 188073 406118 1288792258 2913513 10048232 4731176225 4731176225 0 170817935 906150817 58.666787 311 3682 4908298 5650444 703 722 80 144000 225000 12 16000 19821 12 16000 25000 8 16000 25000 1527
1787065042669505 9 0 8 1 2 11 2 0 1 0 0 2 284 1 1 0 749 465 464 0 464 0 0 0 14408038 3123215 0 3051245 188236 406149 1291462103 2913682 10061236 4741951414 4741951414 0 171464043 906150817 58.620660 311 3682 4908298 5649715 771 728 80 144000 225000 12 16000 19906 12 16000 25000 8 16000 25000 1531
1787065047709149 9 0 7 2 2 11 2 0 1 0 0 2 283 2 2 0 749 466 464 0 464 0 0 0 14442184 3123218 0 3051245 188329 406190 1296467190 2913887 10084328 4741951414 4741951414 0 172110151 906150817 58.541774 313 3705 4939862 5685071 1001 742 80 144000 225000 24 32000 38192 12 16000 25000 8 16000 25000 1532
1787065049462045 9 0 8 1 2 11 2 0 1 0 0 2 283 1 1 0 749 466 465 0 465 0 0 0 14450993 3123547 0 3051466 188410 406217 1298210741 2913947 10092871 4751425132 4751425132 0 172110151 906150817 58.511335 313 3705 4939862 5685071 1001 768 80 144000 225000 12 16000 19826 12 16000 25000 8 16000 25000 1535
1787065052770203 9 0 8 1 2 11 2 0 1 0 0 2 282 1 1 0 749 467 466 0 466 0 0 0 14480814 3123869 0 3051681 188584 406270 1301488318 2914099 10111673 4761512724 4761512724 0 172756259 906150817 58.446151 312 3694 4924080 5666172 729 766 80 144000 225000 12 16000 19911 12 16000 25000 8 16000 25000 1539
1787065057811034 9 0 7 2 2 11 2 0 1 0 0 2 281 2 2 0 749 468 466 0 466 0 0 0 14515475 3123875 0 3051681 189375 406309 1306493432 2914272 10134794 4761512724 4761512724 0 173402369 906150817 58.366218 312 3694 4924080 5665198 796 768 80 144000 225000 24 32000 38180 12 16000 25000 8 16000 25000 1540
1787065059478588 9 0 8 1 2 11 2 0 1 0 0 2 281 1 1 0 749 468 467 0 467 0 0 0 14525963 3124198 0 3051893 189441 406339 1308149982 2914338 10144938 4771514336 4771514336 0 173402369 906150817 58.330468 312 3694 4924080 5665198 796 772 80 144000 225000 12 16000 19824 12 16000 25000 8 16000 25000 1543
1787065062049157 9 0 8 1 2 11 2 0 1 0 0 2 280 1 1 0 749 469 468 0 468 0 0 0 14549614 3124517 0 3052102 189613 406369 1310696194 2914475 10158128 4780781568 4780781568 0 174048479 906150817 58.286222 313 3705 4939862 5682618 685 764 80 144000 225000 12 16000 19916 12 16000 25000 8 16000 25000 1548
1787065067088323 9 0 7 2 2 11 2 0 1 0 0 2 279 2 2 0 749 470 468 0 468 0 0 0 14583311 3124521 0 3052102 189706 406405 1315701288 2914650 10180928 4780781568 4780781568 0 174694589 906150817 58.210091 314 3717 4955645 5699793 816 767 80 144000 225000 24 32000 38197 12 16000 25000 8 16000 25000 1548
1787065068453494 9 0 8 1 2 11 2 0 1 0 0 2 279 1 1 0 749 470 469 0 469 0 0 0 14592126 3124854 0 3052323 189785 406428 1317057111 2914713 10189444 4789743466 4789743466 0 174694589 906150817 58.180034 314 3717 4955645 5699793 816 773 80 144000 225000 12 16000 19837 12 16000 25000 8 16000 25000 1552
1787065071898178 9 0 8 1 2 11 2 0 1 0 0 2 278 1 1 0 749 471 470 0 470 0 0 0 14619939 3125214 0 3052567 189956 406463 1320473234 2914863 10206541 4799581081 4799581081 0 175340699 906150817 58.122389 314 3717 4955645 5699052 706 767 80 144000 225000 12 16000 19922 12 16000 25000 8 16000 25000 1556
1787065076946563 9 0 7 2 2 11 2 0 1 0 0 2 277 2 2 0 749 472 470 0 470 0 0 0 14663500 3125221 0 3052567 190042 406498 1325477649 2915064 10229203 4799581081 4799581081 0 175986809 906150817 58.014675 315 3729 4971427 5716219 890 774 80 144000 225000 24 32000 38200 12 16000 25000 8 16000 25000 1557
1787065077665708 9 0 8 1 2 11 2 0 1 0 0 2 277 1 1 0 749 472 471 0 471 0 0 0 14666276 3125548 0 3052788 190103 406516 1326193507 2915129 10231846 4808781970 4808781970 0 175986809 906150817 58.004557 315 3729 4971427 5716219 890 786 80 144000 225000 12 16000 19842 12 16000 25000 8 16000 25000 1560
1787065081540230 9 0 8 1 2 11 2 0 1 0 0 2 276 1 1 0 749 473 472 0 472 0 0 0 14697067 3125873 0 3053003 190361 406574 1330036428 2915267 10251746 4818399603 4818399603 0 176632919 906150817 57.937862 316 3741 4987209 5733621 837 792 80 144000 225000 12 16000 19927 12 16000 25000 8 16000 25000 1564
1787065086490208 9 0 7 2 2 11 2 0 1 0 0 2 275 2 2 0 749 474 472 0 472 0 0 0 14730972 3125878 0 3053003 190524 406603 1334952062 2915449 10274829 4818399603 4818399603 0 177279029 906150817 57.862345 314 3717 4955645 5696073 401 773 80 144000 225000 24 32000 38207 12 16000 25000 8 16000 25000 1569
1787065086490803 9 0 8 1 2 11 2 0 1 0 0 2 275 1 1 0 749 474 473 0 473 0 0 0 14730972 3126263 0 3053233 190565 406625 1334952066 2915548 10274829 4827210558 4827210558 0 177279029 906150817 57.861098 314 3717 4955645 5696073 401 738 80 144000 225000 12 16000 19847 12 16000 25000 8 16000 25000 1568
1787065090336521 9 0 8 1 2 11 2 0 1 0 0 2 274 1 1 0 749 475 474 0 474 0 0 0 14778346 3126581 0 3053438 190748 406660 1338749614 2915765 10291384 4835995485 4835995485 0 177925139 906150817 57.741391 312 3694 4924080 5659338 640 730 80 144000 225000 12 16000 19932 12 16000 25000 8 16000 25000 1573
1787065095376238 9 0 7 2 2 11 2 0 1 0 0 2 273 2 2 0 749 476 474 0 474 0 0 0 14812591 3126587 0 3053438 190835 406694 1343754692 2915952 10313504 4835995485 4835995485 0 178571249 906150817 57.665495 312 3694 4924080 5658092 798 734 80 144000 225000 24 32000 38204 12 16000 25000 8 16000 25000 1573
1787065095643239 9 0 8 1 2 11 2 0 1 0 0 2 273 1 1 0 749 476 475 0 475 0 0 0 14815197 3126882 0 3053638 190899 406712 1344018613 2916012 10316023 4845116409 4845116409 0 178571249 906150817 57.656171 312 3694 4924080 5658092 798 741 80 144000 225000 12 16000 19853 12 16000 25000 8 16000 25000 1577
1787065099103316 9 0 8 1 2 11 2 0 1 0 0 2 272 1 1 0 749 477 476 0 476 0 0 0 14844406 3127193 0 3053836 191077 406757 1347448781 2916146 10334102 4853869150 4853869150 0 179217359 906150817 57.595752 308 3646 4860951 5585104 294 698 80 144000 225000 12 16000 19937 12 16000 25000 8 16000 25000 1581
1787065104141200 9 0 7 2 2 11 2 0 1 0 0 2 271 2 2 0 749 478 476 0 476 0 0 0 14876849 3127199 0 3053836 191157 406794 1352453842 2916334 10355945 4853869150 4853869150 0 179863469 906150817 57.526170 307 3634 4845168 5565744 640 696 80 144000 225000 24 32000 38204 12 16000 25000 8 16000 25000 1581
1787065107652833 9 0 8 1 2 11 2 0 1 0 0 2 271 1 1 0 749 478 477 0 477 0 0 0 14893683 3127528 0 3054055 191245 406829 1355948084 2916399 10372159 4862405886 4862405886 0 179863469 906150817 57.471384 307 3634 4845168 5565744 640 692 80 144000 225000 12 16000 19941 12 16000 25000 8 16000 25000 1585
1787065112690846 9 0 7 2 2 11 2 0 1 0 0 2 270 2 2 0 749 479 477 0 477 0 0 0 14926278 3127535 0 3054055 191333 406867 1360953132 2916564 10394038 4862405886 4862405886 0 180509579 906150817 57.401731 307 3634 4845168 5564767 688 692 80 144000 225000 24 32000 38205 12 16000 25000 8 16000 25000 1586
1787065116713741 9 0 8 1 2 11 2 0 1 0 0 2 270 1 1 0 749 479 478 0 478 0 0 0 14944577 3127831 0 3054248 191419 406907 1364957200 2916629 10411690 4871454742 4871454742 0 180509579 906150817 57.342669 307 3634 4845168 5564767 688 692 80 144000 225000 12 16000 19945 12 16000 25000 8 16000 25000 1589
1787065121751271 9 0 7 2 2 11 2 0 1 0 0 2 269 2 2 0 749 480 478 0 478 0 0 0 14976684 3127837 0 3054248 191508 406937 1369962258 2916792 10433231 4871454742 4871454742 0 181155689 906150817 57.274992 306 3623 4829386 5545395 772 696 80 144000 225000 24 32000 38207 12 16000 25000 8 16000 25000 1590
1787065125336810 9 0 8 1 2 11 2 0 1 0 0 2 269 1 1 0 749 480 479 0 479 0 0 0 14994761 3128139 0 3054448 191606 406969 1373529174 2916854 10450705 4901133829 4901133829 0 181155689 906150817 57.216907 306 3623 4829386 5545395 772 704 80 144000 225000 12 16000 19860 12 16000 25000 8 16000 25000 1593
1787065125662192 9 0 8 1 2 11 2 0 1 0 0 2 268 1 1 0 749 481 480 0 480 0 0 0 15022365 3128439 0 3054662 191726 406987 1373826315 2917018 10456284 4910069677 4910069677 0 181801799 906150817 57.162893 331 3918 5223944 5997984 2094 840 80 144000 225000 12 16000 19950 12 16000 25000 8 16000 25000 1597
1787065130700766 9 0 7 2 2 11 2 0 1 0 0 2 267 2 2 0 749 482 480 0 480 0 0 0 15055593 3128445 0 3054662 191815 407022 1378831352 2917139 10477812 4910069677 4910069677 0 182447909 906150817 57.092305 331 3918 5223944 5996636 727 835 80 144000 225000 24 32000 38209 12 16000 25000 8 16000 25000 1598
1787065199828181 9 0 7 2 2 11 2 0 1 0 0 2 267 3 2 1 749 482 480 0 480 0 0 0 15349417 3128543 0 3054662 192675 407498 1447660456 2917668 10755978 4984222297 4910069677 0 182447909 906150817 56.184159 331 3918 5223944 5996636 727 830 80 144000 225000 24 32000 38200 12 16000 25000 8 16000 25000 1602
1787065199828532 9 0 8 1 2 11 2 0 1 0 0 2 267 1 1 0 749 482 481 0 481 0 0 0 15349417 3128840 0 3054853 192745 407510 1447660456 2917668 10755978 4984222297 4984222297 0 182447909 906150817 56.183256 331 3918 5223944 5996636 727 821 80 144000 225000 12 16000 19947 12 16000 25000 8 16000 25000 1602
1787065204343374 9 0 7 2 2 11 2 0 1 0 0 2 266 2 2 0 749 483 481 0 481 0 0 0 15859815 3128849 0 3054853 192837 407543 1451664541 2917832 10773694 4984222297 4984222297 0 183094019 906150817 54.705525 374 4427 5902583 6774442 5523 1057 80 144000 225000 24 32000 38203 12 16000 25000 8 16000 25000 1602
1787065213711656 9 0 7 2 2 11 2 0 1 0 0 2 266 3 2 1 749 483 481 0 481 0 0 0 15900081 3128859 0 3054853 192851 407605 1460992218 2917935 10811960 5072574271 4984222297 0 183094019 906150817 54.589737 374 4427 5902583 6774442 5523 1281 80 144000 225000 24 32000 38208 12 16000 25000 8 16000 25000 1606
1787065213711993 9 0 8 1 2 11 2 0 1 0 0 2 266 1 1 0 749 483 482 0 482 0 0 0 15900081 3129149 0 3055047 192990 407617 1460992218 2917935 10811960 5072574271 5072574271 0 183094019 906150817 54.588905 374 4427 5902583 6774442 5523 1696 80 144000 225000 12 16000 19866 12 16000 25000 8 16000 25000 1606
1787065218750599 9 0 7 2 2 11 2 0 1 0 0 2 265 2 2 0 749 484 482 0 482 0 0 0 15934027 3129155 0 3055047 193079 407651 1465996502 2918109 10833461 5072574271 5072574271 0 183740129 906150817 54.524004 424 5019 6691698 7679168 3862 1805 80 144000 225000 24 32000 38211 12 16000 25000 8 16000 25000 1606
1787065253135132 9 0 7 2 2 11 2 0 1 0 0 2 265 3 2 1 749 484 482 0 482 0 0 0 16083081 3129195 0 3055047 193193 407890 1500231134 2918429 10974472 5111981971 5072574271 0 183740129 906150817 54.100878 424 5019 6691698 7679168 3862 1908 80 144000 225000 24 32000 38216 12 16000 25000 8 16000 25000 1611
1787065253135469 9 0 8 1 2 11 2 0 1 0 0 2 265 1 1 0 749 484 483 0 483 0 0 0 16083081 3129488 0 3055244 193260 407902 1500231134 2918429 10974472 5111981971 5111981971 0 183740129 906150817 54.100053 424 5019 6691698 7679168 3862 2099 80 144000 225000 12 16000 19870 12 16000 25000 8 16000 25000 1610
1787065258174992 9 0 7 2 2 11 2 0 1 0 0 2 264 2 2 0 749 485 483 0 483 0 0 0 16117206 3129494 0 3055244 193346 407931 1505236209 2918568 10995739 5111981971 5111981971 0 184386239 906150817 54.036130 444 5256 7007344 8040768 2552 2122 80 144000 225000 24 32000 38213 12 16000 25000 8 16000 25000 1611
1787065282926947 9 0 7 2 2 11 2 0 1 0 0 2 264 3 2 1 749 485 483 0 483 0 0 0 16220603 3129524 0 3055244 193451 408088 1529884157 2918768 11094426 5141758932 5111981971 0 184386239 906150817 53.747305 444 5256 7007344 8040768 2552 2144 80 144000 225000 24 32000 38218 12 16000 25000 8 16000 25000 1615
1787065282927294 9 0 8 1 2 11 2 0 1 0 0 2 264 1 1 0 749 485 484 0 484 0 0 0 16220603 3129827 0 3055450 193513 408101 1529884157 2918768 11094426 5141758932 5141758932 0 184386239 906150817 53.746464 444 5256 7007344 8040768 2552 2185 80 144000 225000 12 16000 19874 12 16000 25000 8 16000 25000 1614
1787065284977304 9 0 8 1 2 11 2 0 1 0 0 2 263 1 1 0 749 486 485 0 485 0 0 0 16425957 3130124 0 3055651 193666 408129 1531728138 2918935 11103835 5226413312 5226413312 0 185032349 906150817 53.212776 457 5410 7212514 8275147 2044 2172 80 144000 225000 12 16000 19962 12 16000 25000 8 16000 25000 1618
1787065289082687 9 0 7 2 2 11 2 0 1 0 0 2 262 2 2 0 749 487 485 0 485 0 0 0 16526925 3130131 0 3055651 193753 408154 1535732211 2919097 11120987 5226413312 5226413312 0 185678459 906150817 52.970777 384 4546 6060406 6952080 172 2072 80 144000 225000 24 32000 38215 12 16000 25000 8 16000 25000 1619
1787065327468278 9 0 7 2 2 11 2 0 1 0 0 2 262 3 2 1 749 487 485 0 485 0 0 0 16685546 3130167 0 3055651 194493 408393 1573957636 2919398 11272776 5270757577 5226413312 0 185678459 906150817 52.546660 384 4546 6060406 6952080 172 1977 80 144000 225000 24 32000 38206 12 16000 25000 8 16000 25000 1623
1787065327468638 9 0 8 1 2 11 2 0 1 0 0 2 262 1 1 0 749 487 486 0 486 0 0 0 16685546 3130483 0 3055847 194637 408406 1573957636 2919398 11272776 5270757577 5270757577 0 185678459 906150817 52.545822 384 4546 6060406 6952080 172 1802 80 144000 225000 12 16000 19872 12 16000 25000 8 16000 25000 1622
1787065332558364 9 0 7 2 2 11 2 0 1 0 0 2 261 2 2 0 749 488 486 0 486 0 0 0 16770369 3130486 0 3055847 194730 408443 1578962166 2919570 11293803 5270757577 5270757577 0 186324569 906150817 52.352812 368 4356 5807889 6661570 226 1724 80 144000 225000 24 32000 38209 12 16000 25000 8 16000 25000 1623
1787065361052150 9 0 7 2 2 11 2 0 1 0 0 2 261 3 2 1 749 488 486 0 486 0 0 0 16888639 3130519 0 3055847 194856 408628 1607334724 2919812 11406586 5346746020 5270757577 0 186324569 906150817 52.043433 368 4356 5807889 6661570 226 1650 80 144000 225000 24 32000 38214 12 16000 25000 8 16000 25000 1627
1787065361052506 9 0 8 1 2 11 2 0 1 0 0 2 261 1 1 0 749 488 487 0 487 0 0 0 16888639 3130829 0 3056059 194926 408641 1607334724 2919812 11406586 5346746020 5346746020 0 186324569 906150817 52.042628 368 4356 5807889 6661570 226 1512 80 144000 225000 12 16000 19968 12 16000 25000 8 16000 25000 1627
1787065366361206 9 0 7 2 2 11 2 0 1 0 0 2 260 2 2 0 749 489 487 0 487 0 0 0 17192535 3130835 0 3056059 195017 408674 1612339166 2919971 11427383 5346746020 5346746020 0 186970679 906150817 51.294736 385 4558 6076188 6968086 880 1481 80 144000 225000 24 32000 38216 12 16000 25000 8 16000 25000 1627
1787065374569320 9 0 7 2 2 11 2 0 1 0 0 2 260 3 2 1 749 489 487 0 487 0 0 0 17227284 3130844 0 3056059 195032 408727 1620512222 2920068 11460495 5359979615 5346746020 0 186970679 906150817 51.207159 385 4558 6076188 6968086 880 1451 80 144000 225000 24 32000 38221 12 16000 25000 8 16000 25000 1631
1787065374569716 9 0 8 1 2 11 2 0 1 0 0 2 260 1 1 0 749 489 488 0 488 0 0 0 17227284 3131190 0 3056293 195154 408739 1620512222 2920068 11460495 5359979615 5359979615 0 186970679 906150817 51.206289 385 4558 6076188 6968086 880 1396 80 144000 225000 12 16000 19972 12 16000 25000 8 16000 25000 1631
1787065379861908 9 0 7 2 2 11 2 0 1 0 0 2 259 2 2 0 749 490 488 0 488 0 0 0 17514021 3131198 0 3056293 195249 408770 1625517301 2920241 11481227 5359979615 5359979615 0 187616789 906150817 50.524922 346 4096 5460678 6260819 47 1329 80 144000 225000 24 32000 38217 12 16000 25000 8 16000 25000 1631
1787065405670095 9 0 7 2 2 11 2 0 1 0 0 2 259 3 2 1 749 490 488 0 488 0 0 0 17619058 3131221 0 3056293 195369 408935 1651219773 2920481 11581466 5390812025 5359979615 0 187616789 906150817 50.269111 346 4096 5460678 6260819 47 1265 80 144000 225000 24 32000 38222 12 16000 25000 8 16000 25000 1635
1787065405670464 9 0 8 1 2 11 2 0 1 0 0 2 259 1 1 0 749 490 489 0 489 0 0 0 17619058 3131544 0 3056518 195433 408948 1651219773 2920481 11581466 5390812025 5390812025 0 187616789 906150817 50.268328 346 4096 5460678 6260819 47 1148 80 144000 225000 12 16000 19976 12 16000 25000 8 16000 25000 1635
1787065410796132 9 0 7 2 2 11 2 0 1 0 0 2 258 2 2 0 749 491 489 0 489 0 0 0 17739252 3131550 0 3056518 195532 408985 1656224872 2920644 11602500 5390812025 5390812025 0 188262899 906150817 50.008344 322 3812 5081903 5825498 116 1097 80 144000 225000 24 32000 38218 12 16000 25000 8 16000 25000 1635
1787065415251453 9 0 8 1 2 11 2 0 1 0 0 2 258 1 1 0 749 491 490 0 490 0 0 0 17761836 3131872 0 3056734 195732 409062 1660656851 2920746 11623664 5400289999 5400289999 0 188262899 906150817 49.953520 322 3812 5081903 5825498 116 1002 80 144000 225000 12 16000 19980 12 16000 25000 8 16000 25000 1639
1787065418437103 9 0 8 1 2 11 2 0 1 0 0 2 257 1 1 0 749 492 491 0 491 0 0 0 17833344 3132181 0 3056931 196419 409101 1663769780 2920886 11640838 5491192975 5491192975 0 188909009 906150817 49.811795 311 3682 4908298 5625205 93 914 80 144000 225000 12 16000 19880 12 16000 25000 8 16000 25000 1643
1787065423508356 9 0 7 2 2 11 2 0 1 0 0 2 256 2 2 0 749 493 491 0 491 0 0 0 17899486 3132185 0 3056931 196515 409142 1668774497 2921070 11661756 5491192975 5491192975 0 189555119 906150817 49.684431 334 3954 5271291 6040772 1396 939 80 144000 225000 24 32000 38214 12 16000 25000 8 16000 25000 1644
1787065424755627 9 0 8 1 2 11 2 0 1 0 0 2 256 1 1 0 749 493 492 0 492 0 0 0 17906033 3132566 0 3057141 196591 409162 1670014642 2921133 11667968 5500642303 5500642303 0 189555119 906150817 49.668070 334 3954 5271291 6040772 1396 984 80 144000 225000 12 16000 19985 12 16000 25000 8 16000 25000 1647
1787065429794696 9 0 7 2 2 11 2 0 1 0 0 2 255 2 2 0 749 494 492 0 492 0 0 0 17939674 3132571 0 3057141 196688 409200 1675019719 2921276 11688699 5500642303 5500642303 0 190201229 906150817 49.618006 329 3895 5192379 5948982 174 944 80 144000 225000 24 32000 38222 12 16000 25000 8 16000 25000 1648
1787065431993493 9 0 8 1 2 11 2 0 1 0 0 2 255 1 1 0 749 494 493 0 493 0 0 0 17950188 3132885 0 3057350 196768 409231 1677207475 2921340 11698678 5514152753 5514152753 0 190201229 906150817 49.592523 329 3895 5192379 5948982 174 870 80 144000 225000 12 16000 19893 12 16000 25000 8 16000 25000 1651
1787065434556495 9 0 8 1 2 11 2 0 1 0 0 2 254 1 1 0 749 495 494 0 494 0 0 0 17986015 3133221 0 3057574 196943 409270 1679733904 2921500 11713306 5523937120 5523937120 0 190847339 906150817 49.536781 327 3871 5160815 5912382 297 815 80 144000 225000 12 16000 19989 12 16000 25000 8 16000 25000 1656
1787065439603332 9 0 7 2 2 11 2 0 1 0 0 2 253 2 2 0 749 496 494 0 494 0 0 0 18027343 3133227 0 3057574 197038 409302 1684738995 2921691 11733936 5523937120 5523937120 0 191493449 906150817 49.469137 327 3871 5160815 5911031 605 805 80 144000 225000 24 32000 38224 12 16000 25000 8 16000 25000 1656
1787065441868833 9 0 8 1 2 11 2 0 1 0 0 2 253 1 1 0 749 496 495 0 495 0 0 0 18039311 3133551 0 3057788 197134 409343 1686991966 2921757 11745362 5533789185 5533789185 0 191493449 906150817 49.440418 327 3871 5160815 5911031 605 786 80 144000 225000 12 16000 19898 12 16000 25000 8 16000 25000 1660
1787065443784550 9 0 8 1 2 11 2 0 1 0 0 2 252 1 1 0 749 497 496 0 496 0 0 0 18057617 3133863 0 3057993 197298 409374 1688888678 2921918 11752969 5542996016 5542996016 0 192139559 906150817 49.426058 326 3859 5145032 5892515 430 753 80 144000 225000 12 16000 19994 12 16000 25000 8 16000 25000 1664
1787065448823149 9 0 7 2 2 11 2 0 1 0 0 2 251 2 2 0 749 498 496 0 496 0 0 0 18090708 3133871 0 3057993 197391 409407 1693893794 2922103 11773563 5542996016 5542996016 0 192785669 906150817 49.378011 325 3847 5129250 5873097 442 738 80 144000 225000 24 32000 38226 12 16000 25000 8 16000 25000 1665
1787065451079610 9 0 8 1 2 11 2 0 1 0 0 2 251 1 1 0 749 498 497 0 497 0 0 0 18104121 3134220 0 3058228 197475 409442 1696136269 2922167 11786330 5552191882 5552191882 0 192785669 906150817 49.346015 325 3847 5129250 5873097 442 710 80 144000 225000 12 16000 19903 12 16000 25000 8 16000 25000 1668
1787065453480649 9 0 8 1 2 11 2 0 1 0 0 2 250 1 1 0 749 499 498 0 498 0 0 0 18129031 3134552 0 3058444 197654 409478 1698511648 2922324 11800739 5561872173 5561872173 0 193431779 906150817 49.316415 324 3836 5113468 5854322 632 704 80 144000 225000 12 16000 20001 12 16000 25000 8 16000 25000 1672
1787065458517723 9 0 7 2 2 11 2 0 1 0 0 2 249 2 2 0 749 500 498 0 498 0 0 0 18160626 3134556 0 3058444 197749 409517 1703516743 2922502 11821369 5561872173 5561872173 0 194077889 906150817 49.272171 324 3836 5113468 5853008 628 701 80 144000 225000 24 32000 38228 12 16000 25000 8 16000 25000 1673
1787065460158777 9 0 8 1 2 11 2 0 1 0 0 2 249 1 1 0 749 500 499 0 499 0 0 0 18168406 3134887 0 3058671 197821 409547 1705149477 2922564 11828814 5570938170 5570938170 0 194077889 906150817 49.253412 324 3836 5113468 5853008 628 695 80 144000 225000 12 16000 19907 12 16000 25000 8 16000 25000 1676
1787065463361536 9 0 8 1 2 11 2 0 1 0 0 2 248 1 1 0 749 501 500 0 500 0 0 0 18196775 3135239 0 3058894 197989 409592 1708323122 2922706 11846783 5580804440 5580804440 0 194723999 906150817 49.215983 324 3836 5113468 5852328 706 697 80 144000 225000 12 16000 20006 12 16000 25000 8 16000 25000 1681
1787065468398405 9 0 7 2 2 11 2 0 1 0 0 2 247 2 2 0 749 502 500 0 500 0 0 0 18228165 3135245 0 3058894 198078 409624 1713328215 2922891 11866828 5580804440 5580804440 0 195370109 906150817 49.172497 315 3729 4971427 5688698 693 697 80 144000 225000 24 32000 38230 12 16000 25000 8 16000 25000 1681
1787065469209081 9 0 8 1 2 11 2 0 1 0 0 2 247 1 1 0 749 502 501 0 501 0 0 0 18232107 3135584 0 3059130 198143 409655 1714134417 2922950 11870583 5589841848 5589841848 0 195370109 906150817 49.162645 315 3729 4971427 5688698 693 697 80 144000 225000 12 16000 19912 12 16000 25000 8 16000 25000 1685
1787065473270191 9 0 8 1 2 11 2 0 1 0 0 2 246 1 1 0 749 503 502 0 502 0 0 0 18265955 3135897 0 3059338 198320 409699 1718160975 2923084 11892115 5599735234 5599735234 0 196016219 906150817 49.112964 315 3729 4971427 5688037 719 700 80 144000 225000 12 16000 20011 12 16000 25000 8 16000 25000 1689
1787065478307423 9 0 7 2 2 11 2 0 1 0 0 2 245 2 2 0 749 504 502 0 502 0 0 0 18297679 3135904 0 3059338 198412 409737 1723166089 2923254 11912242 5599735234 5599735234 0 196662329 906150817 49.069004 314 3717 4955645 5668923 664 699 80 144000 225000 24 32000 38233 12 16000 25000 8 16000 25000 1689
1787065482282847 9 0 8 1 2 11 2 0 1 0 0 2 245 1 1 0 749 504 503 0 503 0 0 0 18311950 3136252 0 3059567 198512 409773 1727126650 2923319 11925637 5608735952 5608735952 0 196662329 906150817 49.035559 314 3717 4955645 5668923 664 697 80 144000 225000 12 16000 20015 12 16000 25000 8 16000 25000 1693
1787065487317857 9 0 7 2 2 11 2 0 1 0 0 2 244 2 2 0 749 505 503 0 503 0 0 0 18343171 3136260 0 3059567 198610 409812 1732130043 2923488 11945502 5608735952 5608735952 0 197308439 906150817 48.992953 314 3717 4955645 5667644 778 702 80 144000 225000 24 32000 38234 12 16000 25000 8 16000 25000 1694
1787065492228781 9 0 8 1 2 11 2 0 1 0 0 2 244 1 1 0 749 505 504 0 504 0 0 0 18363709 3136606 0 3059789 198705 409859 1737019788 2923591 11965169 5618667186 5618667186 0 197308439 906150817 48.945364 314 3717 4955645 5667644 778 710 80 144000 225000 12 16000 20019 12 16000 25000 8 16000 25000 1697
1787065497273808 9 0 7 2 2 11 2 0 1 0 0 2 243 2 2 0 749 506 504 0 504 0 0 0 18403358 3136610 0 3059789 198797 409886 1742024835 2923730 11984600 5618667186 5618667186 0 197954549 906150817 48.883867 314 3717 4955645 5666568 694 710 80 144000 225000 24 32000 38235 12 16000 25000 8 16000 25000 1698
1787065501947776 9 0 8 1 2 11 2 0 1 0 0 2 243 1 1 0 749 506 505 0 505 0 0 0 18421892 3136929 0 3059990 198896 409925 1746679710 2923790 12002525 5628363744 5628363744 0 197954549 906150817 48.841118 314 3717 4955645 5666568 694 710 80 144000 225000 12 16000 20023 12 16000 25000 8 16000 25000 1701
1787065504000229 9 0 8 1 2 11 2 0 1 0 0 2 242 1 1 0 749 507 506 0 506 0 0 0 18443567 3137414 0 3060294 199123 409970 1748709523 2923955 12013471 5663141589 5663141589 0 198600659 906150817 48.819519 313 3705 4939862 5647228 439 685 80 144000 225000 12 16000 19921 12 16000 25000 8 16000 25000 1705
1787065508790666 9 0 7 2 2 11 2 0 1 0 0 2 241 2 2 0 749 508 506 0 506 0 0 0 18477150 3137423 0 3060294 199310 410016 1753465776 2924252 12033595 5663141589 5663141589 0 199246769 906150817 48.772154 444 5328 7104000 8121082 2693 786 80 144000 225000 24 32000 38237 12 16000 25000 8 16000 25000 1706
1787065511051804 9 0 8 1 2 11 2 0 1 0 0 2 241 1 1 0 749 508 507 0 507 0 0 0 18489948 3137801 0 3060548 199393 410058 1755713502 2924321 12045852 5672231051 5672231051 0 199246769 906150817 48.742441 444 5328 7104000 8121082 2693 973 80 144000 225000 12 16000 20029 12 16000 25000 8 16000 25000 1710
1787065513315773 9 0 8 1 2 11 2 0 1 0 0 2 240 1 1 0 749 509 508 0 508 0 0 0 18511068 3138083 0 3060732 199559 410087 1757955678 2924480 12056633 5681533161 5681533161 0 199892879 906150817 48.722717 444 5328 7104000 8119533 640 942 80 144000 225000 12 16000 19927 12 16000 25000 8 16000 25000 1714
1787065518351890 9 0 7 2 2 11 2 0 1 0 0 2 239 2 2 0 749 510 508 0 508 0 0 0 18541698 3138092 0 3060732 199658 410124 1762960779 2924648 12076324 5681533161 5681533161 0 200538989 906150817 48.682282 444 5328 7104000 8118941 719 931 80 144000 225000 24 32000 38237 12 16000 25000 8 16000 25000 1714
1787065520297620 9 0 8 1 2 11 2 0 1 0 0 2 239 1 1 0 749 510 509 0 509 0 0 0 18547851 3138632 0 3061136 199738 410148 1764899606 2924713 12082010 5690767508 5690767508 0 200538989 906150817 48.667257 444 5328 7104000 8118941 719 911 80 144000 225000 12 16000 20033 12 16000 25000 8 16000 25000 1718
1787065522679348 9 0 8 1 2 11 2 0 1 0 0 2 238 1 1 0 749 511 510 0 510 0 0 0 18570049 3138961 0 3061347 199909 410184 1767258401 2924879 12093036 5700119674 5700119674 0 201185099 906150817 48.645140 450 5400 7200000 8227851 832 905 80 144000 225000 12 16000 19932 12 16000 25000 8 16000 25000 1722
1787065527715069 9 0 7 2 2 11 2 0 1 0 0 2 237 2 2 0 749 512 510 0 510 0 0 0 18600276 3138967 0 3061347 199998 410220 1772263499 2925077 12112435 5700119674 5700119674 0 201831209 906150817 48.605832 453 5436 7248000 8282093 846 903 80 144000 225000 24 32000 38239 12 16000 25000 8 16000 25000 1723
1787065530956151 9 0 8 1 2 11 2 0 1 0 0 2 237 1 1 0 749 512 511 0 511 0 0 0 18615610 3139299 0 3061558 200094 410263 1775488664 2925140 12126838 5710764859 5710764859 0 201831209 906150817 48.570831 453 5436 7248000 8282093 846 899 80 144000 225000 12 16000 20038 12 16000 25000 8 16000 25000 1726
1787065532220009 9 0 8 1 2 11 2 0 1 0 0 2 236 1 1 0 749 513 512 0 512 0 0 0 18732790 3139600 0 3061754 200257 410295 1776634646 2925306 12136952 5720291197 5720291197 0 202477319 906150817 48.338119 453 5436 7248000 8281282 821 893 80 144000 225000 12 16000 19938 12 16000 25000 8 16000 25000 1730
1787065537261361 9 0 7 2 2 11 2 0 1 0 0 2 235 2 2 0 749 514 512 0 512 0 0 0 18766448 3139607 0 3061754 200488 410344 1781639767 2925478 12159753 5720291197 5720291197 0 203123429 906150817 48.291961 453 5436 7248000 8280672 683 883 80 144000 225000 24 32000 38242 12 16000 25000 8 16000 25000 1731
1787065540514312 9 0 8 1 2 11 2 0 1 0 0 2 235 1 1 0 749 514 513 0 513 0 0 0 18780523 3139951 0 3061981 201135 410402 1784877479 2925542 12172586 5729741342 5729741342 0 203123429 906150817 48.260195 453 5436 7248000 8280672 683 864 80 144000 225000 12 16000 20036 12 16000 25000 8 16000 25000 1735
1787065541392363 9 0 8 1 2 11 2 0 1 0 0 2 234 1 1 0 749 515 514 0 514 0 0 0 18795924 3140246 0 3062176 201267 410435 1785739467 2925713 12177771 5738900889 5738900889 0 203769539 906150817 48.253753 433 5196 6928000 7914310 88 790 80 144000 225000 12 16000 19943 12 16000 25000 8 16000 25000 1739
1787065546427545 9 0 7 2 2 11 2 0 1 0 0 2 233 2 2 0 749 516 514 0 514 0 0 0 18825652 3140252 0 3062176 201367 410471 1790744572 2925842 12196830 5738900889 5738900889 0 204415649 906150817 48.216487 433 5196 6928000 7913734 736 788 80 144000 225000 24 32000 38245 12 16000 25000 8 16000 25000 1739
1787065550332609 9 0 8 1 2 11 2 0 1 0 0 2 233 1 1 0 749 516 515 0 515 0 0 0 18838437 3140589 0 3062393 201461 410504 1794636280 2925908 12209160 5747830062 5747830062 0 204415649 906150817 48.187700 433 5196 6928000 7913734 736 784 80 144000 225000 12 16000 19947 12 16000 25000 8 16000 25000 1743
1787065550783115 9 0 8 1 2 11 2 0 1 0 0 2 232 1 1 0 749 517 516 0 516 0 0 0 18911390 3140877 0 3062588 201600 410521 1795013186 2926073 12212705 5758087529 5758087529 0 205061759 906150817 48.055599 433 5196 6928000 7913873 831 790 80 144000 225000 12 16000 20050 12 16000 25000 8 16000 25000 1747
1787065555819798 9 0 7 2 2 11 2 0 1 0 0 2 231 2 2 0 749 518 516 0 516 0 0 0 18942629 3140885 0 3062588 201687 410557 1800018297 2926198 12231826 5758087529 5758087529 0 205703196 906150817 48.015303 434 5208 6944000 7930662 942 798 80 144000 225000 24 32000 38247 12 16000 25000 8 16000 25000 1748
1787065559550381 9 0 8 1 2 11 2 0 1 0 0 2 231 1 1 0 749 518 517 0 517 0 0 0 18955447 3141222 0 3062798 201781 410587 1803735489 2926261 12244119 5767234575 5767234575 0 205703196 906150817 47.986718 434 5208 6944000 7930662 942 813 80 144000 225000 12 16000 19952 12 16000 25000 8 16000 25000 1751
1787065560535357 9 0 8 1 2 11 2 0 1 0 0 2 230 1 1 0 749 519 518 0 518 0 0 0 19021614 3653875 0 3575313 202427 410711 1804140647 2926443 12307577 5767576888 5767576888 0 205703196 1167519725 57.754319 423 5076 6768000 7729790 130 747 80 144000 225000 12 16000 20085 12 16000 25000 8 16000 25000 1884
1787065561161706 9 0 8 1 2 11 2 0 1 0 0 2 229 1 1 0 749 520 519 0 519 0 0 0 19042453 3654235 0 3575540 202638 410743 1804745359 2926604 12316237 5777941426 5777941426 0 206344633 1167519725 57.727328 330 3907 5208162 5947759 1 675 80 144000 225000 12 16000 20089 12 16000 25000 8 16000 25000 1888
1787065566197119 9 0 7 2 2 11 2 0 1 0 0 2 228 2 2 0 749 521 519 0 519 0 0 0 19072262 3654247 0 3575540 202732 410787 1809750485 2926851 12335110 5777941426 5777941426 0 206986070 1167519725 57.678497 330 3907 5208162 5947193 756 680 80 144000 225000 24 32000 38283 12 16000 25000 8 16000 25000 1889
1787065569709890 9 0 8 1 2 11 2 0 1 0 0 2 228 1 1 0 749 521 520 0 520 0 0 0 19084915 3654568 0 3575737 202830 410820 1813250044 2926919 12347176 5787064298 5787064298 0 206986070 1167519725 57.645588 330 3907 5208162 5947193 756 688 80 144000 225000 12 16000 20090 12 16000 25000 8 16000 25000 1892
1787065571290717 9 0 8 1 2 11 2 0 1 0 0 2 227 1 1 0 749 522 521 0 521 0 0 0 19103257 3654855 0 3575929 202979 410846 1814811879 2927076 12355396 5797180809 5797180809 0 207627507 1167519725 57.625281 326 3859 5145032 5874008 178 639 80 144000 225000 12 16000 20095 12 16000 25000 8 16000 25000 1897
1787065576326160 9 0 7 2 2 11 2 0 1 0 0 2 226 2 2 0 749 523 521 0 521 0 0 0 19133270 3654863 0 3575929 203065 410881 1819816960 2927225 12373728 5797180809 5797180809 0 208268944 1167519725 57.576209 327 3871 5160815 5891466 837 649 80 144000 225000 24 32000 38284 12 16000 25000 8 16000 25000 1897
1787065579894182 9 0 8 1 2 11 2 0 1 0 0 2 226 1 1 0 749 523 522 0 522 0 0 0 19147166 3655199 0 3576160 203148 410918 1823370480 2927334 12387125 5805770555 5805770555 0 208268944 1167519725 57.540273 327 3871 5160815 5891466 837 668 80 144000 225000 12 16000 20099 12 16000 25000 8 16000 25000 1901
1787065584412392 9 0 7 2 2 11 2 0 1 0 0 2 225 2 2 0 749 524 522 0 522 0 0 0 19176345 3655210 0 3576160 203323 410956 1827859080 2927493 12405641 5805770555 5805770555 0 208910381 1167519725 57.493501 327 3871 5160815 5890340 642 667 80 144000 225000 24 32000 38290 12 16000 25000 8 16000 25000 1906
1787065584414478 9 0 8 1 2 11 2 0 1 0 0 2 225 1 1 0 749 524 523 0 523 0 0 0 19178002 3655495 0 3576346 203348 410971 1827859085 2927560 12407167 5820460293 5820460293 0 208910381 1167519725 57.488612 327 3871 5160815 5890340 642 665 80 144000 225000 12 16000 20096 12 16000 25000 8 16000 25000 1905
1787065589060953 9 0 6 3 2 11 2 0 1 0 0 2 223 3 3 0 749 526 523 0 523 0 0 0 19207887 3655502 0 3576346 203510 410999 1832475293 2927697 12425510 5820460293 5820460293 0 209552501 1167519725 57.440234 329 3895 5192379 5925823 1012 683 80 144000 225000 28 40000 47687 12 16000 25000 8 16000 25000 1935
1787065589061377 9 0 7 2 2 11 2 0 1 0 0 2 223 2 2 0 749 526 524 0 524 0 0 0 19207887 3655797 0 3576554 203530 411010 1832475297 2927763 12425510 5829614107 5829614107 0 209552501 1167519725 57.439493 329 3895 5192379 5925823 1012 716 80 144000 225000 16 24000 29500 12 16000 25000 8 16000 25000 1934
1787065589271128 9 0 7 2 2 11 2 0 1 0 0 2 222 2 2 0 749 527 525 0 525 0 0 0 19229699 3771137 0 3691762 203761 411042 1832547476 2927890 12436923 5829684159 5829684159 0 210194621 1193656615 58.207313 331 3918 5223944 5960706 701 716 80 144000 225000 24 32000 38310 12 16000 25000 8 16000 25000 1935
1787065593752290 9 0 8 1 2 11 2 0 1 0 0 2 222 1 1 0 749 527 526 0 526 0 0 0 19258966 3771435 0 3691950 203927 411096 1836998648 2928041 12464958 5839009022 5839009022 0 210194621 1193656615 58.132590 314 3666 4904379 5597590 1 647 80 144000 225000 12 16000 20125 12 16000 25000 8 16000 25000 1938
1787065598116511 9 0 8 1 2 11 2 0 1 0 0 2 221 1 1 0 749 528 527 0 527 0 0 0 19286005 3771761 0 3692160 204140 411125 1841335039 2928229 12481450 5848052788 5848052788 0 210836741 1193656615 58.090157 315 3678 4919998 5614916 738 657 80 144000 225000 12 16000 20132 12 16000 25000 8 16000 25000 1942
1787065603151013 9 0 7 2 2 11 2 0 1 0 0 2 220 2 2 0 749 529 527 0 527 0 0 0 19314983 3771771 0 3692160 204234 411174 1846340137 2928422 12499607 5848052788 5848052788 0 211478861 1193656615 58.043743 315 3678 4919998 5614395 817 665 80 144000 225000 24 32000 38313 12 16000 25000 8 16000 25000 1943
1787065603158553 9 0 8 1 2 11 2 0 1 0 0 2 220 1 1 0 749 529 528 0 528 0 0 0 19319871 3772065 0 3692345 204295 411192 1846342313 2928488 12504324 5857444899 5857444899 0 211478861 1193656615 58.030717 315 3678 4919998 5614395 817 681 80 144000 225000 12 16000 20131 12 16000 25000 8 16000 25000 1946
1787065607138963 9 0 8 1 2 11 2 0 1 0 0 2 219 1 1 0 749 530 529 0 529 0 0 0 19346805 3772435 0 3692581 204511 411236 1850294988 2928624 12520749 5866456075 5866456075 0 212120981 1193656615 57.988670 308 3596 4810665 5488593 682 682 80 144000 225000 12 16000 20137 12 16000 25000 8 16000 25000 1951
1787065612108036 9 0 8 1 2 11 2 0 1 0 0 2 218 1 1 0 749 531 530 0 530 0 0 0 19374068 3772726 0 3692763 204701 411264 1855236057 2928821 12537078 5875394273 5875394273 0 212763101 1193656615 57.946097 308 3596 4810665 5488084 831 698 80 144000 225000 12 16000 20136 12 16000 25000 8 16000 25000 1955
1787065616045662 9 0 8 1 2 11 2 0 1 0 0 2 217 1 1 0 749 532 531 0 531 0 0 0 19399035 3773056 0 3692991 204849 411312 1859147966 2929009 12551434 5884287928 5884287928 0 213405221 1193656615 57.909264 288 3362 4498284 5131274 813 710 80 144000 225000 12 16000 20143 12 16000 25000 8 16000 25000 1959
1787065621079928 9 0 7 2 2 11 2 0 1 0 0 2 216 2 2 0 749 533 531 0 531 0 0 0 19428785 3773068 0 3692991 204947 411356 1864152078 2929179 12569607 5884287928 5884287928 0 214047341 1193656615 57.861375 263 3071 4107808 4684934 703 710 80 144000 225000 24 32000 38318 12 16000 25000 8 16000 25000 1960
1787065625111772 9 0 8 1 2 11 2 0 1 0 0 2 216 1 1 0 749 533 532 0 532 0 0 0 19444378 3773422 0 3693224 205049 411395 1868167723 2929246 12584307 5893342083 5893342083 0 214047341 1193656615 57.821633 263 3071 4107808 4684934 703 710 80 144000 225000 12 16000 20147 12 16000 25000 8 16000 25000 1963
1787065626946714 9 0 8 1 2 11 2 0 1 0 0 2 215 1 1 0 749 534 533 0 533 0 0 0 19463797 3773728 0 3693426 205209 411424 1869982559 2929407 12592298 5908167623 5908167623 0 214689461 1193656615 57.798904 253 2954 3951618 4505916 780 718 80 144000 225000 12 16000 20142 12 16000 25000 8 16000 25000 1967
1787065631980537 9 0 7 2 2 11 2 0 1 0 0 2 214 2 2 0 749 535 533 0 533 0 0 0 19492174 3773732 0 3693426 205300 411455 1874987629 2929578 12609804 5908167623 5908167623 0 215331581 1193656615 57.754719 249 2907 3889142 4433853 1162 741 80 144000 225000 24 32000 38320 12 16000 25000 8 16000 25000 1968
1787065635912904 9 0 8 1 2 11 2 0 1 0 0 2 214 1 1 0 749 535 534 0 534 0 0 0 19503767 3774057 0 3693628 205408 411485 1878907835 2929644 12620934 5917122302 5917122302 0 215331581 1193656615 57.725149 249 2907 3889142 4433853 1162 783 80 144000 225000 12 16000 20146 12 16000 25000 8 16000 25000 1971
1787065639226364 9 0 8 1 2 11 2 0 1 0 0 2 213 1 1 0 749 536 535 0 535 0 0 0 19527593 3774363 0 3693824 205582 411544 1882196718 2929811 12633963 5931224418 5931224418 0 215973703 1193656615 57.691647 266 3106 4154665 4736143 804 786 80 144000 225000 12 16000 20154 12 16000 25000 8 16000 25000 1976
1787065644260584 9 0 7 2 2 11 2 0 1 0 0 2 212 2 2 0 749 537 535 0 535 0 0 0 19556665 3774376 0 3693824 205679 411597 1887201431 2930005 12651658 5931224418 5931224418 0 216615825 1193656615 57.645975 273 3187 4263999 4859842 1164 805 80 144000 225000 24 32000 38321 12 16000 25000 8 16000 25000 1976
1787065645398032 9 0 8 1 2 11 2 0 1 0 0 2 212 1 1 0 749 537 536 0 536 0 0 0 19564806 3774689 0 3694034 205758 411625 1888330208 2930073 12659439 5940695066 5940695066 0 216615825 1193656615 57.625095 273 3187 4263999 4859842 1164 841 80 144000 225000 12 16000 20150 12 16000 25000 8 16000 25000 1980
1787065647808409 9 0 8 1 2 11 2 0 1 0 0 2 211 1 1 0 749 538 537 0 537 0 0 0 19585675 3775002 0 3694249 205905 411660 1890719044 2930221 12670259 5949264147 5949264147 0 217257947 1193656615 57.599058 253 2954 3951618 4503407 671 825 80 144000 225000 12 16000 20159 12 16000 25000 8 16000 25000 1984
1787065652841819 9 0 7 2 2 11 2 0 1 0 0 2 210 2 2 0 749 539 537 0 537 0 0 0 19613651 3775006 0 3694249 205993 411691 1895724116 2930388 12687355 5949264147 5949264147 0 217900069 1193656615 57.556334 284 3316 4435808 5054738 680 818 80 144000 225000 24 32000 38323 12 16000 25000 8 16000 25000 1984
1787065655151695 9 0 8 1 2 11 2 0 1 0 0 2 210 1 1 0 749 539 538 0 538 0 0 0 19624780 3775325 0 3694452 206078 411724 1898022322 2930452 12698134 5959003528 5959003528 0 217900069 1193656615 57.528176 284 3316 4435808 5054738 680 806 80 144000 225000 12 16000 20156 12 16000 25000 8 16000 25000 1988
1787065656643993 9 0 8 1 2 11 2 0 1 0 0 2 209 1 1 0 749 540 539 0 539 0 0 0 19642905 3775629 0 3694662 206293 411745 1899495754 2930619 12705827 5967826024 5967826024 0 218542191 1193656615 57.509054 312 3643 4873141 5552620 698 796 80 144000 225000 12 16000 20163 12 16000 25000 8 16000 25000 1992
1787065661678667 9 0 7 2 2 11 2 0 1 0 0 2 208 2 2 0 749 541 539 0 539 0 0 0 19671581 3775634 0 3694662 206930 411786 1904500860 2930768 12722977 5967826024 5967826024 0 219184313 1193656615 57.464825 328 3829 5123046 5836848 692 791 80 144000 225000 24 32000 38312 12 16000 25000 8 16000 25000 1993
1787065665249751 9 0 8 1 2 11 2 0 1 0 0 2 208 1 1 0 749 541 540 0 540 0 0 0 19684389 3775950 0 3694870 207026 411822 1908058584 2930831 12735270 5976418358 5976418358 0 219184313 1193656615 57.432678 328 3829 5123046 5836848 692 783 80 144000 225000 12 16000 20160 12 16000 25000 8 16000 25000 1996
1787065670282161 9 0 7 2 2 11 2 0 1 0 0 2 207 2 2 0 749 542 540 0 540 0 0 0 19711395 3775957 0 3694870 207115 411852 1913063630 2930993 12752119 5976418358 5976418358 0 219826435 1193656615 57.392697 289 3374 4513903 5141801 656 777 80 144000 225000 24 32000 38320 12 16000 25000 8 16000 25000 1997
1787065673952067 9 0 8 1 2 11 2 0 1 0 0 2 207 1 1 0 749 542 541 0 541 0 0 0 19723034 3776278 0 3695080 207198 411897 1916721339 2931058 12763050 5985109954 5985109954 0 219826435 1193656615 57.363487 289 3374 4513903 5141801 656 766 80 144000 225000 12 16000 20164 12 16000 25000 8 16000 25000 2000
1787065678986169 9 0 7 2 2 11 2 0 1 0 0 2 206 2 2 0 749 543 541 0 541 0 0 0 19751590 3776306 0 3695080 207293 411943 1921726463 2931226 12780380 5985109954 5985109954 0 220468557 1193656615 57.319824 296 3456 4623237 5265854 838 770 80 144000 225000 24 32000 38321 12 16000 25000 8 16000 25000 2001
1787065682858278 9 0 8 1 2 11 2 0 1 0 0 2 206 1 1 0 749 543 542 0 542 0 0 0 19764336 3776614 0 3695278 207392 411981 1925585277 2931292 12792602 5994003059 5994003059 0 220468557 1193656615 57.288039 296 3456 4623237 5265854 838 778 80 144000 225000 12 16000 20168 12 16000 25000 8 16000 25000 2005
1787065684706308 9 0 8 1 2 11 2 0 1 0 0 2 205 1 1 0 749 544 543 0 543 0 0 0 19780974 3776905 0 3695466 207548 412006 1927415997 2931462 12798672 6023545943 6023545943 0 221110679 1193656615 57.272865 299 3491 4670094 5318140 697 771 80 144000 225000 12 16000 20165 12 16000 25000 8 16000 25000 2009
1787065689739730 9 0 7 2 2 11 2 0 1 0 0 2 204 2 2 0 749 545 543 0 543 0 0 0 19809122 3776914 0 3695466 207644 412042 1932420892 2931634 12815681 6023545943 6023545943 0 221752801 1193656615 57.230456 313 3654 4888760 5566709 2592 863 80 144000 225000 24 32000 38330 12 16000 25000 8 16000 25000 2009
1787065691563477 9 0 8 1 2 11 2 0 1 0 0 2 204 1 1 0 749 545 544 0 544 0 0 0 19814030 3777261 0 3695685 207738 412064 1934239150 2931703 12820284 6032239213 6032239213 0 221752801 1193656615 57.217708 313 3654 4888760 5566709 2592 1033 80 144000 225000 12 16000 20181 12 16000 25000 8 16000 25000 2013
1787065693801190 9 0 8 1 2 11 2 0 1 0 0 2 203 1 1 0 749 546 545 0 545 0 0 0 19835495 3777562 0 3695879 207909 412099 1936454692 2931871 12829560 6041322681 6041322681 0 222393661 1193656615 57.190849 314 3666 4904379 5583359 752 1006 80 144000 225000 12 16000 20169 12 16000 25000 8 16000 25000 2017
1787065694125045 9 0 8 1 2 11 2 0 1 0 0 2 202 1 1 0 749 547 546 0 546 0 0 0 19854523 3936080 0 3854266 208138 412142 1936600504 2932051 12847730 6041440733 6041440733 0 222393661 1280779584 60.256468 316 3689 4935617 5618477 822 989 80 144000 225000 12 16000 20215 12 16000 25000 8 16000 25000 2063
1787065699161220 9 0 7 2 2 11 2 0 1 0 0 2 201 2 2 0 749 548 546 0 546 0 0 0 19885289 3936088 0 3854266 208253 412184 1941605521 2932198 12867867 6041440733 6041440733 0 223034521 1280779584 60.204282 277 3189 4266174 4855707 1 940 80 144000 225000 24 32000 38342 12 16000 25000 8 16000 25000 2063
1787065701406661 9 0 8 1 2 11 2 0 1 0 0 2 201 1 1 0 749 548 547 0 547 0 0 0 19897264 3936435 0 3854475 208341 412241 1943838368 2932278 12878965 6051267644 6051267644 0 223034521 1280779584 60.173156 277 3189 4266174 4855707 1 850 80 144000 225000 12 16000 20198 12 16000 25000 8 16000 25000 2067
1787065703105044 9 0 8 1 2 11 2 0 1 0 0 2 200 1 1 0 749 549 548 0 548 0 0 0 19913835 3936747 0 3854667 208519 412267 1945519463 2932448 12885120 6060231936 6060231936 0 223675381 1280779584 60.156187 277 3189 4266174 4855245 619 828 80 144000 225000 12 16000 20220 12 16000 25000 8 16000 25000 2071
1787065708138426 9 0 7 2 2 11 2 0 1 0 0 2 199 2 2 0 749 550 548 0 548 0 0 0 19941711 3936756 0 3854667 208611 412298 1950524580 2932633 12902110 6060231936 6060231936 0 224316241 1280779584 60.111532 276 3177 4250772 4836610 585 816 80 144000 225000 24 32000 38344 12 16000 25000 8 16000 25000 2072
1787065710380954 9 0 8 1 2 11 2 0 1 0 0 2 199 1 1 0 749 550 549 0 549 0 0 0 19949755 3937090 0 3854887 208713 412329 1952758489 2932700 12909722 6069194776 6069194776 0 224316241 1280779584 60.090449 276 3177 4250772 4836610 585 794 80 144000 225000 12 16000 20203 12 16000 25000 8 16000 25000 2075
1787065712491957 9 0 7 2 2 11 2 0 1 0 0 2 197 2 2 0 749 552 550 0 550 0 0 0 19972441 3937396 0 3855092 208886 412355 1954846080 2932876 12920541 6078568627 6078568627 0 224957161 1280779584 60.058229 276 3177 4250772 4836154 807 796 80 144000 225000 16 24000 29606 12 16000 25000 8 16000 25000 2096
1787065712609816 9 0 7 2 2 11 2 0 1 0 0 2 196 2 2 0 749 553 551 0 551 0 0 0 19997024 4003702 0 3921267 209076 412376 1954872620 2933062 12925102 6078603007 6078603007 0 225598081 1298204178 60.548630 277 3189 4266174 4852566 738 792 80 144000 225000 24 32000 38364 12 16000 25000 8 16000 25000 2097
1787065719471036 9 0 7 2 2 11 2 0 1 0 0 2 196 3 2 1 749 553 551 0 551 0 0 0 20018723 4003707 0 3921267 209085 412408 1961710042 2933276 12945739 6087680988 6078603007 0 225598081 1298204178 60.493925 261 2962 3977140 4525117 1 753 80 144000 225000 24 32000 38369 12 16000 25000 8 16000 25000 2101
1787065719471376 9 0 8 1 2 11 2 0 1 0 0 2 196 1 1 0 749 553 552 0 552 0 0 0 20018723 4004005 0 3921452 209233 412420 1961710042 2933276 12945739 6087680988 6087680988 0 225598081 1298204178 60.493175 261 2962 3977140 4525117 1 681 80 144000 225000 12 16000 20226 12 16000 25000 8 16000 25000 2100
1787065721722716 9 0 8 1 2 11 2 0 1 0 0 2 195 1 1 0 749 554 553 0 553 0 0 0 20038172 4004327 0 3921670 209404 412445 1963941201 2933465 12954548 6096890363 6096890363 0 226239001 1298204178 60.468852 261 2962 3977140 4524702 752 689 80 144000 225000 12 16000 20248 12 16000 25000 8 16000 25000 2104
1787065726754996 9 0 7 2 2 11 2 0 1 0 0 2 194 2 2 0 749 555 553 0 553 0 0 0 20065210 4004333 0 3921670 209495 412468 1968946071 2933646 12970739 6096890363 6096890363 0 226879921 1298204178 60.426305 259 2939 3946664 4489518 438 677 80 144000 225000 24 32000 38367 12 16000 25000 8 16000 25000 2105
1787065728158627 9 0 8 1 2 11 2 0 1 0 0 2 194 1 1 0 749 555 554 0 554 0 0 0 20069737 4004645 0 3921863 209572 412489 1970344651 2933713 12975015 6105565987 6105565987 0 226879921 1298204178 60.414159 259 2939 3946664 4489518 438 655 80 144000 225000 12 16000 20231 12 16000 25000 8 16000 25000 2108
1787065731297950 9 0 8 1 2 11 2 0 1 0 0 2 193 1 1 0 749 556 555 0 555 0 0 0 20094728 4004944 0 3922052 209759 412524 1973458272 2933870 12989612 6115126720 6115126720 0 227520841 1298204178 60.376123 260 2951 3961902 4506454 771 667 80 144000 225000 12 16000 20253 12 16000 25000 8 16000 25000 2113
1787065736329784 9 0 7 2 2 11 2 0 1 0 0 2 192 2 2 0 749 557 555 0 555 0 0 0 20121149 4004948 0 3922052 209841 412555 1978463306 2934061 13005521 6115126720 6115126720 0 228161761 1298204178 60.335329 246 2792 3748569 4262798 676 668 80 144000 225000 24 32000 38369 12 16000 25000 8 16000 25000 2113
1787065737546222 9 0 8 1 2 11 2 0 1 0 0 2 192 1 1 0 749 557 556 0 556 0 0 0 20127231 4005432 0 3922433 209920 412577 1979672975 2934129 13011309 6124501362 6124501362 0 228161761 1298204178 60.318913 246 2792 3748569 4262798 676 670 80 144000 225000 12 16000 20236 12 16000 25000 8 16000 25000 2117
1787065740941410 9 0 8 1 2 11 2 0 1 0 0 2 191 1 1 0 749 558 557 0 557 0 0 0 20149151 4005766 0 3922648 210090 412605 1983045521 2934283 13022813 6134133327 6134133327 0 228802681 1298204178 60.288645 247 2803 3763807 4279748 743 678 80 144000 225000 12 16000 20258 12 16000 25000 8 16000 25000 2121
1787065745973052 9 0 7 2 2 11 2 0 1 0 0 2 190 2 2 0 749 559 557 0 557 0 0 0 20175768 4005773 0 3922648 210182 412633 1988050152 2934479 13038755 6134133327 6134133327 0 229443601 1298204178 60.247544 247 2803 3763807 4278742 866 688 80 144000 225000 24 32000 38371 12 16000 25000 8 16000 25000 2122
1787065747493695 9 0 8 1 2 11 2 0 1 0 0 2 190 1 1 0 749 559 558 0 558 0 0 0 20183084 4006112 0 3922886 210267 412656 1989562932 2934543 13045753 6144066466 6144066466 0 229443601 1298204178 60.228478 247 2803 3763807 4278742 866 706 80 144000 225000 12 16000 20241 12 16000 25000 8 16000 25000 2125
1787065750687360 9 0 8 1 2 11 2 0 1 0 0 2 189 1 1 0 749 560 559 0 559 0 0 0 20208543 4006443 0 3923097 210448 412715 1992730375 2934699 13060455 6153798101 6153798101 0 230084521 1298204178 60.189574 247 2803 3763807 4278368 709 708 80 144000 225000 12 16000 20264 12 16000 25000 8 16000 25000 2129
1787065755719302 9 0 7 2 2 11 2 0 1 0 0 2 188 2 2 0 749 561 559 0 559 0 0 0 20234969 4006452 0 3923097 210537 412750 1997735498 2934892 13076432 6153798101 6153798101 0 230725441 1298204178 60.149152 247 2803 3763807 4277366 700 708 80 144000 225000 24 32000 38373 12 16000 25000 8 16000 25000 2130
1787065756694209 9 0 8 1 2 11 2 0 1 0 0 2 188 1 1 0 749 561 560 0 560 0 0 0 20236411 4006804 0 3923313 210618 412767 1998708416 2934957 13077757 6162986964 6162986964 0 230725441 1298204178 60.144701 247 2803 3763807 4277366 700 708 80 144000 225000 12 16000 20246 12 16000 25000 8 16000 25000 2133
1787065760439935 9 0 7 2 2 11 2 0 1 0 0 2 186 2 2 0 749 563 561 0 561 0 0 0 20263151 4007115 0 3923523 210802 412804 2002426675 2935118 13092372 6172724980 6172724980 0 231370592 1298204178 60.103015 246 2792 3748569 4259676 814 719 80 144000 225000 16 24000 29668 12 16000 25000 8 16000 25000 2179
1787065760665061 9 0 7 2 2 11 2 0 1 0 0 2 185 2 2 0 749 564 562 0 562 0 0 0 20306776 4141768 0 4058036 211046 412823 2002473034 2935311 13096756 6172777403 6172777403 0 232015743 1341765663 61.389132 246 2792 3748569 4258675 686 717 80 144000 225000 24 32000 38416 12 16000 25000 8 16000 25000 2180
1787065765510997 9 0 8 1 2 11 2 0 1 0 0 2 185 1 1 0 749 564 563 0 563 0 0 0 20323460 4142103 0 4058261 211161 412872 2007301524 2935535 13112592 6181580092 6181580092 0 232015743 1341765663 61.346428 233 2606 3512433 3991601 1 648 80 144000 225000 12 16000 20293 12 16000 25000 8 16000 25000 2183
1787065770542344 9 0 7 2 2 11 2 0 1 0 0 2 184 2 2 0 749 565 563 0 563 0 0 0 20349425 4142109 0 4058261 211251 412897 2012306609 2935653 13128114 6181580092 6181580092 0 232660894 1341765663 61.306498 232 2595 3497358 3973628 642 648 80 144000 225000 24 32000 38417 12 16000 25000 8 16000 25000 2184
1787065774461533 9 0 8 1 2 11 2 0 1 0 0 2 184 1 1 0 749 565 564 0 564 0 0 0 20360999 4142460 0 4058486 211339 412941 2016213617 2935717 13139329 6190517666 6190517666 0 232660894 1341765663 61.276662 232 2595 3497358 3973628 642 648 80 144000 225000 12 16000 20297 12 16000 25000 8 16000 25000 2187
1787065779496982 9 0 7 2 2 11 2 0 1 0 0 2 183 2 2 0 749 566 564 0 564 0 0 0 20390675 4142470 0 4058486 211731 412981 2021218749 2935871 13158229 6190517666 6190517666 0 233306045 1341765663 61.227594 232 2595 3497358 3972786 708 651 80 144000 225000 24 32000 38419 12 16000 25000 8 16000 25000 2188
1787065780035203 9 0 8 1 2 11 2 0 1 0 0 2 183 1 1 0 749 566 565 0 565 0 0 0 20397732 4142781 0 4058691 212229 413003 2021748975 2935934 13165084 6210069034 6210069034 0 233306045 1341765663 61.209211 232 2595 3497358 3972786 708 657 80 144000 225000 12 16000 20311 12 16000 25000 8 16000 25000 2192
1787065784757178 9 0 8 1 2 11 2 0 1 0 0 2 182 1 1 0 749 567 566 0 566 0 0 0 20422312 4143127 0 4058920 212402 413039 2026445623 2936078 13179086 6220353407 6220353407 0 233951196 1341765663 61.172149 233 2606 3512433 3989465 450 638 80 144000 225000 12 16000 20302 12 16000 25000 8 16000 25000 2196
1787065789789078 9 0 7 2 2 11 2 0 1 0 0 2 181 2 2 0 749 568 566 0 566 0 0 0 20448691 4143136 0 4058920 212492 413074 2031450741 2936278 13194842 6220353407 6220353407 0 234596347 1341765663 61.131528 241 2696 3633031 4125568 942 654 80 144000 225000 24 32000 38421 12 16000 25000 8 16000 25000 2196
1787065790383149 9 0 8 1 2 11 2 0 1 0 0 2 181 1 1 0 749 568 567 0 567 0 0 0 20450010 4143455 0 4059111 212579 413090 2032042969 2936344 13196045 6230690085 6230690085 0 234596347 1341765663 61.127457 241 2696 3633031 4125568 942 683 80 144000 225000 12 16000 20323 12 16000 25000 8 16000 25000 2200
1787065793820289 9 0 8 1 2 11 2 0 1 0 0 2 180 1 1 0 749 569 568 0 568 0 0 0 20472110 4143810 0 4059329 212757 413124 2035457240 2936508 13207133 6239741963 6239741963 0 235241498 1341765663 61.096690 370 4199 5658229 6424465 946 710 80 144000 225000 12 16000 20308 12 16000 25000 8 16000 25000 2204
1787065798851446 9 0 7 2 2 11 2 0 1 0 0 2 179 2 2 0 749 570 568 0 568 0 0 0 20497789 4143815 0 4059329 212869 413153 2040462327 2936699 13222405 6239741963 6239741963 0 235886649 1341765663 61.057977 370 4199 5658229 6423876 837 717 80 144000 225000 24 32000 38424 12 16000 25000 8 16000 25000 2205
1787065799786538 9 0 8 1 2 11 2 0 1 0 0 2 179 1 1 0 749 570 569 0 569 0 0 0 20500624 4144135 0 4059548 212945 413168 2041394060 2936771 13225119 6249131809 6249131809 0 235886649 1341765663 61.050160 370 4199 5658229 6423876 837 729 80 144000 225000 12 16000 20328 12 16000 25000 8 16000 25000 2208
1787065803502896 9 0 8 1 2 11 2 0 1 0 0 2 178 1 1 0 749 571 570 0 570 0 0 0 20525349 4144494 0 4059781 213118 413207 2045084953 2936905 13239033 6258800256 6258800256 0 236531800 1341765663 61.013025 382 4335 5841739 6631464 712 729 80 144000 225000 12 16000 20313 12 16000 25000 8 16000 25000 2212
1787065808534783 9 0 7 2 2 11 2 0 1 0 0 2 177 2 2 0 749 572 570 0 570 0 0 0 20551696 4144501 0 4059781 213213 413245 2050090081 2937091 13254488 6258800256 6258800256 0 237176951 1341765663 60.972830 381 4324 5826447 6613498 703 728 80 144000 225000 24 32000 38426 12 16000 25000 8 16000 25000 2213
1787065808752012 9 0 8 1 2 11 2 0 1 0 0 2 177 1 1 0 749 572 571 0 571 0 0 0 20554673 4144812 0 4059986 213288 413265 2050303823 2937159 13257245 6267752634 6267752634 0 237176951 1341765663 60.964713 381 4324 5826447 6613498 703 726 80 144000 225000 12 16000 20333 12 16000 25000 8 16000 25000 2216
1787065812414634 9 0 8 1 2 11 2 0 1 0 0 2 176 1 1 0 749 573 572 0 572 0 0 0 20576528 4145145 0 4060197 213484 413302 2053943844 2937304 13268200 6276653017 6276653017 0 237822104 1341765663 60.934884 381 4324 5826447 6612774 700 724 80 144000 225000 12 16000 20319 12 16000 25000 8 16000 25000 2221
1787065817525647 8 0 7 1 1 11 3 0 1 0 0 3 180 1 1 0 753 574 572 0 572 0 0 4 20618326 4145158 0 4060197 216050 413339 2059010157 2937511 13286064 6276653017 6276653017 0 238467257 1341765663 60.856847 378 4290 5780569 6560081 812 729 68 128000 200000 12 16000 19449 12 16000 25000 8 16000 25000 1337
1787065821250537 8 0 8 0 1 11 3 0 1 0 0 3 180 0 0 0 753 574 573 0 573 0 0 4 20627763 4145491 0 4060409 216174 413380 2062724965 2937575 13295105 6285464765 6285464765 0 238467257 1341765663 60.832846 378 4290 5780569 6560081 812 738 68 128000 200000 0 0 1345 12 16000 25000 8 16000 25000 1340
1787065826278189 8 0 7 1 1 11 3 0 1 0 0 3 179 1 1 0 753 575 573 0 573 0 0 4 20649942 4145497 0 4060409 216266 413407 2067730064 2937751 13309761 6285464765 6285464765 0 239112408 1341765663 60.803231 374 4244 5719399 6490066 372 720 68 128000 200000 12 16000 19450 12 16000 25000 8 16000 25000 1341
1787065832002619 8 0 7 1 1 11 3 0 1 0 0 3 178 1 1 0 753 576 574 0 574 0 0 4 20681758 4145859 0 4060639 216458 413451 2073421949 2937817 13325409 6294184148 6294184148 0 239757559 1341765663 60.749208 374 4244 5719399 6490066 372 687 68 128000 200000 12 16000 19451 12 16000 25000 8 16000 25000 1345
1787065839015304 8 0 7 1 1 11 3 0 1 0 0 3 178 2 1 1 753 576 574 0 574 0 0 4 20699195 4145865 0 4060639 216466 413479 2080416930 2937892 13341995 6303205131 6294184148 0 239757559 1341765663 60.706558 428 4927 6615072 7503349 1090 708 68 128000 200000 12 16000 19456 12 16000 25000 8 16000 25000 1349
1787065842034130 8 0 7 1 1 11 3 0 1 0 0 3 177 1 1 0 753 577 575 0 575 0 0 4 20714470 4146196 0 4060867 216693 413505 2083419971 2937892 13351230 6303205131 6303205131 0 240402710 1341765663 60.693199 428 4927 6615072 7503349 1090 747 68 128000 200000 12 16000 19453 12 16000 25000 8 16000 25000 1349
1787065849579184 8 0 7 1 1 11 3 0 1 0 0 3 177 2 1 1 753 577 575 0 575 0 0 4 20734760 4146208 0 4060867 216706 413546 2090944443 2937966 13370454 6313762082 6303205131 0 240402710 1341765663 60.643675 426 4904 6584161 7467531 556 738 68 128000 200000 12 16000 19458 12 16000 25000 8 16000 25000 1353
1787065852598271 8 0 7 1 1 11 3 0 1 0 0 3 176 1 1 0 753 578 576 0 576 0 0 4 20750171 4146652 0 4061085 216931 413581 2093947491 2937966 13379657 6313762082 6313762082 0 241047861 1341765663 60.629768 426 4904 6584161 7467531 556 721 68 128000 200000 12 16000 19454 12 16000 25000 8 16000 25000 1353
1787065858949593 8 0 7 1 1 11 3 0 1 0 0 3 176 2 1 1 753 578 576 0 576 0 0 4 20768921 4146662 0 4061085 217017 413617 2100279773 2938040 13397619 6323123690 6313762082 0 241047861 1341765663 60.584117 429 4938 6630528 7519383 1560 763 68 128000 200000 12 16000 19459 12 16000 25000 8 16000 25000 1358
1787065862972380 8 0 7 1 1 11 3 0 1 0 0 3 175 1 1 0 753 579 577 0 577 0 0 4 20787066 4147006 0 4061323 217175 413656 2104283862 2938040 13409409 6323123690 6323123690 0 241693014 1341765663 60.563869 429 4938 6630528 7519383 1560 841 68 128000 200000 12 16000 19455 12 16000 25000 8 16000 25000 1358
1787065868370721 8 0 7 1 1 11 3 0 1 0 0 3 175 2 1 1 753 579 577 0 577 0 0 4 20804476 4147018 0 4061323 217247 413689 2109664520 2938116 13425859 6332535334 6323123690 0 241693014 1341765663 60.521581 431 4961 6661440 7553647 1095 854 68 128000 200000 12 16000 19460 12 16000 25000 8 16000 25000 1362
1787065868371104 8 0 8 0 1 11 3 0 1 0 0 3 175 0 0 0 753 579 578 0 578 0 0 4 20804476 4147329 0 4061537 217312 413727 2109664520 2938116 13425859 6332535334 6332535334 0 241693014 1341765663 60.520827 431 4961 6661440 7553647 1095 879 68 128000 200000 0 0 1365 12 16000 25000 8 16000 25000 1361
1787065873401087 8 0 7 1 1 11 3 0 1 0 0 3 174 1 1 0 753 580 578 0 578 0 0 4 20829058 4147333 0 4061537 217405 413750 2114669594 2938259 13439782 6332535334 6332535334 0 242338167 1341765663 60.485886 432 4973 6676896 7570406 1011 886 68 128000 200000 12 16000 19456 12 16000 25000 8 16000 25000 1362
1787065878067651 8 0 8 0 1 11 3 0 1 0 0 3 174 0 0 0 753 580 579 0 579 0 0 4 20843213 4147660 0 4061746 217496 413795 2119321402 2938358 13453310 6342217697 6342217697 0 242338167 1341765663 60.450835 432 4973 6676896 7570406 1011 899 68 128000 200000 0 0 1370 12 16000 25000 8 16000 25000 1365
1787065883098875 8 0 7 1 1 11 3 0 1 0 0 3 173 1 1 0 753 581 579 0 579 0 0 4 20868934 4147671 0 4061746 217592 413828 2124326525 2938502 13467637 6342217697 6342217697 0 242983320 1341765663 60.413250 432 4973 6676896 7569586 699 889 68 128000 200000 12 16000 19456 12 16000 25000 8 16000 25000 1366
1787065887157007 8 0 8 0 1 11 3 0 1 0 0 3 173 0 0 0 753 581 580 0 580 0 0 4 20882246 4148014 0 4061973 217691 413871 2128370755 2938565 13480195 6351293726 6351293726 0 242983320 1341765663 60.380292 432 4973 6676896 7569586 699 871 68 128000 200000 0 0 1374 12 16000 25000 8 16000 25000 1369
1787065892188103 8 0 7 1 1 11 3 0 1 0 0 3 172 1 1 0 753 582 580 0 580 0 0 4 20907877 4148021 0 4061973 217783 413900 2133375841 2938745 13494190 6351293726 6351293726 0 243628473 1341765663 60.343064 432 4973 6676896 7568786 699 863 68 128000 200000 12 16000 19457 12 16000 25000 8 16000 25000 1370
1787065897111959 8 0 8 0 1 11 3 0 1 0 0 3 172 0 0 0 753 582 581 0 581 0 0 4 20921771 4148346 0 4062193 217959 413945 2138283647 2938842 13507532 6361233572 6361233572 0 243628473 1341765663 60.308840 432 4973 6676896 7568786 699 848 68 128000 200000 0 0 1378 12 16000 25000 8 16000 25000 1374
1787065902144950 8 0 7 1 1 11 3 0 1 0 0 3 171 1 1 0 753 583 581 0 581 0 0 4 20948883 4148352 0 4062193 218513 413969 2143288731 2938980 13523833 6361233572 6361233572 0 244273626 1341765663 60.268190 432 4973 6676896 7567986 674 840 68 128000 200000 12 16000 19452 12 16000 25000 8 16000 25000 1374
1787065905825936 8 0 8 0 1 11 3 0 1 0 0 3 171 0 0 0 753 583 582 0 582 0 0 4 20958984 4148693 0 4062419 218619 414003 2146959044 2939039 13533642 6369934264 6369934264 0 244273626 1341765663 60.243125 432 4973 6676896 7567986 674 825 68 128000 200000 0 0 1382 12 16000 25000 8 16000 25000 1378
1787065910856157 8 0 7 1 1 11 3 0 1 0 0 3 170 1 1 0 753 584 582 0 582 0 0 4 20983790 4148694 0 4062419 218712 414023 2151964113 2939208 13547308 6369934264 6369934264 0 244918779 1341765663 60.208143 426 4904 6584161 7462008 672 818 68 128000 200000 12 16000 19460 12 16000 25000 8 16000 25000 1378
1787065915336772 8 0 8 0 1 11 3 0 1 0 0 3 170 0 0 0 753 584 583 0 583 0 0 4 20997612 4149047 0 4062654 218807 414087 2156430258 2939302 13560549 6379430461 6379430461 0 244918779 1341765663 60.174204 426 4904 6584161 7462008 672 805 68 128000 200000 0 0 1386 12 16000 25000 8 16000 25000 1382
1787065920366749 8 0 7 1 1 11 3 0 1 0 0 3 169 1 1 0 753 585 583 0 583 0 0 4 21022169 4149053 0 4062654 218898 414115 2161435346 2939435 13574323 6379430461 6379430461 0 245563932 1341765663 60.139928 425 4892 6568705 7443626 666 799 68 128000 200000 12 16000 19461 12 16000 25000 8 16000 25000 1383
1787065924732572 8 0 8 0 1 11 3 0 1 0 0 3 169 0 0 0 753 585 584 0 584 0 0 4 21033322 4149515 0 4062992 218991 414148 2165789326 2939503 13584991 6388814684 6388814684 0 245563932 1341765663 60.112189 425 4892 6568705 7443626 666 787 68 128000 200000 0 0 1390 12 16000 25000 8 16000 25000 1386
1787065929762788 8 0 7 1 1 11 3 0 1 0 0 3 168 1 1 0 753 586 584 0 584 0 0 4 21059074 4149520 0 4062992 219084 414172 2170793409 2939686 13598631 6388814684 6388814684 0 246209085 1341765663 60.075176 421 4846 6506882 7372737 834 790 68 128000 200000 12 16000 19462 12 16000 25000 8 16000 25000 1387
1787065933817858 8 0 8 0 1 11 3 0 1 0 0 3 168 0 0 0 753 586 585 0 585 0 0 4 21070355 4149859 0 4063217 219187 414220 2174836600 2939750 13609302 6397886973 6397886973 0 246209085 1341765663 60.047497 421 4846 6506882 7372737 834 796 68 128000 200000 0 0 1395 12 16000 25000 8 16000 25000 1390
1787065938847048 8 0 7 1 1 11 3 0 1 0 0 3 167 1 1 0 753 587 585 0 585 0 0 4 21094699 4149864 0 4063217 219282 414241 2179841094 2939915 13622772 6397886973 6397886973 0 246854238 1341765663 60.013952 421 4846 6506882 7371854 719 793 68 128000 200000 12 16000 19462 12 16000 25000 8 16000 25000 1391
1787065943654856 8 0 8 0 1 11 3 0 1 0 0 3 167 0 0 0 753 587 586 0 586 0 0 4 21108242 4150201 0 4063443 219374 414295 2184634737 2940012 13635744 6407709553 6407709553 0 246854238 1341765663 59.980973 421 4846 6506882 7371854 719 787 68 128000 200000 0 0 1399 12 16000 25000 8 16000 25000 1394
1787065948684115 8 0 7 1 1 11 3 0 1 0 0 3 166 1 1 0 753 588 586 0 586 0 0 4 21132084 4150207 0 4063443 219466 414323 2189639821 2940147 13649255 6407709553 6407709553 0 247499391 1341765663 59.948731 422 4858 6522338 7388506 699 783 68 128000 200000 12 16000 19463 12 16000 25000 8 16000 25000 1395
1787065953641539 8 0 8 0 1 11 3 0 1 0 0 3 166 0 0 0 753 588 587 0 587 0 0 4 21145981 4150545 0 4063659 219559 414377 2194582708 2940248 13662325 6417682454 6417682454 0 247499391 1341765663 59.914996 422 4858 6522338 7388506 699 775 68 128000 200000 0 0 1403 12 16000 25000 8 16000 25000 1399
1787065958671177 8 0 7 1 1 11 3 0 1 0 0 3 165 1 1 0 753 589 587 0 587 0 0 4 21170580 4150550 0 4063659 219651 414408 2199587412 2940386 13675734 6417682454 6417682454 0 248144544 1341765663 59.881077 422 4858 6522338 7387588 743 774 68 128000 200000 12 16000 19464 12 16000 25000 8 16000 25000 1399
1787065963902357 8 0 7 1 1 11 3 0 1 0 0 3 165 2 1 1 753 589 587 0 587 0 0 4 21184232 4150557 0 4063659 219657 414440 2204804660 2940484 13688642 6427931345 6417682454 0 248144544 1341765663 59.848792 422 4858 6522338 7387588 743 773 68 128000 200000 12 16000 19469 12 16000 25000 8 16000 25000 1403
1787065963902852 8 0 8 0 1 11 3 0 1 0 0 3 165 0 0 0 753 589 588 0 588 0 0 4 21184232 4151003 0 4063997 219793 414453 2204804660 2940484 13688642 6427931345 6427931345 0 248144544 1341765663 59.847739 422 4858 6522338 7387588 743 771 68 128000 200000 0 0 1407 12 16000 25000 8 16000 25000 1403
1787065968941605 8 0 7 1 1 11 3 0 1 0 0 3 164 1 1 0 753 590 588 0 588 0 0 4 21217577 4151008 0 4063997 219881 414477 2209809737 2940634 13701904 6427931345 6427931345 0 248789697 1341765663 59.793315 424 4881 6553249 7421712 847 775 68 128000 200000 12 16000 19466 12 16000 25000 8 16000 25000 1403
1787065973385204 8 0 8 0 1 11 3 0 1 0 0 3 164 0 0 0 753 590 589 0 589 0 0 4 21230975 4151332 0 4064209 219975 414527 2214239328 2940732 13714663 6437390222 6437390222 0 248789697 1341765663 59.760990 424 4881 6553249 7421712 847 783 68 128000 200000 0 0 1411 12 16000 25000 8 16000 25000 1407
1787065978415074 8 0 7 1 1 11 3 0 1 0 0 3 163 1 1 0 753 591 589 0 589 0 0 4 21255430 4151337 0 4064209 220064 414558 2219244415 2940870 13727904 6437390222 6437390222 0 249434850 1341765663 59.727673 421 4846 6506882 7368317 409 765 68 128000 200000 12 16000 19467 12 16000 25000 8 16000 25000 1407
1787065982578935 8 0 8 0 1 11 3 0 1 0 0 3 163 0 0 0 753 591 590 0 590 0 0 4 21267317 4151660 0 4064421 220159 414595 2223395831 2940933 13739412 6446570489 6446570489 0 249434850 1341765663 59.698982 421 4846 6506882 7368317 409 732 68 128000 200000 0 0 1415 12 16000 25000 8 16000 25000 1411
1787065987610099 8 0 7 1 1 11 3 0 1 0 0 3 162 1 1 0 753 592 590 0 590 0 0 4 21293019 4151669 0 4064421 220250 414625 2228400928 2941095 13752629 6446570489 6446570489 0 250080003 1341765663 59.662839 420 4835 6491426 7349934 699 731 68 128000 200000 12 16000 19468 12 16000 25000 8 16000 25000 1412
1787065992272292 8 0 8 0 1 11 3 0 1 0 0 3 162 0 0 0 753 592 591 0 591 0 0 4 21305908 4152104 0 4064746 220340 414661 2233049528 2941194 13764977 6456248231 6456248231 0 250080003 1341765663 59.631613 420 4835 6491426 7349934 699 729 68 128000 200000 0 0 1419 12 16000 25000 8 16000 25000 1415
1787065997301072 8 0 7 1 1 11 3 0 1 0 0 3 161 1 1 0 753 593 591 0 591 0 0 4 21329294 4152110 0 4064746 220427 414691 2238054601 2941325 13777850 6456248231 6456248231 0 250725156 1341765663 59.601017 420 4835 6491426 7349053 634 725 68 128000 200000 12 16000 19469 12 16000 25000 8 16000 25000 1416
1787066002039395 8 0 8 0 1 11 3 0 1 0 0 3 161 0 0 0 753 593 592 0 592 0 0 4 21342003 4152419 0 4064944 220525 414729 2242779633 2941421 13790075 6466001604 6466001604 0 250725156 1341765663 59.570583 420 4835 6491426 7349053 634 717 68 128000 200000 0 0 1424 12 16000 25000 8 16000 25000 1419
1787066007068085 8 0 7 1 1 11 3 0 1 0 0 3 160 1 1 0 753 594 592 0 592 0 0 4 21365294 4152426 0 4064944 220611 414756 2247784699 2941567 13802872 6466001604 6466001604 0 251370309 1341765663 59.540306 401 4616 6197766 7015633 727 718 68 128000 200000 12 16000 19470 12 16000 25000 8 16000 25000 1420
1787066012482400 8 0 7 1 1 11 3 0 1 0 0 3 160 2 1 1 753 594 592 0 592 0 0 4 21379450 4152430 0 4064944 220685 414782 2253184574 2941672 13816513 6476432098 6466001604 0 251370309 1341765663 59.507285 401 4616 6197766 7015633 727 719 68 128000 200000 12 16000 19475 12 16000 25000 8 16000 25000 1424
1787066012482753 8 0 8 0 1 11 3 0 1 0 0 3 160 0 0 0 753 594 593 0 593 0 0 4 21379450 4152740 0 4065151 220746 414795 2253184574 2941672 13816513 6476432098 6476432098 0 251370309 1341765663 59.506562 401 4616 6197766 7015633 727 721 68 128000 200000 0 0 1428 12 16000 25000 8 16000 25000 1423
1787066017043534 9 0 7 2 2 12 3 0 1 0 0 3 158 2 2 0 753 596 593 0 593 0 0 4 21425685 4152750 0 4065151 221096 414829 2257698523 2941815 13831197 6476432098 6476432098 0 252660615 1341765663 59.447085 403 4639 6228678 7049747 832 727 80 144000 225000 24 32000 38228 12 16000 25000 8 16000 25000 1425
1787066021401412 9 0 8 1 2 12 3 0 1 0 0 3 158 1 1 0 753 596 594 0 594 0 0 4 21443213 4153055 0 4065352 221748 414877 2262037762 2941880 13847807 6485328082 6485328082 0 252660615 1341765663 59.405668 403 4639 6228678 7049747 832 738 80 144000 225000 12 16000 20189 12 16000 25000 8 16000 25000 1428
1787066026431138 9 0 7 2 2 12 3 0 1 0 0 3 157 2 2 0 753 597 594 0 594 0 0 4 21467462 4153066 0 4065352 221842 414905 2267042857 2942062 13861230 6485328082 6485328082 0 253305768 1341765663 59.373431 398 4582 6151399 6961295 398 721 80 144000 225000 24 32000 38230 12 16000 25000 8 16000 25000 1429
1787066030545444 9 0 8 1 2 12 3 0 1 0 0 3 157 1 1 0 753 597 595 0 595 0 0 4 21479797 4153396 0 4065568 221946 414944 2271144248 2942125 13872892 6494459175 6494459175 0 253305768 1341765663 59.344096 398 4582 6151399 6961295 398 690 80 144000 225000 12 16000 20193 12 16000 25000 8 16000 25000 1432
1787066031748177 9 0 8 1 2 12 3 0 1 0 0 3 156 1 1 0 753 598 596 0 596 0 0 4 21496508 4153719 0 4065783 222126 414972 2272329529 2942303 13879142 6510166147 6510166147 0 253950921 1341765663 59.328673 491 5732 7695674 8707986 726 694 80 144000 225000 12 16000 19479 12 16000 25000 8 16000 25000 1437
1787066036780938 9 0 7 2 2 12 3 0 1 0 0 3 155 2 2 0 753 599 596 0 596 0 0 4 21523774 4153727 0 4065783 222221 415001 2277334622 2942491 13892397 6510166147 6510166147 0 254596074 1341765663 59.289617 499 5826 7821062 8856054 1130 716 80 144000 225000 24 32000 38231 12 16000 25000 8 16000 25000 1437
1787066041581772 9 0 8 1 2 12 3 0 1 0 0 3 155 1 1 0 753 599 597 0 597 0 0 4 21536670 4154059 0 4066000 222327 415044 2282121927 2942594 13904266 6519983197 6519983197 0 254596074 1341765663 59.259089 499 5826 7821062 8856054 1130 757 80 144000 225000 12 16000 19483 12 16000 25000 8 16000 25000 1441
1787066045367944 9 0 8 1 2 12 3 0 1 0 0 3 154 1 1 0 753 600 598 0 598 0 0 4 21566254 4154373 0 4066195 222507 415083 2285877806 2942734 13915858 6534791797 6534791797 0 255241227 1341765663 59.214126 499 5826 7821062 8862424 607 743 80 144000 225000 12 16000 20198 12 16000 25000 8 16000 25000 1445
1787066050397107 9 0 7 2 2 12 3 0 1 0 0 3 153 2 2 0 753 601 598 0 598 0 0 4 21589951 4154381 0 4066195 222601 415114 2290882890 2942916 13928937 6534791797 6534791797 0 255886380 1341765663 59.183502 504 5884 7899429 8950107 1094 761 80 144000 225000 24 32000 38233 12 16000 25000 8 16000 25000 1445
1787066051179895 9 0 8 1 2 12 3 0 1 0 0 3 153 1 1 0 753 601 599 0 599 0 0 4 21592541 4154686 0 4066391 222698 415134 2291662565 2942981 13931326 6544369363 6544369363 0 255886380 1341765663 59.176847 504 5884 7899429 8950107 1094 794 80 144000 225000 12 16000 19488 12 16000 25000 8 16000 25000 1449
1787066054349231 9 0 8 1 2 12 3 0 1 0 0 3 152 1 1 0 753 602 600 0 600 0 0 4 21614287 4155010 0 4066601 222864 415174 2294809422 2943148 13942019 6553337684 6553337684 0 256531533 1341765663 59.150041 500 5837 7836735 8885457 474 763 80 144000 225000 12 16000 20204 12 16000 25000 8 16000 25000 1453
1787066059378354 9 0 7 2 2 12 3 0 1 0 0 3 151 2 2 0 753 603 600 0 600 0 0 4 21637936 4155017 0 4066601 222952 415210 2299814510 2943332 13954982 6553337684 6553337684 0 257176686 1341765663 59.119646 553 6546 8757715 9925086 712 761 80 144000 225000 24 32000 38236 12 16000 25000 8 16000 25000 1454
1787066061106366 9 0 8 1 2 12 3 0 1 0 0 3 151 1 1 0 753 603 601 0 601 0 0 4 21642805 4155324 0 4066795 223034 415234 2301537127 2943395 13959529 6563250650 6563250650 0 257176686 1341765663 59.107785 553 6546 8757715 9925086 712 757 80 144000 225000 12 16000 19493 12 16000 25000 8 16000 25000 1457
1787066063210325 9 0 8 1 2 12 3 0 1 0 0 3 150 1 1 0 753 604 602 0 602 0 0 4 21660499 4155628 0 4066988 223206 415260 2303622694 2943560 13966266 6572100574 6572100574 0 257821839 1341765663 59.090410 553 6546 8757715 9931900 754 757 80 144000 225000 12 16000 20210 12 16000 25000 8 16000 25000 1461
1787066068239400 9 0 7 2 2 12 3 0 1 0 0 3 149 2 2 0 753 605 602 0 602 0 0 4 21684122 4155633 0 4066988 223297 415287 2308627764 2943759 13978946 6572100574 6572100574 0 258466992 1341765663 59.060188 560 6629 8868572 10056592 819 761 80 144000 225000 24 32000 38237 12 16000 25000 8 16000 25000 1462
1787066070765052 9 0 8 1 2 12 3 0 1 0 0 3 149 1 1 0 753 605 603 0 603 0 0 4 21690909 4155946 0 4067191 223380 415312 2311146109 2943821 13985490 6581745554 6581745554 0 258466992 1341765663 59.043964 560 6629 8868572 10056592 819 767 80 144000 225000 12 16000 19497 12 16000 25000 8 16000 25000 1466
1787066072155159 9 0 8 1 2 12 3 0 1 0 0 3 148 1 1 0 753 606 604 0 604 0 0 4 21707351 4156252 0 4067396 223526 415335 2312519115 2943977 13991461 6590677284 6590677284 0 259112145 1341765663 59.029519 559 6617 8852735 10045521 722 763 80 144000 225000 12 16000 20215 12 16000 25000 8 16000 25000 1470
1787066077185111 9 0 7 2 2 12 3 0 1 0 0 3 147 2 2 0 753 607 604 0 604 0 0 4 21730592 4156260 0 4067396 223619 415358 2317524188 2944140 14003910 6590677284 6590677284 0 259757298 1341765663 59.000272 559 6617 8852735 10044486 702 760 80 144000 225000 24 32000 38239 12 16000 25000 8 16000 25000 1470
1787066081100627 9 0 8 1 2 12 3 0 1 0 0 3 147 1 1 0 753 607 605 0 605 0 0 4 21739999 4156647 0 4067653 223721 415392 2321429672 2944200 14012708 6600999409 6600999409 0 259757298 1341765663 58.977959 559 6617 8852735 10044486 702 756 80 144000 225000 12 16000 19502 12 16000 25000 8 16000 25000 1474
1787066081822399 9 0 8 1 2 12 3 0 1 0 0 3 146 1 1 0 753 608 606 0 606 0 0 4 21863688 4156932 0 4067838 223862 415407 2322027118 2944369 14014890 6610655048 6610655048 0 260402451 1341765663 58.720606 560 6629 8868572 10069355 788 760 80 144000 225000 12 16000 20220 12 16000 25000 8 16000 25000 1478
1787066086851032 9 0 7 2 2 12 3 0 1 0 0 3 145 2 2 0 753 609 606 0 606 0 0 4 21886871 4156938 0 4067838 223954 415432 2327032186 2944555 14027190 6610655048 6610655048 0 261047604 1341765663 58.691947 560 6629 8868572 10068318 858 765 80 144000 225000 24 32000 38241 12 16000 25000 8 16000 25000 1479
1787066091677074 9 0 8 1 2 12 3 0 1 0 0 3 145 1 1 0 753 609 607 0 607 0 0 4 21899388 4157258 0 4068037 224061 415488 2331845083 2944657 14038831 6620495484 6620495484 0 261047604 1341765663 58.663032 560 6629 8868572 10068318 858 775 80 144000 225000 12 16000 20224 12 16000 25000 8 16000 25000 1482
1787066091705993 9 0 8 1 2 12 3 0 1 0 0 3 144 1 1 0 753 610 608 0 608 0 0 4 21913009 4157550 0 4068245 224181 415506 2331859787 2944794 14042477 6630976373 6630976373 0 261692757 1341765663 58.655325 560 6629 8868572 10067032 710 769 80 144000 225000 12 16000 19510 12 16000 25000 8 16000 25000 1486
1787066096733919 9 0 7 2 2 12 3 0 1 0 0 3 143 2 2 0 753 611 608 0 608 0 0 4 21935530 4157561 0 4068245 224264 415533 2336864886 2944899 14054705 6630976373 6630976373 0 262337910 1341765663 58.628254 497 5883 7870858 8940835 85 735 80 144000 225000 24 32000 38244 12 16000 25000 8 16000 25000 1487
1787066102359744 9 0 7 2 2 12 3 0 1 0 0 3 143 3 2 1 753 611 608 0 608 0 0 4 21947393 4157568 0 4068245 224273 415557 2342478574 2945001 14065938 6641648198 6630976373 0 262337910 1341765663 58.601596 497 5883 7870858 8940835 85 703 80 144000 225000 24 32000 38249 12 16000 25000 8 16000 25000 1491
1787066102360089 9 0 8 1 2 12 3 0 1 0 0 3 143 1 1 0 753 611 609 0 609 0 0 4 21947393 4157864 0 4068442 224402 415569 2342478574 2945001 14065938 6641648198 6641648198 0 262337910 1341765663 58.600932 497 5883 7870858 8940835 85 644 80 144000 225000 12 16000 20228 12 16000 25000 8 16000 25000 1491
1787066107389077 9 0 7 2 2 12 3 0 1 0 0 3 142 2 2 0 753 612 609 0 609 0 0 4 21970980 4157876 0 4068442 224489 415596 2347483630 2945155 14078181 6641648198 6641648198 0 262983063 1341765663 58.571552 499 5907 7902531 8975669 980 661 80 144000 225000 24 32000 38245 12 16000 25000 8 16000 25000 1491
1787066126652753 9 0 7 2 2 12 3 0 1 0 0 3 142 3 2 1 753 612 609 0 609 0 0 4 22016640 4157901 0 4068442 224593 415718 2366701114 2945325 14120851 6665927849 6641648198 0 262983063 1341765663 58.469321 499 5907 7902531 8975669 980 677 80 144000 225000 24 32000 38250 12 16000 25000 8 16000 25000 1495
1787066126653140 9 0 8 1 2 12 3 0 1 0 0 3 142 1 1 0 753 612 610 0 610 0 0 4 22016640 4158218 0 4068659 224686 415731 2366701114 2945325 14120851 6665927849 6665927849 0 262983063 1341765663 58.468613 499 5907 7902531 8975669 980 708 80 144000 225000 12 16000 20232 12 16000 25000 8 16000 25000 1495
1787066127124548 9 0 8 1 2 12 3 0 1 0 0 3 141 1 1 0 753 613 611 0 611 0 0 4 22030343 4158505 0 4068865 224807 415760 2367158183 2945500 14124428 6701333855 6701333855 0 263628216 1341765663 58.460873 514 6085 8140082 9244503 1856 821 80 144000 225000 12 16000 19516 12 16000 25000 8 16000 25000 1499
1787066132152536 9 0 7 2 2 12 3 0 1 0 0 3 140 2 2 0 753 614 611 0 611 0 0 4 22052904 4158515 0 4068865 224901 415791 2372163289 2945617 14136494 6701333855 6701333855 0 264273369 1341765663 58.434005 665 7980 10640000 12087451 2882 925 80 144000 225000 24 32000 38247 12 16000 25000 8 16000 25000 1499
1787066136379244 9 0 8 1 2 12 3 0 1 0 0 3 140 1 1 0 753 614 612 0 612 0 0 4 22066629 4158802 0 4069052 225087 415831 2376375648 2945685 14149489 6711046292 6711046292 0 264273369 1341765663 58.402784 665 7980 10640000 12087451 2882 1116 80 144000 225000 12 16000 20230 12 16000 25000 8 16000 25000 1503
1787066136672028 9 0 8 1 2 12 3 0 1 0 0 3 139 1 1 0 753 615 613 0 613 0 0 4 22080900 4159101 0 4069254 225225 415848 2376653508 2945855 14153003 6720581079 6720581079 0 264918522 1341765663 58.393803 666 7992 10656000 12104068 729 1079 80 144000 225000 12 16000 19521 12 16000 25000 8 16000 25000 1507
1787066141702458 9 0 7 2 2 12 3 0 1 0 0 3 138 2 2 0 753 616 613 0 613 0 0 4 22105661 4159107 0 4069254 225561 415881 2381658615 2945993 14166832 6720581079 6720581079 0 265559696 1341765663 58.362020 667 8004 10672000 12130501 769 1064 80 144000 225000 24 32000 38250 12 16000 25000 8 16000 25000 1508
1787066145306331 9 0 8 1 2 12 3 0 1 0 0 3 138 1 1 0 753 616 614 0 614 0 0 4 22114971 4159434 0 4069451 226001 415915 2385252261 2946065 14175586 6729496054 6729496054 0 265559696 1341765663 58.340614 667 8004 10672000 12130501 769 1036 80 144000 225000 12 16000 20244 12 16000 25000 8 16000 25000 1511
1787066145983920 9 0 8 1 2 12 3 0 1 0 0 3 137 1 1 0 753 617 615 0 615 0 0 4 22133042 4574171 0 4484054 226218 415962 2385496546 2946254 14192594 6729716730 6729716730 0 265559696 1550860776 64.861637 681 8172 10896000 12383780 759 1010 80 144000 225000 12 16000 20281 12 16000 25000 8 16000 25000 1549
1787066146444310 9 0 8 1 2 12 3 0 1 0 0 3 136 1 1 0 753 618 616 0 616 0 0 4 22152966 4574461 0 4484255 226368 415990 2385936365 2946401 14200202 6739475868 6739475868 0 266200870 1550860776 64.835460 422 4996 6660134 7569608 1 913 80 144000 225000 12 16000 19535 12 16000 25000 8 16000 25000 1553
1787066151472661 9 0 7 2 2 12 3 0 1 0 0 3 135 2 2 0 753 619 616 0 616 0 0 4 22175901 4574466 0 4484255 226459 416014 2390941450 2946535 14211871 6739475868 6739475868 0 266842044 1550860776 64.802718 421 4984 6644351 7557045 760 906 80 144000 225000 24 32000 38261 12 16000 25000 8 16000 25000 1553
1787066155467897 9 0 8 1 2 12 3 0 1 0 0 3 135 1 1 0 753 619 617 0 617 0 0 4 22182921 4574774 0 4484449 226552 416044 2394929127 2946601 14218470 6748921683 6748921683 0 266842044 1550860776 64.784971 421 4984 6644351 7557045 760 893 80 144000 225000 12 16000 20286 12 16000 25000 8 16000 25000 1557
1787066156999775 9 0 8 1 2 12 3 0 1 0 0 3 134 1 1 0 753 620 618 0 618 0 0 4 22198921 4575083 0 4484656 226707 416067 2396444314 2946767 14224005 6759463394 6759463394 0 267483218 1550860776 64.768346 412 4877 6502311 7394314 250 831 80 144000 225000 12 16000 19540 12 16000 25000 8 16000 25000 1561
1787066161024257 9 0 7 2 2 12 3 0 1 0 0 3 133 2 2 0 753 621 618 0 618 0 0 4 22218939 4575090 0 4484656 226791 416092 2400448420 2946937 14233507 6759463394 6759463394 0 268124392 1550860776 64.742762 413 4889 6518093 7417533 784 829 80 144000 225000 24 32000 38263 12 16000 25000 8 16000 25000 1562
1787066164626428 9 0 8 1 2 12 3 0 1 0 0 3 133 1 1 0 753 621 619 0 619 0 0 4 22227394 4575409 0 4484851 226912 416126 2404041553 2947003 14241477 6768608817 6768608817 0 268124392 1550860776 64.721568 413 4889 6518093 7417533 784 825 80 144000 225000 12 16000 20291 12 16000 25000 8 16000 25000 1565
1787066166749192 9 0 8 1 2 12 3 0 1 0 0 3 132 1 1 0 753 622 620 0 620 0 0 4 22244940 4575707 0 4485045 227071 416152 2406146086 2947173 14248879 6778345214 6778345214 0 268765566 1550860776 64.701307 413 4889 6518093 7416351 718 815 80 144000 225000 12 16000 19545 12 16000 25000 8 16000 25000 1569
1787066171776179 9 0 7 2 2 12 3 0 1 0 0 3 131 2 2 0 753 623 620 0 620 0 0 4 22266518 4575710 0 4485045 227155 416180 2411151136 2947349 14260078 6778345214 6778345214 0 269406740 1550860776 64.672067 413 4889 6518093 7421623 768 813 80 144000 225000 24 32000 38265 12 16000 25000 8 16000 25000 1570
1787066173558652 9 0 8 1 2 12 3 0 1 0 0 3 131 1 1 0 753 623 621 0 621 0 0 4 22270562 4576038 0 4485265 227232 416198 2412929041 2947415 14263948 6787264501 6787264501 0 269406740 1550860776 64.661536 413 4889 6518093 7421623 768 809 80 144000 225000 12 16000 20296 12 16000 25000 8 16000 25000 1574
1787066176824601 9 0 8 1 2 12 3 0 1 0 0 3 130 1 1 0 753 624 622 0 622 0 0 4 22290938 4576361 0 4485460 227404 416228 2416173906 2947565 14271718 6797328488 6797328488 0 270047689 1550860776 64.634470 413 4889 6518093 7420441 709 800 80 144000 225000 12 16000 19551 12 16000 25000 8 16000 25000 1578
1787066177017468 9 0 8 1 2 12 3 0 1 0 0 3 129 1 1 0 753 625 623 0 623 0 0 4 22296987 4705028 0 4613992 227493 416255 2416231731 2947744 14277421 6797375131 6797375131 0 270047689 1581353816 65.388974 418 4948 6597004 7515485 911 812 80 144000 225000 12 16000 19563 12 16000 25000 8 16000 25000 1590
1787066182046394 9 0 7 2 2 12 3 0 1 0 0 3 128 2 2 0 753 626 623 0 623 0 0 4 22320432 4705038 0 4613992 227590 416291 2421236836 2947904 14288899 6797375131 6797375131 0 270690563 1581353816 65.354910 369 4308 5743342 6545155 1 772 80 144000 225000 24 32000 38270 12 16000 25000 8 16000 25000 1591
1787066184433169 9 0 7 2 2 12 3 0 1 0 0 3 127 2 2 0 753 627 624 0 624 0 0 4 22326579 4705321 0 4614181 227672 416314 2423616975 2947969 14294588 6808234344 6808234344 0 270690563 1581353816 65.339364 369 4308 5743342 6545155 1 698 80 144000 225000 16 24000 29546 12 16000 25000 8 16000 25000 1599
1787066184513376 9 0 7 2 2 12 3 0 1 0 0 3 126 2 2 0 753 628 625 0 625 0 0 4 22340014 4719840 0 4628576 227813 416335 2423668837 2948167 14297996 6808291428 6808291428 0 271333437 1585709964 65.448047 371 4331 5774472 6579619 725 702 80 144000 225000 24 32000 38275 12 16000 25000 8 16000 25000 1599
1787066187433876 9 0 8 1 2 12 3 0 1 0 0 3 126 1 1 0 753 628 626 0 626 0 0 4 22347886 4720289 0 4628884 227906 416371 2426580699 2948321 14305357 6818693352 6818693352 0 271333437 1585709964 65.427928 359 4133 5529084 6301918 3 635 80 144000 225000 12 16000 19572 12 16000 25000 8 16000 25000 1603
1787066192461358 9 0 7 2 2 12 3 0 1 0 0 3 125 2 2 0 753 629 626 0 626 0 0 4 22369824 4720295 0 4628884 228002 416399 2431585852 2948513 14316484 6818693352 6818693352 0 271976311 1585709964 65.397560 358 4121 5513683 6288818 739 641 80 144000 225000 24 32000 38276 12 16000 25000 8 16000 25000 1603
1787066193454063 9 0 8 1 2 12 3 0 1 0 0 3 125 1 1 0 753 629 627 0 627 0 0 4 22370203 4720616 0 4629096 228073 416427 2432577643 2948582 14316845 6827702875 6827702875 0 271976311 1585709964 65.395870 358 4121 5513683 6288818 739 651 80 144000 225000 12 16000 20315 12 16000 25000 8 16000 25000 1607
1787066197183207 9 0 8 1 2 12 3 0 1 0 0 3 124 1 1 0 753 630 628 0 628 0 0 4 22390430 4720951 0 4629314 228255 416469 2436285827 2948716 14326496 6837438535 6837438535 0 272619185 1585709964 65.368886 357 4110 5498281 6270318 821 669 80 144000 225000 12 16000 19577 12 16000 25000 8 16000 25000 1611
1787066202210154 9 0 7 2 2 12 3 0 1 0 0 3 123 2 2 0 753 631 628 0 628 0 0 4 22411896 4720954 0 4629314 228348 416494 2441290918 2948921 14337328 6837438535 6837438535 0 273262059 1585709964 65.339759 357 4110 5498281 6274782 733 673 80 144000 225000 24 32000 38278 12 16000 25000 8 16000 25000 1612
1787066202399350 9 0 8 1 2 12 3 0 1 0 0 3 123 1 1 0 753 631 629 0 629 0 0 4 22412238 4721275 0 4629533 228418 416519 2441479262 2948983 14337655 6846372619 6846372619 0 273262059 1585709964 65.338162 357 4110 5498281 6274782 733 679 80 144000 225000 12 16000 20320 12 16000 25000 8 16000 25000 1615
1787066207027083 9 0 7 2 2 12 3 0 1 0 0 3 122 2 2 0 753 632 629 0 629 0 0 4 22433381 4721282 0 4629533 228571 416542 2446085487 2949109 14348523 6846372619 6846372619 0 273904933 1585709964 65.309850 358 4121 5513683 6291449 821 687 80 144000 225000 24 32000 38285 12 16000 25000 8 16000 25000 1620
1787066207027562 9 0 8 1 2 12 3 0 1 0 0 3 122 1 1 0 753 632 630 0 630 0 0 4 22433381 4721622 0 4629755 228595 416554 2446085490 2949172 14348523 6856203392 6856203392 0 273904933 1585709964 65.309032 358 4121 5513683 6291449 821 701 80 144000 225000 12 16000 19583 12 16000 25000 8 16000 25000 1619
1787066211171477 9 0 8 1 2 12 3 0 1 0 0 3 121 1 1 0 753 633 631 0 631 0 0 4 22454958 4721942 0 4629964 228784 416600 2450207103 2949314 14359175 6864962647 6864962647 0 274547807 1585709964 65.278971 358 4121 5513683 6295953 746 707 80 144000 225000 12 16000 20325 12 16000 25000 8 16000 25000 1623
1787066216197225 9 0 7 2 2 12 3 0 1 0 0 3 120 2 2 0 753 634 631 0 631 0 0 4 22475628 4721946 0 4629964 228871 416627 2455211803 2949508 14369825 6864962647 6864962647 0 275190681 1585709964 65.251892 358 4121 5513683 6295065 699 707 80 144000 225000 24 32000 38282 12 16000 25000 8 16000 25000 1624
1787066217580431 9 0 8 1 2 12 3 0 1 0 0 3 120 1 1 0 753 634 632 0 632 0 0 4 22477881 4722278 0 4630184 228949 416645 2456592227 2949572 14371960 6875503276 6875503276 0 275190681 1585709964 65.245690 358 4121 5513683 6295065 699 707 80 144000 225000 12 16000 19589 12 16000 25000 8 16000 25000 1628
1787066220616288 9 0 8 1 2 12 3 0 1 0 0 3 119 1 1 0 753 635 633 0 633 0 0 4 22496864 4722608 0 4630402 229126 416677 2459608266 2949825 14380717 6884935409 6884935409 0 275833555 1585709964 65.221921 360 4144 5544485 6334785 884 725 80 144000 225000 12 16000 20329 12 16000 25000 8 16000 25000 1632
1787066225643277 9 0 7 2 2 12 3 0 1 0 0 3 118 2 2 0 753 636 633 0 633 0 0 4 22518370 4722615 0 4630402 229222 416711 2464613351 2950008 14391242 6884935409 6884935409 0 276476429 1585709964 65.192919 359 4133 5529084 6316320 767 728 80 144000 225000 24 32000 38283 12 16000 25000 8 16000 25000 1632
1787066227654391 9 0 8 1 2 12 3 0 1 0 0 3 118 1 1 0 753 636 634 0 634 0 0 4 22522464 4722931 0 4630604 229311 416736 2466619843 2950070 14395102 6894997857 6894997857 0 276476429 1585709964 65.182367 359 4133 5529084 6316320 767 732 80 144000 225000 12 16000 19594 12 16000 25000 8 16000 25000 1636
1787066230777815 9 0 8 1 2 12 3 0 1 0 0 3 117 1 1 0 753 637 635 0 635 0 0 4 22541000 4723270 0 4630825 229493 416775 2469723957 2950247 14402579 6905147412 6905147412 0 277119305 1585709964 65.159728 361 4156 5559887 6356089 909 750 80 144000 225000 12 16000 20334 12 16000 25000 8 16000 25000 1640
1787066235804601 9 0 7 2 2 12 3 0 1 0 0 3 116 2 2 0 753 638 635 0 635 0 0 4 22562271 4723279 0 4630825 229579 416808 2474729070 2950450 14413151 6905147412 6905147412 0 277762181 1585709964 65.131380 361 4156 5559887 6355243 876 757 80 144000 225000 24 32000 38285 12 16000 25000 8 16000 25000 1641
1787066237587315 9 0 8 1 2 12 3 0 1 0 0 3 116 1 1 0 753 638 636 0 636 0 0 4 22565974 4723613 0 4631052 229655 416830 2476507538 2950514 14416735 6915066458 6915066458 0 277762181 1585709964 65.121745 361 4156 5559887 6355243 876 769 80 144000 225000 12 16000 19599 12 16000 25000 8 16000 25000 1644
1787066239642553 9 0 8 1 2 12 3 0 1 0 0 3 115 1 1 0 753 639 637 0 637 0 0 4 22600919 4723930 0 4631256 229824 416856 2478527132 2950670 14422011 6923919732 6923919732 0 278405057 1585709964 65.060144 361 4156 5559887 6359852 734 767 80 144000 225000 12 16000 20341 12 16000 25000 8 16000 25000 1648
1787066244669461 9 0 7 2 2 12 3 0 1 0 0 3 114 2 2 0 753 640 637 0 637 0 0 4 22622310 4723941 0 4631256 229917 416889 2483532244 2950847 14432541 6923919732 6923919732 0 279047933 1585709964 65.031646 361 4156 5559887 6359028 799 769 80 144000 225000 24 32000 38287 12 16000 25000 8 16000 25000 1649
1787066248943462 9 0 8 1 2 12 3 0 1 0 0 3 114 1 1 0 753 640 638 0 638 0 0 4 22631175 4724253 0 4631458 230011 416926 2487796823 2950918 14441058 6935243324 6935243324 0 279047933 1585709964 65.009830 361 4156 5559887 6359028 799 773 80 144000 225000 12 16000 19603 12 16000 25000 8 16000 25000 1653
1787066249581303 9 0 8 1 2 12 3 0 1 0 0 3 113 1 1 0 753 641 639 0 639 0 0 4 22645545 4724527 0 4631641 230194 416947 2488419621 2951084 14444420 6945168213 6945168213 0 279690809 1585709964 64.997447 360 4144 5544485 6346031 352 732 80 144000 225000 12 16000 20346 12 16000 25000 8 16000 25000 1657
1787066254607025 9 0 7 2 2 12 3 0 1 0 0 3 112 2 2 0 753 642 639 0 639 0 0 4 22665906 4724534 0 4631641 230277 416969 2493424667 2951227 14454232 6945168213 6945168213 0 280333685 1585709964 64.971497 360 4144 5544485 6345226 734 733 80 144000 225000 24 32000 38289 12 16000 25000 8 16000 25000 1657
1787066258378417 9 0 8 1 2 12 3 0 1 0 0 3 112 1 1 0 753 642 640 0 640 0 0 4 22674549 4724855 0 4631848 230463 417006 2497185808 2951291 14462542 6953952282 6953952282 0 280333685 1585709964 64.950241 360 4144 5544485 6345226 734 734 80 144000 225000 12 16000 20343 12 16000 25000 8 16000 25000 1661
1787066259174001 9 0 8 1 2 12 3 0 1 0 0 3 111 1 1 0 753 643 641 0 641 0 0 4 22687534 4725130 0 4632033 230609 417023 2497967769 2951464 14465699 6964168878 6964168878 0 280976561 1585709964 64.941189 360 4144 5544485 6344422 691 730 80 144000 225000 12 16000 19609 12 16000 25000 8 16000 25000 1665
1787066264201865 9 0 7 2 2 12 3 0 1 0 0 3 110 2 2 0 753 644 641 0 641 0 0 4 22709368 4725141 0 4632033 231292 417066 2502972865 2951594 14477130 6964168878 6964168878 0 281619437 1585709964 64.911827 360 4144 5544485 6349084 750 731 80 144000 225000 24 32000 38284 12 16000 25000 8 16000 25000 1666
1787066267230070 9 0 8 1 2 12 3 0 1 0 0 3 110 1 1 0 753 644 642 0 642 0 0 4 22716590 4725444 0 4632221 231381 417098 2505993317 2951658 14483903 6973007953 6973007953 0 281619437 1585709964 64.894027 360 4144 5544485 6349084 750 733 80 144000 225000 12 16000 20355 12 16000 25000 8 16000 25000 1669
1787066269173482 9 0 8 1 2 12 3 0 1 0 0 3 109 1 1 0 753 645 643 0 643 0 0 4 22732212 4725745 0 4632408 231545 417134 2507920407 2951822 14488738 6982994245 6982994245 0 282262313 1585709964 64.878723 359 4133 5529084 6330672 723 733 80 144000 225000 12 16000 19615 12 16000 25000 8 16000 25000 1673
1787066274199571 9 0 7 2 2 12 3 0 1 0 0 3 108 2 2 0 753 646 643 0 643 0 0 4 22752809 4725753 0 4632408 231637 417163 2512925513 2952002 14498463 6982994245 6982994245 0 282905189 1585709964 64.852385 363 4179 5590689 6405937 780 736 80 144000 225000 24 32000 38294 12 16000 25000 8 16000 25000 1674
1787066275972267 9 0 8 1 2 12 3 0 1 0 0 3 108 1 1 0 753 646 644 0 644 0 0 4 22754670 4726050 0 4632597 231714 417181 2514695856 2952066 14500207 6991724526 6991724526 0 282905189 1585709964 64.847292 363 4179 5590689 6405937 780 742 80 144000 225000 12 16000 20360 12 16000 25000 8 16000 25000 1677
1787066279776029 9 0 8 1 2 12 3 0 1 0 0 3 107 1 1 0 753 647 645 0 645 0 0 4 22771473 4726356 0 4632783 231882 417212 2518482134 2952206 14506825 7002315251 7002315251 0 283548065 1585709964 64.829241 363 4179 5590689 6405176 754 744 80 144000 225000 12 16000 19621 12 16000 25000 8 16000 25000 1682
1787066284801601 9 0 7 2 2 12 3 0 1 0 0 3 106 2 2 0 753 648 645 0 645 0 0 4 22791596 4726359 0 4632783 231972 417234 2523487196 2952394 14516322 7002315251 7002315251 0 284191528 1585709964 64.804126 359 4133 5529084 6334024 924 753 80 144000 225000 24 32000 38295 12 16000 25000 8 16000 25000 1682
1787066284868187 9 0 7 2 2 12 3 0 1 0 0 3 105 2 2 0 753 649 646 0 646 0 0 4 22793766 4726622 0 4632962 232029 417249 2523551174 2952461 14517920 7011198052 7011198052 0 284191528 1585709964 64.798397 359 4133 5529084 6334024 924 771 80 144000 225000 16 24000 29793 12 16000 25000 8 16000 25000 1773
1787066285247394 9 0 7 2 2 12 3 0 1 0 0 3 104 2 2 0 753 650 647 0 647 0 0 4 22831199 4889683 0 4795884 232540 417329 2523729134 2952580 14544078 7011332260 7011332260 0 284834991 1677189082 67.499006 360 4144 5544485 6345656 693 765 80 144000 225000 24 32000 38383 12 16000 25000 8 16000 25000 1774
1787066289548570 9 0 8 1 2 12 3 0 1 0 0 3 104 1 1 0 753 650 648 0 648 0 0 4 22841423 4890061 0 4796102 232647 417369 2528019371 2952734 14553799 7021091270 7021091270 0 284834991 1677189082 67.473200 298 3382 4540949 5199956 1 691 80 144000 225000 12 16000 19713 12 16000 25000 8 16000 25000 1777
1787066294173874 9 0 7 2 2 12 3 0 1 0 0 3 103 2 2 0 753 651 648 0 648 0 0 4 22864240 4890069 0 4796102 232800 417400 2532621409 2952930 14563477 7021091270 7021091270 0 285478454 1677189082 67.439821 300 3405 4571425 5234396 746 694 80 144000 225000 24 32000 38389 12 16000 25000 8 16000 25000 1782
1787066294174912 9 0 8 1 2 12 3 0 1 0 0 3 103 1 1 0 753 651 649 0 649 0 0 4 22864279 4890378 0 4796311 232826 417414 2532621963 2952996 14563513 7030383554 7030383554 0 285478454 1677189082 67.438975 300 3405 4571425 5234396 746 700 80 144000 225000 12 16000 20456 12 16000 25000 8 16000 25000 1781
1787066299271290 9 0 7 2 2 12 3 0 1 0 0 3 102 2 2 0 753 652 649 0 649 0 0 4 22955263 4890385 0 4796311 232918 417437 2537627034 2953128 14572877 7030383554 7030383554 0 286121917 1677189082 67.240643 299 3393 4556187 5216321 657 698 80 144000 225000 24 32000 38385 12 16000 25000 8 16000 25000 1782
1787066313264828 9 0 7 2 2 12 3 0 1 0 0 3 102 3 2 1 753 652 649 0 649 0 0 4 22977603 4890409 0 4796311 232942 417513 2551597797 2953266 14593772 7054085825 7030383554 0 286121917 1677189082 67.186683 299 3393 4556187 5216321 657 696 80 144000 225000 24 32000 38390 12 16000 25000 8 16000 25000 1786
1787066313265206 9 0 8 1 2 12 3 0 1 0 0 3 102 1 1 0 753 652 650 0 650 0 0 4 22977603 4890742 0 4796542 233085 417526 2551597797 2953266 14593772 7054085825 7054085825 0 286121917 1677189082 67.185880 299 3393 4556187 5216321 657 694 80 144000 225000 12 16000 19718 12 16000 25000 8 16000 25000 1785
1787066318330026 9 0 7 2 2 12 3 0 1 0 0 3 101 2 2 0 753 653 650 0 650 0 0 4 23036934 4890749 0 4796542 233178 417555 2556602893 2953462 14603288 7054085825 7054085825 0 286765380 1677189082 67.065103 308 3495 4693330 5372862 1693 744 80 144000 225000 24 32000 38386 12 16000 25000 8 16000 25000 1786
1787066354907313 9 0 7 2 2 12 3 0 1 0 0 3 101 3 2 1 753 653 650 0 650 0 0 4 23098430 4890807 0 4796542 233309 417755 2593117844 2953779 14661304 7114734384 7054085825 0 286765380 1677189082 66.917613 308 3495 4693330 5372862 1693 792 80 144000 225000 24 32000 38391 12 16000 25000 8 16000 25000 1790
1787066354907682 9 0 8 1 2 12 3 0 1 0 0 3 101 1 1 0 753 653 651 0 651 0 0 4 23098430 4891121 0 4796759 233375 417776 2593117844 2953779 14661304 7114734384 7114734384 0 286765380 1677189082 66.916862 308 3495 4693330 5372862 1693 881 80 144000 225000 12 16000 20462 12 16000 25000 8 16000 25000 1790
1787066359265115 9 0 7 2 2 12 3 0 1 0 0 3 100 2 2 0 753 654 651 0 651 0 0 4 23451393 4891127 0 4796759 233470 417793 2597121956 2953964 14668904 7114734384 7114734384 0 287408843 1677189082 66.105152 326 3700 4967615 5686177 723 874 80 144000 225000 24 32000 38387 12 16000 25000 8 16000 25000 1790
1787066430168731 9 0 7 2 2 12 3 0 1 0 0 3 100 3 2 1 753 654 651 0 651 0 0 4 23574474 4891212 0 4796759 234450 418059 2667900442 2954520 14786383 7231585775 7114734384 0 287408843 1677189082 65.819126 326 3700 4967615 5686177 723 867 80 144000 225000 24 32000 38378 12 16000 25000 8 16000 25000 1794
1787066430169120 9 0 8 1 2 12 3 0 1 0 0 3 100 1 1 0 753 654 652 0 652 0 0 4 23574474 4891536 0 4796986 234524 418082 2667900442 2954520 14786383 7231585775 7231585775 0 287408843 1677189082 65.818377 326 3700 4967615 5686177 723 854 80 144000 225000 12 16000 19715 12 16000 25000 8 16000 25000 1794
1787066435259996 9 0 7 2 2 12 3 0 1 0 0 3 99 2 2 0 753 655 652 0 652 0 0 4 23659943 4891542 0 4796986 234617 418110 2672905523 2954659 14797041 7231585775 7231585775 0 288052306 1677189082 65.642829 381 4324 5805710 6644918 2241 924 80 144000 225000 24 32000 38382 12 16000 25000 8 16000 25000 1794
1787066443889841 9 0 7 2 2 12 3 0 1 0 0 3 99 3 2 1 753 655 652 0 652 0 0 4 23674519 4891553 0 4796986 234686 418146 2681519644 2954760 14810821 7320219945 7231585775 0 288052306 1677189082 65.609309 381 4324 5805710 6644918 2241 990 80 144000 225000 24 32000 38387 12 16000 25000 8 16000 25000 1799
1787066443890188 9 0 8 1 2 12 3 0 1 0 0 3 99 1 1 0 753 655 653 0 653 0 0 4 23674519 4891858 0 4797192 234749 418158 2681519644 2954760 14810821 7320219945 7320219945 0 288052306 1677189082 65.608608 381 4324 5805710 6644918 2241 1113 80 144000 225000 12 16000 20468 12 16000 25000 8 16000 25000 1798
1787066448211338 9 0 7 2 2 12 3 0 1 0 0 3 98 2 2 0 753 656 653 0 653 0 0 4 23969529 4891862 0 4797192 234835 418179 2685523693 2954947 14819735 7320219945 7320219945 0 288695769 1677189082 64.959235 357 4051 5439996 6225592 255 1071 80 144000 225000 24 32000 38390 12 16000 25000 8 16000 25000 1799
1787066527283286 9 0 7 2 2 12 3 0 1 0 0 3 98 3 2 1 753 656 653 0 653 0 0 4 24109587 4891974 0 4797192 286430 418522 2764402723 2955556 14952481 7403274346 7320219945 0 288695769 1677189082 64.645275 357 4051 5439996 6225592 255 1031 80 144000 225000 24 32000 38381 12 16000 25000 8 16000 25000 1803
1787066527283717 9 0 8 1 2 12 3 0 1 0 0 3 98 1 1 0 753 656 654 0 654 0 0 4 24109587 4892355 0 4797471 286504 418535 2764402723 2955556 14952481 7403274346 7403274346 0 288695769 1677189082 64.644426 357 4051 5439996 6225592 255 957 80 144000 225000 12 16000 20465 12 16000 25000 8 16000 25000 1802
1787066532673949 9 0 7 2 2 12 3 0 1 0 0 3 97 2 2 0 753 657 654 0 654 0 0 4 24494398 4892363 0 4797471 286607 418559 2769407754 2955745 14962865 7403274346 7403274346 0 289339232 1677189082 63.818791 339 3847 5165710 5906031 246 922 80 144000 225000 24 32000 38385 12 16000 25000 8 16000 25000 1803
1787066536739474 9 0 8 1 2 12 3 0 1 0 0 3 97 1 1 0 753 657 655 0 655 0 0 4 24500705 4892715 0 4797708 286696 418588 2773466401 2955811 14968817 7509768561 7509768561 0 289339232 1677189082 63.804333 339 3847 5165710 5906031 246 857 80 144000 225000 12 16000 19729 12 16000 25000 8 16000 25000 1806
1787066541006307 9 0 7 2 2 12 3 0 1 0 0 3 96 2 2 0 753 658 655 0 655 0 0 4 24764004 4892721 0 4797708 286795 418607 2777469557 2955997 14977560 7509768561 7509768561 0 289982695 1677189082 63.258543 370 4199 5638091 6450952 1405 885 80 144000 225000 24 32000 38393 12 16000 25000 8 16000 25000 1807
1787066546212231 9 0 7 2 2 12 3 0 1 0 0 3 96 3 2 1 753 658 655 0 655 0 0 4 24773424 4892728 0 4797708 286866 418630 2782665786 2956092 14986452 7528320505 7509768561 0 289982695 1677189082 63.238441 370 4199 5638091 6450952 1405 911 80 144000 225000 24 32000 38398 12 16000 25000 8 16000 25000 1811
1787066546212660 9 0 8 1 2 12 3 0 1 0 0 3 96 1 1 0 753 658 656 0 656 0 0 4 24773424 4893115 0 4797978 286928 418642 2782665786 2956092 14986452 7528320505 7528320505 0 289982695 1677189082 63.237616 370 4199 5638091 6450952 1405 960 80 144000 225000 12 16000 20477 12 16000 25000 8 16000 25000 1810
1787066551303409 9 0 7 2 2 12 3 0 1 0 0 3 95 2 2 0 753 659 656 0 656 0 0 4 24859564 4893123 0 4797978 287014 418668 2787670021 2956266 14996721 7528320505 7528320505 0 290626160 1677189082 63.075139 325 3688 4952377 5665696 50 915 80 144000 225000 24 32000 38394 12 16000 25000 8 16000 25000 1811
1787066556733981 9 0 7 2 2 12 3 0 1 0 0 3 95 3 2 1 753 659 656 0 656 0 0 4 24868522 4893126 0 4797978 287077 418690 2793091370 2956369 15005327 7538763941 7528320505 0 290626160 1677189082 63.056147 325 3688 4952377 5665696 50 872 80 144000 225000 24 32000 38399 12 16000 25000 8 16000 25000 1815
1787066556734349 9 0 8 1 2 12 3 0 1 0 0 3 95 1 1 0 753 659 657 0 657 0 0 4 24868522 4893452 0 4798204 287140 418702 2793091370 2956369 15005327 7538763941 7538763941 0 290626160 1677189082 63.055456 325 3688 4952377 5665696 50 792 80 144000 225000 12 16000 20481 12 16000 25000 8 16000 25000 1815
1787066561841361 9 0 7 2 2 12 3 0 1 0 0 3 94 2 2 0 753 660 657 0 657 0 0 4 24970934 4893457 0 4798204 287226 418721 2798095644 2956529 15015148 7538763941 7538763941 0 291269625 1677189082 62.859762 331 3756 5043806 5764740 135 760 80 144000 225000 24 32000 38395 12 16000 25000 8 16000 25000 1815
1787066571266502 9 0 7 2 2 12 3 0 1 0 0 3 94 3 2 1 753 660 657 0 657 0 0 4 24985992 4893466 0 4798204 287309 418759 2807505378 2956666 15029435 7553200305 7538763941 0 291269625 1677189082 62.828064 331 3756 5043806 5764740 135 729 80 144000 225000 24 32000 38400 12 16000 25000 8 16000 25000 1819
1787066571266870 9 0 8 1 2 12 3 0 1 0 0 3 94 1 1 0 753 660 658 0 658 0 0 4 24985992 4893784 0 4798424 287381 418771 2807505378 2956666 15029435 7553200305 7553200305 0 291269625 1677189082 62.827396 331 3756 5043806 5764740 135 672 80 144000 225000 12 16000 20485 12 16000 25000 8 16000 25000 1819
1787066576681636 9 0 7 2 2 12 3 0 1 0 0 3 93 2 2 0 753 661 658 0 658 0 0 4 25395997 4893801 0 4798424 287477 418810 2812509756 2956827 15039840 7553200305 7553200305 0 291913090 1677189082 61.997184 322 3654 4906663 5607300 151 646 80 144000 225000 24 32000 38396 12 16000 25000 8 16000 25000 1819
1787066581696631 9 0 7 2 2 12 3 0 1 0 0 3 93 3 2 1 753 661 658 0 658 0 0 4 25405557 4893812 0 4798424 287544 418844 2817514899 2956927 15048708 7563227074 7553200305 0 291913090 1677189082 61.977600 322 3654 4906663 5607300 151 622 80 144000 225000 24 32000 38401 12 16000 25000 8 16000 25000 1823
1787066581697020 9 0 8 1 2 12 3 0 1 0 0 3 93 1 1 0 753 661 659 0 659 0 0 4 25405557 4894160 0 4798658 287605 418856 2817514899 2956927 15048708 7563227074 7563227074 0 291913090 1677189082 61.976888 322 3654 4906663 5607300 151 577 80 144000 225000 12 16000 20490 12 16000 25000 8 16000 25000 1823
1787066586733752 9 0 7 2 2 12 3 0 1 0 0 3 92 2 2 0 753 662 659 0 659 0 0 4 25436874 4894169 0 4798658 287695 418883 2822519977 2957078 15058501 7563227074 7563227074 0 292556555 1677189082 61.933110 279 3166 4251425 4857897 25 550 80 144000 225000 24 32000 38396 12 16000 25000 8 16000 25000 1823
1787066591186115 9 0 8 1 2 12 3 0 1 0 0 3 92 1 1 0 753 662 660 0 660 0 0 4 25444294 4894498 0 4798877 287788 418911 2826964334 2957174 15065561 7572691131 7572691131 0 292556555 1677189082 61.917291 279 3166 4251425 4857897 25 500 80 144000 225000 12 16000 20494 12 16000 25000 8 16000 25000 1827
1787066596402077 9 0 7 2 2 12 3 0 1 0 0 3 91 2 2 0 753 663 660 0 660 0 0 4 25655742 4894502 0 4798877 287876 418936 2831968521 2957324 15075323 7572691131 7572691131 0 293200020 1677189082 61.508821 270 3064 4114283 4696628 383 495 80 144000 225000 24 32000 38397 12 16000 25000 8 16000 25000 1828
1787066601104108 9 0 8 1 2 12 3 0 1 0 0 3 91 1 1 0 753 663 661 0 661 0 0 4 25663036 4894868 0 4799126 287996 418969 2836662602 2957423 15082247 7582403805 7582403805 0 293200020 1677189082 61.493402 270 3064 4114283 4696628 383 485 80 144000 225000 12 16000 20498 12 16000 25000 8 16000 25000 1831
1787066606141220 9 0 7 2 2 12 3 0 1 0 0 3 90 2 2 0 753 664 661 0 661 0 0 4 25694747 4894875 0 4799126 288084 418994 2841667673 2957565 15091905 7582403805 7582403805 0 293843485 1677189082 61.449701 255 2894 3885711 4435135 48 464 80 144000 225000 24 32000 38398 12 16000 25000 8 16000 25000 1832
1787066617420195 9 0 7 2 2 12 3 0 1 0 0 3 90 3 2 1 753 664 661 0 661 0 0 4 25710440 4894885 0 4799126 288093 419022 2852930627 2957699 15106904 7598697155 7582403805 0 293843485 1677189082 61.418173 255 2894 3885711 4435135 48 444 80 144000 225000 24 32000 38403 12 16000 25000 8 16000 25000 1836
1787066617420568 9 0 8 1 2 12 3 0 1 0 0 3 90 1 1 0 753 664 662 0 662 0 0 4 25710440 4895211 0 4799344 288225 419034 2852930627 2957699 15106904 7598697155 7598697155 0 293843485 1677189082 61.417518 255 2894 3885711 4435135 48 407 80 144000 225000 12 16000 20502 12 16000 25000 8 16000 25000 1835
1787066622474977 9 0 7 2 2 12 3 0 1 0 0 3 89 2 2 0 753 665 662 0 662 0 0 4 25757813 4895220 0 4799344 288525 419071 2857936318 2957870 15121636 7598697155 7598697155 0 294486950 1677189082 61.342602 256 2905 3900949 4448186 715 423 80 144000 225000 24 32000 38393 12 16000 25000 8 16000 25000 1836
1787066629862272 9 0 7 2 2 12 3 0 1 0 0 3 89 3 2 1 753 665 662 0 662 0 0 4 25772217 4895227 0 4799344 289083 419106 2865308430 2957968 15135286 7691562774 7598697155 0 294486950 1677189082 61.313776 256 2905 3900949 4448186 715 438 80 144000 225000 24 32000 38391 12 16000 25000 8 16000 25000 1840
1787066629862637 9 0 8 1 2 12 3 0 1 0 0 3 89 1 1 0 753 665 663 0 663 0 0 4 25772217 4895550 0 4799552 289144 419119 2865308430 2957968 15135286 7691562774 7691562774 0 294486950 1677189082 61.313130 256 2905 3900949 4448186 715 466 80 144000 225000 12 16000 19733 12 16000 25000 8 16000 25000 1839
1787066633034273 9 0 8 1 2 12 3 0 1 0 0 3 88 1 1 0 753 666 664 0 664 0 0 4 26121606 4895886 0 4799769 289348 419157 2868129880 2958154 15142375 7707140391 7707140391 0 295130415 1677189082 60.641603 262 2973 3992378 4555933 362 457 80 144000 225000 12 16000 20507 12 16000 25000 8 16000 25000 1844
1787066638113814 9 0 7 2 2 12 3 0 1 0 0 3 87 2 2 0 753 667 664 0 664 0 0 4 26195656 4895893 0 4799769 289434 419186 2873134977 2958355 15151731 7707140391 7707140391 0 295773880 1677189082 60.516898 300 3454 4636733 5289516 436 456 80 144000 225000 24 32000 38402 12 16000 25000 8 16000 25000 1844
1787066643170109 9 0 7 2 2 12 3 0 1 0 0 3 87 3 2 1 753 667 664 0 664 0 0 4 26202870 4895901 0 4799769 289439 419207 2878183790 2958454 15158478 7717210913 7707140391 0 295773880 1677189082 60.502844 300 3454 4636733 5289516 436 455 80 144000 225000 24 32000 38407 12 16000 25000 8 16000 25000 1848
1787066643170481 9 0 8 1 2 12 3 0 1 0 0 3 87 1 1 0 753 667 665 0 665 0 0 4 26202870 4896231 0 4799999 289563 419219 2878183790 2958454 15158478 7717210913 7717210913 0 295773880 1677189082 60.502202 300 3454 4636733 5289516 436 455 80 144000 225000 12 16000 20511 12 16000 25000 8 16000 25000 1848
1787066648204393 9 0 7 2 2 12 3 0 1 0 0 3 86 2 2 0 753 668 665 0 665 0 0 4 26231348 4896239 0 4799999 289651 419241 2883188873 2958620 15167735 7717210913 7717210913 0 296417345 1677189082 60.466549 295 3396 4559454 5196337 155 440 80 144000 225000 24 32000 38403 12 16000 25000 8 16000 25000 1848
1787066652176906 9 0 8 1 2 12 3 0 1 0 0 3 86 1 1 0 753 668 666 0 666 0 0 4 26237159 4896555 0 4800200 289746 419273 2887155024 2958685 15173143 7726195620 7726195620 0 296417345 1677189082 60.454649 295 3396 4559454 5196337 155 413 80 144000 225000 12 16000 20515 12 16000 25000 8 16000 25000 1852
1787066653451720 9 0 8 1 2 12 3 0 1 0 0 3 85 1 1 0 753 669 667 0 667 0 0 4 26252650 4896918 0 4800445 289919 419297 2888413576 2958868 15177049 7749441291 7749441291 0 297060810 1677189082 60.443580 297 3419 4590366 5231039 421 415 80 144000 225000 12 16000 19747 12 16000 25000 8 16000 25000 1856
1787066658476439 9 0 7 2 2 12 3 0 1 0 0 3 84 2 2 0 753 670 667 0 667 0 0 4 26271902 4896926 0 4800445 290005 419319 2893418662 2959068 15186174 7749441291 7749441291 0 297704275 1677189082 60.425919 273 3143 4219427 4807965 68 398 80 144000 225000 24 32000 38405 12 16000 25000 8 16000 25000 1857
1787066661197615 9 0 8 1 2 12 3 0 1 0 0 3 84 1 1 0 753 670 668 0 668 0 0 4 26274895 4897340 0 4800716 290115 419345 2896136185 2959140 15188896 7758449015 7758449015 0 297704275 1677189082 60.419315 273 3143 4219427 4807965 68 367 80 144000 225000 12 16000 20521 12 16000 25000 8 16000 25000 1860
1787066663450306 9 0 8 1 2 12 3 0 1 0 0 3 83 1 1 0 753 671 669 0 669 0 0 4 26291471 4897700 0 4800947 290299 419386 2898371523 2959296 15195397 7768435034 7768435034 0 298347740 1677189082 60.406182 273 3143 4219427 4807480 715 402 80 144000 225000 12 16000 19753 12 16000 25000 8 16000 25000 1864
1787066668475315 9 0 7 2 2 12 3 0 1 0 0 3 82 2 2 0 753 672 669 0 669 0 0 4 26310936 4897712 0 4800947 290390 419417 2903376666 2959482 15204367 7768435034 7768435034 0 298991205 1677189082 60.388146 273 3143 4219427 4807117 821 423 80 144000 225000 24 32000 38405 12 16000 25000 8 16000 25000 1865
1787066669913796 9 0 8 1 2 12 3 0 1 0 0 3 82 1 1 0 753 672 670 0 670 0 0 4 26313504 4898039 0 4801167 290460 419438 2904812052 2959548 15206837 7777138930 7777138930 0 298991205 1677189082 60.382545 273 3143 4219427 4807117 821 462 80 144000 225000 12 16000 20525 12 16000 25000 8 16000 25000 1869
1787066673230898 9 0 8 1 2 12 3 0 1 0 0 3 81 1 1 0 753 673 671 0 671 0 0 4 26331016 4898687 0 4801667 290629 419474 2908110601 2959699 15214161 7786906487 7786906487 0 299634670 1677189082 60.367082 273 3143 4219427 4806628 729 489 80 144000 225000 12 16000 19758 12 16000 25000 8 16000 25000 1873
1787066678256401 9 0 7 2 2 12 3 0 1 0 0 3 80 2 2 0 753 674 671 0 671 0 0 4 26350903 4898705 0 4801667 290729 419511 2913115772 2959894 15223167 7786906487 7786906487 0 300278135 1677189082 60.348267 273 3143 4219427 4806260 774 504 80 144000 225000 24 32000 38407 12 16000 25000 8 16000 25000 1873
1787066678883390 9 0 8 1 2 12 3 0 1 0 0 3 80 1 1 0 753 674 672 0 672 0 0 4 26350903 4899040 0 4801876 290831 419526 2913742199 2959964 15223167 7795864847 7795864847 0 300278135 1677189082 60.347620 273 3143 4219427 4806260 774 531 80 144000 225000 12 16000 20530 12 16000 25000 8 16000 25000 1877
1787066683457061 9 0 8 1 2 12 3 0 1 0 0 3 79 1 1 0 753 675 673 0 673 0 0 4 26369498 4899418 0 4802105 291016 419565 2918296464 2960133 15230800 7806079229 7806079229 0 300921600 1677189082 60.330628 286 3339 4482613 5103056 823 560 80 144000 225000 12 16000 19764 12 16000 25000 8 16000 25000 1881
1787066687630093 9 0 8 1 2 12 3 0 1 0 0 3 78 1 1 0 753 676 674 0 674 0 0 4 26388931 4899760 0 4802302 291205 419628 2922449216 2960340 15238349 7814814178 7814814178 0 301563009 1677189082 60.312048 286 3339 4482613 5107031 899 594 80 144000 225000 12 16000 20536 12 16000 25000 8 16000 25000 1885
1787066688094541 9 0 8 1 2 12 3 0 1 0 0 3 77 1 1 0 753 677 675 0 675 0 0 4 26404876 5191607 0 5094017 291433 419695 2922605337 2960532 15253456 7814947377 7814947377 0 301563009 1794805087 63.274524 290 3433 4592654 5229562 769 612 80 144000 225000 12 16000 20573 12 16000 25000 8 16000 25000 1923
1787066693127240 9 0 7 2 2 12 3 0 1 0 0 3 76 2 2 0 753 678 675 0 675 0 0 4 26426406 5191616 0 5094017 291563 419728 2927616127 2960677 15264954 7814947377 7814947377 0 302204418 1794805087 63.250766 263 3071 4107808 4674274 1 582 80 144000 225000 24 32000 38422 12 16000 25000 8 16000 25000 1923
1787066694375403 9 0 8 1 2 12 3 0 1 0 0 3 76 1 1 0 753 678 676 0 676 0 0 4 26428740 5191929 0 5094214 291652 419745 2928861425 2960755 15267214 7825851755 7825851755 0 302204418 1794805087 63.245471 263 3071 4107808 4674274 1 526 80 144000 225000 12 16000 19778 12 16000 25000 8 16000 25000 1927
1787066697159148 9 0 8 1 2 12 3 0 1 0 0 3 75 1 1 0 753 679 677 0 677 0 0 4 26443522 5192224 0 5094402 291817 419766 2931629734 2960901 15271684 7834895768 7834895768 0 302845827 1794805087 63.234665 263 3071 4107808 4677933 808 555 80 144000 225000 12 16000 20579 12 16000 25000 8 16000 25000 1931
1787066702182313 9 0 7 2 2 12 3 0 1 0 0 3 74 2 2 0 753 680 677 0 677 0 0 4 26461570 5192235 0 5094402 291905 419797 2936634425 2961131 15279723 7834895768 7834895768 0 303487236 1794805087 63.217913 263 3071 4107808 4673340 447 550 80 144000 225000 24 32000 38423 12 16000 25000 8 16000 25000 1931
1787066704383235 9 0 8 1 2 12 3 0 1 0 0 3 74 1 1 0 753 680 678 0 678 0 0 4 26464954 5192531 0 5094592 291980 419818 2938831469 2961197 15283014 7844890806 7844890806 0 303487236 1794805087 63.210564 263 3071 4107808 4673340 447 541 80 144000 225000 12 16000 19782 12 16000 25000 8 16000 25000 1935
1787066706328976 9 0 8 1 2 12 3 0 1 0 0 3 73 1 1 0 753 681 679 0 679 0 0 4 26477872 5192853 0 5094787 292161 419840 2940763582 2961346 15286433 7854049553 7854049553 0 304128645 1794805087 63.203453 263 3071 4107808 4676999 802 568 80 144000 225000 12 16000 20584 12 16000 25000 8 16000 25000 1939
1787066711353904 9 0 7 2 2 12 3 0 1 0 0 3 72 2 2 0 753 682 679 0 679 0 0 4 26497341 5192861 0 5094787 292248 419864 2945768671 2961521 15294236 7854049553 7854049553 0 304770054 1794805087 63.183911 263 3071 4107808 4672402 860 583 80 144000 225000 24 32000 38425 12 16000 25000 8 16000 25000 1940
1787066714416393 9 0 8 1 2 12 3 0 1 0 0 3 72 1 1 0 753 682 680 0 680 0 0 4 26501842 5193167 0 5094986 292332 419891 2948826144 2961585 15298565 7864070770 7864070770 0 304770054 1794805087 63.174328 263 3071 4107808 4672402 860 611 80 144000 225000 12 16000 19787 12 16000 25000 8 16000 25000 1943
1787066715081463 9 0 8 1 2 12 3 0 1 0 0 3 71 1 1 0 753 683 681 0 681 0 0 4 26515634 5193438 0 5095169 292459 419908 2949476810 2961754 15301659 7872809627 7872809627 0 305411463 1794805087 63.165601 263 3071 4107808 4676061 863 636 80 144000 225000 12 16000 20589 12 16000 25000 8 16000 25000 1947
1787066720105436 9 0 7 2 2 12 3 0 1 0 0 3 70 2 2 0 753 684 681 0 681 0 0 4 26534248 5193444 0 5095169 292548 419930 2954481872 2961866 15309008 7872809627 7872809627 0 306052872 1794805087 63.147810 263 3071 4107808 4671464 659 638 80 144000 225000 24 32000 38428 12 16000 25000 8 16000 25000 1948
1787066723963534 9 0 8 1 2 12 3 0 1 0 0 3 70 1 1 0 753 684 682 0 682 0 0 4 26538253 5193757 0 5095364 292637 419962 2958335406 2961940 15312688 7881679262 7881679262 0 306052872 1794805087 63.139217 263 3071 4107808 4671464 659 641 80 144000 225000 12 16000 20593 12 16000 25000 8 16000 25000 1952
1787066724379746 9 0 8 1 2 12 3 0 1 0 0 3 69 1 1 0 753 685 683 0 683 0 0 4 26551410 5194038 0 5095557 292760 419979 2958737824 2962128 15315782 7891629261 7891629261 0 306694281 1794805087 63.131759 263 3071 4107808 4670828 731 651 80 144000 225000 12 16000 19795 12 16000 25000 8 16000 25000 1956
1787066729402259 9 0 7 2 2 12 3 0 1 0 0 3 68 2 2 0 753 686 683 0 683 0 0 4 26568541 5194043 0 5095557 292845 420000 2963742892 2962269 15322908 7891629261 7891629261 0 307335690 1794805087 63.116958 262 3059 4092189 4652772 764 657 80 144000 225000 24 32000 38429 12 16000 25000 8 16000 25000 1956
1787066733651268 9 0 8 1 2 12 3 0 1 0 0 3 68 1 1 0 753 686 684 0 684 0 0 4 26573842 5194354 0 5095756 292925 420027 2967986083 2962333 15328005 7901304425 7901304425 0 307335690 1794805087 63.105808 262 3059 4092189 4652772 764 669 80 144000 225000 12 16000 20598 12 16000 25000 8 16000 25000 1960
1787066734366801 9 0 8 1 2 12 3 0 1 0 0 3 67 1 1 0 753 687 685 0 685 0 0 4 26586588 5194812 0 5096109 293078 420046 2968688049 2962492 15331019 7911278908 7911278908 0 307977101 1794805087 63.098837 262 3059 4092189 4652138 793 682 80 144000 225000 12 16000 19800 12 16000 25000 8 16000 25000 1964
1787066739391178 9 0 7 2 2 12 3 0 1 0 0 3 66 2 2 0 753 688 685 0 685 0 0 4 26605183 5194818 0 5096109 293300 420068 2973693350 2962673 15339785 7911278908 7911278908 0 308618512 1794805087 63.081164 262 3059 4092189 4651837 814 689 80 144000 225000 24 32000 38424 12 16000 25000 8 16000 25000 1965
1787066743403981 9 0 8 1 2 12 3 0 1 0 0 3 66 1 1 0 753 688 686 0 686 0 0 4 26612162 5195105 0 5096289 293493 420098 2977698559 2962736 15346527 7921017803 7921017803 0 308618512 1794805087 63.066753 262 3059 4092189 4651837 814 702 80 144000 225000 12 16000 20596 12 16000 25000 8 16000 25000 1968
1787066745508368 9 0 8 1 2 12 3 0 1 0 0 3 65 1 1 0 753 689 687 0 687 0 0 4 26628379 5195391 0 5096481 294059 420126 2979785633 2962921 15353121 7932147263 7932147263 0 309259923 1794805087 63.053270 262 3059 4092189 4651204 722 704 80 144000 225000 12 16000 19798 12 16000 25000 8 16000 25000 1972
1787066750530141 9 0 7 2 2 12 3 0 1 0 0 3 64 2 2 0 753 690 687 0 687 0 0 4 26644733 5195394 0 5096481 294148 420144 2984790686 2963109 15359762 7932147263 7932147263 0 309901334 1794805087 63.040090 264 3082 4123427 4686406 946 717 80 144000 225000 24 32000 38426 12 16000 25000 8 16000 25000 1973
1787066753177435 9 0 8 1 2 12 3 0 1 0 0 3 64 1 1 0 753 690 688 0 688 0 0 4 26647736 5195704 0 5096679 294230 420166 2987434468 2963169 15362636 7941908942 7941908942 0 309901334 1794805087 63.033531 264 3082 4123427 4686406 946 740 80 144000 225000 12 16000 20609 12 16000 25000 8 16000 25000 1977
1787066755506579 9 0 8 1 2 12 3 0 1 0 0 3 63 1 1 0 753 691 689 0 689 0 0 4 26662511 5196016 0 5096871 294423 420195 2989748072 2963355 15367352 7951894857 7951894857 0 310542745 1794805087 63.022881 264 3082 4123427 4685772 855 752 80 144000 225000 12 16000 19809 12 16000 25000 8 16000 25000 1981
1787066760529145 9 0 7 2 2 12 3 0 1 0 0 3 62 2 2 0 753 692 689 0 689 0 0 4 26679590 5196023 0 5096871 294509 420217 2994753165 2963563 15373993 7951894857 7951894857 0 311183963 1794805087 63.008284 264 3082 4123427 4689461 838 757 80 144000 225000 24 32000 38435 12 16000 25000 8 16000 25000 1981
1787066762246520 9 0 7 2 2 12 3 0 1 0 0 3 61 2 2 0 753 693 690 0 690 0 0 4 26682069 5196322 0 5097072 294592 420232 2996467562 2963631 15375915 7960951059 7960951059 0 311183963 1794805087 63.002793 264 3082 4123427 4689461 838 766 80 144000 225000 16 24000 29986 12 16000 25000 8 16000 25000 2047
1787066762520514 9 0 7 2 2 12 3 0 1 0 0 3 60 2 2 0 753 694 691 0 691 0 0 4 26709092 5333603 0 5234218 295001 420285 2996576570 2963807 15392512 7961029400 7961029400 0 311825181 1860147314 64.643576 264 3082 4123427 4684830 724 762 80 144000 225000 24 32000 38498 12 16000 25000 8 16000 25000 2048
1787066765473270 9 0 8 1 2 12 3 0 1 0 0 3 60 1 1 0 753 694 692 0 692 0 0 4 26713042 5333904 0 5234408 295086 420312 2999524777 2963957 15396269 7970983267 7970983267 0 311825181 1860147314 64.635001 249 2867 3848489 4374821 1 688 80 144000 225000 12 16000 19876 12 16000 25000 8 16000 25000 2051
1787066770494857 9 0 7 2 2 12 3 0 1 0 0 3 59 2 2 0 753 695 692 0 692 0 0 4 26729173 5333909 0 5234408 295176 420329 3004529845 2964165 15402490 7970983267 7970983267 0 312466399 1860147314 64.621545 250 2878 3863944 4392104 801 694 80 144000 225000 24 32000 38499 12 16000 25000 8 16000 25000 2052
1787066770975963 9 0 8 1 2 12 3 0 1 0 0 3 59 1 1 0 753 695 693 0 693 0 0 4 26730106 5334214 0 5234614 295251 420344 3005009523 2964232 15403401 7979700234 7979700234 0 312466399 1860147314 64.619050 250 2878 3863944 4392104 801 706 80 144000 225000 12 16000 20682 12 16000 25000 8 16000 25000 2056
1787066775412826 9 0 7 2 2 12 3 0 1 0 0 3 58 2 2 0 753 696 693 0 693 0 0 4 26746239 5334218 0 5234614 295392 420363 3009429905 2964377 15409441 7979700234 7979700234 0 313107617 1860147314 64.605607 249 2867 3848489 4373948 719 707 80 144000 225000 24 32000 38505 12 16000 25000 8 16000 25000 2060
1787066775413399 9 0 8 1 2 12 3 0 1 0 0 3 58 1 1 0 753 696 694 0 694 0 0 4 26746239 5334529 0 5234827 295416 420376 3009430033 2964441 15409441 7989627980 7989627980 0 313107617 1860147314 64.604981 249 2867 3848489 4373948 719 709 80 144000 225000 12 16000 19881 12 16000 25000 8 16000 25000 2060
1787066779722414 9 0 8 1 2 12 3 0 1 0 0 3 57 1 1 0 753 697 695 0 695 0 0 4 26762966 5334857 0 5235029 295575 420411 3013721626 2964589 15415389 7998362234 7998362234 0 313748835 1860147314 64.589705 249 2867 3848489 4373663 827 721 80 144000 225000 12 16000 20687 12 16000 25000 8 16000 25000 2064
1787066784743618 9 0 7 2 2 12 3 0 1 0 0 3 56 2 2 0 753 698 695 0 695 0 0 4 26778732 5334861 0 5235029 295660 420426 3018726689 2964792 15421304 7998362234 7998362234 0 314390053 1860147314 64.577029 249 2867 3848489 4373076 737 722 80 144000 225000 24 32000 38503 12 16000 25000 8 16000 25000 2064
1787066785940553 9 0 8 1 2 12 3 0 1 0 0 3 56 1 1 0 753 698 696 0 696 0 0 4 26780570 5335205 0 5235258 295754 420447 3019921229 2964853 15423043 8008876448 8008876448 0 314390053 1860147314 64.572642 249 2867 3848489 4373076 737 724 80 144000 225000 12 16000 19887 12 16000 25000 8 16000 25000 2068
1787066789167426 9 0 8 1 2 12 3 0 1 0 0 3 55 1 1 0 753 699 697 0 697 0 0 4 26795736 5335558 0 5235480 295934 420481 3023132160 2965026 15428152 8018307774 8018307774 0 315031271 1860147314 64.560486 268 3129 4185903 4757465 834 736 80 144000 225000 12 16000 20692 12 16000 25000 8 16000 25000 2072
1787066794188990 9 0 7 2 2 12 3 0 1 0 0 3 54 2 2 0 753 700 697 0 697 0 0 4 26811737 5335567 0 5235480 296032 420509 3028137265 2965278 15434099 8018307774 8018307774 0 315672489 1860147314 64.547356 268 3129 4185903 4752769 710 735 80 144000 225000 24 32000 38505 12 16000 25000 8 16000 25000 2073
1787066795760631 9 0 8 1 2 12 3 0 1 0 0 3 54 1 1 0 753 700 698 0 698 0 0 4 26813515 5335910 0 5235703 296120 420545 3029706540 2965347 15435788 8028115224 8028115224 0 315672489 1860147314 64.543097 268 3129 4185903 4752769 710 733 80 144000 225000 12 16000 19893 12 16000 25000 8 16000 25000 2076
1787066798207712 9 0 8 1 2 12 3 0 1 0 0 3 53 1 1 0 753 701 699 0 699 0 0 4 26827540 5336263 0 5235940 296298 420572 3032138766 2965573 15439099 8037144301 8037144301 0 316313707 1860147314 64.533257 268 3129 4185903 4756514 801 741 80 144000 225000 12 16000 20696 12 16000 25000 8 16000 25000 2080
1787066803238931 9 0 7 2 2 12 3 0 1 0 0 3 52 2 2 0 753 702 699 0 699 0 0 4 26852792 5336267 0 5235940 296386 420594 3037143851 2965830 15444655 8037144301 8037144301 0 316954925 1860147314 64.501621 264 3082 4123427 4680894 839 746 80 144000 225000 24 32000 38507 12 16000 25000 8 16000 25000 2081
1787066805736659 9 0 8 1 2 12 3 0 1 0 0 3 52 1 1 0 753 702 700 0 700 0 0 4 26855241 5336618 0 5236171 296470 420613 3039638572 2965895 15447008 8047106835 8047106835 0 316954925 1860147314 64.496011 264 3082 4123427 4680894 839 756 80 144000 225000 12 16000 19898 12 16000 25000 8 16000 25000 2085
1787066807266744 9 0 8 1 2 12 3 0 1 0 0 3 51 1 1 0 753 703 701 0 701 0 0 4 26868883 5336931 0 5236379 296627 420639 3041154304 2966081 15450769 8056144204 8056144204 0 317596145 1860147314 64.487052 255 2977 3982856 4524878 762 758 80 144000 225000 12 16000 20701 12 16000 25000 8 16000 25000 2089
1787066812287573 9 0 7 2 2 12 3 0 1 0 0 3 50 2 2 0 753 704 701 0 701 0 0 4 26884253 5336936 0 5236379 296725 420655 3046159384 2966269 15455939 8056144204 8056144204 0 318237365 1860147314 64.475259 228 2662 3561142 4041777 426 742 80 144000 225000 24 32000 38509 12 16000 25000 8 16000 25000 2089
1787066815695195 9 0 8 1 2 12 3 0 1 0 0 3 50 1 1 0 753 704 702 0 702 0 0 4 26887330 5337261 0 5236594 296813 420678 3049563402 2966326 15458916 8066090040 8066090040 0 318237365 1860147314 64.468453 228 2662 3561142 4041777 426 712 80 144000 225000 12 16000 19903 12 16000 25000 8 16000 25000 2093
1787066817676599 9 0 8 1 2 12 3 0 1 0 0 3 49 1 1 0 753 705 703 0 703 0 0 4 26900806 5337573 0 5236804 296965 420700 3051530644 2966495 15462539 8076487720 8076487720 0 318878585 1860147314 64.459849 227 2650 3545523 4027223 806 722 80 144000 225000 12 16000 20708 12 16000 25000 8 16000 25000 2097
1787066822697428 9 0 7 2 2 12 3 0 1 0 0 3 48 2 2 0 753 706 703 0 703 0 0 4 26916193 5337577 0 5236804 297056 420718 3056535733 2966660 15467557 8076487720 8076487720 0 319519192 1860147314 64.448031 228 2662 3561142 4044430 881 730 80 144000 225000 24 32000 38511 12 16000 25000 8 16000 25000 2098
1787066825416877 9 0 7 2 2 12 3 0 1 0 0 3 47 2 2 0 753 707 704 0 704 0 0 4 26919107 5338022 0 5237147 297146 420738 3059251612 2966722 15469860 8086196353 8086196353 0 319519192 1860147314 64.441320 228 2662 3561142 4044430 881 746 80 144000 225000 16 24000 29247 12 16000 25000 8 16000 25000 2155
1787066825950741 9 0 7 2 2 12 3 0 1 0 0 3 46 2 2 0 753 708 705 0 705 0 0 4 26940862 5751308 0 5650299 297527 420787 3059349777 2966907 15480679 8086266883 8086266883 0 320158833 1916777245 65.254417 199 2324 3108190 3529766 764 748 80 144000 225000 24 32000 38566 12 16000 25000 8 16000 25000 2156
1787066827092690 9 0 7 2 2 12 3 0 1 0 0 3 45 2 2 0 753 709 706 0 706 0 0 4 26943958 5751615 0 5650521 297586 420808 3060488063 2967055 15483497 8095668945 8095668945 0 320158833 1916777245 65.247625 187 2153 2890231 3283997 1 676 80 144000 225000 16 24000 30006 12 16000 25000 8 16000 25000 2164
1787066827173473 9 0 7 2 2 12 3 0 1 0 0 3 44 2 2 0 753 710 707 0 707 0 0 4 26955654 5768088 0 5666875 297730 420823 3060540330 2967215 15485462 8095728029 8095728029 0 320798474 1921133393 65.337052 191 2199 2952054 3353805 687 678 80 144000 225000 24 32000 38571 12 16000 25000 8 16000 25000 2164
1787066836059834 9 0 7 2 2 12 3 0 1 0 0 3 44 3 2 1 753 710 707 0 707 0 0 4 26962328 5768100 0 5666875 297734 420861 3069419586 2967463 15491784 8106358817 8095728029 0 320798474 1921133393 65.323706 191 2168 2920870 3320006 3 645 80 144000 225000 24 32000 38576 12 16000 25000 8 16000 25000 2168
1787066836060211 9 0 8 1 2 12 3 0 1 0 0 3 44 1 1 0 753 710 708 0 708 0 0 4 26962328 5768436 0 5667094 297850 420873 3069419586 2967463 15491784 8106358817 8106358817 0 320798474 1921133393 65.323035 191 2168 2920870 3320006 3 583 80 144000 225000 12 16000 19971 12 16000 25000 8 16000 25000 2168
1787066836688091 9 0 7 2 2 12 3 0 1 0 0 3 42 2 2 0 753 712 709 0 709 0 0 4 26978584 5768717 0 5667288 297989 420890 3070030590 2967624 15494427 8115942339 8115942339 0 321440743 1921133393 65.308752 221 2508 3379645 3844602 874 612 80 144000 225000 16 24000 30049 12 16000 25000 8 16000 25000 2180
1787066836981813 9 0 7 2 2 12 3 0 1 0 0 3 41 2 2 0 753 713 710 0 710 0 0 4 26991626 5853737 0 5752163 298143 420909 3070225874 2967800 15496358 8116141025 8116141025 0 322083012 1929845690 65.385381 222 2520 3394938 3861519 829 634 80 144000 225000 24 32000 38582 12 16000 25000 8 16000 25000 2181
1787066845636304 9 0 7 2 2 12 3 0 1 0 0 3 41 3 2 1 753 713 710 0 710 0 0 4 26997982 5853745 0 5752163 298152 420944 3078873612 2968010 15502430 8125077053 8116141025 0 322083012 1929845690 65.372714 229 2562 3464598 3942946 3 603 80 144000 225000 24 32000 38587 12 16000 25000 8 16000 25000 2185
1787066845636698 9 0 8 1 2 12 3 0 1 0 0 3 41 1 1 0 753 713 711 0 711 0 0 4 26997982 5854065 0 5752380 298286 420983 3078873612 2968010 15502430 8125077053 8125077053 0 322083012 1929845690 65.372078 229 2562 3464598 3942946 3 545 80 144000 225000 12 16000 20788 12 16000 25000 8 16000 25000 2184
1787066847607290 9 0 8 1 2 12 3 0 1 0 0 3 40 1 1 0 753 714 712 0 712 0 0 4 27015387 5854365 0 5752584 298430 421001 3080826094 2968228 15504390 8136609244 8136609244 0 322725281 1929845690 65.355500 226 2528 3419210 3890818 732 564 80 144000 225000 12 16000 19986 12 16000 25000 8 16000 25000 2188
1787066852627883 9 0 7 2 2 12 3 0 1 0 0 3 39 2 2 0 753 715 712 0 712 0 0 4 27030562 5854369 0 5752584 298523 421021 3085831175 2968392 15509333 8136609244 8136609244 0 323367550 1929845690 65.343959 214 2394 3237659 3683954 792 576 80 144000 225000 24 32000 38584 12 16000 25000 8 16000 25000 2189
1787066854381766 9 0 8 1 2 12 3 0 1 0 0 3 39 1 1 0 753 715 713 0 713 0 0 4 27031813 5854702 0 5752813 298601 421037 3087583282 2968454 15510556 8145336813 8145336813 0 323367550 1929845690 65.340812 214 2394 3237659 3683954 792 598 80 144000 225000 12 16000 20793 12 16000 25000 8 16000 25000 2193
1787066857785763 9 0 8 1 2 12 3 0 1 0 0 3 38 1 1 0 753 716 714 0 714 0 0 4 27046295 5855034 0 5753042 298776 421066 3090972075 2968598 15514732 8155503014 8155503014 0 324009819 1929845690 65.330009 212 2371 3207400 3649080 510 590 80 144000 225000 12 16000 19992 12 16000 25000 8 16000 25000 2197
1787066862809065 9 0 7 2 2 12 3 0 1 0 0 3 37 2 2 0 753 717 714 0 714 0 0 4 27063215 5855045 0 5753042 299189 421105 3095977738 2968781 15521311 8155503014 8155503014 0 324652088 1929845690 65.315014 218 2439 3298176 3755485 852 604 80 144000 225000 24 32000 38578 12 16000 25000 8 16000 25000 2197
1787066863117950 9 0 8 1 2 12 3 0 1 0 0 3 37 1 1 0 753 717 715 0 715 0 0 4 27063215 5855366 0 5753249 299254 421118 3096286123 2968845 15521311 8164227468 8164227468 0 324652088 1929845690 65.314378 218 2439 3298176 3755485 852 629 80 144000 225000 12 16000 20790 12 16000 25000 8 16000 25000 2201
1787066868113494 9 0 7 2 2 12 3 0 1 0 0 3 36 2 2 0 753 718 715 0 715 0 0 4 27079498 5855371 0 5753249 299885 421148 3101264533 2968990 15526404 8164227468 8164227468 0 325294357 1929845690 65.300674 219 2450 3313305 3772267 766 636 80 144000 225000 24 32000 38577 12 16000 25000 8 16000 25000 2206
1787066868114395 9 0 8 1 2 12 3 0 1 0 0 3 36 1 1 0 753 718 716 0 716 0 0 4 27079498 5855674 0 5753453 299909 421161 3101264986 2969065 15526404 8174543313 8174543313 0 325294357 1929845690 65.300073 219 2450 3313305 3772267 766 650 80 144000 225000 12 16000 19990 12 16000 25000 8 16000 25000 2205
1787066872775196 9 0 8 1 2 12 3 0 1 0 0 3 35 1 1 0 753 719 717 0 717 0 0 4 27093840 5855965 0 5753636 300083 421190 3105910785 2969199 15530753 8184187311 8184187311 0 325936626 1929845690 65.289663 254 2841 3842829 4374798 830 668 80 144000 225000 12 16000 20803 12 16000 25000 8 16000 25000 2209
1787066877795428 9 0 7 2 2 12 3 0 1 0 0 3 34 2 2 0 753 720 717 0 717 0 0 4 27108654 5855968 0 5753636 300179 421206 3110915839 2969383 15534500 8184187311 8184187311 0 326578895 1929845690 65.278897 255 2852 3857958 4391502 746 672 80 144000 225000 24 32000 38587 12 16000 25000 8 16000 25000 2210
1787066877929732 9 0 8 1 2 12 3 0 1 0 0 3 34 1 1 0 753 720 718 0 718 0 0 4 27109184 5856254 0 5753828 300237 421220 3111049156 2969445 15535016 8193990782 8193990782 0 326578895 1929845690 65.277281 255 2852 3857958 4391502 746 680 80 144000 225000 12 16000 20001 12 16000 25000 8 16000 25000 2213
1787066882557732 9 0 7 2 2 12 3 0 1 0 0 3 33 2 2 0 753 721 718 0 718 0 0 4 27123117 5856257 0 5753828 300381 421245 3115662853 2969606 15539066 8193990782 8193990782 0 327221164 1929845690 65.268270 255 2852 3857958 4391159 848 689 80 144000 225000 24 32000 38593 12 16000 25000 8 16000 25000 2218
1787066882560014 9 0 8 1 2 12 3 0 1 0 0 3 33 1 1 0 753 721 719 0 719 0 0 4 27123117 5856538 0 5754014 300405 421257 3115664726 2969668 15539066 8203760792 8203760792 0 327221164 1929845690 65.267714 255 2852 3857958 4391159 848 705 80 144000 225000 12 16000 20808 12 16000 25000 8 16000 25000 2218
1787066887584884 9 0 7 2 2 12 3 0 1 0 0 3 32 2 2 0 753 722 719 0 719 0 0 4 27143063 5856544 0 5754014 300491 421276 3120669356 2969790 15543102 8203760792 8203760792 0 327863435 1929845690 65.246814 255 2852 3857958 4390640 676 704 80 144000 225000 24 32000 38589 12 16000 25000 8 16000 25000 2218
1787066888175593 9 0 8 1 2 12 3 0 1 0 0 3 32 1 1 0 753 722 720 0 720 0 0 4 27143582 5856904 0 5754245 300563 421293 3121259000 2969854 15543607 8213994793 8213994793 0 327863435 1929845690 65.245076 255 2852 3857958 4390640 676 702 80 144000 225000 12 16000 20006 12 16000 25000 8 16000 25000 2222
1787066891893161 9 0 8 1 2 12 3 0 1 0 0 3 31 1 1 0 753 723 721 0 721 0 0 4 27158565 5857220 0 5754450 300747 421317 3124960855 2970028 15546554 8223310879 8223310879 0 328505706 1929845690 65.233394 255 2852 3857958 4390300 890 721 80 144000 225000 12 16000 20814 12 16000 25000 8 16000 25000 2226
1787066896911818 9 0 7 2 2 12 3 0 1 0 0 3 30 2 2 0 753 724 721 0 721 0 0 4 27172280 5857225 0 5754450 300836 421343 3129965351 2970285 15550349 8223310879 8223310879 0 329147977 1929845690 65.224842 255 2852 3857958 4389781 556 713 80 144000 225000 24 32000 38592 12 16000 25000 8 16000 25000 2226
1787066899033018 9 0 8 1 2 12 3 0 1 0 0 3 30 1 1 0 753 724 722 0 722 0 0 4 27173268 5857550 0 5754667 300934 421362 3132085017 2970350 15551298 8234154717 8234154717 0 329147977 1929845690 65.222249 255 2852 3857958 4389781 556 699 80 144000 225000 12 16000 20011 12 16000 25000 8 16000 25000 2230
1787066900695302 9 0 8 1 2 12 3 0 1 0 0 3 29 1 1 0 753 725 723 0 723 0 0 4 27187958 5857889 0 5754884 301106 421387 3133731890 2970507 15553611 8242945050 8242945050 0 329790248 1929845690 65.211122 255 2852 3857958 4389442 819 711 80 144000 225000 12 16000 20819 12 16000 25000 8 16000 25000 2234
1787066905713983 9 0 7 2 2 12 3 0 1 0 0 3 28 2 2 0 753 726 723 0 723 0 0 4 27201232 5857894 0 5754884 301194 421419 3138736928 2970689 15557061 8242945050 8242945050 0 330432519 1929845690 65.203456 255 2852 3857958 4388923 774 715 80 144000 225000 24 32000 38595 12 16000 25000 8 16000 25000 2235
1787066908883803 9 0 8 1 2 12 3 0 1 0 0 3 28 1 1 0 753 726 724 0 724 0 0 4 27203003 5858192 0 5755076 301269 421458 3141904468 2970752 15558758 8252781568 8252781568 0 330432519 1929845690 65.199376 255 2852 3857958 4388923 774 721 80 144000 225000 12 16000 20017 12 16000 25000 8 16000 25000 2238
1787066910246946 9 0 8 1 2 12 3 0 1 0 0 3 27 1 1 0 753 727 725 0 725 0 0 4 27214719 5858473 0 5755259 301428 421480 3143255231 2970920 15560817 8262319543 8262319543 0 331074790 1929845690 65.194245 321 3643 4926368 5607545 707 721 80 144000 225000 12 16000 20824 12 16000 25000 8 16000 25000 2242
1787066915274561 9 0 7 2 2 12 3 0 1 0 0 3 26 2 2 0 753 728 725 0 725 0 0 4 27236883 5858475 0 5755259 301521 421503 3148260305 2971096 15564015 8262319543 8262319543 0 331717061 1929845690 65.169088 320 3632 4911021 5584384 717 721 80 144000 225000 24 32000 38597 12 16000 25000 8 16000 25000 2243
1787066918861784 9 0 8 1 2 12 3 0 1 0 0 3 26 1 1 0 753 728 726 0 726 0 0 4 27238629 5858809 0 5755477 301609 421532 3151845233 2971161 15565660 8272285047 8272285047 0 331717061 1929845690 65.164993 320 3632 4911021 5584384 717 721 80 144000 225000 12 16000 20022 12 16000 25000 8 16000 25000 2247
1787066919358795 9 0 8 1 2 12 3 0 1 0 0 3 25 1 1 0 753 729 727 0 727 0 0 4 27250222 5859085 0 5755667 301740 421550 3152330025 2971332 15567174 8281376385 8281376385 0 332359332 1929845690 65.160132 322 3654 4941715 5624092 822 732 80 144000 225000 12 16000 20829 12 16000 25000 8 16000 25000 2251
1787066924376667 9 0 7 2 2 12 3 0 1 0 0 3 24 2 2 0 753 730 727 0 727 0 0 4 27262668 5859090 0 5755667 301831 421565 3157335087 2971524 15570055 8281376385 8281376385 0 333001603 1929845690 65.154131 320 3632 4911021 5583468 451 718 80 144000 225000 24 32000 38599 12 16000 25000 8 16000 25000 2251
1787066927983931 9 0 8 1 2 12 3 0 1 0 0 3 24 1 1 0 753 730 728 0 728 0 0 4 27264211 5859406 0 5755875 301928 421597 3160940269 2971583 15571527 8289989991 8289989991 0 333001603 1929845690 65.150474 320 3632 4911021 5583468 451 693 80 144000 225000 12 16000 20833 12 16000 25000 8 16000 25000 2255
1787066929621187 9 0 8 1 2 12 3 0 1 0 0 3 23 1 1 0 753 731 729 0 729 0 0 4 27307166 5859705 0 5756074 302075 421620 3162533888 2971768 15573276 8300737497 8300737497 0 333643874 1929845690 65.083977 320 3632 4911021 5582983 772 701 80 144000 225000 12 16000 20029 12 16000 25000 8 16000 25000 2259
1787066934707173 9 0 7 2 2 12 3 0 1 0 0 3 22 2 2 0 753 732 729 0 729 0 0 4 27387633 5859719 0 5756074 302175 421656 3167538999 2971949 15576086 8300737497 8300737497 0 334286145 1929845690 64.944853 320 3632 4911021 5582557 930 713 80 144000 225000 24 32000 38601 12 16000 25000 8 16000 25000 2260
1787067012725736 9 0 7 2 2 12 3 0 1 0 0 3 22 3 2 1 753 732 729 0 729 0 0 4 27418822 5859832 0 5756074 303099 421999 3245523948 2972526 15604655 8385437026 8300737497 0 334286145 1929845690 64.883765 320 3632 4911021 5582557 930 724 80 144000 225000 24 32000 38592 12 16000 25000 8 16000 25000 2264
1787067012726096 9 0 8 1 2 12 3 0 1 0 0 3 22 1 1 0 753 732 730 0 730 0 0 4 27418822 5860140 0 5756280 303236 422012 3245523948 2972526 15604655 8385437026 8385437026 0 334286145 1929845690 64.883165 320 3632 4911021 5582557 930 745 80 144000 225000 12 16000 20831 12 16000 25000 8 16000 25000 2263
1787067017816970 9 0 7 2 2 12 3 0 1 0 0 3 21 2 2 0 753 733 730 0 730 0 0 4 27505010 5860151 0 5756280 303333 422049 3250528259 2972691 15607310 8385437026 8385437026 0 334928416 1929845690 64.733897 368 4176 5647674 6419383 2004 808 80 144000 225000 24 32000 38594 12 16000 25000 8 16000 25000 2264
1787067054867324 9 0 7 2 2 12 3 0 1 0 0 3 21 3 2 1 753 733 730 0 730 0 0 4 27518939 5860225 0 5756280 303379 422234 3287563841 2973009 15619719 8510604519 8385437026 0 334928416 1929845690 64.706740 368 4176 5647674 6419383 2004 868 80 144000 225000 24 32000 38599 12 16000 25000 8 16000 25000 2268
1787067054867700 9 0 8 1 2 12 3 0 1 0 0 3 21 1 1 0 753 733 731 0 731 0 0 4 27518939 5860555 0 5756509 303519 422247 3287563841 2973009 15619719 8510604519 8510604519 0 334928416 1929845690 64.706101 368 4176 5647674 6419383 2004 979 80 144000 225000 12 16000 20033 12 16000 25000 8 16000 25000 2267
1787067059985950 9 0 7 2 2 12 3 0 1 0 0 3 20 2 2 0 753 734 731 0 731 0 0 4 27632739 5860563 0 5756509 303609 422276 3292567931 2973169 15622181 8510604519 8510604519 0 335570687 1929845690 64.504521 431 4891 6614531 7524812 1591 1010 80 144000 225000 24 32000 38602 12 16000 25000 8 16000 25000 2268
1787067103305322 9 0 7 2 2 12 3 0 1 0 0 3 20 3 2 1 753 734 731 0 731 0 0 4 27648238 5860621 0 5756509 304044 422449 3335870665 2973511 15636499 8601096896 8510604519 0 335570687 1929845690 64.474574 431 4891 6614531 7524812 1591 1040 80 144000 225000 24 32000 38600 12 16000 25000 8 16000 25000 2272
1787067103305803 9 0 8 1 2 12 3 0 1 0 0 3 20 1 1 0 753 734 732 0 732 0 0 4 27648238 5861058 0 5756857 304107 422462 3335870665 2973511 15636499 8601096896 8601096896 0 335570687 1929845690 64.473733 431 4891 6614531 7524812 1591 1095 80 144000 225000 12 16000 20836 12 16000 25000 8 16000 25000 2272
1787067108328557 9 0 7 2 2 12 3 0 1 0 0 3 19 2 2 0 753 735 732 0 732 0 0 4 27664715 5861067 0 5756857 304815 422496 3340875951 2973674 15639391 8601096896 8601096896 0 336212958 1929845690 64.460299 462 5243 7090286 8057787 1041 1093 80 144000 225000 24 32000 38589 12 16000 25000 8 16000 25000 2272
1787067168555038 9 0 7 2 2 12 3 0 1 0 0 3 19 3 2 1 753 735 732 0 732 0 0 4 27683356 5861139 0 5756857 304870 422704 3401082589 2974154 15656625 8714671638 8601096896 0 336212958 1929845690 64.424339 462 5243 7090286 8057787 1041 1091 80 144000 225000 24 32000 38594 12 16000 25000 8 16000 25000 2276
1787067168555419 9 0 8 1 2 12 3 0 1 0 0 3 19 1 1 0 753 735 733 0 733 0 0 4 27683356 5861474 0 5757092 305013 422716 3401082589 2974154 15656625 8714671638 8714671638 0 336212958 1929845690 64.423696 462 5243 7090286 8057787 1041 1087 80 144000 225000 12 16000 20031 12 16000 25000 8 16000 25000 2276
1787067173810532 9 0 7 2 2 12 3 0 1 0 0 3 18 2 2 0 753 736 733 0 733 0 0 4 27932954 5861479 0 5757092 305109 422737 3406087759 2974306 15658751 8714671638 8714671638 0 336855229 1929845690 63.965993 498 5651 7642776 8693129 1009 1084 80 144000 225000 24 32000 38598 12 16000 25000 8 16000 25000 2276
1787067174831689 9 0 8 1 2 12 3 0 1 0 0 3 18 1 1 0 753 736 734 0 734 0 0 4 27933519 5861808 0 5757314 305186 422756 3407107830 2974371 15659277 8786182446 8786182446 0 336855229 1929845690 63.964300 498 5651 7642776 8693129 1009 1078 80 144000 225000 12 16000 20849 12 16000 25000 8 16000 25000 2280
1787067179134310 9 0 7 2 2 12 3 0 1 0 0 3 17 2 2 0 753 737 734 0 734 0 0 4 28232490 5861818 0 5757314 305289 422787 3411111131 2974507 15661101 8786182446 8786182446 0 337497500 1929845690 63.421348 534 6060 8195266 9312018 4849 1267 80 144000 225000 24 32000 38607 12 16000 25000 8 16000 25000 2280
1787067184764646 9 0 7 2 2 12 3 0 1 0 0 3 17 3 2 1 753 737 734 0 734 0 0 4 28234309 5861829 0 5757314 305365 422815 3416739343 2974606 15662711 8795816970 8786182446 0 337497500 1929845690 63.417944 534 6060 8195266 9312018 4849 1447 80 144000 225000 24 32000 38612 12 16000 25000 8 16000 25000 2285
1787067184765018 9 0 8 1 2 12 3 0 1 0 0 3 17 1 1 0 753 737 735 0 735 0 0 4 28234309 5862158 0 5757542 305438 422827 3416739343 2974606 15662711 8795816970 8795816970 0 337497500 1929845690 63.417332 534 6060 8195266 9312018 4849 1780 80 144000 225000 12 16000 20853 12 16000 25000 8 16000 25000 2284
1787067189834868 9 0 7 2 2 12 3 0 1 0 0 3 16 2 2 0 753 738 735 0 735 0 0 4 28298697 5862161 0 5757542 305528 422852 3421744475 2974755 15664572 8795816970 8795816970 0 338139771 1929845690 63.315725 455 5163 6982858 7933701 33 1693 80 144000 225000 24 32000 38608 12 16000 25000 8 16000 25000 2285
1787067194141631 9 0 8 1 2 12 3 0 1 0 0 3 16 1 1 0 753 738 736 0 736 0 0 4 28299970 5862506 0 5757758 306178 422881 3426048805 2974854 15665741 8805127029 8805127029 0 338139771 1929845690 63.312726 455 5163 6982858 7933701 33 1532 80 144000 225000 12 16000 20857 12 16000 25000 8 16000 25000 2288
1787067199422786 9 0 7 2 2 12 3 0 1 0 0 3 15 2 2 0 753 739 736 0 736 0 0 4 28575458 5862515 0 5757758 306276 422903 3431054150 2974984 15667467 8805127029 8805127029 0 338782042 1929845690 62.824023 442 5016 6783347 7699108 141 1463 80 144000 225000 24 32000 38609 12 16000 25000 8 16000 25000 2289
1787067209070599 9 0 7 2 2 12 3 0 1 0 0 3 15 3 2 1 753 739 736 0 736 0 0 4 28577898 5862529 0 5757758 306355 422945 3440699175 2975119 15669669 8819778525 8805127029 0 338782042 1929845690 62.819546 442 5016 6783347 7699108 141 1397 80 144000 225000 24 32000 38614 12 16000 25000 8 16000 25000 2293
1787067209070966 9 0 8 1 2 12 3 0 1 0 0 3 15 1 1 0 753 739 737 0 737 0 0 4 28577898 5862841 0 5757968 306429 422957 3440699175 2975119 15669669 8819778525 8819778525 0 338782042 1929845690 62.818977 442 5016 6783347 7699108 141 1276 80 144000 225000 12 16000 20861 12 16000 25000 8 16000 25000 2292
1787067214301029 9 0 7 2 2 12 3 0 1 0 0 3 14 2 2 0 753 740 737 0 737 0 0 4 28801935 5862847 0 5757968 306525 422984 3445704868 2975261 15671299 8819778525 8819778525 0 339424313 1929845690 62.430640 392 4448 6016000 6827544 53 1215 80 144000 225000 24 32000 38610 12 16000 25000 8 16000 25000 2293
1787067219136111 9 0 8 1 2 12 3 0 1 0 0 3 14 1 1 0 753 740 738 0 738 0 0 4 28803014 5863175 0 5758183 306613 423016 3450538288 2975359 15672284 8829617082 8829617082 0 339424313 1929845690 62.428106 392 4448 6016000 6827544 53 1102 80 144000 225000 12 16000 20866 12 16000 25000 8 16000 25000 2296
1787067224273922 9 0 7 2 2 12 3 0 1 0 0 3 13 2 2 0 753 741 738 0 738 0 0 4 28934538 5863182 0 5758183 306989 423040 3455543986 2975488 15674272 8829617082 8829617082 0 340064057 1929845690 62.209669 357 4051 5478858 6211527 44 1050 80 144000 225000 24 32000 38603 12 16000 25000 8 16000 25000 2297
1787067228489389 9 0 8 1 2 12 3 0 1 0 0 3 13 1 1 0 753 741 739 0 739 0 0 4 28935942 5863496 0 5758392 307604 423076 3459756985 2975549 15675532 8838839472 8838839472 0 340064057 1929845690 62.206597 357 4051 5478858 6211527 44 953 80 144000 225000 12 16000 20863 12 16000 25000 8 16000 25000 2301
1787067233598513 9 0 7 2 2 12 3 0 1 0 0 3 12 2 2 0 753 742 739 0 739 0 0 4 29040061 5863505 0 5758392 307693 423104 3464761595 2975750 15676899 8838839472 8838839472 0 340703801 1929845690 62.038496 341 3870 5233307 5932576 71 909 80 144000 225000 24 32000 38604 12 16000 25000 8 16000 25000 2301
1787067237855652 9 0 8 1 2 12 3 0 1 0 0 3 12 1 1 0 753 742 740 0 740 0 0 4 29041096 5863837 0 5758586 307790 423143 3469017118 2975818 15677773 8848101529 8848101529 0 340703801 1929845690 62.036066 341 3870 5233307 5932576 71 829 80 144000 225000 12 16000 20867 12 16000 25000 8 16000 25000 2305
1787067242981092 9 0 7 2 2 12 3 0 1 0 0 3 11 2 2 0 753 743 740 0 740 0 0 4 29160379 5863847 0 5758586 307894 423174 3474022888 2975981 15679042 8848101529 8848101529 0 341343545 1929845690 61.842190 358 4121 5552654 6289887 90 793 80 144000 225000 24 32000 38605 12 16000 25000 8 16000 25000 2305
1787067247186826 9 0 8 1 2 12 3 0 1 0 0 3 11 1 1 0 753 743 741 0 741 0 0 4 29161191 5864263 0 5758885 307990 423196 3478227176 2976042 15679704 8857312998 8857312998 0 341343545 1929845690 61.840022 358 4121 5552654 6289887 90 725 80 144000 225000 12 16000 20871 12 16000 25000 8 16000 25000 2309
1787067247342657 9 0 8 1 2 12 3 0 1 0 0 3 10 1 1 0 753 744 742 0 742 0 0 4 29162019 5993131 0 5887614 308048 423228 3478253018 2976210 15680319 8857338228 8857338228 0 341343545 1942914134 61.966394 343 3948 5320000 6020133 78 663 80 144000 225000 12 16000 20871 12 16000 25000 8 16000 25000 2309
1787067252411275 9 0 7 2 2 12 3 0 1 0 0 3 9 2 2 0 753 745 742 0 742 0 0 4 29226002 5993139 0 5887614 308147 423252 3483257313 2976353 15681385 8857338228 8857338228 0 341983788 1942914134 61.871142 325 3688 4970066 5625243 1 630 80 144000 225000 24 32000 38607 12 16000 25000 8 16000 25000 2310
1787067256719935 9 0 7 2 2 12 3 0 1 0 0 3 8 2 2 0 753 746 743 0 743 0 0 4 29227521 5993429 0 5887803 308244 423279 3487563940 2976417 15682115 8945252979 8945252979 0 341983788 1942914134 61.867964 325 3688 4970066 5625243 1 570 80 144000 225000 16 24000 29435 12 16000 25000 8 16000 25000 2434
1787067257429905 9 0 7 2 2 12 3 0 1 0 0 3 7 2 2 0 753 747 744 0 744 0 0 4 29339692 6436802 0 6331041 308654 423308 3487717738 2976577 15682556 8945408290 8945408290 0 342624031 2069242438 64.291797 325 3688 4970066 5624870 353 550 80 144000 225000 24 32000 38736 12 16000 25000 8 16000 25000 2434
1787067257430507 9 0 8 1 2 12 3 0 1 0 0 3 7 1 1 0 753 747 745 0 745 0 0 4 29339692 6437160 0 6331316 308704 423319 3487717749 2976721 15682556 8955061970 8955061970 0 342624031 2069242438 64.291154 272 3042 4115155 4660127 1 497 80 144000 225000 12 16000 21004 12 16000 25000 8 16000 25000 2438
1787067262539223 9 0 7 2 2 12 3 0 1 0 0 3 6 2 2 0 753 748 745 0 745 0 0 4 29442694 6437165 0 6331316 308796 423341 3492723141 2976844 15683343 8955061970 8955061970 0 343264274 2069242438 64.123599 242 2707 3661278 4141775 23 474 80 144000 225000 24 32000 38737 12 16000 25000 8 16000 25000 2438
1787067267279221 9 0 8 1 2 12 3 0 1 0 0 3 6 1 1 0 753 748 746 0 746 0 0 4 29443228 6437499 0 6331529 308904 423371 3497461996 2976940 15683838 8964804467 8964804467 0 343264274 2069242438 64.122048 242 2707 3661278 4141775 23 431 80 144000 225000 12 16000 21008 12 16000 25000 8 16000 25000 2442
1787067272326738 9 0 7 2 2 12 3 0 1 0 0 3 5 2 2 0 753 749 746 0 746 0 0 4 29486134 6437507 0 6331529 309001 423395 3502466222 2977113 15684528 8964804467 8964804467 0 343904517 2069242438 64.062445 237 2651 3585632 4055795 93 415 80 144000 225000 24 32000 38738 12 16000 25000 8 16000 25000 2442
1787067278406880 9 0 7 2 2 12 3 0 1 0 0 3 5 3 2 1 753 749 746 0 746 0 0 4 29486898 6437527 0 6331529 309011 423436 3508545243 2977212 15685178 8975888858 8964804467 0 343904517 2069242438 64.061047 237 2651 3585632 4055795 93 399 80 144000 225000 24 32000 38743 12 16000 25000 8 16000 25000 2447
1787067278407304 9 0 8 1 2 12 3 0 1 0 0 3 5 1 1 0 753 749 747 0 747 0 0 4 29486898 6437870 0 6331759 309183 423463 3508545243 2977212 15685178 8975888858 8975888858 0 343904517 2069242438 64.060435 237 2651 3585632 4055795 93 370 80 144000 225000 12 16000 21013 12 16000 25000 8 16000 25000 2446
1787067281653007 9 0 8 1 2 12 3 0 1 0 0 3 4 1 1 0 753 750 748 0 748 0 0 4 29516424 6438224 0 6331965 309390 423511 3511760589 2977390 15685762 9000707200 9000707200 0 344544760 2069242438 64.024180 235 2629 3555373 4017313 256 360 80 144000 225000 12 16000 20179 12 16000 25000 8 16000 25000 2450
1787067286668882 9 0 7 2 2 12 3 0 1 0 0 3 3 2 2 0 753 751 748 0 748 0 0 4 29526607 6438233 0 6331965 309480 423543 3516765837 2977607 15686174 9000707200 9000707200 0 345185003 2069242438 64.023014 233 2606 3525115 3986690 217 353 80 144000 225000 24 32000 38739 12 16000 25000 8 16000 25000 2451
1787067287379729 9 0 8 1 2 12 3 0 1 0 0 3 3 1 1 0 753 751 749 0 749 0 0 4 29526661 6438536 0 6332159 309549 423559 3517476139 2977675 15686222 9009649306 9009649306 0 345185003 2069242438 64.022378 233 2606 3525115 3986690 217 341 80 144000 225000 12 16000 21018 12 16000 25000 8 16000 25000 2454
1787067292143467 9 0 7 2 2 12 3 0 1 0 0 3 2 2 2 0 753 752 749 0 749 0 0 4 29536703 6438540 0 6332159 309697 423578 3522229466 2977829 15686436 9009649306 9009649306 0 345825246 2069242438 64.021472 232 2595 3509985 3965379 299 339 80 144000 225000 24 32000 38745 12 16000 25000 8 16000 25000 2459
1787067292143919 9 0 8 1 2 12 3 0 1 0 0 3 2 1 1 0 753 752 750 0 750 0 0 4 29536703 6438845 0 6332367 309720 423590 3522229470 2977902 15686436 9020128765 9020128765 0 345825246 2069242438 64.020930 232 2595 3509985 3965379 299 336 80 144000 225000 12 16000 20184 12 16000 25000 8 16000 25000 2458
1787067296685379 9 0 8 1 2 12 3 0 1 0 0 3 1 1 1 0 753 753 751 0 751 0 0 4 29568659 6439166 0 6332566 309940 423627 3526738238 2978019 15686457 9029423111 9029423111 0 346465489 2069242438 63.980499 233 2606 3525115 3986037 947 396 80 144000 225000 12 16000 21023 12 16000 25000 8 16000 25000 2463
1787067307929215 9 0 8 1 2 12 3 0 1 0 0 3 0 2 2 0 753 753 751 0 751 0 0 4 29568787 6439188 0 6332566 310026 423687 3537981100 2978307 15686496 9029423111 9029423111 0 346465489 2069242438 63.980232 233 2606 3525115 3981818 848 419 80 144000 225000 12 16000 21028 12 16000 25000 8 16000 25000 2479
1787067307929571 9 0 8 1 2 12 3 0 1 0 0 3 0 1 1 0 753 754 752 0 752 0 0 4 29569156 6439481 0 6332767 310045 423699 3537981103 2978307 15686496 9045174972 9045174972 0 346465489 2069242438 63.979056 233 2606 3525115 3981818 848 462 80 144000 225000 4 5333 8387 12 16000 25000 8 16000 25000 2479
1787067308161084 9 0 9 0 2 12 3 0 1 0 0 3 0 0 0 0 753 754 753 0 753 0 0 4 29569157 6548230 0 6441374 310160 423727 3538103556 2978447 15686496 9045282553 9045282553 0 346465489 2104091625 64.706602 233 2606 3525115 3985385 470 464 80 144000 225000 0 0 2483 12 16000 25000 8 16000 25000 2479
1787067308176072 0 0 0 0 0 12 12 9 1 0 0 3 0 0 0 0 753 754 753 0 753 0 0 4 29569157 6548230 0 6441374 310160 423727 3538103556 2978447 15686496 9045282553 9045282553 0 346465489 2104091625 64.706602 225 2480 3355099 3790253 1 441 0 0 0 0 0 0 0 0 0 0 0 0 0
