# timestamp workers_connected workers_init workers_idle workers_busy workers_able workers_joined workers_removed workers_released workers_idled_out workers_blocked workers_slow workers_lost tasks_waiting tasks_on_workers tasks_running tasks_with_results tasks_submitted tasks_dispatched tasks_done tasks_failed tasks_successful tasks_cancelled tasks_exhausted_attempts tasks_recovery time_send time_receive time_send_good time_receive_good time_status_msgs time_internal time_polling time_application time_scheduling time_execute time_execute_good time_execute_exhaustion bytes_sent bytes_received bandwidth capacity_tasks capacity_cores capacity_memory capacity_disk capacity_instantaneous capacity_weighted total_cores total_memory total_disk committed_cores committed_memory committed_disk max_cores max_memory max_disk min_cores min_memory min_disk inuse_cache
1791399120513621 0 0 0 0 0 0 0 0 0 0 0 0 0 0 0 0 0 0 0 0 0 0 0 0 0 0 0 0 0 0 0 0 0 0 0 0 0 0 1.000000 0 0 0 0 0 0 0 0 0 0 0 0 0 0 0 0 0 0 0
1791399120524131 0 0 0 0 0 0 0 0 0 0 0 0 0 0 0 0 0 0 0 0 0 0 0 0 0 0 0 0 0 0 0 0 0 0 0 0 0 0 1.000000 10 10 5120 10240 10 10 0 0 0 0 0 0 0 0 0 0 0 0 0
1791399125047372 0 1 0 0 0 0 0 0 0 0 0 0 240 0 0 0 240 0 0 0 0 0 0 0 0 6 0 0 524 19 4168201 354454 0 0 0 0 0 0 1.000000 10 10 5120 10240 10 10 0 0 0 0 0 0 0 0 0 0 0 0 0
1791399130263941 10 0 0 10 10 10 0 0 0 0 0 0 218 22 22 0 240 22 0 0 0 0 0 0 512254 17860 0 0 92146 248159 8415068 354479 4071 0 0 0 3941645 0 1.000000 10 10 5120 10240 10 10 88 160000 250000 88 159998 187515 12 16000 25000 8 16000 25000 4
1791399133060633 10 0 0 10 10 10 0 0 0 0 0 0 218 21 21 0 240 22 1 0 1 0 0 0 514126 18004 0 1 92640 248183 11209156 354520 5674 7199029 7199029 0 3941645 0 1.000000 10 10 5120 10240 10 10 88 160000 250000 84 151998 178138 12 16000 25000 8 16000 25000 4
1791399133448575 10 0 0 10 10 10 0 0 0 0 0 0 217 21 21 0 240 23 2 0 2 0 0 0 516349 18097 0 2 92716 248204 11594572 354606 7568 14896853 14896853 0 3941645 0 1.000000 113 452 904000 1059290 113 21 88 160000 250000 84 151998 178137 12 16000 25000 8 16000 25000 5
1791399134340920 10 0 0 10 10 10 0 0 0 0 0 0 216 21 21 0 240 24 3 0 3 0 0 0 518529 18181 0 3 92789 248224 12484489 354651 9435 23292507 23292507 0 3941645 0 1.000000 221 884 1768000 2071709 2189 233 88 160000 250000 84 151998 178136 12 16000 25000 8 16000 25000 5
1791399135376134 10 0 0 10 10 10 0 0 0 0 0 0 215 21 21 0 240 25 4 0 4 0 0 0 522705 18317 0 6 93029 248268 13515039 354686 12376 32913634 32913634 0 3941645 0 1.000000 153 612 1224000 1434260 99 221 88 160000 250000 84 151998 178135 12 16000 25000 8 16000 25000 5
1791399135540428 10 0 0 10 10 10 0 0 0 0 0 0 214 21 21 0 240 26 5 0 5 0 0 0 524896 18406 0 7 93107 248286 13676680 354932 14226 42197439 42197439 0 3941645 0 1.000000 211 844 1688000 1977967 2780 587 88 160000 250000 84 154665 181258 12 16000 25000 8 16000 25000 6
1791399137767667 10 0 0 10 10 10 0 0 0 0 0 0 213 21 21 0 240 27 6 0 6 0 0 0 529082 18525 0 9 93240 248321 15899368 354982 17552 53842434 53842434 0 3941645 0 1.000000 177 708 1321589 1548635 113 542 88 160000 250000 84 151998 178131 12 16000 25000 8 16000 25000 6
1791399137822607 10 0 0 10 10 10 0 0 0 0 0 0 212 21 21 0 240 28 7 0 7 0 0 0 532081 18608 0 10 93316 248338 15950920 355166 19386 65866426 65866426 0 4268469 0 1.000000 215 860 1624433 1903503 919 579 88 160000 250000 84 151998 178131 12 16000 25000 8 16000 25000 6
1791399138118695 10 0 0 10 10 10 0 0 0 0 0 0 211 21 21 0 240 29 8 0 8 0 0 0 534673 18692 0 12 93395 248364 16244161 355210 20719 78038931 78038931 0 4595293 0 1.000000 223 892 1699037 1990920 269 550 88 160000 250000 84 151998 178132 12 16000 25000 8 16000 25000 6
1791399138315949 10 0 0 10 10 10 0 0 0 0 0 0 210 21 21 0 240 30 9 0 9 0 0 0 537912 18775 0 13 93480 248385 16437908 355265 22677 90603563 90603563 0 4922117 0 1.000000 262 1048 2008656 2353727 5372 1021 88 160000 250000 84 151998 178132 12 16000 25000 8 16000 25000 7
1791399139297867 10 0 0 10 10 10 0 0 0 0 0 0 209 21 21 0 240 31 10 0 10 0 0 0 540296 18872 0 14 93577 248403 17417160 355314 23855 96833672 96833672 0 5248941 0 1.000000 302 1208 2326508 2726180 7259 1630 88 160000 250000 84 151998 178132 12 16000 25000 8 16000 25000 7
1791399139319008 10 0 0 10 10 10 0 0 0 0 0 0 208 21 21 0 240 32 11 0 11 0 0 0 541964 18955 0 15 93637 248420 17436328 355425 25148 109895290 109895290 0 5248941 0 1.000000 316 1264 2443723 2863529 904 1560 88 160000 250000 84 154665 181256 12 16000 25000 8 16000 25000 7
1791399139471678 10 0 0 10 10 10 0 0 0 0 0 0 207 21 21 0 240 33 12 0 12 0 0 0 544077 19041 0 17 93713 248438 17586639 355465 26953 123614207 123614207 0 5248941 0 1.000000 356 1424 2675373 3134969 6897 2081 88 160000 250000 84 151998 178130 12 16000 25000 8 16000 25000 7
1791399140051430 10 0 0 10 10 10 0 0 0 0 0 0 206 21 21 0 240 34 13 0 13 0 0 0 545634 19186 0 19 93859 248456 18164456 355503 28226 137554688 137554688 0 5248941 0 1.000000 397 1588 2999534 3514815 4593 2327 88 160000 250000 84 151998 178130 12 16000 25000 8 16000 25000 8
1791399140828974 10 0 0 10 10 10 0 0 0 0 0 0 205 21 21 0 240 35 14 0 14 0 0 0 546951 19331 0 23 93983 248472 18940177 355697 28961 144037775 144037775 0 5248941 0 1.000000 368 1472 2793007 3272808 224 2123 88 160000 250000 84 151998 178129 12 16000 25000 8 16000 25000 8
1791399141944817 10 0 0 10 10 10 0 0 0 0 0 0 204 21 21 0 240 36 15 0 15 0 0 0 550981 19446 0 24 94124 248500 20051434 355939 30946 152529905 152529905 0 5575373 0 1.000000 380 1520 2895220 3392579 1368 2017 88 160000 250000 84 151998 178130 12 16000 25000 8 16000 25000 8
1791399142782589 10 0 0 10 10 10 0 0 0 0 0 0 203 21 21 0 240 37 16 0 16 0 0 0 553876 19561 0 25 94253 248522 20885818 356139 32319 159931051 159931051 0 5901805 0 1.000000 399 1596 3050116 3574083 2174 2033 88 160000 250000 84 151998 178131 12 16000 25000 8 16000 25000 8
1791399143417609 10 0 0 10 10 10 0 0 0 0 0 0 202 21 21 0 240 38 17 0 17 0 0 0 556406 19648 0 26 94325 248540 21517907 356337 33589 165523230 165523230 0 6228237 0 1.000000 413 1652 3166317 3710244 1514 1984 88 160000 250000 84 151998 178133 12 16000 25000 8 16000 25000 9
1791399144077248 10 0 0 10 10 10 0 0 0 0 0 0 201 21 21 0 240 39 18 0 18 0 0 0 559490 19746 0 27 94438 248559 22174138 356407 35476 183342723 183342723 0 6554669 0 1.000000 424 1696 3258964 3818806 2112 1998 88 160000 250000 84 154665 181258 12 16000 25000 8 16000 25000 9
1791399144284730 10 0 0 10 10 10 0 0 0 0 0 0 200 21 21 0 240 40 19 0 19 0 0 0 562653 19833 0 29 94504 248574 22378152 356520 36638 192083343 192083343 0 6881101 0 1.000000 468 1872 3535974 4143399 8651 2647 88 160000 250000 84 154665 181259 12 16000 25000 8 16000 25000 9
1791399144684157 10 0 0 10 10 10 0 0 0 0 0 0 199 21 21 0 240 41 20 0 20 0 0 0 564190 19928 0 30 94573 248609 22775757 356583 37888 198644945 198644945 0 6881101 0 1.000000 485 1940 3607686 4227426 2497 2633 88 160000 250000 84 151998 178133 12 16000 25000 8 16000 25000 9
1791399144807274 10 0 0 10 10 10 0 0 0 0 0 0 198 21 21 0 240 42 21 0 21 0 0 0 565646 20039 0 31 94667 248627 22897109 356646 39094 204153077 204153077 0 6881101 0 1.000000 497 1988 3710901 4348371 1800 2553 88 160000 250000 84 151998 178132 12 16000 25000 8 16000 25000 9
1791399145007698 10 0 0 10 10 10 0 0 0 0 0 0 197 21 21 0 240 43 22 0 22 0 0 0 567387 20128 0 32 94723 248641 23095494 356760 40362 211389844 211389844 0 6881101 0 1.000000 510 2040 3820920 4477272 5553 2846 88 160000 250000 84 151998 178131 12 16000 25000 8 16000 25000 9
1791399145617691 10 0 0 10 10 10 0 0 0 0 0 0 196 21 21 0 240 44 23 0 23 0 0 0 570438 20224 0 33 105317 248659 23691649 356815 42091 230822560 230822560 0 7208031 0 1.000000 524 2096 3937908 4614356 2460 2809 88 160000 250000 84 151998 178131 12 16000 25000 8 16000 25000 10
1791399145847125 10 0 0 10 10 10 0 0 0 0 0 0 195 21 21 0 240 45 24 0 24 0 0 0 592965 20330 0 35 105425 248680 23898200 356914 43883 238350990 238350990 0 7534961 0 1.000000 494 1976 3722870 4362380 306 2566 88 160000 250000 84 151998 178131 12 16000 25000 8 16000 25000 10
1791399146067827 10 0 0 10 10 10 0 0 0 0 0 0 194 21 21 0 240 46 25 0 25 0 0 0 595622 20450 0 37 105528 248700 24115800 357090 45108 258243348 258243348 0 7861891 0 1.000000 508 2032 3838194 4497515 2954 2623 88 160000 250000 84 151998 178130 12 16000 25000 8 16000 25000 10
1791399146128954 10 0 0 10 10 10 0 0 0 0 0 0 193 21 21 0 240 47 26 0 26 0 0 0 597587 20534 0 40 105579 248717 24174617 357249 46765 278617697 278617697 0 7861891 0 1.000000 547 2188 4142585 4854193 8110 3159 88 160000 250000 84 154665 181253 12 16000 25000 8 16000 25000 10
1791399146131361 10 0 0 10 10 10 0 0 0 0 0 0 192 21 21 0 240 48 27 0 27 0 0 0 598948 20617 0 42 105618 248730 24175453 357300 47853 298994192 298994192 0 7861891 0 1.000000 587 2348 4394937 5149910 6954 3530 88 160000 250000 84 154665 181253 12 16000 25000 8 16000 25000 11
1791399146164241 10 0 0 10 10 10 0 0 0 0 0 0 191 21 21 0 240 49 28 0 28 0 0 0 600865 20699 0 43 105694 248747 24206183 357337 49514 319170082 319170082 0 7861891 0 1.000000 628 2512 4651806 5450901 14044 4556 88 160000 250000 84 151998 178126 12 16000 25000 8 16000 25000 11
1791399146324708 10 0 0 10 10 10 0 0 0 0 0 0 190 21 21 0 240 50 29 0 29 0 0 0 602267 20803 0 44 105787 248763 24364979 357371 50658 339740025 339740025 0 7861891 0 1.000000 613 2452 4553671 5335908 456 4157 88 160000 250000 84 154665 181252 12 16000 25000 8 16000 25000 11
1791399146579172 10 0 0 10 10 10 0 0 0 0 0 0 189 21 21 0 240 51 30 0 30 0 0 0 603738 20898 0 45 105839 248786 24617692 357459 51759 346996691 346996691 0 7861891 0 1.000000 651 2604 4788914 5611559 17887 5497 88 160000 250000 84 154665 181252 12 16000 25000 8 16000 25000 11
1791399147045386 10 0 0 10 10 10 0 0 0 0 0 0 188 21 21 0 240 52 31 0 31 0 0 0 615822 20985 0 46 105908 248801 25071563 357524 52831 353209945 353209945 0 8188511 0 1.000000 661 2644 4817897 5645519 2197 5176 88 160000 250000 84 151998 178127 12 16000 25000 8 16000 25000 11
1791399148666376 10 0 0 10 10 10 0 0 0 0 0 0 187 21 21 0 240 53 32 0 32 0 0 0 619598 21109 0 47 106039 248826 26688413 357582 55107 361822804 361822804 0 8515131 0 1.000000 669 2676 4891556 5731831 2254 4892 88 160000 250000 84 151998 178127 12 16000 25000 8 16000 25000 11
1791399149994676 10 0 0 10 10 10 0 0 0 0 0 0 186 21 21 0 240 54 33 0 33 0 0 0 622805 21268 0 49 106173 248851 28012971 357771 56827 368397616 368397616 0 8841751 0 1.000000 683 2732 5008610 5868993 5073 4911 88 160000 250000 84 151998 178128 12 16000 25000 8 16000 25000 12
1791399150131790 10 0 0 10 10 10 0 0 0 0 0 0 185 21 21 0 240 55 34 0 34 0 0 0 676498 21356 0 51 106247 248870 28095983 357976 58015 376581636 376581636 0 9168371 0 1.000000 693 2772 5095944 5971314 3323 4757 88 160000 250000 84 151998 178127 12 16000 25000 8 16000 25000 12
1791399150396178 10 0 0 10 10 10 0 0 0 0 0 0 184 21 21 0 240 56 35 0 35 0 0 0 678211 21496 0 53 106374 248884 28358275 358054 58599 387502417 387502417 0 9494991 0 1.000000 705 2820 5197592 6090423 3128 4599 88 160000 250000 84 151998 178126 12 16000 25000 8 16000 25000 12
1791399150978625 10 0 0 10 10 10 0 0 0 0 0 0 183 21 21 0 240 57 36 0 36 0 0 0 680924 21609 0 55 106478 248900 28937579 358224 59786 395695515 395695515 0 9821611 0 1.000000 721 2884 5328479 6243794 3129 4457 88 160000 250000 84 151998 178125 12 16000 25000 8 16000 25000 13
1791399151023892 10 0 0 10 10 10 0 0 0 0 0 0 182 21 21 0 240 58 37 0 37 0 0 0 682361 21692 0 56 106538 248915 28981076 358372 60880 402638481 402638481 0 9821611 0 1.000000 733 2932 5429576 6362257 3184 4277 88 160000 250000 84 154665 181249 12 16000 25000 8 16000 25000 13
1791399151140486 10 0 0 10 10 10 0 0 0 0 0 0 181 21 21 0 240 59 38 0 38 0 0 0 683656 21772 0 57 106596 248927 29096145 358431 61916 409492735 409492735 0 9821611 0 1.000000 741 2964 5447292 6383015 2021 4058 88 160000 250000 84 154665 181249 12 16000 25000 8 16000 25000 13
1791399151489926 10 0 0 10 10 10 0 0 0 0 0 0 180 21 21 0 240 60 39 0 39 0 0 0 686341 21901 0 59 106726 248947 29442556 358469 63069 416295983 416295983 0 10148655 0 1.000000 751 3004 5480917 6422414 5209 4171 88 160000 250000 84 151998 178124 12 16000 25000 8 16000 25000 13
1791399151789210 10 0 0 10 10 10 0 0 0 0 0 0 179 21 21 0 240 61 40 0 40 0 0 0 689198 21989 0 60 106809 248962 29738566 358670 64616 423276171 423276171 0 10475699 0 1.000000 761 3044 5567594 6523966 2982 4056 88 160000 250000 84 151998 178124 12 16000 25000 8 16000 25000 13
1791399151826044 10 0 0 10 10 10 0 0 0 0 0 0 178 21 21 0 240 62 41 0 41 0 0 0 691946 22074 0 61 106889 248980 29772381 358730 66165 430091203 430091203 0 10802743 0 1.000000 771 3084 5653936 6625126 4691 4119 88 160000 250000 84 151998 178125 12 16000 25000 8 16000 25000 14
1791399152775126 10 0 0 10 10 10 0 0 0 0 0 0 177 21 21 0 240 63 42 0 42 0 0 0 694713 22186 0 63 106994 248998 30718381 358787 67704 435817992 435817992 0 11129787 0 1.000000 779 3116 5725270 6708715 2178 3930 88 160000 250000 84 151998 178125 12 16000 25000 8 16000 25000 14
1791399153026334 10 0 0 10 10 10 0 0 0 0 0 0 176 21 21 0 240 64 43 0 43 0 0 0 696589 22281 0 64 107069 249014 30967396 358894 69223 442252810 442252810 0 11129787 0 1.000000 786 3144 5788890 6783251 2094 3752 88 160000 250000 84 154665 181248 12 16000 25000 8 16000 25000 14
1791399153851942 10 0 0 10 10 10 0 0 0 0 0 0 175 21 21 0 240 65 44 0 44 0 0 0 697957 22405 0 65 107141 249031 31791308 358987 70247 449778519 449778519 0 11129787 0 1.000000 780 3120 5707841 6688278 531 3438 88 160000 250000 84 154665 181248 12 16000 25000 8 16000 25000 14
1791399153997924 10 0 0 10 10 10 0 0 0 0 0 0 174 21 21 0 240 66 45 0 45 0 0 0 699873 22493 0 65 107223 249053 31935007 359135 71738 457926639 457926639 0 11129787 0 1.000000 792 3168 5759928 6749312 5969 3686 88 160000 250000 84 151998 178124 12 16000 25000 8 16000 25000 14
1791399156044875 10 0 0 10 10 10 0 0 0 0 0 0 173 21 21 0 240 67 46 0 46 0 0 0 703324 22615 0 66 107359 249088 33978115 359200 74308 465301648 465301648 0 11129787 0 1.000000 803 3212 5852907 6858249 3449 3664 88 160000 250000 84 151998 178125 12 16000 25000 8 16000 25000 15
1791399156083443 10 0 0 10 10 10 0 0 0 0 0 0 172 21 21 0 240 68 47 0 47 0 0 0 715961 22695 0 67 107433 249105 34003629 359417 75755 471336626 471336626 0 11456831 0 1.000000 811 3244 5923756 6941257 2362 3480 88 160000 250000 84 151998 178126 12 16000 25000 8 16000 25000 15
1791399157276282 10 0 0 10 10 10 0 0 0 0 0 0 171 21 21 0 240 69 48 0 48 0 0 0 719389 22822 0 68 107549 249128 35192705 359458 77755 477118974 477118974 0 11783875 0 1.000000 752 3008 5503936 6449316 113 3153 88 160000 250000 84 151998 178127 12 16000 25000 8 16000 25000 15
1791399157386804 10 0 0 10 10 10 0 0 0 0 0 0 170 21 21 0 240 70 49 0 49 0 0 0 722494 22907 0 69 107626 249144 35299750 359624 79182 484371442 484371442 0 12110919 0 1.000000 757 3028 5551271 6504771 1593 3001 88 160000 250000 84 151998 178128 12 16000 25000 8 16000 25000 16
1791399157391906 10 0 0 10 10 10 0 0 0 0 0 0 169 21 21 0 240 71 50 0 50 0 0 0 724949 22989 0 70 107711 249160 35302139 359678 80583 515774606 515774606 0 12437963 0 1.000000 765 3060 5620346 6585702 3105 3012 88 160000 250000 84 151998 178127 12 16000 25000 8 16000 25000 16
1791399157409518 10 0 0 10 10 10 0 0 0 0 0 0 168 21 21 0 240 72 51 0 51 0 0 0 737593 23077 0 71 107777 249174 35306879 359715 81521 522158301 522158301 0 12765007 0 1.000000 891 3564 6546050 7670406 20579 4726 88 160000 250000 84 154665 181253 12 16000 25000 8 16000 25000 16
1791399157930668 10 0 0 10 10 10 0 0 0 0 0 0 167 21 21 0 240 73 52 0 52 0 0 0 740121 23184 0 72 107876 249192 35825218 359752 82923 529689887 529689887 0 13092051 0 1.000000 892 3568 6504847 7622122 3674 4624 88 160000 250000 84 151998 178131 12 16000 25000 8 16000 25000 16
1791399158248082 10 0 0 10 10 10 0 0 0 0 0 0 166 21 21 0 240 74 53 0 53 0 0 0 742385 23302 0 73 107974 249206 36139986 359869 83846 536146554 536146554 0 13419095 0 1.000000 1041 4164 7591419 8895308 2943 4461 88 160000 250000 84 151998 178131 12 16000 25000 8 16000 25000 17
1791399158790162 10 0 0 10 10 10 0 0 0 0 0 0 165 21 21 0 240 75 54 0 54 0 0 0 743825 23424 0 74 108052 249222 36680249 360005 84811 542159572 542159572 0 13419095 0 1.000000 1038 4152 7569541 8869658 3286 4348 88 160000 250000 84 151998 178130 12 16000 25000 8 16000 25000 17
1791399159031992 10 0 0 10 10 10 0 0 0 0 0 0 164 21 21 0 240 76 55 0 55 0 0 0 749345 23538 0 75 108137 249243 36916189 360127 86592 555058452 555058452 0 13746269 0 1.000000 1238 4952 9095410 10657570 3448 4261 88 160000 250000 84 154665 181254 12 16000 25000 8 16000 25000 17
1791399159154685 10 0 0 10 10 10 0 0 0 0 0 0 163 21 21 0 240 77 56 0 56 0 0 0 751992 23634 0 77 108220 249260 37035922 360213 87927 563232847 563232847 0 14073443 0 1.000000 1269 5076 9254092 10843502 3270 4165 88 160000 250000 84 151998 178131 12 16000 25000 8 16000 25000 17
1791399159176775 10 0 0 10 10 10 0 0 0 0 0 0 162 21 21 0 240 78 57 0 57 0 0 0 773824 23723 0 78 108267 249269 37035928 360299 88353 576268529 576268529 0 14400617 0 1.000000 1414 5656 10311494 12082493 5980 4343 88 160000 250000 84 154665 181256 12 16000 25000 8 16000 25000 18
1791399159707192 10 0 0 10 10 10 0 0 0 0 0 0 161 21 21 0 240 79 58 0 58 0 0 0 775158 23847 0 79 108375 249286 37564700 360340 89275 584146672 584146672 0 14400617 0 1.000000 1388 5552 10046344 11771798 1363 4053 88 160000 250000 84 151998 178131 12 16000 25000 8 16000 25000 18
1791399160846305 10 0 0 10 10 10 0 0 0 0 0 0 160 21 21 0 240 80 59 0 59 0 0 0 777236 23973 0 81 108494 249307 38701290 360489 90663 590991487 590991487 0 14400617 0 1.000000 1371 5484 9923298 11627598 2835 3936 88 160000 250000 84 151998 178131 12 16000 25000 8 16000 25000 18
1791399161746585 10 0 0 10 10 10 0 0 0 0 0 0 159 21 21 0 240 81 60 0 60 0 0 0 779065 24090 0 83 108598 249327 39599297 360665 91997 596651199 596651199 0 14400617 0 1.000000 1386 5544 10031868 11754794 2057 3754 88 160000 250000 84 151998 178132 12 16000 25000 8 16000 25000 18
1791399162390640 10 0 0 10 10 10 0 0 0 0 0 0 158 21 21 0 240 82 61 0 61 0 0 0 780767 24186 0 84 108694 249347 40241249 360823 93271 607898449 607898449 0 14400617 0 1.000000 1361 5444 9924996 11629551 1753 3469 88 160000 250000 84 154665 181256 12 16000 25000 8 16000 25000 19
1791399162422010 10 0 0 10 10 10 0 0 0 0 0 0 157 21 21 0 240 83 62 0 62 0 0 0 782314 24269 0 85 108758 249363 40270796 360912 94503 644270376 644270376 0 14400617 0 1.000000 1355 5420 9807490 11491859 4126 3534 88 160000 250000 84 151998 178130 12 16000 25000 8 16000 25000 19
1791399162509011 10 0 0 10 10 10 0 0 0 0 0 0 156 21 21 0 240 84 63 0 63 0 0 0 784498 24361 0 86 108821 249375 40355387 360949 95329 652923628 652923628 0 14715986 0 1.000000 1706 6824 12348028 14468717 21938 5330 88 160000 250000 84 154665 181256 12 16000 25000 8 16000 25000 19
1791399162734513 10 0 0 10 10 10 0 0 0 0 0 0 155 21 21 0 240 85 64 0 64 0 0 0 787666 24443 0 88 108892 249393 40577465 361008 96550 658377434 658377434 0 15031355 0 1.000000 1721 6884 12362927 14486167 2457 5051 88 160000 250000 84 151998 178132 12 16000 25000 8 16000 25000 20
1791399163190180 10 0 0 10 10 10 0 0 0 0 0 0 154 21 21 0 240 86 65 0 65 0 0 0 790121 24545 0 89 108969 249409 41030414 361052 97759 695517925 695517925 0 15346724 0 1.000000 1709 6836 12276724 14385133 1321 4688 88 160000 250000 84 151998 178131 12 16000 25000 8 16000 25000 20
1791399163899384 10 0 0 10 10 10 0 0 0 0 0 0 153 21 21 0 240 87 66 0 66 0 0 0 791827 24662 0 90 109082 249437 41737553 361128 99023 702027741 702027741 0 15346724 0 1.000000 1516 6064 10890295 12760598 597 4290 88 160000 250000 84 151998 178131 12 16000 25000 8 16000 25000 20
1791399164058970 10 0 0 10 10 10 0 0 0 0 0 0 152 21 21 0 240 88 67 0 67 0 0 0 793406 24748 0 91 109167 249453 41895184 361291 100203 710028032 710028032 0 15346724 0 1.000000 1519 6076 10911845 12785826 2560 4122 88 160000 250000 84 151998 178132 12 16000 25000 8 16000 25000 20
1791399164063122 10 0 0 10 10 10 0 0 0 0 0 0 151 21 21 0 240 89 68 0 68 0 0 0 794418 24842 0 91 109220 249465 41898086 361349 100969 715841597 715841597 0 15346724 0 1.000000 1445 5780 10458910 12255090 595 3779 88 160000 250000 84 151998 178132 12 16000 25000 8 16000 25000 20
1791399164361574 10 0 0 10 10 10 0 0 0 0 0 0 150 21 21 0 240 90 69 0 69 0 0 0 795908 24946 0 93 109329 249484 42194757 361386 102127 721407186 721407186 0 15346724 0 1.000000 1446 5784 10544852 12355775 4906 3890 88 160000 250000 84 151998 178133 12 16000 25000 8 16000 25000 21
1791399164632696 10 0 0 10 10 10 0 0 0 0 0 0 149 21 21 0 240 91 70 0 70 0 0 0 797342 25032 0 95 109392 249498 42464167 361475 103254 728106106 728106106 0 15346724 0 1.000000 1436 5744 10471928 12270305 1003 3609 88 160000 250000 84 151998 178132 12 16000 25000 8 16000 25000 21
1791399165748043 10 0 0 10 10 10 0 0 0 0 0 0 148 21 21 0 240 92 71 0 71 0 0 0 800853 25157 0 97 109530 249526 43575613 361541 104929 734676211 734676211 0 15662093 0 1.000000 1431 5724 10435466 12227582 2345 3486 88 160000 250000 84 151998 178132 12 16000 25000 8 16000 25000 21
1791399166492470 10 0 0 10 10 10 0 0 0 0 0 0 147 21 21 0 240 93 72 0 72 0 0 0 801923 25267 0 98 109603 249545 44318540 361744 105671 740318365 740318365 0 15662093 0 1.000000 1355 5420 9881241 11578157 286 3174 88 160000 250000 84 151998 178131 12 16000 25000 8 16000 25000 21
1791399167031383 10 0 0 10 10 10 0 0 0 0 0 0 146 21 21 0 240 94 73 0 73 0 0 0 803474 25363 0 100 109701 249563 44855549 361861 106796 747637944 747637944 0 15662093 0 1.000000 1562 6248 11390774 13346900 1538 3016 88 160000 250000 84 151998 178130 12 16000 25000 8 16000 25000 21
1791399167088331 10 0 0 10 10 10 0 0 0 0 0 0 145 21 21 0 240 95 74 0 74 0 0 0 804893 25449 0 101 109776 249577 44910766 361976 107867 755691485 755691485 0 15662093 0 1.000000 1553 6212 11325142 13269973 1697 2830 88 160000 250000 84 154665 181255 12 16000 25000 8 16000 25000 22
1791399167706387 10 0 0 10 10 10 0 0 0 0 0 0 144 21 21 0 240 96 75 0 75 0 0 0 806362 25552 0 102 109874 249596 45527067 362017 108938 761645860 761645860 0 15662093 0 1.000000 1517 6068 10980046 12865608 3127 2860 88 160000 250000 84 151998 178131 12 16000 25000 8 16000 25000 22
1791399167833385 10 0 0 10 10 10 0 0 0 0 0 0 143 21 21 0 240 97 76 0 76 0 0 0 807722 25643 0 103 109944 249613 45652417 362102 109965 772067531 772067531 0 15662093 0 1.000000 1463 5852 10668823 12500903 1164 2696 88 160000 250000 84 154665 181255 12 16000 25000 8 16000 25000 22
1791399167857988 10 0 0 10 10 10 0 0 0 0 0 0 142 21 21 0 240 98 77 0 77 0 0 0 809106 25736 0 104 110033 249645 45675357 362144 111008 786897776 786897776 0 15662093 0 1.000000 1430 5720 10428173 12218927 5139 2935 88 160000 250000 84 154665 181255 12 16000 25000 8 16000 25000 23
1791399168275012 10 0 0 10 10 10 0 0 0 0 0 0 141 21 21 0 240 99 78 0 78 0 0 0 810556 25881 0 106 110178 249670 46090500 362232 111843 792434444 792434444 0 15662093 0 1.000000 1626 6504 11768988 13789982 12774 3895 88 160000 250000 84 151998 178130 12 16000 25000 8 16000 25000 23
1791399168736457 10 0 0 10 10 10 0 0 0 0 0 0 140 21 21 0 240 100 79 0 79 0 0 0 811622 26016 0 108 110306 249691 46550349 362449 112577 798776765 798776765 0 15662093 0 1.000000 1560 6240 11376189 13329715 1539 3667 88 160000 250000 84 154665 181257 12 16000 25000 8 16000 25000 23
1791399169609060 10 0 0 10 10 10 0 0 0 0 0 0 139 21 21 0 240 101 80 0 80 0 0 0 813104 26130 0 109 110420 249711 47421016 362627 113380 804481811 804481811 0 15662093 0 1.000000 1558 6232 11361604 13312626 1970 3503 88 160000 250000 84 151998 178131 12 16000 25000 8 16000 25000 23
1791399169940474 10 0 0 10 10 10 0 0 0 0 0 0 138 21 21 0 240 102 81 0 81 0 0 0 814425 26219 0 110 110502 249728 47750712 362801 114363 810354064 810354064 0 15662093 0 1.000000 1548 6192 11288680 13227155 1327 3292 88 160000 250000 84 151998 178130 12 16000 25000 8 16000 25000 23
1791399170739630 10 0 0 10 10 10 0 0 0 0 0 0 137 21 21 0 240 103 82 0 82 0 0 0 815942 26327 0 111 110618 249749 48548008 362872 115405 817029573 817029573 0 15662093 0 1.000000 1522 6088 11099077 13004970 1196 3089 88 160000 250000 84 151998 178130 12 16000 25000 8 16000 25000 23
1791399171009735 10 0 0 10 10 10 0 0 0 0 0 0 136 21 21 0 240 104 83 0 83 0 0 0 817268 26416 0 111 110712 249765 48816412 363021 116398 823675867 823675867 0 15662093 0 1.000000 1507 6028 10989690 12876800 1352 2921 88 160000 250000 84 151998 178129 12 16000 25000 8 16000 25000 24
1791399171188735 10 0 0 10 10 10 0 0 0 0 0 0 135 21 21 0 240 105 84 0 84 0 0 0 819413 26504 0 112 110798 249779 48992973 363102 117384 835686497 835686497 0 15977015 0 1.000000 1507 6028 10989690 12876777 4041 3031 88 160000 250000 84 154665 181253 12 16000 25000 8 16000 25000 24
1791399171264474 10 0 0 10 10 10 0 0 0 0 0 0 134 21 21 0 240 106 85 0 85 0 0 0 821913 26586 0 112 110875 249796 49065943 363168 118360 844438929 844438929 0 16291937 0 1.000000 1522 6088 11016236 12907873 10381 3749 88 160000 250000 84 154665 181254 12 16000 25000 8 16000 25000 24
1791399171674758 10 0 0 10 10 10 0 0 0 0 0 0 133 21 21 0 240 107 86 0 86 0 0 0 823215 26681 0 113 110949 249812 49474664 363222 119329 851478314 851478314 0 16291937 0 1.000000 1523 6092 10940580 12819216 3076 3684 88 160000 250000 84 151998 178129 12 16000 25000 8 16000 25000 24
1791399172468526 10 0 0 10 10 10 0 0 0 0 0 0 132 21 21 0 240 108 87 0 87 0 0 0 824527 26834 0 116 111086 249829 50266709 363302 120309 857450827 857450827 0 16291937 0 1.000000 1528 6112 11059664 12958735 2857 3604 88 160000 250000 84 151998 178130 12 16000 25000 8 16000 25000 25
1791399172520272 10 0 0 10 10 10 0 0 0 0 0 0 131 21 21 0 240 109 88 0 88 0 0 0 826191 26917 0 117 111183 249847 50316351 363516 121394 864221542 864221542 0 16291937 0 1.000000 1515 6060 11048030 12945065 1856 3356 88 160000 250000 84 151998 178130 12 16000 25000 8 16000 25000 25
1791399173809693 10 0 0 10 10 10 0 0 0 0 0 0 130 21 21 0 240 110 89 0 89 0 0 0 828114 27033 0 119 111282 249875 51603524 363569 122772 870320369 870320369 0 16291937 0 1.000000 1521 6084 11091784 12996332 5734 3588 88 160000 250000 84 151998 178130 12 16000 25000 8 16000 25000 25
1791399174406858 10 0 0 10 10 10 0 0 0 0 0 0 129 21 21 0 240 111 90 0 90 0 0 0 829702 27145 0 120 111408 249895 52198657 363729 123831 876446326 876446326 0 16291937 0 1.000000 1504 6016 10967813 12851051 1441 3379 88 160000 250000 84 151998 178130 12 16000 25000 8 16000 25000 25
1791399174416028 10 0 0 10 10 10 0 0 0 0 0 0 128 21 21 0 240 112 91 0 91 0 0 0 830982 27242 0 121 111467 249911 52206185 363893 124825 883826834 883826834 0 16291937 0 1.000000 1490 5960 10865719 12731404 1113 3159 88 160000 250000 84 151998 178128 12 16000 25000 8 16000 25000 25
1791399174636469 10 0 0 10 10 10 0 0 0 0 0 0 127 21 21 0 240 113 92 0 92 0 0 0 833349 27371 0 122 111565 249926 52423940 363941 125478 890627109 890627109 0 16607029 0 1.000000 1489 5956 10858427 12722860 1904 3038 88 160000 250000 84 154665 181253 12 16000 25000 8 16000 25000 26
1791399174961946 10 0 0 10 10 10 0 0 0 0 0 0 126 21 21 0 240 114 93 0 93 0 0 0 835217 27526 0 124 111952 249941 52746833 364074 125870 897729739 897729739 0 16922121 0 1.000000 1539 6156 11223048 13150088 2625 2999 88 160000 250000 84 154665 181254 12 16000 25000 8 16000 25000 26
1791399175066783 10 0 0 10 10 10 0 0 0 0 0 0 125 21 21 0 240 115 94 0 94 0 0 0 836487 27615 0 125 112014 249960 52850015 364264 126618 905703797 905703797 0 16922121 0 1.000000 1539 6156 11223048 13150088 6830 3373 88 160000 250000 84 154665 181253 12 16000 25000 8 16000 25000 26
1791399175893363 10 0 0 10 10 10 0 0 0 0 0 0 124 21 21 0 240 116 95 0 95 0 0 0 837429 27772 0 128 112154 249979 53675249 364326 127298 912859442 912859442 0 16922121 0 1.000000 1529 6116 11066902 12967145 1890 3229 88 160000 250000 84 154665 181254 12 16000 25000 8 16000 25000 26
1791399175981033 10 0 0 10 10 10 0 0 0 0 0 0 123 21 21 0 240 117 96 0 96 0 0 0 838699 27858 0 129 112216 249993 53761274 364515 128043 918895227 918895227 0 16922121 0 1.000000 1540 6160 11062700 12962235 8263 3721 88 160000 250000 84 151998 178129 12 16000 25000 8 16000 25000 26
1791399176555169 10 0 0 10 10 10 0 0 0 0 0 0 122 21 21 0 240 118 97 0 97 0 0 0 840350 27984 0 131 112352 250013 54333398 364570 129156 925836690 925836690 0 16922121 0 1.000000 1851 7404 13296791 15579905 1321 3487 88 160000 250000 84 151998 178129 12 16000 25000 8 16000 25000 26
1791399177593475 10 0 0 10 10 10 0 0 0 0 0 0 121 21 21 0 240 119 98 0 98 0 0 0 842630 28105 0 133 112485 250038 55368925 364761 130634 932417241 932417241 0 16922121 0 1.000000 1851 7404 13296791 15579877 1620 3306 88 160000 250000 84 151998 178130 12 16000 25000 8 16000 25000 27
1791399178057703 10 0 0 10 10 10 0 0 0 0 0 0 120 21 21 0 240 120 99 0 99 0 0 0 844062 28202 0 134 112595 250056 55831242 364987 131668 939208933 939208933 0 16922121 0 1.000000 1843 7372 13239323 15512513 2237 3155 88 160000 250000 84 154665 181254 12 16000 25000 8 16000 25000 27
1791399178214363 10 0 0 10 10 10 0 0 0 0 0 0 119 21 21 0 240 121 100 0 100 0 0 0 846439 28286 0 136 112669 250072 55985196 365111 132656 946677827 946677827 0 17237626 0 1.000000 1743 6972 12426096 14559644 5061 3342 88 160000 250000 84 151998 178130 12 16000 25000 8 16000 25000 27
1791399178306641 10 0 0 10 10 10 0 0 0 0 0 0 118 21 21 0 240 122 101 0 101 0 0 0 938469 28384 0 138 112729 250081 55985203 365162 133062 953709938 953709938 0 17553131 0 1.000000 1721 6884 12362927 14485587 1346 3149 88 160000 250000 84 154665 181255 12 16000 25000 8 16000 25000 28
1791399178719235 10 0 0 10 10 10 0 0 0 0 0 0 117 21 21 0 240 123 102 0 102 0 0 0 939419 28542 0 141 112843 250096 56396407 365290 133725 969237685 969237685 0 17553131 0 1.000000 1286 5144 9168078 10742208 83 2851 88 160000 250000 84 151998 178129 12 16000 25000 8 16000 25000 28
1791399179496356 10 0 0 10 10 10 0 0 0 0 0 0 116 21 21 0 240 124 103 0 103 0 0 0 940683 28679 0 143 112964 250111 57171782 365470 134468 976261115 976261115 0 17553131 0 1.000000 1318 5272 9396211 11009530 15061 4042 88 160000 250000 84 151998 178131 12 16000 25000 8 16000 25000 28
1791399179803775 10 0 0 10 10 10 0 0 0 0 0 0 115 21 21 0 240 125 104 0 104 0 0 0 941869 28801 0 145 113077 250128 57477570 365637 135199 993640691 993640691 0 17553131 0 1.000000 1312 5248 9353436 10959391 1770 3822 88 160000 250000 84 151998 178129 12 16000 25000 8 16000 25000 28
1791399179806569 10 0 0 10 10 10 0 0 0 0 0 0 114 21 21 0 240 126 105 0 105 0 0 0 942974 28893 0 146 113126 250143 57478929 365786 135918 1001767929 1001767929 0 17553131 0 1.000000 1333 5332 9575701 11219827 8800 4308 88 160000 250000 84 151998 178130 12 16000 25000 8 16000 25000 28
1791399179958837 10 0 0 10 10 10 0 0 0 0 0 0 113 21 21 0 240 127 106 0 106 0 0 0 944671 28976 0 147 113207 250167 57629248 365825 137261 1009205053 1009205053 0 17553131 0 1.000000 1321 5284 9489498 11118824 1868 4071 88 160000 250000 84 151998 178131 12 16000 25000 8 16000 25000 29
1791399179981127 10 0 0 10 10 10 0 0 0 0 0 0 112 21 21 0 240 128 107 0 107 0 0 0 946119 29081 0 148 113291 250188 57649815 365865 138316 1015372261 1015372261 0 17553131 0 1.000000 1338 5352 9684444 11347230 5917 4252 88 160000 250000 84 151998 178130 12 16000 25000 8 16000 25000 29
1791399180363640 10 0 0 10 10 10 0 0 0 0 0 0 111 21 21 0 240 129 108 0 108 0 0 0 968549 29178 0 149 113376 250209 58009564 365968 139334 1021326582 1021326582 0 17868503 0 1.000000 1328 5312 9612064 11262403 1578 3992 88 160000 250000 84 151998 178130 12 16000 25000 8 16000 25000 29
1791399181316843 10 0 0 10 10 10 0 0 0 0 0 0 110 21 21 0 240 130 109 0 109 0 0 0 970321 29342 0 152 113524 250226 58960549 366055 140019 1028224607 1028224607 0 18183875 0 1.000000 1330 5320 9626540 11279344 2770 3873 88 160000 250000 84 151998 178131 12 16000 25000 8 16000 25000 29
1791399181349251 10 0 0 10 10 10 0 0 0 0 0 0 109 21 21 0 240 131 110 0 110 0 0 0 973255 29434 0 153 113599 250245 58989609 366257 141139 1034934796 1034934796 0 18499247 0 17.594944 1337 5348 9677206 11338688 2738 3764 88 160000 250000 84 154665 181256 12 16000 25000 8 16000 25000 29
1791399181792361 10 0 0 10 10 10 0 0 0 0 0 0 108 21 21 0 240 132 111 0 111 0 0 0 975964 29552 0 154 113724 250270 59429637 366334 142573 1041655929 1041655929 0 18814619 0 17.844588 1324 5296 9583112 11228439 2909 3682 88 160000 250000 84 154665 181256 12 16000 25000 8 16000 25000 30
1791399181847973 10 0 0 10 10 10 0 0 0 0 0 0 107 21 21 0 240 133 112 0 112 0 0 0 978175 29638 0 155 113796 250287 59482684 366486 143573 1047518378 1047518378 0 19129991 0 18.102347 1223 4892 8785508 10293885 1595 3479 88 160000 250000 84 151998 178133 12 16000 25000 8 16000 25000 30
1791399181867807 10 0 0 10 10 10 0 0 0 0 0 0 106 21 21 0 240 134 113 0 113 0 0 0 979460 29720 0 155 113848 250303 59501009 366537 144574 1083316332 1083316332 0 19129991 0 18.077827 1211 4844 8765218 10270084 1364 3274 88 160000 250000 84 151998 178132 12 16000 25000 8 16000 25000 30
1791399181961528 10 0 0 10 10 10 0 0 0 0 0 0 105 21 21 0 240 135 114 0 114 0 0 0 980785 29805 0 156 113929 250321 59593159 366573 145578 1090314411 1090314411 0 19129991 0 18.052604 1314 5256 9510732 11143612 20705 4974 88 160000 250000 84 154665 181258 12 16000 25000 8 16000 25000 30
1791399182769039 10 0 0 10 10 10 0 0 0 0 0 0 104 21 21 0 240 136 115 0 115 0 0 0 982519 29922 0 159 114053 250344 60398605 366614 146710 1096523679 1096523679 0 19129991 0 18.019599 1505 6020 10811275 12667409 6044 5079 88 160000 250000 84 151998 178132 12 16000 25000 8 16000 25000 30
1791399183410235 10 0 0 10 10 10 0 0 0 0 0 0 103 21 21 0 240 137 116 0 116 0 0 0 994497 30083 0 161 114183 250360 61027260 366844 147376 1104039260 1104039260 0 19445521 0 18.099801 1494 5976 10732256 12574800 1465 4565 88 160000 250000 84 154665 181258 12 16000 25000 8 16000 25000 31
1791399184654670 10 0 0 10 10 10 0 0 0 0 0 0 102 21 21 0 240 138 117 0 117 0 0 0 996842 30220 0 163 114304 250392 62268835 367038 148211 1111095964 1111095964 0 19761051 0 18.349045 1567 6268 11171367 13089287 8629 4962 88 160000 250000 84 151998 178133 12 16000 25000 8 16000 25000 31
1791399184996582 10 0 0 10 10 10 0 0 0 0 0 0 101 21 21 0 240 139 118 0 118 0 0 0 999385 30388 0 166 114459 250411 62607637 367235 148949 1150453106 1150453106 0 20076581 0 18.592952 1554 6216 11078688 12980673 1738 4648 88 160000 250000 84 151998 178132 12 16000 25000 8 16000 25000 31
1791399185059194 10 0 0 10 10 10 0 0 0 0 0 0 100 21 21 0 240 140 119 0 119 0 0 0 1061580 30488 0 167 114526 250421 62607646 367440 149414 1157419902 1157419902 0 20392111 0 17.807895 1588 6352 11321079 13264702 1837 4375 88 160000 250000 84 154665 181258 12 16000 25000 8 16000 25000 32
1791399185150710 10 0 0 10 10 10 0 0 0 0 0 0 99 21 21 0 240 141 120 0 120 0 0 0 1152733 30578 0 168 114599 250432 62607652 367599 149789 1196385481 1196385481 0 20707641 0 16.689058 1423 5692 10067319 11795705 203 3969 88 160000 250000 84 151998 178132 12 16000 25000 8 16000 25000 32
1791399185474740 10 0 0 10 10 10 0 0 0 0 0 0 98 21 21 0 240 142 121 0 121 0 0 0 1255325 30672 0 169 114678 250448 62828806 367671 151108 1203552179 1203552179 0 21023171 0 15.590439 1542 6168 10909210 12782158 1881 3766 88 160000 250000 84 154665 181258 12 16000 25000 8 16000 25000 32
1791399185667803 10 0 0 10 10 10 0 0 0 0 0 0 97 21 21 0 240 143 122 0 122 0 0 0 1256632 30771 0 171 114743 250462 63020282 367749 152085 1210912309 1210912309 0 21023171 0 15.573413 1560 6240 10951646 12831892 6320 4016 88 160000 250000 84 151998 178133 12 16000 25000 8 16000 25000 32
1791399185856165 10 0 0 10 10 10 0 0 0 0 0 0 96 21 21 0 240 144 123 0 123 0 0 0 1258652 30871 0 172 114826 250478 63206328 367823 153703 1217268226 1217268226 0 21023171 0 15.547810 1201 4804 8431364 9878893 80 3633 88 160000 250000 84 151998 178133 12 16000 25000 8 16000 25000 33
1791399185986180 10 0 0 10 10 10 0 0 0 0 0 0 95 21 21 0 240 145 124 0 124 0 0 0 1281930 30972 0 175 114896 250493 63312802 367877 155002 1223250100 1223250100 0 21338197 0 15.499779 1194 4776 8447209 9897432 1790 3454 88 160000 250000 84 151998 178135 12 16000 25000 8 16000 25000 33
1791399186124905 10 0 0 10 10 10 0 0 0 0 0 0 94 21 21 0 240 146 125 0 125 0 0 0 1284488 31061 0 176 114974 250506 63448705 367939 156279 1229007390 1229007390 0 21653223 0 15.696962 1141 4564 8072249 9458081 261 3144 88 160000 250000 84 151998 178135 12 16000 25000 8 16000 25000 33
1791399186898243 10 0 0 10 10 10 0 0 0 0 0 0 93 21 21 0 240 147 126 0 126 0 0 0 1287528 31187 0 178 115115 250528 64218635 367993 158009 1236094455 1236094455 0 21968249 0 15.887098 1125 4500 8020286 9397171 1534 2988 88 160000 250000 84 151998 178135 12 16000 25000 8 16000 25000 33
1791399187359217 10 0 0 10 10 10 0 0 0 0 0 0 92 21 21 0 240 148 127 0 127 0 0 0 1290489 31288 0 180 115223 250551 64676220 368166 159351 1243493156 1243493156 0 22283275 0 16.077589 1097 4388 7880378 9233237 1613 2855 88 160000 250000 84 151998 178135 12 16000 25000 8 16000 25000 34
1791399187928475 10 0 0 10 10 10 0 0 0 0 0 0 91 21 21 0 240 149 128 0 128 0 0 0 1291744 31401 0 182 115302 250565 65243853 368304 160317 1249572541 1249572541 0 22283275 0 16.060966 1107 4428 7952214 9317388 4973 3062 88 160000 250000 84 151998 178134 12 16000 25000 8 16000 25000 34
1791399187964124 10 0 0 10 10 10 0 0 0 0 0 0 90 21 21 0 240 150 129 0 129 0 0 0 1293505 31490 0 182 115359 250585 65277401 368444 161621 1256184209 1256184209 0 22283275 0 16.038541 1113 4452 8055894 9438842 6696 3581 88 160000 250000 84 154665 181258 12 16000 25000 8 16000 25000 34
1791399188841135 10 0 0 10 10 10 0 0 0 0 0 0 89 21 21 0 240 151 130 0 130 0 0 0 1295144 31657 0 185 115509 250603 66152371 368487 162898 1263705618 1263705618 0 22283275 0 16.016710 1119 4476 8038417 9418355 2212 3448 88 160000 250000 84 151998 178133 12 16000 25000 8 16000 25000 34
1791399188863682 10 0 0 10 10 10 0 0 0 0 0 0 88 21 21 0 240 152 131 0 131 0 0 0 1297560 31740 0 186 115584 250620 66172096 368689 164639 1270606462 1270606462 0 22283275 0 15.986600 1130 4520 8117436 9510922 3100 3415 88 160000 250000 84 154665 181258 12 16000 25000 8 16000 25000 34
1791399189365909 10 0 0 10 10 10 0 0 0 0 0 0 87 21 21 0 240 153 132 0 132 0 0 0 1300580 31840 0 187 115668 250636 66671038 368733 165978 1278176901 1278176901 0 22599024 0 16.175162 1141 4564 8134352 9530733 6027 3671 88 160000 250000 84 154665 181259 12 16000 25000 8 16000 25000 35
1791399191289449 10 0 0 10 10 10 0 0 0 0 0 0 86 21 21 0 240 154 133 0 133 0 0 0 1303720 32010 0 191 115815 250694 68590953 368819 167316 1284808553 1284808553 0 22914773 0 16.360515 1140 4560 8065175 9449687 2696 3577 88 160000 250000 84 151998 178134 12 16000 25000 8 16000 25000 35
1791399191694195 10 0 0 10 10 10 0 0 0 0 0 0 85 21 21 0 240 155 134 0 134 0 0 0 1306592 32150 0 193 115917 250710 68992340 369020 168103 1297779424 1297779424 0 23230522 0 16.548635 1123 4492 8006028 9380362 2500 3473 88 160000 250000 84 151998 178134 12 16000 25000 8 16000 25000 35
1791399192596193 10 0 0 10 10 10 0 0 0 0 0 0 84 21 21 0 240 156 135 0 135 0 0 0 1328618 32321 0 195 116050 250724 69871799 369189 168851 1307594080 1307594080 0 23546271 0 16.499986 1131 4524 8124620 9519322 3515 3478 88 160000 250000 84 151998 178136 12 16000 25000 8 16000 25000 36
1791399192744437 10 0 0 10 10 10 0 0 0 0 0 0 83 21 21 0 240 157 136 0 136 0 0 0 1331330 32411 0 196 116132 250738 70016925 369376 169980 1314210323 1314210323 0 23862020 0 16.686890 1111 4444 7980948 9350970 815 3219 88 160000 250000 84 151998 178136 12 16000 25000 8 16000 25000 36
1791399193167538 10 0 0 10 10 10 0 0 0 0 0 0 82 21 21 0 240 158 137 0 137 0 0 0 1333073 32503 0 197 116204 250755 70437998 369455 171321 1321901694 1321901694 0 23862020 0 16.664467 1113 4452 7995315 9367803 2137 3114 88 160000 250000 84 154665 181259 12 16000 25000 8 16000 25000 36
1791399193257693 10 0 0 10 10 10 0 0 0 0 0 0 81 21 21 0 240 159 138 0 138 0 0 0 1334766 32588 0 198 116272 250770 70526162 369559 172624 1329170526 1329170526 0 23862020 0 16.642797 1115 4460 7948995 9313522 6357 3578 88 160000 250000 84 151998 178135 12 16000 25000 8 16000 25000 36
1791399193293505 10 0 0 10 10 10 0 0 0 0 0 0 80 21 21 0 240 160 139 0 139 0 0 0 1336828 32681 0 199 116356 250788 70559647 369606 174303 1337312898 1337312898 0 23862020 0 16.616609 1123 4492 8006028 9380345 2921 3515 88 160000 250000 84 154665 181261 12 16000 25000 8 16000 25000 36
1791399194105831 10 0 0 10 10 10 0 0 0 0 0 0 76 24 24 0 240 164 140 0 140 0 0 0 1341178 32851 0 201 116628 250814 71367085 369650 176872 1345746415 1345746415 0 23864374 0 16.563581 932 3728 6593634 7725491 89 3182 88 160000 250000 84 151997 178141 12 16000 25000 8 16000 25000 36
1791399194515435 10 0 0 10 10 10 0 0 0 0 0 0 72 27 27 0 240 168 141 0 141 0 0 0 1346383 33010 0 204 116932 250847 71770750 369856 180640 1352331908 1352331908 0 23864374 0 16.499171 933 3732 6600709 7733766 2002 3067 88 160000 250000 84 151997 178148 12 16000 25000 8 16000 25000 36
1791399194603742 10 0 0 10 10 10 0 0 0 0 0 0 68 30 30 0 240 172 142 0 142 0 0 0 1350705 33110 0 205 117159 250874 71854163 370049 183616 1361056448 1361056448 0 23864374 0 16.446447 936 3744 6672878 7818303 5966 3350 88 160000 250000 84 151997 178154 12 16000 25000 8 16000 25000 36
1791399195984303 10 0 0 10 10 10 0 0 0 0 0 0 64 33 33 0 240 176 143 0 143 0 0 0 1355968 33242 0 207 117455 250913 73228904 370095 187418 1377235089 1377235089 0 23864374 0 16.382578 899 3596 6458031 7566558 383 3062 88 160000 250000 84 151997 178160 12 16000 25000 8 16000 25000 36
1791399196003651 10 0 0 10 10 10 0 0 0 0 0 0 60 36 36 0 240 180 144 0 144 0 0 0 1360205 33333 0 208 117671 250943 73243450 370298 190521 1385878033 1385878033 0 23864374 0 16.331697 920 3680 6658960 7801985 10438 3782 88 160000 250000 84 151997 178168 12 16000 25000 8 16000 25000 36
1791399196414083 10 0 0 10 10 10 0 0 0 0 0 0 56 39 39 0 240 184 145 0 145 0 0 0 1364140 33509 0 211 117957 250978 73649375 370343 193351 1395390926 1395390926 0 23864374 0 16.283660 922 3688 6723620 7877724 7120 4108 88 160000 250000 84 151997 178167 12 16000 25000 8 16000 25000 36
1791399196548996 10 0 0 10 10 10 0 0 0 0 0 0 52 42 42 0 240 188 146 0 146 0 0 0 1367959 33674 0 214 118251 251009 73779730 370551 195877 1434535425 1434535425 0 23864374 0 16.237375 933 3732 6803836 7971710 3747 4073 88 160000 250000 84 151997 178171 12 16000 25000 8 16000 25000 36
1791399196610600 10 0 0 10 10 10 0 0 0 0 0 0 48 45 45 0 240 192 147 0 147 0 0 0 1373002 33826 0 217 118614 251049 73835483 370770 199334 1441776580 1441776580 0 23864374 0 16.177415 980 3920 7146580 8373315 3172 3986 88 160000 250000 84 154664 181296 12 16000 25000 8 16000 25000 36
1791399199037863 10 0 0 10 10 10 0 0 0 0 0 0 44 48 48 0 240 196 148 0 148 0 0 0 1377353 33965 0 219 118875 251089 76257695 370992 202186 1448215089 1448215089 0 23864374 0 16.125948 981 3924 7100478 8319306 2227 3816 88 160000 250000 84 151996 178168 12 16000 25000 8 16000 25000 36
1791399199111102 10 0 0 10 10 10 0 0 0 0 0 0 40 51 51 0 240 200 149 0 149 0 0 0 1380536 34066 0 220 119073 251118 76327152 371233 204376 1456033407 1456033407 0 23864374 0 16.088512 977 3908 7124703 8347653 2329 3605 88 160000 250000 84 151996 178174 12 16000 25000 8 16000 25000 36
1791399199649582 10 0 0 10 10 10 0 0 0 0 0 0 36 54 54 0 240 204 150 0 150 0 0 0 1383413 34169 0 222 119304 251149 76862312 371281 206359 1462421027 1462421027 0 23864374 0 16.054691 983 3932 7168458 8398918 2650 3513 88 160000 250000 84 151996 178174 12 16000 25000 8 16000 25000 36
1791399199898369 10 0 0 10 10 10 0 0 0 0 0 0 32 57 57 0 240 208 151 0 151 0 0 0 1385937 39323 0 5286 119509 251179 77103102 371337 207980 1467793623 1467793623 0 23864374 2161 15.969649 1165 4660 8559089 10028225 1569 3324 88 160000 250000 87 157996 185203 12 16000 25000 8 16000 25000 36
1791399199998460 10 0 0 10 10 10 0 0 0 0 0 0 31 57 57 0 240 209 152 0 152 0 0 0 1386886 39417 0 5287 119594 251196 77197161 376204 208630 1475045922 1475045922 0 23864374 2161 15.957971 1120 4412 8091338 9480155 575 3057 88 160000 250000 84 151996 178165 12 16000 25000 8 16000 25000 36
1791399200108145 10 0 0 10 10 10 0 0 0 0 0 0 27 60 60 0 240 213 153 0 153 0 0 0 1389022 101418 0 67196 119782 251227 77242408 376260 209974 1480573217 1480573217 0 23864374 2249 15.271319 1127 4439 8141908 9539406 4819 3230 88 160000 250000 87 157996 185199 12 16000 25000 8 16000 25000 36
1791399200237172 10 0 0 10 10 10 0 0 0 0 0 0 26 60 60 0 240 214 154 0 154 0 0 0 1389814 134694 0 100379 119856 251244 77326574 386939 210506 1486257420 1486257420 0 23864374 3139 14.930610 963 3735 6839187 8013055 85 2924 88 160000 250000 87 157996 185199 12 16000 25000 8 16000 25000 36
1791399200684059 10 0 0 10 10 10 0 0 0 0 0 0 25 60 60 0 240 215 155 0 155 0 0 0 1390765 136837 0 102413 119966 251269 77719509 437639 211115 1493640267 1493640267 0 23864374 8589 14.903772 900 3435 6281560 7359705 154 2655 88 160000 250000 87 158663 185976 12 16000 25000 8 16000 25000 36
1791399202299553 10 0 0 10 10 10 0 0 0 0 0 0 24 60 60 0 240 216 156 0 156 0 0 0 1391873 199195 0 164620 120133 251296 79268856 440084 211810 1501267623 1501267623 0 23864374 9164 14.309621 892 3350 6104357 7152075 1157 2510 88 160000 250000 87 157996 185189 12 16000 25000 8 16000 25000 36
1791399202483938 10 0 0 10 10 10 0 0 0 0 0 0 23 60 60 0 240 217 157 0 157 0 0 0 1392959 210614 0 175937 120240 251322 79418007 462652 212432 1509132490 1509132490 0 23864374 9252 14.198084 801 2959 5383521 6307520 113 2278 88 160000 250000 87 157996 185189 12 16000 25000 8 16000 25000 36
1791399204296539 10 0 0 10 10 10 0 0 0 0 0 0 22 60 60 0 240 218 158 0 158 0 0 0 1393959 213413 0 178581 120402 251355 81225596 463632 213013 1517415048 1517415048 0 23864374 9340 14.164579 787 2859 5193060 6084370 521 2108 88 160000 250000 87 157996 185184 12 16000 25000 8 16000 25000 36
1791399204595024 10 0 0 10 10 10 0 0 0 0 0 0 21 60 60 0 240 219 159 0 159 0 0 0 1394859 215682 0 180759 120501 251376 81489921 494472 213541 1525996947 1525996947 0 23864374 9428 14.136760 780 2786 5051360 5918350 857 1931 88 160000 250000 87 157996 185184 12 16000 25000 8 16000 25000 36
1791399204897506 10 0 0 10 10 10 0 0 0 0 0 0 20 60 60 0 240 220 160 0 160 0 0 0 1395461 215829 0 180761 120643 251393 81790498 495444 213885 1539178103 1539178103 0 23864374 9428 14.130189 775 2721 4966264 5818633 946 1836 88 160000 250000 84 151996 178146 12 16000 25000 8 16000 25000 36
1791399205117560 10 0 0 10 10 10 0 0 0 0 0 0 16 63 63 0 240 224 161 0 161 0 0 0 1397226 234213 0 199054 120870 251427 81989944 495608 214719 1544622360 1544622360 0 23864374 9516 13.955726 764 2682 4937358 5784775 606 1717 88 160000 250000 87 157996 185181 12 16000 25000 8 16000 25000 36
1791399205339302 10 0 0 10 10 10 0 0 0 0 0 0 15 63 63 0 240 225 162 0 162 0 0 0 1397757 235893 0 200640 120961 251451 82208345 496596 214999 1556660794 1556660794 0 23864374 10402 13.937355 742 2560 4704326 5511747 234 1573 88 160000 250000 87 158663 185963 12 16000 25000 8 16000 25000 36
1791399205517963 10 0 0 10 10 10 0 0 0 0 0 0 14 63 63 0 240 226 163 0 163 0 0 0 1398223 300951 0 265611 121050 251467 82319683 498266 215244 1568816251 1568816251 0 23864374 10490 13.399949 702 2379 4355208 5102688 1941 1610 88 160000 250000 87 158663 185963 12 16000 25000 8 16000 25000 36
1791399205810538 10 0 0 10 10 10 0 0 0 0 0 0 13 63 63 0 240 227 164 0 164 0 0 0 1398569 323597 0 288168 121108 251483 82567799 519635 215384 1575561695 1575561695 0 23864374 10578 13.221100 645 2146 3948927 4626674 177 1471 88 160000 250000 87 157996 185179 12 16000 25000 8 16000 25000 36
1791399205817542 10 0 0 10 10 10 0 0 0 0 0 0 12 63 63 0 240 228 165 0 165 0 0 0 1398971 325572 0 290061 121193 251500 82571505 520429 215554 1585388906 1585388906 0 23864374 10666 13.202925 627 2048 3761949 4407606 255 1354 88 160000 250000 87 157996 185173 12 16000 25000 8 16000 25000 36
1791399205882425 10 0 0 10 10 10 0 0 0 0 0 0 11 63 63 0 240 229 166 0 166 0 0 0 1399297 358310 0 322714 121263 251518 82582395 541249 215668 1595249609 1595249609 0 23864374 10754 12.954600 626 2006 3713369 4350685 1729 1391 88 160000 250000 87 157996 185173 12 16000 25000 8 16000 25000 36
1791399205914517 10 0 0 10 10 10 0 0 0 0 0 0 11 62 62 0 240 229 167 0 167 0 0 0 1399297 358400 0 322715 121307 251528 82582399 573171 215668 1617741119 1617741119 0 23864374 10754 12.953937 604 1899 3508908 4111133 268 1282 88 160000 250000 83 152663 178924 12 16000 25000 8 16000 25000 36
1791399205917779 10 0 0 10 10 10 0 0 0 0 0 0 7 65 65 0 240 233 168 0 168 0 0 0 1400063 360246 0 324484 121347 251539 82582937 573210 215729 1627667171 1627667171 0 23864374 10842 12.934763 589 1852 3389708 3971459 1812 1335 88 160000 250000 86 156662 183608 12 16000 25000 8 16000 25000 36
1791399206306752 10 0 0 10 10 10 0 0 0 0 0 0 6 65 65 0 240 234 169 0 169 0 0 0 1400307 360342 0 324486 121517 251552 82970514 574061 215753 1640805028 1640805028 0 23864374 10842 12.932265 615 1896 3497505 4097745 1529 1355 88 160000 250000 83 153329 179709 12 16000 25000 8 16000 25000 36
1791399206535088 10 0 0 10 10 10 0 0 0 0 0 0 6 64 64 0 240 234 170 0 170 0 0 0 1400323 371639 0 335703 121600 251578 83187338 574127 215753 1651339623 1651339623 0 23864374 12108 12.850381 596 1837 3357013 3933126 11826 2377 88 160000 250000 82 151329 177366 12 16000 25000 8 16000 25000 36
1791399210159189 10 0 0 10 2 10 0 0 0 0 0 0 19 63 63 0 253 234 171 0 171 0 0 0 1401215 374169 0 338083 121727 251606 86589319 792638 216455 1666976105 1666976105 0 23864374 17558 12.828540 589 1780 3277521 3839980 683 2213 88 160000 250000 81 149329 175021 12 16000 25000 8 16000 25000 36
1791399210252584 10 0 0 10 2 10 0 0 0 0 0 0 19 62 62 0 253 234 172 0 172 0 0 0 1401492 377779 0 341564 121832 251621 86676478 794836 216662 1677319520 1677319520 0 23864374 18626 12.801087 677 2004 3684304 4316570 2432 2245 88 160000 250000 80 147329 172678 12 16000 25000 8 16000 25000 36
1791399211429901 10 0 0 10 2 10 0 0 0 0 0 0 30 61 54 7 264 234 173 0 173 0 0 0 1401492 377906 0 341567 122081 251632 86676494 1971722 216662 1798103076 1699937542 0 23864374 18626 12.800174 681 1974 3622684 4244375 1798 2202 88 160000 250000 72 136663 166430 12 16000 25000 8 16000 25000 36
1791399211430115 10 0 0 10 2 10 0 0 0 0 0 0 30 60 54 6 264 234 174 0 174 0 0 0 1401492 377997 0 341569 122082 251641 86676497 1971809 216662 1798103076 1722363853 0 23864374 18626 12.799519 318 922 1674342 1961678 27 1991 88 160000 250000 72 136663 160182 12 16000 25000 8 16000 25000 36
1791399211492119 10 0 0 10 2 10 0 0 0 0 0 0 30 59 54 5 264 234 175 0 175 0 0 0 1401492 439930 0 403391 122082 251652 86676500 1971845 216662 1798103076 1733099736 0 23864374 18714 12.369075 302 876 1573661 1843720 161 1814 88 160000 250000 70 132663 157837 12 16000 25000 8 16000 25000 36
1791399211573382 10 0 0 10 2 10 0 0 0 0 0 0 30 58 54 4 264 234 176 0 176 0 0 0 1401492 471034 0 434398 122082 251663 86676507 2021962 216662 1798103076 1743728449 0 23864374 18802 12.163661 182 517 926080 1085003 10 1639 88 160000 250000 70 132663 155494 12 16000 25000 8 16000 25000 36
1791399211615436 10 0 0 10 2 10 0 0 0 0 0 0 30 57 54 3 264 234 177 0 177 0 0 0 1401492 512154 0 475405 122082 251675 86676512 2022857 216662 1798103076 1760757377 0 23864374 20961 11.903367 125 347 620738 727261 9 1481 88 160000 250000 66 127331 153928 12 16000 25000 8 16000 25000 36
1791399211812405 10 0 0 10 2 10 0 0 0 0 0 0 30 54 54 0 264 234 180 0 180 0 0 0 1401492 677329 0 640277 122082 251687 86676520 2054604 216662 1798103076 1798103076 0 23864374 21813 10.957963 67 174 309014 362043 12 1210 88 160000 250000 66 127331 149244 12 16000 25000 8 16000 25000 36
1791399212515926 10 0 1 9 2 10 0 0 0 0 0 0 39 53 49 4 273 234 181 0 181 0 0 0 1401492 680294 0 643126 122260 251743 86676536 2754879 216662 1848882596 1804321359 0 23864374 23934 10.943327 57 145 258240 302554 8 1093 88 160000 250000 63 123332 147684 12 16000 25000 8 16000 25000 36
1791399212883211 10 0 1 9 2 10 0 0 0 0 0 0 61 52 45 7 295 234 182 0 182 0 0 0 1401492 682520 0 645247 122383 251755 86676549 3119763 216662 1906068059 1812239651 0 23864374 24022 10.931679 55 136 244689 286677 17 989 88 160000 250000 62 121332 145344 12 16000 25000 8 16000 25000 36
1791399212886302 10 0 1 9 2 10 0 0 0 0 0 0 61 51 45 6 295 234 183 0 183 0 0 0 1401492 684641 0 647283 122383 251765 86676552 3120695 216662 1906068059 1828867381 0 23864374 24110 10.920605 55 133 237954 278787 119 905 88 160000 250000 57 111332 142994 12 16000 25000 8 16000 25000 36
1791399212924825 10 0 1 9 2 10 0 0 0 0 0 0 61 47 45 2 295 234 187 0 187 0 0 0 1401492 712168 0 674490 122383 251776 86676556 3131653 216662 1906068059 1893091778 0 23864374 28887 10.780537 50 109 194554 227936 44 714 88 160000 250000 57 111332 133622 12 16000 25000 8 16000 25000 36
1791399213934852 10 0 1 9 2 10 0 0 0 0 0 0 109 46 44 2 343 234 188 0 188 0 0 0 1401492 714453 0 676660 122444 251840 86676572 4139224 216662 1920540453 1907564172 0 23864374 28975 10.768935 47 99 177125 207517 16 647 88 160000 250000 56 109332 131277 12 16000 25000 8 16000 25000 36
1791399214019453 10 0 1 9 2 10 0 0 0 0 0 0 109 44 44 0 343 234 190 0 190 0 0 0 1401492 728513 0 690514 122444 251853 86676590 4209706 216662 1920540453 1920540453 0 23864374 29739 10.698192 41 82 146146 171222 5 559 88 160000 250000 56 109332 128154 12 16000 25000 8 16000 25000 36
1791399215034023 10 0 0 10 2 10 0 0 0 0 0 0 114 45 45 0 350 236 191 0 191 0 0 0 1407624 770432 0 732307 122620 251906 87406167 4446387 221720 1939107363 1939107363 0 23864374 30219 10.462385 37 71 126854 148619 4 506 88 160000 250000 57 109998 128936 12 16000 25000 8 16000 25000 36
1791399215263672 10 0 0 10 2 10 0 0 0 0 0 0 119 44 44 0 355 236 192 0 192 0 0 0 1407624 802603 0 764356 122694 251919 87406182 4643731 221720 1949675430 1949675430 0 23864374 30307 10.310137 37 69 122323 143311 358 492 88 160000 250000 56 107998 126594 12 16000 25000 8 16000 25000 36
1791399215326354 10 0 0 10 2 10 0 0 0 0 0 0 119 43 43 0 355 236 193 0 193 0 0 0 1407624 834173 0 795811 122726 251931 87406191 4674764 221720 1968290778 1968290778 0 23864374 33215 10.166182 37 67 117793 138002 107 438 88 160000 250000 55 106665 125032 12 16000 25000 8 16000 25000 36
1791399216235417 10 0 1 9 2 10 0 0 0 0 0 0 149 42 42 0 385 236 194 0 194 0 0 0 1407624 846894 0 808413 122779 251943 87406207 5570999 221720 1979491973 1979491973 0 23864374 33303 10.108857 37 65 112758 132104 188 415 88 160000 250000 54 104665 122689 12 16000 25000 8 16000 25000 36
1791399217397421 10 0 1 9 2 10 0 0 0 0 0 0 149 41 41 0 385 236 195 0 195 0 0 0 1414950 848903 0 810305 122897 251973 88547517 5582176 227988 2002277124 2002277124 0 23864374 33391 10.067211 36 61 105303 123368 16 377 88 160000 250000 53 102665 120346 12 16000 25000 8 16000 25000 36
1791399217589666 10 0 1 9 2 10 0 0 0 0 0 0 149 40 40 0 385 236 196 0 196 0 0 0 1417334 849052 0 810308 123015 251991 88735774 5583463 230160 2031021346 2031021346 0 23864374 33391 10.055959 35 57 98092 114919 2818 616 88 160000 250000 49 94665 110965 12 16000 25000 8 16000 25000 36
1791399218459281 10 0 1 9 2 10 0 0 0 0 0 0 148 40 40 0 385 237 197 0 197 0 0 0 1422872 849206 0 810311 123170 252011 89599279 5583673 234968 2064421078 2064421078 0 23864374 33391 10.030767 36 59 102854 120498 7438 1282 88 160000 250000 46 88665 103934 12 16000 25000 8 16000 25000 36
1791399218657310 10 0 1 9 2 10 0 0 0 0 0 0 147 40 40 0 385 238 198 0 198 0 0 0 1428732 861448 0 822416 123301 252028 89778821 5583879 240161 2086513464 2086513464 0 23864374 33479 9.951518 37 60 105711 123847 535 1210 88 160000 250000 46 88665 103926 12 16000 25000 8 16000 25000 36
1791399218947992 10 0 2 8 2 10 0 0 0 0 0 0 147 39 39 0 385 238 199 0 199 0 0 0 1431900 861594 0 822418 123411 252045 90064707 5585206 242983 2123588036 2123588036 0 23864374 33479 9.937139 38 59 103915 121743 1430 1232 88 160000 250000 42 80665 94551 12 16000 25000 8 16000 25000 36
1791399219375698 10 0 1 9 2 10 0 0 0 0 0 0 146 39 39 0 385 239 200 0 200 0 0 0 1437962 861754 0 822421 123558 252076 90485776 5585415 248436 2157710883 2157710883 0 23864374 33479 9.910254 40 63 109384 128151 6901 1786 88 160000 250000 39 74665 87521 12 16000 25000 8 16000 25000 36
1791399219452203 10 0 1 9 2 10 0 0 0 0 0 0 145 39 39 0 385 240 201 0 201 0 0 0 1441392 864032 0 824562 123660 252092 90556221 5585623 251296 2180607326 2180607326 0 23864374 33567 9.885753 41 67 117139 137238 336 1646 88 160000 250000 39 74665 87521 12 16000 25000 8 16000 25000 36
1791399219602120 10 0 1 9 2 10 0 0 0 0 0 0 145 38 38 0 385 240 202 0 202 0 0 0 1444532 866378 0 826781 123734 252116 90699486 5586663 254086 2203651354 2203651354 0 23864374 33655 9.862321 42 66 114853 134560 3805 1857 88 160000 250000 38 72665 85178 12 16000 25000 8 16000 25000 36
1791399219693463 10 0 1 9 2 10 0 0 0 0 0 0 145 37 37 0 385 240 203 0 203 0 0 0 1447565 868617 0 828916 123787 252132 90784628 5587496 256838 2226788639 2226788639 0 23864374 33743 9.839909 44 69 120323 140968 2882 1958 88 160000 250000 37 70665 82835 12 16000 25000 8 16000 25000 36
1791399220242966 10 0 1 9 2 10 0 0 0 0 0 0 145 36 36 0 385 240 204 0 204 0 0 0 1450462 871402 0 831547 123903 252149 91327146 5588636 259542 2246907036 2246907036 0 23864374 33831 9.815865 45 70 123057 144172 3670 2126 88 160000 250000 36 68665 80491 12 16000 25000 8 16000 25000 36
1791399220329130 10 0 1 9 2 10 0 0 0 0 0 0 145 35 35 0 385 240 205 0 205 0 0 0 1455772 913509 0 873535 123970 252168 91364643 5589770 264388 2267539021 2267539021 0 23864374 34303 9.619608 45 70 123670 144889 3635 2274 88 160000 250000 35 66665 78148 12 16000 25000 8 16000 25000 36
1791399220401008 10 0 1 9 2 10 0 0 0 0 0 0 150 34 34 0 390 240 206 0 206 0 0 0 1460870 915372 0 875306 124028 252191 91381035 5638181 269157 2287645793 2287645793 0 23864374 34391 9.591463 46 72 126418 148109 436 2013 88 160000 250000 34 64665 75805 12 16000 25000 8 16000 25000 36
1791399221330491 10 0 1 9 2 10 0 0 0 0 0 0 150 33 33 0 390 240 207 0 207 0 0 0 1466147 1007696 0 967496 124146 252215 92211856 5639074 274050 2303760050 2303760050 0 23864374 36456 9.213846 47 73 129166 151329 3237 2134 88 160000 250000 33 62665 73462 12 16000 25000 8 16000 25000 36
1791399222680478 10 0 1 9 2 10 0 0 0 0 0 0 171 32 32 0 411 240 208 0 208 0 0 0 1466147 1050768 0 1010450 124203 252227 92211872 6945875 274050 2311355639 2311355639 0 23864374 36544 9.056202 47 73 129166 151329 166 1943 88 160000 250000 32 61332 71899 12 16000 25000 8 16000 25000 36
1791399223117902 10 0 2 8 2 10 0 0 0 0 0 0 171 31 31 0 411 240 209 0 209 0 0 0 1469829 1052844 0 1012389 124311 252244 92623369 6965889 277334 2316878663 2316878663 0 23864374 36632 9.035565 45 70 123057 144172 10 1756 88 160000 250000 31 59332 69556 12 16000 25000 8 16000 25000 36
1791399223377745 10 0 2 8 2 10 0 0 0 0 0 0 171 30 30 0 411 240 210 0 210 0 0 0 1473522 1104688 0 1064093 124426 252263 92816465 6976938 280604 2343589355 2343589355 0 23864374 37514 8.841257 45 68 117547 137714 1163 1699 88 160000 250000 30 57999 67994 12 16000 25000 8 16000 25000 36
1791399223648547 10 0 2 8 2 10 0 0 0 0 0 0 180 29 27 2 420 240 211 0 211 0 0 0 1473522 1108389 0 1067675 124538 252275 92816481 7243868 280604 2407129391 2368044590 0 23864374 37602 8.828616 46 69 119533 140041 481 1582 88 160000 250000 28 53999 65652 12 16000 25000 8 16000 25000 36
1791399223651941 10 0 2 8 2 10 0 0 0 0 0 0 180 28 27 1 420 240 212 0 212 0 0 0 1473522 1110690 0 1069890 124538 252285 92816486 7244920 280604 2407129391 2389207360 0 23864374 37690 8.820787 46 69 120159 140775 158 1444 88 160000 250000 28 53999 63309 12 16000 25000 8 16000 25000 36
1791399223656826 10 0 2 8 2 10 0 0 0 0 0 0 180 27 27 0 420 240 213 0 213 0 0 0 1473522 1114279 0 1073392 124538 252296 92816490 7246176 280604 2407129391 2407129391 0 23864374 37877 8.808623 46 69 120785 141508 127 1317 88 160000 250000 27 52666 61747 12 16000 25000 8 16000 25000 36
1791399225263303 10 0 3 7 2 10 0 0 0 0 0 0 182 26 26 0 422 240 214 0 214 0 0 0 1483790 1116095 0 1075086 124649 252328 94394426 7262459 289779 2418129162 2418129162 0 23864374 37965 8.767713 47 71 122771 143835 92 1198 88 160000 250000 26 51333 60185 12 16000 25000 8 16000 25000 36
1791399225559290 10 0 3 7 2 10 0 0 0 0 0 0 181 26 26 0 422 241 215 0 215 0 0 0 1575095 1118349 0 1077230 124796 252346 94595650 7263468 294846 2438340673 2438340673 0 24505286 38053 8.690120 47 71 122131 143085 1583 1237 88 160000 250000 37 66000 77376 12 16000 25000 8 16000 25000 37
1791399228513536 10 0 2 8 2 10 0 0 0 0 0 0 180 26 26 0 422 242 216 0 216 0 0 0 1619782 1121272 0 1080027 125006 252379 97500708 7264764 305771 2472240554 2472240554 0 25146198 38141 8.762198 47 71 121492 142336 3044 1496 88 160000 250000 48 80000 93787 12 16000 25000 8 16000 25000 37
1791399228570356 10 0 2 8 2 10 0 0 0 0 0 0 180 25 25 0 422 242 217 0 217 0 0 0 1624612 1152463 0 1111124 125061 252398 97509195 7276972 310319 2498290460 2498290460 0 25146198 38229 8.648575 48 69 120812 141539 3639 1706 88 160000 250000 47 78000 91444 12 16000 25000 8 16000 25000 37
1791399228583338 10 0 2 8 2 10 0 0 0 0 0 0 180 24 24 0 422 242 218 0 218 0 0 0 1624612 1164284 0 1122860 125154 252408 97509198 7278005 310319 2527806060 2527806060 0 25146198 38317 8.611947 49 70 123328 144487 737 1612 88 160000 250000 46 76000 89102 12 16000 25000 8 16000 25000 37
1791399228615331 10 0 3 7 2 10 0 0 0 0 0 0 180 23 23 0 422 242 219 0 219 0 0 0 1624612 1185898 0 1144380 125180 252419 97509203 7288319 310319 2537424390 2537424390 0 25146198 38405 8.545748 50 69 122444 143451 1021 1555 88 160000 250000 45 74000 86757 12 16000 25000 8 16000 25000 37
1791399228773645 10 0 4 6 2 10 0 0 0 0 0 0 180 22 22 0 422 242 220 0 220 0 0 0 1627720 1200873 0 1159259 125239 252434 97638365 7299290 313184 2560369037 2560369037 0 25146198 42369 8.492452 49 67 119995 140582 198 1424 88 160000 250000 44 72000 84414 12 16000 25000 8 16000 25000 37
1791399232057441 10 0 5 5 2 10 0 0 0 0 0 0 220 21 21 0 462 242 221 0 221 0 0 0 1639968 1352491 0 1310722 125362 252472 100465564 7591820 324033 2572896905 2572896905 0 25146198 42457 8.027436 50 69 122444 143451 1311 1414 88 160000 250000 43 70000 82071 12 16000 25000 8 16000 25000 37
1791399235983345 10 0 5 5 2 10 0 0 0 0 0 0 220 20 20 0 462 242 222 0 222 0 0 0 1656356 1355145 0 1313236 125490 252521 104361128 7602898 338418 2614766247 2614766247 0 25146198 42545 7.976706 49 67 119995 140582 82 1225 88 160000 250000 42 68000 79727 12 16000 25000 8 16000 25000 37
1791399236016775 10 0 5 5 2 10 0 0 0 0 0 0 220 19 19 0 462 242 223 0 223 0 0 0 1656356 1377608 0 1335614 125535 252531 104361133 7613779 338418 2656646774 2656646774 0 25146198 42633 7.917675 53 70 126186 147834 5598 1652 88 160000 250000 41 66000 77384 12 16000 25000 8 16000 25000 37
1791399236089729 10 0 5 5 2 10 0 0 0 0 0 0 220 18 18 0 462 242 224 0 224 0 0 0 1656356 1439441 0 1397365 125569 252541 104361136 7624831 338418 2698549161 2698549161 0 25146198 42721 7.759561 54 68 124894 146320 1395 1628 88 160000 250000 40 64000 75041 12 16000 25000 8 16000 25000 37
1791399236203766 10 0 5 5 2 10 0 0 0 0 0 0 220 17 17 0 462 242 225 0 225 0 0 0 1662155 1531662 0 1489472 125622 252560 104366720 7635169 343667 2740544697 2740544697 0 25146198 43302 7.521589 60 75 138771 162577 520 1521 88 160000 250000 39 62000 72698 12 16000 25000 8 16000 25000 37
1791399237120772 10 0 6 4 2 10 0 0 0 0 0 0 220 16 16 0 462 242 226 0 226 0 0 0 1666286 1534000 0 1491673 125725 252579 105166243 7746030 347307 2759199257 2759199257 0 25146198 43390 7.506411 66 83 152648 178835 415 1414 88 160000 250000 38 60000 70355 12 16000 25000 8 16000 25000 37
1791399238827449 10 0 7 3 2 10 0 0 0 0 0 0 220 15 15 0 462 242 227 0 227 0 0 0 1674269 1534319 0 1491867 125826 252602 106863476 7747019 354385 2772675417 2772675417 0 25146198 43390 7.486989 73 91 169831 198966 2873 1623 88 160000 250000 26 44000 51607 12 16000 25000 8 16000 25000 41
1791399239286819 10 0 7 3 2 10 0 0 0 0 0 0 219 15 15 0 462 243 228 0 228 0 0 0 1720069 1534618 0 1492070 125966 252622 107276262 7747320 359572 2786366286 2786366286 0 25787110 43390 7.568741 80 118 210063 246101 156 1481 88 160000 250000 26 44000 51607 12 16000 25000 8 16000 25000 45
1791399241281808 10 0 6 4 2 10 0 0 0 0 0 0 218 15 15 0 462 244 229 0 229 0 0 0 1810135 1536860 0 1494195 126130 252647 109178535 7747511 368109 2828528134 2828528134 0 26428022 43478 7.542643 89 151 260335 305000 389 1376 88 160000 250000 37 58000 68009 12 16000 25000 8 16000 25000 46
1791399241406876 10 0 6 4 2 10 0 0 0 0 0 0 218 14 14 0 462 244 230 0 230 0 0 0 1815805 1538732 0 1495979 126186 252663 109294994 7748483 373515 2869926182 2869926182 0 26428022 43566 7.525710 104 177 305627 358063 4881 1719 88 160000 250000 36 56000 65666 12 16000 25000 8 16000 25000 46
1791399241677131 10 0 6 4 2 10 0 0 0 0 0 0 218 13 13 0 462 244 231 0 231 0 0 0 1821422 1541318 0 1498460 126244 252681 109545402 7760024 378925 2912478654 2912478654 0 26428022 48349 7.508709 112 190 330661 387393 4198 1961 88 160000 250000 35 54000 63323 12 16000 25000 8 16000 25000 46
1791399247874426 10 0 6 4 2 10 0 0 0 0 0 0 267 14 13 1 511 244 231 0 231 0 0 0 1854016 1541329 0 1498460 127088 252729 115203520 8265624 408482 2961233564 2912478654 0 26428022 48349 7.436604 116 197 342470 401229 3325 2095 88 160000 250000 35 54000 63310 12 16000 25000 8 16000 25000 46
1791399247876709 10 0 6 4 2 10 0 0 0 0 0 0 267 12 12 0 511 244 232 0 232 0 0 0 1854016 1543564 0 1500599 127159 252743 115203520 8265624 408482 2961233564 2961233564 0 26428022 49141 7.431934 116 197 342470 401229 3325 2216 88 160000 250000 34 52000 60966 12 16000 25000 8 16000 25000 46
1791399254050777 10 0 6 4 2 10 0 0 0 0 0 0 275 13 12 1 519 244 232 0 232 0 0 0 1884274 1543570 0 1500599 127169 252780 121206563 8406180 436557 3009367189 2961233564 0 26428022 49141 7.366318 122 207 360184 421982 4831 2472 88 160000 250000 34 52000 60967 12 16000 25000 8 16000 25000 46
1791399254065234 10 0 6 4 2 10 0 0 0 0 0 0 275 11 11 0 519 244 233 0 233 0 0 0 1884274 1557978 0 1514892 127328 252793 121206563 8406180 436557 3009367189 3009367189 0 26428022 50508 7.335864 122 207 360184 421982 4831 2703 88 160000 250000 33 50000 58623 12 16000 25000 8 16000 25000 46
1791399258954401 10 0 6 4 2 10 0 0 0 0 0 0 289 10 10 0 533 244 234 0 234 0 0 0 1912247 1570594 0 1527388 127437 252832 125388766 9072376 462625 3062466817 3062466817 0 26428022 53236 7.251119 131 222 386755 453111 2853 2719 88 160000 250000 32 48000 56280 12 16000 25000 8 16000 25000 46
1791399261202503 10 0 6 4 2 10 0 0 0 0 0 0 317 9 8 1 561 244 235 0 235 0 0 0 1912247 1603104 0 1559772 127520 252845 125388784 11287824 462625 3169410280 3116690101 0 26428022 54795 7.184484 142 241 419231 491159 3270 2799 88 160000 250000 30 44000 53937 12 16000 25000 8 16000 25000 46
1791399261664798 10 0 6 4 2 10 0 0 0 0 0 0 333 8 8 0 577 244 236 0 236 0 0 0 1912247 1615465 0 1572027 127520 252857 125388794 11737708 462625 3169410280 3169410280 0 26428022 54883 7.159333 122 207 360184 421982 27 2530 88 160000 250000 30 44000 51594 12 16000 25000 8 16000 25000 46
1791399264548629 10 0 6 4 2 10 0 0 0 0 0 0 333 7 7 0 577 244 237 0 237 0 0 0 1932975 1617844 0 1574285 127629 252895 128248339 11738709 481591 3233950279 3233950279 0 26428022 56451 7.113165 108 183 318852 373558 20 2286 88 160000 250000 29 42000 49251 12 16000 25000 8 16000 25000 46
1791399264769637 10 0 6 4 2 10 0 0 0 0 0 0 349 6 6 0 593 244 238 0 238 0 0 0 1941441 1619797 0 1576135 127701 252919 128393227 11804287 489350 3293813187 3293813187 0 26428022 62481 7.093969 117 199 345423 404687 6600 2902 88 160000 250000 28 40000 46908 12 16000 25000 8 16000 25000 46
1791399266515973 10 0 7 3 2 10 0 0 0 0 0 0 410 5 4 1 654 244 239 0 239 0 0 0 1941441 1620201 0 1576427 127787 252931 128393244 13550077 489350 3381536556 3321181029 0 26428022 62481 7.093164 140 238 415232 486474 7250 3327 88 160000 250000 16 24000 28170 12 16000 25000 8 16000 25000 49
1791399266519977 10 0 8 2 2 10 0 0 0 0 0 0 410 4 4 0 654 244 240 0 240 0 0 0 1941441 1623990 0 1580132 127787 252941 128393247 13550254 489350 3381536556 3381536556 0 26428022 70522 7.087777 165 317 538769 631199 86 3012 88 160000 250000 15 22000 25826 12 16000 25000 8 16000 25000 49
1791399267670461 10 0 8 2 2 10 0 0 0 0 0 0 491 3 3 0 735 244 241 0 241 0 0 0 1941441 1626814 0 1582844 127841 252953 128393264 14697805 489350 3448496396 3448496396 0 26428022 71904 7.082537 149 286 486525 569992 48 2724 88 160000 250000 14 20000 23483 12 16000 25000 8 16000 25000 49
1791399272017351 10 0 7 3 2 10 0 0 0 0 0 0 504 4 4 0 749 245 241 0 241 0 0 0 2002855 1626825 0 1582844 128027 253008 132623479 14752752 534674 3448496396 3448496396 0 27068934 71904 7.131075 145 279 473464 554690 95 2593 88 160000 250000 26 36000 42231 12 16000 25000 8 16000 25000 50
1791399272053495 10 0 7 3 2 10 0 0 0 0 0 0 504 3 3 0 749 245 242 0 242 0 0 0 2002855 1662751 0 1618673 128060 253020 132623482 14752891 534674 3520506132 3520506132 0 27068934 71992 7.061207 145 279 473464 554690 95 2239 88 160000 250000 25 34000 39887 12 16000 25000 8 16000 25000 50
1791399276553304 10 0 8 2 2 10 0 0 0 0 0 0 504 2 2 0 749 245 243 0 243 0 0 0 2051545 1663221 0 1619014 128191 253086 137021659 14805133 579377 3557688263 3557688263 0 27068934 71992 6.967762 151 290 495111 580051 1614 2179 88 160000 250000 13 18000 21147 12 16000 25000 8 16000 25000 53
1791399277452776 10 0 8 2 2 10 0 0 0 0 0 0 503 2 2 0 749 246 244 0 244 0 0 0 2075208 1665527 0 1621188 128387 253106 137894637 14805410 587978 3636021463 3636021463 0 27709846 72080 7.082808 164 352 584594 684880 443 2011 88 160000 250000 24 32000 37552 12 16000 25000 8 16000 25000 54
1791399287719322 10 0 8 2 2 10 0 0 0 0 0 0 503 3 2 1 749 246 244 0 244 0 0 0 2181552 1665563 0 1621188 128429 253234 148052411 14807372 685280 3647171867 3636021463 0 27709846 72080 6.886955 169 363 602417 705760 9785 3455 88 160000 250000 24 32000 37557 12 16000 25000 8 16000 25000 58
1791399287719855 10 0 9 1 2 10 0 0 0 0 0 0 503 1 1 0 749 246 245 0 245 0 0 0 2181552 1666022 0 1621515 128676 253256 148052411 14807372 685280 3647171867 3647171867 0 27709846 72080 6.886134 169 363 602417 705760 9785 4073 88 160000 250000 12 16000 18809 12 16000 25000 8 16000 25000 58
1791399292849584 10 0 8 2 2 10 0 0 0 0 0 0 502 2 2 0 749 247 245 0 245 0 0 0 2305336 1666034 0 1621515 128783 253317 153057589 14807893 729850 3647171867 3647171867 0 28350758 72080 6.825385 167 386 622553 729334 712 3905 88 160000 250000 24 32000 37553 12 16000 25000 8 16000 25000 58
1791399294496017 10 0 9 1 2 10 0 0 0 0 0 0 502 1 1 0 749 247 246 0 246 0 0 0 2321880 1666341 0 1621710 128883 253354 154686751 14808139 745147 3673929758 3673929758 0 28350758 72080 6.796547 167 386 622553 729334 712 3451 88 160000 250000 12 16000 18809 12 16000 25000 8 16000 25000 62
1791399299163336 10 0 8 2 2 10 0 0 0 0 0 0 501 2 2 0 749 248 246 0 246 0 0 0 2428734 1666352 0 1621710 129059 253409 159246694 14808362 789857 3673929758 3673929758 0 28991670 72080 6.768442 168 415 653709 765810 2142 3386 88 160000 250000 24 32000 37559 12 16000 25000 8 16000 25000 67
1791399299164048 10 0 9 1 2 10 0 0 0 0 0 0 501 1 1 0 749 248 247 0 247 0 0 0 2428734 1666822 0 1622087 129091 253422 159246697 14808527 789857 3685293863 3685293863 0 28991670 72080 6.767665 168 415 653709 765810 2142 3209 88 160000 250000 12 16000 18814 12 16000 25000 8 16000 25000 66
1791399304309950 10 0 8 2 2 10 0 0 0 0 0 0 500 2 2 0 749 249 247 0 247 0 0 0 2568293 1666835 0 1622087 129192 253470 164251844 14808694 834273 3685293863 3685293863 0 29632582 72080 6.688953 165 445 689179 807338 144 3056 88 160000 250000 24 32000 37555 12 16000 25000 8 16000 25000 67
1791399310730484 10 0 8 2 2 10 0 0 0 0 0 0 500 3 2 1 749 249 247 0 247 0 0 0 2632529 1666847 0 1622087 129278 253524 170607641 14808963 894366 3696765088 3685293863 0 29632582 72080 6.588996 165 445 689179 807338 144 2642 88 160000 250000 24 32000 37560 12 16000 25000 8 16000 25000 71
1791399310731033 10 0 9 1 2 10 0 0 0 0 0 0 500 1 1 0 749 249 248 0 248 0 0 0 2632529 1667335 0 1622473 129337 253556 170607641 14808963 894366 3696765088 3696765088 0 29632582 72080 6.588249 165 445 689179 807338 144 2400 88 160000 250000 12 16000 18818 12 16000 25000 8 16000 25000 70
1791399314079762 10 0 9 1 2 10 0 0 0 0 0 0 499 1 1 0 749 250 249 0 249 0 0 0 2682168 1667656 0 1622686 129522 253599 173905920 14809186 929886 3716287044 3716287044 0 30273494 72080 6.653096 161 460 698757 818518 121 2179 88 160000 250000 12 16000 18816 12 16000 25000 8 16000 25000 74
1791399319200583 10 0 8 2 2 10 0 0 0 0 0 0 498 2 2 0 749 251 249 0 249 0 0 0 2797396 1667667 0 1622686 129616 253639 178911048 14809434 973813 3716287044 3716287044 0 30914408 72080 6.618276 160 484 720539 844005 319 2086 88 160000 250000 24 32000 37558 12 16000 25000 8 16000 25000 75
1791399322315900 10 0 9 1 2 10 0 0 0 0 0 0 498 1 1 0 749 251 250 0 250 0 0 0 2831361 1668105 0 1623015 129718 253681 181991629 14809576 1005682 3727858445 3727858445 0 30914408 72080 6.567672 160 484 720539 844005 319 1836 88 160000 250000 12 16000 18823 12 16000 25000 8 16000 25000 78
1791399327416140 10 0 8 2 2 10 0 0 0 0 0 0 497 2 2 0 749 252 250 0 250 0 0 0 2927382 1668119 0 1623015 129820 253731 186995374 14809806 1049968 3727858445 3727858445 0 31555322 72080 6.563428 159 516 761464 891905 885 1789 88 160000 250000 24 32000 37559 12 16000 25000 8 16000 25000 79
1791399347775302 10 0 8 2 2 10 0 0 0 0 0 0 497 3 2 1 749 252 250 0 250 0 0 0 3115630 1668156 0 1623015 129950 253919 207165276 14810356 1226508 3761482638 3727858445 0 31555322 72080 6.305098 159 516 761464 891905 885 1553 88 160000 250000 24 32000 37564 12 16000 25000 8 16000 25000 83
1791399347775643 10 0 9 1 2 10 0 0 0 0 0 0 497 1 1 0 749 252 251 0 251 0 0 0 3115630 1668457 0 1623214 130004 253932 207165276 14810356 1226508 3761482638 3761482638 0 31555322 72080 6.304702 159 516 761464 891905 885 1489 88 160000 250000 12 16000 18822 12 16000 25000 8 16000 25000 83
1791399352939906 10 0 8 2 2 10 0 0 0 0 0 0 496 2 2 0 749 253 251 0 251 0 0 0 3274271 1668470 0 1623214 130107 253989 212170475 14810530 1270686 3761482638 3761482638 0 32196244 72080 6.225993 159 552 806893 945091 472 1439 88 160000 250000 24 32000 37559 12 16000 25000 8 16000 25000 83
1791399354917875 10 0 9 1 2 10 0 0 0 0 0 0 496 1 1 0 749 253 252 0 252 0 0 0 3290114 1668855 0 1623489 130190 254019 214131925 14810666 1285613 3794034550 3794034550 0 32196244 72080 6.205619 159 552 806893 945091 472 1303 88 160000 250000 12 16000 18827 12 16000 25000 8 16000 25000 87
1791399355530242 10 0 8 2 2 10 0 0 0 0 0 0 494 2 2 0 749 255 253 0 253 0 0 0 3372942 1955178 0 1909654 130572 254080 214374458 14810871 1335626 3794271174 3794271174 0 32837166 52352117 15.247936 159 588 852322 998257 656 1241 88 160000 250000 24 32000 37610 12 16000 25000 8 16000 25000 137
1791399363947826 10 0 8 2 2 10 0 0 0 0 0 0 494 3 2 1 749 255 253 0 253 0 0 0 3454930 1955199 0 1909654 130599 254174 222709288 14811334 1411821 3810331215 3794271174 0 32837166 52352117 15.016801 152 571 833410 976085 1 1121 88 160000 250000 24 32000 37615 12 16000 25000 8 16000 25000 141
1791399363948175 10 0 9 1 2 10 0 0 0 0 0 0 494 1 1 0 749 255 254 0 254 0 0 0 3454930 1955506 0 1909857 130733 254187 222709288 14811334 1411821 3810331215 3810331215 0 32837166 52352117 15.015949 152 571 833410 976085 1 1012 88 160000 250000 12 16000 18877 12 16000 25000 8 16000 25000 141
1791399367293335 10 0 9 1 2 10 0 0 0 0 0 0 493 1 1 0 749 256 255 0 255 0 0 0 3523296 1955863 0 1910107 131658 254242 225984519 14811524 1447482 3822672695 3822672695 0 33478088 52352117 14.939165 151 601 871070 1020161 144 928 88 160000 250000 12 16000 18875 12 16000 25000 8 16000 25000 145
1791399372386143 10 0 8 2 2 10 0 0 0 0 0 0 492 2 2 0 749 257 255 0 255 0 0 0 3612010 1955877 0 1910107 131761 254295 230988079 14811810 1491814 3822672695 3822672695 0 34119010 52352117 14.810878 150 631 908159 1063553 368 874 88 160000 250000 24 32000 37605 12 16000 25000 8 16000 25000 145
1791399378869942 10 0 8 2 2 10 0 0 0 0 0 0 492 3 2 1 749 257 255 0 255 0 0 0 3673830 1955893 0 1910107 131788 254361 237409537 14812058 1549244 3834207250 3822672695 0 34119010 52352117 14.648197 150 631 908159 1063553 368 803 88 160000 250000 24 32000 37610 12 16000 25000 8 16000 25000 150
1791399378870491 10 0 9 1 2 10 0 0 0 0 0 0 492 1 1 0 749 257 256 0 256 0 0 0 3673830 1956393 0 1910510 131926 254382 237409537 14812058 1549244 3834207250 3834207250 0 34119010 52352117 14.646896 150 631 908159 1063553 368 762 88 160000 250000 12 16000 18880 12 16000 25000 8 16000 25000 149
1791399383013216 10 0 8 2 2 10 0 0 0 0 0 0 491 2 2 0 749 258 256 0 256 0 0 0 3812481 1956403 0 1910510 132032 254437 241413160 14812270 1585103 3834207250 3834207250 0 34759932 52352117 14.400796 150 665 951016 1113691 274 738 88 160000 250000 24 32000 37605 12 16000 25000 8 16000 25000 150
1791399390073666 10 0 8 2 2 10 0 0 0 0 0 0 491 3 2 1 749 258 256 0 256 0 0 0 3874448 1956420 0 1910510 132050 254502 248411168 14812464 1642668 3845309078 3834207250 0 34759932 52352117 14.247711 150 665 951016 1113691 274 673 88 160000 250000 24 32000 37610 12 16000 25000 8 16000 25000 154
1791399390074218 10 0 9 1 2 10 0 0 0 0 0 0 491 1 1 0 749 258 257 0 257 0 0 0 3874448 1956928 0 1910915 132195 254515 248411168 14812464 1642668 3845309078 3845309078 0 34759932 52352117 14.246470 150 665 951016 1113691 274 635 88 160000 250000 12 16000 18884 12 16000 25000 8 16000 25000 153
1791399395178099 10 0 8 2 2 10 0 0 0 0 0 0 490 2 2 0 749 259 257 0 257 0 0 0 3973302 1956939 0 1910915 132310 254563 253415729 14812673 1686620 3845309078 3845309078 0 35400854 52352117 14.112033 162 754 1075588 1259507 110 609 88 160000 250000 24 32000 37606 12 16000 25000 8 16000 25000 154
1791399401656887 10 0 8 2 2 10 0 0 0 0 0 0 490 3 2 1 749 259 257 0 257 0 0 0 4034603 1956954 0 1910915 132326 254628 259832674 14812947 1743673 3856839037 3845309078 0 35400854 52352117 13.967614 162 754 1075588 1259507 110 540 88 160000 250000 24 32000 37611 12 16000 25000 8 16000 25000 158
1791399401657352 10 0 9 1 2 10 0 0 0 0 0 0 490 1 1 0 749 259 258 0 258 0 0 0 4034603 1957376 0 1911236 132460 254641 259832674 14812947 1743673 3856839037 3856839037 0 35400854 52352117 13.966630 162 754 1075588 1259507 110 499 88 160000 250000 12 16000 18888 12 16000 25000 8 16000 25000 157
1791399406798712 10 0 8 2 2 10 0 0 0 0 0 0 489 2 2 0 749 260 258 0 258 0 0 0 4171173 1957391 0 1911236 132567 254695 264837001 14813150 1787697 3856839037 3856839037 0 36041776 52352117 13.755096 162 791 1121874 1313634 219 485 88 160000 250000 24 32000 37607 12 16000 25000 8 16000 25000 158
1791399409868808 10 0 9 1 2 10 0 0 0 0 0 0 489 1 1 0 749 260 259 0 259 0 0 0 4206306 1958832 0 1912538 132692 254783 267870108 14813302 1820538 3902726971 3902726971 0 36041776 52352117 13.673495 162 791 1121874 1313634 219 448 88 160000 250000 12 16000 18884 12 16000 25000 8 16000 25000 162
1791399412029805 10 0 9 1 2 10 0 0 0 0 0 0 488 1 1 0 749 261 260 0 260 0 0 0 4292815 1960809 0 1914380 133071 254858 269941904 14813525 1856345 3913004978 3913004978 0 36682698 52352117 13.577762 164 837 1184813 1387302 1423 544 88 160000 250000 12 16000 18901 12 16000 25000 8 16000 25000 166
1791399417105305 10 0 8 2 2 10 0 0 0 0 0 0 487 2 2 0 749 262 260 0 260 0 0 0 4361818 1960818 0 1914380 133198 254909 274947055 14814615 1907994 3913004978 3913004978 0 37323620 52352117 13.526233 164 874 1231671 1442088 110 503 88 160000 250000 24 32000 37618 12 16000 25000 8 16000 25000 166
1791399422828739 10 0 8 2 2 10 0 0 0 0 0 0 487 3 2 1 749 262 260 0 260 0 0 0 4415626 1960833 0 1914380 133216 254977 280615911 14815068 1957641 3923774140 3913004978 0 37323620 52352117 13.412059 164 874 1231671 1442088 110 449 88 160000 250000 24 32000 37623 12 16000 25000 8 16000 25000 170
1791399422829355 10 0 9 1 2 10 0 0 0 0 0 0 487 1 1 0 749 262 261 0 261 0 0 0 4415626 1961384 0 1914780 133428 254991 280615911 14815068 1957641 3923774140 3923774140 0 37323620 52352117 13.410901 164 874 1231671 1442088 110 417 88 160000 250000 12 16000 18905 12 16000 25000 8 16000 25000 170
1791399426712771 10 0 9 1 2 10 0 0 0 0 0 0 486 1 1 0 749 263 262 0 262 0 0 0 4573172 1961765 0 1915002 133675 255045 284340796 14815329 1992605 3940557196 3940557196 0 37964542 52352117 13.180338 165 916 1286324 1505990 371 413 88 160000 250000 12 16000 18891 12 16000 25000 8 16000 25000 174
1791399431831476 10 0 8 2 2 10 0 0 0 0 0 0 485 2 2 0 749 264 262 0 262 0 0 0 4686773 1961781 0 1915002 133790 255109 289345048 14815889 2037667 3940557196 3940557196 0 38605150 52352117 13.046989 167 965 1351903 1582736 278 407 88 160000 250000 24 32000 37620 12 16000 25000 8 16000 25000 175
1791399434405957 10 0 9 1 2 10 0 0 0 0 0 0 485 1 1 0 749 264 263 0 263 0 0 0 4713901 1962235 0 1915327 133900 255144 291891580 14816062 2061550 3952011703 3952011703 0 38605150 52352117 12.993086 167 965 1351903 1582736 278 390 88 160000 250000 12 16000 18910 12 16000 25000 8 16000 25000 178
1791399434953817 10 0 8 2 2 10 0 0 0 0 0 0 483 2 2 0 749 266 264 0 264 0 0 0 4882899 2237908 0 2190830 134215 255198 291994087 14816333 2096929 3952100145 3952100145 0 39244891 95918818 18.102184 165 990 1385101 1621512 95 362 88 160000 250000 24 32000 37662 12 16000 25000 8 16000 25000 220
1791399444846787 10 0 8 2 2 10 0 0 0 0 0 0 483 3 2 1 749 266 264 0 264 0 0 0 4979992 2237931 0 2190830 134243 255304 301789030 14816917 2183378 3970170307 3952100145 0 39244891 95918818 17.858622 158 958 1347837 1577852 1 311 88 160000 250000 24 32000 37667 12 16000 25000 8 16000 25000 224
1791399444847175 10 0 9 1 2 10 0 0 0 0 0 0 483 1 1 0 749 266 265 0 265 0 0 0 4979992 2238272 0 2191052 134403 255318 301789030 14816917 2183378 3970170307 3970170307 0 39244891 95918818 17.857778 158 958 1347837 1577852 1 282 88 160000 250000 12 16000 18937 12 16000 25000 8 16000 25000 224
1791399445177205 10 0 8 2 2 10 0 0 0 0 0 0 481 2 2 0 749 268 266 0 266 0 0 0 5139114 2344141 0 2296745 134586 255360 301853545 14817175 2210230 3970243721 3970243721 0 39884632 100275486 17.862161 155 975 1366531 1599700 285 284 88 160000 250000 24 32000 37668 12 16000 25000 8 16000 25000 229
1791399445455348 10 0 9 1 2 10 0 0 0 0 0 0 481 1 1 0 749 268 267 0 267 0 0 0 5148901 2344575 0 2297068 134662 255379 302121088 14817430 2218826 3981159944 3981159944 0 39884632 100275486 17.837797 151 959 1349756 1580081 1 257 88 160000 250000 12 16000 18962 12 16000 25000 8 16000 25000 232
1791399450531627 10 0 8 2 2 10 0 0 0 0 0 0 480 2 2 0 749 269 267 0 267 0 0 0 5219439 2344590 0 2297068 134764 255438 307126309 14817669 2263635 3981159944 3981159944 0 40524373 100275486 17.752075 148 973 1365225 1598101 83 249 88 160000 250000 24 32000 37668 12 16000 25000 8 16000 25000 233
1791399458268654 10 0 8 2 2 10 0 0 0 0 0 0 480 3 2 1 749 269 267 0 267 0 0 0 5297421 2344612 0 2297068 134858 255531 314784739 14817968 2332073 3994448184 3981159944 0 40524373 100275486 17.570875 148 973 1365225 1598101 83 227 88 160000 250000 24 32000 37673 12 16000 25000 8 16000 25000 237
1791399458269011 10 0 9 1 2 10 0 0 0 0 0 0 480 1 1 0 749 269 268 0 268 0 0 0 5297421 2344912 0 2297267 134928 255556 314784739 14817968 2332073 3994448184 3994448184 0 40524373 100275486 17.570186 148 973 1365225 1598101 83 214 88 160000 250000 12 16000 18947 12 16000 25000 8 16000 25000 236
1791399458814211 10 0 9 1 2 10 0 0 0 0 0 0 479 1 1 0 749 270 269 0 269 0 0 0 5349213 2345249 0 2297507 135067 255577 315277382 14818213 2342210 4007784018 4007784018 0 41164014 100275486 17.530429 147 999 1398000 1636428 100 204 88 160000 250000 12 16000 18967 12 16000 25000 8 16000 25000 240
1791399458998662 10 0 8 2 2 10 0 0 0 0 0 0 477 2 2 0 749 272 270 0 270 0 0 0 5448247 2411806 0 2363905 135277 255611 315295771 14818409 2368502 4007805181 4007805181 0 41803655 113345496 18.824525 146 1025 1430205 1674030 590 243 88 160000 250000 24 32000 37683 12 16000 25000 8 16000 25000 254
1791399472002113 10 0 8 2 2 10 0 0 0 0 0 0 477 3 2 1 749 272 270 0 270 0 0 0 5569288 2411846 0 2363905 135323 255754 328176388 14819642 2478717 4021496419 4007805181 0 41803655 113345496 18.538940 146 1034 1448082 1694877 1 210 88 160000 250000 24 32000 37688 12 16000 25000 8 16000 25000 258
1791399472002537 10 0 9 1 2 10 0 0 0 0 0 0 477 1 1 0 749 272 271 0 271 0 0 0 5569288 2412201 0 2364119 135620 255774 328176388 14819642 2478717 4021496419 4021496419 0 41803655 113345496 18.538115 146 1034 1448082 1694877 1 191 88 160000 250000 12 16000 18966 12 16000 25000 8 16000 25000 257
1791399474813870 10 0 9 1 2 10 0 0 0 0 0 0 476 1 1 0 749 273 272 0 272 0 0 0 5718109 2412585 0 2364388 135814 255811 330837826 14820067 2503298 4037423316 4037423316 0 42446537 113345496 18.273331 142 1038 1448980 1695887 328 205 88 160000 250000 12 16000 18985 12 16000 25000 8 16000 25000 261
1791399475056380 10 0 8 2 2 10 0 0 0 0 0 0 474 2 2 0 749 275 273 0 273 0 0 0 5755750 2575883 0 2527552 135997 255846 330878850 14820361 2529497 4037471003 4037471003 0 43089419 122058835 18.903575 139 1047 1458082 1706447 221 208 88 160000 250000 24 32000 37693 12 16000 25000 8 16000 25000 270
1791399485830528 10 0 8 2 2 10 0 0 0 0 0 0 474 3 2 1 749 275 273 0 273 0 0 0 5853266 2575916 0 2527552 136029 255956 341553926 14820860 2620133 4048476236 4037471003 0 43089419 122058835 18.684808 134 1018 1422041 1664186 1 180 88 160000 250000 24 32000 37698 12 16000 25000 8 16000 25000 274
1791399485830882 10 0 9 1 2 10 0 0 0 0 0 0 474 1 1 0 749 275 274 0 274 0 0 0 5853266 2576222 0 2527759 136155 255975 341553926 14820860 2620133 4048476236 4048476236 0 43089419 122058835 18.684130 134 1018 1422041 1664186 1 164 88 160000 250000 12 16000 18997 12 16000 25000 8 16000 25000 274
1791399485952414 10 0 9 1 2 10 0 0 0 0 0 0 473 1 1 0 749 276 275 0 275 0 0 0 5913891 2576524 0 2527967 136294 255997 341614113 14821088 2630313 4062300197 4062300197 0 43732301 122058835 18.622264 132 1032 1438531 1683392 973 244 88 160000 250000 12 16000 18981 12 16000 25000 8 16000 25000 278
1791399490004165 10 0 8 2 2 10 0 0 0 0 0 0 472 2 2 0 749 277 275 0 275 0 0 0 5962097 2576537 0 2527967 137165 256045 345616425 14821318 2665478 4062300197 4062300197 0 44375183 122058835 18.588904 130 1046 1453878 1701312 111 238 88 160000 250000 24 32000 37682 12 16000 25000 8 16000 25000 278
1791399498221767 10 0 8 2 2 10 0 0 0 0 0 0 472 3 2 1 749 277 275 0 275 0 0 0 6040292 2576559 0 2527967 137193 256138 353755356 14821485 2738524 4074640180 4062300197 0 44375183 122058835 18.420169 130 1046 1453878 1701312 111 226 88 160000 250000 24 32000 37687 12 16000 25000 8 16000 25000 283
1791399498222253 10 0 9 1 2 10 0 0 0 0 0 0 472 1 1 0 749 277 276 0 276 0 0 0 6040292 2576998 0 2528301 137329 256152 353755356 14821485 2738524 4074640180 4074640180 0 44375183 122058835 18.419230 130 1046 1453878 1701312 111 216 88 160000 250000 12 16000 18995 12 16000 25000 8 16000 25000 282
1791399501665318 10 0 9 1 2 10 0 0 0 0 0 0 471 1 1 0 749 278 277 0 277 0 0 0 6135720 2577358 0 2528518 137558 256214 357102074 14821716 2771769 4090341173 4090341173 0 45018065 122058835 18.287102 130 1046 1453878 1701165 243 220 88 160000 250000 12 16000 18986 12 16000 25000 8 16000 25000 286
1791399506747028 10 0 8 2 2 10 0 0 0 0 0 0 470 2 2 0 749 279 277 0 277 0 0 0 6212080 2577375 0 2528518 137661 256266 362106873 14822012 2814773 4090341173 4090341173 0 45660947 122058835 18.197948 131 1054 1465062 1714148 1369 333 88 160000 250000 24 32000 37698 12 16000 25000 8 16000 25000 287
1791399508922877 10 0 9 1 2 10 0 0 0 0 0 0 470 1 1 0 749 279 278 0 278 0 0 0 6236527 2577904 0 2528918 137778 256307 364257409 14822138 2837717 4100979795 4100979795 0 45660947 122058835 18.146384 131 1054 1465062 1714148 1369 482 88 160000 250000 12 16000 19007 12 16000 25000 8 16000 25000 290
1791399513035018 10 0 8 2 2 10 0 0 0 0 0 0 469 2 2 0 749 280 278 0 278 0 0 0 6344453 2577915 0 2528918 137893 256355 368261142 14822359 2872643 4100979795 4100979795 0 46303829 122058835 17.995576 127 1050 1456613 1704169 173 467 88 160000 250000 24 32000 37699 12 16000 25000 8 16000 25000 291
1791399514652988 10 0 9 1 2 10 0 0 0 0 0 0 469 1 1 0 749 280 279 0 279 0 0 0 6360329 2578273 0 2529137 137999 256396 369862558 14822490 2887452 4113935172 4113935172 0 46303829 122058835 17.962893 127 1050 1456613 1704169 173 426 88 160000 250000 12 16000 18991 12 16000 25000 8 16000 25000 294
1791399519864205 10 0 8 2 2 10 0 0 0 0 0 0 468 2 2 0 749 281 279 0 279 0 0 0 6566729 2578295 0 2529137 138104 256469 374866872 14822707 2930672 4113935172 4113935172 0 46946711 122058835 17.624475 124 1053 1457633 1705319 408 426 88 160000 250000 24 32000 37701 12 16000 25000 8 16000 25000 295
1791399536904997 10 0 8 2 2 10 0 0 0 0 0 0 468 3 2 1 749 281 279 0 279 0 0 0 6714873 2578357 0 2529137 138168 256672 391758539 14823111 3068953 4141845100 4113935172 0 46946711 122058835 17.343405 124 1053 1457633 1705319 408 426 88 160000 250000 24 32000 37706 12 16000 25000 8 16000 25000 299
1791399536905505 10 0 9 1 2 10 0 0 0 0 0 0 468 1 1 0 749 281 280 0 280 0 0 0 6714873 2578817 0 2529473 138344 256685 391758539 14823111 3068953 4141845100 4141845100 0 46946711 122058835 17.342546 124 1053 1457633 1705319 408 426 88 160000 250000 12 16000 19013 12 16000 25000 8 16000 25000 299
1791399538480858 10 0 9 1 2 10 0 0 0 0 0 0 467 1 1 0 749 282 281 0 281 0 0 0 6755288 2579153 0 2529696 138520 256720 393292643 14823368 3085356 4165511188 4165511188 0 47589593 122058835 17.332516 122 1064 1468980 1718499 387 423 88 160000 250000 12 16000 18996 12 16000 25000 8 16000 25000 303
1791399543542486 10 0 8 2 2 10 0 0 0 0 0 0 466 2 2 0 749 283 281 0 281 0 0 0 6811195 2579170 0 2529696 138620 256774 398297840 14823635 3128177 4165511188 4165511188 0 48232475 122058835 17.294583 117 1046 1442205 1687130 147 410 88 160000 250000 24 32000 37703 12 16000 25000 8 16000 25000 303
1791399548984466 10 0 8 2 2 10 0 0 0 0 0 0 466 3 2 1 749 283 281 0 281 0 0 0 6861348 2579184 0 2529696 138638 256831 403689140 14823887 3175086 4177566036 4165511188 0 48232475 122058835 17.202680 117 1046 1442205 1687130 147 374 88 160000 250000 24 32000 37708 12 16000 25000 8 16000 25000 308
1791399548984839 10 0 9 1 2 10 0 0 0 0 0 0 466 1 1 0 749 283 282 0 282 0 0 0 6861348 2579511 0 2529913 138803 256844 403689140 14823887 3175086 4177566036 4177566036 0 48232475 122058835 17.202084 117 1046 1442205 1687130 147 353 88 160000 250000 12 16000 19019 12 16000 25000 8 16000 25000 307
1791399552809424 10 0 9 1 2 10 0 0 0 0 0 0 465 1 1 0 749 284 283 0 283 0 0 0 6919387 2579839 0 2530104 139021 256912 407454839 14824083 3207679 4191882897 4191882897 0 48875359 122058835 17.160930 114 1045 1437796 1681881 502 369 88 160000 250000 12 16000 19000 12 16000 25000 8 16000 25000 311
1791399557970175 10 0 8 2 2 10 0 0 0 0 0 0 464 2 2 0 749 285 283 0 283 0 0 0 7074825 2579855 0 2530104 139139 256973 412459633 14824318 3250273 4191882897 4191882897 0 49518243 122058835 16.948118 110 1033 1418776 1659586 1275 415 88 160000 250000 24 32000 37704 12 16000 25000 8 16000 25000 312
1791399561734692 10 0 9 1 2 10 0 0 0 0 0 0 464 1 1 0 749 285 284 0 284 0 0 0 7107587 2580290 0 2530405 139255 257039 416190603 14824434 3281029 4204608219 4204608219 0 49518243 122058835 16.890042 110 1033 1418776 1659586 1275 538 88 160000 250000 12 16000 19024 12 16000 25000 8 16000 25000 315
1791399566835944 10 0 8 2 2 10 0 0 0 0 0 0 463 2 2 0 749 286 284 0 284 0 0 0 7204425 2580305 0 2530405 139363 257099 421194541 14824642 3323226 4204608219 4204608219 0 50161127 122058835 16.785517 132 1269 1740245 2035505 528 538 88 160000 250000 24 32000 37705 12 16000 25000 8 16000 25000 316
1791399572395455 10 0 8 2 2 10 0 0 0 0 0 0 463 3 2 1 749 286 284 0 284 0 0 0 7254914 2580324 0 2530405 139381 257175 426703056 14824882 3370337 4215216026 4204608219 0 50161127 122058835 16.699317 132 1269 1740245 2035505 528 538 88 160000 250000 24 32000 37710 12 16000 25000 8 16000 25000 320
1791399572395879 10 0 9 1 2 10 0 0 0 0 0 0 463 1 1 0 749 286 285 0 285 0 0 0 7254914 2580675 0 2530651 139511 257214 426703056 14824882 3370337 4215216026 4215216026 0 50161127 122058835 16.698721 132 1269 1740245 2035505 528 538 88 160000 250000 12 16000 19028 12 16000 25000 8 16000 25000 319
1791399577508201 10 0 8 2 2 10 0 0 0 0 0 0 462 2 2 0 749 287 285 0 285 0 0 0 7362397 2580687 0 2530651 139622 257269 431707359 14825147 3413736 4215216026 4215216026 0 50804011 122058835 16.579852 185 1820 2491837 2914450 201 522 88 160000 250000 24 32000 37707 12 16000 25000 8 16000 25000 320
1791399581449919 10 0 9 1 2 10 0 0 0 0 0 0 462 1 1 0 749 287 286 0 286 0 0 0 7394392 2581059 0 2530892 139746 257315 435616369 14825268 3444176 4243745197 4243745197 0 50804011 122058835 16.526055 185 1820 2491837 2914450 201 477 88 160000 250000 12 16000 19007 12 16000 25000 8 16000 25000 324
1791399582873851 10 0 9 1 2 10 0 0 0 0 0 0 461 1 1 0 749 288 287 0 287 0 0 0 7581244 2581416 0 2531123 139963 257361 436852540 14825519 3460615 4254160280 4254160280 0 51446895 122058835 16.281954 176 1771 2420898 2831403 258 457 88 160000 250000 12 16000 19033 12 16000 25000 8 16000 25000 328
1791399587945236 10 0 8 2 2 10 0 0 0 0 0 0 460 2 2 0 749 289 287 0 287 0 0 0 7647706 2581433 0 2531123 140073 257420 441856917 14825788 3502881 4254160280 4254160280 0 52089779 122058835 16.236074 166 1708 2330776 2725844 167 430 88 160000 250000 24 32000 37709 12 16000 25000 8 16000 25000 328
1791399593516516 10 0 8 2 2 10 0 0 0 0 0 0 460 3 2 1 749 289 287 0 287 0 0 0 7697817 2581451 0 2531123 140096 257489 447377555 14826016 3549700 4264780502 4254160280 0 52089779 122058835 16.156896 166 1708 2330776 2725844 167 394 88 160000 250000 24 32000 37714 12 16000 25000 8 16000 25000 332
1791399593516906 10 0 9 1 2 10 0 0 0 0 0 0 460 1 1 0 749 289 288 0 288 0 0 0 7697817 2581795 0 2531366 140262 257501 447377555 14826016 3549700 4264780502 4264780502 0 52089779 122058835 16.156355 166 1708 2330776 2725844 167 373 88 160000 250000 12 16000 19037 12 16000 25000 8 16000 25000 332
1791399594993340 10 0 9 1 2 10 0 0 0 0 0 0 459 1 1 0 749 290 289 0 289 0 0 0 7827418 2582126 0 2531589 140454 257540 448723568 14826240 3567541 4278151550 4278151550 0 52732663 122058835 16.013589 171 1759 2400980 2807689 475 384 88 160000 250000 12 16000 19014 12 16000 25000 8 16000 25000 336
1791399599184325 10 0 8 2 2 10 0 0 0 0 0 0 458 2 2 0 749 291 289 0 289 0 0 0 8014501 2582140 0 2531589 140557 257582 452726982 14826467 3601437 4278151550 4278151550 0 53375547 122058835 15.788707 203 2134 2908286 3400840 78 369 88 160000 250000 24 32000 37710 12 16000 25000 8 16000 25000 337
1791399608285568 10 0 8 2 2 10 0 0 0 0 0 0 458 3 2 1 749 291 289 0 289 0 0 0 8099258 2582166 0 2531589 141373 257679 461742220 14826680 3681130 4292806761 4278151550 0 53375547 122058835 15.663386 203 2134 2908286 3400840 78 329 88 160000 250000 24 32000 37701 12 16000 25000 8 16000 25000 341
1791399608285925 10 0 9 1 2 10 0 0 0 0 0 0 458 1 1 0 749 291 290 0 290 0 0 0 8099258 2582478 0 2531806 141433 257691 461742220 14826680 3681130 4292806761 4292806761 0 53375547 122058835 15.662928 203 2134 2908286 3400840 78 306 88 160000 250000 12 16000 19034 12 16000 25000 8 16000 25000 340
1791399612045259 10 0 9 1 2 10 0 0 0 0 0 0 457 1 1 0 749 292 291 0 291 0 0 0 8255447 2582788 0 2532001 141630 257734 465344597 14826865 3714627 4309704389 4309704389 0 54018431 122058835 15.493331 221 2373 3229307 3776009 130 290 88 160000 250000 12 16000 19019 12 16000 25000 8 16000 25000 344
1791399617186440 10 0 8 2 2 10 0 0 0 0 0 0 456 2 2 0 749 293 291 0 291 0 0 0 8390819 2582804 0 2532001 141740 257794 470349852 14827153 3758175 4309704389 4309704389 0 54661315 122058835 15.358052 201 2203 2994490 3501342 110 273 88 160000 250000 24 32000 37712 12 16000 25000 8 16000 25000 345
1791399619223627 10 0 9 1 2 10 0 0 0 0 0 0 456 1 1 0 749 293 292 0 292 0 0 0 8414217 2583301 0 2532390 141853 257833 472362837 14827271 3780272 4320519739 4320519739 0 54661315 122058835 15.324682 201 2203 2994490 3501342 110 251 88 160000 250000 12 16000 19047 12 16000 25000 8 16000 25000 348
1791399624285961 10 0 8 2 2 10 0 0 0 0 0 0 455 2 2 0 749 294 292 0 292 0 0 0 8472490 2583318 0 2532390 141952 257894 477366454 14827462 3822358 4320519739 4320519739 0 55304199 122058835 15.299340 192 2105 2860409 3344248 89 243 88 160000 250000 24 32000 37712 12 16000 25000 8 16000 25000 349
1791399625071274 10 0 9 1 2 10 0 0 0 0 0 0 455 1 1 0 749 294 293 0 293 0 0 0 8478892 2583601 0 2532571 142035 257913 478144826 14827582 3828369 4333455419 4333455419 0 55304199 122058835 15.290095 192 2105 2860409 3344248 89 222 88 160000 250000 12 16000 19023 12 16000 25000 8 16000 25000 353
1791399630201400 10 0 8 2 2 10 0 0 0 0 0 0 454 2 2 0 749 295 293 0 293 0 0 0 8603854 2583619 0 2532571 142139 257973 483149529 14827783 3870467 4333455419 4333455419 0 55947255 122058835 15.174100 172 1924 2611592 3053257 144 219 88 160000 250000 24 32000 37714 12 16000 25000 8 16000 25000 353
1791399630213876 10 0 9 1 2 10 0 0 0 0 0 0 454 1 1 0 749 295 294 0 294 0 0 0 8612388 2583926 0 2532774 142237 257991 483152879 14827918 3878447 4344428801 4344428801 0 55947255 122058835 15.162118 172 1924 2611592 3053257 144 210 88 160000 250000 12 16000 19053 12 16000 25000 8 16000 25000 357
1791399630849708 10 0 8 2 2 10 0 0 0 0 0 0 452 2 2 0 749 297 295 0 295 0 0 0 8717806 2943267 0 2891965 142802 258067 483323068 14828114 3950268 4344582050 4344582050 0 56590311 213548899 22.092720 172 1924 2611592 3052970 665 255 88 160000 250000 24 32000 37802 12 16000 25000 8 16000 25000 445
1791399641059799 10 0 8 2 2 10 0 0 0 0 0 0 452 3 2 1 749 297 295 0 295 0 0 0 8810978 2943293 0 2891965 142841 258162 493439224 14828550 4037537 4355395956 4344582050 0 56590311 213548899 21.917550 150 1654 2253062 2633676 1 220 88 160000 250000 24 32000 37807 12 16000 25000 8 16000 25000 449
1791399641060277 10 0 9 1 2 10 0 0 0 0 0 0 452 1 1 0 749 297 296 0 296 0 0 0 8810978 2943720 0 2892289 142966 258183 493439224 14828550 4037537 4355395956 4355395956 0 56590311 213548899 21.916754 150 1654 2253062 2633676 1 200 88 160000 250000 12 16000 19144 12 16000 25000 8 16000 25000 448
1791399643706452 10 0 9 1 2 10 0 0 0 0 0 0 451 1 1 0 749 298 297 0 297 0 0 0 8856960 2944064 0 2892501 143176 258230 496038628 14828704 4061137 4373949846 4373949846 0 57233367 213548899 21.882685 151 1665 2268082 2650984 337 214 88 160000 250000 12 16000 19116 12 16000 25000 8 16000 25000 452
1791399648766546 10 0 8 2 2 10 0 0 0 0 0 0 450 2 2 0 749 299 297 0 297 0 0 0 8912043 2944072 0 2892501 143272 258285 501043187 14828923 4102671 4373949846 4373949846 0 57876423 213548899 21.832730 154 1698 2313143 2703495 230 215 88 160000 250000 24 32000 37804 12 16000 25000 8 16000 25000 453
1791399651724141 10 0 9 1 2 10 0 0 0 0 0 0 450 1 1 0 749 299 298 0 298 0 0 0 8935132 2944564 0 2892870 143376 258322 503976874 14829059 4124445 4384591287 4384591287 0 57876423 213548899 21.789392 154 1698 2313143 2703495 230 218 88 160000 250000 12 16000 19149 12 16000 25000 8 16000 25000 456
1791399656805380 10 0 8 2 2 10 0 0 0 0 0 0 449 2 2 0 749 300 298 0 298 0 0 0 9010753 2944581 0 2892870 143477 258375 508982058 14829249 4166327 4384591287 4384591287 0 58519479 213548899 21.702834 153 1687 2298123 2685677 482 232 88 160000 250000 24 32000 37806 12 16000 25000 8 16000 25000 457
1791399658803906 10 0 9 1 2 10 0 0 0 0 0 0 449 1 1 0 749 300 299 0 299 0 0 0 9025578 2944915 0 2893064 143576 258403 510965119 14829390 4180232 4399676518 4399676518 0 58519479 213548899 21.675350 153 1687 2298123 2685677 482 269 88 160000 250000 12 16000 19122 12 16000 25000 8 16000 25000 461
1791399661752064 10 0 9 1 2 10 0 0 0 0 0 0 448 1 1 0 749 301 300 0 300 0 0 0 9063081 2945345 0 2893386 143769 258446 513874876 14829586 4205728 4409669917 4409669917 0 59162535 213548899 21.657950 154 1698 2313143 2703073 1281 369 88 160000 250000 12 16000 19154 12 16000 25000 8 16000 25000 465
1791399666813317 10 0 8 2 2 10 0 0 0 0 0 0 447 2 2 0 749 302 300 0 300 0 0 0 9118206 2945359 0 2893386 143872 258498 518879851 14829793 4247257 4409669917 4409669917 0 59805591 213548899 21.609794 150 1654 2253062 2632606 293 366 88 160000 250000 24 32000 37808 12 16000 25000 8 16000 25000 465
1791399671897089 10 0 8 2 2 10 0 0 0 0 0 0 447 3 2 1 749 302 300 0 300 0 0 0 9166783 2945375 0 2893386 143894 258551 523914587 14830008 4292858 4419803152 4409669917 0 59805591 213548899 21.523097 150 1654 2253062 2632606 293 357 88 160000 250000 24 32000 37813 12 16000 25000 8 16000 25000 470
1791399671897451 10 0 9 1 2 10 0 0 0 0 0 0 447 1 1 0 749 302 301 0 301 0 0 0 9166783 2945697 0 2893613 144023 258563 523914587 14830008 4292858 4419803152 4419803152 0 59805591 213548899 21.522525 150 1654 2253062 2632606 293 351 88 160000 250000 12 16000 19158 12 16000 25000 8 16000 25000 469
1791399672217704 10 0 9 1 2 10 0 0 0 0 0 0 446 1 1 0 749 303 302 0 302 0 0 0 9214861 2945964 0 2893791 144159 258583 524186160 14830163 4300659 4433205308 4433205308 0 60448647 213548899 21.487393 146 1609 2192980 2562162 861 402 88 160000 250000 12 16000 19128 12 16000 25000 8 16000 25000 473
1791399677296254 10 0 8 2 2 10 0 0 0 0 0 0 445 2 2 0 749 304 302 0 302 0 0 0 9289376 2945979 0 2893791 144255 258646 529189782 14830316 4341937 4433205308 4433205308 0 61091703 213548899 21.406628 161 1801 2444572 2856002 1190 442 88 160000 250000 24 32000 37810 12 16000 25000 8 16000 25000 474
1791399682407770 10 0 8 2 2 10 0 0 0 0 0 0 445 3 2 1 749 304 302 0 302 0 0 0 9338228 2945994 0 2893791 144276 258705 534251975 14830538 4387325 4443674661 4433205308 0 61091703 213548899 21.321471 161 1801 2444572 2856002 1190 550 88 160000 250000 24 32000 37815 12 16000 25000 8 16000 25000 478
1791399682408157 10 0 9 1 2 10 0 0 0 0 0 0 445 1 1 0 749 304 303 0 303 0 0 0 9338228 2946336 0 2894024 144408 258718 534251975 14830538 4387325 4443674661 4443674661 0 61091703 213548899 21.320878 161 1801 2444572 2856002 1190 613 88 160000 250000 12 16000 19163 12 16000 25000 8 16000 25000 477
1791399685878135 10 0 9 1 2 10 0 0 0 0 0 0 444 1 1 0 749 305 304 0 304 0 0 0 9390871 2946655 0 2894203 144597 258774 537668549 14830692 4418593 4457303451 4457303451 0 61734759 213548899 21.279060 162 1812 2459756 2873456 256 579 88 160000 250000 12 16000 19134 12 16000 25000 8 16000 25000 481
1791399690234464 10 0 8 2 2 10 0 0 0 0 0 0 443 2 2 0 749 306 304 0 304 0 0 0 9743335 2946667 0 2894203 144706 258822 541671977 14830888 4451671 4457303451 4457303451 0 62377817 213548899 20.736342 163 1823 2474939 2891026 436 572 88 160000 250000 24 32000 37812 12 16000 25000 8 16000 25000 482
1791399694457125 10 0 9 1 2 10 0 0 0 0 0 0 443 1 1 0 749 306 305 0 305 0 0 0 9783360 2947113 0 2894518 144805 258884 545853851 14830992 4488894 4469331748 4469331748 0 62377817 213548899 20.670420 163 1823 2474939 2891026 436 554 88 160000 250000 12 16000 19168 12 16000 25000 8 16000 25000 486
1791399699526571 10 0 8 2 2 10 0 0 0 0 0 0 442 2 2 0 749 307 305 0 305 0 0 0 9847952 2947128 0 2894518 144898 258944 550858272 14831171 4529722 4469331748 4469331748 0 63020875 213548899 20.613977 164 1835 2490123 2908491 592 556 88 160000 250000 24 32000 37812 12 16000 25000 8 16000 25000 486
1791399705273429 10 0 8 2 2 10 0 0 0 0 0 0 442 3 2 1 749 307 305 0 305 0 0 0 9895914 2947140 0 2894518 144917 258999 556556743 14831361 4574336 4480126362 4469331748 0 63020875 213548899 20.536976 164 1835 2490123 2908491 592 562 88 160000 250000 24 32000 37817 12 16000 25000 8 16000 25000 490
1791399705273857 10 0 9 1 2 10 0 0 0 0 0 0 442 1 1 0 749 307 306 0 306 0 0 0 9895914 2947517 0 2894799 145049 259012 556556743 14831361 4574336 4480126362 4480126362 0 63020875 213548899 20.536373 164 1835 2490123 2908491 592 566 88 160000 250000 12 16000 19172 12 16000 25000 8 16000 25000 490
1791399710332347 10 0 8 2 2 10 0 0 0 0 0 0 441 2 2 0 749 308 306 0 306 0 0 0 9950508 2947530 0 2894799 145141 259074 561560245 14831517 4615140 4480126362 4480126362 0 63663933 213548899 20.496975 167 1868 2535674 2961419 496 563 88 160000 250000 24 32000 37813 12 16000 25000 8 16000 25000 490
1791399716648902 10 0 8 2 2 10 0 0 0 0 0 0 441 3 2 1 749 308 306 0 306 0 0 0 10006590 2947548 0 2894799 145160 259139 567820206 14831745 4667235 4491489638 4480126362 0 63663933 213548899 20.408209 167 1868 2535674 2961419 496 554 88 160000 250000 24 32000 37818 12 16000 25000 8 16000 25000 495
1791399716649389 10 0 9 1 2 10 0 0 0 0 0 0 441 1 1 0 749 308 307 0 307 0 0 0 10006590 2947991 0 2895147 145320 259151 567820206 14831745 4667235 4491489638 4491489638 0 63663933 213548899 20.407511 167 1868 2535674 2961419 496 550 88 160000 250000 12 16000 19176 12 16000 25000 8 16000 25000 494
1791399720756860 10 0 9 1 2 10 0 0 0 0 0 0 440 1 1 0 749 309 308 0 308 0 0 0 10057758 2948316 0 2895340 145518 259223 571875685 14831933 4705440 4526049940 4526049940 0 64306991 213548899 20.373867 169 1891 2566041 2996606 952 591 88 160000 250000 12 16000 19141 12 16000 25000 8 16000 25000 498
1791399725814199 10 0 8 2 2 10 0 0 0 0 0 0 439 2 2 0 749 310 308 0 308 0 0 0 10111354 2948330 0 2895340 145613 259286 576878898 14832214 4745632 4526049940 4526049940 0 64950049 213548899 20.337191 154 1723 2338286 2730458 109 545 88 160000 250000 24 32000 37816 12 16000 25000 8 16000 25000 499
1791399728396241 10 0 9 1 2 10 0 0 0 0 0 0 439 1 1 0 749 310 309 0 309 0 0 0 10134334 2948775 0 2895661 145894 259324 579437052 14832318 4766902 4537785277 4537785277 0 64950049 213548899 20.300778 154 1723 2338286 2730458 109 485 88 160000 250000 12 16000 19181 12 16000 25000 8 16000 25000 502
1791399733475174 10 0 8 2 2 10 0 0 0 0 0 0 438 2 2 0 749 311 309 0 309 0 0 0 10207196 2948784 0 2895661 146513 259369 584442183 14832511 4806570 4537785277 4537785277 0 65593107 213548899 20.234947 158 1768 2399021 2801118 1054 514 88 160000 250000 24 32000 37803 12 16000 25000 8 16000 25000 503
1791399734650832 10 0 9 1 2 10 0 0 0 0 0 0 438 1 1 0 749 311 310 0 310 0 0 0 10223491 2949075 0 2895846 146613 259397 585600978 14832625 4821813 4551665689 4551665689 0 65593107 213548899 20.209469 158 1768 2399021 2801118 1054 592 88 160000 250000 12 16000 19139 12 16000 25000 8 16000 25000 506
1791399739719974 10 0 8 2 2 10 0 0 0 0 0 0 437 2 2 0 749 312 310 0 310 0 0 0 10287046 2949089 0 2895846 146713 259447 590606123 14832825 4861626 4551665689 4551665689 0 66236165 213548899 20.158742 159 1779 2414205 2818713 1060 616 88 160000 250000 24 32000 37811 12 16000 25000 8 16000 25000 507
1791399739802865 10 0 9 1 2 10 0 0 0 0 0 0 437 1 1 0 749 312 311 0 311 0 0 0 10293199 2949521 0 2896173 146785 259463 590682195 14832935 4867328 4563040396 4563040396 0 66236165 213548899 20.148718 159 1779 2414205 2818713 1060 681 88 160000 250000 12 16000 19186 12 16000 25000 8 16000 25000 511
1791399744869527 10 0 8 2 2 10 0 0 0 0 0 0 436 2 2 0 749 313 311 0 311 0 0 0 10355138 2949532 0 2896173 146878 259515 595686517 14833105 4906914 4563040396 4563040396 0 66879223 213548899 20.100994 159 1779 2414205 2818401 361 665 88 160000 250000 24 32000 37819 12 16000 25000 8 16000 25000 511
1791399750958123 10 0 8 2 2 10 0 0 0 0 0 0 436 3 2 1 749 313 311 0 311 0 0 0 10410090 2949547 0 2896173 146894 259582 601719616 14833361 4957900 4574174958 4563040396 0 66879223 213548899 20.018291 159 1779 2414205 2818401 361 623 88 160000 250000 24 32000 37824 12 16000 25000 8 16000 25000 515
1791399750958614 10 0 9 1 2 10 0 0 0 0 0 0 436 1 1 0 749 313 312 0 312 0 0 0 10410090 2949994 0 2896523 147054 259594 601719616 14833361 4957900 4574174958 4574174958 0 66879223 213548899 20.017621 159 1779 2414205 2818401 361 598 88 160000 250000 12 16000 19190 12 16000 25000 8 16000 25000 515
1791399752252322 10 0 9 1 2 10 0 0 0 0 0 0 435 1 1 0 749 314 313 0 313 0 0 0 10448719 2950287 0 2896711 147242 259625 602973948 14833565 4974739 4591752238 4591752238 0 67522281 213548899 20.005243 163 1823 2474939 2889035 534 592 88 160000 250000 12 16000 19152 12 16000 25000 8 16000 25000 519
1791399757309473 10 0 8 2 2 10 0 0 0 0 0 0 434 2 2 0 749 315 313 0 313 0 0 0 10500919 2950296 0 2896711 147338 259663 607978450 14833786 5014186 4591752238 4591752238 0 68165339 213548899 19.973187 182 2066 2793143 3260370 738 600 88 160000 250000 24 32000 37822 12 16000 25000 8 16000 25000 519
1791399763040321 10 0 8 2 2 10 0 0 0 0 0 0 434 3 2 1 749 315 313 0 313 0 0 0 10548305 2950315 0 2896711 147356 259723 613661427 14833979 5058025 4603812065 4591752238 0 68165339 213548899 19.903044 182 2066 2793143 3260370 738 621 88 160000 250000 24 32000 37827 12 16000 25000 8 16000 25000 524
1791399763040796 10 0 9 1 2 10 0 0 0 0 0 0 434 1 1 0 749 315 314 0 314 0 0 0 10548305 2950746 0 2897039 147516 259736 613661427 14833979 5058025 4603812065 4603812065 0 68165339 213548899 19.902409 182 2066 2793143 3260370 738 633 88 160000 250000 12 16000 19197 12 16000 25000 8 16000 25000 523
1791399767181163 10 0 9 1 2 10 0 0 0 0 0 0 433 1 1 0 749 316 315 0 315 0 0 0 10601510 2951073 0 2897247 147712 259796 617747730 14834209 5097668 4618727397 4618727397 0 68808397 213548899 19.869046 182 2066 2793143 3260002 549 625 88 160000 250000 12 16000 19157 12 16000 25000 8 16000 25000 527
1791399772239399 10 0 8 2 2 10 0 0 0 0 0 0 432 2 2 0 749 317 315 0 315 0 0 0 10654089 2951083 0 2897247 147814 259842 622752877 14834482 5136877 4618727397 4618727397 0 69451455 213548899 19.837321 192 2210 2977960 3475520 1138 651 88 160000 250000 24 32000 37823 12 16000 25000 8 16000 25000 528
1791399774702545 10 0 9 1 2 10 0 0 0 0 0 0 432 1 1 0 749 317 316 0 316 0 0 0 10676401 2951535 0 2897584 147927 259879 625192962 14834588 5157632 4630377098 4630377098 0 69451455 213548899 19.804185 192 2210 2977960 3475520 1138 722 88 160000 250000 12 16000 19202 12 16000 25000 8 16000 25000 531
1791399779761411 10 0 8 2 2 10 0 0 0 0 0 0 431 2 2 0 749 318 316 0 316 0 0 0 10729777 2951551 0 2897584 148030 259939 630197952 14834824 5197327 4630377098 4630377098 0 70094513 213548899 19.771724 199 2291 3086531 3601887 1003 737 88 160000 250000 24 32000 37824 12 16000 25000 8 16000 25000 532
1791399782960910 10 0 9 1 2 10 0 0 0 0 0 0 431 1 1 0 749 318 317 0 317 0 0 0 10759949 2951963 0 2897851 148140 259984 633366553 14834941 5225354 4646144754 4646144754 0 70094513 213548899 19.727623 199 2291 3086531 3601887 1003 776 88 160000 250000 12 16000 19162 12 16000 25000 8 16000 25000 535
1791399785888502 10 0 9 1 2 10 0 0 0 0 0 0 430 1 1 0 749 319 318 0 318 0 0 0 10855441 2952430 0 2898188 148336 260033 636197682 14835152 5247990 4657318584 4657318584 0 70737571 213548899 19.634939 208 2395 3226123 3764535 1359 834 88 160000 250000 12 16000 19207 12 16000 25000 8 16000 25000 540
1791399790946402 10 0 8 2 2 10 0 0 0 0 0 0 429 2 2 0 749 320 318 0 318 0 0 0 10908908 2952445 0 2898188 148428 260104 641201597 14835413 5287452 4657318584 4657318584 0 71380629 213548899 19.603423 208 2395 3226123 3764179 955 847 88 160000 250000 24 32000 37826 12 16000 25000 8 16000 25000 540
1791399796946941 10 0 8 2 2 10 0 0 0 0 0 0 429 3 2 1 749 320 318 0 318 0 0 0 10955318 2952460 0 2898188 148445 260164 647155233 14835645 5330569 4668364668 4657318584 0 71380629 213548899 19.537986 208 2395 3226123 3764179 955 864 88 160000 250000 24 32000 37831 12 16000 25000 8 16000 25000 544
1791399796947349 10 0 9 1 2 10 0 0 0 0 0 0 429 1 1 0 749 320 319 0 319 0 0 0 10955318 2952819 0 2898447 148591 260176 647155233 14835645 5330569 4668364668 4668364668 0 71380629 213548899 19.537482 208 2395 3226123 3764179 955 874 88 160000 250000 12 16000 19211 12 16000 25000 8 16000 25000 544
1791399801127630 10 0 8 2 2 10 0 0 0 0 0 0 428 2 2 0 749 321 319 0 319 0 0 0 11131124 2952834 0 2898447 148698 260227 651159280 14835825 5362489 4668364668 4668364668 0 72023687 213548899 19.337124 216 2522 3385470 3949828 897 876 88 160000 250000 24 32000 37828 12 16000 25000 8 16000 25000 544
1791399810124209 10 0 8 2 2 10 0 0 0 0 0 0 428 3 2 1 749 321 319 0 319 0 0 0 11201781 2952855 0 2898447 148727 260324 660084656 14836044 5427984 4681399072 4668364668 0 72023687 213548899 19.240568 216 2522 3385470 3949828 897 880 88 160000 250000 24 32000 37833 12 16000 25000 8 16000 25000 549
1791399810124652 10 0 9 1 2 10 0 0 0 0 0 0 428 1 1 0 749 321 320 0 320 0 0 0 11201781 2953255 0 2898734 148868 260337 660084656 14836044 5427984 4681399072 4681399072 0 72023687 213548899 19.240025 216 2522 3385470 3949828 897 882 88 160000 250000 12 16000 19215 12 16000 25000 8 16000 25000 548
1791399815182275 10 0 8 2 2 10 0 0 0 0 0 0 427 2 2 0 749 322 320 0 320 0 0 0 11254831 2953270 0 2898734 148977 260397 665088783 14836223 5467222 4681399072 4681399072 0 72666745 213548899 19.211329 209 2440 3275756 3821374 92 843 88 160000 250000 24 32000 37829 12 16000 25000 8 16000 25000 549
1791399821432305 10 0 8 2 2 10 0 0 0 0 0 0 427 3 2 1 749 322 320 0 320 0 0 0 11308988 2953292 0 2898734 149004 260457 671284188 14836418 5517411 4719798342 4681399072 0 72666745 213548899 19.138350 209 2440 3275756 3821374 92 738 88 160000 250000 24 32000 37834 12 16000 25000 8 16000 25000 553
1791399821432656 10 0 9 1 2 10 0 0 0 0 0 0 427 1 1 0 749 322 321 0 321 0 0 0 11308988 2953600 0 2898946 149135 260469 671284188 14836418 5517411 4719798342 4719798342 0 72666745 213548899 19.137937 209 2440 3275756 3821374 92 676 88 160000 250000 12 16000 19170 12 16000 25000 8 16000 25000 552
1791399821731557 10 0 9 1 2 10 0 0 0 0 0 0 426 1 1 0 749 323 322 0 322 0 0 0 11327489 2954024 0 2899267 149297 260491 671563750 14836622 5524817 4731392969 4731392969 0 73309803 213548899 19.155518 216 2522 3385470 3949184 533 663 88 160000 250000 12 16000 19220 12 16000 25000 8 16000 25000 556
1791399826789233 10 0 8 2 2 10 0 0 0 0 0 0 425 2 2 0 749 324 322 0 322 0 0 0 11380629 2954042 0 2899267 149398 260549 676567819 14836830 5563927 4731392969 4731392969 0 73952861 213548899 19.127265 232 2747 3674123 4285610 973 679 88 160000 250000 24 32000 37831 12 16000 25000 8 16000 25000 557
1791399834161533 10 0 8 2 2 10 0 0 0 0 0 0 425 3 2 1 749 324 322 0 322 0 0 0 11442901 2954063 0 2899267 149426 260625 683877342 14837054 5621614 4743811018 4731392969 0 73952861 213548899 19.044504 232 2747 3674123 4285610 973 722 88 160000 250000 24 32000 37836 12 16000 25000 8 16000 25000 561
1791399834162029 10 0 9 1 2 10 0 0 0 0 0 0 425 1 1 0 749 324 323 0 323 0 0 0 11442901 2954514 0 2899618 149556 260638 683877342 14837054 5621614 4743811018 4743811018 0 73952861 213548899 19.043908 232 2747 3674123 4285610 973 747 88 160000 250000 12 16000 19224 12 16000 25000 8 16000 25000 560
1791399834579019 10 0 9 1 2 10 0 0 0 0 0 0 424 1 1 0 749 325 324 0 324 0 0 0 11473184 2954835 0 2899815 149725 260658 684263329 14837238 5628994 4756945428 4756945428 0 74595919 213548899 19.046018 232 2747 3674123 4285184 1031 776 88 160000 250000 12 16000 19177 12 16000 25000 8 16000 25000 565
1791399839647300 10 0 8 2 2 10 0 0 0 0 0 0 423 2 2 0 749 326 324 0 324 0 0 0 11535852 2954846 0 2899815 149826 260709 689268492 14837449 5667659 4756945428 4756945428 0 75238977 213548899 19.005957 241 2853 3816654 4451132 1137 795 88 160000 250000 24 32000 37832 12 16000 25000 8 16000 25000 565
1791399850481127 10 0 8 2 2 10 0 0 0 0 0 0 423 3 2 1 749 326 324 0 324 0 0 0 11623527 2954877 0 2899815 150617 260831 700012679 14837736 5749034 4772823313 4756945428 0 75238977 213548899 18.891614 241 2853 3816654 4451132 1137 861 88 160000 250000 24 32000 37823 12 16000 25000 8 16000 25000 569
1791399850481478 10 0 9 1 2 10 0 0 0 0 0 0 423 1 1 0 749 326 325 0 325 0 0 0 11623527 2955179 0 2900016 150682 260843 700012679 14837736 5749034 4772823313 4772823313 0 75238977 213548899 18.891223 241 2853 3816654 4451132 1137 889 88 160000 250000 12 16000 19174 12 16000 25000 8 16000 25000 569
1791399855540230 10 0 8 2 2 10 0 0 0 0 0 0 422 2 2 0 749 327 325 0 325 0 0 0 11678590 2955192 0 2900016 150782 260896 705015932 14837926 5787784 4772823313 4772823313 0 75882035 213548899 18.862031 244 2889 3864164 4506334 657 878 88 160000 250000 24 32000 37826 12 16000 25000 8 16000 25000 569
1791399855951239 10 0 9 1 2 10 0 0 0 0 0 0 422 1 1 0 749 327 326 0 326 0 0 0 11684465 2955634 0 2900355 150864 260911 705420362 14838057 5793226 4794588682 4794588682 0 75882035 213548899 18.853892 244 2889 3864164 4506334 657 847 88 160000 250000 12 16000 19230 12 16000 25000 8 16000 25000 573
1791399860002071 10 0 8 2 2 10 0 0 0 0 0 0 421 2 2 0 749 328 326 0 326 0 0 0 11731114 2955644 0 2900355 150961 260957 709424174 14838199 5826277 4794588682 4794588682 0 76525093 213548899 18.835751 246 2912 3895837 4542729 927 851 88 160000 250000 24 32000 37834 12 16000 25000 8 16000 25000 573
1791399866729682 10 0 8 2 2 10 0 0 0 0 0 0 421 3 2 1 749 328 326 0 326 0 0 0 11784536 2955662 0 2900355 151047 261032 716097937 14838356 5875747 4805352954 4794588682 0 76525093 213548899 18.767463 246 2912 3895837 4542729 927 859 88 160000 250000 24 32000 37839 12 16000 25000 8 16000 25000 578
1791399866730163 10 0 9 1 2 10 0 0 0 0 0 0 421 1 1 0 749 328 327 0 327 0 0 0 11784536 2956100 0 2900687 151114 261045 716097937 14838356 5875747 4805352954 4805352954 0 76525093 213548899 18.766905 246 2912 3895837 4542729 927 867 88 160000 250000 12 16000 19234 12 16000 25000 8 16000 25000 577
1791399868800951 10 0 9 1 2 10 0 0 0 0 0 0 420 1 1 0 749 329 328 0 328 0 0 0 11842237 2956424 0 2900902 151291 261088 718110259 14838537 5899495 4823655848 4823655848 0 77168151 213548899 18.734761 250 2960 3959184 4616132 751 857 88 160000 250000 12 16000 19186 12 16000 25000 8 16000 25000 581
1791399873866131 10 0 8 2 2 10 0 0 0 0 0 0 419 2 2 0 749 330 328 0 328 0 0 0 11903388 2956439 0 2900902 151386 261141 723113807 14838776 5937917 4823655848 4823655848 0 77811209 213548899 18.698916 253 2995 4006694 4671220 1129 871 88 160000 250000 24 32000 37837 12 16000 25000 8 16000 25000 582
1791399877623185 10 0 9 1 2 10 0 0 0 0 0 0 419 1 1 0 749 330 329 0 329 0 0 0 11932596 2956914 0 2901234 151485 261193 726840881 14838882 5965089 4834515094 4834515094 0 77811209 213548899 18.661638 253 2995 4006694 4671220 1129 909 88 160000 250000 12 16000 19240 12 16000 25000 8 16000 25000 585
1791399882682923 10 0 8 2 2 10 0 0 0 0 0 0 418 2 2 0 749 331 329 0 329 0 0 0 11987576 2956922 0 2901234 151607 261240 731845201 14839057 6006666 4834515094 4834515094 0 78454267 213548899 18.634010 250 2960 3959184 4615367 326 880 88 160000 250000 24 32000 37839 12 16000 25000 8 16000 25000 586
1791399883931950 10 0 9 1 2 10 0 0 0 0 0 0 418 1 1 0 749 331 330 0 330 0 0 0 12000843 2957239 0 2901446 151684 261267 733080410 14839152 6019222 4849624852 4849624852 0 78454267 213548899 18.617087 250 2960 3959184 4615367 326 802 88 160000 250000 12 16000 19192 12 16000 25000 8 16000 25000 589
1791399888031449 10 0 8 2 2 10 0 0 0 0 0 0 417 2 2 0 749 332 330 0 330 0 0 0 12092328 2957246 0 2901446 151813 261305 737087999 14839319 6057398 4849624852 4849624852 0 79094175 213548899 18.544457 260 3078 4117552 4799667 726 799 88 160000 250000 24 32000 37840 12 16000 25000 8 16000 25000 590
1791399888048219 10 0 9 1 2 10 0 0 0 0 0 0 417 1 1 0 749 332 331 0 331 0 0 0 12098274 2957694 0 2901794 151888 261321 737098147 14839421 6062807 4860037775 4860037775 0 79094175 213548899 18.536582 260 3078 4117552 4799667 726 790 88 160000 250000 12 16000 19245 12 16000 25000 8 16000 25000 594
1791399889008597 10 0 8 2 2 10 0 0 0 0 0 0 415 2 2 0 749 334 332 0 332 0 0 0 12224751 3542344 0 3486284 152940 261482 737345993 14839555 6154541 4860237704 4860237704 0 79734083 370389013 27.225740 261 3090 4133388 4817644 885 800 88 160000 250000 24 32000 37991 12 16000 25000 8 16000 25000 744
1791399899925754 10 0 8 2 2 10 0 0 0 0 0 0 415 3 2 1 749 334 332 0 332 0 0 0 12311882 3542376 0 3486284 152982 261602 748175149 14840056 6235453 4872084431 4860237704 0 79734083 370389013 27.076060 201 2347 3150368 3671581 1 687 88 160000 250000 24 32000 37996 12 16000 25000 8 16000 25000 748
1791399899926150 10 0 9 1 2 10 0 0 0 0 0 0 415 1 1 0 749 334 333 0 333 0 0 0 12311882 3542725 0 3486527 153112 261619 748175149 14840056 6235453 4872084431 4872084431 0 79734083 370389013 27.075464 201 2347 3150368 3671581 1 621 88 160000 250000 12 16000 19399 12 16000 25000 8 16000 25000 747
1791399901436376 10 0 9 1 2 10 0 0 0 0 0 0 414 1 1 0 749 335 334 0 334 0 0 0 12478349 3543027 0 3486718 153287 261670 749518185 14840225 6249943 4889525492 4889525492 0 80373991 370389013 26.831722 200 2335 3134694 3652947 384 599 88 160000 250000 12 16000 19348 12 16000 25000 8 16000 25000 751
1791399906523056 10 0 8 2 2 10 0 0 0 0 0 0 413 2 2 0 749 336 334 0 334 0 0 0 12560869 3543041 0 3486718 153396 261730 754521812 14840490 6288001 4889525492 4889525492 0 81013899 370389013 26.732102 202 2359 3166041 3689335 277 583 88 160000 250000 24 32000 37993 12 16000 25000 8 16000 25000 752
1791399916389946 10 0 8 2 2 10 0 0 0 0 0 0 413 3 2 1 749 336 334 0 334 0 0 0 12637832 3543072 0 3486718 153489 261829 764311134 14840762 6359858 4904434281 4889525492 0 81013899 370389013 26.604902 202 2359 3166041 3689335 277 541 88 160000 250000 24 32000 37998 12 16000 25000 8 16000 25000 756
1791399916390305 10 0 9 1 2 10 0 0 0 0 0 0 413 1 1 0 749 336 335 0 335 0 0 0 12637832 3543388 0 3486912 153551 261841 764311134 14840762 6359858 4904434281 4904434281 0 81013899 370389013 26.604382 202 2359 3166041 3689335 277 516 88 160000 250000 12 16000 19352 12 16000 25000 8 16000 25000 756
1791399916638288 10 0 9 1 2 10 0 0 0 0 0 0 412 1 1 0 749 337 336 0 336 0 0 0 12660419 3543755 0 3487190 153688 261861 764535760 14840982 6368813 4920992338 4920992338 0 81653908 370389013 26.604363 202 2359 3166041 3689090 334 499 88 160000 250000 12 16000 19405 12 16000 25000 8 16000 25000 760
1791399916740564 10 0 8 2 2 10 0 0 0 0 0 0 410 2 2 0 749 339 337 0 337 0 0 0 12687653 3584505 0 3527788 153883 261891 764569607 14841170 6384713 4921015926 4921015926 0 82293917 387815691 27.552059 198 2312 3103347 3615688 108 445 88 160000 250000 24 32000 38011 12 16000 25000 8 16000 25000 777
1791399935083324 10 0 8 2 2 10 0 0 0 0 0 0 410 3 2 1 749 339 337 0 337 0 0 0 12835785 3584559 0 3527788 153949 262106 782763223 14841628 6522309 4939694739 4921015926 0 82293917 387815691 27.303415 193 2222 2993470 3487258 1 363 88 160000 250000 24 32000 38016 12 16000 25000 8 16000 25000 781
1791399935083689 10 0 9 1 2 10 0 0 0 0 0 0 410 1 1 0 749 339 338 0 338 0 0 0 12835785 3584877 0 3527992 154090 262120 782763223 14841628 6522309 4939694739 4939694739 0 82293917 387815691 27.302886 193 2222 2993470 3487258 1 328 88 160000 250000 12 16000 19374 12 16000 25000 8 16000 25000 781
1791399939358854 10 0 9 1 2 10 0 0 0 0 0 0 409 1 1 0 749 340 339 0 339 0 0 0 12985651 3585223 0 3528223 154283 262199 786887666 14841819 6559494 4962403308 4962403308 0 82933926 387815691 27.092223 204 2349 3164082 3685767 1319 426 88 160000 250000 12 16000 19427 12 16000 25000 8 16000 25000 785
1791399944421193 10 0 8 2 2 10 0 0 0 0 0 0 408 2 2 0 749 341 339 0 339 0 0 0 13042258 3585236 0 3528223 154385 262253 791892842 14842131 6597255 4962403308 4962403308 0 83573935 387815691 27.036677 213 2452 3303674 3848010 1950 576 88 160000 250000 24 32000 38011 12 16000 25000 8 16000 25000 785
1791399951221946 10 0 8 2 2 10 0 0 0 0 0 0 408 3 2 1 749 341 339 0 339 0 0 0 13093928 3585246 0 3528223 154402 262312 798641477 14842320 6645459 4978430450 4962403308 0 83573935 387815691 26.952904 213 2452 3303674 3848010 1950 773 88 160000 250000 24 32000 38016 12 16000 25000 8 16000 25000 789
1791399951222300 10 0 9 1 2 10 0 0 0 0 0 0 408 1 1 0 749 341 340 0 340 0 0 0 13093928 3585557 0 3528439 154547 262325 798641477 14842320 6645459 4978430450 4978430450 0 83573935 387815691 26.952402 213 2452 3303674 3848010 1950 888 88 160000 250000 12 16000 19378 12 16000 25000 8 16000 25000 789
1791399952830031 10 0 9 1 2 10 0 0 0 0 0 0 407 1 1 0 749 342 341 0 341 0 0 0 13119804 3586015 0 3528793 154715 262349 800222458 14842504 6659664 4991883619 4991883619 0 84213944 387815691 26.946451 216 2487 3350205 3901946 145 816 88 160000 250000 12 16000 19432 12 16000 25000 8 16000 25000 793
1791399957887249 10 0 8 2 2 10 0 0 0 0 0 0 406 2 2 0 749 343 341 0 341 0 0 0 13173483 3586026 0 3528793 154815 262391 805225557 14842716 6696956 4991883619 4991883619 0 84855381 387815691 26.896627 224 2579 3474286 4046075 768 814 88 160000 250000 24 32000 38013 12 16000 25000 8 16000 25000 794
1791399964076429 10 0 8 2 2 10 0 0 0 0 0 0 406 3 2 1 749 343 341 0 341 0 0 0 13225517 3586038 0 3528793 154846 262446 811362252 14842920 6745623 5003114870 4991883619 0 84855381 387815691 26.813359 224 2579 3474286 4046075 768 808 88 160000 250000 24 32000 38018 12 16000 25000 8 16000 25000 798
1791399964076920 10 0 9 1 2 10 0 0 0 0 0 0 406 1 1 0 749 343 342 0 342 0 0 0 13225517 3586471 0 3529130 154970 262475 811362252 14842920 6745623 5003114870 5003114870 0 84855381 387815691 26.812669 224 2579 3474286 4046075 768 805 88 160000 250000 12 16000 19436 12 16000 25000 8 16000 25000 797
1791399967796734 10 0 9 1 2 10 0 0 0 0 0 0 405 1 1 0 749 344 343 0 343 0 0 0 13266554 3586787 0 3529334 155159 262526 815040240 14843116 6774134 5019677167 5019677167 0 85496818 387815691 26.783175 229 2636 3551837 4135867 737 799 88 160000 250000 12 16000 19384 12 16000 25000 8 16000 25000 801
1791399967969378 10 0 8 2 2 10 0 0 0 0 0 0 403 2 2 0 749 346 344 0 344 0 0 0 13300713 3650716 0 3593134 155388 262567 815114289 14843319 6796925 5019744473 5019744473 0 86138255 409599037 27.889798 231 2659 3582858 4171839 1411 860 88 160000 250000 24 32000 38036 12 16000 25000 8 16000 25000 823
1791399981062194 10 0 8 2 2 10 0 0 0 0 0 0 403 3 2 1 749 346 344 0 344 0 0 0 13399857 3650748 0 3593134 156096 262701 828106566 14843667 6889224 5032998535 5019744473 0 86138255 409599037 27.727575 263 3028 4079184 4749245 1 740 88 160000 250000 24 32000 38027 12 16000 25000 8 16000 25000 827
1791399981062545 10 0 9 1 2 10 0 0 0 0 0 0 403 1 1 0 749 346 345 0 345 0 0 0 13399857 3651046 0 3593333 156225 262713 828106566 14843667 6889224 5032998535 5032998535 0 86138255 409599037 27.727090 263 3028 4079184 4749245 1 669 88 160000 250000 12 16000 19402 12 16000 25000 8 16000 25000 826
1791399986118666 10 0 8 2 2 10 0 0 0 0 0 0 402 2 2 0 749 347 345 0 345 0 0 0 13450378 3651058 0 3593333 156325 262772 833111731 14843852 6926518 5032998535 5032998535 0 86779692 409599037 27.680930 266 3062 4125715 4803248 1168 694 88 160000 250000 24 32000 38031 12 16000 25000 8 16000 25000 827
1791399993580561 10 0 8 2 2 10 0 0 0 0 0 0 402 3 2 1 749 347 345 0 345 0 0 0 13509176 3651075 0 3593333 156349 262843 840514293 14844098 6981152 5045504964 5032998535 0 86779692 409599037 27.586056 266 3062 4125715 4803248 1168 763 88 160000 250000 24 32000 38036 12 16000 25000 8 16000 25000 831
1791399993580891 10 0 9 1 2 10 0 0 0 0 0 0 402 1 1 0 749 347 346 0 346 0 0 0 13509176 3651364 0 3593518 156489 262856 840514293 14844098 6981152 5045504964 5045504964 0 86779692 409599037 27.585591 266 3062 4125715 4803248 1168 804 88 160000 250000 12 16000 19406 12 16000 25000 8 16000 25000 830
1791399998636965 10 0 8 2 2 10 0 0 0 0 0 0 401 2 2 0 749 348 346 0 346 0 0 0 13559923 3651380 0 3593518 156591 262910 845519177 14844291 7018417 5045504964 5045504964 0 87421129 409599037 27.539772 271 3120 4203266 4893190 1084 818 88 160000 250000 24 32000 38032 12 16000 25000 8 16000 25000 831
1791400011109296 10 0 8 2 2 10 0 0 0 0 0 0 401 3 2 1 749 348 346 0 346 0 0 0 13656688 3651417 0 3593518 156634 263038 857894041 14844599 7108423 5092525632 5045504964 0 87421129 409599037 27.385746 271 3120 4203266 4893190 1084 869 88 160000 250000 24 32000 38037 12 16000 25000 8 16000 25000 835
1791400011109781 10 0 9 1 2 10 0 0 0 0 0 0 401 1 1 0 749 348 347 0 347 0 0 0 13656688 3651852 0 3593854 156776 263055 857894041 14844599 7108423 5092525632 5092525632 0 87421129 409599037 27.385058 271 3120 4203266 4893190 1084 891 88 160000 250000 12 16000 19465 12 16000 25000 8 16000 25000 835
1791400016166128 10 0 8 2 2 10 0 0 0 0 0 0 400 2 2 0 749 349 347 0 347 0 0 0 13707460 3651863 0 3593854 156882 263114 862899189 14844780 7145385 5092525632 5092525632 0 88062566 409599037 27.340184 287 3304 4451429 5181613 3978 1046 88 160000 250000 24 32000 38041 12 16000 25000 8 16000 25000 835
1791400021689879 10 0 8 2 2 10 0 0 0 0 0 0 400 3 2 1 749 349 347 0 347 0 0 0 13751277 3651877 0 3593854 156900 263163 868378692 14844994 7186071 5103093567 5092525632 0 88062566 409599037 27.271326 287 3304 4451429 5181613 3978 1466 88 160000 250000 24 32000 38046 12 16000 25000 8 16000 25000 839
1791400021690226 10 0 9 1 2 10 0 0 0 0 0 0 400 1 1 0 749 349 348 0 348 0 0 0 13751277 3652181 0 3594060 157020 263176 868378692 14844994 7186071 5103093567 5103093567 0 88062566 409599037 27.270850 287 3304 4451429 5181613 3978 1712 88 160000 250000 12 16000 19469 12 16000 25000 8 16000 25000 839
1791400026168172 10 0 9 1 2 10 0 0 0 0 0 0 399 1 1 0 749 350 349 0 349 0 0 0 13801606 3652508 0 3594265 157214 263226 872804974 14845151 7221180 5135669069 5135669069 0 88702474 409599037 27.226667 285 3281 4420409 5144854 869 1630 88 160000 250000 12 16000 19420 12 16000 25000 8 16000 25000 843
1791400026414947 10 0 8 2 2 10 0 0 0 0 0 0 397 2 2 0 749 352 350 0 350 0 0 0 13892894 3770989 0 3712609 157473 263278 872841433 14845355 7250679 5135700477 5135700477 0 89342382 435739054 28.349185 297 3419 4606531 5361288 2859 1751 88 160000 250000 24 32000 38068 12 16000 25000 8 16000 25000 868
1791400032372832 10 0 8 2 2 10 0 0 0 0 0 0 397 3 2 1 749 352 350 0 350 0 0 0 13938536 3771004 0 3712609 157486 263336 878753064 14845702 7293004 5146369361 5135700477 0 89342382 435739054 28.276097 278 3155 4266449 4964883 1 1502 88 160000 250000 24 32000 38073 12 16000 25000 8 16000 25000 873
1791400032373265 10 0 9 1 2 10 0 0 0 0 0 0 397 1 1 0 749 352 351 0 351 0 0 0 13938536 3771390 0 3712891 157645 263350 878753064 14845702 7293004 5146369361 5146369361 0 89342382 435739054 28.275481 278 3155 4266449 4964883 1 1356 88 160000 250000 12 16000 19499 12 16000 25000 8 16000 25000 872
1791400037427220 10 0 8 2 2 10 0 0 0 0 0 0 396 2 2 0 749 353 351 0 351 0 0 0 13989204 3771408 0 3712891 157748 263402 883755887 14845909 7330224 5146369361 5146369361 0 89982290 435739054 28.229148 276 3132 4235756 4928535 772 1327 88 160000 250000 24 32000 38069 12 16000 25000 8 16000 25000 873
1791400041621178 10 0 9 1 2 10 0 0 0 0 0 0 396 1 1 0 749 353 352 0 352 0 0 0 14027079 3771749 0 3713099 157882 263466 887911268 14846021 7365300 5161758548 5161758548 0 89982290 435739054 28.168537 276 3132 4235756 4928535 772 1249 88 160000 250000 12 16000 19450 12 16000 25000 8 16000 25000 876
1791400042615386 10 0 9 1 2 10 0 0 0 0 0 0 395 1 1 0 749 354 353 0 353 0 0 0 14076064 3772085 0 3713307 158048 263486 888855732 14846228 7372200 5171988779 5171988779 0 90622198 435739054 28.124889 276 3132 4235756 4928375 243 1152 88 160000 250000 12 16000 19504 12 16000 25000 8 16000 25000 880
1791400047693253 10 0 8 2 2 10 0 0 0 0 0 0 394 2 2 0 749 355 353 0 353 0 0 0 14148966 3772102 0 3713307 158153 263535 893860182 14846496 7408753 5171988779 5171988779 0 91264465 435739054 28.044630 277 3144 4251103 4945599 892 1127 88 160000 250000 24 32000 38071 12 16000 25000 8 16000 25000 881
1791400062093541 10 0 8 2 2 10 0 0 0 0 0 0 394 3 2 1 749 355 353 0 353 0 0 0 14260319 3772141 0 3713307 158273 263669 908148382 14846822 7512233 5191430208 5171988779 0 91264465 435739054 27.871390 277 3144 4251103 4945599 892 1085 88 160000 250000 24 32000 38076 12 16000 25000 8 16000 25000 885
1791400062094000 10 0 9 1 2 10 0 0 0 0 0 0 394 1 1 0 749 355 354 0 354 0 0 0 14260319 3772558 0 3713625 158336 263681 908148382 14846822 7512233 5191430208 5191430208 0 91264465 435739054 27.870745 277 3144 4251103 4945599 892 1067 88 160000 250000 12 16000 19509 12 16000 25000 8 16000 25000 884
1791400067229640 10 0 8 2 2 10 0 0 0 0 0 0 393 2 2 0 749 356 354 0 354 0 0 0 14390349 3772577 0 3713625 158436 263730 913153555 14847006 7548959 5191430208 5191430208 0 91906732 435739054 27.704910 278 3155 4266449 4962994 530 1041 88 160000 250000 24 32000 38071 12 16000 25000 8 16000 25000 885
1791400069019663 10 0 9 1 2 10 0 0 0 0 0 0 393 1 1 0 749 356 355 0 355 0 0 0 14403212 3772897 0 3713827 158544 263771 914930091 14847123 7560944 5218785766 5218785766 0 91906732 435739054 27.684816 278 3155 4266449 4962994 530 969 88 160000 250000 12 16000 19456 12 16000 25000 8 16000 25000 889
1791400069189567 10 0 8 2 2 10 0 0 0 0 0 0 391 2 2 0 749 358 356 0 356 0 0 0 14437047 3865818 0 3806610 158787 263807 914972663 14847387 7583101 5218824052 5218824052 0 92548999 453165732 28.434571 282 3200 4327837 5034262 644 938 88 160000 250000 24 32000 38089 12 16000 25000 8 16000 25000 906
1791400072344440 10 0 9 1 2 10 0 0 0 0 0 0 391 1 1 0 749 358 357 0 357 0 0 0 14466723 3866253 0 3806920 158887 263854 918097043 14847584 7610649 5228982481 5228982481 0 92548999 453165732 28.387869 267 2987 4054041 4715185 1 848 88 160000 250000 12 16000 19530 12 16000 25000 8 16000 25000 909
1791400077398688 10 0 8 2 2 10 0 0 0 0 0 0 390 2 2 0 749 359 357 0 357 0 0 0 14516861 3866269 0 3806920 158994 263901 923100607 14847886 7646911 5228982481 5228982481 0 93191266 453165732 28.343739 282 3154 4281796 4979423 111 777 88 160000 250000 24 32000 38090 12 16000 25000 8 16000 25000 910
1791400085095684 10 0 8 2 2 10 0 0 0 0 0 0 390 3 2 1 749 359 357 0 357 0 0 0 14574500 3866292 0 3806920 159012 263978 930739431 14848118 7700312 5241721379 5228982481 0 93191266 453165732 28.255112 282 3154 4281796 4979423 111 683 88 160000 250000 24 32000 38095 12 16000 25000 8 16000 25000 914
1791400085096166 10 0 9 1 2 10 0 0 0 0 0 0 390 1 1 0 749 359 358 0 358 0 0 0 14574500 3866728 0 3807248 159163 263992 930739431 14848118 7700312 5241721379 5241721379 0 93191266 453165732 28.254444 282 3154 4281796 4979423 111 628 88 160000 250000 12 16000 19534 12 16000 25000 8 16000 25000 914
1791400090154678 10 0 8 2 2 10 0 0 0 0 0 0 389 2 2 0 749 360 358 0 358 0 0 0 14627622 3866754 0 3807248 159959 264057 935743648 14848338 7737048 5241721379 5241721379 0 93833533 453165732 28.206367 282 3154 4281796 4978974 1031 649 88 160000 250000 24 32000 38078 12 16000 25000 8 16000 25000 914
1791400090703888 10 0 9 1 2 10 0 0 0 0 0 0 389 1 1 0 749 360 359 0 359 0 0 0 14633005 3867100 0 3807451 160059 264074 936286837 14848476 7742008 5263393683 5263393683 0 93833533 453165732 28.197632 282 3154 4281796 4978974 1031 706 88 160000 250000 12 16000 19473 12 16000 25000 8 16000 25000 918
1791400095759094 10 0 8 2 2 10 0 0 0 0 0 0 388 2 2 0 749 361 359 0 359 0 0 0 14682595 3867112 0 3807451 160160 264123 941291999 14848691 7777984 5263393683 5263393683 0 94475800 453165732 28.155251 285 3188 4327347 5031597 1897 766 88 160000 250000 24 32000 38086 12 16000 25000 8 16000 25000 918
1791400096859814 10 0 9 1 2 10 0 0 0 0 0 0 388 1 1 0 749 361 360 0 360 0 0 0 14695147 3867536 0 3807769 160254 264148 942379481 14848796 7789705 5275142217 5275142217 0 94475800 453165732 28.135570 285 3188 4327347 5031597 1897 928 88 160000 250000 12 16000 19539 12 16000 25000 8 16000 25000 922
1791400101963536 10 0 8 2 2 10 0 0 0 0 0 0 387 2 2 0 749 362 360 0 360 0 0 0 14793865 3867548 0 3807769 160355 264212 947384019 14849006 7825534 5275142217 5275142217 0 95118067 453165732 28.019538 287 3210 4357715 5066450 799 922 88 160000 250000 24 32000 38094 12 16000 25000 8 16000 25000 922
1791400109229274 10 0 8 2 2 10 0 0 0 0 0 0 387 3 2 1 749 362 360 0 360 0 0 0 14851407 3867572 0 3807769 160379 264284 954591759 14849172 7878936 5293655504 5275142217 0 95118067 453165732 27.933371 287 3210 4357715 5066450 799 911 88 160000 250000 24 32000 38099 12 16000 25000 8 16000 25000 927
1791400109229638 10 0 9 1 2 10 0 0 0 0 0 0 387 1 1 0 749 362 361 0 361 0 0 0 14851407 3867882 0 3807976 160514 264307 954591759 14849172 7878936 5293655504 5293655504 0 95118067 453165732 27.932908 287 3210 4357715 5066450 799 901 88 160000 250000 12 16000 19485 12 16000 25000 8 16000 25000 926
1791400112818180 10 0 9 1 2 10 0 0 0 0 0 0 386 1 1 0 749 363 362 0 362 0 0 0 14891596 3868375 0 3808338 160712 264360 958139021 14849477 7906372 5309551827 5309551827 0 95760334 453165732 27.904984 291 3255 4418449 5136946 1538 993 88 160000 250000 12 16000 19545 12 16000 25000 8 16000 25000 930
1791400117871562 10 0 8 2 2 10 0 0 0 0 0 0 385 2 2 0 749 364 362 0 362 0 0 0 14940813 3868391 0 3808338 160816 264413 963142690 14849726 7942324 5309551827 5309551827 0 96402601 453165732 27.864507 286 3199 4342531 5047995 258 957 88 160000 250000 24 32000 38097 12 16000 25000 8 16000 25000 931
1791400122326937 9 0 7 2 2 10 1 0 1 0 0 1 385 2 2 0 749 364 362 0 362 0 0 0 14974859 3868402 0 3808338 161213 264454 967563379 14849841 7973945 5309551827 5309551827 0 96402601 453165732 27.814146 286 3199 4342531 5047995 258 890 80 144000 225000 24 32000 38095 12 16000 25000 8 16000 25000 930
1791400126792661 8 0 7 1 2 10 2 0 2 0 0 2 385 1 1 0 749 364 363 0 363 0 0 0 15003981 3868722 0 3808536 162147 264516 971998565 14849888 8000649 5327102659 5327102659 0 96402601 453165732 27.770755 286 3199 4342531 5047995 258 829 72 128000 200000 12 16000 19482 12 16000 25000 8 16000 25000 928
1791400129297187 8 0 7 1 2 10 2 0 2 0 0 2 384 1 1 0 749 365 364 0 364 0 0 0 15171477 3869125 0 3808800 162325 264554 974334682 14850152 8016483 5343569651 5343569651 0 97044868 453165732 27.558042 290 3244 4403266 5118481 1501 926 72 128000 200000 12 16000 19542 12 16000 25000 8 16000 25000 932
1791400134387703 8 0 6 2 2 10 2 0 2 0 0 2 383 2 2 0 749 366 364 0 364 0 0 0 15248655 3869140 0 3808800 162469 264610 979347502 14850375 8049799 5343569651 5343569651 0 97687137 453165732 27.478809 291 3255 4418449 5135432 1425 951 72 128000 200000 24 32000 38091 12 16000 25000 8 16000 25000 933
1791400150110629 8 0 6 2 2 10 2 0 2 0 0 2 383 3 2 1 749 366 364 0 364 0 0 0 15340076 3869183 0 3808800 162599 264764 994978119 14850741 8133459 5364340944 5343569651 0 97687137 453165732 27.347970 291 3255 4418449 5135432 1425 1061 72 128000 200000 24 32000 38096 12 16000 25000 8 16000 25000 937
1791400150111124 8 0 7 1 2 10 2 0 2 0 0 2 383 1 1 0 749 366 365 0 365 0 0 0 15340076 3869636 0 3809137 162736 264776 994978119 14850741 8133459 5364340944 5364340944 0 97687137 453165732 27.347325 291 3255 4418449 5135432 1425 1098 72 128000 200000 12 16000 19547 12 16000 25000 8 16000 25000 936
1791400154265036 8 0 7 1 2 10 2 0 2 0 0 2 382 1 1 0 749 367 366 0 366 0 0 0 15381125 3869989 0 3809348 162936 264836 999090139 14850934 8161080 5391659972 5391659972 0 98329406 453165732 27.320328 291 3255 4418449 5134973 492 1040 72 128000 200000 12 16000 19488 12 16000 25000 8 16000 25000 940
1791400159310155 8 0 6 2 2 10 2 0 2 0 0 2 381 2 2 0 749 368 366 0 366 0 0 0 15421914 3870007 0 3809348 163037 264881 1004093990 14851180 8188779 5391659972 5391659972 0 98971675 453165732 27.294289 280 3132 4251429 4940529 179 997 72 128000 200000 24 32000 38092 12 16000 25000 8 16000 25000 941
1791400164438562 8 0 6 2 2 10 2 0 2 0 0 2 381 3 2 1 749 368 366 0 366 0 0 0 15454813 3870026 0 3809348 163054 264930 1009189042 14851415 8218820 5405975303 5391659972 0 98971675 453165732 27.247796 280 3132 4251429 4940529 179 882 72 128000 200000 24 32000 38097 12 16000 25000 8 16000 25000 945
1791400164438962 8 0 7 1 2 10 2 0 2 0 0 2 381 1 1 0 749 368 367 0 367 0 0 0 15454813 3870384 0 3809609 163176 264942 1009189042 14851415 8218820 5405975303 5405975303 0 98971675 453165732 27.247291 280 3132 4251429 4940529 179 814 72 128000 200000 12 16000 19552 12 16000 25000 8 16000 25000 944
1791400167096615 8 0 7 1 2 10 2 0 2 0 0 2 380 1 1 0 749 369 368 0 368 0 0 0 15491460 3870695 0 3809792 163364 264979 1011809278 14851615 8234595 5418794842 5418794842 0 99613944 453165732 27.226917 281 3143 4266613 4957726 1178 851 72 128000 200000 12 16000 19493 12 16000 25000 8 16000 25000 949
1791400172568340 8 0 6 2 2 10 2 0 2 0 0 2 379 2 2 0 749 370 368 0 368 0 0 0 15537182 3870709 0 3809792 163514 265037 1017234768 14851831 8267418 5418794842 5418794842 0 100256213 453165732 27.194315 282 3154 4281796 4975279 1105 864 72 128000 200000 24 32000 38094 12 16000 25000 8 16000 25000 949
1791400176979083 8 0 7 1 2 10 2 0 2 0 0 2 379 1 1 0 749 370 369 0 369 0 0 0 15563995 3871066 0 3810026 163608 265095 1021618008 14851949 8292180 5431313923 5431313923 0 100256213 453165732 27.156297 282 3154 4281796 4975279 1105 900 72 128000 200000 12 16000 19557 12 16000 25000 8 16000 25000 953
1791400181018689 8 0 6 2 2 10 2 0 2 0 0 2 378 2 2 0 749 371 369 0 369 0 0 0 15599862 3871076 0 3810026 163706 265136 1025621331 14852154 8314352 5431313923 5431313923 0 100898482 453165732 27.137717 295 3300 4479184 5204184 607 886 72 128000 200000 24 32000 38095 12 16000 25000 8 16000 25000 953
1791400187951017 8 0 6 2 2 10 2 0 2 0 0 2 378 3 2 1 749 371 369 0 369 0 0 0 15637914 3871092 0 3810026 163722 265195 1032515101 14852394 8349488 5452157253 5431313923 0 100898482 453165732 27.084763 295 3300 4479184 5204184 607 848 72 128000 200000 24 32000 38100 12 16000 25000 8 16000 25000 958
1791400187951356 8 0 7 1 2 10 2 0 2 0 0 2 378 1 1 0 749 371 370 0 370 0 0 0 15637914 3871386 0 3810217 163867 265208 1032515101 14852394 8349488 5452157253 5452157253 0 100898482 453165732 27.084355 295 3300 4479184 5204184 607 825 72 128000 200000 12 16000 19499 12 16000 25000 8 16000 25000 957
1791400191026782 8 0 7 1 2 10 2 0 2 0 0 2 377 1 1 0 749 372 371 0 371 0 0 0 15671440 3871758 0 3810477 164060 265253 1035556152 14852599 8370273 5466191704 5466191704 0 101540751 453165732 27.068719 295 3300 4479184 5203810 1891 930 72 128000 200000 12 16000 19561 12 16000 25000 8 16000 25000 961
1791400196249818 8 0 6 2 2 10 2 0 2 0 0 2 376 2 2 0 749 373 371 0 371 0 0 0 15890499 3871772 0 3810477 164160 265310 1040559639 14852844 8397839 5466191704 5466191704 0 102183020 453165732 26.799645 296 3311 4494368 5220996 1090 938 72 128000 200000 24 32000 38097 12 16000 25000 8 16000 25000 962
1791400201426759 8 0 6 2 2 10 2 0 2 0 0 2 376 3 2 1 749 373 371 0 371 0 0 0 15922663 3871787 0 3810477 164175 265359 1045704001 14853045 8427306 5479655167 5466191704 0 102183020 453165732 26.756078 296 3311 4494368 5220996 1090 961 72 128000 200000 24 32000 38102 12 16000 25000 8 16000 25000 966
1791400201427066 8 0 7 1 2 10 2 0 2 0 0 2 376 1 1 0 749 373 372 0 372 0 0 0 15922663 3872052 0 3810647 164293 265371 1045704001 14853045 8427306 5479655167 5479655167 0 102183020 453165732 26.755719 296 3311 4494368 5220996 1090 975 72 128000 200000 12 16000 19505 12 16000 25000 8 16000 25000 965
1791400203662291 8 0 7 1 2 10 2 0 2 0 0 2 375 1 1 0 749 374 373 0 373 0 0 0 15950159 3872443 0 3810924 164472 265403 1047910935 14853199 8442696 5492100044 5492100044 0 102825289 453165732 26.748979 296 3311 4494368 5220915 1135 991 72 128000 200000 12 16000 19566 12 16000 25000 8 16000 25000 969
1791400208708012 8 0 6 2 2 10 2 0 2 0 0 2 374 2 2 0 749 375 373 0 373 0 0 0 15990579 3872458 0 3810924 164566 265454 1052915228 14853431 8469932 5492100044 5492100044 0 103467558 453165732 26.725363 276 3087 4190694 4867449 66 945 72 128000 200000 24 32000 38099 12 16000 25000 8 16000 25000 970
1791400213981079 8 0 6 2 2 10 2 0 2 0 0 2 374 3 2 1 749 375 373 0 373 0 0 0 16024041 3872472 0 3810924 165161 265506 1058153874 14853653 8500743 5504640866 5492100044 0 103467558 453165732 26.680397 276 3087 4190694 4867449 66 822 72 128000 200000 24 32000 38090 12 16000 25000 8 16000 25000 974
1791400213981437 8 0 7 1 2 10 2 0 2 0 0 2 374 1 1 0 749 375 374 0 374 0 0 0 16024041 3872788 0 3811146 165222 265518 1058153874 14853653 8500743 5504640866 5504640866 0 103467558 453165732 26.679974 276 3087 4190694 4867449 66 750 72 128000 200000 12 16000 19503 12 16000 25000 8 16000 25000 974
1791400214982802 8 0 7 1 2 10 2 0 2 0 0 2 373 1 1 0 749 376 375 0 375 0 0 0 16050923 3873135 0 3811371 165405 265537 1059127648 14853789 8505895 5515949143 5515949143 0 104109827 453165732 26.674254 276 3087 4190694 4867099 948 770 72 128000 200000 12 16000 19571 12 16000 25000 8 16000 25000 978
1791400219021284 8 0 6 2 2 10 2 0 2 0 0 2 372 2 2 0 749 377 375 0 375 0 0 0 16084886 3873145 0 3811371 165492 265578 1063131751 14853999 8527741 5515949143 5515949143 0 104752096 453165732 26.659539 273 3054 4145143 4813777 957 780 72 128000 200000 24 32000 38101 12 16000 25000 8 16000 25000 978
1791400226955798 8 0 6 2 2 10 2 0 2 0 0 2 372 3 2 1 749 377 375 0 375 0 0 0 16126026 3873157 0 3811371 165507 265631 1071024701 14854188 8566450 5528901183 5515949143 0 104752096 453165732 26.604682 273 3054 4145143 4813777 957 806 72 128000 200000 24 32000 38106 12 16000 25000 8 16000 25000 982
1791400226956254 8 0 7 1 2 10 2 0 2 0 0 2 372 1 1 0 749 377 376 0 376 0 0 0 16126026 3873571 0 3811690 165635 265643 1071024701 14854188 8566450 5528901183 5528901183 0 104752096 453165732 26.604131 273 3054 4145143 4813777 957 822 72 128000 200000 12 16000 19515 12 16000 25000 8 16000 25000 982
1791400227040935 8 0 7 1 2 10 2 0 2 0 0 2 371 1 1 0 749 378 377 0 377 0 0 0 16143415 3873951 0 3811985 165771 265662 1071091252 14854369 8572904 5540946353 5540946353 0 105394365 453165732 26.611115 273 3054 4145143 4813706 576 799 72 128000 200000 12 16000 19577 12 16000 25000 8 16000 25000 986
1791400232084736 8 0 6 2 2 10 2 0 2 0 0 2 370 2 2 0 749 379 377 0 377 0 0 0 16182423 3873961 0 3811985 165867 265704 1076095718 14854481 8599571 5540946353 5540946353 0 106036634 453165732 26.589885 271 3031 4114776 4777757 956 807 72 128000 200000 24 32000 38104 12 16000 25000 8 16000 25000 987
1791400243352825 8 0 6 2 2 10 2 0 2 0 0 2 370 3 2 1 749 379 377 0 377 0 0 0 16246232 3873983 0 3811985 165891 265793 1087299415 14854764 8658645 5557331490 5540946353 0 106036634 453165732 26.505529 271 3031 4114776 4777757 956 837 72 128000 200000 24 32000 38109 12 16000 25000 8 16000 25000 991
1791400243353161 8 0 7 1 2 10 2 0 2 0 0 2 370 1 1 0 749 379 378 0 378 0 0 0 16246232 3874277 0 3812159 166016 265806 1087299415 14854764 8658645 5557331490 5557331490 0 106036634 453165732 26.505141 271 3031 4114776 4777757 956 849 72 128000 200000 12 16000 19520 12 16000 25000 8 16000 25000 990
1791400248417765 8 0 6 2 2 10 2 0 2 0 0 2 369 2 2 0 749 380 378 0 378 0 0 0 16305277 3874295 0 3812159 166114 265866 1092304508 14854988 8685871 5557331490 5557331490 0 106678903 453165732 26.457917 276 3087 4190694 4865835 1437 879 72 128000 200000 24 32000 38105 12 16000 25000 8 16000 25000 991
1791400254713575 8 0 6 2 2 10 2 0 2 0 0 2 369 3 2 1 749 380 378 0 378 0 0 0 16341638 3874310 0 3812159 166129 265923 1098563552 14855173 8719586 5584992929 5557331490 0 106678903 453165732 26.410310 276 3087 4190694 4865835 1437 960 72 128000 200000 24 32000 38110 12 16000 25000 8 16000 25000 995
1791400254714051 8 0 7 1 2 10 2 0 2 0 0 2 369 1 1 0 749 380 379 0 379 0 0 0 16341638 3874740 0 3812494 166251 265936 1098563552 14855173 8719586 5584992929 5584992929 0 106678903 453165732 26.409748 276 3087 4190694 4865835 1437 1007 72 128000 200000 12 16000 19583 12 16000 25000 8 16000 25000 994
1791400257410581 8 0 7 1 2 10 2 0 2 0 0 2 368 1 1 0 749 381 380 0 380 0 0 0 16368102 3875034 0 3812682 166418 265972 1101232924 14855339 8734439 5599019550 5599019550 0 107321172 453165732 26.405097 281 3143 4266613 4953275 2425 1146 72 128000 200000 12 16000 19524 12 16000 25000 8 16000 25000 998
1791400262465439 8 0 6 2 2 10 2 0 2 0 0 2 367 2 2 0 749 382 380 0 380 0 0 0 16417344 3875047 0 3812682 166513 266020 1106238074 14855575 8761179 5599019550 5599019550 0 107963441 453165732 26.371189 281 3143 4266613 4953202 462 1112 72 128000 200000 24 32000 38106 12 16000 25000 8 16000 25000 999
1791400266446629 8 0 7 1 2 10 2 0 2 0 0 2 367 1 1 0 749 382 381 0 381 0 0 0 16438314 3875485 0 3813013 166616 266056 1110197562 14855689 8780974 5610738365 5610738365 0 107963441 453165732 26.343397 281 3143 4266613 4953202 462 1021 72 128000 200000 12 16000 19588 12 16000 25000 8 16000 25000 1003
1791400271492144 8 0 6 2 2 10 2 0 2 0 0 2 366 2 2 0 749 383 381 0 381 0 0 0 16478275 3875496 0 3813013 166717 266095 1115202684 14855901 8807383 5610738365 5610738365 0 108605710 453165732 26.321756 390 4426 5985307 6947902 872 1014 72 128000 200000 24 32000 38107 12 16000 25000 8 16000 25000 1003
1791400272980138 8 0 7 1 2 10 2 0 2 0 0 2 366 1 1 0 749 383 382 0 382 0 0 0 16487637 3875805 0 3813200 166806 266121 1116680718 14856030 8815952 5626286363 5626286363 0 108605710 453165732 26.309255 390 4426 5985307 6947902 872 995 72 128000 200000 12 16000 19529 12 16000 25000 8 16000 25000 1007
1791400277056827 8 0 6 2 2 10 2 0 2 0 0 2 365 2 2 0 749 384 382 0 382 0 0 0 16560868 3875817 0 3813200 166903 266156 1120683774 14856210 8837538 5626286363 5626286363 0 109247979 453165732 26.244937 394 4471 6046694 7019060 736 983 72 128000 200000 24 32000 38108 12 16000 25000 8 16000 25000 1007
1791400279309693 8 0 7 1 2 10 2 0 2 0 0 2 365 1 1 0 749 384 383 0 383 0 0 0 16577390 3876254 0 3813524 167012 266193 1122919344 14856355 8852608 5639134712 5639134712 0 109247979 453165732 26.223176 394 4471 6046694 7019060 736 949 72 128000 200000 12 16000 19593 12 16000 25000 8 16000 25000 1011
1791400284367800 8 0 6 2 2 10 2 0 2 0 0 2 364 2 2 0 749 385 383 0 383 0 0 0 16630926 3876269 0 3813524 167109 266240 1127923450 14856578 8879161 5639134712 5639134712 0 109888835 453165732 26.184502 402 4562 6169470 7160533 896 947 72 128000 200000 24 32000 38110 12 16000 25000 8 16000 25000 1012
1791400287518938 8 0 7 1 2 10 2 0 2 0 0 2 364 1 1 0 749 385 384 0 384 0 0 0 16651254 3876583 0 3813722 167210 266285 1131053660 14856680 8897804 5653622376 5653622376 0 109888835 453165732 26.158171 402 4562 6169470 7160533 896 941 72 128000 200000 12 16000 19536 12 16000 25000 8 16000 25000 1015
1791400288034236 8 0 6 2 2 10 2 0 2 0 0 2 362 2 2 0 749 387 385 0 385 0 0 0 16729866 4113638 0 4050632 167873 266370 1131252279 14856884 8961296 5653770027 5653770027 0 110529691 579509152 31.572058 400 4539 6138776 7124376 286 878 72 128000 200000 24 32000 38231 12 16000 25000 8 16000 25000 1136
1791400290252196 8 0 7 1 2 10 2 0 2 0 0 2 362 1 1 0 749 387 386 0 386 0 0 0 16746287 4114101 0 4050940 167967 266409 1133452982 14857093 8976365 5664686344 5664686344 0 110529691 579509152 31.546504 354 3960 5375021 6238535 1 794 72 128000 200000 12 16000 19717 12 16000 25000 8 16000 25000 1140
1791400295308612 8 0 6 2 2 10 2 0 2 0 0 2 361 2 2 0 749 388 386 0 386 0 0 0 16797019 4114114 0 4050940 168057 266449 1138458101 14857427 9002849 5664686344 5664686344 0 111170547 579509152 31.499177 366 4153 5616980 6519224 424 759 72 128000 200000 24 32000 38232 12 16000 25000 8 16000 25000 1140
1791400300437126 8 0 6 2 2 10 2 0 2 0 0 2 361 3 2 1 749 388 386 0 386 0 0 0 16829401 4114131 0 4050940 168072 266511 1143553718 14857651 9032448 5677591169 5664686344 0 111170547 579509152 31.450449 366 4153 5616980 6519224 424 713 72 128000 200000 24 32000 38237 12 16000 25000 8 16000 25000 1144
1791400300437459 8 0 7 1 2 10 2 0 2 0 0 2 361 1 1 0 749 388 387 0 387 0 0 0 16829401 4114421 0 4051131 168249 266523 1143553718 14857651 9032448 5677591169 5677591169 0 111170547 579509152 31.450014 366 4153 5616980 6519224 424 686 72 128000 200000 12 16000 19661 12 16000 25000 8 16000 25000 1144
1791400304187114 8 0 7 1 2 10 2 0 2 0 0 2 360 1 1 0 749 389 388 0 388 0 0 0 16863164 4114821 0 4051388 168469 266572 1147268670 14857868 9053971 5691502158 5691502158 0 111811403 579509152 31.427931 363 4119 5570939 6465299 969 715 72 128000 200000 12 16000 19722 12 16000 25000 8 16000 25000 1148
1791400309249931 8 0 6 2 2 10 2 0 2 0 0 2 359 2 2 0 749 390 388 0 388 0 0 0 16920804 4114840 0 4051388 168569 266625 1152273362 14858090 9082727 5691502158 5691502158 0 112453535 579509152 31.370898 357 4051 5478858 6357888 595 709 72 128000 200000 24 32000 38234 12 16000 25000 8 16000 25000 1149
1791400312872327 8 0 7 1 2 10 2 0 2 0 0 2 359 1 1 0 749 390 389 0 389 0 0 0 16942691 4115266 0 4051647 168684 266674 1155873125 14858196 9102712 5703925572 5703925572 0 112453535 579509152 31.337657 357 4051 5478858 6357888 595 694 72 128000 200000 12 16000 19666 12 16000 25000 8 16000 25000 1152
1791400312975925 8 0 6 2 2 10 2 0 2 0 0 2 357 2 2 0 749 392 390 0 390 0 0 0 16977254 4157468 0 4093700 168938 266727 1155899383 14858414 9125163 5703950721 5703950721 0 113095667 596935830 32.039163 373 4233 5724409 6642339 1128 737 72 128000 200000 24 32000 38253 12 16000 25000 8 16000 25000 1169
1791400315294203 8 0 7 1 2 10 2 0 2 0 0 2 357 1 1 0 749 392 391 0 391 0 0 0 16994546 4157866 0 4093937 169056 266763 1158199563 14858622 9141063 5715030182 5715030182 0 113095667 596935830 32.012368 358 4004 5435756 6307652 1 666 72 128000 200000 12 16000 19745 12 16000 25000 8 16000 25000 1173
1791400320348777 8 0 6 2 2 10 2 0 2 0 0 2 356 2 2 0 749 393 391 0 391 0 0 0 17045969 4157880 0 4093937 169168 266808 1163202216 14858865 9169225 5715030182 5715030182 0 113737799 596935830 31.963592 356 3982 5405388 6271896 408 642 72 128000 200000 24 32000 38254 12 16000 25000 8 16000 25000 1174
1791400325612343 8 0 6 2 2 10 2 0 2 0 0 2 356 3 2 1 749 393 391 0 391 0 0 0 17076969 4157893 0 4093937 169183 266858 1168434379 14859059 9197752 5725326389 5715030182 0 113737799 596935830 31.916910 356 3982 5405388 6271896 408 610 72 128000 200000 24 32000 38259 12 16000 25000 8 16000 25000 1178
1791400325612735 8 0 7 1 2 10 2 0 2 0 0 2 356 1 1 0 749 393 392 0 392 0 0 0 17076969 4158236 0 4094180 169306 266871 1168434379 14859059 9197752 5725326389 5725326389 0 113737799 596935830 31.916395 356 3982 5405388 6271896 408 591 72 128000 200000 12 16000 19750 12 16000 25000 8 16000 25000 1177
1791400325692454 8 0 7 1 2 10 2 0 2 0 0 2 355 1 1 0 749 394 393 0 393 0 0 0 17093773 4158513 0 4094364 169446 266899 1168496638 14859247 9204093 5738132941 5738132941 0 114379931 596935830 31.919558 351 3926 5329470 6182900 470 580 72 128000 200000 12 16000 19688 12 16000 25000 8 16000 25000 1181
1791400330734701 8 0 6 2 2 10 2 0 2 0 0 2 354 2 2 0 749 395 393 0 393 0 0 0 17131797 4158525 0 4094364 170107 266938 1173499926 14859411 9230276 5738132941 5738132941 0 115022063 596935830 31.891296 371 4210 5693715 6605803 971 600 72 128000 200000 24 32000 38241 12 16000 25000 8 16000 25000 1182
1791400335861055 8 0 6 2 2 10 2 0 2 0 0 2 354 3 2 1 749 395 393 0 393 0 0 0 17165156 4158543 0 4094364 170125 266991 1178592359 14859695 9260905 5748370117 5738132941 0 115022063 596935830 31.841378 371 4210 5693715 6605803 971 654 72 128000 200000 24 32000 38246 12 16000 25000 8 16000 25000 1186
1791400335861430 8 0 7 1 2 10 2 0 2 0 0 2 354 1 1 0 749 395 394 0 394 0 0 0 17165156 4158857 0 4094565 170313 267004 1178592359 14859695 9260905 5748370117 5748370117 0 115022063 596935830 31.840909 371 4210 5693715 6605803 971 686 72 128000 200000 12 16000 19748 12 16000 25000 8 16000 25000 1185
1791400339048032 8 0 7 1 2 10 2 0 2 0 0 2 353 1 1 0 749 396 395 0 395 0 0 0 17201317 4159191 0 4094776 170542 267081 1181741897 14859918 9283458 5761712871 5761712871 0 115664195 596935830 31.815177 370 4199 5678368 6587035 917 709 72 128000 200000 12 16000 19693 12 16000 25000 8 16000 25000 1190
1791400344193674 8 0 6 2 2 10 2 0 2 0 0 2 352 2 2 0 749 397 395 0 395 0 0 0 17344502 4159214 0 4094776 170668 267133 1186743806 14860179 9311219 5761712871 5761712871 0 116306327 596935830 31.631776 370 4199 5678368 6586565 1069 727 72 128000 200000 24 32000 38257 12 16000 25000 8 16000 25000 1190
1791400348014613 8 0 7 1 2 10 2 0 2 0 0 2 352 1 1 0 749 397 396 0 396 0 0 0 17365447 4159716 0 4095131 170790 267181 1190542957 14860299 9330311 5773852852 5773852852 0 116306327 596935830 31.600259 370 4199 5678368 6586565 1069 778 72 128000 200000 12 16000 19760 12 16000 25000 8 16000 25000 1194
1791400351678726 8 0 7 1 2 10 2 0 2 0 0 2 351 1 1 0 749 398 397 0 397 0 0 0 17408151 4160044 0 4095327 171054 267238 1194163458 14860516 9350198 5786369489 5786369489 0 116948459 596935830 31.565604 352 3995 5402123 6265577 951 796 72 128000 200000 12 16000 19698 12 16000 25000 8 16000 25000 1198
1791400356762926 8 0 6 2 2 10 2 0 2 0 0 2 350 2 2 0 749 399 397 0 397 0 0 0 17487174 4160063 0 4095327 171155 267296 1199168099 14860796 9376413 5786369489 5786369489 0 117590591 596935830 31.478636 335 3802 5141225 5962891 111 730 72 128000 200000 24 32000 38259 12 16000 25000 8 16000 25000 1199
1791400359976589 8 0 7 1 2 10 2 0 2 0 0 2 350 1 1 0 749 399 398 0 398 0 0 0 17508546 4160408 0 4095538 171293 267356 1202359634 14860953 9395804 5798308877 5798308877 0 117590591 596935830 31.447088 335 3802 5141225 5962891 111 643 72 128000 200000 12 16000 19765 12 16000 25000 8 16000 25000 1202
1791400364055064 8 0 6 2 2 10 2 0 2 0 0 2 349 2 2 0 749 400 398 0 398 0 0 0 17584436 4160423 0 4095538 171393 267405 1206361721 14861196 9418490 5798308877 5798308877 0 118232723 596935830 31.365477 323 3666 4957062 5748455 539 638 72 128000 200000 24 32000 38261 12 16000 25000 8 16000 25000 1203
1791400364674139 8 0 7 1 2 10 2 0 2 0 0 2 349 1 1 0 749 400 399 0 399 0 0 0 17588403 4160796 0 4095775 171512 267421 1206976130 14861348 9422086 5811252392 5811252392 0 118232723 596935830 31.359218 323 3666 4957062 5748455 539 626 72 128000 200000 12 16000 19705 12 16000 25000 8 16000 25000 1206
1791400369740194 8 0 6 2 2 10 2 0 2 0 0 2 348 2 2 0 749 401 399 0 399 0 0 0 17648759 4160816 0 4095775 171619 267486 1211981323 14861580 9448911 5811252392 5811252392 0 118874857 596935830 31.300485 346 3983 5366531 6223621 252 608 72 128000 200000 24 32000 38261 12 16000 25000 8 16000 25000 1207
1791400375728678 8 0 6 2 2 10 2 0 2 0 0 2 348 3 2 1 749 401 399 0 399 0 0 0 17678830 4160829 0 4095775 171636 267538 1217939319 14861770 9476517 5826952386 5811252392 0 118874857 596935830 31.257368 346 3983 5366531 6223621 252 559 72 128000 200000 24 32000 38266 12 16000 25000 8 16000 25000 1211
1791400375729212 8 0 7 1 2 10 2 0 2 0 0 2 348 1 1 0 749 401 400 0 400 0 0 0 17678830 4161321 0 4096140 171766 267550 1217939319 14861770 9476517 5826952386 5826952386 0 118874857 596935830 31.256664 346 3983 5366531 6223621 252 530 72 128000 200000 12 16000 19770 12 16000 25000 8 16000 25000 1210
1791400377488445 8 0 7 1 2 10 2 0 2 0 0 2 347 1 1 0 749 402 401 0 401 0 0 0 17699151 4161623 0 4096317 171954 267575 1219677539 14861916 9486234 5839734123 5839734123 0 119516991 596935830 31.255190 342 3937 5304490 6151127 301 509 72 128000 200000 12 16000 19710 12 16000 25000 8 16000 25000 1215
1791400382632697 8 0 6 2 2 10 2 0 2 0 0 2 346 2 2 0 749 403 401 0 401 0 0 0 17837987 4161634 0 4096317 172047 267623 1224682479 14862165 9511740 5839734123 5839734123 0 120159125 596935830 31.085765 346 3983 5366531 6222604 398 504 72 128000 200000 24 32000 38263 12 16000 25000 8 16000 25000 1215
1791400387256168 8 0 7 1 2 10 2 0 2 0 0 2 346 1 1 0 749 403 402 0 402 0 0 0 17862160 4162078 0 4096635 172156 267662 1229280520 14862280 9534162 5851249863 5851249863 0 120159125 596935830 31.051019 346 3983 5366531 6222604 398 490 72 128000 200000 12 16000 19775 12 16000 25000 8 16000 25000 1219
1791400390288894 8 0 7 1 2 10 2 0 2 0 0 2 345 1 1 0 749 404 403 0 403 0 0 0 17891082 4162406 0 4096856 172323 267731 1232283469 14862531 9551466 5863937511 5863937511 0 120801259 596935830 31.037604 346 3983 5366531 6222053 1057 546 72 128000 200000 12 16000 19715 12 16000 25000 8 16000 25000 1223
1791400395332749 8 0 6 2 2 10 2 0 2 0 0 2 344 2 2 0 749 405 403 0 403 0 0 0 17929454 4162416 0 4096856 172415 267781 1237288484 14862774 9576926 5863937511 5863937511 0 121443393 596935830 31.011400 330 3799 5118368 5934237 113 505 72 128000 200000 24 32000 38265 12 16000 25000 8 16000 25000 1223
1791400398631575 8 0 7 1 2 10 2 0 2 0 0 2 344 1 1 0 749 405 404 0 404 0 0 0 17948920 4162831 0 4097127 172523 267823 1240567133 14862877 9594726 5875301248 5875301248 0 121443393 596935830 30.983517 330 3799 5118368 5934237 113 451 72 128000 200000 12 16000 19781 12 16000 25000 8 16000 25000 1227
1791400403694868 8 0 6 2 2 10 2 0 2 0 0 2 343 2 2 0 749 406 404 0 404 0 0 0 18007515 4162848 0 4097127 172635 267872 1245571376 14863076 9620456 5875301248 5875301248 0 122085527 596935830 30.929228 328 3776 5087347 5897399 1015 480 72 128000 200000 24 32000 38265 12 16000 25000 8 16000 25000 1228
1791400407269398 8 0 7 1 2 18 10 0 2 0 0 10 343 1 1 0 749 406 405 0 405 0 0 0 18158933 4163204 0 4097314 174571 268033 1248991832 14863178 9767287 5892269711 5892269711 0 122085527 596935830 30.718932 328 3776 5087347 5897399 1015 558 72 128000 200000 12 16000 19719 12 16000 25000 8 16000 25000 1231
1791400410390983 8 0 7 1 2 18 10 0 2 0 0 10 342 1 1 0 749 407 406 0 406 0 0 0 18251757 4163544 0 4097543 174766 268087 1252019751 14863388 9786693 5903997255 5903997255 0 122727661 596935830 30.618576 354 4133 5548409 6432231 1467 648 72 128000 200000 12 16000 19787 12 16000 25000 8 16000 25000 1235
1791400415434534 8 0 6 2 2 18 10 0 2 0 0 10 341 2 2 0 749 408 406 0 406 0 0 0 18290704 4163560 0 4097543 174862 268138 1257023808 14863663 9812277 5903997255 5903997255 0 123369795 596935830 30.592718 366 4273 5736490 6649690 373 622 72 128000 200000 24 32000 38268 12 16000 25000 8 16000 25000 1236
1791400423383178 8 0 6 2 2 18 10 0 2 0 0 10 341 3 2 1 749 408 406 0 406 0 0 0 18331256 4163582 0 4097543 174886 268209 1264931412 14863856 9849270 5916977249 5903997255 0 123369795 596935830 30.537538 366 4273 5736490 6649690 373 588 72 128000 200000 24 32000 38273 12 16000 25000 8 16000 25000 1240
1791400423383666 8 0 7 1 2 18 10 0 2 0 0 10 341 1 1 0 749 408 407 0 407 0 0 0 18331256 4164006 0 4097863 175056 268223 1264931412 14863856 9849270 5916977249 5916977249 0 123369795 596935830 30.536963 366 4273 5736490 6649690 373 568 72 128000 200000 12 16000 19791 12 16000 25000 8 16000 25000 1239
1791400428425846 8 0 6 2 2 18 10 0 2 0 0 10 340 2 2 0 749 409 407 0 407 0 0 0 18369812 4164021 0 4097863 175150 268268 1269934577 14864087 9874957 5916977249 5916977249 0 124011929 596935830 30.511869 366 4273 5736490 6649108 1062 593 72 128000 200000 24 32000 38269 12 16000 25000 8 16000 25000 1240
1791400431956344 8 0 7 1 2 18 10 0 2 0 0 10 340 1 1 0 749 409 408 0 408 0 0 0 18389113 4164380 0 4098069 175254 268315 1273445107 14864201 9892612 5941591212 5941591212 0 124011929 596935830 30.485272 366 4273 5736490 6649108 1062 662 72 128000 200000 12 16000 19725 12 16000 25000 8 16000 25000 1244
1791400434347482 8 0 7 1 2 18 10 0 2 0 0 10 339 1 1 0 749 410 409 0 409 0 0 0 18415993 4164818 0 4098394 175434 268357 1275808464 14864409 9907094 5952543004 5952543004 0 124654063 596935830 30.475511 356 4156 5579756 6466942 340 631 72 128000 200000 12 16000 19796 12 16000 25000 8 16000 25000 1248
1791400439390862 8 0 6 2 2 18 10 0 2 0 0 10 338 2 2 0 749 411 409 0 409 0 0 0 18454770 4164832 0 4098394 175524 268401 1280812592 14864658 9932250 5952543004 5952543004 0 125294304 596935830 30.450241 356 4156 5579756 6466375 943 662 72 128000 200000 24 32000 38272 12 16000 25000 8 16000 25000 1248
1791400445195237 8 0 6 2 2 18 10 0 2 0 0 10 338 3 2 1 749 411 409 0 409 0 0 0 18484826 4164848 0 4098394 175538 268457 1286586446 14864845 9959828 5963378101 5952543004 0 125294304 596935830 30.409812 356 4156 5579756 6466375 943 704 72 128000 200000 24 32000 38277 12 16000 25000 8 16000 25000 1253
1791400445195724 8 0 7 1 2 18 10 0 2 0 0 10 338 1 1 0 749 411 410 0 410 0 0 0 18484826 4165292 0 4098730 175705 268469 1286586446 14864845 9959828 5963378101 5963378101 0 125294304 596935830 30.409216 356 4156 5579756 6466375 943 728 72 128000 200000 12 16000 19800 12 16000 25000 8 16000 25000 1252
1791400449396987 8 0 7 1 2 18 10 0 2 0 0 10 337 1 1 0 749 412 411 0 411 0 0 0 18527311 4165607 0 4098926 175903 268523 1290744381 14865066 9983959 5980806436 5980806436 0 125934545 596935830 30.378769 352 4110 5517062 6392739 852 741 72 128000 200000 12 16000 19732 12 16000 25000 8 16000 25000 1256
1791400449795182 8 0 6 2 2 18 10 0 2 0 0 10 335 2 2 0 749 414 412 0 412 0 0 0 18588282 4358480 0 4291647 176407 268589 1290887856 14865329 10022448 5980906889 5980906889 0 126574786 684069223 33.690608 362 4226 5673796 6574279 1465 813 72 128000 200000 24 32000 38357 12 16000 25000 8 16000 25000 1340
1791400456004424 8 0 6 2 2 18 10 0 2 0 0 10 335 3 2 1 749 414 412 0 412 0 0 0 18628794 4358496 0 4291647 176939 268656 1297055485 14865673 10059980 5991698312 5980906889 0 126574786 684069223 33.631210 310 3569 4808164 5571199 1 699 72 128000 200000 24 32000 38348 12 16000 25000 8 16000 25000 1344
1791400456004882 8 0 7 1 2 18 10 0 2 0 0 10 335 1 1 0 749 414 413 0 413 0 0 0 18628794 4358904 0 4291959 177069 268668 1297055485 14865673 10059980 5991698312 5991698312 0 126574786 684069223 33.630613 310 3569 4808164 5571199 1 632 72 128000 200000 12 16000 19881 12 16000 25000 8 16000 25000 1343
1791400461048580 8 0 6 2 2 18 10 0 2 0 0 10 334 2 2 0 749 415 413 0 413 0 0 0 18666922 4358917 0 4291959 177161 268712 1302060624 14865879 10084860 5991698312 5991698312 0 127215027 684069223 33.601423 306 3523 4746123 5498825 622 632 72 128000 200000 24 32000 38351 12 16000 25000 8 16000 25000 1344
1791400462958462 8 0 7 1 2 18 10 0 2 0 0 10 334 1 1 0 749 415 414 0 414 0 0 0 18675403 4359217 0 4292150 177253 268737 1303961441 14866011 10092665 6005237864 6005237864 0 127215027 684069223 33.588614 306 3523 4746123 5498825 622 632 72 128000 200000 12 16000 19820 12 16000 25000 8 16000 25000 1347
1791400466455494 8 0 7 1 2 18 10 0 2 0 0 10 333 1 1 0 749 416 415 0 415 0 0 0 18706308 4359549 0 4292354 177443 268777 1307426762 14866214 10111160 6015675770 6015675770 0 127855268 684069223 33.569597 306 3523 4746123 5498783 631 632 72 128000 200000 12 16000 19893 12 16000 25000 8 16000 25000 1352
1791400471499173 8 0 6 2 2 18 10 0 2 0 0 10 332 2 2 0 749 417 415 0 415 0 0 0 18745140 4359564 0 4292354 177554 268833 1312430909 14866658 10136390 6015675770 6015675770 0 128495509 684069223 33.539582 319 3672 4947756 5731503 848 654 72 128000 200000 24 32000 38360 12 16000 25000 8 16000 25000 1352
1791400475298364 8 0 7 1 2 18 10 0 2 0 0 10 332 1 1 0 749 417 416 0 416 0 0 0 18763948 4359978 0 4292653 177646 268877 1316210580 14866761 10153634 6028003165 6028003165 0 128495509 684069223 33.511702 319 3672 4947756 5731503 848 683 72 128000 200000 12 16000 19826 12 16000 25000 8 16000 25000 1356
1791400476991178 8 0 7 1 2 18 10 0 2 0 0 10 331 1 1 0 749 418 417 0 417 0 0 0 18794246 4360447 0 4293002 177822 268902 1317872202 14866945 10162928 6038525826 6038525826 0 129135750 684069223 33.493543 318 3661 4932245 5713497 1018 716 72 128000 200000 12 16000 19898 12 16000 25000 8 16000 25000 1360
1791400481075862 8 0 6 2 2 18 10 0 2 0 0 10 330 2 2 0 749 419 417 0 417 0 0 0 18875580 4360457 0 4293002 177915 268940 1321875039 14867243 10183115 6038525826 6038525826 0 129775991 684069223 33.402567 317 3649 4916735 5694647 850 730 72 128000 200000 24 32000 38361 12 16000 25000 8 16000 25000 1361
1791400487826605 8 0 6 2 2 18 10 0 2 0 0 10 330 3 2 1 749 419 417 0 417 0 0 0 18909636 4360473 0 4293002 177933 269012 1328591241 14867440 10214274 6051032961 6038525826 0 129775991 684069223 33.353659 317 3649 4916735 5694647 850 742 72 128000 200000 24 32000 38366 12 16000 25000 8 16000 25000 1365
1791400487826951 8 0 7 1 2 18 10 0 2 0 0 10 330 1 1 0 749 419 418 0 418 0 0 0 18909636 4360778 0 4293190 178087 269024 1328591241 14867440 10214274 6051032961 6051032961 0 129775991 684069223 33.353222 317 3649 4916735 5694647 850 754 72 128000 200000 12 16000 19831 12 16000 25000 8 16000 25000 1364
1791400488393581 8 0 7 1 2 18 10 0 2 0 0 10 329 1 1 0 749 420 419 0 419 0 0 0 18927286 4361223 0 4293523 178235 269043 1329139379 14867642 10218934 6062374337 6062374337 0 130416939 684069223 33.353554 317 3649 4916735 5694603 594 739 72 128000 200000 12 16000 19903 12 16000 25000 8 16000 25000 1368
1791400488571424 8 0 6 2 2 18 10 0 2 0 0 10 327 2 2 0 749 422 420 0 420 0 0 0 18958819 4449133 0 4381288 178522 269081 1329197198 14867866 10238443 6062413568 6062413568 0 131061664 718922582 34.629606 304 3500 4715103 5460219 188 686 72 128000 200000 24 32000 38396 12 16000 25000 8 16000 25000 1402
1791400499549542 8 0 6 2 2 18 10 0 2 0 0 10 327 3 2 1 749 422 420 0 420 0 0 0 19014357 4449162 0 4381288 178553 269178 1340119034 14868282 10289472 6073557476 6062413568 0 131061664 718922582 34.547595 282 3200 4327837 5011899 1 590 72 128000 200000 24 32000 38401 12 16000 25000 8 16000 25000 1406
1791400499549948 8 0 7 1 2 18 10 0 2 0 0 10 327 1 1 0 749 422 421 0 421 0 0 0 19014357 4449519 0 4381542 178702 269191 1340119034 14868282 10289472 6073557476 6073557476 0 131061664 718922582 34.547069 282 3200 4327837 5011899 1 533 72 128000 200000 12 16000 19940 12 16000 25000 8 16000 25000 1406
1791400502158636 8 0 7 1 2 18 10 0 2 0 0 10 326 1 1 0 749 423 422 0 422 0 0 0 19198491 4449821 0 4381723 178874 269240 1342542799 14868515 10304734 6087873759 6087873759 0 131706389 718922582 34.303632 281 3189 4312490 4993343 924 572 72 128000 200000 12 16000 19871 12 16000 25000 8 16000 25000 1410
1791400502923978 8 0 6 2 2 18 10 0 2 0 0 10 324 2 2 0 749 425 423 0 423 0 0 0 19740505 4619842 0 4551619 179039 269271 1342595622 14868764 10319615 6087926554 6087926554 0 132351114 723279250 33.496760 307 3484 4711511 5455337 954 611 72 128000 200000 24 32000 38405 12 16000 25000 8 16000 25000 1415
1791400510540854 8 0 6 2 2 18 10 0 2 0 0 10 324 3 2 1 749 425 423 0 423 0 0 0 19780379 4619859 0 4551619 179063 269335 1350172046 14869072 10356324 6098748672 6087926554 0 132351114 723279250 33.441998 277 3098 4205878 4870157 1 552 72 128000 200000 24 32000 38410 12 16000 25000 8 16000 25000 1419
1791400510541272 8 0 7 1 2 18 10 0 2 0 0 10 324 1 1 0 749 425 424 0 424 0 0 0 19780379 4620231 0 4551894 179204 269347 1350172046 14869072 10356324 6098748672 6098748672 0 132351114 723279250 33.441488 277 3098 4205878 4870157 1 499 72 128000 200000 12 16000 19951 12 16000 25000 8 16000 25000 1418
1791400515612902 8 0 6 2 2 18 10 0 2 0 0 10 323 2 2 0 749 426 424 0 424 0 0 0 19846810 4620241 0 4551894 179302 269388 1355176825 14869272 10380642 6098748672 6098748672 0 132995839 723279250 33.375807 257 2875 3902205 4518127 65 478 72 128000 200000 24 32000 38406 12 16000 25000 8 16000 25000 1419
1791400517541967 8 0 7 1 2 18 10 0 2 0 0 10 323 1 1 0 749 426 425 0 425 0 0 0 19856906 4620540 0 4552084 179399 269427 1357095208 14869386 10389915 6113602766 6113602766 0 132995839 723279250 33.361633 257 2875 3902205 4518127 65 421 72 128000 200000 12 16000 19881 12 16000 25000 8 16000 25000 1422
1791400521946494 8 0 7 1 2 18 10 0 2 0 0 10 322 1 1 0 749 427 426 0 426 0 0 0 19892631 4620929 0 4552348 179597 269483 1361463095 14869612 10412987 6124966516 6124966516 0 133640564 723279250 33.337566 211 2360 3203756 3709167 29 384 72 128000 200000 12 16000 19956 12 16000 25000 8 16000 25000 1426
1791400526091786 8 0 6 2 2 18 10 0 2 0 0 10 321 2 2 0 749 428 426 0 426 0 0 0 20033328 4620939 0 4552348 179693 269520 1365467206 14869883 10432595 6124966516 6124966516 0 134285289 723279250 33.172241 209 2338 3173388 3673689 277 374 72 128000 200000 24 32000 38408 12 16000 25000 8 16000 25000 1427
1791400533237114 8 0 6 2 2 18 10 0 2 0 0 10 321 3 2 1 749 428 426 0 426 0 0 0 20071457 4620957 0 4552348 179717 269586 1372573979 14870044 10467539 6136136678 6124966516 0 134285289 723279250 33.120993 209 2338 3173388 3673689 277 366 72 128000 200000 24 32000 38413 12 16000 25000 8 16000 25000 1431
1791400533237654 8 0 7 1 2 18 10 0 2 0 0 10 321 1 1 0 749 428 427 0 427 0 0 0 20071457 4621440 0 4552731 179851 269607 1372573979 14870044 10467539 6136136678 6136136678 0 134285289 723279250 33.120345 209 2338 3173388 3673689 277 358 72 128000 200000 12 16000 19960 12 16000 25000 8 16000 25000 1431
1791400533759461 8 0 7 1 2 18 10 0 2 0 0 10 320 1 1 0 749 429 428 0 428 0 0 0 20086195 4621715 0 4552897 180022 269626 1373080355 14870248 10472030 6152342408 6152342408 0 134930014 723279250 33.125106 199 2226 3021552 3497361 93 333 72 128000 200000 12 16000 19887 12 16000 25000 8 16000 25000 1435
1791400538033779 8 0 6 2 2 18 10 0 2 0 0 10 319 2 2 0 749 430 428 0 428 0 0 0 20356547 4621727 0 4552897 180128 269664 1377083753 14870591 10491696 6152342408 6152342408 0 135574739 723279250 32.791176 195 2181 2960817 3427059 1427 388 72 128000 200000 24 32000 38410 12 16000 25000 8 16000 25000 1435
1791400544059900 8 0 6 2 2 18 10 0 2 0 0 10 319 3 2 1 749 430 428 0 428 0 0 0 20384618 4621741 0 4552897 180142 269710 1383081378 14870777 10517439 6163153608 6152342408 0 135574739 723279250 32.754348 195 2181 2960817 3427059 1427 537 72 128000 200000 24 32000 38415 12 16000 25000 8 16000 25000 1439
1791400544060312 8 0 7 1 2 18 10 0 2 0 0 10 319 1 1 0 749 430 429 0 429 0 0 0 20384618 4622111 0 4553164 180281 269723 1383081378 14870777 10517439 6163153608 6163153608 0 135574739 723279250 32.753864 195 2181 2960817 3427059 1427 625 72 128000 200000 12 16000 19966 12 16000 25000 8 16000 25000 1439
1791400549106730 8 0 6 2 2 18 10 0 2 0 0 10 318 2 2 0 749 431 429 0 429 0 0 0 20426280 4622121 0 4553164 180388 269768 1388085699 14870973 10541211 6163153608 6163153608 0 136219464 723279250 32.723919 195 2181 2960817 3426516 975 643 72 128000 200000 24 32000 38410 12 16000 25000 8 16000 25000 1439
1791400549460527 8 0 7 1 2 18 10 0 2 0 0 10 318 1 1 0 749 431 430 0 430 0 0 0 20431060 4622428 0 4553368 180456 269788 1388434184 14871078 10545643 6178602811 6178602811 0 136219464 723279250 32.717275 195 2181 2960817 3426516 975 691 72 128000 200000 12 16000 19891 12 16000 25000 8 16000 25000 1443
1791400554502910 8 0 6 2 2 18 10 0 2 0 0 10 317 2 2 0 749 432 430 0 430 0 0 0 20467864 4622444 0 4553368 180547 269842 1393439344 14871255 10569766 6178602811 6178602811 0 136864189 723279250 32.693768 182 2036 2763429 3198081 62 660 72 128000 200000 24 32000 38411 12 16000 25000 8 16000 25000 1444
1791400555678163 8 0 7 1 2 18 10 0 2 0 0 10 317 1 1 0 749 432 431 0 431 0 0 0 20476010 4622886 0 4553691 180629 269868 1394605758 14871364 10577261 6190203086 6190203086 0 136864189 723279250 32.682581 182 2036 2763429 3198081 62 576 72 128000 200000 12 16000 19971 12 16000 25000 8 16000 25000 1447
1791400560920761 8 0 6 2 2 18 10 0 2 0 0 10 316 2 2 0 749 433 431 0 431 0 0 0 20714301 4622898 0 4553691 180734 269927 1399609614 14871566 10601431 6190203086 6190203086 0 137508916 723279250 32.399460 181 2025 2748245 3180002 675 581 72 128000 200000 24 32000 38412 12 16000 25000 8 16000 25000 1448
1791400562682849 8 0 7 1 2 18 10 0 2 0 0 10 316 1 1 0 749 433 432 0 432 0 0 0 20722430 4623191 0 4553868 180832 269955 1401362982 14871697 10608894 6203413424 6203413424 0 137508916 723279250 32.388694 181 2025 2748245 3180002 675 596 72 128000 200000 12 16000 19897 12 16000 25000 8 16000 25000 1451
1791400566352079 8 0 7 1 2 18 10 0 2 0 0 10 315 1 1 0 749 434 433 0 433 0 0 0 20758335 4623689 0 4554243 181020 269996 1404994840 14871946 10626703 6213873584 6213873584 0 138153643 723279250 32.366466 181 2025 2748245 3180002 1136 649 72 128000 200000 12 16000 19975 12 16000 25000 8 16000 25000 1455
1791400571442769 8 0 6 2 2 18 10 0 2 0 0 10 314 2 2 0 749 435 433 0 433 0 0 0 20843650 4623703 0 4554243 181665 270050 1409999198 14872184 10650772 6213873584 6213873584 0 138798370 723279250 32.282165 171 1913 2596409 3003833 50 592 72 128000 200000 24 32000 38399 12 16000 25000 8 16000 25000 1456
1791400576346473 8 0 7 1 2 18 10 0 2 0 0 10 314 1 1 0 749 435 434 0 434 0 0 0 20866255 4624013 0 4554428 181771 270091 1414879677 14872297 10671555 6227519130 6227519130 0 138798370 723279250 32.253144 171 1913 2596409 3003833 50 516 72 128000 200000 12 16000 19895 12 16000 25000 8 16000 25000 1460
1791400577214458 8 0 7 1 2 18 10 0 2 0 0 10 313 1 1 0 749 436 435 0 435 0 0 0 20881447 4624332 0 4554631 181965 270124 1415731644 14872539 10676081 6238320612 6238320612 0 139443097 723279250 32.257636 195 2213 2992654 3461774 774 542 72 128000 200000 12 16000 19980 12 16000 25000 8 16000 25000 1464
1791400582254685 8 0 6 2 2 18 10 0 2 0 0 10 312 2 2 0 749 437 435 0 435 0 0 0 20917196 4624341 0 4554631 182061 270163 1420735582 14872861 10699564 6238320612 6238320612 0 140087824 723279250 32.236549 192 2179 2946613 3408210 179 507 72 128000 200000 24 32000 38416 12 16000 25000 8 16000 25000 1464
1791400589883847 8 0 6 2 2 18 10 0 2 0 0 10 312 3 2 1 749 437 435 0 435 0 0 0 20953761 4624359 0 4554631 182078 270220 1428327720 14873064 10733344 6250978457 6238320612 0 140087824 723279250 32.190443 192 2179 2946613 3408210 179 462 72 128000 200000 24 32000 38421 12 16000 25000 8 16000 25000 1469
1791400589884313 8 0 7 1 2 18 10 0 2 0 0 10 312 1 1 0 749 437 436 0 436 0 0 0 20953761 4624782 0 4554959 182219 270232 1428327720 14873064 10733344 6250978457 6250978457 0 140087824 723279250 32.189910 192 2179 2946613 3408210 179 435 72 128000 200000 12 16000 19984 12 16000 25000 8 16000 25000 1468
1791400590412237 8 0 7 1 2 18 10 0 2 0 0 10 311 1 1 0 749 438 437 0 437 0 0 0 20989299 4625071 0 4555154 182362 270259 1428819410 14873276 10739210 6265031170 6265031170 0 140732551 723279250 32.168890 192 2179 2946613 3407664 1099 501 72 128000 200000 12 16000 19909 12 16000 25000 8 16000 25000 1472
1791400595452980 8 0 6 2 2 18 10 0 2 0 0 10 310 2 2 0 749 439 437 0 437 0 0 0 21024450 4625086 0 4555154 182455 270302 1433824546 14873516 10762680 6265031170 6265031170 0 141377278 723279250 32.148758 193 2190 2961960 3425409 1114 532 72 128000 200000 24 32000 38418 12 16000 25000 8 16000 25000 1473
1791400603288705 8 0 6 2 2 18 10 0 2 0 0 10 310 3 2 1 749 439 437 0 437 0 0 0 21060707 4625099 0 4555154 182471 270359 1441623579 14873709 10796224 6278405215 6265031170 0 141377278 723279250 32.103362 193 2190 2961960 3425409 1114 617 72 128000 200000 24 32000 38423 12 16000 25000 8 16000 25000 1477
1791400603289039 8 0 7 1 2 18 10 0 2 0 0 10 310 1 1 0 749 439 438 0 438 0 0 0 21060707 4625388 0 4555345 182601 270372 1441623579 14873709 10796224 6278405215 6278405215 0 141377278 723279250 32.103001 193 2190 2961960 3425409 1114 666 72 128000 200000 12 16000 19989 12 16000 25000 8 16000 25000 1476
1791400604363287 8 0 7 1 2 18 10 0 2 0 0 10 309 1 1 0 749 440 439 0 439 0 0 0 21082885 4625722 0 4555563 182786 270407 1442674848 14873917 10806843 6292343442 6292343442 0 142022005 723279250 32.098806 192 2179 2946613 3407114 442 645 72 128000 200000 12 16000 19914 12 16000 25000 8 16000 25000 1480
1791400609580755 8 0 6 2 2 18 10 0 2 0 0 10 308 2 2 0 749 441 439 0 439 0 0 0 21295538 4625737 0 4555563 182897 270457 1447679184 14874141 10830509 6292343442 6292343442 0 142666732 723279250 31.859175 200 2303 3102041 3586519 1124 669 72 128000 200000 24 32000 38421 12 16000 25000 8 16000 25000 1481
1791400615358438 8 0 6 2 2 18 10 0 2 0 0 10 308 3 2 1 749 441 439 0 439 0 0 0 21322298 4625746 0 4555563 182907 270502 1453429672 14874334 10855118 6304400960 6292343442 0 142666732 723279250 31.826308 200 2303 3102041 3586519 1124 735 72 128000 200000 24 32000 38426 12 16000 25000 8 16000 25000 1485
1791400615358825 8 0 7 1 2 18 10 0 2 0 0 10 308 1 1 0 749 441 440 0 440 0 0 0 21322298 4626089 0 4555802 183060 270515 1453429672 14874334 10855118 6304400960 6304400960 0 142666732 723279250 31.825887 200 2303 3102041 3586519 1124 774 72 128000 200000 12 16000 19995 12 16000 25000 8 16000 25000 1485
1791400619504843 8 0 7 1 2 18 10 0 2 0 0 10 307 1 1 0 749 442 441 0 441 0 0 0 21407779 4626521 0 4556120 183243 270584 1457489282 14874538 10878731 6319352387 6319352387 0 143311459 723279250 31.744479 201 2314 3117552 3604119 1014 798 72 128000 200000 12 16000 19919 12 16000 25000 8 16000 25000 1489
1791400624739872 8 0 6 2 2 18 10 0 2 0 0 10 306 2 2 0 749 443 441 0 441 0 0 0 21641285 4626536 0 4556120 183345 270660 1462490322 14874760 10902325 6319352387 6319352387 0 143956186 723279250 31.485678 192 2210 2977960 3442738 79 763 72 128000 200000 24 32000 38423 12 16000 25000 8 16000 25000 1489
1791400629157340 8 0 7 1 2 18 10 0 2 0 0 10 306 1 1 0 749 443 442 0 442 0 0 0 21663535 4626919 0 4556367 183439 270705 1466884838 14874896 10922686 6333089615 6333089615 0 143956186 723279250 31.458573 192 2210 2977960 3442738 79 667 72 128000 200000 12 16000 20001 12 16000 25000 8 16000 25000 1493
1791400634196263 8 0 6 2 2 18 10 0 2 0 0 10 305 2 2 0 749 444 442 0 442 0 0 0 21699556 4626935 0 4556367 183540 270765 1471887279 14875095 10946075 6333089615 6333089615 0 144600913 723279250 31.438866 189 2176 2931429 3388395 226 645 72 128000 200000 24 32000 38424 12 16000 25000 8 16000 25000 1494
1791400634443323 8 0 7 1 2 18 10 0 2 0 0 10 305 1 1 0 749 444 443 0 443 0 0 0 21704155 4627281 0 4556602 183610 270787 1472129142 14875224 10950321 6347817403 6347817403 0 144600913 723279250 31.432962 189 2176 2931429 3388395 226 587 72 128000 200000 12 16000 19923 12 16000 25000 8 16000 25000 1497
1791400639483885 8 0 6 2 2 18 10 0 2 0 0 10 304 2 2 0 749 445 443 0 443 0 0 0 21739786 4627298 0 4556602 183711 270834 1477133672 14875386 10973711 6347817403 6347817403 0 145245640 723279250 31.413784 180 2072 2791837 3227043 71 562 72 128000 200000 24 32000 38425 12 16000 25000 8 16000 25000 1498
1791400640514470 8 0 7 1 2 18 10 0 2 0 0 10 304 1 1 0 749 445 444 0 444 0 0 0 21747700 4627743 0 4556937 183802 270863 1478155597 14875521 10980928 6359162470 6359162470 0 145245640 723279250 31.403828 180 2072 2791837 3227043 71 493 72 128000 200000 12 16000 20006 12 16000 25000 8 16000 25000 1501
1791400645556201 8 0 6 2 2 18 10 0 2 0 0 10 303 2 2 0 749 446 444 0 444 0 0 0 21784428 4627758 0 4556937 183900 270918 1483160146 14875725 11004503 6359162470 6359162470 0 145890367 723279250 31.383421 179 2061 2776327 3208592 972 517 72 128000 200000 24 32000 38426 12 16000 25000 8 16000 25000 1502
1791400648950842 8 0 7 1 2 18 10 0 2 0 0 10 303 1 1 0 749 446 445 0 445 0 0 0 21803026 4628071 0 4557136 184013 270962 1486535559 14875844 11021615 6373657106 6373657106 0 145890367 723279250 31.360966 179 2061 2776327 3208592 972 583 72 128000 200000 12 16000 19929 12 16000 25000 8 16000 25000 1505
1791400653991107 8 0 6 2 2 18 10 0 2 0 0 10 302 2 2 0 749 447 445 0 445 0 0 0 21837841 4628075 0 4557136 184108 270996 1491540606 14876039 11043928 6373657106 6373657106 0 146535094 723279250 31.342939 180 2072 2791837 3226517 1156 612 72 128000 200000 24 32000 38426 12 16000 25000 8 16000 25000 1506
1791400655429188 8 0 7 1 2 18 10 0 2 0 0 10 302 1 1 0 749 447 446 0 446 0 0 0 21846583 4628528 0 4557481 184178 271021 1492969247 14876155 11052244 6388557874 6388557874 0 146535094 723279250 31.332054 180 2072 2791837 3226517 1156 691 72 128000 200000 12 16000 20010 12 16000 25000 8 16000 25000 1510
1791400660488146 8 0 6 2 2 18 10 0 2 0 0 10 301 2 2 0 749 448 446 0 446 0 0 0 21900103 4628533 0 4557481 184275 271055 1497974341 14876291 11074769 6388557874 6388557874 0 147179821 723279250 31.292014 186 2141 2884898 3333524 1098 712 72 128000 200000 24 32000 38428 12 16000 25000 8 16000 25000 1510
1791400664583794 8 0 7 1 2 18 10 0 2 0 0 10 301 1 1 0 749 448 447 0 447 0 0 0 21923889 4628849 0 4557667 184398 271113 1502045539 14876416 11096392 6404176590 6404176590 0 147179821 723279250 31.263611 186 2141 2884898 3333524 1098 769 72 128000 200000 12 16000 19935 12 16000 25000 8 16000 25000 1514
1791400665878822 8 0 7 1 2 18 10 0 2 0 0 10 300 1 1 0 749 449 448 0 448 0 0 0 21945295 4629243 0 4557973 184543 271136 1503318369 14876619 11106102 6414593803 6414593803 0 147824548 723279250 31.261101 188 2164 2915919 3369365 1128 805 72 128000 200000 12 16000 20015 12 16000 25000 8 16000 25000 1518
1791400670989866 8 0 6 2 2 18 10 0 2 0 0 10 299 2 2 0 749 450 448 0 448 0 0 0 22050969 4629247 0 4557973 184634 271165 1508323401 14876784 11128137 6414593803 6414593803 0 148469275 723279250 31.160324 188 2164 2915919 3368816 325 759 72 128000 200000 24 32000 38430 12 16000 25000 8 16000 25000 1518
1791400677756632 8 0 6 2 2 18 10 0 2 0 0 10 299 3 2 1 749 450 448 0 448 0 0 0 22080634 4629255 0 4557973 184639 271206 1515060175 14876912 11155959 6426388010 6414593803 0 148469275 723279250 31.125707 188 2164 2915919 3368816 325 718 72 128000 200000 24 32000 38435 12 16000 25000 8 16000 25000 1523
1791400677757180 8 0 7 1 2 18 10 0 2 0 0 10 299 1 1 0 749 450 449 0 449 0 0 0 22080634 4629761 0 4558373 184775 271218 1515060175 14876912 11155959 6426388010 6426388010 0 148469275 723279250 31.125117 188 2164 2915919 3368816 325 681 72 128000 200000 12 16000 20019 12 16000 25000 8 16000 25000 1522
1791400678130830 8 0 7 1 2 18 10 0 2 0 0 10 298 1 1 0 749 451 450 0 450 0 0 0 22108266 4630057 0 4558578 184906 271236 1515405539 14877097 11161527 6439921107 6439921107 0 149114002 723279250 31.115603 185 2130 2869388 3314752 141 605 72 128000 200000 12 16000 19941 12 16000 25000 8 16000 25000 1526
1791400683171094 8 0 6 2 2 18 10 0 2 0 0 10 297 2 2 0 749 452 450 0 450 0 0 0 22143096 4630063 0 4558578 185005 271263 1520410640 14877222 11183975 6439921107 6439921107 0 149758729 723279250 31.098082 186 2141 2884898 3332433 997 625 72 128000 200000 24 32000 38432 12 16000 25000 8 16000 25000 1527
1791400689736956 8 0 6 2 2 18 10 0 2 0 0 10 297 3 2 1 749 452 450 0 450 0 0 0 22172472 4630070 0 4558578 185017 271301 1526946715 14877402 11211555 6451877909 6439921107 0 149758729 723279250 31.063990 186 2141 2884898 3332433 997 679 72 128000 200000 24 32000 38437 12 16000 25000 8 16000 25000 1531
1791400689737490 8 0 7 1 2 18 10 0 2 0 0 10 297 1 1 0 749 452 451 0 451 0 0 0 22172472 4630537 0 4558939 185193 271326 1526946715 14877402 11211555 6451877909 6451877909 0 149758729 723279250 31.063449 186 2141 2884898 3332433 997 711 72 128000 200000 12 16000 20024 12 16000 25000 8 16000 25000 1530
1791400691352617 8 0 7 1 2 18 10 0 2 0 0 10 296 1 1 0 749 453 452 0 452 0 0 0 22194117 4630813 0 4559123 185846 271353 1528539016 14877601 11221495 6465086150 6465086150 0 150403456 723279250 31.060985 186 2141 2884898 3332126 517 693 72 128000 200000 12 16000 19939 12 16000 25000 8 16000 25000 1534
1791400696391279 8 0 6 2 2 18 10 0 2 0 0 10 295 2 2 0 749 454 452 0 452 0 0 0 22227546 4630821 0 4559123 185945 271379 1533543882 14877765 11243481 6465086150 6465086150 0 151048183 723279250 31.045209 192 2210 2977960 3439370 996 709 72 128000 200000 24 32000 38428 12 16000 25000 8 16000 25000 1535
1791400704410634 8 0 6 2 2 18 10 0 2 0 0 10 295 3 2 1 749 454 452 0 452 0 0 0 22261349 4630829 0 4559123 185954 271421 1541529048 14877944 11275100 6478132943 6465086150 0 151048183 723279250 31.006176 192 2210 2977960 3439370 996 751 72 128000 200000 24 32000 38433 12 16000 25000 8 16000 25000 1539
1791400704411050 8 0 7 1 2 18 10 0 2 0 0 10 295 1 1 0 749 454 453 0 453 0 0 0 22261349 4631200 0 4559392 186086 271434 1541529048 14877944 11275100 6478132943 6478132943 0 151048183 723279250 31.005749 192 2210 2977960 3439370 996 776 72 128000 200000 12 16000 19943 12 16000 25000 8 16000 25000 1539
1791400709450203 8 0 6 2 2 18 10 0 2 0 0 10 294 2 2 0 749 455 453 0 453 0 0 0 22295047 4631203 0 4559392 186181 271462 1546534104 14878147 11297168 6478132943 6478132943 0 151692910 723279250 30.989777 192 2210 2977960 3439367 1154 795 72 128000 200000 24 32000 38429 12 16000 25000 8 16000 25000 1539
1791400711081415 8 0 7 1 2 18 10 0 2 0 0 10 294 1 1 0 749 455 454 0 454 0 0 0 22303057 4631661 0 4559725 186339 271487 1548156518 14878259 11304241 6499464334 6499464334 0 151692910 723279250 30.980034 192 2210 2977960 3439367 1154 848 72 128000 200000 12 16000 20032 12 16000 25000 8 16000 25000 1543
1791400716121476 8 0 6 2 2 18 10 0 2 0 0 10 293 2 2 0 749 456 454 0 454 0 0 0 22337723 4631666 0 4559725 186440 271511 1553161509 14878455 11326277 6499464334 6499464334 0 152337637 723279250 30.963005 194 2233 3008980 3474630 1757 894 72 128000 200000 24 32000 38436 12 16000 25000 8 16000 25000 1543
1791400719658903 8 0 7 1 2 18 10 0 2 0 0 10 293 1 1 0 749 456 455 0 455 0 0 0 22354964 4631963 0 4559915 186535 271542 1556681107 14878578 11342481 6514699287 6514699287 0 152337637 723279250 30.942883 194 2233 3008980 3474630 1757 1018 72 128000 200000 12 16000 19954 12 16000 25000 8 16000 25000 1547
1791400721996486 8 0 7 1 2 18 10 0 2 0 0 10 292 1 1 0 749 457 456 0 456 0 0 0 22379251 4632261 0 4560120 186675 271570 1558993731 14878755 11356054 6525600420 6525600420 0 152982364 723279250 30.937483 196 2256 3040000 3510450 1216 1038 72 128000 200000 12 16000 20037 12 16000 25000 8 16000 25000 1551
1791400726032057 8 0 6 2 2 18 10 0 2 0 0 10 291 2 2 0 749 458 456 0 456 0 0 0 22410312 4632274 0 4560120 186762 271603 1562997855 14878932 11374604 6525600420 6525600420 0 153627091 723279250 30.924670 195 2245 3024490 3492230 802 1016 72 128000 200000 24 32000 38438 12 16000 25000 8 16000 25000 1552
1791400733829974 8 0 6 2 2 18 10 0 2 0 0 10 291 3 2 1 749 458 456 0 456 0 0 0 22444630 4632284 0 4560120 186853 271642 1570761046 14879115 11407023 6537420770 6525600420 0 153627091 723279250 30.885464 195 2245 3024490 3492230 802 996 72 128000 200000 24 32000 38443 12 16000 25000 8 16000 25000 1556
1791400733830373 8 0 7 1 2 18 10 0 2 0 0 10 291 1 1 0 749 458 457 0 457 0 0 0 22444630 4632640 0 4560377 186915 271655 1570761046 14879115 11407023 6537420770 6537420770 0 153627091 723279250 30.885058 195 2245 3024490 3492230 802 978 72 128000 200000 12 16000 20041 12 16000 25000 8 16000 25000 1555
1791400736451817 8 0 7 1 2 18 10 0 2 0 0 10 290 1 1 0 749 459 458 0 458 0 0 0 22705456 4632916 0 4560561 187061 271683 1573121036 14879269 11419029 6554202453 6554202453 0 154271818 723279250 30.612573 195 2245 3024490 3491648 895 971 72 128000 200000 12 16000 19960 12 16000 25000 8 16000 25000 1559
1791400741506382 8 0 6 2 2 18 10 0 2 0 0 10 289 2 2 0 749 460 458 0 458 0 0 0 22754668 4632922 0 4560561 187149 271707 1578126024 14879436 11440744 6554202453 6554202453 0 154916545 723279250 30.580010 197 2268 3055511 3527471 1540 1027 72 128000 200000 24 32000 38440 12 16000 25000 8 16000 25000 1560
1791400751168611 8 0 6 2 2 18 10 0 2 0 0 10 289 3 2 1 749 460 458 0 458 0 0 0 22797505 4632940 0 4560561 187167 271771 1587744425 14879765 11480497 6571291471 6554202453 0 154916545 723279250 30.532234 197 2268 3055511 3527471 1540 1102 72 128000 200000 24 32000 38445 12 16000 25000 8 16000 25000 1564
1791400751169165 8 0 7 1 2 18 10 0 2 0 0 10 289 1 1 0 749 460 459 0 459 0 0 0 22797505 4633462 0 4560968 187302 271771 1587744425 14879765 11480497 6571291471 6571291471 0 154916545 723279250 30.531653 197 2268 3055511 3527471 1540 1145 72 128000 200000 12 16000 20046 12 16000 25000 8 16000 25000 1564
1791400756208758 8 0 6 2 2 18 10 0 2 0 0 10 288 2 2 0 749 461 459 0 459 0 0 0 22831579 4633471 0 4560968 187400 271816 1592749548 14879943 11502599 6571291471 6571291471 0 155561272 723279250 30.516152 184 2118 2853878 3294401 69 1092 72 128000 200000 24 32000 38442 12 16000 25000 8 16000 25000 1564
1791400761832678 8 0 6 2 2 18 10 0 2 0 0 10 288 3 2 1 749 461 459 0 459 0 0 0 22857054 4633484 0 4560968 187415 271850 1598347588 14880150 11526018 6596645195 6571291471 0 155561272 723279250 30.487859 184 2118 2853878 3294401 69 947 72 128000 200000 24 32000 38447 12 16000 25000 8 16000 25000 1568
1791400761833029 8 0 7 1 2 18 10 0 2 0 0 10 288 1 1 0 749 461 460 0 460 0 0 0 22857054 4633793 0 4561174 187533 271863 1598347588 14880150 11526018 6596645195 6596645195 0 155561272 723279250 30.487516 184 2118 2853878 3294401 69 863 72 128000 200000 12 16000 19967 12 16000 25000 8 16000 25000 1568
1791400766874440 8 0 6 2 2 18 10 0 2 0 0 10 287 2 2 0 749 462 460 0 460 0 0 0 22892929 4633804 0 4561174 187626 271903 1603352745 14880312 11548371 6596645195 6596645195 0 156206439 723279250 30.470122 186 2141 2884898 3329962 934 867 72 128000 200000 24 32000 38442 12 16000 25000 8 16000 25000 1568
1791400770001671 8 0 7 1 2 18 10 0 2 0 0 10 287 1 1 0 749 462 461 0 461 0 0 0 22909565 4634300 0 4561536 187730 271947 1606462549 14880413 11563572 6615465926 6615465926 0 156206439 723279250 30.451170 186 2141 2884898 3329962 934 878 72 128000 200000 12 16000 20051 12 16000 25000 8 16000 25000 1572
1791400770837887 8 0 6 2 2 18 10 0 2 0 0 10 285 2 2 0 749 464 462 0 462 0 0 0 23056812 5099024 0 5026113 188546 272072 1606685609 14880595 11645652 6615621793 6615621793 0 156851606 893189368 35.566236 208 2429 3260082 3762310 1652 954 72 128000 200000 24 32000 38605 12 16000 25000 8 16000 25000 1734
1791400777004800 8 0 6 2 2 18 10 0 2 0 0 10 285 3 2 1 749 464 462 0 462 0 0 0 23087436 5099037 0 5026113 188562 272115 1612821334 14880936 11674014 6630780941 6615621793 0 156851606 893189368 35.527578 171 1969 2652245 3060993 1 862 72 128000 200000 24 32000 38610 12 16000 25000 8 16000 25000 1739
1791400777005139 8 0 7 1 2 18 10 0 2 0 0 10 285 1 1 0 749 464 463 0 463 0 0 0 23087436 5099335 0 5026306 188698 272127 1612821334 14880936 11674014 6630780941 6630780941 0 156851606 893189368 35.527202 171 1969 2652245 3060993 1 779 72 128000 200000 12 16000 20134 12 16000 25000 8 16000 25000 1738
1791400782063669 8 0 6 2 2 18 10 0 2 0 0 10 284 2 2 0 749 465 463 0 463 0 0 0 23140473 5099343 0 5026306 188791 272161 1617826443 14881120 11695492 6630780941 6630780941 0 157496773 893189368 35.482256 172 1980 2667756 3078662 1200 801 72 128000 200000 24 32000 38606 12 16000 25000 8 16000 25000 1739
1791400783899167 8 0 7 1 2 18 10 0 2 0 0 10 284 1 1 0 749 465 464 0 464 0 0 0 23147597 5099875 0 5026705 188900 272184 1619653995 14881241 11702056 6644614964 6644614964 0 157496773 893189368 35.472639 172 1980 2667756 3078662 1200 858 72 128000 200000 12 16000 20218 12 16000 25000 8 16000 25000 1742
1791400788938357 8 0 6 2 2 18 10 0 2 0 0 10 283 2 2 0 749 466 464 0 464 0 0 0 23181250 5099888 0 5026705 188991 272222 1624659132 14881424 11723865 6644614964 6644614964 0 158141940 893189368 35.452168 171 1969 2652245 3060490 220 827 72 128000 200000 24 32000 38607 12 16000 25000 8 16000 25000 1743
1791400790690303 8 0 7 1 2 18 10 0 2 0 0 10 283 1 1 0 749 466 465 0 465 0 0 0 23188389 5100240 0 5026926 189079 272246 1626403330 14881532 11730456 6658268589 6658268589 0 158141940 893189368 35.442780 171 1969 2652245 3060490 220 742 72 128000 200000 12 16000 20139 12 16000 25000 8 16000 25000 1746
1791400795730016 8 0 6 2 2 18 10 0 2 0 0 10 282 2 2 0 749 467 465 0 465 0 0 0 23222581 5100250 0 5026926 189179 272290 1631408430 14881725 11752295 6658268589 6658268589 0 158787107 893189368 35.421704 170 1957 2636735 3042364 439 727 72 128000 200000 24 32000 38609 12 16000 25000 8 16000 25000 1747
1791400796229328 8 0 7 1 2 18 10 0 2 0 0 10 282 1 1 0 749 467 466 0 466 0 0 0 23225376 5100688 0 5027257 189251 272305 1631904273 14881841 11754843 6670587331 6670587331 0 158787107 893189368 35.417661 170 1957 2636735 3042364 439 687 72 128000 200000 12 16000 20224 12 16000 25000 8 16000 25000 1750
1791400801270165 8 0 6 2 2 18 10 0 2 0 0 10 281 2 2 0 749 468 466 0 466 0 0 0 23261120 5100701 0 5027257 189361 272349 1636908968 14882000 11776764 6670587331 6670587331 0 159432274 893189368 35.394703 171 1969 2652245 3059988 1115 709 72 128000 200000 24 32000 38610 12 16000 25000 8 16000 25000 1751
1791400804424214 8 0 7 1 2 18 10 0 2 0 0 10 281 1 1 0 749 468 467 0 467 0 0 0 23277184 5101013 0 5027455 189464 272391 1640046303 14882145 11791482 6684309377 6684309377 0 159432274 893189368 35.374278 171 1969 2652245 3059988 1115 769 72 128000 200000 12 16000 20144 12 16000 25000 8 16000 25000 1755
1791400809462669 8 0 6 2 2 18 10 0 2 0 0 10 280 2 2 0 749 469 467 0 467 0 0 0 23311023 5101028 0 5027455 189563 272427 1645050518 14882323 11813309 6684309377 6684309377 0 160077441 893189368 35.353784 171 1969 2652245 3059760 1194 791 72 128000 200000 24 32000 38611 12 16000 25000 8 16000 25000 1755
1791400819291951 8 0 6 2 2 18 10 0 2 0 0 10 280 3 2 1 749 469 467 0 467 0 0 0 23352795 5101049 0 5027455 190127 272494 1654837000 14882515 11851823 6707358955 6684309377 0 160077441 893189368 35.301856 171 1969 2652245 3059760 1194 851 72 128000 200000 24 32000 38602 12 16000 25000 8 16000 25000 1759
1791400819292344 8 0 7 1 2 18 10 0 2 0 0 10 280 1 1 0 749 469 468 0 468 0 0 0 23352795 5101411 0 5027704 190278 272494 1654837000 14882515 11851823 6707358955 6707358955 0 160077441 893189368 35.301407 171 1969 2652245 3059760 1194 886 72 128000 200000 12 16000 20223 12 16000 25000 8 16000 25000 1759
1791400824339780 8 0 6 2 2 18 10 0 2 0 0 10 279 2 2 0 749 470 468 0 468 0 0 0 23396614 5101423 0 5027704 190385 272540 1659840202 14882700 11873205 6707358955 6707358955 0 160722608 893189368 35.268702 177 2038 2745307 3166841 1757 930 72 128000 200000 24 32000 38605 12 16000 25000 8 16000 25000 1759
1791400831281837 8 0 6 2 2 18 10 0 2 0 0 10 279 3 2 1 749 470 468 0 468 0 0 0 23426984 5101442 0 5027704 190469 272589 1666751460 14882895 11901167 6734203816 6707358955 0 160722608 893189368 35.231133 177 2038 2745307 3166841 1757 1050 72 128000 200000 24 32000 38610 12 16000 25000 8 16000 25000 1764
1791400831282164 8 0 7 1 2 18 10 0 2 0 0 10 279 1 1 0 749 470 469 0 469 0 0 0 23426984 5101727 0 5027887 190530 272602 1666751460 14882895 11901167 6734203816 6734203816 0 160722608 893189368 35.230781 177 2038 2745307 3166841 1757 1120 72 128000 200000 12 16000 20149 12 16000 25000 8 16000 25000 1763
1791400832267762 8 0 7 1 2 18 10 0 2 0 0 10 278 1 1 0 749 471 470 0 470 0 0 0 23441722 5102027 0 5028074 190689 272620 1667721645 14883071 11905103 6747157224 6747157224 0 161367775 893189368 35.233776 190 2218 2977960 3434980 2107 1217 72 128000 200000 12 16000 20235 12 16000 25000 8 16000 25000 1767
1791400837317245 8 0 6 2 2 18 10 0 2 0 0 10 277 2 2 0 749 472 470 0 470 0 0 0 23485681 5102037 0 5028074 190782 272654 1672726768 14883265 11926358 6747157224 6747157224 0 162012942 893189368 35.201108 190 2218 2977960 3434678 599 1187 72 128000 200000 24 32000 38614 12 16000 25000 8 16000 25000 1768
1791400843500158 8 0 6 2 2 18 10 0 2 0 0 10 277 3 2 1 749 472 470 0 470 0 0 0 23513789 5102056 0 5028074 190798 272692 1678881139 14883473 11952348 6758367729 6747157224 0 162012942 893189368 35.166508 190 2218 2977960 3434678 599 1105 72 128000 200000 24 32000 38619 12 16000 25000 8 16000 25000 1772
1791400843500553 8 0 7 1 2 18 10 0 2 0 0 10 277 1 1 0 749 472 471 0 471 0 0 0 23513789 5102409 0 5028328 190922 272704 1678881139 14883473 11952348 6758367729 6758367729 0 162012942 893189368 35.166074 190 2218 2977960 3434678 599 1056 72 128000 200000 12 16000 20239 12 16000 25000 8 16000 25000 1771
1791400844176731 8 0 7 1 2 18 10 0 2 0 0 10 276 1 1 0 749 473 472 0 472 0 0 0 23540250 5102700 0 5028518 191062 272721 1679530204 14883653 11957698 6771248845 6771248845 0 162658111 893189368 35.154711 189 2207 2962286 3416013 512 1004 72 128000 200000 12 16000 20156 12 16000 25000 8 16000 25000 1775
1791400849254126 8 0 6 2 2 18 10 0 2 0 0 10 275 2 2 0 749 474 472 0 472 0 0 0 23612211 5102705 0 5028518 191154 272754 1684535287 14883813 11978315 6771248845 6771248845 0 163303280 893189368 35.088032 202 2392 3199021 3688423 982 1003 72 128000 200000 24 32000 38617 12 16000 25000 8 16000 25000 1776
1791400854436623 8 0 6 2 2 18 10 0 2 0 0 10 275 3 2 1 749 474 472 0 472 0 0 0 23637169 5102714 0 5028518 191227 272794 1689692438 14884006 12001562 6782161637 6771248845 0 163303280 893189368 35.057551 202 2392 3199021 3688423 982 1001 72 128000 200000 24 32000 38622 12 16000 25000 8 16000 25000 1780
1791400854437116 8 0 7 1 2 18 10 0 2 0 0 10 275 1 1 0 749 474 473 0 473 0 0 0 23637169 5103149 0 5028851 191288 272821 1689692438 14884006 12001562 6782161637 6782161637 0 163303280 893189368 35.057020 202 2392 3199021 3688423 982 1001 72 128000 200000 12 16000 20244 12 16000 25000 8 16000 25000 1780
1791400858411326 8 0 7 1 2 18 10 0 2 0 0 10 274 1 1 0 749 475 474 0 474 0 0 0 23663545 5103456 0 5029041 191478 272849 1693639584 14884142 12016806 6796344763 6796344763 0 163948449 893189368 35.045891 211 2498 3341552 3852409 466 950 72 128000 200000 12 16000 20162 12 16000 25000 8 16000 25000 1784
1791400863452231 8 0 6 2 2 18 10 0 2 0 0 10 273 2 2 0 749 476 474 0 474 0 0 0 23698883 5103467 0 5029041 191568 272890 1698644720 14884354 12037809 6796344763 6796344763 0 164593618 893189368 35.024242 247 2924 3911674 4509348 278 917 72 128000 200000 24 32000 38618 12 16000 25000 8 16000 25000 1784
1791400864808399 8 0 7 1 2 18 10 0 2 0 0 10 273 1 1 0 749 476 475 0 475 0 0 0 23707298 5103848 0 5029314 191675 272914 1699991822 14884457 12045563 6806702787 6806702787 0 164593618 893189368 35.013549 247 2924 3911674 4509348 278 828 72 128000 200000 12 16000 20248 12 16000 25000 8 16000 25000 1788
1791400869846508 8 0 6 2 2 18 10 0 2 0 0 10 272 2 2 0 749 477 475 0 475 0 0 0 23739901 5103856 0 5029314 191768 272941 1704996942 14884638 12066307 6806702787 6806702787 0 165238787 893189368 34.995294 249 2948 3943347 4545450 799 827 72 128000 200000 24 32000 38619 12 16000 25000 8 16000 25000 1788
1791400874254457 8 0 7 1 2 18 10 0 2 0 0 10 272 1 1 0 749 477 476 0 476 0 0 0 23760169 5104166 0 5029510 191857 272981 1709383985 14884798 12085278 6822530160 6822530160 0 165238787 893189368 34.970345 249 2948 3943347 4545450 799 824 72 128000 200000 12 16000 20167 12 16000 25000 8 16000 25000 1792
1791400875944642 8 0 7 1 2 18 10 0 2 0 0 10 271 1 1 0 749 478 477 0 477 0 0 0 23778374 5104620 0 5029841 192042 273005 1711055131 14884933 12092903 6833654638 6833654638 0 165883956 893189368 34.969056 260 3078 4117552 4746281 1031 845 72 128000 200000 12 16000 20253 12 16000 25000 8 16000 25000 1796
1791400880983297 8 0 6 2 2 18 10 0 2 0 0 10 270 2 2 0 749 479 477 0 477 0 0 0 23811410 5104631 0 5029841 192135 273046 1716060292 14885166 12114064 6833654638 6833654638 0 166529125 893189368 34.950369 258 3054 4085878 4708953 975 859 72 128000 200000 24 32000 38621 12 16000 25000 8 16000 25000 1797
1791400886581655 8 0 6 2 2 18 10 0 2 0 0 10 270 3 2 1 749 479 477 0 477 0 0 0 23834263 5104639 0 5029841 192148 273076 1721635460 14885320 12135339 6844280537 6833654638 0 166529125 893189368 34.922759 258 3054 4085878 4708953 975 871 72 128000 200000 24 32000 38626 12 16000 25000 8 16000 25000 1801
1791400886582137 8 0 7 1 2 18 10 0 2 0 0 10 270 1 1 0 749 479 478 0 478 0 0 0 23834263 5105076 0 5030170 192272 273088 1721635460 14885320 12135339 6844280537 6844280537 0 166529125 893189368 34.922232 258 3054 4085878 4708953 975 882 72 128000 200000 12 16000 20258 12 16000 25000 8 16000 25000 1800
1791400887869769 8 0 7 1 2 18 10 0 2 0 0 10 269 1 1 0 749 480 479 0 479 0 0 0 23853533 5105384 0 5030372 192444 273113 1722903086 14885526 12142988 6857884419 6857884419 0 167174294 893189368 34.919869 258 3054 4085878 4708527 951 894 72 128000 200000 12 16000 20172 12 16000 25000 8 16000 25000 1805
1791400892907636 8 0 6 2 2 18 10 0 2 0 0 10 268 2 2 0 749 481 479 0 479 0 0 0 23885871 5105393 0 5030372 192533 273152 1727908202 14885723 12163432 6857884419 6857884419 0 167819463 893189368 34.902130 283 3350 4481796 5164381 1223 911 72 128000 200000 24 32000 38622 12 16000 25000 8 16000 25000 1805
1791400902683463 8 0 6 2 2 18 10 0 2 0 0 10 268 3 2 1 749 481 479 0 479 0 0 0 23925595 5105410 0 5030372 192554 273210 1737643837 14885914 12200067 6873973566 6857884419 0 167819463 893189368 34.854352 283 3350 4481796 5164381 1223 957 72 128000 200000 24 32000 38627 12 16000 25000 8 16000 25000 1809
1791400902683934 8 0 7 1 2 18 10 0 2 0 0 10 268 1 1 0 749 481 480 0 480 0 0 0 23925595 5105848 0 5030710 192699 273210 1737643837 14885914 12200067 6873973566 6873973566 0 167819463 893189368 34.853826 283 3350 4481796 5164381 1223 984 72 128000 200000 12 16000 20263 12 16000 25000 8 16000 25000 1809
1791400905035647 8 0 7 1 2 18 10 0 2 0 0 10 267 1 1 0 749 482 481 0 481 0 0 0 23948763 5106147 0 5030899 192872 273263 1739971630 14886113 12211471 6891127808 6891127808 0 168464632 893189368 34.846852 286 3386 4529307 5218654 1308 1017 72 128000 200000 12 16000 20177 12 16000 25000 8 16000 25000 1813
1791400910084886 8 0 6 2 2 18 10 0 2 0 0 10 266 2 2 0 749 483 481 0 481 0 0 0 23992411 5106157 0 5030899 192966 273300 1744976769 14886351 12232036 6891127808 6891127808 0 169109801 893189368 34.815714 288 3409 4560980 5254743 1524 1068 72 128000 200000 24 32000 38625 12 16000 25000 8 16000 25000 1813
1791400913584606 8 0 7 1 2 18 10 0 2 0 0 10 266 1 1 0 749 483 482 0 482 0 0 0 24008888 5106539 0 5031168 193082 273338 1748459333 14886456 12247184 6902014499 6902014499 0 169109801 893189368 34.795555 288 3409 4560980 5254743 1524 1134 72 128000 200000 12 16000 20269 12 16000 25000 8 16000 25000 1817
1791400918622755 8 0 6 2 2 18 10 0 2 0 0 10 265 2 2 0 749 484 482 0 482 0 0 0 24041609 5106551 0 5031168 193172 273385 1753464360 14886637 12267778 6902014499 6902014499 0 169754970 893189368 34.777589 314 3717 4972735 5728610 801 1118 72 128000 200000 24 32000 38626 12 16000 25000 8 16000 25000 1818
1791400920646269 8 0 7 1 2 18 10 0 2 0 0 10 265 1 1 0 749 484 483 0 483 0 0 0 24052456 5106858 0 5031367 193256 273415 1755476462 14886741 12277709 6917602393 6917602393 0 169754970 893189368 34.764285 314 3717 4972735 5728610 801 1074 72 128000 200000 12 16000 20182 12 16000 25000 8 16000 25000 1821
1791400924414286 8 0 7 1 2 18 10 0 2 0 0 10 264 1 1 0 749 485 484 0 484 0 0 0 24092545 5107189 0 5031570 193449 273453 1759203602 14886924 12295198 6928420416 6928420416 0 170400139 893189368 34.737234 314 3717 4972735 5728173 699 1039 72 128000 200000 12 16000 20274 12 16000 25000 8 16000 25000 1825
1791400929451187 8 0 6 2 2 18 10 0 2 0 0 10 263 2 2 0 749 486 484 0 484 0 0 0 24124443 5107198 0 5031570 193544 273489 1764207793 14887157 12315453 6928420416 6928420416 0 171045308 893189368 34.720366 321 3800 5083592 5855340 958 1032 72 128000 200000 24 32000 38629 12 16000 25000 8 16000 25000 1826
1791400933498020 8 0 7 1 2 18 10 0 2 0 0 10 263 1 1 0 749 486 485 0 485 0 0 0 24144738 5107514 0 5031770 194175 273540 1768233187 14887263 12334173 6941248149 6941248149 0 171045308 893189368 34.695902 321 3800 5083592 5855340 958 1023 72 128000 200000 12 16000 20181 12 16000 25000 8 16000 25000 1829
1791400935584698 8 0 7 1 2 18 10 0 2 0 0 10 262 1 1 0 749 487 486 0 486 0 0 0 24262533 5107975 0 5032125 194362 273574 1770201169 14887451 12343220 6952405189 6952405189 0 171690477 893189368 34.577153 319 3776 5051919 5818917 542 977 72 128000 200000 12 16000 20279 12 16000 25000 8 16000 25000 1834
1791400940622943 8 0 6 2 2 18 10 0 2 0 0 10 261 2 2 0 749 488 486 0 486 0 0 0 24295257 5107983 0 5032125 194469 273604 1775206258 14887674 12363045 6952405189 6952405189 0 172335646 893189368 34.559587 318 3765 5036082 5799649 861 967 72 128000 200000 24 32000 38631 12 16000 25000 8 16000 25000 1834
1791400946208097 8 0 6 2 2 18 10 0 2 0 0 10 261 3 2 1 749 488 486 0 486 0 0 0 24319113 5107997 0 5032125 194542 273640 1780767147 14887882 12385177 6965004592 6952405189 0 172335646 893189368 34.531554 318 3765 5036082 5799649 861 953 72 128000 200000 24 32000 38636 12 16000 25000 8 16000 25000 1838
1791400946208448 8 0 7 1 2 18 10 0 2 0 0 10 261 1 1 0 749 488 487 0 487 0 0 0 24319113 5108306 0 5032329 194603 273653 1780767147 14887882 12385177 6965004592 6965004592 0 172335646 893189368 34.531191 318 3765 5036082 5799649 861 945 72 128000 200000 12 16000 20193 12 16000 25000 8 16000 25000 1838
1791400946682073 8 0 7 1 2 18 10 0 2 0 0 10 260 1 1 0 749 489 488 0 488 0 0 0 24375353 5108585 0 5032521 194745 273673 1781183920 14888024 12390234 6976087590 6976087590 0 172980815 893189368 34.485866 306 3623 4846041 5580850 114 865 72 128000 200000 12 16000 20284 12 16000 25000 8 16000 25000 1842
1791400951718878 8 0 6 2 2 18 10 0 2 0 0 10 259 2 2 0 749 490 488 0 488 0 0 0 24407048 5108596 0 5032521 194839 273708 1786188686 14888163 12410093 6976087590 6976087590 0 173625984 893189368 34.469666 305 3611 4830205 5561627 792 862 72 128000 200000 24 32000 38633 12 16000 25000 8 16000 25000 1843
1791400957845265 8 0 6 2 2 18 10 0 2 0 0 10 259 3 2 1 749 490 488 0 488 0 0 0 24433299 5108607 0 5032521 194847 273759 1792288414 14888369 12434328 6987239504 6976087590 0 173625984 893189368 34.439024 305 3611 4830205 5561627 792 853 72 128000 200000 24 32000 38638 12 16000 25000 8 16000 25000 1847
1791400957845607 8 0 7 1 2 18 10 0 2 0 0 10 259 1 1 0 749 490 489 0 489 0 0 0 24433299 5108908 0 5032728 194963 273773 1792288414 14888369 12434328 6987239504 6987239504 0 173625984 893189368 34.438673 305 3611 4830205 5561627 792 848 72 128000 200000 12 16000 20288 12 16000 25000 8 16000 25000 1846
1791400959143573 8 0 7 1 2 18 10 0 2 0 0 10 258 1 1 0 749 491 490 0 490 0 0 0 24539111 5109217 0 5032928 195126 273798 1793479883 14888533 12441616 7000122585 7000122585 0 174271153 893189368 34.336158 305 3611 4830205 5561123 984 862 72 128000 200000 12 16000 20200 12 16000 25000 8 16000 25000 1850
1791400964193126 8 0 6 2 2 18 10 0 2 0 0 10 257 2 2 0 749 492 490 0 490 0 0 0 24583356 5109238 0 5032928 195226 273858 1798484717 14888727 12463430 7000122585 7000122585 0 174916322 893189368 34.305691 323 3824 5115266 5888871 249 832 72 128000 200000 24 32000 38634 12 16000 25000 8 16000 25000 1851
1791400970655902 8 0 6 2 2 18 10 0 2 0 0 10 257 3 2 1 749 492 490 0 490 0 0 0 24609939 5109254 0 5032928 195239 273907 1804920492 14888919 12487817 7012833971 7000122585 0 174916322 893189368 34.274987 323 3824 5115266 5888871 249 750 72 128000 200000 24 32000 38639 12 16000 25000 8 16000 25000 1855
1791400970656402 8 0 7 1 2 18 10 0 2 0 0 10 257 1 1 0 749 492 491 0 491 0 0 0 24609939 5109713 0 5033291 195366 273920 1804920492 14888919 12487817 7012833971 7012833971 0 174916322 893189368 34.274458 323 3824 5115266 5888871 249 702 72 128000 200000 12 16000 20293 12 16000 25000 8 16000 25000 1854
1791400971713466 8 0 7 1 2 18 10 0 2 0 0 10 256 1 1 0 749 493 492 0 492 0 0 0 24629956 5109993 0 5033469 195536 273945 1805956857 14889097 12496462 7025380509 7025380509 0 175561491 893189368 34.271755 317 3753 5020245 5778956 129 647 72 128000 200000 12 16000 20204 12 16000 25000 8 16000 25000 1859
1791400976697013 8 0 6 2 2 18 10 0 2 0 0 10 255 2 2 0 749 494 492 0 492 0 0 0 24662486 5110005 0 5033469 195699 273985 1810907374 14889300 12516836 7025380509 7025380509 0 176206660 893189368 34.254961 346 4096 5479511 6307143 546 642 72 128000 200000 24 32000 38636 12 16000 25000 8 16000 25000 1859
1791400981174396 8 0 7 1 2 18 10 0 2 0 0 10 255 1 1 0 749 494 493 0 493 0 0 0 24682194 5110327 0 5033663 195833 274020 1815364358 14889431 12534850 7035886228 7035886228 0 176206660 893189368 34.231931 346 4096 5479511 6307143 546 630 72 128000 200000 12 16000 20298 12 16000 25000 8 16000 25000 1863
1791400983641370 8 0 7 1 2 18 10 0 2 0 0 10 254 1 1 0 749 495 494 0 494 0 0 0 24706942 5110613 0 5033841 196021 274064 1817805852 14889613 12547066 7047800843 7047800843 0 176851829 893189368 34.223826 346 4096 5479511 6306571 880 655 72 128000 200000 12 16000 20209 12 16000 25000 8 16000 25000 1867
1791400988827511 8 0 6 2 2 18 10 0 2 0 0 10 253 2 2 0 749 496 494 0 494 0 0 0 24888713 5110625 0 5033841 196118 274108 1822809731 14889861 12567134 7047800843 7047800843 0 177496998 893189368 34.036954 345 4084 5463674 6287858 922 682 72 128000 200000 24 32000 38639 12 16000 25000 8 16000 25000 1867
1791400992254625 8 0 7 1 2 18 10 0 2 0 0 10 253 1 1 0 749 496 495 0 495 0 0 0 24903416 5111019 0 5034119 196211 274150 1826221407 14890013 12580629 7058868118 7058868118 0 177496998 893189368 34.019834 345 4084 5463674 6287858 922 717 72 128000 200000 12 16000 20304 12 16000 25000 8 16000 25000 1871
1791400996177733 8 0 7 1 2 18 10 0 2 0 0 10 252 1 1 0 749 497 496 0 496 0 0 0 24928840 5111377 0 5034348 196402 274185 1830118286 14890196 12594807 7071242951 7071242951 0 178142167 893189368 34.011118 343 4060 5432000 6250839 881 734 72 128000 200000 12 16000 20215 12 16000 25000 8 16000 25000 1875
1791401001217689 8 0 6 2 2 18 10 0 2 0 0 10 251 2 2 0 749 498 496 0 496 0 0 0 24963008 5111391 0 5034348 196497 274239 1835123459 14890424 12616579 7071242951 7071242951 0 178787336 893189368 33.992920 317 3753 5020245 5776573 77 671 72 128000 200000 24 32000 38642 12 16000 25000 8 16000 25000 1876
1791401003233597 8 0 7 1 2 18 10 0 2 0 0 10 251 1 1 0 749 498 497 0 497 0 0 0 24975354 5111754 0 5034587 196623 274288 1837126304 14890556 12627940 7082208758 7082208758 0 178787336 893189368 33.978562 317 3753 5020245 5776573 77 588 72 128000 200000 12 16000 20309 12 16000 25000 8 16000 25000 1879
1791401008268862 8 0 6 2 2 18 10 0 2 0 0 10 250 2 2 0 749 499 497 0 497 0 0 0 25005763 5111770 0 5034587 196717 274337 1842130740 14890740 12647378 7082208758 7082208758 0 179432505 893189368 33.964665 321 3800 5083592 5848933 857 602 72 128000 200000 24 32000 38643 12 16000 25000 8 16000 25000 1880
1791401011704323 8 0 7 1 2 18 10 0 2 0 0 10 250 1 1 0 749 499 498 0 498 0 0 0 25019919 5112115 0 5034796 196843 274387 1845551358 14890860 12660282 7097723729 7097723729 0 179432505 893189368 33.948320 321 3800 5083592 5848933 857 640 72 128000 200000 12 16000 20220 12 16000 25000 8 16000 25000 1883
1791401013591777 8 0 7 1 2 18 10 0 2 0 0 10 249 1 1 0 749 500 499 0 499 0 0 0 25185937 5112518 0 5035071 197037 274414 1847271943 14891056 12667536 7108071147 7108071147 0 180077674 893189368 33.782159 334 3954 5289470 6085888 1387 714 72 128000 200000 12 16000 20314 12 16000 25000 8 16000 25000 1888
1791401018627830 8 0 6 2 2 18 10 0 2 0 0 10 248 2 2 0 749 501 499 0 499 0 0 0 25216448 5112526 0 5035071 197135 274442 1852277052 14891284 12686507 7108071147 7108071147 0 180722843 893189368 33.768452 333 3942 5273633 6066571 995 743 72 128000 200000 24 32000 38645 12 16000 25000 8 16000 25000 1888
1791401024887851 8 0 6 2 2 18 10 0 2 0 0 10 248 3 2 1 749 501 499 0 499 0 0 0 25241918 5112541 0 5035071 197154 274488 1858511109 14891527 12709931 7119356019 7108071147 0 180722843 893189368 33.740100 333 3942 5273633 6066571 995 780 72 128000 200000 24 32000 38650 12 16000 25000 8 16000 25000 1892
1791401024888233 8 0 7 1 2 18 10 0 2 0 0 10 248 1 1 0 749 501 500 0 500 0 0 0 25241918 5112864 0 5035287 197307 274512 1858511109 14891527 12709931 7119356019 7119356019 0 180722843 893189368 33.739741 333 3942 5273633 6066571 995 802 72 128000 200000 12 16000 20318 12 16000 25000 8 16000 25000 1892
1791401025790830 8 0 7 1 2 18 10 0 2 0 0 10 247 1 1 0 749 502 501 0 501 0 0 0 25256371 5113217 0 5035504 197508 274531 1859398447 14891724 12713573 7133282949 7133282949 0 181368012 893189368 33.743552 334 3954 5289470 6084237 1011 823 72 128000 200000 12 16000 20226 12 16000 25000 8 16000 25000 1896
1791401030824852 8 0 6 2 2 18 10 0 2 0 0 10 246 2 2 0 749 503 501 0 501 0 0 0 25287220 5113232 0 5035504 197605 274575 1864401153 14891961 12732940 7133282949 7133282949 0 182013181 893189368 33.729533 312 3694 4941062 5683044 88 787 72 128000 200000 24 32000 38647 12 16000 25000 8 16000 25000 1897
1791401036216600 8 0 6 2 2 18 10 0 2 0 0 10 246 3 2 1 749 503 501 0 501 0 0 0 25316064 5113247 0 5035504 197710 274631 1869763550 14892117 12759639 7144599687 7133282949 0 182013181 893189368 33.697544 312 3694 4941062 5683044 88 720 72 128000 200000 24 32000 38652 12 16000 25000 8 16000 25000 1901
1791401036217022 8 0 7 1 2 18 10 0 2 0 0 10 246 1 1 0 749 503 502 0 502 0 0 0 25316064 5113619 0 5035773 197872 274644 1869763550 14892117 12759639 7144599687 7144599687 0 182013181 893189368 33.697132 312 3694 4941062 5683044 88 659 72 128000 200000 12 16000 20324 12 16000 25000 8 16000 25000 1900
1791401040245901 8 0 7 1 2 18 10 0 2 0 0 10 245 1 1 0 749 504 503 0 503 0 0 0 25374614 5113932 0 5035952 198074 274695 1873733036 14892356 12775571 7159041869 7159041869 0 182658350 893189368 33.652255 311 3682 4925225 5663806 970 704 72 128000 200000 12 16000 20231 12 16000 25000 8 16000 25000 1904
1791401045283844 8 0 6 2 2 18 10 0 2 0 0 10 244 2 2 0 749 505 503 0 503 0 0 0 25408050 5113972 0 5035952 198185 274739 1878737052 14892571 12794930 7159041869 7159041869 0 183303519 893189368 33.635505 308 3646 4877715 5609246 1161 727 72 128000 200000 24 32000 38647 12 16000 25000 8 16000 25000 1905
1791401048920662 8 0 7 1 2 18 10 0 2 0 0 10 244 1 1 0 749 505 504 0 504 0 0 0 25421786 5114444 0 5036288 198296 274783 1882359358 14892676 12807546 7171702587 7171702587 0 183303519 893189368 33.619855 308 3646 4877715 5609246 1161 790 72 128000 200000 12 16000 20328 12 16000 25000 8 16000 25000 1908
1791401052763847 8 0 7 1 2 18 10 0 2 0 0 10 243 1 1 0 749 506 505 0 505 0 0 0 25448454 5114914 0 5036614 198508 274833 1886174700 14893074 12821630 7184206661 7184206661 0 183948688 893189368 33.610134 303 3587 4798531 5517185 298 743 72 128000 200000 12 16000 20236 12 16000 25000 8 16000 25000 1913
1791401057857367 8 0 6 2 2 18 10 0 2 0 0 10 242 2 2 0 749 507 505 0 505 0 0 0 25536928 5114931 0 5036614 199108 274887 1891178757 14893321 12844350 7184206661 7184206661 0 184593857 893189368 33.533176 303 3587 4798531 5517259 930 762 72 128000 200000 24 32000 38635 12 16000 25000 8 16000 25000 1913
1791401059464703 8 0 7 1 2 18 10 0 2 0 0 10 242 1 1 0 749 507 506 0 506 0 0 0 25542743 5115246 0 5036810 199204 274907 1892779696 14893429 12849676 7194737772 7194737772 0 184593857 893189368 33.526471 303 3587 4798531 5517259 930 787 72 128000 200000 12 16000 20326 12 16000 25000 8 16000 25000 1917
1791401064801584 8 0 6 2 2 18 10 0 2 0 0 10 241 2 2 0 749 508 506 0 506 0 0 0 25874074 5115257 0 5036810 199310 274944 1897784829 14893614 12868244 7194737772 7194737772 0 185239026 893189368 33.187856 303 3587 4798531 5516759 854 791 72 128000 200000 24 32000 38643 12 16000 25000 8 16000 25000 1917
1791401066026316 8 0 7 1 2 18 10 0 2 0 0 10 241 1 1 0 749 508 507 0 507 0 0 0 25879793 5115545 0 5036987 199391 274963 1899003312 14893720 12873494 7207935206 7207935206 0 185239026 893189368 33.181424 303 3587 4798531 5516759 854 801 72 128000 200000 12 16000 20241 12 16000 25000 8 16000 25000 1921
1791401071061887 8 0 6 2 2 18 10 0 2 0 0 10 240 2 2 0 749 509 507 0 507 0 0 0 25910095 5115557 0 5036987 199506 275002 1904008186 14893885 12892041 7207935206 7207935206 0 185884195 893189368 33.168835 294 3480 4656000 5352480 205 772 72 128000 200000 24 32000 38651 12 16000 25000 8 16000 25000 1921
1791401071776582 8 0 7 1 2 18 10 0 2 0 0 10 240 1 1 0 749 509 508 0 508 0 0 0 25912164 5115920 0 5037229 199602 275027 1904720169 14894001 12893925 7219934540 7219934540 0 185884195 893189368 33.166236 294 3480 4656000 5352480 205 693 72 128000 200000 12 16000 20338 12 16000 25000 8 16000 25000 1925
1791401076811891 8 0 6 2 2 18 10 0 2 0 0 10 239 2 2 0 749 510 508 0 508 0 0 0 25941937 5115930 0 5037229 199696 275065 1909725299 14894181 12912335 7219934540 7219934540 0 186529364 893189368 33.154242 284 3362 4497633 5169954 39 661 72 128000 200000 24 32000 38653 12 16000 25000 8 16000 25000 1926
1791401079019704 8 0 7 1 2 18 10 0 2 0 0 10 239 1 1 0 749 510 509 0 509 0 0 0 25953107 5116226 0 5037416 199796 275094 1911921373 14894287 12922581 7232914953 7232914953 0 186529364 893189368 33.142006 284 3362 4497633 5169954 39 573 72 128000 200000 12 16000 20247 12 16000 25000 8 16000 25000 1929
1791401083607000 8 0 7 1 2 18 10 0 2 0 0 10 238 1 1 0 749 511 510 0 510 0 0 0 26041340 5116600 0 5037658 199969 275141 1916419614 14894481 12938943 7244734145 7244734145 0 187170540 893189368 33.067382 280 3315 4434286 5096743 1027 618 72 128000 200000 12 16000 20344 12 16000 25000 8 16000 25000 1933
1791401084741615 8 0 6 2 2 18 10 0 2 0 0 10 236 2 2 0 749 513 511 0 511 0 0 0 26138885 5844213 0 5765134 200908 275286 1916727680 14894727 13022795 7244943052 7244943052 0 187811716 1102309510 38.468928 277 3279 4386776 5041677 1090 687 72 128000 200000 24 32000 38856 12 16000 25000 8 16000 25000 2133
1791401092340221 8 0 6 2 2 18 10 0 2 0 0 10 236 3 2 1 749 513 511 0 511 0 0 0 26169420 5844234 0 5765134 201006 275350 1924295181 14895035 13051089 7258190365 7244943052 0 187811716 1102309510 38.432210 245 2900 3880000 4458942 1 621 72 128000 200000 24 32000 38861 12 16000 25000 8 16000 25000 2137
1791401092340555 8 0 7 1 2 18 10 0 2 0 0 10 236 1 1 0 749 513 512 0 512 0 0 0 26169420 5844527 0 5765332 201067 275362 1924295181 14895035 13051089 7258190365 7258190365 0 187811716 1102309510 38.431858 245 2900 3880000 4458942 1 561 72 128000 200000 12 16000 20452 12 16000 25000 8 16000 25000 2137
1791401095290328 8 0 7 1 2 18 10 0 2 0 0 10 235 1 1 0 749 514 513 0 513 0 0 0 26275984 5844945 0 5765636 201252 275396 1927137520 14895241 13061021 7269861806 7269861806 0 188452892 1102309510 38.322894 239 2829 3784980 4349410 182 525 72 128000 200000 12 16000 20549 12 16000 25000 8 16000 25000 2141
1791401100326865 8 0 6 2 2 18 10 0 2 0 0 10 234 2 2 0 749 515 513 0 513 0 0 0 26306874 5844963 0 5765636 201349 275442 1932142685 14895487 13079445 7269861806 7269861806 0 189094068 1102309510 38.305072 243 2877 3848327 4421802 1019 574 72 128000 200000 24 32000 38858 12 16000 25000 8 16000 25000 2142
1791401105371028 8 0 6 2 2 18 10 0 2 0 0 10 234 3 2 1 749 515 513 0 513 0 0 0 26327697 5844971 0 5765636 201425 275477 1937165626 14895694 13098945 7282793845 7269861806 0 189094068 1102309510 38.280270 243 2877 3848327 4421802 1019 639 72 128000 200000 24 32000 38863 12 16000 25000 8 16000 25000 2146
1791401105371414 8 0 7 1 2 18 10 0 2 0 0 10 234 1 1 0 749 515 514 0 514 0 0 0 26327697 5845310 0 5765879 201486 275490 1937165626 14895694 13098945 7282793845 7282793845 0 189094068 1102309510 38.279867 243 2877 3848327 4421802 1019 677 72 128000 200000 12 16000 20457 12 16000 25000 8 16000 25000 2145
1791401107339823 8 0 7 1 2 18 10 0 2 0 0 10 233 1 1 0 749 516 515 0 515 0 0 0 26344244 5845612 0 5766068 201662 275513 1939116834 14895823 13105366 7294831036 7294831036 0 189735244 1102309510 38.278826 236 2794 3737470 4294096 132 625 72 128000 200000 12 16000 20554 12 16000 25000 8 16000 25000 2149
1791401112407756 8 0 6 2 2 18 10 0 2 0 0 10 232 2 2 0 749 517 515 0 515 0 0 0 26408494 5845624 0 5766068 201751 275544 1944119763 14896045 13123065 7294831036 7294831036 0 190376420 1102309510 38.221519 236 2794 3737470 4293706 1013 645 72 128000 200000 24 32000 38860 12 16000 25000 8 16000 25000 2150
1791401118577212 8 0 6 2 2 18 10 0 2 0 0 10 232 3 2 1 749 517 515 0 515 0 0 0 26431367 5845636 0 5766068 201765 275586 1950265932 14896250 13144253 7308026288 7294831036 0 190376420 1102309510 38.194419 236 2794 3737470 4293706 1013 699 72 128000 200000 24 32000 38865 12 16000 25000 8 16000 25000 2154
1791401118577529 8 0 7 1 2 18 10 0 2 0 0 10 232 1 1 0 749 517 516 0 516 0 0 0 26431367 5845912 0 5766245 201890 275599 1950265932 14896250 13144253 7308026288 7308026288 0 190376420 1102309510 38.194092 236 2794 3737470 4293706 1013 730 72 128000 200000 12 16000 20462 12 16000 25000 8 16000 25000 2154
1791401123611779 8 0 6 2 2 18 10 0 2 0 0 10 231 2 2 0 749 518 516 0 516 0 0 0 26461323 5845922 0 5766245 201985 275642 1955269806 14896451 13161768 7308026288 7308026288 0 191017596 1102309510 38.177593 236 2794 3737470 4293378 1249 756 72 128000 200000 24 32000 38861 12 16000 25000 8 16000 25000 2154
1791401128907242 8 0 6 2 2 18 10 0 2 0 0 10 231 3 2 1 749 518 516 0 516 0 0 0 26480486 5845930 0 5766245 201997 275683 1960545716 14896658 13179567 7329547341 7308026288 0 191017596 1102309510 38.154952 236 2794 3737470 4293378 1249 828 72 128000 200000 24 32000 38866 12 16000 25000 8 16000 25000 2158
1791401128907615 8 0 7 1 2 18 10 0 2 0 0 10 231 1 1 0 749 518 517 0 517 0 0 0 26480486 5846262 0 5766481 202106 275694 1960545716 14896658 13179567 7329547341 7329547341 0 191017596 1102309510 38.154560 236 2794 3737470 4293378 1249 870 72 128000 200000 12 16000 20560 12 16000 25000 8 16000 25000 2158
1791401132548705 8 0 7 1 2 18 10 0 2 0 0 10 230 1 1 0 749 519 518 0 518 0 0 0 26507440 5846589 0 5766692 202288 275748 1964159080 14896833 13192475 7343506081 7343506081 0 191659383 1102309510 38.141305 232 2747 3674123 4220225 465 831 72 128000 200000 12 16000 20468 12 16000 25000 8 16000 25000 2162
1791401132721949 8 0 6 2 2 18 10 0 2 0 0 10 228 2 2 0 749 521 519 0 519 0 0 0 26554281 5915174 0 5835144 202531 275786 1964216337 14897081 13209270 7343547347 7343547347 0 192301170 1132806195 38.920298 228 2699 3610776 4147145 1159 864 72 128000 200000 24 32000 38891 12 16000 25000 8 16000 25000 2192
1791401139953577 8 0 6 2 2 18 10 0 2 0 0 10 228 3 2 1 749 521 519 0 519 0 0 0 26582832 5915187 0 5835144 202629 275831 1971418893 14897382 13236011 7354577852 7343547347 0 192301170 1132806195 38.886089 217 2534 3401143 3906180 1 780 72 128000 200000 24 32000 38896 12 16000 25000 8 16000 25000 2196
1791401139953962 8 0 7 1 2 18 10 0 2 0 0 10 228 1 1 0 749 521 520 0 520 0 0 0 26582832 5915530 0 5835375 202688 275843 1971418893 14897382 13236011 7354577852 7354577852 0 192301170 1132806195 38.885679 217 2534 3401143 3906180 1 705 72 128000 200000 12 16000 20594 12 16000 25000 8 16000 25000 2195
1791401144988604 8 0 6 2 2 18 10 0 2 0 0 10 227 2 2 0 749 522 520 0 520 0 0 0 26611982 5915539 0 5835375 202775 275875 1976423989 14897579 13253128 7354577852 7354577852 0 192942957 1132806195 38.869636 217 2534 3401143 3905834 712 706 72 128000 200000 24 32000 38892 12 16000 25000 8 16000 25000 2196
1791401145664280 8 0 7 1 2 18 10 0 2 0 0 10 227 1 1 0 749 522 521 0 521 0 0 0 26613797 5915850 0 5835585 202845 275889 1977097314 14897688 13254835 7367662967 7367662967 0 192942957 1132806195 38.867096 217 2534 3401143 3905834 712 709 72 128000 200000 12 16000 20502 12 16000 25000 8 16000 25000 2199
1791401150698698 8 0 6 2 2 18 10 0 2 0 0 10 226 2 2 0 749 523 521 0 521 0 0 0 26643125 5915857 0 5835585 202931 275929 1982102059 14897842 13271950 7367662967 7367662967 0 193584744 1132806195 38.850876 216 2522 3385470 3887531 436 696 72 128000 200000 24 32000 38893 12 16000 25000 8 16000 25000 2200
1791401150983786 8 0 7 1 2 18 10 0 2 0 0 10 226 1 1 0 749 523 522 0 522 0 0 0 26646421 5916196 0 5835827 203004 275948 1982383277 14897953 13275056 7378679021 7378679021 0 193584744 1132806195 38.846539 216 2522 3385470 3887531 436 660 72 128000 200000 12 16000 20599 12 16000 25000 8 16000 25000 2203
1791401155022734 8 0 6 2 2 18 10 0 2 0 0 10 225 2 2 0 749 524 522 0 522 0 0 0 26682813 5916206 0 5835827 203097 275976 1986385496 14898095 13289114 7378679021 7378679021 0 194226531 1132806195 38.821936 217 2534 3401143 3905183 821 669 72 128000 200000 24 32000 38895 12 16000 25000 8 16000 25000 2204
1791401160708274 8 0 6 2 2 18 10 0 2 0 0 10 225 3 2 1 749 524 522 0 522 0 0 0 26703502 5916221 0 5835827 203176 276032 1992049942 14898269 13308288 7393709233 7378679021 0 194226531 1132806195 38.797295 217 2534 3401143 3905183 821 685 72 128000 200000 24 32000 38900 12 16000 25000 8 16000 25000 2208
1791401160708620 8 0 7 1 2 18 10 0 2 0 0 10 225 1 1 0 749 524 523 0 523 0 0 0 26703502 5916515 0 5836021 203245 276049 1992049942 14898269 13308288 7393709233 7393709233 0 194226531 1132806195 38.796946 217 2534 3401143 3905183 821 699 72 128000 200000 12 16000 20508 12 16000 25000 8 16000 25000 2208
1791401161580199 8 0 7 1 2 18 10 0 2 0 0 10 224 1 1 0 749 525 524 0 524 0 0 0 26717297 5916874 0 5836254 203434 276068 1992906935 14898460 13311467 7404282848 7404282848 0 194868318 1132806195 38.798874 220 2569 3448164 3958862 1089 738 72 128000 200000 12 16000 20605 12 16000 25000 8 16000 25000 2212
1791401166624710 8 0 6 2 2 18 10 0 2 0 0 10 223 2 2 0 749 526 524 0 524 0 0 0 26757098 5916887 0 5836254 203528 276116 1997911198 14898672 13329035 7404282848 7404282848 0 195510105 1132806195 38.770329 219 2557 3432490 3940519 471 725 72 128000 200000 24 32000 38898 12 16000 25000 8 16000 25000 2212
1791401173433295 8 0 6 2 2 18 10 0 2 0 0 10 223 3 2 1 749 526 524 0 524 0 0 0 26780958 5916900 0 5836254 203730 276161 2004695372 14898880 13351190 7416112127 7404282848 0 195510105 1132806195 38.742022 219 2557 3432490 3940519 471 690 72 128000 200000 24 32000 38903 12 16000 25000 8 16000 25000 2216
1791401173433687 8 0 7 1 2 18 10 0 2 0 0 10 223 1 1 0 749 526 525 0 525 0 0 0 26780958 5917244 0 5836497 203790 276178 2004695372 14898880 13351190 7416112127 7416112127 0 195510105 1132806195 38.741615 219 2557 3432490 3940519 471 670 72 128000 200000 12 16000 20609 12 16000 25000 8 16000 25000 2216
1791401178468025 8 0 6 2 2 18 10 0 2 0 0 10 222 2 2 0 749 527 525 0 525 0 0 0 26810647 5917255 0 5836497 204225 276219 2009699269 14899078 13368338 7416112127 7416112127 0 196151892 1132806195 38.725159 217 2534 3401143 3903805 497 662 72 128000 200000 24 32000 38892 12 16000 25000 8 16000 25000 2216
1791401184269632 8 0 6 2 2 18 10 0 2 0 0 10 222 3 2 1 749 527 525 0 525 0 0 0 26828844 5917262 0 5836497 204235 276253 2015482270 14899295 13385339 7426935444 7416112127 0 196151892 1132806195 38.703631 217 2534 3401143 3903805 497 640 72 128000 200000 24 32000 38897 12 16000 25000 8 16000 25000 2221
1791401184270114 8 0 7 1 2 18 10 0 2 0 0 10 222 1 1 0 749 527 526 0 526 0 0 0 26828844 5917697 0 5836826 204364 276270 2015482270 14899295 13385339 7426935444 7426935444 0 196151892 1132806195 38.703117 217 2534 3401143 3903805 497 627 72 128000 200000 12 16000 20606 12 16000 25000 8 16000 25000 2220
1791401186191012 8 0 7 1 2 18 10 0 2 0 0 10 221 1 1 0 749 528 527 0 527 0 0 0 26846720 5918009 0 5837016 204549 276301 2017384585 14899447 13391705 7452406118 7452406118 0 196793679 1132806195 38.700312 217 2534 3401143 3903446 872 652 72 128000 200000 12 16000 20515 12 16000 25000 8 16000 25000 2224
1791401191231298 8 0 6 2 2 18 10 0 2 0 0 10 220 2 2 0 749 529 527 0 527 0 0 0 26881433 5918020 0 5837016 204639 276344 2022389718 14899662 13408868 7452406118 7452406118 0 197435466 1132806195 38.678002 222 2592 3479511 3993483 2245 732 72 128000 200000 24 32000 38901 12 16000 25000 8 16000 25000 2225
1791401196746155 8 0 6 2 2 18 10 0 2 0 0 10 220 3 2 1 749 529 527 0 527 0 0 0 26900308 5918032 0 5837016 204650 276389 2027885249 14899868 13426280 7464870062 7452406118 0 197435466 1132806195 38.655743 222 2592 3479511 3993483 2245 949 72 128000 200000 24 32000 38906 12 16000 25000 8 16000 25000 2229
1791401196746618 8 0 7 1 2 18 10 0 2 0 0 10 220 1 1 0 749 529 528 0 528 0 0 0 26900308 5918454 0 5837340 204802 276401 2027885249 14899868 13426280 7464870062 7464870062 0 197435466 1132806195 38.655246 222 2592 3479511 3993483 2245 1076 72 128000 200000 12 16000 20619 12 16000 25000 8 16000 25000 2228
1791401201142429 8 0 6 2 2 18 10 0 2 0 0 10 219 2 2 0 749 530 528 0 528 0 0 0 27524163 5918465 0 5837340 204961 276434 2031656788 14900041 13440287 7464870062 7464870062 0 198077255 1132806195 37.952441 222 2592 3479511 3992725 1018 1074 72 128000 200000 24 32000 38906 12 16000 25000 8 16000 25000 2233
1791401201142887 8 0 7 1 2 18 10 0 2 0 0 10 219 1 1 0 749 530 529 0 529 0 0 0 27524163 5918774 0 5837554 204985 276448 2031656791 14900122 13440287 7479802631 7479802631 0 198077255 1132806195 37.952090 222 2592 3479511 3992725 1018 1070 72 128000 200000 12 16000 20519 12 16000 25000 8 16000 25000 2232
1791401206176731 8 0 6 2 2 18 10 0 2 0 0 10 218 2 2 0 749 531 529 0 529 0 0 0 27552541 5918788 0 5837554 205077 276487 2036661910 14900258 13457110 7479802631 7479802631 0 198719044 1132806195 37.938184 221 2580 3463837 3974838 790 1056 72 128000 200000 24 32000 38902 12 16000 25000 8 16000 25000 2233
1791401208444684 8 0 7 1 2 18 10 0 2 0 0 10 218 1 1 0 749 531 530 0 530 0 0 0 27560777 5919284 0 5837944 205181 276526 2038920840 14900372 13464775 7490890414 7490890414 0 198719044 1132806195 37.928289 221 2580 3463837 3974838 790 1019 72 128000 200000 12 16000 20624 12 16000 25000 8 16000 25000 2237
1791401213477195 8 0 6 2 2 18 10 0 2 0 0 10 217 2 2 0 749 532 530 0 530 0 0 0 27588174 5919294 0 5837944 205275 276564 2043925547 14900559 13481601 7490890414 7490890414 0 199360833 1132806195 37.915532 180 2102 2821225 3236807 19 969 72 128000 200000 24 32000 38903 12 16000 25000 8 16000 25000 2237
1791401219086075 8 0 6 2 2 18 10 0 2 0 0 10 217 3 2 1 749 532 530 0 530 0 0 0 27608168 5919310 0 5837944 205359 276612 2049513973 14900793 13500074 7508820680 7490890414 0 199360833 1132806195 37.892903 180 2102 2821225 3236807 19 835 72 128000 200000 24 32000 38908 12 16000 25000 8 16000 25000 2241
1791401219086420 8 0 7 1 2 18 10 0 2 0 0 10 217 1 1 0 749 532 531 0 531 0 0 0 27608168 5919612 0 5838151 205424 276625 2049513973 14900793 13500074 7508820680 7508820680 0 199360833 1132806195 37.892562 180 2102 2821225 3236807 19 757 72 128000 200000 12 16000 20524 12 16000 25000 8 16000 25000 2241
1791401219327260 8 0 7 1 2 18 10 0 2 0 0 10 216 1 1 0 749 533 532 0 532 0 0 0 27623735 5920040 0 5838486 205571 276648 2049738478 14900939 13504497 7519690985 7519690985 0 200004322 1132806195 37.892788 182 2125 2852572 3272853 1383 819 72 128000 200000 12 16000 20629 12 16000 25000 8 16000 25000 2245
1791401219931437 8 0 6 2 2 18 10 0 2 0 0 10 214 2 2 0 749 535 533 0 533 0 0 0 27657986 6390881 0 6309182 205941 276702 2049836927 14901110 13527876 7519759474 7519759474 0 200647811 1189442903 38.935035 181 2113 2836898 3254249 911 829 72 128000 200000 24 32000 38959 12 16000 25000 8 16000 25000 2300
1791401229459955 8 0 6 2 2 18 10 0 2 0 0 10 214 3 2 1 749 535 533 0 533 0 0 0 27692891 6390913 0 6309182 206023 276783 2059329909 14901458 13560279 7529879720 7519759474 0 200647811 1189442903 38.895125 154 1773 2388572 2739840 1 749 72 128000 200000 24 32000 38964 12 16000 25000 8 16000 25000 2304
1791401229460362 8 0 7 1 2 18 10 0 2 0 0 10 214 1 1 0 749 535 534 0 534 0 0 0 27692891 6391279 0 6309449 206084 276796 2059329909 14901458 13560279 7529879720 7529879720 0 200647811 1189442903 38.894707 154 1773 2388572 2739840 1 677 72 128000 200000 12 16000 20687 12 16000 25000 8 16000 25000 2303
1791401232618729 8 0 7 1 2 18 10 0 2 0 0 10 213 1 1 0 749 536 535 0 535 0 0 0 27757557 6391594 0 6309655 206268 276833 2062422902 14901602 13572163 7543399808 7543399808 0 201291300 1189442903 38.838667 154 1773 2388572 2739312 808 691 72 128000 200000 12 16000 20586 12 16000 25000 8 16000 25000 2307
1791401237670198 8 0 6 2 2 18 10 0 2 0 0 10 212 2 2 0 749 537 535 0 535 0 0 0 27803440 6391604 0 6309655 206366 276869 2067428032 14901836 13588883 7543399808 7543399808 0 201934789 1189442903 38.804488 155 1785 2404082 2757178 1135 736 72 128000 200000 24 32000 38961 12 16000 25000 8 16000 25000 2308
1791401241596988 8 0 7 1 2 18 10 0 2 0 0 10 212 1 1 0 749 537 536 0 536 0 0 0 27815198 6392001 0 6309916 206462 276912 2071342351 14901971 13599747 7555482946 7555482946 0 201934789 1189442903 38.790699 155 1785 2404082 2757178 1135 793 72 128000 200000 12 16000 20691 12 16000 25000 8 16000 25000 2311
1791401245819703 8 0 7 1 2 18 10 0 2 0 0 10 211 1 1 0 749 538 537 0 537 0 0 0 27842271 6392320 0 6310118 206652 276988 2075537172 14902170 13614961 7568654430 7568654430 0 202578278 1189442903 38.777588 157 1808 2435103 2792216 228 739 72 128000 200000 12 16000 20591 12 16000 25000 8 16000 25000 2316
1791401250880504 8 0 6 2 2 18 10 0 2 0 0 10 210 2 2 0 749 539 537 0 537 0 0 0 27898458 6392336 0 6310118 206746 277040 2080541303 14902413 13631582 7568654430 7568654430 0 203221767 1189442903 38.731927 157 1808 2435103 2792293 454 712 72 128000 200000 24 32000 38963 12 16000 25000 8 16000 25000 2316
1791401253576361 8 0 7 1 2 18 10 0 2 0 0 10 210 1 1 0 749 539 538 0 538 0 0 0 27906688 6392690 0 6310353 206849 277072 2083228258 14902555 13639145 7580621612 7580621612 0 203221767 1189442903 38.722234 157 1808 2435103 2792293 454 677 72 128000 200000 12 16000 20696 12 16000 25000 8 16000 25000 2320
1791401258873096 8 0 6 2 2 18 10 0 2 0 0 10 209 2 2 0 749 540 538 0 538 0 0 0 27939078 6392706 0 6310353 206971 277121 2088492147 14902744 13658814 7580621612 7580621612 0 203865256 1189442903 38.703558 157 1808 2435103 2792043 1013 694 72 128000 200000 24 32000 38964 12 16000 25000 8 16000 25000 2320
1791401259107599 8 0 7 1 2 18 10 0 2 0 0 10 209 1 1 0 749 540 539 0 539 0 0 0 27940676 6393006 0 6310553 207055 277138 2088724510 14902856 13660278 7593869794 7593869794 0 203865256 1189442903 38.701419 157 1808 2435103 2792043 1013 741 72 128000 200000 12 16000 20596 12 16000 25000 8 16000 25000 2324
1791401264140412 8 0 6 2 2 18 10 0 2 0 0 10 208 2 2 0 749 541 539 0 539 0 0 0 27968287 6393018 0 6310553 207153 277173 2093729364 14902996 13676420 7593869794 7593869794 0 204508745 1189442903 38.688166 158 1819 2450613 2809614 338 721 72 128000 200000 24 32000 38965 12 16000 25000 8 16000 25000 2324
1791401266999474 8 0 7 1 2 18 10 0 2 0 0 10 208 1 1 0 749 541 540 0 540 0 0 0 27976522 6393513 0 6310922 207256 277211 2096579402 14903107 13684043 7607280061 7607280061 0 204508745 1189442903 38.678340 158 1819 2450613 2809614 338 667 72 128000 200000 12 16000 20701 12 16000 25000 8 16000 25000 2328
1791401271053165 8 0 6 2 2 18 10 0 2 0 0 10 207 2 2 0 749 542 540 0 540 0 0 0 28025583 6393540 0 6310922 207390 277250 2100583570 14903285 13699635 7607280061 7607280061 0 205152234 1189442903 38.641007 161 1854 2497143 2862705 1077 688 72 128000 200000 24 32000 38966 12 16000 25000 8 16000 25000 2329
1791401272044515 8 0 7 1 2 18 10 0 2 0 0 10 207 1 1 0 749 542 541 0 541 0 0 0 28027351 6393959 0 6311194 207494 277289 2101572416 14903420 13701239 7620205086 7620205086 0 205152234 1189442903 38.638552 161 1854 2497143 2862705 1077 745 72 128000 200000 12 16000 20601 12 16000 25000 8 16000 25000 2332
1791401277077793 8 0 6 2 2 18 10 0 2 0 0 10 206 2 2 0 749 543 541 0 541 0 0 0 28056558 6393977 0 6311194 207611 277340 2106576015 14903629 13718685 7620205086 7620205086 0 205795723 1189442903 38.623587 162 1865 2512654 2880270 1123 764 72 128000 200000 24 32000 38968 12 16000 25000 8 16000 25000 2333
1791401277207765 8 0 7 1 2 18 10 0 2 0 0 10 206 1 1 0 749 543 542 0 542 0 0 0 28058135 6394365 0 6311445 207701 277365 2106703768 14903736 13720134 7630379200 7630379200 0 205795723 1189442903 38.621384 162 1865 2512654 2880270 1123 817 72 128000 200000 12 16000 20708 12 16000 25000 8 16000 25000 2336
1791401282240872 8 0 6 2 2 18 10 0 2 0 0 10 205 2 2 0 749 544 542 0 542 0 0 0 28086748 6394377 0 6311445 207799 277408 2111707864 14903908 13736387 7630379200 7630379200 0 206439214 1189442903 38.607120 161 1854 2497143 2862236 302 792 72 128000 200000 24 32000 38968 12 16000 25000 8 16000 25000 2337
1791401285789023 8 0 7 1 2 18 10 0 2 0 0 10 205 1 1 0 749 544 543 0 543 0 0 0 28097873 6394694 0 6311643 207899 277449 2115244279 14904021 13746646 7644112178 7644112178 0 206439214 1189442903 38.594313 161 1854 2497143 2862236 302 723 72 128000 200000 12 16000 20605 12 16000 25000 8 16000 25000 2340
1791401287709477 8 0 7 1 2 18 10 0 2 0 0 10 204 1 1 0 749 545 544 0 544 0 0 0 28113990 6395131 0 6311971 208064 277475 2117147759 14904218 13752490 7654601268 7654601268 0 207082705 1189442903 38.593582 162 1865 2512654 2879798 1235 774 72 128000 200000 12 16000 20713 12 16000 25000 8 16000 25000 2345
1791401292743867 8 0 6 2 2 18 10 0 2 0 0 10 203 2 2 0 749 546 544 0 544 0 0 0 28142492 6395143 0 6311971 208153 277516 2122152883 14904480 13768494 7654601268 7654601268 0 207726196 1189442903 38.579488 161 1854 2497143 2861766 855 783 72 128000 200000 24 32000 38970 12 16000 25000 8 16000 25000 2345
1791401298612878 8 0 6 2 2 18 10 0 2 0 0 10 203 3 2 1 749 546 544 0 544 0 0 0 28161016 6395154 0 6311971 208760 277558 2128002436 14904677 13785744 7665490661 7654601268 0 207726196 1189442903 38.558795 161 1854 2497143 2861766 855 795 72 128000 200000 24 32000 38961 12 16000 25000 8 16000 25000 2349
1791401298613342 8 0 7 1 2 18 10 0 2 0 0 10 203 1 1 0 749 546 545 0 545 0 0 0 28161016 6395577 0 6312299 208815 277572 2128002436 14904677 13785744 7665490661 7665490661 0 207726196 1189442903 38.558323 161 1854 2497143 2861766 855 801 72 128000 200000 12 16000 20710 12 16000 25000 8 16000 25000 2349
1791401299114318 8 0 7 1 2 18 10 0 2 0 0 10 202 1 1 0 749 547 546 0 546 0 0 0 28176511 6395876 0 6312500 208961 277591 2128487288 14904821 13790000 7678803381 7678803381 0 208369687 1189442903 38.558459 168 1934 2605715 2985604 775 799 72 128000 200000 12 16000 20612 12 16000 25000 8 16000 25000 2353
1791401304146416 8 0 6 2 2 18 10 0 2 0 0 10 201 2 2 0 749 548 546 0 546 0 0 0 28203899 6395895 0 6312500 209054 277632 2133491583 14905009 13806029 7678803381 7678803381 0 209013178 1189442903 38.545653 168 1934 2605715 2985699 1091 814 72 128000 200000 24 32000 38973 12 16000 25000 8 16000 25000 2354
1791401309162970 8 0 6 2 2 18 10 0 2 0 0 10 201 3 2 1 749 548 546 0 546 0 0 0 28217835 6395906 0 6312500 209061 277671 2138493887 14905119 13818924 7689340920 7678803381 0 209013178 1189442903 38.530122 168 1934 2605715 2985699 1091 842 72 128000 200000 24 32000 38978 12 16000 25000 8 16000 25000 2358
1791401309163300 8 0 7 1 2 18 10 0 2 0 0 10 201 1 1 0 749 548 547 0 547 0 0 0 28217835 6396207 0 6312698 209195 277671 2138493887 14905119 13818924 7689340920 7689340920 0 209013178 1189442903 38.529786 168 1934 2605715 2985699 1091 867 72 128000 200000 12 16000 20722 12 16000 25000 8 16000 25000 2357
1791401313458883 8 0 7 1 2 18 10 0 2 0 0 10 200 1 1 0 749 549 548 0 548 0 0 0 28286553 6396503 0 6312876 209389 277733 2142719958 14905331 13834827 7703672700 7703672700 0 209656669 1189442903 38.470812 167 1923 2590205 2967344 869 869 72 128000 200000 12 16000 20617 12 16000 25000 8 16000 25000 2361
1791401318500483 8 0 6 2 2 18 10 0 2 0 0 10 199 2 2 0 749 550 548 0 548 0 0 0 28323153 6396519 0 6312876 209477 277776 2147724520 14905544 13850669 7703672700 7703672700 0 210300160 1189442903 38.447915 168 1934 2605715 2985208 1153 884 72 128000 200000 24 32000 38975 12 16000 25000 8 16000 25000 2362
1791401319842597 8 0 7 1 2 18 10 0 2 0 0 10 199 1 1 0 749 550 549 0 549 0 0 0 28327694 6396970 0 6313212 209576 277803 2149061372 14905652 13854840 7714298845 7714298845 0 210300160 1189442903 38.442388 168 1934 2605715 2985208 1153 924 72 128000 200000 12 16000 20727 12 16000 25000 8 16000 25000 2365
1791401324939821 8 0 6 2 2 18 10 0 2 0 0 10 198 2 2 0 749 551 549 0 549 0 0 0 28420133 6396984 0 6313212 209672 277838 2154065751 14905840 13870697 7714298845 7714298845 0 210943651 1189442903 38.357934 166 1911 2574694 2949405 202 888 72 128000 200000 24 32000 38976 12 16000 25000 8 16000 25000 2366
1791401327117404 8 0 7 1 2 18 10 0 2 0 0 10 198 1 1 0 749 551 550 0 550 0 0 0 28427805 6397270 0 6313386 209770 277865 2156235104 14905951 13877785 7727936644 7727936644 0 210943651 1189442903 38.349169 166 1911 2574694 2949405 202 791 72 128000 200000 12 16000 20623 12 16000 25000 8 16000 25000 2370
1791401331325893 8 0 7 1 2 18 10 0 2 0 0 10 197 1 1 0 749 552 551 0 551 0 0 0 28453150 6397702 0 6313701 209939 277911 2160417387 14906126 13892027 7739343114 7739343114 0 211587142 1189442903 38.338413 172 1980 2667756 3055781 671 780 72 128000 200000 12 16000 20731 12 16000 25000 8 16000 25000 2374
1791401336357705 8 0 6 2 2 18 10 0 2 0 0 10 196 2 2 0 749 553 551 0 551 0 0 0 28480906 6397718 0 6313701 210039 277947 2165420990 14906360 13907669 7739343114 7739343114 0 212230633 1189442903 38.325481 169 1946 2621225 3002214 150 720 72 128000 200000 24 32000 38978 12 16000 25000 8 16000 25000 2374
1791401341830301 8 0 6 2 2 18 10 0 2 0 0 10 196 3 2 1 749 553 551 0 551 0 0 0 28497680 6397732 0 6313701 210048 277981 2170876381 14906565 13923137 7749835386 7739343114 0 212230633 1189442903 38.307043 169 1946 2621225 3002214 150 640 72 128000 200000 24 32000 38983 12 16000 25000 8 16000 25000 2378
1791401341830735 8 0 7 1 2 18 10 0 2 0 0 10 196 1 1 0 749 553 552 0 552 0 0 0 28497680 6398124 0 6313978 210180 277994 2170876381 14906565 13923137 7749835386 7749835386 0 212230633 1189442903 38.306613 169 1946 2621225 3002214 150 593 72 128000 200000 12 16000 20736 12 16000 25000 8 16000 25000 2378
1791401343045388 8 0 7 1 2 18 10 0 2 0 0 10 195 1 1 0 749 554 553 0 553 0 0 0 28514403 6398395 0 6314146 210353 278019 2172073634 14906748 13928796 7765752252 7765752252 0 212874124 1189442903 38.305544 168 1934 2605715 2983853 863 620 72 128000 200000 12 16000 20628 12 16000 25000 8 16000 25000 2382
1791401348076821 8 0 6 2 2 18 10 0 2 0 0 10 194 2 2 0 749 555 553 0 553 0 0 0 28541273 6398409 0 6314146 210435 278058 2177077760 14906953 13944285 7765752252 7765752252 0 213517615 1189442903 38.293635 171 1969 2652245 3037243 1478 663 72 128000 200000 24 32000 38979 12 16000 25000 8 16000 25000 2383
1791401352725411 8 0 7 1 2 18 10 0 2 0 0 10 194 1 1 0 749 555 554 0 554 0 0 0 28556560 6398860 0 6314475 210539 278102 2181709907 14907469 13958356 7776633245 7776633245 0 213517615 1189442903 38.276394 171 1969 2652245 3037243 1478 780 72 128000 200000 12 16000 20741 12 16000 25000 8 16000 25000 2386
1791401357800730 8 0 6 2 2 18 10 0 2 0 0 10 193 2 2 0 749 556 554 0 554 0 0 0 28626884 6398871 0 6314475 210629 278135 2186714506 14907663 13973634 7776633245 7776633245 0 214161106 1189442903 38.217052 170 1957 2636735 3018878 817 782 72 128000 200000 24 32000 38980 12 16000 25000 8 16000 25000 2387
1791401361409645 8 0 7 1 2 18 10 0 2 0 0 10 193 1 1 0 749 556 555 0 555 0 0 0 28637424 6399181 0 6314670 210731 278169 2190312278 14907775 13983364 7794986031 7794986031 0 214161106 1189442903 38.205217 170 1957 2636735 3018878 817 788 72 128000 200000 12 16000 20633 12 16000 25000 8 16000 25000 2390
1791401364297056 8 0 7 1 2 18 10 0 2 0 0 10 192 1 1 0 749 557 556 0 556 0 0 0 28656625 6399581 0 6314955 210908 278194 2193179666 14907965 13991677 7806502268 7806502268 0 214804597 1189442903 38.201361 172 1980 2667756 3054502 1654 874 72 128000 200000 12 16000 20747 12 16000 25000 8 16000 25000 2394
1791401369330052 8 0 6 2 2 18 10 0 2 0 0 10 191 2 2 0 749 558 556 0 556 0 0 0 28684030 6399594 0 6314955 211005 278226 2198184800 14908199 14007092 7806502268 7806502268 0 215448088 1189442903 38.188998 172 1980 2667756 3053891 210 810 72 128000 200000 24 32000 38984 12 16000 25000 8 16000 25000 2395
1791401374959855 8 0 6 2 2 18 10 0 2 0 0 10 191 3 2 1 749 558 556 0 556 0 0 0 28701995 6399609 0 6314955 211080 278263 2203796225 14908399 14023661 7817151413 7806502268 0 215448088 1189442903 38.169437 172 1980 2667756 3053891 210 725 72 128000 200000 24 32000 38989 12 16000 25000 8 16000 25000 2399
1791401374960226 8 0 7 1 2 18 10 0 2 0 0 10 191 1 1 0 749 558 557 0 557 0 0 0 28701995 6399939 0 6315191 211145 278276 2203796225 14908399 14023661 7817151413 7817151413 0 215448088 1189442903 38.169078 172 1980 2667756 3053891 210 676 72 128000 200000 12 16000 20751 12 16000 25000 8 16000 25000 2399
1791401377845127 8 0 7 1 2 18 10 0 2 0 0 10 190 1 1 0 749 559 558 0 558 0 0 0 28721737 6400263 0 6315384 211326 278311 2206660640 14908575 14031818 7833575440 7833575440 0 216091579 1189442903 38.164744 188 2164 2915919 3337663 782 687 72 128000 200000 12 16000 20640 12 16000 25000 8 16000 25000 2403
1791401382874777 8 0 6 2 2 18 10 0 2 0 0 10 189 2 2 0 749 560 558 0 558 0 0 0 28748021 6400275 0 6315384 211422 278344 2211663571 14908803 14047050 7833575440 7833575440 0 216735070 1189442903 38.153651 189 2176 2931429 3355177 1484 727 72 128000 200000 24 32000 38986 12 16000 25000 8 16000 25000 2403
1791401385078983 8 0 7 1 2 18 10 0 2 0 0 10 189 1 1 0 749 560 559 0 559 0 0 0 28755334 6400660 0 6315656 211513 278372 2213859811 14908915 14053787 7843681822 7843681822 0 216735070 1189442903 38.145297 189 2176 2931429 3355177 1484 836 72 128000 200000 12 16000 20756 12 16000 25000 8 16000 25000 2407
1791401390110770 8 0 6 2 2 18 10 0 2 0 0 10 188 2 2 0 749 561 559 0 559 0 0 0 28782749 6400672 0 6315656 211607 278410 2218863758 14909124 14068832 7843681822 7843681822 0 217376696 1189442903 38.132952 189 2176 2931429 3354864 840 837 72 128000 200000 24 32000 38987 12 16000 25000 8 16000 25000 2408
1791401391280683 8 0 7 1 2 18 10 0 2 0 0 10 188 1 1 0 749 561 560 0 560 0 0 0 28788437 6400965 0 6315845 211694 278432 2220027435 14909236 14074116 7857104721 7857104721 0 217376696 1189442903 38.126471 189 2176 2931429 3354864 840 840 72 128000 200000 12 16000 20645 12 16000 25000 8 16000 25000 2411
1791401392458785 8 0 6 2 2 18 10 0 2 0 0 10 186 2 2 0 749 563 561 0 561 0 0 0 28856980 7337071 0 7251818 212393 278504 2220199889 14909416 14120516 7857219933 7857219933 0 218018322 1307072984 40.184516 268 3129 4200490 4807039 1097 866 72 128000 200000 24 32000 39100 12 16000 25000 8 16000 25000 2524
1791401397015439 8 0 7 1 2 18 10 0 2 0 0 10 186 1 1 0 749 563 562 0 562 0 0 0 28871717 7337557 0 7252168 212518 278538 2224740959 14909581 14134163 7869143646 7869143646 0 218018322 1307072984 40.167621 185 2130 2869388 3283228 1 782 72 128000 200000 12 16000 20873 12 16000 25000 8 16000 25000 2527
1791401402210830 8 0 6 2 2 18 10 0 2 0 0 10 185 2 2 0 749 564 562 0 562 0 0 0 29062401 7337575 0 7252168 212637 278600 2229745121 14909847 14152099 7869143646 7869143646 0 218659948 1307072984 39.973991 185 2130 2869388 3282922 965 801 72 128000 200000 24 32000 39101 12 16000 25000 8 16000 25000 2528
1791401405194798 8 0 7 1 2 18 10 0 2 0 0 10 185 1 1 0 749 564 563 0 563 0 0 0 29073603 7337868 0 7252349 212771 278635 2232717275 14909959 14162641 7883035097 7883035097 0 218659948 1307072984 39.961371 185 2130 2869388 3282922 965 826 72 128000 200000 12 16000 20762 12 16000 25000 8 16000 25000 2532
1791401410226035 8 0 6 2 2 18 10 0 2 0 0 10 184 2 2 0 749 565 563 0 563 0 0 0 29099369 7337878 0 7252349 212856 278662 2237722375 14910148 14177135 7883035097 7883035097 0 219301574 1307072984 39.949896 190 2187 2946939 3371408 623 816 72 128000 200000 24 32000 39102 12 16000 25000 8 16000 25000 2532
1791401413723858 8 0 7 1 2 18 10 0 2 0 0 10 184 1 1 0 749 565 564 0 564 0 0 0 29109124 7338375 0 7252728 212946 278692 2241209671 14910266 14186248 7899568815 7899568815 0 219301574 1307072984 39.938658 190 2187 2946939 3371408 623 790 72 128000 200000 12 16000 20879 12 16000 25000 8 16000 25000 2536
1791401418516509 8 0 6 2 2 18 10 0 2 0 0 10 183 2 2 0 749 566 564 0 564 0 0 0 29137254 7338388 0 7252728 213624 278736 2245973229 14910450 14203358 7899568815 7899568815 0 219943200 1307072984 39.924619 182 2095 2822858 3229153 95 756 72 128000 200000 24 32000 39093 12 16000 25000 8 16000 25000 2541
1791401418516989 8 0 7 1 2 18 10 0 2 0 0 10 183 1 1 0 749 566 565 0 565 0 0 0 29137254 7338672 0 7252917 213647 278763 2245973233 14910563 14203358 7912877650 7912877650 0 219943200 1307072984 39.924308 182 2095 2822858 3229153 95 663 72 128000 200000 12 16000 20761 12 16000 25000 8 16000 25000 2540
1791401423547782 8 0 6 2 2 18 10 0 2 0 0 10 182 2 2 0 749 567 565 0 565 0 0 0 29165433 7338684 0 7252917 213739 278792 2250975507 14910696 14217859 7912877650 7912877650 0 220584826 1307072984 39.910239 182 2095 2822858 3228922 1025 682 72 128000 200000 24 32000 39095 12 16000 25000 8 16000 25000 2541
1791401425754437 8 0 7 1 2 18 10 0 2 0 0 10 182 1 1 0 749 567 566 0 566 0 0 0 29172269 7339116 0 7253240 213834 278817 2253174626 14910805 14224206 7924896823 7924896823 0 220584826 1307072984 39.902294 182 2095 2822858 3228922 1025 733 72 128000 200000 12 16000 20883 12 16000 25000 8 16000 25000 2544
1791401430796100 8 0 6 2 2 18 10 0 2 0 0 10 181 2 2 0 749 568 566 0 566 0 0 0 29208981 7339130 0 7253240 213929 278857 2258179160 14911002 14238997 7924896823 7924896823 0 221226452 1307072984 39.878940 181 2084 2807347 3210879 1088 751 72 128000 200000 24 32000 39103 12 16000 25000 8 16000 25000 2545
1791401434037454 8 0 7 1 2 18 10 0 2 0 0 10 181 1 1 0 749 568 567 0 567 0 0 0 29219768 7339432 0 7253434 214015 278889 2261409151 14911115 14249124 7940401889 7940401889 0 221226452 1307072984 39.866844 181 2084 2807347 3210879 1088 800 72 128000 200000 12 16000 20773 12 16000 25000 8 16000 25000 2548
1791401439067700 8 0 6 2 2 18 10 0 2 0 0 10 180 2 2 0 749 569 567 0 567 0 0 0 29245491 7339444 0 7253434 214101 278922 2266413289 14911299 14263355 7940401889 7940401889 0 221868078 1307072984 39.855526 181 2084 2807347 3210646 1027 812 72 128000 200000 24 32000 39104 12 16000 25000 8 16000 25000 2549
1791401440472473 8 0 7 1 2 18 10 0 2 0 0 10 180 1 1 0 749 569 568 0 568 0 0 0 29251215 7339883 0 7253758 214199 278950 2267811631 14911409 14268638 7955095932 7955095932 0 221868078 1307072984 39.848813 181 2084 2807347 3210646 1027 844 72 128000 200000 12 16000 20888 12 16000 25000 8 16000 25000 2552
1791401445503880 8 0 6 2 2 18 10 0 2 0 0 10 179 2 2 0 749 570 568 0 568 0 0 0 29277106 7339895 0 7253758 214291 278987 2272816748 14911600 14283095 7955095932 7955095932 0 222509704 1307072984 39.837335 190 2218 2977960 3405460 622 833 72 128000 200000 24 32000 39105 12 16000 25000 8 16000 25000 2553
1791401449307161 8 0 7 1 2 18 10 0 2 0 0 10 179 1 1 0 749 570 569 0 569 0 0 0 29286499 7340220 0 7253949 214378 279017 2276610047 14911710 14291856 7970353834 7970353834 0 222509704 1307072984 39.826765 190 2218 2977960 3405460 622 804 72 128000 200000 12 16000 20778 12 16000 25000 8 16000 25000 2557
1791401451435348 8 0 7 1 2 18 10 0 2 0 0 10 178 1 1 0 749 571 570 0 570 0 0 0 29305080 7340649 0 7254266 214550 279048 2278718806 14911895 14299652 7981304913 7981304913 0 223151330 1307072984 39.822802 191 2230 2993633 3423503 1336 857 72 128000 200000 12 16000 20893 12 16000 25000 8 16000 25000 2561
1791401456465459 8 0 6 2 2 18 10 0 2 0 0 10 177 2 2 0 749 572 570 0 570 0 0 0 29330200 7340660 0 7254266 214637 279085 2283723328 14912156 14313860 7981304913 7981304913 0 223792958 1307072984 39.812198 192 2242 3009307 3440734 957 867 72 128000 200000 24 32000 39108 12 16000 25000 8 16000 25000 2561
1791401461635974 8 0 6 2 2 18 10 0 2 0 0 10 177 3 2 1 749 572 570 0 570 0 0 0 29345119 7340669 0 7254266 214645 279114 2288878545 14912357 14327704 7991494487 7981304913 0 223792958 1307072984 39.795998 192 2242 3009307 3440734 957 881 72 128000 200000 24 32000 39113 12 16000 25000 8 16000 25000 2565
1791401461636439 8 0 7 1 2 18 10 0 2 0 0 10 177 1 1 0 749 572 571 0 571 0 0 0 29345119 7341092 0 7254592 214769 279127 2288878545 14912357 14327704 7991494487 7991494487 0 223792958 1307072984 39.795539 192 2242 3009307 3440734 957 889 72 128000 200000 12 16000 20897 12 16000 25000 8 16000 25000 2565
1791401465043940 8 0 7 1 2 18 10 0 2 0 0 10 176 1 1 0 749 573 572 0 572 0 0 0 29366637 7341415 0 7254794 214959 279158 2292263814 14912500 14337916 8007219668 8007219668 0 224434586 1307072984 39.788530 192 2242 3009307 3440404 918 893 72 128000 200000 12 16000 20785 12 16000 25000 8 16000 25000 2569
1791401470074697 8 0 6 2 2 18 10 0 2 0 0 10 175 2 2 0 749 574 572 0 572 0 0 0 29392347 7341429 0 7254794 215052 279190 2297268189 14912711 14352088 8007219668 8007219668 0 225076214 1307072984 39.777325 192 2242 3009307 3440160 1400 919 72 128000 200000 24 32000 39111 12 16000 25000 8 16000 25000 2570
1791401471937739 8 0 7 1 2 18 10 0 2 0 0 10 175 1 1 0 749 574 573 0 573 0 0 0 29396215 7341892 0 7255130 215149 279210 2299126632 14912828 14355648 8017508872 8017508872 0 225076214 1307072984 39.772636 192 2242 3009307 3440160 1400 989 72 128000 200000 12 16000 20903 12 16000 25000 8 16000 25000 2573
1791401476987620 8 0 6 2 2 18 10 0 2 0 0 10 174 2 2 0 749 575 573 0 573 0 0 0 29441053 7341904 0 7255130 215244 279242 2304131275 14913026 14369837 8017508872 8017508872 0 225717842 1307072984 39.740776 192 2242 3009307 3439831 874 984 72 128000 200000 24 32000 39112 12 16000 25000 8 16000 25000 2574
1791401480847986 8 0 7 1 2 18 10 0 2 0 0 10 174 1 1 0 749 575 574 0 574 0 0 0 29450357 7342206 0 7255314 215339 279276 2307981763 14913136 14378423 8033301047 8033301047 0 225717842 1307072984 39.730400 192 2242 3009307 3439831 874 969 72 128000 200000 12 16000 20790 12 16000 25000 8 16000 25000 2577
1791401481947286 8 0 7 1 2 18 10 0 2 0 0 10 173 1 1 0 749 576 575 0 575 0 0 0 29467339 7342595 0 7255595 215512 279305 2309063254 14913336 14384993 8043277944 8043277944 0 226359470 1307072984 39.728274 194 2265 3040654 3475797 1376 1010 72 128000 200000 12 16000 20908 12 16000 25000 8 16000 25000 2581
1791401486976424 8 0 6 2 2 18 10 0 2 0 0 10 172 2 2 0 749 577 575 0 575 0 0 0 29493051 7342607 0 7255595 215600 279337 2314066274 14913542 14398844 8043277944 8043277944 0 227000892 1307072984 39.717136 193 2253 3024980 3457561 310 975 72 128000 200000 24 32000 39114 12 16000 25000 8 16000 25000 2582
1791401495108252 8 0 6 2 2 18 10 0 2 0 0 10 172 3 2 1 749 577 575 0 575 0 0 0 29515546 7342629 0 7255595 215616 279389 2322175177 14913744 14419728 8056427047 8043277944 0 227000892 1307072984 39.692873 193 2253 3024980 3457561 310 881 72 128000 200000 24 32000 39119 12 16000 25000 8 16000 25000 2586
1791401495108650 8 0 7 1 2 18 10 0 2 0 0 10 172 1 1 0 749 577 576 0 576 0 0 0 29515546 7342985 0 7255854 215742 279402 2322175177 14913744 14419728 8056427047 8056427047 0 227000892 1307072984 39.692490 193 2253 3024980 3457561 310 826 72 128000 200000 12 16000 20913 12 16000 25000 8 16000 25000 2586
1791401497409482 8 0 7 1 2 18 10 0 2 0 0 10 171 1 1 0 749 578 577 0 577 0 0 0 29545582 7343323 0 7256084 215934 279426 2324445209 14913928 14426951 8072977157 8072977157 0 227642314 1307072984 39.676389 189 2207 2962286 3385196 1105 854 72 128000 200000 12 16000 20795 12 16000 25000 8 16000 25000 2590
1791401497786415 8 0 6 2 2 18 10 0 2 0 0 10 169 2 2 0 749 580 578 0 578 0 0 0 29582557 7573209 0 7485838 216313 279482 2324554578 14914165 14451542 8073049762 8073049762 0 228283736 1372423028 41.085223 190 2218 2977960 3403249 1505 948 72 128000 200000 24 32000 39178 12 16000 25000 8 16000 25000 2653
1791401506226898 8 0 6 2 2 18 10 0 2 0 0 10 169 3 2 1 749 580 578 0 578 0 0 0 29606970 7573229 0 7485838 216328 279540 2332970116 14914451 14474209 8084144549 8073049762 0 228283736 1372423028 41.058224 171 1969 2652245 3030443 1 856 72 128000 200000 24 32000 39183 12 16000 25000 8 16000 25000 2657
1791401506227273 8 0 7 1 2 18 10 0 2 0 0 10 169 1 1 0 749 580 579 0 579 0 0 0 29606970 7573559 0 7486073 216460 279557 2332970116 14914451 14474209 8084144549 8084144549 0 228283736 1372423028 41.057859 171 1969 2652245 3030443 1 774 72 128000 200000 12 16000 20980 12 16000 25000 8 16000 25000 2656
1791401511259374 8 0 6 2 2 18 10 0 2 0 0 10 168 2 2 0 749 581 579 0 579 0 0 0 29633536 7573568 0 7486073 216547 279588 2337975232 14914678 14487876 8084144549 8084144549 0 228925158 1372423028 41.044975 206 2372 3195103 3650369 473 759 72 128000 200000 24 32000 39179 12 16000 25000 8 16000 25000 2657
1791401517074546 8 0 6 2 2 18 10 0 2 0 0 10 168 3 2 1 749 581 579 0 579 0 0 0 29649515 7573581 0 7486073 216556 279622 2343774027 14914883 14502828 8094978887 8084144549 0 228925158 1372423028 41.027341 206 2372 3195103 3650369 473 720 72 128000 200000 24 32000 39184 12 16000 25000 8 16000 25000 2661
1791401517075016 8 0 7 1 2 18 10 0 2 0 0 10 168 1 1 0 749 581 580 0 580 0 0 0 29649515 7574008 0 7486397 216687 279635 2343774027 14914883 14502828 8094978887 8094978887 0 228925158 1372423028 41.026870 206 2372 3195103 3650369 473 697 72 128000 200000 12 16000 20984 12 16000 25000 8 16000 25000 2660
1791401522104814 8 0 6 2 2 18 10 0 2 0 0 10 167 2 2 0 749 582 580 0 580 0 0 0 29674802 7574019 0 7486397 216777 279669 2348778143 14915089 14516473 8094978887 8094978887 0 229566580 1372423028 41.015428 204 2349 3164082 3614163 833 704 72 128000 200000 24 32000 39181 12 16000 25000 8 16000 25000 2661
1791401526449351 8 0 7 1 2 18 10 0 2 0 0 10 167 1 1 0 749 582 581 0 581 0 0 0 29687767 7574306 0 7486570 216876 279712 2353109133 14915200 14528561 8124004788 8124004788 0 229566580 1372423028 41.000841 204 2349 3164082 3614163 833 724 72 128000 200000 12 16000 20864 12 16000 25000 8 16000 25000 2665
1791401527341591 8 0 7 1 2 18 10 0 2 0 0 10 166 1 1 0 749 583 582 0 582 0 0 0 29700324 7574672 0 7486825 217045 279728 2353987974 14915461 14530899 8134259137 8134259137 0 230208002 1372423028 41.003037 210 2418 3257143 3720636 2141 863 72 128000 200000 12 16000 20989 12 16000 25000 8 16000 25000 2669
1791401532371365 8 0 6 2 2 18 10 0 2 0 0 10 165 2 2 0 749 584 582 0 582 0 0 0 29725222 7574683 0 7486825 217132 279764 2358992383 14915724 14544437 8134259137 8134259137 0 230849424 1372423028 40.992055 259 3024 4059429 4636649 866 865 72 128000 200000 24 32000 39183 12 16000 25000 8 16000 25000 2669
1791401537822059 8 0 6 2 2 18 10 0 2 0 0 10 165 3 2 1 749 584 582 0 582 0 0 0 29742937 7574697 0 7486825 217733 279803 2364424437 14915925 14561050 8144726603 8134259137 0 230849424 1372423028 40.972580 259 3024 4059429 4636649 866 866 72 128000 200000 24 32000 39174 12 16000 25000 8 16000 25000 2673
1791401537822535 8 0 7 1 2 18 10 0 2 0 0 10 165 1 1 0 749 584 583 0 583 0 0 0 29742937 7575128 0 7487161 217793 279815 2364424437 14915925 14561050 8144726603 8144726603 0 230849424 1372423028 40.972107 259 3024 4059429 4636649 866 866 72 128000 200000 12 16000 20986 12 16000 25000 8 16000 25000 2673
1791401541641170 8 0 7 1 2 18 10 0 2 0 0 10 164 1 1 0 749 585 584 0 584 0 0 0 29764698 7575411 0 7487332 217977 279848 2368220615 14916096 14571746 8159905589 8159905589 0 231490846 1372423028 40.964301 259 3024 4059429 4636205 802 860 72 128000 200000 12 16000 20871 12 16000 25000 8 16000 25000 2677
1791401546670881 8 0 6 2 2 18 10 0 2 0 0 10 163 2 2 0 749 586 584 0 584 0 0 0 29789189 7575420 0 7487332 218072 279879 2373225407 14916318 14585014 8159905589 8159905589 0 232132268 1372423028 40.953812 260 3036 4075103 4653775 1225 879 72 128000 200000 24 32000 39184 12 16000 25000 8 16000 25000 2678
1791401548184619 8 0 7 1 2 18 10 0 2 0 0 10 163 1 1 0 749 586 585 0 585 0 0 0 29792505 7575809 0 7487601 218153 279898 2374735198 14916428 14588149 8170255649 8170255649 0 232132268 1372423028 40.949752 260 3036 4075103 4653775 1225 930 72 128000 200000 12 16000 20998 12 16000 25000 8 16000 25000 2681
1791401553216216 8 0 6 2 2 18 10 0 2 0 0 10 162 2 2 0 749 587 585 0 585 0 0 0 29818622 7575818 0 7487601 218240 279928 2379740298 14916616 14601296 8170255649 8170255649 0 232773690 1372423028 40.937500 264 3082 4137796 4724919 886 928 72 128000 200000 24 32000 39185 12 16000 25000 8 16000 25000 2682
1791401557806652 8 0 7 1 2 18 10 0 2 0 0 10 162 1 1 0 749 587 586 0 586 0 0 0 29829525 7576125 0 7487786 218334 279959 2384319248 14916729 14611473 8186409626 8186409626 0 232773690 1372423028 40.925231 264 3082 4137796 4724919 886 923 72 128000 200000 12 16000 20876 12 16000 25000 8 16000 25000 2685
1791401559013009 8 0 7 1 2 18 10 0 2 0 0 10 161 1 1 0 749 588 587 0 587 0 0 0 29845384 7576561 0 7488118 218484 279981 2385508925 14916917 14616206 8197224371 8197224371 0 233415114 1372423028 40.923757 267 3117 4184817 4778272 1455 976 72 128000 200000 12 16000 21004 12 16000 25000 8 16000 25000 2689
1791401564042822 8 0 6 2 2 18 10 0 2 0 0 10 160 2 2 0 749 589 587 0 587 0 0 0 29870181 7576575 0 7488118 218576 280015 2390513448 14917198 14629525 8197224371 8197224371 0 234056538 1372423028 40.912978 266 3106 4169143 4759920 814 961 72 128000 200000 24 32000 39186 12 16000 25000 8 16000 25000 2690
1791401570419847 8 0 6 2 2 18 10 0 2 0 0 10 160 3 2 1 749 589 587 0 587 0 0 0 29886408 7576590 0 7488118 218588 280050 2396873826 14917401 14644575 8208619458 8197224371 0 234056538 1372423028 40.895240 266 3106 4169143 4759920 814 941 72 128000 200000 24 32000 39191 12 16000 25000 8 16000 25000 2694
1791401570420321 8 0 7 1 2 18 10 0 2 0 0 10 160 1 1 0 749 589 588 0 588 0 0 0 29886408 7577007 0 7488436 218723 280076 2396873826 14917401 14644575 8208619458 8208619458 0 234056538 1372423028 40.894785 266 3106 4169143 4759920 814 929 72 128000 200000 12 16000 21008 12 16000 25000 8 16000 25000 2694
1791401572896799 8 0 7 1 2 18 10 0 2 0 0 10 159 1 1 0 749 590 589 0 589 0 0 0 29904102 7577310 0 7488630 218900 280102 2399331881 14917597 14651441 8223697633 8223697633 0 234697962 1372423028 40.891469 269 3141 4216164 4812561 968 933 72 128000 200000 12 16000 20881 12 16000 25000 8 16000 25000 2698
1791401577926295 8 0 6 2 2 18 10 0 2 0 0 10 158 2 2 0 749 591 589 0 589 0 0 0 29927994 7577320 0 7488630 218993 280131 2404337002 14917866 14664553 8223697633 8223697633 0 235339386 1372423028 40.881719 269 3141 4216164 4812796 1300 952 72 128000 200000 24 32000 39189 12 16000 25000 8 16000 25000 2698
1791401580380154 8 0 7 1 2 18 10 0 2 0 0 10 158 1 1 0 749 591 590 0 590 0 0 0 29935269 7577760 0 7488954 219089 280158 2406782876 14917979 14671354 8233644024 8233644024 0 235339386 1372423028 40.873312 269 3141 4216164 4812796 1300 1003 72 128000 200000 12 16000 21014 12 16000 25000 8 16000 25000 2702
1791401585409619 8 0 6 2 2 18 10 0 2 0 0 10 157 2 2 0 749 592 590 0 590 0 0 0 29959242 7577768 0 7488954 219180 280181 2411787969 14918195 14684023 8233644024 8233644024 0 235980810 1372423028 40.863495 268 3129 4200490 4793867 761 991 72 128000 200000 24 32000 39190 12 16000 25000 8 16000 25000 2703
1791401586954250 8 0 7 1 2 18 10 0 2 0 0 10 157 1 1 0 749 592 591 0 591 0 0 0 29962433 7578072 0 7489155 219260 280201 2413328863 14918306 14687023 8247690134 8247690134 0 235980810 1372423028 40.859691 268 3129 4200490 4793867 761 960 72 128000 200000 12 16000 20886 12 16000 25000 8 16000 25000 2706
1791401590464485 8 0 7 1 2 18 10 0 2 0 0 10 156 1 1 0 749 593 592 0 592 0 0 0 29985394 7578388 0 7489352 219443 280236 2416815339 14918536 14697437 8257761022 8257761022 0 236626907 1372423028 40.850775 272 3176 4263184 4865654 1290 993 72 128000 200000 12 16000 21019 12 16000 25000 8 16000 25000 2710
1791401590900099 8 0 6 2 2 18 10 0 2 0 0 10 154 2 2 0 749 595 593 0 593 0 0 0 30023553 7864815 0 7775648 219850 280295 2416925465 14918932 14724389 8257833657 8257833657 0 237273004 1437773078 42.161975 270 3152 4231837 4828832 772 962 72 128000 200000 24 32000 39256 12 16000 25000 8 16000 25000 2773
1791401600566579 8 0 6 2 2 18 10 0 2 0 0 10 154 3 2 1 749 595 593 0 593 0 0 0 30048533 7864831 0 7775648 219925 280343 2426566404 14919273 14747954 8267922838 8257833657 0 237273004 1437773078 42.134178 232 2671 3598368 4105630 1 869 72 128000 200000 24 32000 39261 12 16000 25000 8 16000 25000 2777
1791401600566951 8 0 7 1 2 18 10 0 2 0 0 10 154 1 1 0 749 595 594 0 594 0 0 0 30048533 7865162 0 7775881 219993 280355 2426566404 14919273 14747954 8267922838 8267922838 0 237273004 1437773078 42.133810 232 2671 3598368 4105630 1 785 72 128000 200000 12 16000 21086 12 16000 25000 8 16000 25000 2777
1791401601830433 8 0 7 1 2 18 10 0 2 0 0 10 153 1 1 0 749 596 595 0 595 0 0 0 30063094 7865448 0 7776069 220152 280375 2427814573 14919538 14752312 8282785648 8282785648 0 237919101 1437773078 42.133562 231 2659 3582858 4087537 793 787 72 128000 200000 12 16000 20956 12 16000 25000 8 16000 25000 2781
1791401606858839 8 0 6 2 2 18 10 0 2 0 0 10 152 2 2 0 749 597 595 0 595 0 0 0 30085976 7865457 0 7776069 220243 280403 2432819663 14919780 14764698 8282785648 8282785648 0 238565198 1437773078 42.124385 232 2671 3598368 4104952 1146 823 72 128000 200000 24 32000 39258 12 16000 25000 8 16000 25000 2782
1791401610480581 8 0 7 1 2 18 10 0 2 0 0 10 152 1 1 0 749 597 596 0 596 0 0 0 30096111 7865809 0 7776299 220336 280443 2436430638 14919889 14774194 8292685503 8292685503 0 238565198 1437773078 42.112748 232 2671 3598368 4104952 1146 871 72 128000 200000 12 16000 21091 12 16000 25000 8 16000 25000 2785
1791401615444317 8 0 6 2 2 18 10 0 2 0 0 10 151 2 2 0 749 598 596 0 596 0 0 0 31056121 7865820 0 7776299 220430 280465 2440433958 14920102 14784466 8292685503 8292685503 0 239211295 1437773078 41.089855 232 2671 3598368 4104554 743 865 72 128000 200000 24 32000 39259 12 16000 25000 8 16000 25000 2786
1791401616122275 8 0 7 1 2 18 10 0 2 0 0 10 151 1 1 0 749 598 597 0 597 0 0 0 31058419 7866101 0 7776480 220500 280483 2441109104 14920215 14786618 8306964900 8306964900 0 239211295 1437773078 41.087133 232 2671 3598368 4104554 743 849 72 128000 200000 12 16000 20961 12 16000 25000 8 16000 25000 2789
1791401621150544 8 0 6 2 2 18 10 0 2 0 0 10 150 2 2 0 749 599 597 0 597 0 0 0 31081931 7866113 0 7776480 220588 280509 2446113507 14920378 14799013 8306964900 8306964900 0 239857392 1437773078 41.078137 232 2671 3598368 4104273 1187 866 72 128000 200000 24 32000 39260 12 16000 25000 8 16000 25000 2790
1791401622258330 8 0 7 1 2 18 10 0 2 0 0 10 150 1 1 0 749 599 598 0 598 0 0 0 31084996 7866585 0 7776844 220685 280527 2447217490 14920488 14801899 8317792052 8317792052 0 239857392 1437773078 41.074407 232 2671 3598368 4104273 1187 914 72 128000 200000 12 16000 21096 12 16000 25000 8 16000 25000 2793
1791401627286290 8 0 6 2 2 18 10 0 2 0 0 10 149 2 2 0 749 600 598 0 598 0 0 0 31109082 7866596 0 7776844 220777 280569 2452220926 14920706 14814499 8317792052 8317792052 0 240503489 1437773078 41.064821 173 1992 2683266 3060218 12 869 72 128000 200000 24 32000 39261 12 16000 25000 8 16000 25000 2794
1791401630791567 8 0 7 1 2 18 10 0 2 0 0 10 149 1 1 0 749 600 599 0 599 0 0 0 31118120 7866899 0 7777035 220869 280601 2455716591 14920818 14823010 8332448363 8332448363 0 240503489 1437773078 41.054982 173 1992 2683266 3060218 12 749 72 128000 200000 12 16000 20967 12 16000 25000 8 16000 25000 2798
1791401634348742 8 0 7 1 2 18 10 0 2 0 0 10 148 1 1 0 749 601 600 0 600 0 0 0 31144842 7867335 0 7777355 221043 280628 2459246164 14921021 14831430 8344526666 8344526666 0 241149586 1437773078 41.042196 173 1992 2683266 3060009 1159 790 72 128000 200000 12 16000 21101 12 16000 25000 8 16000 25000 2802
1791401639389979 8 0 6 2 2 18 10 0 2 0 0 10 147 2 2 0 749 602 600 0 600 0 0 0 31181081 7867346 0 7777355 221140 280660 2464250668 14921297 14843867 8344526666 8344526666 0 241795683 1437773078 41.019875 177 2038 2745307 3130457 1032 815 72 128000 200000 24 32000 39262 12 16000 25000 8 16000 25000 2802
1791401645749251 8 0 6 2 2 18 10 0 2 0 0 10 147 3 2 1 749 602 600 0 600 0 0 0 31196700 7867359 0 7777355 221212 280695 2470593927 14921505 14858636 8355901570 8344526666 0 241795683 1437773078 41.003460 177 2038 2745307 3130457 1032 847 72 128000 200000 24 32000 39267 12 16000 25000 8 16000 25000 2806
1791401645749731 8 0 7 1 2 18 10 0 2 0 0 10 147 1 1 0 749 602 601 0 601 0 0 0 31196700 7867797 0 7777690 221271 280707 2470593927 14921505 14858636 8355901570 8355901570 0 241795683 1437773078 41.003000 177 2038 2745307 3130457 1032 866 72 128000 200000 12 16000 21105 12 16000 25000 8 16000 25000 2806
1791401646228511 8 0 7 1 2 18 10 0 2 0 0 10 146 1 1 0 749 603 602 0 602 0 0 0 31209420 7868075 0 7777873 221414 280723 2471059311 14921718 14860763 8371319538 8371319538 0 242441780 1437773078 41.005130 176 2026 2729796 3112466 444 825 72 128000 200000 12 16000 20972 12 16000 25000 8 16000 25000 2810
1791401651256716 8 0 6 2 2 18 10 0 2 0 0 10 145 2 2 0 749 604 602 0 602 0 0 0 31232561 7868085 0 7777873 221503 280747 2476063737 14921963 14873065 8371319538 8371319538 0 243087879 1437773078 40.996610 176 2026 2729796 3112253 829 826 72 128000 200000 24 32000 39264 12 16000 25000 8 16000 25000 2811
1791401655726288 8 0 7 1 2 18 10 0 2 0 0 10 145 1 1 0 749 604 603 0 603 0 0 0 31243683 7868533 0 7778223 221708 280787 2480521344 14922074 14883538 8381282329 8381282329 0 243087879 1437773078 40.984482 176 2026 2729796 3112253 829 829 72 128000 200000 12 16000 21110 12 16000 25000 8 16000 25000 2814
1791401659549714 8 0 7 1 2 18 10 0 2 0 0 10 144 1 1 0 749 605 604 0 604 0 0 0 31346753 7868857 0 7778424 222220 280828 2484240576 14922284 14893627 8394590485 8394590485 0 243733978 1437773078 40.892137 175 2015 2714286 3094270 743 821 72 128000 200000 12 16000 20978 12 16000 25000 8 16000 25000 2818
1791401664578757 8 0 6 2 2 18 10 0 2 0 0 10 143 2 2 0 749 606 604 0 604 0 0 0 31370301 7868870 0 7778424 222313 280865 2489245653 14922496 14905831 8394590485 8394590485 0 244380077 1437773078 40.883286 174 2003 2698776 3076378 1054 845 72 128000 200000 24 32000 39267 12 16000 25000 8 16000 25000 2819
1791401666511789 8 0 7 1 2 18 10 0 2 0 0 10 143 1 1 0 749 606 605 0 605 0 0 0 31373028 7869289 0 7778741 222389 280882 2491175276 14922635 14908418 8405281825 8405281825 0 244380077 1437773078 40.880009 174 2003 2698776 3076378 1054 876 72 128000 200000 12 16000 21115 12 16000 25000 8 16000 25000 2822
1791401672002690 8 0 6 2 2 18 10 0 2 0 0 10 142 2 2 0 749 607 605 0 605 0 0 0 31858418 7869301 0 7778741 222493 280913 2496180411 14922794 14920692 8405281825 8405281825 0 245026176 1437773078 40.396038 172 1980 2667756 3040723 115 838 72 128000 200000 24 32000 39268 12 16000 25000 8 16000 25000 2823
1791401672957842 8 0 7 1 2 18 10 0 2 0 0 10 142 1 1 0 749 607 606 0 606 0 0 0 31859039 7869601 0 7778926 222604 280927 2497134376 14922902 14921274 8418678055 8418678055 0 245026176 1437773078 40.395101 172 1980 2667756 3040723 115 736 72 128000 200000 12 16000 20983 12 16000 25000 8 16000 25000 2827
1791401677480421 8 0 7 1 2 18 10 0 2 0 0 10 141 1 1 0 749 608 607 0 607 0 0 0 31881144 7870003 0 7779213 222783 280951 2501634017 14923094 14931752 8429173001 8429173001 0 245672275 1437773078 40.387730 173 1992 2683266 3058587 1165 779 72 128000 200000 12 16000 21121 12 16000 25000 8 16000 25000 2831
1791401682518636 8 0 6 2 2 18 10 0 2 0 0 10 140 2 2 0 749 609 607 0 607 0 0 0 31914632 7870018 0 7779213 222877 280996 2506638285 14923334 14943773 8429173001 8429173001 0 246318374 1437773078 40.369207 151 1739 2342041 2669030 23 707 72 128000 200000 24 32000 39271 12 16000 25000 8 16000 25000 2831
1791401687532645 8 0 6 2 2 18 10 0 2 0 0 10 140 3 2 1 749 609 607 0 607 0 0 0 31924482 7870030 0 7779213 222887 281027 2511642089 14923473 14952865 8443735964 8429173001 0 246318374 1437773078 40.359202 151 1739 2342041 2669030 23 641 72 128000 200000 24 32000 39276 12 16000 25000 8 16000 25000 2836
1791401687532969 8 0 7 1 2 18 10 0 2 0 0 10 140 1 1 0 749 609 608 0 608 0 0 0 31924482 7870323 0 7779397 223035 281027 2511642089 14923473 14952865 8443735964 8443735964 0 246318374 1437773078 40.358905 151 1739 2342041 2669030 23 582 72 128000 200000 12 16000 20988 12 16000 25000 8 16000 25000 2835
1791401687755127 8 0 7 1 2 18 10 0 2 0 0 10 139 1 1 0 749 610 609 0 609 0 0 0 31938482 7870652 0 7779628 223163 281063 2511849490 14923715 14956393 8453987117 8453987117 0 246964473 1437773078 40.359856 152 1750 2357552 2686869 1236 677 72 128000 200000 12 16000 21126 12 16000 25000 8 16000 25000 2839
1791401692783261 8 0 6 2 2 18 10 0 2 0 0 10 138 2 2 0 749 611 609 0 609 0 0 0 31962200 7870664 0 7779628 223247 281100 2516853582 14923841 14968152 8453987117 8453987117 0 247610572 1437773078 40.351281 151 1739 2342041 2668589 443 666 72 128000 200000 24 32000 39273 12 16000 25000 8 16000 25000 2840
1791401698393360 8 0 6 2 2 18 10 0 2 0 0 10 138 3 2 1 749 611 609 0 609 0 0 0 31973914 7870677 0 7779628 223258 281136 2522451573 14924043 14979016 8464613215 8453987117 0 247610572 1437773078 40.339405 151 1739 2342041 2668589 443 635 72 128000 200000 24 32000 39278 12 16000 25000 8 16000 25000 2844
1791401698393704 8 0 7 1 2 18 10 0 2 0 0 10 138 1 1 0 749 611 610 0 610 0 0 0 31973914 7870980 0 7779834 223377 281149 2522451573 14924043 14979016 8464613215 8464613215 0 247610572 1437773078 40.339098 151 1739 2342041 2668589 443 617 72 128000 200000 12 16000 21131 12 16000 25000 8 16000 25000 2843
1791401700276088 8 0 7 1 2 18 10 0 2 0 0 10 137 1 1 0 749 612 611 0 611 0 0 0 32234131 7871303 0 7780034 223573 281181 2524073016 14924188 14983176 8477344709 8477344709 0 248256671 1437773078 40.092404 207 2417 3244409 3696395 871 643 72 128000 200000 12 16000 20994 12 16000 25000 8 16000 25000 2847
1791401705314837 8 0 6 2 2 18 10 0 2 0 0 10 136 2 2 0 749 613 611 0 611 0 0 0 32267282 7871318 0 7780034 223681 281217 2529078169 14924404 14995082 8477344709 8477344709 0 248902770 1437773078 40.074627 207 2417 3244409 3696617 1141 668 72 128000 200000 24 32000 39274 12 16000 25000 8 16000 25000 2848
1791401710078607 8 0 7 1 2 18 10 0 2 0 0 10 136 1 1 0 749 613 612 0 612 0 0 0 32276762 7871836 0 7780423 223792 281250 2533831644 14924518 15003876 8488772255 8488772255 0 248902770 1437773078 40.064648 207 2417 3244409 3696617 1141 737 72 128000 200000 12 16000 21136 12 16000 25000 8 16000 25000 2852
1791401715255046 8 0 6 2 2 18 10 0 2 0 0 10 135 2 2 0 749 614 612 0 612 0 0 0 32449029 7871854 0 7780423 223894 281321 2538835356 14924719 15015749 8488772255 8488772255 0 249548869 1437773078 39.908739 191 2230 2993633 3410111 45 703 72 128000 200000 24 32000 39275 12 16000 25000 8 16000 25000 2852
1791401715736143 8 0 7 1 2 18 10 0 2 0 0 10 135 1 1 0 749 614 613 0 613 0 0 0 32449572 7872155 0 7780613 223962 281334 2539315371 14924824 15016238 8504210569 8504210569 0 249548869 1437773078 39.907904 191 2230 2993633 3410111 45 611 72 128000 200000 12 16000 20999 12 16000 25000 8 16000 25000 2856
1791401720630753 8 0 7 1 2 18 10 0 2 0 0 10 134 1 1 0 749 615 614 0 614 0 0 0 32469966 7872653 0 7780994 224139 281357 2544188717 14924960 15026027 8514601508 8514601508 0 250194968 1437773078 39.902510 201 2347 3150368 3588866 724 623 72 128000 200000 12 16000 21141 12 16000 25000 8 16000 25000 2860
1791401725657701 8 0 6 2 2 18 10 0 2 0 0 10 133 2 2 0 749 616 614 0 614 0 0 0 32492031 7872663 0 7780994 224227 281404 2549193155 14925187 15037322 8514601508 8514601508 0 250841067 1437773078 39.895953 190 2218 2977960 3391687 65 570 72 128000 200000 24 32000 39277 12 16000 25000 8 16000 25000 2860
1791401728155771 8 0 7 1 2 18 10 0 2 0 0 10 133 1 1 0 749 616 615 0 615 0 0 0 32496636 7872970 0 7781188 224319 281429 2551686051 14925298 15041630 8527010027 8527010027 0 250841067 1437773078 39.891099 190 2218 2977960 3391687 65 499 72 128000 200000 12 16000 21005 12 16000 25000 8 16000 25000 2864
1791401733183766 8 0 6 2 2 18 10 0 2 0 0 10 132 2 2 0 749 617 615 0 615 0 0 0 32519914 7872981 0 7781188 224413 281461 2556690381 14925482 15052796 8527010027 8527010027 0 251487166 1437773078 39.883353 191 2230 2993633 3409745 1149 532 72 128000 200000 24 32000 39277 12 16000 25000 8 16000 25000 2865
1791401733775542 8 0 7 1 2 18 10 0 2 0 0 10 132 1 1 0 749 617 616 0 616 0 0 0 32520404 7873427 0 7781517 224497 281475 2557280980 14925593 15053238 8540143082 8540143082 0 251487166 1437773078 39.882429 191 2230 2993633 3409745 1149 621 72 128000 200000 12 16000 21145 12 16000 25000 8 16000 25000 2868
1791401738802767 8 0 6 2 2 18 10 0 2 0 0 10 131 2 2 0 749 618 616 0 616 0 0 0 32543219 7873438 0 7781517 224595 281514 2562285022 14925745 15064552 8540143082 8540143082 0 252133265 1437773078 39.875150 190 2218 2977960 3391122 1162 649 72 128000 200000 24 32000 39279 12 16000 25000 8 16000 25000 2869
1791401741203789 8 0 7 1 2 18 10 0 2 0 0 10 131 1 1 0 749 618 617 0 617 0 0 0 32547964 7873753 0 7781715 224691 281543 2564680719 14925854 15068919 8553178347 8553178347 0 252133265 1437773078 39.870159 190 2218 2977960 3391122 1162 724 72 128000 200000 12 16000 21011 12 16000 25000 8 16000 25000 2872
1791401746231386 8 0 6 2 2 18 10 0 2 0 0 10 130 2 2 0 749 619 617 0 617 0 0 0 32570053 7873765 0 7781715 224781 281575 2569685839 14926040 15080137 8553178347 8553178347 0 252779364 1437773078 39.863606 190 2218 2977960 3391326 1053 741 72 128000 200000 24 32000 39280 12 16000 25000 8 16000 25000 2873
1791401752706326 8 0 6 2 2 18 10 0 2 0 0 10 130 3 2 1 749 619 617 0 617 0 0 0 32582996 7873781 0 7781715 224791 281614 2576147423 14926239 15092174 8572097327 8553178347 0 252779364 1437773078 39.850837 190 2218 2977960 3391326 1053 787 72 128000 200000 24 32000 39285 12 16000 25000 8 16000 25000 2877
1791401752706752 8 0 7 1 2 18 10 0 2 0 0 10 130 1 1 0 749 619 618 0 618 0 0 0 32582996 7874166 0 7782000 224925 281626 2576147423 14926239 15092174 8572097327 8572097327 0 252779364 1437773078 39.850458 190 2218 2977960 3391326 1053 814 72 128000 200000 12 16000 21150 12 16000 25000 8 16000 25000 2876
1791401754135384 8 0 7 1 2 18 10 0 2 0 0 10 129 1 1 0 749 620 619 0 619 0 0 0 32598424 7874454 0 7782189 225100 281651 2577559927 14926425 15097439 8585015962 8585015962 0 253425463 1437773078 39.850208 191 2230 2993633 3408400 1588 890 72 128000 200000 12 16000 21016 12 16000 25000 8 16000 25000 2881
1791401759319316 8 0 6 2 2 18 10 0 2 0 0 10 128 2 2 0 749 621 619 0 619 0 0 0 32777557 7874472 0 7782189 225200 281685 2582564296 14926636 15108611 8585015962 8585015962 0 254071562 1437773078 39.689748 192 2242 3009307 3426451 1025 897 72 128000 200000 24 32000 39283 12 16000 25000 8 16000 25000 2881
1791401763934027 8 0 7 1 2 18 10 0 2 0 0 10 128 1 1 0 749 621 620 0 620 0 0 0 32786338 7874853 0 7782447 225300 281725 2587169542 14926747 15116705 8596231963 8596231963 0 254071562 1437773078 39.680805 192 2242 3009307 3426451 1025 917 72 128000 200000 12 16000 21156 12 16000 25000 8 16000 25000 2885
1791401768040955 8 0 6 2 2 18 10 0 2 0 0 10 127 2 2 0 749 622 620 0 620 0 0 0 32809147 7874865 0 7782447 225460 281756 2591253213 14926943 15127630 8596231963 8596231963 0 254717661 1437773078 39.673692 192 2242 3009307 3426122 1028 923 72 128000 200000 24 32000 39289 12 16000 25000 8 16000 25000 2890
1791401768041460 8 0 7 1 2 18 10 0 2 0 0 10 127 1 1 0 749 622 621 0 621 0 0 0 32809147 7875185 0 7782673 225484 281768 2591253216 14927059 15127630 8609967834 8609967834 0 254717661 1437773078 39.673380 192 2242 3009307 3426122 1028 939 72 128000 200000 12 16000 21021 12 16000 25000 8 16000 25000 2889
1791401773070939 8 0 6 2 2 18 10 0 2 0 0 10 126 2 2 0 749 623 621 0 621 0 0 0 32833463 7875201 0 7782673 225575 281807 2596258037 14927184 15138537 8609967834 8609967834 0 255363760 1437773078 39.664802 182 2125 2852572 3247447 81 897 72 128000 200000 24 32000 39285 12 16000 25000 8 16000 25000 2890
1791401779700927 8 0 6 2 2 18 10 0 2 0 0 10 126 3 2 1 749 623 621 0 621 0 0 0 32849575 7875221 0 7782673 226211 281854 2602870924 14927394 15153559 8625720816 8609967834 0 255363760 1437773078 39.649090 182 2125 2852572 3247447 81 783 72 128000 200000 24 32000 39276 12 16000 25000 8 16000 25000 2894
1791401779701388 8 0 7 1 2 18 10 0 2 0 0 10 126 1 1 0 749 623 622 0 622 0 0 0 32849575 7875637 0 7782991 226276 281866 2602870924 14927394 15153559 8625720816 8625720816 0 255363760 1437773078 39.648685 182 2125 2852572 3247447 81 715 72 128000 200000 12 16000 21154 12 16000 25000 8 16000 25000 2893
1791401784478318 8 0 7 1 2 18 10 0 2 0 0 10 125 1 1 0 749 624 623 0 623 0 0 0 32871591 7875969 0 7783188 226472 281894 2607625062 14927576 15163149 8642143694 8642143694 0 256009859 1437773078 39.642062 184 2148 2883919 3282818 1124 756 72 128000 200000 12 16000 21026 12 16000 25000 8 16000 25000 2897
1791401789511145 8 0 6 2 2 18 10 0 2 0 0 10 124 2 2 0 749 625 623 0 623 0 0 0 32899151 7875983 0 7783188 226570 281945 2612629853 14927815 15174306 8642143694 8642143694 0 256655958 1437773078 39.630365 184 2148 2883919 3282584 1201 801 72 128000 200000 24 32000 39287 12 16000 25000 8 16000 25000 2898
1791401791661896 8 0 7 1 2 18 10 0 2 0 0 10 124 1 1 0 749 625 624 0 624 0 0 0 32903690 7876444 0 7783526 226676 281971 2614775313 14927934 15178487 8654091012 8654091012 0 256655958 1437773078 39.625506 184 2148 2883919 3282584 1201 859 72 128000 200000 12 16000 21167 12 16000 25000 8 16000 25000 2901
1791401796689826 8 0 6 2 2 18 10 0 2 0 0 10 123 2 2 0 749 626 624 0 624 0 0 0 32927033 7876456 0 7783526 226774 282012 2619779481 14928129 15189573 8654091012 8654091012 0 257302057 1437773078 39.617926 186 2172 2915266 3317945 931 863 72 128000 200000 24 32000 39287 12 16000 25000 8 16000 25000 2902
1791401800958756 8 0 7 1 2 18 10 0 2 0 0 10 123 1 1 0 749 626 625 0 625 0 0 0 32935556 7876806 0 7783742 226875 282053 2624039237 14928241 15197400 8670554445 8670554445 0 257302057 1437773078 39.609313 186 2172 2915266 3317945 931 874 72 128000 200000 12 16000 21030 12 16000 25000 8 16000 25000 2906
1791401801884433 8 0 7 1 2 18 10 0 2 0 0 10 122 1 1 0 749 627 626 0 626 0 0 0 32947959 7877176 0 7783994 227065 282069 2624951698 14928449 15199281 8680764118 8680764118 0 257948156 1437773078 39.612013 186 2172 2915266 3318156 996 887 72 128000 200000 12 16000 21172 12 16000 25000 8 16000 25000 2910
1791401806912859 8 0 6 2 2 18 10 0 2 0 0 10 121 2 2 0 749 628 626 0 626 0 0 0 32971552 7877192 0 7783994 227166 282107 2629956053 14928695 15210224 8680764118 8680764118 0 258594255 1437773078 39.604203 184 2148 2883919 3281717 818 881 72 128000 200000 24 32000 39289 12 16000 25000 8 16000 25000 2910
1791401812164869 8 0 6 2 2 18 10 0 2 0 0 10 121 3 2 1 749 628 626 0 626 0 0 0 32982012 7877208 0 7783994 227173 282150 2635197169 14928899 15219844 8691031551 8680764118 0 258594255 1437773078 39.594049 184 2148 2883919 3281717 818 873 72 128000 200000 24 32000 39294 12 16000 25000 8 16000 25000 2914
1791401812165274 8 0 7 1 2 18 10 0 2 0 0 10 121 1 1 0 749 628 627 0 627 0 0 0 32982012 7877559 0 7784242 227333 282163 2635197169 14928899 15219844 8691031551 8691031551 0 258594255 1437773078 39.593709 184 2148 2883919 3281717 818 869 72 128000 200000 12 16000 21176 12 16000 25000 8 16000 25000 2914
1791401815704222 8 0 7 1 2 18 10 0 2 0 0 10 120 1 1 0 749 629 628 0 628 0 0 0 33001388 7877893 0 7784451 227520 282200 2638715927 14929117 15227196 8705765153 8705765153 0 259240354 1437773078 39.589692 205 2427 3246531 3694080 791 863 72 128000 200000 12 16000 21038 12 16000 25000 8 16000 25000 2918
1791401820731868 8 0 6 2 2 18 10 0 2 0 0 10 119 2 2 0 749 630 628 0 628 0 0 0 33023989 7877910 0 7784451 227616 282242 2643720516 14929349 15237821 8705765153 8705765153 0 259886453 1437773078 39.582864 207 2451 3278205 3730357 1287 885 72 128000 200000 24 32000 39292 12 16000 25000 8 16000 25000 2919
1791401823531520 8 0 7 1 2 18 10 0 2 0 0 10 119 1 1 0 749 630 629 0 629 0 0 0 33028226 7878379 0 7784782 227720 282272 2646515181 14929458 15241698 8717118357 8717118357 0 259886453 1437773078 39.578310 207 2451 3278205 3730357 1287 945 72 128000 200000 12 16000 21180 12 16000 25000 8 16000 25000 2922
1791401828311904 8 0 7 1 2 18 10 0 2 0 0 10 118 1 1 0 749 631 630 0 630 0 0 0 33048250 7878722 0 7784993 227954 282306 2651274683 14929664 15250743 8729713637 8729713637 0 260532552 1437773078 39.573669 207 2451 3278205 3730002 900 941 72 128000 200000 12 16000 21043 12 16000 25000 8 16000 25000 2926
1791401833467851 8 0 6 2 2 18 10 0 2 0 0 10 117 2 2 0 749 632 630 0 630 0 0 0 33198616 7878737 0 7784993 228073 282364 2656279558 14929935 15261401 8729713637 8729713637 0 261178651 1437773078 39.443793 201 2380 3183184 3621615 1052 953 72 128000 200000 24 32000 39294 12 16000 25000 8 16000 25000 2927
1791401835294912 8 0 7 1 2 18 10 0 2 0 0 10 117 1 1 0 749 632 631 0 631 0 0 0 33200866 7879208 0 7785339 228185 282389 2658103609 14930051 15263435 8741465284 8741465284 0 261178651 1437773078 39.441181 201 2380 3183184 3621615 1052 968 72 128000 200000 12 16000 21185 12 16000 25000 8 16000 25000 2930
1791401840323048 8 0 6 2 2 18 10 0 2 0 0 10 116 2 2 0 749 633 631 0 631 0 0 0 33223874 7879240 0 7785339 228280 282428 2663108272 14930266 15274070 8741465284 8741465284 0 261824750 1437773078 39.434063 202 2392 3199021 3639287 1037 972 72 128000 200000 24 32000 39295 12 16000 25000 8 16000 25000 2931
1791401846202234 8 0 6 2 2 18 10 0 2 0 0 10 116 3 2 1 749 633 631 0 631 0 0 0 33233800 7879252 0 7785339 228287 282460 2668977114 14930464 15283222 8752360027 8741465284 0 261824750 1437773078 39.424531 202 2392 3199021 3639287 1037 983 72 128000 200000 24 32000 39300 12 16000 25000 8 16000 25000 2935
1791401846202652 8 0 7 1 2 18 10 0 2 0 0 10 116 1 1 0 749 633 632 0 632 0 0 0 33233800 7879626 0 7785608 228428 282474 2668977114 14930464 15283222 8752360027 8752360027 0 261824750 1437773078 39.424172 202 2392 3199021 3639287 1037 989 72 128000 200000 12 16000 21189 12 16000 25000 8 16000 25000 2935
1791401851230383 8 0 6 2 2 18 10 0 2 0 0 10 115 2 2 0 749 634 632 0 632 0 0 0 33256015 7879637 0 7785608 228518 282509 2673982227 14930659 15293472 8752360027 8752360027 0 262470849 1437773078 39.417850 202 2392 3199021 3638941 866 983 72 128000 200000 24 32000 39296 12 16000 25000 8 16000 25000 2935
1791401859458163 8 0 6 2 2 18 10 0 2 0 0 10 115 3 2 1 749 634 632 0 632 0 0 0 33270906 7879653 0 7785608 228531 282548 2682194692 14930863 15307308 8765603318 8752360027 0 262470849 1437773078 39.403571 202 2392 3199021 3638941 866 968 72 128000 200000 24 32000 39301 12 16000 25000 8 16000 25000 2939
1791401859458666 8 0 7 1 2 18 10 0 2 0 0 10 115 1 1 0 749 634 633 0 633 0 0 0 33270906 7880114 0 7785951 228661 282561 2682194692 14930863 15307308 8765603318 8765603318 0 262470849 1437773078 39.403129 202 2392 3199021 3638941 866 959 72 128000 200000 12 16000 21194 12 16000 25000 8 16000 25000 2939
1791401864485194 8 0 6 2 2 18 10 0 2 0 0 10 114 2 2 0 749 635 633 0 633 0 0 0 33291949 7880124 0 7785951 228762 282585 2687199775 14931061 15317157 8765603318 8765603318 0 263116948 1437773078 39.397947 202 2392 3199021 3638069 1074 965 72 128000 200000 24 32000 39296 12 16000 25000 8 16000 25000 2939
1791401870985867 8 0 6 2 2 18 10 0 2 0 0 10 114 3 2 1 749 635 633 0 633 0 0 0 33303129 7880136 0 7785951 228772 282618 2693688879 14931263 15327518 8777118833 8765603318 0 263116948 1437773078 39.387240 202 2392 3199021 3638069 1074 982 72 128000 200000 24 32000 39301 12 16000 25000 8 16000 25000 2944
1791401870986329 8 0 7 1 2 18 10 0 2 0 0 10 114 1 1 0 749 635 634 0 634 0 0 0 33303129 7880556 0 7786272 228895 282631 2693688879 14931263 15327518 8777118833 8777118833 0 263116948 1437773078 39.386838 202 2392 3199021 3638069 1074 992 72 128000 200000 12 16000 21198 12 16000 25000 8 16000 25000 2943
1791401872341058 8 0 7 1 2 18 10 0 2 0 0 10 113 1 1 0 749 636 635 0 635 0 0 0 33321456 7880879 0 7786477 229083 282654 2695024513 14931472 15330866 8821007661 8821007661 0 263763047 1437773078 39.383965 202 2392 3199021 3637707 977 992 72 128000 200000 12 16000 21050 12 16000 25000 8 16000 25000 2947
1791401877603870 8 0 6 2 2 18 10 0 2 0 0 10 112 2 2 0 749 637 635 0 635 0 0 0 33344381 7880891 0 7786477 229253 282685 2700263886 14931694 15342680 8821007661 8821007661 0 264409146 1437773078 39.376998 202 2392 3199021 3637451 314 959 72 128000 200000 24 32000 39299 12 16000 25000 8 16000 25000 2948
1791401882160211 8 0 7 1 2 18 10 0 2 0 0 10 112 1 1 0 749 637 636 0 636 0 0 0 33351967 7881250 0 7786719 229347 282710 2704812008 14931802 15349621 8832165330 8832165330 0 264409146 1437773078 39.369411 202 2392 3199021 3637451 314 868 72 128000 200000 12 16000 21204 12 16000 25000 8 16000 25000 2951
1791401886071015 8 0 7 1 2 18 10 0 2 0 0 10 111 1 1 0 749 638 637 0 637 0 0 0 33861537 7881564 0 7786915 229538 282781 2708212394 14932036 15357906 8845882119 8845882119 0 265055245 1437773078 38.903282 202 2392 3199021 3637089 704 853 72 128000 200000 12 16000 21055 12 16000 25000 8 16000 25000 2955
1791401891096856 8 0 6 2 2 18 10 0 2 0 0 10 110 2 2 0 749 639 637 0 637 0 0 0 33881796 7881573 0 7786915 229636 282809 2713217490 14932316 15367419 8845882119 8845882119 0 265701344 1437773078 38.899156 203 2403 3214858 3655365 1076 876 72 128000 200000 24 32000 39301 12 16000 25000 8 16000 25000 2956
1791401895129475 8 0 7 1 2 18 10 0 2 0 0 10 110 1 1 0 749 639 638 0 638 0 0 0 33888496 7881923 0 7787154 229732 282836 2717242786 14932430 15373790 8858349399 8858349399 0 265701344 1437773078 38.892591 203 2403 3214858 3655365 1076 905 72 128000 200000 12 16000 21209 12 16000 25000 8 16000 25000 2960
1791401900158476 8 0 6 2 2 18 10 0 2 0 0 10 109 2 2 0 749 640 638 0 638 0 0 0 33911360 7881932 0 7787154 230452 282868 2722247898 14932625 15384779 8858349399 8858349399 0 266347443 1437773078 38.886048 175 2072 2771429 3150410 25 861 72 128000 200000 24 32000 39289 12 16000 25000 8 16000 25000 2960
1791401901162935 8 0 7 1 2 18 10 0 2 0 0 10 109 1 1 0 749 640 639 0 639 0 0 0 33913108 7882249 0 7787368 230526 282885 2723250057 14932735 15386422 8873428060 8873428060 0 266347443 1437773078 38.884127 175 2072 2771429 3150410 25 744 72 128000 200000 12 16000 21054 12 16000 25000 8 16000 25000 2964
1791401906188861 8 0 6 2 2 18 10 0 2 0 0 10 108 2 2 0 749 641 639 0 639 0 0 0 33933885 7882260 0 7787368 230616 282915 2728254809 14932924 15396032 8873428060 8873428060 0 266993542 1437773078 38.879532 177 2096 2803103 3186651 1177 766 72 128000 200000 24 32000 39297 12 16000 25000 8 16000 25000 2964
1791401908161932 8 0 7 1 2 18 10 0 2 0 0 10 108 1 1 0 749 641 640 0 640 0 0 0 33935853 7882627 0 7787614 230719 282937 2730225275 14933029 15397796 8886447825 8886447825 0 266993542 1437773078 38.877361 177 2096 2803103 3186651 1177 826 72 128000 200000 12 16000 21214 12 16000 25000 8 16000 25000 2968
1791401913189054 8 0 6 2 2 18 10 0 2 0 0 10 107 2 2 0 749 642 640 0 640 0 0 0 33957723 7882639 0 7787614 230819 282975 2735230079 14933257 15407520 8886447825 8886447825 0 267639641 1437773078 38.871755 176 2084 2787266 3167877 1057 838 72 128000 200000 24 32000 39305 12 16000 25000 8 16000 25000 2968
1791401920130783 8 0 6 2 2 18 10 0 2 0 0 10 107 3 2 1 749 642 640 0 640 0 0 0 33968375 7882656 0 7787614 230832 283118 2742160624 14933454 15417295 8898404217 8886447825 0 267639641 1437773078 38.861846 176 2084 2787266 3167877 1057 870 72 128000 200000 24 32000 39310 12 16000 25000 8 16000 25000 2973
1791401920131183 8 0 7 1 2 18 10 0 2 0 0 10 107 1 1 0 749 642 641 0 641 0 0 0 33968375 7883008 0 7787856 230973 283131 2742160624 14933454 15417295 8898404217 8898404217 0 267639641 1437773078 38.861519 176 2084 2787266 3167877 1057 889 72 128000 200000 12 16000 21218 12 16000 25000 8 16000 25000 2972
1791401920352202 8 0 7 1 2 18 10 0 2 0 0 10 106 1 1 0 749 643 642 0 642 0 0 0 33980347 7883317 0 7788041 231138 283147 2742368928 14933683 15418912 8917581556 8917581556 0 268285740 1437773078 38.864837 177 2096 2803103 3185562 961 897 72 128000 200000 12 16000 21067 12 16000 25000 8 16000 25000 2976
1791401925378611 8 0 6 2 2 18 10 0 2 0 0 10 105 2 2 0 749 644 642 0 642 0 0 0 34001192 7883328 0 7788041 231227 283187 2747374053 14933911 15428477 8917581556 8917581556 0 268931839 1437773078 38.860196 201 2412 3216000 3655190 1661 936 72 128000 200000 24 32000 39307 12 16000 25000 8 16000 25000 2977
1791401935005143 8 0 6 2 2 18 10 0 2 0 0 10 105 3 2 1 749 644 642 0 642 0 0 0 34018700 7883351 0 7788041 231315 283246 2756982567 14934168 15444716 8932221038 8917581556 0 268931839 1437773078 38.843937 201 2412 3216000 3655190 1661 1041 72 128000 200000 24 32000 39312 12 16000 25000 8 16000 25000 2981
1791401935005491 8 0 7 1 2 18 10 0 2 0 0 10 105 1 1 0 749 644 643 0 643 0 0 0 34018700 7883657 0 7788245 231380 283259 2756982567 14934168 15444716 8932221038 8932221038 0 268931839 1437773078 38.843654 201 2412 3216000 3655190 1661 1102 72 128000 200000 12 16000 21072 12 16000 25000 8 16000 25000 2980
1791401940376763 8 0 6 2 2 18 10 0 2 0 0 10 104 2 2 0 749 645 643 0 643 0 0 0 34042485 7883670 0 7788245 231556 283300 2762329578 14934345 15457324 8932221038 8932221038 0 269577938 1437773078 38.836302 202 2424 3232000 3673644 1093 1102 72 128000 200000 24 32000 39307 12 16000 25000 8 16000 25000 2981
1791401943340561 8 0 7 1 2 18 10 0 2 0 0 10 104 1 1 0 749 645 644 0 644 0 0 0 34047844 7884045 0 7788503 231677 283336 2765287335 14934455 15462261 8955416962 8955416962 0 269577938 1437773078 38.830991 202 2424 3232000 3673644 1093 1102 72 128000 200000 12 16000 21224 12 16000 25000 8 16000 25000 2984
1791401948366855 8 0 6 2 2 18 10 0 2 0 0 10 103 2 2 0 749 646 644 0 644 0 0 0 34068563 7884054 0 7788503 231767 283369 2770292461 14934696 15471749 8955416962 8955416962 0 270224037 1437773078 38.826493 204 2448 3264000 3709111 1778 1136 72 128000 200000 24 32000 39308 12 16000 25000 8 16000 25000 2985
1791401951432426 8 0 7 1 2 18 10 0 2 0 0 10 103 1 1 0 749 646 645 0 645 0 0 0 34075306 7884364 0 7788690 231867 283413 2773350685 14934807 15478003 8971830910 8971830910 0 270224037 1437773078 38.819966 204 2448 3264000 3709111 1778 1229 72 128000 200000 12 16000 21077 12 16000 25000 8 16000 25000 2989
1791401956456727 8 0 6 2 2 18 10 0 2 0 0 10 102 2 2 0 749 647 645 0 645 0 0 0 34095511 7884370 0 7788690 231966 283435 2778354376 14935015 15487021 8971830910 8971830910 0 270870136 1437773078 38.815954 206 2472 3296000 3745746 1300 1233 72 128000 200000 24 32000 39309 12 16000 25000 8 16000 25000 2989
1791401964883941 8 0 6 2 2 18 10 0 2 0 0 10 102 3 2 1 749 647 645 0 645 0 0 0 34108765 7884384 0 7788690 231985 283478 2786767910 14935217 15499287 8993362695 8971830910 0 270870136 1437773078 38.803690 206 2472 3296000 3745746 1300 1244 72 128000 200000 24 32000 39314 12 16000 25000 8 16000 25000 2993
1791401964884333 8 0 7 1 2 18 10 0 2 0 0 10 102 1 1 0 749 647 646 0 646 0 0 0 34108765 7884733 0 7788935 232110 283492 2786767910 14935217 15499287 8993362695 8993362695 0 270870136 1437773078 38.803368 206 2472 3296000 3745746 1300 1250 72 128000 200000 12 16000 21230 12 16000 25000 8 16000 25000 2993
1791401966002821 8 0 7 1 2 18 10 0 2 0 0 10 101 1 1 0 749 648 647 0 647 0 0 0 34164281 7885019 0 7789115 232300 283517 2787830127 14935433 15503801 9007919887 9007919887 0 271516235 1437773078 38.766527 209 2508 3344000 3799368 1859 1310 72 128000 200000 12 16000 21081 12 16000 25000 8 16000 25000 2997
1791401971059292 8 0 6 2 2 18 10 0 2 0 0 10 100 2 2 0 749 649 647 0 647 0 0 0 34215207 7885030 0 7789115 232385 283546 2792835237 14935676 15512745 9007919887 9007919887 0 272162334 1437773078 38.734259 293 3516 4688000 5326772 1135 1302 72 128000 200000 24 32000 39310 12 16000 25000 8 16000 25000 2998
1791401977713302 8 0 6 2 2 18 10 0 2 0 0 10 100 3 2 1 749 649 647 0 647 0 0 0 34224533 7885035 0 7789115 232391 283564 2799479563 14935872 15521481 9020697111 9007919887 0 272162334 1437773078 38.725676 293 3516 4688000 5326772 1135 1280 72 128000 200000 24 32000 39315 12 16000 25000 8 16000 25000 3002
1791401977713730 8 0 7 1 2 18 10 0 2 0 0 10 100 1 1 0 749 649 648 0 648 0 0 0 34224533 7885422 0 7789405 232513 283575 2799479563 14935872 15521481 9020697111 9020697111 0 272162334 1437773078 38.725320 293 3516 4688000 5326772 1135 1267 72 128000 200000 12 16000 21235 12 16000 25000 8 16000 25000 3001
1791401980361863 8 0 7 1 2 18 10 0 2 0 0 10 99 1 1 0 749 650 649 0 649 0 0 0 34242413 7885721 0 7789583 232692 283603 2802109109 14936045 15528670 9035012089 9035012089 0 272808433 1437773078 38.723235 287 3444 4592000 5216413 247 1168 72 128000 200000 12 16000 21086 12 16000 25000 8 16000 25000 3005
1791401985388776 8 0 6 2 2 18 10 0 2 0 0 10 98 2 2 0 749 651 649 0 649 0 0 0 34263780 7885731 0 7789583 232795 283628 2807114215 14936281 15538844 9035012089 9035012089 0 273454532 1437773078 38.718215 285 3420 4560000 5180437 329 1127 72 128000 200000 24 32000 39313 12 16000 25000 8 16000 25000 3006
1791401989075379 8 0 7 1 2 18 10 0 2 0 0 10 98 1 1 0 749 651 650 0 650 0 0 0 34268629 7886176 0 7789912 232883 283653 2810795265 14936390 15543301 9046362042 9046362042 0 273454532 1437773078 38.713352 285 3420 4560000 5180437 329 1015 72 128000 200000 12 16000 21241 12 16000 25000 8 16000 25000 3009
1791401994107774 8 0 6 2 2 18 10 0 2 0 0 10 97 2 2 0 749 652 650 0 650 0 0 0 34296771 7886188 0 7789912 232975 283682 2815799110 14936596 15553436 9046362042 9046362042 0 274100631 1437773078 38.702121 286 3432 4576000 5198123 1000 1015 72 128000 200000 24 32000 39315 12 16000 25000 8 16000 25000 3010
1791401995373276 8 0 7 1 2 18 10 0 2 0 0 10 97 1 1 0 749 652 651 0 651 0 0 0 34299926 7886499 0 7790113 233076 283704 2817060872 14936708 15556353 9061360101 9061360101 0 274100631 1437773078 38.698941 286 3432 4576000 5198123 1000 1015 72 128000 200000 12 16000 21092 12 16000 25000 8 16000 25000 3014
1791402000400891 8 0 6 2 2 18 10 0 2 0 0 10 96 2 2 0 749 653 651 0 651 0 0 0 34322041 7886509 0 7790113 233168 283734 2822065972 14936911 15566299 9061360101 9061360101 0 274746730 1437773078 38.693254 287 3444 4592000 5215899 1159 1023 72 128000 200000 24 32000 39316 12 16000 25000 8 16000 25000 3014
1791402002569752 8 0 7 1 2 18 10 0 2 0 0 10 96 1 1 0 749 653 652 0 652 0 0 0 34326671 7886955 0 7790449 233260 283755 2824229492 14937027 15570599 9074834266 9074834266 0 274746730 1437773078 38.688602 287 3444 4592000 5215899 1159 1044 72 128000 200000 12 16000 21246 12 16000 25000 8 16000 25000 3018
1791402007595650 8 0 6 2 2 18 10 0 2 0 0 10 95 2 2 0 749 654 652 0 652 0 0 0 34347503 7886963 0 7790449 233348 283782 2829234169 14937228 15580358 9074834266 9074834266 0 275394838 1437773078 38.684146 287 3444 4592000 5215407 680 1026 72 128000 200000 24 32000 39317 12 16000 25000 8 16000 25000 3018
1791402009854927 8 0 7 1 2 18 10 0 2 0 0 10 95 1 1 0 749 654 653 0 653 0 0 0 34350471 7887281 0 7790648 233428 283800 2831489789 14937337 15583142 9089303286 9089303286 0 275394838 1437773078 38.681136 287 3444 4592000 5215407 680 978 72 128000 200000 12 16000 21097 12 16000 25000 8 16000 25000 3022
1791402011486152 8 0 6 2 2 18 10 0 2 0 0 10 93 2 2 0 749 656 654 0 654 0 0 0 34439444 9043777 0 8946986 234718 283932 2831873859 14937533 15658557 9089539246 9089539246 0 276042946 1699173257 43.320456 288 3456 4608000 5233178 1182 999 72 128000 200000 24 32000 39567 12 16000 25000 8 16000 25000 3272
1791402012961860 8 0 7 1 2 18 10 0 2 0 0 10 93 1 1 0 749 656 655 0 655 0 0 0 34442514 9044211 0 8947310 234804 283951 2833345762 14937699 15661438 9099919416 9099919416 0 276042946 1699173257 43.316965 185 2190 2929796 3327141 1 903 72 128000 200000 12 16000 21500 12 16000 25000 8 16000 25000 3275
1791402017012993 8 0 6 2 2 18 10 0 2 0 0 10 92 2 2 0 749 657 655 0 655 0 0 0 34488991 9044220 0 8947310 235053 283973 2837349760 14938032 15669907 9099919416 9099919416 0 276691054 1699173257 43.284908 184 2178 2913960 3308339 897 903 72 128000 200000 24 32000 39568 12 16000 25000 8 16000 25000 3276
1791402023375771 8 0 6 2 2 18 10 0 2 0 0 10 92 3 2 1 749 657 655 0 655 0 0 0 34500474 9044232 0 8947310 235636 284000 2843700120 14938204 15680835 9110294649 9099919416 0 276691054 1699173257 43.273482 184 2178 2913960 3308339 897 903 72 128000 200000 24 32000 39559 12 16000 25000 8 16000 25000 3280
1791402023376272 8 0 7 1 2 18 10 0 2 0 0 10 92 1 1 0 749 657 656 0 656 0 0 0 34500474 9044677 0 8947641 235766 284024 2843700120 14938204 15680835 9110294649 9110294649 0 276691054 1699173257 43.273040 184 2178 2913960 3308339 897 903 72 128000 200000 12 16000 21497 12 16000 25000 8 16000 25000 3279
1791402024366830 8 0 7 1 2 18 10 0 2 0 0 10 91 1 1 0 749 658 657 0 657 0 0 0 34523983 9045001 0 8947842 235932 284042 2844666430 14938412 15683500 9124795039 9124795039 0 277339162 1699173257 43.263555 209 2474 3309878 3757484 269 842 72 128000 200000 12 16000 21352 12 16000 25000 8 16000 25000 3284
1791402029391244 8 0 6 2 2 18 10 0 2 0 0 10 90 2 2 0 749 659 657 0 657 0 0 0 34544972 9045011 0 8947842 236018 284068 2849669408 14938670 15692975 9124795039 9124795039 0 277987270 1699173257 43.256893 209 2474 3309878 3757205 1305 866 72 128000 200000 24 32000 39570 12 16000 25000 8 16000 25000 3284
1791402034117111 8 0 7 1 2 18 10 0 2 0 0 10 90 1 1 0 749 659 658 0 658 0 0 0 34550639 9045398 0 8948103 236116 284082 2854388957 14938782 15698375 9135513595 9135513595 0 277987270 1699173257 43.250886 209 2474 3309878 3757205 1305 929 72 128000 200000 12 16000 21510 12 16000 25000 8 16000 25000 3288
1791402038696881 8 0 7 1 2 18 10 0 2 0 0 10 89 1 1 0 749 660 659 0 659 0 0 0 34629576 9045724 0 8948304 236300 284132 2858888956 14939021 15706555 9149831325 9149831325 0 278635378 1699173257 43.186545 209 2474 3309878 3756847 490 888 72 128000 200000 12 16000 21358 12 16000 25000 8 16000 25000 3292
1791402043722353 8 0 6 2 2 18 10 0 2 0 0 10 88 2 2 0 749 661 659 0 659 0 0 0 34649543 9045735 0 8948304 236389 284160 2863894024 14939267 15715850 9149831325 9149831325 0 279283486 1699173257 43.180945 210 2486 3325715 3775128 1207 920 72 128000 200000 24 32000 39571 12 16000 25000 8 16000 25000 3293
1791402044404876 8 0 7 1 2 18 10 0 2 0 0 10 88 1 1 0 749 661 660 0 660 0 0 0 34649543 9046077 0 8948536 236472 284179 2864575960 14939377 15715850 9160047389 9160047389 0 279283486 1699173257 43.180607 210 2486 3325715 3775128 1207 962 72 128000 200000 12 16000 21514 12 16000 25000 8 16000 25000 3296
1791402049816491 8 0 6 2 2 18 10 0 2 0 0 10 87 2 2 0 749 662 660 0 660 0 0 0 35056166 9046085 0 8948536 236570 284210 2869580560 14939563 15724956 9160047389 9160047389 0 279931594 1699173257 42.796488 206 2439 3262368 3702290 144 922 72 128000 200000 24 32000 39572 12 16000 25000 8 16000 25000 3297
1791402052363972 8 0 7 1 2 18 10 0 2 0 0 10 87 1 1 0 749 662 661 0 661 0 0 0 35059079 9046400 0 8948733 236672 284234 2872124541 14939676 15727647 9173702857 9173702857 0 279931594 1699173257 42.793356 206 2439 3262368 3702290 144 812 72 128000 200000 12 16000 21363 12 16000 25000 8 16000 25000 3300
1791402056050316 8 0 7 1 2 18 10 0 2 0 0 10 86 1 1 0 749 663 662 0 662 0 0 0 35078733 9046804 0 8949024 236859 284263 2875790377 14939881 15734030 9184949831 9184949831 0 280579702 1699173257 42.787911 223 2640 3531592 4008143 1221 853 72 128000 200000 12 16000 21519 12 16000 25000 8 16000 25000 3304
1791402061079953 8 0 6 2 2 18 10 0 2 0 0 10 85 2 2 0 749 664 662 0 662 0 0 0 35103544 9046817 0 8949024 236955 284288 2880794748 14940126 15743146 9184949831 9184949831 0 281227810 1699173257 42.777853 197 2332 3119837 3539937 29 773 72 128000 200000 24 32000 39574 12 16000 25000 8 16000 25000 3305
1791402068603741 8 0 6 2 2 18 10 0 2 0 0 10 85 3 2 1 749 664 662 0 662 0 0 0 35114785 9046834 0 8949024 237028 284323 2888306863 14940351 15753638 9197485722 9184949831 0 281227810 1699173257 42.766947 197 2332 3119837 3539937 29 668 72 128000 200000 24 32000 39579 12 16000 25000 8 16000 25000 3309
1791402068604231 8 0 7 1 2 18 10 0 2 0 0 10 85 1 1 0 749 664 663 0 663 0 0 0 35114785 9047275 0 8949366 237096 284336 2888306863 14940351 15753638 9197485722 9197485722 0 281227810 1699173257 42.766520 197 2332 3119837 3539937 29 607 72 128000 200000 12 16000 21523 12 16000 25000 8 16000 25000 3309
1791402072194206 8 0 7 1 2 18 10 0 2 0 0 10 84 1 1 0 749 665 664 0 664 0 0 0 35132962 9047564 0 8949549 237290 284364 2891877898 14940575 15760860 9217299916 9217299916 0 281875920 1699173257 42.762635 206 2439 3262368 3701307 712 618 72 128000 200000 12 16000 21370 12 16000 25000 8 16000 25000 3313
1791402077218495 8 0 6 2 2 18 10 0 2 0 0 10 83 2 2 0 749 666 664 0 664 0 0 0 35152882 9047574 0 8949549 237381 284391 2896881808 14940836 15769556 9217299916 9217299916 0 282524030 1699173257 42.757337 208 2463 3294041 3736961 1265 682 72 128000 200000 24 32000 39578 12 16000 25000 8 16000 25000 3313
1791402086278827 8 0 6 2 2 18 10 0 2 0 0 10 83 3 2 1 749 666 664 0 664 0 0 0 35165945 9047589 0 8949549 237455 284428 2905928677 14941037 15781912 9234961516 9217299916 0 282524030 1699173257 42.744690 208 2463 3294041 3736961 1265 767 72 128000 200000 24 32000 39583 12 16000 25000 8 16000 25000 3317
1791402086279308 8 0 7 1 2 18 10 0 2 0 0 10 83 1 1 0 749 666 665 0 665 0 0 0 35165945 9048029 0 8949893 237515 284440 2905928677 14941037 15781912 9234961516 9234961516 0 282524030 1699173257 42.744265 208 2463 3294041 3736961 1265 816 72 128000 200000 12 16000 21529 12 16000 25000 8 16000 25000 3317
1791402089362955 8 0 7 1 2 18 10 0 2 0 0 10 82 1 1 0 749 667 666 0 666 0 0 0 35184108 9048329 0 8950080 237698 284477 2908993402 14941245 15789287 9252116808 9252116808 0 283172140 1699173257 42.740396 210 2486 3325715 3772534 1349 869 72 128000 200000 12 16000 21375 12 16000 25000 8 16000 25000 3321
1791402094388282 8 0 6 2 2 18 10 0 2 0 0 10 81 2 2 0 749 668 666 0 666 0 0 0 35203772 9048332 0 8950080 237786 284500 2913998473 14941660 15797662 9252116808 9252116808 0 283820250 1699173257 42.735369 211 2498 3341552 3790217 1318 914 72 128000 200000 24 32000 39580 12 16000 25000 8 16000 25000 3322
1791402097831168 8 0 7 1 2 18 10 0 2 0 0 10 81 1 1 0 749 668 667 0 667 0 0 0 35207785 9048743 0 8950368 237883 284526 2917436668 14941769 15801405 9263656769 9263656769 0 283820250 1699173257 42.731097 211 2498 3341552 3790217 1318 974 72 128000 200000 12 16000 21534 12 16000 25000 8 16000 25000 3325
1791402102866422 8 0 6 2 2 18 10 0 2 0 0 10 80 2 2 0 749 669 667 0 667 0 0 0 35238099 9048749 0 8950368 237975 284551 2922441202 14941992 15809694 9263656769 9263656769 0 284468360 1699173257 42.715798 209 2474 3309878 3753933 1002 976 72 128000 200000 24 32000 39581 12 16000 25000 8 16000 25000 3326
1791402106471236 8 0 7 1 2 18 10 0 2 0 0 10 80 1 1 0 749 669 668 0 668 0 0 0 35243037 9049053 0 8950567 238072 284586 2926040491 14942104 15814409 9280751265 9280751265 0 284468360 1699173257 42.710743 209 2474 3309878 3753933 1002 982 72 128000 200000 12 16000 21380 12 16000 25000 8 16000 25000 3329
1791402108700642 8 0 7 1 2 18 10 0 2 0 0 10 79 1 1 0 749 670 669 0 669 0 0 0 35257999 9049485 0 8950893 238240 284607 2928254086 14942303 15819076 9291597661 9291597661 0 285116470 1699173257 42.709853 210 2486 3325715 3771614 1296 1013 72 128000 200000 12 16000 21539 12 16000 25000 8 16000 25000 3333
1791402113724319 8 0 6 2 2 18 10 0 2 0 0 10 78 2 2 0 749 671 669 0 669 0 0 0 35276162 9049493 0 8950893 238325 284629 2933259165 14942567 15827063 9291597661 9291597661 0 285764580 1699173257 42.706289 209 2474 3309878 3753296 478 962 72 128000 200000 24 32000 39583 12 16000 25000 8 16000 25000 3334
1791402119345907 8 0 6 2 2 18 10 0 2 0 0 10 78 3 2 1 749 671 669 0 669 0 0 0 35282445 9049504 0 8950893 238329 284648 2938874094 14942771 15832949 9302231981 9291597661 0 285764580 1699173257 42.700226 209 2474 3309878 3753296 478 894 72 128000 200000 24 32000 39588 12 16000 25000 8 16000 25000 3338
1791402119346246 8 0 7 1 2 18 10 0 2 0 0 10 78 1 1 0 749 671 670 0 670 0 0 0 35282445 9049802 0 8951095 238448 284661 2938874094 14942771 15832949 9302231981 9302231981 0 285764580 1699173257 42.699939 209 2474 3309878 3753296 478 855 72 128000 200000 12 16000 21544 12 16000 25000 8 16000 25000 3338
1791402119723894 8 0 7 1 2 18 10 0 2 0 0 10 77 1 1 0 749 672 671 0 671 0 0 0 35659464 9050097 0 8951295 238572 284672 2938874102 14942935 15834160 9315258907 9315258907 0 286412690 1699173257 42.353409 218 2581 3452409 3913927 979 868 72 128000 200000 12 16000 21385 12 16000 25000 8 16000 25000 3342
1791402124880197 8 0 6 2 2 18 10 0 2 0 0 10 76 2 2 0 749 673 671 0 671 0 0 0 35811080 9050105 0 8951295 238665 284696 2943878356 14943172 15842277 9315258907 9315258907 0 287060800 1699173257 42.224039 204 2415 3230694 3662883 58 828 72 128000 200000 24 32000 39584 12 16000 25000 8 16000 25000 3342
1791402129966177 8 0 6 2 2 18 10 0 2 0 0 10 76 3 2 1 749 673 671 0 671 0 0 0 35816846 9050108 0 8951295 238668 284713 2948958232 14943368 15847821 9325501958 9315258907 0 287060800 1699173257 42.218609 204 2415 3230694 3662883 58 720 72 128000 200000 24 32000 39589 12 16000 25000 8 16000 25000 3347
1791402129966582 8 0 7 1 2 18 10 0 2 0 0 10 76 1 1 0 749 673 672 0 672 0 0 0 35816846 9050472 0 8951566 238778 284725 2948958232 14943368 15847821 9325501958 9325501958 0 287060800 1699173257 42.218267 204 2415 3230694 3662883 58 656 72 128000 200000 12 16000 21549 12 16000 25000 8 16000 25000 3346
1791402134889982 8 0 6 2 2 18 10 0 2 0 0 10 75 2 2 0 749 674 672 0 672 0 0 0 35835219 9050477 0 8951566 238926 284744 2953862906 14943512 15855457 9325501958 9325501958 0 287708910 1699173257 42.214751 183 2167 2898123 3284984 28 625 72 128000 200000 24 32000 39590 12 16000 25000 8 16000 25000 3351
1791402134890986 8 0 7 1 2 18 10 0 2 0 0 10 75 1 1 0 749 674 673 0 673 0 0 0 35835219 9050794 0 8951779 238951 284757 2953863436 14943597 15855457 9340522811 9340522811 0 287708910 1699173257 42.214453 183 2167 2898123 3284984 28 568 72 128000 200000 12 16000 21391 12 16000 25000 8 16000 25000 3350
1791402139917459 8 0 6 2 2 18 10 0 2 0 0 10 74 2 2 0 749 675 673 0 673 0 0 0 35855702 9050803 0 8951779 239583 284782 2958868546 14943753 15865094 9340522811 9340522811 0 288357020 1699173257 42.208953 177 2096 2803103 3177548 103 523 72 128000 200000 24 32000 39571 12 16000 25000 8 16000 25000 3351
1791402140122930 8 0 7 1 2 18 10 0 2 0 0 10 74 1 1 0 749 675 674 0 674 0 0 0 35856849 9051110 0 8951986 239653 284797 2959072306 14943893 15866188 9350665877 9350665877 0 288357020 1699173257 42.207587 177 2096 2803103 3177548 103 464 72 128000 200000 12 16000 21546 12 16000 25000 8 16000 25000 3354
1791402145146588 8 0 6 2 2 18 10 0 2 0 0 10 73 2 2 0 749 676 674 0 674 0 0 0 35875134 9051114 0 8951986 239741 284822 2964077375 14944023 15873582 9350665877 9350665877 0 289005130 1699173257 42.204162 176 2084 2787266 3158790 781 480 72 128000 200000 24 32000 39580 12 16000 25000 8 16000 25000 3355
1791402150070436 8 0 7 1 2 18 10 0 2 0 0 10 73 1 1 0 749 676 675 0 675 0 0 0 35879805 9051436 0 8952184 239849 284836 2968995965 14944131 15877971 9365833486 9365833486 0 289005130 1699173257 42.199472 176 2084 2787266 3158790 781 525 72 128000 200000 12 16000 21397 12 16000 25000 8 16000 25000 3358
1791402150605827 8 0 7 1 2 18 10 0 2 0 0 10 72 1 1 0 749 677 676 0 676 0 0 0 35894544 9051737 0 8952387 239993 284869 2969515891 14944351 15881220 9376303499 9376303499 0 289653240 1699173257 42.199103 177 2096 2803103 3177006 1319 603 72 128000 200000 12 16000 21558 12 16000 25000 8 16000 25000 3363
1791402155730929 8 0 6 2 2 18 10 0 2 0 0 10 71 2 2 0 749 678 676 0 676 0 0 0 36014104 9051745 0 8952387 240080 284891 2974520998 14944606 15888619 9376303499 9376303499 0 290301350 1699173257 42.100856 177 2096 2803103 3176703 831 626 72 128000 200000 24 32000 39589 12 16000 25000 8 16000 25000 3363
1791402160958780 8 0 6 2 2 18 10 0 2 0 0 10 71 3 2 1 749 678 676 0 676 0 0 0 36019621 9051750 0 8952387 240138 284906 2979742928 14944774 15893880 9386543626 9376303499 0 290301350 1699173257 42.095698 177 2096 2803103 3176703 831 647 72 128000 200000 24 32000 39594 12 16000 25000 8 16000 25000 3367
1791402160959304 8 0 7 1 2 18 10 0 2 0 0 10 71 1 1 0 749 678 677 0 677 0 0 0 36019621 9052231 0 8952767 240277 284918 2979742928 14944774 15893880 9386543626 9386543626 0 290301350 1699173257 42.095249 177 2096 2803103 3176703 831 666 72 128000 200000 12 16000 21562 12 16000 25000 8 16000 25000 3367
1791402163909045 8 0 7 1 2 18 10 0 2 0 0 10 70 1 1 0 749 679 678 0 678 0 0 0 36034575 9052549 0 8952974 240443 284943 2982676948 14945008 15898112 9400369490 9400369490 0 290949460 1699173257 42.094699 171 2025 2708082 3068225 91 585 72 128000 200000 12 16000 21403 12 16000 25000 8 16000 25000 3371
1791402168931516 8 0 6 2 2 18 10 0 2 0 0 10 69 2 2 0 749 680 678 0 678 0 0 0 36052617 9052560 0 8952974 240534 284968 2987680927 14945249 15905749 9400369490 9400369490 0 291597570 1699173257 42.091554 172 2036 2723919 3086439 1123 612 72 128000 200000 24 32000 39591 12 16000 25000 8 16000 25000 3372
1791402171496232 8 0 7 1 2 18 10 0 2 0 0 10 69 1 1 0 749 680 679 0 679 0 0 0 36055034 9052960 0 8953251 240643 284995 2990242522 14945367 15907959 9410894298 9410894298 0 291597570 1699173257 42.088926 172 2036 2723919 3086439 1123 686 72 128000 200000 12 16000 21567 12 16000 25000 8 16000 25000 3375
1791402176519652 8 0 6 2 2 18 10 0 2 0 0 10 68 2 2 0 749 681 679 0 679 0 0 0 36072921 9052969 0 8953251 240737 285023 2995247621 14945602 15915219 9410894298 9410894298 0 292245680 1699173257 42.085931 172 2036 2723919 3085644 900 697 72 128000 200000 24 32000 39592 12 16000 25000 8 16000 25000 3376
1791402179819714 8 0 7 1 2 18 10 0 2 0 0 10 68 1 1 0 749 681 680 0 680 0 0 0 36076309 9053291 0 8953451 240832 285070 2998543683 14945712 15918351 9426793584 9426793584 0 292245680 1699173257 42.082471 172 2036 2723919 3085644 900 728 72 128000 200000 12 16000 21408 12 16000 25000 8 16000 25000 3379
1791402182529257 8 0 7 1 2 18 10 0 2 0 0 10 67 1 1 0 749 682 681 0 681 0 0 0 36150456 9053615 0 8953654 241010 285095 3001178301 14945935 15922427 9437815105 9437815105 0 292893790 1699173257 42.026816 173 2048 2739756 3103856 1454 800 72 128000 200000 12 16000 21574 12 16000 25000 8 16000 25000 3383
1791402187551375 8 0 6 2 2 18 10 0 2 0 0 10 66 2 2 0 749 683 681 0 681 0 0 0 36167479 9053623 0 8953654 241093 285119 3006182990 14946167 15929301 9437815105 9437815105 0 293541900 1699173257 42.024656 173 2048 2739756 3103560 996 820 72 128000 200000 24 32000 39595 12 16000 25000 8 16000 25000 3384
1791402192347103 8 0 7 1 2 18 10 0 2 0 0 10 66 1 1 0 749 683 682 0 682 0 0 0 36173369 9054113 0 8954014 241215 285159 3010971875 14946322 15934747 9447620167 9447620167 0 293541900 1699173257 42.018728 173 2048 2739756 3103560 996 846 72 128000 200000 12 16000 21578 12 16000 25000 8 16000 25000 3388
1791402193653519 8 0 7 1 2 18 10 0 2 0 0 10 65 1 1 0 749 684 683 0 683 0 0 0 36198972 9054846 0 8954622 241477 285193 3012251463 14946483 15940069 9461382292 9461382292 0 294190010 1699173257 42.007933 172 2036 2723919 3085322 794 842 72 128000 200000 12 16000 21413 12 16000 25000 8 16000 25000 3392
1791402198683469 8 0 6 2 2 18 10 0 2 0 0 10 64 2 2 0 749 685 683 0 683 0 0 0 36222328 9054861 0 8954622 241609 285228 3017257529 14946753 15950236 9461382292 9461382292 0 294838120 1699173257 41.999901 170 2013 2692245 3049738 194 780 72 128000 200000 24 32000 39597 12 16000 25000 8 16000 25000 3392
1791402202321183 8 0 7 1 2 18 10 0 2 0 0 10 64 1 1 0 749 685 684 0 684 0 0 0 36226688 9055320 0 8954945 241717 285260 3020890133 14946859 15954208 9471328132 9471328132 0 294838120 1699173257 41.995431 170 2013 2692245 3049738 194 698 72 128000 200000 12 16000 21583 12 16000 25000 8 16000 25000 3396
1791402207343377 8 0 6 2 2 18 10 0 2 0 0 10 63 2 2 0 749 686 684 0 684 0 0 0 36244056 9055332 0 8954945 241805 285287 3025894575 14947036 15960947 9471328132 9471328132 0 295486230 1699173257 41.992963 166 1965 2628898 2977189 357 681 72 128000 200000 24 32000 39599 12 16000 25000 8 16000 25000 3396
1791402210633894 8 0 7 1 2 18 10 0 2 0 0 10 63 1 1 0 749 686 685 0 685 0 0 0 36248278 9055640 0 8955133 241899 285315 3029180281 14947149 15964835 9488289162 9488289162 0 295486230 1699173257 41.988764 166 1965 2628898 2977189 357 636 72 128000 200000 12 16000 21419 12 16000 25000 8 16000 25000 3400
1791402215656224 8 0 6 2 2 18 10 0 2 0 0 10 62 2 2 0 749 687 685 0 685 0 0 0 36266062 9055652 0 8955133 241985 285344 3034184443 14947341 15971409 9488289162 9488289162 0 296134340 1699173257 41.985914 167 1977 2644735 2995410 899 650 72 128000 200000 24 32000 39600 12 16000 25000 8 16000 25000 3401
1791402224242905 8 0 6 2 2 18 10 0 2 0 0 10 62 3 2 1 749 687 685 0 685 0 0 0 36274559 9055673 0 8955133 241994 285382 3042762194 14947546 15979144 9501886259 9488289162 0 296134340 1699173257 41.978025 167 1977 2644735 2995410 899 687 72 128000 200000 24 32000 39605 12 16000 25000 8 16000 25000 3405
1791402224243263 8 0 7 1 2 18 10 0 2 0 0 10 62 1 1 0 749 687 686 0 686 0 0 0 36274559 9055988 0 8955337 242130 285395 3042762194 14947546 15979144 9501886259 9501886259 0 296134340 1699173257 41.977733 167 1977 2644735 2995410 899 709 72 128000 200000 12 16000 21423 12 16000 25000 8 16000 25000 3404
1791402229266312 8 0 6 2 2 18 10 0 2 0 0 10 61 2 2 0 749 688 686 0 686 0 0 0 36293755 9056003 0 8955337 242247 285432 3047765609 14947732 15986130 9501886259 9501886259 0 296782450 1699173257 41.973580 167 1977 2644735 2995178 1143 731 72 128000 200000 24 32000 39601 12 16000 25000 8 16000 25000 3405
1791402233468190 8 0 7 1 2 18 10 0 2 0 0 10 61 1 1 0 749 688 687 0 687 0 0 0 36298674 9057607 0 8956780 242374 285473 3051960621 14947857 15990570 9533020399 9533020399 0 296782450 1699173257 41.967543 167 1977 2644735 2995178 1143 791 72 128000 200000 12 16000 21589 12 16000 25000 8 16000 25000 3408
1791402238523025 8 0 6 2 2 18 10 0 2 0 0 10 60 2 2 0 749 689 687 0 687 0 0 0 36336822 9057623 0 8956780 242549 285517 3056976756 14948095 16000537 9533020399 9533020399 0 297430560 1699173257 41.945876 197 2332 3119837 3532908 2497 877 72 128000 200000 24 32000 39602 12 16000 25000 8 16000 25000 3409
1791402241374970 8 0 7 1 2 18 10 0 2 0 0 10 60 1 1 0 749 689 688 0 688 0 0 0 36338842 9057926 0 8956971 242634 285538 3059826120 14948213 16002396 9550139201 9550139201 0 297430560 1699173257 41.943730 197 2332 3119837 3532908 2497 1109 72 128000 200000 12 16000 21429 12 16000 25000 8 16000 25000 3412
1791402244364796 8 0 7 1 2 18 10 0 2 0 0 10 59 1 1 0 749 690 689 0 689 0 0 0 36353166 9058374 0 8957296 242819 285563 3062800696 14948449 16005903 9560992466 9560992466 0 298078670 1699173257 41.943697 197 2332 3119837 3532634 1366 1135 72 128000 200000 12 16000 21593 12 16000 25000 8 16000 25000 3417
1791402249386979 8 0 6 2 2 18 10 0 2 0 0 10 58 2 2 0 749 691 689 0 689 0 0 0 36369758 9058386 0 8957296 242904 285592 3067805819 14948723 16012141 9560992466 9560992466 0 298726780 1699173257 41.941972 195 2309 3088164 3496447 253 1050 72 128000 200000 24 32000 39603 12 16000 25000 8 16000 25000 3417
1791402254728411 8 0 6 2 2 18 10 0 2 0 0 10 58 3 2 1 749 691 689 0 689 0 0 0 36375422 9058396 0 8957296 242966 285614 3073141207 14948943 16017386 9571344233 9560992466 0 298726780 1699173257 41.936734 195 2309 3088164 3496447 253 938 72 128000 200000 24 32000 39608 12 16000 25000 8 16000 25000 3421
1791402254728875 8 0 7 1 2 18 10 0 2 0 0 10 58 1 1 0 749 691 690 0 690 0 0 0 36375422 9058819 0 8957619 243022 285626 3073141207 14948943 16017386 9571344233 9571344233 0 298726780 1699173257 41.936344 195 2309 3088164 3496447 253 872 72 128000 200000 12 16000 21597 12 16000 25000 8 16000 25000 3421
1791402259752906 8 0 6 2 2 18 10 0 2 0 0 10 57 2 2 0 749 692 690 0 690 0 0 0 36393377 9058827 0 8957619 243669 285649 3078146396 14949109 16024889 9571344233 9571344233 0 299374890 1699173257 41.933369 194 2297 3072327 3478196 873 873 72 128000 200000 24 32000 39590 12 16000 25000 8 16000 25000 3421
1791402260444338 8 0 7 1 2 18 10 0 2 0 0 10 57 1 1 0 749 692 691 0 691 0 0 0 36394221 9059112 0 8957810 243728 285663 3078836479 14949216 16025703 9590400793 9590400793 0 299374890 1699173257 41.932327 194 2297 3072327 3478196 873 873 72 128000 200000 12 16000 21428 12 16000 25000 8 16000 25000 3425
1791402265466463 8 0 6 2 2 18 10 0 2 0 0 10 56 2 2 0 749 693 691 0 691 0 0 0 36410939 9059119 0 8957810 243810 285684 3083841565 14949369 16031497 9590400793 9590400793 0 300023000 1699173257 41.930497 194 2297 3072327 3477923 1536 907 72 128000 200000 24 32000 39598 12 16000 25000 8 16000 25000 3426
1791402265656925 8 0 7 1 2 18 10 0 2 0 0 10 56 1 1 0 749 693 692 0 692 0 0 0 36411785 9059423 0 8958019 243871 285703 3084030655 14949481 16032319 9601316567 9601316567 0 300023000 1699173257 41.929436 194 2297 3072327 3477923 1536 998 72 128000 200000 12 16000 21603 12 16000 25000 8 16000 25000 3429
1791402270679866 8 0 6 2 2 18 10 0 2 0 0 10 55 2 2 0 749 694 692 0 692 0 0 0 36429533 9059427 0 8958019 243954 285720 3089035518 14949643 16037922 9601316567 9601316567 0 300671110 1699173257 41.926661 193 2285 3056490 3459076 914 994 72 128000 200000 24 32000 39605 12 16000 25000 8 16000 25000 3430
1791402278333920 8 0 6 2 2 18 10 0 2 0 0 10 55 3 2 1 749 694 692 0 692 0 0 0 36435861 9059439 0 8958019 243959 285749 3096682868 14949845 16043746 9613980637 9601316567 0 300671110 1699173257 41.920818 193 2285 3056490 3459076 914 984 72 128000 200000 24 32000 39610 12 16000 25000 8 16000 25000 3434
1791402278334313 8 0 7 1 2 18 10 0 2 0 0 10 55 1 1 0 749 694 693 0 693 0 0 0 36435861 9059790 0 8958272 244076 285762 3096682868 14949845 16043746 9613980637 9613980637 0 300671110 1699173257 41.920495 193 2285 3056490 3459076 914 978 72 128000 200000 12 16000 21607 12 16000 25000 8 16000 25000 3433
1791402283355233 8 0 6 2 2 18 10 0 2 0 0 10 54 2 2 0 749 695 693 0 693 0 0 0 36451321 9059796 0 8958272 244164 285784 3101687957 14950039 16049385 9613980637 9613980637 0 301319220 1699173257 41.919830 190 2249 3008980 3404980 974 978 72 128000 200000 24 32000 39606 12 16000 25000 8 16000 25000 3434
1791402289354131 8 0 6 2 2 18 10 0 2 0 0 10 54 3 2 1 749 695 693 0 693 0 0 0 36455994 9059809 0 8958272 244170 285811 3107681779 14950241 16053574 9624989820 9613980637 0 301319220 1699173257 41.915514 190 2249 3008980 3404980 974 978 72 128000 200000 24 32000 39611 12 16000 25000 8 16000 25000 3438
1791402289354513 8 0 7 1 2 18 10 0 2 0 0 10 54 1 1 0 749 695 694 0 694 0 0 0 36455994 9060141 0 8958503 244314 285824 3107681779 14950241 16053574 9624989820 9624989820 0 301319220 1699173257 41.915209 190 2249 3008980 3404980 974 978 72 128000 200000 12 16000 21611 12 16000 25000 8 16000 25000 3437
1791402292431300 8 0 7 1 2 18 10 0 2 0 0 10 53 1 1 0 749 696 695 0 695 0 0 0 36472641 9060428 0 8958682 244489 285851 3110741210 14950432 16057655 9656964903 9656964903 0 301967330 1699173257 41.913195 189 2238 2993143 3386148 1033 984 72 128000 200000 12 16000 21441 12 16000 25000 8 16000 25000 3442
1791402297453041 8 0 6 2 2 18 10 0 2 0 0 10 52 2 2 0 749 697 695 0 695 0 0 0 36488871 9060435 0 8958682 244577 285873 3115746286 14950689 16063061 9656964903 9656964903 0 302615440 1699173257 41.911823 192 2273 3040654 3440234 2766 1074 72 128000 200000 24 32000 39609 12 16000 25000 8 16000 25000 3442
1791402302887791 8 0 6 2 2 18 10 0 2 0 0 10 52 3 2 1 749 697 695 0 695 0 0 0 36493316 9060447 0 8958682 244583 285895 3121176217 14950896 16067065 9670484898 9656964903 0 302615440 1699173257 41.907723 192 2273 3040654 3440234 2766 1317 72 128000 200000 24 32000 39614 12 16000 25000 8 16000 25000 3446
1791402302888269 8 0 7 1 2 18 10 0 2 0 0 10 52 1 1 0 749 697 696 0 696 0 0 0 36493316 9060884 0 8959022 244702 285908 3121176217 14950896 16067065 9670484898 9670484898 0 302615440 1699173257 41.907321 192 2273 3040654 3440234 2766 1459 72 128000 200000 12 16000 21617 12 16000 25000 8 16000 25000 3446
1791402307938549 8 0 6 2 2 18 10 0 2 0 0 10 51 2 2 0 749 698 696 0 696 0 0 0 36538132 9060893 0 8959022 244792 285929 3126181316 14951071 16072532 9670484898 9670484898 0 303263550 1699173257 41.879680 192 2273 3040654 3439308 1009 1437 72 128000 200000 24 32000 39611 12 16000 25000 8 16000 25000 3446
1791402308320194 8 0 7 1 2 18 10 0 2 0 0 10 51 1 1 0 749 698 697 0 697 0 0 0 36538132 9061212 0 8959227 244852 285941 3126562420 14951190 16072532 9686362011 9686362011 0 303263550 1699173257 41.879387 192 2273 3040654 3439308 1009 1377 72 128000 200000 12 16000 21447 12 16000 25000 8 16000 25000 3450
1791402313753748 8 0 6 2 2 18 10 0 2 0 0 10 50 3 2 1 749 699 697 0 697 0 0 0 36585814 9061222 0 8959227 244970 285961 3131947861 14951336 16077824 9697187427 9686362011 0 303911660 1699173257 41.849172 195 2309 3088164 3493394 1400 1379 72 128000 200000 24 32000 39617 12 16000 25000 8 16000 25000 3455
1791402313754187 8 0 7 1 2 18 10 0 2 0 0 10 50 1 1 0 749 699 698 0 698 0 0 0 36585814 9061631 0 8959519 245107 285961 3131947861 14951336 16077824 9697187427 9697187427 0 303911660 1699173257 41.848797 195 2309 3088164 3493394 1400 1382 72 128000 200000 12 16000 21622 12 16000 25000 8 16000 25000 3454
1791402318775606 8 0 6 2 2 18 10 0 2 0 0 10 49 2 2 0 749 700 698 0 698 0 0 0 36601694 9061640 0 8959519 245198 285994 3136952956 14951583 16083034 9697187427 9697187427 0 304559770 1699173257 41.847771 194 2297 3072327 3474543 270 1275 72 128000 200000 24 32000 39613 12 16000 25000 8 16000 25000 3455
1791402322409495 8 0 7 1 2 18 10 0 2 0 0 10 49 1 1 0 749 700 699 0 699 0 0 0 36604217 9061950 0 8959712 245358 286018 3140583664 14951705 16085316 9711233454 9711233454 0 304559770 1699173257 41.845174 194 2297 3072327 3474543 270 1133 72 128000 200000 12 16000 21452 12 16000 25000 8 16000 25000 3458
1791402324515971 8 0 7 1 2 18 10 0 2 0 0 10 48 1 1 0 749 701 700 0 700 0 0 0 36617288 9062386 0 8960040 245522 286040 3142676178 14951943 16088205 9721983365 9721983365 0 305207880 1699173257 41.846332 193 2285 3056490 3456976 328 1055 72 128000 200000 12 16000 21627 12 16000 25000 8 16000 25000 3462
1791402329536796 8 0 6 2 2 18 10 0 2 0 0 10 47 2 2 0 749 702 700 0 700 0 0 0 36632565 9062394 0 8960040 245650 286059 3147681251 14952201 16093108 9721983365 9721983365 0 305855990 1699173257 41.845861 192 2273 3040654 3438139 940 1045 72 128000 200000 24 32000 39615 12 16000 25000 8 16000 25000 3463
1791402334675102 8 0 6 2 2 18 10 0 2 0 0 10 47 3 2 1 749 702 700 0 700 0 0 0 36636353 9062401 0 8960040 245653 286075 3152815402 14952406 16096621 9732131259 9721983365 0 305855990 1699173257 41.842386 192 2273 3040654 3438139 940 1031 72 128000 200000 24 32000 39620 12 16000 25000 8 16000 25000 3467
1791402334675519 8 0 7 1 2 18 10 0 2 0 0 10 47 1 1 0 749 702 701 0 701 0 0 0 36636353 9062777 0 8960317 245776 286088 3152815402 14952406 16096621 9732131259 9732131259 0 305855990 1699173257 41.842042 192 2273 3040654 3438139 940 1023 72 128000 200000 12 16000 21631 12 16000 25000 8 16000 25000 3466
1791402335143118 8 0 7 1 2 18 10 0 2 0 0 10 46 1 1 0 749 703 702 0 702 0 0 0 36654135 9063082 0 8960518 245908 286108 3153264548 14952596 16098646 9744852744 9744852744 0 306504100 1699173257 41.839007 191 2261 3024817 3419893 903 1012 72 128000 200000 12 16000 21458 12 16000 25000 8 16000 25000 3471
1791402340163414 8 0 6 2 2 18 10 0 2 0 0 10 45 2 2 0 749 704 702 0 702 0 0 0 36669100 9063090 0 8960518 245997 286131 3158269495 14952797 16103335 9744852744 9744852744 0 307152210 1699173257 41.838824 191 2261 3024817 3419650 1086 1016 72 128000 200000 24 32000 39617 12 16000 25000 8 16000 25000 3471
1791402345271276 8 0 6 2 2 18 10 0 2 0 0 10 45 3 2 1 749 704 702 0 702 0 0 0 36672856 9063098 0 8960518 246000 286153 3163373241 14953006 16106770 9755431764 9744852744 0 307152210 1699173257 41.835381 191 2261 3024817 3419650 1086 1028 72 128000 200000 24 32000 39622 12 16000 25000 8 16000 25000 3475
1791402345271681 8 0 7 1 2 18 10 0 2 0 0 10 45 1 1 0 749 704 703 0 703 0 0 0 36672856 9063463 0 8960782 246110 286165 3163373241 14953006 16106770 9755431764 9755431764 0 307152210 1699173257 41.835047 191 2261 3024817 3419650 1086 1034 72 128000 200000 12 16000 21637 12 16000 25000 8 16000 25000 3475
1791402349105497 8 0 7 1 2 18 10 0 2 0 0 10 44 1 1 0 749 705 704 0 704 0 0 0 36736752 9063773 0 8960974 246307 286207 3167142417 14953165 16110146 9769382728 9769382728 0 307800320 1699173257 41.789896 321 3852 5136000 5805814 630 995 72 128000 200000 12 16000 21464 12 16000 25000 8 16000 25000 3479
1791402354124907 8 0 6 2 2 18 10 0 2 0 0 10 43 2 2 0 749 706 704 0 704 0 0 0 36751756 9063789 0 8960974 246393 286235 3172146407 14953383 16114804 9769382728 9769382728 0 308448430 1699173257 41.789686 323 3876 5168000 5842561 1265 1009 72 128000 200000 24 32000 39618 12 16000 25000 8 16000 25000 3480
1791402355710716 8 0 7 1 2 18 10 0 2 0 0 10 43 1 1 0 749 706 705 0 705 0 0 0 36752524 9064143 0 8961214 246481 286253 3173730846 14953494 16115482 9779760133 9779760133 0 308448430 1699173257 41.788663 323 3876 5168000 5842561 1265 1047 72 128000 200000 12 16000 21642 12 16000 25000 8 16000 25000 3483
1791402360740482 8 0 6 2 2 18 10 0 2 0 0 10 42 2 2 0 749 707 705 0 705 0 0 0 36777828 9064161 0 8961214 246573 286284 3178734922 14953673 16120061 9779760133 9779760133 0 309096540 1699173257 41.779063 319 3828 5104000 5769636 170 1004 72 128000 200000 24 32000 39619 12 16000 25000 8 16000 25000 3484
1791402363425188 8 0 7 1 2 18 10 0 2 0 0 10 42 1 1 0 749 707 706 0 706 0 0 0 36779301 9064467 0 8961392 246667 286314 3181417578 14953787 16121366 9794068751 9794068751 0 309096540 1699173257 41.777441 319 3828 5104000 5769636 170 887 72 128000 200000 12 16000 21469 12 16000 25000 8 16000 25000 3487
1791402366322581 8 0 7 1 2 18 10 0 2 0 0 10 41 1 1 0 749 708 707 0 707 0 0 0 36793425 9066488 0 8963273 246865 286345 3184298375 14953969 16123937 9804657322 9804657322 0 309744650 1699173257 41.776211 319 3828 5104000 5769207 1343 932 72 128000 200000 12 16000 21647 12 16000 25000 8 16000 25000 3491
1791402371402904 8 0 6 2 2 18 10 0 2 0 0 10 40 2 2 0 749 709 707 0 707 0 0 0 36868288 9066500 0 8963273 246992 286376 3189303299 14954209 16129176 9804657322 9804657322 0 310392760 1699173257 41.721571 319 3828 5104000 5768635 463 887 72 128000 200000 24 32000 39622 12 16000 25000 8 16000 25000 3492
1791402376848770 8 0 6 2 2 18 10 0 2 0 0 10 40 3 2 1 749 709 707 0 707 0 0 0 36871846 9066511 0 8963273 246998 286397 3194745227 14954411 16132310 9818068683 9804657322 0 310392760 1699173257 41.718329 319 3828 5104000 5768635 463 827 72 128000 200000 24 32000 39627 12 16000 25000 8 16000 25000 3496
1791402376849101 8 0 7 1 2 18 10 0 2 0 0 10 40 1 1 0 749 709 708 0 708 0 0 0 36871846 9066800 0 8963457 247126 286410 3194745227 14954411 16132310 9818068683 9818068683 0 310392760 1699173257 41.718067 319 3828 5104000 5768635 463 792 72 128000 200000 12 16000 21475 12 16000 25000 8 16000 25000 3496
1791402377167206 8 0 7 1 2 18 10 0 2 0 0 10 39 1 1 0 749 710 709 0 709 0 0 0 36883859 9067275 0 8963837 247281 286431 3195050496 14954559 16134087 9828839651 9828839651 0 311040870 1699173257 41.720180 319 3828 5104000 5768206 1101 823 72 128000 200000 12 16000 21652 12 16000 25000 8 16000 25000 3500
1791402382248959 8 0 6 2 2 18 10 0 2 0 0 10 38 2 2 0 749 711 709 0 709 0 0 0 36959501 9067283 0 8963837 247918 286456 3200055654 14954788 16139595 9828839651 9828839651 0 311688980 1699173257 41.665037 318 3816 5088000 5749559 148 790 72 128000 200000 24 32000 39610 12 16000 25000 8 16000 25000 3500
1791402387360913 8 0 6 2 2 18 10 0 2 0 0 10 38 3 2 1 749 711 709 0 709 0 0 0 36962522 9067289 0 8963837 247920 286475 3205164224 14955002 16142393 9838962053 9828839651 0 311688980 1699173257 41.662297 318 3816 5088000 5749559 148 699 72 128000 200000 24 32000 39615 12 16000 25000 8 16000 25000 3504
1791402387361336 8 0 7 1 2 18 10 0 2 0 0 10 38 1 1 0 749 711 710 0 710 0 0 0 36962522 9067671 0 8964122 248035 286487 3205164224 14955002 16142393 9838962053 9838962053 0 311688980 1699173257 41.661952 318 3816 5088000 5749559 148 646 72 128000 200000 12 16000 21649 12 16000 25000 8 16000 25000 3504
1791402390586105 8 0 7 1 2 18 10 0 2 0 0 10 37 1 1 0 749 712 711 0 711 0 0 0 37189488 9068141 0 8964461 248214 286510 3208161139 14955191 16144597 9852687384 9852687384 0 312337090 1699173257 41.470473 308 3696 4928000 5567232 142 598 72 128000 200000 12 16000 21481 12 16000 25000 8 16000 25000 3508
1791402395606197 8 0 6 2 2 18 10 0 2 0 0 10 36 2 2 0 749 713 711 0 711 0 0 0 37204059 9068146 0 8964461 248300 286527 3213166214 14955465 16148365 9852687384 9852687384 0 312985200 1699173257 41.470767 376 4512 6016000 6797052 1212 629 72 128000 200000 24 32000 39627 12 16000 25000 8 16000 25000 3509
1791402398084761 8 0 7 1 2 18 10 0 2 0 0 10 36 1 1 0 749 713 712 0 712 0 0 0 37205188 9068645 0 8964853 248383 286544 3215642903 14955578 16149412 9863184636 9863184636 0 312985200 1699173257 41.469308 376 4512 6016000 6797052 1212 714 72 128000 200000 12 16000 21662 12 16000 25000 8 16000 25000 3512
1791402403133426 8 0 6 2 2 18 10 0 2 0 0 10 35 2 2 0 749 714 712 0 712 0 0 0 37249716 9068656 0 8964853 248485 286571 3220646569 14955838 16153692 9863184636 9863184636 0 313633310 1699173257 41.442776 336 4032 5376000 6073365 47 681 72 128000 200000 24 32000 39628 12 16000 25000 8 16000 25000 3513
1791402404092199 8 0 7 1 2 18 10 0 2 0 0 10 35 1 1 0 749 714 713 0 713 0 0 0 37249716 9068967 0 8965049 248558 286585 3221604789 14955951 16153692 9876678871 9876678871 0 313633310 1699173257 41.442498 336 4032 5376000 6073365 47 592 72 128000 200000 12 16000 21486 12 16000 25000 8 16000 25000 3516
1791402408957988 8 0 7 1 2 18 10 0 2 0 0 10 34 1 1 0 749 715 714 0 714 0 0 0 37263394 9069410 0 8965365 248744 286617 3226456031 14956128 16157188 9887510627 9887510627 0 314281420 1699173257 41.443208 333 3996 5328000 6018695 1187 651 72 128000 200000 12 16000 21668 12 16000 25000 8 16000 25000 3520
1791402413978130 8 0 6 2 2 18 10 0 2 0 0 10 33 2 2 0 749 716 714 0 714 0 0 0 37277994 9069419 0 8965365 248835 286638 3231461120 14956393 16161114 9887510627 9887510627 0 314929530 1699173257 41.443480 325 3900 5200000 5873525 265 614 72 128000 200000 24 32000 39629 12 16000 25000 8 16000 25000 3521
1791402417738023 8 0 7 1 2 18 10 0 2 0 0 10 33 1 1 0 749 716 715 0 715 0 0 0 37280087 9069738 0 8965574 248933 286661 3235218337 14956501 16163057 9901144484 9901144484 0 314929530 1699173257 41.441324 325 3900 5200000 5873525 265 566 72 128000 200000 12 16000 21490 12 16000 25000 8 16000 25000 3525
1791402419022848 8 0 7 1 2 18 10 0 2 0 0 10 32 1 1 0 749 717 716 0 716 0 0 0 37294653 9070179 0 8965908 249106 286688 3236487664 14956759 16165444 9911195627 9911195627 0 315577640 1699173257 41.441241 324 3888 5184000 5855021 1175 626 72 128000 200000 12 16000 21673 12 16000 25000 8 16000 25000 3529
1791402424053385 8 0 6 2 2 18 10 0 2 0 0 10 31 2 2 0 749 718 716 0 716 0 0 0 37319648 9070187 0 8965908 249199 286707 3241492755 14957023 16169083 9911195627 9911195627 0 316225750 1699173257 41.432229 323 3876 5168000 5836372 758 640 72 128000 200000 24 32000 39631 12 16000 25000 8 16000 25000 3529
1791402431444818 8 0 6 2 2 18 10 0 2 0 0 10 31 3 2 1 749 718 716 0 716 0 0 0 37323579 9070194 0 8965908 249265 286734 3248879885 14957224 16172681 9924888755 9911195627 0 316225750 1699173257 41.428712 323 3876 5168000 5836372 758 658 72 128000 200000 24 32000 39636 12 16000 25000 8 16000 25000 3534
1791402431445152 8 0 7 1 2 18 10 0 2 0 0 10 31 1 1 0 749 718 717 0 717 0 0 0 37323579 9070486 0 8966094 249322 286746 3248879885 14957224 16172681 9924888755 9924888755 0 316225750 1699173257 41.428451 323 3876 5168000 5836372 758 668 72 128000 200000 12 16000 21495 12 16000 25000 8 16000 25000 3533
1791402431980179 8 0 7 1 2 18 10 0 2 0 0 10 30 1 1 0 749 719 718 0 718 0 0 0 37336744 9070818 0 8966341 249460 286765 3249401038 14957420 16174389 9937823078 9937823078 0 316873860 1699173257 41.429721 321 3852 5136000 5799806 1009 703 72 128000 200000 12 16000 21678 12 16000 25000 8 16000 25000 3537
1791402436999949 8 0 6 2 2 18 10 0 2 0 0 10 29 2 2 0 749 720 718 0 718 0 0 0 37350946 9070833 0 8966341 249547 286799 3254406192 14957628 16177943 9937823078 9937823078 0 317521970 1699173257 41.430348 322 3864 5152000 5817297 573 697 72 128000 200000 24 32000 39633 12 16000 25000 8 16000 25000 3538
1791402442880904 8 0 6 2 2 18 10 0 2 0 0 10 29 3 2 1 749 720 718 0 718 0 0 0 37353913 9070849 0 8966341 249554 286827 3260283759 14957817 16180441 9948712476 9937823078 0 317521970 1699173257 41.427686 322 3864 5152000 5817297 573 686 72 128000 200000 24 32000 39638 12 16000 25000 8 16000 25000 3542
1791402442881311 8 0 7 1 2 18 10 0 2 0 0 10 29 1 1 0 749 720 719 0 719 0 0 0 37353913 9071209 0 8966591 249708 286841 3260283759 14957817 16180441 9948712476 9948712476 0 317521970 1699173257 41.427364 322 3864 5152000 5817297 573 676 72 128000 200000 12 16000 21682 12 16000 25000 8 16000 25000 3541
1791402445152828 8 0 7 1 2 18 10 0 2 0 0 10 28 1 1 0 749 721 720 0 720 0 0 0 37366044 9071569 0 8966794 249910 286871 3262542276 14958065 16182584 9962407343 9962407343 0 318170080 1699173257 41.429531 322 3864 5152000 5816720 959 718 72 128000 200000 12 16000 21503 12 16000 25000 8 16000 25000 3545
1791402450603891 8 0 6 2 2 18 10 0 2 0 0 10 27 2 2 0 749 722 720 0 720 0 0 0 37812373 9071586 0 8966794 250008 286905 3267546579 14958269 16185676 9962407343 9962407343 0 318818190 1699173257 41.048296 361 4332 5776000 6520749 1105 738 72 128000 200000 24 32000 39635 12 16000 25000 8 16000 25000 3546
1791402458856512 8 0 6 2 2 18 10 0 2 0 0 10 27 3 2 1 749 722 720 0 720 0 0 0 37816832 9071610 0 8966794 250018 286946 3275794262 14958485 16189381 9978371648 9962407343 0 318818190 1699173257 41.044371 361 4332 5776000 6520749 1105 792 72 128000 200000 24 32000 39640 12 16000 25000 8 16000 25000 3550
1791402458856977 8 0 7 1 2 18 10 0 2 0 0 10 27 1 1 0 749 722 721 0 721 0 0 0 37816832 9072006 0 8967080 250204 286960 3275794262 14958485 16189381 9978371648 9978371648 0 318818190 1699173257 41.044024 361 4332 5776000 6520749 1105 823 72 128000 200000 12 16000 21686 12 16000 25000 8 16000 25000 3550
1791402460101442 8 0 7 1 2 18 10 0 2 0 0 10 26 1 1 0 749 723 722 0 722 0 0 0 37829393 9072318 0 8967268 250416 286988 3277025318 14958749 16191438 9992875128 9992875128 0 319466300 1699173257 41.045938 457 5484 7312000 8253987 1461 886 72 128000 200000 12 16000 21508 12 16000 25000 8 16000 25000 3554
1791402465230736 8 0 6 2 2 18 10 0 2 0 0 10 25 2 2 0 749 724 722 0 722 0 0 0 37953664 9072335 0 8967268 250565 287022 3282029838 14958972 16194320 9992875128 9992875128 0 320114410 1699173257 40.950598 378 4536 6048000 6826640 33 844 72 128000 200000 24 32000 39637 12 16000 25000 8 16000 25000 3554
1791402469677190 8 0 7 1 2 18 10 0 2 0 0 10 25 1 1 0 749 724 723 0 723 0 0 0 37955637 9072712 0 8967509 250704 287053 3286473612 14959087 16195950 10003683505 10003683505 0 320114410 1699173257 40.948552 378 4536 6048000 6826640 33 730 72 128000 200000 12 16000 21691 12 16000 25000 8 16000 25000 3558
1791402474696690 8 0 6 2 2 18 10 0 2 0 0 10 24 2 2 0 749 725 723 0 723 0 0 0 37969776 9072726 0 8967509 250795 287088 3291478554 14959286 16198992 10003683505 10003683505 0 320762520 1699173257 40.949371 378 4536 6048000 6825969 950 741 72 128000 200000 24 32000 39638 12 16000 25000 8 16000 25000 3558
1791402478062975 8 0 7 1 2 18 10 0 2 0 0 10 24 1 1 0 749 725 724 0 724 0 0 0 37971261 9073070 0 8967727 250908 287117 3294842715 14959398 16200195 10021522805 10021522805 0 320762520 1699173257 40.947779 378 4536 6048000 6825969 950 772 72 128000 200000 12 16000 21513 12 16000 25000 8 16000 25000 3562
1791402479849961 8 0 7 1 2 18 10 0 2 0 0 10 23 1 1 0 749 726 725 0 725 0 0 0 37984167 9073414 0 8967948 251147 287143 3296615940 14959615 16201679 10031683521 10031683521 0 321410630 1699173257 40.949384 357 4284 5712000 6446273 147 712 72 128000 200000 12 16000 21697 12 16000 25000 8 16000 25000 3566
1791402484867578 8 0 6 2 2 18 10 0 2 0 0 10 22 2 2 0 749 727 725 0 725 0 0 0 37999042 9073442 0 8967948 251243 287172 3301618214 14959857 16204495 10031683521 10031683521 0 322058740 1699173257 40.949550 357 4284 5712000 6445639 872 728 72 128000 200000 24 32000 39641 12 16000 25000 8 16000 25000 3567
1791402490990803 8 0 6 2 2 18 10 0 2 0 0 10 22 3 2 1 749 727 725 0 725 0 0 0 38001723 9073460 0 8967948 251252 287205 3307738320 14960060 16206665 10042811697 10031683521 0 322058740 1699173257 40.947202 357 4284 5712000 6445639 872 750 72 128000 200000 24 32000 39646 12 16000 25000 8 16000 25000 3571
1791402490991220 8 0 7 1 2 18 10 0 2 0 0 10 22 1 1 0 749 727 726 0 726 0 0 0 38001723 9073820 0 8968173 251423 287218 3307738320 14960060 16206665 10042811697 10042811697 0 322058740 1699173257 40.946889 357 4284 5712000 6445639 872 763 72 128000 200000 12 16000 21702 12 16000 25000 8 16000 25000 3570
1791402494774414 8 0 7 1 2 18 10 0 2 0 0 10 21 1 1 0 749 728 727 0 727 0 0 0 38014579 9074158 0 8968380 251600 287254 3311507821 14960307 16208682 10059510474 10059510474 0 322706850 1699173257 40.948542 378 4536 6048000 6824123 881 775 72 128000 200000 12 16000 21518 12 16000 25000 8 16000 25000 3574
1791402499792328 8 0 6 2 2 18 10 0 2 0 0 10 20 2 2 0 749 729 727 0 727 0 0 0 38027774 9074171 0 8968380 251824 287284 3316512019 14960520 16211121 10059510474 10059510474 0 323354960 1699173257 40.950182 380 4560 6080000 6859724 1364 805 72 128000 200000 24 32000 39642 12 16000 25000 8 16000 25000 3575
1791402504908834 8 0 6 2 2 18 10 0 2 0 0 10 20 3 2 1 749 729 727 0 727 0 0 0 38030271 9074185 0 8968380 252310 287311 3321625157 14960725 16213234 10073416521 10059510474 0 323354960 1699173257 40.947999 380 4560 6080000 6859724 1364 886 72 128000 200000 24 32000 39633 12 16000 25000 8 16000 25000 3579
1791402504909214 8 0 7 1 2 18 10 0 2 0 0 10 20 1 1 0 749 729 728 0 728 0 0 0 38030271 9074513 0 8968608 252432 287335 3321625157 14960725 16213234 10073416521 10073416521 0 323354960 1699173257 40.947714 380 4560 6080000 6859724 1364 933 72 128000 200000 12 16000 21700 12 16000 25000 8 16000 25000 3579
1791402508061526 8 0 7 1 2 18 10 0 2 0 0 10 19 1 1 0 749 730 729 0 729 0 0 0 38043318 9074814 0 8968797 252609 287366 3324763745 14960860 16215171 10086691797 10086691797 0 324003070 1699173257 40.949232 382 4584 6112000 6895143 1208 961 72 128000 200000 12 16000 21523 12 16000 25000 8 16000 25000 3583
1791402513079503 8 0 6 2 2 18 10 0 2 0 0 10 18 2 2 0 749 731 729 0 729 0 0 0 38057150 9074823 0 8968797 252703 287394 3329767492 14961059 16217318 10086691797 10086691797 0 324651180 1699173257 40.950320 380 4560 6080000 6858537 1162 972 72 128000 200000 24 32000 39644 12 16000 25000 8 16000 25000 3583
1791402516241140 8 0 7 1 2 18 10 0 2 0 0 10 18 1 1 0 749 731 730 0 730 0 0 0 38058499 9075200 0 8969049 252802 287421 3332927132 14961167 16218424 10098011281 10098011281 0 324651180 1699173257 40.948821 380 4560 6080000 6858537 1162 1000 72 128000 200000 12 16000 21712 12 16000 25000 8 16000 25000 3587
1791402520275438 8 0 7 1 2 18 10 0 2 0 0 10 17 1 1 0 749 732 731 0 731 0 0 0 38070997 9075507 0 8969223 252984 287470 3336948166 14961360 16220433 10110212418 10110212418 0 325299290 1699173257 40.950809 380 4560 6080000 6857857 933 994 72 128000 200000 12 16000 21529 12 16000 25000 8 16000 25000 3591
1791402525294050 8 0 6 2 2 18 10 0 2 0 0 10 16 2 2 0 749 733 731 0 731 0 0 0 38084061 9075519 0 8969223 253079 287492 3341953283 14961592 16222298 10110212418 10110212418 0 325947400 1699173257 40.952561 382 4584 6112000 6894728 985 994 72 128000 200000 24 32000 39647 12 16000 25000 8 16000 25000 3592
1791402526409566 8 0 7 1 2 18 10 0 2 0 0 10 16 1 1 0 749 733 732 0 732 0 0 0 38084630 9075851 0 8969452 253171 287511 3343067636 14961704 16222778 10120369095 10120369095 0 325947400 1699173257 40.951778 382 4584 6112000 6894728 985 994 72 128000 200000 12 16000 21717 12 16000 25000 8 16000 25000 3595
1791402531426787 8 0 6 2 2 18 10 0 2 0 0 10 15 2 2 0 749 734 732 0 732 0 0 0 38096966 9075864 0 8969452 253261 287536 3348072144 14961885 16224547 10120369095 10120369095 0 326595510 1699173257 40.954160 393 4716 6288000 7091246 891 989 72 128000 200000 24 32000 39648 12 16000 25000 8 16000 25000 3596
1791402532372115 8 0 7 1 2 18 10 0 2 0 0 10 15 1 1 0 749 734 733 0 733 0 0 0 38096966 9076165 0 8969633 253342 287548 3349016928 14961996 16224547 10132453710 10132453710 0 326595510 1699173257 40.953899 393 4716 6288000 7091246 891 977 72 128000 200000 12 16000 21535 12 16000 25000 8 16000 25000 3599
1791402536863431 8 0 6 2 2 18 10 0 2 0 0 10 13 2 2 0 749 736 734 0 734 0 0 0 38114345 9076532 0 8969894 253510 287586 3353490104 14962151 16226319 10142893539 10142893539 0 327236746 1699173257 40.951457 398 4776 6368000 7182276 1038 984 72 128000 200000 16 24000 30983 12 16000 25000 8 16000 25000 3936
1791402538332414 8 0 6 2 2 18 10 0 2 0 0 10 12 2 2 0 749 737 735 0 735 0 0 0 38138874 9977992 0 9871192 255009 287727 3354031151 14962380 16239693 10143162329 10143162329 0 327877982 2047706835 47.083994 396 4752 6336000 7144148 762 953 72 128000 200000 24 32000 39982 12 16000 25000 8 16000 25000 3937
1791402545125149 8 0 6 2 2 18 10 0 2 0 0 10 12 3 2 1 749 737 735 0 735 0 0 0 38140389 9978003 0 9871192 255014 287759 3360821821 14962726 16241080 10155901242 10143162329 0 327877982 2047706835 47.082501 226 2676 3579103 4034588 1 861 72 128000 200000 24 32000 39987 12 16000 25000 8 16000 25000 3941
1791402545125479 8 0 7 1 2 18 10 0 2 0 0 10 12 1 1 0 749 737 736 0 736 0 0 0 38140389 9978292 0 9871373 255160 287772 3360821821 14962726 16241080 10155901242 10155901242 0 327877982 2047706835 47.082218 226 2676 3579103 4034588 1 778 72 128000 200000 12 16000 21872 12 16000 25000 8 16000 25000 3940
1791402546902762 8 0 7 1 2 18 10 0 2 0 0 10 11 1 1 0 749 738 737 0 737 0 0 0 38152442 9978601 0 9871574 255349 287798 3362586315 14962912 16241914 10165926487 10165926487 0 328519218 2047706835 47.082831 219 2593 3468245 3910066 903 791 72 128000 200000 12 16000 22058 12 16000 25000 8 16000 25000 3944
1791402551918609 8 0 6 2 2 18 10 0 2 0 0 10 10 2 2 0 749 739 737 0 737 0 0 0 38163182 9978609 0 9871574 255436 287822 3367591008 14963119 16243144 10165926487 10165926487 0 329160454 2047706835 47.085022 217 2569 3436572 3873255 732 789 72 128000 200000 24 32000 39984 12 16000 25000 8 16000 25000 3945
1791402557454366 8 0 6 2 2 18 10 0 2 0 0 10 10 3 2 1 749 739 737 0 737 0 0 0 38164088 9978621 0 9871574 255440 287846 3373125468 14963336 16243965 10176467547 10165926487 0 329160454 2047706835 47.084124 217 2569 3436572 3873255 732 783 72 128000 200000 24 32000 39989 12 16000 25000 8 16000 25000 3949
1791402557454848 8 0 7 1 2 18 10 0 2 0 0 10 10 1 1 0 749 739 738 0 738 0 0 0 38164088 9979061 0 9871909 255567 287859 3373125468 14963336 16243965 10176467547 10176467547 0 329160454 2047706835 47.083694 217 2569 3436572 3873255 732 779 72 128000 200000 12 16000 22063 12 16000 25000 8 16000 25000 3948
1791402560206629 8 0 7 1 2 18 10 0 2 0 0 10 9 1 1 0 749 740 739 0 739 0 0 0 38175397 9979370 0 9872099 255742 287892 3375865229 14963496 16244809 10191534431 10191534431 0 329801690 2047706835 47.085033 219 2593 3468245 3908564 989 800 72 128000 200000 12 16000 21877 12 16000 25000 8 16000 25000 3953
1791402565222746 8 0 6 2 2 18 10 0 2 0 0 10 8 2 2 0 749 741 739 0 739 0 0 0 38186379 9979385 0 9872099 255834 287921 3380869954 14963700 16245851 10191534431 10191534431 0 330442926 2047706835 47.086980 220 2605 3484082 3926869 1085 815 72 128000 200000 24 32000 39985 12 16000 25000 8 16000 25000 3953
1791402569377801 8 0 7 1 2 18 10 0 2 0 0 10 8 1 1 0 749 741 740 0 740 0 0 0 38186970 9979840 0 9872437 255933 287949 3385023683 14963811 16246378 10203445482 10203445482 0 330442926 2047706835 47.085957 220 2605 3484082 3926869 1085 855 72 128000 200000 12 16000 22068 12 16000 25000 8 16000 25000 3957
1791402573621404 8 0 7 1 2 18 10 0 2 0 0 10 7 1 1 0 749 742 741 0 741 0 0 0 38199875 9980152 0 9872633 256114 287982 3389253634 14963999 16247204 10216848864 10216848864 0 331084162 2047706835 47.085733 218 2581 3452409 3890049 1030 873 72 128000 200000 12 16000 21882 12 16000 25000 8 16000 25000 3961
1791402578639239 8 0 6 2 2 18 10 0 2 0 0 10 6 2 2 0 749 743 741 0 741 0 0 0 38212229 9980161 0 9872633 256220 288005 3394258677 14964231 16248059 10216848864 10216848864 0 331725398 2047706835 47.086343 219 2593 3468245 3908349 1217 908 72 128000 200000 24 32000 39988 12 16000 25000 8 16000 25000 3961
1791402588474320 8 0 6 2 2 18 10 0 2 0 0 10 6 3 2 1 749 743 741 0 741 0 0 0 38213420 9980184 0 9872633 256308 288048 3404092083 14964482 16249083 10231688299 10216848864 0 331725398 2047706835 47.085157 219 2593 3468245 3908349 1217 953 72 128000 200000 24 32000 39993 12 16000 25000 8 16000 25000 3966
1791402588474666 8 0 7 1 2 18 10 0 2 0 0 10 6 1 1 0 749 743 742 0 742 0 0 0 38213420 9980478 0 9872826 256379 288060 3404092083 14964482 16249083 10231688299 10231688299 0 331725398 2047706835 47.084870 219 2593 3468245 3908349 1217 980 72 128000 200000 12 16000 21886 12 16000 25000 8 16000 25000 3965
1791402593503544 8 0 6 2 2 18 10 0 2 0 0 10 5 2 2 0 749 744 742 0 742 0 0 0 38236679 9980488 0 9872826 256471 288088 3409097377 14964620 16249678 10231688299 10231688299 0 332366634 2047706835 47.074830 220 2605 3484082 3926657 1105 987 72 128000 200000 24 32000 39989 12 16000 25000 8 16000 25000 3966
1791402603011596 8 0 6 2 2 18 10 0 2 0 0 10 5 3 2 1 749 744 742 0 742 0 0 0 38237701 9980508 0 9872826 256546 288133 3418603928 14964875 16250539 10246199862 10231688299 0 332366634 2047706835 47.073813 220 2605 3484082 3926657 1105 1005 72 128000 200000 24 32000 39994 12 16000 25000 8 16000 25000 3970
1791402603011949 8 0 7 1 2 18 10 0 2 0 0 10 5 1 1 0 749 744 743 0 743 0 0 0 38237701 9980816 0 9873023 256611 288146 3418603928 14964875 16250539 10246199862 10246199862 0 332366634 2047706835 47.073512 220 2605 3484082 3926657 1105 1015 72 128000 200000 12 16000 21890 12 16000 25000 8 16000 25000 3969
1791402605783743 8 0 7 1 2 18 10 0 2 0 0 10 4 1 1 0 749 745 744 0 744 0 0 0 38249143 9981190 0 9873278 256797 288177 3421363510 14965023 16250913 10282592206 10282592206 0 333007870 2047706835 47.074659 220 2605 3484082 3927118 572 972 72 128000 200000 12 16000 22076 12 16000 25000 8 16000 25000 3973
1791402610821385 8 0 6 2 2 18 10 0 2 0 0 10 3 2 2 0 749 746 744 0 744 0 0 0 38280907 9981201 0 9873278 256883 288199 3426368973 14965250 16251254 10282592206 10282592206 0 333649108 2047706835 47.056337 221 2616 3499919 3943832 2748 1146 72 128000 200000 24 32000 39991 12 16000 25000 8 16000 25000 3974
1791402623219755 8 0 6 2 2 18 10 0 2 0 0 10 3 3 2 1 749 746 744 0 744 0 0 0 38281858 9981223 0 9873278 257812 288254 3438765004 14965545 16252025 10299994178 10282592206 0 333649108 2047706835 47.055388 221 2616 3499919 3943832 2748 1446 72 128000 200000 24 32000 39982 12 16000 25000 8 16000 25000 3978
1791402623220243 8 0 7 1 2 18 10 0 2 0 0 10 3 1 1 0 749 746 745 0 745 0 0 0 38281858 9981670 0 9873625 257873 288267 3438765004 14965545 16252025 10299994178 10299994178 0 333649108 2047706835 47.054952 221 2616 3499919 3943832 2748 1574 72 128000 200000 12 16000 22073 12 16000 25000 8 16000 25000 3977
1791402628236206 8 0 6 2 2 18 10 0 2 0 0 10 2 2 2 0 749 747 745 0 745 0 0 0 38292489 9981677 0 9873625 257962 288290 3443769953 14965741 16252229 10299994178 10299994178 0 334290346 2047706835 47.057251 221 2616 3499919 3943467 510 1521 72 128000 200000 24 32000 39986 12 16000 25000 8 16000 25000 3978
1791402628754109 8 0 7 1 2 18 10 0 2 0 0 10 2 1 1 0 749 747 746 0 746 0 0 0 38292489 9981977 0 9873823 258042 288331 3444287290 14965851 16252229 10325724012 10325724012 0 334290346 2047706835 47.056958 221 2616 3499919 3943467 510 1378 72 128000 200000 12 16000 21897 12 16000 25000 8 16000 25000 3982
1791402633769226 8 0 6 2 2 18 10 0 2 0 0 10 1 2 2 0 749 748 746 0 746 0 0 0 38302512 9981993 0 9873823 258144 288358 3449292023 14965991 16252257 10325724012 10325724012 0 334931584 2047706835 47.059840 224 2652 3547429 3996686 2148 1417 72 128000 200000 24 32000 39994 12 16000 25000 8 16000 25000 3982
1791402634714710 8 0 7 1 2 18 10 0 2 0 0 10 1 1 1 0 749 748 747 0 747 0 0 0 38302512 9982442 0 9874157 258233 288385 3450236785 14966104 16252257 10337206444 10337206444 0 334931584 2047706835 47.059402 224 2652 3547429 3996686 2148 1522 72 128000 200000 12 16000 22085 12 16000 25000 8 16000 25000 3986
1791402642807010 8 0 7 1 2 18 10 0 2 0 0 10 1 2 1 1 749 748 747 0 747 0 0 0 38302658 9982463 0 9874157 258249 288428 3458328385 14966427 16252257 10351248303 10337206444 0 334931584 2047706835 47.059239 227 2687 3594939 4049838 986 1471 72 128000 200000 12 16000 22090 12 16000 25000 8 16000 25000 3990
1791402642807371 8 0 8 0 2 18 10 0 2 0 0 10 1 0 0 0 749 748 748 0 748 0 0 0 38302658 9982775 0 9874369 258392 288440 3458328385 14966427 16252257 10351248303 10351248303 0 334931584 2047706835 47.058935 227 2687 3594939 4049838 986 1424 72 128000 200000 0 0 3994 12 16000 25000 8 16000 25000 3989
1791402643024337 8 0 8 0 2 18 10 0 2 0 0 10 0 0 0 0 749 749 749 0 749 0 0 0 38303022 10118592 0 10010059 258575 288466 3458408742 14966611 16252295 10351297574 10351297574 0 334931584 2104343537 48.042059 229 2711 3626613 4085200 1266 1410 72 128000 200000 0 0 4019 12 16000 25000 8 16000 25000 4014
1791402643042977 0 0 0 0 0 18 18 8 2 0 0 10 0 0 0 0 749 749 749 0 749 0 0 0 38303022 10118592 0 10010059 258575 288466 3458408742 14966611 16252295 10351297574 10351297574 0 334931584 2104343537 48.042059 214 2499 3342475 3765403 1 1340 0 0 0 0 0 0 0 0 0 0 0 0 0
